sec,ofi_best,ofi_sum,ofi_integrated
34200,-0.328493,0.728684,-0.371342
34201,-1.76044,-6.6725,-6.74868
34202,1.67677,6.42579,6.39979
34203,0.0157386,-1.12282,-0.333588
34204,-0.0579773,0.540494,0.125146
34205,0.00645687,-3.10669,-1.30448
34206,-0.0290559,-0.0425077,-0.0596424
34207,-0.24415,-3.08934,-1.4108
34208,0.0330914,0.728953,0.308939
34209,-0.037127,-1.30348,-0.363093
34210,-0.603179,-6.04739,-3.22203
34211,-0.183348,-0.00188325,-0.294379
34212,0.248589,6.51484,2.57248
34213,-0.260561,-3.61706,-1.88502
34214,0.00417006,1.0826,0.371884
34215,1.51817,10.2773,6.99092
34216,-0.481171,-1.05166,-0.824939
34217,-0.0252894,0.680661,0.231679
34218,-0.169089,-0.951984,-0.578897
34219,-0.018429,-0.743347,-0.329382
34220,0.188729,2.57535,1.23933
34221,-0.0508478,-0.291904,-0.149461
34222,0.0305356,-0.00255584,-0.00301391
34223,-0.358087,-3.20005,-1.94421
34224,0.979022,11.9348,5.70291
34225,0.672321,5.05263,3.02987
34226,-0.480229,-9.64723,-4.22585
34227,-0.307508,-4.46627,-2.5066
34228,0.29446,2.82165,1.61221
34229,0.132231,0.941357,0.571377
34230,0.147701,1.79272,0.848689
34231,0.00887819,0.391179,0.163147
34232,0.201508,2.06929,0.978876
34233,0.354321,2.30712,1.40552
34234,-0.00981982,-0.761507,-0.52381
34235,-0.0200432,0.272668,0.103581
34236,0.599278,7.70076,3.64709
34237,0.0786931,5.14639,1.33753
34238,0.548968,8.60001,3.97331
34239,-0.433417,-12.8079,-4.52405
34240,0.0283833,0.665999,0.342864
34241,-0.856611,-8.40993,-4.4529
34242,-0.14501,-4.83606,-2.38903
34243,0.018698,1.40571,0.101805
34244,0.00995434,1.91554,0.856167
34245,-0.225318,-1.72654,-0.921959
34246,0.260427,3.15889,1.71111
34247,-0.00739849,0.188729,0.0521534
34248,-0.134384,-0.283161,-0.211096
34249,0.138285,0.260561,0.203383
34250,-0.652816,-5.82181,-3.23487
34251,-0.0439874,1.2642,0.304884
34252,0.0539417,0.432072,0.225113
34253,0.216978,3.61813,1.62248
34254,0.498255,11.947,4.43141
34255,-0.35042,-5.10577,-0.967342
34256,0.00578428,-1.61825,-0.496613
34257,0.0207158,1.92549,0.745964
34258,0.214825,6.90266,2.50543
34259,-0.0246168,1.33845,0.530827
34260,-0.114744,-6.888,-2.62529
34261,1.25384,12.9371,7.16801
34262,-0.702991,-9.0115,-3.81719
34263,-0.828631,-7.71286,-4.36258
34264,0.729626,5.88853,3.27188
34265,-0.218861,-3.89726,-1.52818
34266,0.33078,3.74714,1.75872
34267,0.358894,5.57967,2.558
34268,0.0961804,0.869256,0.388584
34269,-0.126043,-1.31612,-0.495216
34270,0.280201,5.71177,2.38539
34271,-0.025693,-1.38392,-0.554269
34272,-0.193975,-1.67825,-0.917009
34273,0.112188,1.43181,0.514028
34274,-0.104251,-1.35783,-0.565997
34275,-0.0224645,-0.152005,-0.146504
34276,-0.582329,-7.83433,-3.62431
34277,0.0917413,1.80833,0.895631
34278,0.326072,5.13913,2.42214
34279,-0.00901271,-0.305221,-0.13031
34280,-0.211597,-1.88836,-1.11959
34281,0.044929,0.0780205,0.0704219
34282,-0.306701,-3.46371,-1.56036
34283,-0.0465432,-0.567666,-0.150257
34284,0.077886,1.28572,0.488968
34285,-0.0123757,0.541839,0.180993
34286,0.183752,1.15632,0.685405
34287,-0.0437184,-0.0357818,-0.029715
34288,-0.0349747,-1.67421,-0.678159
34289,-0.0605331,-0.798903,-0.284884
34290,-0.0570357,-1.75183,-0.831848
34291,-0.0891855,-0.697476,-0.20496
34292,0.143934,0.223704,0.212379
34293,-0.244419,-5.47193,-2.41205
34294,-0.662232,-10.0952,-4.57992
34295,-0.0153351,-0.602103,-0.509779
34296,0.0934901,0.888895,0.424455
34297,0.0052462,0.465432,0.480861
34298,-0.0439874,-0.0406245,-0.0755288
34299,-0.0161422,-0.683217,-0.538778
34300,-0.924408,-9.02051,-5.05607
34301,-0.705682,-10.0159,-4.76337
34302,-0.096853,1.73986,0.55809
34303,-0.287331,-3.4021,-1.56541
34304,-0.273475,-4.03568,-1.62002
34305,-1.25357,-5.04429,-3.59332
34306,-0.44929,-6.04309,-2.37196
34307,-0.585423,-5.75818,-3.13811
34308,0.116224,-0.000538072,-0.0565995
34309,0.329569,6.12743,2.44992
34310,0.0605331,0.417948,0.233487
34311,-0.153754,-1.72035,-0.749415
34312,0.378803,5.13227,2.33854
34313,0.0217919,1.18201,0.532772
34314,0.0192361,0.0330914,0.0305342
34315,0.524889,4.70921,2.43286
34316,-0.0177564,-0.0160076,-0.0760421
34317,-0.154561,-2.80874,-1.14559
34318,0.294056,5.86041,2.43247
34319,0.0247513,-0.91284,-0.28192
34320,-0.0228681,0.633042,0.156515
34321,-0.0247513,-0.712139,-0.289649
34322,-0.356876,-1.41365,-0.741337
34323,-0.262176,-2.53378,-1.09065
34324,-0.0133173,-1.60736,-0.683583
34325,0.115686,1.2794,0.706393
34326,0.0577082,-0.652278,-0.19227
34327,-1.1095,-14.4361,-6.74226
34328,0.070622,-1.00983,-0.216331
34329,0.0605331,0.589862,0.653304
34330,0.48709,10.5275,4.03526
34331,-0.388085,-2.62647,-1.42557
34332,0.137881,1.59162,0.732104
34333,-0.642055,-5.01806,-3.04939
34334,-0.229353,-3.43532,-1.42995
34335,0.0956423,2.84667,1.05862
34336,-0.00470813,0.834416,0.342384
34337,0.177967,2.85394,1.45541
34338,-0.106942,-0.712139,-0.465528
34339,-0.389564,-6.64385,-2.90941
34340,0.266211,3.17059,1.42392
34341,0.120259,3.23207,1.44194
34342,0.0774824,-0.411625,-0.140584
34343,-0.0100889,0.0429113,0.0322112
34344,-1.01615,-8.55629,-4.55059
34345,-0.320018,-3.29314,-1.39115
34346,-0.0559595,-3.11275,-1.07557
34347,-0.118779,-1.73609,-0.374139
34348,0.0590534,3.61733,1.19015
34349,0.193975,2.69601,1.00477
34350,0.0396828,0.386067,0.174035
34351,0.17716,3.72346,1.4759
34352,-0.0365889,0.313158,0.178233
34353,-0.776573,-7.13201,-3.35677
34354,0.214825,3.94071,1.47626
34355,0.0269036,0.665057,0.285515
34356,0.0647032,0.408666,0.186329
34357,-0.0715636,-2.02127,-0.782878
34358,0.274417,28.3497,9.50551
34359,-0.0603986,-3.92564,-0.531798
34360,-0.10479,-15.2525,-4.74955
34361,0.029594,8.16713,2.7997
34362,0.0916068,3.76583,1.24607
34363,0.0913378,7.7851,1.56595
34364,-0.00914723,0.279125,0.0958922
34365,0.131962,0.878403,0.491608
34366,0.790697,12.5139,4.73312
34367,-0.198952,-3.41972,-1.73469
34368,-0.0287869,-0.913109,-0.375833
34369,-0.0154696,0.269305,0.0793074
34370,-0.174604,-3.11356,-1.40719
34371,-0.0613402,-0.0862261,-0.0668315
34372,-0.139899,0.135594,0.000775711
34373,0.0082056,0.521796,0.200744
34374,-0.109901,-0.524486,-0.242664
34375,0.147701,1.50835,0.679536
34376,0.0357818,0.453191,0.247042
34377,0.0464087,0.144876,0.167349
34378,0.00699494,-0.377054,-0.193442
34379,-0.0847464,-0.985345,-0.505483
34380,0.0613402,0.826748,0.385852
34381,0.128599,1.20367,0.627102
34382,-0.0169493,0.430054,0.112345
34383,0.0149315,0.777918,0.278001
34384,0.0764063,0.233254,0.186121
34385,-0.0243478,-0.533364,-0.246694
34386,0.00618783,-0.0279798,-0.0156105
34387,0.0122411,-0.00228681,0.00817424
34388,-0.723976,-17.4598,-5.62451
34389,0.0679316,0.122142,0.183486
34390,0.0123757,0.051924,0.0242612
34391,-0.189805,-8.88761,-2.81397
34392,0.0649722,8.67346,2.61797
34393,0.660215,18.8274,5.40219
34394,-0.0121066,-1.73865,-0.732493
34395,0.00349747,0.142993,0.110277
34396,0.124295,2.70933,1.11565
34397,-0.372346,-6.39553,-2.88565
34398,0.0305356,0.113802,0.0840962
34399,0.0429113,0.0281143,0.0438281
34400,-0.0959114,-0.135594,-0.132304
34401,0,0.0612057,0.0430387
34402,-0.311947,-4.0194,-1.81908
34403,0.0230026,1.50943,0.740738
34404,0.105193,5.20881,1.63594
34405,0.0290559,0.504846,0.216875
34406,0.186173,5.86014,2.13135
34407,1.18376,10.4007,6.10756
34408,-0.105193,-0.520181,-0.355218
34409,-0.0656448,-0.861185,-0.47055
34410,0.162229,1.91823,0.964193
34411,-0.220206,-2.00163,-1.15047
34412,0.136132,1.44298,0.66444
34413,0.235676,3.54724,1.61064
34414,-0.0795002,-0.828497,-0.468133
34415,0.0415661,-0.166533,-0.0761742
34416,-0.831187,-10.5068,-4.8993
34417,0.0426422,0.191419,0.233254
34418,-0.189401,-2.3086,-1.25288
34419,0.115955,1.19788,0.591448
34420,0.0201777,0.367234,0.162407
34421,0.0100889,-0.0160076,-0.0361696
34422,-0.0831322,-0.29177,-0.233615
34423,0.0547489,0.407321,0.308479
34424,-0.161018,-0.0835357,-0.133788
34425,0.033495,0.798499,0.325079
34426,0.0842083,2.19264,0.729413
34427,-0.0396828,0.0169493,-0.0329566
34428,0.00269036,-0.343694,-0.142762
34429,-0.140706,-2.44984,-0.965081
34430,-0.00282488,1.05489,0.34263
34431,-0.109767,-2.0666,-0.923636
34432,-0.0275762,0.785989,0.212352
34433,-0.0570357,-1.35809,-0.644547
34434,-0.641113,-7.27823,-3.92657
34435,-0.00511169,0.0419696,0.0285251
34436,0.0648377,2.38151,0.804953
34437,-0.0809799,-2.12875,-1.0755
34438,0.000134518,0.558115,0.21766
34439,0.306432,4.50676,2.16696
34440,0.025962,0.345846,0.0460708
34441,-0.078155,-0.581387,-0.269072
34442,-0.0246168,-0.840065,-0.33226
34443,0.000807108,0.457765,0.195915
34444,0.0902616,1.33428,0.587023
34445,0.00847464,0.0808454,0.0251587
34446,0.185097,3.53957,1.69235
34447,-0.143262,-1.37639,-0.94073
34448,-0.261772,-4.85933,-2.02512
34449,-0.0737159,-1.54534,-0.67437
34450,3.39255,13.767,12.4188
34451,0.0067259,3.5128,1.68553
34452,0.0641651,0.472696,0.214418
34453,0.437856,28.7643,8.04634
34454,-0.0819215,-2.71592,-0.88952
34455,-0.170703,-13.7098,-2.90433
34456,0.0676626,7.56059,1.51507
34457,0.107883,5.86095,1.11832
34458,0.101965,2.95186,1.13518
34459,0.164381,6.17492,3.16312
34460,1.11744,6.7181,4.0104
34461,-0.0575737,-0.0734469,-0.134953
34462,-0.100754,-1.91729,-0.982909
34463,0.0949698,1.56471,0.812151
34464,0.0652413,0.84854,0.38515
34465,0.341407,4.03568,1.98448
34466,-0.0602641,-1.42979,-0.551449
34467,0.0251549,0.550717,0.202093
34468,0.0379341,0.0414316,0.057594
34469,-0.0134518,-0.0277107,-0.0487316
34470,-0.0493681,-0.0355128,-0.0521126
34471,-0.405706,-3.95577,-1.83388
34472,0.204871,1.96329,0.987099
34473,0.81639,8.22228,4.19851
34474,-0.519374,-7.22846,-3.37882
34475,-0.051924,-1.01642,-0.474015
34476,-0.000134518,-0.54009,-0.229958
34477,0.00739849,-0.0230026,-0.00287754
34478,0.00470813,-5.63684,-2.29606
34479,0.0874367,0.979291,0.38053
34480,0.211462,3.62338,1.44044
34481,0.105866,1.95616,0.940706
34482,-0.0174873,-0.0612057,-0.0524964
34483,0,-0.0336295,-0.0381549
34484,0.0254239,0.0368579,0.0649296
34485,-0.133442,-2.10104,-1.05386
34486,-0.0118376,0.289752,0.0580634
34487,-0.00336295,-0.00376651,-0.0181747
34488,0,-0.00349747,-0.00998173
34489,-0.0014797,-0.00726398,-0.0139017
34490,0.159404,2.49961,1.07794
34491,-0.033495,0.0852845,0.00376326
34492,-0.137881,-0.889702,-0.463647
34493,-0.0675281,-1.76098,-0.81167
34494,0.10896,0.911898,0.534887
34495,-0.0377996,-1.1056,-0.490663
34496,0.0663174,0.340465,0.12543
34497,0.173528,1.36455,0.708877
34498,-0.0299975,-0.171645,-0.181117
34499,-0.0243478,-0.425481,-0.17806
34500,0.00417006,0.435569,0.15992
34501,-0.617572,-8.19578,-3.65454
34502,-0.350958,-4.2462,-2.36218
34503,0.0267691,0.120797,0.0497654
34504,-0.0803073,-1.70609,-0.740751
34505,-0.241863,-2.95415,-1.36766
34506,0.0122411,0.396963,0.0821517
34507,-0.0746575,-1.06027,-0.458017
34508,-0.0804418,-0.0715636,-0.0883125
34509,0.279932,2.43222,1.2051
34510,0.18967,1.85823,0.846273
34511,-0.070622,0.227066,-0.0114118
34512,-0.00766753,0.022599,0.0154062
34513,-0.158462,-0.17716,-0.257525
34514,-1.28962,-11.2457,-5.92787
34515,0.10479,1.79958,0.789351
34516,0.0531346,0.433148,0.125845
34517,-0.18429,-3.58222,-1.45623
34518,-0.00430458,-0.754512,-0.283693
34519,-0.178102,-8.53208,-1.47506
34520,0.243478,1.20421,0.729109
34521,-0.105866,-0.55556,-0.312567
34522,0.0714291,-0.786393,-0.492175
34523,0.112995,4.0993,0.636584
34524,0.354859,8.24219,2.67862
34525,-0.0947007,-1.75129,-0.74743
34526,-0.175412,-13.8913,-2.87174
34527,-0.00403554,-0.0345711,-0.0318485
34528,0.10183,8.03355,1.61941
34529,0.111246,5.84616,1.21489
34530,-0.134249,-6.08923,-1.41715
34531,-0.0384722,-4.22588,-0.65455
34532,-0.0653758,-4.1971,-1.17032
34533,0.00712946,-0.0126447,-0.00937872
34534,0.0786931,12.4012,2.31405
34535,0.00847464,-3.57051,-0.357744
34536,-0.37961,-9.20157,-2.42822
34537,0.0433148,0.0336295,0.0704354
34538,-0.0422387,-4.06083,-1.26732
34539,-4.03689,-30.9445,-20.1901
34540,0.147835,1.45522,0.811526
34541,-0.303204,-8.2399,-6.09806
34542,-0.0813834,-2.846,-1.35158
34543,-1.8846,-6.6004,-6.23268
34544,2.1009,10.0889,7.69806
34545,0,0.0330914,-0.0313533
34546,0.181868,5.22307,2.1834
34547,0.171914,1.98064,0.748192
34548,0.0509823,-0.720075,-0.117487
34549,0.00632235,0.463953,0.153289
34550,0.795809,11.0381,5.0625
34551,-0.123622,-1.84666,-0.935839
34552,-0.184962,-2.60104,-1.0912
34553,0.111381,3.12109,1.22728
34554,0.130348,1.49302,0.66254
34555,0.348267,6.4983,2.6445
34556,0.0805763,0.493278,0.314708
34557,0.178371,2.60992,1.23345
34558,0.0683352,1.32904,0.641007
34559,0.258006,1.00539,0.570233
34560,0.044391,1.64892,0.640362
34561,-0.19263,-0.633042,-0.43058
34562,0.183483,4.06823,1.69896
34563,0.0657793,0.153889,0.112046
34564,0.00067259,0.360105,0.128427
34565,-0.000538072,0.261503,0.0297313
34566,0.0773479,1.35998,0.522534
34567,0.0349747,0.526504,0.24505
34568,0.00457361,0.924812,0.299023
34569,0.0367234,0.451712,0.140474
34570,0.02233,0.55973,0.214588
34571,-0.0898581,0.033764,0.0235111
34572,0.406648,5.90333,2.7758
34573,0.406783,4.2731,2.1308
34574,0.0433148,0.788007,0.350797
34575,0.113937,0.708238,0.563177
34576,-0.215498,-6.23908,-2.45065
34577,0.147701,2.1761,0.880155
34578,0.00605331,0.631697,0.355151
34579,-0.0581118,-1.74201,-0.733827
34580,0.0585154,1.98387,0.774715
34581,-0.0254239,1.84989,0.686449
34582,0.0542108,0.106942,0.127366
34583,-0.0130483,0.979157,0.30027
34584,0.777783,9.18314,4.75895
34585,-0.0645687,-1.28075,-0.592983
34586,0.077886,0.841141,0.387094
34587,0.2876,5.33943,2.26209
34588,0.494623,6.09111,3.29795
34589,0.563093,13.8777,3.3366
34590,-0.0585154,-8.37375,-1.84779
34591,-0.174201,-0.18846,-0.223533
34592,0.0564976,0.0909342,0.082885
34593,-1.1808,-14.0308,-5.62791
34594,0.211059,2.13547,1.0325
34595,-0.00538072,0.645821,0.175534
34596,0.0250204,0.564034,0.218206
34597,0.0204467,0.388488,0.159095
34598,-0.0364544,-0.648512,-0.222699
34599,0.0375305,0.605062,0.161412
34600,0.201643,3.14073,1.22394
34601,0.0671245,1.51333,0.542462
34602,0.0141244,0.0141244,0.0473631
34603,-0.0082056,-0.0138554,0.0344361
34604,0.0768098,-1.44042,-0.357084
34605,0.211462,6.12138,1.6888
34606,-0.0673935,-0.13963,-0.220784
34607,-0.133576,-5.8818,-1.21167
34608,0.231237,7.00288,1.73248
34609,-0.0417006,3.78251,0.389247
34610,-0.00686042,-4.44098,-0.748131
34611,0.055825,4.36726,0.658902
34612,0.0738504,4.39955,1.32284
34613,4.08599,32.3328,20.1438
34614,0.0671245,3.64033,0.981059
34615,-0.151602,-2.67408,-0.989226
34616,-0.0195051,-0.0153351,-0.0483148
34617,-0.12712,-3.91434,-1.32703
34618,-0.0313427,-0.107883,-0.147129
34619,0.187787,3.55128,1.33473
34620,0.0430458,2.80537,0.746809
34621,0.414316,8.41128,3.64649
34622,0.387143,4.28265,2.64491
34623,-0.129541,-1.18107,-0.62738
34624,0.0211193,-0.00363199,-0.00214437
34625,0.981982,8.30999,5.07099
34626,0.0347057,0.483323,0.18431
34627,-0.000807108,1.18282,0.542048
34628,0.106,1.64892,0.823385
34629,0.309257,4.71002,2.21746
34630,0.57641,6.09394,3.09489
34631,-0.284102,-2.70597,-1.43269
34632,-1.52665,-17.2158,-8.31615
34633,0.0827286,1.91998,0.697174
34634,0.319346,4.50636,2.21035
34635,-0.0598605,-0.126716,-0.15355
34636,0.0396828,0.493681,0.222868
34637,-0.483458,-6.92956,-3.26777
34638,0.0575737,1.43154,0.62614
34639,-0.185097,-3.45832,-1.45275
34640,0.0612057,1.7556,0.621648
34641,0.0336295,0.397501,0.16884
34642,0.0573047,0.775631,0.384609
34643,-0.128599,-3.21754,-1.40988
34644,-0.0846119,-1.66076,-0.567836
34645,-0.0396828,0.472831,0.117932
34646,-0.590803,-8.93792,-4.44661
34647,-0.0754646,-0.120663,-0.197542
34648,0.141782,0.991667,0.621795
34649,0.00739849,-0.0698149,-0.0822466
34650,-0.102234,-2.23771,-1.00359
34651,-0.0461397,0.368041,0.0768556
34652,-0.193571,-1.19223,-0.750212
34653,-0.0215229,-0.628468,-0.211323
34654,0.0750611,0.0807108,0.105088
34655,0.502021,10.6986,4.55574
34656,0.0219264,2.29663,0.957801
34657,0.0527311,1.92939,0.728589
34658,-0.0952388,-2.3955,-0.958176
34659,-0.0406245,-0.937994,-0.349138
34660,-0.00403554,-0.0281143,-0.0373165
34661,-0.0430458,-0.0338986,-0.0561591
34662,0.241056,3.91986,1.63461
34663,-0.391448,-5.46143,-2.50209
34664,-0.0577082,-2.05153,-0.851767
34665,0.0625509,2.00405,0.827023
34666,-0.0207158,-0.0274417,-0.036476
34667,0.0127792,0.0614748,0.0354282
34668,-0.422252,-6.13725,-3.00926
34669,-0.42575,-4.9843,-2.47389
34670,0.0208503,-0.356742,-0.123256
34671,-0.140033,-1.09363,-0.577595
34672,0.0134518,-0.0067259,0.0101293
34673,0.063089,0.0758682,0.0292568
34674,-0.00134518,-0.111246,-0.206683
34675,-0.00363199,-0.507671,-0.17095
34676,-0.052193,0.549506,0.235249
34677,-1.23945,-16.0042,-8.12364
34678,0.0271726,0.325803,0.130302
34679,0.0142589,0.338716,0.0975561
34680,-0.228546,-4.59944,-1.96287
34681,-0.12833,-2.87909,-1.24587
34682,-0.580042,-6.06246,-3.06073
34683,0.0577082,0.870601,0.326163
34684,0.367638,4.2431,2.09963
34685,-0.376247,-7.19416,-3.18841
34686,0.0343021,1.4002,0.513074
34687,0.145414,3.49142,1.32146
34688,0.0551524,0.987228,0.41289
34689,0,0.52045,0.160382
34690,-0.188056,-3.09459,-1.41685
34691,-0.158597,-2.88124,-1.48815
34692,0.0686042,0.53027,0.268122
34693,-0.0686042,-1.00862,-0.432948
34694,-0.276435,-5.86405,-2.59997
34695,-0.011434,0.856073,0.211073
34696,0.0131828,-0.000941626,-0.0199384
34697,0.249666,5.12783,2.16913
34698,0.0139899,0.558788,0.224453
34699,0.102772,1.86429,0.790096
34700,0.147028,2.37734,1.13637
34701,0.0609367,2.99639,1.1543
34702,0.0117031,0.14232,0.112516
34703,-0.029863,0.50794,0.145852
34704,-0.138016,-3.13467,-1.31416
34705,0.0294595,0.0227336,0.0278796
34706,-0.153216,-1.29137,-0.672291
34707,-0.140571,-2.38958,-0.956814
34708,0.178102,4.12258,1.6472
34709,0.0439874,0.624164,0.214307
34710,0.0637616,1.21376,0.545081
34711,-0.337237,-6.06004,-2.69571
34712,0.149988,2.91366,1.14939
34713,0.180792,3.08948,1.4072
34714,0.00591879,0.0349747,0.0281389
34715,-0.0310737,-0.0437184,-0.0706451
34716,-0.029594,-0.0174873,-0.0593623
34717,0.0967185,1.81277,0.775231
34718,-0.216036,-3.10912,-1.46538
34719,0.00995434,0.0972566,0.0789437
34720,-0.0369925,-0.0774824,-0.0742163
34721,-0.370597,-6.36365,-2.79937
34722,-0.312485,-5.76813,-2.65845
34723,0.224645,3.78534,1.46465
34724,0.0348402,1.14381,0.381629
34725,0.0799037,1.74161,0.677977
34726,-0.357011,-3.91192,-1.86805
34727,-0.0618783,-1.0635,-0.457645
34728,-0.934632,-9.84686,-5.12135
34729,0.327821,6.69147,2.92888
34730,0.00699494,0.0193706,0.0109495
34731,-0.0290559,-0.00107614,-0.0495157
34732,0.00739849,-0.011165,-0.00740999
34733,0.0103579,0.568473,0.190999
34734,-0.0556905,-1.63507,-0.648918
34735,-0.0531346,-1.13856,-0.48217
34736,-0.0263655,-0.0236752,-0.0608538
34737,-0.227739,-1.8398,-0.950894
34738,-0.690481,-7.36554,-3.85556
34739,0.0730433,1.05946,0.422489
34740,-0.014528,-0.578159,-0.255569
34741,-0.186173,-0.785451,-0.505479
34742,-0.02233,1.33402,0.465099
34743,0.0934901,1.57144,0.654467
34744,-0.121873,-1.56848,-0.681443
34745,0.113668,1.61193,0.708699
34746,-0.262848,-4.3296,-1.75042
34747,0.249262,4.34157,1.85046
34748,0.18012,1.60574,0.811098
34749,0.136536,1.76555,0.793958
34750,0.0489646,1.44728,0.563114
34751,-0.0913378,-0.52462,-0.268379
34752,-0.209176,-1.27927,-0.723403
34753,0.0726398,0.553542,0.26064
34754,-0.0548834,-1.00808,-0.394856
34755,0.29446,2.37545,1.22737
34756,-0.161825,-2.20018,-1.00378
34757,0.0621473,-0.523141,-0.0835539
34758,0.0372615,0.626585,0.287254
34759,0.16613,3.14866,1.23934
34760,0.0733123,0.143127,0.120866
34761,0.10062,2.29851,0.875549
34762,-0.207292,-3.98617,-1.52503
34763,0.0700839,1.96396,0.663789
34764,0.338986,6.93306,3.10062
34765,0.0236752,0.0162767,0.00600431
34766,0.142589,4.14248,1.7123
34767,-0.0119721,0.0585154,0.0182392
34768,-0.029594,-0.0605331,-0.0777161
34769,-0.0406245,-0.971355,-0.424759
34770,-0.0200432,-0.0864951,-0.0364589
34771,-0.0275762,-0.415123,-0.165366
34772,-0.409742,-7.09166,-2.89599
34773,0.21765,6.4683,2.39651
34774,0.0352437,0.620801,0.297027
34775,-0.26379,-5.16738,-2.12272
34776,-0.0394138,-0.738101,-0.33552
34777,0.00632235,-1.04763,-0.382848
34778,0.00753301,0.448214,0.359969
34779,0.10896,1.8998,0.792449
34780,0.0789621,1.89361,0.809218
34781,0.0243478,1.91204,0.882501
34782,0.0664519,0.500676,0.305377
34783,0.444851,7.61883,3.53195
34784,-0.0418351,0.488839,0.273679
34785,-0.0406245,-0.482247,-0.258935
34786,0.0400864,0.919565,0.393299
34787,0.119318,2.11691,0.934347
34788,0.164919,2.98052,1.47884
34789,0.0353783,0.0219264,0.112475
34790,0.0139899,0.286793,0.190352
34791,-0.182137,-0.910149,-0.644511
34792,-0.131155,-0.149181,-0.182614
34793,-0.0359163,-0.105597,-0.176297
34794,-0.0847464,-2.01239,-0.810556
34795,-0.0376651,0.00981982,0.00526427
34796,-0.00995434,0.0153351,0.0118631
34797,0.110977,1.99369,0.784196
34798,0.38378,7.21595,3.37273
34799,0.154427,4.51012,2.03742
34800,-0.0200432,-0.260696,-0.0227756
34801,-0.514801,-5.9804,-2.89917
34802,0.124833,0.733527,0.230461
34803,-0.0765408,-1.66506,-0.730681
34804,-0.142993,-0.171914,-0.213265
34805,-0.184559,-3.72252,-1.57345
34806,-0.111785,-1.69372,-0.84968
34807,0.0269036,0.0941626,0.0509304
34808,-0.0839393,-1.06552,-0.536999
34809,-0.300513,-4.10589,-1.80246
34810,0.00349747,1.28774,0.438498
34811,-0.204736,-1.89818,-0.867818
34812,0.193975,2.998,1.35926
34813,-0.0582463,-0.506999,-0.250392
34814,-0.224645,-3.4021,-1.60526
34815,-0.00134518,-0.0141244,-0.0511296
34816,-0.178102,-3.85421,-1.80072
34817,0.0228681,0.881766,0.279449
34818,-0.137881,-1.65121,-0.866868
34819,0.00430458,2.06499,0.764183
34820,0.161153,3.0623,1.46377
34821,0.523544,8.78309,3.90515
34822,-0.0367234,-0.954271,-0.420931
34823,0.113533,2.54764,1.12615
34824,-0.144069,-1.94042,-0.938026
34825,0.294191,4.76571,2.12144
34826,0.149719,2.74901,1.25417
34827,-0.0192361,-0.547219,-0.26949
34828,-0.486821,-6.97019,-3.51411
34829,-0.00336295,-0.471351,-0.159565
34830,0.282488,4.73867,2.38614
34831,-0.0269036,-0.00538072,-0.0326261
34832,0.131559,4.29261,1.57366
34833,0.188191,3.23516,1.68545
34834,0.226932,5.02761,2.23879
34835,0.141782,3.48294,1.42489
34836,-0.170165,-3.22951,-1.21201
34837,-0.129272,-2.25237,-1.01906
34838,0.0328224,0.0831322,0.107252
34839,0.0400864,0.527311,0.21118
34840,-0.0137208,-0.487359,-0.136084
34841,-0.108825,-1.16103,-0.591817
34842,0.391179,4.96735,2.20325
34843,-0.026231,-0.66425,-0.188974
34844,0.104924,1.27362,0.442407
34845,0.0141244,1.28801,0.545535
34846,0.00390102,-0.610981,-0.255506
34847,-0.223838,-2.40814,-1.08055
34848,-0.0238097,-1.1617,-0.382239
34849,-0.116224,-0.611923,-0.332049
34850,0.0340331,0.578024,0.246558
34851,-0.370866,-4.02209,-1.92118
34852,-0.00269036,0.394407,0.122979
34853,-0.0404899,0.516684,0.21259
34854,-0.250204,-1.35366,-0.91529
34855,-0.0425077,-0.0345711,-0.0120554
34856,0.114878,0.568339,0.251834
34857,0.142589,3.07428,1.46405
34858,0.0953733,3.94003,1.38421
34859,0.115013,7.49938,5.06944
34860,-0.00255584,-0.0873022,-0.0962317
34861,0.0282488,1.93087,0.656061
34862,-0.391313,-10.0805,-4.32443
34863,0.0834012,3.18431,1.25805
34864,-0.0275762,-1.85985,-0.877999
34865,0.0244823,1.81034,0.717356
34866,-0.210386,-5.08653,-1.8743
34867,-0.0996779,1.82971,0.489956
34868,0.0248858,1.75035,0.588211
34869,0.100889,2.81721,1.19593
34870,-0.0170838,-0.0236752,-0.0381621
34871,0.0465432,0.241056,0.15099
34872,0.000134518,0.0532692,0.0107386
34873,-0.352034,-2.39617,-1.17677
34874,-0.199221,-2.32044,-0.990801
34875,-0.0840738,-0.0174873,-0.0987047
34876,-0.0758682,-0.487628,-0.181664
34877,-0.0478884,0.0634925,-0.00701735
34878,-0.00390102,0.524351,0.21485
34879,0.179985,3.22521,1.4198
34880,-0.00928175,-0.0847464,-0.198764
34881,0.174201,2.58651,1.24676
34882,0.0761372,1.37599,0.572391
34883,0.0200432,1.03727,0.337694
34884,0.0356473,1.2412,0.535053
34885,0.380955,5.26477,2.56465
34886,0.106135,1.27308,0.562574
34887,0.177698,-0.216574,0.0710936
34888,-0.315579,-0.22478,-0.371255
34889,-0.0435839,-0.513994,-0.154133
34890,-0.269036,-3.41071,-1.47025
34891,-0.204064,-0.713753,-0.43495
34892,0.168551,1.60588,0.720766
34893,-0.0398173,-0.0484265,-0.0796287
34894,0.0577082,0.963956,0.382029
34895,0.00753301,0.0624164,0.035351
34896,-0.097122,-0.959652,-0.412337
34897,0.188325,2.92577,1.302
34898,3.14665,6.08318,5.31979
34899,0.0598605,0.0312082,0.135781
34900,1.12161,-1.04588,0.674514
34901,0.0843428,0.804149,0.599745
34902,-0.0625509,-0.718057,-0.498964
34903,0.010896,0.621877,0.381144
34904,-0.727339,-7.58843,-3.88271
34905,0.0336295,0.576813,0.206365
34906,-0.0497717,-0.572374,-0.246247
34907,-0.0360508,-1.2151,-0.498163
34908,0.0414316,0.649991,0.299087
34909,-0.00901271,-0.0500407,-0.0596637
34910,-0.00201777,-0.0156041,-0.0309411
34911,-0.206754,-3.14759,-1.5246
34912,-0.0282488,1.69197,0.638956
34913,0.115147,1.46719,0.691749
34914,0.0376651,0.0314772,0.071018
34915,0.0434493,0.76904,0.299023
34916,0.340331,6.63806,2.85277
34917,0.0359163,1.81263,0.670922
34918,0.00995434,0.541839,0.123039
34919,0,0.00255584,-0.00487584
34920,0.0353783,0.950505,0.438786
34921,0.0804418,0.587575,0.253775
34922,0.0239442,0.00887819,0.0397503
34923,0.131424,3.29139,1.27322
34924,0.187787,2.8799,1.29434
34925,-0.238097,-2.56634,-1.16142
34926,-0.179313,-2.1235,-1.00946
34927,0.0285178,-1.4536,-0.343955
34928,-0.0176219,0.500407,0.122558
34929,0.00564976,0.0191016,0.00750972
34930,0.0638961,0.078424,0.0946348
34931,0.0988708,1.35783,0.686369
34932,0.040759,0.635598,0.216537
34933,-0.0497717,-0.730971,-0.466345
34934,-0.00645687,0.62524,0.357911
34935,0.133845,1.47163,0.732477
34936,0.169089,2.8912,1.20059
34937,0.223435,2.89066,1.31604
34938,0.00269036,-1.41231,-0.320424
34939,0.0082056,0.0213884,0.0588072
34940,-0.0376651,-0.675012,-0.225235
34941,-0.00847464,0.471486,0.0984077
34942,-0.041028,-1.63318,-0.524322
34943,-0.00981982,0.534575,0.170506
34944,-0.00807108,0.109767,0.0343262
34945,-0.0131828,-0.0138554,0.00366882
34946,-0.00336295,-0.00981982,-0.0252359
34947,-0.082056,-0.746575,-0.44827
34948,-0.0112995,-0.570491,-0.205307
34949,-0.0731778,-1.97836,-0.724281
34950,-0.0235407,-0.0205813,-0.0248793
34951,0.18429,3.28722,1.46587
34952,-0.113668,-3.25426,-1.63788
34953,0.0356473,1.30711,0.645348
34954,0.0352437,1.92415,0.833987
34955,0.00403554,0.0377996,0.00874287
34956,-0.36414,-5.18096,-2.35541
34957,-0.195051,-2.72426,-1.20049
34958,0.00712946,0.438394,0.111549
34959,-0.0430458,-1.42347,-0.443685
34960,0.0704875,1.04063,0.368581
34961,0.00995434,0.474176,0.183353
34962,0.101023,1.91406,0.74363
34963,-0.00484265,-0.473369,-0.19419
34964,0.0329569,1.09175,0.339677
34965,0.00269036,0.412701,0.12904
34966,-0.014797,-0.405034,-0.139555
34967,-0.00269036,-0.668286,-0.183408
34968,0.0535382,2.06647,0.745004
34969,0.132097,2.37599,1.22898
34970,0.2233,1.84989,1.0047
34971,0.0496372,1.34209,0.414125
34972,0.0427767,-0.0391448,0.0213102
34973,-0.17716,-1.95482,-0.867485
34974,-0.368983,-4.09648,-1.79418
34975,0.085419,-0.278587,0.0220704
34976,-0.0673935,-0.691826,-0.253007
34977,0.00726398,0.0496372,0.0032845
34978,0.0363199,0.69075,0.210621
34979,0.0403554,0.535516,0.247894
34980,-0.108018,-0.0875713,-0.129257
34981,-0.384856,-3.57253,-1.74449
34982,0.262176,4.2653,1.76432
34983,0.564572,8.53221,3.84763
34984,-0.133576,-1.5257,-0.65583
34985,0.0538072,-0.761103,-0.237406
34986,-0.128868,-3.4664,-1.24003
34987,0.12981,4.2357,1.40004
34988,-0.129541,-1.77026,-0.737857
34989,-0.0127792,-0.767964,-0.252205
34990,0.0269036,0.418755,0.126235
34991,-0.147297,-1.45239,-0.574809
34992,-0.0263655,0.825537,0.256828
34993,0.018698,0.0294595,0.017524
34994,0.0955078,1.49947,0.635245
34995,0.0875713,1.45656,0.550295
34996,0.0322843,0.0548834,0.0539779
34997,-0.097122,-0.952119,-0.403551
34998,0.0441219,0.918086,0.363425
34999,0.153889,1.53324,0.805713
35000,0.272668,5.63429,2.06545
35001,0.0490991,1.22546,0.472222
35002,-0.0710255,-1.30039,-0.55659
35003,0.033764,0.0318808,0.0377226
35004,-0.512648,-7.16901,-2.97922
35005,0.0193706,0.0255584,0.0578942
35006,-0.0616093,0.368983,0.0894917
35007,-0.0513859,-1.35836,-0.547405
35008,-0.052193,-1.47741,-0.510476
35009,0.00793657,0.00712946,0.000725582
35010,-0.164112,0.758009,0.0794975
35011,0.0844773,1.56619,0.632325
35012,0.153082,2.581,1.05014
35013,0.0188325,0.906114,0.293272
35014,0.0348402,2.74309,0.80984
35015,0.0406245,0.602775,0.284242
35016,0.134518,1.39132,0.622651
35017,0.0578428,0.590938,0.375443
35018,0.6964,4.15715,2.72998
35019,-0.0112995,-0.0874367,-0.0717868
35020,-0.00538072,0.0117031,0.0326722
35021,0.0123757,0.85688,0.430986
35022,0.0119721,-0.0117031,-0.0253207
35023,-0.2876,-2.09983,-1.05805
35024,-0.592956,-5.00986,-2.67627
35025,0.0238097,0.0403554,0.0467281
35026,0.044391,1.53203,0.516258
35027,-0.150391,-2.95119,-1.07011
35028,-0.0052462,1.52786,0.396283
35029,-0.000134518,0.025962,0.00789764
35030,0.296747,7.33258,2.66459
35031,-0.0308046,-0.0897235,-0.0906882
35032,-0.0795002,-7.53893,-2.25734
35033,0.067259,1.47351,0.543675
35034,-0.0217919,-0.0858225,-0.0905319
35035,-0.0188325,-0.851903,-0.22327
35036,-0.109767,-2.65727,-0.98876
35037,0.085419,0.682276,0.322802
35038,-0.121335,-1.04292,-0.518069
35039,-0.0143934,-0.446196,-0.120107
35040,0.0196396,0.472427,0.190486
35041,0.00134518,0.980368,0.359958
35042,-0.0807108,-1.10278,-0.526805
35043,-0.103982,-1.60857,-0.701523
35044,-0.215498,-2.83147,-1.25711
35045,-0.0696804,-1.52234,-0.609369
35046,0.131962,1.74847,0.851993
35047,0.110574,1.84182,0.844249
35048,0.000941626,0.86105,0.184274
35049,0.294864,6.7524,2.58426
35050,-0.148911,-2.89402,-1.08009
35051,-0.0096853,0.492605,0.110753
35052,0.0254239,0.126312,0.0922072
35053,-0.0955078,-0.10896,-0.152646
35054,0.00067259,0.00067259,-0.00825952
35055,0.0357818,2.12902,0.657456
35056,0.195993,5.178,1.97173
35057,0.144203,2.70597,1.23816
35058,0.12268,2.81533,1.57426
35059,0.752763,4.6024,2.7156
35060,0.0474849,0.00134518,0.0350003
35061,-0.0176219,0.00067259,0.0112656
35062,-0.0134518,0.00807108,-0.0117944
35063,-0.0235407,-0.0160076,-0.0554159
35064,-0.033226,-1.38971,-0.575736
35065,0.063089,0.789756,0.405953
35066,-0.0507133,-0.0944317,-0.0523234
35067,-0.0792311,0.536054,0.0906475
35068,0.0427767,0.68537,0.284093
35069,-0.048292,-2.71888,-1.06776
35070,-0.680796,-8.9772,-3.96975
35071,0.104924,1.83805,0.645834
35072,0.186442,2.84169,1.05348
35073,-0.0302666,-1.04171,-0.398403
35074,-0.0134518,-0.0351092,-0.0484846
35075,0.0274417,-0.82204,-0.170089
35076,-0.029863,0.00363199,-0.00210099
35077,0.0134518,0.0134518,0.00455343
35078,0.000269036,-0.000403554,-0.00573519
35079,-0.00188325,-0.0158731,-0.0180524
35080,0.00376651,0.866834,0.234171
35081,0.00860916,0.386605,0.12523
35082,0.00403554,-1.45912,-0.417281
35083,0.60708,9.2126,4.37568
35084,-0.358222,-5.88463,-2.28804
35085,0.212135,6.17909,2.10953
35086,-0.197069,-2.16789,-0.909272
35087,-0.0641651,-1.87922,-0.508341
35088,0.0606676,-0.272399,0.0242317
35089,0.150929,2.55786,1.04127
35090,-0.206216,-3.99734,-1.40949
35091,-0.0135863,-1.27994,-0.474726
35092,0.0394138,0.647032,0.295314
35093,0.0473504,1.20421,0.503034
35094,0.366562,6.86204,2.727
35095,0.940416,8.82627,5.20528
35096,0.0538072,0.15779,0.130224
35097,0.0470813,0.3936,0.218404
35098,-0.0575737,-2.25748,-1.08616
35099,0.0554214,-0.0799037,0.0139713
35100,0.173797,1.9867,1.28373
35101,-0.0365889,-0.748593,-0.249717
35102,-0.259082,-3.76758,-1.68387
35103,0.181734,2.18794,0.922959
35104,-0.00349747,-1.10735,-0.335072
35105,-0.176219,-0.388219,-0.349449
35106,-0.0266346,-0.0168148,-0.074073
35107,0.00659139,0.00336295,0.00770532
35108,-0.0191016,-0.258947,-0.149971
35109,-0.0100889,-0.504174,-0.178351
35110,-0.037396,-0.0134518,0.0104297
35111,-0.17178,-2.48737,-1.13876
35112,-0.0166802,-0.504981,-0.193303
35113,0.011434,1.05166,0.552887
35114,0.142051,0.64044,0.448323
35115,-0.115013,0.670304,0.208827
35116,0.181196,1.46948,0.732812
35117,-0.037396,-0.0266346,-0.0306479
35118,-0.011434,-0.0671245,-0.0532189
35119,0.0733123,0.114744,0.151357
35120,-0.0176219,0.46745,0.127355
35121,0.0348402,0.507537,0.352219
35122,-0.00363199,-0.0118376,-0.0150928
35123,0.00134518,0.00659139,-0.00460144
35124,0.0349747,0.546009,0.23481
35125,0.578831,46.2356,8.81324
35126,0.0067259,-0.0886474,-0.0406026
35127,0.0310737,-13.1103,-3.21012
35128,0.00201777,13.0873,3.26167
35129,0.0399519,0.0399519,0.0415989
35130,-0.301455,-40.2226,-6.16392
35131,0.105328,27.3485,2.787
35132,-0.0739849,-0.564707,-0.256772
35133,-0.103982,-27.1845,-2.77985
35134,0.16048,27.7287,3.06971
35135,0.0777514,14.3267,3.73072
35136,0.396425,40.749,13.5839
35137,0.147432,14.5984,7.33744
35138,-0.123622,-28.8091,-12.6002
35139,0.0363199,-0.129003,0.0669181
35140,-0.0665864,0.410146,0.035152
35141,0.0164112,13.1705,4.98773
35142,-0.109632,-40.4088,-12.7799
35143,-0.12268,-13.8648,-3.65163
35144,0.0230026,-9.94559,-0.692015
35145,-0.103041,-11.0813,-1.1638
35146,-0.0185635,0.00766753,-0.00417759
35147,0.0387412,-0.0141244,0.0267971
35148,-0.0571702,-0.0162767,-0.0690703
35149,0.105866,0.144069,0.212075
35150,0.101427,11.566,1.36809
35151,0.131962,32.4697,6.93327
35152,0.029594,11.1394,3.02213
35153,0.000807108,0.0624164,0.033775
35154,0.00336295,-10.6201,-2.88376
35155,-0.0195051,10.6028,2.85838
35156,0.0297285,-10.5199,-2.77406
35157,0.0734469,11.1019,3.12496
35158,0.0328224,11.1934,4.34037
35159,0.217112,0.995972,0.77389
35160,0.085957,11.231,5.54022
35161,0.257737,11.4361,5.74852
35162,0.00874367,0.0208503,0.0543446
35163,9.95837,25.8692,31.7402
35164,0.214556,8.02104,3.52924
35165,0.815448,6.14815,3.49022
35166,-0.217112,-2.18794,-1.11678
35167,-0.00215229,-0.174604,-0.103124
35168,-0.0170838,0.450097,0.140849
35169,-0.0523275,-1.37706,-0.521496
35170,-0.237693,-4.4738,-1.61177
35171,-0.0421042,-0.16761,-0.111484
35172,-0.119183,-2.30698,-0.896594
35173,-0.10896,-1.93545,-0.817777
35174,0.0333605,0.0875713,0.104579
35175,0.0391448,1.32594,0.484674
35176,-0.0730433,-1.49638,-0.633987
35177,0.00134518,1.36643,0.522457
35178,-0.394541,-3.92537,-2.23639
35179,0.151871,1.77053,0.820804
35180,0.0679316,0.584212,0.246014
35181,0.407321,7.15071,3.1654
35182,-0.227066,-4.6402,-1.85913
35183,-0.063358,-1.20353,-0.467857
35184,-0.278721,-3.66629,-1.57261
35185,-0.244016,-3.8721,-1.39816
35186,0.101696,2.58772,0.878567
35187,0.103713,3.21391,1.0985
35188,0.0238097,2.45711,0.696078
35189,-0.067259,0.0582463,0.0272702
35190,-0.0655103,-2.0857,-0.579872
35191,0.0106269,0.521661,0.156002
35192,-0.109767,-5.26073,-1.80922
35193,0.10479,2.10642,0.720487
35194,0.0349747,1.62942,0.525898
35195,-0.193706,-4.92269,-1.62644
35196,0.00336295,0.107345,0.0908269
35197,-0.143934,-2.6679,-1.18823
35198,0.0403554,5.06837,1.82855
35199,0.0458707,2.95926,1.30216
35200,0.590669,6.97893,3.37084
35201,0.501349,9.167,4.34625
35202,0.0270381,0.873157,0.370365
35203,0.0207158,1.46678,0.664507
35204,0.221686,3.72023,1.56842
35205,-0.0423732,-1.50997,-0.534035
35206,-0.0790966,-1.03081,-0.506542
35207,0.0242133,-0.59874,-0.187061
35208,-0.124429,-2.95953,-1.18545
35209,0.0936246,0.10062,0.167227
35210,0.203391,4.22938,1.68412
35211,0.142993,1.92953,0.763052
35212,-0.220475,-4.18647,-1.57116
35213,0.0881093,-0.474714,-0.0660107
35214,-0.198683,-3.49464,-1.47213
35215,0.0698149,0.176488,0.159145
35216,-0.00511169,-0.0454671,-0.0665804
35217,-0.0508478,-0.834819,-0.268561
35218,0.0133173,-0.648377,-0.222168
35219,-0.00538072,0.0217919,0.044263
35220,-0.0790966,-0.608156,-0.250137
35221,0.108825,1.2977,0.607126
35222,-0.435569,-6.25428,-2.88098
35223,-0.104251,-0.0622819,-0.100682
35224,-0.24415,-6.5587,-2.40738
35225,0.167206,3.19871,1.24909
35226,0.180523,1.408,0.74894
35227,0.0269036,0.127792,0.0877767
35228,0.565379,11.7745,4.57158
35229,0.277107,1.60857,1.07504
35230,-0.234061,-3.99048,-1.6586
35231,0.0692768,1.06229,0.568611
35232,0.0106269,-1.22385,-0.486778
35233,0.158731,5.9531,2.34854
35234,0.447004,2.97298,1.83043
35235,0.025962,-0.461801,-0.120644
35236,0.0107614,0.00564976,0.00451365
35237,-0.100081,-1.53176,-0.688439
35238,0.158597,2.08005,1.07143
35239,0.501752,5.68514,3.00273
35240,-0.176219,-4.44421,-2.00967
35241,-0.110036,-1.54319,-0.710977
35242,-0.142051,0.212808,-0.155819
35243,0.0684697,-1.63628,-0.5051
35244,0.00134518,0.00766753,0.00125035
35245,-0.0538072,-0.0263655,-0.0499082
35246,-0.136805,-4.66805,-1.0237
35247,-0.0626854,-3.60629,-1.04116
35248,-0.0317463,-2.47217,-0.84964
35249,0.174201,5.2228,1.74477
35250,0.0252894,0.0963149,0.111522
35251,-0.106269,-4.64854,-1.55983
35252,0.160076,5.62703,1.83105
35253,-0.168686,-3.93519,-1.29718
35254,0.0695458,1.96289,0.572103
35255,0.0174873,-1.0179,-0.320712
35256,0.0478884,2.87371,0.89821
35257,0.395349,7.09462,2.50408
35258,0.0141244,-0.0166802,-0.0617625
35259,0.0421042,2.38057,0.957152
35260,0.00336295,0.0204467,0.0240242
35261,0.119452,1.66802,0.851056
35262,0.0152005,0.0945662,0.0638708
35263,0.798096,8.58911,4.79548
35264,0.0103579,-0.0921449,-0.0342418
35265,-0.0336295,-0.0955078,-0.0800974
35266,-0.730702,-8.3307,-4.50988
35267,0.011434,-0.408531,-0.129475
35268,0.0677971,0.510496,0.212867
35269,0.103579,1.19385,0.661637
35270,0.152813,1.38352,0.799554
35271,0.0840738,1.18793,0.560195
35272,0.018698,-0.00403554,0.00304751
35273,0.235138,2.70798,1.50051
35274,0.0676626,1.15295,0.492796
35275,0.0590534,2.14274,1.07687
35276,0.0987363,0.655776,0.423617
35277,-0.0754646,-0.786258,-0.484958
35278,0.0797692,0.096584,0.120018
35279,-0.318001,-2.08194,-1.23511
35280,-0.120259,-1.59404,-0.693597
35281,0.117972,1.6504,0.766659
35282,0.0119721,-1.12148,-0.480239
35283,0.074254,1.11489,0.530325
35284,-0.129003,-2.13655,-1.0935
35285,0.0134518,-0.00712946,0.004676
35286,-0.412163,-5.70599,-2.63993
35287,0.876923,7.06018,3.49382
35288,-0.154965,-3.58639,-1.5627
35289,-0.0377996,-2.19022,-0.863456
35290,-0.0173528,0.349747,0.106741
35291,0.0599951,1.06135,0.458208
35292,-0.00336295,-0.563765,-0.177879
35293,-0.0340331,-0.026231,-0.106378
35294,-0.0142589,0.353648,0.0291801
35295,-0.111246,-1.99033,-0.771354
35296,-0.383242,-8.43778,-3.63539
35297,0.521257,4.01859,2.13162
35298,-0.0207158,0.391179,0.12902
35299,0.405976,6.30796,2.80346
35300,-0.354321,-5.44475,-2.4967
35301,0.14945,1.08919,0.67704
35302,-0.208503,-2.58006,-1.51159
35303,-0.612057,-6.88275,-3.33047
35304,-0.211328,-0.853248,-0.551758
35305,0.273744,3.42792,1.76866
35306,-0.272534,-3.44326,-1.73792
35307,-0.25249,-3.72494,-1.70453
35308,-0.195858,-5.46036,-2.14031
35309,0.254374,8.2547,2.77572
35310,-0.0417006,-4.77875,-1.68284
35311,0.117165,5.42686,1.79404
35312,0.232044,5.36431,1.98057
35313,0.0130483,-0.0340331,-0.0108123
35314,0.0749266,2.39039,1.06923
35315,-0.32809,-5.27634,-2.68717
35316,-0.0460052,-0.0252894,-0.078527
35317,-0.123219,-5.06366,-1.76275
35318,-0.205275,-4.85879,-1.60276
35319,0.0100889,1.70004,0.318523
35320,0.184962,3.82435,1.60587
35321,0.123891,2.71188,1.00022
35322,0.0571702,2.56069,0.81601
35323,0.0161422,0.0429113,0.0718426
35324,-0.0333605,-0.792446,-0.334548
35325,0.104117,2.72614,1.15156
35326,0.0599951,2.56634,1.27755
35327,-0.0102234,-0.0765408,-0.0997577
35328,0.0199087,0.578428,0.272888
35329,1.57319,10.1003,7.1429
35330,0.581387,4.47461,2.36799
35331,-0.421176,-4.18728,-1.99008
35332,0.0634925,1.26017,0.612797
35333,-0.364678,-4.01805,-1.94711
35334,-0.011434,-0.011434,-0.00795166
35335,0.245226,2.74646,1.32239
35336,0.0847464,0.63358,0.40044
35337,0.00457361,0.73958,0.283187
35338,0.0203122,0.0216574,-0.00387043
35339,0.0134518,0.0126447,0.00756391
35340,0.159538,2.70327,1.2416
35341,-0.115686,-1.44741,-0.649394
35342,0.00860916,-0.525966,-0.171992
35343,-0.0426422,-0.67407,-0.323141
35344,-0.0780205,-0.129406,-0.114104
35345,0.166264,2.18525,1.0839
35346,-0.117972,-2.09135,-0.932179
35347,0.0712946,2.42792,1.00647
35348,-0.00686042,-1.18161,-0.417895
35349,-0.00134518,0.592956,0.260876
35350,0.0924139,1.21981,0.543621
35351,-0.00605331,-0.627661,-0.315037
35352,-0.0328224,-0.635463,-0.279939
35353,0.0612057,1.35164,0.686985
35354,-0.0655103,-1.47943,-0.839954
35355,-0.120259,-0.728012,-0.390262
35356,0.0768098,1.83267,0.819332
35357,0.528791,5.46789,2.65545
35358,0.388623,3.91905,2.00839
35359,-0.0340331,-2.20838,-0.896392
35360,0.159404,2.23165,1.18943
35361,0.00807108,0.0340331,0.0579102
35362,0.0548834,0.677029,0.330437
35363,-0.0414316,-0.0383376,-0.00676337
35364,0.0219264,0.00847464,0.0151664
35365,0.0118376,-0.443372,-0.155033
35366,0.311813,4.42551,2.15
35367,0.168148,2.49679,1.13912
35368,-0.00726398,-1.24201,-0.485785
35369,0.194648,1.90572,0.945545
35370,-0.101561,-1.33334,-0.616556
35371,-0.206351,-2.13857,-1.13954
35372,-0.0230026,-0.75505,-0.246847
35373,0.0632235,0.871408,0.379887
35374,0.110574,1.82891,0.825193
35375,-0.048561,0.0578428,0.0905035
35376,-0.0014797,-0.500542,-0.206785
35377,0.0321498,0.495565,0.260431
35378,-0.00309392,-0.563093,-0.295806
35379,-0.267422,-3.48698,-1.54443
35380,-0.0540763,0.0834012,-0.0254996
35381,0.0174873,-0.0103579,0.000933599
35382,0.106942,1.83173,0.777249
35383,0.0840738,0.701108,0.364812
35384,0.253836,1.37451,0.655771
35385,-0.155772,-1.10897,-0.521636
35386,-0.0287869,-0.364544,-0.107743
35387,0.142858,1.42899,0.660719
35388,0.0134518,0.103444,0.0894465
35389,-0.0714291,0.706489,0.15464
35390,0.00981982,0.501887,0.176968
35391,-0.101561,-0.708372,-0.392723
35392,0.0379341,0.109901,0.117039
35393,-0.10896,-1.6808,-0.79584
35394,0.119856,1.484,0.708838
35395,-0.0215229,0.547892,0.242646
35396,0.0671245,-0.00349747,0.0612303
35397,0.349074,6.52305,2.97881
35398,0.117569,0.589593,0.286714
35399,-0.502021,-8.79519,-3.93512
35400,0.166668,2.11866,1.04566
35401,0.47458,3.74095,1.85498
35402,1.02234,11.8535,4.76495
35403,0.100216,0.471351,0.292106
35404,0.0578428,2.39859,0.891802
35405,-0.0525966,-2.33537,-0.846712
35406,-0.142186,-7.68085,-1.92512
35407,0.220341,9.65181,2.87773
35408,4.33242,14.1709,11.9218
35409,0.0656448,7.14412,3.46467
35410,0.0207158,2.44554,1.00913
35411,-0.0544798,-6.80137,-3.18181
35412,0.0166802,0.0543453,0.0404493
35413,-0.0205813,0.00242133,-0.0135713
35414,-0.0067259,-0.00067259,0.00627965
35415,-0.115551,-2.86241,-1.25542
35416,0.187115,5.56219,2.40437
35417,0.0283833,0.092952,0.114513
35418,2.5054,14.8138,10.6692
35419,-0.310064,-3.21269,-1.76762
35420,-0.166802,-1.68565,-0.912177
35421,0.00941626,0.00538072,-0.0218433
35422,0.0096853,0.84289,0.400106
35423,0.119721,2.14839,1.00026
35424,0.182676,1.49207,0.842187
35425,-0.00645687,-0.0329569,-0.00569997
35426,-0.524217,-6.35288,-3.08374
35427,-0.45911,-5.03367,-2.53517
35428,0.0843428,1.53216,0.598067
35429,-0.00753301,0.452922,0.163676
35430,0.12147,1.6656,0.776982
35431,-0.0914723,-0.924543,-0.455153
35432,-0.233927,-2.81815,-1.34409
35433,-0.622146,-7.84967,-3.85939
35434,-0.0447945,-0.576813,-0.355417
35435,0.228143,-0.679047,-0.126312
35436,-0.334277,-2.86093,-1.50786
35437,-0.0652413,-0.919296,-0.34833
35438,-0.0329569,-0.0821905,-0.0767858
35439,0.0873022,2.26313,1.02306
35440,0.0454671,-0.0492336,0.0393699
35441,0.0100889,0.691154,0.0551186
35442,-0.0403554,-0.161153,-0.252854
35443,-0.113264,-2.50809,-1.08665
35444,0.305087,4.90345,2.26808
35445,-0.560806,-6.9067,-3.4859
35446,-0.0441219,-0.537131,-0.266489
35447,0.0322843,0.482113,0.307942
35448,0.0082056,-0.018429,-0.0600962
35449,-0.285178,-4.44744,-2.08093
35450,-0.486821,-6.95162,-3.29262
35451,0.165726,2.30483,1.12401
35452,0.251549,4.25951,1.98054
35453,0.0349747,1.13506,0.46169
35454,-0.0305356,-0.0490991,-0.0758738
35455,0.130483,2.76152,1.19456
35456,-0.207696,-2.92846,-1.40033
35457,0.0269036,0.0538072,0.0407433
35458,-0.0496372,0.0723707,-0.031396
35459,-0.806301,-7.61601,-4.27607
35460,-0.162229,-2.67503,-1.23915
35461,0.237021,3.23085,1.50982
35462,-0.10183,-1.25236,-0.653406
35463,-0.186308,-3.13925,-1.50479
35464,0.188863,1.40316,0.662049
35465,0.0937591,1.24456,0.656371
35466,-0.115686,-2.30268,-1.16559
35467,-0.052462,-1.06552,-0.422902
35468,0.102234,1.8016,0.883523
35469,-0.412701,-6.25832,-3.22832
35470,-0.233658,-2.3811,-1.057
35471,0.0934901,1.14999,0.515568
35472,0.181196,2.98953,1.48643
35473,0.162767,1.67125,0.766385
35474,-0.025693,-0.449828,-0.16553
35475,-0.23164,-3.73853,-1.63972
35476,-0.0901271,-0.943913,-0.474685
35477,-0.137881,-0.687253,-0.368313
35478,-0.156848,-0.393465,-0.222973
35479,0.284237,3.61665,1.72587
35480,-0.168686,-2.25008,-1.16109
35481,-0.362257,-3.64557,-1.79912
35482,-0.0834012,-1.93652,-0.686767
35483,0.188729,2.65848,1.11982
35484,0.453595,5.49318,2.74787
35485,0.0998124,1.53875,0.701285
35486,-0.273072,-3.19427,-1.6824
35487,-0.300782,-2.37693,-1.35316
35488,0.213077,1.72008,1.02463
35489,0.0344366,-0.00255584,0.00570391
35490,0.0453326,1.76165,0.894082
35491,-0.0898581,0.42158,0.0524203
35492,-0.0548834,1.61489,0.69474
35493,-0.204333,-2.84237,-1.29331
35494,-0.218995,-0.719806,-0.522781
35495,-0.225183,-2.48549,-1.348
35496,0.0251549,-0.345308,-0.0952568
35497,0.059726,3.23772,1.47833
35498,0.00659139,-0.400191,-0.122636
35499,-0.0663174,-1.50122,-0.591836
35500,0.0801728,1.19129,0.613177
35501,0.0181599,-0.0139899,-0.0291301
35502,-0.0834012,-2.90182,-1.02511
35503,-0.15483,-1.19371,-0.722116
35504,-0.107614,-2.83456,-0.99223
35505,-0.218592,-2.19977,-1.01659
35506,0.10748,2.17489,0.804075
35507,-0.153216,-4.95026,-1.72579
35508,0.232851,5.1776,2.09272
35509,0.364275,5.79302,2.51761
35510,-0.0768098,-0.731913,-0.442297
35511,-0.123891,-1.98051,-0.80623
35512,-0.0224645,1.88271,0.633362
35513,0.173528,3.37788,1.48409
35514,0.108422,0.699494,0.413705
35515,0.0211193,1.51696,0.543349
35516,-0.0181599,-0.692634,-0.386854
35517,-0.0616093,-1.23514,-0.614987
35518,-0.0497717,-0.104386,-0.109869
35519,0.0411625,0.0829976,0.0788088
35520,-0.643669,-8.97047,-3.94373
35521,0.325668,5.45498,2.29428
35522,-0.0302666,-0.0243478,-0.0372774
35523,-0.0758682,-3.00325,-0.968336
35524,0.0138554,1.94042,0.701725
35525,-0.0349747,-0.832129,-0.420127
35526,-0.0445255,-0.576948,-0.232821
35527,-0.134922,-1.41432,-0.666946
35528,-0.00793657,-0.678644,-0.402686
35529,0.0426422,1.8246,0.586443
35530,-0.507806,-4.6363,-2.09207
35531,-0.0294595,-0.708641,-0.345414
35532,-0.0014797,-0.765139,-0.144173
35533,0.18133,3.57872,1.40473
35534,0.0591879,0.838451,0.364962
35535,-0.00941626,-0.00941626,-0.0210656
35536,-0.243209,-2.85837,-1.18063
35537,-1.408,-15.5896,-8.55264
35538,0.133442,1.95293,1.0736
35539,-0.103444,-1.04561,-0.746541
35540,-0.133711,-0.612057,-0.398912
35541,-0.253567,-1.514,-0.875774
35542,-0.096584,-0.813834,-0.39664
35543,0.172183,1.83442,0.826836
35544,0.104521,1.84048,0.893112
35545,0.0473504,0.58475,0.363162
35546,0.0404899,1.58086,0.622321
35547,0.0200432,0.051924,0.0523633
35548,-0.14528,-2.37303,-1.26315
35549,-0.0832667,-0.611654,-0.431071
35550,-0.0530001,0.833877,0.219085
35551,0.130079,2.98482,1.24185
35552,0.0100889,0.0986017,0.0941782
35553,0.0477539,0.585154,0.264018
35554,0.0271726,0.864951,0.363988
35555,-0.0351092,-0.159538,-0.164049
35556,-0.120394,-1.26272,-0.732992
35557,-0.0902616,-0.486014,-0.285072
35558,-0.616631,-9.02011,-4.14484
35559,-0.12295,-1.99396,-0.869756
35560,-0.0188325,0.427767,0.176883
35561,0.0269036,0.0543453,0.0546049
35562,-0.0305356,-0.568473,-0.346228
35563,-0.126312,-0.674877,-0.395055
35564,-0.0404899,-1.51387,-0.646564
35565,0.029863,0.0476194,0.0206923
35566,0.0267691,-0.000807108,0.037271
35567,0.204736,1.50378,0.964545
35568,0.108153,2.1578,0.970817
35569,-0.00712946,0.0221955,-0.0219887
35570,0.117165,1.25842,0.674311
35571,0.218457,6.35019,2.63891
35572,0.0170838,-0.472562,-0.152818
35573,0.022599,1.03929,0.35933
35574,-0.16761,-2.42617,-0.993691
35575,-0.0624164,-0.123219,-0.140867
35576,-0.0564976,-0.81787,-0.160548
35577,-0.0532692,-0.68658,-0.313238
35578,0.0535382,0.709448,0.372934
35579,0.0102234,0.0306701,0.0334084
35580,-0.359836,-4.87682,-2.41321
35581,0.361181,4.75629,2.21225
35582,-0.0326879,0.51924,0.0480809
35583,0.115955,1.89845,0.934459
35584,0.0599951,1.09511,0.454654
35585,-0.0134518,0.53027,0.115631
35586,0,-0.0125102,-0.0400659
35587,-0.102772,-1.72506,-0.638156
35588,-0.0251549,-1.07359,-0.319303
35589,0.309257,4.65486,2.01248
35590,0.0067259,1.04238,0.407679
35591,0.375305,2.96263,1.76568
35592,0.168148,0.765811,0.505772
35593,0.0447945,0.275224,0.177728
35594,0.089589,1.1282,0.444648
35595,-0.0906652,-0.52341,-0.290938
35596,-0.0165457,0.34598,0.144739
35597,-0.0228681,0.47579,0.124104
35598,-0.0456016,-0.598067,-0.437546
35599,-0.0135863,-0.413509,-0.094868
35600,-0.371942,-4.55882,-2.0442
35601,0.0255584,0.0686042,0.0444593
35602,-0.0586499,-2.15606,-0.845692
35603,0.122411,3.1075,1.33638
35604,0.0934901,1.1886,0.525862
35605,-0.0133173,0.00174873,0.0111491
35606,0.105462,1.86671,0.641258
35607,0.212404,2.57077,1.32816
35608,0.0447945,1.20326,0.445082
35609,-0.0029594,-1.15981,-0.371324
35610,0.0263655,0.066721,0.0412761
35611,-0.0616093,-0.0593225,-0.0672924
35612,0.0260965,0.0447945,0.0501908
35613,-0.000269036,-0.0456016,-0.0289507
35614,0.00497717,0.0422387,0.0275659
35615,0.628334,2.73825,2.34742
35616,-0.0679316,-0.0704875,-0.0904336
35617,-0.165861,-3.93882,-2.27556
35618,0.0329569,0.373019,0.0570894
35619,0.0252894,1.67381,1.30308
35620,0.0535382,0.0945662,0.0735391
35621,0.00322843,0.000403554,-0.0148481
35622,-0.00336295,1.12914,0.424524
35623,-0.022061,-0.0250204,-0.0931317
35624,-0.978081,-7.88088,-4.55429
35625,0.0605331,-0.529598,-0.128568
35626,0.0807108,1.938,0.796376
35627,0.416468,8.80421,3.75222
35628,0.0934901,1.60211,0.721295
35629,-0.0134518,-0.523006,-0.210366
35630,0,-0.0134518,-0.0199378
35631,-0.147297,-2.26219,-1.02641
35632,-0.0466778,-0.591341,-0.190167
35633,0.00739849,-0.430323,-0.156386
35634,0.102772,3.09674,1.2255
35635,-0.0916068,-1.42132,-0.592555
35636,0.0621473,1.0592,0.499845
35637,0.0236752,0.0887819,0.135451
35638,-0.0269036,0.0142589,-0.0178949
35639,-0.00470813,-0.590131,-0.22618
35640,0.0193706,0.0320153,0.0401895
35641,-0.113264,-1.70515,-0.750799
35642,-0.0554214,-0.94203,-0.292316
35643,0.154023,1.19089,0.581869
35644,-0.0204467,-0.582598,-0.201421
35645,0.155368,2.84788,1.29791
35646,0.135325,0.746575,0.511857
35647,0.00497717,0.0569011,0.0445307
35648,0.107345,2.19614,0.959438
35649,0.105597,1.29796,0.675433
35650,0.085419,1.36563,0.562809
35651,0.282891,2.70314,1.51995
35652,-0.292577,-4.30404,-1.98074
35653,-0.103713,-1.06337,-0.423192
35654,-0.115551,-1.7108,-0.689989
35655,0.0127792,0.0328224,0.0434683
35656,-0.00201777,-0.377189,-0.145456
35657,0,-0.029594,-0.00292494
35658,-0.0457361,-0.611385,-0.292331
35659,-0.0166802,-0.0205813,0.0200005
35660,-0.0686042,-1.12175,-0.532909
35661,-0.105731,-1.19196,-0.387924
35662,0.0242133,0.626182,0.176462
35663,0.0270381,0.0438529,0.0487748
35664,0.0269036,0.0138554,0.00283068
35665,0.28343,4.52344,2.11888
35666,0.19949,1.04615,0.749064
35667,0.0606676,1.18389,0.486949
35668,0.332394,4.2618,1.98858
35669,-0.00591879,-0.645687,-0.276091
35670,-0.0403554,-0.0813834,-0.0910746
35671,0.0134518,0,0.0253969
35672,0.04466,-0.166264,-0.0317268
35673,0.0308046,1.43961,0.690599
35674,0.700032,4.66858,2.90207
35675,-0.0242133,0.0169493,0.0113661
35676,-0.0266346,-0.0947007,-0.120359
35677,0.334008,3.18081,2.12407
35678,-0.0246168,-0.116762,-0.100863
35679,-0.271054,-3.90587,-1.87496
35680,0.156848,2.65297,1.23001
35681,-0.122142,-2.14099,-0.967233
35682,0.13667,2.20744,1.12299
35683,-0.0729088,-1.02341,-0.507995
35684,-0.0468123,-0.592149,-0.350306
35685,-0.0427767,-0.660753,-0.419653
35686,0.0146625,0.0811144,0.0671315
35687,-0.293787,-2.47069,-1.1859
35688,0.0269036,0.0336295,0.0297205
35689,-0.349612,-6.23599,-2.78127
35690,0.0269036,0.0127792,0.00240276
35691,-0.401267,-2.96774,-1.52498
35692,0.0168148,0.0317463,-0.0023359
35693,0.029594,0.0829976,0.0657418
35694,0.14649,2.14233,1.07053
35695,0.169627,1.73609,0.860252
35696,-0.085419,-1.72573,-0.812549
35697,0.0166802,0.0850154,0.0564766
35698,0.0134518,0,0.00289956
35699,0.0269036,-0.0134518,0.0435569
35700,0.103444,2.21417,1.0111
35701,0.0107614,0.0143934,0.00760304
35702,0.19411,2.96263,1.50739
35703,-0.121201,-1.74524,-0.842402
35704,0.245899,3.84399,1.91723
35705,-0.0844773,2.40989,0.956748
35706,-0.17299,-2.71874,-1.18046
35707,-0.232044,-1.73824,-1.02865
35708,-0.0850154,-0.0690078,-0.105347
35709,0.176488,0.198952,0.290635
35710,-0.0294595,-0.0698149,-0.0806146
35711,0.151064,2.64247,1.31016
35712,-0.0788276,-1.36119,-0.685053
35713,-0.0134518,-0.0396828,-0.0486364
35714,-0.0127792,-0.0129137,-0.027406
35715,-0.00309392,-0.00282488,0.00604844
35716,-0.00121066,0.063627,0.0731898
35717,0.209579,4.90211,2.28332
35718,-0.353379,-3.80471,-1.88392
35719,0.00645687,-1.10049,-0.419364
35720,0.0134518,0.0134518,0.00796153
35721,-0.0513859,-0.465836,-0.186792
35722,0.131021,1.11542,0.579533
35723,-0.0551524,-0.0517895,-0.0755021
35724,-0.0438529,-0.951312,-0.476478
35725,0.0193706,0.113533,0.170449
35726,0.193571,1.63614,0.810656
35727,0.0677971,2.69372,1.19728
35728,-0.180389,-1.53028,-0.859417
35729,0.00269036,0.0430458,-0.00250337
35730,0.0551524,0.0492336,0.11903
35731,0.171511,1.69358,0.827026
35732,-0.010896,0.0227336,-0.0061545
35733,0.0161422,0.645283,0.237246
35734,-0.0395483,0.980233,0.28867
35735,0.0161422,0.0496372,0.076884
35736,-0.0394138,-1.12982,-0.542042
35737,-0.0711601,-0.115013,-0.182146
35738,0.00860916,-0.0271726,0.0117721
35739,-0.00605331,-0.00255584,-0.0315177
35740,-0.02233,-0.0414316,-0.0378987
35741,-0.0135863,-0.367772,-0.157604
35742,0.025962,-0.0122411,-0.00894536
35743,0.00955078,0.42427,0.201978
35744,-0.197338,-4.60765,-1.84446
35745,-0.156579,-0.966243,-0.402789
35746,-0.102906,-1.92966,-0.905961
35747,-0.0126447,-0.410415,-0.227237
35748,-0.0398173,0.389026,0.160697
35749,-0.063089,-0.459245,-0.275768
35750,-0.271323,-4.3487,-1.92742
35751,0.156714,1.18847,0.603245
35752,-0.029594,-0.0477539,-0.114361
35753,0.0947007,2.08812,0.852894
35754,0.0625509,0.161287,0.206627
35755,-0.0100889,-0.00591879,-0.036324
35756,-0.161018,-1.2151,-0.683309
35757,-0.227066,-2.69789,-1.24165
35758,-0.179044,-4.36027,-1.81335
35759,0.419831,5.07994,2.4545
35760,-0.119048,-0.836837,-0.497486
35761,0.101561,0.736755,0.390651
35762,0.290021,2.88434,1.43161
35763,0.0418351,0.124698,0.0267296
35764,-0.331453,-5.1885,-2.42851
35765,0.22747,2.65646,1.27168
35766,-0.0579773,-0.745096,-0.378485
35767,-0.0505788,-1.33415,-0.624643
35768,-0.19115,-3.90304,-1.77806
35769,-0.794464,-11.5676,-5.75009
35770,-0.10035,-0.900464,-0.231312
35771,-0.120932,-1.70071,-0.797383
35772,0.0403554,0.364006,0.158796
35773,-0.0302666,-0.41445,-0.217734
35774,-0.0797692,-1.34774,-0.589325
35775,-0.0211193,-0.344501,-0.165643
35776,0.00188325,-0.0255584,-0.051354
35777,-0.00390102,0.0096853,-0.00899353
35778,0.0846119,0.458438,0.21004
35779,-0.0905307,-1.72466,-0.727768
35780,-0.45346,-6.68783,-3.11849
35781,-0.102772,-0.593494,-0.430515
35782,-0.113399,-0.384049,-0.209402
35783,-0.166533,-0.704337,-0.390268
35784,-0.591072,-5.29113,-2.98126
35785,0.0734469,1.48252,0.75738
35786,0.123757,0.852172,0.508656
35787,0.45077,4.74701,2.72287
35788,0.439067,5.13778,2.5018
35789,-0.0477539,0.165188,0.0266206
35790,0.115416,1.39186,0.646003
35791,0.116762,1.11838,0.530723
35792,0.231506,3.42604,1.59696
35793,-0.0383376,-0.0263655,-0.0518223
35794,0.169896,1.88271,0.823315
35795,0.161556,2.69493,1.29155
35796,0.0082056,0.321633,0.0931524
35797,-0.0640306,-0.708238,-0.313348
35798,0.185769,3.40479,1.46339
35799,-0.15214,-3.15203,-1.36621
35800,-0.188998,-3.02693,-1.48262
35801,-0.0804418,-1.09067,-0.515819
35802,-0.11165,-1.07843,-0.51681
35803,-0.0127792,-0.0273072,-0.0491072
35804,-0.0645687,-0.552869,-0.289435
35805,-0.0349747,-0.502425,-0.213415
35806,-0.0464087,-0.530136,-0.243058
35807,0.0340331,0.53861,0.253895
35808,-0.0134518,-0.0161422,-0.0263609
35809,0.048292,0.114744,0.126738
35810,0.014528,-0.0134518,-0.031988
35811,0.0379341,1.0257,0.480573
35812,0.103444,2.05449,0.798973
35813,0.0122411,-0.00928175,0.0127894
35814,-0.161825,-2.30524,-1.02301
35815,0.0289214,0.568742,0.246266
35816,0.052462,0.135729,0.145915
35817,-0.0753301,-0.661291,-0.368777
35818,0.0647032,1.71215,0.770989
35819,0.238501,3.43196,1.72816
35820,-0.0134518,0.593897,0.152906
35821,-0.0638961,-2.02584,-0.772501
35822,0.0269036,0.0423732,0.0547716
35823,-0.00403554,1.34101,0.597268
35824,0.158462,3.89712,1.63649
35825,0.044929,0.0283833,0.0289388
35826,0.100754,3.17651,1.00192
35827,0.0425077,3.38178,1.24258
35828,0.0305356,0.835492,0.34651
35829,-0.02233,0.018698,0.0123699
35830,0.0472158,0.912302,0.461043
35831,0.0808454,1.43746,0.752423
35832,-0.0269036,-0.808454,-0.400059
35833,0.0174873,0.807108,0.405227
35834,0.00067259,0.00739849,-0.00629882
35835,0.0899926,2.1153,0.97504
35836,0.69223,5.67693,3.39195
35837,0.0403554,0.727474,0.291308
35838,0,-0.692634,-0.220372
35839,0.000941626,0.0271726,0.00240312
35840,-0.0181599,0.524889,0.116015
35841,-0.0598605,-1.38016,-0.609106
35842,-0.00914723,0.0260965,-0.00324789
35843,-0.0379341,-0.0527311,-0.0617343
35844,0.0715636,0.698956,0.304127
35845,0.0149315,-0.0165457,-0.0481926
35846,0.000134518,0.651471,0.232824
35847,0.0166802,0.0435839,0.040736
35848,-0.0153351,0.0115686,0.00295761
35849,0.0329569,-0.0429113,-0.051672
35850,-0.000538072,0.0129137,0.012506
35851,-0.0326879,-0.018429,-0.0425079
35852,0.0972566,0.683083,0.319295
35853,0.16317,1.82393,0.742518
35854,0.000269036,0.549237,0.197741
35855,0.0375305,0.0819215,0.0751679
35856,0.000134518,0.00322843,-0.0270906
35857,-0.00995434,0.724649,0.318074
35858,-0.0129137,-0.0774824,-0.0885643
35859,-0.0901271,-1.49853,-0.746308
35860,-0.19115,-3.00244,-1.31943
35861,-0.0134518,0.0807108,0.0123208
35862,-0.070622,-1.53364,-0.604411
35863,0.0860916,1.42239,0.541503
35864,-0.00551524,0.0349747,0.000253197
35865,0.0897235,1.33657,0.564082
35866,0.00134518,0.568877,0.120677
35867,0.0269036,1.30671,0.507387
35868,-0.029594,-0.699494,-0.318444
35869,0.0302666,0.0283833,0.0117982
35870,0.00134518,0.0131828,-0.00312389
35871,0.0665864,0.807108,0.356547
35872,0.00067259,-0.0275762,-0.0398307
35873,-0.0126447,-0.0417006,-0.0557801
35874,-0.0387412,-0.713215,-0.361566
35875,-0.000134518,-0.65739,-0.197982
35876,-0.0312082,-1.88702,-0.68626
35877,-0.0134518,-0.0269036,-0.0297403
35878,0.153082,4.31157,1.6408
35879,0.0134518,0.0228681,-0.000118103
35880,0.0293249,0.0351092,0.0240345
35881,-0.0265001,-0.134787,-0.11051
35882,-0.00417006,0.0126447,-0.00773827
35883,0.000269036,0.575199,0.166759
35884,0.00134518,0.0282488,-0.0171723
35885,0.157655,3.44151,1.62185
35886,-0.067259,-0.768502,-0.387514
35887,0,0.0851499,0.0395292
35888,-0.0813834,-1.82433,-1.03825
35889,0.00995434,-1.03552,-0.292854
35890,0.0790966,2.13426,1.13959
35891,-0.156983,-3.48846,-1.6623
35892,0.115147,1.50647,0.733339
35893,0.113399,2.96626,1.17265
35894,-0.0451981,-0.54278,-0.225181
35895,0.348402,4.277,1.80989
35896,-0.0451981,-1.85083,-0.703264
35897,0.658062,7.56879,4.19509
35898,-0.201105,-1.80469,-1.08191
35899,0.1325,1.94607,1.06429
35900,0.115416,0.096853,0.11538
35901,0.00121066,0.0493681,0.0324965
35902,-0.0676626,-1.66668,-0.738934
35903,0.067259,1.59807,0.672382
35904,-0.00766753,0.0326879,0.0138884
35905,-0.0138554,-0.0683352,-0.0658748
35906,-0.210655,-3.41084,-1.6798
35907,0.0255584,0.992878,0.425602
35908,0.165592,2.31398,1.02947
35909,0.0269036,0.518298,0.212645
35910,0.302531,4.17988,1.94367
35911,-0.0134518,0.0138554,-0.0113856
35912,0.0403554,0.931,0.399006
35913,0.0556905,0.628199,0.300058
35914,-0.040759,-0.558654,-0.248076
35915,0.318808,3.66279,1.74677
35916,-0.0269036,-0.0692768,-0.0781065
35917,-0.0134518,0.0665864,0.0116658
35918,0.0255584,-0.537669,-0.214508
35919,-0.0960459,-1.23541,-0.557451
35920,0.0402209,0.0870332,0.0905926
35921,-0.000134518,-0.0135863,-0.015911
35922,0.0686042,2.09929,0.870468
35923,0.0135863,0.576006,0.244803
35924,0.0232716,-0.369656,-0.14052
35925,-0.0247513,0.39508,0.09545
35926,-0.00228681,-0.462473,-0.191229
35927,0.0134518,0.0134518,0.00796153
35928,0.175143,3.06419,1.4377
35929,-0.115282,-1.88742,-0.941315
35930,-0.0461397,-1.10937,-0.509028
35931,0,0.0270381,0.019627
35932,-0.441488,-6.08264,-2.69712
35933,-0.133173,-1.04373,-0.580458
35934,0.0621473,1.1274,0.515187
35935,0.0134518,0,-0.0143407
35936,0.0456016,0.00403554,0.0308229
35937,-0.0203122,-0.448349,-0.15692
35938,-0.033495,-0.595108,-0.289009
35939,-0.0267691,0.55408,0.207399
35940,-0.000941626,-0.00242133,0.00649405
35941,-0.0406245,-1.02637,-0.503868
35942,0.00322843,0.00309392,-0.00507905
35943,-0.0671245,-0.726936,-0.335468
35944,-0.332932,-4.82772,-2.1202
35945,0.0914723,0.791101,0.341051
35946,0.202584,3.68149,1.66706
35947,0.180523,4.21768,1.68011
35948,-0.230026,-4.65702,-1.92435
35949,-0.124698,-1.86119,-0.787225
35950,-0.102234,-2.06862,-0.947155
35951,0.014528,0.0598605,-0.0059646
35952,0.0941626,1.11018,0.580335
35953,-0.0135863,-0.0536727,-0.0944993
35954,0.373019,5.27109,2.43549
35955,0.0387412,0.479288,0.160089
35956,-0.0169493,-0.0135863,-0.0453223
35957,0.0160076,0.901406,0.29015
35958,-0.029863,-0.488973,-0.222364
35959,0.0870332,1.00942,0.414169
35960,0.000807108,0.015066,0.0146111
35961,0.0651067,0.62672,0.344581
35962,-0.0269036,-0.0750611,-0.0927885
35963,0,0,0.00681466
35964,0.0554214,0.951715,0.383365
35965,0.158193,3.19575,1.45862
35966,0.089051,1.54198,0.730459
35967,-0.112188,-1.11811,-0.664251
35968,-0.0979291,-1.85204,-0.74002
35969,0.0695458,1.90087,0.781481
35970,-0.0408935,-0.650529,-0.338811
35971,-0.0538072,-0.185097,-0.249521
35972,0.0134518,0.511034,0.369887
35973,0.0941626,0.609367,0.3185
35974,0.0130483,-0.0273072,-0.028107
35975,-0.232851,-4.13199,-1.79457
35976,0.0188325,0.0766753,0.0192818
35977,0.174873,3.29367,1.3508
35978,0.0096853,-0.0227336,-0.114324
35979,0.0902616,0.602103,0.39267
35980,-0.0134518,-0.41028,-0.18539
35981,-0.190478,-3.16023,-1.36789
35982,0.0236752,1.12349,0.333639
35983,0.0906652,1.33899,0.453777
35984,0.0178909,0.427633,0.196104
35985,0.0770789,1.73663,0.730533
35986,0.0134518,-0.0131828,0.0177462
35987,0,-0.030132,-0.0538903
35988,-0.067259,-0.988708,-0.490708
35989,-0.0517895,-0.931,-0.445348
35990,-0.252087,-4.80229,-1.87271
35991,-0.232716,-3.94555,-1.6141
35992,-0.143127,-2.31075,-1.10597
35993,-0.0130483,-0.418082,-0.261107
35994,-0.0142589,0.0102234,-0.000762229
35995,-0.754243,-7.55749,-4.15976
35996,-0.320288,-6.84307,-2.95127
35997,-0.170972,-2.95173,-1.52761
35998,0.113533,1.11045,0.549062
35999,-0.17595,-2.03862,-0.84762
36000,0.676895,10.5577,4.64565
36001,-0.136939,-1.79474,-1.09406
36002,0.569146,3.11773,1.62074
36003,0.401536,4.48564,2.20771
36004,0.381359,4.37735,1.72293
36005,0.124026,0.699494,0.827515
36006,0.155637,-0.554214,-0.0518512
36007,0.150122,4.36915,1.724
36008,0.444717,4.63199,2.49844
36009,-0.0793657,-3.36726,-1.07471
36010,-0.198952,-2.28815,-1.10189
36011,0.201777,2.18942,0.985677
36012,0.0477539,0.455209,0.223448
36013,-0.0700839,0.280201,0.109941
36014,-0.0663174,-0.901137,-0.319026
36015,0.103713,-0.211059,0.0621065
36016,0.0582463,0.440816,0.162963
36017,0.0516549,0.877461,0.287394
36018,-0.168955,-0.984807,-0.53549
36019,-0.00645687,-0.728953,-0.174937
36020,0.074792,2.00445,0.824588
36021,-0.0398173,-0.288541,-0.135246
36022,-0.0391448,-0.870197,-0.379779
36023,0.0511169,0.643265,0.332241
36024,-0.0318808,0.301455,0.090237
36025,0.109229,0.704875,0.395579
36026,0.0252894,-0.193975,-0.00490772
36027,0.055825,1.99948,0.539488
36028,0.35876,2.65014,1.35283
36029,0.183483,0.493143,0.309853
36030,0.00753301,1.88836,0.810106
36031,-0.126178,-1.95132,-0.946083
36032,0.124429,-1.44123,-0.400774
36033,-0.127254,-2.43491,-0.94679
36034,0.214825,3.02639,1.25899
36035,-0.310468,-7.79573,-3.05273
36036,-0.657928,-7.81281,-3.95897
36037,0.449963,5.41556,2.6438
36038,0.171511,-3.12512,-1.00378
36039,-0.0894545,-2.54172,-1.11273
36040,0.10062,1.58059,0.796641
36041,0.541704,5.19724,2.57113
36042,-0.118779,-3.07535,-1.11884
36043,-0.176891,-1.57857,-0.848742
36044,0.00134518,0.246437,0.0572711
36045,0.241056,3.79153,1.65811
36046,-0.0595915,-1.60628,-0.691505
36047,-0.113533,-1.32272,-0.59829
36048,-0.0273072,-1.16022,-0.473791
36049,-0.270919,-2.2439,-1.3774
36050,-0.0304011,-0.364948,-0.211806
36051,-0.254508,-0.986825,-0.929962
36052,-0.106942,-0.570895,-0.493464
36053,0.159807,1.52113,0.753263
36054,-0.0269036,-0.00686042,-0.0257469
36055,-0.0523275,-1.88419,-0.816761
36056,-0.0235407,-0.343156,-0.154246
36057,-0.693441,-5.77876,-3.4372
36058,0.1438,2.07494,1.07082
36059,0.119048,0.970413,0.536367
36060,0.151871,2.9707,1.23114
36061,-0.0404899,-0.0741195,-0.0899773
36062,0.0811144,1.17407,0.511774
36063,0.135056,1.89105,0.719504
36064,0.100889,0.298092,0.0957729
36065,-0.0776169,-1.32339,-0.47584
36066,-0.0556905,-1.65578,-0.672826
36067,0.0119721,2.00957,0.751998
36068,-0.0976601,-0.940416,-0.544811
36069,-1.04305,-10.5379,-5.58194
36070,-0.115551,-1.94567,-1.12973
36071,0.151602,2.1118,0.953868
36072,-0.19411,-3.73597,-1.68947
36073,-0.142993,-2.69668,-1.25127
36074,0.198414,2.66534,1.33262
36075,0.00067259,1.53929,0.564774
36076,-0.165592,-1.94015,-1.0021
36077,-0.0577082,-0.374498,-0.214467
36078,-0.0879748,-1.10184,-0.588931
36079,0.130752,0.746979,0.404229
36080,-0.279798,-4.0568,-1.88082
36081,-0.322171,-2.84506,-1.50626
36082,0.165861,3.18619,1.40308
36083,0.316386,3.98886,1.85165
36084,-0.0673935,0.321498,0.00244087
36085,-0.285044,-3.3113,-1.70441
36086,-0.105597,-2.24928,-0.888034
36087,-0.208503,-0.608829,-0.434206
36088,-0.0882438,-0.777514,-0.429116
36089,-0.000269036,-0.276704,-0.0559539
36090,-0.0776169,-0.11017,-0.143415
36091,0.152005,0.981982,0.592664
36092,0.445524,6.29208,2.70695
36093,0.0185635,0.465702,0.211922
36094,-0.174066,-3.31022,-1.41468
36095,0.0275762,1.90572,1.01936
36096,-0.601565,-6.70868,-3.3432
36097,0.201105,3.23597,1.38062
36098,0.172049,3.51482,1.43735
36099,0.245361,5.11276,1.97015
36100,0.24711,3.73893,1.66741
36101,-0.394945,-5.00784,-2.24023
36102,0.173259,4.01994,1.72591
36103,0.0302666,-0.312082,-0.127318
36104,-0.0605331,-1.09834,-0.485705
36105,0.0107614,0.776438,0.302439
36106,0.0195051,0.0714291,0.046497
36107,0.055825,0.547489,0.222292
36108,0.0215229,0.0593225,0.0360885
36109,-0.0149315,-0.0291904,-0.0335259
36110,-0.00860916,-0.838317,-0.383869
36111,0.0773479,1.22815,0.575507
36112,0.127658,0.153485,0.177037
36113,0.116358,1.0826,0.673377
36114,-0.146625,-1.11435,-0.617497
36115,0.0605331,0.545202,0.281406
36116,0.00134518,0.884591,0.388359
36117,-0.00699494,-0.507133,-0.191965
36118,-0.253701,-2.51885,-1.46247
36119,-0.0660484,-1.74658,-0.754433
36120,-0.312351,-3.23933,-1.47212
36121,-0.0739849,-1.31868,-0.545172
36122,-0.273744,-3.23704,-1.63144
36123,-0.413509,-4.03083,-2.19057
36124,0.0879748,1.6808,0.585942
36125,0.554887,2.25224,1.17842
36126,-0.532422,-2.41742,-1.21066
36127,0,0.617841,0.17952
36128,-0.0278452,-0.9575,-0.336122
36129,-0.0082056,0.539552,0.10443
36130,0.0201777,-0.138554,-0.0263702
36131,0.00564976,-0.561344,-0.188501
36132,-0.0921449,-0.131828,-0.145877
36133,-0.113264,-2.79475,-1.0508
36134,0.145145,3.03607,1.19423
36135,0.144338,1.52369,0.718622
36136,0.364544,5.06138,2.15274
36137,-0.0367234,-0.867372,-0.408676
36138,0.0605331,1.24752,0.428605
36139,0.0979291,1.62942,0.562518
36140,0.0909342,1.34141,0.656254
36141,0.186711,2.7135,1.26511
36142,-0.180389,-2.75318,-1.41231
36143,0.0882438,1.04884,0.505715
36144,0.104521,1.62996,0.770712
36145,0.0456016,1.22358,0.590289
36146,-0.0067259,0.182676,0.0333901
36147,0.135863,0.384453,0.286781
36148,0.444986,4.88623,2.34374
36149,0.239711,3.22736,1.53993
36150,0.190612,1.65175,0.958946
36151,0.0252894,0.610712,0.255623
36152,-0.0336295,-0.348536,-0.163284
36153,-0.656448,-6.71729,-3.59374
36154,-0.10183,-0.679989,-0.3362
36155,0.179447,2.54239,1.17336
36156,-0.0369925,-0.387816,-0.224726
36157,0.00322843,-0.00686042,0.0429081
36158,-0.0134518,-0.568204,-0.237794
36159,-0.248051,-3.81507,-1.60398
36160,-0.00336295,0.358625,0.0773441
36161,-0.000134518,0.0133173,-0.00265697
36162,0.171645,1.89926,0.820046
36163,-0.0325534,-0.44808,-0.254367
36164,0.162363,0.954944,0.443146
36165,0.0361854,0.105059,0.0513827
36166,-0.0460052,0.284775,0.0879257
36167,0.0899926,0.856746,0.366415
36168,0.0552869,0.688867,0.258761
36169,0.0123757,-0.322709,-0.103462
36170,0.296478,3.00729,1.50898
36171,-0.0620128,0.312082,0.0283897
36172,-0.0235407,-0.0286523,-0.0496884
36173,0.0437184,0.36979,0.154443
36174,-0.0157386,0.576948,0.122837
36175,-0.221282,-5.04523,-2.1706
36176,0,0.0470813,0.0314446
36177,-0.00457361,-0.0290559,-0.0644422
36178,0.189267,2.59203,1.05492
36179,0.0377996,-0.411625,-0.172181
36180,-0.373826,-5.70747,-2.48797
36181,-0.388219,-4.21149,-2.01089
36182,0.085957,0.388623,0.204146
36183,-0.129406,-1.73152,-0.803015
36184,-0.0741195,-0.750207,-0.360134
36185,-0.117434,-1.56606,-0.700315
36186,-0.173797,-3.94649,-1.77807
36187,0.150257,2.68041,1.13031
36188,-0.383242,-5.80015,-2.86453
36189,-0.0458707,-0.0569011,-0.0949727
36190,-0.0729088,-1.25344,-0.499599
36191,0.395483,4.10522,2.09975
36192,-0.0726398,-0.893469,-0.399945
36193,0.0305356,1.00068,0.436791
36194,0.175546,2.16224,0.969904
36195,0.248051,2.85367,1.41551
36196,-0.0605331,-0.0309392,-0.107703
36197,0.0924139,1.25357,0.580722
36198,0.0100889,0.030132,0.0181027
36199,0.138957,1.18376,0.591271
36200,0.161691,0.0877058,0.168494
36201,0.243074,2.43801,1.18702
36202,0.0975256,0.81222,0.351578
36203,0.00726398,0.474983,0.177885
36204,0.0273072,0.0447945,0.0489869
36205,0.0714291,1.86146,0.60136
36206,0.0441219,1.78344,0.727793
36207,0.0102234,0.074792,0.0372906
36208,-0.243612,-4.82032,-2.03666
36209,-0.0195051,0.675953,0.164702
36210,0.00336295,-0.0166802,-0.0392154
36211,0.23998,3.51859,1.70062
36212,0.0235407,-0.0603986,-0.0994235
36213,-0.0447945,-1.13062,-0.480232
36214,0.109498,2.73462,1.11755
36215,-0.0168148,-0.586633,-0.246853
36216,-0.104655,-3.90022,-1.50237
36217,0.0067259,0.47041,0.246908
36218,0.0606676,2.05127,0.687668
36219,0.0200432,-0.445389,-0.150589
36220,0.00067259,0.499869,0.212158
36221,-0.0269036,-0.60143,-0.261878
36222,-0.00403554,-0.573047,-0.283774
36223,-0.00901271,0.0313427,0.0134378
36224,-0.0134518,-0.0605331,-0.0554024
36225,-0.384856,-6.00879,-2.64063
36226,-0.0201777,0.0137208,-0.0337141
36227,-0.227336,-2.87694,-1.38085
36228,0.0473504,1.04561,0.435096
36229,0.0243478,0.400191,0.260328
36230,0.096584,0.813565,0.42111
36231,0.194917,2.54885,1.10083
36232,0.0571702,0.855535,0.300906
36233,-0.190612,-2.73542,-1.216
36234,0.0403554,0.0765408,0.0857457
36235,-0.000807108,-0.427902,-0.24132
36236,-0.13546,-1.79918,-0.771191
36237,0.0329569,0.330511,0.122724
36238,0.101292,1.52032,0.636479
36239,-0.0107614,0.0429113,-0.00484533
36240,-0.0216574,-0.0653758,-0.0908801
36241,0.0472158,0.029594,0.0296638
36242,0.605466,11.2262,4.8984
36243,-0.211731,-3.4633,-1.7386
36244,0.000403554,1.38957,0.536506
36245,0.0364544,0.630083,0.325616
36246,0.00242133,-0.00632235,-0.0155127
36247,-0.0168148,-0.0369925,-0.0389586
36248,0.00538072,-1.91365,-0.747106
36249,-0.102772,-0.560268,-0.294139
36250,0.0727743,0.173663,0.133547
36251,0.451174,1.67098,1.0959
36252,0.0439874,1.44661,0.644163
36253,0.0100889,0.0523275,0.00259303
36254,0.0523275,0.394676,0.158624
36255,-0.134922,-1.64045,-0.856131
36256,0.0290559,0.00726398,0.0256435
36257,0.101561,1.39159,0.587858
36258,0.0898581,1.23165,0.672791
36259,0.0181599,0.598471,0.492417
36260,0.694517,4.60146,2.6181
36261,0.0657793,1.34088,0.51568
36262,-0.0753301,-1.06538,-0.500222
36263,0.0244823,-0.952522,-0.315105
36264,-0.0481575,-1.00875,-0.51985
36265,-0.106404,-2.13467,-0.998904
36266,0,0.0836702,0.0127203
36267,-0.00322843,0.352034,0.147839
36268,-0.0102234,0.00322843,-0.0157158
36269,-0.0538072,-0.0478884,-0.0752691
36270,0.0304011,0.0127792,-0.0264654
36271,-0.0134518,-0.0067259,-0.0135273
36272,0.0994088,-0.635329,-0.215032
36273,-0.111381,0.258006,-0.0363037
36274,-0.0345711,-1.26985,-0.466556
36275,-0.263252,-3.60226,-1.65363
36276,-0.161691,-1.20918,-0.661264
36277,-0.103848,-2.23636,-0.933335
36278,0.0469468,0.52462,0.231005
36279,0.0766753,0.787872,0.405123
36280,-0.00322843,0.0177564,-0.042499
36281,-0.309795,1.0565,0.267836
36282,0.0587844,0.520316,0.229838
36283,0.11434,1.1956,0.716653
36284,0.041297,0.672725,0.308408
36285,0.0699494,0.225049,0.187448
36286,0.0380686,-0.00282488,-0.0134462
36287,-0.000134518,-0.0285178,-0.0374325
36288,-0.0620128,-0.048561,-0.0210213
36289,-0.0228681,-0.172049,-0.18435
36290,0.0269036,0.255584,0.174718
36291,-0.000538072,-0.000538072,-0.0113059
36292,0.0695458,0.582867,0.286645
36293,0.689943,7.27487,3.37832
36294,0.0269036,0.414719,0.139913
36295,-0.0721017,0.0731778,-0.0677832
36296,0.0347057,0.437453,0.177542
36297,-0.0029594,-0.450232,-0.0302208
36298,-0.0221955,-0.478077,-0.329575
36299,0.00336295,0.406245,0.148211
36300,-0.018967,0.0894545,-0.0168111
36301,-0.033226,-0.0273072,-0.0457066
36302,-0.010896,-0.00363199,0.00596779
36303,0.122008,0.942972,0.485847
36304,-0.0149315,0.741329,0.247639
36305,0.00269036,0.00269036,-0.0056983
36306,0.226932,1.91984,0.988925
36307,-0.0161422,-0.0738504,-0.0369965
36308,0.123219,1.45844,0.702305
36309,0.0626854,1.7708,0.546837
36310,-0.440547,-3.66548,-1.7999
36311,0.0330914,1.10574,0.399222
36312,0.147432,3.20637,1.2834
36313,0.324727,4.25467,1.70342
36314,0.0306701,1.2911,0.48465
36315,0.0595915,1.32702,0.539454
36316,-0.319346,-4.24781,-1.8545
36317,-0.158328,-2.10427,-0.939722
36318,-0.0215229,-0.603179,-0.242187
36319,-0.0375305,-0.567666,-0.256929
36320,0.0981982,2.27457,0.846459
36321,-0.0228681,-0.00941626,-0.0372937
36322,0.265942,2.62983,1.1664
36323,-0.0949698,-3.96909,-1.62737
36324,-0.270919,-2.4984,-1.13771
36325,0.122546,1.40181,0.600916
36326,-1.15928,-3.31009,-2.2051
36327,0.78155,5.25226,2.4038
36328,-0.0103579,0.788276,0.125122
36329,0.113802,4.47098,1.82754
36330,-0.0168148,-1.03148,-0.594177
36331,0,-0.60977,-0.198465
36332,-0.0863606,0.560268,0.0308513
36333,-0.0684697,-1.70878,-0.702478
36334,-0.0161422,-0.951312,-0.328555
36335,-0.0605331,-0.709314,-0.308265
36336,-0.182541,-6.10631,-2.11376
36337,0.0438529,0.990053,0.269326
36338,0.0117031,0.503367,0.135469
36339,0.00941626,-0.011165,-0.0914838
36340,-0.408397,-6.51794,-2.8115
36341,0.0369925,0.525293,0.240002
36342,-0.026231,-0.318404,-0.164763
36343,0.00269036,-0.0122411,-0.0302394
36344,0.394541,3.15364,1.48023
36345,0.0230026,0.952791,0.229228
36346,-0.0185635,-1.07117,-0.455201
36347,-0.0201777,-3.38299,-1.21007
36348,0.0286523,-0.288272,-0.054799
36349,-0.0224645,0.6321,0.14672
36350,-0.327417,-5.1737,-2.6345
36351,-0.0248858,0.00403554,-0.0990609
36352,-0.00121066,-0.00457361,-0.0162255
36353,0.105059,1.68901,0.819478
36354,0.0677971,1.29339,0.48812
36355,-0.135998,-3.27484,-1.43107
36356,-0.0238097,0.289752,0.0717415
36357,-0.00578428,-0.304818,-0.146891
36358,-0.00336295,-0.0143934,-0.0533732
36359,0.0656448,1.33119,0.564636
36360,0.0660484,0.367234,0.243127
36361,0.0277107,0.200835,0.0460694
36362,0.0173528,0.0173528,0.0129132
36363,-0.0174873,-0.0435839,-0.0364053
36364,-0.00067259,-0.0133173,-0.0137774
36365,-0.208234,-1.72237,-0.898727
36366,-0.204736,-3.42618,-1.54001
36367,0.307239,3.03567,1.45127
36368,0.101696,1.01467,0.507852
36369,-0.0310737,-0.359029,-0.111874
36370,0.0134518,0.0363199,0.0481921
36371,0.552735,9.27112,3.94627
36372,0.00322843,0.870735,0.157338
36373,-0.0468123,-0.0823251,-0.102201
36374,0.0682007,-1.84855,-0.486572
36375,0.108825,1.62067,0.597494
36376,-0.126312,-2.09606,-0.861711
36377,-0.00511169,-0.0547489,-0.0716382
36378,0.00860916,0.0355128,0.0304911
36379,-0.0269036,0,-0.0282525
36380,-0.0484265,0.365755,0.0363819
36381,0.0322843,-0.391717,-0.0714843
36382,0.0165457,0.382031,0.0965769
36383,0.00914723,0.0104924,0.00285282
36384,-0.0302666,-0.405976,-0.135498
36385,-0.085688,-0.151736,-0.244495
36386,0.0274417,0.925081,0.266243
36387,-0.0123757,-0.438394,-0.17353
36388,0.143396,1.03552,0.47898
36389,-0.0325534,0.388892,-0.00876888
36390,-0.177833,-3.12889,-1.24279
36391,-0.00376651,-0.254374,-0.0905477
36392,-0.0134518,-0.00470813,-0.0210888
36393,0.0157386,0.0291904,0.0117288
36394,-0.0318808,-0.129003,-0.143505
36395,0.0421042,0.407993,0.225982
36396,0.0960459,1.46315,0.612331
36397,0.077886,2.0814,0.750056
36398,0.0100889,-0.0188325,-0.0645127
36399,0.0652413,0.664385,0.290482
36400,0.334412,7.51875,3.01516
36401,-0.00322843,0.0673935,0.00566152
36402,-0.913109,-13.8552,-6.03888
36403,-0.12833,-1.90182,-1.03723
36404,-0.0698149,-0.594301,-0.312249
36405,0.0605331,0.0637616,0.0806957
36406,-0.0476194,-0.0348402,-0.0631841
36407,0.0699494,0.0547489,0.0569207
36408,-0.00834012,-0.0106269,-0.0363171
36409,0.0425077,0.0566321,0.0502364
36410,0.0107614,0.0382031,0.0314655
36411,-0.0839393,-0.100889,-0.124852
36412,0.000941626,0.486283,0.186316
36413,0,0.0269036,0.0167412
36414,-0.436377,-4.58559,-2.41745
36415,-0.0162767,-0.0230026,-0.0317166
36416,-0.0134518,-0.0605331,-0.0460708
36417,0,0.0538072,-0.00565523
36418,0.117434,0.650529,0.370233
36419,0.0504443,0.0255584,0.00763387
36420,-0.0760027,-0.98669,-0.492783
36421,0.334277,4.34709,2.03441
36422,-0.0663174,0.0426422,0.0287827
36423,0.0531346,-0.0263655,-0.0495081
36424,0.0379341,0.850961,0.319946
36425,0.0376651,0.436915,0.231701
36426,-0.279529,-2.80349,-1.44907
36427,-0.00269036,-0.0308046,-0.018142
36428,-0.0309392,-0.0544798,-0.116864
36429,-0.195858,-3.1492,-1.39569
36430,0.0804418,2.39079,0.950289
36431,0.0582463,0.329704,0.205343
36432,-0.266749,-2.54925,-1.2801
36433,-0.119048,-1.37249,-0.701407
36434,-0.14084,-2.33712,-1.22312
36435,0.199759,2.40169,1.23022
36436,0.029594,0.669093,0.268332
36437,0.262848,3.88071,1.58009
36438,0.010896,0.439067,0.121281
36439,0.126447,-0.259351,0.0652806
36440,0.0403554,-0.0149315,-0.0413947
36441,-0.0134518,-0.0232716,0.0013283
36442,-0.0595915,-0.109901,-0.149442
36443,0.0154696,0.0154696,0.0105227
36444,0.0839393,0.0912032,0.0994038
36445,0.304818,3.78413,2.07384
36446,-0.0107614,0.029594,-0.00900571
36447,0.014797,-0.530001,-0.162118
36448,-0.0014797,0.0180254,-0.00549459
36449,0.118241,2.27699,0.918296
36450,0.0790966,0.509554,0.199258
36451,-0.0195051,0.274686,0.0622254
36452,0.014528,0.0279798,0.0146914
36453,-0.283295,-5.28764,-2.12885
36454,-0.00067259,-0.0509823,-0.0256245
36455,0.0107614,0.85002,0.35225
36456,-0.0103579,-0.0435839,-0.0536346
36457,-0.411894,-4.75158,-2.84277
36458,0.0242133,-0.0164112,0.0278258
36459,0.0477539,0.617976,0.208553
36460,0.0474849,1.11811,0.713681
36461,0.0711601,0.482382,0.249263
36462,0.0123757,0.0274417,0.0109279
36463,-0.0283833,0.730837,0.245916
36464,-0.00766753,-0.00538072,-0.0161518
36465,0.030132,0.00470813,0.0558877
36466,0.104251,0.804014,0.372267
36467,0.0774824,1.05624,0.502288
36468,-0.212942,-3.11154,-1.56209
36469,-0.0134518,0.0166802,0.021691
36470,0.0505788,0.0959114,0.0749332
36471,0.128196,1.2334,0.599013
36472,0.0196396,1.12511,0.44562
36473,0.106942,1.17017,0.515091
36474,0.00941626,0.618783,0.163472
36475,0.00981982,-0.0180254,-0.00453103
36476,0.018429,0.606811,0.181047
36477,-0.222493,-4.92107,-2.15051
36478,-0.00793657,-0.0702184,-0.0573727
36479,-0.178371,-2.63279,-1.35118
36480,0.0285178,0.0316117,0.0106769
36481,0.0873022,1.5779,0.68121
36482,-0.0321498,-0.620801,-0.286009
36483,-0.0503098,-1.16345,-0.491224
36484,-0.0396828,-0.0733123,-0.105698
36485,-0.00807108,-0.553676,-0.182148
36486,-0.0122411,-0.414181,-0.285623
36487,-0.0509823,0.0227336,0.0104289
36488,-0.0387412,-0.609501,-0.275123
36489,-0.134653,-3.14355,-1.49242
36490,-0.0107614,0.481575,0.117278
36491,-0.0659139,-1.25559,-0.597189
36492,-0.18994,-1.74658,-1.14786
36493,-0.261369,-5.99601,-2.72774
36494,-0.207561,-1.50983,-1.02316
36495,-0.252759,-3.61504,-1.93146
36496,0.142993,2.13238,0.92029
36497,0.139764,1.05798,0.602101
36498,0.0425077,1.71833,0.726478
36499,0.0269036,0.0801728,0.0267602
36500,-0.0322843,-0.452653,-0.318367
36501,0.311813,3.18324,1.70102
36502,0.0956423,0.937591,0.417834
36503,-0.227201,-2.13453,-0.96622
36504,0.0540763,0.50525,0.165046
36505,-0.0835357,-0.96019,-0.465542
36506,-0.0082056,0.0353783,0.0337276
36507,0.0550179,0.390371,0.232629
36508,-0.0550179,-0.100216,-0.115709
36509,-0.0914723,-2.12848,-0.880968
36510,0.366965,6.22012,2.81036
36511,0.00484265,0.179985,0.0478446
36512,-0.140706,-1.87464,-0.92289
36513,-0.0137208,-0.0305356,-0.049443
36514,0.000269036,0.0231371,0.0172807
36515,0.0263655,-0.211193,-0.0541318
36516,0.104251,1.90074,0.892667
36517,-0.0390102,-0.377727,-0.331404
36518,-0.0618783,-1.04104,-0.51306
36519,-0.0201777,-0.847598,-0.295837
36520,0.152005,1.91715,0.860502
36521,0.100889,0.960324,0.544784
36522,0.00874367,-0.0164112,-0.0265254
36523,-0.124833,-1.00498,-0.582979
36524,-0.110843,-1.97311,-0.97171
36525,-0.190747,-2.5779,-1.13988
36526,0.097122,1.03431,0.523159
36527,0.238231,2.68283,1.33543
36528,-0.150257,-2.4333,-1.17903
36529,0.0302666,0.569549,0.178003
36530,0.000134518,-0.580849,-0.226228
36531,0.0914723,0.640171,0.316986
36532,-0.0052462,0.3141,0.118085
36533,-0.0813834,-1.45495,-0.700295
36534,0.0305356,0.0702184,0.10175
36535,0.0207158,0.0200432,0.0165842
36536,-0.00659139,0.011165,-0.0119387
36537,-0.0574392,-0.070891,-0.126897
36538,-0.0271726,-0.884725,-0.397609
36539,-0.0813834,-1.81182,-0.827628
36540,-0.00618783,-0.341138,-0.0613683
36541,0.0770789,0.543722,0.250273
36542,0.176084,0.911494,0.43277
36543,-0.0913378,-0.899388,-0.44555
36544,-0.0208503,-0.0343021,-0.0417007
36545,0.0242133,0.0149315,0.0170487
36546,-0.147835,-0.909477,-0.488941
36547,0.181734,1.02314,0.609386
36548,0.0103579,0.0265001,0.0146286
36549,-0.00605331,-0.0199087,-0.059018
36550,0.100485,0.981444,0.589417
36551,0.0540763,0.0583808,0.0479142
36552,-0.00121066,-0.0953733,-0.148385
36553,-0.109094,-0.927233,-0.450237
36554,0.0312082,0.749131,0.25176
36555,-0.00793657,0.0200432,-0.0052803
36556,0.0676626,0.374767,0.179787
36557,-0.0138554,-0.332529,-0.164647
36558,-0.0285178,0.081787,-0.0754625
36559,-0.0287869,-0.0691423,-0.0782512
36560,0.0621473,0.412701,0.220184
36561,-0.342483,-4.40681,-2.17813
36562,-0.0204467,-0.152274,-0.0491451
36563,0.00349747,0.339793,0.284845
36564,0.0211193,0.578562,0.207588
36565,0.172318,1.05556,0.654514
36566,-0.159673,-1.08395,-0.707632
36567,-0.127792,-1.48199,-0.72517
36568,0,0.00336295,-0.0115345
36569,-0.0121066,-0.306432,-0.122328
36570,0.0910687,1.18739,0.553478
36571,-0.0265001,-0.245765,-0.12438
36572,-0.00228681,-0.056094,-0.0662136
36573,0.318001,4.38556,1.94681
36574,-0.00470813,-0.498389,-0.221776
36575,0.109632,1.65,0.690937
36576,-0.0734469,-1.67623,-0.648778
36577,0.0608022,0.544529,0.216555
36578,-0.0293249,-0.50108,-0.174608
36579,-0.0656448,-0.3406,-0.251759
36580,-0.0912032,-1.24913,-0.529189
36581,-0.110977,-0.381224,-0.27153
36582,-0.0439874,-1.28519,-0.633675
36583,-0.0117031,-0.686849,-0.341675
36584,0.156445,1.0331,0.540473
36585,-0.0601296,-0.0642996,-0.100871
36586,0.0336295,0.0800382,0.0704349
36587,-0.0368579,-0.382569,-0.224433
36588,0.0286523,0.0321498,0.0647196
36589,0.041297,0.301455,0.107714
36590,0.179582,1.89509,0.996727
36591,0.149584,1.90626,0.839631
36592,0.0228681,0.3671,0.0938714
36593,-0.0391448,-0.71308,-0.29785
36594,0.00538072,0.0694113,0.027456
36595,0.0238097,-0.0349747,-0.035538
36596,-0.0129137,0.749804,0.234013
36597,0.00390102,-0.0294595,-0.0168862
36598,0.0269036,0.745365,0.342601
36599,-0.0161422,-0.0415661,-0.0484251
36600,-0.10331,-1.47042,-0.69348
36601,0.0160076,-0.0243478,-0.0023345
36602,0.0103579,1.42589,0.601885
36603,0.48857,5.4543,2.48065
36604,0.00874367,-0.0575737,-0.0187322
36605,-0.00470813,0.0215229,-0.00108223
36606,-0.0967185,-0.106538,-0.151594
36607,0.135863,0.209848,0.193574
36608,-0.0486955,-0.910418,-0.357969
36609,-0.329166,-2.82273,-1.39426
36610,-0.154561,-1.25209,-0.799976
36611,0.0166802,-0.0102234,-0.013795
36612,0.00538072,0.0188325,0.00197141
36613,-0.0793657,-2.19063,-0.81982
36614,0.106135,1.25156,0.553875
36615,-0.0901271,-2.25318,-0.904319
36616,-0.0994088,-1.70179,-0.898258
36617,-0.137477,-2.92536,-1.28768
36618,-0.10896,-2.63817,-0.956838
36619,-0.219668,-4.02491,-1.96284
36620,0.0286523,0.482247,0.195916
36621,0.0508478,0.986421,0.35629
36622,0.022061,0.384318,0.152696
36623,0.109632,2.097,0.838571
36624,-0.0174873,0.404227,0.120815
36625,-0.0154696,-0.0260965,-0.0880193
36626,0.0208503,0.300244,0.0226585
36627,0.0488301,0.624029,0.272965
36628,0.0107614,0.517222,0.155345
36629,0.0563631,0.421042,0.206336
36630,0.000134518,0.657255,0.260247
36631,0.297958,3.97407,1.66877
36632,-0.0243478,0.249396,0.0214658
36633,0.0302666,0.0302666,0.029305
36634,0.0067259,0.0067259,0.00485303
36635,0.109498,1.32702,0.634434
36636,-0.0100889,-0.884725,-0.334055
36637,-0.0161422,-0.0573047,-0.0942016
36638,-0.00834012,-0.00174873,0.0478387
36639,0.0559595,0.0305356,0.00194559
36640,0.00659139,0.00659139,-0.000746613
36641,-0.768233,-8.18166,-4.32444
36642,0.113264,1.55516,0.683312
36643,0.0139899,-0.000807108,-0.00959496
36644,-0.00659139,0.0278452,-0.0289214
36645,-0.0129137,-0.0129137,-0.0255051
36646,0.0403554,0.0403554,0.0421111
36647,0.0169493,0.0593225,0.0563039
36648,-0.0472158,-0.104386,-0.123965
36649,0.00121066,0.00121066,-0.00450177
36650,0.0710255,1.68753,0.751583
36651,0.0329569,0.0197742,0.0479742
36652,-0.0396828,-0.0364544,-0.108567
36653,-0.0146625,0.0192361,0.0132593
36654,-0.126312,-1.90545,-0.900419
36655,0.210924,1.24443,0.77171
36656,0.06699,0.984672,0.434052
36657,-0.0126447,-0.631428,-0.219377
36658,-0.0297285,-0.0456016,-0.0586024
36659,0.0134518,0.0396828,0.0349944
36660,-0.00834012,-0.0383376,-0.0482507
36661,-0.456823,-4.63401,-2.46217
36662,0.0587844,0.0488301,0.086694
36663,0.0176219,0.587306,0.169643
36664,-0.100485,-1.13883,-0.483031
36665,0.0396828,-0.501752,-0.125901
36666,-0.0403554,-0.00981982,-0.015689
36667,-0.0659139,-0.565514,-0.366182
36668,0.00739849,0.417141,0.15228
36669,-0.0987363,-1.04117,-0.607034
36670,-0.273879,-4.35906,-1.87043
36671,0.00322843,0.0731778,0.022042
36672,-0.0197742,0.0474849,-0.000174523
36673,0.0963149,1.29568,0.496576
36674,-0.0595915,-0.074523,-0.107786
36675,0.118107,1.04278,0.39927
36676,0.200028,1.45226,0.774202
36677,0.00712946,0.606676,0.157836
36678,-0.0671245,-0.58892,-0.245133
36679,-0.0188325,-0.0808454,-0.0921728
36680,-0.0247513,-0.930596,-0.349949
36681,-0.0242133,-0.0511169,-0.0632495
36682,-0.142858,-1.93397,-0.760491
36683,0.0980637,0.0834012,0.0804961
36684,-0.0430458,-0.0703529,-0.108548
36685,-0.218995,-3.75897,-1.50191
36686,-0.241594,-3.32905,-1.72434
36687,-0.0866296,-0.978753,-0.535503
36688,0.0260965,0.0299975,0.0306362
36689,0.0103579,0.0238097,0.00758661
36690,0.0297285,0.952522,0.387875
36691,0.106673,1.48898,0.752022
36692,0.108018,1.50068,0.692519
36693,-0.00887819,-1.33482,-0.493702
36694,-0.105731,-1.45185,-0.743815
36695,0.010896,-0.018698,-0.0404453
36696,0,0.030132,-0.00471216
36697,0.187249,2.76583,1.32038
36698,0.00497717,-0.00739849,-0.0236532
36699,-0.0213884,0.0216574,-0.0309858
36700,0.0430458,0.0427767,0.04508
36701,-0.0188325,-0.0199087,-0.0331307
36702,0.00901271,0.356742,0.181297
36703,0.0213884,-0.00551524,-0.00781883
36704,0,0.0082056,-0.00714444
36705,0.00269036,0.00282488,-0.00563203
36706,0,-0.0135863,-0.0153352
36707,0,0.0403554,0.0230349
36708,-0.0153351,-0.0994088,-0.0791243
36709,0.0044391,-0.0100889,-0.0094119
36710,0.0450636,1.05906,0.448314
36711,-0.0365889,-0.0562286,-0.0757916
36712,0.00336295,-1.30119,-0.529459
36713,0.0765408,1.53162,0.689121
36714,-0.0392793,-0.0916068,-0.103798
36715,0.0191016,0.0216574,-0.0179062
36716,-0.0152005,-0.0824596,-0.0861577
36717,-0.00901271,-0.00901271,0.0162082
36718,-0.462473,-5.59555,-2.67545
36719,-0.0657793,-1.34532,-0.736299
36720,0.0721017,1.35513,0.740107
36721,-0.0351092,-1.31034,-0.674601
36722,-0.0445255,-0.0527311,-0.0659414
36723,0.0290559,0.437453,0.240799
36724,0.0115686,-0.0287869,-0.0417745
36725,-0.0067259,0.00618783,-0.0146968
36726,0.0252894,0.835895,0.402516
36727,-0.0839393,-2.23287,-1.46952
36728,0.0375305,0.88903,0.773954
36729,0.0977946,1.74013,0.813098
36730,0.0554214,1.38513,0.638568
36731,-0.00470813,-0.048292,-0.0451786
36732,0.0433148,0.930192,0.368804
36733,0.00847464,-0.000807108,-0.031625
36734,0.0834012,1.50337,0.62788
36735,-0.033226,-2.4185,-1.03115
36736,-0.0188325,-0.0217919,-0.051847
36737,0.00928175,-0.0570357,-0.0525322
36738,-0.0100889,-0.42158,-0.159869
36739,-0.0164112,0.380821,0.0827467
36740,0.170703,3.83847,1.593
36741,0.0605331,0.0973911,0.0969312
36742,-0.00121066,0.0525966,0.0230473
36743,0.000538072,-0.00591879,-0.0632953
36744,-0.0112995,0.0052462,0.0350778
36745,-0.0236752,-0.0454671,-0.0628702
36746,-0.141648,-2.50365,-0.944294
36747,0.107614,1.45468,0.598208
36748,0.0363199,0.99503,0.35044
36749,0.0352437,-0.014797,-0.033806
36750,0.00255584,0.402209,0.267961
36751,-0.0134518,-0.0255584,-0.0478275
36752,0.394945,5.53327,2.16833
36753,0.0242133,0.255181,0.111747
36754,-0.0614748,-0.962208,-0.497779
36755,0.0920104,1.43719,0.694792
36756,0.105597,1.82393,0.703887
36757,0.132769,2.69763,1.08255
36758,0.0317463,-0.0399519,-0.0149581
36759,0.00201777,0.537265,0.149204
36760,-0.0442564,-0.902347,-0.310099
36761,-0.0422387,-1.01736,-0.438914
36762,0.063089,1.36899,0.609273
36763,0.278452,3.39053,1.6709
36764,0.0659139,1.26407,0.499074
36765,-0.0082056,-0.0442564,-0.0280294
36766,0.0972566,0.934901,0.437217
36767,-0.0801728,-0.988439,-0.501033
36768,0.0823251,0.532019,0.295795
36769,-0.0427767,-0.428844,-0.199812
36770,0.000941626,-0.0394138,-0.0219634
36771,-0.0625509,-1.14542,-0.543427
36772,0.0808454,1.08865,0.49499
36773,-0.00242133,-0.0427767,-0.0631654
36774,0.0192361,0.0473504,0.0303122
36775,0.00390102,-0.0330914,-0.0344332
36776,-0.0146625,-0.0403554,-0.0405497
36777,0.0746575,0.513994,0.274564
36778,-0.241863,-2.72238,-1.39329
36779,0.0361854,0.0227336,0.0685176
36780,-0.0135863,-0.0387412,-0.047471
36781,0.0130483,0.47727,0.210611
36782,-0.00363199,0.560671,0.168618
36783,0.0196396,0.0173528,0.0146893
36784,0.302262,2.52881,1.31723
36785,0,0.0168148,-0.0230537
36786,0.0832667,2.0701,0.819097
36787,-0.0377996,-0.0842083,-0.0669697
36788,-0.026231,-0.0617438,-0.0555372
36789,0.0369925,0.971086,0.38161
36790,0.12981,2.09189,0.8336
36791,0.0976601,1.31155,0.657192
36792,-0.0168148,-0.0316117,-0.0346464
36793,0.0484265,0.0322843,0.0357355
36794,-0.130079,-1.30711,-0.623396
36795,0.118645,1.26918,0.554689
36796,-0.0168148,-0.0302666,-0.0533688
36797,0.0168148,0.0365889,0.0214668
36798,0.276435,2.60938,1.35649
36799,0.0193706,0.438663,0.167631
36800,0.0691423,0.761776,0.387399
36801,0.0360508,0.0360508,0.0341943
36802,-0.0014797,-0.111919,-0.077982
36803,-0.00107614,-0.00363199,-0.00879188
36804,-0.196531,-1.43719,-0.831036
36805,0.0437184,1.21483,0.484481
36806,-0.0750611,0.198145,0.00353305
36807,0.0143934,0.545202,0.18333
36808,0.0430458,0.104386,0.0869159
36809,-0.287869,-4.56823,-2.57911
36810,0.018967,0.018967,0.0208232
36811,-0.00726398,0.824865,0.36681
36812,0.00860916,0.022061,0.0237477
36813,0.00134518,0.296343,0.13236
36814,0.0267691,0.0543453,0.0507181
36815,0.044391,0.69492,0.297215
36816,0.126851,1.2295,0.527842
36817,0.0134518,0.0566321,0.0614337
36818,0.0281143,0.444851,0.138658
36819,0.0813834,0.785451,0.478227
36820,0.0898581,2.40303,0.958768
36821,-0.00269036,0.010896,0.0153275
36822,-0.0411625,-0.134518,-0.138858
36823,-0.00403554,0.0067259,-0.0160059
36824,0.0577082,0.0442564,0.0604689
36825,0.02233,0.0492336,0.0635826
36826,0.0680661,0.108422,0.0706686
36827,0.123084,1.33899,0.853795
36829,0.0134518,0.067259,0.0597063
36830,0.439067,4.12661,1.95454
36831,-0.294595,-2.12068,-1.14201
36832,0.096584,1.12323,0.616494
36833,0.0503098,0.0429113,0.0280447
36834,0.0411625,0.0870332,0.090412
36835,-0.437991,-4.88677,-2.33377
36836,0.191957,1.67408,0.711788
36837,0.00067259,0.586902,0.216714
36838,-0.116762,-1.95603,-0.889308
36839,0.00632235,0.638557,0.217489
36840,-0.0121066,-0.0773479,-0.000731242
36841,0.0579773,0.0827286,0.108611
36842,-0.0297285,-0.0297285,-0.0811573
36843,-0.00941626,-0.0359163,-0.082247
36844,-0.129541,-1.40074,-0.706087
36845,0.786258,5.821,3.13235
36846,0.439605,6.91073,2.8448
36847,-0.200163,-3.02706,-1.37989
36848,0.0809799,2.18915,0.896412
36849,-0.360374,-3.29166,-1.53779
36850,-0.367234,-5.68904,-2.43003
36851,0.0517895,1.31814,0.474467
36852,-0.146759,-1.72829,-0.71227
36853,0.0688732,0.191823,0.203372
36854,-0.00390102,-0.0661829,-0.103801
36855,0.0138554,0.371404,0.17273
36856,0.030132,-0.0102234,-0.0534475
36857,0.0299975,0.598605,0.269281
36858,-0.0341676,-0.652413,-0.399489
36859,0.0278452,0.585288,0.288929
36860,0.0862261,1.24443,0.47395
36861,0.225049,4.07307,1.33258
36862,0.0157386,2.31223,0.655214
36863,-0.00914723,-0.848136,-0.362803
36864,-0.256257,-3.45698,-1.30817
36865,-0.0014797,-0.632773,-0.205522
36866,0.247244,2.69426,0.934148
36867,0.00363199,0.0477539,0.0110922
36868,-0.000134518,0.57493,0.166716
36869,0.245765,3.36013,1.43754
36870,-0.100485,-1.53324,-0.835009
36871,0.0599951,0.134384,0.17014
36872,-0.299437,-3.75346,-1.51542
36873,0.00242133,0.610443,0.23635
36874,-0.00134518,-0.00121066,-0.0111261
36875,-0.025693,-1.48683,-0.542934
36876,0.232582,4.53286,1.73879
36877,0.0182945,-0.0287869,-0.0440972
36878,-0.0215229,-0.0570357,-0.0701077
36879,0.0423732,0.899791,0.42908
36880,0.797558,7.83245,4.48897
36881,0.311947,0.824327,0.527554
36882,0.00336295,0.0168148,0.0197312
36883,0.128734,2.61126,0.974573
36884,-0.0793657,-1.44768,-0.675511
36885,-0.184693,-3.66158,-1.51622
36886,-0.0260965,-0.0480229,-0.0763072
36887,-0.160615,-1.77483,-0.763841
36888,0.190881,2.76354,1.10844
36889,-0.011434,0.00497717,-0.0146245
36890,0.113399,1.75304,0.6293
36891,2.90855,16.9685,12.8102
36892,-0.02233,-4.41461,-1.95325
36893,0,-0.0376651,-0.0764549
36894,0.0317463,0.0616093,0.0469701
36895,0.119452,4.55707,2.19869
36896,0.0505788,0.0790966,0.0514295
36897,-0.0134518,-0.0403554,-0.0357813
36898,0.145145,9.20897,3.56296
36899,0.170569,4.12392,1.47704
36900,0.265001,8.49616,2.43034
36901,-0.22895,5.53851,1.26609
36902,0.289886,1.85541,0.938697
36903,0.321902,6.15353,2.50859
36904,0.0135863,0.04466,0.0443517
36905,0.174873,1.72022,0.788477
36906,-0.0195051,-0.0998124,-0.220441
36907,0.0887819,0.156041,0.172989
36908,0.343021,4.07684,2.09041
36909,0.20662,1.70367,0.796766
36910,-0.827152,-9.69848,-4.39142
36911,0.671918,7.11506,3.2327
36912,0.315848,1.87545,0.913605
36913,-0.0353783,0.0462742,0.0461738
36914,0.0067259,-0.0067259,-0.0201724
36915,-0.245361,-3.52114,-1.57462
36916,0.0466778,1.7599,0.729639
36917,0.0936246,1.75963,0.749181
36918,5.33687,12.5523,12.6701
36919,0.0133173,-0.0270381,0.0211427
36920,-3.23529,-17.3886,-12.4511
36921,-0.178505,-3.0693,-1.49527
36922,0.173797,0.691692,0.466726
36923,-0.140975,-1.41809,-0.778809
36924,0.0663174,0.663578,0.335039
36925,-0.0044391,-0.0014797,0.00108887
36926,0.0490991,0.736217,0.311043
36927,0.0675281,0.815718,0.35404
36928,-0.0067259,-0.0067259,-0.00468111
36929,0.0029594,-0.00995434,-0.00902324
36930,0.190209,2.28425,1.11359
36931,-0.0242133,-0.707161,-0.300098
36932,-0.0684697,-1.58314,-0.744835
36933,0.014797,0.0103579,0.00812763
36934,0.0134518,-0.0269036,0.0063795
36935,-0.144876,2.72762,0.926392
36936,-0.0317463,-1.34141,-0.460432
36937,0.126043,1.56929,0.643665
36938,0.0653758,1.69641,0.568261
36939,0.214825,5.36754,2.21795
36940,0.436915,21.7981,6.87425
36941,0.066721,0.0963149,0.0966841
36942,0.536996,7.66242,2.64521
36943,0.0269036,0.0269036,0.027679
36944,-0.0677971,-0.0947007,-0.139775
36945,0.00834012,-0.0320153,-0.047811
36946,0.00551524,-0.0855535,-0.105999
36947,-0.260831,-2.43491,-1.09947
36948,-0.14528,-5.00098,-1.11758
36949,0.0507133,0.0776169,0.0841879
36950,0.109901,5.019,1.09261
36951,0.0387412,2.22991,0.768646
36952,0.0309392,0.0509823,0.0615677
36953,0.0665864,0.0733123,0.118019
36954,-0.0293249,1.25102,0.484172
36955,-0.317597,-9.08979,-3.00747
36956,0.191554,5.20935,1.3376
36957,4.48241,7.5965,7.6049
36958,-0.396559,-8.33286,-3.40014
36959,-0.0174873,-0.0430458,-0.0365817
36960,0.00107614,0.0637616,0.0533607
36961,-0.118241,-2.1909,-0.893324
36962,0.101158,1.12215,0.532113
36963,0.0949698,1.19264,0.51655
36964,0.0427767,-0.0134518,0.0110717
36965,0.127792,3.12593,1.11084
36966,0.00847464,0.929251,0.237238
36967,-0.0387412,-1.00122,-0.343866
36968,0.113937,1.25519,0.500304
36969,-0.0267691,-0.0127792,-0.0358257
36970,-0.00309392,-0.0247513,-0.0147932
36971,0.11434,2.09162,0.875896
36972,0.0141244,-0.0297285,-0.0190943
36973,0.0294595,0.0527311,0.046861
36974,0.00632235,-0.133711,-0.0723655
36975,5.03851,11.8194,9.69777
36976,-0.0067259,0.052193,0.0264291
36977,0.0765408,0.753167,0.306379
36978,-0.0795002,-1.77443,-0.640013
36979,0.04466,1.0101,0.32788
36980,0.0326879,-0.901271,-0.237077
36981,0.120528,1.80133,0.803611
36982,-0.000941626,0.0251549,-0.0204698
36983,-0.0181599,-0.0661829,-0.14639
36984,-0.0824596,-0.832667,-0.394987
36985,0.0200432,0.728281,0.210115
36986,-0.459379,-9.19189,-3.62427
36987,-0.0168148,0.0134518,-0.0220355
36988,-1.11273,-14.2592,-7.14684
36989,0.156983,1.08193,0.573654
36990,0.151333,1.55516,0.754337
36991,0.0131828,0.570491,0.192138
36992,-0.0503098,-0.627527,-0.278593
36993,-0.0548834,-1.53835,-0.672354
36994,0.0067259,-0.0598605,-0.0442383
36995,0.663174,7.36137,3.86101
36996,-0.184559,-1.64946,-0.897227
36997,-0.0166802,-0.41593,-0.135051
36998,-0.0160076,-0.0437184,-0.0585064
36999,0.00201777,0.00282488,-0.0086073
37000,-0.0173528,-1.48118,-0.382796
37001,-0.00941626,-0.606811,-0.322909
37002,0.127927,1.83469,0.837997
37003,-0.0501752,-0.0838048,-0.12987
37004,-0.0445255,-1.16762,-0.447869
37005,0.0096853,0.0231371,0.0257598
37006,-0.534575,-6.30648,-3.17588
37007,0.0135863,0.026231,0.0127966
37008,-0.0372615,-4.57052,-1.7582
37009,0.162767,1.99221,0.856837
37010,0.089051,0.612192,0.350525
37011,0.0593225,0.532422,0.239703
37012,-0.0322843,-0.0234061,-0.065293
37013,0.194379,1.62713,0.778982
37014,-0.0702184,-0.556501,-0.299869
37015,0.015066,0.472966,0.168415
37016,-0.0729088,-1.68551,-0.67652
37017,0.0513859,0.820022,0.304835
37018,0.0955078,1.67583,0.715978
37019,-0.191554,-1.89079,-0.916828
37020,-0.117569,-1.28855,-0.640176
37021,0.0265001,-0.511034,-0.138684
37022,0.0952388,0.678106,0.346933
37023,0.0309392,0.101292,0.0567826
37024,0.731509,8.14171,4.0188
37025,-0.184424,-1.87626,-0.885186
37026,-0.0185635,-0.538072,-0.196135
37027,-0.00618783,-0.0357818,-0.0445863
37028,-0.026231,-0.5526,-0.206451
37029,-0.106269,-1.89859,-0.893874
37030,-0.0192361,0.022599,-0.0226889
37031,-0.0118376,-0.906786,-0.406266
37032,-0.132231,-1.1804,-0.695687
37033,0.0749266,1.0405,0.536293
37034,0.000269036,0.0143934,-0.00364132
37035,-0.137881,-2.01306,-1.16416
37036,0.11017,0.680123,0.321506
37037,0.0688732,1.07144,0.487735
37038,0.0665864,1.08153,0.577886
37039,-0.0476194,-1.0861,-0.600171
37040,0.0102234,0.0398173,0.0191252
37041,-0.0844773,-1.14677,-0.508115
37042,-0.0700839,-1.11946,-0.472407
37043,0.0624164,1.14663,0.494085
37044,0.00659139,0.00928175,-0.0122293
37045,0.0134518,0.511841,0.221494
37046,0.121201,1.96464,1.07003
37047,-0.0234061,-0.175412,-0.186621
37048,0.00201777,-0.00564976,-0.00582792
37049,0.0289214,0.0289214,0.0262852
37050,-0.0944317,-1.18282,-0.645171
37051,-0.018429,-0.0523275,-0.0699589
37052,-0.0130483,0.0138554,-0.00985247
37053,-0.0044391,0.0156041,0.00825301
37054,0,-0.00067259,-0.0117381
37055,-0.378803,-3.38165,-1.84559
37056,-0.381628,-4.66899,-2.10015
37057,0.0761372,0.417006,0.0974011
37058,0.0913378,1.10937,0.50379
37059,-0.0871677,-0.0554214,-0.172202
37060,0.00309392,-0.0103579,0.0186673
37061,-0.0067259,-0.0067259,-0.0203384
37062,-0.0831322,-1.17031,-0.529644
37063,0.0267691,0.971489,0.306496
37064,0.0622819,0.612192,0.321896
37065,0.033764,-0.0425077,-0.0701068
37066,0.0733123,0.599412,0.339059
37067,-0.0396828,-0.567397,-0.31524
37068,0.0152005,0.564707,0.271644
37069,-0.145414,-1.72829,-0.868526
37070,-0.0196396,-0.572105,-0.268958
37071,-0.158597,-2.27457,-0.942707
37072,0.449694,5.01712,2.36318
37073,-0.0466778,-0.102906,-0.182709
37074,-0.00605331,-0.0564976,-0.0887501
37075,0.0995434,1.00808,0.470884
37076,0.29177,4.17921,2.08415
37077,-0.0161422,-0.568204,-0.264389
37078,-0.19411,-3.22668,-1.63395
37079,-0.041297,-0.115955,-0.0929542
37080,0.137612,2.71807,1.18999
37081,0.0134518,0.011434,0.00525073
37082,0.659946,5.4426,2.92794
37083,-0.0691423,-0.15362,-0.143805
37084,0.0430458,0.0429113,0.045303
37085,0.0195051,0.0195051,0.0156452
37086,-0.0204467,-0.165457,-0.0840745
37087,0.00134518,0.014797,0.000533575
37088,-0.136132,-2.36685,-1.08317
37089,-0.0364544,-0.0380686,-0.0717624
37090,0.0762717,0.912032,0.414243
37091,0.0780205,0.0523275,0.0624555
37092,0.101696,1.52584,0.716243
37093,-0.0934901,-1.50701,-0.78267
37094,-0.0617438,-0.938263,-0.437528
37095,-0.000269036,-0.0137208,-0.015829
37096,0.288945,2.58934,1.40418
37097,0.0134518,0.0863606,0.0332584
37098,-0.0343021,-0.0470813,-0.0749708
37099,0.00067259,-0.00578428,-0.0111983
37100,0.00726398,-0.349881,-0.145723
37101,0.0372615,0.429247,0.200706
37102,0.0255584,0.534978,0.207821
37103,0.0107614,0.00417006,0.00210461
37104,-0.00807108,-0.014797,-0.0228068
37105,0.119318,0.0422387,0.0904322
37106,-0.0846119,0.666133,0.0616979
37107,-0.044391,-0.00430458,-0.0242131
37108,10.7413,11.6973,13.9968
37109,0.0996779,1.94015,0.72805
37110,0.0458707,1.07762,0.471613
37111,0.0490991,0.720748,0.352927
37112,0.227201,2.56217,1.15138
37113,-0.0683352,-0.765542,-0.347489
37114,0.0129137,0.00941626,0.0201339
37115,0.290963,3.33766,1.50821
37116,-0.0629545,-0.853786,-0.406923
37117,0.330511,5.39606,1.994
37118,0.286927,5.08115,1.67012
37119,0.221551,2.70085,1.28074
37120,0.0322843,0.0052462,0.00287072
37121,0.0663174,2.58799,0.952068
37122,0.195589,2.80201,1.31265
37123,-0.00188325,0.0601296,0.0319428
37124,0.0305356,-0.0408935,-0.000515827
37125,-0.0141244,-0.0142589,-0.0272648
37126,-0.578159,-8.75457,-3.76384
37127,0.0579773,0.577621,0.245392
37128,-0.0251549,-0.0556905,-0.0510581
37129,0.0761372,2.43626,0.802128
37130,0.137612,2.604,1.06695
37131,0,0.0606676,0.028164
37132,0.0898581,-0.0786931,-0.0183408
37133,-0.00605331,2.05328,0.783325
37134,-0.00376651,-2.05288,-0.739079
37135,-0.074254,-0.1703,-0.151537
37136,-0.022599,-2.4754,-0.826625
37137,0.0516549,2.57037,0.906349
37138,0.0790966,2.53271,0.971646
37139,0.00834012,0.0357818,0.0291032
37140,0.0377996,0.105328,0.113183
37141,-0.0571702,-0.0326879,-0.0330622
37142,0.0107614,0.0546143,0.0420379
37143,-0.0737159,-0.188191,-0.203384
37144,0.0232716,0.0760027,0.050148
37145,0.0359163,0.1703,0.0930322
37146,0.324458,5.12352,3.03465
37147,0.00309392,0.0299975,0.00877648
37148,1.33146,2.10265,3.39727
37149,0.00941626,-0.0273072,-0.00628707
37150,0.0722362,2.86443,0.878462
37151,0.107614,0.190343,0.159709
37152,-0.067259,46.6223,3.13324
37153,-0.0486955,-47.7623,-3.88376
37154,-0.0283833,-1.40544,-0.367328
37155,-0.000134518,-0.0768098,-0.0516274
37156,0.165054,49.5418,4.29501
37157,0.056094,46.9225,3.97214
37158,-0.651067,-104.572,-11.1755
37159,0.226663,2.73448,1.18644
37160,0.0628199,1.36078,0.617167
37161,0.0945662,3.3308,0.980994
37162,0.00470813,-0.010896,0.00619364
37163,0.0195051,96.2223,7.53825
37164,0.109094,0.621608,0.405751
37165,0.0258275,0.0123757,0.0216618
37166,0.00228681,0.0250204,2.55506e-06
37167,-0.00860916,-47.1817,-3.72821
37168,-0.305625,-51.6805,-4.8804
37169,-0.119183,-2.23999,-0.690589
37170,0.0538072,0.0283833,0.0550481
37171,0.00941626,0.0221955,0.00913478
37172,0.0957769,2.15767,0.692001
37173,-0.026231,1.3129,0.371922
37174,0.0215229,0.622012,0.218827
37175,-0.516011,-7.07659,-2.70364
37176,0.0103579,-0.0165457,0.0226864
37177,0.0277107,-0.0390102,-0.0613598
37178,0.0751956,1.16156,0.440263
37179,-0.0551524,0.0425077,0.0257884
37180,0.129137,2.05301,0.752928
37181,0.0808454,0.0976601,0.113622
37182,-0.218457,-1.60951,-0.663798
37183,0.0430458,1.00606,0.327249
37184,0.102906,0.691961,0.431232
37185,0.286254,3.41622,1.45983
37186,-0.0195051,-0.0361854,-0.0633632
37187,-0.175277,-1.66628,-0.834691
37188,0.0283833,0.0469468,0.0676258
37189,-0.0200432,0.0052462,-0.0254736
37190,0.133173,1.8164,0.68308
37191,0.0698149,1.75613,0.718716
37192,-0.0247513,-0.00955078,-0.0468007
37193,0.0934901,0.547758,0.26902
37194,0.0208503,-0.0329569,-0.0065486
37195,-0.208234,-2.33618,-0.906497
37196,-0.000134518,-0.0283833,-0.0167144
37197,0.0329569,0.0999469,0.106973
37198,-0.0274417,1.61301,0.463176
37199,0.0133173,-1.51709,-0.378264
37200,-0.339793,-3.1905,-1.4323
37201,0.121066,3.25507,1.29492
37202,0.285313,0.407993,0.432999
37203,0.0733123,2.00957,0.790824
37204,0.0310737,0.0466778,0.0384666
37205,0.0127792,47.0293,3.34633
37206,0.0563631,0.112188,0.107588
37207,-0.00322843,46.8073,3.64912
37208,0.0165457,-46.7505,-3.62647
37209,-0.14501,-47.3069,-3.63373
37210,-0.0181599,-0.0598605,-0.0214264
37211,0.0868987,0.0734469,0.0979709
37212,-0.0121066,-0.00067259,-0.021008
37213,-0.330376,-5.23141,-1.79583
37214,0.0419696,-0.00914723,0.0463882
37215,0,-0.0141244,-0.0132878
37216,-0.107211,-1.54292,-0.584579
37217,-0.132904,-2.90559,-1.1136
37218,-0.121604,-1.49638,-0.665559
37219,0.00847464,-0.0468123,-0.00989142
37220,0.0870332,0.552735,0.271728
37221,0.23312,2.74134,1.15908
37222,0.0209848,0.737159,0.224083
37223,0.0677971,0.469334,0.19176
37224,0.0430458,1.49598,0.416528
37225,0.0875713,1.21174,0.476673
37226,0.0248858,0.504308,0.301432
37227,0.0195051,1.23649,0.440829
37228,-0.0570357,-1.63291,-0.522544
37229,-0.0532692,-1.15484,-0.382896
37230,-0.0466778,-0.0431803,-0.0324123
37231,0.0188325,0.0299975,-0.000845504
37232,0.0242133,-0.000941626,0.0198535
37233,0.0193706,0.0156041,0.0167159
37234,-0.0142589,1.03619,0.261358
37235,0.12712,0.453595,0.373872
37236,-0.00659139,0.033764,0.000330632
37237,0.0505788,0.044929,0.0479263
37238,-0.0169493,-0.0737159,-0.0173295
37239,-0.00242133,-0.0235407,-0.0788172
37240,0.0696804,0.0964495,0.102515
37241,-0.00591879,0.00753301,-0.0315711
37242,-0.0795002,-0.0967185,-0.106185
37243,0.0134518,-0.0269036,-0.0257769
37244,0.0135863,0.0135863,0.00813228
37245,-0.000134518,0.0131828,-0.00297599
37246,0.0569011,1.84451,0.578557
37247,0.459379,98.0038,8.89927
37248,-0.0320153,0.00578428,-0.0318111
37249,0.00605331,0.0603986,0.0408529
37250,0.949159,191.894,58.7434
37251,0.237559,47.5831,23.4709
37252,0.0772134,0.0839393,0.0932131
37253,-0.00215229,0.010896,0.00889461
37254,0.146221,47.3954,22.9378
37255,0.00067259,0.00686042,-0.00398334
37256,0.382704,-0.209041,0.367352
37257,0.0368579,0.797827,0.392756
37258,-0.224107,-47.7671,-22.6033
37259,-0.0727743,-93.1053,-40.2653
37260,0.179716,140.356,62.5803
37261,-0.607484,-280.669,-100.557
37262,0.0852845,0.077886,0.118525
37263,-0.174873,-46.5585,-3.81376
37264,-0.0277107,-0.0811144,-0.0573769
37265,0.0392793,0.0530001,0.041923
37266,-0.0118376,-0.20514,-0.119262
37267,0.048292,0.0368579,0.0537448
37268,0.0329569,0.0464087,0.0366414
37269,0.0174873,46.4814,3.99861
37270,0.0755992,0.536862,0.306664
37271,-0.194917,-92.8411,-7.23783
37272,0.029863,-0.0441219,0.0492931
37273,0.00511169,0.465163,0.0774279
37274,0.0258275,-0.0648377,-0.0146771
37275,0.413509,231.138,44.516
37276,-0.349074,-93.0187,-26.306
37277,0.0403554,0.169224,0.110345
37278,0.0372615,46.2359,13.4989
37279,-0.0751956,-46.36,-13.6043
37280,-0.00134518,-0.0287869,-0.0185595
37281,-0.0127792,0.00228681,-0.0210807
37282,0.0290559,0.029594,0.028831
37283,-0.00699494,0.00780205,-0.0169988
37284,-0.158866,-46.8629,-11.4606
37285,0.063358,0.628334,0.337625
37286,-0.0617438,-0.675819,-0.306766
37287,-0.0134518,0.0232716,-0.0161685
37288,-0.224242,-92.207,-7.15635
37289,-0.0333605,-1.34236,-0.618352
37290,0.00793657,-0.0204467,-0.00674956
37291,-0.303204,-1.60184,-0.982131
37292,0.00242133,0.0690078,-0.020591
37293,-0.00269036,-0.0161422,-0.0157472
37294,0.000134518,0.0801728,0.0409607
37295,0.109767,0.102099,0.146391
37296,-0.0212539,-0.0616093,-0.065534
37297,0.0161422,0.029594,0.0336787
37298,0.209714,2.47029,1.18772
37299,0.0161422,0.0160076,0.0167967
37300,0.266346,0.306432,0.358393
37301,0.132231,92.1886,7.31713
37302,-0.0364544,-45.7325,-3.41101
37303,-0.0712946,0.281277,-0.0510286
37304,0,-0.000134518,-0.0091219
37305,0,-0.0197742,-0.0344114
37306,-0.138419,-46.0701,-3.87028
37307,-0.181061,-0.101965,-0.132806
37308,0.0605331,45.7396,3.37277
37309,-0.0336295,-0.0668555,-0.0785426
37310,-0.0119721,-0.699359,-0.29313
37311,-0.117703,-46.1197,-3.49747
37312,0.067259,0.0956423,0.11377
37313,0.063358,0.00484265,0.075959
37314,-0.000134518,0.534171,0.214618
37315,0.0429113,0.0425077,0.0644319
37316,0.0564976,0.0438529,0.0629936
37317,-0.0201777,-0.00618783,-0.0270311
37318,0,-0.000403554,-0.00930449
37319,-0.00632235,-0.0547489,-0.0495525
37320,-0.0336295,-0.0182945,-0.0485179
37321,0.200028,92.4712,7.37108
37322,-0.0887819,-46.7957,-4.042
37323,-0.00269036,-0.0345711,-0.0336926
37324,0.0162767,0.033764,-0.00217501
37325,0.126581,46.907,4.09517
37326,-0.0480229,-0.58744,-0.338681
37327,0.00403554,-0.0531346,-0.0330308
37328,0.0230026,0.650126,0.25008
37329,0.0134518,-0.0632235,-0.0272127
37330,0,0.0312082,0.00540688
37331,-0.00269036,-0.00269036,-0.0125282
37332,0.00941626,45.7489,11.0638
37333,-0.0437184,-45.7784,-11.1322
37334,0.0149315,-0.0173528,0.00438785
37335,-0.0238097,-0.0154696,-0.0373399
37336,-0.00282488,0.0391448,-0.00551934
37337,0.0106269,-0.00403554,0.00124885
37338,-0.0231371,-46.1892,-3.73585
37339,-0.0312082,-0.04466,-0.071029
37340,0.0813834,45.8466,3.66443
37341,-0.265404,-92.0699,-7.31216
37342,0.0134518,-0.124429,-0.0715878
37343,0.0243478,0.0512514,0.0313853
37344,-0.232716,-1.79003,-0.973308
37345,-0.0134518,-0.011434,-0.0123865
37346,-0.140437,-1.62632,-0.679384
37347,-0.0735814,-1.49584,-0.608481
37348,-0.108018,-1.20811,-0.474386
37349,-0.00403554,-0.0174873,-0.0333826
37350,0.0279798,0.814238,0.304002
37351,0.197607,2.12,1.01777
37352,-0.00390102,-0.0577082,-0.0309778
37353,0,0.0270381,0.00499889
37354,-0.0201777,0.0067259,-0.00850182
37355,0.0196396,0.0200432,0.0160612
37356,-0.00228681,-0.0520585,-0.0692326
37357,0.044391,0.0174873,0.00262913
37358,-0.0336295,-0.0160076,-0.0385123
37359,0.12147,1.48494,0.651178
37360,0.137074,1.59283,0.769968
37361,0.0863606,46.2325,3.61832
37362,-0.0164112,-0.0499062,-0.0371693
37363,0,0.272265,-0.0042973
37364,0.0294595,0.0293249,0.0282143
37365,-0.0773479,-45.9531,-3.56251
37366,0.0741195,45.3712,3.34252
37367,0.000941626,0.0236752,-0.00647887
37368,-0.00928175,-0.0361854,-0.0250592
37369,0.0314772,0.571164,0.295142
37370,-0.0170838,-0.00363199,-0.0339694
37371,0.0470813,0.0240787,0.0410523
37372,-0.00981982,-0.00860916,-0.0175845
37373,0,-0.0134518,-0.0157403
37374,0.0067259,0.0203122,0.00942954
37375,-0.00215229,-0.0149315,-0.0178882
37376,0.0365889,0.0770789,0.0640197
37377,0,0.0178909,-0.00160309
37378,-0.00766753,-0.0480229,-0.0453124
37379,0.0199087,45.966,3.77231
37380,0.0520585,0.0548834,0.0251165
37381,-0.022061,0.0117031,-0.0294224
37382,-0.260023,-91.965,-7.53229
37383,-0.138688,-3.00029,-1.23312
37384,-0.255315,-2.79999,-1.26282
37385,0.0320153,0.0454671,0.0564338
37386,0.0248858,0.0343021,0.0544821
37387,0.0874367,-0.0067259,0.0308951
37388,0.0118376,0.0388757,0.0321868
37389,0.0430458,0.0286523,0.0729699
37390,0.0283833,0.830784,0.321276
37391,0.000134518,-0.714022,-0.257747
37392,0.029594,0.756126,0.299704
37393,-0.0161422,-0.645821,-0.159648
37394,-0.00955078,-0.0499062,-0.088143
37395,-0.0133173,-0.0207158,-0.0452692
37396,-0.0138554,-0.0273072,-0.0330746
37397,-0.251549,-1.29137,-0.680968
37398,0.0152005,-0.011434,0.00544699
37399,0.0134518,0.0805763,0.0110798
37400,-0.022061,-0.0383376,-0.0607567
37401,-0.000134518,0,-0.00922026
37402,0.323516,2.61557,1.42533
37403,0.0843428,0.188056,0.11658
37404,-0.0134518,-0.0655103,-0.0614951
37405,0.118241,1.50687,0.577608
37406,-0.00269036,-0.00269036,-0.0125282
37407,-0.0847464,-1.42145,-0.502648
37408,0.374364,3.01334,1.305
37409,0.191688,46.6689,3.84553
37410,-0.289079,-46.7511,-3.93731
37411,-0.014797,-0.0282488,-0.0470601
37412,0.0134518,0.0406245,0.0165784
37413,-0.0118376,-0.0527311,-0.0573361
37414,0.0873022,0.100754,0.104921
37415,-0.201777,1.56125e-17,-0.211618
37416,-0.0135863,-0.00645687,-0.0151111
37417,0.537803,46.6946,4.3365
37418,0.139899,46.2491,3.87619
37419,0.0180254,0.0182945,0.0257981
37420,0,-0.0738504,-0.0297891
37421,0.341138,91.9969,24.968
37422,0.0320153,0.0673935,0.103146
37423,0.0493681,45.6175,12.1694
37424,0.0509823,0.0439874,0.041081
37425,-0.148642,-45.7113,-12.3851
37426,0.0134518,-0.055825,-0.00548807
37427,0.00484265,0.0527311,0.0319564
37428,-0.615555,-0.693575,-0.869708
37429,-0.00578428,-0.00564976,-0.0137979
37430,0.00686042,-0.00659139,-0.0207731
37431,0.015066,0.0418351,0.0152641
37432,0,0.0134518,-0.00816786
37433,0.282488,0.278049,0.357681
37434,0.0466778,0.235003,0.126604
37435,-0.417275,-0.56242,-0.699033
37436,-0.000538072,0.0129137,-0.00885085
37437,0.0951043,0.108556,0.11798
37438,0.0948352,0.0934901,0.106581
37439,0.0067259,0.0201777,0.00579842
37440,-0.0267691,-0.0402209,-0.0494664
37441,0.000134518,-0.0351092,0.0128034
37442,0,-0.0135863,-0.0123677
37443,0.119452,45.5489,12.3027
37444,0.0285178,0.0839393,0.0439568
37445,0.018429,-0.0135863,0.00470969
37446,-0.00417006,-0.0581118,-0.0870286
37447,0.00941626,0.0571702,0.0182725
37448,0.0509823,0.0240787,0.0269237
37449,-0.0289214,-0.00201777,-0.0385044
37450,-0.00941626,-0.00282488,-0.0217779
37451,-0.00780205,-0.0348402,-0.023919
37452,0.00269036,-0.0107614,-0.00891724
37453,-0.014797,0.33078,0.102409
37454,0.00780205,0.0478884,0.0080459
37455,0,-0.00807108,-0.00740784
37456,0.0182945,0.0182945,0.0175166
37457,0,0,-0.00911326
37458,-0.00578428,-0.040759,-0.025841
37459,-0.0029594,-0.0414316,-0.0314635
37460,0,0,-0.00343162
37461,-0.0269036,-0.0234061,-0.0266641
37462,-0.152409,-45.2564,-12.2771
37463,0.0357818,45.2028,12.1494
37464,0.0418351,0.123488,0.0523991
37465,0.187115,45.5408,17.2769
37466,-0.195051,-45.6272,-17.3454
37467,-0.00497717,-0.00511169,-0.0182885
37468,0.00564976,-0.081787,-0.0352691
37469,0.0192361,0.133038,0.0333852
37470,-0.000538072,0.0204467,-0.00257766
37471,-0.294326,-45.8563,-12.8484
37472,-0.249531,-91.3179,-24.8161
37473,-0.175681,-90.6929,-7.18074
37474,-0.0656448,-0.178909,-0.142038
37475,0,0.0263655,0.0187934
37476,-0.00457361,0.0376651,-0.000340305
37477,-0.0746575,-1.49113,-0.707757
37478,0.00309392,-0.0052462,-0.000632626
37479,-0.564707,-7.01202,-3.49151
37480,-0.232851,-2.54925,-1.30084
37481,0.289617,1.31545,0.895417
37482,-0.118107,-1.21107,-0.746695
37483,-0.0581118,-1.44634,-0.488359
37484,0.0345711,0.377323,0.136167
37485,0.0520585,0.955885,0.232741
37486,0.0969875,1.02799,0.507478
37487,-0.0230026,-0.507402,-0.228761
37488,0.111246,0.403151,0.336294
37489,0.044391,1.22048,0.457493
37490,0.0204467,0.600758,0.210521
37491,-0.0052462,0.563765,0.151454
37492,-0.0622819,-1.083,-0.488848
37493,0.0395483,0.390506,0.16647
37494,0.116089,0.134384,0.130651
37495,0.0488301,0.714425,0.357992
37496,-0.000941626,0.0235407,0.0184651
37497,-0.314907,-2.43101,-1.32222
37498,0.0275762,0.0141244,0.00227553
37499,0,0.0134518,0.0131889
37500,-0.026231,-0.0663174,-0.0584232
37501,-0.0419696,-0.999335,-0.463694
37502,-0.0199087,0.00699494,0.0102205
37503,-0.0336295,-0.0609367,-0.0965285
37504,-0.12564,-1.51857,-0.616601
37505,0.0123757,-0.014528,-0.000878139
37506,-0.299572,-7.84039,-3.18328
37507,0.0267691,0.0562286,0.0138893
37508,-0.192361,-3.49599,-1.63554
37509,0.00269036,-0.0762717,-0.027249
37510,0.00269036,-0.0107614,-0.0123253
37511,-0.809261,-4.89202,-3.23219
37512,0.212673,1.14273,0.791414
37513,0.148911,2.73247,1.19397
37514,-0.17716,-1.86227,-0.838683
37515,0.130483,2.25318,0.907992
37516,-0.00134518,-0.357145,-0.144049
37517,-0.00901271,-0.00564976,-0.0184325
37518,0.173259,3.73462,1.4273
37519,-0.044929,-1.05839,-0.452271
37520,-0.122815,-1.25976,-0.509264
37521,-0.00376651,-0.678778,-0.423861
37522,-0.0201777,-0.0199087,-0.0342794
37523,0.0165457,0.0152005,0.0112808
37524,-0.0131828,0.0211193,-0.0142892
37525,0.552331,6.5065,3.10937
37526,0.196396,2.21914,0.962265
37527,-0.0134518,-0.0503098,-0.0491325
37528,-0.0780205,-1.01965,-0.46249
37529,0.23433,3.00944,1.34778
37530,0.309392,3.37452,1.44693
37531,-0.190478,-3.37613,-1.30686
37532,0.0363199,0.720479,0.306579
37533,0,-0.0403554,-0.00863203
37534,0.13963,1.29702,0.535095
37535,0.0201777,-0.0067259,-0.00935556
37536,-0.428844,-4.68311,-2.16129
37537,-0.0067259,0.00363199,-0.0137615
37538,-0.0972566,-1.17273,-0.565858
37539,-0.0313427,-1.12188,-0.511019
37540,0.0453326,0.509689,0.185337
37541,0.194379,1.87666,0.925574
37542,0.10748,0.47041,0.283624
37543,0.00928175,-0.010896,-0.0401599
37544,0.00417006,0.723842,0.275045
37545,0.10331,0.0897235,0.115581
37546,-0.00995434,0.000134518,0.00788433
37547,0.237962,1.26111,0.698245
37548,-0.00941626,-0.0228681,-0.0589266
37549,0.238366,4.77835,1.67084
37550,-0.173932,-4.53783,-1.59435
37551,-0.0801728,-0.816928,-0.378894
37552,-0.0203122,-0.43974,-0.199859
37553,-0.0725052,-0.0741195,-0.119498
37554,-0.0119721,-0.0388757,-0.0370584
37555,-0.0107614,0.687253,0.195814
37556,0.0044391,-0.692634,-0.221632
37557,-0.0866296,-0.107345,-0.151065
37558,0.0121066,-0.370059,-0.175089
37559,-0.00228681,-0.00309392,0.00574063
37560,-0.160749,-1.31317,-0.650656
37561,0.0886474,1.29191,0.634081
37562,0.00067259,-0.0571702,-0.0421287
37563,0.0801728,0.179985,0.187186
37564,0.0191016,0.108153,0.0401467
37565,-0.205275,-2.733,-1.35461
37566,0.0349747,0.0503098,0.0282625
37567,-0.00269036,-0.0153351,-0.0170601
37568,-0.0815179,-0.84706,-0.4541
37569,-0.018698,-0.0398173,-0.0590355
37570,0.00376651,0.0172183,-0.00338692
37571,0.11434,0.858225,0.508755
37572,0.301051,3.85852,1.78427
37573,0.044391,1.00135,0.348948
37574,0.0716981,1.97553,0.778038
37575,0.10479,0.567397,0.2666
37576,-0.0153351,0.566321,0.166701
37577,0.0423732,0.648646,0.205696
37578,-0.35876,-5.6094,-2.26887
37579,-0.0439874,-0.49126,-0.263867
37580,0.0792311,0.506326,0.262872
37581,-0.0107614,-0.0322843,-0.0321068
37582,-0.0134518,-0.0403554,-0.0391894
37583,0.00941626,0.00417006,-0.0217153
37584,0.0252894,0.0427767,0.0332303
37585,-0.00269036,-0.0158731,-0.0163574
37586,0.132769,0.950774,0.565313
37587,0.0497717,0.450636,0.257799
37588,-0.123757,-1.35056,-0.733729
37589,0.0774824,0.81074,0.337271
37590,-0.0153351,-0.0430458,-0.0336682
37591,0.127389,1.23326,0.636362
37592,0.0836702,1.24053,0.680424
37593,0.0138554,0.000403554,0.00184674
37594,-0.0106269,-0.0414316,-0.0507855
37595,0.192361,2.43881,1.04016
37596,-0.105462,-0.712946,-0.299292
37597,-0.0641651,-0.631966,-0.235353
37598,0.0282488,0.0347057,0.0284861
37599,0.0442564,0.546681,0.199402
37600,-0.125909,-0.597529,-0.336265
37601,0.0641651,0.0776169,0.0773954
37602,-0.0293249,-0.030132,-0.0479523
37603,0.00067259,0.000941626,-0.00467844
37604,0.0299975,0.0170838,0.0482357
37605,0.0208503,-0.00874367,0.0144183
37606,-0.052462,-0.0390102,-0.0758941
37607,-0.0977946,-0.130348,-0.15206
37608,0.0656448,0.059726,0.103014
37609,0.0336295,0.0304011,0.0301776
37610,-0.0107614,0.0699494,0.0934666
37611,-0.00807108,-0.00807108,-0.0193581
37612,0.105193,1.48468,0.563457
37613,0.00739849,-0.0195051,-0.0109139
37614,-0.0117031,-0.08932,-0.0463658
37615,-0.0384722,-1.378,-0.502411
37616,-0.00309392,0.0265001,0.0313243
37617,0.00780205,0.0340331,-0.0032765
37618,0.0102234,-0.030132,-0.00700838
37619,0.0609367,1.42939,0.615484
37620,0.0212539,0.00430458,0.0161404
37621,0.033495,0.00618783,-0.00896968
37622,0.0174873,0.00403554,0.00682606
37623,-0.0359163,-0.325265,-0.159266
37624,-0.0126447,-0.0664519,-0.0626496
37625,-0.0680661,-0.0916068,-0.102812
37626,0.0883784,1.74228,0.65658
37627,0.174604,1.70179,0.861986
37628,-0.00134518,0.0427767,-0.00526957
37629,-0.022599,-0.0952388,-0.0642734
37630,-0.0117031,0.0361854,-0.0110169
37631,-0.000269036,-0.00107614,-0.0137367
37632,0.0318808,0.0534037,0.0404297
37633,0.0161422,0.0497717,0.0136186
37634,0.0924139,46.1876,3.5445
37635,0,45.914,3.51265
37636,0,-0.0269036,-0.0136109
37637,-0.00686042,0.0170838,0.00663074
37638,-0.0996779,-45.8994,-3.6639
37639,-0.185635,-0.204064,-0.252201
37640,-0.474042,-48.5645,-4.78661
37641,0.175008,0.192226,0.221512
37642,0.0684697,0.108691,0.126231
37643,-0.0562286,-0.0583808,-0.0820918
37644,-0.0134518,-0.0134518,-0.0258547
37645,0.0834012,0.110439,0.105868
37646,0.0456016,0.0725052,0.0568538
37647,-0.0839393,-0.178102,-0.138971
37648,0.00726398,0.00726398,0.0130372
37649,0.105193,1.79649,0.85536
37650,-0.541301,-2.38622,-1.46152
37651,0.0620128,0.11582,0.151702
37652,-0.0134518,0,-0.025422
37653,-0.0096853,0.0173528,-0.0112575
37654,0.213346,0.212,0.261055
37655,-0.041297,-0.0277107,-0.051927
37656,-0.00914723,-0.0360508,-0.0278645
37657,0.0986017,0.105328,0.116476
37658,-0.0881093,-0.182272,-0.16709
37659,-0.0127792,-0.0283833,-0.0340477
37660,-0.482247,-5.34615,-2.44185
37661,0.0201777,0.0462742,0.00920283
37662,0.0403554,0.0546143,0.046061
37663,-0.157117,-2.71377,-1.20438
37664,0.0938936,1.97943,0.870508
37665,0,-0.00712946,-0.0145369
37666,0.0305356,0.0922794,0.0568838
37667,0.130213,2.00297,0.882044
37668,0.0375305,0.0846119,0.0832001
37669,0.0133173,0.0536727,0.0199931
37670,-0.0356473,0.45077,0.0661601
37671,0.0201777,-0.0067259,-0.00972469
37672,-0.0269036,-0.76487,-0.300261
37673,0.0279798,0.739311,0.257897
37674,0.0191016,0.707969,0.240449
37675,-0.0121066,-0.665461,-0.227459
37676,-0.00255584,-0.00255584,0.00357045
37677,-0.00807108,-0.732316,-0.282566
37678,-0.0201777,0.677164,0.203972
37679,0.048292,0.709448,0.288451
37680,-0.145549,-2.67139,-1.08347
37681,-0.0134518,-0.747786,-0.306433
37682,-0.344097,-3.33753,-1.69541
37683,-0.146087,-1.28505,-0.758159
37684,-0.0622819,-1.35635,-0.552904
37685,-0.121066,-1.52032,-0.67251
37686,0.0161422,-0.0185635,0.0129751
37687,0.0134518,0.0573047,0.0251716
37688,0,-0.06699,-0.0421841
37689,0.0422387,0.84854,0.2429
37690,0.285178,3.37829,1.68999
37691,0.139226,0.589727,0.36391
37692,0.198145,4.04361,1.70489
37693,-0.244688,-4.88825,-2.22044
37694,0.18429,3.24054,1.43851
37695,-0.0398173,-0.724514,-0.280166
37696,0.0127792,0.00336295,0.0196615
37697,-0.00780205,0.00403554,-0.00703181
37698,0.0815179,0.816794,0.442744
37699,0.0577082,2.41581,0.984538
37700,-0.0067259,-0.0291904,-0.0300186
37701,0.00134518,-0.0285178,-0.0363122
37702,0,0.00376651,-0.00541711
37703,0.0269036,0.0538072,0.0750696
37704,0.408128,6.19631,2.60578
37705,0.0447945,46.1089,3.32569
37706,-0.0161422,-0.0269036,-0.0512062
37707,0.0100889,0.0310737,0.0140461
37708,0.0333605,45.9605,3.46077
37709,0.0157386,0.0127792,0.0128539
37710,0.0193706,-0.0322843,-0.035986
37711,0.0274417,0.141513,0.07073
37712,0.116089,47.3229,11.6785
37713,0.00551524,-0.0213884,-0.00629725
37714,-0.0133173,-0.0504443,-0.0427594
37715,0.0082056,-0.0201777,-0.0141524
37716,-0.0774824,-46.634,-11.3977
37717,-0.00255584,-0.559864,-0.233559
37718,0.0551524,0.560806,0.292478
37719,-0.0293249,-0.0152005,-0.0410212
37720,0.108018,46.6521,11.4017
37721,-0.00390102,0.0246168,-0.00328879
37722,0.0543453,0.10035,0.107691
37723,-0.00282488,-0.0703529,-0.0397662
37724,-0.0166802,0.260292,0.0504558
37725,0.0969875,46.5297,13.8669
37726,0.0067259,0.0551524,0.0170639
37727,0.0372615,0.00955078,0.0088722
37728,0.0107614,0.0107614,0.00454657
37729,0.288138,93.0861,30.3383
37730,0.0274417,0.0196396,0.0184667
37731,-0.156579,-92.9641,-30.1886
37732,-0.0926829,-46.3651,-13.6148
37733,-0.0244823,-0.0248858,-0.0424493
37734,-0.124833,-46.4161,-11.4762
37735,-0.0197742,-0.018967,-0.0150732
37736,-0.0940281,-46.3013,-3.80918
37737,0.00336295,-0.0250204,-0.0156192
37738,-0.0673935,-0.104521,-0.119724
37739,-0.0348402,-46.0229,-3.51125
37740,-0.168955,-1.11045,-0.619591
37741,-0.121201,-1.39616,-0.659036
37742,-0.128868,-2.66036,-1.12439
37743,-0.0153351,-0.0462742,-0.0917417
37744,-0.168417,-2.5849,-1.13186
37745,0.0516549,0.104117,0.104697
37746,0.149719,1.32837,0.518755
37747,0,0,-0.00911326
37748,-0.0351092,-0.0484265,-0.0102665
37749,0.0176219,0.00417006,0.00688043
37750,0,0.0177564,0.0153096
37751,0.240787,2.83107,1.44113
37752,-0.0188325,-0.018967,-0.0268538
37753,-0.144876,-1.39939,-0.769156
37754,0.00269036,-0.669496,-0.279302
37755,0.111919,1.30792,0.652017
37756,0.0476194,-0.542108,-0.259919
37757,-0.0399519,0.0349747,0.00949886
37758,0.0277107,-1.20972,-0.434006
37759,-0.014797,0.541301,0.118989
37760,-0.214556,-1.38823,-0.82095
37761,-0.0805763,-0.642727,-0.291072
37762,0.0119721,0.0673935,-0.00142339
37763,0.0753301,0.0445255,0.0971979
37764,-0.0228681,-0.0749266,-0.0933524
37765,0.0551524,1.22331,0.518629
37766,0.0134518,0.0141244,0.00829337
37767,0.0201777,0.0468123,0.0446066
37768,0.102234,1.42818,0.670115
37769,0.0469468,0.0196396,0.0392683
37770,-0.0894545,-0.827959,-0.400302
37771,0.0552869,0.698956,0.310874
37772,0.310199,2.89644,1.42209
37773,-0.15362,-1.64193,-0.901042
37774,0.0134518,0.0267691,0.0317896
37775,-0.00955078,-0.00955078,-0.0212364
37776,-0.195589,-1.99773,-0.88324
37777,-0.0176219,-0.584212,-0.27589
37778,-0.0423732,-0.702453,-0.220788
37779,-0.0278452,-0.0415661,-0.0667776
37780,0.230698,2.85555,1.3465
37781,0.0282488,-0.56511,-0.127161
37782,-0.0228681,-0.0228681,-0.0381404
37783,0.0134518,0.0538072,0.0231474
37784,-0.00134518,0.0044391,0.000865446
37785,-0.0377996,-0.643534,-0.356874
37786,-0.109363,-0.119452,-0.15054
37787,0.0263655,0.0897235,0.0411428
37788,-0.0547489,-0.957903,-0.516672
37789,-0.00242133,-0.672052,-0.3366
37790,0.0215229,0.732182,0.358833
37791,0.0275762,0.0979291,0.0696741
37792,-0.0201777,-0.104117,-0.109005
37793,-0.0067259,-0.00780205,-0.0180529
37794,-0.149719,-1.46921,-0.917751
37795,0.00807108,-0.0052462,-0.00396008
37796,-0.0474849,-0.0542108,-0.0805384
37797,-0.0392793,-1.52853,-0.595947
37798,0.018429,0.0769443,0.0770718
37799,0.0138554,0.014528,0.00865139
37800,-0.281815,-2.6796,-1.21651
37801,0.231102,3.69292,1.66863
37802,0.044391,0.0204467,0.0250866
37803,0.0917413,0.15066,0.169453
37804,0.0770789,1.113,0.54436
37805,0.0302666,1.32164,0.389893
37806,0.0286523,1.42791,0.521303
37807,0.00269036,-0.0107614,-0.0135823
37808,-0.391851,-4.118,-1.90148
37809,-0.000403554,-0.0123757,-0.0128179
37810,-0.041028,-0.554483,-0.256892
37811,0.114206,1.56256,0.701722
37812,0.102099,2.01804,0.832813
37813,0.00390102,-0.0513859,-0.0295809
37814,-0.109901,-0.580176,-0.352406
37815,0.188729,1.52759,0.775782
37816,-0.411491,-1.09296,-0.727839
37817,-0.681334,-5.93157,-2.84643
37818,0.0134518,0.0363199,0.0435142
37819,-0.0821905,-0.176353,-0.157425
37820,-0.0152005,0.0251549,-0.0295693
37821,0.0419696,0.843159,0.40946
37822,-0.0173528,-1.26851,-0.545535
37823,-0.259889,-0.462339,-0.461687
37824,-0.00901271,0.100754,0.0473193
37825,-0.018698,-0.0727743,-0.071563
37826,-0.0566321,-0.133442,-0.143924
37827,0.0844773,0.138419,0.13413
37828,-0.00282488,-0.00309392,-0.0104394
37829,-0.335623,0.237424,-0.214426
37830,-0.35876,-0.805629,-0.650554
37831,-0.0123757,0.00269036,-0.0529022
37832,-0.168417,-1.31061,-0.724357
37833,-0.627527,-1.64179,-1.2082
37834,-0.0137208,-0.0052462,-0.0282848
37835,-0.534978,-3.0471,-1.64473
37836,-0.0137208,-0.00228681,-0.0218502
37837,0.0200432,0.0805763,0.0667042
37838,-0.184828,1.23676,0.352024
37839,0.64488,5.30916,2.65843
37840,0.0408935,0.115686,0.0722469
37841,0.0439874,0.413778,0.12912
37842,-0.173259,-2.19668,-0.972051
37843,-0.0961804,-0.530405,-0.359623
37844,-0.0102234,0.770519,0.274421
37845,-0.00242133,-0.00242133,-0.0121867
37846,0.126716,1.21537,0.552843
37847,0.00941626,0.371135,0.0964248
37848,0.0242133,0.0258275,0.0411665
37849,-0.078155,-0.646359,-0.350318
37850,-0.176219,-3.23664,-1.33347
37851,-0.0901271,-0.7077,-0.387854
37852,0.000941626,-0.765677,-0.288949
37853,0.0165457,0.779398,0.306241
37854,0.018698,0.0766753,0.0490217
37855,-0.00538072,0.00753301,-0.0119326
37856,-0.00269036,-0.00255584,-0.0124776
37857,0.267691,2.75211,1.32388
37858,-0.0255584,0.00134518,-0.0675934
37859,-0.0983327,-1.27725,-0.594565
37860,-0.0411625,-0.022599,-0.0653183
37861,0.145683,1.62928,0.703552
37862,0.113399,1.87209,0.750406
37863,-0.12147,-3.19763,-1.35047
37864,-0.0714291,0.613268,0.0805074
37865,-0.0418351,-0.876385,-0.42869
37866,-0.0168148,-0.41176,-0.202528
37867,0.226259,2.95442,1.34879
37868,0.00807108,0.0014797,-0.0232933
37869,0.0386067,0.702722,0.282747
37870,-0.0235407,-0.0425077,-0.0978894
37871,-0.0221955,-0.00995434,-0.026513
37872,0.0121066,0.0121066,0.00625405
37873,-0.0201777,-0.022061,-0.0354965
37874,0.022599,0.0488301,0.0119274
37875,-0.00578428,-0.00228681,-0.00690997
37876,-0.0177564,-0.018429,-0.0148393
37877,-0.0208503,0.351092,0.00576436
37878,0.0819215,0.921314,0.336539
37879,-0.0340331,-0.887416,-0.304642
37880,0.0573047,0.782626,0.276404
37881,0.000403554,0.0273072,-0.00727467
37882,-0.0154696,-0.0289214,-0.0510515
37883,0.185769,2.45657,1.10113
37884,0.235541,3.91596,1.55376
37885,-0.00605331,-0.0554214,-0.0102212
37886,0.0134518,0.0135863,0.0154362
37887,0.0539417,0.650529,0.260533
37888,0.0838048,46.1034,3.46954
37889,-0.117972,-45.6461,-3.39284
37890,-0.145414,-2.20085,-0.921327
37891,-0.00928175,-0.0152005,-0.0234166
37892,-0.169627,-1.50163,-0.704897
37893,-0.415257,-3.83067,-2.03908
37894,-0.107076,-0.0263655,-0.10427
37895,-0.105059,-2.63225,-1.1925
37896,0.0924139,1.51306,0.657941
37897,0.0473504,0.041297,0.100792
37898,0.0753301,1.35325,0.679572
37899,-0.138016,-1.4567,-0.812807
37900,0.00618783,0.0211193,-0.00299747
37901,-0.00403554,-0.00363199,-0.0164871
37902,-0.0232716,-0.0096853,-0.0333677
37903,-0.00659139,-0.00188325,-0.015304
37904,-0.0269036,-0.0437184,-0.066438
37905,0.0417006,0.0548834,0.0660215
37906,-0.0127792,-0.0260965,-0.0475859
37907,-0.0513859,-0.782088,-0.342627
37908,-0.421714,-2.45119,-1.35006
37909,-0.492067,-4.58061,-2.65456
37910,0.166399,1.47338,0.802649
37911,-0.052462,-1.302,-0.58734
37912,0.112861,0.758144,0.449337
37913,-0.0860916,-0.744019,-0.457942
37914,-0.0161422,-0.0290559,-0.0697631
37915,0.0269036,0.0269036,0.0250363
37916,-0.270785,-1.42387,-0.812514
37917,-0.0067259,-0.0324189,-0.0279388
37918,-0.0294595,-0.0160076,-0.0429548
37919,0.0134518,-0.00067259,0.00421318
37920,-0.900329,-4.96022,-3.42709
37921,-0.0067259,-0.0860916,-0.0646984
37922,-0.32244,-2.4107,-1.21168
37923,0.0133173,-0.661156,-0.289773
37924,-0.0250204,0.00188325,-0.0440517
37925,0.144338,0.121066,0.0990918
37926,-0.302666,-2.93922,-1.49663
37927,0.0067259,0.0139899,0.0305506
37928,0.0538072,0.0403554,0.0361812
37929,-0.246572,-2.77726,-1.48142
37930,0.0967185,1.44997,0.774628
37931,-0.675146,-5.96426,-3.58628
37932,0.106269,0.222627,0.129902
37933,-0.367369,2.86631,1.09682
37934,-0.347191,-0.258678,-0.428378
37935,0.010896,-0.0052462,-0.0403959
37936,0.055825,0.0961804,0.0999532
37937,0.744557,5.69711,3.04651
37938,-0.0201777,-0.0244823,-0.0299212
37939,0.00941626,-0.00134518,0.00261837
37940,-0.025693,-0.0652413,-0.0388692
37941,0.0067259,-0.130079,-0.0791
37942,-0.0205813,0.231102,0.134092
37943,-0.0386067,-0.973507,-0.469248
37944,0.00941626,-0.0305356,-0.0100065
37945,0.0180254,0.0513859,0.0520079
37946,0.216709,2.45886,0.984643
37947,0.0269036,0.0269036,0.0409642
37948,-0.262579,-2.61732,-1.17795
37949,-0.183079,-3.28372,-1.52518
37950,-0.313696,-3.93815,-2.08751
37951,0.377996,4.59325,2.27974
37952,0.0785585,0.522872,0.244695
37953,0.124967,2.37519,1.01625
37954,0.152543,2.16211,0.864696
37955,0.184424,2.25062,1.13385
37956,-0.103579,-1.13399,-0.604597
37957,-0.0628199,-0.467047,-0.291975
37958,-0.0652413,-1.08879,-0.601295
37959,0.14797,2.00217,0.979663
37960,0.0067259,-0.0201777,-0.0449275
37961,0.234061,3.25897,1.53161
37962,-0.269036,-0.648781,-0.454709
37963,0.185769,-0.339793,-0.0488798
37964,0.0067259,-0.0513859,-0.0284495
37965,-0.00538072,0.00807108,-0.00956889
37966,0,-0.0134518,-0.0154875
37967,0.0509823,0.126043,0.187891
37968,0.0465432,0.074792,0.0632879
37969,-0.0438529,-0.104386,-0.117353
37970,0.185231,1.66695,0.788338
37971,0.0605331,1.17932,0.587611
37972,0.0209848,-0.400595,-0.127376
37973,0.178371,2.65283,1.23289
37974,-0.067259,-0.490722,-0.296804
37975,-0.0134518,-0.0173528,-0.0272182
37976,0.0258275,-0.00121066,0.000244562
37977,-0.170972,-2.43276,-1.14744
37978,0.0652413,0.0263655,0.0196013
37979,0.125909,1.30456,0.673447
37980,-0.205813,-1.99692,-1.05178
37981,-0.0134518,-0.454806,-0.187786
37982,-0.0538072,-0.055556,-0.0790142
37983,-0.241191,-2.48979,-1.2419
37984,0.109498,1.31021,0.653503
37985,0.0433148,1.13345,0.505227
37986,0,-0.0399519,-0.0586439
37987,0.144876,1.09148,0.55018
37988,0.0575737,0.112995,0.153877
37989,-0.00228681,-0.0160076,-0.0347642
37990,-0.0430458,-0.0711601,-0.0926181
37991,-0.151198,-2.78291,-1.24881
37992,0.0246168,0.0598605,0.0687243
37993,-0.025693,0.522199,0.18683
37994,-0.236483,-0.756799,-0.496055
37995,-0.112457,-0.826613,-0.72662
37996,0.0269036,0.0686042,0.079424
37997,0.0403554,0.0907997,0.0928728
37998,0,-0.0125102,-0.0172787
37999,0.235541,1.40598,0.974429
38000,0.092952,0.12416,0.126784
38001,0.0269036,0.0224645,0.0176766
38002,-0.0067259,-0.0336295,-0.0463271
38003,-0.0622819,-0.0972566,-0.135539
38004,0.067259,0.111112,0.129652
38005,-0.129003,-1.01601,-0.555086
38006,-0.00242133,-0.426422,-0.179109
38007,-0.123757,-0.935439,-0.449091
38008,-0.0107614,-0.376382,-0.207923
38009,-0.215632,-2.79475,-1.331
38010,-0.0266346,-0.171107,-0.112675
38011,0.0383376,0.115686,0.064431
38012,-0.0135863,0.0123757,-0.0166988
38013,0.0359163,0.0764063,0.0394385
38014,0.0134518,0.0133173,0.00792232
38015,-0.0204467,-0.0203122,-0.0350277
38016,0.014528,-0.0129137,-0.00168851
38017,0.025693,0.0525966,0.0521761
38018,0.0797692,0.595377,0.391908
38019,-0.0803073,-0.576948,-0.385473
38020,-0.0336295,-0.380283,-0.274313
38021,-0.0336295,-0.00686042,-0.00741884
38022,0.0134518,0.0127792,0.00684642
38023,-0.0472158,-0.0808454,-0.124801
38024,0.0201777,0.0336295,0.0388011
38025,0,-0.00242133,-0.0100294
38026,0.0538072,0.067259,0.0814881
38027,0,0,-0.00911326
38028,-0.536727,-1.35204,-1.05363
38029,-0.214153,-0.229622,-0.309186
38030,0.0127792,-0.00067259,0.000733505
38031,0.000134518,0.0135863,-0.00256823
38032,-0.0282488,-0.0282488,-0.0449703
38033,-0.00349747,-0.00497717,-0.0136478
38034,0.565245,4.20073,2.36982
38035,-0.0472158,-0.0741195,-0.113397
38036,-0.00403554,0.00941626,-0.00786141
38037,-0.0550179,-0.720075,-0.283985
38038,-0.0125102,-0.655776,-0.754012
38039,-0.0107614,0.286389,0.47127
38040,-0.133307,-1.99625,-0.930624
38041,-0.0492336,0.000807108,-0.0591805
38042,0.14232,1.09511,0.654706
38043,-0.0376651,-0.0512514,-0.0793041
38044,0.026231,-0.00174873,-0.00675593
38045,0,0,-0.00911326
38046,-0.0403554,-0.0578428,-0.0734026
38047,0.0266346,0.0535382,0.0374434
38048,-0.06699,-0.988977,-0.548107
38049,-0.0645687,-0.0988708,-0.147146
38050,-0.125236,-1.00794,-0.599388
38051,-0.0364544,-0.0657793,-0.0845536
38052,0.199625,1.09874,0.75776
38053,0.188191,2.1909,1.07115
38054,-0.0528656,-0.21765,-0.172489
38055,-0.0121066,-0.0252894,-0.0466553
38056,-0.00376651,-0.00067259,-0.01244
38057,-0.0321498,-0.405034,-0.236726
38058,0.0754646,0.442968,0.270672
38059,-0.0582463,-0.066721,-0.103898
38060,0.041297,0.665192,0.316181
38061,-0.0480229,-1.07588,-0.556567
38062,0.389161,3.94205,2.18182
38063,-0.312485,-3.41488,-1.66119
38064,0.132231,1.96934,0.867766
38065,-0.0986017,-0.769309,-0.453992
38066,-0.0265001,-0.018429,-0.0706774
38067,-0.0134518,-0.0269036,-0.0325623
38068,0.0165457,0.557981,0.216494
38069,0.0543453,-0.120394,-0.0105568
38070,-0.0269036,-0.0134518,-0.0368885
38071,0.0242133,0.00847464,-3.16938e-05
38072,-0.0067259,0.181599,0.0751278
38073,0.0387412,0.0562286,0.0531271
38074,0.0134518,0.0201777,0.0191126
38075,0.0134518,0,-0.0143407
38076,-0.341541,-2.2903,-1.30679
38077,-0.0269036,-0.00955078,-0.0358891
38078,-0.00981982,-0.0100889,-0.00498306
38079,0.0347057,-0.58623,-0.132126
38080,0.148777,1.87868,0.869834
38081,0.171376,2.0214,1.00955
38082,0.0741195,0.0754646,0.0869232
38083,0.0868987,1.23595,0.660939
38084,-0.00134518,-0.0248858,-0.0545371
38085,0.00659139,0.00659139,-0.000746613
38086,-0.00659139,-0.00632235,-0.0170339
38087,0.0138554,0.0273072,0.0178064
38088,0,-0.0269036,-0.017668
38089,0,0.0418351,-0.000329295
38090,0.0142589,0.000538072,-0.0194439
38091,-0.0134518,-0.0134518,-0.026188
38092,0.0134518,-0.000538072,0.00447284
38093,0.0082056,-0.0143934,-0.0152855
38094,0.0777514,0.0912032,0.0758911
38095,0.509554,7.69013,3.56496
38096,0.00349747,-1.36159,-0.58138
38097,0.0511169,1.05126,0.436882
38098,-0.304952,-4.04375,-1.97396
38099,0.0242133,0.0551524,0.0567358
38100,-0.155637,-1.20703,-0.662197
38101,-0.622684,-5.21365,-3.08158
38102,-0.0601296,-0.0599951,-0.0883699
38103,-0.598336,-2.11718,-1.21525
38104,-0.0318808,-0.108422,-0.153858
38105,-0.0730433,-1.41769,-0.755848
38106,0.0807108,0.789083,0.465705
38107,0.0947007,0.872081,0.523615
38108,0.0427767,-0.0117031,-0.0127525
38109,0.0201777,0.0470813,0.0295002
38110,-0.142455,-1.36025,-0.779868
38111,-0.15362,-0.731913,-0.416789
38112,0.037396,0.0255584,0.0340728
38113,0.0269036,0.0807108,0.0229846
38114,-0.0191016,0.597126,0.320811
38115,0.107614,0.134518,0.138921
38116,-0.00067259,-0.0141244,-0.0163413
38117,-0.20783,-2.46087,-1.11058
38118,0.145683,1.42751,0.788585
38119,-0.124698,-0.812086,-0.506927
38120,-0.0497717,-0.609367,-0.306043
38121,0.0983327,0.121604,0.16072
38122,0.0488301,1.28667,0.570768
38123,-0.0247513,-0.65322,-0.281696
38124,0.185366,2.17368,1.06125
38125,0.0141244,0.0208503,0.00176491
38126,-0.0067259,-0.0598605,-0.0589971
38127,0.0375305,0.0240787,0.0321511
38128,-0.0897235,-1.25411,-0.510823
38129,-0.0484265,-0.823116,-0.452876
38130,0.0134518,0.0127792,0.00684642
38131,-0.0538072,-0.0554214,-0.07815
38132,0.0100889,-0.566725,-0.244257
38133,0.0403554,0.623895,0.285285
38134,0.154158,0.931,0.617583
38135,-0.00941626,-0.029594,-0.0704468
38136,-0.0252894,-0.074254,-0.066016
38137,0.0349747,0.543587,0.203782
38138,-0.0201777,-0.0207158,-0.0349804
38139,-0.00941626,-0.345711,-0.101539
38140,0.00901271,-0.485879,-0.181441
38141,-0.0146625,0.507806,0.167011
38142,-0.00955078,0.00457361,-0.014278
38143,0.0121066,-0.00134518,0.00270177
38144,-0.281681,-2.29286,-1.27932
38145,-0.241191,-2.85811,-1.35577
38146,0.0067259,0.0567666,0.00969838
38147,-0.740522,-9.20763,-4.79249
38148,-0.204333,-3.32704,-1.70526
38149,-0.174335,-2.20045,-0.919476
38150,0.152947,0.933824,0.476827
38151,0.0852845,1.6839,0.84785
38152,0.0659139,1.15538,0.516138
38153,-0.0129137,-0.0138554,-0.0258594
38154,0.0052462,0.00928175,-0.00217047
38155,-0.00201777,-0.0474849,-0.0389432
38156,-0.156848,-2.17327,-1.0366
38157,-0.014797,-0.0161422,-0.0282741
38158,-0.00538072,-0.0121066,-0.0458442
38159,-0.397904,-4.3105,-2.30874
38160,-0.519643,-5.68204,-3.25263
38161,0.00981982,0.207696,0.0369606
38162,-0.00390102,0.0100889,-0.0104043
38163,0.0511169,0.701377,0.339875
38164,0.171511,2.66978,1.29656
38165,0.00134518,-0.0349747,-0.0676217
38166,0.0894545,1.26851,0.630448
38167,0.222493,2.21215,1.17426
38168,-0.0282488,-0.0425077,-0.0661605
38169,0.00417006,0.90423,0.341159
38170,-0.070622,-1.00848,-0.503814
38171,-0.0282488,-1.35957,-0.587902
38172,0.0581118,2.25587,0.962033
38173,0.233927,1.50351,0.811107
38174,-0.0246168,-0.163843,-0.141368
38175,-0.00780205,0.0325534,0.0322148
38176,0.0375305,0.0773479,-0.00568425
38177,0.0457361,1.21107,0.45363
38178,0.0130483,0.0131828,-0.00431145
38179,0.0528656,1.5027,0.508304
38180,0.131424,1.13157,0.577336
38181,-0.059457,-0.671783,-0.381329
38182,-0.114609,-0.685504,-0.356568
38183,0.0255584,0.052462,0.0522581
38184,-0.177295,-3.08692,-1.21369
38185,-0.308988,-4.9652,-2.25178
38186,0.0297285,0.00134518,0.0116106
38187,-0.149584,-1.73098,-0.896964
38188,-0.235003,-3.96021,-2.01091
38189,0.0564976,0.658466,0.331719
38190,-0.274686,-3.01764,-1.54468
38191,0.00403554,0.125102,0.0128449
38192,-0.185904,-1.67193,-0.848145
38193,0.0458707,0.0659139,0.055095
38194,-0.314638,-1.40074,-0.837419
38195,0.352572,1.5561,0.987018
38196,5.49829,15.2759,14.1874
38197,2.48737,0.617572,2.12019
38198,-2.46141,-2.45576,-3.12511
38199,0.159538,2.70341,1.15796
38200,0.0948352,1.02476,0.466059
38201,0.00632235,0.0347057,0.0283174
38202,-0.292846,-1.6917,-1.07919
38203,0.0390102,0.0642996,0.0683788
38204,0.0511169,0.431265,0.22113
38205,-0.208503,-1.54158,-0.759333
38206,-0.13546,-0.635194,-0.298237
38207,-0.0525966,-1.06027,-0.470845
38208,-0.143127,-2.55853,-1.23831
38209,-0.0283833,-0.0994088,-0.106098
38210,-0.615286,-5.23262,-2.83168
38211,-0.247648,-4.17921,-2.19359
38212,-0.469468,-2.89362,-1.93234
38213,-0.0215229,-1.42132,-0.894232
38214,-0.236752,-3.43411,-1.86781
38215,-0.109094,-1.05381,-0.534083
38216,0.0014797,1.3055,0.530094
38217,-0.1855,-2.56607,-1.33705
38218,0.110977,0.835357,0.419539
38219,0.0850154,0.0622819,0.0388241
38220,0.0242133,0.561613,0.357397
38221,-0.0477539,-0.11165,-0.129918
38222,0.0598605,0.118645,0.123136
38223,-0.0508478,-0.0827286,-0.103783
38224,-0.0716981,-1.27281,-0.644259
38225,0.674474,5.95363,3.09422
38226,-0.157655,-2.52154,-1.22212
38227,-0.0231371,-0.00564976,-0.091197
38228,-0.400998,-2.98818,-1.63013
38229,0.0581118,1.08139,0.477555
38230,-0.0127792,-1.11152,-0.437583
38231,0.345173,5.89687,2.68242
38232,-0.411491,-5.17706,-2.49429
38233,0.152678,0.254105,0.277124
38234,1.62767,9.02562,6.79883
38235,-0.093221,-2.50231,-1.16663
38236,0.0835357,2.18336,0.827907
38237,0.412298,5.24015,2.58182
38238,-0.104924,-0.351092,-0.306988
38239,-0.0824596,-1.67193,-0.807558
38240,-0.0290559,-0.745634,-0.283175
38241,0.00941626,-1.15753,-0.444876
38242,-0.0914723,-0.0664519,-0.117211
38243,-0.0928175,-1.27833,-0.604488
38244,-0.487493,-7.15286,-3.68418
38245,-0.0195051,-1.11865,-0.582208
38246,-0.00901271,-0.40611,-0.110184
38247,-0.0168148,-0.536458,-0.213565
38248,0.0205813,0.00645687,0.0132813
38249,0.0466778,1.1995,0.519711
38250,0.0135863,0.0200432,-0.0163842
38251,0.0403554,0.0698149,0.0719685
38252,0.0948352,1.12659,0.569874
38253,-0.0135863,0.033495,0.0243289
38254,0.0523275,-0.591072,-0.399799
38255,0.0317463,1.08099,0.584697
38256,-0.0441219,-1.10184,-0.609598
38257,-0.00430458,1.08072,0.55854
38258,0.142724,0.81787,0.491323
38259,0.146221,2.40734,1.12266
38260,-0.0496372,-1.91029,-0.855648
38261,-0.194782,-1.44822,-0.800296
38262,0.00618783,-0.00847464,-0.00790217
38263,-0.18846,-2.42415,-1.19424
38264,0.159135,0.998393,0.696106
38265,0.00228681,0.00174873,-0.0405953
38266,0.0838048,0.495834,0.148045
38267,0.0754646,1.30348,0.649436
38268,-0.170165,-2.17462,-1.13705
38269,-0.0215229,0.0236752,0.0241396
38270,0.0299975,0.0173528,0.0229869
38271,0.0437184,0.655372,0.249619
38272,0.0263655,0.569953,0.254862
38273,-0.00618783,0.00659139,0.0209311
38274,-0.0309392,-0.0718326,-0.0995639
38275,-0.0363199,-0.0363199,-0.0711431
38276,0.0267691,0.0539417,0.0366558
38277,0.0690078,-0.2763,-0.0245175
38278,-0.122546,-0.877327,-0.510231
38279,0.11017,1.35258,0.644871
38280,-0.0161422,-0.029863,0.0063759
38281,0.0228681,-0.00363199,-0.0412617
38282,-0.0470813,-0.0860916,-0.0709158
38283,0.0302666,0.0302666,0.0279927
38284,0.251952,3.48859,1.58075
38285,0.0926829,-0.603583,-0.195092
38286,-0.0807108,-0.120259,-0.143143
38287,-0.121604,-0.66304,-0.417466
38288,-0.214153,-2.65754,-1.27918
38289,0.0178909,-0.568473,-0.167104
38290,0.0921449,1.52987,0.720828
38291,0.24415,1.27725,0.777628
38292,0.00618783,0.865893,0.389482
38293,0.0609367,0.858225,0.247384
38294,0.164785,0.168148,0.218718
38295,-0.0704875,-0.0839393,-0.102137
38296,0.02233,0.0395483,0.0492928
38297,0.00376651,-0.0191016,-0.0238653
38298,-0.00255584,0.00269036,-0.00350286
38299,0.0554214,0.0969875,0.113437
38300,-0.276166,-1.71416,-1.00397
38301,-0.342483,-3.77686,-1.91953
38302,-0.0135863,0.0760027,-0.0123974
38303,0.0739849,0.12833,0.108169
38304,-0.0336295,-0.0470813,-0.0584273
38305,0.00121066,0.691154,0.306396
38306,-0.138823,-2.11893,-1.01702
38307,-0.0359163,-1.35487,-0.884411
38308,-0.374095,-2.15444,-1.27201
38309,-0.207292,-2.62189,-1.36645
38310,0.0201777,-0.00739849,-0.0141547
38311,-0.0417006,-0.0417006,-0.0538519
38312,-0.0710255,-2.1578,-1.11229
38313,-0.0217919,0.026231,-0.0241377
38314,0.0096853,0.72976,0.304233
38315,0.0719672,0.0786931,0.117291
38316,0.189132,2.25654,1.17273
38317,0.0341676,-0.432879,-0.190909
38318,-0.0188325,0.429113,0.17001
38319,0.0376651,0.0994088,0.112044
38320,-0.0686042,-0.682679,-0.461874
38321,-1.13547,-12.5754,-7.09521
38322,0.484669,5.43292,2.83866
38323,0.0172183,-0.634253,-0.23963
38324,-0.0768098,-0.729088,-0.434108
38325,-0.029594,-0.0834012,-0.101903
38326,0.639902,6.146,3.15753
38327,0.0215229,0.0320153,0.0445129
38328,-0.0320153,-0.0454671,-0.0720535
38329,-0.11165,-0.118241,-0.154249
38330,-0.227201,-3.75615,-1.85679
38331,-0.000403554,-0.0215229,-0.0440253
38332,0.0996779,1.42118,0.729084
38333,0.0359163,0.905307,0.336864
38334,0.146356,1.68524,0.79339
38335,-0.196531,-1.90774,-1.01301
38336,0.0134518,0.523544,0.169774
38337,-0.067259,-0.65739,-0.346532
38338,0.238904,3.21068,1.49305
38339,-0.148373,-1.93598,-0.943534
38340,-0.0964495,-1.44984,-0.806341
38341,-0.0606676,-1.28922,-0.469703
38342,0.208099,3.70651,1.80203
38343,0.169224,3.54253,1.51684
38344,-0.0387412,-1.14354,-0.409789
38345,-0.258544,-2.99303,-1.5003
38346,-0.858898,-8.58145,-4.74535
38347,0.0221955,0.606273,0.231166
38348,-0.0815179,-1.90357,-0.898791
38349,-0.102368,-0.672321,-0.378584
38350,0.070891,0.619994,0.281318
38351,-0.00107614,0.965167,0.424001
38352,0.0470813,0.0603986,0.0541502
38353,-0.169358,-2.94998,-1.34903
38354,0.0591879,1.2868,0.46077
38355,0.0243478,0.0203122,0.0552082
38356,-0.0403554,0.0313427,-0.0117836
38357,0.0402209,0.119183,0.124327
38358,0.0847464,1.38352,0.535646
38359,0.000134518,0.0270381,0.0369742
38360,0,-0.0156041,-0.0173273
38361,-0.0955078,-2.22641,-0.982403
38362,-0.0642996,-0.721017,-0.381677
38363,0.221417,3.07011,1.46432
38364,0.011434,0.0453326,0.0602896
38365,0.0359163,0.0493681,0.0422927
38366,-0.0161422,-0.029594,-0.00174956
38367,0.0243478,0.533902,0.272857
38368,-0.0470813,-0.070622,-0.112591
38369,-0.192899,-1.91661,-1.04076
38370,0.259754,2.19776,1.33553
38371,-0.228681,-2.91151,-1.45278
38372,-0.0785585,-1.2977,-0.567149
38373,0.226394,1.14892,0.706181
38374,0.0848809,0.560537,0.285363
38375,0.0656448,0.900733,0.429903
38376,-0.0399519,-0.0287869,-0.0543116
38377,-0.00215229,-0.0478884,-0.0619441
38378,0.0938936,0.124295,0.137239
38379,-0.293922,-2.49464,-1.32492
38380,-0.421714,-4.9691,-2.67571
38381,-0.0242133,0.0655103,-0.0510007
38382,-0.0133173,-0.00699494,0.00704084
38383,0.0445255,0.526504,0.222165
38384,0.195186,3.88138,1.66172
38385,0.0476194,0.778591,0.339352
38386,0.693575,11.0789,4.80093
38387,0.138554,0.744288,0.351351
38388,0.0776169,1.21672,0.607744
38389,0.0161422,1.13089,0.486455
38390,0.129272,1.27214,0.776558
38391,0.202853,2.5167,1.14123
38392,0.0082056,0.762583,0.281054
38393,0.0699494,0.0571702,0.104652
38394,0.397904,7.63484,3.3131
38395,0.0663174,1.362,0.60047
38396,-0.127523,-1.30415,-0.746183
38397,-0.0417006,-0.525831,-0.264443
38398,-0.0134518,-0.00981982,-0.0226764
38399,-0.253163,-4.63818,-2.23408
38400,0.0517895,1.27214,0.530088
38401,-0.00739849,-0.544529,-0.217353
38402,-0.00349747,0.523679,0.183388
38403,0.037396,0.616362,0.240651
38404,-0.349747,-6.53543,-3.04446
38405,0.051924,0.624298,0.257745
38406,0.133173,2.11476,0.836856
38407,-0.018967,-0.51924,-0.172182
38408,-0.260292,-5.49076,-2.18842
38409,-0.113533,-2.89066,-1.45084
38410,0.170972,1.00149,0.388205
38411,0.143531,2.54697,1.14487
38412,0.298361,5.77917,2.31617
38413,-0.00403554,-0.0776169,-0.0915658
38414,0.171511,1.79434,0.996242
38415,0.425481,6.74205,2.91301
38416,0.0843428,0.721824,0.368504
38417,0.0490991,1.30092,0.410202
38418,-0.163036,-3.00473,-1.24446
38419,0.0291904,0.0308046,0.0286252
38420,-0.0185635,-0.0589189,-0.0509925
38421,0.11165,2.05234,0.847872
38422,-0.110977,-2.03593,-0.84107
38423,0.0290559,0.64488,0.352546
38424,0.264328,5.21688,2.09415
38425,0.026231,-0.687925,-0.191809
38426,-0.0920104,-0.713887,-0.428723
38427,0.0688732,0.562958,0.260472
38428,0.0422387,0.0645687,0.0747967
38429,0.0538072,0.987632,0.409141
38430,0.732047,7.5131,4.17883
38431,0.316117,5.12016,2.53021
38432,-0.0142589,-1.14139,-0.467155
38433,-0.0657793,-0.281681,-0.250681
38434,0.164247,0.345846,0.304876
38435,0.160211,3.91259,1.70835
38436,0.030132,0.0434493,0.0588215
38437,0.0336295,0.0209848,0.0330108
38438,0.185769,2.19668,1.01185
38439,0.129541,2.89416,1.09739
38440,0.190074,2.3425,1.12136
38441,-0.0504443,-0.632369,-0.266068
38442,0.0617438,0.00847464,0.0371957
38443,-0.0579773,-0.0780205,-0.106417
38444,0.0969875,0.719403,0.398875
38445,-0.560671,-9.87605,-4.37808
38446,-0.565514,-7.2325,-3.9318
38447,0.074792,0.739715,0.241806
38448,0,0.0304011,0.0366945
38449,0.270919,2.75681,1.35005
38450,0.0617438,0.721286,0.369796
38451,0.103175,1.53189,0.634652
38452,0.108018,2.58476,0.996327
38453,0.0901271,2.4489,0.768352
38454,0.324054,8.11695,3.11779
38455,-0.00403554,1.67811,0.764374
38456,-0.022599,-0.0119721,-0.155223
38457,-0.0664519,-2.67825,-1.14438
38458,-0.0173528,-0.177429,-0.183505
38459,0.188056,2.85811,1.29413
38460,0.0589189,0.158059,0.135763
38461,0.0096853,0.00363199,0.00144549
38462,0.0217919,0.0162767,-0.094732
38463,-0.0126447,0.517087,0.119577
38464,-0.00430458,-0.0318808,-0.0252042
38465,-0.0605331,-1.90289,-0.73716
38466,-0.044391,-0.0457361,-0.0676903
38467,-0.130752,-1.34666,-0.694267
38468,0.0612057,0.561747,0.141888
38469,0,0.0279798,0.00368487
38470,0,-0.0134518,-0.0157403
38471,-0.0403554,0.0411625,0.0368261
38472,0,0.0269036,0.019816
38473,-0.0067259,-1.22465,-0.486085
38474,-0.176353,-1.26729,-0.639407
38475,0.0279798,-0.0501752,-0.0552048
38476,0,-0.000403554,-0.00923382
38477,-0.0913378,-1.29326,-0.593915
38478,0.119856,1.23299,0.552736
38479,0.171511,2.89523,1.24306
38480,0.0466778,0.784778,0.282111
38481,-0.0812489,-1.29756,-0.592976
38482,-0.044391,-0.74792,-0.313405
38483,0.0267691,0.767157,0.31554
38484,0.00309392,0.0306701,0.00254073
38485,0.0769443,0.569146,0.318172
38486,-0.0162767,-0.0230026,-0.0313832
38487,0.187384,3.37694,1.23927
38488,0.00228681,0.67824,0.171024
38489,0.564976,8.41384,4.14949
38490,0.00914723,0.0990053,-0.0429458
38491,-0.0197742,-0.175815,-0.126495
38492,0.0305356,0.0453326,0.0381149
38493,0.0486955,0.617438,0.242709
38494,-0.178102,-1.32177,-0.716982
38495,-0.0205813,-0.0333605,-0.056172
38496,-0.078424,-1.30657,-0.499879
38497,0.0271726,0.0130483,0.0270013
38498,0.0273072,1.19412,0.398231
38499,0.119048,1.61516,0.704575
38500,-0.0386067,-0.513321,-0.315471
38501,-0.000807108,-0.000807108,0.00553743
38502,-0.28047,-2.22197,-1.17299
38503,0.00255584,0.018698,0.021853
38504,0.026231,0.0360508,0.0237515
38505,0,0.0251549,0.0172326
38506,0.0138554,0.817197,0.279599
38507,0.029594,0.0160076,0.0216012
38508,-0.0166802,-0.033495,-0.0394138
38509,0.0699494,0.12712,0.101104
38510,0.18133,0.525966,0.320699
38511,-0.152543,-1.99948,-0.928654
38512,-0.0255584,-0.0255584,-0.0572305
38513,0,0.0396828,0.0227968
38514,-0.014528,0.0117031,0.00123064
38515,-0.0134518,0.0134518,-0.0131867
38516,0.0430458,-0.125909,-0.129589
38517,0.0197742,0.033226,0.0570388
38518,-0.00995434,0.0103579,0.0119277
38519,0.0133173,0.0133173,0.00779078
38520,0.0743885,0.115282,0.105578
38521,-0.791235,-9.72633,-4.89097
38522,-0.0511169,-0.500138,-0.211286
38523,0.0115686,-0.00201777,-0.00443435
38524,0.0162767,1.31142,0.509866
38525,0.961535,7.06233,3.68888
38526,-0.00726398,1.6048,0.49952
38527,-0.262848,-4.03931,-1.66737
38528,0.0129137,0.108422,-0.0609258
38529,0.0426422,1.08422,0.352583
38530,-0.256122,-4.33538,-1.91034
38531,0.138823,1.94284,0.792379
38532,0.0406245,-0.0497717,-0.0488498
38533,0.0182945,0.554349,0.186951
38534,-0.0473504,-0.741195,-0.423779
38535,0.0158731,0.000538072,0.019928
38536,-0.0430458,-0.518029,-0.299121
38537,0.184693,2.19224,1.05902
38538,0.0110305,0.516818,0.24638
38539,0.033226,1.12242,0.386987
38540,0.0178909,0.0279798,0.0350937
38541,-0.0435839,-0.636809,-0.396386
38542,0.00860916,0.54426,0.258911
38543,-0.0975256,-1.68887,-0.76261
38544,0.00739849,0.00766753,0.000723919
38545,0.0390102,0.525024,0.234399
38546,0.177026,2.7704,1.21386
38547,-0.00941626,-0.720882,-0.328441
38548,0.0430458,0.718057,0.29606
38549,0.0655103,0.584346,0.31475
38550,0.304414,4.85879,2.16888
38551,-0.0290559,-0.178909,-0.130959
38552,-0.0835357,-1.50929,-0.5098
38553,0.0106269,0.011165,0.0044877
38554,-0.0938936,-1.48858,-0.590899
38555,0.0131828,0.000269036,0.00116602
38556,-0.00161422,-0.015066,-0.0148309
38557,-0.0431803,-0.709179,-0.314762
38558,0.0246168,0.659946,0.247635
38559,0.359298,6.53596,2.59547
38560,-0.0294595,0.256257,-0.0031891
38561,0.0217919,0.0231371,0.0513052
38562,0.0309392,1.24308,0.522849
38563,0.0161422,0.0228681,0.015962
38564,0.0340331,0.040759,0.0366169
38565,-0.0168148,-0.0601296,-0.0281617
38566,-0.0515204,-0.0676626,-0.083829
38567,0.0741195,0.0741195,0.0849688
38568,-0.00995434,-0.00941626,-0.0226447
38569,-0.426691,-3.16925,-1.57214
38570,0.0367234,0.0501752,0.0428334
38571,0.0142589,0.00484265,0.00624103
38572,-0.0182945,-0.0180254,-0.0149672
38573,0.0430458,0.0976601,0.153789
38574,-0.0160076,-0.0165457,-0.0296759
38575,0.0161422,0.0368579,0.0445151
38576,-0.0195051,-0.0203122,-0.0128186
38577,0.0400864,0.0266346,0.0194674
38578,-0.0390102,-0.0254239,-0.0521921
38579,-0.36831,-3.21391,-1.35321
38580,0.157386,3.01455,1.10958
38581,-0.107614,-2.14166,-0.860441
38582,-0.0546143,-0.125236,-0.0975478
38583,0.0283833,0.0621473,0.0513835
38584,0.0174873,0.0203122,-0.00395774
38585,0.0166802,0.030132,0.0159809
38586,0.00067259,-0.0199087,-0.0160043
38587,0.0221955,0.0221955,0.0190601
38588,-0.208638,-2.57225,-0.952568
38589,-0.00363199,-0.0312082,-0.0233715
38590,0.0014797,-0.650664,-0.19195
38591,-0.139226,-1.55664,-0.697259
38592,0.143665,3.56459,1.23746
38593,-0.0188325,-0.758278,-0.323895
38594,-0.0404899,-0.810875,-0.2398
38595,0.147566,3.68916,1.23441
38596,0.101561,0.56242,0.266691
38597,-0.0525966,-0.0543453,-0.0949231
38598,0.0161422,0.030132,0.0336862
38599,0.0205813,0.0438529,0.0280793
38600,-0.0177564,0.101561,-0.00197871
38601,-0.176219,-4.60469,-1.62138
38602,0.00470813,0.799306,0.156423
38603,-0.000134518,-0.000807108,0.0119334
38604,-0.0139899,-0.760834,-0.186305
38605,0.00228681,-0.0106269,-0.0106176
38606,-0.206351,-2.68121,-1.1228
38607,-0.0134518,-0.00269036,-0.01833
38608,-0.146087,-2.04777,-1.00823
38609,0.245226,2.40774,1.12799
38610,0.0372615,0.638961,0.223299
38611,0.0119721,0.718192,0.194994
38612,-0.0142589,-0.000807108,-0.0421319
38613,0.0204467,0.00766753,0.0149192
38614,-0.310602,-4.59904,-1.89251
38615,-0.0478884,-0.712946,-0.317585
38616,0.151467,2.52585,1.1208
38617,0.191016,2.16036,0.878096
38618,0.184155,5.53246,1.89028
38619,0.0769443,0.917951,0.36291
38620,0.0306701,1.34397,0.473315
38621,-0.0766753,-0.10479,-0.119977
38622,0.0178909,-0.89172,-0.371999
38623,0.033226,0.903558,0.387786
38624,0.404092,3.45268,2.1809
38625,0.0341676,0.096853,0.106483
38626,-0.0547489,-1.35971,-0.588214
38627,0.0134518,0.0135863,0.00653112
38628,0.00134518,-0.0158731,-0.0281884
38629,0,-0.00121066,-0.0111205
38630,0.00645687,-0.029594,-0.0179497
38631,0.0559595,0.0838048,0.0897026
38632,-0.0377996,-0.0344366,-0.0475582
38633,0.0523275,0.0523275,0.0573077
38634,-0.526907,-6.52601,-2.95454
38635,0.0265001,-0.143531,-0.102783
38636,0.143531,2.82273,1.21022
38637,-0.0564976,-0.621339,-0.23722
38638,0.00995434,-0.0573047,-0.0296131
38639,-0.149315,-3.86242,-1.45716
38640,-0.0774824,-1.77631,-0.627703
38641,0.0130483,0.0696804,-0.0652016
38642,0.0490991,-0.500004,-0.166114
38643,-0.0170838,-0.0118376,-0.0270578
38644,-0.0513859,-0.982385,-0.38864
38645,0.00269036,0.0118376,-0.000913786
38646,0.111785,1.08556,0.513006
38647,0.0141244,0.000538072,-0.0135676
38648,-0.00336295,-0.0168148,-0.0359369
38649,-0.0383376,-1.0479,-0.385083
38650,0.0213884,0.543453,0.182307
38651,-0.0302666,-0.524486,-0.229284
38652,-0.107211,-0.97983,-0.440152
38653,0.109498,2.4941,1.04572
38654,0.048561,0.0192361,0.0423252
38655,-0.00914723,-0.00645687,-0.0152041
38656,0,0.0133173,-0.00252175
38657,-0.0509823,-0.0858225,-0.10202
38658,0.010896,0.0663174,0.0446436
38659,0.00363199,-0.0273072,-0.0186584
38660,-0.152813,-2.33443,-1.02958
38661,0.132097,1.23985,0.561079
38662,0.0949698,1.22734,0.50593
38663,-0.00403554,-0.00349747,-0.0139807
38664,-0.19532,-2.96639,-1.27987
38665,-0.00874367,-0.111246,-0.0955621
38666,-0.0123757,-0.0125102,-0.0235735
38667,-0.123353,-2.27268,-0.922679
38668,0.0208503,0.515204,0.173874
38669,-0.411625,-4.91811,-2.49167
38670,0.0403554,0.494488,0.200032
38671,0.00242133,0.0117031,-0.00132772
38672,0.0134518,0.018429,-0.00924882
38673,0.0730433,0.475252,0.269597
38674,0.0242133,0.0823251,0.0192454
38675,-0.0174873,0.553273,0.15323
38676,0.0308046,0.0511169,0.0344976
38677,0.0308046,0.0422387,0.0565593
38678,-0.0641651,-0.111246,-0.108642
38679,0.0161422,0.0659139,0.0327327
38680,-0.0976601,-1.84518,-0.897448
38681,0.254777,2.14166,1.17501
38682,0.063358,0.384184,0.177201
38683,-0.103982,-0.555425,-0.33983
38684,-0.0769443,-1.44513,-0.720483
38685,-0.00860916,0.492336,0.179132
38686,0.113399,1.30725,0.580492
38687,-0.0351092,-0.0625509,-0.065223
38688,-0.0228681,-0.0228681,-0.0381404
38689,0.00955078,0.0231371,0.0283955
38690,0.00336295,0.0168148,0.000217405
38691,0.0995434,0.608425,0.314707
38692,-0.00228681,-0.0125102,-0.0131337
38693,-0.085419,-0.989246,-0.522663
38694,-0.106942,-1.57884,-0.783281
38695,-0.215498,-2.12525,-0.876669
38696,-0.0248858,-0.755857,-0.297042
38697,-0.619859,-9.60284,-5.21342
38698,-0.316252,-0.244554,-0.41372
38699,-0.0182945,1.17004,0.376039
38700,0.138823,0.179851,0.14828
38701,-0.15214,-2.53593,-1.39278
38702,0.151602,1.74013,0.671038
38703,-0.155368,-2.35918,-1.12233
38704,0.0149315,0.00067259,-0.0125922
38705,-0.310737,-4.11141,-2.04364
38706,0.0391448,0.0807108,0.0320181
38707,-0.0248858,-0.0391448,-0.063217
38708,0.0453326,0.0691423,0.0592789
38709,-0.0212539,-0.490318,-0.263331
38710,0.115013,1.12968,0.519373
38711,-0.0162767,-0.643131,-0.320347
38712,0.0874367,1.8433,0.820213
38713,0.371539,4.82462,2.19437
38714,0.0434493,0.435973,0.215033
38715,0.00766753,-0.0341676,-0.0670036
38716,0.0273072,0.0219264,0.0230115
38717,-0.0384722,-0.0398173,-0.0745251
38718,-0.142455,-2.26663,-1.05211
38719,-0.13815,-2.7965,-1.15576
38720,0.0477539,1.10601,0.374554
38721,-0.168013,-3.4898,-1.50899
38722,-0.209579,-4.3717,-2.546
38723,0.00995434,0.588382,0.479221
38724,-0.0275762,-0.535382,-0.588296
38725,-0.0127792,-0.0396828,-0.0367706
38726,0.0122411,-0.00699494,-0.0425102
38727,0.00632235,-0.015066,-0.00341964
38728,0.0503098,0.643669,0.60868
38729,0.312351,3.03486,1.77738
38730,0.0546143,0.845312,0.40256
38731,-0.089589,-0.912032,-0.514141
38732,-0.00255584,-0.0227336,-0.0209452
38733,0.0201777,0.0605331,0.0518025
38734,-0.0776169,-1.63103,-0.808911
38735,0.0712946,1.55853,0.652923
38736,-0.0127792,0.0014797,0.0130407
38737,-0.123084,-2.45522,-1.20937
38738,-0.0368579,-0.137074,-0.153518
38739,-0.500542,-4.39592,-2.51384
38740,-0.262445,-3.72211,-1.79577
38741,0.00470813,0.128196,0.00928033
38742,0.124295,2.46007,0.958919
38743,-0.31262,-5.57591,-2.42278
38744,0.152678,2.66938,1.23893
38745,0.300244,5.13536,2.19409
38746,-0.0398173,-0.604255,-0.257633
38747,-0.229219,-2.50755,-1.23872
38748,0.00134518,-1.30012,-0.490011
38749,-0.0213884,0.884994,0.292126
38750,-0.00390102,0.092952,0.106205
38751,0.0847464,0.389295,0.148063
38752,-0.0193706,0.0394138,0.00169319
38753,0.0274417,0.893469,0.275232
38754,0.106,1.52987,0.655902
38755,0.108153,1.15578,0.543041
38756,0.0632235,1.77335,0.656699
38757,0.15631,2.40276,1.08137
38758,0.0294595,0.078155,0.0037419
38759,0.00645687,0.991936,0.341521
38760,-0.0269036,-0.625913,-0.248704
38761,-0.197876,-3.55007,-1.58655
38762,0.18133,2.29501,1.13488
38763,-0.0803073,-1.12417,-0.575102
38764,0.196262,2.19116,1.08258
38765,0.0356473,0.0490991,0.0482717
38766,-0.0365889,-0.0493681,-0.0775402
38767,0.0531346,1.07238,0.430047
38768,-0.154292,-1.56445,-0.856304
38769,0.105462,0.514935,0.406552
38770,-0.0457361,-0.36979,-0.192092
38771,-0.0255584,-0.0316117,-0.0593023
38772,0.0948352,1.39589,0.618545
38773,-0.00349747,-0.961132,-0.351315
38774,-0.037396,-0.109363,-0.163107
38775,0.000941626,0.0308046,0.0580518
38776,-0.191419,-1.57588,-0.893521
38777,-0.0788276,-1.16062,-0.554276
38778,0.0585154,1.03565,0.461456
38779,-0.0312082,-0.607618,-0.265104
38780,0.0608022,0.760296,0.406517
38781,-0.0591879,-0.760296,-0.405235
38782,-0.589189,-7.58332,-3.80307
38783,0.117165,0.979157,0.411413
38784,0.0739849,0.997317,0.473741
38785,-0.420369,-8.07324,-3.67495
38786,-0.0625509,-0.0411625,-0.119178
38787,-0.0201777,-0.611923,-0.345317
38788,0.205409,2.68283,1.4182
38789,-0.0247513,0.249531,0.0817666
38790,0.0698149,0.656179,0.360024
38791,-0.183886,-2.45294,-1.39992
38792,0.16465,2.18821,1.11546
38793,1.90787,12.0781,8.14774
38794,-0.0613402,-0.642862,-0.44731
38795,0.0676626,0.132231,0.140104
38796,0.000941626,1.96504,0.966517
38797,-0.0123757,-0.0930865,-0.0513659
38798,0.0347057,0.562958,0.230347
38799,-0.0699494,-0.705816,-0.462958
38800,-0.0803073,-2.02248,-0.995205
38801,0.0447945,2.63534,1.28872
38802,-0.101561,-2.71632,-1.40368
38803,0.417544,9.84726,4.2396
38804,0.048292,2.56526,0.841367
38805,0.00874367,0.0450636,-0.0356116
38806,-0.0193706,-1.96894,-0.539301
38807,0.0790966,2.127,0.739256
38808,-0.126312,-2.71579,-1.00213
38809,0.0489646,0.6586,0.301879
38810,-0.0134518,-0.0403554,-0.0389366
38811,0.0269036,0.067259,0.0446647
38812,0.0297285,2.16547,0.692276
38813,-0.0195051,-0.0598605,-0.069428
38814,0,0.455478,0.124216
38815,-0.22747,-5.8896,-2.27001
38816,0.0403554,0.0551524,0.0494033
38817,0.0648377,2.6679,1.01644
38818,0.0451981,0.588382,0.24019
38819,-0.00403554,-0.0174873,-0.00477434
38820,-0.0808454,-2.66063,-1.03729
38821,0.0279798,0.0614748,0.0550106
38822,0.126716,2.70408,1.08104
38823,0.00134518,1.93195,0.526637
38824,-0.0384722,-0.056094,1.82915
38825,-1.63991,-7.00449,-5.94456
38826,-0.052193,-1.0783,-0.492379
38827,-0.0795002,-2.48495,-0.878041
38828,0.151198,2.73475,1.08528
38829,0.0805763,0.601834,0.287666
38830,0,0,-0.0119353
38831,-0.0199087,-0.0925484,-0.121972
38832,0.00336295,0.0168148,0.00309479
38833,-0.0134518,-0.0134518,-0.026188
38834,0.0277107,0.0687387,0.0768423
38835,0.0215229,-0.0192361,-0.0315776
38836,0.0224645,0.0255584,0.00230261
38837,-0.0169493,-0.0438529,-0.0420637
38838,-0.232985,-2.50325,-1.12991
38839,-0.0178909,-0.871946,-0.232352
38840,0.0462742,0.0460052,0.0296725
38841,0.114744,2.54333,1.05183
38842,0.0199087,0.0248858,0.0360416
38843,0.0361854,0.0523275,0.0314489
38844,-0.0357818,-0.952791,-0.331497
38845,-0.0180254,-0.0368579,-0.0614541
38846,-0.154158,-2.85905,-1.23204
38847,0.0275762,0.0550179,0.0577925
38848,0.0325534,0.0461397,0.0386326
38849,-0.0188325,-0.0733123,-0.0734621
38850,-0.000269036,0.00067259,-0.0259176
38851,-0.762717,-7.53826,-4.40424
38852,0.0828631,0.717788,0.727024
38853,0.297958,4.65984,2.38973
38854,-0.200432,-2.84116,-1.41256
38855,-0.104655,-1.90921,-0.921257
38856,-0.0505788,-0.759758,-0.760921
38857,0.0621473,1.24819,0.906918
38858,0.303204,4.10307,2.00947
38859,0.0544798,1.9906,0.695142
38860,0.0490991,-0.691423,-0.176365
38861,-0.0273072,-0.000403554,-0.0310265
38862,0.0067259,-0.0201777,-0.0292524
38863,-0.00188325,-0.00188325,-0.00993866
38864,0.0134518,-0.00470813,0.00410667
38865,0.0168148,0.0302666,0.0345324
38866,0.0733123,1.58987,0.754655
38867,0.0981982,1.47203,0.619238
38868,0.464894,7.9441,3.51903
38869,0.0785585,0.873695,0.397646
38870,-0.111246,0.812355,0.0614969
38871,-0.168013,-2.15148,-1.00022
38872,0.00618783,0.00699494,0.00245296
38873,-0.26944,-0.766349,-0.62514
38874,-0.147297,-1.26286,-0.621316
38875,-0.112054,-2.92765,-1.38259
38876,-0.196262,-2.81614,-1.01679
38877,0.14797,2.77148,1.00166
38878,0.0737159,0.191419,0.190657
38879,-0.0699494,-0.929116,-0.374608
38880,-0.104655,-1.9532,-0.77775
38881,-0.323381,-4.88597,-2.26833
38882,0.0484265,-1.11394,-0.511989
38883,0.0322843,1.87639,0.864968
38884,-0.477405,-3.68593,-1.99787
38885,0.0356473,2.59633,1.10748
38886,0.0411625,1.40289,0.585284
38887,0.0805763,1.41271,0.661807
38888,-0.0221955,-0.0741195,-0.078881
38889,0.0391448,0.801459,0.331073
38890,-0.0972566,-1.49584,-0.718611
38891,-0.168282,-2.64193,-1.1838
38892,0.248186,1.77591,1.07811
38893,0.0314772,-0.0504443,-0.111231
38894,0.0659139,1.4267,0.735181
38895,0.335219,2.28291,1.21334
38896,-0.357684,-3.71727,-1.88816
38897,0.383646,6.29881,2.65944
38898,0.103579,2.56674,0.874971
38899,-0.24415,-2.84048,-1.15339
38900,-0.11165,-1.26434,-0.547679
38901,0.151871,1.98643,0.915732
38902,0.0154696,0.0329569,0.00112896
38903,-0.0349747,-0.645821,-0.286204
38904,-0.0135863,-0.450501,-0.127275
38905,0.278318,2.55786,1.16343
38906,0.0281143,1.67287,0.631015
38907,-0.0505788,-0.514532,-0.235866
38908,0.0250204,0.509016,0.20044
38909,-0.0224645,-0.0361854,-0.0444485
38910,-0.0417006,-0.522199,-0.252828
38911,0.0242133,0.993685,0.39432
38912,0.0209848,0.0625509,0.0475266
38913,-0.00269036,-0.0181599,-0.0515773
38914,0.0161422,0.115147,0.0669341
38915,0.00255584,0.00255584,-0.00586905
38916,0.0302666,-0.0369925,-0.0142388
38917,-0.180254,-2.793,-1.23299
38918,0.0302666,0.631024,0.227155
38919,0.0733123,1.24227,0.526751
38920,0.0235407,-0.0267691,-0.0147321
38921,0.0490991,1.17475,0.451254
38922,-0.0726398,-1.18268,-0.549401
38923,0.0621473,0.569684,0.273158
38924,-0.0573047,-0.536996,-0.274104
38925,0.0139899,0.0419696,0.0393579
38926,-0.00457361,-0.0044391,-0.0148865
38927,-0.0601296,-1.14273,-0.482482
38928,-0.0663174,-2.32313,-0.952773
38929,0.0430458,0.518164,0.203027
38930,-0.0134518,-0.0273072,-0.0326203
38931,0.029863,1.64448,0.562484
38932,0.0438529,1.25734,0.565543
38933,0.142724,1.23017,0.505884
38934,0.0400864,-0.561209,-0.160678
38935,-0.0309392,-0.66277,-0.376518
38936,0.0201777,0.146894,0.220958
38937,-0.0641651,-0.657121,-0.332689
38938,-0.126043,-1.84559,-0.842796
38939,-0.0504443,-1.2903,-0.573897
38940,-0.0585154,-0.495026,-0.313186
38941,-0.0738504,-1.29891,-0.600783
38942,0.0922794,0.51211,0.2615
38943,-0.200701,-2.551,-1.19725
38944,0.0739849,0.911898,0.40518
38945,-0.00470813,-0.848809,-0.387871
38946,0.144876,2.26152,0.998006
38947,0.351496,5.61048,2.47318
38948,0.0180254,-0.130079,-0.0471722
38949,0.0291904,0.190881,0.0806428
38950,-0.0618783,-1.16372,-0.511422
38951,0,0,-0.0247884
38952,-0.130886,-2.38191,-1.00543
38953,-0.0734469,-0.734872,-0.364835
38954,0.141513,1.95078,0.891782
38955,0.120797,1.24577,0.553676
38956,-0.150795,-2.45697,-1.12888
38957,0.0383376,0.542242,0.237749
38958,0.260427,3.31009,1.57203
38959,0.0792311,1.20017,0.463994
38960,0.00457361,0.0029594,-0.0199371
38961,-0.190209,-1.3667,-0.71633
38962,0.239577,1.76501,0.963772
38963,-0.00538072,0.466509,0.0845401
38964,0.168417,3.32287,1.37968
38965,0.130886,1.68511,0.917238
38966,0.0161422,0.123757,0.0605866
38967,-0.0142589,-0.074792,-0.0780811
38968,0.018967,-0.0278452,-0.0406309
38969,-0.110305,-1.43517,-0.666795
38970,-0.119183,-1.38042,-0.667628
38971,0.00201777,0.0082056,-0.00369861
38972,-0.0975256,-1.332,-0.552513
38973,-0.119587,-3.30726,-1.53979
38974,0.133845,1.58086,0.740384
38975,-0.0399519,-0.705009,-0.375129
38976,-0.0160076,-0.022061,-0.0378351
38977,0.00255584,0.190747,0.0883956
38978,0.0287869,1.13103,0.533793
38979,-0.103175,-1.7447,-0.861157
38980,-0.0172183,0.00457361,-0.0106081
38981,0.00336295,0.00322843,-0.0049083
38982,-0.148104,-2.02477,-1.06209
38983,-0.192226,-2.22157,-1.02327
38984,0.102906,0.665864,0.394741
38985,-0.0368579,-0.0368579,-0.040223
38986,-0.00874367,-0.00874367,-0.035887
38987,0.030132,0.373557,0.0500093
38988,0.000134518,-0.419965,-0.179094
38989,0.346922,4.37977,1.99728
38990,-0.0591879,-1.29312,-0.493002
38991,0.0356473,1.19492,0.36533
38992,-0.0462742,-1.6956,-0.595117
38993,0.0117031,0.480499,0.15858
38994,-0.0134518,-0.0126447,-0.0414656
38995,0.0302666,0.614613,0.230222
38996,0.108422,1.19533,0.515711
38997,0.00941626,-0.0285178,-0.0178087
38998,-0.0102234,-0.0110305,-0.0100931
38999,-0.458438,-7.91679,-3.50583
39000,-0.0795002,-2.40438,-1.12715
39001,-0.287465,-2.8986,-1.49283
39002,-0.290963,-2.4337,-1.37194
39003,0.488301,4.10146,2.14337
39004,0.145952,1.07453,0.545738
39005,0.0376651,0.0815179,0.0989436
39006,-0.0236752,-0.0382031,-0.0628463
39007,-0.18281,-1.73838,-0.933032
39008,0.173125,1.2038,0.642344
39009,0.0209848,0.412163,0.177714
39010,-0.152409,-1.92805,-0.89584
39011,-0.0134518,-0.825537,-0.337471
39012,0.0149315,0.0156041,0.0274113
39013,-0.0205813,-0.0821905,-0.0925217
39014,0.0461397,0.0461397,0.0337781
39015,0.0757337,1.02799,0.559192
39016,0.0260965,-0.0372615,-0.0651036
39017,0.463146,5.68393,2.69409
39018,0.105731,2.53459,1.15021
39019,0.229219,2.01481,1.04137
39020,-0.029594,-0.0430458,-0.0554065
39021,-0.0550179,-0.675146,-0.305451
39022,0.0181599,1.22102,0.458108
39023,-0.101561,-2.46948,-1.02195
39024,-0.0156041,-0.0425077,-0.0403563
39025,0.0369925,0.0638961,0.0665189
39026,0.074523,1.20945,0.457127
39027,-0.00605331,0.550717,0.137122
39028,0.0174873,1.88002,0.669385
39029,-0.0960459,-2.0097,-0.872426
39030,0.0309392,0.0746575,0.112615
39031,0.0486955,0.0500407,0.052792
39032,-0.0570357,-0.0852845,-0.111102
39033,0.164516,2.12041,1.00164
39034,-0.0182945,-0.0177564,-0.0336577
39035,-0.0457361,-1.33671,-0.626011
39036,0.0457361,1.29285,0.57186
39037,-0.041028,-0.742002,-0.311319
39038,0.0174873,0.0242133,0.0177503
39039,-0.0293249,-0.532826,-0.262519
39040,0.00067259,-0.0460052,-0.0542978
39041,-0.500407,-5.85463,-2.92188
39042,-0.0166802,0.0321498,0.00929724
39043,0.175143,2.76031,1.19865
39044,0.0289214,1.43759,0.535485
39045,0.111246,1.49503,0.623887
39046,-0.0564976,-0.705144,-0.256224
39047,0.00618783,0.684159,0.191882
39048,-0.0228681,-0.62255,-0.198091
39049,-0.0663174,-1.35258,-0.596626
39050,0.0336295,0.661022,0.253667
39051,-0.00739849,1.32716,0.527796
39052,0.151736,1.44782,0.767208
39053,-0.00309392,0.0133173,-0.00116213
39054,0.216036,2.72399,1.38892
39055,0.0134518,0.0476194,0.0402166
39056,0.218188,2.65202,1.31649
39057,-0.0349747,-1.24187,-0.558126
39058,0.0386067,1.25169,0.568747
39059,-0.0134518,0.4844,0.12734
39060,0.16048,0.237021,0.322508
39061,-0.112323,-2.05893,-0.877892
39062,0.00403554,0.569011,0.20647
39063,0.320288,3.6219,1.64268
39064,0.0696804,1.64852,0.620158
39065,0.149719,1.84949,0.786053
39066,0.141917,1.67771,0.746154
39067,0.0141244,0.529463,0.212399
39068,-0.11165,-1.88971,-0.750869
39069,0.0104924,0.0238097,0.0290813
39070,0.0345711,1.19587,0.420845
39071,-0.229084,-2.78345,-1.36362
39072,-0.0235407,-0.00941626,-0.0276462
39073,0.0240787,-0.0359163,-0.0873647
39074,0.0329569,0.0497717,0.0400746
39075,0.00403554,-0.0254239,-0.0132817
39076,-0.314503,-2.79703,-1.32394
39077,0.0044391,0.00847464,0.00321208
39078,-0.0215229,-0.0096853,-0.0325921
39079,0,-0.0149315,-0.0161226
39080,-0.00739849,0.0344366,0.00150628
39081,0.102772,0.0562286,0.096704
39082,-0.0135863,-0.0525966,-0.140441
39083,-0.0216574,-0.0082056,-0.0315417
39084,0.00834012,-0.018429,-0.0101496
39085,-0.0134518,-0.0269036,-0.0644182
39086,-0.0230026,-0.722362,-0.283481
39087,0.0314772,0.72707,0.315547
39088,-0.0578428,-0.772672,-0.374151
39089,-0.165188,-2.84654,-1.35755
39090,-0.0439874,-1.95549,-0.984804
39091,0.0341676,-0.055825,-0.136115
39092,0.0871677,0.711601,0.300544
39093,-0.018698,0.53444,0.204671
39094,0.151602,2.58745,1.00758
39095,0.000134518,0.0707565,0.0469751
39096,-0.00645687,-0.627796,-0.217148
39097,0.00255584,0.0293249,0.00550093
39098,-0.00121066,0.0130483,0.0117971
39099,-0.0103579,-0.525966,-0.223387
39100,0.0121066,-0.00470813,0.000211732
39101,-0.124295,0.578293,0.121356
39102,0.00403554,0.0399519,0.0315345
39103,0.0821905,0.718326,0.296491
39104,0.0255584,-0.00121066,0.0105505
39105,0.0255584,0.0390102,0.0299559
39106,-0.0216574,-0.0391448,-0.041554
39107,-0.0255584,-0.0121066,-0.0192531
39108,0.000134518,0.00511169,-0.00658403
39109,-0.0453326,-0.0587844,-0.0717173
39110,-0.289617,-3.10521,-1.36145
39111,-0.00497717,-0.525697,-0.285101
39112,-0.00188325,0.566994,0.311901
39113,-0.173663,-1.92805,-0.979911
39114,-0.0281143,-0.675415,-0.285903
39115,0.0227336,0.0363199,0.0113963
39116,0,-0.0118376,-0.0146923
39117,-0.00538072,-0.0203122,-0.0230464
39118,-0.102906,-1.21672,-0.579529
39119,0.0134518,0.0125102,0.00907813
39120,-0.28881,-4.21808,-2.28176
39121,-0.0243478,0.0517895,-0.00078516
39122,0.0221955,0.0490991,0.0449146
39123,-0.194648,-2.31479,-1.03898
39124,0.00349747,-0.0234061,-0.0521002
39125,-0.54695,-6.10793,-3.17423
39126,-0.0926829,-1.5179,-0.829754
39127,-0.0336295,0.0246168,-0.0299414
39128,0.0235407,0.0813834,0.115599
39129,-0.0333605,-0.0468123,-0.0737609
39130,0.0242133,0.532692,0.172469
39131,-0.0721017,-1.4115,-0.658955
39132,-0.0821905,0.755992,0.208126
39133,-0.0067259,-0.512917,-0.227741
39134,0.00349747,0.0468123,0.0293759
39135,-0.0470813,-0.0403554,-0.0485335
39136,0.0582463,0.555694,0.249348
39137,0.0372615,0.640171,0.254303
39138,-0.0302666,-0.085419,-0.105547
39139,-0.014528,-0.572374,-0.175216
39140,-0.0843428,-2.08907,-0.823186
39141,-0.0464087,-0.0450636,-0.0830313
39142,-0.0107614,-0.0376651,-0.0514496
39143,0.43974,4.54631,2.12544
39144,0.0290559,0.133845,0.108619
39145,-0.0252894,-0.0920104,-0.0665386
39146,0.0141244,0.041028,0.0215638
39147,-0.0629545,-0.10896,-0.147494
39148,0.0470813,0.0470813,0.0665764
39149,-0.0621473,-0.0352437,-0.0593223
39150,0.0671245,0.06699,0.0752556
39151,-0.0107614,-0.0511169,-0.0426794
39152,0.00766753,0.00753301,0.000568751
39153,-0.0134518,-0.029594,-0.0529507
39154,0.0336295,0.0486955,0.0391525
39155,0.0121066,-0.00134518,0.0184323
39156,0.00941626,0.000807108,0.000329392
39157,0.0134518,0.0403554,0.0193978
39158,0.133845,1.21725,0.795869
39159,0.0992743,1.21766,0.538705
39160,-0.0104924,-0.0103579,-0.0411309
39161,0.00538072,-0.0215229,-0.0468878
39162,0.109632,0.152813,0.120332
39163,0.0152005,0.403823,0.165931
39164,-0.0240787,-0.00174873,-0.0474539
39165,0.00376651,-0.000807108,-0.00630507
39166,0.00807108,0.0349747,0.0284958
39167,-0.0121066,-0.37396,-0.178644
39168,-0.00686042,-0.0472158,-0.0674878
39169,-0.442564,-6.1924,-2.90741
39170,-0.146356,-3.46559,-1.70984
39171,1.35594,13.5752,6.83232
39172,-0.00726398,-0.00322843,-0.0344249
39173,0.0470813,0.0710255,0.0790886
39174,-0.0201777,-0.0224645,-0.0355893
39175,0.299303,2.98778,1.52414
39176,-0.0157386,-0.255988,-0.150957
39177,0.0177564,-1.05476,-0.457198
39178,0.0790966,1.66547,0.6878
39179,0.00134518,-0.0102234,-0.0257054
39180,0.158193,1.15174,0.473887
39181,-0.0361854,0.381493,0.0921943
39182,0.00955078,-0.387143,-0.161206
39183,0.0376651,-0.54574,-0.114805
39184,-0.044929,0.597664,0.138469
39185,0.0125102,-0.0278452,-0.00540023
39186,-0.193706,-2.31021,-1.07646
39187,-0.139092,-3.4711,-1.38272
39188,-0.0809799,-0.175008,-0.215881
39189,0.23998,2.87048,1.28075
39190,-0.0737159,-1.58651,-0.629891
39191,0.00887819,0.114878,0.0974789
39192,-0.161287,-0.860916,-0.600889
39193,-1.05973,-8.53127,-4.66311
39194,0.123084,1.42455,0.593813
39195,-0.0269036,-0.00430458,-0.0187942
39196,-0.0419696,-2.00392,-0.683285
39197,0.0805763,2.08732,0.773235
39198,0.0269036,0.089051,0.0904117
39199,0.0170838,0.0169493,0.0153275
39200,0.0107614,-0.0138554,-0.0392559
39201,-0.0430458,-0.0454671,-0.0645631
39202,-0.0637616,-1.4076,-0.629483
39203,0.00564976,0.00914723,0.0185538
39204,-0.0651067,-1.94742,-0.767659
39205,0.0605331,0.672859,0.295419
39206,0.0523275,1.32958,0.554427
39207,0.0981982,1.43154,0.587227
39208,-0.762717,-8.47854,-4.61095
39209,0.0741195,0.954137,0.388697
39210,0.240249,3.39456,1.43696
39211,-0.11851,-0.978484,-0.457815
39212,-0.0402209,-0.996779,-0.365682
39213,0.0388757,0.0488301,0.0433302
39214,-0.0230026,-0.329973,-0.144199
39215,-0.0067259,-0.0336295,-0.0438743
39216,-0.0316117,-0.116358,-0.139481
39217,0.0563631,0.121739,0.088713
39218,0.00269036,0.331856,0.140653
39219,0.026231,0.029594,0.0266357
39220,-0.00067259,-0.0275762,-0.0388962
39221,0.0067259,0.00470813,0.00764769
39222,0.348805,4.46856,2.1857
39223,-0.240653,-2.73959,-1.32655
39224,-0.0591879,-1.08798,-0.437925
39225,0.0430458,0.115282,0.130084
39226,-0.0255584,-0.085419,-0.125125
39227,-0.0134518,-0.0269036,-0.0526068
39228,0,0.000134518,-0.00904952
39229,0.0534037,0.469872,0.223767
39230,0.0676626,0.707296,0.415758
39231,0.0274417,0.134384,0.19056
39232,-0.011434,-0.011434,-0.0236268
39233,-0.0963149,-0.844639,-0.610056
39234,-0.0115686,-0.0122411,-0.0241289
39235,-0.782895,-6.116,-3.581
39236,-0.0838048,-2.30941,-0.998285
39237,0.0454671,0.529732,0.227676
39238,0.0398173,0.0263655,0.0191259
39239,0.171107,1.68349,0.8914
39240,-0.126716,-0.704337,-0.456702
39241,-0.510227,-4.48335,-2.58578
39242,-0.115282,-1.15538,-0.690233
39243,-0.121201,-3.45039,-1.47445
39244,-0.0902616,-1.08892,-0.58521
39245,0.129406,1.39805,0.62205
39246,0.0248858,0.0626854,0.0497787
39247,-0.0152005,-0.00174873,-0.0244105
39248,-0.00928175,-0.0236752,-0.0274939
39249,0.00067259,0.0275762,0.020417
39250,0.0587844,0.0153351,-0.00902341
39251,-0.19411,-1.34679,-0.625443
39252,0.159269,1.39643,0.692223
39253,0.0812489,1.3242,0.627348
39254,0.426019,4.41704,2.09584
39255,0.159807,2.49168,1.08398
39256,-0.0515204,0.278452,-0.0488545
39257,0.0866296,1.10587,0.464357
39258,-0.00955078,-0.0029594,0.0152
39259,0.00901271,-2.55759,-0.905392
39260,0.196531,2.60683,1.16961
39261,-0.0293249,-1.24523,-0.493282
39262,-0.0924139,-0.227739,-0.232992
39263,-0.120528,-2.25735,-1.06839
39264,0.0235407,0.439067,0.184546
39265,-0.0192361,-0.0394138,-0.0577931
39266,0.026231,0.0212539,0.0227317
39267,-0.0188325,-0.0515204,-0.0424229
39269,-0.323381,-5.24419,-2.5233
39270,0.402478,5.14397,2.28213
39271,-0.00860916,-0.546278,-0.219283
39272,-0.318942,-2.97567,-1.3784
39273,0.0538072,0.681065,0.296067
39274,-0.199625,-2.40841,-1.10224
39275,-0.185366,-1.16197,-0.652007
39276,0.0235407,0.0379341,0.0191836
39277,0.0523275,0.0937591,0.117979
39278,0.037396,0.0573047,0.0544508
39279,-0.0359163,-0.0493681,-0.0798428
39280,-0.0269036,-0.0538072,-0.0878647
39281,-0.0240787,-0.690481,-0.307225
39282,-0.011434,-0.0129137,-0.041596
39283,-0.0417006,-0.234465,-0.133807
39284,0.0067259,0.0134518,0.00124724
39285,-0.429516,-3.87856,-2.01369
39286,0.0255584,0.0659139,0.069636
39287,0.022061,0.0456016,0.0257663
39288,-0.0429113,-0.0614748,-0.0904364
39289,-0.0330914,-0.056094,-0.089254
39290,-0.00107614,-0.735814,-0.263878
39291,0.00215229,-1.86832,-0.612312
39292,0.0766753,1.50055,0.507544
39293,-0.00403554,-0.0445255,-0.0652466
39294,-0.365889,-6.00569,-2.39353
39295,0.063358,0.131559,0.0519164
39296,-0.0182945,-0.00484265,-0.0429482
39297,-0.059726,-1.49033,-0.566577
39298,0.0318808,0.103444,0.125833
39299,-0.00753301,-0.00955078,-0.0191772
39300,0.0305356,0.0589189,0.05623
39301,-0.0675281,-0.553676,-0.278917
39302,0.0421042,0.585423,0.247241
39303,-0.0282488,-0.0488301,-0.0493176
39304,0.0125102,1.57628,0.556443
39305,0.0309392,0.0293249,0.0502113
39306,0.0969875,0.550851,0.288219
39307,0.0677971,2.09431,0.817723
39308,0.0121066,-0.014797,-0.0183059
39309,-0.0376651,-0.0645687,-0.0842868
39310,-0.0157386,-0.452519,-0.166671
39311,-0.138823,-2.25425,-1.02988
39312,0.029594,0.0429113,0.04918
39313,0.138419,2.14368,0.914669
39314,0.0546143,2.05772,0.608721
39315,-0.101292,-2.24739,-0.795125
39316,-0.0328224,0.010896,-0.011209
39317,-0.141244,-2.06418,-0.92661
39318,0.107614,2.53324,1.1034
39319,0.0408935,0.00914723,-0.00435054
39320,0.0356473,1.36832,0.402815
39321,-0.0411625,-1.41553,-0.432487
39322,0.547489,5.92848,2.75478
39323,0.02233,-0.00322843,-0.0211259
39324,0.00349747,0.0173528,0.0172059
39325,0.0462742,1.19425,0.435259
39326,0.0216574,0.015066,0.0197928
39327,0.00551524,0.010896,-0.0176312
39328,-0.118376,-0.0232716,-0.0821776
39329,-0.0172183,0.442564,0.163027
39330,0.0983327,1.23178,0.466106
39331,-0.014797,-0.014797,-0.0257004
39332,0.113399,2.7634,1.19183
39333,-0.103848,-0.0367234,-0.13163
39334,0.0224645,0.0472158,0.0298041
39335,0.208907,2.64328,1.12115
39336,0.0698149,0.472024,0.263852
39337,-0.124295,-0.629141,-0.416301
39338,0.0801728,1.35029,0.499684
39339,0.25249,4.3561,1.83639
39340,-0.000941626,0.0743885,-0.0317431
39341,-0.285313,-2.34304,-1.11477
39342,0.194782,1.49853,0.800154
39343,-0.0733123,-0.465029,-0.268042
39344,-0.265404,-2.13009,-1.06924
39345,-0.000134518,0.0267691,0.00346456
39346,0.0322843,0.0754646,0.0640407
39347,-0.0461397,-0.0359163,-0.0723814
39348,0.0470813,0.0605331,0.0572624
39349,-0.0134518,-0.0096853,-0.039464
39350,-0.371539,-4.11168,-1.91657
39351,-0.119452,-0.307508,-0.296255
39352,0.271861,3.29408,1.59513
39353,-0.184424,-2.77215,-1.27649
39354,0.0143934,0.827286,0.296436
39355,-0.00497717,0.321902,0.0756517
39356,0.0544798,0.880959,0.240403
39357,0.00269036,-0.0117031,-0.0127589
39358,-0.0422387,-0.0146625,-0.050843
39359,0.00403554,-0.0376651,-0.0242843
39360,0.257468,2.31627,1.10373
39361,-0.00201777,0.011434,-0.00627917
39362,-0.0438529,-0.0304011,-0.0780959
39363,0.107614,1.1738,0.57058
39364,-0.103175,-0.713484,-0.355342
39365,-0.0138554,-0.321095,-0.173132
39366,0.0551524,1.00095,0.45086
39367,-0.0423732,-0.0137208,-0.0480352
39368,-0.00121066,0.326475,0.079202
39369,0.0613402,0.670438,0.337247
39370,0.0127792,0.00591879,0.00390016
39371,-0.0302666,-0.0531346,-0.0552646
39372,-0.0107614,-0.0250204,-0.045379
39373,-0.42279,-4.60872,-2.1862
39374,0.0445255,1.17596,0.410962
39375,-0.044391,-0.87235,-0.29458
39376,-0.055556,-1.68363,-0.683826
39377,-0.0123757,-0.905307,-0.366578
39378,-0.0103579,-0.0123757,-0.039566
39379,0.0835357,2.11906,0.771908
39380,-0.184693,-2.66655,-1.12357
39381,-0.0497717,-0.0221955,-0.0630927
39382,0.0215229,-3.58585,-1.72247
39383,0.0809799,2.45563,1.36669
39384,-0.00807108,0.472024,0.151466
39385,0.602372,8.64265,3.80712
39386,-0.0785585,-1.73273,-0.760219
39387,0.114071,1.70434,0.659446
39388,0.0137208,0.0266346,0.0144122
39389,0.0096853,0.721555,0.219651
39390,0.0816525,1.03875,0.432567
39391,-0.00699494,-0.00511169,-0.0159727
39392,-0.044391,0.0227336,-0.0250288
39393,-0.0126447,-0.0126447,-0.0251636
39394,0.0052462,-0.18429,-0.191727
39395,-0.0470813,-0.0605331,-0.0752493
39396,-0.259216,-3.62405,-1.5855
39397,-0.0569011,-1.28411,-0.552203
39398,0,-0.0305356,-0.0434363
39399,0.328897,4.44044,1.94202
39400,0.00336295,0.592149,0.226679
39401,-0.0906652,-1.93787,-0.769996
39402,-0.0203122,-0.47041,-0.227427
39403,0,0.0538072,0.0450844
39404,0.000134518,0.000807108,-0.00874644
39405,-0.0473504,-0.895487,-0.377872
39406,-0.00201777,-0.0014797,-0.0033633
39407,-0.0100889,0.0142589,0.00596753
39408,-0.0242133,-0.368714,-0.168078
39409,0,0.0134518,0.0131889
39410,0.0751956,1.31276,0.579403
39411,0.070622,1.29998,0.399621
39412,-0.314369,-4.21754,-1.97568
39413,0.388219,4.63294,2.02024
39414,0.029594,0.00067259,0.0144812
39415,-0.246841,-3.15135,-1.37821
39416,-0.0153351,-0.0422387,-0.057255
39417,0.00134518,0.000538072,-0.0234786
39418,-0.234869,-4.35986,-1.71037
39419,0.0343021,0.0608022,0.0657768
39420,0.209848,3.17664,1.27632
39421,-0.19263,-3.05908,-1.14118
39422,-0.605869,-7.66417,-3.94649
39423,-0.0602641,0.0121066,-0.00881958
39424,0.305356,1.84411,1.04171
39425,-0.0538072,-0.0807108,-0.122017
39426,0.153351,2.20569,0.992152
39427,-0.059457,-0.880824,-0.393167
39428,0.150795,1.53082,0.796056
39429,-0.0216574,0.018698,-0.0218471
39430,0.117972,2.31586,0.985118
39431,-0.0454671,-0.0764063,-0.121024
39432,0.0242133,0.0234061,-0.0155379
39433,-0.333739,-4.39201,-2.11656
39434,-0.445389,-5.0034,-2.4611
39435,0.00470813,0.044391,0.0160609
39436,0.152678,0.622819,0.36164
39437,-0.0131828,1.06175,0.362352
39438,0.0343021,-0.996913,-0.318892
39439,-0.119183,-0.567532,-0.340685
39440,0.0595915,0.0655103,0.0922181
39441,-0.0248858,0.000941626,-0.0325062
39442,-0.015066,-0.0285178,-0.0317893
39443,0.0107614,0.0376651,0.0332197
39444,0.108825,2.20354,0.85255
39445,0.211597,4.36713,1.88361
39446,-0.0390102,-1.29312,-0.540526
39447,-0.0437184,-0.0847464,-0.0973632
39448,0.00336295,-0.0235407,-0.0310682
39449,-0.0269036,-0.0318808,-0.0447138
39450,-0.00121066,0.0122411,-0.00402295
39451,-0.00874367,-0.0761372,-0.041271
39452,-0.0832667,-0.566994,-0.315149
39453,-0.00134518,-0.014797,-0.0158827
39454,0,0,-0.0060385
39455,0,0.00134518,-0.0102767
39456,0,-0.0269036,-0.00487434
39457,0.108287,1.43934,0.642321
39458,-0.0394138,-0.878941,-0.373992
39459,-0.0134518,-0.000134518,-0.0368368
39460,0,0.0403554,0.0421182
39461,0.0191016,0.846388,0.315794
39462,0.00309392,-0.0104924,-0.0275389
39463,0.0871677,0.585154,0.336152
39464,-0.0578428,-0.566321,-0.336779
39465,0.0191016,0.174604,0.0236172
39466,-0.0201777,-0.0242133,-0.0257409
39467,-0.00336295,-0.0168148,-0.0166815
39468,-2.12135,-16.3719,-10.2197
39469,0.00645687,0.06699,-0.0253195
39470,-0.181599,-3.58477,-1.19847
39471,0.0538072,0.0269036,0.0632194
39472,-0.385394,-7.28577,-2.42953
39473,0.0551524,-0.0573047,-0.041306
39474,-0.00793657,-3.44568,-0.923752
39475,-0.166668,-2.26945,-1.54042
39476,-0.359163,-2.28627,-1.43692
39477,-0.00591879,-0.0867642,-0.0533774
39478,0,0.0807108,0.000271249
39479,0.25814,4.31305,2.28489
39480,0.302262,6.47704,2.02036
39481,-0.0260965,-0.0395483,-0.0699694
39482,0.226394,3.47164,1.35393
39483,-0.00470813,-0.0125102,-0.0467746
39484,-0.0269036,-0.0289214,-0.0437457
39485,0.365351,8.31322,2.92248
39486,0.0694113,1.77604,0.88123
39487,0.00484265,2.46894,0.909971
39488,0.0201777,-1.57373,-0.68568
39489,0.251414,4.75589,3.68066
39490,-0.00349747,0.000538072,-0.0199457
39491,-0.0698149,-2.23677,-2.32986
39492,0.169089,2.37209,2.52123
39493,-0.0457361,-0.0723707,-0.0957165
39494,1.15618,1.48508,1.46063
39495,-0.0938936,-0.77173,-0.495524
39496,0.112323,0.648512,0.340109
39497,-0.0340331,-0.535785,-0.223171
39498,-0.0398173,-0.774017,-0.35055
39499,0.0312082,0.749535,0.288222
39500,0.044929,0.591072,0.226907
39501,0.0825941,1.2833,0.568011
39502,-0.236214,-2.11126,-1.12043
39503,-0.321364,-4.16562,-1.84455
39504,0.0882438,1.3472,0.508045
39505,0.063089,1.72183,0.63975
39506,0.0782895,0.744423,0.367348
39507,0.105059,0.630621,0.385655
39508,-0.212673,-2.50177,-1.19189
39509,-0.070622,-0.585826,-0.277109
39510,0.00242133,0.0495026,0.0295609
39511,-0.316117,-4.61787,-1.94862
39512,-0.0489646,-1.45414,-0.459893
39513,-0.153082,-2.65202,-1.15297
39514,0.108691,2.08597,0.75961
39515,0.0509823,0.077886,0.0642144
39516,-0.147701,-2.01912,-0.867859
39517,-0.148373,-3.8756,-1.43548
39518,-0.152947,-3.29233,-1.6668
39519,-0.0250204,-0.4996,-0.222888
39520,0.121201,1.87854,1.02674
39521,0.0605331,1.92428,0.784632
39522,0.0309392,0.509958,0.212265
39523,0.10183,3.47662,1.26391
39524,-0.132769,-2.12888,-0.892729
39525,0.0634925,0.0768098,0.110956
39526,0.0499062,0.523275,0.236529
39527,-0.0431803,-0.0711601,-0.109034
39528,-0.110305,-0.562555,-0.343718
39529,0.0138554,-0.000269036,0.0046516
39530,0.0517895,0.571298,0.295712
39531,0.289079,3.69508,1.53741
39532,0.212,4.69683,1.77495
39533,0.0427767,0.0548834,0.0484685
39534,0.109498,2.15646,0.879355
39535,0.0765408,0.176488,0.121453
39536,-0.0746575,-0.926022,-0.397603
39537,0.0157386,-0.549506,-0.205098
39538,0.0166802,0.078155,0.0810275
39539,0.059457,1.45764,0.591066
39540,-0.126178,-1.45818,-0.689518
39541,-0.443506,-5.70787,-2.19889
39542,0.0376651,0.0172183,0.0162578
39543,-0.216305,-2.16049,-0.998781
39544,0.00363199,-0.0686042,-0.0841556
39545,-0.029594,0.0326879,0.0479671
39546,-0.159135,-2.06405,-0.994351
39547,-0.116762,-2.00055,-0.798057
39548,0.253432,4.10401,1.68499
39549,-0.000134518,-0.00914723,-0.0477642
39550,-0.0149315,-1.92078,-0.658383
39551,0.00134518,-0.000941626,-0.00800967
39552,-0.00121066,0.00551524,0.000501114
39553,0.141782,2.16937,0.933652
39554,-0.044929,-0.147701,-0.130776
39555,0.00564976,0.0181599,0.0199945
39556,0.00941626,-0.0242133,-0.0476669
39557,-0.0282488,-0.0417006,-0.0821103
39558,0.00470813,0.0195051,0.0276661
39559,-0.00484265,0.0355128,-0.0539986
39560,-0.231237,-5.39633,-2.17415
39561,-0.0107614,1.37047,0.527526
39562,-0.121066,-2.05517,-0.959814
39563,0,0.0367234,0.0201687
39564,0.0324189,0.0591879,0.0593374
39565,0.00188325,-0.0250204,-0.035652
39566,0.00336295,-0.0044391,-0.00388155
39567,-0.0881093,-1.66533,-0.851864
39568,0.00766753,0.0166802,0.0210657
39569,0.103444,1.71282,0.904872
39570,0.0523275,1.99006,0.851555
39571,-0.0228681,-0.0231371,-0.0382545
39572,0.0269036,0.0396828,0.0308384
39573,-0.0255584,-0.0388757,-0.0644309
39574,-0.00457361,-0.0173528,-0.0188655
39575,-0.0848809,-2.00943,-0.898406
39576,0.0336295,0.0336295,0.0335737
39577,-0.0067259,-0.0067259,-0.0176507
39578,-0.0107614,0.0172183,0.00512125
39579,-0.348805,-3.83699,-2.14451
39580,0.0107614,0.0847464,0.0331275
39581,0.00403554,0.0318808,0.00787395
39582,0,-0.0372615,-0.0203329
39583,0.123757,1.89603,1.00682
39584,0.0782895,1.88043,0.832821
39585,-0.245226,-3.81413,-2.01756
39586,-0.142724,-1.80698,-1.67011
39587,-0.00807108,-0.0224645,-0.0480905
39588,-0.00887819,0.0559595,0.0264055
39589,-0.00578428,0.00834012,0.00604286
39590,0.0478884,-0.0142589,-0.0107995
39591,-1.44028,-12.2432,-6.56009
39592,-0.177429,-0.23998,-0.344177
39593,0.20514,1.73111,1.01495
39594,0.214691,2.35837,1.3526
39595,-0.0297285,-0.745903,-0.500104
39596,-0.102503,-3.31264,-1.51623
39597,0.257199,4.21176,2.15619
39598,0,0.0265001,0.0352454
39599,0.175546,0.119048,0.205918
39600,-0.0403554,-0.0201777,-0.0681901
39601,-0.213077,-3.03325,-1.47599
39602,0.00403554,0.853383,0.395985
39603,0.254777,3.04764,1.35412
39604,-0.0605331,-0.919027,-0.383005
39605,0.00470813,-0.0234061,-0.0110308
39606,-0.048561,-1.45992,-0.629758
39607,0.0583808,0.923332,0.394463
39608,0.267691,2.9107,1.41688
39609,0.00941626,0.988708,0.4264
39610,-0.0142589,-0.0601296,-0.112896
39611,-0.314772,-5.27553,-2.46268
39612,0.0117031,0.0230026,0.0340058
39613,-0.128868,-1.41365,-0.670521
39614,0.0269036,0.0403554,0.0347381
39615,-0.0131828,0.0143934,-0.0146075
39616,-0.57641,-3.29502,-2.49356
39617,-0.557712,-6.14653,-3.10845
39618,0.0682007,0.687253,0.325508
39619,0.590938,7.82236,3.84278
39620,0.041297,0.0722362,0.0201526
39621,-0.518836,-7.55238,-3.35284
39622,-0.0158731,-0.0215229,-0.0294858
39623,0.186442,3.87062,1.61906
39624,0.0204467,0.0613402,0.0521563
39625,0.0228681,0.0363199,0.0422161
39626,-0.0457361,-0.581387,-0.314545
39627,-0.0174873,0.0363199,-0.00687291
39628,-0.0143934,-0.81222,-0.26234
39629,-0.0119721,-0.417948,-0.21404
39630,0.0546143,0.485207,0.260579
39631,0.0201777,0.0336295,0.0388011
39632,-0.20783,-3.29502,-1.41799
39633,-0.0874367,-0.0460052,-0.143912
39634,0.00134518,-0.0121066,-0.0140328
39635,0.176488,1.59861,0.860965
39636,-0.0134518,-0.0894545,-0.120752
39637,-0.0492336,-1.33953,-0.609804
39638,0.0269036,0.0539417,0.0523737
39639,0.0134518,0.627661,0.231863
39640,-0.0123757,0.16317,0.0286698
39641,-0.000134518,0.636539,0.248028
39642,0.00901271,-0.0170838,-0.0407519
39643,0.0267691,0.0408935,0.0469601
39644,0.117972,2.9824,1.11563
39645,0.0135863,0.701243,0.344164
39646,0.0255584,-0.00134518,0.0105828
39647,0.482651,5.03609,2.45288
39648,-0.120528,-2.12256,-0.927531
39649,-0.0835357,-1.79286,-0.701532
39650,0.309795,4.64477,1.8833
39651,0.0216574,2.07682,0.800586
39652,-0.129541,-1.79353,-0.842493
39653,0.217516,2.91043,1.21376
39654,0.0029594,0.0430458,0.02942
39655,-0.0894545,-1.23057,-0.571652
39656,-0.0786931,-1.7221,-0.675235
39657,0.103579,0.60856,0.304203
39658,0.0306701,0.578562,0.210266
39659,0.112323,1.95078,0.911584
39660,-0.0174873,-0.55825,-0.250667
39661,-0.0137208,-0.656583,-0.188269
39662,-0.0134518,0.606138,0.203
39663,-0.00134518,-0.0390102,-0.0487634
39664,0.00067259,-1.78344,-0.780144
39665,-0.0587844,-0.636809,-0.311214
39666,-0.0824596,-2.92321,-1.07424
39667,0.109632,2.60333,0.990171
39668,0.0983327,1.15215,0.522549
39669,-0.0766753,-0.14797,-0.166704
39670,0.00807108,0.00874367,-0.00256392
39671,0.0874367,0.155503,0.147698
39672,0.00538072,0.0126447,0.00129526
39673,-0.0429113,-0.0562286,-0.0529024
39674,0.0161422,-0.0377996,-0.0447304
39675,-0.00766753,0.0718326,0.0248657
39676,0.0209848,0.000807108,-0.00919238
39677,0.092952,1.19869,0.57893
39678,0.0538072,0.68806,0.319176
39679,0.0107614,0.0242133,0.010033
39680,0.0621473,1.65807,0.778074
39681,0.275628,3.56473,1.58844
39682,0.00659139,-0.544664,-0.235777
39683,0.0067259,0.0589189,0.0354444
39684,0.0807108,0.0959114,0.101297
39685,-0.100754,-0.114206,-0.142065
39686,0.0133173,-0.000134518,0.00116375
39687,0.0197742,0.527445,0.193101
39688,0.128734,1.3737,0.591697
39689,0.0266346,0.0135863,0.0181436
39690,0.0601296,0.84854,0.352426
39691,-0.00282488,-0.121604,-0.0962273
39692,0.0438529,0.0622819,0.0725683
39693,-0.117165,-1.7178,-0.660443
39694,-0.0380686,-1.1017,-0.574086
39695,0.0437184,0.466374,0.248485
39696,-0.0839393,-1.03821,-0.515235
39697,-0.00928175,0.0457361,0.00680707
39698,0.0645687,0.619725,0.320817
39699,-0.00201777,-0.0154696,-0.0339767
39700,-0.242133,-6.27419,-2.73699
39701,-0.0375305,0.899522,0.287452
39702,-0.139226,-1.56687,-0.759085
39703,0.0201777,0.059726,0.0509145
39704,-0.000134518,-0.000403554,-0.0280983
39705,-0.0211193,-0.0556905,-0.0650792
39706,0.000807108,0.0438529,0.0271349
39707,-0.0535382,-1.16627,-0.457091
39708,0.0178909,0.48709,0.218701
39709,0.287196,2.91729,1.37674
39710,-0.0248858,-0.051924,-0.0696011
39711,0.00538072,-0.00726398,-0.0241879
39712,0,-0.000134518,-0.00883418
39713,0.0195051,0.0579773,0.046111
39714,-0.0481575,-0.059726,-0.0920459
39715,0.051924,0.0786931,0.102673
39716,-0.0289214,-0.0760027,-0.12428
39717,-0.00322843,-0.0130483,-0.0185649
39718,0.0684697,0.101023,0.128742
39719,-0.0130483,-0.0130483,-0.0254644
39720,-0.0166802,-0.90988,-0.370058
39721,0.362392,4.7162,2.09607
39722,0.026231,0.728684,0.240245
39723,0.115686,0.997451,0.499814
39724,-0.0269036,-0.501483,-0.191342
39725,-0.00336295,0.00201777,-0.0323826
39726,0.00336295,0.0484265,0.0312134
39727,0.0067259,0.0096853,0.00433062
39728,-0.116358,-1.12847,-0.553695
39729,-0.388623,-6.02641,-2.79367
39730,0.0972566,2.63575,1.03589
39731,0.00470813,-1.01386,-0.435838
39732,0.172318,3.11813,1.35015
39733,0.0137208,-0.366427,-0.0765624
39734,-0.0142589,-0.525966,-0.316735
39735,0.010896,0.00739849,0.0064927
39736,-0.106404,-2.14395,-0.843952
39737,0.0172183,0.0246168,0.0127355
39738,-0.0891855,-0.497717,-0.272445
39739,-0.0172183,-0.0634925,-0.0898711
39740,-0.0998124,-2.84075,-1.05097
39741,-0.0134518,0.0399519,0.0204146
39742,-0.00739849,-0.00739849,-0.0166614
39743,0.0247513,-1.18053,-0.422769
39744,0.0143934,0.0712946,0.0337727
39745,0.44929,6.42889,2.74741
39746,0.0134518,0.0255584,0.011046
39747,-0.0733123,-0.661291,-0.385092
39748,0.029594,0.600489,0.221309
39749,0.000807108,0.0411625,0.0428899
39750,0.0168148,-0.0376651,-0.0464906
39751,-0.225721,-2.89833,-1.26629
39752,0.179716,2.3394,1.06683
39753,-0.014797,-0.0283833,-0.0515456
39754,0.0789621,0.644207,0.316907
39755,-0.00645687,-0.0461397,-0.105319
39756,-0.00174873,-0.00215229,0.00415096
39757,0.0739849,0.642862,0.347627
39758,0.0725052,1.56014,0.650981
39759,0.00188325,-0.0516549,-0.0759879
39760,-0.0165457,-0.0067259,-0.00906382
39761,-0.0316117,-0.980368,-0.433956
39762,0.0146625,0.483861,0.226971
39763,-0.00914723,0.00430458,-0.0143498
39764,0.0372615,0.0531346,0.0458372
39765,-0.0281143,-0.0287869,-0.0451309
39766,0.0201777,0.0571702,0.0523318
39767,0.0725052,-0.00336295,0.0669855
39768,0.0269036,0.980233,0.374093
39769,0.0134518,-0.000269036,0.00152287
39770,0,0.527849,0.166189
39771,-0.103444,-2.14422,-0.964376
39772,0.0134518,-0.0134518,-0.00238713
39773,0.0168148,0.056094,0.0464373
39774,-0.041028,0.419427,0.124977
39775,0.0180254,-0.00847464,-0.0149635
39776,0.0201777,0.672859,0.303606
39777,-0.0470813,-0.64609,-0.335902
39778,0.000807108,0.518971,0.174886
39779,-0.0484265,-1.03377,-0.431543
39780,-0.212539,-2.76609,-1.28416
39781,0.0698149,0.0855535,0.090243
39782,0.0571702,1.07695,0.452234
39783,0.0516549,0.997451,0.391811
39784,-0.0470813,-1.02772,-0.438322
39785,-0.0570357,-0.578831,-0.285664
39786,0.0586499,1.83429,0.830249
39787,0.0181599,0.0178909,0.0122452
39788,0.0134518,0.0538072,0.0415458
39789,-0.00887819,0.00376651,-0.0168437
39790,0.0106269,0.0240787,0.0130357
39791,-0.0608022,-0.590265,-0.289197
39792,0.00349747,0.00417006,-0.0043551
39793,0.0269036,0.0827286,0.0646283
39794,0.0135863,0.0543453,0.0051545
39795,-0.0134518,-0.0149315,-0.0272579
39796,-0.449963,-6.30379,-2.94156
39797,0.000134518,0.0170838,0.0192011
39798,0.196396,2.21928,0.893584
39799,0.0403554,0.800248,0.290469
39800,-0.044391,-1.41473,-0.608367
39801,0.0489646,0.881362,0.382008
39802,0.000403554,-0.0176219,-0.0148394
39803,-0.000941626,0.0273072,0.00022095
39804,0,-0.0141244,-0.0157406
39805,-0.0134518,-0.0411625,-0.0560596
39806,-0.206889,-4.61007,-1.72326
39807,0.0255584,0.0182945,0.0455595
39808,-0.0126447,-0.0423732,-0.052616
39809,-0.233792,-2.84855,-1.25513
39810,0.0161422,0.0293249,0.0194422
39811,-0.477001,-6.4722,-3.46614
39812,-0.214691,-2.36415,-1.34091
39813,-0.0115686,0.0421042,-0.00791938
39814,-0.126447,-0.627527,-0.383547
39815,0.0129137,0.025693,0.0122592
39816,0.0134518,0.0266346,0.0129591
39817,0.0269036,0.0274417,0.0252388
39818,-0.0135863,-0.0134518,-0.0264287
39819,0.0591879,0.581791,0.313322
39820,-0.0133173,-0.0138554,-0.0269094
39821,0.0649722,1.36119,0.539372
39822,-0.274013,-1.81303,-1.22768
39823,-0.00282488,-0.623895,-0.238759
39824,-0.00228681,0.00511169,-0.0418376
39825,-0.0437184,-0.0848809,-0.0746607
39826,0.0507133,0.0773479,0.0969767
39827,0.238501,2.13198,1.03741
39828,0.0240787,0.0240787,0.00270068
39829,-0.0645687,-0.118376,-0.144291
39830,-0.212808,-2.22479,-1.18063
39831,-0.349074,-4.26126,-2.1969
39832,-0.0215229,0.589996,0.229292
39833,-0.000134518,-0.652682,-0.296605
39834,0.0134518,0.0235407,0.0286044
39835,-0.0637616,-0.131693,-0.160564
39836,0.0236752,0.0505788,0.0483025
39837,-0.0746575,0.0938936,-0.019516
39838,-0.0201777,-0.839931,-0.43984
39839,-0.0517895,-0.775362,-0.435468
39840,0.048292,0.0885129,0.100291
39841,0.0246168,1.43248,0.669714
39842,0.11999,1.57023,0.727013
39843,0.0313427,0.0481575,0.0790719
39844,0.0981982,1.567,0.773519
39845,0.0304011,0.0390102,0.0424749
39846,-0.0240787,-0.11851,-0.14507
39847,-0.0131828,-0.0131828,-0.0240035
39848,-0.0293249,-0.953599,-0.438205
39849,0,-0.0123757,-0.0476251
39850,-0.123353,-3.01011,-1.32835
39851,-0.474042,-5.69052,-3.15896
39852,-0.0368579,-0.667479,-0.308298
39853,0.0328224,0.115013,0.100893
39854,0.11851,1.78546,0.687329
39855,-0.260292,-3.41111,-1.43593
39856,0.154427,1.23555,0.633127
39857,0.0161422,0.608425,0.204382
39858,-0.00645687,0.53592,0.181694
39859,-0.0166802,-0.593897,-0.227496
39860,-0.0138554,-0.554752,-0.239314
39861,0.0842083,0.70622,0.44441
39862,0.0322843,2.56284,0.946122
39863,-0.00269036,-0.675819,-0.270291
39864,-0.0134518,-0.0131828,-0.026117
39865,-0.0134518,-0.0587844,-0.0767032
39866,0.0269036,0,0.0282157
39867,0.0364544,0.62376,0.290763
39868,-0.0217919,-0.639364,-0.320035
39869,0,0.0133173,-0.00408348
39870,-0.0107614,-0.0243478,-0.0437952
39871,0.257602,2.94514,1.49744
39872,0.0188325,0.787469,0.295983
39873,0.0263655,0.0208503,0.0188777
39874,0.538207,8.90631,4.25729
39875,-0.232582,-4.19293,-2.05908
39876,0.0168148,0.00376651,0.00477395
39877,-0.0266346,-0.0527311,-0.071504
39878,0.0815179,0.0813834,0.113578
39879,-0.08932,-0.116224,-0.151166
39880,0.135729,0.723707,0.364329
39881,0.218995,2.35474,1.25473
39882,0.0538072,0.0403554,0.085808
39883,0.276704,2.2934,1.3795
39884,0.0504443,0.555963,0.238438
39885,0.0244823,-0.0217919,-0.0123294
39886,-0.067259,-0.0403554,-0.0816576
39887,0,0.0269036,-0.00451842
39888,0.0283833,0.538879,0.234497
39889,-0.0274417,0.00955078,-0.029762
39890,0.12564,1.72116,0.762517
39891,0,-0.484669,-0.220338
39892,0.0562286,0.0336295,-0.00433796
39893,0,-0.0544798,-0.0829
39894,-0.041028,-0.0415661,-0.0613482
39895,-0.0832667,-1.14018,-0.454564
39896,-0.0104924,-0.608425,-0.23827
39897,-0.0228681,-0.0363199,-0.0432024
39898,-0.0213884,-0.510765,-0.251299
39899,0.0134518,0.0394138,0.0506465
39900,0.052193,1.12148,0.420364
39901,0.00107614,0.048292,0.0110825
39902,0.0920104,0.501349,0.258066
39903,0.563227,3.84009,1.99871
39904,-0.0941626,-0.107614,-0.150939
39905,-0.286658,-1.38406,-0.860601
39906,-0.0878403,-0.133038,-0.173377
39907,0.00981982,0.0671245,0.0621122
39908,0.00484265,0.00739849,-0.00209847
39909,-0.130348,-1.24254,-0.710312
39910,-0.413778,-6.5704,-3.07454
39911,-0.0336295,0.100485,0.0624598
39912,0,-0.76487,-0.249497
39913,0.0169493,0.00390102,-0.00958736
39914,-0.0309392,-0.0309392,-0.0508381
39915,0.124026,2.22802,0.840717
39916,0.0133173,0.041028,0.0352068
39917,-0.0134518,-0.0538072,-0.0614916
39918,0.0504443,0.71187,0.339982
39919,-0.0442564,0.189536,0.110554
39920,-0.0466778,-0.059726,-0.0910754
39921,0.0473504,-0.548565,-0.223536
39922,-0.156445,-1.34128,-0.514986
39923,-0.229622,-2.68794,-1.25037
39924,0.0489646,0.0707565,0.0631871
39925,0.0825941,1.83429,0.871344
39926,-0.000269036,-0.066721,-0.104951
39927,-0.0176219,0.00914723,-0.0185154
39928,0.293653,3.47743,1.5608
39929,-0.0478884,0.516684,0.0132825
39930,0,-0.0251549,-0.0344975
39931,0.00981982,0.0481575,0.0497307
39932,-0.0252894,0.0450636,-0.0272075
39933,-0.0563631,-0.121873,-0.160472
39934,-0.238231,-4.06567,-1.80631
39935,-0.033226,-0.0647032,-0.0890951
39936,-0.151467,-1.98643,-0.919635
39937,0.00564976,-1.46423,-0.599812
39938,-0.096853,-0.779532,-0.357127
39939,0.014797,-0.0242133,-0.0409545
39940,-0.128599,-2.67368,-1.13199
39941,-0.134249,-0.461801,-0.328017
39942,-0.129137,-1.36617,-0.727113
39943,0.118241,1.26703,0.579248
39944,-0.00605331,0.0427767,-0.011225
39945,0.0504443,-0.774286,-0.259143
39946,0,0.000134518,-0.00656
39947,0.0247513,0.859705,0.456661
39948,-0.120663,-1.10278,-0.66212
39949,0.108018,0.148508,0.179042
39950,-0.078155,-0.0377996,-0.0947047
39951,0.46745,4.47757,2.33404
39952,0.0203122,0.000403554,-0.0195911
39953,-0.0659139,-0.55408,-0.308889
39954,-0.109901,0.335354,-0.00122915
39955,0.0134518,0.0260965,0.0271605
39956,0.156848,2.58907,1.2326
39957,-0.0227336,-1.11045,-0.683146
39958,0.0177564,0.0850154,0.0586556
39959,-0.0507133,-0.078155,-0.0864913
39960,0.0139899,0.0281143,0.0219495
39961,-0.000134518,-0.0135863,-0.0315862
39962,-0.152005,-1.98629,-0.90661
39963,0.0152005,0.0297285,0.0189741
39964,-0.000538072,-0.000538072,0.00587892
39965,-0.178371,-2.77174,-1.33481
39966,-0.183483,-1.46652,-0.767146
39967,-0.0247513,-1.18739,-0.47841
39968,-0.025693,-0.0274417,-0.0424937
39969,-0.0135863,-0.0126447,-0.0431208
39970,0,-0.000403554,-0.00790751
39971,-0.0942972,-1.15188,-0.715344
39972,-0.0196396,0.04466,-0.00488085
39973,-0.7872,-3.68176,-2.85008
39974,0.153351,1.79676,0.934912
39975,0.0134518,0.0271726,0.0119928
39976,0.0622819,0.0664519,0.0722859
39977,0.0534037,0.595646,0.25145
39978,0.085419,0.684966,0.373595
39979,-0.0146625,0.0119721,-0.00193467
39980,-0.210521,-2.82474,-1.42417
39981,-0.0799037,-0.928309,-0.421993
39982,-0.0153351,0.857149,0.313772
39983,-0.158059,-1.88325,-1.02341
39984,0.0417006,0.0585154,0.0495955
39985,-0.0134518,0.0149315,-0.0140928
39986,0.0201777,0.0208503,0.016671
39987,0.0267691,0.0411625,0.0477884
39988,-0.0273072,-0.0402209,-0.0653419
39989,0.00322843,0.0204467,0.0179035
39990,-0.159673,-0.56242,-0.461145
39991,-0.331049,-2.69507,-1.6543
39992,-0.110036,-0.937322,-0.531761
39993,0.138285,1.63144,0.755343
39994,0.149315,2.08167,0.896384
39995,-0.041028,-0.60143,-0.321178
39996,-0.232851,-1.32917,-0.826623
39997,-0.971624,-4.58384,-3.76329
39998,-1.65282,-2.82031,-1.60257
39999,1.07574,3.60683,2.38372
40000,-0.100216,-2.50473,-1.0054
40001,0.0735814,1.2716,0.523559
40002,-0.134249,-0.135594,-0.180184
40003,-0.106135,-1.64125,-0.659239
40004,0.0710255,1.21255,0.515006
40005,0.218592,2.53096,1.09854
40006,0.166937,3.42685,1.46824
40007,0.00807108,0.401805,0.12759
40008,-0.214691,-2.86295,-1.31657
40009,0.00941626,0.0477539,0.0455928
40010,-0.00336295,-0.0254239,-0.0499576
40011,0.216978,2.77874,1.306
40012,-0.0212539,-0.0369925,-0.0429079
40013,-0.0886474,-1.06027,-0.580199
40014,0.0341676,0.911091,0.344987
40015,0.0336295,0.018698,0.0267821
40016,-0.00914723,-0.00914723,-0.0207241
40017,0.223435,2.75601,1.2591
40018,0.0816525,0.971086,0.46471
40019,0,-0.271726,-0.129238
40020,-0.0135863,-0.0134518,-0.0263493
40021,-0.0637616,-0.0368579,-0.0641933
40022,0.00336295,-0.00995434,-0.0083331
40023,0.261638,1.79245,1.04745
40024,0.170703,1.30281,0.847471
40025,-0.0562286,0.0992743,0.0145726
40026,-0.248724,-1.37491,-0.93498
40027,-0.0427767,-0.529194,-0.251361
40028,0.0134518,0.014797,0.00828342
40029,0.163574,1.78357,0.908651
40030,0.178102,1.80254,0.938599
40031,-0.0891855,-1.82729,-0.977501
40032,-0.0538072,-0.0538072,-0.0774124
40033,0.0134518,0.0403554,0.00977143
40034,0.0402209,0.0469468,0.0451275
40035,-0.0134518,-0.0133173,-0.060021
40036,0.00161422,0.00161422,-0.00592373
40037,-0.0134518,-0.0134518,-0.026188
40038,0.0626854,0.0903961,0.114145
40039,0.00322843,0.0205813,0.00337939
40040,0.0134518,0.0134518,0.00796153
40041,-0.0281143,-0.0279798,-0.0447333
40042,-0.0647032,-0.0647032,-0.091243
40043,-0.0118376,0.00766753,-0.0147826
40044,0.35042,3.10521,1.5729
40045,-0.115147,-0.746844,-0.446241
40046,0,-0.0133173,-0.0154483
40047,0.0107614,0.0107614,0.00454657
40048,0.0322843,0.0324189,0.0480172
40049,0,0.0181599,0.0140551
40050,0.0134518,-0.0014797,-0.0163668
40051,0.022061,0.0355128,0.0241231
40052,0.0244823,1.19465,0.533628
40053,-0.348402,-3.82085,-1.81377
40054,0.00215229,0.0161422,0.000258074
40055,0.0425077,0.62793,0.218199
40056,-0.202181,-2.32703,-1.15016
40057,0.0692768,0.546412,0.314166
40058,0.264059,3.09553,1.49439
40059,0.0511169,0.118376,0.119832
40060,-0.0617438,-0.114878,-0.128049
40061,0,-0.0134518,-0.0314155
40062,0.0228681,0.0497717,0.0304623
40063,0.190074,1.28962,0.824652
40064,-0.00538072,-0.0330914,-0.04527
40065,0.0269036,0.0539417,0.0540445
40066,0.0846119,1.00176,0.479294
40067,0.143127,1.61139,0.648252
40068,-0.293384,-2.558,-1.25415
40069,0.0368579,0.00995434,0.00899517
40070,-0.0438529,-0.0437184,-0.0647415
40071,0.0419696,0.0310737,0.0445925
40072,-0.015066,-0.015066,-0.028237
40073,0.00699494,0.00699494,-0.000234369
40074,0.11434,0.11434,0.136022
40075,0.112995,1.29877,0.827464
40076,-0.044391,-0.591207,-0.465756
40077,-0.142455,-1.30563,-0.715382
40078,0.015066,0.015066,0.0100105
40079,0.0100889,0.0100889,0.00369283
40080,-0.0211193,-0.00780205,-0.0136822
40081,-0.0404899,-0.0139899,-0.0329109
40082,0.044391,0.480499,0.189878
40083,0.0940281,1.3706,0.702046
40084,-0.00955078,0.00834012,0.002014
40085,-0.0941626,-0.107614,-0.150939
40086,-0.00780205,0.00564976,0.00328557
40087,-0.0403554,-0.0269036,-0.0380354
40088,0.0618783,0.0618783,0.0694308
40089,0.0383376,0.06699,0.0710435
40090,0.0967185,0.863471,0.455397
40091,-0.216978,-1.04413,-0.659133
40092,0.140302,0.877999,0.501847
40093,0.107749,1.09982,0.536672
40094,0.0252894,0.432745,0.162979
40095,0.0686042,0.0687387,0.082151
40096,0.276166,3.45469,1.26867
40097,-0.129137,-2.16951,-0.778939
40098,0.0998124,2.31411,0.825022
40099,0.114071,1.45683,0.644519
40100,0.00538072,-0.00726398,-0.00773179
40101,0.014797,0.0418351,0.0404768
40102,-0.305087,-3.94286,-1.69533
40103,0.234061,3.07791,1.29674
40104,0.183752,1.62363,0.762115
40105,0.109094,2.23717,0.991215
40106,-0.0201777,-0.0450636,-0.0653386
40107,0.0944317,0.0270381,0.130206
40108,-0.0269036,-0.067259,-0.112991
40109,0.0897235,0.865624,0.425144
40110,0.0577082,0.633446,0.416576
40111,0.0735814,1.57279,0.498836
40112,0,0.0188325,-0.000405294
40113,0.00107614,0.0279798,0.0226917
40114,0.209579,2.04091,1.51228
40115,0.0589189,0.022599,0.0283356
40116,-0.0188325,-0.663712,-0.645125
40117,-0.0470813,-0.0127792,-0.0246358
40118,-0.0269036,-0.0127792,-0.0367276
40119,0.0800382,0.0797692,0.108308
40120,-0.00242133,0.00834012,0.0151967
40121,-0.0242133,-0.0511169,-0.0657024
40122,0,0,-0.00911326
40123,-0.0520585,-0.0318808,-0.0576673
40124,-0.369521,-3.68337,-1.80841
40125,-0.059457,-2.23098,-0.900674
40126,-0.151467,-1.61489,-0.680916
40127,0.0683352,0.0988708,0.104852
40128,0.0809799,1.62928,0.666001
40129,0.0131828,0.0400864,0.0149397
40130,-0.0462742,-1.61502,-0.642002
40131,0.0067259,-0.00336295,0.0290214
40132,0.0926829,3.7996,1.48481
40133,-0.333874,-3.35071,-1.56085
40134,0.143665,1.12968,0.509571
40135,-0.192899,-1.79245,-0.792314
40136,-0.015066,-0.0154696,-0.0121818
40137,-0.301186,-3.62755,-1.78346
40138,-0.750342,-5.94207,-3.01628
40139,-0.0402209,-0.0133173,-0.0895019
40140,0.154427,1.33832,0.675612
40141,-0.0538072,-0.0287869,-0.0520086
40142,-0.132231,-2.5814,-1.24172
40143,0.355128,3.39645,1.72513
40144,-0.0369925,0.585288,0.121003
40145,-0.115147,-2.60091,-1.25818
40146,-0.0955078,-1.2073,-0.530436
40147,0.0170838,0.00457361,0.007958
40148,0.0392793,0.0341676,0.040045
40149,-0.163439,-1.47499,-0.743761
40150,-0.149584,-1.3441,-0.59824
40151,0.0780205,0.109901,0.103116
40152,-0.0107614,-0.0527311,-0.0415377
40153,-0.190747,-1.24268,-0.636042
40154,0.0511169,0.0511169,0.0214622
40155,0.0106269,0.0376651,0.0189935
40156,-0.00981982,0.0438529,0.0355521
40157,0,-0.0887819,-0.0245446
40158,0.0832667,1.25357,0.581025
40159,0.0242133,0.0324189,0.0221058
40160,-0.0201777,-0.748324,-0.341254
40161,-0.0972566,-0.601565,-0.358578
40162,-0.0134518,0.000807108,-0.00340972
40163,0.0376651,0.0511169,0.0609984
40164,-0.0617438,0.482382,0.123383
40165,-0.320153,-2.6987,-1.30944
40166,-0.0356473,-0.0894545,-0.108892
40167,0.170434,2.40545,1.03613
40168,-0.00538072,0.0201777,-0.00648439
40169,0.00807108,0.536324,0.129467
40170,0.0493681,0.0359163,0.0628521
40171,-0.0270381,-0.000134518,-0.0145043
40172,0.103848,1.32796,0.596589
40173,-0.0162767,-0.0282488,-0.0340009
40174,-0.204871,-1.45656,-0.86154
40175,0.000134518,0.0404899,0.0104331
40176,0.0456016,-0.0082056,0.0609166
40177,0.112995,1.27321,0.587385
40178,0.0269036,0.067259,0.040394
40179,0.0634925,0.688732,0.286011
40180,0.0203122,0.653892,0.239895
40181,0.0640306,1.16224,0.510338
40182,0.0507133,0.0641651,0.0613144
40183,0,0.00161422,-0.00841192
40184,0.0134518,-0.00161422,0.00219822
40186,0,-0.00564976,-0.0147334
40187,0,0.0130483,-0.0029302
40188,0,-0.0134518,-0.015169
40189,-0.346384,-2.65592,-1.30143
40190,-0.127792,-2.44957,-0.987061
40191,0.125102,2.85541,1.18999
40192,0.0960459,1.1882,0.486172
40193,-0.0153351,-0.59457,-0.157564
40194,0,0.0134518,-0.00215288
40195,-0.0828631,-1.77618,-0.792948
40196,0.0173528,-0.0364544,-0.0259426
40197,0.0201777,0.0470813,0.0454282
40198,-0.0207158,-0.0344366,-0.0423222
40199,0.0419696,0.106269,0.0844694
40200,-0.0180254,-0.0141244,-0.043295
40201,0.0143934,1.92643,0.78133
40202,0.0726398,1.34975,0.542478
40203,-0.0329569,-0.0195051,-0.0664775
40204,0.0265001,0.0534037,0.0564293
40205,0.670304,7.06327,3.2905
40206,0.0215229,0.571298,0.234579
40207,-0.00228681,-0.0158731,-0.0117068
40208,0.0117031,0.0216574,0.0054827
40209,-0.00551524,0.0181599,0.00922136
40210,0.0255584,-0.0014797,0.0133928
40211,-0.010896,-0.0243478,-0.045246
40212,0.00309392,-0.0232716,-0.0124778
40213,-0.0554214,-0.0848809,-0.0912664
40214,0.00538072,-0.0142589,-0.0270017
40215,0.0014797,0.0149315,0.0150672
40216,0.0269036,0.0403554,0.0473385
40217,-0.00269036,0.0376651,0.0157814
40218,-0.0305356,-0.0439874,-0.0701752
40219,0.0165457,-0.475252,-0.159949
40220,-0.0586499,-1.00122,-0.419793
40221,0.0211193,0.0118376,-0.00228956
40222,0.0417006,0.983731,0.395557
40223,0.285044,3.2852,1.5577
40224,-0.0260965,-0.833474,-0.282991
40225,0.00901271,1.42804,0.465804
40226,0.0437184,0.063627,0.0640411
40227,-0.0115686,-0.643534,-0.271136
40228,0.148508,2.29945,1.00707
40229,-0.0390102,-0.0340331,-0.0810227
40230,0.243747,3.84076,1.7645
40231,-0.0873022,-2.85003,-1.26263
40232,-0.0548834,-0.0782895,-0.107554
40233,-0.209848,-1.65928,-0.82513
40234,0.120663,1.56028,0.7322
40235,0.0645687,0.0780205,0.079374
40236,0.233927,4.03151,1.94158
40237,0,-0.082056,-0.088536
40238,-0.0242133,-0.0242133,-0.0398163
40239,0.0174873,0.0309392,0.0381903
40240,0.0282488,0.0142589,0.00419925
40241,0.0201777,0.0663174,0.0477545
40242,0.679316,6.72711,3.60924
40243,-0.0632235,-0.135191,-0.133995
40244,-0.0430458,-1.63305,-0.681132
40245,-0.0269036,0.0357818,-0.0174462
40246,-0.160884,-2.14597,-0.988891
40247,-0.0106269,-0.0411625,-0.0741029
40248,-0.0283833,-1.38581,-0.636418
40249,-0.129406,-1.41231,-0.710193
40250,0.0755992,0.679854,0.371567
40251,0.126447,2.11543,1.03256
40252,-0.116493,-1.47042,-0.799347
40253,-0.0800382,-1.99436,-0.811145
40254,0.0426422,0.0162767,0.0352478
40255,-0.253028,-0.883246,-0.606915
40256,0,0.0134518,-0.00273897
40257,0.0500407,0.0365889,0.0480307
40258,-0.0400864,-0.706623,-0.265771
40259,-0.0574392,-0.689943,-0.361305
40260,-0.0585154,-1.38083,-0.635321
40261,-0.0273072,-0.0100889,-0.103459
40262,-0.277107,-2.69305,-1.30554
40263,0.296478,3.20099,1.50696
40264,-0.102234,-1.34424,-0.612086
40265,0.0825941,0.762717,0.348874
40266,0.0582463,1.24456,0.516002
40267,-0.116627,-2.08974,-0.985114
40268,0.0117031,-1.24295,-0.514022
40269,0.0540763,1.36926,0.664709
40270,-0.0149315,-0.536996,-0.34581
40271,0.0152005,0.627123,0.354922
40272,-0.0107614,0.0161422,0.00392005
40273,-0.0121066,-0.146625,-0.105615
40274,0.0484265,0.75653,0.306579
40275,0.0188325,0.0438529,0.0578386
40276,0.0228681,0.0134518,0.0135462
40277,-0.00941626,-0.00941626,-0.0539004
40278,0.041028,0.0813834,0.092884
40279,-0.0267691,-0.0402209,-0.0481541
40280,-0.000941626,-0.00121066,-0.00623852
40281,0,0,-0.012188
40282,-0.0178909,-0.0445255,-0.0403095
40283,0.00067259,0.00067259,-0.00825952
40284,0.488704,5.4196,2.51787
40285,-0.00269036,0.0277107,-0.0276767
40286,-0.23729,-3.22225,-1.42546
40287,0.0134518,0.0138554,0.00878735
40288,-0.17299,-1.998,-1.06241
40289,0.0209848,0.0359163,0.0261785
40290,0.0121066,0.0527311,0.0375981
40291,-0.0174873,-0.0309392,-0.0536127
40292,0.0336295,0.0739849,0.10048
40293,0.398846,4.04617,1.99599
40294,-0.413778,-5.67545,-2.8444
40295,-0.0239442,-0.037396,-0.0458807
40296,0.0741195,1.36899,0.66022
40297,-0.096853,-1.25438,-0.576957
40298,0.0254239,0.0139899,-0.00122768
40299,-0.00134518,-0.00793657,-0.0244366
40300,0.201643,1.70125,1.03775
40301,-0.0247513,-0.0211193,-0.0551284
40302,0.0375305,0.0462742,0.0393261
40303,-0.00605331,-0.018967,-0.038207
40304,0.00941626,0.0209848,0.0242489
40305,0.0360508,0.0281143,0.034748
40306,0.018967,1.33698,0.586175
40307,0.0692768,-1.23407,-0.464945
40308,-0.134115,-0.91822,-0.522899
40309,-0.0302666,-0.0302666,-0.0475315
40310,-0.011434,-0.543318,-0.22012
40311,-0.0279798,0.557712,0.190837
40312,0.118376,0.903423,0.487087
40313,0.352034,4.7692,2.17488
40314,-0.00605331,0.0117031,0.00754507
40315,-0.00269036,-0.0160076,-0.0188633
40316,0.0961804,1.54871,0.664559
40317,0.0684697,0.79823,0.323613
40318,-0.256526,-2.9142,-1.30658
40319,-0.0871677,-1.41769,-0.636331
40320,0.0582463,0.59457,0.315823
40321,0.0573047,0.788141,0.306354
40322,0.0660484,0.0940281,0.10421
40323,-0.00390102,-0.030132,-0.0428684
40324,0.00269036,0.029594,0.00730302
40325,0,-0.0269036,-0.0223673
40326,0.0322843,0.0591879,0.0607955
40327,0.0209848,0.0836702,-0.00341588
40328,-0.0383376,-0.0250204,-0.0511816
40329,-0.206351,-2.20704,-0.963648
40330,0.0265001,0.749938,0.253655
40331,-0.00430458,0.00914723,0.00503725
40332,0.0348402,0.0617438,0.0481118
40333,0.12295,1.3172,0.593273
40334,0.182945,1.908,0.873366
40335,-0.0215229,-0.552869,-0.250582
40336,0.139764,1.31303,0.631736
40337,0.504443,5.34575,2.73312
40338,0.265001,3.43734,1.60514
40339,-0.0158731,-0.0291904,-0.0331345
40340,0.0392793,0.033764,0.0166712
40341,-0.0388757,-0.0260965,-0.0364885
40342,-0.0531346,-0.0470813,-0.11766
40343,-0.0563631,-1.4454,-0.644603
40344,-0.00134518,0.0119721,-0.00447864
40345,-0.294729,-2.95442,-1.41186
40346,-0.0290559,-0.0161422,-0.0461134
40347,-0.0143934,-0.0478884,-0.0829158
40348,-0.00457361,0.672859,0.224409
40349,-0.0322843,-0.0322843,-0.0500927
40350,-0.0425077,-0.676491,-0.248303
40351,0.0877058,0.727205,0.311929
40352,0.0933555,0.840872,0.490683
40353,-0.0460052,-0.0457361,-0.066887
40354,-0.0512514,-0.0924139,-0.106461
40355,0.0239442,0.0501752,0.0342005
40356,-0.0161422,-0.0252894,-0.0254365
40357,0.0134518,-0.00107614,-0.0148093
40358,-0.0577082,-0.696535,-0.323703
40359,0.12416,0.80536,0.449503
40360,-0.0269036,-0.052193,-0.0711592
40361,-0.0172183,-0.0312082,-0.0384881
40362,0.00739849,0.0208503,0.00419928
40363,0.104251,0.786931,0.425228
40364,-0.0699494,-0.725994,-0.3717
40365,-0.165592,-1.52517,-0.75523
40366,0.0746575,0.139092,0.175254
40367,0.0129137,0.652278,0.211611
40368,-0.0437184,-0.0437184,-0.0646063
40369,-0.0973911,-2.16265,-0.880213
40370,0.00995434,0.682276,0.166208
40371,-0.0462742,0.626047,0.189773
40372,0.0247513,0.691288,0.302959
40373,0.0274417,0.0173528,0.00422183
40374,0.197473,3.64275,1.60636
40375,-0.0242133,0.104521,-0.0259312
40376,-0.0559595,-0.815852,-0.362136
40377,0.0278452,0.709045,0.209288
40378,-0.0707565,-1.59404,-0.724029
40379,-0.0251549,-0.0364544,-0.0309743
40380,0.0395483,0.868583,0.496771
40381,-0.423194,-5.79275,-2.71304
40382,-0.244957,-4.14221,-1.7789
40383,0.0591879,0.563362,0.231475
40384,-0.186846,-1.81546,-0.914165
40385,0.158328,1.71968,0.744233
40386,0.134249,1.36226,0.601723
40387,-0.0161422,-0.025962,-0.0318064
40388,0.309795,4.65244,2.01015
40389,-0.0691423,0.592821,0.168695
40390,-0.0492336,-1.45427,-0.634103
40391,0.0363199,0.743616,0.327581
40392,-0.206485,-3.05195,-1.30001
40393,-0.0603986,-0.708372,-0.23919
40394,-0.107749,-2.11974,-0.963183
40395,0.0807108,0.0800382,0.0929967
40396,-0.0503098,-0.0881093,-0.0916395
40397,-0.00161422,-0.00242133,-0.0115447
40398,-0.0517895,-0.0517895,-0.0939345
40399,0.0269036,0.0671245,0.037607
40400,-0.3558,-4.23449,-2.19857
40401,-0.0746575,-1.21241,-0.574169
40402,-0.266884,-1.87989,-0.959744
40403,0.236752,3.04966,1.40915
40404,0.06699,0.189401,0.105638
40405,-0.0832667,-0.670438,-0.40931
40406,-0.0511169,0.455344,0.19704
40407,0.121066,0.124429,0.163745
40408,-0.107614,-0.121066,-0.167553
40409,-0.00269036,-0.00255584,-0.0124619
40410,-0.00134518,0.015066,-0.00372536
40411,-0.0721017,-1.94056,-0.92612
40412,-0.033764,-0.0729088,-0.0806659
40413,-0.0812489,-0.933959,-0.4352
40414,-0.0577082,-0.670304,-0.386201
40415,-0.0425077,-0.0165457,-0.0211819
40416,0.0941626,0.0538072,0.150692
40417,-0.301455,-2.86497,-1.50399
40418,-0.0127792,-0.011434,-0.039032
40419,0.0936246,0.107076,0.11328
40420,0.0664519,1.31908,0.574581
40421,0.0761372,0.170434,0.168143
40422,0.00336295,0.00336295,-0.00178766
40423,0.175277,1.51602,0.828109
40424,0.0981982,0.0174873,0.0889079
40425,-0.127389,-0.0898581,-0.199849
40426,-0.0129137,0.520047,0.163434
40427,0.0811144,-0.610443,-0.123164
40428,-0.0645687,-0.118376,-0.164353
40429,-0.0613402,-1.45145,-0.613092
40430,-0.0121066,-0.0121066,-0.0428614
40431,-0.0290559,-0.0425077,-0.0523691
40432,0.0100889,-0.00336295,-0.0517775
40433,0.0612057,0.074523,0.0908155
40434,-0.00726398,0.0250204,0.0224746
40435,-0.0760027,-0.116358,-0.140637
40436,0.082056,0.0795002,0.0908055
40437,-0.014797,0.592687,0.157941
40438,-0.0843428,-0.713887,-0.30885
40439,0.0174873,0.0174873,0.013084
40440,-0.243074,-1.54857,-0.766924
40441,0.0431803,0.150795,0.113104
40442,-0.0624164,-0.08932,-0.113981
40443,0.199894,1.66708,0.820705
40444,0.0238097,0.0154696,0.0255836
40445,-0.0571702,-0.753167,-0.358497
40446,-0.0605331,-1.34209,-0.58874
40447,0.00470813,0.103444,0.00957027
40448,0.0174873,0.0293249,0.0495221
40449,0.11313,0.871273,0.59504
40450,-0.033226,-0.114475,-0.169438
40451,0.00228681,0.0178909,0.0167191
40452,-0.136132,-1.31303,-0.707575
40453,0.105059,1.28102,0.644873
40454,0.0154696,-0.0117031,-0.0016123
40455,0.0316117,0.0297285,0.0771677
40456,0.0632235,0.0754646,0.0748044
40457,0.0234061,0.0543453,0.0322874
40458,0,-0.000134518,-0.009177
40459,0.0470813,0.0465432,0.0669967
40460,0.0122411,0.0121066,0.00771146
40461,-0.0640306,-0.0512514,-0.0712278
40462,-0.0134518,-0.0403554,-0.0707925
40463,-0.46476,-5.03084,-2.84464
40464,0.0192361,0.768098,0.383562
40465,-0.524082,-4.2053,-2.32378
40466,-0.0242133,0.0246168,0.00909944
40467,0.146087,1.249,0.60644
40468,-0.0587844,-0.0571702,-0.10021
40469,-0.0711601,-1.79904,-0.690191
40470,0.229891,2.71753,1.28171
40471,0.0699494,0.0947007,0.107379
40472,0.0067259,0.746172,0.289003
40473,0.00417006,-0.00928175,0.00679313
40474,0.0336295,0.0735814,0.0642989
40475,0.0215229,0.0282488,0.0293575
40476,-0.11434,-0.100889,-0.178777
40477,0.207158,1.59296,0.807956
40478,0.0844773,0.0777514,0.0513371
40479,0.174201,2.12794,0.947542
40480,-0.025962,0.591207,0.176762
40481,0.0578428,0.044391,0.0593591
40482,-0.10896,-0.169627,-0.256237
40483,0.523141,3.24875,1.85417
40484,0.187653,2.93559,1.47542
40485,-0.0326879,-0.915395,-0.49759
40486,-0.0913378,0.580311,0.044979
40487,-0.0624164,-1.26716,-0.485031
40488,-0.0574392,-1.97203,-0.742319
40489,0.0269036,0.717923,0.275223
40490,0.0364544,0.0363199,0.03715
40491,-0.0134518,-0.0269036,-0.0328151
40492,0.0336295,0.0470813,0.0558759
40493,-0.25814,-1.58435,-0.83006
40494,-0.0461397,-1.26662,-0.548799
40495,-0.0390102,0.014797,-0.00102441
40496,0.0691423,0.0624164,0.0818629
40497,-0.0164112,-0.0297285,-0.052183
40498,0.0629545,0.152678,0.197537
40499,0.33495,4.37655,1.98516
40500,0.198952,2.9481,1.3326
40501,-0.0243478,-0.0546143,-0.0699282
40502,0,0.00753301,-0.00710184
40503,-0.182272,-2.58194,-1.11088
40504,-0.0322843,-0.0618783,-0.0470391
40505,-0.0052462,0.0496372,0.0235015
40506,-0.0234061,-0.185769,-0.22702
40507,-0.237962,-2.68054,-1.19852
40508,0.0131828,0.0434493,0.0533983
40509,0.0242133,0.575468,0.200755
40510,-0.0242133,-0.535113,-0.199353
40511,0.496641,4.55397,2.33564
40512,-0.347326,-3.7544,-1.83879
40513,0.066721,0.804283,0.348892
40514,-0.125774,-2.57683,-1.12883
40515,-0.00121066,-0.0278452,-0.0426177
40516,-0.0998124,-0.87652,-0.40939
40517,0.0840738,0.820291,0.349246
40518,0.0158731,0.000269036,0.00436653
40519,0.156714,0.149853,0.183982
40520,0.00269036,1.22277,0.406168
40521,-0.0121066,-1.27268,-0.44967
40522,0.119856,1.44795,0.679888
40523,-0.0258275,-0.0663174,-0.107557
40524,0.0842083,0.109363,0.124677
40525,-0.0564976,-0.0699494,-0.0872017
40526,-0.00712946,-0.0177564,0.0313664
40527,0,0.0447945,0.0270901
40528,0.033764,0.00255584,0.00441957
40529,0.288138,4.37305,1.80631
40530,0.00941626,-0.0174873,-0.0258374
40531,0.517895,3.61773,2.02818
40532,-0.12712,-0.194917,-0.218053
40533,0.0304011,-0.442295,-0.142489
40534,-0.0302666,-0.0302666,-0.0475315
40535,-0.328628,-3.71539,-1.88753
40536,0.00457361,0.0314772,0.0251159
40537,-0.0907997,-0.0527311,-0.17261
40538,-0.0734469,-1.84895,-0.770474
40539,0.0269036,0.0134518,0.00273411
40540,-0.0201777,-0.0403554,-0.0589884
40541,0.00269036,-0.0107614,-0.0280005
40542,-0.00807108,-0.00551524,-0.0191401
40543,-0.0263655,-0.0263655,-0.0425798
40544,-0.136939,-1.36845,-0.578856
40545,0.0215229,0.048292,0.0470095
40546,0.0761372,1.44123,0.6132
40547,-0.0433148,-0.859974,-0.402439
40548,-0.0330914,-0.628737,-0.325901
40549,0.0291904,0.59309,0.240536
40550,-0.0161422,-0.0161422,-0.0123628
40551,-0.0134518,-0.0269036,-0.0325623
40552,0.0860916,0.112995,0.128842
40553,-0.00591879,-0.00511169,-0.0162285
40555,0.0593225,0.921718,0.54413
40556,-0.00134518,-0.00134518,-0.0108207
40557,-0.092952,-1.46087,-0.771875
40558,0.0269036,0.0403554,0.0316634
40559,0.390909,3.32461,1.86765
40560,0.185904,2.92119,1.21934
40561,-0.184828,-1.66897,-0.984334
40562,0.0309392,0.0317463,0.0460692
40563,-0.00659139,0.00686042,-0.0108529
40564,0.227336,2.1691,1.01016
40565,-0.100889,-0.141244,-0.170913
40566,0.0538072,-0.552331,-0.171011
40567,0.173528,1.38863,0.6988
40568,0.0121066,0.0121066,0.00625405
40569,0.0135863,0.0158731,0.00829299
40570,0.161287,1.52409,0.889481
40571,-0.0472158,-0.0774824,-0.114455
40572,0.0464087,0.0598605,0.072097
40573,0.433283,3.05262,1.72329
40574,0.0174873,-0.0540763,-0.0742569
40575,0.175681,1.71228,0.921146
40576,-0.00941626,-0.0302666,-0.0688963
40577,-0.0941626,-0.10748,-0.129678
40578,0.0618783,0.0219264,0.00240945
40579,0.162498,1.79165,0.81197
40580,-0.179582,-1.82353,-0.845953
40581,-0.0269036,-0.0551524,-0.0884517
40582,0.0067259,-0.0470813,-0.0725445
40583,0.0562286,0.0975256,0.113937
40584,-0.0530001,-0.0671245,-0.0989432
40585,0.00390102,0.00390102,-0.00416157
40586,-0.0364544,-0.0492336,-0.077435
40587,0.0134518,-0.0235407,-0.00316319
40588,0.0174873,0.0441219,0.0572423
40589,0.0497717,0.0901271,0.0869141
40590,-0.144472,-0.181196,-0.252551
40591,-0.0208503,-0.0349747,-0.0408942
40592,0.0807108,0.0926829,0.0741201
40593,0.055556,1.57225,0.590977
40594,0.00269036,-0.011434,-0.0283319
40595,0.280336,3.61127,1.42147
40596,-0.0403554,-0.0546143,-0.084178
40597,-0.0201777,-0.0209848,-0.0350292
40598,-0.391179,-4.80727,-2.17211
40599,0.0283833,0.0696804,0.0522954
40600,-0.0470813,-0.853921,-0.298505
40601,0.0129137,0.0271726,0.0299784
40602,0.00538072,0.00538072,-0.00228334
40603,0.100485,1.51171,0.617947
40604,0.0188325,0.0156041,0.0112153
40605,-0.176622,-3.18176,-1.36974
40606,0.10183,0.229488,0.247246
40607,-0.00269036,-0.0438529,-0.0584605
40608,0.11313,1.45132,0.741771
40609,0.0622819,0.0757337,0.0399938
40610,-0.119587,-1.46114,-0.708039
40611,-0.0901271,-0.823654,-0.437483
40612,-0.497986,-4.80351,-2.57098
40613,-0.153351,-2.31936,-1.05779
40614,0,-0.0135863,-0.0123408
40615,-0.0281143,-0.0606676,-0.0514388
40616,-0.00134518,-0.00470813,-0.0525368
40617,0.0215229,-0.0322843,-0.00693199
40618,0.0457361,0.0591879,0.0524933
40619,-0.452788,-5.08303,-2.45119
40620,-0.00941626,-0.0363199,-0.0472892
40621,0.00403554,-0.0131828,-0.0131094
40622,-0.00780205,-0.00659139,-0.016718
40623,0.248455,2.41944,1.17939
40624,-0.0200432,0.0472158,0.0134974
40625,0,-0.0269036,-0.0162178
40626,-0.0067259,-0.0201777,-0.0240249
40627,-0.0874367,-1.46154,-0.705117
40628,-0.000134518,-0.0365889,-0.0215173
40629,0.0138554,0.0265001,0.0304723
40630,0.00901271,-0.0044391,-0.0199754
40631,-0.0324189,-0.0322843,-0.0500405
40632,0.0819215,0.115955,0.150715
40633,-0.0336295,-0.0605331,-0.0964046
40634,0.00995434,0.0102234,0.00396813
40635,-0.0454671,-0.0682007,-0.092621
40636,-0.0608022,-1.34989,-0.573121
40637,0.0797692,1.33671,0.536117
40638,0.0255584,0.0390102,0.0498285
40639,-0.0234061,0.0115686,0.0116956
40640,-0.162363,-1.58799,-0.897793
40641,-0.113802,-1.56229,-0.71659
40642,0.0134518,0.000134518,0.00463227
40643,0.158866,1.66897,0.820309
40644,-0.041028,-0.0544798,-0.0647436
40645,0,-0.0137208,-0.0318615
40646,-0.0980637,-1.31774,-0.539829
40647,-0.0376651,-0.0511169,-0.0792249
40648,-0.0121066,0.00134518,-0.0209283
40649,0.102906,1.55758,0.70335
40650,-0.00834012,0.0185635,-0.00952031
40651,-0.0430458,-0.810471,-0.333105
40652,-0.125505,-2.23999,-0.933763
40653,0.114071,1.57467,0.739499
40654,-0.0290559,-0.0287869,-0.0471796
40655,-0.244957,-3.18202,-1.68942
40656,0.00134518,0.0551524,0.0455349
40657,0.0143934,0.0278452,0.012709
40658,0.0242133,0.0390102,0.00607891
40659,-0.0174873,-0.0309392,-0.0364278
40660,0.0153351,0.0287869,0.0139043
40661,0.00887819,0.02233,0.0244583
40662,0,-0.000134518,-0.00933628
40663,-0.386739,-3.12741,-1.76222
40664,-0.161018,-0.967319,-0.614094
40665,0.0107614,0.0106269,0.0238731
40666,0,0.0115686,-0.00417232
40667,-0.029594,-0.0438529,-0.0537024
40668,0.16761,1.56646,0.816123
40669,-0.00269036,-1.31962,-0.571034
40670,-0.0901271,-0.766618,-0.418797
40671,0.0617438,1.39589,0.658756
40672,-0.0980637,-2.05961,-0.930945
40673,0.0161422,0.0435839,0.0418434
40674,0.0846119,2.09162,0.874338
40675,0.0829976,0.698552,0.302192
40676,0.0776169,0.106673,0.152141
40677,-0.0377996,0.579369,0.258153
40678,0.0269036,0.014797,0.0160935
40679,-0.145818,-1.53983,-0.889725
40680,-0.0135863,0.110574,0.0933735
40681,-0.0430458,-0.0566321,-0.0704302
40682,-0.0739849,-1.34679,-0.594195
40683,-0.0216574,-0.0758682,-0.0584105
40684,0.0255584,0.0659139,0.0370604
40685,0,0,-0.00911326
40686,-0.0269036,-0.0269036,-0.0610338
40687,-0.00228681,-0.0156041,-0.0153452
40688,-0.101561,-0.104521,-0.178275
40689,0.0559595,0.0823251,0.0694799
40690,0.0322843,-0.00739849,-0.00789259
40691,-0.000403554,-0.0470813,-0.0253555
40692,-0.104117,-0.137746,-0.202651
40693,0.00538072,0.0322843,0.0263931
40694,0.184021,1.37706,0.666627
40695,-0.0548834,-0.0683352,-0.103903
40696,-0.107883,-1.35137,-0.640698
40697,-0.0149315,0.150526,0.0627012
40698,0.138823,1.31666,0.642862
40699,0.162229,0.262445,0.369615
40700,0.0462742,1.15147,0.433688
40701,0.0157386,1.21255,0.431888
40702,0.0789621,0.645014,0.324834
40703,0.0322843,0.721689,0.329878
40704,0.0174873,0.595242,0.261587
40705,0.388219,4.06029,2.1572
40706,-0.00605331,-0.12416,-0.131417
40707,-0.0363199,-0.0361854,-0.055176
40708,0.142186,1.28169,0.632491
40709,0.0768098,1.40275,0.635431
40710,-0.00134518,0.00269036,-0.0105371
40711,0.0648377,0.0782895,0.0798143
40712,-0.0134518,-0.0269036,-0.03125
40713,0.0808454,0.180523,0.137428
40714,0.124967,1.45118,0.792718
40715,0.0344366,0.695996,0.197479
40716,-0.0282488,-0.0417006,-0.0672725
40717,0,0.0172183,-0.000954174
40718,-0.0785585,-1.34357,-0.645064
40719,0.0299975,0.0838048,0.0852569
40720,-0.000134518,-0.0255584,-0.0207726
40721,0.0236752,0.0236752,0.0209384
40722,-0.0195051,0.502559,0.186783
40723,-0.00618783,-0.0330914,-0.0458969
40724,-0.0961804,-0.755184,-0.562565
40725,-0.121201,-1.34881,-0.657075
40726,-0.0881093,-0.771865,-0.341552
40727,0.0476194,0.792177,0.340352
40728,-0.0318808,-0.762852,-0.317289
40729,1.03673,8.51069,4.60673
40730,-0.325534,-1.87303,-1.24826
40731,0.0238097,0.0242133,0.0211351
40732,-0.178775,-2.61032,-1.11796
40733,-0.0243478,0.0119721,0.0256686
40734,0.0470813,0.84706,0.352084
40735,-0.0141244,-0.0141244,-0.042717
40736,-0.0255584,-0.0390102,-0.0638576
40737,-0.0517895,-2.08664,-0.857358
40738,-0.00134518,0.0126447,-0.0232646
40739,-0.227201,-1.90814,-1.08821
40740,-0.0399519,-0.817197,-0.389742
40741,-0.00941626,-0.0102234,-0.0213254
40742,0.0121066,0.0170838,-0.00142206
40743,-0.182137,-2.84815,-1.51661
40744,-0.0141244,-0.00349747,-0.0227052
40745,-0.142589,-1.74779,-0.934545
40746,0.471755,4.53716,2.49113
40747,-0.107614,-0.897908,-0.476537
40748,-0.0656448,-1.50849,-0.723756
40749,-0.014797,-0.0154696,-0.0453889
40750,-0.0376651,0.0131828,-0.084723
40751,0.128868,1.36993,0.716344
40752,0.317328,2.99626,1.68412
40753,0.00753301,-0.0328224,-0.0473747
40754,-0.00941626,-0.0495026,-0.0381085
40755,-0.00390102,0.0096853,-0.0228901
40756,-0.0329569,-0.0867642,-0.108805
40757,-0.0224645,-0.0359163,-0.0426901
40758,-0.103982,-1.31908,-0.714446
40759,0.162229,0.555156,0.433497
40760,0.213749,1.75829,0.853476
40761,-0.260965,-0.716712,-0.592366
40762,0.014797,0.799306,0.299294
40763,0.0142589,-0.75357,-0.247578
40764,0.255584,0.256391,0.315705
40765,1.08865,12.7151,6.95333
40766,-0.166802,0.470679,-0.248507
40767,0.0322843,0.0454671,0.0541495
40768,-0.216574,-2.69534,-1.22091
40769,0.0375305,0.0355128,0.0535375
40770,-0.0874367,-1.13116,-0.529793
40771,0.0562286,-0.510227,-0.130591
40772,0.114475,0.698552,0.386673
40773,-0.0290559,-0.0290559,-0.0459948
40774,-0.082056,-0.0953733,-0.135532
40775,0.048561,0.0620128,0.0748289
40776,0.306701,3.62445,1.74398
40777,0.00134518,-0.0793657,-0.0456515
40778,0.044391,0.735679,0.372749
40779,-0.143127,-1.80052,-0.939634
40780,0.0310737,0.0729088,0.0788036
40781,-0.266749,-2.45522,-1.34512
40782,-0.055825,-0.680796,-0.355333
40783,0.0067259,0.0201777,0.0288914
40784,0.139226,1.49867,0.798696
40785,-0.0215229,-0.0096853,-0.066528
40786,0.0174873,0.0316117,0.0355608
40787,0.00430458,0.00430458,-0.00364933
40788,-0.0121066,-0.0263655,-0.0312525
40789,0.0497717,0.0632235,0.0604377
40790,0,0.0141244,-0.00215234
40791,0.319346,3.2856,1.60892
40792,0,0.00067259,-0.0275318
40793,-0.0134518,0,-0.00388584
40794,-0.137074,-0.867238,-0.446328
40795,0,0.0119721,0.0128009
40796,-0.0067259,0.709986,0.24051
40797,-0.0176219,-0.0345711,-0.0726023
40798,0,-0.0119721,-0.0130699
40799,0.173932,0.297554,0.419635
40800,0.199221,2.13117,1.00321
40801,0.287196,4.18661,1.96812
40802,-0.0874367,-0.168148,-0.255225
40803,0.235272,2.03701,1.04421
40804,0.0807108,0.156445,0.2258
40805,0.176622,1.9606,0.943312
40806,0.162498,2.73583,1.46112
40807,0.10896,1.007,0.592789
40808,0.0201777,0.0313427,0.0672636
40809,-0.033764,-0.0606676,-0.0636046
40810,-0.0260965,-0.059726,-0.0700714
40811,0.133845,1.31276,0.916191
40812,0.538745,1.64704,1.37919
40813,0.108556,0.0433148,0.104703
40814,-0.0782895,-0.134787,-0.163486
40815,1.11515,12.686,7.22579
40816,-0.400729,-4.11316,-2.55725
40817,-0.239577,-2.02396,-1.43757
40818,-0.557846,-3.66656,-2.03187
40819,0.25397,2.823,1.44333
40820,0.165726,3.17207,1.69042
40821,0.0976601,0.859167,0.366638
40822,-0.346922,-5.22562,-2.55559
40823,-0.0973911,-2.28856,-1.05375
40824,0.278452,4.15123,2.00124
40825,-0.067259,-1.76407,-0.856809
40826,-0.0161422,-0.0161422,-0.0123628
40827,-0.105597,-1.64004,-0.731961
40828,0.000538072,-0.0532692,-0.0976391
40829,0.00403554,0.0579773,0.0169235
40830,-0.126447,-1.59296,-0.770563
40831,-0.00538072,0.0215229,-0.00425417
40832,0.0138554,-0.00470813,0.0511736
40833,0.0121066,1.05449,0.330752
40834,-0.00134518,-0.00282488,-0.0115497
40835,-0.0961804,-0.68241,-0.373557
40836,0.0920104,-0.0523275,0.0894682
40837,-0.0472158,0.0414316,-0.0701933
40838,0.0435839,0.0873022,0.0979925
40839,-0.0107614,-0.0512514,-0.0725032
40840,0,0.0134518,0.0131889
40841,-0.0684697,-0.693844,-0.400988
40842,0.029594,0.029594,0.0454388
40843,0.285447,3.27484,1.72746
40844,-0.199221,-2.0319,-1.20969
40845,0.0527311,0.599816,0.323411
40846,-0.115955,-0.685773,-0.485007
40847,0.0566321,0.0638961,0.0802437
40848,-0.0766753,-0.137343,-0.14735
40849,0.0161422,0.0149315,-0.00901151
40850,0.0382031,0.546547,0.26103
40851,0.0134518,0.0141244,0.00813613
40852,-0.751418,-11.2705,-5.25792
40853,-0.0610712,0.018698,-0.1386
40854,0.00807108,0.00807108,0.00113161
40855,0.0134518,0.0403554,0.0384005
40856,0.204736,1.49382,0.804434
40857,0.200701,2.25614,0.961636
40858,-0.117031,-0.857284,-0.380624
40859,0.0112995,0.059726,0.0228721
40860,0.0251549,-0.00242133,0.0106245
40861,0.0738504,0.878941,0.401301
40862,0.00699494,0.0201777,0.0106818
40863,0.176757,1.22748,0.590345
40864,0.170569,1.81828,0.924354
40865,0.0188325,0.715771,0.261348
40866,-0.029594,-1.44082,-0.55351
40867,0.0843428,0.854324,0.422243
40868,-0.0598605,-0.125102,-0.164073
40869,0.225049,2.35864,1.21668
40870,0.292308,2.6527,1.24273
40871,0,0,0.0309935
40872,-0.419427,-4.32032,-2.0269
40873,0.0743885,1.40222,0.64484
40874,0.00215229,-0.0934901,-0.115615
40875,0.0238097,0.639902,0.228687
40876,0.49543,2.52046,1.40678
40877,-0.0948352,-0.81639,-0.419742
40878,0.178909,0.956961,0.604909
40879,-0.0421042,-0.807377,-0.446184
40880,0.0793657,1.40114,0.65071
40881,-0.0376651,-0.805629,-0.449313
40882,0.0578428,0.771596,0.383201
40883,-0.00390102,-0.00403554,-0.0141312
40884,0.0402209,0.0671245,0.0497832
40885,0.671649,5.7267,3.11733
40886,0.443372,6.35773,2.96531
40887,-0.0201777,-0.0975256,-0.0549084
40888,-0.410953,-5.17195,-2.36083
40889,-0.00269036,-0.0834012,-0.0753664
40890,-0.000538072,-0.00121066,-0.0101276
40891,0.029594,0.055825,0.0725804
40892,0.0403554,0.00201777,0.0275335
40893,-0.0228681,-0.0356473,-0.0216495
40894,-0.0328224,-0.0178909,-0.0495238
40895,-0.0435839,-0.0715636,-0.080045
40896,0.00403554,-0.0488301,-0.0448657
40897,0.0403554,0.0269036,0.0385588
40898,0.167475,1.64516,0.782219
40899,0.0281143,-0.00215229,-0.0373925
40900,0.0067259,0.0613402,0.0518999
40901,0.0082056,0.0082056,0.00130236
40902,0.0595915,1.5105,0.578427
40903,-0.0134518,-0.0107614,-0.0249132
40904,-0.0174873,-0.0388757,-0.0856802
40905,-0.0581118,-1.55355,-0.628975
40906,0.0123757,-0.00242133,-0.0169964
40907,0,0.0126447,0.0128852
40908,-0.474176,-4.6519,-2.34798
40909,0.014797,0.0395483,0.0372852
40910,0.00551524,0.00511169,0.00562826
40911,-0.0240787,0.00215229,-0.0334792
40912,0.0269036,0.0680661,0.0765715
40913,-0.0321498,-0.0456016,-0.0722242
40914,1.07736,12.483,5.87078
40915,0.288003,0.312485,0.431925
40916,0.0165457,0.0165457,0.0173176
40917,0.000134518,-0.0200432,0.00893792
40918,-0.0121066,0.00134518,0.0165716
40919,0.055825,0.0289214,0.0330706
40920,0.843294,0.817063,0.994521
40921,-0.557846,-1.85958,-1.26393
40922,0.0291904,0.0686042,0.0788161
40923,0.0682007,1.36482,0.647661
40924,0.438798,0.465029,0.579112
40925,0.00470813,0.0181599,0.000784325
40926,-0.196262,-0.119856,-0.227784
40927,-0.02233,0.0112995,0.0345952
40928,0.0231371,0.681334,0.274344
40929,-0.426288,-4.50434,-2.50319
40930,0.044929,0.12564,0.0884104
40931,0.187115,3.28453,1.50239
40932,0.00538072,0.0255584,-0.0156167
40933,0.0201777,0.0201777,0.0483548
40934,0.117031,1.53001,0.836049
40935,0.762986,5.40077,3.43186
40936,-0.230295,-2.62351,-1.38942
40937,0.0255584,0.694382,0.301436
40938,-0.0356473,-0.632504,-0.274291
40939,0.223165,2.59875,1.33852
40940,-0.0247513,-0.589458,-0.241684
40941,0.0134518,1.90962,0.844362
40942,0.0419696,0.0472158,0.0744509
40943,-0.0161422,0.0096853,-0.0258333
40944,-0.0161422,-0.0231371,-0.0333626
40945,0.0107614,0.011165,0.00521564
40946,0.0645687,0.0511169,0.0536989
40947,-0.106,0.0897235,-0.0601343
40948,0.0352437,1.88419,0.729268
40949,0.217112,2.36469,0.976094
40950,-0.137208,-1.46315,-0.675874
40951,0.0539417,1.35581,0.517591
40952,0.0367234,0.0434493,0.0554201
40953,0.367638,2.6266,1.30712
40954,-0.0488301,-0.00847464,-0.0544248
40955,-0.124698,-0.220072,-0.322653
40956,-0.0403554,-0.0840738,-0.112198
40957,-0.118645,-2.5401,-0.9673
40958,-0.188729,-2.59041,-1.1329
40959,0.089589,0.130752,0.171204
40960,-0.0388757,-0.066721,-0.10351
40961,0.905576,1.77254,2.27561
40962,-0.228143,-1.5475,-1.52465
40963,0.00538072,0.00538072,-0.00228334
40964,-0.0511169,-1.17757,-0.552238
40965,-0.0286523,-0.0442564,-0.0491082
40966,0.00941626,-0.0309392,-0.0125186
40967,0,-0.00269036,-0.00772877
40968,0.00659139,0.014797,-0.0289354
40969,-0.930461,-3.77861,-2.35241
40970,-0.0429113,-0.101292,-0.0904847
40971,-0.00753301,-0.569819,-0.232509
40972,-0.029594,-0.0141244,-0.0520122
40973,-0.0942972,-0.94768,-0.553009
40974,0.0107614,0.0652413,0.0420904
40975,0.0067259,-0.00605331,-0.00379679
40976,1.99006,3.42873,3.18251
40977,-0.0799037,0.670976,0.156965
40978,0.97418,1.58462,1.51586
40979,-0.0320153,-0.0730433,-0.0984517
40980,0.0134518,0.0134518,0.00796153
40981,-0.037127,-0.00874367,-0.0466866
40982,0,0.0325534,0.0555455
40983,-0.0243478,-0.078155,-0.0730135
40984,-1.01198,-4.30391,-2.6319
40985,-0.00941626,-0.00941626,-0.0210656
40986,0.0340331,0.672725,0.328725
40987,0.0844773,0.0795002,0.0689805
40988,0.0044391,1.4984,0.582978
40989,-0.0461397,-0.141648,-0.209938
40990,-0.252221,-3.3004,-1.64516
40991,-0.100081,-0.680123,-0.412328
40992,-0.160884,-2.41339,-1.14267
40993,-0.322978,-4.72656,-2.27528
40994,0.198414,1.54655,0.884445
40995,3.51428,9.37295,6.99289
40996,-0.02233,-0.0160076,-0.0366959
40997,-0.00269036,-0.0538072,-0.0445241
40998,0.0246168,0.0515204,0.0285105
40999,1.35567,4.05881,2.87609
41000,-0.0390102,-0.052462,-0.0809323
41001,0.0858225,0.292846,0.199092
41002,-0.0239442,-0.0648377,-0.05361
41003,-0.833608,-4.141,-2.45497
41004,-0.0387412,-0.0525966,-0.0808095
41005,0.00269036,-0.771327,-0.235126
41006,0.040759,0.0676626,0.052919
41007,-0.0161422,-0.00269036,-0.0073008
41008,8.65462,18.293,17.7193
41009,6.4952,11.6902,10.3023
41010,-0.106269,-0.119721,-0.166306
41011,0.0107614,-0.0161422,0.00221353
41012,-0.0538072,-0.0403554,-0.0391823
41013,-0.00269036,-0.00255584,-0.0124776
41014,-0.0215229,-0.0215229,-0.0364329
41015,2.09673,4.51443,3.50959
41016,-2.19856,-4.72858,-3.79781
41017,0.052462,0.0793657,0.102083
41018,2.49464,5.53488,4.41223
41019,-0.0593225,-0.11313,-0.114099
41020,-1.47956,-4.69656,-3.38719
41021,-0.581118,-7.48243,-3.41816
41022,0,0.0425077,0.002448
41023,0.0441219,-0.123488,0.011367
41024,-0.00538072,-0.00618783,-0.0172813
41025,0.0322843,0.0457361,0.0522466
41026,0.0243478,0.0655103,0.0729956
41027,0.0683352,1.62848,0.777483
41028,0.0417006,0.0564976,0.0667052
41029,-0.0134518,-0.0135863,-0.0264081
41030,-0.0699494,-0.151333,-0.194838
41031,-0.0990053,-1.58449,-0.749973
41032,0.322843,4.5833,1.97407
41033,0.0379341,0.984672,0.371487
41034,0.323919,3.50931,1.70356
41035,-0.250338,-3.37358,-1.60481
41036,0.13815,2.7139,1.20321
41037,0.0994088,0.705009,0.414158
41038,0.116493,1.64892,0.77636
41039,-0.361316,-3.46021,-1.76604
41040,0.077886,0.0644342,0.140752
41041,0.0201777,0.0605331,0.0497008
41042,0.0297285,0.0195051,0.0327435
41043,-0.0417006,-0.0456016,-0.0472238
41044,0.115551,1.71161,0.77398
41045,0.441219,5.42458,2.64117
41046,0.0566321,-0.107749,0.0698402
41047,-0.0578428,-0.0984672,-0.0821784
41048,0.033764,0.208907,0.048527
41049,0.0671245,0.0402209,0.0669092
41050,-0.0161422,-0.0430458,-0.0527697
41051,-0.0325534,-0.0599951,-0.0768475
41052,-0.281008,-1.91406,-1.17631
41053,-0.00538072,-0.693306,-0.247571
41054,-0.0660484,-1.06471,-0.48304
41055,0.0387412,0.0899926,0.0949401
41056,0.0209848,0.948352,0.345936
41057,0.000269036,0.0406245,0.0238261
41058,0.0360508,0.675415,0.322052
41059,0.0199087,0.598336,0.28523
41060,-0.00134518,-0.00134518,-0.0111541
41061,0.0739849,0.0739849,0.0847981
41062,0.130483,2.29044,1.20435
41063,-0.0564976,-2.28022,-1.19847
41064,0.0107614,1.01292,0.540349
41065,0.0014797,-0.0121066,-0.0295467
41066,-0.0367234,-0.102906,-0.135444
41067,-0.00107614,-0.014528,-0.0144006
41068,0.134115,1.27658,0.724431
41069,0.00161422,0.0275762,0.0217753
41070,-0.0067259,-0.134249,-0.181292
41071,-0.0269036,0,-0.0145863
41072,0.118107,0.159404,0.208021
41073,0.110439,0.19115,0.186569
41074,0.0725052,0.066721,0.0906567
41075,-0.0121066,-0.0191016,-0.027182
41076,1.16331,14.2912,7.23156
41077,-0.0096853,-0.0199087,-0.0581261
41078,-0.138285,-0.237828,-0.244056
41079,0.0133173,-0.000807108,0.00356255
41080,-0.00766753,-2.39388,-0.843788
41081,0.0605331,2.47755,0.938371
41082,-0.10035,-1.75909,-0.682062
41083,-0.0232716,-0.917144,-0.392642
41084,-0.128599,-0.344097,-0.428753
41085,-0.0067259,-1.34747,-0.392154
41086,-0.0203122,-0.0590534,-0.0628483
41087,0.0273072,1.39078,0.412369
41088,-0.000538072,0.0270381,0.000646397
41089,0.317597,4.0572,1.81201
41090,-0.201508,-1.84882,-1.11284
41091,-0.134249,-2.37653,-0.868682
41092,0.0134518,0.0403554,0.036638
41093,-0.0408935,0.116493,-0.0371223
41094,0.0538072,0.0578428,0.0658766
41095,0.374364,3.90829,1.92011
41096,-0.0710255,-0.142724,-0.17918
41097,-0.106807,-1.59606,-0.847578
41098,0.0395483,0.0664519,0.0673102
41099,0.602237,5.09931,2.89565
41100,-0.4996,-3.91326,-2.17369
41101,-0.272937,-3.61706,-1.55972
41102,0.0302666,0.0668555,0.0951136
41103,0.296343,3.69629,1.66039
41104,0.00874367,1.99584,0.77242
41105,-0.0135863,-0.544395,-0.2667
41106,0,0.136939,0.0275695
41107,0.803476,7.2937,3.86657
41108,-0.216843,-1.362,-0.734353
41109,0.00807108,-0.541032,-0.281022
41110,-0.022599,-0.0277107,-0.0711734
41111,-0.0912032,-2.53311,-0.899614
41112,0.0711601,1.62431,0.71494
41113,0,0.0134518,-0.00556098
41114,0.129137,0.982654,0.382139
41115,0.259351,1.83173,1.04024
41116,-0.0382031,0.407321,0.062402
41117,0.0134518,-0.067259,-0.00813837
41118,0.0874367,0.0933555,0.104678
41119,0.219803,3.48361,1.51838
41120,0.144203,2.79354,1.17984
41121,-0.360643,-4.87493,-2.09795
41122,-0.460993,-4.38072,-2.44116
41123,0.128599,0.06699,0.0843236
41124,-0.131828,-3.10441,-1.13197
41125,-0.35459,-4.26651,-1.94753
41126,-0.235541,-0.504577,-0.493651
41127,-0.15214,-2.09579,-0.839337
41128,-0.0652413,-2.08194,-0.737586
41129,0.145145,2.09606,0.878183
41130,-0.00645687,0.00712946,0.00260644
41131,-0.0700839,-0.096853,-0.142611
41132,0.0773479,0.131155,0.14642
41133,-0.0649722,-0.162498,-0.215424
41134,0.84706,-0.828766,0.62789
41135,0.255719,4.02411,1.65093
41136,-0.14232,-1.51064,-0.55742
41137,-0.170434,-2.29044,-1.08487
41138,0.000134518,0.0808454,-0.131534
41139,-0.0052462,1.26501,0.378567
41140,0.279798,4.46008,1.59764
41141,-0.00497717,0.022061,-0.007861
41142,-0.213615,-2.37761,-0.896039
41143,0.0235407,0.0365889,0.0269507
41144,-0.00726398,-0.00726398,4.71557e-05
41145,0.187518,2.38783,0.934634
41146,-0.377861,-7.42405,-2.61176
41147,-0.0197742,-0.0130483,-0.039734
41148,-0.00269036,0.0107614,0.00977399
41149,0.247782,3.293,1.49918
41150,0.192495,5.38261,1.81565
41151,-0.353379,-6.03731,-2.18823
41152,0.0176219,0.0243478,0.0156103
41153,-0.0297285,-0.0595915,-0.0691444
41154,0.0134518,0.0255584,0.0313098
41155,0.0528656,2.0935,0.707584
41156,0,0.0676626,0.0339997
41157,0.0135863,0.0456016,0.0181771
41158,-0.00591879,-0.0328224,-0.0424806
41159,-0.00847464,0.00511169,0.00265485
41160,-1.42118,-13.7561,-7.27676
41161,-0.0699494,-0.0247513,-0.123557
41162,0.107211,0.106673,0.140372
41163,-0.00686042,-0.604524,-0.270896
41164,-0.224511,-1.82191,-1.27545
41165,0.0445255,0.0578428,0.102399
41166,0.0539417,0.0408935,0.0554018
41167,0.35997,4.5985,2.56186
41168,-0.0450636,-0.0761372,-0.131347
41169,-0.00322843,0.0235407,0.0129802
41170,-0.0309392,0.0174873,0.058173
41171,-0.0415661,-0.0204467,-0.036786
41172,-0.307777,-4.11222,-2.39576
41173,0.0195051,0.0110305,0.0141951
41174,0.000134518,0.0135863,-0.00539023
41175,0.0690078,1.65941,1.07139
41176,0.0178909,-0.0100889,0.00595138
41177,0.0212539,0.116089,0.155405
41178,-0.75922,-6.72859,-3.92935
41179,-0.0242133,0.070622,-0.02791
41180,-0.18698,-2.61947,-1.12839
41181,-0.464894,-4.50501,-2.29176
41182,0.0484265,0.763121,0.357191
41183,0.0067259,0.033495,0.0430286
41184,-0.204871,-2.65068,-1.5577
41185,-0.121066,-0.135594,-0.180967
41186,-0.0235407,-0.0316117,-0.0550001
41187,-0.277107,-3.45012,-1.72124
41188,-0.107614,-0.780339,-0.486966
41189,-0.0527311,-0.0640306,-0.0712103
41190,0.0768098,0.772941,0.412621
41191,0.0134518,0.0131828,0.0240903
41192,-0.0228681,-0.030132,-0.0425596
41193,0.0134518,-0.0134518,-0.017893
41194,0.325668,2.6192,1.61378
41195,0.744288,8.76493,4.50636
41196,-0.315041,-2.9333,-1.62821
41197,-0.40342,-4.66872,-2.40807
41198,-0.166533,-2.14758,-0.988113
41199,-0.097122,-0.651605,-0.432006
41200,-0.0429113,-0.0442564,-0.0884669
41201,-0.0538072,-0.647435,-0.371314
41202,0.0067259,0.0067259,0.0208857
41203,0,0.00242133,-0.0043606
41204,-0.8402,-8.70157,-4.49529
41205,0.130886,1.90195,0.896977
41206,-0.190478,-2.66601,-1.30363
41207,0.188056,1.55328,0.877657
41208,0.116089,1.50418,0.819298
41209,-0.00134518,-0.00134518,-0.0509275
41210,0.0981982,1.33805,0.590651
41211,-0.0879748,-0.832667,-0.429239
41212,-0.0153351,-0.0234061,-0.0532926
41213,0.0403554,0.041028,0.0426952
41214,-0.179851,-1.96504,-0.920017
41215,0.0273072,0.0274417,0.059921
41216,0.284506,3.5997,1.78045
41217,0.0067259,-0.0297285,-0.0313181
41218,-0.00659139,0.736755,0.228557
41219,-0.0277107,-0.83307,-0.337326
41220,-0.433955,-4.79382,-2.29916
41221,0.17299,2.5284,1.08159
41222,0.0286523,0.112592,0.0664833
41223,0.237828,2.64019,1.27276
41224,0.10035,1.3281,0.574608
41225,0.158193,1.19358,0.523894
41226,-0.0182945,-0.0165457,-0.018448
41227,0.0149315,0.13815,0.0854759
41228,0.0293249,1.04776,0.357943
41229,0.0349747,0.0531346,0.0440324
41230,-0.00807108,-0.0349747,-0.0467223
41231,-0.0174873,-0.00403554,-0.00900828
41232,0.0134518,-0.0143934,0.000227202
41233,0.295671,3.64611,1.85693
41234,-0.00376651,-0.0278452,-0.0145756
41235,0.0538072,1.37854,0.605627
41236,-0.150391,-1.47835,-0.754728
41237,-0.0134518,-0.000134518,-0.0228588
41238,0.0134518,0.0403554,0.018356
41239,-0.589458,-5.80284,-2.86001
41240,0.0297285,-1.09982,-0.435011
41241,0.255719,0.457899,0.814009
41242,-0.303069,-1.83953,-1.21963
41243,0.0133173,0.0418351,0.0342115
41244,-0.0509823,-0.0913378,-0.127746
41245,0.11017,1.43988,0.65494
41246,0.00269036,0.00255584,-0.00574892
41247,-0.142051,-0.209176,-0.297682
41248,0.0712946,0.116627,0.177023
41249,0.487897,5.83768,3.22902
41250,0.066721,0.0392793,0.0606645
41251,0.105328,2.90855,1.32097
41252,-0.0134518,0,-0.0198138
41253,0.0154696,0.00807108,0.029834
41254,-0.00269036,0.0647032,0.0418273
41255,-0.00121066,-0.0146625,-0.015712
41256,-0.100754,-1.48185,-0.693995
41257,0.00766753,0.00766753,0.00212906
41258,-0.343963,-1.88204,-1.21311
41259,-0.00174873,-0.00188325,-0.00830884
41260,0,-0.0134518,-0.0154875
41261,0.0270381,0.0135863,0.0217102
41262,0.0683352,0.707296,0.448117
41263,-0.014797,0.611519,0.129215
41264,0.0659139,0.106269,0.108544
41265,-0.0805763,-0.733796,-0.296022
41266,-0.712677,-6.39337,-3.73418
41267,-0.00134518,-0.00551524,-0.00650191
41268,-0.0324189,-0.0384722,0.00420377
41269,0.0540763,1.34437,0.640161
41270,0.0242133,0.063089,0.0517535
41271,0.12981,1.37881,0.726565
41272,0.0201777,0.0203122,0.0309003
41273,-0.0133173,-0.0399519,-0.0385334
41274,-0.0279798,-0.0573047,-0.0897146
41275,0,0,-0.00911326
41276,-0.0134518,0.00955078,-0.00529151
41277,-0.0131828,-0.0400864,-0.0359705
41278,0.0250204,0.608829,0.288478
41279,-0.0188325,-0.581656,-0.332346
41280,-0.0441219,-0.0507133,-0.0856091
41281,0.108691,1.249,0.617345
41282,-0.0578428,-0.68389,-0.305482
41283,0.0942972,0.775766,0.367429
41284,0.129137,1.81236,0.884111
41285,0.0265001,-0.446465,-0.147978
41286,-0.00255584,0.522199,0.189748
41287,-0.00390102,0.0364544,0.0199263
41288,0,-0.0134518,-0.0141752
41289,-0.152005,-1.99611,-1.0687
41290,0,0.0414316,0.0442209
41291,0.118241,1.34276,0.636322
41292,0.0161422,-0.011165,-0.0318453
41293,-0.0161422,-0.00242133,-0.024095
41294,0,-0.0403554,-0.0256115
41295,-0.247379,-2.69305,-1.31773
41296,-0.0294595,-0.0959114,-0.10301
41297,0.0243478,0.131693,0.0928887
41298,-0.0201777,-0.033764,-0.0572507
41299,-0.152005,-1.4606,-0.653109
41300,0.0134518,0.0269036,0.0302637
41301,-0.136536,-1.50445,-0.789915
41302,-0.0201777,-0.0605331,-0.0726614
41303,0.0336295,0.100889,0.112761
41304,0.0751956,1.43127,0.637438
41305,0.0207158,0.0207158,0.0171819
41306,0.0309392,0.0309392,0.0275519
41307,-0.0174873,-0.0173528,-0.0312442
41308,0.0952388,1.42212,0.606371
41309,-0.0836702,-1.4462,-0.664847
41310,0.0903961,0.706892,0.34938
41311,0.051924,0.792849,0.336211
41312,0.0134518,0.0134518,0.00796153
41313,-0.0174873,-0.0579773,-0.0638426
41314,-0.405168,-3.11409,-1.61894
41315,0.055556,0.712677,0.373775
41316,-0.0461397,-0.685504,-0.333539
41317,-0.0269036,0,-0.0305143
41318,0,-0.0130483,-0.0312242
41319,-0.0453326,-0.784106,-0.341561
41320,0.0422387,0.092952,0.0637409
41321,0.00403554,0.745903,0.241015
41322,-0.0181599,-0.0450636,-0.0608407
41323,-0.00645687,-0.00726398,-0.0176916
41324,0.282488,2.30295,1.20069
41325,-0.264732,-2.25358,-1.22119
41326,-0.0014797,-0.0427767,-0.00136829
41327,0.153889,1.49665,0.713456
41328,-0.0470813,-0.711332,-0.301547
41329,-0.0836702,-0.697611,-0.312464
41330,0.00282488,1.25236,0.460297
41331,0.114878,1.53942,0.712401
41332,-0.0134518,0.0134518,-0.000333561
41333,-0.0960459,-0.833877,-0.353834
41334,-0.0770789,-1.46625,-0.711186
41335,-0.0082056,0.638826,0.23078
41336,-0.0121066,0.0282488,-0.0138237
41337,0.00941626,-0.0309392,-0.0297588
41338,-0.0737159,-0.789083,-0.37406
41339,-0.00363199,0.00309392,-0.0213223
41340,0.0180254,0.664654,0.219508
41341,0.165323,1.54938,0.727589
41342,0.0180254,0.0516549,0.05497
41343,-0.0741195,-0.0613402,-0.129941
41344,-0.222762,-2.34976,-1.09398
41345,-0.0336295,-0.0460052,-0.0552577
41346,0.0598605,0.755588,0.29856
41347,0.128599,1.45683,0.659978
41348,-0.0451981,-0.0855535,-0.0998539
41349,-0.172183,-2.27578,-1.07629
41350,0.0343021,0.0212539,0.0116414
41351,0.100889,2.09498,0.876873
41352,-0.0355128,-0.653758,-0.149175
41353,0.0738504,0.10748,0.0895111
41354,0.106404,2.18471,0.889895
41355,-0.014797,-0.0955078,-0.106969
41356,0.0182945,0.0451981,0.0414726
41357,-0.0107614,-0.0376651,-0.0313873
41358,-0.0903961,-1.35325,-0.65647
41359,-0.0230026,-0.822309,-0.335008
41360,0.0505788,0.811817,0.344364
41361,0.0730433,0.670842,0.323869
41362,0.000807108,0.692768,0.218192
41363,-0.0115686,-0.688598,-0.244232
41364,0.096853,0.822847,0.457763
41365,-0.0799037,-0.16196,-0.231416
41366,0.389968,4.87171,2.2278
41367,-0.0172183,-0.0258275,-0.0383656
41368,0.014528,0.014528,0.00932751
41369,0.0302666,0.0310737,0.032858
41370,-0.0816525,-0.762986,-0.385348
41371,-0.0457361,-0.126312,-0.150786
41372,-0.0441219,-0.774959,-0.305762
41373,-0.155906,-0.866565,-0.581108
41374,-0.211866,-3.62661,-1.60206
41375,0.0632235,0.884456,0.434708
41376,0.0990053,1.44499,0.608694
41377,-0.0044391,0.573316,0.177587
41378,0.0275762,0.0544798,0.0318974
41379,-0.02233,0.818139,0.21547
41380,-0.0176219,-0.0142589,-0.0299306
41381,0.0907997,0.758278,0.379141
41382,0.0149315,0.0291904,0.0324457
41383,-0.297554,-1.76932,-0.891914
41384,0.00121066,-0.56928,-0.211502
41385,0.0137208,0.0338986,0.0417563
41386,-0.0282488,-0.0417006,-0.0672725
41387,-0.0922794,-1.4719,-0.691352
41388,-0.0133173,-0.0267691,-0.0310793
41389,0.0133173,0.011434,0.00716624
41390,-0.0899926,-0.862799,-0.477709
41391,0.0125102,0.0119721,-0.0134367
41392,0.0302666,0.804283,0.35377
41393,0.00605331,0.613133,0.289217
41394,-0.0618783,-1.47768,-0.725174
41395,0.0936246,0.934093,0.530766
41396,-0.0403554,-0.0419696,-0.0584187
41397,0.0511169,0.0538072,0.0567188
41398,-0.0152005,-0.0286523,-0.0548265
41399,0.00726398,0.141782,0.0810902
41400,-0.611519,-4.81682,-2.76458
41401,0,0.00914723,0.024433
41402,0.0403554,0.201777,0.121407
41403,0.0251549,0.0343021,0.0220901
41404,0.0340331,-0.114071,-0.0194473
41405,0.00564976,0.0325534,0.0260657
41406,0.00067259,-0.0133173,-0.0122187
41407,-0.0302666,-0.0719672,-0.0801155
41408,0.0203122,0.0203122,0.0323448
41409,-0.00121066,0.0525966,0.00414338
41410,0.252894,3.32502,1.55888
41411,-0.00363199,-0.00107614,-0.0130802
41412,0.13963,1.44405,0.597648
41413,-0.0110305,0.0158731,0.0188829
41414,-0.0133173,-0.0267691,-0.0483195
41415,0.0134518,0.0403554,0.0336567
41416,-0.0067259,-0.0349747,-0.0279066
41417,0.00807108,0.0392793,-0.00579034
41418,0.164785,1.58005,0.833003
41419,-0.0242133,-0.0107614,-0.0553789
41420,0,-0.0134518,-0.0314155
41421,0,0,-0.00911326
41422,0,0.0134518,-0.00405129
41423,-0.0426422,-0.0733123,-0.0711095
41424,0.386874,3.83847,1.82464
41425,0.00605331,0.0321498,0.00574036
41426,0.127792,2.13386,0.870732
41427,-0.00107614,0.0380686,0.00836341
41428,0.00188325,-0.0240787,-0.0297874
41429,-0.0953733,-0.743481,-0.319242
41430,0.0330914,0.0195051,0.0277625
41431,-0.0134518,0.0538072,0.00568338
41432,0.026231,0.0396828,0.0280806
41433,-0.511572,-4.96062,-2.43019
41434,0.209176,1.55839,0.827413
41435,0.103579,1.41109,0.633548
41436,-0.232447,-1.65995,-0.868044
41437,-0.00995434,-0.0273072,-0.0620287
41438,0.0934901,0.678509,0.32185
41439,0.0134518,1.30415,0.419841
41440,0.0102234,-0.00322843,-0.00558546
41441,-0.135056,-1.47674,-0.644293
41442,-0.00215229,0.0106269,0.0110661
41443,0.168282,2.10467,0.844442
41444,-0.0476194,0.541973,0.172086
41445,0.025962,0.0394138,0.0273934
41446,0.0437184,0.0437184,0.0463798
41447,-0.0142589,-0.000807108,-0.0236603
41448,-0.0321498,0.605062,0.145082
41449,0.0333605,0.0469468,0.0370075
41450,0.00874367,0.0221955,0.0457253
41451,0.116089,1.27913,0.52686
41452,0.620263,7.06529,3.56715
41453,-0.0507133,0.0516549,-0.0273935
41454,0.0181599,0.0598605,0.0218992
41455,0.0980637,0.126447,0.184973
41456,0.370866,4.76719,2.38115
41457,0.0585154,0.0952388,0.103346
41458,-0.0675281,-0.636136,-0.296659
41459,-0.151333,-1.4766,-0.816876
41460,-0.00914723,0.06699,0.0739033
41461,-0.0917413,-0.173663,-0.173081
41462,-0.00618783,0.0207158,0.00925595
41463,-0.0920104,-1.41822,-0.643194
41464,0.0243478,0.085688,0.0908527
41465,0.022061,0.0624164,0.0698681
41466,0.0293249,1.20555,0.371878
41467,-0.0322843,-0.0718326,-0.097867
41468,-0.0014797,0.0523275,0.0594674
41469,0.0647032,0.104924,0.106785
41470,-0.00228681,-0.00161422,-0.000204273
41471,0.0460052,0.0500407,0.0506598
41472,-0.0121066,-0.0426422,-0.0514616
41473,-0.00161422,0.473369,0.164671
41474,-0.257871,-2.79394,-1.25103
41475,-0.0251549,-0.523679,-0.176688
41476,0.0204467,0.0338986,0.0391426
41477,-0.126716,-1.46652,-0.835401
41478,0.0044391,-0.00914723,-0.00709713
41479,-0.0979291,-1.36321,-0.649774
41480,0.0310737,0.0924139,0.0777553
41481,-0.0112995,-0.0139899,-0.0245084
41482,0.0415661,1.34787,0.610144
41483,-0.0235407,-1.32958,-0.673466
41484,0.078424,1.42011,0.745307
41485,-0.0209848,-0.0209848,-0.0344526
41486,0.0239442,0.0266346,0.0257403
41487,-0.025693,0.00107614,-0.0359256
41488,0.0250204,-0.0153351,-0.00697604
41489,-0.00847464,-0.0341676,-0.0453105
41490,-0.214556,-1.57252,-0.928224
41491,0.0134518,0.0267691,0.0317342
41492,-0.126716,-1.53028,-0.78088
41493,-0.0361854,0.0169493,-0.0289289
41494,0.0129137,0.0129137,0.00859086
41495,0.00914723,0.00995434,0.00280132
41496,0.000269036,0.0137208,0.0135304
41497,0,-0.000403554,-0.0284451
41498,0.040759,0.067259,0.068279
41499,0.00322843,0.0173528,0.0172849
41500,-0.00645687,-0.0200432,-0.039662
41501,0,-0.0172183,-0.00995423
41502,-0.0269036,-0.0260965,-0.0419247
41503,-0.669765,-5.29463,-3.10767
41504,-0.323516,-2.34492,-1.55947
41505,-0.118376,-1.45078,-0.763899
41506,0.0269036,0,-0.0195681
41507,0.0200432,-2.63211,-1.08874
41508,0.0195051,-0.00739849,-0.0102093
41509,-0.312889,-2.22439,-1.21756
41510,0,-0.0014797,-0.0255174
41511,-0.269843,-2.93626,-1.60394
41512,-0.0067259,0.0470813,-0.0196039
41513,0.0188325,0.0470813,0.0226204
41514,0.0067259,0.0067259,0.000564694
41515,0.0134518,0.0133173,0.00789526
41516,-0.0134518,-0.0134518,-0.026188
41517,0.843025,6.27338,3.78676
41518,0,-0.0403554,-0.0760199
41519,0.0379341,0.784106,0.386232
41520,0.129944,1.62727,0.698784
41521,0.00269036,-0.0333605,-0.0891232
41522,-0.429382,-5.59582,-2.84729
41523,0.0860916,0.751552,0.401325
41524,-0.0134518,-0.0472158,-0.0733053
41525,-0.0503098,-0.063358,-0.0946061
41526,0,0.0269036,0.0171104
41527,-0.0067259,-0.00793657,-0.0182243
41528,0.0133173,-0.00121066,-0.0150214
41529,0.141244,1.50055,0.74407
41530,-0.0422387,-0.0657793,-0.0650747
41531,0.0609367,0.125774,0.134716
41532,-0.0995434,-0.167071,-0.196686
41533,0.0664519,0.120394,0.147269
41534,-0.0299975,0.554618,0.228608
41535,0.048561,0.768905,0.328299
41536,-0.0496372,-0.756664,-0.374752
41537,0.113533,0.769443,0.348895
41538,-0.00255584,-0.00255584,-0.0107924
41539,-0.347729,-4.88664,-2.33648
41540,0.00914723,0.64488,0.244594
41541,-0.0052462,-0.0464087,-0.0498933
41542,-0.310602,-3.48213,-1.77852
41543,0.18133,2.06162,0.932181
41544,0.0336295,0.0874367,0.0901199
41545,-0.00659139,-0.0119721,-0.0183521
41546,0.0201777,0.0201777,0.018342
41547,-0.0134518,-0.00941626,-0.0237169
41548,-0.522334,-4.59406,-2.44254
41549,-0.0695458,-0.0586499,-0.102997
41550,0.0279798,0.0279798,0.0264023
41551,-0.0134518,-0.000807108,-0.00409898
41552,0.0174873,0.0208503,-0.0044921
41553,-0.018967,-0.00901271,-0.029195
41554,0.00107614,0.0316117,0.02218
41555,-0.0131828,-0.0299975,-0.0302036
41556,-0.0205813,-1.33052,-0.627252
41557,0.0191016,0.68806,0.310501
41558,-0.0269036,-0.0302666,-0.0415554
41559,0.0392793,0.0258275,0.0371928
41560,0.11582,2.18673,0.937009
41561,0.00161422,0.0554214,0.0664694
41562,0.0313427,0.0710255,0.0629375
41563,-0.0067259,-0.0230026,-0.0256859
41564,0.0067259,0.00699494,-0.0177163
41565,0.0569011,0.0569011,0.0644254
41566,-0.0314772,-0.0161422,-0.0431139
41567,-0.0266346,-0.0265001,-0.116473
41568,0.063627,1.66049,0.684407
41569,0.0248858,-0.830111,-0.273406
41570,-0.0926829,-0.828766,-0.448542
41571,-0.262445,-3.39201,-1.64511
41572,-0.0523275,-0.0415661,-0.0406383
41573,0.138688,2.36133,1.08094
41574,-0.0739849,-0.796212,-0.410169
41575,0.00874367,0.144876,0.10147
41576,-0.465567,-5.57631,-2.81137
41577,0.0605331,0.181734,0.115447
41578,0.284506,4.08424,1.90725
41579,-0.105059,-1.70717,-0.809599
41580,0.00834012,-0.60977,-0.196942
41581,0,0,-0.00744956
41582,-0.00403554,-0.0309392,-0.0429122
41583,-0.0067259,0.00564976,-0.0117247
41584,0.214825,3.9251,1.72831
41585,-0.0934901,-0.783971,-0.415052
41586,0.185635,0.948487,0.580801
41587,-0.06699,-0.0718326,-0.0972697
41588,0.0119721,0.0133173,0.00649326
41589,0.0700839,0.930058,0.44279
41590,0.0465432,0.680527,0.28761
41591,-0.173125,-2.38379,-1.20156
41592,-0.230026,-2.70946,-1.28436
41593,-0.0803073,-0.819619,-0.385651
41594,0.102234,2.3842,1.00229
41595,0.0739849,0.142724,0.16387
41596,0.406514,4.30592,2.04397
41597,0.229622,1.70367,0.937625
41598,0.203257,3.38474,1.47585
41599,0.138016,2.78775,1.25618
41600,-0.0134518,-0.0100889,-0.0237799
41601,-0.0134518,-0.0134518,-0.0316169
41602,-0.0404899,-0.594032,-0.316052
41603,0.313024,2.93115,1.49153
41604,0.033495,1.20649,0.495971
41605,-0.0269036,-0.0234061,-0.0364701
41606,0.155099,1.50606,0.713984
41607,-0.0273072,-0.0926829,-0.11946
41608,-0.152005,-2.80726,-1.22993
41609,0.1968,2.82703,1.26646
41610,-0.0474849,-0.758278,-0.264132
41611,0.0642996,1.33509,0.549527
41612,-0.149181,-0.649319,-0.462533
41613,0.140437,1.51118,0.741995
41614,-0.10331,-1.36603,-0.62327
41615,-0.0804418,-0.873829,-0.383755
41616,-0.191016,-3.18754,-1.40891
41617,-0.0193706,-0.0131828,-0.0307163
41618,0.0243478,0.0512514,0.0334811
41619,-0.00739849,0.0329569,0.0111175
41620,-0.0379341,-0.12295,-0.13275
41621,-0.0478884,-1.3246,-0.498659
41622,0.0364544,0.502963,0.20409
41623,0.124967,1.00001,0.520872
41624,-0.133442,-1.46006,-0.707786
41625,0.0944317,0.0601296,0.150453
41626,0.010896,1.32783,0.444308
41627,-0.0242133,-0.0384722,-0.0466046
41628,-0.0871677,-2.74605,-1.11134
41629,-0.237424,-1.64085,-0.983438
41630,0.0827286,0.739849,0.376652
41631,0.0995434,0.804283,0.437037
41632,-0.0694113,-0.0828631,-0.103593
41633,0.20662,2.05207,0.932633
41634,-0.230564,-4.44084,-1.92884
41635,0.0829976,1.49961,0.594803
41636,-0.0156041,0.0104924,0.0145606
41637,-0.00538072,-0.00336295,-0.0149668
41638,0.0052462,0.0052462,-0.00245409
41639,-0.00134518,0.0121066,-0.0041937
41640,-0.691288,-11.6429,-5.65458
41641,-0.126312,-0.712946,-0.53681
41642,-0.324458,-2.84331,-1.61065
41643,0.0347057,0.0873022,0.0820346
41644,-0.547219,-4.74405,-2.79745
41645,0.111246,0.526638,0.410911
41646,0.081787,1.1126,0.470497
41647,0.0275762,0.0578428,0.0163091
41648,-0.37275,-5.44825,-2.42778
41649,0.0269036,0.0789621,-0.00371693
41650,-0.0967185,-2.08153,-0.892103
41651,0.0281143,0.0281143,0.0262039
41652,-0.0321498,-0.0718326,-0.0388293
41653,-0.255181,-2.8838,-1.48003
41654,0.491125,4.76517,2.46718
41655,-0.000134518,0.604524,0.209613
41656,-0.0361854,-0.0780205,-0.0725798
41657,0.127927,2.33308,0.880356
41658,0.0909342,0.678509,0.387903
41659,0.232178,3.1835,1.35245
41660,-0.138419,-1.20582,-0.655205
41661,-0.00376651,0.538476,0.205353
41662,0.0644342,0.0644342,0.0910558
41663,-0.0134518,-0.0539417,-0.074411
41664,0.0969875,0.623626,0.33046
41665,0,-0.0133173,-0.0154238
41666,0.0786931,1.7868,0.677028
41667,0.0377996,-0.0696804,-0.0188028
41668,-0.0624164,-1.34801,-0.524649
41669,-0.00390102,-0.635867,-0.276075
41670,-0.0690078,-1.17461,-0.492713
41671,-0.0242133,0.0949698,-0.00690782
41672,-0.0134518,0.00067259,-0.0234695
41673,0.0330914,0.452788,0.16036
41674,-0.0134518,-0.0438529,-0.0399832
41675,0.0137208,0.689809,0.285003
41676,-0.0456016,-0.0321498,-0.0460069
41677,-0.0185635,-0.748324,-0.364038
41678,-0.000538072,0.0129137,-0.00165953
41679,0.0131828,0.74254,0.338154
41680,-0.247244,-4.00326,-1.78674
41681,-0.193706,-2.81815,-1.25371
41682,-0.00134518,1.29554,0.460661
41683,0.00430458,-0.772268,-0.228558
41684,0.0121066,0.0239442,0.00665267
41685,0.0746575,0.977946,0.446535
41686,-0.0115686,-0.0244823,-0.0496191
41687,-0.0134518,-0.0168148,-0.0269928
41688,-0.147028,-1.50943,-0.788827
41689,0.218188,1.06592,0.571259
41690,-0.00121066,0.0782895,-0.00747014
41691,-0.0832667,-0.798903,-0.374681
41692,0.0466778,0.799575,0.251844
41693,-0.0493681,-0.785316,-0.26408
41694,0.0571702,0.0575737,0.0468834
41695,-0.322843,-4.20382,-1.88442
41696,-0.112457,-1.96208,-1.03998
41697,-0.0271726,0.500945,0.182675
41698,0.0464087,0.0585154,0.0714595
41699,-0.151736,-1.40787,-0.794954
41700,-0.278183,-3.00083,-1.39979
41701,-0.485207,-5.02008,-2.54636
41702,0.436915,6.4079,2.70787
41703,-0.00201777,-0.0156041,-0.0336648
41704,0.0905307,1.00337,0.344353
41705,-0.074523,-0.728819,-0.274947
41706,-0.105462,-0.559057,-0.306463
41707,0,-0.0134518,-0.0126655
41708,0.105328,1.57453,0.545789
41709,-0.107076,-2.04521,-0.773369
41710,-0.00578428,0.439201,0.163853
41711,0.0044391,1.01615,0.261553
41712,0.0134518,0.0536727,0.0187789
41713,0.0269036,0.0686042,0.0575995
41714,0,0.0134518,-0.00248622
41715,-0.0403554,1.0027,0.305273
41716,0.133442,0.559461,0.324168
41717,0.221417,2.38137,1.17437
41718,-0.158059,-0.162498,-0.235663
41719,0.0142589,0.694113,0.243723
41720,0.120797,2.67825,0.952157
41721,-0.193437,-2.7139,-1.24706
41722,-0.0430458,-1.73044,-0.660421
41723,-0.041028,-0.111785,-0.0817513
41724,0.0269036,0.0390102,0.0135052
41725,-0.0129137,-0.0129137,-0.0241927
41726,-0.000403554,-0.0146625,-0.0175907
41727,-0.338178,-3.94999,-1.95359
41728,-0.0134518,-0.00511169,-0.0298514
41729,0.0714291,0.0281143,0.0557313
41730,0.00322843,0.0603986,0.0308094
41731,0.0466778,0.0593225,0.0551724
41732,-0.0645687,-0.0804418,-0.098643
41733,0.00860916,-0.00403554,-0.0187777
41734,0,0.0134518,0.016165
41735,-0.0134518,-0.0544798,-0.0431921
41736,-0.00269036,-0.00269036,-0.0125282
41737,0.0589189,0.0481575,0.0309637
41738,-0.0266346,-1.13036,-0.333779
41739,0.0868987,1.24295,0.480531
41740,0.000269036,-0.00941626,-0.0246701
41741,0.165323,1.43006,0.752147
41742,-0.16465,-1.59552,-0.819623
41743,0.0626854,1.34827,0.55067
41744,0.0213884,0.0348402,0.0403379
41745,0.12712,0.768636,0.432175
41746,0.0559595,1.32716,0.554452
41747,0.026231,0.0127792,0.0178083
41748,0.353783,2.5697,1.4323
41749,0.254239,3.5502,1.71855
41750,0.051924,0.874636,0.359976
41751,0.0138554,0.546143,0.2673
41752,-0.00376651,0.746575,0.203583
41753,0.0733123,0.102906,0.150475
41754,-0.486686,-7.06785,-3.25084
41755,0.328762,5.79087,2.51678
41756,0.0734469,0.0885129,0.0912846
41757,-0.0922794,-0.559192,-0.343099
41758,0.0134518,0.506461,0.189533
41759,0.214691,1.13049,0.803476
41760,0.0613402,3.3043,1.10497
41761,0.0380686,0.0380686,0.0378961
41762,-0.0137208,0.433552,0.142128
41763,-0.00686042,-0.460993,-0.238668
41764,0.197742,0.678913,0.460026
41765,0.12268,3.03648,1.4472
41766,0.0437184,0.0437184,0.0291396
41767,-0.000941626,-0.000941626,-0.00603015
41768,0.120259,0.176757,0.241402
41769,0.146759,3.22386,1.36571
41770,0.0275762,-0.00107614,0.0371302
41771,0.0441219,0.464087,0.200402
41772,0.00107614,0.480229,0.153176
41773,0.0196396,-0.888492,-0.312506
41774,0.187787,2.16695,1.00905
41775,0.0464087,0.644207,0.159736
41776,0.0107614,0.0242133,0.04311
41777,-0.0117031,0.625913,0.210043
41778,0.18429,1.40222,0.694295
41779,0.0138554,0.0297285,0.0144759
41780,0.0598605,0.612864,0.259073
41781,0.130752,2.13695,0.845842
41782,0.108018,0.624702,0.344972
41783,1.22721,13.9268,7.40722
41784,-0.118241,-1.09942,-0.683806
41785,0.0208503,0.0503098,0.0629654
41786,0,-0.0269036,-0.0136109
41787,-0.00215229,-0.0129137,-0.029687
41788,-0.603314,-5.42269,-2.97111
41789,-0.177833,-2.4181,-1.16545
41790,0.029863,0.0414316,0.050519
41791,-0.00780205,-0.0199087,-0.0218484
41792,-0.162632,-1.38836,-0.777256
41793,0.029594,0.0573047,0.0520965
41794,-0.011434,0.0100889,-0.0119833
41795,-0.0955078,-2.0249,-0.825349
41796,-0.452115,-6.64371,-3.28252
41797,0.00134518,0.155234,0.000136253
41798,-0.0014797,-0.552869,-0.25952
41799,-0.014797,-0.0282488,-0.0315642
41800,0.044929,0.650664,0.305753
41801,0.185097,1.64435,0.843198
41802,-0.0743885,-1.15174,-0.589222
41803,-0.0100889,0.00336295,-0.0152923
41804,-0.00914723,-0.00914723,-0.0207241
41805,0.00605331,0.0195051,0.0208726
41806,-0.00403554,0.0232716,-0.00755927
41807,0.0868987,1.06592,0.52895
41808,-0.200701,-2.21578,-1.13637
41809,-0.146221,-1.82084,-0.759264
41810,0.0166802,-0.504039,-0.152952
41811,-0.04466,-0.573047,-0.323853
41812,0.100889,1.25505,0.593171
41813,0.0235407,0.646763,0.254515
41814,0.162901,2.36859,1.03341
41815,0.0605331,0.102906,0.117529
41816,0.214556,1.26743,0.733754
41817,0.0154696,0.0154696,0.0261979
41818,-0.240518,0.299572,-0.0927082
41819,0.197069,1.0787,0.783598
41820,-0.1173,-1.41244,-0.853947
41821,-0.0344366,-1.01723,-0.259762
41822,-0.0152005,-0.819484,-0.411462
41823,0.0195051,0.0423732,0.0588811
41824,-0.00605331,-0.0195051,-0.0390991
41825,0.196396,2.07373,0.95468
41826,-0.0920104,-2.36671,-0.927594
41827,0.00161422,0.386201,0.104884
41828,0.0461397,0.692364,0.282318
41829,-0.143396,-1.98629,-0.947399
41830,-0.0138554,-0.489646,-0.184829
41831,0.239442,4.99708,2.27881
41832,0.174604,2.32097,1.01374
41833,-0.110977,-0.675819,-0.380142
41834,-0.0107614,-0.0107614,-0.0227731
41835,0,-0.0269036,-0.0177275
41836,0.127254,1.87666,0.774301
41837,0.067259,0.664923,0.183569
41838,-0.0733123,-0.686042,-0.267625
41839,-0.0758682,-1.87168,-0.79449
41840,0.329704,3.00823,1.67072
41841,-0.0106269,-0.0682007,-0.0624043
41842,-0.00726398,0.358356,-0.063451
41843,0.395349,3.72306,1.94956
41844,0.0310737,0.536593,0.279717
41845,0.151198,2.61422,1.27789
41846,0.344097,3.58881,1.70583
41847,-0.070891,-0.587306,-0.359993
41848,0.0512514,0.0762717,0.0676568
41849,-0.0680661,-1.9762,-0.703398
41850,-0.457899,-4.58021,-2.27578
41851,0.0115686,-0.0287869,-0.0266577
41852,-0.114475,-2.03607,-0.969716
41853,0.0421042,0.165054,0.092718
41854,-0.122546,-2.24336,-1.06603
41855,0.0963149,1.35191,0.528542
41856,0.00834012,0.611923,0.252747
41857,0.0977946,0.622415,0.329933
41858,0.00807108,-0.0188325,-0.0220351
41859,-0.0376651,-0.0376651,-0.0569227
41860,0,-0.0134518,-0.0126655
41861,-0.00269036,-0.0169493,-0.0351341
41862,0,-0.0126447,-0.0123618
41863,0.000403554,0.0126447,-0.00602152
41864,0.0324189,0.0609367,0.0601025
41865,0.00807108,0.0544798,0.0552077
41866,0.000807108,-0.0122411,-0.0297219
41867,-0.139764,-1.27308,-0.647844
41868,-0.0157386,-0.0433148,-0.0552922
41869,-0.00269036,0.0107614,0.00977399
41870,-0.0976601,-1.46961,-0.643457
41871,0.00376651,-0.00551524,-0.00555257
41872,-0.0161422,0.0115686,-0.0030941
41873,-0.0306701,-0.721555,-0.183007
41874,0.0305356,0.709986,0.185498
41875,-0.186173,-2.17637,-0.972909
41876,0.107749,-0.635598,-0.0790648
41877,0.141378,2.26582,1.01244
41878,0,0.0235407,0.0130731
41879,0.041028,0.760969,0.259261
41880,0.0464087,0.693844,0.371205
41881,0.0285178,1.34841,0.469097
41882,0.0404899,0.0808454,0.0545712
41883,0.02233,0.630352,0.278956
41884,0.00901271,-0.0178909,-0.00491194
41885,-0.0870332,-1.29084,-0.65814
41886,-0.151333,-2.87734,-1.20745
41887,-1.05314,-2.48885,-1.81322
41888,0.0267691,0.014797,0.016502
41889,-0.232851,-2.30833,-1.15829
41890,0.417006,3.16131,1.50407
41891,-0.124429,-0.151333,-0.195984
41892,0.0501752,0.0905307,0.0843694
41893,0.06699,0.829035,0.401369
41894,-0.101158,-1.45374,-0.759412
41895,0.00403554,0.00403554,-0.00424357
41896,0.0746575,0.645956,0.372332
41897,0.0364544,0.0325534,0.0313188
41898,0.00430458,-0.60708,-0.284828
41899,-0.0130483,-0.0265001,-0.0636532
41900,-0.0801728,-0.0655103,-0.125255
41901,0.0472158,-0.675281,-0.114904
41902,0.156983,1.53001,0.758711
41903,0.277242,4.09648,1.61022
41904,-0.139899,-1.78129,-0.831994
41905,0.00161422,0.751418,0.246736
41906,-0.190747,-3.22816,-1.27013
41907,-0.0470813,-0.742943,-0.41033
41908,0.0704875,0.743347,0.399692
41909,-0.0980637,-1.4875,-0.67175
41910,0.00269036,0.807915,0.288723
41911,0.059457,0.629948,0.287195
41912,0.0107614,0.731644,0.214423
41913,-0.0208503,-0.0338986,-0.0572123
41914,0.0790966,0.0790966,0.0912865
41915,-0.205544,-2.94326,-1.23513
41916,-0.0936246,-0.889299,-0.405061
41917,0.00726398,-0.0196396,-0.0288221
41918,0.0469468,0.0864951,0.101221
41919,-0.0618783,-0.605466,-0.323796
41920,-0.0119721,-1.15094,-0.467742
41921,0.204064,2.93021,1.2366
41922,0.107883,2.70018,1.03047
41923,-0.085957,-1.53821,-0.671472
41924,-0.154561,-2.13251,-0.912742
41925,0.0612057,1.36657,0.527673
41926,-0.0624164,-1.34706,-0.506819
41927,0.000538072,-0.0263655,-0.0357944
41928,0.0195051,0.60977,0.238546
41929,-0.0772134,-0.0843428,-0.12702
41930,-0.115282,-2.01562,-0.906186
41931,0.00739849,0.589862,0.243244
41932,0.663443,8.81013,4.06467
41933,0.0134518,0.0236752,-0.0121893
41934,-0.0263655,-1.4154,-0.673421
41935,-0.0174873,-0.0216574,0.0205242
41936,-0.0217919,0.00941626,-0.00883642
41937,-0.228412,-3.20489,-1.38886
41938,0.159673,2.41352,0.986021
41939,-0.0316117,-0.763659,-0.290933
41940,-0.0096853,-0.706758,-0.249821
41941,0.0176219,0.0173528,0.0098277
41942,0.132904,3.02208,1.28939
41943,0.00269036,0.610847,0.22669
41944,-0.0638961,0.0174873,-0.0787854
41945,-0.0127792,-0.0807108,-0.105243
41946,0.000538072,0.000538072,-0.00843027
41947,-0.212,-2.34519,-1.09037
41948,-0.0679316,-1.56619,-0.672621
41949,0.0269036,0.734603,0.271399
41950,0.0383376,0.853786,0.361238
41951,-0.0126447,-0.0127792,-0.0252028
41952,-0.041028,-0.803476,-0.312488
41953,0.00941626,0.037127,0.014673
41954,0.00336295,0.0168148,0.0346979
41955,0,-0.0130483,-0.0287615
41956,0,-0.0134518,-0.0314155
41957,-0.00403554,0.00941626,0.00545963
41958,0.0421042,0.000807108,-0.00709611
41959,-0.00336295,-0.00336295,-0.013382
41960,-0.322978,-4.54859,-1.96028
41961,0.0513859,0.651067,0.268193
41962,-0.070891,-0.775228,-0.385729
41963,-0.00995434,-0.00995434,-0.0233137
41964,-0.00107614,-0.0302666,-0.0198947
41965,0,-0.0941626,-0.0339792
41966,0.0133173,0.0605331,0.044906
41967,0.10896,0.162767,0.189603
41968,-0.0807108,-0.0941626,-0.116624
41969,-0.0551524,-0.0828631,-0.108432
41970,0.272265,1.67098,0.941179
41971,-0.190881,-1.62108,-0.940122
41972,0.0100889,-0.00511169,-0.000517501
41973,-0.232582,-2.98751,-1.40369
41974,-0.177833,-2.89765,-1.22582
41975,-0.133442,-1.42387,-0.631577
41976,-0.114744,-2.68283,-1.17206
41977,0.0067259,0.0369925,0.00566785
41978,-0.0100889,-0.0796347,-0.0583598
41979,-0.0134518,0,-0.00388584
41980,-0.126581,-2.28479,-1.0775
41981,0.0403554,0.815314,0.318367
41982,-0.0907997,-1.32837,-0.595295
41983,0,0.0269036,0.00257574
41984,-0.0554214,-1.22815,-0.535284
41985,0.0901271,1.85554,0.804312
41986,0.0317463,0.790294,0.36492
41987,0.000538072,-0.0129137,-0.0119825
41988,0.188863,3.43048,1.48295
41989,-0.141244,-1.61099,-0.830527
41990,0.0556905,0.0691423,0.0739659
41991,-0.0281143,-0.00107614,-0.0214857
41992,-0.248589,-3.69898,-1.78664
41993,-0.0924139,-1.48885,-0.75057
41994,0.0134518,-0.0168148,-0.000591254
41995,-0.00605331,-0.0755992,-0.050208
41996,0,0.0134518,0.0131889
41997,-0.0269036,-1.73472e-18,-0.0763459
41998,0,0,-0.00911326
41999,-0.551121,-6.1008,-3.16751
42000,0.0215229,0.560806,0.309669
42001,-0.074254,-0.632773,-0.487884
42002,-0.404765,-5.70505,-2.51318
42003,-0.123488,-1.51104,-0.708804
42004,0.0663174,2.18188,0.880853
42005,0.151467,1.60184,0.709294
42006,-0.0168148,-0.0569011,-0.0466792
42007,-0.142455,-0.883111,-0.555611
42008,0.0133173,0.700301,0.273232
42009,0.0168148,0.00282488,0.00132976
42010,-0.0517895,-0.811144,-0.409987
42011,-0.106269,-2.59257,-1.1399
42012,-0.0414316,-1.56297,-0.657035
42013,0.0776169,1.01211,0.4831
42014,-0.0686042,-0.970144,-0.4239
42015,0.0211193,0.0632235,0.0387905
42016,-0.0976601,-0.110708,-0.144832
42017,0.310064,6.37669,2.77262
42018,-0.133711,-2.17085,-0.869755
42019,0.131021,1.53176,0.720674
42020,-0.149719,-2.14893,-0.992409
42021,-0.265001,-3.57388,-1.67984
42022,0.134518,2.70771,1.09699
42023,0.0391448,0.768233,0.350167
42024,0.0684697,2.07723,0.842134
42025,0.23581,3.00137,1.42232
42026,-0.0469468,-0.0232716,-0.0810511
42027,0.000538072,0.00282488,-0.0234906
42028,0.029594,0.555829,0.239857
42029,-0.0238097,0.572912,0.21198
42030,0.0414316,0.0414316,0.0591523
42031,0.00269036,-0.0107614,-0.0120726
42032,0.0121066,0.0390102,0.0349305
42033,0.157386,2.61503,1.20766
42034,-0.0213884,-0.063358,-0.0565923
42035,-0.00538072,-0.578159,-0.273158
42036,0.00981982,0.00981982,0.00466366
42037,-0.168551,-2.58167,-1.11556
42038,0.00067259,0.575603,0.267428
42039,0.159404,2.15148,0.969657
42040,0.4353,4.74876,2.46368
42041,-0.0236752,-0.115013,-0.131385
42042,0.0564976,0.719806,0.31316
42043,-0.000538072,0.420369,0.140986
42044,-0.0133173,-0.0386067,-0.0538985
42045,0.00336295,0.0302666,0.0238319
42046,0.0197742,0.0476194,0.0450962
42047,0.0773479,0.684966,0.362699
42048,-0.0269036,-0.651336,-0.321713
42049,0.135998,2.49652,1.02936
42050,-0.152678,-1.40544,-0.719739
42051,0.0282488,-1.13305,-0.399558
42052,-0.0564976,-0.0894545,-0.113232
42053,-0.0918758,-1.25129,-0.55606
42054,0.0181599,0.0197742,0.0306305
42055,0.126447,2.46545,1.04115
42056,0.223973,1.91554,0.928046
42057,-0.041297,0.547892,0.0790061
42058,-0.122277,-2.53472,-1.08781
42059,-0.0336295,-0.666402,-0.271268
42060,0.144607,1.32568,0.609812
42061,-0.0490991,-0.0569011,-0.0669213
42062,-0.315176,-3.23637,-1.57362
42063,0.0134518,-1.10762,-0.455838
42064,-0.301993,-2.69937,-1.39492
42065,-0.147566,-2.35555,-1.22446
42066,0,0.0536727,0.0484262
42067,0.018967,0.00551524,0.00858791
42068,-0.0484265,-0.448214,-0.110989
42069,-0.181196,-2.16803,-1.17219
42070,-0.102772,-0.765542,-0.416475
42071,0.12268,1.41997,0.687682
42072,-0.133576,-2.00674,-0.865401
42073,0.0762717,0.0973911,0.137965
42074,-0.0550179,0.0486955,-0.049908
42075,-0.0983327,-1.5631,-0.844834
42076,0.0559595,1.46974,0.698083
42077,0.0330914,0.00914723,0.0116896
42078,0,0.677567,0.251473
42079,0.0754646,0.150929,0.178133
42080,-0.0829976,-0.151064,-0.178842
42081,0.0349747,0.0227336,0.0395269
42082,-0.00336295,-0.0067259,-0.0346327
42083,0.173259,0.182406,0.243496
42084,0.33764,3.39456,1.64003
42085,-0.0843428,0.0363199,0.0640662
42086,-0.00067259,-0.661156,-0.29737
42087,0.132366,0.775362,0.43976
42088,-0.0867642,-0.10183,-0.126162
42089,0.548834,5.67801,3.1353
42090,-0.0441219,-0.12564,-0.0777312
42091,-0.0302666,-0.0578428,-0.0726756
42092,0.171511,1.24241,0.536534
42093,-0.104251,-1.1691,-0.643231
42094,-0.0430458,-0.08932,-0.123232
42095,0.0564976,0.0384722,0.0538066
42096,-0.00269036,0.0277107,0.00213042
42097,0.0466778,0.0735814,0.0631376
42098,0.21227,1.44109,1.00703
42099,0.0390102,0.595377,0.141035
42100,-0.330242,-4.55397,-2.23856
42101,-0.522065,-6.73814,-3.11975
42102,-0.0158731,0.684966,0.17729
42103,0.0121066,-0.00134518,-0.0157954
42104,0.202719,1.48239,0.822138
42105,-0.102503,-0.23729,-0.293318
42106,0.0383376,0.0652413,0.0682264
42107,-0.0134518,-0.0134518,-0.026188
42108,0,-0.0134518,-0.0314155
42109,-0.00807108,-0.00807108,-0.0193581
42110,0.048561,0.048561,0.0525267
42111,0.149315,1.3885,0.691076
42112,0.0874367,1.87303,0.757382
42113,0.051924,0.639768,0.292521
42114,0.0326879,0.712946,0.351624
42115,0.0477539,0.0368579,0.0472379
42116,0.21765,2.76811,1.28801
42117,0.0336295,0.623491,0.213389
42118,0,0.0277107,0.0197985
42119,-0.0106269,0.014797,0.0244239
42120,0.0920104,1.31586,0.50474
42121,0.115416,1.21994,0.507319
42122,0.648646,10.2544,4.4182
42123,-0.0543453,-0.79675,-0.390831
42124,0.155368,2.90546,1.14031
42125,-0.0499062,-1.4723,-0.508211
42126,0.0542108,2.41756,0.918299
42127,0.00887819,0.00887819,-0.0137718
42128,-0.0343021,-0.0699494,-0.0983195
42129,0.106807,0.133711,0.155137
42130,0.472158,4.14854,2.36111
42131,0.0134518,-0.0538072,-0.030954
42132,0.0345711,1.47728,0.485998
42133,0.170972,2.14516,0.941208
42134,-0.0645687,-1.32352,-0.610088
42135,-0.0988708,-0.987094,-0.561787
42136,-0.00269036,-0.604659,-0.180799
42137,0.0322843,0.658062,0.214952
42138,-0.0928175,-1.49571,-0.622809
42139,-0.0157386,-0.0729088,-0.103176
42140,-0.204064,-4.22575,-1.66978
42141,-0.011434,-0.671245,-0.202878
42142,-0.0161422,-0.0153351,-0.0508389
42143,0.126043,2.11274,0.758711
42144,0.00269036,-0.0121066,-0.0143028
42145,-0.0134518,-0.0153351,-0.0265532
42146,-0.0975256,-1.4115,-0.546414
42147,-0.0376651,-0.0511169,-0.0951528
42148,-0.407455,-6.05466,-2.84684
42149,0.00686042,0.0848809,0.000718835
42150,-0.19263,-1.71349,-0.855552
42151,0.141782,1.38419,0.696596
42152,-0.0606676,-1.22828,-0.539419
42153,-0.0302666,0.00390102,0.0167022
42154,0.0403554,1.17609,0.450241
42155,0.171914,1.29541,0.639951
42156,-0.0525966,-0.610308,-0.316932
42157,-0.0166802,-0.00322843,-0.00798379
42158,-0.0192361,0.0353783,0.0403859
42159,0.198011,1.779,0.896674
42160,-0.202719,-1.79528,-0.959376
42161,0.0926829,1.09821,0.513568
42162,0.0386067,0.0536727,0.0476296
42163,-0.144069,-2.40612,-1.09804
42164,0.150391,2.38406,1.10873
42165,-0.033495,-0.00659139,-0.0456221
42166,-0.214287,-2.54804,-1.29782
42167,0.0952388,1.21012,0.502065
42168,-0.0437184,-0.0302666,-0.0579793
42169,0.364275,3.12068,1.69386
42170,0.0131828,0.0165457,-0.0127564
42171,-0.0396828,-0.654565,-0.324119
42172,0.041028,-0.467585,-0.145928
42173,-0.0104924,0.421714,0.116451
42174,-0.127254,-2.53701,-1.05883
42175,-0.00497717,-0.015066,-0.00514969
42176,0.00470813,1.18484,0.421132
42177,-0.0616093,-1.27711,-0.564406
42178,0.0156041,-0.60143,-0.229057
42179,0,0.0255584,-0.0184321
42180,0.131021,1.93719,0.802451
42181,-0.112995,-1.35325,-0.601606
42182,0.25666,3.99909,1.77101
42183,-0.233658,-3.40802,-1.57197
42184,0.0246168,0.643669,0.214612
42185,0.00605331,0.0230026,0.00600394
42186,-0.0134518,-0.00269036,-0.0206165
42187,0.0269036,0.0287869,0.0440865
42188,-0.0356473,-0.0489646,-0.0603975
42189,0.0392793,0.644072,0.224926
42190,0.584885,8.11709,3.92316
42191,-0.029594,-0.284371,-0.207583
42192,0.029594,0.0161422,0.022077
42193,-0.0134518,-0.00847464,-0.0243151
42194,0.0142589,0.0287869,0.0315057
42195,0.0289214,0.0714291,0.0383519
42196,-0.00336295,-0.00282488,-0.0131795
42197,0.449963,4.85059,2.44978
42198,-0.0309392,-0.139899,-0.115855
42199,0,0.0134518,-0.00816786
42200,0.0733123,1.31357,0.534378
42201,-0.00336295,0.0100889,0.00892025
42202,0,0,0.000846477
42203,0.133442,1.60547,0.937772
42204,0.147835,2.10951,0.93569
42205,0.301186,1.99598,1.27245
42206,-0.0648377,-1.22102,-0.57335
42207,0.178909,0.251011,0.239124
42208,0.495834,5.69724,2.95977
42209,0.0122411,0.0131828,0.0260613
42210,0.0029594,-0.0239442,-0.0167931
42211,-0.0838048,-0.710928,-0.408753
42212,-0.0188325,-0.0188325,-0.033018
42213,0.0235407,0.0386067,0.0438651
42214,0.109229,0.819888,0.466943
42215,0.304414,3.53581,1.5124
42216,-0.0840738,-0.218726,-0.209093
42217,0.0230026,0.0766753,0.0544646
42218,-0.0559595,-0.0961804,-0.113913
42219,-0.0129137,-0.00618783,-0.0276392
42220,0.0216574,0.0620128,0.061418
42221,0.037127,0.0648377,0.083
42222,-0.00255584,-0.0294595,-0.0556496
42223,0.0415661,0.0415661,0.0626327
42224,-0.00591879,-0.018698,-0.0333249
42225,-0.0110305,-0.0396828,-0.0524491
42226,0.00793657,0.000538072,0.00427339
42227,0.00363199,-0.00901271,-0.0261169
42228,-0.0154696,-0.0692768,-0.0660906
42229,-0.0142589,0.029594,0.00950249
42230,-0.0121066,-0.0121066,-0.0231682
42231,0.0052462,-0.0119721,-0.0145952
42232,0.059726,0.0723707,0.0733025
42233,0.00699494,0.0458707,0.0286585
42234,0.0134518,0.0659139,0.085063
42235,0.566187,6.55318,3.29878
42236,-0.154158,-1.74564,-1.06343
42237,0.106269,0.190478,0.259457
42238,-0.0391448,-0.117838,-0.084471
42239,0.0777514,1.46167,0.588979
42240,-0.0356473,-1.94917,-0.693316
42241,-0.055556,-0.837913,-0.409436
42242,0.0146625,0.0281143,0.0318005
42243,0.0235407,0.010896,0.0146971
42244,-0.00188325,-0.665864,-0.226816
42245,0.0368579,0.117569,0.106966
42246,0.014797,0.730164,0.254133
42247,-0.0173528,-0.792177,-0.334004
42248,-0.00228681,-1.66076,-0.563949
42249,0.0544798,1.70677,0.594375
42250,-0.0330914,-0.0465432,-0.0561792
42251,0.00107614,-0.0122411,-0.0298265
42252,-0.025693,-0.580445,-0.227169
42253,-0.00322843,-0.00309392,-0.0129094
42254,0.00336295,0.0156041,0.0154504
42255,-0.0267691,-0.0269036,-0.0433151
42256,0,-0.000807108,-0.00949572
42257,0.0134518,0.014797,-0.00720745
42258,0.026231,0.0396828,0.0464848
42259,-0.0247513,0.0164112,-0.017698
42260,-0.214825,-2.78708,-1.2958
42261,0.0375305,0.0368579,0.0214961
42262,-0.0774824,-1.1734,-0.624439
42263,0.00807108,1.09081,0.410862
42264,-0.0579773,-0.0578428,-0.101369
42265,0.0216574,0.0333605,0.0435805
42266,-0.0356473,-0.694382,-0.367376
42267,-0.0134518,-0.0165457,-0.0313176
42268,-0.0142589,-0.0142589,-0.0272125
42269,0.00188325,0.0153351,0.0155794
42270,0.128868,0.200835,0.275696
42271,0.0375305,1.67771,0.535238
42272,-0.0984672,-1.30442,-0.599257
42273,-0.18846,-3.15162,-1.33864
42274,0.0395483,0.0782895,0.0698475
42275,-0.0302666,-0.0302666,-0.0475315
42276,0.0403554,0.0539417,0.0644771
42277,-0.00874367,0.0181599,0.0102092
42278,0.0135863,0.706758,0.308762
42279,0.0161422,-0.0107614,-0.014478
42280,-0.0352437,-0.742405,-0.346945
42281,-0.0134518,-0.0134518,-0.026188
42282,-0.00067259,-0.516415,-0.237424
42283,-0.702184,-10.2008,-5.25074
42284,0.530808,5.06837,2.62625
42285,0,-0.0134518,-0.0339847
42286,-0.157655,-2.02867,-0.991769
42287,-0.0134518,-0.0302666,-0.0672821
42288,0.0162767,0.0598605,0.0663364
42289,0.0269036,0.0269036,0.0250363
42290,0.0269036,0,0.0136001
42291,0.0322843,1.24012,0.43049
42292,-0.0134518,0,-0.00388584
42293,-0.000134518,-0.318404,-0.110449
42294,0.0375305,0.0390102,0.0353193
42295,-0.0941626,-0.107614,-0.150939
42296,0.0162767,0.0297285,0.0179215
42297,0,-0.0269036,-0.0205495
42298,0.168686,1.4236,0.767735
42299,-0.0161422,-0.014797,-0.0656865
42300,-0.106269,-1.06027,-0.598685
42301,-0.0286523,-0.0133173,-0.0517514
42302,0.0338986,0.585826,0.249212
42303,-0.0135863,-0.872215,-0.409564
42304,0.220475,2.25546,1.20948
42305,0.287465,2.43303,1.36947
42306,0.279259,3.26475,1.62381
42307,-0.0571702,0.426557,0.0444672
42308,-0.011434,-0.513859,-0.22479
42309,0.00538072,0.0122411,-0.000471682
42310,0.0100889,0.0369925,0.0496096
42311,0.313024,3.61168,1.58821
42312,-0.0172183,-1.14354,-0.412377
42313,-0.00995434,-0.000403554,-0.00585894
42314,-0.00659139,0.0376651,0.0187689
42315,-0.0134518,-0.0270381,-0.0508685
42316,0.00363199,0.0197742,0.0307164
42317,-0.0746575,-1.43437,-0.618701
42318,-0.0228681,0.00067259,0.00679598
42319,-0.063627,-1.51414,-0.758032
42320,-0.0991398,-0.725859,-0.288582
42321,0.00282488,0.0341676,0.0038689
42322,0.0302666,0.833608,0.355846
42323,-0.00349747,-0.0396828,-0.047133
42324,-0.00403554,-0.00403554,-0.0142357
42325,0.0134518,0.0269036,0.0145886
42326,0.204602,1.4006,0.669015
42327,-0.0200432,0.0102234,-0.0208258
42328,-0.0235407,-0.0805763,-0.0772558
42329,-0.257737,-2.71552,-1.25168
42330,-0.0134518,-0.0168148,-0.0274211
42331,-0.103982,-1.31438,-0.607301
42332,-0.0994088,-1.97513,-0.830869
42333,-0.260965,-3.77915,-2.00075
42334,0.0762717,0.552062,0.331479
42335,0.0269036,0.0538072,0.0524005
42336,-0.00309392,0.0103579,-0.00982241
42337,0,-0.0270381,-0.0208685
42338,-0.00457361,-0.406379,-0.196912
42339,-0.0173528,-0.0442564,-0.0585039
42340,-0.011434,0.412298,0.19744
42341,0.014797,0.0134518,0.00743879
42342,0.0130483,-0.420503,-0.199817
42343,-0.0359163,0.396828,0.152166
42344,-0.00336295,-0.00874367,-0.0317079
42345,0.0499062,0.655776,0.312431
42346,0.0102234,-0.030132,-0.0473679
42347,-0.0082056,0.00511169,-0.0144756
42348,-0.0351092,-0.57493,-0.248239
42349,-0.00336295,-0.0201777,-0.019332
42350,0.0345711,0.657928,0.316487
42351,-0.0211193,-0.67138,-0.345256
42352,-0.0464087,-0.478346,-0.279873
42353,-0.286523,-4.01886,-2.00522
42354,-0.0364544,-0.546547,-0.325085
42355,-0.0811144,-0.652144,-0.317706
42356,0.292711,1.78465,1.08234
42357,-0.181734,-2.72937,-1.50008
42358,-0.014797,-0.0115686,-0.00639391
42359,-0.0282488,-0.503905,-0.221867
42360,-0.289348,-5.49587,-2.68801
42361,0,-0.0664519,-0.0593162
42362,0,0,-0.00911326
42363,-0.070622,-0.682545,-0.378158
42364,0.000403554,0.000403554,-0.00860101
42365,-0.00269036,-0.0161422,-0.0377506
42366,-0.105462,-3.52545,-1.36508
42367,-0.267691,-4.31063,-2.27209
42368,-0.273341,-1.85985,-1.09502
42369,-0.111919,-1.13802,-0.598314
42370,0.194782,1.81882,0.954338
42371,0.104924,1.75613,0.830889
42372,-0.0121066,-0.563496,-0.272885
42373,0.0727743,0.590265,0.291122
42374,0.00538072,-0.00807108,-0.0245856
42375,0,0,-0.0145421
42376,-0.000941626,-0.000134518,-0.00992604
42377,-0.025962,-0.581791,-0.259796
42378,-0.052462,-1.1313,-0.529893
42379,0.482247,3.43774,2.04133
42380,-0.0879748,-0.868852,-0.605136
42381,0.0909342,0.773479,0.378043
42382,-0.0325534,-0.059457,-0.0603787
42383,-0.0100889,-0.00995434,-0.0375283
42384,-0.0392793,-1.832,-0.747059
42385,0.0843428,1.25613,0.589816
42386,0.0125102,-0.0143934,-0.0350161
42387,-0.0269036,-0.0367234,-0.0457831
42388,-0.177833,-2.52033,-1.1387
42389,-0.018429,-0.481037,-0.211746
42390,0.00242133,0.500676,0.200543
42391,0.0299975,0.0447945,0.0519284
42392,-0.0134518,0.0270381,0.00382873
42393,0.0271726,0.645552,0.24749
42394,0.0191016,0.0191016,0.0151329
42395,-0.000134518,-0.000134518,-0.0137517
42396,-0.0168148,-0.0304011,-0.0355579
42397,-0.115147,-2.24403,-1.00064
42398,-0.0468123,-0.0645687,-0.119367
42399,0.0313427,0.0583808,0.0403014
42400,0.0149315,0.0149315,0.00983976
42401,0.00336295,0.480768,0.200883
42402,0,-0.0126447,-0.0150924
42403,-0.268094,-2.86322,-1.61266
42404,-0.205678,-1.58624,-1.03053
42405,-0.112054,-1.50701,-0.872333
42406,-0.0203122,0.0122411,-0.0270642
42407,0.0269036,0.46624,0.282307
42408,-0.0137208,-0.479288,-0.296894
42409,0.0338986,0.475387,0.269501
42410,0.0274417,0.0408935,0.035052
42411,0.000269036,0.0273072,0.0358964
42412,0.0309392,0.0451981,0.0314209
42413,-0.283295,-2.55114,-1.34255
42414,0.0201777,0.00403554,-0.0507038
42415,-0.070622,-0.0980637,-0.128324
42416,0,0,-0.00911326
42417,0.0014797,0.0430458,0.0300757
42418,-0.157924,-2.78587,-1.37235
42419,-0.0185635,-0.513994,-0.210421
42420,-0.010896,-0.010896,-0.0401841
42421,-0.0437184,-0.0599951,-0.0799195
42422,-0.0823251,-1.79245,-0.929816
42423,0.0564976,0.123622,0.061363
42424,0,0.0402209,0.0289552
42425,0.160346,1.2646,0.732198
42426,0.222762,3.13494,1.54442
42427,-0.0174873,-0.0191016,-0.0320906
42428,0.129137,1.78425,0.796795
42429,-0.0365889,-0.576544,-0.165021
42430,-0.404765,-3.93479,-2.09869
42431,-0.0790966,-1.11932,-0.587449
42432,-0.0504443,-0.0638961,-0.0995625
42433,0.0437184,0.0839393,0.0976026
42434,0.499869,3.87358,2.17545
42435,-0.134518,-0.179313,-0.246751
42436,0.0174873,0.0317463,0.0230846
42437,0.0269036,0.0134518,0.00273411
42438,0.263521,2.1192,1.19001
42439,0.0329569,0.0628199,0.0787823
42440,0.0431803,0.449828,0.133684
42441,-0.0118376,-0.392389,-0.195871
42442,-0.0168148,-0.0437184,-0.0566804
42443,0.0302666,0.0703529,0.0827641
42444,-0.0294595,-0.0294595,-0.046507
42445,0.0266346,-0.596453,-0.143174
42446,0.164112,2.5206,1.26725
42447,-0.0468123,-0.0977946,-0.143133
42448,0.000538072,-0.0340331,-0.0680578
42449,-0.0134518,-0.0941626,-0.0745164
42450,-0.330376,-3.59352,-1.68597
42451,0.052462,0.14649,0.119786
42452,-0.0733123,-0.53027,-0.286175
42453,0.0532692,1.16466,0.442037
42454,0.0652413,1.62162,0.704636
42455,0.00941626,-0.0173528,-0.0249773
42456,-0.097122,-1.15793,-0.513968
42457,0.029594,0.665057,0.243905
42458,0.0329569,0.0511169,0.0567939
42459,-0.173125,-3.12835,-1.52268
42460,-0.0322843,-0.0182945,-0.01003
42461,-0.123757,-1.68766,-0.829551
42462,-0.011434,0.432745,0.139034
42463,0.00417006,-1.46006,-0.591728
42464,0,-0.00793657,-0.0111758
42465,-0.0476194,0.391179,0.0556424
42466,0.00807108,0.00807108,0.00227217
42467,0.0201777,0.100889,0.118709
42468,0.529194,6.60497,3.23266
42469,0.0122411,0.501349,0.129518
42470,0.0867642,0.696669,0.476132
42471,0.0134518,0.0403554,0.052621
42472,0,0.0269036,0.0195632
42473,-0.0867642,-1.33536,-0.814933
42474,0,-0.0134518,0.0202499
42475,0.0141244,0.532826,0.162577
42476,0.0934901,0.79823,0.566325
42477,-0.0212539,-0.0347057,-0.0424657
42478,-0.101696,-1.32621,-0.873365
42479,-0.0585154,-0.0885129,-0.0649582
42480,-0.0104924,0.0644342,0.0441811
42481,0.0347057,1.17179,0.549968
42482,0,0,-0.00911326
42483,0.0454671,0.0174873,-0.0251457
42484,0.0944317,0.541166,0.364353
42485,-0.0126447,0.570491,0.16956
42486,0.0121066,0.0513859,0.0368963
42487,-0.00134518,-0.022599,-0.0359977
42488,-0.112323,-2.17354,-1.03228
42489,-0.0460052,0.352168,0.0809684
42490,0.085419,0.674743,0.377134
42491,-0.0813834,-1.07641,-0.540485
42492,0.29298,2.31721,1.31985
42493,-0.0235407,-0.0902616,-0.150754
42494,-0.0583808,-0.68658,-0.366105
42495,0.0273072,0.0692768,0.0576294
42496,0.0306701,0.0391448,0.066019
42497,0.0430458,0.415795,0.162641
42498,0.557577,4.06245,2.50351
42499,-0.0357818,-0.0341676,-0.0845599
42500,0.0807108,0.108287,0.122333
42501,-0.275224,-3.09782,-1.84949
42502,-0.0121066,-0.0255584,-0.0467828
42503,-0.35728,-1.95414,-1.15171
42504,0.000269036,0.015066,0.0343132
42505,-0.0156041,0.446869,0.138285
42506,-0.128599,-1.75977,-0.963971
42507,0.0760027,1.56162,0.71508
42508,-0.0948352,-1.57265,-0.783839
42509,-0.0364544,-0.606004,-0.288812
42510,-0.00269036,0.0107614,-0.00860681
42511,-0.158059,-2.71121,-1.2628
42512,0.011434,0.0924139,0.016116
42513,0.0168148,-0.0509823,0.000969327
42514,-0.180523,-1.74335,-0.845177
42515,0.0807108,0.635194,0.348989
42516,-0.0477539,-1.14192,-0.483927
42517,0.459917,5.50192,2.58843
42518,0.0912032,1.61085,0.747183
42519,0.0195051,0.00941626,0.0128976
42520,0.0464087,0.476732,0.198219
42521,0.067259,0.0807108,0.0985629
42522,0,-0.00067259,-0.00359256
42523,0.0504443,-0.35311,-0.11742
42524,-0.16882,-0.210521,-0.275038
42525,0.022599,-0.416871,-0.157735
42526,-0.0847464,-0.125371,-0.182671
42527,-0.00269036,-0.0195051,-0.01996
42528,0.00269036,0.0430458,0.0398515
42529,0.0564976,1.5822,0.711596
42530,-0.0625509,-1.12793,-0.533738
42531,0.0699494,0.523006,0.296827
42532,-0.0566321,-0.502963,-0.280698
42533,-0.121335,-1.61032,-0.797819
42534,0.00269036,0.00336295,-0.0054452
42535,-0.00551524,-0.0255584,-0.036213
42536,0.00860916,-0.0414316,-0.0105505
42537,0,-0.0411625,-0.0426802
42538,0.0219264,-0.0508478,-0.0689675
42539,0.0571702,0.0624164,0.0721524
42540,0.0255584,1.08179,0.513116
42541,0.270919,2.71646,1.38645
42542,-0.0129137,-0.135998,-0.180119
42543,0.0188325,0.482113,0.229548
42544,0.0505788,0.0102234,0.0511348
42545,-0.0269036,-0.0269036,-0.0432628
42546,-0.0196396,-0.718865,-0.316887
42547,-0.0174873,-0.000941626,-0.0266255
42548,-0.00564976,-0.399519,-0.227609
42549,0.085419,0.829169,0.412808
42550,-0.112323,-0.212,-0.207924
42551,0.00605331,0.033764,0.0104043
42552,0.0134518,0.0129137,0.00775905
42553,-0.0673935,-0.789083,-0.399646
42554,0.169089,1.88971,0.940074
42555,-0.181196,-3.01737,-1.43818
42556,-0.0275762,-0.0290559,-0.0276053
42557,-0.0188325,-0.0146625,-0.0420322
42558,0.030132,0.0840738,0.0710321
42559,0.00417006,-0.0548834,-0.0526814
42560,-0.0587844,-0.499062,-0.347189
42561,0.149719,0.657793,0.456976
42562,-0.0134518,-0.0134518,-0.0259353
42563,-0.0274417,-0.126178,-0.129016
42564,0.0419696,0.082056,0.0667428
42565,-0.0823251,-1.12296,-0.545583
42566,-0.0269036,-0.0269036,-0.058938
42567,-0.0348402,-0.442968,-0.180972
42568,0.0119721,0.987901,0.333965
42569,0.0174873,0.070622,0.0693265
42570,-0.0204467,-0.605869,-0.249711
42571,-0.0321498,-0.464894,-0.186272
42572,-0.0133173,-0.0851499,-0.107997
42573,-0.0282488,-0.525428,-0.193558
42574,0.0141244,0.494757,0.172091
42575,-0.0721017,-1.57238,-0.634474
42576,-0.33347,-4.3374,-2.16083
42577,0,0.0941626,-0.00259964
42578,0.0134518,-0.0129137,-0.0155155
42579,-0.052193,-0.530539,-0.318187
42580,-0.0100889,0.026231,0.00532454
42581,0.0356473,0.0343021,0.055959
42582,-0.0211193,-0.0185635,-0.0479703
42583,0.827555,5.51228,3.46956
42584,-0.199759,-2.42805,-1.51836
42585,0.0499062,0.794598,0.472475
42586,-0.240249,-1.98253,-1.13874
42587,0.0239442,0.0121066,0.0157008
42588,-0.0157386,-0.0710255,-0.0871727
42589,-0.0230026,-0.407321,-0.1937
42590,0.055825,-0.472831,-0.115762
42591,0.0834012,2.03203,0.938096
42592,-0.165054,-2.20637,-1.16542
42593,-0.149181,-1.96517,-1.09703
42594,0.102637,0.128196,0.159296
42595,-0.116089,-0.57372,-0.395914
42596,-0.182137,-2.30577,-1.27145
42597,0.0827286,0.238501,0.312944
42598,0.085419,1.27133,0.580747
42599,-0.105597,-0.89737,-0.502303
42600,-0.0497717,-0.535785,-0.317079
42601,0.0166802,-0.0235407,-0.0379677
42602,-0.221417,-2.56997,-1.18796
42603,0.0275762,0.570626,0.296831
42604,0.0402209,0.703799,0.270406
42605,-0.341541,-2.4033,-1.55779
42606,-0.0564976,-0.591745,-0.339095
42607,0.0414316,0.0368579,0.0387894
42608,0.0164112,-0.696938,-0.25237
42609,0.00699494,0.754512,0.283648
42610,0.00591879,1.36724,0.524292
42611,-0.0321498,-1.40854,-0.598669
42612,-0.182137,-2.35958,-1.21928
42613,-0.707027,-8.2204,-4.55202
42614,0.025962,0.0273072,0.00917964
42615,-0.141378,-1.06444,-0.590804
42616,-0.0614748,-0.0177564,-0.073622
42617,-0.10896,-1.19035,-0.629575
42618,0.232582,0.548296,0.501047
42619,-0.0618783,-0.791101,-0.408113
42620,-0.0177564,-0.0336295,0.026542
42621,0.146087,2.07292,0.893348
42622,-0.0293249,-0.74523,-0.268009
42623,-0.00955078,-0.0499062,-0.0708484
42624,0.0860916,0.892931,0.429781
42625,0.244957,3.36188,1.59705
42626,0.16613,1.54467,0.761078
42627,0.153485,4.5872,1.83719
42628,-0.122008,-3.12862,-1.28355
42629,-0.155368,-0.837509,-0.467928
42630,0.0877058,-1.4688,-0.438718
42631,-0.20783,0.252625,-0.264702
42632,0.169627,2.48428,1.20493
42633,0.154965,2.73583,1.09114
42634,-0.00134518,-0.000134518,-0.00554226
42635,-0.0987363,-1.39805,-0.657317
42636,-0.063627,-0.80657,-0.410967
42637,0.0138554,0.0454671,0.0386101
42638,-0.684562,-7.70089,-3.70484
42639,0.162498,1.82191,0.847101
42640,-0.0652413,-1.28236,-0.556493
42641,-0.0134518,-0.0168148,-0.0268351
42642,0.0640306,1.86913,0.703717
42643,0.0289214,0.0154696,0.0236761
42644,0.00336295,-0.0235407,-0.00242346
42645,0.0793657,2.04925,0.838588
42646,0.0480229,1.30859,0.545955
42647,0.00188325,-0.463146,-0.0175007
42648,-0.0269036,0.591879,0.217235
42649,-0.334815,-3.72454,-1.95613
42650,0,0.0143934,-0.00408293
42651,0.11165,1.37666,0.606541
42652,-0.00847464,-0.62376,-0.254277
42653,0,0.0134518,-0.00405129
42654,-0.00766753,1.17004,0.393469
42655,-0.0595915,-0.708641,-0.347605
42656,0.0134518,0.655641,0.250094
42657,-0.126716,-3.41797,-1.43262
42658,-0.149584,-1.30294,-0.733011
42659,-0.101158,-1.24631,-0.554324
42660,-0.135325,-0.0995434,-0.15062
42661,0.185769,0.655237,0.38893
42662,-0.0135863,0.0134518,-0.0362357
42663,0,0,-0.00911326
42664,-0.455075,-5.05842,-2.42749
42665,-0.119721,-2.90828,-1.58974
42666,0.0248858,1.90585,0.784112
42667,-0.0313427,-0.0852845,-0.0792941
42668,-0.063358,-1.00646,-0.415413
42669,0.0774824,0.655372,0.350686
42670,-0.0161422,-0.556636,-0.266511
42671,-0.0185635,-0.0638961,-0.0543657
42672,0.112188,1.09323,0.519022
42673,0.0029594,0.029863,0.0201643
42674,-0.00269036,-0.00269036,-0.0273156
42675,0.113264,1.22909,0.618241
42676,0.0621473,0.534709,0.313623
42677,0.48857,5.61196,2.8034
42678,-0.0746575,-0.866431,-0.45968
42679,0,-0.0134518,-0.0314155
42681,0.206754,1.78384,0.991211
42682,0.000269036,-0.0168148,-0.0118687
42683,0.0118376,-0.245361,-0.155792
42684,0.123757,2.09162,0.965997
42685,-0.0847464,-1.98401,-0.74978
42686,0.0714291,1.33428,0.522295
42687,-0.151064,-2.5658,-1.24368
42688,-0.00766753,0.492336,0.186135
42689,0.0100889,0.0369925,0.0180875
42690,0.0735814,1.29245,0.453957
42691,0.164919,5.92606,1.86349
42692,-0.0743885,-1.93773,-0.533841
42693,-0.0850154,-1.36348,-0.496108
42694,-0.0578428,-0.11165,-0.124213
42695,-0.0552869,-3.85098,-1.25867
42696,0.0235407,0.0450636,0.0535936
42697,0.142455,3.91044,1.39912
42698,0.0134518,0.0121066,0.00573131
42699,0.0499062,1.39267,0.534098
42700,0.11017,0.651336,0.279642
42701,0.00269036,1.86092,0.442319
42702,0.0403554,0.730568,0.297005
42703,0.0538072,0.0955078,0.0960147
42704,0.0564976,1.57857,0.419024
42705,0.0863606,0.861588,0.343861
42706,0.0193706,1.4723,0.518468
42707,0.10062,0.615689,0.278502
42708,-0.0201777,-0.0243478,-0.0533437
42709,0.0329569,0.819619,0.311441
42710,0.055556,1.46894,0.608558
42711,0.0138554,0.0236752,0.019407
42712,-0.0134518,-0.0134518,-0.026188
42713,0.10331,1.45683,0.836996
42714,-0.0578428,-0.911091,-0.364406
42715,0.100889,0.952388,0.361421
42716,0.382838,2.31532,1.2182
42717,0.0143934,0.00618783,-0.00892295
42718,0,0.0134518,-0.00674745
42719,-0.139764,-1.23367,-0.649762
42720,0.0450636,0.107883,0.11811
42721,-0.233927,-3.05975,-1.359
42722,0.0509823,1.67166,0.536844
42723,0.142051,1.30402,0.65455
42724,0.0263655,-0.0106269,-0.0210498
42725,-0.0269036,-0.0267691,-0.0431991
42726,-0.0168148,-0.0168148,-0.0488375
42727,0.0134518,0,-0.0143407
42728,-0.133711,-2.06593,-0.881691
42729,0,0.0134518,0.0131889
42730,0.00067259,0.0141244,-0.00163248
42731,0.0770789,1.92119,0.715062
42732,0,-0.067259,-0.0730933
42733,0,0.000134518,-0.00904952
42734,-0.0117031,-0.011165,-0.0237792
42735,0,-0.0275762,-0.0381232
42736,-0.044929,-1.0331,-0.39793
42737,-0.210252,-4.05101,-1.79286
42738,0.0714291,0.0269036,0.0616403
42739,-0.0200432,-0.0160076,-0.0165012
42740,0.0891855,1.34464,0.604417
42741,0.0683352,0.481978,0.290579
42742,0.0390102,2.06283,0.612085
42743,0.0528656,0.0704875,0.0709505
42744,-0.0683352,-0.0952388,-0.12453
42745,0.0493681,0.0753301,0.0763506
42746,0.025693,0.025693,0.0264756
42747,0.0920104,1.13251,0.567739
42748,0,0.000134518,-0.00904699
42749,0.116089,1.25815,0.583373
42750,0.0511169,1.03417,0.31647
42751,0,0.0538072,0.00264688
42752,-0.0134518,0.000538072,-0.0219656
42753,-0.0726398,-1.11031,-0.469744
42754,0.0161422,-0.00726398,-0.0125358
42755,0.0912032,0.596319,0.498938
42756,0.125102,1.34128,0.623452
42757,0.00121066,0.00121066,-0.0132582
42758,-0.0347057,-0.38943,-0.231909
42759,0.0309392,0.00753301,0.0667094
42760,0.0318808,1.0943,0.439434
42761,0.0610712,1.22344,0.496457
42762,-0.0243478,-0.0546143,-0.0683631
42763,0.00605331,0.0606676,0.0748371
42764,0.0692768,0.449156,0.189516
42765,0.145952,2.21094,0.97786
42766,-0.0403554,-0.0807108,-0.109979
42767,-0.0289214,-0.0907997,-0.121105
42768,-0.00269036,-0.0165457,-0.0157755
42769,0.0134518,0.0134518,0.0411297
42770,0.0107614,0.06699,0.0270038
42771,0.0647032,1.09847,0.393031
42772,-0.0255584,-0.797827,-0.291257
42773,0,-0.0403554,-0.0229791
42774,-0.0656448,-0.253432,-0.120959
42775,-0.0495026,-0.599547,-0.488611
42776,0.0328224,0.0462742,0.0389235
42777,-0.0134518,-0.0260965,-0.0299119
42778,-0.04466,-0.044929,-0.0662476
42779,-0.00134518,-0.014797,-0.017195
42780,0.0143934,-0.731913,-0.209764
42781,0.728953,7.30662,3.5617
42782,-0.0134518,0.044929,0.0119031
42783,-0.0168148,-0.0605331,-0.0667406
42784,0.0376651,0.00336295,0.0100185
42785,0.0164112,0.0289214,0.0301789
42786,0.0134518,0.0278452,0.0305075
42787,-0.0275762,0.0531346,-0.0276572
42788,-0.00403554,-0.0847464,-0.0835304
42789,0.0336295,0.100889,0.112169
42790,-0.0067259,-0.0329569,-0.0454648
42791,-0.0632235,-0.063089,-0.0535192
42792,-0.0571702,-0.76608,-0.284355
42793,-0.00914723,0.0177564,0.00820513
42794,-0.100081,-1.13251,-0.561999
42795,0.00403554,0.00484265,-0.0408779
42796,0.0400864,0.741195,0.258874
42797,0.0107614,0.30132,0.163287
42798,0.00914723,-1.03498,-0.425047
42799,-0.0181599,-0.00228681,-0.00943784
42800,-0.0139899,-0.0481575,-0.0631985
42801,-0.173125,-2.28331,-0.896796
42802,0.0796347,1.03054,0.376347
42803,-0.0403554,-0.0431803,-0.0637763
42804,0.0134518,0.943375,0.286365
42805,-0.107614,-1.28478,-0.650222
42806,0.124429,1.45992,0.656491
42807,-0.0439874,-0.102503,-0.123944
42808,-0.191688,-2.55463,-1.04836
42809,-0.0133173,-0.933555,-0.245456
42810,-0.018698,-0.269305,-0.10649
42811,-0.14528,-2.51589,-1.34035
42812,0.0987363,2.15928,0.968085
42813,0.133711,1.67004,0.743885
42814,-0.00201777,0.747651,0.193644
42815,0.11313,1.62336,0.604063
42816,-0.0733123,-0.893873,-0.422191
42817,0.0160076,-1.04924,-0.304386
42818,0.155637,2.47513,1.074
42819,0.0793657,0.717116,0.305098
42820,-0.044391,-0.0573047,-0.0873874
42821,0.0704875,0.16734,0.187111
42822,-0.0400864,-0.0665864,-0.107459
42823,-0.0758682,-1.17569,-0.617467
42824,0.0625509,0.473235,0.31776
42825,-0.0161422,-0.00605331,-0.00810553
42826,-0.00538072,-0.00538072,-0.0159432
42827,0.00269036,0.0029594,-0.00557082
42828,0.0785585,0.808723,0.40109
42829,-0.0391448,0.0125102,-0.0769476
42830,-0.0134518,-0.0134518,-0.026188
42831,-0.00605331,-0.00336295,-0.0160865
42832,-0.0542108,-0.218323,-0.134815
42833,0.0130483,-0.000538072,0.005645
42834,-0.0161422,-0.690616,-0.264972
42835,-0.067259,-0.499331,-0.315026
42836,0.0551524,0.501483,0.288613
42837,0.0134518,0.0131828,0.00782899
42838,-0.0531346,-0.0807108,-0.0898913
42839,-0.0107614,-0.0107614,-0.0227731
42840,0.0999469,0.802266,0.38226
42841,0.0318808,0.0445255,0.0373307
42842,-0.219937,-2.54643,-1.37229
42843,-0.070622,-1.32917,-0.58442
42844,-0.0322843,-0.0497717,-0.0349111
42845,0.0566321,0.38647,0.304738
42846,0.0700839,0.989246,0.362436
42847,-0.0984672,-2.31129,-0.983082
42848,0.0464087,0.843563,0.248624
42849,-0.00255584,0.037127,0.049034
42850,0.170165,1.43316,0.711885
42851,-0.0269036,-0.12295,-0.172
42852,-0.182945,-2.63844,-1.17858
42853,-0.0902616,-1.40719,-0.634119
42854,0.0161422,0.00887819,0.0191429
42855,0,-0.0104924,-0.00515217
42856,0.0542108,0.520181,0.225387
42857,-0.0438529,-1.36267,-0.582453
42858,-0.00928175,-0.0106269,-0.0678564
42859,0.0694113,0.838182,0.359006
42860,-0.123353,-1.54776,-0.8012
42861,-0.00457361,-0.00793657,-0.0289445
42862,0.0134518,0.000269036,0.00768684
42863,0.149719,1.51669,0.759932
42864,-0.026231,-0.800113,-0.329441
42865,0.00686042,0.0364544,0.0299098
42866,0,-0.0134518,-0.0126655
42867,-0.104924,-1.91567,-0.816561
42868,-0.0566321,-0.134115,-0.161955
42869,0.0131828,0.010896,0.0067282
42870,0.0200432,0.0177564,0.022714
42871,-0.00269036,-0.0153351,-0.0298981
42872,0.0215229,0.00753301,-0.0200517
42873,0.1968,1.51292,0.745534
42874,0.0134518,0.0390102,0.0330955
42875,-0.0309392,-0.0578428,-0.0773145
42876,0.0110305,0.00793657,0.00643861
42877,-0.117434,-1.4836,-0.696402
42878,0.029594,0.0805763,0.05612
42879,-0.0281143,-0.826748,-0.31581
42880,-0.00403554,-0.427633,-0.142805
42881,-0.010896,-0.0652413,-0.0767505
42882,0.014797,0.014797,0.00966901
42883,-0.258275,-2.32514,-1.17493
42884,0.110305,0.879479,0.384052
42885,-0.00269036,-0.0227336,-0.039393
42886,0.000403554,0.0137208,-0.00223537
42887,-0.0299975,-1.24214,-0.475143
42888,-0.0652413,-0.154292,-0.214468
42889,-0.496372,-4.51981,-2.59799
42890,-0.0152005,0.821098,0.2028
42891,-0.00336295,-0.732854,-0.230769
42892,0.0340331,0.735276,0.267764
42893,0.029594,0.0472158,0.0512555
42894,0.00336295,0.00336295,-0.00484456
42895,0.00403554,-0.748459,-0.309764
42896,0.0170838,0.752763,0.279387
42897,-0.0379341,-1.16694,-0.520583
42898,-0.0622819,-0.150257,-0.174266
42899,0.0211193,0.0476194,0.0457016
42900,-0.0457361,-0.0917413,-0.125195
42901,0.0103579,0.0130483,-0.00743315
42902,0.0126447,0.00255584,0.00136749
42903,0.0737159,1.21281,0.584674
42904,0,-0.0134518,-0.0123322
42905,0.0231371,-0.61838,-0.167118
42906,-0.0168148,-0.0586499,-0.0630811
42907,-0.0170838,-0.497044,-0.343812
42908,-0.0983327,-0.773882,-0.400937
42909,-0.0671245,-0.0735814,-0.0934231
42910,0.26944,2.25775,1.21676
42911,-0.0014797,-0.105597,-0.125329
42912,0.00403554,0.0309392,0.00618849
42913,0.0134518,-0.0130483,-0.00509373
42914,0.197069,1.28303,0.794188
42915,-0.00134518,-0.014797,-0.0331229
42916,-0.0870332,-1.8242,-0.805544
42917,-0.224107,-2.13736,-1.06523
42918,0.0250204,-0.0029594,0.0118908
42919,0.0164112,0.586768,0.257824
42920,0.02233,0.0532692,0.0298332
42921,-0.0134518,0.893738,0.296688
42922,0.0134518,0.0205813,0.0114093
42923,0.0273072,0.0575737,0.0537175
42924,-0.0201777,-0.0336295,-0.0413525
42925,0.252087,2.31559,1.09488
42926,-0.176488,-1.77389,-0.860273
42927,0.0551524,0.0523275,0.100628
42928,-0.120663,-1.48468,-0.696623
42929,0.00067259,-0.000269036,0.0174293
42930,-0.000134518,-0.000134518,-0.00928401
42931,0,0.0134518,-0.00273897
42932,0.014797,-0.0928175,-0.0423363
42933,-0.289617,-6.23787,-2.29201
42934,-0.0361854,-1.95576,-0.782812
42935,-0.0141244,-0.0431803,-0.0720271
42936,0.278587,3.74942,1.69259
42937,0.0582463,1.6574,0.46833
42938,-0.0554214,-2.04373,-0.652702
42939,0.0181599,0.0476194,0.0593093
42940,0.0181599,0.38647,0.159087
42941,-0.00161422,-0.00161422,-0.0102256
42942,0.00161422,-0.0118376,-0.0134386
42943,0.0464087,0.0614748,0.0569643
42944,-0.0430458,-0.0430458,-0.0637526
42945,0.0207158,0.0328224,0.0550199
42946,0.0203122,1.24254,0.251687
42947,-0.0231371,-1.62431,-0.448828
42948,0.0960459,2.09055,0.717626
42949,0.067259,2.07857,0.627381
42950,-0.132635,-2.59539,-1.01325
42951,-0.00336295,0.0134518,-0.00602732
42952,-0.0793657,-1.67502,-0.520243
42953,0.0168148,0.0704875,0.0855025
42954,0.0181599,0.0316117,0.020312
42955,0.044391,1.93545,0.539266
42956,0.0431803,0.0480229,0.0328701
42957,-0.0270381,-0.0438529,-0.0346847
42958,0.0417006,1.20811,0.237979
42959,0.000134518,-0.0133173,0.000611126
42960,-0.0648377,-1.58866,-0.459197
42961,-0.0423732,-1.69304,-0.565814
42962,0.014797,0.0316117,0.0327759
42963,0,0.0134518,-0.00248622
42964,-0.113264,-3.31775,-1.24606
42965,-0.12147,-2.95751,-1.13411
42966,-0.0963149,-0.115955,-0.168821
42967,-0.00188325,-0.483727,-0.253237
42968,-0.051924,-3.03029,-1.30727
42969,-0.807781,-3.37627,-3.154
42970,0.100754,1.59444,0.779641
42971,-0.0878403,-1.23084,-0.701882
42972,-0.0387412,-0.43261,-0.210847
42973,-0.00564976,-0.00887819,-0.0164345
42974,-0.108556,-2.0058,-0.886591
42975,0.278452,2.77618,1.38349
42976,0.0347057,-0.578024,-0.284732
42977,0.124429,0.161422,0.177993
42978,0.00470813,0.601565,0.258227
42979,-0.141917,-0.809799,-0.581669
42980,0.0755992,0.0905307,0.0939503
42981,0.0316117,0.580714,0.340253
42982,0.244688,3.59742,1.64822
42983,-0.160749,-2.53715,-1.09901
42984,0.0734469,1.05287,0.374214
42985,-0.00269036,-0.00269036,-0.0125282
42986,-0.0624164,-0.669496,-0.243993
42987,-0.00941626,-0.350554,-0.114789
42988,-0.126581,-1.14636,-0.623685
42989,-0.0438529,-0.663578,-0.340453
42990,-0.0909342,-0.957231,-0.487886
42991,-0.00269036,0.0107614,-0.00615393
42992,-0.0211193,-0.0211193,-0.0515958
42993,-0.0096853,-0.323247,-0.140146
42994,0.0102234,-0.0469468,-0.0684482
42995,-0.0723707,-0.92952,-0.417784
42996,0.00121066,-0.0423732,-0.0076708
42997,0.0984672,0.102503,0.105044
42998,-0.0100889,-0.0201777,-0.0433335
42999,-0.0434493,-0.882842,-0.414177
43000,0.176757,1.62969,0.952511
43001,0.0564976,0.944182,0.357525
43002,-0.0834012,-1.74349,-0.901142
43003,-0.0234061,-0.00995434,-0.0163178
43004,-0.022599,-0.908804,-0.456283
43005,-0.142186,-0.484265,-0.362283
43006,-0.128061,-0.924946,-0.752875
43007,0.00336295,0.0110305,-0.00312191
43008,-0.287734,-1.71551,-0.962535
43009,0.0765408,0.127658,0.15549
43010,-0.00134518,0.0121066,0.0114815
43011,-0.174066,-1.42468,-0.898736
43012,0.21765,1.66211,0.985498
43013,0.00995434,0.0336295,0.0471968
43014,0.195589,2.42576,1.1073
43015,0.0369925,0.0585154,0.0646669
43016,-0.233254,-2.27268,-1.27418
43017,0.0874367,0.63775,0.331887
43018,0.430861,3.68539,2.16373
43019,0.0221955,0.0221955,0.0190601
43020,0.0134518,0.011165,0.00735764
43021,0.00067259,0.237155,0.0407469
43022,0.0396828,0.768905,0.357583
43023,-0.0727743,-0.799306,-0.42291
43024,0.0907997,0.801593,0.45008
43025,0.0696804,1.80967,0.715979
43026,0.00659139,0.0208503,0.0218593
43027,-0.00659139,0.0195051,-0.00634737
43028,0.00376651,-0.0379341,-0.0713254
43029,-0.00349747,-0.0029594,-0.0133958
43030,-0.0995434,-1.08637,-0.542747
43031,-0.0976601,-1.6952,-0.792842
43032,-0.0242133,-0.0107614,-0.0177984
43033,-0.0112995,-0.326475,-0.142245
43034,-0.018698,-0.0321498,-0.0392215
43035,-0.00161422,-0.0285178,-0.0400915
43036,0.0587844,1.03834,0.4262
43037,0,0.00067259,-0.00886016
43038,0.379341,3.18646,1.52896
43039,0.0172183,0.96288,0.336776
43040,0.0188325,0.353513,0.126701
43041,0.235541,1.80093,0.913815
43042,-0.0168148,-0.00793657,-0.0108227
43043,0.0567666,0.948352,0.373072
43044,0.195186,2.25762,1.01974
43045,0.0712946,0.125909,0.114725
43046,0.162767,0.990726,0.514791
43047,-0.429785,-5.09406,-2.56504
43048,-0.0390102,-1.09457,-0.499042
43049,-0.125909,-2.09377,-1.06563
43050,0.0309392,-0.00134518,0.00434943
43051,0.0379341,0.0372615,0.0394083
43052,-0.0754646,-0.0905307,-0.132198
43053,0.0517895,0.636674,0.229
43054,0.0134518,0.0299975,0.0335543
43055,-0.0302666,-0.0438529,-0.0695904
43056,0.0181599,-0.797827,-0.187007
43057,0.0400864,1.13641,0.397106
43058,0.188056,1.29971,0.680733
43059,-0.0258275,-0.056094,-0.0715537
43060,-0.163843,-2.00459,-0.972158
43061,-0.161422,-1.73555,-0.870673
43062,0.120932,0.661425,0.445848
43063,-0.0363199,-0.0396828,-0.0561955
43064,-0.0873022,-0.532692,-0.326925
43065,0.214153,1.31465,0.763467
43066,0.176219,3.8604,1.65111
43067,-0.0881093,-0.116358,-0.149859
43068,-0.014797,-0.460724,-0.231461
43069,-0.203391,-2.82474,-1.34895
43070,0.0795002,1.1126,0.521668
43071,0.0185635,0.0219264,0.0154303
43072,0.0188325,0.022061,0.020144
43073,0.00161422,0.485879,0.143712
43074,-0.00874367,-0.0221955,-0.0268389
43075,0.00134518,0.0419696,0.0437004
43076,-0.0134518,-0.0538072,-0.0614916
43077,0.0305356,0.0439874,0.0519487
43078,0.143531,1.59175,0.78416
43079,-0.00161422,-0.0158731,-0.0179341
43080,0.0897235,0.708776,0.317733
43081,0.00766753,0.00766753,-7.63639e-06
43082,-0.00699494,-0.0204467,-0.0243664
43083,-0.0134518,0,-0.00729394
43084,-0.00376651,-0.0154696,-0.0545302
43085,0,0.0236752,0.0345771
43086,-0.137746,-1.13143,-0.55645
43087,0.0134518,0.0200432,0.0204571
43088,0.0372615,0.08932,0.0926933
43089,0.00834012,0.00834012,0.00147311
43090,0.154023,1.19331,0.605674
43091,0.191554,1.58328,0.826401
43092,-0.0408935,-0.123219,-0.152684
43093,-0.00470813,-0.02233,-0.0387696
43094,0.0571702,0.0739849,0.0867371
43095,-0.229622,-2.52531,-1.25446
43096,0.135594,1.12484,0.577538
43097,0.0252894,0.863875,0.380377
43098,0.0143934,0.00067259,-0.0132729
43099,-0.0377996,-0.0382031,-0.0577625
43100,-0.172587,-2.02961,-1.03751
43101,-0.0466778,-1.04964,-0.419804
43102,-0.00242133,0.399519,0.167857
43103,-0.0246168,-0.0515204,-0.0849645
43104,-0.180254,-3.67275,-1.68974
43105,0.0372615,0.510092,0.294967
43106,0.0134518,0.0134518,-0.0219071
43107,0.0240787,-0.00134518,0.0105649
43108,0.0920104,0.694382,0.342858
43109,0.0618783,1.44096,0.640229
43110,-0.0538072,-0.0538072,-0.0774124
43111,-0.00349747,-0.0573047,-0.102762
43112,0.0571702,0.0714291,0.0702265
43113,0.0121066,0.0121066,0.00625405
43115,0,-0.000403554,-0.00930449
43116,-0.0959114,-0.55408,-0.361047
43117,0.297688,3.29287,1.53994
43118,0,-0.0133173,-0.0313517
43119,-0.199625,-1.73004,-0.803192
43120,-0.00201777,-0.00201777,-0.0116745
43121,-0.00739849,0.967588,0.343104
43122,0.0430458,0.0430458,0.0455261
43123,0.133038,1.66305,0.823611
43124,-0.00807108,-0.0181599,-0.0363375
43125,-0.0353783,-0.0622819,-0.0826964
43126,0.000807108,0.0411625,0.00256806
43127,0.00497717,0.0320153,0.0263183
43128,0.257199,2.22439,1.11817
43129,-0.0321498,-0.08932,-0.0859031
43130,0.0948352,1.45239,0.613392
43131,-0.0632235,-0.592283,-0.307137
43132,-0.0349747,-0.478212,-0.243076
43133,0.0347057,0.612057,0.339878
43134,0.00834012,0.0177564,0.00543041
43135,-0.0067259,-0.0536727,-0.0750267
43136,0.122008,0.654699,0.445847
43137,0.588113,6.08008,3.09128
43138,-0.0201777,-0.0924139,-0.0999437
43139,0.00255584,0.00376651,-0.00572715
43140,0,0.39925,0.158193
43141,0.779263,8.44975,4.00225
43142,-0.221955,-1.29178,-0.787796
43143,0.0161422,0.0439874,0.0565992
43144,-0.102099,-1.31666,-0.635371
43145,0,0.0531346,0.0268826
43146,0.0578428,1.20824,0.496828
43147,-0.154427,-2.42872,-1.0383
43148,0.00309392,0.00269036,-0.00536212
43149,-0.102368,-1.17394,-0.54763
43150,0.103444,0.687387,0.361526
43151,-0.0305356,-0.0344366,-0.0542436
43152,-0.00349747,-0.0169493,-0.0144172
43153,-0.00686042,-0.580984,-0.262365
43154,0.000269036,0.0267691,0.0192358
43155,0.0082056,0.0174873,0.00317533
43156,0,0.0142589,-0.00374757
43157,-0.0106269,0.0170838,0.00672452
43158,-0.00215229,-0.00282488,-0.0119895
43159,-0.000134518,-0.0404899,-0.0448403
43160,0.00363199,0.525293,0.165941
43161,0,0.0538072,0.0171421
43162,0.00067259,-0.0531346,-0.0252906
43163,0.00336295,0.00336295,-0.00484456
43164,0.0661829,0.106673,0.14318
43165,0.0235407,0.554214,0.191289
43166,0.0067259,-0.0067259,-0.0072029
43167,-0.0096853,0.0285178,0.028764
43168,-0.00161422,-0.00161422,-0.0111622
43169,-0.0738504,-1.20138,-0.477383
43170,0,0,-0.00911326
43171,0.0613402,0.0840738,0.0914511
43172,0.0468123,0.0737159,0.143159
43173,-0.0534037,-0.117031,-0.15733
43174,0.00067259,-1.01817,-0.272249
43175,0.0458707,0.666941,0.297233
43176,0.0029594,-0.0104924,-0.0117311
43177,0.0376651,0.586768,0.251389
43178,-0.0696804,-1.13466,-0.473121
43179,-0.0760027,-0.631024,-0.329839
43180,0.0287869,0.0458707,0.0521673
43181,-0.0734469,-1.20111,-0.560484
43182,0.0468123,0.621877,0.289652
43183,0.0302666,0.568204,0.199532
43184,0.0722362,1.16789,0.545469
43185,0.143934,0.668689,0.381657
43186,-0.0860916,-0.0700839,-0.114334
43187,0,0,-0.00911326
43188,-0.00914723,-0.0360508,-0.0494006
43189,-0.129406,-1.26555,-0.685815
43190,0.0382031,0.123891,0.143018
43191,-0.00067259,0.0228681,0.0336571
43192,-0.00255584,-0.0456016,-0.06398
43193,0,-0.0126447,-0.0152944
43194,0,-0.0134518,-0.0314155
43195,0.070891,1.24416,0.63815
43196,0.0137208,-0.0131828,-0.0201207
43197,-0.0353783,-1.16614,-0.529134
43198,-0.0571702,-0.0484265,-0.0609437
43199,-0.00121066,-0.00121066,-0.01065
43200,-0.0328224,-0.0387412,-0.069776
43201,-0.0858225,0.0201777,0.00332613
43202,0.154427,1.88312,0.86081
43203,0.0168148,0.00349747,-0.0100082
43204,0.00269036,0.0029594,-0.00525226
43205,-0.0811144,-1.809,-0.785916
43206,-0.130348,-1.18658,-0.524962
43207,-0.0118376,0.0603986,0.0428698
43208,0.143396,2.39657,1.03338
43209,-0.0044391,-0.0582463,-0.0548607
43210,-0.0299975,-0.033226,-0.05428
43211,0.055556,0.0152005,0.0412232
43212,-0.00269036,-0.00269036,-0.0125282
43213,-0.00605331,-0.0328224,-0.0455031
43214,0.00605331,0.113668,0.0654926
43215,-0.00134518,-0.0289214,-0.0385163
43216,-0.00847464,0.00417006,0.00212811
43217,-0.0690078,-0.708641,-0.334081
43218,0.0505788,0.709314,0.357255
43219,-0.0134518,0,-0.0226358
43220,0.0269036,0.0134518,0.00273411
43221,0.070622,0.111246,0.0943331
43222,0.014797,0.0146625,0.00960526
43223,-0.044929,-0.0267691,-0.0688201
43224,-0.110977,-0.180254,-0.175097
43225,-0.00282488,-0.00282488,-0.012699
43226,-0.00282488,-0.00282488,-0.012699
43227,0.00269036,0.0313427,0.00205132
43228,-0.00269036,-0.0164112,-0.016208
43229,0.0130483,0.0134518,0.00759146
43230,-0.24832,-2.13211,-1.26381
43231,0.0484265,0.669227,0.438275
43232,-0.0176219,-0.69075,-0.431723
43233,0.0741195,0.758278,0.521147
43234,-0.0279798,-0.0414316,-0.0706275
43235,0.0255584,0.0121066,0.0194074
43236,0.0551524,1.28774,0.582333
43237,0.0481575,0.0766753,0.0972773
43238,-0.00807108,0.0185635,-0.0115085
43239,0.00807108,0.00807108,0.0183719
43240,1.42993,10.9346,6.41295
43241,0.0755992,1.22613,0.637252
43242,0.262579,3.30349,1.5991
43243,0.20514,0.181599,0.263633
43244,0.0785585,1.21981,0.40965
43245,0.0726398,1.23165,0.514799
43246,0.476328,1.36374,1.02595
43247,0.0269036,0.0811144,0.061052
43248,0.0464087,0.850827,0.277288
43249,-0.0403554,-0.067259,-0.104942
43250,-0.0536727,-1.10776,-0.578585
43251,-0.113533,-1.24026,-0.587886
43252,-0.172318,-0.755857,-0.442833
43253,0.0269036,0.0403554,0.0309403
43254,0.0309392,0.0309392,0.0301588
43255,0,0,-0.00911326
43256,-0.0309392,-0.569819,-0.260351
43257,-0.0174873,-0.0044391,-0.00935878
43258,0.0235407,1.17784,0.470063
43259,-0.0349747,-0.0599951,-0.0972626
43260,-0.11165,-1.23259,-0.538955
43261,-0.00780205,-0.656852,-0.226803
43262,0.556636,1.68672,0.986875
43263,-0.128465,-1.95361,-0.81833
43264,-0.0840738,0.474714,0.0680429
43265,-0.0302666,-0.650529,-0.311706
43266,0.508747,0.702991,0.783566
43267,-0.396156,-3.44676,-1.75271
43268,-0.0450636,-0.0766753,-0.13543
43269,-0.0149315,-0.0283833,-0.0503685
43270,0,-0.0538072,-0.0202476
43271,0.0134518,0.0403554,0.0353257
43272,-0.0134518,-0.0265001,-0.048299
43273,0.029594,0.0430458,0.0507535
43274,-0.0357818,-0.548699,-0.277168
43275,0.000134518,0.0135863,0.0133597
43276,-0.000941626,-0.0278452,-0.0376727
43277,-0.00699494,0.519374,0.192465
43278,-0.0125102,0.000941626,0.0146308
43279,0.00390102,-0.00955078,-0.0264638
43280,0.248993,2.12364,1.18672
43281,-0.0324189,0.432745,0.158894
43282,0.0271726,0.0137208,0.0190035
43283,-0.0174873,-0.463818,-0.193056
43284,-0.158059,-2.4376,-1.20567
43285,-0.0725052,-0.682276,-0.358827
43286,-0.0269036,0.451577,0.109089
43287,0,-0.465029,-0.156404
43288,-0.0902616,-0.600758,-0.392132
43289,0.00430458,0.0177564,0.00297771
43290,-0.341138,-4.95013,-2.34359
43291,-0.0201777,0.0648377,-0.00411961
43292,-0.0269036,-0.0403554,-0.0621569
43293,0.0130483,0.0130483,0.00613697
43294,0.270247,6.40575,2.67671
43295,-0.146087,-2.80847,-1.29917
43296,0.0275762,0.734334,0.250296
43297,0.055825,0.925619,0.409697
43298,0.166802,1.86577,0.980259
43299,0.00121066,-0.0269036,-0.037013
43300,0,0.0134518,-0.00248622
43301,-0.193841,-2.44218,-1.2661
43302,0.0100889,0.0290559,0.0246139
43303,-0.0889164,-1.77685,-0.690526
43304,0.041028,0.54157,0.247711
43305,-0.0969875,-0.588786,-0.333466
43306,-0.133442,-2.44043,-1.0292
43307,0.0134518,-0.00121066,-0.0146844
43308,0.0753301,0.119856,0.121622
43309,0.00699494,1.17515,0.422743
43310,0.0221955,0.0372615,0.0593978
43311,-0.0168148,-0.0246168,-0.0312257
43312,0.0442564,0.700839,0.258564
43313,0.000403554,0.000403554,-0.00860101
43314,0.00067259,0.0267691,0.0192663
43315,0.014797,0.0552869,0.0447835
43316,0.0121066,-0.0286523,-0.0117195
43317,0.00134518,0.270381,0.12008
43318,-0.0271726,-0.0540763,-0.0725336
43319,-0.00336295,-0.00336295,-0.013382
43320,-0.0638961,-0.130886,-0.136884
43321,-0.372481,-3.22884,-1.88463
43322,-0.0181599,-0.0309392,-0.0541351
43323,0.0270381,0.0271726,0.0252997
43324,0.0103579,0.037127,0.0311755
43325,-0.00349747,-0.0169493,-0.0358549
43326,-0.0211193,-0.011165,-0.00331672
43327,-0.0976601,-0.307508,-0.366805
43328,-0.00322843,-0.00322843,-0.013464
43329,-0.0248858,-1.06579,-0.393502
43330,0.150391,1.249,0.608502
43331,0.00901271,1.1426,0.386456
43332,-0.00928175,-1.1734,-0.451227
43333,-0.0215229,-0.0755992,-0.0613165
43334,0.0153351,0.545605,0.228611
43335,-0.0421042,-0.542377,-0.280263
43336,-0.0336295,-0.643265,-0.292188
43337,0.0648377,0.692634,0.319435
43338,0,-0.0127792,-0.013538
43339,-0.153216,-1.38755,-0.775672
43340,-0.136939,-1.20447,-0.701644
43341,-0.163708,-2.52262,-1.28186
43342,-0.0860916,-0.573854,-0.226668
43343,-0.926022,-10.6678,-5.78393
43344,0.14528,1.39737,0.757094
43345,-0.0953733,-0.751821,-0.591897
43346,-0.183079,-1.64166,-0.903624
43347,0.0107614,0.00780205,0.00343294
43348,0.0228681,0.0766753,0.069016
43349,0.048561,-0.00376651,-0.0530317
43350,0.0544798,0.429113,0.223908
43351,-0.0305356,-0.367907,-0.185413
43352,-0.544664,-4.85529,-2.77993
43353,0.0376651,0.0700839,0.0690233
43354,-0.0336295,-0.0344366,-0.0521978
43355,0.0790966,1.07534,0.582796
43356,0.0464087,0.608425,0.271741
43357,-0.0149315,-0.559864,-0.236167
43358,-0.169224,-1.54386,-0.914475
43359,-0.000538072,-0.000538072,-0.00709062
43360,-0.0275762,-0.986017,-0.544868
43361,-0.132097,-1.00552,-0.612167
43362,0.0951043,-0.360643,-0.100372
43363,0.0617438,0.306163,0.151038
43364,0.170569,2.98401,1.16449
43365,-0.0746575,-0.0836702,-0.125151
43366,0.148777,1.61758,0.771548
43367,-0.0168148,-0.0164112,-0.0516147
43368,0.320422,3.52491,1.67325
43369,-0.0317463,-0.0216574,-0.0223874
43370,-0.0881093,-0.0579773,-0.143638
43371,0.026231,0.0406245,0.0145414
43372,0.0437184,0.583136,0.246574
43373,-0.225452,-2.86053,-1.39636
43374,-0.227739,-2.99585,-1.40982
43375,-0.127254,-2.0479,-0.946471
43376,0.055556,1.01023,0.468466
43377,0.025693,0.0357818,0.0288935
43378,0.0469468,0.651605,0.266995
43379,-0.0282488,-0.631562,-0.263522
43380,0.0324189,0.632369,0.234212
43381,-0.0242133,0.346384,0.0985773
43382,0.131828,2.00835,0.853046
43383,0.0423732,1.01951,0.409977
43384,-0.209983,-3.04764,-1.44912
43385,0.081787,1.58287,0.707022
43386,0.0789621,1.32473,0.509713
43387,0.0832667,-0.799441,-0.224951
43388,-0.0115686,0.00188325,0.0026212
43389,0.0221955,0.129272,0.076531
43390,-0.014797,-0.014797,-0.0278955
43391,0.00403554,-0.0512514,-0.023853
43392,-0.0698149,-0.0832667,-0.125688
43393,-0.0955078,-2.70247,-1.14075
43394,-0.0067259,-0.0634925,-0.0882882
43395,-0.137074,-1.21416,-0.696983
43396,0.199625,1.77994,0.945472
43397,-0.000538072,1.05677,0.421973
43398,-0.147566,-2.46182,-1.21252
43399,0.0887819,0.201374,0.253261
43400,-0.101561,-0.802266,-0.516204
43401,-0.0408935,-0.988842,-0.519497
43402,-0.123084,-0.892662,-0.660523
43403,-0.208503,-3.49962,-1.77608
43404,0.0450636,0.262445,0.0816972
43405,0.0230026,0.454402,0.180178
43406,-0.0100889,0.0304011,-0.00498798
43407,0.238904,1.95858,1.00029
43408,0.100889,1.26017,0.582998
43409,0.153216,2.87035,1.2106
43410,0.125102,0.715905,0.428279
43411,-0.0122411,-0.025693,-0.0469535
43412,0.014797,0.0282488,0.0135904
43413,-0.00336295,-0.0302666,-0.0954862
43414,0.0684697,1.09995,0.532911
43415,0.200566,1.63507,0.833151
43416,0.011434,1.11663,0.382107
43417,-0.115416,-1.20878,-0.604323
43418,-0.0753301,-2.20744,-0.85496
43419,0.0185635,1.05866,0.353322
43420,0.165726,1.30187,0.703258
43421,0.0961804,0.582598,0.287137
43422,-0.0248858,0.00201777,-0.0301532
43423,0.0235407,-0.0164112,0.00290314
43424,-0.0168148,-0.0302666,-0.054324
43425,-0.155503,-1.80173,-0.812881
43426,0.00995434,-0.00322843,-0.0187069
43427,-0.0235407,-0.479422,-0.164805
43428,0.0453326,0.542108,0.257447
43429,0.0995434,0.746844,0.401386
43430,0.0211193,0.0480229,0.0250138
43431,0.00578428,1.02906,0.363913
43432,0.0480229,0.0504443,0.034591
43433,-0.00322843,-0.0503098,-0.0543266
43434,0.0823251,1.54346,0.612698
43435,0.0174873,0.0582463,0.0238927
43436,-0.307374,-2.80968,-1.4203
43437,0.00941626,0.0368579,0.0231593
43438,0.129137,1.07413,0.515355
43439,-0.0265001,-0.0399519,-0.0281453
43440,0.251414,3.32192,1.35985
43441,-0.0657793,-1.1356,-0.529776
43442,-0.0429113,-0.119721,-0.124757
43443,0.0776169,1.08623,0.490978
43444,-0.0200432,-0.096584,-0.14266
43445,-0.00067259,-1.49517,-0.511566
43446,0.0353783,0.910284,0.338151
43447,0.0898581,1.20717,0.510262
43448,-0.137477,-1.78384,-0.79633
43449,0.0107614,0.0137208,0.0210804
43450,0.0134518,0.0275762,0.0492097
43451,0.0441219,0.481844,0.118575
43452,0.0286523,0.572374,0.184307
43453,0.0275762,0.60022,0.243019
43454,-0.00336295,-0.00417006,-0.0137796
43455,0.0336295,0.0477539,0.0562073
43456,-0.014797,-0.109632,-0.0614787
43457,0.0431803,0.0710255,0.090323
43458,0.120528,2.00257,0.920672
43459,0.166668,2.55463,1.10043
43460,0.14501,2.06768,0.873486
43461,0.133442,1.74228,0.895043
43462,0.00793657,0.0178909,0.00591746
43463,-0.00874367,-0.0352437,-0.0646644
43464,-0.0336295,-1.83187,-0.769587
43465,0.0141244,0.0402209,0.0108186
43466,0.0363199,1.26111,0.525578
43467,0.136805,1.56687,0.743208
43468,0.18133,3.07724,1.29969
43469,-0.0657793,-2.40451,-0.959767
43470,0.055825,0.0517895,0.0596516
43471,-0.0134518,0.819619,0.194455
43472,0.029594,0.241191,0.0798937
43473,-0.0733123,-1.29675,-0.473191
43474,0.0134518,0.587575,0.13967
43475,-0.1855,-2.5775,-1.14945
43476,0.00134518,0.00282488,0.00903039
43477,0.0174873,0.570895,0.255448
43478,0.0846119,1.40168,0.659843
43479,0.137343,1.47338,0.689647
43480,0.0620128,1.51884,0.793803
43481,0.0146625,-0.561075,-0.308816
43482,-0.0638961,-0.751552,-0.375259
43483,-0.0363199,-0.0632235,-0.0967627
43484,0.00309392,-0.0707565,-0.100536
43485,0.138554,1.90128,0.9745
43486,0.085957,0.0417006,0.0592597
43487,0.0134518,0.0134518,0.00796153
43488,0.00470813,0.0207158,0.0119536
43489,0,0.0168148,-0.00520113
43490,0,0,-0.00911326
43491,0,0.0134518,0.0131889
43492,-0.0215229,-0.0476194,-0.0420351
43493,-0.00618783,0.00564976,-0.0112947
43494,0.0100889,0.494219,0.182578
43495,0.0269036,0.040759,0.0318546
43496,-0.223973,-1.82931,-0.984716
43497,0.0579773,0.102234,0.116488
43498,0.00336295,-0.0106269,-0.0280389
43499,0.159269,1.6274,0.786579
43500,0.0325534,0.0571702,0.0578275
43501,-0.0134518,-0.435435,-0.170143
43502,0,0.0134518,-0.00405129
43503,0.00336295,0.423463,0.137925
43504,0.121873,0.0566321,0.201388
43505,0.0990053,2.68189,1.02985
43506,0.225049,2.93303,1.36868
43507,0.459648,5.43534,2.76304
43508,-0.000269036,-0.0286523,0.0545089
43509,-0.114071,-1.50499,-0.706025
43510,-0.10331,-1.51239,-0.743082
43511,-0.0454671,-1.39267,-0.540381
43512,-0.101696,-1.49624,-0.725587
43513,0.0230026,0.0620128,0.0864029
43514,-0.00645687,-0.0647032,-0.0751587
43515,0.0379341,0.846253,0.350033
43516,-0.0414316,-0.0570357,-0.0738818
43517,-0.13546,-2.24605,-1.01299
43518,0.0863606,1.42307,0.610208
43519,-0.011165,-0.0121066,-0.0401498
43520,-0.0464087,-0.0363199,-0.0310242
43521,0.00834012,0.02233,0.0278962
43522,0.0029594,0.0293249,0.0233175
43523,0.0158731,0.00349747,0.00571429
43524,0,0.026231,0.0171358
43525,0.040759,2.07252,0.768618
43526,-0.0355128,-0.0100889,-0.0432307
43527,0.0199087,0.0199087,0.0161574
43529,0.116224,0.828631,0.49873
43530,-0.265673,-4.29045,-1.96632
43531,-0.0535382,-1.3815,-0.572913
43532,-0.00551524,0.775362,0.282599
43533,-0.0195051,0.00645687,-0.0053369
43534,0.00807108,-0.00538072,-0.0211706
43535,0.133845,0.779532,0.516698
43536,-0.177967,-1.53431,-0.811044
43537,-0.014797,-1.20999,-0.507514
43538,-0.0430458,-0.544798,-0.248449
43539,-0.00269036,-0.0834012,-0.146341
43540,0.0686042,0.593628,0.327638
43541,-0.0699494,-1.05233,-0.496725
43542,0.0367234,0.0866296,0.149099
43543,-0.0430458,-0.0166802,-0.0348612
43544,-0.011434,-1.00942,-0.379566
43545,-0.0749266,-1.18268,-0.591801
43546,0.114744,1.18013,0.583831
43547,-0.078155,-0.658735,-0.330312
43548,-0.0940281,-0.135998,-0.17337
43549,-0.158059,-2.30281,-1.0547
43550,0.0480229,0.610443,0.311934
43551,0,-0.0154696,-0.0333055
43552,0.0100889,0.0236752,0.0260306
43553,0.00201777,-0.0246168,-0.0507076
43554,-0.134518,-1.21053,-0.622721
43555,-0.169896,-2.60615,-1.22763
43556,0.00484265,0.0312082,0.0416003
43557,0.137208,1.2977,0.579476
43558,-0.0403554,-0.0270381,-0.0541864
43559,0.0168148,0.0349747,0.0264103
43560,0.0228681,0.00834012,-0.00495252
43561,0.00188325,-0.0266346,0.00420985
43562,0.0254239,0.0497717,0.0462848
43563,0.0438529,0.0612057,0.058768
43564,-0.0158731,-0.0462742,-0.0592981
43565,0.0127792,1.22707,0.430064
43566,0.0512514,0.162498,0.191844
43567,-0.0450636,-1.36267,-0.614427
43568,0.00470813,0.593359,0.162841
43569,0.0107614,0.00659139,0.0031686
43570,-0.00807108,-0.605466,-0.240476
43571,0.0394138,0.0306701,0.0456622
43572,-0.197876,-1.4801,-0.847066
43573,0.0367234,0.121604,0.055213
43574,0.182945,2.49356,1.17106
43575,-0.0309392,-0.0308046,-0.0552604
43576,0.0626854,0.0277107,0.0959364
43577,0.104251,1.26662,0.573277
43578,-0.0215229,-0.516953,-0.220215
43579,0.0903961,0.660887,0.345312
43580,-0.129406,-1.3437,-0.773406
43581,0.0325534,-0.231371,-0.0377361
43582,0.274417,4.14975,1.89493
43583,0.0228681,0.622281,0.209213
43584,-0.0760027,-1.15645,-0.471115
43585,-0.0170838,-0.0318808,-0.0537631
43586,-0.0195051,-0.0464087,-0.0570384
43587,0.0780205,0.119856,0.148508
43588,0.0760027,0.640171,0.336191
43589,0.0828631,1.90504,0.668897
43590,0.102368,0.650126,0.374136
43591,-0.0193706,0.724245,0.146706
43592,0.00390102,0.0142589,0.000458371
43593,0.00941626,0.0287869,0.0288536
43594,0.0103579,-0.729895,-0.17687
43595,-0.00242133,-0.00242133,-0.00912982
43596,-0.0729088,-1.4302,-0.611259
43597,0.0403554,0.821233,0.28583
43598,0.0457361,1.33872,0.430976
43599,-0.0127792,0.000807108,-0.0202086
43600,-0.00686042,-0.525428,-0.199869
43601,0.00067259,-0.0127792,-0.0118118
43602,0.0660484,0.106404,0.125955
43603,-0.0328224,-0.141109,0.0835744
43604,-0.00807108,0.00712946,0.026098
43605,-0.011434,-0.0786931,-0.0862945
43606,0.0228681,0.0501752,0.033114
43607,-0.0660484,-1.53337,-0.655224
43608,-0.0451981,-0.60439,-0.289489
43609,0.0169493,0.0263655,0.0121498
43610,-0.0281143,-1.16089,-0.436374
43611,-0.0657793,-0.721555,-0.353563
43612,-0.0665864,-1.1317,-0.458536
43613,-0.0305356,-1.38957,-0.521201
43614,0.0127792,0.0665864,-0.0283649
43615,-0.0897235,-1.15591,-0.544397
43616,-0.0289214,-0.078155,-0.0764628
43617,-0.0790966,-2.26919,-0.902807
43618,0.101292,1.17165,0.556317
43619,-0.0546143,-0.136805,-0.202717
43620,-0.00282488,-0.0355128,-0.0205648
43621,0.00067259,-0.583539,-0.274485
43622,-0.191554,-2.24632,-0.994901
43623,-0.0126447,0.0345711,0.018027
43624,0.0829976,1.61933,0.649759
43625,-0.0100889,-0.000134518,-4.09104e-05
43626,0.0679316,1.09605,0.492052
43627,0.0195051,0.0768098,0.0301335
43628,0.0134518,-0.0134518,-0.00503979
43629,-0.0134518,-0.0134518,-0.0288937
43630,0.00403554,0.0176219,0.00244721
43631,0.0199087,1.01467,0.357895
43632,-0.158462,-1.29097,-0.634175
43633,-0.0390102,-1.05449,-0.41833
43634,-0.0302666,-0.0302666,-0.0475315
43635,-0.431265,-4.01832,-2.08532
43636,0.000807108,0.0547489,0.0284792
43637,-0.271188,-2.65592,-1.37653
43638,-0.0573047,-0.470679,-0.363093
43639,0.163843,1.5709,0.898722
43640,0.197203,2.39213,1.14928
43641,-0.178102,-1.86133,-0.968495
43642,0.0659139,0.109901,0.0893059
43643,0.00336295,0.48144,0.216413
43644,0.0881093,0.686715,0.350784
43645,0.0940281,0.779936,0.482697
43646,-0.0100889,-0.731778,-0.469362
43647,0.129944,1.95065,1.05477
43648,0.0349747,0.0141244,0.00588291
43649,0.151333,2.56822,1.00439
43650,0.0135863,0.0431803,0.0545877
43651,0,0,-0.0232966
43652,-0.0967185,-1.33267,-0.658929
43653,0.048292,-0.73003,-0.25227
43654,-0.0692768,-0.117031,-0.117855
43655,-0.0363199,-0.512514,-0.23268
43656,-0.0195051,-0.0464087,-0.075068
43657,0.0195051,0.044929,0.0358948
43658,0.181599,2.36254,1.07918
43659,-0.218726,-2.10588,-1.1487
43660,0.153754,1.49517,0.792681
43661,0.0153351,-0.0117031,-0.0343187
43662,0.00336295,0.0168148,0.00178247
43663,0.000134518,0.000269036,-0.00857956
43664,-0.0170838,-0.0774824,-0.111437
43665,0.0379341,0.0513859,0.0638514
43666,-0.0141244,1.17838,0.439641
43667,0.194648,2.11045,0.920728
43668,0.0181599,0.0404899,0.0255215
43669,0.0242133,0.041028,0.0297971
43670,0.0651067,0.0984672,0.0278622
43671,-0.00121066,0.00887819,-0.0209312
43672,-0.0538072,-0.0675281,-0.0669163
43673,0.23164,1.26205,0.641153
43674,0,0.0277107,0.0368293
43675,0.0271726,0.0556905,0.0534433
43676,0.00174873,0.00174873,-0.00689354
43677,-0.0628199,-0.153351,-0.1722
43678,0.406245,0.460724,0.543021
43679,-0.0174873,-0.0166802,-0.0310068
43680,-0.149046,-0.256257,-0.299166
43681,0.0269036,0.149719,0.136684
43682,0.0107614,-0.0468123,-0.0752317
43683,0.0503098,1.73918,0.701539
43684,0.0227336,1.29877,0.523519
43685,0.238501,3.56755,1.62304
43686,0.0188325,-0.0103579,-0.0325602
43687,-0.0244823,-0.000538072,-0.0182656
43688,0.0503098,0.0375305,0.0646188
43689,-0.0230026,-0.147297,-0.175162
43690,0.0152005,0.0387412,0.035231
43691,-0.00403554,-0.0309392,-0.0400902
43692,-0.0160076,0.010896,0.0311001
43693,0.0170838,0.0299975,0.0160154
43694,0.0193706,-0.0209848,-0.0113254
43695,-0.0248858,-0.0380686,-0.0625078
43696,-0.148777,-1.68094,-0.673369
43697,0.0141244,0.0427767,0.0542483
43698,0.0100889,0.0100889,0.00369283
43699,0.0219264,1.57063,0.523842
43700,-0.00228681,-0.603852,-0.212568
43701,-0.000807108,-0.106404,-0.156469
43702,0.0520585,0.673263,0.343004
43703,-0.00578428,-0.0326879,-0.0311204
43704,-0.00269036,-0.0290559,-0.0379538
43705,-0.00336295,-0.0168148,-0.020009
43706,0.0269036,0.0403554,0.0318981
43707,-0.011165,0.011165,-0.0038886
43708,0.0977946,1.49907,0.620199
43709,-0.00766753,-0.0211193,-0.0411481
43710,-0.0134518,-0.0269036,-0.0297403
43711,-0.0123757,0.0365889,0.0181415
43712,-0.00161422,-0.0117031,-0.0324841
43713,0,0.000134518,-0.00889024
43714,0,0,-0.00905897
43715,0.00121066,0.00121066,-0.00512365
43716,-0.0875713,-0.593897,-0.340818
43717,0.0811144,0.598605,0.344362
43718,0.0497717,1.47634,0.558717
43719,-0.0991398,-2.09808,-0.950922
43720,-0.458976,-6.2567,-2.66164
43721,0.110977,1.23918,0.447176
43722,0,0,0.00681466
43723,0,0.0135863,-0.00451826
43724,-0.0107614,0.00430458,-0.0211264
43725,0.00336295,0.00255584,-0.0179413
43726,-0.12712,-1.36442,-0.578832
43727,-0.082056,-1.31411,-0.520151
43728,0.00134518,-0.0310737,-0.0367226
43729,-0.000538072,-0.00067259,-0.0098057
43730,-0.0973911,-1.15443,-0.576483
43731,0.113668,0.666133,0.367359
43732,-0.0403554,-0.108287,-0.120354
43733,0.0995434,0.760296,0.44237
43734,0.124698,1.36321,0.553494
43735,-0.0848809,-0.700301,-0.359262
43736,-0.0168148,-0.858494,-0.339739
43737,0,-0.0134518,-0.0315722
43738,0.113533,1.42939,0.582845
43739,0.0100889,0.0928175,0.0712381
43740,-0.0369925,-0.580445,-0.275498
43741,-0.00914723,0.518971,0.158257
43742,-0.0275762,-0.569953,-0.228557
43743,0.0269036,0.555829,0.205555
43744,-0.151736,-2.71579,-1.12601
43745,0.0870332,1.17354,0.442975
43746,-0.00242133,0.000941626,0.00633214
43747,-0.0505788,-0.670169,-0.335755
43748,0.0285178,-0.0328224,-0.0360983
43749,0.063358,0.651605,0.296719
43750,0,-0.0269036,-0.0192372
43751,0.0195051,0.0201777,0.017658
43752,0.0464087,1.33442,0.472016
43753,-0.0598605,-0.610039,-0.291721
43754,-0.0135863,-0.0673935,-0.0810871
43755,0.0598605,0.61838,0.271027
43756,0,-0.000538072,-0.0100053
43757,-0.070622,-0.00336295,0.0140675
43758,-0.0435839,-0.66277,-0.328529
43759,-0.160615,-2.02248,-0.97225
43760,-0.0269036,-0.0403554,-0.0616057
43761,0.0212539,-0.602237,-0.15255
43762,0.0181599,0.627527,0.133608
43763,-0.0157386,-0.0711601,-0.105968
43764,0.0134518,0.0403554,0.033816
43765,0.242133,1.60857,1.02199
43766,-0.0304011,-0.68954,-0.337105
43767,0.0182945,0.603314,0.197402
43768,-0.055825,-0.689002,-0.298266
43769,0.0269036,0.0403554,0.0285886
43770,0.000269036,0.0503098,0.0115792
43771,0.0142589,-0.00255584,0.00023807
43772,0.487224,4.00877,1.98394
43773,-0.0336295,-0.0336295,-0.0709255
43774,0.0067259,-0.0201777,-0.02794
43775,0.0142589,0.000941626,-0.0160719
43776,0.000403554,0.0138554,-0.00108617
43777,0,0.067259,-0.000593259
43778,0.141513,2.36792,0.963469
43779,-0.0134518,-0.0270381,-0.0328506
43780,-0.0760027,-0.143262,-0.165149
43781,0.000941626,0.00430458,-0.00702995
43782,0,-0.000807108,-0.0207286
43783,0.0269036,0.0571702,0.0532886
43784,0.00739849,0.00739849,0.000277875
43785,0.0269036,0.0168148,0.0220573
43786,0.0364544,0.157521,0.0907471
43787,0.0134518,0.0138554,0.0065141
43788,0,-0.0172183,-0.0131983
43789,-0.0343021,-0.0477539,-0.0562062
43790,-0.0134518,-0.067259,-0.0809164
43791,0.000807108,-0.00255584,-0.00897684
43792,0,-0.000134518,-0.00916388
43793,0,0.0142589,-0.0039134
43794,0.000134518,0.000403554,-0.00890087
43795,-0.0137208,-0.759624,-0.293413
43797,0,0.000538072,-0.00873838
43798,-0.000941626,-0.000941626,-0.0103085
43799,0.209983,3.24565,1.47974
43800,0.0575737,0.0785585,-0.0052698
43801,-0.0121066,-0.0254239,-0.068019
43802,-0.00336295,-0.0316117,-0.0426289
43803,0.0161422,0.029594,0.034991
43804,-0.0122411,-0.0392793,-0.033353
43805,0.00686042,0.0178909,-0.000867236
43806,0.165592,1.63426,0.834199
43807,0.248858,3.406,1.74636
43808,0.0955078,1.63856,0.817143
43809,-0.487359,-5.11572,-2.69269
43810,-0.0213884,-0.0595915,-0.0493329
43811,0.0827286,0.245092,0.228746
43812,-0.0143934,-0.0991398,-0.13073
43813,0.000134518,-0.679989,-0.207284
43814,0.0134518,0.0387412,0.0165492
43815,-0.0414316,-0.0616093,-0.051599
43816,-0.0235407,0.0283833,0.000997137
43817,0.0433148,0.0468123,0.0656541
43818,0.070891,0.796212,0.347513
43819,0.0134518,0.0538072,0.0203432
43820,-0.00941626,-0.734603,-0.273568
43821,0.000269036,0.0137208,-0.00214473
43822,-0.0632235,-0.793657,-0.490876
43823,-0.116089,-1.53458,-0.693822
43824,0.0244823,0.0788276,0.0788956
43825,0,0.000134518,-0.00889024
43826,-0.00349747,-1.32985,-0.426207
43827,-0.0435839,-0.0750611,-0.124588
43828,0.0156041,0.0642996,0.0590435
43829,-0.0430458,0.586633,0.12405
43830,-0.0478884,-0.766349,-0.381435
43831,-0.0127792,-0.026231,-0.0301989
43832,0,0.0403554,0.00778673
43833,0.0134518,0.0400864,0.0337376
43834,0,-0.014528,-0.0160177
43835,0.133711,1.52046,0.677021
43836,0.081787,1.47607,0.575397
43837,0.0067259,0.0465432,0.00978681
43838,0.0564976,0.742002,0.36125
43839,0,-0.0117031,-0.0159201
43840,0.0679316,0.0948352,0.0938632
43841,0.00591879,1.46517,0.562654
43842,0.0134518,0.0134518,0.00796153
43843,-0.00269036,-0.0161422,-0.0348304
43844,0.00430458,0.0462742,0.000406013
43845,0.041028,0.872888,0.316152
43846,-0.134922,-3.90466,-1.60958
43847,0.0127792,0.0260965,0.0288178
43848,-0.0538072,-0.0957769,-0.107281
43849,-0.000134518,-0.040759,-0.060648
43850,-0.185769,-2.32958,-1.12493
43851,-0.00981982,-0.70891,-0.24622
43852,0.0336295,0.0671245,0.0703563
43853,-0.0598605,-0.126851,-0.144618
43854,0.0598605,0.128061,0.110783
43855,-0.0598605,-0.12712,-0.144743
43856,0,-0.0134518,-0.0148895
43857,0.0134518,0.0512514,0.0381329
43858,0.0134518,0.0134518,0.00796153
43859,0.0216574,0.0352437,0.0407431
43860,0.00242133,-0.610981,-0.21331
43861,-0.0914723,-0.141109,-0.188241
43862,-0.0535382,-0.282488,-0.223668
43863,0.0287869,0.0577082,0.0179338
43864,-0.0423732,-0.728012,-0.343874
43865,-0.0174873,-0.745903,-0.285748
43866,0.0547489,1.51535,0.586575
43867,-0.029594,-1.4992,-0.565734
43868,-0.00403554,-0.0208503,-0.020278
43869,-0.00282488,-0.0162767,-0.0350012
43870,0.00322843,0.0329569,0.00271789
43871,0.055556,1.60413,0.655612
43872,0.022599,0.0764063,0.0572323
43873,0.0606676,0.795271,0.369531
43874,-0.0134518,-0.0505788,-0.0583967
43875,0.00269036,0.00336295,-0.00565103
43876,-0.0134518,-0.0130483,-0.0260815
43877,0,0,-0.00911326
43878,0.0309392,0.716847,0.316538
43879,0.0209848,0.0613402,0.0656801
43880,0.0188325,-0.69075,-0.255942
43881,-0.209848,-0.991533,-0.627164
43882,-0.0172183,-1.51562,-0.596781
43883,0.025962,0.0351092,0.036082
43884,0.0228681,0.0497717,0.0302096
43885,0.0679316,1.58382,0.716627
43886,-0.0100889,0.0437184,0.0500492
43887,0.011165,-0.0157386,-0.00196249
43888,-0.0121066,0.0119721,-0.0216903
43889,0.0634925,1.53028,0.637655
43890,-0.0166802,-0.0435839,-0.0589625
43891,0,0.048292,0.0182444
43892,-0.21227,-3.25466,-1.57093
43893,-0.310199,-3.10158,-1.60965
43894,-0.0656448,-0.06699,-0.0738095
43895,0,0.0404899,-0.0145729
43896,0,0.0244823,-0.00104104
43897,0.296747,1.47701,0.919642
43898,-0.0134518,-0.0270381,-0.0311164
43899,0.085688,1.34464,0.55907
43900,-0.0458707,-0.0795002,-0.0937483
43901,0,0.0100889,-0.00428764
43902,0.0100889,0.0243478,0.0273332
43903,0,-0.0142589,-0.015797
43904,-0.0236752,-0.037396,-0.0443281
43905,-0.00564976,-0.0460052,-0.0845036
43906,-0.000134518,0.00255584,-0.00482356
43907,-0.0134518,-0.0129137,-0.0259331
43908,0.00067259,0.00067259,-0.00825952
43910,0.0174873,0.0318808,0.0327728
43911,-0.0173528,-0.0325534,-0.054445
43912,0.0975256,1.42562,0.484071
43913,0.015066,0.0149315,0.0122122
43914,0,0,-0.00911326
43915,0.00336295,0.0168148,0.0186264
43916,0.0591879,1.28223,0.505445
43917,-0.0598605,-1.27483,-0.542419
43918,-0.113802,-1.48279,-0.546798
43919,-0.112592,-1.49692,-0.614455
43920,-0.175277,-1.86725,-0.733666
43921,0.16196,0.834416,0.410625
43922,0.0254239,-0.0290559,0.0212557
43923,0.0700839,-0.465029,0.0211599
43924,0.00215229,-0.0121066,-0.0319031
43925,-0.0554214,-0.0398173,-0.0342512
43926,-0.0161422,-0.0199087,-0.0298677
43927,-0.00403554,0.0228681,-0.00430913
43928,-0.00686042,-0.00686042,-0.0178214
43929,-0.0403554,-0.0403554,-0.0661001
43930,0.0492336,0.0532692,0.0897362
43931,-0.207292,-1.88648,-0.914727
43932,0,-0.026231,-0.0529679
43933,0.00067259,0.0240787,0.0116371
43934,-0.081787,-1.24698,-0.594036
43935,-0.541166,-5.34709,-3.03066
43936,0.0754646,0.592687,0.352077
43937,0.162363,1.2221,0.789948
43938,-0.0121066,-0.0121066,-0.0244806
43939,0.0889164,1.09699,0.517267
43940,-0.0138554,-0.0149315,-0.0272305
43941,0.0134518,0.0141244,0.00929816
43942,-0.0168148,-0.0437184,-0.0591332
43943,0.0100889,-0.0437184,-0.085516
43944,0.0134518,0.0270381,0.0302455
43945,-0.0258275,-0.0258275,-0.0418969
43946,-0.067259,-0.0987363,-0.113247
43947,-0.0679316,-2.23219,-1.05399
43948,-0.140437,-1.29823,-0.679995
43949,0.096853,0.636001,0.292844
43950,-0.0230026,0.455747,0.10704
43951,0.029863,-0.448214,-0.137403
43952,-0.229622,-2.91689,-1.3488
43953,-0.030132,-0.453057,-0.250763
43954,-0.426691,-4.09661,-2.48782
43955,-0.246168,-3.39012,-1.88142
43956,-0.00390102,0.729088,0.335882
43957,-0.325534,-2.90317,-1.47327
43958,-0.00255584,0.0441219,0.0230765
43959,0.0130483,0.0803073,0.0499994
43960,0.0369925,0.0201777,0.0138834
43961,0.0129137,0.0532692,0.0425821
43962,0.0269036,0.0538072,0.0322751
43963,-0.0404899,-0.0162767,-0.068671
43964,0.00632235,0.596319,0.239487
43965,-0.178102,-2.56163,-1.40004
43966,0.00269036,-0.0174873,-0.0166402
43967,-0.247244,-2.43545,-1.18051
43968,-0.179851,-0.195455,-0.318376
43969,0,-0.387412,-0.13996
43970,-0.964764,-7.23169,-4.6718
43971,-0.148911,-0.360912,-0.26939
43972,-0.954137,-6.99225,-3.79806
43973,0.302531,3.03594,1.75018
43974,0.0539417,0.490856,0.273673
43975,-0.037127,-1.85702,-0.826033
43976,-0.312754,-3.70382,-1.70683
43977,-0.0433148,-0.116358,-0.0748759
43978,0.0790966,0.931672,0.424461
43979,0.0760027,2.07615,0.800126
43980,-0.264463,-4.94825,-2.28263
43981,0.746979,8.46764,4.19141
43982,0.129944,2.3394,0.797583
43983,-0.127792,-0.13129,-0.173839
43984,-0.0437184,-0.0579773,-0.0873061
43985,-0.348267,-4.56379,-1.92828
43986,-0.276704,-3.73543,-1.70381
43987,0.103579,0.866162,0.464333
43988,-0.126581,-0.87773,-0.452224
43989,0.0780205,0.118376,0.101414
43990,0.121066,3.49303,1.31467
43991,-0.224107,-3.25049,-1.39517
43992,0.0176219,2.16736,0.753537
43993,0.0309392,1.40746,0.469541
43994,-0.0773479,-2.19291,-0.76689
43995,0.0638961,0.965302,0.346447
43996,-0.25693,-2.74928,-1.19775
43997,-0.0839393,-0.154561,-0.180108
43998,-0.188863,-2.90196,-1.61357
43999,-0.896563,-7.67318,-3.85808
44000,0.025962,0.157117,0.0671155
44001,0,-0.0177564,-0.0497654
44002,-0.10035,-0.0441219,-0.0615723
44003,-0.00174873,1.05583,0.116322
44004,0.0153351,0.0287869,-0.0100594
44005,-0.0216574,-1.12054,-0.237535
44006,0.117031,2.63427,0.769067
44007,0,-0.0173528,-0.073545
44008,0.0680661,-0.475521,0.159625
44009,0.000538072,0.934766,0.142436
44010,-0.115686,-3.19709,-1.02328
44011,-0.243478,-3.92362,-1.49839
44012,-1.75977,-9.95313,-7.04755
44013,-0.0675281,-2.60669,-1.46975
44014,-0.172049,-1.05207,-0.653082
44015,0.118241,1.11045,0.598475
44016,0.890106,7.42378,4.19714
44017,0.00134518,0.648108,0.171186
44018,0.0406245,0.23312,0.108583
44019,-0.0473504,1.01763,0.232618
44020,-0.0628199,-1.01359,-0.512038
44021,-0.237424,-0.474042,-0.449268
44022,-0.0582463,-0.726129,-0.349276
44023,0.607349,6.782,3.04802
44024,-0.217919,-0.572643,-0.498852
44025,0.258678,1.86361,1.05517
44026,0.0121066,-0.0474849,-0.0177786
44027,0,0.274417,0.127587
44028,-0.121066,-1.20569,-0.632141
44029,0.0987363,1.66749,0.799305
44030,0.423597,3.91488,2.10533
44031,0.0333605,1.41365,0.489801
44032,-0.233523,-3.70907,-1.71997
44033,-0.118107,-1.43746,-0.663105
44034,-0.00201777,0.0234061,-0.000967199
44035,0.112054,1.05166,0.487277
44036,-0.0067259,-0.0242133,-0.0272582
44037,0.325265,6.05291,2.44784
44038,-0.00618783,0.75236,0.215056
44039,0.0719672,0.608425,0.220479
44040,-0.0829976,-1.33765,-0.482302
44041,-0.0367234,-0.0878403,-0.073172
44042,0.0920104,0.118779,0.0859802
44043,-0.0181599,-0.00793657,-0.0291937
44044,0.0609367,1.31828,0.470749
44045,0.00753301,1.28371,0.399985
44046,0.0243478,0.134115,0.0585305
44047,0.0271726,0.0271726,0.0253778
44048,-0.0289214,-0.037396,-0.0141508
44049,0.00161422,0.807646,0.185809
44050,-0.0161422,-0.0804418,-0.0769191
44051,0.00121066,0.000941626,-0.0289506
44052,0.0396828,0.0800382,0.0763081
44053,0.0975256,4.91677,2.07772
44054,-0.0208503,-0.546816,-0.198121
44055,0.215363,3.27511,2.02657
44056,0.51211,1.10143,0.890056
44057,-0.0121066,0.0290559,0.00798349
44058,-0.0957769,-1.40558,-0.807446
44059,0.00174873,0.0330914,0.0239699
44060,-0.0641651,-0.491664,-0.258224
44061,0.0134518,0.0134518,0.00796153
44062,-0.14501,-1.89536,-0.825935
44063,0.116358,1.87142,0.827503
44064,-0.0652413,-0.387412,-0.300883
44065,-0.0121066,0.00121066,-0.0205686
44066,0.0154696,0.368579,0.218314
44067,0.0133173,0.0270381,0.0303552
44068,-0.275762,-2.37196,-1.38494
44069,0.0133173,-0.437049,-0.160765
44070,-0.0442564,0.380148,0.0735482
44071,0.0100889,-0.00417006,-0.000241903
44072,0.0430458,0.669362,0.265505
44073,-0.0419696,-0.703933,-0.293638
44074,0.0464087,0.610981,0.199141
44075,0.00336295,0.0302666,0.00262912
44076,-0.0067259,-0.161422,-0.0684826
44077,0.0885129,1.21268,0.529368
44078,-0.0104924,-1.14609,-0.447171
44079,-0.188325,-4.61801,-1.82664
44080,-0.0193706,-0.0563631,-0.0437682
44081,-0.00739849,0.0196396,0.0072169
44082,-0.0400864,-0.0377996,-0.0723046
44083,-0.0712946,-2.67879,-0.902061
44084,-0.0764063,-1.94917,-0.761457
44085,0.00134518,-0.025693,-0.0184598
44086,-0.0844773,-1.10359,-0.631597
44087,-0.110843,-0.986421,-0.477719
44088,-0.119318,-1.99141,-0.872864
44089,-0.00457361,0.0102234,-0.0193646
44090,0.00538072,0.00134518,-0.0057607
44091,-0.130348,-1.09699,-0.63694
44092,0.137208,1.86025,0.884501
44093,-0.0118376,-0.0398173,-0.0704608
44094,-0.0359163,-0.869794,-0.463202
44095,0.0356473,0.789487,0.34273
44096,0.115416,1.12444,0.5115
44097,0.0309392,1.95818,0.651421
44098,0.00941626,0.446869,0.100873
44099,-0.0236752,-0.461128,-0.152874
44100,0.164247,2.28882,0.87077
44101,-0.129272,-2.26972,-0.969596
44102,0.0118376,0.0661829,0.0793774
44103,0.124295,2.52087,0.792331
44104,0.00322843,0.00309392,-0.0223218
44105,-0.0707565,-1.95737,-0.759578
44106,0.0168148,0.0235407,0.0260184
44107,0.00134518,-0.00134518,-0.00732341
44108,0.014797,1.54359,0.51548
44109,0.0415661,0.0941626,0.0576706
44110,-0.0172183,0.209848,-0.0132501
44111,-0.0208503,-0.0165457,-0.0330008
44112,-0.0986017,-2.42886,-0.982498
44113,0.0149315,-0.0423732,-0.0302764
44114,0.0281143,0.564707,0.197946
44115,-0.0606676,0.323516,0.00862679
44116,-0.0761372,-1.96827,-0.781944
44117,-0.00686042,-0.0164112,-0.0184067
44118,0.0398173,0.0539417,0.0324586
44119,0.00618783,0.553542,0.205071
44120,-0.0390102,-0.592956,-0.253632
44121,0.0926829,1.05355,0.507925
44122,0.081787,0.703529,0.361001
44123,0.631697,8.30447,3.99678
44124,-0.180927,-3.50769,-1.76476
44125,0.0134518,-0.0235407,-0.0422124
44126,0.0398173,1.80133,0.731695
44127,0.145952,2.45563,1.1363
44128,-0.0347057,-1.1812,-0.504594
44129,0.0457361,0.0581118,0.0708859
44130,0.0127792,0.0178909,0.00949969
44131,-0.22061,-1.96733,-0.989454
44132,-0.149853,-2.27389,-1.09944
44133,-0.00363199,0.0166802,0.0070594
44134,0.220206,2.34398,1.23612
44135,-0.0480229,-0.687791,-0.409702
44136,-0.0333605,-0.0760027,-0.0650076
44137,-0.145145,-1.64193,-0.820752
44138,0.0228681,0.485879,0.205907
44139,-0.0384722,-0.459917,-0.17233
44140,-0.0067259,-0.0135863,-0.0740863
44141,0.318404,-0.185097,0.265673
44142,-0.0177564,-0.0579773,-0.0480839
44143,-0.182137,-0.17716,-0.278202
44144,-0.168955,-2.54885,-1.23793
44145,0.123757,0.553407,0.285339
44146,-0.0726398,-1.56862,-0.633655
44147,-0.0542108,-0.486014,-0.232073
44148,-0.0107614,0.0287869,-0.00510742
44149,0.14501,2.09741,0.967475
44150,-0.0228681,-0.442295,-0.249212
44151,0.216574,2.06431,1.07152
44152,0.00134518,-0.0221955,-0.0331315
44153,0.0758682,1.06902,0.407014
44154,-0.0343021,-0.587978,-0.224012
44155,-0.0369925,-0.070622,-0.0627427
44156,0.00941626,0.0244823,0.0259365
44157,0.0481575,1.63762,0.606664
44158,0.00188325,-0.523948,-0.197571
44159,-0.0638961,-1.07292,-0.429898
44160,0.0871677,2.23932,0.897298
44161,-0.0216574,-0.575737,-0.24006
44162,0.00941626,0.560133,0.194384
44163,-0.0531346,-0.524755,-0.251166
44164,-0.00336295,0.491664,0.167056
44165,0.0134518,0.0279798,0.0146144
44166,0.173528,2.82138,1.08584
44167,-0.0126447,0.501349,0.0783863
44168,0.00995434,0.0165457,-0.0061105
44169,0.0336295,0.63506,0.263217
44170,0.067259,1.18631,0.473616
44171,-0.0100889,-0.0304011,-0.0382434
44172,0.0100889,0.0503098,0.0319702
44173,-0.00134518,-0.00793657,-0.00466786
44174,-0.00067259,0.0141244,-0.00481858
44175,-0.0383376,-0.0704875,-0.120926
44176,0.0302666,0.0329569,0.0300155
44177,0.00995434,-0.486552,-0.0980882
44178,-0.00659139,-0.00659139,-0.0174799
44179,0,0,-0.00911326
44180,-0.0236752,-0.0796347,-0.113493
44181,0.00874367,0.549103,0.186897
44182,0.0221955,0.0507133,0.032591
44183,0.208368,2.42213,1.25453
44184,-0.014797,-0.059457,-0.0710617
44185,-0.0326879,-0.0629545,-0.0795178
44186,-0.00538072,-0.0188325,-0.0382454
44187,-0.129003,-1.34074,-0.706216
44188,0.0538072,0.074254,0.0950878
44189,-0.0174873,-0.0153351,-0.0307421
44190,-0.310199,-2.6227,-1.31067
44191,0.0353783,0.0215229,0.0343583
44192,0.506461,0.486955,0.548222
44193,0.451174,1.84236,0.981707
44194,-0.2233,-0.719268,-0.418155
44195,-0.219533,-2.58961,-1.25824
44196,-0.0313427,-0.627661,-0.284696
44197,-0.0227336,0.029594,0.0170644
44198,-0.138554,-2.1644,-0.884218
44199,0.052462,1.02449,0.322584
44200,0.0729088,1.99356,0.825008
44201,-0.150122,-1.48952,-0.622324
44202,0.15779,3.71001,1.55827
44203,0.0134518,0.0269036,0.0117666
44204,-0.0271726,-0.847329,-0.330136
44205,0.0513859,0.988842,0.481439
44206,0.0500407,0.0365889,0.0142763
44207,0.0544798,0.482247,0.221008
44208,-0.0450636,-0.472831,-0.227282
44209,0.0380686,0.572778,0.217306
44210,-0.00470813,0.00807108,-0.0102806
44211,-0.190343,-2.55907,-1.15634
44212,0.089051,2.90088,1.2438
44213,-0.104521,-1.21873,-0.586613
44214,0.0437184,0.180792,0.122019
44215,0.00269036,0.029594,0.0185911
44216,-0.030132,-0.0536727,-0.0719498
44217,0.0598605,0.667479,0.312838
44218,-0.0990053,-1.14932,-0.593654
44219,0.0161422,0.00269036,-0.0294605
44220,0.0429113,0.486148,0.310229
44221,0.0141244,0.041028,0.0205043
44222,0.00578428,0.0461397,0.0273023
44223,-0.0559595,-0.126312,-0.145334
44224,-0.014797,-0.0146625,-0.0276725
44225,0.0134518,0.387547,0.133296
44226,0.0329569,0.0733123,0.0494709
44227,0.0700839,0.645552,0.323308
44228,0,0,-0.0106783
44229,-0.0216574,-0.0314772,-0.0335298
44230,-0.00874367,-0.00941626,-0.020465
44231,0,0.0738504,0.0246243
44232,0.0082056,-0.391986,-0.150538
44233,0,0.386739,0.137665
44234,-0.0499062,-1.41378,-0.621431
44235,-0.110708,-2.0736,-0.945368
44236,0.208503,0.684428,0.391104
44237,-0.13815,-2.03526,-0.901086
44238,-0.0172183,-0.450366,-0.149936
44239,-0.112592,-1.52288,-0.705668
44240,0.00255584,-0.056094,-0.0922839
44241,-0.124429,-1.72519,-0.689455
44242,-0.222358,-2.43114,-1.31798
44243,-0.125909,-0.0760027,-0.0844092
44244,0.0313427,0.018698,0.0246943
44245,-0.0864951,0.189267,-0.0238913
44246,0.136267,0.641786,0.398123
44247,-0.0277107,-0.528387,-0.261038
44248,-0.0544798,-0.357549,-0.22268
44249,0.0235407,0.509823,0.226771
44250,-0.0396828,-0.511841,-0.263376
44251,-0.041028,-0.103982,-0.132784
44252,0.00605331,0.0321498,0.0109213
44253,-0.0894545,-0.0348402,-0.0641414
44254,-0.158193,-1.11677,-0.622953
44255,-0.370732,-4.088,-1.94699
44256,-0.00659139,-0.00928175,-0.0304082
44257,-0.0661829,-1.99369,-0.930718
44258,0.0712946,0.524755,0.272493
44259,0.101561,0.800248,0.424074
44260,0.11017,1.15955,0.602219
44261,-0.212673,-1.66224,-0.9438
44262,0.396425,4.81776,2.41489
44263,-0.171914,-1.45333,-0.744047
44264,0.0197742,0.0324189,0.018808
44265,-0.153082,-2.29299,-0.951805
44266,-0.000134518,-0.0539417,-0.0671425
44267,-0.000134518,0.0133173,0.0130182
44268,0.0149315,0.0142589,-0.0100253
44269,0.168955,2.36294,1.04586
44270,0.0438529,0.0586499,0.0527022
44271,0.183214,1.48817,0.797413
44272,0.085957,2.49867,1.02014
44273,-0.0652413,-1.07762,-0.471014
44274,0.0100889,0.0100889,0.02219
44275,0.00336295,0.00336295,-0.00484456
44276,-0.0181599,-0.376651,-0.207352
44277,0.0364544,0.889299,0.369026
44278,0.0195051,0.0379341,-0.00486972
44279,-0.0421042,-0.38378,-0.218999
44280,0.0318808,0.352572,0.164795
44281,0.0663174,0.5791,0.352709
44282,0.142455,1.31855,0.575222
44283,-0.0322843,-0.0659139,-0.045847
44284,0.0182945,0.0067259,0.0309607
44285,-0.0196396,-0.0199087,-0.0514778
44286,0.0269036,0.0134518,0.00273411
44287,-0.00551524,0.0112995,-0.0100716
44288,0.152005,1.69493,0.728989
44289,0.0270381,0.370328,0.185486
44290,0.0417006,0.407321,0.190187
44291,-0.186038,-3.1297,-1.36089
44292,0.0330914,0.373826,0.182561
44293,-0.0574392,-1.3472,-0.528462
44294,-0.00860916,0.36831,0.101194
44295,-0.0221955,-0.0208503,-0.0367805
44296,-0.00995434,-0.435839,-0.200853
44297,0.0130483,-0.462473,-0.183022
44298,0.056094,0.584212,0.341238
44299,-0.0495026,-0.561478,-0.309788
44300,0.0306701,0.0306701,0.0510201
44301,-0.0504443,-0.543991,-0.244645
44302,-0.0797692,-2.43639,-1.51666
44303,0.00107614,-0.0135863,-0.00586727
44304,-0.0209848,0.744288,0.739869
44305,0.0161422,0.0164112,0.00999934
44306,-0.173663,-2.14893,-1.46613
44307,0.0199087,0.0406245,0.0486218
44308,0.0348402,0.0390102,0.0358277
44309,-0.0601296,-0.0540763,-0.123654
44310,0.00269036,-0.0269036,-0.033364
44311,-0.0953733,-1.41325,-0.664681
44312,0.110843,1.4197,0.606202
44313,-0.0996779,-2.11557,-0.924249
44314,-0.00121066,1.90518,0.745817
44315,0.0593225,0.510496,0.230087
44316,-0.0554214,-1.20757,-0.443713
44317,0.0230026,1.2416,0.441022
44318,0.0134518,0.0100889,-0.01806
44319,0.0143934,0.0278452,0.0156851
44320,-0.0260965,-0.532692,-0.23663
44321,-0.0369925,-0.714964,-0.278076
44322,-0.258813,-3.2318,-1.51134
44323,-0.0363199,0.0103579,-0.0655306
44324,0.040759,0.88069,0.329189
44325,0.102234,1.14865,0.53069
44326,0.00928175,0.101696,0.0141219
44327,-0.00322843,-0.00376651,-0.0111273
44328,-0.0211193,-0.0602641,-0.0706904
44329,0.175681,1.92132,0.831691
44330,-0.0289214,-0.0542108,-0.0912412
44331,0.0376651,0.0512514,0.0486832
44332,-0.0235407,-0.0941626,-0.0783849
44333,0.0421042,0.0716981,0.0737461
44334,-0.052193,-0.324054,-0.162423
44335,-0.0134518,-0.0269036,-0.0297403
44336,0.11434,1.19869,0.541003
44337,0.222762,1.95683,0.90156
44338,-0.0470813,-0.442699,-0.237141
44339,-0.0660484,-0.246841,-0.179221
44340,0.0400864,0.0858225,0.085994
44341,0.0534037,0.800786,0.333412
44342,-0.137343,-2.06983,-0.892653
44343,0.224645,1.49329,0.791354
44344,0.0351092,0.336968,0.134736
44345,-0.0356473,-0.433552,-0.235743
44346,-0.00712946,-0.0265001,-0.0558759
44347,-0.114878,-0.822309,-0.353924
44348,0.0235407,0.386739,0.133751
44349,-0.0367234,-0.412298,-0.176614
44350,0.0762717,0.810202,0.321625
44351,0.00067259,-0.0208503,-0.059871
44352,-0.0598605,-0.117972,-0.119212
44353,-0.10183,-0.93369,-0.399331
44354,0.0907997,0.541973,0.260508
44355,-0.00538072,-0.0129137,-0.0188737
44356,0.0551524,0.429382,0.184069
44357,0.268094,1.73057,0.933931
44358,-0.106673,-1.04978,-0.496273
44359,0.0121066,0.363468,0.080131
44360,-0.0470813,-0.454671,-0.176695
44361,-0.00632235,-0.0169493,-0.0120109
44362,0.00067259,-0.0127792,-0.0146338
44363,-0.102503,-1.43329,-0.613621
44364,-0.00255584,-0.0344366,-0.0477639
44365,-0.0156041,-0.0252894,-0.023984
44366,-0.000538072,-0.0119721,-0.0286396
44367,-0.151064,-2.31358,-1.00003
44368,0.156579,0.813565,0.428744
44369,0.204736,3.02316,1.33767
44370,0.00605331,-0.0573047,-0.0587467
44371,-0.0215229,-0.454267,-0.186595
44372,-0.124698,-1.00391,-0.440573
44373,-0.0517895,-1.44513,-0.654082
44374,-0.0188325,0.390102,0.169907
44375,0.00067259,0.0014797,-0.00692139
44376,0.0430458,0.489108,0.179348
44377,0,0.0269036,-0.00285315
44378,0.115013,0.175815,0.250313
44379,0.00201777,0.0356473,0.0131809
44380,-0.0489646,-0.160615,-0.141571
44381,-0.0396828,-0.354321,-0.11131
44382,-0.0651067,-1.54252,-0.679516
44383,0.0107614,0.0472158,0.0396743
44384,-0.109767,-1.20595,-0.566088
44385,-0.0793657,-0.535113,-0.20804
44386,0.0914723,0.814238,0.346756
44387,0.0121066,0.129541,0.0254059
44388,-0.074254,-1.30765,-0.526376
44389,0.0304011,0.276031,0.0460579
44390,-0.0772134,-1.2451,-0.465548
44391,0.00376651,0.317194,0.102062
44392,0.103041,0.975121,0.427492
44393,0.232582,2.05153,0.985365
44394,-0.0813834,-1.09054,-0.57817
44395,0.00417006,0.477674,0.164059
44396,0.0465432,0.445793,0.179084
44397,-0.193302,-2.40491,-1.04713
44398,0.0396828,0.0398173,0.0434402
44399,-0.0828631,-0.336026,-0.25373
44400,0.0216574,-0.30845,-0.0858827
44401,0.000403554,0.0271726,0.0169115
44402,0.130483,1.03969,0.488501
44403,0.171645,3.42631,1.33581
44404,0,-0.0275762,-0.032614
44405,-0.00201777,-0.0154696,-0.0180488
44406,0.000134518,-0.482247,-0.225535
44407,0.0577082,1.1239,0.466624
44408,0.033495,0.0998124,0.0755674
44409,0.120797,1.12309,0.531317
44410,0.022599,0.560268,0.16681
44411,0.0542108,0.0645687,0.0993988
44412,0.0305356,0.0252894,0.0575283
44413,0.252625,3.43976,1.45622
44414,-0.029863,-0.108825,-0.170316
44415,-0.109229,-1.64435,-0.675814
44416,-0.000269036,-0.0137208,-0.0154957
44417,0.0364544,0.566725,0.238605
44418,-0.00605331,0.00699494,-0.0324485
44419,0.018429,-0.0488301,-0.0324606
44420,0,0.0270381,0.019627
44421,-0.0870332,-1.62511,-0.752301
44422,0.00269036,0.430458,0.139068
44423,0.0067259,0.0336295,0.0111131
44424,0,0.0134518,-0.00248622
44425,-0.00941626,-0.026231,-0.017593
44426,0,0.0807108,0.0191574
44427,-0.00201777,0.0107614,-0.00383257
44428,0.107614,1.12659,0.564411
44429,-0.0221955,-0.00874367,-0.0322247
44430,-0.0840738,-1.10533,-0.568911
44431,-0.0121066,-0.0255584,-0.0136146
44432,-0.00134518,-0.00134518,-0.00799873
44433,0.0134518,0.0404899,0.0181247
44434,0.0212539,0.0750611,0.0542678
44435,0.0255584,0.925888,0.376645
44436,0.0168148,0.00336295,0.00867795
44437,0.0127792,0.109498,0.0861814
44438,0.000403554,-0.597395,-0.304338
44439,0.0478884,0.666133,0.340086
44440,-0.015066,-0.632369,-0.349943
44441,0.000134518,0.00349747,0.00910246
44442,0,-7.58942e-19,-0.00775074
44443,0.0573047,0.626182,0.313154
44444,-0.0406245,0.312485,0.0404394
44445,-0.117703,-1.58678,-0.718441
44446,0.0102234,-0.0243478,-0.0260757
44447,-0.118376,-1.10251,-0.497328
44448,0.0563631,0.564572,0.236022
44449,-0.0834012,-2.19897,-0.966071
44450,0.0242133,0.482382,0.192966
44451,-0.0228681,-0.0235407,-0.0349854
44452,-0.00161422,0.130079,0.0866001
44453,0.0181599,0.0316117,0.0205647
44454,-0.0941626,-2.67139,-1.09564
44455,0.0269036,0.243209,0.12762
44456,0.00551524,-0.0112995,-0.00937495
44457,0.119856,2.04427,0.759866
44458,-0.063358,-2.11758,-0.79054
44459,-0.00349747,0.0800382,0.0361943
44460,0.0355128,0.61838,0.234373
44461,0.14501,2.18619,0.907124
44462,-0.0134518,-0.0359163,-0.0704805
44463,-0.180389,-3.04751,-1.19215
44464,-0.0395483,-0.970951,-0.458902
44465,-0.131828,-1.87733,-0.864225
44466,0.0431803,0.6851,0.343522
44467,-0.181868,-1.79286,-0.990294
44468,-0.273206,-4.13952,-1.95575
44469,-0.171241,-3.09311,-1.38628
44470,0.173528,3.26031,1.51761
44471,-0.00201777,0.667075,0.211832
44472,0,-0.0504443,-0.0277477
44473,0.474311,5.19885,2.40705
44474,0.0263655,0.428306,0.188942
44475,0.00336295,-0.0100889,-0.0112188
44476,-0.0158731,-0.0286523,-0.0514028
44477,0,-0.0134518,-0.00997777
44478,0.0135863,-0.00497717,0.000155376
44479,0.0363199,0.0551524,-0.00367071
44480,0.0543453,1.38728,0.579741
44481,-0.12981,-0.843697,-0.532479
44482,-0.0347057,-0.378668,-0.111573
44483,-0.0161422,-0.0193706,-0.0328849
44484,-0.0356473,-0.872215,-0.454172
44485,-0.241191,-1.95024,-1.02891
44486,-0.105059,-1.43248,-0.699955
44487,-0.100485,-1.60991,-0.628058
44488,0.221282,3.72252,1.68212
44489,0.00269036,0.00269036,-0.0164498
44490,-0.00134518,-0.0242133,-0.0232857
44491,0.21644,1.92643,0.978359
44492,-0.0795002,-0.0795002,-0.111338
44493,-0.0578428,-0.593225,-0.295538
44494,-0.0825941,-1.02113,-0.514553
44495,-0.112995,-1.41069,-0.670364
44496,0.00457361,-1.05355,-0.459509
44497,-0.122411,-1.75143,-0.748317
44498,0.0972566,0.65443,0.380653
44499,0.0473504,1.39145,0.554672
44500,-0.011434,-0.0143934,-0.00915685
44501,-0.123488,-1.0596,-0.548684
44502,-0.0161422,-0.00269036,-0.0073008
44503,0.022599,-0.297285,-0.117753
44504,0.0840738,0.657121,0.330127
44505,0.484131,4.66024,2.41344
44506,0.0552869,0.0629545,0.0724872
44507,-0.0182945,-0.0457361,-0.0457926
44508,0.00255584,0.00255584,-0.0173459
44509,0.0546143,0.951446,0.436493
44510,-0.149584,-1.00606,-0.609235
44511,0.0637616,0.429382,0.340899
44512,0.0134518,0.00134518,0.00218845
44513,0.0336295,0.546143,0.205352
44514,-0.026231,-0.0235407,-0.0214897
44515,0.0304011,0.0536727,0.056825
44516,-0.161825,-0.996241,-0.570418
44517,0.0290559,0.0357818,0.0402454
44518,-0.135056,-1.48616,-0.643925
44519,0.0515204,0.0333605,0.048962
44520,-0.0492336,-0.0532692,-0.0571512
44521,0.0227336,0.554214,0.217902
44522,0.00591879,0.00726398,-0.0166343
44523,0.0208503,0.0209848,0.0175757
44524,0.220879,1.90693,0.949916
44525,-0.12981,-1.52436,-0.722191
44526,-0.0501752,-1.04063,-0.462508
44527,0.041028,0.593763,0.259667
44528,-0.0676626,-0.583539,-0.229834
44529,-0.00632235,-0.0174873,-0.0170078
44530,0.108287,1.59592,0.667451
44531,0.00538072,-0.00807108,-0.00865763
44532,0.0138554,0.0306701,0.0143405
44533,-0.359701,-3.18539,-1.57174
44534,0.0525966,0.503098,0.305187
44535,0.0692768,0.653489,0.31449
44536,0.0376651,0.0216574,0.0135578
44537,-0.266346,-4.83471,-2.215
44538,-0.231909,-0.770116,-0.474868
44539,0.0269036,0.594435,0.213773
44540,0.00403554,0.0082056,-0.00410079
44541,-0.508747,-4.99802,-3.03397
44542,0.14528,2.32353,1.07023
44543,0.0758682,0.98521,0.416527
44544,0.0196396,0.592149,0.189912
44545,-0.684428,-1.76057,-1.21443
44546,0.0349747,0.614344,0.250809
44547,-0.0390102,-0.97835,-0.471131
44548,-0.0146625,-0.00860916,0.0364149
44549,0.0269036,0.0217919,0.00457044
44550,0.0948352,1.63184,0.673836
44551,-0.425212,-1.3815,-0.916899
44552,0.161422,2.01939,0.863582
44553,0.00605331,0.0174873,0.00748415
44554,-0.0254239,0.355128,0.0720603
44555,0.0308046,0.372615,0.142224
44556,-0.0174873,-0.293787,-0.11476
44557,-0.0161422,0.0290559,-0.0257594
44558,-0.0082056,-0.0769443,-0.0988535
44559,0.0665864,0.49691,0.259067
44560,0.00322843,-0.311006,-0.115766
44561,0.0266346,0.60856,0.237862
44562,0,-0.011434,-0.00943581
44563,0.0177564,0.872484,0.297198
44564,0,0.348536,0.0944812
44565,-0.0343021,-0.871543,-0.297864
44566,-0.118914,-1.46114,-0.624218
44567,-0.000269036,-0.0153351,-0.0306051
44568,0.0252894,1.02947,0.361382
44569,0.102099,2.35151,0.851524
44570,0.00847464,0.0203122,0.00689819
44571,-0.00269036,-0.0960459,-0.100773
44572,0.0161422,0.434897,0.125268
44573,-0.0878403,-0.835761,-0.318131
44574,-0.014528,-0.04466,-0.0810784
44575,0.0430458,0.04466,0.0702898
44576,-0.0152005,-0.0283833,-0.0294328
44577,0.0299975,0.381359,0.125503
44578,-0.0486955,-0.481844,-0.254995
44579,0.0504443,0.0504443,0.0721574
44580,0.00282488,0.00807108,0.00406599
44581,0.123488,1.50593,0.69883
44582,-0.0476194,0.266749,0.0553706
44583,-0.067259,0.257602,0.00755368
44584,-0.208907,-2.34546,-1.10577
44585,0.0624164,1.30792,0.542635
44586,0.0508478,0.960997,0.407273
44587,-0.216978,-3.90533,-1.78561
44588,0.030132,0.640844,0.241986
44589,-0.180792,-2.93505,-1.30686
44590,0.0138554,-0.0157386,0.00212644
44591,0.0273072,0.0180254,0.00259551
44592,0.0352437,0.897101,0.330325
44593,-0.0100889,0.0176219,0.00715224
44594,-0.0203122,-0.0586499,-0.0731992
44595,0,-0.0351092,-0.067322
44596,-0.0423732,-0.457899,-0.222631
44597,-0.0100889,-0.037396,-0.0493095
44598,0.0134518,0.0269036,0.0302637
44599,-0.0392793,-0.0601296,-0.0415054
44600,-0.0149315,-0.581791,-0.221527
44601,0.00834012,0.00928175,-0.00605311
44602,-0.230833,-3.38326,-1.5289
44603,0.055825,1.02516,0.433469
44604,-0.0735814,-0.520181,-0.261271
44605,0.00659139,0.0377996,0.0169293
44606,-0.197203,-1.8468,-0.96326
44607,0.029594,0.0246168,0.0194604
44608,0.0995434,1.67542,0.717537
44609,0.0182945,0.0700839,0.0709661
44610,-0.104924,-1.07628,-0.486824
44611,-0.237828,-1.76003,-1.06178
44612,-0.055825,-0.837913,-0.412789
44613,0.0925484,0.626182,0.355613
44614,-0.10331,-1.27523,-0.706808
44615,-0.16882,-2.82596,-1.35361
44616,-0.0414316,0.022061,-0.151366
44617,-0.00739849,0.345711,0.122964
44618,0.00282488,0.00363199,-0.00972513
44619,0.00336295,-0.00269036,-0.00628935
44620,0.3293,3.8078,1.94287
44621,-0.0812489,-1.05193,-0.532215
44622,-0.0328224,-0.059726,-0.0531767
44623,0,0.0134518,-0.00405129
44624,0.0344366,0.0209848,0.012296
44625,0.189267,1.58355,0.851049
44626,0,-0.0376651,-0.0431419
44627,0.0955078,1.31626,0.551605
44628,-0.0450636,-0.449694,-0.209736
44629,-0.0349747,-0.525159,-0.239188
44630,0.014797,0.0282488,0.0160433
44631,0.0302666,0.832667,0.23
44632,-0.0363199,-0.00497717,-0.00363912
44633,0.0795002,1.03081,0.493915
44634,0.0593225,0.951715,0.366064
44635,-0.0873022,-0.118107,-0.165619
44636,0.202315,3.13333,1.32573
44637,0.0610712,1.04547,0.404862
44638,-0.0852845,-0.570895,-0.28738
44639,0.0538072,0.54695,0.251084
44640,0.201777,3.17234,1.68744
44641,-0.109229,-0.721017,-0.423542
44642,0.0905307,0.581387,0.306601
44643,0.0127792,0.433821,0.187123
44644,0.0166802,-0.388219,-0.157307
44645,0.0504443,0.525428,0.338948
44646,-0.0605331,-0.53861,-0.353143
44647,0.0363199,0.048561,0.059591
44648,-0.0201777,-0.108825,-0.103824
44649,0.0139899,0.412567,0.203337
44650,-0.0451981,-0.881766,-0.495261
44651,-0.00497717,-0.0107614,-0.0330471
44652,-0.0320153,-0.464356,-0.213433
44653,-0.0200432,-0.00659139,-0.0281804
44654,-0.212808,-2.26098,-1.16415
44655,-0.00470813,0.427498,0.1704
44656,0.0414316,-0.387412,-0.172399
44657,0.00403554,0.0174873,0.00263621
44658,0.0135863,0.037127,0.036004
44659,0.0359163,0.873291,0.42358
44660,-0.0458707,-0.983193,-0.52097
44661,-0.0454671,-0.0119721,-0.0272215
44662,-0.059457,-0.548296,-0.240604
44663,0.0154696,0.0290559,0.0158728
44664,-0.0536727,-1.36415,-0.608899
44665,-0.0945662,-1.07345,-0.470886
44666,0.122142,2.3998,0.996875
44667,-0.0691423,-0.918758,-0.452492
44668,0.0733123,1.05933,0.541131
44669,0.0338986,0.0347057,0.0343128
44670,-0.0665864,-1.01319,-0.511274
44671,-0.0365889,-0.037396,-0.0559669
44672,0,0.0134518,-0.00248622
44673,-0.0686042,-1.02099,-0.462602
44674,-0.0174873,-0.952522,-0.408712
44675,0.070622,0.876251,0.37473
44676,0.0067259,0.91822,0.308106
44677,-0.0102234,-0.942165,-0.331014
44678,0.0504443,0.532826,0.215428
44679,-0.0316117,0.434897,0.12079
44680,0.0380686,0.451443,0.212769
44681,-0.226663,-2.14381,-1.06552
44682,0.0773479,0.609098,0.31751
44683,-0.0813834,-0.570222,-0.297177
44684,-0.0538072,-1.05718,-0.401771
44685,0.0302666,0.486955,0.153547
44686,0.199759,2.68094,1.17152
44687,-0.00659139,-0.0274417,-0.0348081
44688,-0.0403554,-0.434897,-0.221097
44689,0.0418351,0.0442564,0.0443479
44690,-0.0197742,-0.499466,-0.181805
44691,0.154023,2.07333,0.971852
44692,0.0347057,0.0976601,0.0966001
44693,-0.0309392,-0.552735,-0.30271
44694,-0.112861,-1.06902,-0.634148
44695,0.00161422,0.041297,0.0434201
44696,0.0379341,0.503232,0.246636
44697,-0.0359163,-0.517222,-0.285083
44698,-0.0134518,-0.0138554,-0.0262846
44699,0.033764,0.514935,0.267434
44700,0.000134518,-0.0548834,-0.0803344
44701,-0.107076,-1.02705,-0.515451
44702,0.0100889,0.0134518,0.0149966
44703,0.0169493,0.462877,0.156252
44704,0.0096853,0.0260965,0.010148
44705,-0.178775,-2.26004,-1.02798
44706,0,-0.0149315,-0.0120696
44707,0.0807108,1.11314,0.506591
44708,-0.0632235,-1.12215,-0.532708
44709,0.00269036,0.503501,0.158152
44710,-0.179178,-1.75936,-0.883348
44711,0.04466,0.582329,0.267186
44712,0.0104924,0.000403554,-0.0172924
44713,-0.0157386,-0.0344366,-0.0568647
44714,0.00955078,0.0367234,0.0163652
44715,-0.0751956,-1.45831,-0.629243
44716,-0.0139899,-0.0274417,-0.0489205
44717,0.0345711,0.523544,0.236134
44718,-0.205275,-2.0175,-1.0228
44719,-0.0963149,-0.916606,-0.461712
44720,0.0523275,0.836433,0.356272
44721,-0.251145,-1.85891,-0.991953
44722,0.033764,0.0270381,-0.0557096
44723,-0.0248858,-0.530001,-0.224905
44724,-0.149046,-1.38661,-0.682617
44725,0.168148,1.12524,0.605757
44726,0.0589189,1.3706,0.557897
44727,0.0364544,0.490184,0.257898
44728,0.0219264,0.947007,0.369957
44729,0.010896,0.381224,0.103543
44730,0.0870332,0.66425,0.363706
44731,-0.10479,-0.155368,-0.227731
44732,0,-0.00121066,-0.0266118
44733,0.108825,1.03512,0.573631
44734,-0.3293,-2.22385,-1.29825
44735,0.0391448,0.410818,0.183048
44736,0.00067259,-0.0127792,-0.0305617
44737,0.0793657,1.41769,0.594507
44738,0.0539417,1.0066,0.411971
44739,0.15483,1.65874,0.6829
44740,-0.109632,-1.10264,-0.539748
44741,-0.0403554,-0.0538072,-0.0813275
44742,0.186038,2.16049,0.963439
44743,0.00457361,-0.0115686,-0.0422976
44744,0.0277107,0.522737,0.199921
44745,0.0547489,1.19479,0.52064
44746,-0.158866,-1.8316,-0.889835
44747,-0.0879748,-1.13062,-0.488659
44748,-0.0383376,-0.51507,-0.247198
44749,-0.0052462,-0.544529,-0.186649
44750,-0.113264,-2.46383,-1.06085
44751,0.0910687,0.890644,0.334583
44752,0.0733123,1.56485,0.64734
44753,-0.0343021,-0.627392,-0.333876
44754,-0.0940281,-1.57776,-0.699021
44755,0.0180254,0.00457361,-0.00853525
44756,0.0462742,2.0479,0.83651
44757,-0.030132,-1.10937,-0.523093
44758,0.00215229,-0.00470813,-0.0258381
44759,0.0439874,0.520988,0.210278
44760,0.0314772,0.571971,0.254608
44761,-0.0464087,-0.516011,-0.25264
44762,-0.0326879,-0.562824,-0.268061
44763,0.00201777,0.00551524,-0.00638237
44764,0.0110305,0.0185635,0.00689516
44765,-0.0306701,-0.432341,-0.20592
44766,0.0254239,0.43974,0.202938
44767,-0.00712946,-0.367638,-0.124662
44768,-0.0862261,-0.633042,-0.340274
44769,0.00941626,0.00793657,0.0026043
44770,0.137746,2.10279,0.931486
44771,-0.00390102,-0.00121066,-0.0303785
44772,-0.0290559,-0.47458,-0.164098
44773,-0.0827286,-0.671245,-0.39436
44774,0.0450636,0.085419,0.0993187
44775,-0.0188325,-0.410549,-0.187267
44776,-0.0304011,-0.0438529,-0.0540766
44777,-0.146221,-1.89657,-0.889457
44778,-0.151871,-1.05852,-0.582745
44779,-0.108825,-0.978215,-0.544893
44780,0.0181599,0.410146,0.184342
44781,-0.185366,-3.28574,-1.53663
44782,0.0235407,0.543453,0.256597
44783,0.00981982,-0.0305356,-0.0635553
44784,-0.106673,-0.949832,-0.550511
44785,0.0282488,0.459917,0.27486
44786,0,0,-0.00911326
44787,0.000269036,0.407186,0.123928
44788,0.0110305,-0.304145,-0.0861039
44789,0.517356,3.35246,1.81431
44790,-0.0382031,-0.509689,-0.205832
44791,0.0414316,0.893334,0.397456
44792,0.0599951,0.888223,0.444057
44793,0.130886,0.906652,0.402583
44794,-0.186711,-1.85648,-1.02141
44795,0.10896,1.30254,0.689888
44796,-0.00538072,-0.347864,-0.173734
44797,-0.0255584,0.371808,0.0482358
44798,-0.066721,-0.898312,-0.425754
44799,0.0875713,0.0768098,0.0961427
44800,-0.0215229,-0.446196,-0.192214
44801,0.055556,0.850961,0.352507
44802,-0.0645687,-0.105597,-0.142382
44803,-0.00470813,-0.734738,-0.25024
44804,0.074254,0.915799,0.371458
44805,0.21079,1.95589,0.979897
44806,0.00107614,-0.419024,-0.16186
44807,0.000403554,0.014528,0.0138621
44808,0,0.379744,0.0995847
44809,-0.00941626,-0.388354,-0.124085
44810,0.0195051,0.793388,0.25054
44811,-0.00538072,-0.385932,-0.125342
44812,0.00538072,0.00538072,-9.80431e-06
44813,-0.0067259,0.387412,0.0927572
44814,0.0173528,-0.387008,-0.10368
44815,-0.0212539,0.38378,0.0964959
44816,0.0119721,-0.366158,-0.0818996
44817,-0.0134518,0.0135863,-0.0175643
44818,0,0.0129137,0.0122969
44819,0.0134518,0.00578428,-0.0139342
44820,0.0106269,0.0178909,0.00665572
44821,-0.033495,-0.384587,-0.131244
44822,0.311275,1.16479,0.693548
44823,0.664788,9.00276,4.36063
44824,-0.0846119,-0.613402,-0.335816
44825,0.0476194,0.539821,0.180612
44826,-0.137074,-1.18672,-0.598557
44827,0.0207158,1.07789,0.431008
44828,0.0930865,1.06215,0.57768
44829,-0.0162767,-0.432879,-0.22397
44830,0.00834012,-0.0304011,-0.0406898
44831,-0.114609,-1.03095,-0.551393
44832,0.23998,2.17354,1.15327
44833,-0.312216,-3.94864,-1.90671
44834,0.029594,0.496506,0.239765
44835,-0.128868,-1.78102,-0.89033
44836,0.00242133,0.00578428,-0.00505944
44837,0.0875713,1.79084,0.733403
44838,-0.117165,-1.68726,-0.707194
44839,-0.165726,-2.47755,-1.18004
44840,0.00618783,0.0466778,0.00838333
44841,-0.0816525,-1.08327,-0.490178
44842,-0.0235407,-0.0197742,-0.0917325
44843,-0.00309392,0.930327,0.317881
44844,-0.00618783,-0.423194,-0.129423
44845,-0.063627,-1.00001,-0.391667
44846,0.0164112,0.029594,0.0163339
44847,0.0949698,1.46383,0.513889
44848,-0.13667,-1.56135,-0.684582
44849,-0.0134518,0,-0.019561
44850,0.0168148,-0.00282488,-0.0361836
44851,0.0430458,0.0976601,0.104842
44852,-0.0134518,-0.0269036,-0.0328151
44853,0.13546,1.58382,0.708425
44854,0.117838,2.96263,1.34528
44855,-0.109229,0.303607,-0.0474843
44856,0.0181599,-0.00955078,0.0214026
44857,0.0208503,0.0360508,0.0238515
44858,-0.0464087,-0.579907,-0.310106
44859,0.0263655,0.413778,0.149538
44860,-0.0160076,-1.06202,-0.393345
44861,-0.0377996,-0.0696804,-0.112309
44862,-0.235407,-2.58234,-1.25726
44863,-0.0121066,-0.0255584,-0.0467828
44864,0.00538072,0.018967,0.0202419
44865,0.0217919,0.0493681,0.0321333
44866,0.0723707,0.730164,0.401113
44867,0.0924139,2.33981,0.927789
44868,-0.217919,-3.29273,-1.63807
44869,0.0352437,0.014797,0.0109298
44870,0.0014797,0.00242133,-0.00441671
44871,0.0391448,0.0945662,0.114651
44872,0.0430458,0.6434,0.282419
44873,-0.0464087,-0.709717,-0.404693
44874,-0.0291904,-0.0291904,-0.0461655
44875,0.0945662,1.29985,0.663392
44876,0.0283833,0.73124,0.331222
44877,0.0195051,0.0195051,0.0156452
44878,0.0535382,1.76017,0.653601
44879,-0.126581,-2.56647,-1.15075
44880,-0.052462,-0.102234,-0.147687
44881,0.0981982,0.796481,0.427655
44882,0.0512514,0.570895,0.251811
44883,0.0497717,1.19788,0.4607
44884,-0.0743885,-1.25102,-0.555573
44885,0.0457361,0.698149,0.273743
44886,-0.096853,-1.28599,-0.550131
44887,-0.161691,-2.01212,-1.00061
44888,0.167879,1.95724,0.898272
44889,-0.0158731,0.474714,0.125192
44890,0.0777514,1.30133,0.556617
44891,-0.128465,-1.34881,-0.638554
44892,0.125774,0.639768,0.337001
44893,-0.0430458,-0.558519,-0.254713
44894,0.0107614,0.0445255,0.0375667
44895,0.0528656,1.27362,0.511114
44896,-0.00282488,-0.515339,-0.213974
44897,0.0587844,1.27725,0.507117
44898,-0.0490991,-0.785316,-0.357504
44899,-0.245495,-2.71659,-1.3382
44900,0.0267691,0.0551524,0.0343983
44901,0.0304011,0.0586499,0.058815
44902,-0.0867642,-0.102637,-0.14819
44903,-0.0134518,-0.0536727,-0.0603888
44904,-0.0808454,-1.84949,-0.84388
44905,0.0368579,0.0879748,0.0644506
44906,0.0121066,0.0652413,0.0278008
44907,-0.0185635,-0.0589189,-0.047665
44908,-0.0269036,-0.0267691,-0.0432542
44909,-0.193033,-2.65727,-1.21035
44910,0.0286523,0.0591879,0.0194711
44911,-0.0176219,-0.0579773,-0.066532
44912,-0.158462,-2.44635,-1.08648
44913,-0.0951043,-0.144472,-0.178994
44914,-0.077886,-2.2108,-0.914803
44915,0.00538072,0.0221955,0.00530059
44916,-0.0321498,-0.0481575,-0.0529378
44917,0.149315,2.25439,0.919601
44918,0.0417006,0.622012,0.255811
44919,0.0195051,1.16533,0.437006
44920,-0.0134518,-0.0269036,-0.0484903
44921,-0.0836702,-2.36079,-0.915948
44922,-0.030132,-0.63775,-0.277077
44923,0.0473504,0.569549,0.178925
44924,-0.00269036,-0.0196396,-0.0357507
44925,-0.0106269,0.0118376,0.0202214
44926,0.0107614,-0.0336295,-0.063395
44928,-0.0271726,-0.0283833,-0.0442008
44929,0,-0.0403554,-0.0242992
44930,0,0.00161422,-0.00900466
44931,-0.0325534,-0.559999,-0.211612
44932,0.00134518,-0.00201777,-0.0240573
44933,0.0279798,0.663309,0.265852
44934,-0.052193,-0.0690078,-0.0829949
44935,-0.0737159,-1.29339,-0.646372
44936,-0.106404,-1.78129,-0.78646
44937,0.234734,2.74928,1.26357
44938,0.0632235,1.28155,0.59334
44939,-0.0133173,-0.0267691,-0.0483195
44940,0.0134518,0.0941626,0.0451477
44941,-0.0554214,-0.0823251,-0.108138
44942,-0.056094,-1.20259,-0.472948
44943,0.0234061,0.0400864,0.0530958
44944,0.102503,1.3324,0.587808
44945,0.109498,1.95441,0.874756
44946,-0.000134518,-0.0135863,-0.0344082
44947,0.177295,1.99665,0.995268
44948,0.018429,0.0117031,0.0142474
44949,-0.00269036,0.0138554,-0.0205142
44950,-0.0355128,-0.110036,-0.120776
44951,0.00201777,0.0154696,-0.00766388
44952,0,0.000134518,-0.00212399
44953,-0.00161422,-0.0325534,-0.018485
44954,0.00188325,0.58058,0.196898
44955,-0.107211,-1.31518,-0.616195
44956,-0.211328,-3.42241,-1.59954
44957,0.00618783,0.00349747,-0.00685986
44958,-0.0835357,-0.137343,-0.158947
44959,-0.0197742,-0.0212539,-0.0576113
44960,-0.0852845,-1.82541,-0.802675
44961,-0.0585154,-0.085419,-0.127993
44962,-0.0104924,0.0164112,0.0221728
44963,-0.222224,-1.76689,-0.974513
44964,0.0247513,-1.05973,-0.482447
44965,0.0656448,0.659811,0.396093
44966,-0.0269036,-0.0361854,-0.0595919
44967,0.0470813,0.561344,0.257792
44968,-0.0955078,-0.636405,-0.404105
44969,0.178102,2.35918,1.15206
44970,0.0258275,0.0624164,0.0524765
44971,0.170569,3.07912,1.41709
44972,-0.287196,-3.02625,-1.54587
44973,0.00807108,-0.0258275,0.0300933
44974,0.00605331,-0.00618783,-0.023654
44975,0.0107614,0.0242133,0.0268488
44976,0.00269036,0.0281143,0.00657405
44977,0.0578428,-0.00726398,0.0551471
44978,-0.00417006,-0.00430458,-0.0142306
44979,-0.0146625,-0.0282488,-0.0500776
44980,0.00807108,0.0215229,-0.0106221
44981,-0.0772134,-0.592283,-0.285698
44982,-0.0130483,-0.0130483,-0.0256758
44983,0.0788276,0.635598,0.340064
44984,-0.00336295,0.0100889,0.00892025
44985,-0.063358,-0.66304,-0.399407
44986,0.0395483,0.0803073,0.0922565
44987,0.0815179,0.711197,0.445531
44988,-0.044391,-0.0712946,-0.0941365
44989,-0.0278452,-0.611116,-0.33921
44990,-0.0605331,-0.0862261,-0.111713
44991,0.044929,0.102099,0.122178
44992,-0.17864,-1.95993,-1.08979
44993,0.0160076,-0.523141,-0.253053
44994,-0.00067259,0.0127792,-0.00359271
44995,-0.129541,-0.223569,-0.227917
44996,0.143262,0.227336,0.254314
44997,0.0390102,0.0390102,0.0436324
44998,-0.00457361,-0.0309392,-0.0436586
44999,-0.10479,-0.147432,-0.198705
45000,-0.66304,-6.38961,-3.32391
45001,-0.0605331,-0.827824,-0.415256
45002,0.376247,3.30847,1.79233
45003,-0.0387412,-0.702588,-0.329594
45004,-0.0100889,-0.0235407,-0.0614618
45005,-0.231909,-3.33067,-1.48889
45006,0.599143,7.52763,3.64087
45007,-0.300379,-3.67611,-1.69559
45008,0.0894545,1.35016,0.584718
45009,-0.238231,-2.90922,-1.39105
45010,0.137343,0.945662,0.560513
45011,-0.0638961,0.610174,0.147602
45012,-0.0134518,0.0134518,0.0184164
45013,0.256526,2.88245,1.40255
45014,-0.0134518,-0.00336295,0.00983529
45015,0.129406,2.38796,1.088
45016,-0.207158,-2.49908,-1.23836
45017,0.0133173,0.0265001,0.013719
45018,-0.074792,-0.713753,-0.364167
45019,-0.0104924,-1.24752,-0.49877
45020,0.085419,1.43275,0.667778
45021,-0.138419,-2.09714,-0.976342
45022,0.0121066,0.0536727,0.0593992
45023,-0.131962,-0.798768,-0.480366
45024,0.0125102,0.0110305,0.0077309
45025,0.00161422,0.00161422,0.00886364
45026,0.228412,3.36981,1.42929
45027,0.215229,2.61153,1.28117
45028,-0.142858,-1.3433,-0.726375
45029,0.011434,0.56094,0.20308
45030,0.0322843,0.627796,0.316573
45031,0.105597,0.79258,0.457085
45032,0.117703,1.78142,0.835398
45033,-0.232044,-2.59028,-1.40382
45034,-0.101561,-0.181465,-0.255438
45035,0.126447,0.804418,0.534493
45036,-0.00887819,-0.0625509,-0.0781748
45037,0.0174873,0.587037,0.213699
45038,-0.0733123,-0.666268,-0.366119
45039,0.078424,0.685639,0.355724
45040,-0.0380686,-0.0260965,-0.049084
45041,0.251549,2.06714,1.22814
45042,-0.0590534,-0.0617438,-0.119768
45043,0.254777,2.15229,1.01409
45044,-0.0174873,0.570626,0.218666
45045,-0.0793657,-0.730568,-0.451322
45046,-0.0269036,-0.070622,-0.0841419
45047,-0.13129,-1.87962,-0.865807
45048,0.111381,1.89549,0.845561
45049,0.135863,1.96275,0.958724
45050,-0.00309392,-0.00215229,-0.00856955
45051,-0.0655103,-0.703799,-0.381767
45052,0.0107614,-0.553273,-0.267951
45053,0.0914723,1.30119,0.663333
45054,0.0160076,0.544664,0.176013
45055,0.126851,2.65337,1.08253
45056,-0.0309392,-0.0679316,-0.0765482
45057,-0.0765408,-0.733258,-0.354663
45058,0.0741195,0.743481,0.307444
45059,-0.223165,-2.16144,-1.03497
45060,0.0100889,-0.0181599,-0.0461442
45061,-0.291501,-2.70368,-1.37347
45062,-0.240653,-1.97284,-0.991878
45063,-0.194782,-3.06688,-1.4584
45064,0.0134518,0.00336295,0.00213923
45065,-0.16613,-2.17516,-1.04353
45066,0.0955078,1.63843,0.700852
45067,0.229084,2.31909,1.13279
45068,-0.173528,-2.41662,-1.13389
45069,0.0322843,2.29232,0.959332
45070,0.0679316,1.16546,0.576359
45071,-0.0403554,-0.0274417,-0.0317562
45072,-0.421983,-3.48657,-2.0435
45073,-0.000403554,-0.465971,-0.158473
45074,-0.0800382,-0.854593,-0.49014
45075,0.00067259,0.7229,0.281924
45076,-0.270919,-2.73058,-1.39262
45077,-0.191688,-3.00177,-1.36602
45078,0.0668555,-0.82352,-0.251059
45079,-0.148642,0.682814,0.106886
45080,0.133845,0.148642,0.201973
45081,-0.456151,-4.18217,-2.33426
45082,0.037127,0.640306,0.257163
45083,0.215094,1.54198,0.777983
45084,-0.106807,-1.35137,-0.614409
45085,-0.301724,-3.46196,-1.77946
45086,0.203122,0.25693,0.30064
45087,0.110977,1.27362,0.662086
45088,-0.0417006,0.68806,0.205769
45089,0.0665864,0.691557,0.372407
45090,-0.137746,-1.54359,-0.80993
45091,0,0,-0.00911326
45092,-0.251549,-1.53754,-0.866921
45093,0.214556,2.8655,1.36459
45094,0.0466778,0.0772134,0.0958485
45095,0.0201777,0.0351092,0.0395301
45096,-0.0644342,-0.0603986,-0.139294
45097,-0.026231,0.567532,0.178627
45098,0.0403554,0.0523275,0.0480092
45099,-0.0275762,-0.646628,-0.293286
45100,-0.0067259,-0.0348402,-0.047514
45101,-0.0134518,0.0134518,0.00248845
45102,0,-0.000269036,-0.00924074
45103,-0.187653,-2.26865,-1.0809
45104,-0.0590534,-0.588113,-0.300016
45105,-0.255853,-2.64503,-1.51846
45106,-0.409473,-4.07644,-2.25456
45107,0.0629545,0.640575,0.331816
45108,-0.033226,-0.50377,-0.200109
45109,0.0309392,0.00255584,0.0332252
45110,0.0067259,0.0201777,0.00579842
45111,-0.00699494,-0.0174873,-0.0170071
45112,-0.29177,-3.55881,-1.88854
45113,0.276838,4.11652,1.95902
45114,-0.110439,-0.151467,-0.194824
45115,-0.0503098,-1.8776,-0.757874
45116,0.070622,0.657121,0.290837
45117,-0.154023,-1.98226,-0.961568
45118,-0.0143934,-0.703126,-0.263611
45119,0.0566321,2.0405,0.81182
45120,-0.306432,-1.56942,-0.94977
45121,-0.101023,-2.07023,-0.966355
45122,0.0302666,1.31491,0.559147
45123,0.178371,1.50001,0.823538
45124,-0.223435,-3.30242,-1.45571
45125,0.176219,1.51454,0.765641
45126,-0.077886,0.204736,-0.226307
45127,0.164785,1.84236,0.866488
45128,0.00874367,-0.487359,-0.180872
45129,0.300244,4.06688,1.82285
45130,-0.0501752,-0.712273,-0.372818
45131,-0.130348,-2.28371,-1.10555
45132,0.116493,1.57655,0.765453
45133,0.298496,2.31331,1.27594
45134,-0.118107,-2.03701,-1.03519
45135,0.067259,1.39374,0.657578
45136,0.0228681,0.0314772,0.025057
45137,-0.0874367,-0.81787,-0.531436
45138,0.067259,0.784913,0.465626
45139,0.0294595,0.578428,0.224404
45140,0.00201777,-0.00699494,-0.0306675
45141,-0.0278452,-0.0547489,-0.0727654
45142,0,-0.0267691,-0.019598
45143,-0.0227336,-0.541032,-0.221954
45144,0.0067259,0.0598605,0.0566985
45145,0.0269036,0.0544798,0.0386217
45146,0.00497717,-0.0052462,-0.00825579
45147,0.0174873,0.555963,0.216801
45148,0.0305356,0.0977946,0.110811
45149,0.0180254,0.0176219,0.0128451
45150,-0.0282488,-0.0543453,-0.0732492
45151,0.578562,7.50207,3.74402
45152,-0.0753301,-0.904634,-0.434193
45153,-0.0390102,-0.0564976,-0.0716694
45154,-0.0270381,-0.0547489,-0.0536696
45155,0.0255584,0.0490991,0.0494326
45156,0.0115686,-0.0408935,-0.0500572
45157,0.0248858,0.0921449,0.0878484
45158,-0.0131828,-0.0266346,-0.0322208
45159,0.0180254,0.419427,0.1672
45160,-0.0625509,-0.562958,-0.35217
45161,0.0134518,0,0.00133449
45162,-0.194513,-1.24913,-0.619802
45163,-0.00739849,-0.00739849,-0.0185044
45164,0.0208503,0.0343021,0.0396549
45165,0.0174873,0.0578428,0.0470752
45166,0.205275,2.33026,1.17242
45167,-0.288272,-4.13132,-1.94696
45168,-0.322843,-3.73732,-1.83052
45169,0.0178909,0.0554214,0.0451854
45170,0.0768098,0.0917413,0.0941747
45171,0.121604,1.28962,0.672661
45172,-0.00659139,-0.0469468,-0.0653033
45173,-0.0470813,-0.0773479,-0.115136
45174,-0.0044391,-0.0454671,-0.066058
45175,0.0591879,0.135056,0.167819
45176,0.152274,1.99154,0.980838
45177,0.0232716,0.0614748,0.054457
45178,-0.0235407,-0.0637616,-0.0899091
45179,0.133576,1.78344,0.794854
45180,-0.0677971,0.0534037,0.0121409
45181,-0.283295,-3.82569,-1.88677
45182,-0.0408935,0.544395,0.145164
45183,0,0.022061,0.0321229
45184,-0.281412,-3.35892,-1.65927
45185,0.260023,2.66817,1.3362
45186,-0.0242133,-0.0659139,-0.104868
45187,0.00161422,-0.030132,-0.0374384
45188,-0.00349747,-0.0304011,-0.024989
45189,0.0727743,0.0586499,0.0606278
45190,0.102772,1.31438,0.610456
45191,0.029594,0.0699494,0.0621897
45192,0.0462742,0.591207,0.239642
45193,-0.0322843,0.495296,0.108159
45194,0.0868987,0.552197,0.270026
45195,0.0768098,1.14098,0.621396
45196,-0.0539417,-0.632638,-0.410229
45197,-0.0209848,0.0252894,0.00492812
45198,-0.117569,-1.28586,-0.772996
45199,0.0215229,0.0215229,0.0341343
45200,0.0227336,0.596453,0.288759
45201,-0.187115,-2.49692,-1.25228
45202,-0.0134518,0.0126447,-0.000177568
45203,0.136536,1.96625,0.891402
45204,-0.00686042,-0.00215229,-0.0255631
45205,-0.0267691,-0.0153351,-0.0195767
45206,0.0894545,0.692903,0.388654
45207,0.0548834,0.679182,0.378374
45208,-0.029594,-0.0699494,-0.113584
45209,-0.0230026,-1.15215,-0.491921
45210,0.0497717,0.615151,0.27526
45211,-0.100889,-0.656179,-0.352869
45212,0.00403554,0.0174873,0.00238346
45213,-0.110843,-0.218592,-0.297196
45214,-0.120528,-2.12929,-1.06711
45215,-0.29029,-3.43895,-1.61406
45216,-0.0236752,-0.0287869,-0.0423596
45217,0.0476194,0.142589,0.188262
45218,-0.0302666,-0.0429113,-0.0907929
45219,0.0516549,0.0489646,0.0558972
45220,-0.0403554,-0.0204467,-0.0368899
45221,-0.0314772,-0.0294595,-0.0481124
45222,0.111246,0.779263,0.43798
45223,0.163708,3.02908,1.33382
45224,0.15779,1.44809,0.814352
45225,0.134922,0.66304,0.355355
45226,-0.077886,-0.158597,-0.225862
45227,-0.00269036,0.0242133,0.0320762
45228,-0.0236752,0.0052462,-0.0101581
45229,0.0682007,0.0967185,0.106925
45230,-0.26648,-2.72022,-1.42035
45231,-0.189805,-3.20597,-1.43724
45232,-0.0014797,-0.636943,-0.326877
45233,-0.0834012,-1.17286,-0.643792
45234,-0.0528656,-0.499197,-0.219952
45235,0.0765408,0.56659,0.204387
45236,0,-0.00766753,-0.0128123
45237,-0.0578428,-0.026231,-0.0566207
45238,0.113264,0.676222,0.389565
45239,0.0647032,0.567128,0.269445
45240,0.033495,0.0208503,0.0235808
45241,-0.171107,-1.80321,-0.952242
45242,-0.105731,-2.74861,-0.903093
45243,0,-0.00269036,-0.0120218
45244,0.000403554,0.0679316,0.0308862
45245,-0.0464087,-1.58166,-0.453638
45246,0.0231371,1.5214,0.376598
45247,-0.253836,-6.15972,-2.22731
45248,-0.200701,-4.065,-1.7409
45249,-0.0807108,-0.0585154,-0.111361
45250,0.0134518,0.0302666,0.0358393
45251,-0.130752,-2.65929,-1.50241
45252,-1.38365,-7.64762,-5.69338
45253,0.0368579,0.0702184,0.054478
45254,-1.57749,-5.55371,-5.44464
45255,-0.0474849,-2.82824,-1.34625
45256,0.037396,2.00405,0.87963
45257,-0.0160076,0.547219,0.217361
45258,1.79703,7.83137,6.50334
45259,0.106135,1.90935,0.879779
45260,-0.0201777,-1.28936,-0.555849
45261,-0.198818,-0.790832,-0.591149
45262,-0.051924,-0.0134518,-0.0112376
45263,0.340465,1.40329,0.915147
45264,-0.218592,-1.3355,-0.813752
45265,-0.117703,-0.630755,-0.374609
45266,0.0165457,-0.0265001,-0.0340935
45267,-0.123757,-1.86819,-0.761252
45268,0.198549,2.4945,1.09971
45269,0.00793657,0.0832667,0.10677
45270,0.00390102,0.567128,0.177768
45271,-0.133442,-2.46276,-1.16618
45272,-0.303338,-2.68538,-1.31761
45273,0.0812489,0.615555,0.284458
45274,0.0816525,1.88379,0.775739
45275,-0.12295,-1.37868,-0.617193
45276,-0.0517895,-0.626047,-0.344968
45277,0.0267691,0.06699,0.0744657
45278,-0.011434,-0.720613,-0.41959
45279,-0.0536727,-0.653758,-0.346406
45280,-0.111515,-1.95966,-0.957126
45281,-0.0320153,-0.0539417,-0.0752425
45282,-0.0513859,-0.0695458,-0.104789
45283,0.0191016,0.0306701,0.0379955
45284,-0.0439874,-0.581387,-0.283179
45285,-0.0178909,-0.683217,-0.286183
45286,0.0164112,0.671514,0.266127
45287,0.164247,0.7607,0.486989
45288,0,0.0134518,-0.00405129
45289,0.00538072,0.635329,0.303451
45290,-0.0134518,-0.0134518,-0.026188
45291,0.0096853,0.557174,0.244653
45292,-0.131559,-2.50957,-1.28597
45293,0.20783,2.04427,1.04916
45294,-0.0134518,-0.0624164,-0.0965396
45295,0.0464087,0.0489646,0.0638802
45296,0.324323,2.77336,1.43436
45297,-0.0564976,-0.112861,-0.170443
45298,0.0329569,0.0690078,0.0839923
45299,0.0196396,0.538207,0.222171
45300,0.302935,3.24996,1.65577
45301,-0.033764,-0.0696804,-0.10161
45302,0.276166,2.03055,1.12035
45303,-0.0160076,-0.00874367,-0.0490305
45304,-0.137343,-1.4076,-0.780904
45305,-0.0142589,0.0302666,0.0489566
45306,0.015066,0.0293249,0.0327103
45307,-0.133442,-1.94217,-0.909478
45308,-0.151736,-0.765542,-0.460307
45309,0.0340331,0.0340331,0.035651
45310,0.21227,2.06795,0.992466
45311,0.0161422,0.591341,0.214798
45312,-0.0369925,0.0437184,0.063561
45313,0.0100889,-0.0369925,-0.0498168
45314,-0.000941626,0.0528656,0.0470445
45315,0.120259,1.26945,0.653348
45316,-0.0450636,-0.676626,-0.406031
45317,0.0181599,0.0562286,0.0645025
45318,0.0067259,0.60291,0.289692
45319,-0.104521,-0.784913,-0.519258
45320,0.0193706,-0.548027,-0.178769
45321,-0.0511169,0.501618,0.113298
45322,0.0219264,0.0312082,0.0238224
45323,-0.0727743,-0.0737159,-0.114996
45324,0.58206,1.12376,0.876562
45325,0.50673,0.552869,0.661329
45326,-0.61959,-2.25143,-1.42871
45327,-0.119183,-0.60977,-0.389723
45328,0.0796347,1.18295,0.5461
45329,-0.00632235,-0.0135863,-0.0291816
45330,-0.23433,-2.71457,-1.40547
45331,0.0417006,0.140168,0.148067
45332,-0.240653,-3.28251,-1.58572
45333,0.0134518,0.0441219,0.0537451
45334,-0.0131828,-0.556636,-0.244385
45335,0.211059,2.62929,1.26099
45336,-0.195858,-2.06041,-1.07846
45337,0.145683,1.37141,0.746413
45338,0.124295,1.92522,0.813542
45339,0.102234,1.20757,0.470245
45340,-0.00605331,-0.588517,-0.171705
45341,-0.127254,-1.25357,-0.591972
45342,0.0134518,0.0129137,0.00769645
45343,0.0961804,0.782223,0.436078
45344,-0.0490991,-0.694786,-0.343311
45345,-0.148777,-1.72762,-0.796111
45346,-0.0404899,-1.20945,-0.532623
45347,0.00322843,0.0306701,0.00983058
45348,0.00739849,0.0208503,0.00533984
45349,-0.00753301,0.0293249,0.0318179
45350,0.0134518,0.0260965,0.0116698
45351,0.214556,2.89644,1.2462
45352,-0.102637,-1.33751,-0.668591
45353,0.0435839,0.0805763,0.0962997
45354,0.000941626,0.0143934,-0.00129099
45355,-0.0254239,-0.0657793,-0.0926161
45356,-0.0273072,-0.0359163,-0.0621265
45357,-0.0699494,-0.655776,-0.404109
45358,-0.0139899,-1.12444,-0.448779
45359,0.0941626,1.27765,0.613486
45360,-0.236348,-3.55787,-1.7149
45361,-0.0356473,0.804283,0.359089
45362,0.0590534,0.680123,0.39201
45363,0.215767,2.50083,1.21064
45364,0.230429,3.18619,1.36841
45365,0.00269036,0.0169493,0.0357363
45366,-0.0134518,-0.000807108,-0.0188724
45367,0.0135863,0.000134518,-0.0141699
45368,-0.0134518,-0.0394138,-0.0506689
45369,-0.00067259,-0.0275762,-0.0388962
45370,-0.00605331,0.0213884,-0.00692357
45371,-0.223704,-2.51347,-1.20618
45372,0.0571702,0.709314,0.350872
45373,0.0199087,0.0380686,0.0400244
45374,0.162094,1.85891,0.823218
45375,0.0499062,0.0909342,0.122242
45376,-0.0269036,-0.0267691,-0.0413561
45377,-0.0695458,-0.669496,-0.420863
45378,-0.104924,-1.9259,-0.842487
45379,0.0242133,0.0181599,0.0115854
45380,0.0980637,1.33106,0.607294
45381,-0.0901271,-0.0901271,-0.128943
45382,0.0834012,0.15066,0.194892
45383,-0.0103579,0.651336,0.188744
45384,0.0165457,0.00174873,0.00489461
45385,0,0,-0.00911326
45386,0.335488,4.38072,2.07366
45387,-0.0106269,-0.393196,-0.183147
45388,0.0281143,-0.00067259,0.00102057
45389,0.528656,6.35584,3.12345
45390,0.0157386,0.0567666,0.0395809
45391,0.014797,1.12511,0.467702
45392,0.0782895,1.63924,0.676021
45393,0,0.00336295,-0.00353771
45394,0.0278452,0.0513859,0.05402
45395,-0.029594,-0.0430458,-0.0432539
45396,0.1173,1.32285,0.641007
45397,0.00739849,0.643669,0.214302
45398,0.0383376,0.553811,0.256787
45399,-0.0469468,0.979964,0.245198
45400,0.0618783,0.0484265,0.0453931
45401,0.0863606,0.122142,0.133785
45402,-0.120259,-0.124967,-0.160044
45403,-0.0227336,-0.449156,-0.212082
45404,0.074792,0.494892,0.221777
45405,0.132097,1.22237,0.5868
45406,0.108153,0.807243,0.505294
45407,0.136536,2.38904,1.04887
45408,0.0197742,0.484803,0.179412
45409,0.0809799,0.538341,0.289394
45410,-0.00793657,-0.419965,-0.165237
45411,0.0127792,0.026231,0.0134821
45412,0.0333605,2.13655,0.927691
45413,0.0714291,0.75209,0.361515
45414,-0.0313427,0.441085,0.139463
45415,-0.0924139,-0.640037,-0.389755
45416,-0.0712946,-1.97029,-0.987177
45417,0.0396828,0.629006,0.261563
45418,-0.033495,-0.60143,-0.242954
45419,0.0131828,-0.497851,-0.177606
45420,0.158866,1.80066,0.888625
45421,-0.0846119,-0.575199,-0.339683
45422,-0.00282488,-0.638288,-0.25316
45423,-0.0349747,-0.0961804,-0.0938408
45424,0.0570357,0.67972,0.303186
45425,-0.0571702,-0.0302666,-0.0370767
45426,-0.31114,-3.27901,-1.79932
45427,0.0388757,0.0758682,0.0903235
45428,-0.102368,-0.63627,-0.339001
45429,0.137477,0.68537,0.382279
45430,-0.192361,-3.18377,-1.55178
45431,0.041028,0.708641,0.418047
45432,-0.162229,-1.93867,-0.95252
45433,0.169896,2.01414,1.02868
45434,-0.135056,-1.32527,-0.763859
45435,0.0516549,0.656448,0.344189
45436,0.0127792,1.2034,0.510471
45437,-0.0437184,-0.070622,-0.125139
45438,0.0304011,0.0875713,0.0767291
45439,0.297958,4.24216,1.92416
45440,-0.132366,-3.52693,-1.48492
45441,0.0632235,1.80133,0.695123
45442,0.0488301,0.0450636,0.0709247
45443,0.0760027,1.8016,0.695541
45444,0.0484265,0.669362,0.306395
45445,0.00403554,0.0178909,0.00337068
45446,-0.271592,-4.28978,-2.05355
45447,0.0881093,1.19721,0.606329
45448,0.0211193,1.1169,0.398594
45449,0.102772,1.249,0.580606
45450,-0.0129137,-0.0508478,-0.0773329
45451,0.118241,2.31734,1.05239
45452,0.0134518,0.593359,0.226098
45453,-0.0883784,-0.690347,-0.41322
45454,-0.0675281,-1.12928,-0.560053
45455,0.0168148,0.0609367,0.063451
45456,0.0469468,1.05449,0.465225
45457,-0.097122,-1.17945,-0.653489
45458,0.149988,1.14825,0.607385
45459,0.0195051,0.0465432,0.0437609
45460,-0.0269036,0.499331,0.105539
45461,0.0134518,-0.581656,-0.253146
45462,-0.105731,-0.604121,-0.399055
45463,0.0702184,1.13587,0.61124
45464,0.0466778,0.120663,0.0856267
45465,0.492605,4.35381,2.16024
45466,-0.0317463,1.0635,0.403841
45467,0.0564976,-0.0082056,0.0108931
45468,-0.331991,-3.57979,-1.80656
45469,0.132366,1.7221,0.723019
45470,-0.141109,-1.7595,-0.799392
45471,-0.143531,-1.75008,-0.912549
45472,0.0297285,0.501752,0.177373
45473,-0.817735,-7.8264,-4.03871
45474,0.136805,2.20919,1.00121
45475,0.0238097,-0.882169,-0.285246
45476,0.0392793,0.575737,0.257001
45477,-0.0146625,-0.0286523,-0.0500648
45478,0.162094,2.60898,1.22625
45479,-0.110708,-1.82111,-0.898875
45480,-0.0474849,-0.493681,-0.263276
45481,-0.28464,-4.05841,-1.98429
45482,0.037127,1.04036,0.403141
45483,0.327821,4.19078,1.98603
45484,0.209445,2.59835,1.2115
45485,-0.0605331,-1.03888,-0.530407
45486,-0.0161422,-0.0945662,-0.068679
45487,-0.0762717,-1.12202,-0.533565
45488,0.0283833,0.568339,0.233857
45489,0.0134518,1.57709,0.651472
45490,-0.044929,-1.09525,-0.512995
45491,-0.161691,-1.91702,-1.03604
45492,-0.0656448,-1.61543,-0.589116
45493,-0.0441219,-0.0575737,-0.06904
45494,0,-0.00067259,-0.00936636
45495,0.16196,2.97016,1.36243
45496,-0.0297285,-0.110439,-0.127449
45497,0.0608022,0.567263,0.254174
45498,0.00470813,0.0197742,0.0200232
45499,-0.0193706,-0.0368579,-0.057221
45500,-0.0293249,-0.030132,-0.030806
45501,0.0266346,0.0274417,0.0250924
45502,-0.301724,-2.88999,-1.36078
45503,-0.0563631,-0.657524,-0.362537
45504,-0.0392793,-1.10924,-0.480876
45505,0.0215229,1.04803,0.419963
45506,0.0418351,0.0808454,0.0874733
45507,-0.0398173,-0.116896,-0.144552
45508,-0.0870332,-1.14071,-0.506262
45509,-0.211328,-2.51939,-1.17202
45510,0.0277107,0.0142589,0.0037586
45512,-0.22478,-3.29529,-1.58644
45513,-0.011434,0.0846119,0.0153877
45514,-0.0403554,-0.70326,-0.354382
45515,-0.119048,-0.0687387,-0.182479
45516,-0.0690078,-1.57332,-0.69692
45517,0.000403554,0.0138554,0.016776
45518,0.044391,0.51211,0.261703
45519,0.120394,2.29434,0.966731
45520,0.067259,0.724783,0.359341
45521,-0.0134518,-0.0160076,-0.0256546
45522,-0.00605331,-0.537534,-0.200231
45523,0.0699494,1.96813,0.763457
45524,0.19115,2.44998,1.05312
45525,-0.000403554,0.0287869,0.00544292
45526,0.0134518,-0.0396828,0.0143651
45527,0,0,-0.0247884
45528,-0.0941626,-0.697745,-0.326479
45529,0.00901271,-0.0044391,-0.0199754
45530,0.0215229,0.0215229,0.0341343
45531,-0.0267691,-0.0269036,-0.0431558
45532,-0.258006,-3.56365,-1.58642
45533,-0.0195051,-0.026231,-0.0297933
45534,0.0250204,0.506057,0.237033
45535,0.0369925,0.0417006,0.0513462
45536,0.108422,2.40142,0.972193
45537,0.117165,1.74766,0.711412
45538,-0.00551524,0.658735,0.241005
45539,-0.453998,-4.01294,-1.88817
45540,0.0188325,0.6851,0.323172
45541,-0.123757,-1.21739,-0.631966
45542,0.00363199,-0.0501752,-0.0354291
45543,0.135191,1.91715,0.913978
45544,-0.00874367,0.0181599,0.0071523
45545,-0.0460052,-0.0719672,-0.0737216
45546,0.0840738,0.0975256,0.119906
45547,-0.0269036,-0.0260965,-0.0419247
45548,-0.0174873,-0.700839,-0.297871
45549,-0.0581118,-0.0715636,-0.105179
45550,0.00161422,0.0293249,0.0220098
45551,0.0134518,0.0403554,0.0368908
45552,0.000134518,0.000134518,-0.00894251
45553,0.128465,1.31101,0.606714
45554,-0.138016,-1.34182,-0.645409
45555,0.00538072,0.0458707,0.0332432
45556,-0.0154696,-0.0289214,-0.0353763
45557,-0.037396,-0.0273072,-0.0396018
45558,-0.154696,-2.40989,-1.16108
45559,0.030132,0.0603986,0.0762287
45560,-0.0121066,0.00134518,-0.0194186
45561,0.00928175,0.5639,0.24087
45562,-0.0142589,-0.015066,-0.0267076
45563,0.269171,2.06189,1.09587
45564,-0.00807108,0.00403554,0.000713855
45565,0.118914,1.49638,0.765809
45566,0.00242133,-0.0513859,-0.0750273
45567,-0.0394138,-0.110036,-0.12529
45568,-0.0780205,-1.25304,-0.50229
45569,-0.0134518,-0.0260965,-0.0642733
45570,-0.0357818,-0.644745,-0.271675
45571,-0.0235407,0.56807,0.178973
45572,0.0138554,0.0273072,0.0151008
45573,-0.0387412,-0.663578,-0.348363
45574,0.108287,0.825537,0.539684
45575,-0.0390102,-0.0439874,-0.092435
45576,-0.025962,-0.0126447,-0.0199884
45577,0.0819215,0.72021,0.342616
45578,0.00201777,-0.652413,-0.282931
45579,-0.0126447,-0.0395483,-0.0492449
45580,-0.00309392,0.0102234,-0.0239727
45581,0.00376651,0.0172183,0.0352101
45582,-0.106538,-1.27913,-0.646472
45583,0.165323,2.71498,1.28003
45584,-0.153082,-1.60036,-0.858678
45585,-0.0361854,-1.25304,-0.626798
45586,-0.396963,-2.61557,-1.36704
45587,0.0671245,0.582867,0.26382
45588,-0.051924,-0.51628,-0.230205
45589,0.108287,1.75869,0.782795
45590,-0.00121066,0.0137208,-0.00329398
45591,0,-0.0538072,-0.0983221
45592,-0.048292,-0.546547,-0.267861
45593,-0.0100889,-0.0638961,-0.0755071
45594,-0.040759,0.530674,0.224768
45595,0.23164,2.7287,1.3559
45596,-0.0963149,-1.50902,-0.743685
45597,0.0795002,2.11866,0.977462
45598,-0.0329569,-0.682948,-0.289852
45599,0.0208503,-0.0180254,-0.0647529
45600,-0.0399519,-0.0554214,-0.088606
45601,0.0414316,0.0279798,0.0353404
45602,0.316656,6.19738,2.72689
45603,0.0219264,0.720613,0.309279
45604,0.00605331,-0.0435839,-0.0574046
45605,0.00376651,-0.0265001,-0.0339892
45606,-0.00470813,-0.0376651,-0.0259556
45607,-0.0127792,0.629275,0.241148
45608,0.250742,2.74363,1.53872
45609,0.174739,1.37693,0.712113
45610,-0.00484265,-0.0277107,-0.058737
45611,0.0760027,1.23905,0.541011
45612,-0.0793657,-1.75465,-0.728802
45613,0.0208503,0.558384,0.24773
45614,-0.0141244,-0.0234061,-0.0321455
45615,0.0302666,0.129944,0.0934774
45616,0.0293249,0.0562286,0.0567863
45617,-0.0858225,-0.680527,-0.387054
45618,-0.0285178,-0.727608,-0.283378
45619,-0.144338,-1.43464,-0.762275
45620,-0.0282488,-0.0161422,-0.0248983
45621,-0.0142589,-0.0277107,-0.0495147
45622,0.0714291,0.0981982,0.110142
45623,-0.0598605,-0.487359,-0.21546
45624,-0.210924,-2.9863,-1.46197
45625,0.0981982,1.66856,0.719892
45626,-0.315579,-1.86872,-1.11572
45627,-0.129003,-1.23636,-0.680857
45628,0.014797,0.014797,0.0128244
45629,-0.0157386,-1.514,-0.733482
45630,-0.0599951,-0.125236,-0.132191
45631,0.0185635,0.0723707,0.017908
45632,-0.0158731,-0.0472158,-0.0590002
45633,0.00336295,0.00336295,-0.00484456
45634,0.00269036,0.0294595,0.00733114
45635,-0.262579,-2.4376,-1.26827
45636,-0.236752,-2.90559,-1.18489
45637,0.117972,1.36388,0.638368
45638,-0.451846,-5.21015,-2.58217
45639,0.127658,1.31303,0.733031
45640,-0.108153,-1.18954,-0.612139
45641,-0.0484265,-0.0364544,-0.0649372
45642,0.232044,2.59351,1.35655
45644,0.022061,1.17663,0.459208
45645,0.0188325,0.00470813,-0.00784211
45646,0.0161422,0.029594,0.0336787
45647,-0.0242133,-0.641113,-0.302115
45648,-0.155637,-1.4041,-0.754773
45649,0.370059,4.12096,2.09884
45650,0.0325534,0.594301,0.240546
45651,-0.137477,-0.781415,-0.513852
45652,0.0138554,0.0690078,0.0982671
45653,0.00134518,0.00174873,-0.0232371
45654,-0.00538072,0.00807108,-0.0108812
45655,-0.249935,-2.62633,-1.29738
45656,0.082056,1.80443,0.718028
45657,0.0855535,0.0928175,0.0955977
45658,0,0,-0.00911326
45659,0.0675281,1.16506,0.514651
45660,0.173125,1.89724,0.935437
45661,0.243209,3.3343,1.62783
45662,-0.00336295,-0.014797,-0.0194133
45663,-0.11313,-1.22654,-0.566221
45664,-0.00134518,-0.00134518,3.70423e-05
45665,-0.0437184,0.00807108,0.00167619
45666,0.00134518,0.0306701,0.038348
45667,0.00336295,0.014797,-0.00645234
45668,-0.14528,-1.33079,-0.719117
45669,0.102099,1.17596,0.557091
45670,0.0215229,0.0458707,0.0416111
45671,0.0808454,1.72748,0.753285
45672,-0.0134518,-0.502829,-0.210703
45673,0.00107614,0.014528,-0.00137299
45674,-0.0152005,-0.0290559,-0.0510609
45675,0.14649,1.17596,0.651779
45676,-0.00618783,0.0121066,-0.0457506
45677,-0.000403554,0.0320153,0.0441228
45678,0.0764063,1.06834,0.507602
45679,0.0244823,0.0380686,0.0443313
45680,-0.0673935,0.402882,0.0408618
45681,-0.0269036,-0.50794,-0.262822
45682,0.0981982,1.24994,0.666778
45683,-0.0161422,-0.0556905,-0.0801841
45684,0.0215229,0.0739849,0.0752277
45685,0.0192361,0.0199087,0.015635
45686,-0.00739849,-0.0477539,-0.0697358
45687,0,0.0134518,0.0288641
45688,0.0305356,0.484534,0.199727
45689,0.0139899,0.497313,0.173217
45690,-0.0690078,-1.05852,-0.52647
45691,-0.0450636,-0.0727743,-0.0968591
45692,0.152678,1.67125,0.897496
45693,0.0134518,0.0403554,0.0178075
45694,-0.00699494,-0.422656,-0.140545
45695,-0.000538072,0.422925,0.125532
45696,0.0283833,0.0601296,0.0730295
45698,0.0788276,0.676895,0.364942
45699,0.0121066,0.0121066,0.0219292
45700,-0.00269036,0.0107614,-0.00590118
45701,0.0235407,0.0422387,0.0542638
45702,0.0593225,1.13816,0.470366
45703,0.266615,3.7201,1.86537
45704,0.111246,1.50862,0.65154
45705,-0.0447945,-0.439874,-0.194358
45706,0.0569011,1.42589,0.670003
45707,0.00336295,0.0096853,-0.00333239
45708,-0.0044391,-0.0447945,-0.0419169
45709,-0.0246168,-0.0279798,-0.0432397
45710,0.0195051,0.0605331,0.0641332
45711,-0.0392793,-0.0743885,-0.0894862
45712,0.014797,0.014797,0.029602
45713,-0.0406245,-0.430996,-0.208028
45714,0.00860916,-0.00349747,-0.00573756
45715,0.101561,1.22452,0.581705
45716,-0.116358,-1.25505,-0.628873
45717,-0.0344366,-0.73124,-0.321523
45718,-0.0215229,-0.473369,-0.256707
45719,0.0154696,0.509285,0.282221
45720,-0.0181599,-0.0251549,-0.0521561
45721,-0.18429,-1.77631,-0.940789
45722,-0.170031,-1.95683,-0.957768
45723,0.0753301,0.103579,0.112416
45724,0.14797,1.28545,0.668028
45725,0.25814,4.21822,1.92767
45726,0.335757,4.77768,2.36104
45727,0,0.3936,0.121137
45728,0.0299975,-0.426153,-0.151027
45729,0.00269036,0.0209848,0.018235
45730,0.0139899,-0.0267691,0.00589914
45731,-0.0682007,-0.655641,-0.412203
45732,-0.377727,-2.77766,-1.49427
45733,0.0161422,0.029594,0.0391885
45734,0,0.00161422,-0.0259428
45735,0.115013,0.527042,0.319777
45736,0.0686042,0.678509,0.347717
45737,-0.00336295,-0.0168148,-0.0356842
45738,0,-0.0134518,-0.0157403
45739,0.00322843,0.0173528,0.00193044
45740,-0.00430458,0.00914723,0.00772502
45741,-0.0135863,-0.0283833,-0.0312068
45742,0.00269036,0.0029594,-0.00525226
45743,0.215094,1.64502,0.838294
45744,0.0423732,1.07857,0.515971
45745,0.0137208,0.413105,0.148953
45746,-0.143396,-1.69466,-0.901502
45747,0.0014797,-0.00269036,-0.00206003
45748,0.0582463,0.0575737,0.056965
45749,-0.0067259,-0.00739849,-0.0187658
45750,0.205409,2.25493,1.11283
45751,-0.0490991,-1.05112,-0.397834
45752,0.059457,1.10991,0.462443
45753,0.0134518,0.029594,0.0281881
45754,-0.0858225,-0.0912032,-0.129154
45755,0.0134518,0.0162767,0.0102937
45756,0,0,-0.00911326
45757,0.0289214,0.0827286,0.0635937
45758,-0.029594,-0.0429113,-0.0528291
45759,0.0336295,1.05086,0.485206
45760,-0.0632235,-0.553407,-0.306905
45761,-0.0657793,-1.47028,-0.703635
45762,-0.00121066,0.483323,0.192302
45763,-0.0107614,-0.010896,-0.0225841
45764,0.0127792,0.0302666,0.0149112
45765,0.000941626,0.000134518,-0.0242284
45766,-0.0181599,-0.0181599,-0.0321642
45767,0.0161422,0.0161422,0.0113765
45768,0.018429,-0.538072,-0.250164
45769,-0.0722362,-1.18134,-0.486112
45770,0.137208,1.32097,0.652593
45771,0.0610712,1.51777,0.662871
45772,-0.0504443,-2.39765,-1.09037
45773,-0.0168148,0.0201777,-0.0196729
45774,0.00336295,0.0168148,0.00152972
45775,0.00538072,0.0188325,0.0200189
45776,-0.0168148,-0.0168148,-0.0304567
45777,-0.252356,-2.05934,-1.13332
45778,-0.0153351,-0.0737159,-0.0954128
45779,-0.0913378,-1.18631,-0.560821
45780,-0.19828,-1.90357,-1.07147
45781,-0.0564976,-0.680392,-0.293018
45782,-0.128196,-2.43491,-1.05867
45783,-0.0634925,0.545067,0.16518
45784,-0.0813834,-1.30617,-0.5767
45785,0.0484265,0.726532,0.304628
45786,0.0149315,1.13937,0.456609
45787,0,0,-0.00911326
45788,-0.0532692,-0.664116,-0.378218
45789,0.0282488,0.0270381,0.00737082
45790,-0.014797,-0.014797,-0.0278955
45791,0.0134518,0.040759,0.0225275
45792,0.0269036,0.0753301,0.0891663
45793,0.0753301,0.686715,0.357996
45794,-0.00578428,0.00645687,0.00360959
45795,-0.0574392,-0.684831,-0.37899
45796,0.0153351,0.00188325,0.00679972
45797,-0.0746575,-0.694517,-0.408124
45798,-0.242805,-4.24983,-1.74409
45799,0.0309392,0.04466,0.0282254
45800,-0.0429113,-0.063089,-0.0912944
45801,0.204333,2.00809,0.993705
45802,-0.0396828,-1.7942,-0.735016
45803,0.0014797,1.1321,0.436663
45804,0.134384,1.32379,0.549115
45805,0.0430458,1.23205,0.518635
45806,-0.0134518,0.0134518,0.00248845
45807,-0.082056,-1.88702,-0.77551
45808,0.215767,3.7018,1.50582
45809,-0.108287,-1.24187,-0.555188
45810,-0.0302666,-1.27106,-0.436858
45811,0.0493681,0.695996,0.270871
45812,-0.153351,-2.03741,-0.895583
45813,-0.116493,-2.42361,-0.994323
45814,0,-0.0403554,-0.0332254
45815,0.0143934,0.0278452,0.00686592
45816,0.158059,3.15297,1.38024
45817,-0.122142,-0.809395,-0.463492
45818,-0.00228681,-0.534037,-0.178124
45819,-0.0281143,-0.118241,-0.0684461
45820,0.0134518,0.0135863,0.0241125
45821,0.00336295,0.554483,0.193831
45822,0,-0.0162767,-0.0136643
45823,0.00201777,-0.522199,-0.176298
45824,0.0172183,1.24806,0.435107
45825,-0.105597,-1.37868,-0.597605
45826,0.0188325,0.0188325,0.0147914
45827,-0.0134518,-0.0270381,-0.0487133
45828,0.0967185,1.49867,0.635224
45829,0.0269036,0.0297285,0.0286916
45830,-0.0396828,-0.0665864,-0.0724852
45831,0.0134518,0.0269036,0.0145886
45832,-0.103579,-2.23999,-0.986052
45833,-0.0622819,-1.37249,-0.579214
45834,-0.00269036,-0.029594,-0.0412047
45835,0.00269036,0.0161422,0.0166039
45836,0,-0.0135863,-0.0314792
45837,0.197203,2.08812,0.979497
45838,-0.0773479,-0.0642996,-0.11857
45839,0.00618783,0.692499,0.207306
45840,0.0918758,0.643534,0.271936
45841,0.000403554,0.544395,0.162455
45842,-0.0197742,-1.29554,-0.45088
45843,0,0.0269036,0.019816
45844,-0.00511169,-0.0320153,-0.0445309
45845,-0.0984672,-0.622953,-0.305234
45846,-0.0562286,-0.6321,-0.322665
45847,0.0458707,1.18134,0.457282
45848,-0.0749266,0.654699,0.16031
45849,0.089589,1.35783,0.522238
45850,-0.0912032,-1.39562,-0.576785
45851,-0.0107614,0.00269036,-0.0161461
45852,0.0570357,1.30778,0.504672
45853,-0.141109,-2.66171,-1.03241
45854,0.219264,3.36941,1.3414
45855,-0.0348402,-0.675012,-0.310983
45856,0.125774,1.51723,0.72516
45857,-0.0484265,-0.0431803,-0.0555652
45858,0.115282,2.73489,1.3013
45859,-0.0312082,-0.731375,-0.510561
45860,0.0244823,0.732182,0.472843
45861,0.32096,2.12081,1.2666
45862,0.00269036,0.00269036,-0.0056983
45863,0.00417006,0.00417006,-0.00382007
45864,0.112188,1.58785,0.746665
45865,0.0134518,0.0447945,0.0573731
45866,-0.133576,-1.00767,-0.553405
45867,-0.0823251,-0.596453,-0.404059
45868,-0.0464087,-0.978215,-0.461112
45869,-0.0642996,-1.57897,-0.649753
45870,0.0355128,-0.460859,-0.182069
45871,-0.0168148,0.0102234,-0.0292247
45872,0.0129137,0.478481,0.179152
45873,0.117569,0.755857,0.436741
45874,0.15066,1.26218,0.677241
45875,-0.0348402,-0.0199087,-0.0205623
45876,0,-0.067259,-0.120624
45877,0.143127,1.11919,0.58846
45878,0.0143934,0.0318808,0.0170032
45879,0.022061,-0.0451981,-0.0769465
45880,-0.00874367,-0.00887819,-0.0202441
45881,-0.0238097,-0.0372615,-0.0443976
45882,0.00417006,0.0176219,0.0184821
45883,0.0234061,0.455478,0.165725
45884,0.102368,1.1313,0.531936
45885,0.0847464,0.192495,0.24757
45886,0.00605331,0.456285,0.162686
45887,-0.187115,-1.29918,-0.829844
45888,0.0828631,0.636405,0.370144
45889,-0.0349747,-0.0490991,-0.0602133
45890,0.0161422,0.0029594,-0.0104797
45891,0.12295,2.11328,0.904378
45892,-0.144741,-2.13386,-0.94541
45893,-0.0418351,-0.0586499,-0.069731
45894,0.0302666,0.0302666,0.029305
45895,0.0581118,0.624702,0.300324
45896,-0.0269036,-0.041028,-0.0502212
45897,-0.107345,-1.1956,-0.629826
45898,-0.354186,-3.9508,-2.04303
45899,-0.0579773,-1.05691,-0.451569
45900,-0.0239442,-1.02153,-0.483057
45901,-0.0263655,-0.0544798,-0.154346
45902,-0.0882438,-1.24658,-0.600793
45903,0.0208503,0.0481575,0.0247007
45904,-0.150122,-2.25116,-0.993377
45905,-0.354455,-2.73018,-1.52043
45906,0,-0.015066,-0.012779
45907,0.371808,3.92591,1.96067
45908,0.00215229,-0.0126447,0.00253492
45909,-0.0680661,-1.54319,-0.624889
45910,-0.0910687,-0.713618,-0.458433
45911,0.0343021,1.05126,0.439033
45912,0.0419696,0.664116,0.343722
45913,0.0208503,0.0219264,0.0191368
45914,0.000403554,-0.0118376,-0.0146316
45915,0.00201777,0.40759,0.104962
45916,0.0329569,0.0739849,0.0839518
45917,0.193168,2.83941,1.291
45918,0.0531346,1.07036,0.544298
45919,-0.11851,-1.23716,-0.698544
45920,0.0961804,1.15026,0.631442
45921,-0.0067259,-0.0231371,-0.0564096
45922,0,-0.0067259,-0.0124268
45923,-0.00941626,-0.0363199,-0.0499949
45924,-0.00726398,0.408531,0.0863285
45925,0.0712946,0.663712,0.310196
45926,-0.0511169,-0.0375305,-0.0514103
45927,-0.155503,-2.2478,-0.978511
45928,-0.00981982,0.0843428,0.00711422
45929,-0.0134518,-0.0333605,-0.0535909
45930,0.0161422,0.0161422,0.0113765
45931,0.0067259,0.0201777,0.0232914
45932,0.00067259,0.00067259,-0.0296972
45933,-0.0106269,-0.0267691,-0.0336898
45934,0,0,-0.00911326
45935,0.0492336,1.66533,0.677679
45936,0.00067259,-0.443237,-0.155753
45937,-0.0107614,-0.700839,-0.316021
45938,0,-0.00390102,-0.0268771
45939,0.0477539,1.30725,0.597549
45940,-0.0308046,-0.0644342,-0.0730321
45941,-0.102503,-1.34935,-0.721033
45942,0.0497717,0.078155,0.0677937
45943,0.0538072,0.847598,0.464919
45944,0.0208503,0.0212539,0.0336969
45945,-0.0181599,-0.0417006,-0.0759639
45946,-0.0458707,-0.75088,-0.353526
45947,-0.0336295,-0.0336295,-0.0518002
45948,0.0430458,0.0573047,0.0682259
45949,0.00470813,0.0173528,0.00571697
45951,-0.014797,0.00363199,-0.0197456
45952,-0.0134518,-0.0403554,-0.0391894
45953,-0.184559,-1.38177,-0.800071
45954,-0.0290559,-0.0559595,-0.0538376
45955,-0.108287,-0.660618,-0.445059
45956,-0.0351092,-0.559864,-0.233826
45957,-0.0161422,-0.0161422,-0.029603
45958,-0.037127,-0.037127,-0.0562397
45959,0.0067259,0.0067259,-0.000575865
45960,-0.426557,-4.18486,-2.35237
45961,-0.00605331,0.0454671,-0.0112999
45962,-0.0882438,-1.64395,-0.660789
45963,0.0118376,0.659677,0.27879
45964,-0.0917413,-1.24416,-0.654326
45965,-0.3028,-2.57844,-1.49458
45966,-0.0466778,-1.16358,-0.508659
45967,0.074523,1.2872,0.623395
45968,-0.030132,-0.0499062,-0.095776
45969,-0.0364544,-1.04251,-0.440553
45970,-0.0208503,0.486014,0.174894
45971,0.0469468,0.0570357,0.0718919
45972,0.142858,1.87585,0.942118
45973,0.104924,1.26931,0.638464
45974,-0.0570357,-0.14528,-0.194908
45975,0.0348402,1.04588,0.44527
45976,0.0242133,-0.0161422,-0.0262826
45977,0.00430458,-0.589324,-0.249314
45978,-0.000538072,0.579773,0.195896
45979,0.118376,0.202046,0.244987
45980,-0.110977,-1.20421,-0.70952
45981,-0.0551524,0.356607,0.126168
45982,0.0417006,0.0398173,0.0205119
45983,-0.148642,-1.17259,-0.663537
45984,0.018698,-0.352841,-0.086509
45985,-0.0193706,-0.0731778,-0.0852108
45986,0.00269036,0.0429113,0.00896976
45987,0.00336295,0.0336295,0.0407402
45988,-0.000134518,0.0110305,-0.00357636
45989,-0.022599,-0.0495026,-0.0664754
45990,0,0,-0.00911326
45991,-0.0269036,-0.0538072,-0.0878672
45992,0.0115686,0.0250204,0.0278733
45993,-0.0673935,-1.06444,-0.561181
45994,-0.397904,-3.49236,-2.1321
45995,-0.0834012,-0.387681,-0.238954
45996,0.0585154,0.542915,0.285197
45997,0.197338,2.1909,1.27115
45998,0.19532,2.24094,1.15301
45999,-0.00134518,-0.0376651,-0.0178617
46000,0.264463,2.27053,1.21804
46001,-0.0134518,0.00067259,0.013532
46002,-0.0766753,-0.65591,-0.367597
46003,0.0645687,0.119318,0.135259
46004,0.135998,1.60574,0.703437
46005,-0.0551524,-0.64757,-0.290611
46006,-0.0691423,-1.10924,-0.555641
46007,0.0571702,0.585019,0.335575
46008,0.134653,1.17434,0.577438
46009,-0.0733123,-0.63506,-0.36973
46010,0.044391,0.56511,0.240255
46011,-0.0322843,-0.583943,-0.277219
46012,-0.0134518,0,-0.00388584
46013,0.0458707,0.0601296,0.0558837
46014,-0.0799037,-0.655103,-0.406033
46015,0.0193706,0.0496372,0.0610592
46016,-0.00605331,-0.0195051,-0.0390991
46017,-0.0134518,-0.0168148,-0.0271684
46018,0.0634925,0.613133,0.322941
46019,0.0269036,0.520047,0.211821
46020,-0.0460052,-0.584481,-0.322723
46021,-0.014797,-0.469872,-0.196866
46022,-0.00538072,0.018429,0.0281269
46023,-0.0269036,-0.0269036,-0.0751187
46024,0.0134518,-0.0517895,-0.0690493
46025,-0.0246168,-0.0488301,-0.0675352
46026,0.026231,0.0800382,0.0961512
46027,0.0375305,0.498793,0.175976
46028,0,-0.00578428,-0.012855
46029,0.144069,0.630352,0.390758
46030,0.126581,1.24429,0.67174
46031,0.127927,1.36536,0.652217
46032,0.00067259,-0.0777514,-0.0750752
46033,0.0369925,0.11313,0.104813
46034,0.146221,2.98603,1.41928
46035,-0.261907,-3.24861,-1.66068
46036,0.0688732,0.520181,0.306443
46037,0.0170838,0.000269036,0.00530937
46038,0.055825,1.04346,0.591245
46039,-0.00860916,-0.0404899,-0.0450643
46040,-0.195858,-1.64462,-1.01811
46041,-0.0490991,0.399384,0.136001
46042,-0.00269036,-0.0158731,-0.0343844
46043,0.0625509,0.617303,0.353106
46044,0.0497717,0.0228681,0.028209
46045,0.00228681,0.0157386,0.0160917
46046,-0.00417006,-0.0176219,-0.0359249
46047,-0.167206,-1.14717,-0.674285
46048,0.00336295,0.029594,0.0213537
46049,-0.0363199,0.00403554,0.0116914
46050,0.0352437,0.0217919,0.0133205
46051,-0.0212539,0.00578428,-0.0102047
46052,-0.0497717,-0.0495026,-0.0720348
46053,0.0629545,0.0840738,0.0949573
46054,-0.144607,-0.148911,-0.226291
46055,0.0135863,-0.0052462,0.00362577
46056,0.00686042,0.00686042,-0.000405117
46057,0.0215229,0.0349747,0.0405086
46058,-0.014797,-0.029594,-0.0508352
46059,0.0470813,0.101561,0.0829227
46060,-0.0067259,-0.0174873,-0.0386275
46061,0.085419,0.0988708,0.137542
46062,0.00336295,0.00336295,-0.00484456
46063,0.0867642,1.05301,0.52419
46064,-0.0710255,-0.128196,-0.162449
46065,0.0439874,0.0480229,0.053412
46066,-0.00807108,0.00538072,-0.0184127
46067,0.0115686,0.0340331,0.0441819
46068,0.0867642,0.440143,0.267255
46069,0.0165457,0.0138554,0.011467
46070,0.112323,0.70622,0.361568
46071,-0.0343021,-0.0343021,-0.052654
46072,0,-0.0029594,0.00565987
46073,-0.185769,-1.21214,-0.747493
46074,-0.383915,-2.31761,-1.36135
46075,-0.00242133,0.0649722,0.0489254
46076,-0.00941626,-0.834147,-0.425733
46077,0.0801728,0.926964,0.504894
46078,-0.0123757,-0.0258275,-0.0257675
46079,0.029594,0.0425077,0.0504884
46080,-0.169358,-0.997451,-0.637118
46081,-0.00470813,0.0139899,-0.0139183
46082,-0.119856,-0.638423,-0.376118
46083,0.010896,0.010896,-0.0125229
46084,0.0916068,0.540359,0.278533
46085,-0.033764,-0.810471,-0.372836
46086,0.127389,1.81263,0.958541
46087,-0.165592,-0.980502,-0.630423
46088,-0.249127,-1.90572,-1.12877
46089,0.0100889,0.0504443,0.0320024
46090,-0.0274417,-0.0274417,-0.0466336
46091,-0.0141244,0.327013,0.135648
46092,-0.293249,-2.48818,-1.58564
46093,0.0941626,0.569549,0.301644
46094,-0.104924,-0.556232,-0.412601
46095,0.0564976,0.481844,0.35264
46096,-0.143127,-1.04695,-0.666779
46097,0.10479,0.610981,0.37256
46098,-0.118914,-1.47607,-0.822042
46099,0.105462,1.56512,0.822168
46100,0.171241,0.86105,0.566452
46101,-0.0176219,-0.0310737,-0.0537834
46102,-0.140437,-0.670169,-0.31223
46103,0.128061,0.880152,0.44703
46104,0.0269036,0.0439874,0.0363193
46105,0.642324,4.80794,2.87611
46106,0.126043,1.17125,0.578569
46107,0.122546,2.0405,0.91763
46108,0.0547489,0.307777,0.184372
46109,0.0472158,0.83307,0.361075
46110,-0.078424,-0.567397,-0.306977
46111,-0.269305,-1.0791,-0.914179
46112,-0.0417006,-0.813969,-0.365283
46113,-0.0408935,-0.456958,-0.185541
46114,-0.0398173,0.709179,0.209821
46115,0.00901271,0.00564976,0.0013465
46116,0.0470813,0.478884,0.212153
46117,-0.00874367,-0.426557,-0.142061
46118,0.0341676,0.792311,0.3446
46119,0.226259,2.13682,1.10863
46120,-0.0130483,0.289617,0.0422021
46121,0.00067259,-0.214556,-0.0674372
46122,0.0673935,1.06121,0.457158
46123,0.0422387,0.407321,0.130018
46124,0.0345711,0.889164,0.356985
46125,0.0221955,0.445793,0.140826
46126,0.00309392,-0.401267,-0.103855
46127,0.0340331,1.83644,0.528758
46128,0.00793657,0.0357818,0.0297578
46129,-0.0843428,-1.55664,-0.667174
46130,-0.00538072,0.131155,0.0280544
46131,-0.00430458,-0.000941626,-0.0135968
46132,-0.00511169,-0.00847464,-0.016582
46133,0.110574,1.44445,0.644201
46134,-0.00605331,0.00591879,-0.0122918
46135,-0.0117031,-0.00766753,-0.0172777
46136,-0.0686042,-0.900464,-0.397473
46137,0.00591879,0.00591879,0.0156399
46138,-0.0566321,-0.554483,-0.317897
46139,0.0269036,0.0395483,0.0469561
46140,-0.115551,-1.71161,-0.795342
46141,-0.19411,-2.0323,-1.17946
46142,0.0121066,-0.00269036,0.00506765
46143,-0.0294595,-0.0563631,-0.0913609
46144,-0.0157386,-0.869525,-0.495795
46145,0.0306701,0.419158,0.188093
46146,-0.0427767,-0.0427767,-0.0634111
46147,0.0115686,0.0115686,0.00894605
46148,0.0500407,0.420907,0.257126
46149,-0.0566321,-0.407993,-0.263286
46150,-0.011165,-0.0308046,-0.0484706
46151,0.0200432,0.033495,0.0386304
46152,-0.129541,-0.898043,-0.463834
46153,0.193975,2.08073,1.09526
46154,-0.0753301,-0.487224,-0.308577
46155,0.0134518,0,-0.0143407
46156,-0.022061,-0.0456016,-0.0808323
46157,0.0959114,0.537265,0.387797
46158,-0.0435839,-0.120125,-0.180422
46159,0.0161422,0.0464087,0.056869
46160,0.0336295,0.74254,0.27651
46161,0.0149315,0.0828631,0.116055
46162,0,0.0172183,0.0051894
46163,0.125371,0.925484,0.4445
46164,-0.0029594,-0.0388757,-0.0724166
46165,0.0270381,0.051924,0.0486221
46166,0.00336295,0.221417,0.229862
46167,-0.0118376,-0.0118376,-0.0241391
46168,-0.0082056,-0.555425,-0.267734
46169,-0.0267691,-0.0503098,-0.0654516
46170,-0.415392,-2.26031,-1.63312
46171,-0.0593225,-0.0844773,-0.112966
46172,0,0,-0.0145421
46173,0.0188325,0.033226,0.0189874
46174,-0.0134518,-0.0278452,-0.0307546
46175,-0.00309392,-0.00430458,-0.0142639
46176,0.00430458,0.00430458,-0.00364933
46177,0.0302666,0.0437184,0.0516072
46178,0.0166802,0.359836,0.117928
46179,-0.0834012,-0.813565,-0.450553
46180,-0.104655,-0.86522,-0.470647
46181,-0.018698,0.00753301,0.0106421
46182,0.000134518,-0.0133173,-0.0128639
46183,-0.00403554,-0.818004,-0.370192
46184,-0.121201,-0.808185,-0.39812
46185,0.0161422,0.029594,0.0145954
46186,-0.0294595,0.0172183,-0.0297944
46187,0.0134518,0.0133173,0.00792232
46188,0.0134518,0,-0.0143407
46189,-0.119856,-0.915933,-0.556176
46190,-0.00121066,0.011434,-0.00740143
46192,-0.158731,-2.93384,-1.51386
46193,0.0390102,0.449828,0.226185
46194,0.137208,0.806301,0.509267
46195,0.105597,1.31626,0.723384
46196,-0.0294595,-0.0294595,-0.046507
46197,-0.0695458,-0.513186,-0.304176
46198,-0.0618783,-0.474849,-0.285968
46199,0.00538072,-0.00807108,-0.0245856
46200,0.1325,0.986152,0.565276
46201,0.0608022,0.440278,0.207267
46202,-0.0995434,-0.59161,-0.453013
46203,0.113802,0.958979,0.584057
46204,-0.0399519,-0.396963,-0.233441
46205,0.0504443,0.394272,0.204628
46206,0.116493,2.03028,0.924522
46207,0.00282488,0.0345711,0.0193355
46208,0.0112995,0.026231,0.0329412
46209,-0.0677971,-0.580984,-0.346996
46210,-0.13815,-1.68672,-0.835157
46211,-0.124698,-0.764601,-0.373722
46212,0.110708,1.56001,0.727395
46213,0.0928175,0.555963,0.297344
46214,0.161825,2.03714,0.957245
46215,-0.0242133,-0.0368579,-0.0427361
46216,0.0235407,-0.342618,-0.141069
46217,0,0.0142589,-0.00268225
46218,-0.0564976,-0.109498,-0.15277
46219,-0.0265001,-0.0265001,-0.0427506
46220,-0.327417,-2.67207,-1.42784
46221,-0.022061,-0.00860916,-0.0362514
46222,0.000134518,-0.418082,-0.304764
46223,0.111919,0.979022,0.630801
46224,-0.00632235,-0.333201,-0.155847
46225,0.00538072,-0.0082056,-0.0259371
46226,0,0.000134518,-0.00904952
46227,-0.04466,-0.0177564,-0.0556776
46228,0.00914723,0.000807108,0.00191145
46229,-0.306163,-1.83927,-1.04612
46230,0.0174873,0.0461397,0.0446597
46231,0.0127792,-0.374633,-0.200359
46232,-0.25962,-1.41096,-0.975055
46233,-0.0945662,-1.43598,-0.794889
46234,0.0901271,1.12699,0.526075
46235,-0.110439,-1.1808,-0.647064
46236,0.0450636,1.19721,0.679558
46237,-0.0673935,-0.815448,-0.648332
46238,-0.184021,-1.45387,-0.832048
46239,0.287734,2.40142,1.41572
46240,0.221955,0.964898,0.624528
46241,0.0353783,0.75236,0.332844
46242,-0.115147,-0.556232,-0.443308
46243,-0.168148,-1.93585,-1.06633
46244,0.0103579,0.356338,0.1479
46245,0.0119721,0.00860916,0.00745738
46246,-0.0134518,0,-0.00388584
46247,0.107345,0.536727,0.412635
46248,-0.0425077,-0.414047,-0.253602
46249,-0.0531346,-0.714425,-0.378772
46250,0.0160076,1.01682,0.409258
46251,-0.0614748,-0.762314,-0.387971
46252,-0.129003,-0.802804,-0.484377
46253,0.0271726,0.0271726,0.00944989
46254,0.0722362,0.748459,0.397425
46255,0.00470813,0.0180254,0.0189421
46256,-0.0125102,-0.025962,-0.047295
46257,0.0014797,0.337909,0.146408
46258,0,0.378399,0.136369
46259,-0.0107614,-0.0107614,-0.0227731
46260,-0.0160076,-0.0294595,-0.0517345
46261,-0.055556,-0.749669,-0.389253
46262,0.0134518,0.339255,0.176182
46263,-0.00551524,-0.374095,-0.229008
46264,0.00618783,0.370866,0.20586
46265,0.0469468,0.440816,0.209428
46266,-0.0134518,-0.397366,-0.195486
46267,0.00834012,0.00834012,0.017401
46268,0.0208503,0.00739849,-0.00494954
46269,-0.139361,-1.22506,-0.715331
46270,-0.0135863,-0.0169493,-0.0303189
46271,0.115147,1.17502,0.657283
46272,-0.0273072,-0.0542108,-0.0883795
46273,0,0,-0.00911326
46274,-0.000134518,-0.000134518,-0.00928401
46275,0.0134518,0.0269036,0.0115138
46276,0.00336295,0.0168148,0.0174576
46277,-0.261503,-2.50029,-1.45077
46278,-0.0430458,-0.0367234,-0.0472457
46279,-0.0460052,-0.390909,-0.208772
46280,-0.101158,-0.814103,-0.428654
46281,-0.199625,-2.30174,-1.35786
46282,-0.00161422,-0.2763,-0.121136
46283,0.0581118,0.719941,0.353885
46284,-0.21644,-1.97916,-1.1809
46285,0,0.0248858,-0.0203136
46286,0.0430458,0.0875713,0.0977888
46287,-0.0356473,-0.0573047,-0.058579
46288,0.142051,1.91365,0.997709
46289,-0.180254,-1.23837,-0.773518
46290,0.178505,0.915395,0.526817
46291,-0.0538072,-0.0741195,-0.101566
46292,0,0.000134518,-0.00904952
46293,-0.0134518,-0.0112995,-0.0226197
46294,0.602775,4.66912,2.72562
46295,-0.223165,-2.21107,-1.25047
46296,-0.0477539,-0.0648377,-0.0931413
46297,-0.30428,-1.96652,-1.22441
46298,-0.124295,-0.99234,-0.606582
46299,0.0178909,0.0466778,0.0378022
46300,0.101158,0.18698,0.241203
46301,-0.160076,-0.669765,-0.435033
46302,0.0104924,-0.403016,-0.215407
46303,0.243074,2.5931,1.50177
46304,0.00564976,-0.00793657,-0.0052114
46305,0.188998,1.15551,0.681104
46306,-0.00121066,0.0496372,0.0180193
46307,0.000134518,0.000941626,-0.00854489
46308,0.0106269,0.0106269,0.00437582
46309,-0.0431803,-0.0625509,-0.0960385
46310,-0.011165,-0.0119721,-0.0405514
46311,0.0577082,0.386201,0.239897
46312,0.0160076,0.537131,0.188478
46313,0.0987363,1.72049,0.702347
46314,-0.015066,-0.0351092,-0.056543
46315,0.0141244,0.0133173,0.0121151
46316,-0.0177564,-0.0158731,-0.0309433
46317,0.0725052,0.128196,0.19034
46318,-0.0445255,-0.0749266,-0.0695745
46319,0,0,-0.00911326
46320,0.0100889,0.0102234,0.00358096
46321,0.000538072,-0.507806,-0.262694
46322,-0.0133173,0.430727,0.134663
46323,-0.00336295,-0.410011,-0.165231
46324,-0.044391,-0.414988,-0.238028
46325,-0.231506,-1.64354,-0.91042
46326,0.018967,-0.0130483,0.00966671
46327,-0.356473,-2.75251,-1.62482
46328,0.136267,1.22479,0.655976
46329,-0.0379341,-0.0914723,-0.0996587
46330,-0.0960459,-1.46329,-0.735455
46331,0,0.0134518,0.0131889
46332,0.241056,2.72776,1.42822
46333,-0.200163,-3.0241,-1.54474
46334,-0.169493,-1.06121,-0.729499
46335,-0.0347057,0.393465,0.129406
46336,-0.18012,-4.42739,-1.74896
46337,0.0169493,1.99127,0.377221
46338,-0.00336295,-0.00336295,-0.013382
46339,-0.0134518,-0.0118376,-0.0255551
46340,0.187922,1.00593,0.630889
46341,-0.0250204,-0.0115686,-0.0376534
46342,0.000403554,0.000403554,-0.00860101
46343,-0.104655,-0.89051,-0.50524
46344,0,0.0125102,0.0181696
46345,0.0871677,0.883649,0.460577
46346,0,-0.000807108,-0.00941698
46347,0.0464087,0.799979,0.335325
46348,-0.0121066,-0.0121066,-0.0244806
46349,-0.0168148,-0.0336295,-0.0535637
46350,0.0138554,-0.365486,-0.095589
46351,-0.0710255,-0.471889,-0.322139
46352,-0.00269036,-0.029594,-0.0412047
46353,-0.0293249,-0.0308046,-0.0469244
46354,0,0,-0.00911326
46355,0.0118376,0.0115686,0.00579566
46356,-0.134787,-2.56674,-0.774291
46357,-0.126447,-2.09835,-0.633373
46358,-0.219803,-6.07363,-2.26421
46359,0.055825,2.08113,0.77761
46360,-0.0766753,-2.35541,-1.11244
46361,-0.0122411,-0.0309392,-0.0342137
46362,0.0367234,-1.91688,-0.699023
46363,-0.0158731,1.54803,0.579299
46364,-0.0255584,-0.0254239,-0.0414916
46365,0.037396,0.0612057,0.0613848
46366,0.354859,7.06475,3.02506
46367,0.00807108,-0.00511169,-0.00799363
46368,-0.0293249,-0.0495026,-0.0691113
46369,0.0138554,-0.0096853,-0.019398
46370,-0.0589189,-1.75452,-0.608014
46371,-0.0096853,-0.577621,-0.435445
46372,0.0137208,0.00336295,0.00320021
46373,-0.0270381,-1.62296,-0.558514
46374,0.0454671,2.22829,1.00501
46375,0.0542108,1.67475,0.49638
46376,0.495565,6.19765,2.27461
46377,-0.0103579,-0.0278452,-0.0438595
46378,-0.0266346,-0.0227336,-0.0418912
46379,0.00403554,0.00645687,-0.00335141
46380,-0.227066,-3.42994,-1.28776
46381,0.0133173,0.0278452,0.032133
46382,-0.377458,-5.26813,-2.02125
46383,-0.08932,-2.22816,-0.905788
46384,-0.0559595,-2.16776,-0.860726
46385,0.0868987,2.07978,0.73019
46386,0.04466,0.0812489,0.0970767
46387,0.136267,2.65848,1.12383
46388,0.00269036,0.00847464,0.0129529
46389,-0.00228681,-0.00228681,-0.012016
46390,0,-0.00242133,-0.00962972
46391,-0.0309392,-0.0359163,-0.0501609
46392,0.0462742,0.0328224,0.0273218
46393,-0.0442564,-0.473369,-0.260088
46394,0,-0.0134518,-0.0314155
46395,0.0141244,0.0174873,0.00979562
46396,-0.0803073,-1.64623,-0.575225
46397,0.0338986,1.68027,0.615282
46398,-0.0213884,-1.65242,-0.595251
46399,-0.0174873,-0.0578428,-0.0668668
46400,-0.0316117,-0.516684,-0.206304
46401,0.000403554,0.0138554,-0.00222673
46402,-0.181465,-4.34641,-1.80801
46403,-0.224107,-4.15029,-2.13412
46404,0.000134518,0.000134518,-0.00894251
46405,0.0569011,0.420369,0.186329
46406,0.0242133,0.0780205,0.0250794
46407,0.015066,0.015066,0.0100105
46408,0.063358,1.99921,0.986705
46409,-0.0532692,-0.568608,-0.304955
46410,0.0243478,0.526369,0.227939
46411,0.00887819,0.0367234,0.0299409
46412,-0.0819215,-2.0775,-1.09778
46413,0.0383376,1.47634,0.787568
46414,0.0117031,0.0387412,0.031486
46415,-0.0403554,-1.46248,-0.781883
46416,0.0349747,0.0349747,0.0410437
46417,0.0242133,1.44499,0.741265
46418,0.0174873,-1.37639,-0.683393
46419,-0.0505788,-0.0394138,-0.0548036
46420,-0.00860916,-0.00349747,-0.0190319
46421,-0.0567666,-0.497448,-0.281626
46422,0.219668,3.93613,1.98202
46423,-0.0538072,-1.50082,-0.781171
46424,0,-0.0168148,-0.0323958
46425,-0.0157386,-0.0157386,-0.0290908
46426,0.018698,0.0153351,0.0136403
46427,-0.014528,1.40222,0.665104
46428,0.306432,4.75763,2.03147
46429,-0.037127,-1.97809,-0.689791
46430,0.00981982,1.49033,0.470679
46431,0.085419,2.04024,0.767463
46432,0.00269036,0.500407,0.187378
46433,0.159404,4.25763,1.31884
46434,-0.138554,-2.18753,-0.756038
46435,-0.0329569,-2.10669,-0.682231
46436,0.0486955,1.65686,0.531181
46437,-0.0352437,-1.63453,-0.513232
46438,-0.0686042,-0.0834012,-0.116928
46439,0,0,-0.00911326
46440,0.0508478,1.63682,0.497169
46441,0.147566,4.22293,1.11102
46442,-0.00309392,-0.00121066,-0.0215601
46443,0.00376651,0.0172183,0.0185353
46444,-0.143262,-2.19264,-0.755182
46445,-0.0715636,-1.66641,-0.343854
46446,0.0437184,0.0434493,0.0619801
46447,0.0486955,1.62229,0.296388
46448,0.00121066,0.0345711,0.031805
46449,-0.0404899,-2.08866,-0.554511
46450,-0.0161422,0.0511169,-0.00384276
46451,-0.067259,-2.09525,-0.747093
46452,-0.0107614,-0.00282488,-0.020412
46453,0.000403554,0.000403554,-0.00860101
46454,-0.00780205,-0.00780205,-0.0190166
46455,-0.195589,-4.12527,-1.70856
46456,0.00901271,0.0379341,0.0361689
46457,0.00739849,0.00928175,0.000803414
46458,0.0178909,1.92912,0.62704
46459,-0.0240787,-1.5296,-0.533042
46460,0.0563631,1.9263,0.659499
46461,-0.0647032,-0.0652413,-0.119672
46462,0.00807108,-0.311544,-0.157227
46463,0.0321498,0.346249,0.18411
46464,-0.00322843,0.0102234,0.009091
46465,0.0158731,1.61475,0.524055
46466,-0.00659139,-0.018429,-0.0201039
46467,0.0158731,0.295805,0.0811196
46468,-0.0540763,-1.88783,-0.65758
46469,-0.0961804,-2.28008,-0.88626
46470,0.0250204,0.345846,0.198152
46471,0.0384722,1.62673,0.519233
46472,0.0917413,1.94675,0.692824
46473,-0.242267,-2.02248,-1.08642
46474,-0.0107614,-0.0275762,-0.0269724
46475,-0.0309392,-1.9945,-0.702593
46476,-0.0624164,-0.34477,-0.24744
46477,-0.0251549,0.00174873,0.0035613
46478,0.0760027,1.95092,0.684469
46479,-0.0149315,-1.55799,-0.473119
46480,0.00067259,-0.00269036,-0.00355823
46481,-0.0234061,1.54629,0.412014
46482,-0.00309392,-0.00363199,-0.0139325
46483,0.0258275,0.0224645,0.0227823
46484,0.348805,9.26681,2.86905
46485,0.0437184,0.394138,0.233844
46486,0.129137,0.790025,0.418666
46487,-0.0733123,-0.745365,-0.399201
46488,0.0969875,0.728012,0.35581
46489,-0.0473504,-0.941088,-0.35496
46490,0,0.000134518,-0.00904952
46491,-0.209041,-1.25532,-0.674499
46492,0,0,-0.0139206
46493,0.00269036,0.00215229,0.00987986
46494,-0.022061,-1.86738,-0.318867
46495,0.0442564,1.91715,0.379673
46496,-0.0578428,-1.95334,-0.439223
46497,0.104924,2.92402,0.83496
46498,0.0165457,0.0299975,0.0151077
46499,0.0134518,0.0134518,0.00796153
46500,0.122008,1.46302,0.675973
46501,0.199356,1.58772,0.848713
46502,-0.0282488,-0.0387412,-0.0477625
46503,-0.0269036,-0.0168148,-0.0410243
46504,0.0208503,-0.00242133,-0.00904582
46505,-0.0941626,-0.742136,-0.400004
46506,0.0141244,0.34329,0.16996
46507,0.21644,1.71537,0.883364
46508,0.0805763,0.791101,0.383676
46509,-0.0698149,-0.686849,-0.356837
46510,0.048561,0.682814,0.337733
46511,-0.151333,-1.58126,-0.777399
46512,-0.0963149,-0.836971,-0.371317
46513,-0.00941626,-0.0274417,-0.0301498
46514,-0.0921449,-0.83724,-0.445308
46515,-0.105328,-0.916741,-0.481623
46516,-0.0749266,-0.114206,-0.173701
46517,-0.00134518,-0.014797,-0.0174478
46518,0.119183,0.950908,0.559668
46519,-0.0450636,-0.0719672,-0.110918
46520,-0.136401,-1.28586,-0.591868
46521,0.00121066,0.428844,0.150748
46522,0.0125102,0.0125102,0.0226942
46523,0.00201777,0.00201777,-0.00655204
46524,0.0134518,0.0135863,0.00799705
46525,0.0387412,0.809799,0.373928
46526,0.00269036,0.0433148,0.0425596
46527,0.00538072,-0.0201777,-0.0446575
46528,0.0082056,-0.0153351,-0.0377265
46529,-0.0265001,-0.0255584,-0.0422867
46530,-0.00497717,0.00349747,-0.0144929
46531,-0.0139899,-0.0308046,-0.049978
46532,0.00928175,-0.425884,-0.146142
46533,0.0168148,0.0168148,0.0122302
46534,-0.0269036,-0.0457361,-0.0477693
46535,0.0403554,0.0477539,0.0635677
46536,0.305221,2.84815,1.44207
46537,-0.0847464,-0.4844,-0.301095
46538,0.309526,1.99289,1.06668
46539,-0.171241,0.153889,-0.0893343
46540,-0.222762,-3.14315,-1.46399
46541,-0.037127,-0.0169493,-0.0321613
46542,0.295133,2.18121,1.25749
46543,-0.179447,-1.1013,-0.661116
46544,0.0134518,0.0142589,0.00843765
46545,0.0193706,0.0067259,0.00924502
46546,-0.0356473,-0.0390102,-0.0812938
46547,-0.0203122,-0.0112995,-0.0342628
46548,-0.173663,-2.17274,-1.29481
46549,-0.147432,-1.21012,-0.686703
46550,-0.055825,-0.0577082,-0.100035
46551,-0.0367234,-0.0384722,-0.0363208
46552,-0.131155,-1.15551,-0.608314
46553,-0.19949,-1.49772,-0.892368
46554,-0.0699494,0.234869,0.0312126
46555,0.0228681,0.0318808,0.0241847
46556,0.0578428,0.0309392,0.0461309
46557,0.106673,1.16062,0.751939
46558,-0.00538072,-0.00457361,-0.014605
46559,-0.0137208,-0.0271726,-0.0488317
46560,0.259082,1.26138,0.815076
46561,0.0551524,1.02422,0.499974
46562,-0.0456016,-0.139764,-0.191256
46563,-0.0271726,-0.0271726,-0.0623543
46564,0,0.0134518,0.0131889
46565,0.107211,1.54373,0.842224
46566,0.0840738,0.553676,0.278464
46567,0.0269036,0.0538072,0.0696407
46568,-0.117838,-1.06955,-0.683582
46569,-0.0417006,-0.435166,-0.149969
46570,-0.00376651,0.36414,0.184979
46571,-0.102234,-0.977408,-0.636929
46572,0.0254239,0.0776169,0.110646
46573,0.000941626,0.000941626,-0.00791802
46574,-0.00403554,-0.00403554,-0.0142357
46575,0.128734,1.4154,0.767335
46576,-0.00201777,-1.6263e-19,-0.0108211
46577,-0.0127792,-0.0127792,-0.0253343
46578,0.0269036,0.0269036,0.0250363
46579,0.0481575,0.565917,0.314366
46580,-0.148239,-0.668824,-0.461165
46581,-0.0247513,-0.0281143,-0.040747
46582,-0.00551524,0.0322843,0.026575
46583,-0.014797,-0.00134518,-0.00559332
46584,0.00228681,-0.0107614,-0.0283215
46585,0.147028,1.33227,0.593234
46586,-0.0178909,-0.0305356,-0.0353465
46587,0.0538072,0.500542,0.230004
46588,0,0.0014797,-0.00570461
46589,0.00376651,-0.0110305,-0.0272063
46590,0.117703,1.71215,0.924043
46591,0.238904,1.67273,1.04925
46592,-0.0369925,-0.0637616,-0.0827042
46593,0.0437184,0.0570357,0.0314421
46594,-0.139495,-1.04494,-0.572974
46595,0.136536,0.539417,0.367895
46596,-0.00134518,-0.00134518,-0.010913
46597,0.21765,1.94419,0.985668
46598,0.0196396,0.0330914,0.0193682
46599,0.0134518,-0.0269036,0.0480085
46600,0.12981,1.5288,0.813889
46601,0.205275,0.477539,0.406664
46602,-0.0168148,-0.0168148,-0.047697
46604,0,0.0134518,-0.00248622
46605,0.00336295,0.00336295,-0.00484456
46606,0.063089,1.41365,0.671208
46607,0.424001,0.363602,0.464727
46608,-0.0376651,-0.0369925,-0.0567617
46609,0.0430458,0.0598605,0.051626
46610,-0.0468123,0.467181,0.422216
46611,0.0240787,0.536996,0.242359
46612,0,0.00995434,0.008005
46613,0.158462,0.96584,0.546797
46614,0.0591879,0.882708,0.394404
46615,0.00403554,0.0174873,0.0183114
46616,0.105462,0.0808454,0.123839
46617,0.0134518,0.0269036,0.0302637
46618,0.00941626,0.254912,0.111264
46619,0.0107614,0.0107614,0.0229274
46620,-0.00269036,-0.0161422,-0.0134736
46621,0.0029594,-0.00242133,-0.00806911
46622,-0.163574,-1.38244,-0.766891
46623,-0.00201777,0.722631,0.214853
46624,-0.0437184,-0.503905,-0.19136
46625,-0.0309392,-0.0329569,-0.0361831
46626,-0.0517895,-0.371539,-0.269933
46627,0,0.000134518,-0.00889024
46628,0.0622819,0.78841,0.324389
46629,0,0,-0.0049158
46630,0,-0.0123757,-0.0150496
46631,-0.158328,-0.919969,-0.521663
46632,-0.00228681,-0.0106269,-0.0114173
46633,-0.111381,-0.865086,-0.443032
46634,0.191016,2.58275,1.30434
46635,0.0185635,-0.478884,-0.215569
46636,-0.00255584,-0.00255584,-0.0123575
46637,0.0564976,0.535113,0.324035
46638,-0.0067259,-0.0067259,-0.0176507
46639,-0.0726398,-0.882977,-0.509439
46640,0.0196396,0.334412,0.157905
46641,-0.0168148,-0.0168148,-0.0304567
46642,-0.0511169,-0.0398173,-0.0390637
46643,0.210521,1.47391,0.845002
46644,-0.0297285,-0.0707565,-0.100149
46645,-0.0454671,-0.872753,-0.464714
46646,-0.052462,-0.085688,-0.122163
46647,-0.0269036,-0.0134518,-0.0209606
46648,0.0269036,0.0387412,0.0471141
46649,-0.11313,-0.967857,-0.605236
46650,-0.277376,-2.20838,-1.17715
46651,-0.00174873,-0.376382,-0.206977
46652,-0.0349747,-0.487897,-0.261717
46653,0.12833,1.45185,0.7476
46654,0.242671,2.22641,1.19581
46655,-0.0321498,-0.0554214,-0.0688925
46656,0.0690078,0.0727743,0.079475
46657,-0.00403554,-0.00403554,-0.0142357
46658,-0.109363,-0.391448,-0.283534
46659,-0.12147,-1.43369,-0.799916
46660,-0.00282488,-0.00282488,-0.012699
46661,-0.011434,0.418217,0.145737
46662,0.0563631,0.063089,0.0746941
46663,0.0201777,0.32365,0.147342
46664,0,-0.0134518,-0.0314155
46665,-0.105193,-0.81491,-0.423525
46666,0.0139899,0.0168148,0.00918417
46667,0.0324189,0.435839,0.188783
46668,0.00067259,0.00067259,-0.00825952
46669,0.0102234,0.00618783,0.00368854
46670,-0.0289214,-0.446062,-0.203643
46671,0.070891,0.478212,0.259694
46672,-0.0188325,-0.0247513,-0.0432961
46673,-0.107345,-0.795809,-0.418005
46674,0.0162767,0.0162767,0.00919281
46675,-0.0864951,-1.26407,-0.62528
46676,0.0197742,0.419965,0.195769
46677,-0.0103579,-0.462608,-0.230222
46678,-0.0651067,-1.11246,-0.519626
46679,-0.0271726,-0.033764,-0.00684817
46680,0.128465,1.30308,0.680856
46681,-0.00121066,0.0122411,-0.00402295
46682,-0.144069,-1.32998,-0.747077
46683,-0.00901271,-0.0960459,-0.0617793
46684,0.110843,1.83752,0.813818
46685,-0.0217919,-0.0352437,-0.0377198
46686,-0.0827286,-0.90302,-0.46036
46687,-0.0158731,-0.0082056,-0.0637067
46688,-0.0376651,0.655237,0.195534
46689,0.0204467,-0.0137208,-0.024036
46690,0.0162767,0.0164112,0.0117703
46691,-0.011434,-0.0316117,-0.0276785
46692,-0.00201777,-0.00201777,-0.0116745
46693,0.0477539,0.889702,0.416903
46694,-0.00269036,0.0141244,-0.00600727
46695,0,-0.0134518,-0.0268668
46696,0.00995434,0.0260965,0.032528
46697,-0.00941626,-0.0497717,-0.0720443
46698,0.0165457,0.0564976,0.0465232
46699,0.320557,2.70233,1.37884
46700,-0.0403554,-0.0812489,-0.0710331
46701,0.0653758,0.612057,0.306474
46702,0.265135,2.34209,1.15764
46703,0.280336,2.58544,1.47128
46704,-0.212404,-1.2642,-0.80147
46705,0.0149315,0.0282488,0.0309485
46706,-0.0134518,-0.00228681,-0.0219645
46707,-0.294056,-2.72291,-1.54956
46708,0.0195051,0.515339,0.270136
46709,-0.00780205,0.00564976,-0.0123896
46710,-0.0096853,0.56511,0.273542
46711,0.0270381,0.870063,0.263424
46712,0.0941626,1.0292,0.540251
46713,0,0.00632235,0.00525203
46714,-0.0602641,-0.969741,-0.492089
46715,-0.025962,-0.924139,-0.3732
46716,0.133845,1.52503,0.816797
46717,0,0.0134518,-0.00309021
46718,0.0161422,0.536727,0.244806
46719,-0.00605331,-0.0324189,-0.0452184
46720,0.0138554,0.00215229,0.01923
46721,0.00807108,0.0100889,0.00275569
46722,-0.0551524,-1.01709,-0.519412
46723,-0.0749266,-0.995703,-0.490037
46724,-0.00753301,-0.0613402,-0.107884
46725,-0.0496372,-0.0398173,-0.0547257
46726,0.0573047,0.0850154,0.108627
46727,-0.0127792,-0.0282488,-0.0485523
46728,-0.0538072,-1.02462,-0.457611
46729,-0.00255584,-0.0170838,-0.035372
46730,0.0044391,-0.00860916,-0.0256289
46731,-0.132231,-1.20461,-0.642844
46732,-0.0146625,-0.0260965,-0.0427935
46733,0.00390102,-0.00955078,-0.0102831
46734,-0.00955078,-0.0316117,-0.101669
46735,-0.0169493,-0.0419696,-0.0570761
46736,0.0242133,0.0425077,0.045539
46737,-0.00242133,0.00457361,0.00676431
46738,0.0313427,0.0328224,0.047234
46739,-0.0152005,0.010896,-0.0160412
46740,0.14797,1.26111,0.705322
46741,-0.214153,-1.32675,-0.806773
46742,0.0823251,1.09363,0.490453
46743,0.101292,0.148373,0.19078
46744,-0.211462,-0.800652,-0.544296
46745,-0.0287869,-0.461801,-0.185233
46746,0.0403554,0.0402209,0.0421017
46747,-0.0322843,-0.0457361,-0.072395
46748,0.0928175,1.14878,0.610517
46749,-0.307105,-2.24659,-1.17925
46750,0.0308046,0.0711601,0.0524174
46751,0.0309392,0.0326879,0.0361866
46752,-0.131828,-1.21766,-0.714838
46753,0.0377996,0.956827,0.459942
46754,-0.0851499,-0.983596,-0.552554
46755,0.0423732,0.498524,0.308185
46756,0.0816525,-0.283295,-0.0258753
46757,-0.00928175,-0.00928175,-0.0208949
46758,-0.0480229,-0.0234061,-0.0437453
46759,0.00632235,0.398981,0.106367
46760,-0.0316117,-0.477943,-0.212764
46761,0.112323,0.548565,0.2915
46762,-0.0235407,0.00363199,-0.0255468
46763,0.0121066,0.052462,0.0381495
46764,0.0174873,0.00551524,0.00916292
46765,-0.0343021,-0.0746575,-0.0879575
46766,-0.0209848,-0.454671,-0.178629
46767,-0.212539,-1.11045,-0.60299
46768,0.000403554,0.0542108,0.0433231
46769,0.26527,2.19184,1.07971
46770,0.0138554,0.0281143,0.0311736
46771,-0.00134518,-0.0156041,-0.03507
46772,0.00336295,0.0149315,0.00115205
46773,0.0579773,1.08354,0.372376
46774,-0.184021,-1.7112,-0.865402
46775,0.0390102,0.0375305,0.0396747
46776,0.0839393,0.686715,0.421013
46777,-0.0243478,-0.0916068,-0.15153
46778,-0.0762717,-1.01117,-0.441143
46779,0,0,-0.00911326
46780,-0.0637616,-0.089589,-0.118286
46781,-0.0761372,-1.0031,-0.508764
46782,0.0224645,0.0804418,0.109813
46783,-0.0399519,-0.0398173,-0.0754368
46784,0.0696804,0.173932,0.112298
46785,0.0117031,0.015066,0.00849535
46786,-0.0768098,-0.0917413,-0.14671
46787,-0.0755992,-0.7229,-0.376302
46788,-0.0137208,-0.413912,-0.196585
46789,0.0478884,0.419293,0.242277
46790,-0.0638961,-0.473369,-0.346601
46791,0.00336295,0.00336295,-0.00484456
46792,0.0729088,0.113264,0.117171
46793,-0.0382031,-0.0786931,-0.0927071
46794,0.0162767,0.0297285,0.0338494
46795,0.00605331,0.00605331,-0.0014296
46796,-0.00255584,0.0231371,7.01669e-05
46797,0.0154696,0.0153351,0.0102997
46798,0.015066,0.015066,0.0100105
46799,-0.011434,0.0312082,-0.0123661
46800,-0.345442,-2.62135,-1.47941
46801,0.0228681,0.117031,0.0529938
46802,0,0.47875,0.190153
46803,-0.100081,-0.937322,-0.504224
46804,-0.501214,-4.13683,-2.52491
46805,0.0695458,1.05664,0.521985
46806,-0.0786931,-0.589727,-0.368057
46807,-0.138554,-1.36213,-0.733158
46808,-0.00403554,-0.515204,-0.213629
46809,-0.138016,-1.19196,-0.608998
46810,0.265539,1.77254,1.06905
46811,0.022599,0.398039,0.124445
46812,-0.12981,-2.45643,-1.21775
46813,-0.264597,-2.14368,-1.39339
46814,-0.0158731,-0.447407,-0.215094
46815,0.00269036,0.0169493,0.0169914
46816,0.0571702,0.0983327,0.0799511
46817,0.0215229,0.0474849,0.0448374
46818,-0.250876,-2.34855,-1.27759
46819,-0.11165,-0.83307,-0.432078
46820,0.00255584,0.0338986,0.0367751
46821,0.018967,0.861319,0.346578
46822,0.0152005,0.00336295,0.00450831
46823,0.0749266,0.834819,0.409395
46824,-0.115686,-0.869525,-0.515888
46825,-0.00618783,0.0200432,-0.00539748
46826,0,-0.0403554,-0.0760199
46827,0.0800382,0.0563631,0.110414
46828,0.309661,4.4134,2.21318
46829,0.0212539,0.896025,0.344906
46830,0.0134518,-0.00901271,0.0110387
46831,0.190343,1.93693,0.949936
46832,-0.0855535,-1.01198,-0.589434
46833,0.157655,1.85864,1.03746
46834,-0.0306701,0.185904,-0.0268488
46835,0.0653758,-0.0273072,-0.00656414
46836,0.0511169,0.0536727,0.0458439
46837,-0.0135863,-0.0907997,-0.108895
46838,0.0302666,0.616765,0.271434
46839,0.0134518,0.0347057,0.0275238
46840,-0.00807108,-0.0349747,-0.0482874
46841,-0.0322843,-0.0181599,-0.0215086
46842,0.0067259,0.00282488,-0.0070435
46843,0.101023,1.42522,0.647185
46844,0.0316117,0.576813,0.215812
46845,-0.0269036,-0.606273,-0.274883
46846,0.161825,1.73084,0.735251
46847,-0.135863,-1.01844,-0.586506
46848,0.117703,0.968126,0.512625
46849,0.137746,1.49181,0.688916
46850,-0.0665864,-0.121739,-0.153469
46851,-0.0466778,-0.0679316,-0.0929735
46852,-0.00121066,-0.0281143,-0.0236513
46853,-0.00403554,-0.0310737,-0.0225488
46854,-0.0523275,-0.0429113,-0.075327
46855,0.0204467,0.0608022,0.0487358
46856,-0.140437,0.0917413,-0.176912
46857,0.010896,0.0243478,0.0270195
46858,0.00067259,0.000807108,-0.0080365
46859,-0.00376651,0.0231371,0.0147823
46860,0.0273072,0.0138554,0.00481142
46861,-0.00981982,-0.0102234,-0.0218953
46862,0.0141244,0.0417006,0.0363571
46863,0.000807108,-0.0118376,-0.0128076
46864,-0.0135863,-0.0386067,-0.0543266
46865,0.0287869,0.0825941,0.0834675
46866,0.00201777,0.0154696,7.49953e-05
46867,0.127389,0.629275,0.344386
46868,0.0493681,0.870466,0.344784
46869,-0.0270381,-0.87087,-0.379922
46870,-0.0314772,-0.0461397,-0.0560314
46871,0.0242133,0.0384722,0.0283933
46872,0.0139899,0.0139899,-0.00703065
46873,-0.127523,-3.6753,-1.76868
46874,-0.165457,-1.5853,-0.866849
46875,-0.0368579,-0.96705,-0.410041
46876,-0.184155,-1.43867,-0.836419
46877,-0.119318,-1.0257,-0.506478
46878,0.00780205,0.0823251,-0.0293636
46879,0.0165457,0.445255,0.245588
46880,0.0243478,0.0661829,0.0578246
46881,-0.0281143,-0.406245,-0.193901
46882,0.228143,2.0471,1.10252
46883,-0.199759,-1.69533,-1.0508
46884,0.0470813,0.0994088,0.106035
46885,0.0490991,0.882573,0.425766
46886,-0.0154696,-0.00201777,-0.00644706
46887,0.00269036,-0.0104924,-0.01194
46888,0.284506,1.68363,0.897947
46889,0.277914,0.5261,0.306776
46890,0.00134518,-0.390506,-0.188167
46891,-0.13398,-1.98105,-0.876515
46892,0.231237,1.9154,1.01128
46893,-0.0352437,-0.0486955,-0.0761514
46894,-0.0585154,-0.474849,-0.276151
46895,0.0176219,0.0344366,0.0365373
46896,0.022061,0.575603,0.216634
46897,0.0168148,0.0302666,0.0373544
46898,0.0134518,0.000134518,-0.0142744
46899,0,0.0134518,0.0131889
46900,0.117838,1.05583,0.575752
46901,0.270381,2.43895,1.29107
46902,0.0235407,0.619187,0.299015
46903,0.0267691,0.0224645,0.0268152
46904,-0.0168148,-0.0302666,-0.0527589
46905,-0.0121066,-0.0523275,-0.0748267
46906,-0.0620128,-0.896294,-0.430316
46907,0.0488301,0.89051,0.42672
46908,0.0825941,1.26003,0.518228
46909,0.00336295,-0.0100889,-0.00990653
46910,-0.00793657,-0.0308046,-0.0436507
46911,0.0082056,0.00107614,-0.00576586
46912,0.0586499,0.0566321,0.0601065
46913,-0.0368579,-0.0384722,-0.0566934
46914,0.0313427,0.0044391,-0.0139334
46915,0.00322843,0.0166802,0.0172869
46916,0,0,-0.00911326
46917,-0.185635,-2.00297,-0.933253
46918,-0.0236752,-1.27698,-0.594966
46919,-0.0437184,-0.572105,-0.296025
46920,0.0156041,0.0156041,-0.00523443
46921,0.0384722,1.48051,0.682792
46922,-0.0538072,-0.564841,-0.257203
46923,0.0168148,0.558115,0.226526
46924,-0.00336295,-0.0302666,-0.0579864
46925,-0.0127792,0.00511169,-0.00196985
46926,0.00336295,0.0293249,0.0063336
46927,-0.31531,-2.57683,-1.50747
46928,0.0746575,0.0951043,0.130397
46929,0.23433,1.66506,0.969537
46930,0.0727743,0.928309,0.476559
46931,-0.0341676,-0.0476194,-0.0747854
46932,-0.0134518,-0.0269036,-0.0641654
46933,0.00336295,0.0168148,0.000217405
46934,0.0125102,0.055556,0.0575962
46935,0.215094,2.84304,1.17914
46936,-0.529867,-5.74298,-2.76803
46937,-0.0082056,-0.333605,-0.19402
46938,-0.000403554,0.318539,0.129551
46939,-0.0860916,-0.956827,-0.522423
46940,-0.0824596,-1.26528,-0.571785
46941,-0.183483,-1.05516,-0.746183
46942,0.0470813,0.124295,0.0794161
46943,-0.0760027,-0.554618,-0.279918
46944,-0.0180254,-0.303473,-0.146135
46945,-0.0269036,-0.0082056,-0.0510751
46946,0.00901271,0.0224645,0.0246291
46947,-0.030132,-0.074254,-0.120019
46948,0.0141244,0.041028,0.0534197
46949,0.0493681,0.0365889,0.0580611
46950,-0.063089,-0.581522,-0.28899
46951,-0.490318,-5.0977,-2.86661
46952,0.011434,0.52341,0.247324
46953,0.0457361,0.0628199,0.0739407
46954,-0.0127792,0.00309392,-0.0196351
46955,0.0348402,1.02516,0.529755
46956,0.0274417,0.0283833,0.0261832
46957,-0.106135,-0.98817,-0.640181
46958,0.029594,0.411087,0.24673
46959,0,0,-0.00911326
46960,0.0457361,0.0860916,0.0986074
46961,-0.150526,-1.11637,-0.707138
46962,0.457899,4.03716,2.27029
46963,-0.12981,-0.993819,-0.572465
46964,0.197742,1.55678,0.879594
46965,-0.0469468,-0.524486,-0.256109
46966,0.0138554,0.0632235,0.0281411
46967,0.0203122,0.547758,0.237527
46969,-0.112323,-0.643131,-0.373526
46970,0.0517895,0.572374,0.273058
46971,-0.0564976,-0.583943,-0.299288
46972,0.0219264,0.00847464,0.0147972
46973,-0.332663,-1.68201,-1.11547
46974,0.247513,3.14813,1.54495
46975,-0.0848809,-1.72667,-0.750826
46976,0.0134518,-0.00336295,-0.015321
46977,-0.0388757,-0.0299975,-0.0330928
46978,0.183348,1.86321,0.8984
46979,-0.172856,-1.47284,-0.837516
46980,-0.11165,-1.99033,-0.938908
46981,-0.0679316,-0.514397,-0.251523
46982,0.0679316,0.541301,0.262134
46983,-0.0679316,-0.531212,-0.274714
46984,0.181734,1.67314,0.893027
46985,0.222089,2.42146,1.17348
46986,-0.0437184,-0.871677,-0.368553
46987,0.134384,1.50163,0.683041
46988,-0.0430458,-0.0430458,-0.0637526
46989,0.00269036,-0.00928175,-0.0253635
46990,0.0141244,0.0141244,0.00881527
46991,-0.217381,-2.47984,-1.19543
46992,-0.029594,0.403151,0.12477
46993,-0.00981982,0.000269036,-0.000255998
46994,-0.0948352,-1.04695,-0.552076
46995,-0.0107614,0.00269036,-0.000470881
46996,0,0.00269036,-0.0241394
46997,-0.0979291,-0.962208,-0.420507
46998,-0.0221955,0.30845,0.0186719
46999,-0.0847464,-0.549103,-0.315666
47000,0.0135863,0.0270381,0.0304345
47001,-0.128599,-1.85675,-0.904112
47002,-0.306567,-3.41461,-1.57734
47003,0.0457361,1.37451,0.528206
47004,-0.0208503,-0.0213884,-0.0513964
47005,0.0632235,0.867103,0.251988
47006,-0.000134518,0.0445255,0.0527016
47007,0.146221,1.60695,0.762575
47008,-0.10035,-1.067,-0.514808
47009,0.110708,0.606676,0.323461
47010,-0.0236752,-0.0369925,-0.0614165
47011,-0.00269036,0.00995434,0.00937637
47012,0.0134518,0.0176219,0.00916388
47014,0.00269036,-0.0244823,-0.0505582
47015,-0.0942972,-0.54278,-0.244597
47016,0.0430458,0.474042,0.190201
47017,-0.0430458,-0.507671,-0.239065
47018,-0.0840738,-2.71377,-0.902622
47019,-0.0134518,-0.00834012,-0.0237658
47020,0,0.0134518,-0.00248622
47021,0.0107614,0.014797,0.00551225
47022,-0.0367234,-0.10062,-0.0833356
47023,0.0447945,0.0916068,0.0841804
47024,-0.0228681,-0.0363199,-0.0601899
47025,0.173394,2.48199,1.01814
47026,-0.0192361,1.05287,0.381289
47027,-0.0134518,-0.574258,-0.25972
47028,0.0489646,0.989111,0.353187
47029,-0.0730433,-1.60884,-0.716545
47030,0.0134518,0.0243478,0.0304452
47031,-0.000134518,-0.000134518,-0.00928401
47032,0.0014797,0.0333605,0.0227235
47033,0.096853,1.58731,0.657703
47034,-0.0453326,-1.04184,-0.455188
47035,0.0986017,1.61879,0.746023
47036,-0.0940281,-0.624029,-0.37329
47037,-0.0505788,-1.01723,-0.434973
47038,0.0544798,0.0679316,0.0823418
47039,0.190209,2.16951,1.01533
47040,0.61811,7.3498,3.71494
47041,0.0096853,0.462742,0.194921
47042,0.108153,1.05112,0.489587
47043,-0.0805763,-1.12888,-0.62873
47044,-0.0406245,-0.500138,-0.252072
47045,-0.00605331,-0.0329569,-0.0295455
47046,-0.2233,-2.89268,-1.3593
47047,0.13963,1.17596,0.562097
47048,-0.0922794,-0.585961,-0.310659
47049,0.0352437,0.00766753,-0.00914268
47050,-0.0586499,-1.16977,-0.534405
47051,-0.0134518,-0.0134518,-0.042116
47052,-0.123757,-1.06283,-0.581068
47053,-0.314503,-2.81304,-1.44774
47054,0.105731,1.61328,0.71991
47055,0.0511169,0.0780205,0.0844474
47056,-0.0106269,-0.0375305,-0.0512788
47057,-0.0134518,-0.00336295,-0.0210793
47058,-0.0146625,-0.0130483,-0.0261735
47059,0.0275762,0.0544798,0.0704945
47060,0.081787,1.01601,0.482772
47061,-0.0423732,-0.0816525,-0.1014
47062,-0.0242133,0.481709,0.193345
47063,-0.0242133,-0.00712946,-0.0171521
47064,-0.0107614,-0.466643,-0.183463
47065,0,-0.0269036,-0.0537177
47066,-0.0248858,0.479557,0.189244
47067,-0.0430458,-0.479422,-0.218906
47068,0.213077,2.74699,1.3037
47069,-0.0652413,0.486148,0.128303
47070,-0.0383376,-1.11018,-0.494818
47071,-0.147432,-1.25236,-0.666408
47072,-0.0228681,-0.493143,-0.242541
47073,-0.0281143,-0.514263,-0.219187
47074,0.000403554,0.000403554,-0.00860101
47075,0.0236752,0.0406245,0.0287688
47076,-0.0363199,-0.0531346,-0.0625698
47077,0.022599,0.0637616,0.0741041
47078,-0.0134518,0.0269036,0.0247907
47079,0.12833,1.56054,0.671563
47080,-0.0134518,0,-0.00388584
47081,-0.264866,-2.76838,-1.4367
47082,-0.0208503,-0.61273,-0.328915
47083,-0.0248858,-0.524486,-0.271322
47084,-0.0528656,-1.01615,-0.449716
47085,-0.026231,0.00497717,-0.0123963
47086,0.0377996,0.958979,0.358967
47087,-0.0909342,-1.00176,-0.442869
47088,0.118645,0.165323,0.253525
47089,0,0,-0.00911326
47090,-0.0508478,-0.577082,-0.334985
47091,-0.0632235,-0.0901271,-0.149897
47092,0.0102234,-0.00309392,0.0458548
47093,0.0418351,0.0552869,0.0662915
47094,-0.0660484,-0.0922794,-0.121431
47095,0.0304011,0.0333605,0.0184543
47096,-0.0269036,-0.0403554,-0.0496371
47097,0.0520585,0.0655103,0.0633405
47098,0.0052462,0.018698,0.0198481
47099,0.0404899,0.496103,0.221275
47100,-0.20783,-2.10144,-1.10468
47101,-0.0578428,-0.795405,-0.281117
47102,0.0816525,0.917279,0.261547
47103,0.326206,3.20852,1.61119
47104,-0.0617438,-0.586902,-0.280504
47105,0.0396828,0.584481,0.2622
47106,0,0.0134518,0.0131889
47107,0.3558,4.93802,2.28066
47108,0.00269036,0.601968,0.265931
47109,0.149988,1.67932,0.728735
47110,0.00941626,0.00941626,0.00695566
47111,0.0687387,0.014797,0.0324911
47112,-0.0659139,-0.0659139,-0.0802599
47113,0.0242133,0.0384722,0.0318014
47114,0.162229,1.10977,0.608727
47115,0.0902616,0.586902,0.258524
47116,0,-0.0275762,-0.0207105
47117,-0.235407,-2.17543,-1.15768
47118,-0.191688,-1.31061,-0.788434
47119,0.263117,0.855535,0.608967
47120,-0.0191016,-0.0688732,-0.0973911
47121,-0.0134518,-0.0403554,-0.0707925
47122,0.00739849,0.0345711,0.0290328
47123,-0.0585154,-0.0316117,-0.0858097
47124,0.0165457,0.0299975,0.0341909
47125,0,-0.0134518,-0.0157403
47126,0,0.0134518,-0.020867
47127,-0.0117031,-0.0117031,-0.0239683
47128,-0.0421042,-0.04466,-0.0649901
47129,0.00901271,0.0808454,0.104536
47130,-0.00336295,-0.029594,-0.0418975
47131,-0.0201777,0.0067259,-0.00736127
47132,0.0052462,0.018698,0.0198481
47133,0.261772,1.3133,0.864533
47134,0.0321498,0.0044391,-0.013463
47135,-0.0188325,0.34329,0.0915896
47136,0.04466,0.603179,0.260406
47137,0.0536727,0.958979,0.395125
47138,0,-0.0134518,-0.0126655
47139,-0.0517895,-0.552466,-0.250527
47140,-0.00134518,-0.479019,-0.261428
47141,-0.0267691,0.435569,0.184305
47142,-0.0309392,-0.570088,-0.23955
47143,0.0117031,0.0127792,0.00625175
47144,0.126178,1.25317,0.64101
47145,0.0269036,0.397097,0.143083
47146,0,-0.000538072,-0.00927011
47147,-0.0122411,-0.025693,-0.0466586
47149,0.000134518,-0.384049,-0.133242
47150,-0.0131828,0.379206,0.0992796
47151,0.0618783,0.669496,0.299691
47152,0.018967,0.0399519,0.0647625
47153,-0.0255584,-0.0255584,-0.0390473
47154,0.0979291,1.09807,0.53075
47155,-0.0336295,-0.611923,-0.311953
47156,0.25814,3.63279,1.79242
47157,-0.011165,-0.0228681,-0.0383947
47158,0.00538072,-0.014797,-0.0232379
47159,-0.00955078,0.0470813,-0.00976638
47160,0.029863,0.0318808,0.0595998
47161,-0.31948,-3.29798,-1.77761
47162,0.0832667,0.0299975,0.0658266
47163,-0.0712946,-0.585961,-0.315207
47164,-0.0652413,-0.0936246,-0.121331
47165,-0.140975,-1.62,-0.856241
47166,0.0107614,-0.0423732,-0.0660854
47167,-0.129272,-1.12914,-0.6287
47168,-0.00215229,0.0548834,0.0482519
47169,0.0548834,1.03808,0.482214
47170,-0.033495,-0.0205813,-0.0451312
47171,-0.0642996,-1.00337,-0.460768
47172,0.178371,1.21739,0.700765
47173,-0.00107614,0.0392793,0.0407522
47174,-0.0821905,-0.0821905,-0.11344
47175,0,-0.0398173,-0.0596777
47176,0.000134518,0.000134518,-0.00894251
47177,0.0104924,0.0364544,0.0151951
47178,-0.00941626,-0.0363199,-0.0497421
47179,0.0403554,0.0403554,0.0421111
47180,0.00417006,0.0176219,0.0184821
47181,0.0134518,0.0270381,0.0115775
47182,0.0134518,0.0134518,0.00796153
47183,0.142186,1.08489,0.559634
47184,-0.00847464,-0.0488301,-0.0536088
47185,0,0.000134518,-0.00904952
47186,0,0,-0.00911326
47187,0.0227336,0.0361854,0.0420453
47188,-0.108153,-1.15874,-0.67706
47189,0.0727743,1.10977,0.586184
47190,-0.0174873,-0.0447945,-0.0928462
47191,0.00807108,0.0215229,0.00644633
47192,-0.0115686,-0.051924,-0.0577888
47193,-0.0269036,0,-0.0143336
47194,0.00322843,0.0166802,4.66568e-05
47195,0.181196,1.17111,0.62825
47196,0.116089,2.00028,0.812259
47197,-0.0682007,-0.62255,-0.336608
47198,0.0425077,0.561613,0.244061
47199,-0.0336295,-0.539283,-0.228464
47200,0.0255584,0.254239,0.386538
47201,-0.0941626,-0.148642,-0.185043
47202,0.0430458,0.0632235,0.0544313
47204,-0.00269036,0.0107614,-0.00590118
47205,-0.129675,-1.33227,-0.876861
47206,-0.316925,-1.81371,-1.0141
47207,-0.109363,-2.21699,-0.957871
47208,-0.0599951,-0.775631,-0.375814
47209,0.20514,3.51845,1.52205
47210,-0.0131828,0.00349747,-0.0186479
47211,-0.186038,-2.92052,-1.35399
47212,0.000134518,0.0102234,0.0123022
47213,0.0213884,0.565514,0.253169
47214,0.0308046,0.0470813,0.055391
47215,-0.033764,-1.19533,-0.517552
47216,-0.0161422,-0.0464087,-0.0592598
47217,0.0617438,1.26891,0.58219
47218,0.117165,2.33913,1.04249
47219,-0.0534037,-1.1547,-0.546256
47220,-0.108556,-0.746844,-0.377313
47221,0.0760027,1.31639,0.523213
47222,-0.0382031,-0.696804,-0.349091
47223,0.0591879,1.15578,0.548356
47224,-0.044391,-0.485341,-0.252469
47225,0.0149315,0.0149315,0.00983976
47226,0.00201777,0.49691,0.203393
47227,-0.0215229,-0.0625509,-0.0720678
47228,-0.025693,-0.566456,-0.311391
47229,0.00363199,0.486821,0.221628
47230,0.00807108,-0.503098,-0.251715
47231,-0.0461397,-0.0495026,-0.0527322
47232,0.00538072,0.0188325,-0.00133795
47233,0.0170838,0.0439874,0.041501
47234,-0.00874367,-0.0356473,-0.0491411
47235,0.0258275,-0.453595,-0.0976189
47236,-0.0230026,-0.534171,-0.280444
47237,0.0825941,0.575737,0.30859
47238,0.245361,2.07575,1.21395
47239,0.0177564,0.359298,0.0547798
47240,0.0683352,1.05503,0.551398
47241,0.445658,3.9438,2.04253
47242,0.115955,1.24362,0.630413
47243,-0.018698,-0.712273,-0.385396
47244,0.0417006,0.724783,0.38757
47245,-0.0504443,-0.71873,-0.412633
47246,-0.209983,-1.41594,-0.758783
47247,-0.0851499,-0.539417,-0.387699
47248,-0.0117031,-1.01184,-0.449619
47249,-0.0158731,-0.0461397,-0.0681088
47250,0,-0.0141244,-0.0325306
47251,-0.0468123,-0.527176,-0.217235
47252,-0.0199087,-0.0239442,-0.0356956
47253,0.0134518,0.0142589,0.00820822
47254,0.0215229,-0.383107,-0.154162
47255,-0.00847464,0.00497717,-0.029424
47256,-0.0579773,-0.559326,-0.244684
47257,0.0356473,0.0640306,0.06537
47258,0.00403554,0.0275762,0.03902
47259,0.0266346,0.521123,0.219367
47260,-0.118376,-1.15121,-0.632322
47261,-0.0201777,-0.0250204,-0.0364348
47262,-0.0160076,-0.0429113,-0.0897118
47263,-0.0640306,-1.00754,-0.461172
47264,0.0969875,1.54521,0.741513
47265,0.070622,1.65161,0.749417
47266,-0.109363,-1.71228,-0.894517
47267,-0.126447,-1.4988,-0.752556
47268,-0.0134518,-0.0269036,-0.0325623
47269,0.0228681,-0.888492,-0.319157
47270,-0.153754,-1.19183,-0.699069
47271,0.000941626,-0.0361854,-0.0357205
47272,-0.0067259,0.0201777,-0.058797
47273,0.0154696,-0.0173528,-0.0408888
47274,-0.00981982,0.00363199,-0.0180256
47275,-0.00269036,0.00067259,-0.00695266
47276,-0.0127792,-0.590265,-0.206251
47277,-0.0621473,-0.0741195,-0.131172
47278,0.041028,0.0622819,0.0854589
47279,0.0486955,0.0733123,0.0882345
47280,-0.00228681,0.0123757,0.0297889
47281,0.00605331,0.618783,0.215563
47282,0.0438529,0.410684,0.223318
47283,0.178371,1.92226,0.895527
47284,-0.00659139,0.0478884,-0.00940715
47285,-0.0269036,-0.0243478,-0.0429261
47286,0.0195051,0.554349,0.204889
47287,-0.0589189,-0.610577,-0.279539
47288,-0.0336295,-0.436242,-0.230888
47289,0.104655,1.0487,0.493411
47290,-0.00538072,-0.00591879,-0.0190202
47291,0,0,-0.00648862
47292,-0.147163,-2.05342,-0.892304
47293,0.00551524,0.433283,0.19127
47294,-0.0652413,-0.0517895,-0.0852989
47295,-0.00403554,-0.0437184,-0.0651383
47296,-0.0357818,-0.492605,-0.316877
47297,0.0182945,0.0182945,0.0141085
47298,-0.115416,-0.628603,-0.350092
47299,-0.055556,-0.520719,-0.300831
47300,0.059726,-0.380283,-0.0136445
47301,-0.0110305,-0.431534,-0.250388
47302,0.0680661,0.419696,0.239599
47303,-0.0384722,-0.0115686,-0.0138476
47304,0.0355128,0.0492336,0.0427187
47305,0.0215229,0.620263,0.271652
47306,0.0169493,0.0325534,0.00757476
47307,-0.1855,-2.26865,-1.23112
47308,0.236886,2.26098,1.20522
47309,0.0564976,0.45763,0.2245
47310,0.0118376,-0.00497717,-0.01737
47311,-0.0376651,-0.0375305,-0.0568589
47312,-0.0372615,-0.0641651,-0.0853397
47313,0.109229,0.14945,0.165072
47314,-0.0439874,-1.0031,-0.360853
47315,0.0947007,0.740656,0.405203
47316,0.0246168,0.0377996,0.0283146
47317,0,0,-0.00911326
47318,-0.0165457,-0.0567666,-0.0640743
47319,0.0104924,-0.00780205,-0.0439775
47320,0.126581,1.42724,0.673841
47321,0.0029594,0.0309392,0.022224
47322,0,0.0270381,0.0198797
47323,-0.0134518,-0.0134518,-0.0105129
47324,0.0119721,0.0119721,0.0060833
47325,-0.0408935,-0.0812489,-0.0947591
47326,0.0118376,0.0118376,0.00591255
47327,0.0269036,0.0692768,0.0597309
47328,0.438125,3.51926,1.86579
47329,-0.0122411,0.0369925,-0.0418522
47330,-0.110977,-0.622281,-0.390726
47331,-0.0462742,-0.0617438,-0.0934665
47332,0.0430458,0.0302666,0.0233848
47333,-0.0329569,-0.844101,-0.380454
47334,-0.0512514,-0.0821905,-0.101001
47335,0.103713,0.127927,0.150561
47336,-0.00564976,-0.0322843,-0.0271242
47337,-0.00336295,-0.0302666,-0.0770696
47338,0.0421042,0.508613,0.212198
47339,0.0792311,0.977139,0.522387
47340,-0.0269036,-0.522334,-0.235666
47341,-0.0480229,-0.428844,-0.263613
47342,0.0219264,-0.423866,-0.153324
47343,0.0686042,0.894411,0.447378
47344,0.00807108,0.489377,0.182201
47345,-0.0379341,-0.529329,-0.258666
47346,-0.089051,-1.00256,-0.569018
47347,-0.295671,-3.19023,-1.66742
47348,0.287465,0.851634,0.757823
47349,0.0918758,1.38688,0.523631
47350,0.0351092,0.0082056,-0.0410083
47351,-0.0294595,-0.30132,-0.080878
47352,0.132366,1.98428,0.944285
47353,0.0134518,-0.0336295,-0.0587749
47354,0.033495,0.383646,0.141384
47355,0.0338986,0.552466,0.265275
47356,0.026231,-0.0141244,-0.00745421
47357,0.00336295,0.00336295,-0.00640963
47358,-0.0174873,-0.549641,-0.271463
47359,0.107345,0.567263,0.321507
47360,0.000134518,0.000134518,-0.0246177
47361,0.0134518,-0.0269036,-0.0432699
47362,0.000134518,0.000134518,-0.0248704
47363,0,-0.000134518,0.00676404
47364,-0.0115686,-0.0250204,-0.0288595
47365,-0.0052462,0.0082056,0.00652978
47366,-0.11017,-0.963015,-0.531118
47367,0,-0.0134518,-0.0314155
47368,0.0107614,0.0107614,0.00454657
47369,0.117972,1.0479,0.602769
47370,-0.0531346,-0.0531346,-0.077871
47371,-0.0394138,-0.576679,-0.328259
47372,0.0100889,0.481844,0.194842
47373,0.0260965,0.0141244,0.00261309
47374,-0.0134518,-0.0134518,-0.026188
47375,-0.0478884,-0.949159,-0.51217
47376,-0.029594,-0.0146625,-0.0237405
47377,-0.00457361,0.0343021,0.0343701
47378,0.0523275,0.051924,0.0569496
47379,0.0321498,0.860781,0.369796
47380,-0.0294595,-0.0429113,-0.0688093
47381,-0.0166802,-0.91284,-0.464084
47382,-0.00322843,-0.00322843,-0.0132112
47383,0,0.000403554,-0.00891445
47384,-0.00107614,-0.00107614,0.00519593
47385,-0.00887819,0.0442564,0.0370622
47386,-0.0134518,-0.0134518,-0.026188
47387,-0.000134518,-0.0270381,-0.0222853
47388,-0.022061,-0.0224645,-0.0373147
47389,-0.254912,-3.18902,-1.55812
47390,0.00336295,0.0176219,0.00176501
47391,0.0673935,0.623895,0.302351
47392,-0.0269036,-0.0269036,-0.0591908
47393,0,0.000538072,-0.01028
47394,0.0598605,0.0883784,0.096594
47395,-0.0314772,-0.0599951,-0.0942527
47396,0.0133173,-0.0270381,-0.00913195
47397,-0.0269036,-0.0269036,-0.0432628
47398,0.0792311,0.133307,0.148943
47399,-0.0773479,-0.136132,-0.171017
47400,0.0312082,0.0581118,0.0435016
47401,-0.0135863,-0.000134518,-0.00405659
47402,-0.0324189,-0.118645,-0.143374
47403,-0.0181599,-0.0180254,-0.0130147
47404,-0.0160076,-0.0160076,-0.0294323
47405,0.0422387,0.0429113,0.0448329
47406,0.000134518,0.0142589,-0.00198412
47407,-0.000538072,0.54991,0.217935
47408,0.00780205,-1.00149,-0.461518
47409,-0.104386,-0.961804,-0.41763
47410,0,-0.063089,-0.0980354
47411,-0.101023,-1.67717,-0.687887
47412,-0.00605331,1.02193,0.351693
47413,0.0182945,-0.41176,-0.149763
47414,0.00336295,0.44929,0.167874
47415,0.0618783,0.0761372,0.0921306
47416,-0.0067259,-0.00645687,-0.0172046
47417,0.0102234,0.613133,0.24936
47418,-0.221955,-2.51428,-1.38852
47419,-0.241998,-3.95846,-1.96934
47420,0.0920104,0.680796,0.415118
47421,-0.0174873,-0.0587844,-0.081413
47422,-0.0894545,-0.597529,-0.381893
47423,0.0887819,0.55408,0.307491
47424,-0.270381,-3.11665,-1.52829
47425,-0.0352437,-0.063358,-0.0869684
47426,0.103713,1.05987,0.517087
47427,0.0138554,0.0137208,0.00843456
47428,-0.10748,-1.08825,-0.576905
47429,-0.107345,-1.01709,-0.540232
47430,0.0548834,0.0511169,-0.011488
47431,0.377861,2.19359,1.33986
47432,0.0769443,0.939878,0.414648
47433,0.0228681,0.389833,0.159346
47434,-0.0496372,-0.063089,-0.0756715
47435,0.0138554,0.0266346,0.0296609
47436,0.0134518,0.0134518,0.00796153
47437,0.0252894,0.0252894,0.0229873
47438,-0.0403554,-0.0403554,-0.0603376
47439,-0.00349747,-0.00887819,-0.015194
47440,0.0788276,0.544529,0.305599
47441,-0.0598605,-0.536324,-0.33352
47442,0,0.026231,0.0192319
47443,-0.0267691,-0.0395483,-0.049135
47444,-0.121739,-0.979426,-0.544172
47445,-0.116762,-1.4649,-0.727505
47446,0.0926829,1.00162,0.480263
47447,-0.931807,-13.161,-6.21351
47448,-0.0461397,-1.52597,-0.672501
47449,-0.0181599,-0.0535382,-0.0718643
47450,-0.0601296,-0.754646,-0.409857
47451,-0.0546143,-0.537131,-0.277829
47452,-0.139495,-0.885263,-0.777894
47453,0.0174873,0.0174873,0.0115189
47454,-0.875444,-5.75401,-3.6101
47455,-0.161422,-1.85837,-1.19613
47456,-0.0591879,-0.00887819,-0.034888
47457,0.252625,2.12592,1.40319
47458,0.0137208,0.0138554,0.00677348
47459,0.0959114,1.27711,0.70505
47460,-0.00188325,0.0283833,0.0230011
47461,0.19115,2.92348,1.41815
47462,0.196531,2.12996,0.94132
47463,-0.199356,-2.65108,-1.2677
47464,-0.449694,-5.24365,-3.049
47465,0.102099,0.81491,0.475744
47466,-0.337237,-0.38109,-0.555314
47467,-0.489646,-1.81371,-1.26213
47468,0.0349747,0.092952,0.0714357
47469,0.0154696,0.0925484,0.136805
47470,-0.0399519,0.364275,0.118662
47471,-0.0029594,-0.0156041,-0.0347743
47472,-0.112995,-0.606945,-0.460415
47473,0.00403554,0.510496,0.306925
47474,-0.00807108,-1.04628,-0.479913
47475,-0.0201777,-0.0201777,-0.0347254
47476,-0.0134518,-0.0134518,-0.026188
47477,-0.25962,-1.34007,-0.776602
47478,0.454133,3.80336,1.93625
47479,0.0406245,0.771192,0.268404
47480,0.0372615,-0.654968,-0.235562
47481,-0.096853,-1.26407,-0.576007
47482,-0.1325,-0.827152,-0.579498
47483,-0.121201,-2.69453,-1.16476
47484,-0.0134518,-0.0121066,-0.0276745
47485,0.0208503,0.0343021,0.0618508
47486,-0.105597,-1.35285,-0.720158
47487,-0.164381,-1.97486,-1.08181
47488,-0.237021,-1.93262,-1.04459
47489,-0.379341,-2.67234,-1.63478
47490,-0.00067259,0.022061,-0.157721
47491,-0.0266346,-0.522737,-0.21133
47492,-0.0306701,-0.0361854,-0.0657057
47493,0.143127,0.661963,0.434783
47494,-0.0704875,-0.520988,-0.219632
47495,0.220072,0.35163,0.526537
47496,-0.137074,-0.200835,-0.244441
47497,0.0605331,0.127658,0.0974093
47498,0.173797,0.792177,0.499985
47499,-0.110305,-0.79823,-0.493093
47500,0.0309392,0.0429113,0.0358041
47501,-0.248858,-1.36401,-0.774811
47502,0.070891,0.0840738,0.0986105
47503,0.405303,3.32287,1.68472
47504,-0.138554,-2.0171,-1.02479
47505,0.191688,1.43571,0.811465
47506,0.380955,5.10819,2.39467
47507,-0.0612057,-1.12282,-0.541461
47508,-0.00470813,-0.00470813,0.00634826
47509,-0.222358,-5.13388,-2.31567
47510,0.0242133,0.101561,0.122057
47511,0.384856,4.14988,2.04028
47512,-0.0860916,-0.656717,-0.343983
47513,0.0313427,-0.126581,0.00452417
47514,0.0912032,0.845446,0.45002
47515,-0.158731,-2.09337,-1.06217
47516,0.117703,0.75357,0.485286
47517,-0.0891855,0.514397,0.0227698
47518,0.0168148,0.0840738,0.0764901
47519,0.0014797,-0.0516549,-0.0648404
47520,-0.0126447,0.00067259,-0.0178975
47521,-0.00484265,-0.0445255,-0.0231104
47522,-0.0369925,-1.30913,-0.497587
47523,0.0578428,0.177295,0.213761
47524,-0.00874367,0.524889,0.13625
47525,-0.174739,-2.82999,-1.30335
47526,0.0356473,0.691423,0.314302
47527,0.194917,2.86349,1.28981
47528,0.0488301,0.618649,0.158871
47529,-0.0119721,0.589593,0.252551
47530,-0.100216,-0.752225,-0.469646
47531,-0.171376,-2.87062,-1.26036
47532,-0.193706,-1.5179,-0.802037
47533,0.0204467,0.0324189,0.0211734
47534,0.243612,4.49775,1.86544
47535,-0.0369925,-0.0739849,-0.10616
47536,0.240518,2.75991,1.29426
47537,-0.0329569,-0.628468,-0.299827
47538,0.0363199,0.607484,0.292282
47539,0.14528,0.175546,0.204859
47540,-0.100216,-0.735545,-0.425912
47541,-0.00336295,-0.0166802,-0.0356204
47542,0.239039,3.4399,1.88552
47543,-0.28047,-3.55181,-2.03872
47544,-0.250338,-1.44042,-0.73818
47545,0.164112,1.42939,0.726962
47546,0.165592,0.762045,0.408065
47547,0.0926829,1.92549,0.944861
47548,-0.175546,-2.62552,-1.46068
47549,0.152543,0.786796,0.504664
47550,-0.0404899,-0.0551524,-0.0810237
47551,-0.00269036,0.712677,0.383296
47552,-0.000134518,-0.0135863,-0.015911
47553,0.00403554,0.00484265,-0.0036871
47554,0.1438,1.44445,0.747143
47555,0.0195051,0.0359163,0.0261998
47556,0,0.0134518,0.0132205
47557,0.107076,1.31707,0.704601
47558,0.00551524,0.0998124,0.0451568
47559,0.137612,1.32056,0.665601
47560,0.0203122,0.0199087,0.0166437
47561,0.168551,2.95375,1.20482
47562,0.00390102,0.00376651,-0.00416554
47563,0.0477539,0.0477539,0.0730726
47564,-0.0269036,-0.0217919,-0.0355718
47565,0.0632235,0.136536,0.173133
47566,0.00712946,0.675146,0.24434
47567,0.100889,1.17313,0.421844
47568,0.0127792,0.489242,0.200424
47569,-0.0321498,0.645418,0.149245
47570,-0.0289214,-1.20864,-0.479126
47571,0.181868,2.90088,1.25655
47572,-0.0437184,-0.511438,-0.205192
47573,0,-0.60977,-0.256889
47574,-0.0885129,-0.598874,-0.370073
47575,0.029594,0.526638,0.254727
47576,0.0703529,0.660349,0.327238
47577,0.10183,0.582194,0.268434
47578,-0.0328224,-0.00928175,-0.0230796
47579,-0.0168148,-0.0470813,-0.0601136
47580,0.0488301,0.0959114,0.108261
47581,-0.143531,-0.799979,-0.547325
47582,0.00134518,0.0282488,0.00559554
47583,0.0598605,0.189132,0.176487
47584,0.170434,1.27725,0.646736
47585,-0.0760027,-0.712677,-0.39853
47586,-0.0906652,-1.1917,-0.587073
47587,-0.0181599,-0.57641,-0.320015
47588,0.00470813,0.0450636,0.0423318
47589,-0.00336295,-0.0302666,-0.0420584
47590,0.0104924,-0.774824,-0.273584
47591,-0.0683352,-0.583674,-0.300192
47592,-0.00699494,-0.0349747,-0.0470736
47593,0,0.0121066,-0.0033764
47594,-0.0100889,0.0722362,0.0179948
47595,0.0161422,0.029594,0.0336787
47596,-0.0134518,-0.0135863,-0.0264111
47597,0.0134518,0.0134518,0.00796153
47598,-0.147701,-2.64341,-1.27486
47599,0.11165,1.42091,0.761648
47600,0.194379,1.88998,0.894649
47601,-0.0134518,0.00874367,-0.00196398
47602,-0.0800382,-1.3355,-0.602801
47603,0.0403554,0.0542108,0.0645652
47604,-0.02233,-0.025693,-0.0064063
47605,-0.000134518,-0.000134518,-0.0252119
47606,0.0341676,0.821502,0.346031
47607,-0.0195051,-0.0733123,-0.122828
47608,-0.033226,-1.21308,-0.435325
47609,0.101427,1.35783,0.589916
47610,0.00336295,0.0168148,0.0174576
47611,0,0.0143934,0.0135589
47612,-0.0535382,-0.841545,-0.382168
47613,0,0.0133173,-0.00274762
47614,0.00336295,-0.0379341,-0.0233141
47615,0.0538072,0.724111,0.235859
47616,0.140302,1.33348,0.644427
47617,-0.00914723,-0.0239442,-0.0467662
47618,-0.0107614,-0.00242133,-0.0035123
47619,0.00739849,-0.029594,-0.0485838
47620,0,0.0277107,0.00262671
47621,-0.070622,-0.848002,-0.331748
47622,0.0723707,0.116896,0.102208
47623,-0.0135863,-0.0404899,-0.0550353
47624,0.0204467,0.00699494,-0.00546179
47625,0.0289214,0.0695458,0.0633471
47626,0.107211,2.46814,1.0855
47627,0.0134518,0.0134518,0.00513952
47628,0.014528,0.00121066,0.00276675
47629,0.0044391,0.628199,0.237404
47630,0.0365889,0.0803073,0.0878013
47631,0.145818,1.72143,0.751788
47632,0.0134518,0.00739849,-0.0113388
47633,0.0836702,1.78357,0.75049
47634,0.00901271,-0.51507,-0.226491
47635,0.0873022,0.10331,0.124832
47636,-0.0739849,-0.0739849,-0.103025
47637,0,0.0134518,-0.00248622
47638,0,-0.0134518,-0.0157403
47639,0.085688,2.0019,0.894942
47640,0.208503,4.31332,1.95112
47641,-0.123757,-1.31007,-0.643631
47642,0.131828,1.22425,0.568612
47643,-0.0852845,-1.72681,-0.759404
47644,0.0746575,0.140437,0.157225
47645,0.104924,0.600085,0.38008
47646,-0.0201777,-0.474176,-0.194396
47647,-0.0213884,-0.848674,-0.394987
47648,0.0645687,0.796212,0.339033
47649,0.0153351,0.0318808,0.0552173
47650,0.0408935,0.0534037,0.0489724
47651,-0.0396828,1.05677,0.283635
47652,-0.0988708,-1.30698,-0.618567
47653,-0.0586499,-0.723304,-0.285858
47654,0.104386,0.812489,0.402533
47655,0.0134518,0.0269036,-0.00449471
47656,-0.172856,-1.45697,-0.791493
47657,0.0263655,0.04466,0.0500891
47658,-0.0476194,-0.0644342,-0.0771654
47659,-0.0197742,0.0205813,-0.0234218
47660,0.147701,1.44997,0.708748
47661,0.0100889,-0.00322843,-5.55338e-06
47662,-0.108287,-1.25075,-0.512097
47663,0.0400864,0.513186,0.22447
47664,0.156175,2.13951,1.08177
47665,0.290021,3.71969,1.82849
47666,-0.0807108,-0.914857,-0.458897
47667,0.0538072,0.0855535,0.108048
47668,-0.00174873,-0.0275762,-0.0388029
47669,-0.0254239,-0.0269036,-0.0364319
47670,0.0384722,0.721555,0.286213
47671,-0.0462742,-0.085957,-0.0908783
47672,0.0774824,1.11717,0.473877
47673,0.0489646,0.522334,0.207504
47674,0.0309392,0.621608,0.219509
47675,0.0192361,0.0325534,0.0344399
47676,0.00188325,-0.0117031,-0.0290605
47677,-0.00067259,0.0762717,0.0918982
47678,-0.041028,0.320153,0.00522659
47679,0.0067259,-0.42575,-0.129141
47680,-0.00336295,-0.0278452,-0.0760969
47681,-0.101696,-1.25747,-0.624238
47682,0.0139899,0.00739849,-0.00228356
47683,0.00874367,0.00928175,0.0213337
47684,-0.145818,-2.44177,-1.11711
47685,0.213211,2.59647,1.30081
47686,-0.0796347,-0.802266,-0.461192
47687,-0.00955078,0.00390102,0.00106585
47688,0.033764,0.676895,0.287285
47689,0.0134518,0.0403554,0.036638
47690,-0.118376,-1.32446,-0.673783
47691,-0.00403554,-0.0174873,-0.0365379
47692,-0.0134518,-0.0134518,-0.0264408
47693,0.0996779,0.184962,0.233165
47694,-0.0434493,-0.74671,-0.350558
47695,0.122277,2.00297,0.90848
47696,-0.0733123,-0.831994,-0.439427
47697,0.0403554,0.056094,0.04876
47698,-0.00901271,0.00484265,-0.016379
47699,0.00215229,0.672994,0.223214
47700,-0.0645687,-1.20932,-0.524161
47701,-0.0825941,-1.219,-0.563197
47702,0.263252,3.04737,1.41074
47703,-0.0916068,-0.158328,-0.187805
47704,-0.199221,-3.104,-1.50031
47705,0.00242133,0.0383376,0.0116544
47706,-0.0181599,-0.661022,-0.272181
47707,0.0902616,0.808454,0.417892
47708,-0.0160076,-0.0564976,-0.0791493
47709,-0.0642996,-0.702319,-0.320668
47710,-0.184962,-3.05665,-1.50995
47711,0.0499062,0.52193,0.28468
47712,-0.0575737,-0.563362,-0.342636
47713,0.0168148,0.0168148,0.00680134
47714,0.0134518,0.0134518,0.00796153
47715,0.0205813,0.00793657,0.0108722
47716,-0.154292,-2.05732,-1.00622
47717,0.0181599,0.0172183,-0.038221
47718,0.0834012,0.773075,0.416387
47719,-0.011165,-0.724514,-0.381904
47720,0.0699494,0.743885,0.372201
47721,0.111112,2.09956,0.988144
47722,0.011434,0.0367234,-0.0474581
47723,0.178236,2.29152,1.11438
47724,0.00067259,-0.0154696,-0.0160579
47725,-0.188998,-2.35151,-1.17919
47726,0.115282,0.0836702,0.200376
47727,0.131155,1.6422,0.767562
47728,0.0230026,0.729222,0.31025
47729,-0.00269036,-0.000807108,-0.0116358
47730,0.0117031,0.00269036,-0.0154715
47731,-0.029594,-0.029594,-0.0466778
47732,0.00255584,-0.00417006,-0.0420792
47733,0,-0.000269036,-0.00924074
47734,0.0275762,0.00457361,0.0276866
47735,0.118645,1.87895,0.769073
47736,-0.0302666,-0.0377996,-0.0537411
47737,0.156848,2.415,1.08878
47738,-0.0123757,0.00632235,-0.00729704
47739,0.0357818,0.620128,0.273454
47740,-0.00255584,-0.00215229,-0.0122056
47741,0.00228681,-0.0246168,-0.0135302
47742,0.0375305,0.735679,0.240868
47743,0.0340331,0.0169493,-0.00914847
47744,0.0134518,0.0134518,0.0236367
47745,0.00269036,0.00269036,-0.0056983
47746,0.0201777,0.0470813,0.0454282
47747,0.0813834,0.742002,0.260673
47748,0.0134518,0.0135863,0.00818455
47749,0,0.0266346,0.0353586
47750,-0.170434,-1.46154,-0.691837
47751,0.00201777,0.066721,0.00509778
47752,0.0499062,0.592821,0.23481
47753,0.203122,1.71981,0.934746
47754,0.0564976,1.33832,0.524422
47755,0.0712946,-0.0550179,-0.0855366
47756,-0.0129137,0.746172,0.257065
47757,-0.0169493,-0.070891,-0.0825838
47758,0.0269036,0.0403554,0.0504939
47759,-0.108556,-0.942299,-0.562485
47760,-0.0805763,-2.05544,-0.801922
47761,0.0746575,0.698552,0.356677
47762,0.329166,2.48334,1.25292
47763,-0.0417006,-0.0652413,-0.0922781
47764,-0.0590534,-0.828766,-0.442128
47765,-0.0160076,0.00699494,0.00522312
47766,0.0364544,0.0793657,0.0757267
47767,0.0450636,0.75357,0.334151
47768,0.0321498,0.750611,0.287964
47769,0.0556905,1.43423,0.739618
47770,-0.00067259,0.495699,0.198208
47771,-0.0538072,-0.00901271,-0.0177121
47772,0.0271726,0.0406245,0.04768
47773,0,-0.0134518,-0.0123322
47774,0.00067259,0.000538072,-0.0244105
47775,-0.030132,-0.0361854,-0.0603625
47776,-0.0570357,-0.0435839,-0.0764484
47777,0.101158,0.711601,0.387552
47778,0.00659139,0.607215,0.131057
47779,0.36293,3.73705,1.86368
47780,0.00403554,0.65591,0.224492
47781,-0.0589189,0.0945662,-0.120001
47782,0.180792,1.38244,0.821182
47783,0.237155,2.42092,1.14534
47784,-0.288272,-1.52422,-0.993918
47785,0.00161422,0.0328224,0.0142128
47786,0.228815,3.55047,1.56949
47787,0.0375305,0.58058,0.238755
47788,0.029594,-0.0250204,0.0622478
47789,0.293249,4.28561,1.99528
47790,0.0423732,0.0199087,0.0282063
47791,-0.39777,-1.62673,-0.907498
47792,-0.198683,-1.40921,-0.766262
47793,0.188056,2.53889,1.10232
47794,0.00376651,0.0172183,0.0363507
47795,0.00269036,0.029594,0.0229782
47796,0.0172183,0.0609367,0.0498361
47797,0.0360508,0.0504443,0.0445826
47798,-0.0110305,0.94889,0.291998
47799,-0.0404899,-0.0571702,-0.0881631
47800,-0.179447,-1.32581,-0.7602
47801,0.0246168,0.0348402,0.0252572
47802,0.00363199,0.070891,0.059477
47803,-0.0160076,-0.0562286,-0.079075
47804,-0.0548834,-0.0725052,-0.0793741
47805,0.0161422,0.0429113,0.03983
47806,0,0.0134518,0.0131889
47807,0.125102,1.22869,0.555941
47808,-0.0313427,-0.0782895,-0.126732
47809,0.00349747,0.0302666,0.0397076
47810,-0.106942,-1.14206,-0.625371
47811,-0.00618783,-0.677433,-0.23508
47812,-0.0652413,-0.603717,-0.325624
47813,0.0403554,0.595781,0.267619
47814,0.00336295,0.00336295,-0.00257102
47815,-0.0809799,-0.62255,-0.362793
47816,0.140571,2.37693,1.10209
47817,-0.0712946,-0.597395,-0.310087
47818,0.0492336,0.601296,0.279339
47819,-0.029594,-0.029863,-0.0433066
47820,-0.0312082,0.342752,0.0493967
47821,-0.411491,-5.06366,-2.49229
47822,-0.0336295,-0.0564976,-0.108896
47823,-0.0813834,-0.698687,-0.352273
47824,0.205544,2.20058,1.09259
47825,-0.198952,-0.96436,-0.617429
47826,0.0570357,0.76756,0.328336
47827,0.282757,4.17315,1.98388
47828,-0.02233,-0.737159,-0.353039
47829,0.0110305,-0.561478,-0.249092
47830,-0.0324189,-0.0414316,-0.0625524
47831,-0.0750611,-1.28599,-0.600788
47832,-0.0579773,-0.0988708,-0.132774
47833,-0.0955078,-1.37572,-0.57346
47834,-0.431265,-4.30969,-2.2024
47835,0.226797,2.84223,1.3077
47836,-0.0191016,-0.717116,-0.340142
47837,0.0834012,0.796078,0.400985
47838,-0.00538072,-0.0322843,-0.0286917
47839,0.126985,1.408,0.646544
47840,-0.0161422,0.00995434,-0.00107138
47841,-0.281008,-4.10778,-1.85716
47842,-0.0255584,-0.246034,-0.338575
47843,0.0199087,0.138554,0.0774907
47844,0.000807108,-0.0260965,-0.019525
47845,0.0289214,1.16251,0.460136
47846,0.0889164,1.24147,0.536873
47847,0.0398173,0.101292,0.0889581
47848,-0.0203122,-0.0772134,-0.0572377
47849,0.0423732,0.177429,0.11541
47850,0.232851,2.60306,1.18774
47851,0.0106269,0.0375305,0.0330523
47852,0.00430458,1.09565,0.462622
47853,-0.0437184,-0.566725,-0.298762
47854,0.0595915,0.5526,0.242344
47855,-0.00538072,-0.00538072,-0.0159432
47856,0.00538072,0.00538072,-0.00228334
47857,0.0168148,0.0400864,0.0234759
47858,0.198549,2.66279,1.3357
47859,0.00403554,-0.0766753,-0.0662106
47860,0.134115,1.17542,0.642582
47861,-0.0269036,-0.011434,-0.0339631
47862,-0.205544,-3.39873,-1.58203
47863,-0.0535382,-0.719403,-0.352838
47864,0.0450636,0.696131,0.316365
47865,0.108287,0.802131,0.468903
47866,0.0538072,1.26756,0.420582
47867,0.00067259,0.014797,0.0142388
47868,0.0402209,0.175546,0.133446
47869,0.0134518,-0.0277107,-0.0593427
47870,-0.0052462,0.0131828,-0.0273861
47871,-0.0505788,-1.26528,-0.597618
47872,-0.102637,-1.355,-0.561612
47873,-0.244419,-1.50041,-0.837593
47874,0.00914723,0.022599,0.0462375
47875,0.0172183,0.0181599,0.0119837
47876,0.226394,3.24982,1.43251
47877,0.0248858,0.62793,0.328722
47878,0.229084,2.59082,1.17148
47879,-0.0104924,-0.0239442,-0.0552328
47880,0.0290559,0.0694113,0.113056
47881,-0.0369925,-0.0886474,-0.128649
47882,0.0386067,0.0883784,0.110868
47883,-0.0260965,0.461397,0.164985
47884,0.0527311,0.671783,0.323629
47885,0.465163,5.6963,2.78645
47886,0.149988,2.72251,1.17502
47887,0.0232716,-0.00134518,0.0320839
47888,0.0127792,0.0273072,0.0114653
47889,0.000941626,0.0355128,0.0176919
47890,-0.2498,-2.41729,-1.10738
47891,0.193033,1.83025,0.850317
47892,0.0764063,0.692499,0.390565
47893,0.147297,2.79219,1.22867
47894,-0.13815,-0.765273,-0.440456
47895,-0.000403554,-0.720344,-0.348508
47896,-0.00618783,-0.0196396,-0.0233419
47897,-0.105462,-0.807512,-0.380302
47898,0.0550179,-0.736217,-0.264456
47899,-0.0269036,-0.0134518,-0.0209606
47900,-0.0129137,-0.0263655,-0.0478073
47901,-0.00739849,-0.00726398,-0.0184381
47902,0,0.0067259,-0.026087
47903,0.0302666,0.0683352,0.0653819
47904,-0.0168148,-0.0168148,-0.0304567
47905,-0.123219,-1.79245,-0.752228
47906,0.0267691,0.0402209,0.0471678
47907,0.101965,1.72264,0.753957
47908,-0.0486955,-0.0762717,-0.115572
47909,0.105193,1.68538,0.681389
47910,0.00336295,0.00336295,-0.0207725
47911,-0.0134518,-0.0134518,-0.0261224
47912,0.0252894,0.0252894,0.0229873
47913,-0.226528,-3.43949,-1.45026
47914,0.0998124,2.56069,1.03721
47915,0.0955078,0.164247,0.194479
47916,-0.107614,-0.147835,-0.196467
47917,-0.0250204,-0.862261,-0.382723
47918,0.000134518,0.000134518,0.00673266
47919,0.00067259,-0.0127792,-0.0305617
47920,0.196934,1.75438,0.818166
47921,0.761238,6.27742,3.662
47922,0.0803073,0.106538,0.140704
47923,0.0191016,1.22775,0.468092
47924,-0.11165,-0.775497,-0.4488
47925,0.0134518,0.0269036,0.0302637
47926,0.318673,2.29864,1.40256
47927,-0.0450636,-0.139226,-0.171743
47928,0.00457361,0.0067259,-0.0172843
47929,-0.0571702,-1.26851,-0.647925
47930,-0.0176219,-0.00914723,-0.0137657
47931,0.0811144,1.25452,0.621269
47932,0.0676626,0.24832,0.115664
47933,-0.0321498,-0.0320153,-0.0500438
47934,-0.00134518,-0.00887819,-0.030225
47935,-0.338851,-4.52263,-2.16085
47936,-0.0135863,0.00188325,0.0322688
47937,0.0231371,0.545874,0.215674
47938,-0.018429,-0.567397,-0.291281
47939,-0.0687387,-1.47553,-0.607347
47940,0.0107614,0.59457,0.237805
47941,0.029594,0.0430458,0.0664287
47942,-0.0242133,-0.0204467,-0.0503276
47943,-0.0127792,-0.578159,-0.216898
47944,-0.183348,-1.61973,-0.867784
47945,-0.00780205,-0.0367234,-0.023705
47946,-0.00242133,-0.0158731,-0.018561
47947,0,0.000807108,-0.00880954
47948,0.0201777,0.0474849,0.0398531
47949,0.235945,2.96666,1.34175
47950,-0.0067259,0.0369925,-0.025198
47951,0.0102234,-0.00161422,-0.0143292
47952,-0.0067259,-0.00726398,-0.017759
47953,0.00121066,-0.0122411,-0.0139508
47954,-0.161153,-1.58166,-0.765572
47955,0.324323,1.73286,1.04411
47956,0.00605331,0.247379,0.333256
47957,0.0415661,0.541435,0.198032
47958,-0.0134518,0.0100889,0.00221656
47959,-0.0254239,0.942972,0.270261
47960,0.0143934,0.0511169,0.0412398
47961,0.0134518,0.0260965,0.0456352
47962,0.00201777,-0.0107614,-0.0113609
47963,-0.0134518,0.0275762,-0.0117204
47964,0,-0.0277107,-0.0383462
47965,-0.00403554,-0.0174873,-0.0178867
47966,0.00134518,0.0282488,0.0215235
47967,0.518971,7.07161,3.41613
47968,-0.00834012,-0.0252894,-0.0365931
47969,-0.0348402,-0.0216574,-0.105821
47970,-0.0224645,-0.0102234,-0.0363253
47971,0.0415661,0.499735,0.246271
47972,-0.135594,-2.11947,-1.05538
47973,-0.26648,-4.14961,-1.97772
47974,0.201643,1.80348,0.995844
47975,0.180927,3.60091,1.80168
47976,0.0121066,0.0390102,0.0122614
47977,-0.180792,-2.4146,-1.1943
47978,0.118241,1.81895,0.851387
47979,0.0304011,0.559192,0.240406
47980,-0.0617438,-0.606004,-0.319111
47981,-0.224107,-3.60576,-1.66257
47982,0.195589,3.51993,1.56399
47983,0.0528656,0.00753301,0.0312864
47984,0.00363199,0.622819,0.305563
47985,0.138554,1.23097,0.534983
47986,-0.00269036,-0.0161422,-0.0189025
47987,0.0468123,0.100754,0.0970252
47988,0.0219264,0.592014,0.228406
47989,-0.113668,0.86818,0.141137
47990,-0.129272,-2.77968,-1.02857
47991,0.0746575,0.0897235,0.092997
47992,-0.0398173,-0.0431803,-0.060635
47993,0.0283833,0.0285178,0.0430655
47994,0.14084,2.9676,1.23148
47995,0.231371,4.41233,1.94278
47996,-0.14528,-0.170165,-0.238918
47997,-0.0314772,-1.59969,-0.755281
47998,0.0493681,1.63466,0.842731
47999,0.320288,1.56458,0.897148
48000,0.207158,2.8117,1.41577
48001,0.0029594,1.13224,0.415154
48002,-0.04466,-0.804283,-0.387219
48003,0.0306701,0.0577082,0.0620058
48004,-0.123084,-1.55624,-0.77597
48005,-0.361316,-3.21754,-1.64104
48006,-0.118645,-1.68417,-0.871564
48007,0,-0.000403554,-0.00926512
48008,0.0686042,0.110036,0.133085
48009,0.250204,2.6453,1.34792
48010,0.202046,2.06378,0.967807
48011,-0.0625509,-0.116358,-0.140136
48012,-0.00941626,0.00403554,0.0012366
48013,0.0437184,0.070622,0.0593811
48014,0,0.0134518,0.0131889
48015,0.0232716,-0.00363199,0.00739775
48016,0.0176219,0.0445255,0.026256
48017,0.0551524,0.816121,0.33472
48018,-0.0423732,-0.124429,-0.134424
48019,0.00632235,0.0474849,0.0339885
48020,0,0.0133173,-0.00251841
48021,0.0302666,0.0169493,0.00836639
48022,-0.0209848,-0.122008,-0.15636
48023,-0.000807108,0.00161422,-0.0240284
48024,-0.0228681,-0.0363199,-0.0447674
48025,-0.00874367,-0.720075,-0.262504
48026,-0.320422,-4.86094,-2.25277
48027,0.342752,5.69805,2.52852
48028,-0.157386,-2.29797,-1.08212
48029,0.055825,0.121739,0.151113
48030,-0.00941626,0.810337,0.279672
48031,0.0612057,0.115416,0.160223
48032,-0.138957,-0.219399,-0.271649
48033,0.124564,0.699359,0.408402
48034,0.0649722,0.859032,0.390937
48035,0.392793,5.68527,2.5107
48036,0.0149315,-0.559326,-0.255137
48037,-0.0174873,-0.00739849,0.0115438
48038,0.0755992,1.41056,0.74814
48039,0.0325534,0.527849,0.182082
48040,0.10896,1.5783,0.814056
48041,0.133442,0.856207,0.504904
48042,0.173394,1.36119,0.776531
48043,0.0621473,1.46396,0.574212
48044,-0.109632,-2.5888,-1.18137
48045,-0.00067259,0.850827,0.357384
48046,0.0528656,0.655641,0.32953
48047,0.0231371,0.875578,0.304184
48048,-0.525966,-4.94879,-2.57018
48049,0.014797,-0.840065,-0.271666
48050,0.0741195,0.0737159,0.10079
48051,0.00874367,0.0154696,0.00451634
48052,0.0160076,0.859974,0.350259
48053,0.00538072,0.0457361,0.0317079
48054,-0.055825,-0.14501,-0.179219
48055,-0.0698149,-1.61072,-0.737513
48056,0.00887819,0.00887819,0.0021561
48057,0.0265001,0.719672,0.338781
48058,-0.00605331,0.0476194,0.0353407
48059,0.00887819,0.0169493,-0.00308772
48060,-0.449559,-3.94138,-2.29766
48061,-0.42575,-4.28319,-2.45509
48062,-0.0390102,-0.680527,-0.324978
48063,0.00914723,-0.584885,-0.220431
48064,-0.0683352,-0.61125,-0.331894
48065,-0.0788276,-1.3546,-0.525795
48066,-0.014797,-0.014797,-0.0278955
48067,-0.190881,-3.2439,-1.32774
48068,0.130348,1.13385,0.59565
48069,-0.0133173,-0.000269036,-0.0210619
48070,0.00807108,-0.0330914,-0.0642609
48071,-0.133711,-2.88138,-1.19358
48072,-0.0451981,-0.0351092,-0.109128
48073,0.0501752,0.063627,0.06095
48074,0.0603986,0.0445255,0.0617917
48075,-0.00067259,0.0534037,0.0307826
48076,-0.0135863,-0.0404899,-0.0234322
48077,0.0134518,0,-0.0127756
48078,-0.0270381,0.0133173,-0.00969512
48079,-0.140302,-2.23663,-1.03462
48080,0,0.0219264,0.00241738
48081,-0.139495,-1.93652,-0.843278
48082,-0.0803073,-1.37585,-0.767147
48083,-0.215498,-2.90599,-1.34656
48084,0.372615,3.50689,1.88075
48085,-0.121066,-1.09417,-0.63246
48086,-0.0242133,-0.0107614,-0.0525569
48087,0.0255584,0.0525966,0.0497755
48088,0.145952,2.42267,1.08066
48089,-0.00511169,0.0117031,-0.0224018
48090,0.108018,2.01965,0.744177
48091,0.096853,-0.461128,-0.10873
48092,-0.0316117,-0.085419,-0.124085
48093,-0.00269036,-0.00269036,-0.0125282
48094,0.063358,0.0749266,0.117537
48095,0.0933555,1.36765,0.482595
48096,0.162363,2.27013,0.968537
48097,0.451577,6.33647,2.88402
48098,0.0240787,0.195993,0.0311638
48099,-0.0501752,-0.620666,-0.323313
48100,0.160211,1.3055,0.69613
48101,0.0100889,-0.0302666,-0.0316107
48102,-0.14945,-1.23003,-0.655541
48103,-0.0372615,-1.1582,-0.527376
48104,-0.163574,-2.32272,-1.01944
48105,0.0217919,1.18739,0.501518
48106,-0.0460052,-0.656986,-0.329267
48107,-0.00336295,-0.0176219,-0.00693157
48108,0.179985,2.41783,1.0106
48109,0.0232716,0.0100889,-0.00143004
48110,0.0504443,0.0913378,0.105847
48111,-0.0195051,-0.0464087,-0.045308
48112,0.0336295,0.0749266,0.0690859
48113,0.0100889,-0.00336295,-0.00154089
48114,-0.0161422,-0.0161422,-0.029603
48115,-0.0975256,-0.139495,-0.169002
48116,0.0836702,0.6321,0.334247
48117,0.00632235,0.00632235,-0.00108811
48118,-0.0134518,-0.0134518,-0.026188
48119,-0.0620128,-1.24739,-0.647305
48120,0.0569011,0.659542,0.370662
48121,0.00269036,0.0164112,0.000808525
48122,0.1173,1.21537,0.506475
48123,-0.320153,-3.87641,-1.87694
48124,0.0423732,0.646897,0.28447
48125,-0.000403554,-0.0357818,-0.0606447
48126,0.147566,2.49692,1.11226
48127,0.0760027,1.14354,0.508298
48128,-0.00215229,0.0341676,-0.00766802
48129,-0.0427767,0.0613402,-0.0115042
48130,-0.0692768,-0.117165,-0.18125
48131,-0.188191,-2.67059,-1.24465
48132,-0.160749,-1.44405,-0.862685
48133,0.0441219,0.678509,0.295962
48134,0.179985,0.769712,0.492544
48135,-0.02233,0.0201777,0.000102156
48136,-0.0803073,-0.0843428,-0.127467
48137,0.0995434,-0.488435,-0.0711248
48138,0.0839393,0.646897,0.293615
48139,-0.281277,-4.66226,-2.1196
48140,-0.127523,-2.38043,-1.17384
48141,-0.070891,-0.774959,-0.389415
48142,-0.0242133,-0.0751956,-0.0737239
48143,-0.206082,-3.89403,-1.79759
48144,0.219264,3.41757,1.47413
48145,-0.00403554,0.011434,-0.00557565
48146,-0.0739849,-1.67045,-0.709053
48147,-0.113399,-1.89603,-0.836162
48148,0.137343,2.0253,0.895849
48149,-0.00376651,0.572374,0.214825
48150,-0.110977,-2.17906,-0.946143
48151,0.0733123,1.56458,0.601356
48152,-0.0850154,-1.59229,-0.662833
48153,0.129137,3.25278,1.35409
48154,0.00941626,0.00134518,0.00142384
48155,0.0567666,0.0474849,0.0728514
48156,0.0743885,1.60547,0.634992
48157,-0.00134518,0.0121066,0.0114815
48158,0.00739849,-0.0195051,-0.0286514
48159,0.00874367,-0.0316117,-0.00867148
48160,-0.148104,-1.54776,-0.747436
48161,0.118107,0.671514,0.41278
48162,0.113668,0.0606676,0.145751
48163,-0.0100889,0.867642,0.352807
48164,0.02233,0.0492336,0.0454545
48165,-0.458303,-11.7008,-5.41845
48166,-0.0531346,0.271188,0.145799
48167,-0.00067259,0.0445255,0.023975
48168,-0.0067259,-0.0201777,-0.0406395
48169,0.0805763,2.12579,0.9483
48170,-0.0244823,-0.692499,-0.322689
48171,0.0174873,0.628737,0.237786
48172,0.276435,3.67517,1.83342
48173,-0.170838,-0.922256,-0.412526
48174,0.311409,4.21512,1.91138
48175,-0.0251549,-0.106,-0.0507465
48176,0.0168148,0.00336295,-0.010072
48177,0,0.0134518,-0.00248622
48178,-0.0582463,-0.6169,-0.267667
48179,0.0269036,0,-0.0195681
48180,0.00739849,0.653085,0.27694
48181,-0.0457361,-0.623626,-0.296105
48182,0.0166802,1.2607,0.423759
48183,-0.164919,-2.06216,-0.799152
48184,0.00538072,0.0322843,0.0421643
48185,0.114744,0.760969,0.327707
48186,-0.0680661,-0.0647032,-0.113707
48187,-0.0484265,-1.31599,-0.565092
48188,0.107614,1.40006,0.62813
48189,0.166937,1.50674,0.670252
48190,0.0940281,2.51656,1.09662
48191,0.250742,2.4902,1.22383
48192,0.126985,2.67045,1.06783
48193,-0.0141244,0.0517895,0.0224882
48194,-0.00336295,-0.00269036,-0.0130506
48195,-0.228008,-2.92779,-1.31689
48196,-0.014797,0.0044391,-0.0183855
48197,0.0121066,0.0121066,0.00625405
48198,0.0174873,0.0309392,0.019711
48199,0.151736,2.74713,1.23254
48200,-0.206889,-1.50875,-0.859227
48201,-0.133173,-1.48602,-0.674626
48202,0.0431803,0.0425077,0.0453781
48203,-0.059726,-0.600892,-0.193984
48204,0.063358,0.700705,0.316138
48205,0.00161422,0.0281143,0.00395565
48206,0.0495026,1.4415,0.602437
48207,0.0398173,0.0688732,0.0887407
48208,0,-0.0403554,-0.0592041
48209,-0.10896,-1.51494,-0.699163
48210,-0.0437184,-0.0712946,-0.0781917
48211,-0.0384722,-0.646628,-0.241739
48212,0.0118376,0.603583,0.211676
48213,0.00659139,0.0509823,0.0342113
48214,0.0780205,1.491,0.640297
48215,-0.00874367,0.00538072,-0.0105097
48216,0,0.0260965,0.0186922
48217,0.00067259,-0.0119721,-0.0144889
48218,0.000134518,-0.00121066,-0.0252021
48219,-0.125102,-1.55261,-0.714215
48220,0,0.0269036,0.0354912
48221,0,-0.0192361,-0.0566806
48222,0.0634925,1.47593,0.629712
48223,-0.0398173,-0.659139,-0.247248
48224,0.229757,2.2221,1.07794
48225,0.182137,1.46665,0.944235
48226,0.00269036,-0.0240787,-0.0147139
48227,-0.110439,-1.39145,-0.816238
48228,0.0570357,0.760969,0.460509
48229,0.0269036,0.0941626,0.0890163
48230,0.200701,2.04723,1.03803
48231,-0.0162767,-0.0135863,-0.0310383
48232,-0.12833,-1.51131,-0.770521
48233,-0.010896,-0.0125102,-0.0236452
48234,0.078155,1.41621,0.63249
48235,0.121739,1.41661,0.659344
48236,0.397904,4.20773,2.1161
48237,0.00134518,0.0269036,0.021164
48238,-0.273072,-2.98939,-1.55748
48239,0.040759,0.0698149,0.037123
48240,-0.255315,-2.27214,-1.17356
48241,0.0246168,0.0516549,0.0351671
48242,0.10479,0.172856,0.185543
48243,-0.0445255,-0.0848809,-0.0997938
48244,-0.0067259,0.00726398,-0.0108949
48245,0.00417006,-0.0402209,-0.0400069
48246,-0.667075,-8.11749,-4.38126
48247,-0.0314772,-0.622684,-0.297259
48248,0.000269036,0.0100889,0.0125324
48249,-0.0305356,-0.030132,-0.0474567
48250,0,-0.000134518,-0.0265765
48251,-0.251818,-3.459,-1.69577
48252,-0.221148,-3.4333,-1.46223
48253,0.0551524,0.0551524,0.0608934
48254,-0.0269036,-0.0274417,-0.043555
48255,-0.23433,-0.231371,-0.336781
48256,-0.242805,-0.24294,-0.317379
48257,-0.00134518,0.0121066,-0.00726846
48258,-0.0134518,-0.0269036,-0.0297403
48259,0.0067259,0.0067259,-0.000575865
48260,0.310064,0.336968,0.429065
48261,0.190747,2.86752,1.34797
48262,-0.537131,-0.564976,-0.736715
48263,0.0282488,0.0470813,0.0549396
48264,0.0248858,0.029594,0.024108
48265,-0.00739849,-0.0115686,-0.01857
48266,-0.314369,-0.320422,-0.395248
48267,-0.0628199,-1.98872,-0.820419
48268,0.00403554,0.0188325,0.0205416
48269,-0.0842083,-0.77469,-0.442931
48270,0.0328224,0.0368579,0.0338609
48271,0.0082056,-0.0052462,-0.0209998
48272,-0.8932,-10.0683,-5.24281
48273,-0.00941626,-0.000134518,-0.0692204
48274,0.063089,0.239577,0.172614
48275,0.00847464,1.2373,0.57865
48276,0.416602,5.25522,2.50996
48277,-0.15066,-2.15135,-1.07923
48278,-0.0516549,-0.029594,-0.0466852
48279,0.014797,-0.0112995,-0.034285
48280,0.130483,2.53782,1.06093
48281,-0.00309392,-0.0180254,-0.0376392
48282,0.214153,3.02719,1.38484
48283,0.109094,2.47433,0.990172
48284,-0.223435,-2.20811,-1.09463
48285,-0.0423732,-0.070891,-0.11522
48286,0.00901271,-0.0469468,-0.0241524
48287,0.0269036,0.0403554,0.0473385
48288,-0.0302666,-1.21497,-0.450436
48289,-0.00538072,-0.0238097,-0.0401183
48290,-0.0316117,-1.28303,-0.43758
48291,-0.0320153,-0.833608,-0.333572
48292,-0.151736,-0.728819,-0.486647
48293,0.0212539,-0.731106,-0.18221
48294,0.0616093,0.859032,0.35431
48295,0.108825,1.96114,0.738343
48296,-0.101427,-1.43881,-0.584006
48297,0.0430458,0.564572,0.170995
48298,-0.0692768,-0.618245,-0.296604
48299,0,0,-0.00911326
48300,-0.0014797,-0.000403554,0.00544638
48301,-0.135594,-1.91648,-0.852221
48302,-0.00376651,-0.741733,-0.21603
48303,0.0921449,1.39213,0.620165
48304,0.0887819,1.42952,0.57619
48305,-0.0739849,-0.603314,-0.272869
48306,0.117031,0.664116,0.349113
48307,0.0166802,1.37235,0.478596
48308,0,0,-0.00727023
48309,0.195858,1.63776,0.787228
48310,-0.0302666,-0.026231,-0.0471206
48311,0.0115686,1.14677,0.306915
48312,0.0846119,1.35984,0.619111
48313,-0.0201777,0.605197,0.163117
48314,-0.0134518,-0.0269036,-0.0484903
48315,0,0,-0.00911326
48316,-0.176084,-2.604,-1.07159
48317,0.00322843,0.0361854,0.0246388
48318,0.0215229,0.00807108,0.0115794
48319,0.111381,2.60198,0.95981
48320,0.0290559,0.576141,0.226376
48321,0.200835,2.77645,1.28473
48322,-0.0836702,-1.35823,-0.616844
48323,0.157521,0.931672,0.587662
48324,-0.0291904,-0.0394138,-0.0478344
48325,-0.0930865,-1.42172,-0.71912
48326,-0.0492336,-0.0766753,-0.116239
48327,0.00538072,0.00538072,-0.00228334
48328,-0.0605331,-1.31989,-0.596299
48329,0.0944317,0.749804,0.474858
48330,0.0125102,-0.551659,-0.195934
48331,0.0344366,0.601968,0.254115
48332,-0.0302666,-0.0571702,-0.076208
48333,0.0221955,0.0760027,0.0710078
48334,-0.0441219,-0.690078,-0.376825
48335,0.0490991,0.690616,0.381632
48336,0.000538072,0.000538072,-0.00843027
48337,0.0470813,0.0739849,0.079325
48338,0.207965,3.32959,1.42859
48339,0.0400864,0.0395483,0.041583
48340,-0.0168148,-0.0563631,-0.0815433
48341,-0.0504443,-0.576275,-0.235839
48342,0.0527311,0.0796347,0.0864964
48343,0.0750611,1.76003,0.677086
48344,0.0738504,0.0933555,0.125297
48345,0.00134518,0.00282488,0.0092381
48346,-0.0112995,-0.0112995,-0.0234561
48347,-0.00941626,-0.0236752,-0.0424254
48348,0.0402209,0.0805763,0.071815
48349,0.000269036,0.0137208,0.0135304
48350,-0.0172183,-0.0710255,-0.0713345
48351,-0.190612,-1.38634,-0.738654
48352,0.00067259,-0.0938936,-0.0525142
48353,-0.0130483,0.00188325,-0.00272287
48354,0.103713,1.42885,0.670136
48355,-0.0585154,-0.0726398,-0.105944
48356,0,-0.0142589,-0.0161379
48357,0.0269036,0.0403554,0.0314106
48358,0.0134518,0.0141244,0.00821463
48359,-0.333067,-3.58773,-1.68702
48360,0.0133173,0.0285178,0.0150291
48361,-0.140033,-2.25318,-0.948235
48362,-0.0269036,-0.0546143,-0.105478
48363,0.254508,1.74887,0.99493
48364,0.0975256,1.51414,0.667199
48365,0.244285,2.26609,1.15882
48366,0.0168148,0.0230026,0.0129908
48367,-0.00134518,-0.014797,-0.0487981
48368,0,0,-0.00499669
48369,-0.175546,-2.33927,-1.14961
48370,0.0423732,0.873291,0.400816
48371,0.0977946,0.909477,0.459443
48372,-0.0599951,-0.35997,-0.217443
48373,0.0228681,0.0161422,0.00442646
48374,0.135191,1.45441,0.723494
48375,-0.0134518,0,-0.0211261
48376,0.0067259,0.834954,0.383081
48377,-0.0134518,-0.720479,-0.384961
48378,-0.370597,-4.41219,-2.17147
48379,0.0209848,-0.559999,-0.174741
48380,0.0408935,0.0677971,0.0873985
48381,0.165054,2.98025,1.33403
48382,0.100754,1.67435,0.734454
48383,-0.0117031,-0.0585154,-0.0910379
48384,0.153351,1.6726,0.918343
48385,0.908939,7.7777,4.16652
48386,0.0119721,1.30348,0.4527
48387,-0.110574,-2.07494,-0.983455
48388,0.00134518,0.0282488,0.0212707
48389,-0.0343021,-0.0355128,-0.0518102
48390,0.0403554,0.0680661,0.0709807
48391,0,0,-0.0274941
48392,0.0014797,0.00349747,-0.00671123
48393,0.0278452,0.0782895,0.0998483
48394,-0.0134518,-0.0134518,-0.026188
48395,-0.370463,-4.36538,-2.16708
48396,0.0103579,-0.0104924,0.00731964
48397,-0.232044,-2.96047,-1.44454
48398,0.0578428,0.83038,0.4229
48399,-0.0538072,-0.831725,-0.457508
48400,0,0.0102234,-0.00349309
48401,-0.0208503,0.0052462,0.00848603
48402,-0.149988,-1.47338,-0.817081
48403,0.041028,0.0679316,0.0716413
48404,-0.00860916,-0.0343021,-0.0604778
48405,-0.50108,-6.77769,-3.51053
48406,0.124429,0.769847,0.432518
48407,0.486014,3.54791,2.19657
48408,0.142724,2.1835,0.908284
48409,0.0699494,0.096853,0.0911119
48410,0.0235407,0.732316,0.345251
48411,-0.0964495,-0.913378,-0.552711
48412,-0.179582,-2.90115,-1.38161
48413,0.0578428,0.11165,0.137589
48414,0.110036,2.02544,0.872756
48415,0.029863,0.0567666,0.0390885
48416,0.0812489,1.27523,0.515877
48417,0.0577082,0.766484,0.330723
48418,-0.154158,-1.5136,-0.777428
48419,-0.0236752,0.0484265,-0.0356627
48420,0.0290559,0.0694113,0.078747
48421,-0.00269036,0.730702,0.256228
48422,0.0832667,1.33361,0.647338
48423,-0.0914723,-1.4575,-0.722234
48424,0.0638961,-0.593628,-0.141306
48425,0.0464087,1.3441,0.608114
48426,0.0577082,0.131693,0.150256
48427,0.0601296,0.805225,0.360985
48428,-0.0285178,-0.0419696,-0.0663017
48429,-0.00766753,-0.0344366,-0.0498105
48430,-0.0351092,-0.0901271,-0.112098
48431,-0.218592,-4.18943,-1.88868
48432,0,0.00430458,-0.00760205
48433,-0.00269036,-0.0161422,-0.053383
48434,-0.301186,-3.5428,-1.74466
48435,-0.0511169,-1.28276,-0.569992
48436,0.115686,0.755184,0.481173
48437,-0.0497717,0.581387,0.145787
48438,0.332394,3.6632,1.82872
48439,0.304683,3.80579,1.80665
48440,0.112592,2.10211,0.799792
48441,0.19828,3.93855,1.69769
48442,-0.171645,-3.42846,-1.27271
48443,0.0322843,0.0472158,0.0556697
48444,0.0403554,0.0437184,0.0476867
48445,0.136805,2.82031,1.15172
48446,-0.0312082,-0.762717,-0.386613
48447,0.0336295,0.0605331,0.081235
48448,-0.00659139,-0.00390102,0.00161135
48449,0.0653758,1.38311,0.539969
48450,0.0137208,0.0161422,0.0355129
48451,-0.177833,-1.64812,-0.90619
48452,0.093221,0.108018,0.117449
48453,-0.503367,-3.9886,-2.2075
48454,0.00686042,0.114475,0.114207
48455,0.0143934,0.0191016,0.0217042
48456,0.0269036,0.0516549,0.052962
48457,-0.0134518,0.0134518,-0.0188684
48458,0.00403554,0.0174873,0.00518772
48459,0.0168148,0.0437184,0.0569155
48460,0.202046,3.27538,1.39082
48461,0.0909342,1.44472,0.586358
48462,-0.00269036,-0.0161422,-0.0157472
48463,-0.0269036,-0.0263655,-0.0430925
48464,-0.11851,-2.16601,-0.9768
48465,-0.00605331,0.0208503,0.0118796
48466,0,0.0134518,0.0131889
48467,-0.00336295,-0.0168148,-0.0356842
48468,-0.0419696,-1.36738,-0.508073
48469,-0.029863,-0.0470813,-0.0591679
48470,0.0808454,1.93289,0.609811
48471,-0.293922,-3.59634,-1.70324
48472,0.135863,2.15727,0.966628
48473,-0.116493,-1.96598,-0.789159
48474,-0.0231371,-0.728281,-0.339257
48475,-0.0540763,-0.0103579,-0.0431274
48476,-0.169089,-2.03876,-1.08156
48477,0.0239442,0.037396,0.0279069
48478,0.0135863,0.0135863,0.00813228
48479,-0.0134518,-0.0134518,-0.026188
48480,0.19411,1.99342,0.988177
48481,-0.0129137,-0.541301,-0.302614
48482,0.0512514,1.25048,0.569474
48483,0.0283833,0.0694113,0.0795394
48484,-0.0710255,-0.87356,-0.517453
48485,0.0472158,0.695055,0.285029
48486,-0.0975256,-1.27294,-0.581148
48487,0.679047,10.2797,4.64389
48488,-0.0271726,-0.109363,-0.147692
48489,0.0161422,0.0228681,0.0141943
48490,0.495565,4.24579,2.36506
48491,-0.0375305,-0.0501752,-0.0786565
48492,-0.0394138,-0.613402,-0.386037
48493,0.0367234,0.589862,0.321848
48494,0.76191,6.97543,3.71219
48495,-0.161556,-2.0323,-1.08372
48496,0.294595,2.20744,1.31814
48497,-0.284102,-2.36577,-1.41566
48498,0.0571702,0.126043,0.0863097
48499,0.000538072,-0.000941626,-0.00915924
48500,-0.0575737,-0.151871,-0.146114
48501,-0.268364,-3.7318,-1.8299
48502,-0.0133173,-0.0349747,-0.0713421
48503,0.175815,1.64018,0.89854
48504,0.149181,1.40504,0.634132
48505,0.070891,1.256,0.593241
48506,0.00578428,-0.0177564,-0.00572703
48507,-0.0375305,0.00282488,-0.0682212
48508,0.0228681,0.0901271,0.131425
48509,0.483189,4.2735,2.08788
48510,-0.324323,-2.84089,-1.43082
48511,0.011434,-0.0625509,-0.0151327
48512,0.339658,2.73717,1.40957
48513,0.015066,0.0285178,0.0409119
48514,0.00914723,0.022599,0.00344299
48515,-0.339255,-2.91541,-1.63917
48516,-0.00403554,0.0168148,0.00362105
48517,0.0134518,0.0269036,0.0255763
48518,0.00228681,-0.0246168,-0.050815
48519,0.015066,-0.00578428,0.00867052
48520,0.0168148,0.0302666,0.0345324
48521,0.145952,1.42979,0.693246
48522,-0.00470813,-0.0450636,-0.050393
48523,0.00376651,0.623491,0.380069
48524,-0.0082056,-0.0115686,-0.019745
48525,-0.157252,-1.96585,-0.983806
48526,0.303607,3.25023,1.80611
48527,0.0755992,0.742674,0.328262
48528,0.0309392,0.044391,0.052461
48529,0.279529,3.18875,1.62892
48530,0.109363,0.874502,0.43081
48531,0.025693,1.80052,0.790232
48532,-0.310064,-2.96195,-1.47466
48533,0.0192361,0.00578428,-0.00699852
48534,0.0228681,0.0632235,0.0518093
48535,-0.0912032,-0.657659,-0.36363
48536,-0.0207158,-0.0692768,-0.0185549
48537,-0.297419,-4.17705,-2.0344
48538,0.00215229,0.00215229,-0.00638129
48539,-0.033495,-0.0499062,-0.0600766
48540,-0.025693,-1.36549,-0.526987
48541,0.092952,1.5748,0.779169
48542,-0.180658,-1.69062,-0.93798
48543,-0.134384,-3.17126,-1.426
48544,-0.249935,-2.27618,-1.32009
48545,0.0450636,-0.757337,-0.217551
48546,-0.0716981,0.181196,-0.0528154
48547,0.044929,0.5261,0.232613
48548,-0.0490991,-0.0349747,-0.068592
48549,0.0590534,0.0863606,0.0795154
48550,0.0103579,0.0232716,0.0258187
48551,0.0201777,0.75505,0.257156
48552,-0.163843,-1.69318,-0.836174
48553,-0.0302666,-0.0423732,0.00241887
48554,0.0174873,0.0567666,0.0337446
48555,0.190478,2.31694,1.07136
48556,0.0161422,0.505653,0.206094
48557,-0.0130483,-0.0130483,-0.0256758
48558,-0.0758682,-1.91984,-0.767939
48559,0.0208503,0.60708,0.254213
48560,-0.179313,-2.61248,-1.17451
48561,0.0168148,0.565245,0.228154
48562,0.0659139,0.638154,0.304921
48563,0.0230026,-0.0209848,-0.0365971
48564,-0.0118376,-0.0387412,-0.0687435
48565,-0.0290559,0.734603,0.237892
48566,0.00591879,-0.703933,-0.212206
48567,-0.0404899,-0.0404899,-0.0605084
48568,0.0118376,0.0251549,0.0151991
48569,-0.0305356,-0.025693,-0.0541243
48570,0.000403554,0.0139899,-0.00216299
48571,0.0269036,0.0403554,0.0314106
48572,-0.00901271,-0.0493681,-0.0556041
48573,0,0.0269036,0.0209565
48574,-0.0100889,0.00336295,-0.0155451
48575,0.0115686,-0.0274417,-0.0296379
48576,0.00228681,-0.0548834,-0.0858508
48577,0.312082,3.05598,1.46588
48578,-0.110708,-0.148508,-0.232856
48579,0.00349747,-0.0368579,-0.0348188
48580,-0.00242133,0.869659,0.37105
48581,-0.0712946,-0.0746575,-0.099846
48582,0.0174873,-0.00941626,-0.014452
48583,0.0438529,0.0707565,0.0592991
48584,0.31262,5.85463,2.62626
48585,-0.0282488,-0.103579,-0.0746314
48586,-0.355666,-5.59972,-2.71027
48587,0.0825941,1.52207,0.622288
48588,0.0353783,0.853114,0.371599
48589,-0.12712,-1.53485,-0.711837
48590,0.1173,1.56458,0.731564
48591,0.0369925,0.0369925,0.0408184
48592,0.0625509,1.47526,0.670073
48593,-0.00269036,-0.0161422,-0.019408
48594,-0.029594,-0.0699494,-0.113584
48595,-0.0343021,-0.842218,-0.40466
48596,0.0185635,0.00511169,0.00807566
48597,0.169224,2.36819,1.26264
48598,0,0.0318808,0.0527334
48599,-0.106269,-1.42683,-0.832617
48600,-0.285044,-3.98389,-1.82623
48601,0.056094,1.51131,0.622474
48602,0.114609,0.930596,0.477262
48603,-0.210655,-2.49356,-1.14534
48604,0.0955078,1.5935,0.692739
48605,-0.0417006,-0.689002,-0.296192
48606,0.227874,3.05975,1.38814
48607,-0.0699494,-0.122142,-0.176207
48608,0.0161422,-0.0174873,-0.0378261
48609,-0.0134518,0,-0.000909826
48610,0.0657793,1.33751,0.615235
48611,0.386201,3.75642,2.14211
48612,0.0255584,0.00928175,0.0140736
48613,0,0.0305356,-0.000439427
48614,-0.0269036,-0.0313427,-0.0443251
48615,0.00067259,-0.026231,-0.0183835
48616,0.0174873,0.0309392,0.0368959
48617,0.283564,2.65512,1.26653
48618,-0.0228681,0.446331,0.101703
48619,0.0712946,0.657524,0.273615
48620,-0.0534037,-1.28707,-0.572333
48621,0.143665,2.84492,1.28678
48622,-0.0563631,-0.187653,-0.166378
48623,-0.262983,-3.67988,-1.65446
48624,0.0282488,0.0433148,0.050493
48625,0.00739849,-0.00417006,-0.00603331
48626,0.0067259,-0.00174873,-0.0110452
48627,0.109498,1.44419,0.697305
48628,-0.0161422,-0.789621,-0.333633
48629,0.00766753,0.26379,0.113466
48630,-0.100754,-1.41943,-0.699096
48631,-0.110439,-2.66144,-1.27789
48632,0.0242133,0.0102234,0.0149087
48633,-0.0840738,-0.750476,-0.401028
48634,-0.268364,-2.93599,-1.69776
48635,0.0969875,0.271861,0.200567
48636,-0.00403554,-0.0174873,-0.0420477
48637,-0.0602641,-0.0912032,-0.11535
48638,-0.00161422,0.00981982,-0.0260592
48639,0.0067259,0.00538072,-0.000968005
48640,0.0369925,0.556098,0.250621
48641,0.0403554,0.0403554,0.0364861
48642,0.00349747,0.00336295,-0.00489684
48643,-0.142858,-1.32594,-0.706503
48644,-0.113668,-1.45185,-0.747432
48645,0.0067259,0.00618783,-0.0147942
48646,-0.0200432,-0.0500407,-0.0482984
48647,0.0231371,0.0425077,0.0366954
48648,-0.0269036,-0.0269036,-0.0401075
48649,0.00417006,0.0211193,0.0196
48650,0.0474849,0.0520585,0.0397201
48651,0.0659139,1.41069,0.644252
48652,-0.159673,-1.53082,-0.829131
48653,0.0215229,0.124698,0.0946925
48654,0.112726,1.38231,0.666331
48655,-0.0134518,-0.0269036,-0.0484903
48657,0.00484265,0.0318808,0.0259984
48658,0.00134518,0.0282488,0.0227804
48659,0.0133173,0.00067259,-0.0128954
48660,0.0994088,1.14488,0.543981
48661,0.00269036,0.0430458,0.0282929
48662,0.0603986,1.1539,0.556264
48663,0.0168148,-0.504846,-0.212111
48664,-0.0322843,-0.58744,-0.3375
48665,0.0135863,0.488032,0.233517
48666,-0.0488301,-0.557712,-0.32735
48667,0.0477539,0.587575,0.322388
48668,0.0867642,0.693844,0.376481
48669,0.387278,4.68674,2.02456
48670,0,0.598067,0.123262
48671,-0.258813,-4.7684,-2.06754
48672,0.00605331,-0.0244823,0.00687076
48673,0.0464087,0.752763,0.332295
48674,0.0052462,-0.0215229,-0.0152324
48675,-0.0664519,-1.2751,-0.574943
48676,0.0879748,1.90908,0.749446
48677,0.0212539,0.0212539,0.00378002
48678,-0.0741195,-0.126447,-0.159819
48679,-0.116224,-2.01683,-0.96162
48680,0.0325534,0.661156,0.32621
48681,0.165054,2.57104,1.11108
48682,0.21913,2.25627,1.11495
48683,-0.0760027,-0.756933,-0.376675
48684,0.00403554,-0.0228681,-0.0485952
48685,0.0156041,0.022061,0.0152621
48686,-0.0886474,-1.91863,-0.868774
48687,0.052462,0.628468,0.280041
48688,0.014797,0.0417006,0.0396578
48689,0.144472,1.32716,0.648885
48690,0.154158,2.6488,1.17903
48691,-0.277107,-2.76825,-1.39713
48692,0,-0.0125102,-0.0130305
48693,-0.0302666,-0.0422387,-0.0721386
48694,-0.0134518,-0.0275762,-0.0644968
48695,-0.293518,-3.31224,-1.64525
48696,-0.089051,-1.35096,-0.638649
48697,0.134518,1.43154,0.732242
48698,-0.0153351,-0.0287869,-0.0324999
48699,0.00322843,0.00322843,-0.0209432
48700,-0.0138554,-0.00780205,-0.0166643
48701,0.340869,2.94796,1.50377
48702,-0.056094,-1.3659,-0.574137
48703,0.0749266,1.33375,0.519599
48704,-0.0134518,-0.067259,-0.083541
48705,-0.0638961,-1.93935,-0.67075
48706,0.214825,2.21645,1.03783
48707,0.0161422,1.18537,0.391148
48708,-0.0501752,-0.707565,-0.304112
48709,-0.0602641,-1.88339,-0.731476
48710,0.0169493,0.588517,0.217131
48711,0.0310737,0.0472158,0.0624314
48712,-0.00605331,-0.0336295,-0.0459585
48713,0.000403554,0.0273072,0.00283524
48714,0.0134518,0.0134518,0.00796153
48715,0.286389,2.38595,1.23068
48716,-0.0433148,-0.778456,-0.334492
48717,0.0499062,0.874771,0.394066
48718,0,-0.0232716,-0.0472689
48719,0.000134518,-0.161825,-0.150634
48720,-0.0464087,-0.75088,-0.306364
48721,0.0369925,0.0369925,0.0378424
48722,0.0100889,0.0231371,0.00721917
48723,0.074254,2.763,0.997709
48724,0.00538072,-0.613806,-0.243082
48725,-0.137208,-2.70529,-1.13959
48726,0.0454671,0.0110305,0.0272602
48727,-0.011165,0.509285,0.17385
48728,0.0809799,0.905979,0.467968
48729,0.0310737,1.26447,0.492621
48730,-0.0793657,-0.880152,-0.495246
48731,-0.114071,-1.51898,-0.687912
48732,-0.0238097,-0.618649,-0.28329
48733,0.0141244,0.60856,0.248369
48734,0.106,1.53862,0.699519
48735,-0.0318808,-0.135863,-0.126781
48736,0.139495,2.12767,0.996077
48737,-0.0134518,-0.000134518,-0.0355153
48738,0.0181599,-0.191823,-0.00767433
48739,-0.000134518,-0.0135863,-0.0258237
48740,0.138016,2.89227,1.13169
48741,-0.0975256,-0.19115,-0.103154
48742,0.185097,2.23139,1.08926
48743,0.128196,2.1539,0.923314
48744,0.0345711,0.115147,0.0941484
48745,0,0.0403554,0.0394126
48746,0.0507133,1.65242,0.738715
48747,0.0953733,2.11583,0.80531
48748,-0.0176219,-0.0176219,-0.0312285
48749,0.00605331,0.00618783,-0.00118815
48750,0.0082056,0.063358,0.0237804
48751,0.108287,2.43599,0.564099
48752,0.00470813,0.842756,0.294508
48753,-0.0629545,-3.31775,-0.934404
48754,0.00739849,2.37922,0.479804
48755,0.0338986,0.830918,0.289937
48756,0,0,-0.00595791
48757,0,0.00336295,0.0101861
48758,-0.0251549,-1.65403,-0.595174
48759,-0.523275,-7.11964,-2.85932
48760,0.00215229,0.873695,0.360837
48761,0.0983327,0.940147,0.456252
48762,0.0215229,0.0215229,0.0365872
48763,-0.0712946,-0.112726,-0.135661
48764,0.432745,6.14129,2.16567
48765,0.106807,4.03662,1.33277
48766,0.0648377,0.0414316,0.0867119
48767,-0.0343021,-0.0343021,-0.0710348
48768,0,0.026231,-0.00170177
48769,0,0,-0.00911326
48770,0.198145,3.33497,1.28599
48771,-0.602372,2.61638,0.656412
48772,-0.081787,0.0181599,-0.0268668
48773,0.270381,0.331587,0.365771
48774,0.113264,0.0998124,0.112354
48775,0.0067259,0.00484265,-0.00291442
48776,0.96705,6.11842,2.99575
48777,-0.0199087,-0.116493,-0.101632
48778,-0.0141244,-0.0107614,-0.022829
48779,-0.162632,-2.92375,-1.33764
48780,-0.191285,-5.85248,-2.25982
48781,-0.0219264,-0.0488301,-0.0613257
48782,0.00134518,0.014528,0.0148556
48783,-0.000134518,-0.00538072,-0.0189375
48784,0.278452,3.21404,1.42167
48785,-0.0232716,-0.0501752,-0.0673291
48786,0.0232716,2.66749,0.853092
48787,-0.0067259,0.0242133,0.0179269
48788,0.172049,2.79569,1.34149
48789,0.0201777,-0.018698,-0.0681378
48790,0.0067259,-0.0458707,-0.0444037
48791,0.0152005,0.0540763,0.0402075
48792,-0.0215229,-0.0525966,-0.0643418
48793,0,0.0269036,0.0167412
48794,0,-0.0134518,-0.0154875
48795,0,-0.0173528,-0.0325527
48796,0.22895,5.51807,2.74878
48797,-0.00201777,-0.0400864,-0.0508812
48798,0.0297285,2.77605,2.93691
48799,-0.0963149,-2.8343,-3.07463
48800,0.0169493,0.0404899,0.0369219
48801,-0.0138554,0.00403554,-0.0272859
48802,-0.00753301,0.0832667,0.134841
48803,-0.00336295,-0.00349747,-0.013605
48804,0.00349747,0.0169493,-0.00112154
48805,-0.16317,-2.71686,-1.38411
48806,0.112592,2.68121,1.32636
48807,-0.0211193,-0.0211193,-0.0531609
48808,0.00780205,0.0212539,0.0403326
48809,0.135594,2.96814,3.10149
48810,-0.0481575,-0.0661829,-0.075644
48811,1.55476,4.02478,2.81715
48812,0.0564976,0.0451981,0.0813071
48813,0.0285178,-0.00322843,-0.0425374
48814,0.155099,3.32811,1.311
48815,-0.0534037,-0.918758,-0.433685
48816,0.0228681,-0.00403554,-0.00333372
48817,0.179582,1.87774,0.991704
48818,-0.0543453,0.647974,0.179042
48819,-0.00336295,-0.00336295,-0.0184775
48820,0.063358,0.0464087,0.0756759
48821,-0.0760027,-1.61233,-0.712857
48822,-0.0686042,-0.902347,-0.468012
48823,-0.0680661,-2.52208,-0.991594
48824,0.0316117,0.93073,0.41585
48825,-0.0195051,-0.0329569,-0.040246
48826,-0.081787,-1.80066,-0.819138
48827,0.0141244,0.0404899,0.0364273
48828,-0.0197742,-0.860108,-0.390039
48829,0.0539417,0.76487,0.302917
48830,-0.0103579,-0.0103579,-0.0436177
48831,0.0134518,0.0201777,0.0299262
48832,-0.520854,-6.42055,-2.99023
48833,-0.0365889,-0.0476194,-0.0928871
48834,0.0014797,0.0149315,0.0150672
48835,-0.00403554,-0.0439874,-0.06492
48836,0.129137,1.35177,0.679901
48837,-0.185366,-2.72547,-1.34096
48838,0.00215229,-0.00659139,-0.0177224
48839,0.0244823,-0.0910687,-0.0963462
48840,0.0164112,0.1438,0.117134
48841,-0.0318808,-0.733258,-0.310229
48842,0.187384,1.4341,0.705996
48843,0.00618783,0.648512,0.284152
48844,-0.0135863,-0.0135863,-0.0263588
48845,0.0550179,1.23488,0.464657
48846,-0.0598605,-1.30012,-0.612403
48847,0.0340331,0.0743885,0.10368
48848,-0.00551524,-0.018967,-0.0354401
48849,-0.0472158,-1.32796,-0.584528
48850,-0.085419,-1.24133,-0.551243
48851,0.0343021,0.0612057,0.0599486
48852,-0.0193706,-0.0193706,-0.033701
48853,0.00645687,0.130752,0.0394543
48854,0.0242133,1.09552,0.459173
48855,0.294595,2.68686,1.34836
48856,0.0376651,-0.633984,-0.240368
48857,-0.0769443,-0.0782895,-0.107444
48858,-0.0343021,-1.20797,-0.502503
48859,0.0782895,1.23918,0.521848
48860,-0.0134518,-0.0133173,-0.0276315
48861,0.122008,2.07265,0.793119
48862,-0.00349747,-0.00349747,-0.0135527
48863,-0.149584,-1.56054,-0.731195
48864,-0.11434,-1.30146,-0.658538
48865,-0.115013,-2.01522,-0.935843
48866,0.00403554,0.0174873,0.0183114
48867,0.0283833,0.624971,0.234837
48868,-0.0134518,0.000134518,-0.019338
48869,0.0134518,0.0269036,0.0302637
48870,-0.176757,-2.53136,-1.23356
48871,0.0601296,0.627661,0.330777
48872,0.246168,2.06902,1.05511
48873,0.0913378,1.21322,0.521299
48874,0.051924,0.556905,0.200703
48875,0.0901271,2.03633,0.741623
48876,-0.160211,-2.16722,-0.926981
48877,-0.041028,-0.592821,-0.289179
48878,0.0142589,0.555291,0.215228
48879,-0.014797,-0.563093,-0.234329
48880,0.0719672,0.68806,0.347487
48881,-0.0403554,-0.0383376,-0.0612678
48882,0.0659139,0.644342,0.24621
48883,0.0134518,0.0266346,0.0303691
48884,-0.0123757,-0.0258275,-0.0314491
48885,-0.000134518,-0.000134518,-0.00928401
48886,-0.0143934,-0.000941626,-0.0207562
48887,0.00228681,0.0157386,0.0160917
48888,-0.0164112,-0.029863,-0.0522467
48889,-0.0741195,-1.29339,-0.653364
48890,-0.0161422,-0.567532,-0.134389
48891,-0.052462,-0.0793657,-0.120309
48892,-0.161153,-2.67247,-1.22452
48893,-0.0743885,-0.678644,-0.396817
48894,-0.109363,-1.51346,-0.744342
48895,-0.00497717,-0.0682007,-0.0146759
48896,0.00349747,0.138016,0.073875
48897,0.0149315,0.0396828,0.0170902
48898,-0.0530001,-0.0665864,-0.0970018
48899,0.00860916,-0.0317463,-0.0467112
48900,-0.0100889,0.0302666,0.0262373
48901,0.172856,1.46221,0.708434
48902,-0.00955078,0.000538072,-0.0890985
48903,0.0133173,-0.0107614,-0.0365706
48904,-0.0201777,-0.0901271,-0.100263
48905,0.0134518,0.0269036,0.0148413
48906,-0.0477539,-1.35043,-0.568542
48907,-0.00309392,0.00699494,0.0366016
48908,0.0289214,0.0513859,0.0809926
48909,-0.00322843,-0.00322843,-0.0132112
48910,-0.010896,-0.010896,-0.0199678
48911,0.0503098,0.104117,0.107965
48912,0.0390102,0.557577,0.207802
48913,-0.0382031,-0.611116,-0.313842
48914,0.0134518,0.00336295,0.0226298
48915,-0.0743885,-1.44984,-0.615717
48916,-0.182137,-3.04804,-1.37864
48917,0.0282488,0.0450636,0.0585186
48918,-0.0168148,-0.00981982,-0.0470737
48919,0.00430458,-0.0224645,-0.0165869
48920,0.0387412,0.0790966,0.0856119
48921,-0.00860916,-0.00538072,-0.0303638
48922,0.00847464,-0.0454671,-0.0538202
48923,-0.00941626,0.0309392,0.0286008
48924,-0.0347057,-0.0749266,-0.101641
48925,0.0215229,0.752225,0.319292
48926,0.0181599,-0.00766753,0.0012138
48927,-0.0445255,-0.732585,-0.324232
48928,-0.0211193,0.00578428,0.0121008
48929,-0.0773479,-0.71725,-0.354389
48930,0.0336295,0.665595,0.28956
48931,0.0138554,0.0273072,0.0135357
48932,-0.00349747,-0.0169493,-0.0186147
48933,0.0067259,0.0336295,0.0054315
48934,-0.00739849,-0.00807108,-0.0187575
48935,-0.0104924,-0.022599,-0.0425036
48936,-0.127523,-1.43854,-0.726855
48937,0.00107614,0.0185635,0.0257943
48938,-0.00336295,-0.606811,-0.204806
48939,-0.247244,-2.90317,-1.55673
48940,0.000807108,-0.02233,-0.031989
48941,-0.0679316,-0.774824,-0.466932
48942,-0.138554,-1.51629,-0.877519
48943,-0.0653758,0.0386067,-0.176425
48944,-0.00201777,-0.631697,-0.181547
48945,-0.0797692,-0.912167,-0.572725
48946,-0.0211193,-1.18847,-0.358638
48947,0.0981982,0.765408,0.378918
48948,0.222224,2.35191,1.11799
48949,-0.0320153,-0.0421042,-0.047728
48950,-0.0898581,-1.54723,-0.745237
48951,0.000269036,-0.0131828,0.0049162
48952,0.0138554,0.0146625,0.00746517
48953,0.126312,1.51319,0.674334
48954,0.0486955,1.30079,0.512463
48955,0.0363199,0.883649,0.440565
48956,0.916203,9.20009,4.85098
48957,0.0217919,0.738101,0.268723
48958,0.00941626,0.0228681,0.0123687
48959,0.00403554,-0.022061,-0.000666599
48960,0.055825,0.801997,0.386563
48961,0.052193,1.34289,0.55794
48962,0.0254239,-0.154965,-0.118777
48963,0.0215229,0.109363,0.102929
48964,0.00497717,-0.768502,-0.224708
48965,0.0271726,0.818408,0.274233
48966,-0.0228681,-0.0792311,-0.108807
48967,0.0757337,0.700167,0.389728
48968,0.0146625,-0.0142589,-0.0376551
48969,-0.0100889,0.00336295,0.00628791
48970,0.000269036,-0.00336295,-0.00900518
48971,0.074523,1.44674,0.59325
48972,0,-0.0394138,-0.0277899
48973,-0.0067259,-0.0067259,-0.0176507
48974,-0.00995434,-0.00390102,-0.0271575
48975,0.00336295,0.0309392,0.00822272
48976,-0.163439,-2.99424,-1.32062
48977,-0.0201777,-0.0209848,-0.0351231
48978,0.0329569,0.0329569,0.03272
48979,-0.025962,-0.0125102,-0.0197654
48980,0.0403554,0.0538072,0.0429756
48981,-0.0135863,-0.000134518,-0.0224374
48982,-0.0134518,-0.0275762,-0.0248919
48983,-0.0400864,-0.63506,-0.266557
48984,-0.0146625,-0.0400864,-0.0701287
48985,-0.00134518,0.0255584,0.0340364
48986,-0.108825,-1.4614,-0.701475
48987,-0.0122411,-0.0328224,-0.0492054
48988,-0.026231,-0.000403554,-0.015363
48989,-0.0324189,-0.0591879,-0.078717
48990,-0.037127,-0.074254,-0.0467924
48991,0.000134518,-0.0044391,-0.0189389
48992,-0.0188325,-1.28693,-0.484449
48993,0.0359163,1.30066,0.484097
48994,-0.0275762,-0.750207,-0.305091
48995,0.040759,0.805091,0.346272
48996,-0.0014797,-0.014528,-0.0272652
48997,0.092952,1.47149,0.659327
48998,-0.00134518,-0.0349747,-0.0428107
48999,-0.0135863,-0.701781,-0.267308
49000,-0.0269036,-0.0269036,-0.0432628
49001,0.0201777,-0.0082056,-0.0262641
49002,-0.0244823,-0.638423,-0.293481
49003,0.00255584,0.0304011,0.0232557
49004,0.145549,1.33819,0.551979
49005,0.134922,1.58651,0.748531
49006,0.0739849,0.113533,0.113807
49007,0.14528,1.73017,0.87206
49008,-0.0780205,-0.939474,-0.500823
49009,-0.0235407,-0.0235407,-0.0376818
49010,-0.0538072,-0.0538072,-0.0774124
49011,0,-0.00417006,-0.0103989
49012,0,-0.0110305,-0.0274011
49013,0.0246168,0.0792311,0.062644
49014,0.0197742,0.0178909,0.0146387
49015,-0.0221955,-0.0591879,-0.0714494
49016,0.0269036,0.0364544,0.0431559
49017,-0.00134518,-0.00632235,-0.0289479
49018,-0.00336295,-0.0289214,-0.0364197
49019,0.00336295,0.0168148,-0.00379018
49020,0.259351,3.59553,1.57465
49021,0.349478,3.25803,1.58487
49022,0.00484265,-0.00860916,0.00221478
49023,-0.104386,-0.0938936,-0.176192
49024,0.0955078,1.52301,0.645445
49025,-0.0192361,0.0563631,0.0313804
49026,-0.00605331,-0.00941626,-0.0363693
49027,0.0741195,1.6352,0.640344
49028,0.0235407,-0.00659139,0.00685668
49029,-0.037396,0.0137208,-0.0283389
49030,0.135594,2.17139,0.924898
49031,-0.0107614,-0.104924,-0.108688
49032,-0.0308046,-0.0178909,-0.0434176
49033,0.0625509,0.143934,0.156898
49034,0.0343021,0.00739849,0.00418589
49035,-0.0174873,-0.0316117,-0.0387999
49036,-0.0161422,-0.0587844,-0.0495766
49037,-0.00403554,0.0130483,-0.0373307
49038,-0.213749,-2.37088,-1.13876
49039,-0.138554,-1.61058,-0.722866
49040,0.144607,1.65336,0.764945
49041,0.0269036,0.0484265,0.0598792
49042,-0.0130483,-0.0258275,-0.0322556
49043,-0.165726,-2.39092,-1.08917
49044,0.030132,0.0441219,0.0682565
49045,-0.0764063,-0.903289,-0.412085
49046,-0.0782895,-1.41553,-0.642129
49047,0.00107614,0.00941626,-0.00459169
49048,0.0067259,0.0282488,0.0263286
49049,0,-0.0134518,-0.0370971
49050,-0.191957,-2.41621,-0.970081
49051,-0.00793657,-0.636136,-0.321455
49052,-0.378668,-5.57725,-2.95097
49053,-0.102368,-1.31586,-0.677266
49054,0.0578428,-0.576813,-0.131808
49055,-0.108556,-0.758009,-0.489881
49056,0.0228681,0.029594,0.0174102
49057,0.120528,1.461,0.734318
49058,-0.0255584,-0.0255584,-0.0415554
49060,-0.000134518,0.00390102,-0.00647529
49061,0.144607,1.41405,0.78214
49062,-0.0322843,-1.20004,-0.540823
49063,-0.00847464,-0.0286523,-0.0373958
49064,-0.0255584,-0.0790966,-0.130318
49065,0.0947007,0.690078,0.387943
49066,0.0278452,0.65174,0.322405
49067,-0.155234,-1.45091,-0.858787
49068,0.00403554,0.0174873,0.0198765
49069,-0.00403554,-0.0309392,-0.0588401
49070,0.044391,0.0847464,0.130518
49071,-0.0495026,-0.074523,-0.112901
49072,-0.0628199,-1.36132,-0.613207
49073,-0.0208503,-0.121201,-0.154675
49074,0.000807108,0.0142589,-0.0173897
49075,0.0137208,0.0137208,0.00830302
49076,0.149988,0.842756,0.57144
49077,0.067259,0.774824,0.369865
49078,0.110843,1.31908,0.629264
49079,-0.0269036,-0.628199,-0.306535
49080,0.00605331,-0.0107614,-0.0239682
49081,-0.00605331,0.00255584,0.00475219
49082,0.0538072,0.681065,0.367187
49083,0.0174873,0.0173528,0.0129518
49084,-0.059726,0.52341,0.174358
49085,0.000941626,-0.025962,-0.0525224
49086,-0.0269036,-0.0143934,-0.0373221
49087,0.37813,3.74081,1.86683
49088,0.0134518,0.0807108,0.0383911
49089,0.104251,1.9458,0.818534
49090,0.0367234,0.0516549,0.0618444
49091,0.077886,0.864817,0.368764
49092,0.000807108,0.0142589,0.0155258
49093,-0.178236,-1.63439,-0.863452
49094,-0.0310737,-0.00928175,-0.00389994
49095,-0.00686042,-0.725994,-0.28577
49096,-0.0138554,-0.0287869,-0.0338035
49097,-0.0760027,-0.669496,-0.401662
49098,0.0730433,0.692768,0.421303
49099,-0.0551524,-0.620263,-0.293829
49100,-0.0161422,-0.0564976,-0.0805817
49101,0.029594,-0.711601,-0.187789
49102,-0.0195051,0.00766753,-0.0251448
49103,0.00107614,0.769578,0.20028
49104,-0.234465,-3.97124,-1.72857
49105,0.00376651,0.860378,0.356432
49106,-0.108422,-1.51588,-0.769424
49107,0.030132,0.0569011,0.0734197
49108,0.0889164,1.5475,0.753449
49109,-0.0746575,-0.97566,-0.523487
49110,-0.450905,-5.10362,-2.78848
49111,0.00121066,-0.0391448,-0.0229342
49112,0.0173528,0.02233,-0.013341
49113,-0.0403554,-0.0676626,-0.0860237
49114,0,0.0403554,0.00498746
49115,-0.048561,-0.0216574,-0.0396239
49116,-0.0143934,-0.0143934,-0.0273833
49117,0.00403554,-0.0152005,-0.0266648
49118,0.0135863,0.0404899,0.0354965
49119,-0.0141244,0.0127792,-0.000818171
49120,0.0243478,0.010896,0.000630458
49121,0.0052462,0.0215229,0.0348798
49122,0.0185635,0.0320153,0.0367522
49123,0.160076,1.3928,0.732032
49124,0.0532692,0.0532692,0.0613249
49125,-0.0104924,-0.0104924,-0.0224316
49126,-0.0149315,-0.0283833,-0.0344406
49127,0.000807108,0.000807108,-0.00808877
49128,0.0134518,0.0134518,0.00796153
49129,-0.180523,-1.4462,-0.87153
49130,-0.10183,-1.29581,-0.642249
49131,-0.0134518,-0.041028,-0.0522956
49132,0,0.00067259,-0.00878191
49133,0.00753301,0.0495026,0.0322742
49134,-0.00336295,-0.0302666,-0.0407461
49135,0.00336295,0.00336295,-0.003704
49136,0.0146625,0.0404899,0.0350783
49137,0.000807108,0.000807108,-0.00810723
49138,0.0949698,1.36401,0.701745
49139,-0.0815179,-1.4006,-0.750501
49140,0.092952,1.33469,0.683711
49141,-0.0102234,0.00417006,-0.0153474
49142,0.0134518,-0.0273072,-0.0436862
49143,-0.180792,-2.67543,-1.27903
49144,0.0102234,0.0306701,0.0126339
49145,-0.0238097,-0.0246168,-0.0566268
49146,-0.177698,-1.76367,-1.07374
49147,-0.0130483,0.0543453,-0.00349567
49148,0.172856,1.92563,1.02343
49149,-0.0309392,-0.0714291,-0.115356
49150,-0.00739849,-0.641651,-0.364066
49151,0.257064,2.01831,1.08947
49152,0.0398173,1.32917,0.565161
49153,-0.0235407,-0.112457,-0.1276
49154,-0.161018,-1.50956,-0.758238
49155,-0.0907997,-1.34989,-0.646376
49156,0.0134518,-0.00349747,0.00197597
49157,0.029863,0.029863,0.0111456
49158,-0.00067259,-0.00067259,-0.00956007
49159,-0.11313,-1.21739,-0.616343
49160,-0.00403554,-0.0274417,-0.0211926
49161,-0.238904,-2.58611,-1.34783
49162,0.139764,1.40894,0.742892
49163,0.00336295,0.0096853,-0.00137778
49164,0.00336295,-0.0014797,-0.0220194
49165,0.12147,1.26541,0.617129
49166,-0.0133173,-0.0274417,-0.0283564
49167,0.0885129,1.28559,0.557262
49168,0.151198,3.47057,1.41742
49169,0.0269036,0.0538072,0.0380376
49170,0.305625,4.64316,2.17292
49171,-0.0139899,0.696938,0.212617
49172,-0.134653,-1.88836,-0.854028
49173,0.0236752,0.051924,0.0518451
49174,-0.037396,-0.0508478,-0.0598986
49175,-0.000807108,-0.0418351,-0.0569622
49176,0.0807108,0.0807108,0.0933355
49177,0.0415661,0.0949698,0.0997641
49178,-0.110305,-0.804014,-0.382787
49179,0.040759,0.728146,0.279209
49180,0.0376651,1.19735,0.433066
49181,0.022599,0.025962,0.0253983
49182,0.0238097,0.631562,0.250193
49183,0.093221,0.731106,0.444925
49184,0.0730433,1.39684,0.542567
49185,0.070622,0.690078,0.328519
49186,-0.0441219,-0.0324189,-0.0430166
49187,0.0317463,0.598067,0.252862
49188,-0.0746575,-1.28102,-0.62755
49189,-0.0983327,-1.32944,-0.571465
49190,-0.0221955,-0.0348402,-0.0582507
49191,0.0134518,0.014797,0.00846773
49192,-0.00134518,-0.689002,-0.27033
49193,0.0161422,0.0464087,0.0225362
49194,0.000134518,-0.030132,-0.0378554
49195,-0.119452,-0.734469,-0.404175
49196,-0.0143934,-0.0143934,-0.0273833
49197,0.00269036,0.00269036,-0.0056983
49198,-0.00255584,-0.00161422,-0.0126266
49199,-0.026231,-1.18658,-0.40984
49200,-0.109901,-2.51145,-1.11112
49201,0.0940281,1.22627,0.542568
49202,-0.0127792,-0.0244823,-0.0453779
49203,0.00201777,0.00215229,-0.024901
49204,0.118779,1.87316,0.843706
49205,0,0.0137208,0.0178325
49206,0.0121066,0.0121066,0.00625405
49207,0.082056,0.78841,0.406668
49208,-0.0269036,-0.0277107,-0.062484
49209,0.014797,0.0243478,0.0317205
49210,0.157655,2.75614,1.08096
49211,-0.0168148,-0.0302666,-0.074545
49212,0.0375305,0.0239442,0.0319281
49213,-0.121066,-1.39226,-0.62604
49214,0.0269036,0.507806,0.173812
49215,0.0297285,0.709448,0.254571
49216,0.0290559,-0.654161,-0.198468
49217,-0.0477539,-0.636405,-0.310454
49218,-0.0504443,-0.761103,-0.337618
49219,-0.104655,-1.91244,-0.784399
49220,0.0164112,0.0177564,0.0137758
49221,0.00336295,0.0181599,0.0196879
49222,0.0344366,1.23205,0.462876
49223,0.00699494,0.0130483,-0.00840677
49224,0.0848809,1.40544,0.594213
49225,0.0174873,0.0201777,-0.00806558
49226,-0.0174873,-0.0460052,-0.0745585
49227,0.0291904,0.655237,0.289845
49228,0,0,-0.00911326
49229,0.0313427,0.744827,0.297583
49230,-0.0168148,-0.0571702,-0.0814354
49232,-0.148373,-1.48373,-0.704473
49233,-0.0749266,-1.32689,-0.551309
49234,-0.0427767,-0.703529,-0.329923
49235,-0.0437184,-1.3441,-0.58148
49236,-0.0271726,-0.00699494,-0.0205767
49237,0.126043,2.12148,0.935985
49238,-0.0304011,-0.0573047,-0.0763788
49239,-0.093221,-1.36818,-0.668797
49240,0.0490991,0.682141,0.315489
49241,0.0134518,0.0134518,0.00980456
49242,-0.0165457,0.677029,0.226397
49243,-0.041297,-1.3176,-0.553693
49244,0.010896,0.0236752,0.0088853
49245,0.0704875,0.640171,0.311354
49246,0,0,-0.00911326
49247,-0.0134518,-0.0134518,-0.026188
49248,-0.0590534,-0.623222,-0.294707
49249,-0.0500407,-1.29218,-0.513559
49250,-0.0336295,-0.0613402,-0.0808743
49251,0.00874367,-0.0349747,-0.0200488
49252,-0.0595915,-1.20609,-0.477661
49253,0.0152005,-0.0104924,-0.0384562
49254,-0.0242133,-0.0773479,-0.0696017
49255,0,0.000807108,-0.0087308
49256,0.000807108,0.000807108,-0.00808877
49257,0.0306701,0.0851499,0.0861893
49258,0,0,-0.00911326
49259,-0.0166802,-0.0173528,-0.0290523
49260,0.010896,0.00860916,0.023169
49261,-0.018967,-0.00551524,-0.0465075
49262,-0.00134518,-0.00067259,-0.00970563
49263,0.0267691,0.0133173,0.0209442
49264,0.102906,1.36845,0.598557
49265,-0.063358,-0.0926829,-0.138363
49266,0,-0.0134518,-0.0141752
49267,-0.0302666,-0.755319,-0.288826
49268,0.0343021,0.0456016,0.0552845
49269,0.0162767,0.0129137,0.0113109
49270,-0.0645687,-0.0656448,-0.103177
49271,0.0180254,-0.441757,-0.170509
49272,-0.0504443,-0.0601296,-0.124391
49273,0.0224645,-0.0321498,-0.0041151
49274,-0.0719672,-0.753974,-0.37404
49275,-0.0538072,-0.58623,-0.252604
49276,0,-0.0269036,-0.0385277
49277,0,0.0134518,0.0131889
49278,0,0.0269036,0.0140535
49279,0.000134518,-0.0267691,-0.0321092
49280,0.0273072,0.0542108,0.0529911
49281,-0.014797,-0.0282488,-0.0501977
49282,0.000134518,0.0265001,0.0183131
49283,0.00134518,-0.011434,-0.0113526
49284,0.0126447,0.487897,0.120806
49285,0.0133173,0.00188325,-0.0140627
49286,-0.0134518,-0.0134518,-0.026188
49287,-0.424539,-5.48403,-3.01994
49288,-0.158731,-1.10332,-0.67728
49289,0.129003,1.19519,0.676353
49290,-0.0398173,-0.593359,-0.35029
49291,0.0299975,0.504712,0.209714
49292,0.0248858,-0.464087,-0.177661
49293,0.0204467,0.553407,0.276865
49294,-0.177698,-1.27631,-0.824172
49295,-0.0125102,0.0143934,0.00393643
49296,-0.502156,-2.66036,-1.61881
49297,0.00739849,-0.516415,-0.147568
49298,-0.0192361,-0.0343021,-0.059505
49299,-0.10748,-1.8172,-0.835516
49300,-0.228546,-0.188863,-0.282578
49301,0.0460052,0.0484265,0.0671845
49302,-0.0617438,-0.0480229,-0.0780421
49303,0.00363199,0.00363199,-0.00299338
49304,0.101427,2.43814,1.13269
49305,0.254508,2.46625,1.22523
49306,-0.00645687,-0.0333605,-0.0305632
49307,-0.123084,-1.19829,-0.604232
49308,-0.0587844,-1.15645,-0.484622
49309,0.0386067,0.0523275,0.0447623
49310,-0.0201777,0.0067259,0.00987897
49311,0.18994,1.78277,0.846337
49312,-0.00538072,-0.00538072,-0.0159432
49313,0.00269036,-0.011434,-0.0134404
49314,0.0445255,0.729357,0.340566
49315,0.00134518,-0.0390102,-0.0411442
49316,-0.014797,-0.0585154,-0.0685219
49317,0.0343021,0.0746575,0.0854061
49318,0.00538072,-0.0363199,-0.0665511
49319,-0.0758682,-0.0564976,-0.131287
49320,0.0052462,-0.018967,-0.0307217
49321,-0.00618783,-0.0364544,-0.0293843
49323,-0.275224,-2.54549,-1.25167
49324,-0.125909,-1.25815,-0.604379
49325,0.0254239,0.0523275,0.0677625
49326,-0.00255584,-0.0156041,-0.0345531
49327,-0.0988708,-1.24026,-0.608082
49328,-0.00161422,0.00847464,0.0111564
49329,0.0324189,0.0874367,0.0913972
49330,-0.0201777,-0.033764,-0.0628254
49331,0.0956423,1.20676,0.578914
49332,-0.014797,-0.0282488,-0.0501977
49333,0.0277107,0.0547489,0.0552131
49334,-0.0134518,-0.0403554,-0.0707925
49335,-0.00686042,0.0234061,0.0161779
49336,0.0328224,0.0193706,0.0274873
49337,0.363871,4.53541,2.06364
49338,0,-0.00067259,-0.0091038
49339,0.00874367,0.662098,0.288296
49340,0.033226,0.00618783,0.0164415
49341,0.0699494,1.17596,0.537378
49342,0.362795,5.13375,2.50024
49343,0.138419,1.54602,0.723594
49344,0.133576,1.43033,0.680324
49345,-0.12268,-1.42508,-0.731877
49346,0.0302666,0.0466778,0.0511382
49347,-0.0134518,-0.0269036,-0.029407
49348,0.074254,1.3402,0.597331
49349,-0.0906652,-1.36509,-0.632927
49350,0.0465432,0.609636,0.250414
49351,0,0,-0.00911326
49352,0.0488301,0.776304,0.376158
49353,0,0.0135863,-0.00401208
49354,0.331183,4.2544,1.88733
49355,-0.078155,-2.23071,-0.921627
49356,-0.00659139,-0.0052462,-0.0152497
49357,0.0168148,0.0014797,0.00496354
49358,-0.0464087,-0.0603986,-0.0905785
49359,0.029594,0.747786,0.235825
49360,-0.0349747,-0.753167,-0.260336
49361,0.0269036,0.0269036,0.0250363
49362,0.0316117,0.75357,0.240628
49363,-0.0134518,-0.746979,-0.257196
49364,0,0.693172,0.186844
49365,-0.0403554,-0.733527,-0.256295
49366,0.055556,0.696804,0.210522
49367,0.0309392,0.0559595,0.0362977
49368,-0.0212539,-0.0616093,-0.101857
49369,0.00403554,0.00403554,-0.000805238
49370,0.0115686,0.0499062,0.0691323
49371,-0.0336295,-0.044391,-0.069642
49372,0.0351092,0.618918,0.278042
49373,0.00269036,0.00269036,-0.0056983
49374,-0.0403554,-0.683621,-0.343341
49375,-0.00067259,-0.0141244,-0.0322692
49376,-0.0283833,-0.693172,-0.232062
49377,0,0,-0.00911326
49378,-0.00188325,-0.618245,-0.263805
49379,-0.0154696,-0.0154696,-0.0287493
49380,0.00215229,0.618514,0.24592
49381,0.0434493,0.731644,0.276692
49382,0.160884,1.45871,0.703109
49384,-0.153889,-1.38392,-0.598741
49385,-0.041028,-0.716578,-0.287181
49386,-0.0878403,-1.89926,-0.815942
49387,-0.165457,-2.07925,-1.02517
49388,0.0921449,0.886474,0.4934
49389,-0.000269036,-0.000269036,-0.00814244
49390,0.135056,1.38419,0.727328
49391,0.223031,2.72238,1.27943
49392,0.0447945,1.2529,0.429721
49393,0.00134518,0.014797,0.016037
49394,0.110305,1.60453,0.752301
49395,-0.0134518,-0.0103579,-0.0415817
49396,-0.048561,-0.882708,-0.464837
49397,0.078155,1.40921,0.729229
49398,-0.048561,-0.581925,-0.33403
49399,-0.209041,-1.65282,-0.926467
49400,0.158328,1.41742,0.686706
49401,-0.0181599,-0.033764,-0.0541747
49402,0.00484265,0.011434,-0.000604877
49403,0.00336295,0.0168148,0.000217405
49404,-0.0106269,-0.0106269,-0.0226023
49405,-0.0956423,-1.355,-0.577584
49406,0.041028,0.632638,0.309946
49407,0.0692768,0.0702184,0.0794425
49408,0.130079,2.1044,0.893121
49409,-0.0988708,-0.16882,-0.197903
49410,-0.0852845,-2.53782,-1.00848
49411,0,-0.0134518,-0.0314155
49412,-0.00269036,-0.0293249,-0.0407587
49413,0.0236752,0.647435,0.344488
49414,0.033764,0.736486,0.264327
49415,0.0469468,0.0593225,0.0691148
49416,-0.00269036,0.000538072,-0.0234754
49417,0,0.0285178,0.0361925
49418,-0.0133173,-0.0278452,-0.0328228
49419,0,-0.00201777,-0.0302622
49420,-0.0125102,-0.0157386,-0.0257501
49421,0.0197742,0.0320153,0.0345574
49422,-0.00564976,0.00605331,-0.00882163
49423,-0.00887819,1.15026,0.34614
49424,-0.0577082,-1.29608,-0.563167
49425,0.041297,-0.634387,-0.1435
49426,-0.0182945,-0.0317463,-0.0559495
49427,0.0174873,0.712946,0.228341
49428,0.00269036,0.0430458,0.0452804
49429,0.173528,2.81075,1.18349
49430,0,0.0718326,0.0473152
49431,0.00618783,0.0248858,0.00782888
49432,0.0107614,0.0107614,0.00454657
49433,-0.0134518,-0.0134518,-0.0248757
49434,0.00242133,-0.0110305,-0.0124141
49435,-0.146894,-1.53055,-0.807612
49436,-0.103848,-2.54508,-1.10072
49437,0.0625509,0.0847464,0.111854
49438,0.0916068,1.94755,0.831391
49439,0.0201777,0.596319,0.172299
49440,-0.0847464,-2.54777,-1.05321
49441,0.10748,1.41957,0.626578
49442,0.0215229,0.533499,0.20296
49443,0.0823251,0.710793,0.324931
49444,-0.0634925,-1.15807,-0.486036
49445,0.00874367,-0.00928175,0.0262347
49446,-0.0527311,-0.782895,-0.349865
49447,-0.0067259,-0.0067259,-0.0176507
49448,0.184559,3.64409,1.55776
49449,-0.033764,-0.044391,-0.111381
49450,0.414316,3.34035,1.6875
49451,0.26527,3.10737,1.42694
49452,-0.200432,-2.97514,-1.40124
49453,0.0166802,0.00322843,-0.00893041
49454,0,0.0275762,0.0200121
49455,0.00322843,0.030132,0.0220961
49456,-0.0400864,-0.0399519,-0.0595204
49457,0.0472158,0.0739849,0.0792727
49458,-0.142993,-1.60117,-0.786125
49459,0.00309392,-0.0103579,-0.00873834
49460,-0.177967,-2.93976,-1.24465
49461,-0.109094,-2.32905,-0.983784
49462,-0.14797,-0.235272,-0.290301
49463,-0.0269036,-0.0277107,-0.0605289
49464,-0.163708,-2.50257,-1.2099
49465,-0.00215229,-0.0283833,-0.0132429
49466,-0.163439,-1.31101,-0.707797
49467,0.00766753,-0.561882,-0.246578
49468,0.00174873,0.00174873,-0.00689354
49469,-0.0538072,-0.0538072,-0.0774124
49470,-0.0863606,-0.739446,-0.476942
49471,-0.0612057,-1.13991,-0.513684
49472,0.117434,1.29595,0.610625
49473,-0.0294595,-0.0193706,-0.0466348
49474,0.014528,0.0279798,0.0316297
49475,0.0472158,0.078155,0.0697275
49476,-0.0530001,-0.0940281,-0.107727
49477,-0.00403554,-0.0309392,-0.0588401
49478,0.00457361,0.0490991,0.0548373
49479,-0.0119721,-0.0251549,-0.046166
49480,0.00659139,0.00659139,-0.000746613
49481,0.0344366,0.117434,0.187997
49482,0.00538072,-0.02233,-0.0315163
49483,-0.0504443,-0.0782895,-0.0866697
49484,0.0134518,0.0269036,-0.00133936
49485,-0.0138554,-0.0135863,-0.0262542
49486,0.00107614,-0.0052462,-0.0283434
49487,-0.066721,-1.2034,-0.513024
49488,0.0990053,1.25586,0.60561
49489,-0.0349747,-0.0215229,-0.0468807
49490,0.0501752,0.0509823,0.0549733
49491,-0.112592,-1.36321,-0.763973
49492,0.0126447,0.0563631,0.0602084
49493,-0.0231371,-0.0251549,-0.0387995
49494,0.0277107,0.0182945,0.0383745
49495,0.00201777,0.00201777,-0.00655204
49496,0,0.00860916,-0.0057797
49497,-0.00591879,0.0142589,0.0166679
49498,0.0134518,0.000134518,0.00463227
49499,0.1703,2.60373,1.13888
49500,0.000807108,-0.00497717,-0.00825064
49501,0.0135863,0.0433148,0.0314016
49502,-0.0442564,-0.0772134,-0.117299
49503,0.00269036,0.0162767,0.0166126
49504,0.0176219,0.00417006,0.00688043
49505,-0.190612,-2.18767,-1.13488
49506,0.00403554,-0.00067259,-0.00511745
49507,-0.0275762,-0.0376651,-0.0655307
49508,-0.00349747,-0.537803,-0.203973
49509,-0.0714291,-1.22761,-0.548536
49510,0,-0.0134518,-0.0337699
49511,0.0271726,0.0540763,0.0383791
49512,0.240115,5.52398,2.42394
49513,0.0874367,0.125371,0.152857
49514,-0.122142,-1.46638,-0.655552
49515,0.13963,2.83349,1.15461
49516,0.00807108,0.018429,0.0241084
49517,0.00188325,-0.0156041,-0.0313114
49518,0.0365889,0.0538072,0.0805375
49519,0.0645687,1.37007,0.631499
49520,0.299975,3.62042,1.68361
49521,-0.129272,-0.90006,-0.494692
49522,0.0336295,0.0691423,0.0776486
49523,-0.0176219,-0.026231,-0.0349619
49524,0.0168148,0.0160076,0.0108921
49525,-0.0195051,-0.699763,-0.245606
49526,-0.191957,-2.22722,-1.22386
49527,-0.169493,-2.82448,-1.26809
49528,0.204064,3.41434,1.56742
49529,0.0252894,0.052193,0.049211
49530,0.000807108,0.0290559,0.018527
49531,0.0336295,0.759085,0.257505
49532,-0.0622819,-1.28519,-0.547157
49533,-0.0330914,-0.767426,-0.296694
49534,-0.110574,-1.37182,-0.666454
49535,0.124429,0.895083,0.493313
49536,-0.0336295,-0.0336295,-0.0518002
49537,0.0269036,0.0419696,0.0314747
49538,0,0.00067259,-0.00878191
49539,0.0863606,1.40948,0.648015
49540,0.00551524,-0.00793657,-0.00848688
49541,-0.0250204,-0.0382031,-0.0629009
49542,-0.0277107,-0.0278452,-0.0443536
49543,-0.00215229,-0.0156041,-0.0341474
49544,-0.303876,-5.38328,-2.49872
49545,0.0400864,1.26017,0.55252
49546,0.0314772,0.0868987,0.104373
49547,0.00403554,0.0174873,0.0183114
49548,0.0129137,0.0395483,0.0175402
49549,-0.105731,-1.33011,-0.692423
49550,0.0782895,0.0813834,0.151252
49551,0.0352437,1.23662,0.490681
49552,-0.116762,-1.39751,-0.694378
49553,-0.037127,-0.707834,-0.292648
49554,0.0599951,0.80119,0.39348
49555,0.110843,1.29406,0.554066
49556,0.011434,0.0248858,0.0104623
49557,-0.018429,-0.000538072,0.00988806
49558,0.0107614,0.0117031,0.00545194
49559,0.146625,1.50297,0.711215
49560,-0.018967,-0.00793657,-0.0279618
49561,-0.178236,-2.34559,-1.13344
49562,-0.0725052,-0.631697,-0.423085
49563,0.000134518,0.000134518,-0.00894251
49564,0.155368,1.96612,0.982591
49565,-0.0878403,-0.598067,-0.329393
49566,0.00336295,0.029863,0.0395686
49567,0.0180254,0.56094,0.165998
49568,0.0746575,1.41378,0.632062
49569,-0.0403554,-0.0394138,-0.0598737
49570,0.0182945,0.0182945,0.015249
49571,-0.0161422,-0.0161422,-0.029603
49572,0.0542108,0.0676626,0.0820003
49573,0.0130483,0.0265001,0.0138236
49574,0.000403554,0.000403554,-0.00860101
49575,0,0,-0.00911326
49576,0.00887819,0.795943,0.35507
49577,0.0208503,0.0172183,0.00307125
49578,0.00255584,0.00255584,-0.00586905
49579,0.0228681,0.0228681,0.0197319
49580,0.0936246,0.0995434,0.127811
49581,0.0102234,0.0117031,0.0196585
49582,-0.000807108,0.089051,0.028507
49583,0.0195051,0.00753301,-0.00973949
49584,0.0201777,0.0208503,0.0167364
49585,-0.103175,-0.203391,-0.264007
49586,-0.0433148,-0.792446,-0.383245
49587,0.0149315,0.699897,0.27014
49588,-0.214153,-2.70758,-1.28115
49589,0.00309392,-0.00860916,-0.0447133
49590,0.0765408,1.34895,0.624716
49591,0.214825,2.78762,1.2314
49592,-0.0372615,0.00309392,-0.0268694
49593,-0.104655,-1.45508,-0.686176
49594,-0.0100889,0.00269036,5.15062e-05
49595,-0.00269036,-0.0289214,-0.0568013
49596,-0.0199087,-0.0474849,-0.0633918
49597,-0.103041,-2.12041,-0.855973
49598,-0.0271726,-0.0313427,-0.0288636
49599,-0.0768098,-1.38137,-0.703337
49600,0.00981982,0.0125102,0.00583685
49601,0.171914,1.58086,0.86037
49602,-0.0161422,-0.029594,-0.0519052
49603,-0.00336295,-0.00336295,-0.0293099
49604,0.206485,2.37048,1.11016
49605,0.0516549,1.39832,0.590145
49606,0,-0.0204467,-0.0376734
49607,-0.0540763,-1.42535,-0.645561
49608,-0.154696,-2.27901,-1.03473
49609,0,-0.00067259,-0.00943197
49610,0.0660484,0.77321,0.360399
49611,0.00995434,0.0368579,0.0297457
49612,-0.0269036,-0.0403554,-0.0644245
49613,-0.0275762,-0.0554214,-0.0731631
49614,-0.0673935,-1.24483,-0.559443
49615,-0.0481575,-0.102637,-0.125394
49616,-0.0107614,0.029594,0.0283046
49617,-0.0115686,-0.693979,-0.273659
49618,0.0235407,0.692095,0.282904
49619,-0.0290559,-1.21349,-0.526408
49620,0.0283833,0.0234061,0.0323067
49621,0.0735814,1.32352,0.601201
49622,0.0134518,0.0127792,0.00770843
49623,-0.0067259,-0.0203122,-0.0212692
49624,0.168417,1.36993,0.701059
49625,0.0336295,0.0425077,0.0280843
49626,-0.0570357,-0.112726,-0.142926
49627,-0.00591879,-0.0201777,-0.039326
49628,-0.00632235,0.00712946,-0.0107641
49629,0,-0.0127792,-0.0150954
49630,-0.0201777,-0.0470813,-0.0793299
49631,0.0504443,0.104251,0.128451
49632,-0.0107614,-0.0369925,-0.0670462
49633,0.000807108,0.000403554,0.00738759
49634,-0.00632235,0.0213884,0.0118418
49635,-0.131962,-0.889299,-0.486479
49636,0.0489646,0.732182,0.334721
49637,-0.0637616,-1.35554,-0.643447
49638,0,0.00618783,-0.00266159
49639,-0.110305,-1.35285,-0.616437
49640,0.0438529,-0.00847464,0.0387048
49641,-0.0609367,-1.43047,-0.677823
49642,-0.285447,-2.39657,-1.44523
49643,0.0134518,0.067259,0.00873179
49644,-0.0123757,-0.0125102,-0.0248543
49645,-0.000941626,-0.000807108,-0.0259199
49646,0.0290559,0.0566321,0.054245
49647,-0.00645687,-0.0199087,-0.0384708
49648,0.0138554,0.0138554,0.00847377
49649,0.081787,0.523948,0.309448
49650,-0.118376,-0.568742,-0.37359
49651,0.00269036,0.00269036,-0.00585758
49652,0,0.0153351,-0.00245053
49654,-0.0616093,-0.0515204,-0.102445
49655,-0.059457,-0.12147,-0.107519
49656,0.0821905,0.0864951,0.111197
49657,-0.11165,-1.249,-0.63802
49658,0.166802,1.39441,0.798852
49659,-0.0123757,-0.0260965,-0.0475703
49660,-0.0044391,-0.0176219,-0.0155952
49661,0.1438,0.191554,0.244156
49662,-0.0813834,-0.156041,-0.196627
49663,-0.0361854,-1.09188,-0.453546
49664,-0.0200432,-0.033495,-0.0396167
49665,0.151333,1.29487,0.663229
49666,-0.00484265,-0.0281143,-0.053843
49667,-0.0582463,-0.100216,-0.101812
49668,0.0255584,-0.00712946,-0.00832618
49669,0.161422,1.83093,0.897068
49670,0,-0.0168148,-0.0478954
49671,0.0248858,0.579773,0.228562
49672,0.00995434,0.0234061,0.0258243
49673,-0.132769,-2.27497,-1.02134
49674,0.0138554,0.0139899,0.024372
49675,-0.145414,-1.29837,-0.603663
49676,0.0470813,0.0478884,0.0350243
49677,-0.00134518,0.0390102,0.0362133
49678,-0.0224645,-0.022061,-0.0369591
49679,0,0.0134518,-0.00816786
49680,-0.0100889,0.00188325,-0.0282623
49681,0.0134518,0.025962,0.0298175
49682,-0.0134518,-0.0269036,-0.0328151
49683,0,-0.0125102,-0.0309541
49684,0.000941626,0.000941626,-0.00791802
49685,0.0134518,0.0134518,-0.0107884
49686,0.00807108,-0.0208503,-0.0149623
49687,-0.0302666,-0.026231,-0.0447981
49688,0.0275762,0.0544798,0.0358166
49689,-0.0338986,-0.117165,-0.0953413
49690,0.0250204,0.0776169,0.0574392
49691,0.0134518,0.0134518,0.00796153
49692,0.052462,1.11556,0.47546
49693,-0.0275762,-0.0544798,-0.0872113
49694,-0.0867642,-1.19856,-0.534897
49695,0.0404899,0.0100889,0.0155589
49696,0,0.0269036,0.0167412
49697,0.037396,1.11838,0.408078
49698,0,-0.0134518,-0.0141752
49699,0.0246168,0.0387412,0.0260172
49700,-0.0134518,-0.0134518,-0.026188
49701,-0.0472158,-1.07668,-0.450732
49702,-0.026231,-0.107749,-0.0930178
49703,-0.00269036,-0.0161422,-0.0160805
49704,0.00269036,0.0161422,-0.00214602
49705,0,0.0269036,0.00232299
49706,-0.236752,-3.50715,-1.62009
49707,0.293922,3.1605,1.50518
49708,-0.134922,-1.35581,-0.727596
49709,-0.0618783,-0.571298,-0.292704
49710,0.00161422,-0.056094,-0.0287697
49711,-0.0244823,-0.586768,-0.252851
49712,-0.0294595,-0.599412,-0.248331
49713,-0.0540763,-0.61838,-0.353053
49714,0.078155,0.750207,0.460278
49715,-0.0595915,-0.0999469,-0.0957805
49716,-0.0269036,-0.656179,-0.381986
49717,-0.285582,-4.36188,-2.10237
49718,0.0476194,1.1091,0.504864
49719,0.0165457,0.0141244,0.00795493
49720,0.0180254,0.0153351,0.0234142
49721,-0.00309392,-0.0188325,-0.00582648
49722,0.0527311,1.2303,0.520821
49723,0.0345711,1.22976,0.469728
49724,0.0127792,0.0127792,0.00710779
49725,0.00901271,0.0493681,0.0333597
49726,0.066721,0.106942,0.142434
49727,-0.0714291,0.449694,0.119379
49728,0.0889164,0.692364,0.36418
49729,-0.0176219,-0.0445255,-0.0760856
49730,-0.0096853,-0.599547,-0.259468
49731,-0.0827286,-0.706758,-0.469839
49732,-0.146087,-2.03028,-0.948852
49733,0.0406245,0.60856,0.284565
49734,0.0343021,0.0608022,0.0631579
49735,0.0329569,0.0598605,0.0773244
49736,-0.0564976,0.523544,0.0850041
49737,0.0273072,0.660349,0.299281
49738,0.184828,1.40356,0.773931
49739,-0.0757337,-1.22048,-0.67893
49740,-0.0209848,0.00578428,-0.0242839
49741,0.284506,3.70126,1.67721
49742,0.0269036,0.0538072,0.086881
49743,0.0119721,0.56659,0.175165
49744,0,0.00242133,-0.00796122
49745,-0.0269036,-0.0312082,-0.0398558
49746,0.169089,2.22278,1.10509
49747,-0.0302666,-0.714156,-0.32558
49748,-0.0470813,-0.0480229,-0.0693389
49749,0.0368579,0.0368579,0.0376717
49750,0.157252,2.18538,1.0849
49751,-0.00403554,0.673532,0.124167
49752,0.0134518,0.0133173,0.00792601
49753,0.000941626,-0.603717,-0.0996265
49754,-0.00403554,-0.0174873,-0.0208627
49755,-0.0134518,-0.0271726,-0.06645
49756,0.000403554,0.666672,0.135186
49757,-0.0172183,-0.671918,-0.16466
49758,-0.0134518,-0.0134518,-0.026188
49759,0,-0.000134518,-0.00933628
49760,-0.155906,-2.14677,-1.0894
49761,0,-0.00215229,-0.0286095
49762,-0.354993,-4.08626,-1.98853
49763,0.0134518,0.0133173,0.00789526
49764,-0.119318,-1.92724,-0.99258
49765,-0.00349747,-0.0161422,-0.0281092
49766,0.0207158,0.0207158,0.0171819
49767,0.0215229,0.0215229,0.0166413
49768,0.0472158,0.101696,0.108759
49769,-0.0528656,-0.0663174,-0.0812791
49770,0.025962,0.025962,0.0238411
49771,0.0429113,1.13399,0.475916
49772,0.00699494,-0.00645687,-0.0225366
49773,-0.0201777,-0.0338986,-0.0571024
49774,-0.0134518,-0.029863,-0.0533967
49775,0.033764,0.0606676,0.0783489
49776,-0.0134518,-0.0269036,-0.0484903
49777,-0.0341676,-0.0710255,-0.0979161
49778,0.0134518,0.0134518,0.00796153
49779,0,0.0134518,-0.00248622
49780,0.0433148,0.0668555,0.0877184
49781,-0.00309392,-0.0158731,-0.018472
49782,0.0107614,-0.00228681,0.000731732
49783,-0.070622,-0.671783,-0.346596
49784,0,-0.0134518,-0.0314155
49785,-0.0127792,0.00067259,-0.0214129
49786,-0.0504443,-0.550044,-0.240235
49787,-0.037127,-0.0690078,-0.073927
49788,0.0193706,0.0328224,0.0221015
49789,-0.0138554,0.0130483,-0.015264
49790,-0.000134518,-0.0044391,-0.010355
49791,0.0386067,0.0782895,0.0652194
49792,0.0676626,0.0897235,0.100821
49793,0.0676626,1.18564,0.585156
49794,-0.0134518,-0.0269036,-0.0484903
49795,-0.00578428,0.00699494,0.00559369
49796,-0.00269036,-0.0161422,-0.0320084
49797,0.00793657,-0.00417006,-0.0246758
49798,0.0293249,0.0528656,0.0528262
49799,-0.0242133,0.00269036,0.00475654
49800,-0.0141244,-0.070891,-0.117653
49801,0.00403554,0.0309392,0.0233734
49802,0.00659139,-0.00686042,-0.00580858
49803,0.00309392,0.00578428,-0.00449287
49804,-0.0387412,0.429247,0.0439916
49805,0,0.0283833,0.020545
49806,0.195589,2.11288,1.07369
49807,0.00363199,0.0170838,-0.0185244
49808,-0.00470813,0.00874367,-0.0100275
49809,-0.135863,-1.3098,-0.66148
49810,0.0640306,0.037127,0.0275583
49811,0.0197742,0.00632235,0.0109247
49812,0,-0.0403554,-0.0289944
49813,0.0134518,0.0134518,-0.00927871
49814,-0.265673,-2.69628,-1.46272
49815,-0.213884,-3.74404,-1.6586
49816,0.0297285,0.0431803,0.0349963
49817,-0.00309392,-0.0044391,-0.0291078
49818,0.0203122,0.0746575,0.0730399
49819,0.245092,3.29166,1.6007
49820,0.0123757,0.668286,0.231006
49821,-0.0885129,-1.31612,-0.588018
49822,-0.00363199,-0.00282488,0.0174022
49823,-0.0464087,-2.41339,-1.01129
49824,-0.0387412,-0.0834012,-0.108283
49825,0.00201777,0.0287869,0.0196324
49826,0.0205813,0.00834012,-0.00369491
49827,0.051924,0.573181,0.270221
49828,0.00309392,-0.488301,-0.189243
49829,0.0134518,0.0134518,0.00796153
49830,-0.00981982,0.44808,0.113343
49831,-0.37396,-3.1266,-1.80409
49832,0.0673935,-0.760162,-0.340894
49833,0.155099,1.27335,0.778811
49834,-0.0121066,0.0238097,0.0220487
49835,-0.0134518,-0.0269036,-0.0484903
49836,-0.0571702,-1.16035,-0.643483
49837,-0.00874367,0.504846,0.265789
49838,0.125505,0.742271,0.470717
49839,-0.00336295,-0.0437184,-0.0802886
49840,0.0134518,0.0403554,0.036638
49841,-0.12147,-1.20784,-0.683147
49842,0.188191,1.29527,0.784602
49843,-0.0517895,-0.126851,-0.199298
49844,0.0423732,0.0827286,0.095651
49845,-0.196127,-1.81438,-0.914899
49846,-0.0402209,-0.0702184,-0.0901426
49847,0.0306701,0.0898581,0.0942274
49848,-0.371808,-3.58813,-1.93665
49849,0.130752,0.213346,0.171224
49850,0.0269036,0.0403554,0.0473385
49851,-0.176757,-1.29299,-0.725088
49852,0.0316117,0.0614748,0.039029
49853,0.041297,0.033764,0.0347359
49854,-0.0176219,-0.0149315,-0.028506
49855,0.107345,1.30039,0.671328
49856,0.00605331,-0.0067259,-0.0234005
49857,0.067259,0.700167,0.421995
49858,-0.0188325,-0.0330914,-0.0566583
49859,0.0525966,0.0647032,0.0792887
49860,0.276166,2.66265,1.31793
49861,0.0579773,0.0215229,0.031694
49862,-0.0169493,-0.0304011,-0.0529297
49863,0.0289214,0.0694113,0.07864
49864,0.130079,1.51831,0.783971
49865,-0.0161422,-0.0536727,-0.0719697
49866,-0.0201777,-0.0399519,-0.0772515
49867,0.0738504,0.0871677,0.110046
49868,-0.0664519,-0.180389,-0.207819
49869,-0.132231,-1.51508,-0.792087
49870,-0.152678,-1.45387,-0.745369
49871,0.00470813,0.00403554,-0.0033147
49872,-0.0135863,-0.0402209,-0.0549497
49873,0.0438529,0.126716,0.112862
49874,-0.00322843,-0.0166802,-0.0355134
49875,-0.0321498,-1.24644,-0.506745
49876,-0.0208503,-0.0739849,-0.105942
49877,-0.224645,-1.51373,-0.896242
49878,0.0173528,0.0173528,0.0129132
49879,-0.0457361,-1.36065,-0.619537
49880,0.0668555,0.773344,0.397373
49881,0.120394,0.73689,0.386419
49882,0.00188325,-0.000941626,-0.00969967
49883,0.00269036,-0.00753301,-0.0120825
49884,-0.00511169,0.00834012,-0.0116803
49885,-0.252087,-4.77916,-2.28843
49886,-0.0104924,0.0858225,0.0298162
49887,-0.0867642,-0.603448,-0.427443
49888,-0.0269036,-0.535247,-0.232728
49889,0.0181599,0.0182945,0.0112713
49890,0.00067259,0.00981982,0.00804654
49891,-0.0567666,-0.134922,-0.142847
49892,0.0248858,0.0470813,0.0340135
49893,-0.169762,-1.10789,-0.564711
49894,-0.103982,-1.10776,-0.619758
49895,-0.0758682,-1.07144,-0.573959
49896,-0.0242133,-1.06511,-0.489017
49897,0.118645,1.33025,0.686443
49898,-0.0671245,-0.0513859,-0.06887
49899,0.0100889,-0.0157386,-0.0218775
49900,-0.00484265,0.0134518,0.00933677
49901,0.0881093,0.116493,0.132622
49902,0.0137208,0.0137208,0.00830302
49903,-0.0692768,-0.0961804,-0.125725
49904,0.000134518,0.000134518,-0.00894251
49905,-0.0172183,-1.14704,-0.526422
49906,-0.0239442,-0.0118376,-0.0169815
49907,0.430727,4.15876,2.14585
49908,0.0178909,0.146356,0.0964177
49909,-0.010896,-0.0916068,-0.0772233
49910,0.0363199,0.00914723,0.05101
49911,-0.00363199,-0.0161422,-0.0343078
49912,-0.015066,-0.0271726,-0.048309
49913,0.00538072,1.24254,0.417172
49914,-0.120797,-1.95078,-0.855032
49915,-0.0126447,-0.0386067,-0.053184
49916,0.127254,0.692903,0.408441
49917,-0.0404899,-0.0496372,-0.0648429
49918,-0.0174873,-0.0305356,-0.0713244
49919,0.00497717,0.0305356,0.0598494
49920,-0.0530001,-1.09874,-0.494632
49921,0.0581118,0.624836,0.278596
49922,-0.0347057,-0.0618783,-0.0978981
49923,0.0423732,0.0981982,0.102918
49924,-0.50942,-5.30687,-2.75598
49925,0.327148,1.6204,1.04177
49926,-0.15779,-1.37168,-0.785394
49927,0.0122411,-0.00121066,-0.000202237
49928,0.157924,1.45764,0.814953
49929,0.0102234,-0.0126447,-0.0219195
49930,0.142455,1.37572,0.72724
49931,0.208907,2.65875,1.34006
49932,0.0986017,1.2225,0.430932
49933,-0.226125,-2.19547,-1.11811
49934,-0.0228681,-1.23232,-0.552903
49935,-0.092952,-0.159538,-0.183773
49936,-0.0797692,-1.17515,-0.580765
49937,-0.033226,-0.033226,-0.051288
49938,-0.0422387,-0.591072,-0.267637
49939,0.173125,1.75237,0.808823
49940,0.0777514,1.22411,0.539812
49941,-0.393465,-4.71782,-2.2584
49942,0.0112995,-0.00215229,0.0169833
49943,-0.0215229,-0.0270381,-0.0430284
49944,-0.041297,-1.05139,-0.629334
49945,-0.0306701,-0.0388757,-0.0721199
49946,-0.0394138,-0.0805763,-0.0948435
49947,0.120125,1.25653,0.784179
49948,0.13815,1.10009,0.488269
49949,-0.0302666,-0.00336295,-0.00292712
49950,0.0158731,0.0489646,0.0499705
49951,0.041297,1.08906,0.481627
49952,-0.0204467,-0.0473504,-0.0796713
49953,0.0201777,0.0603986,0.0517518
49954,0.0174873,0.0465432,0.0622988
49955,-0.0134518,-0.0134518,-0.026188
49956,0.165323,1.24254,0.649612
49957,-0.0309392,-0.0847464,-0.119238
49958,0.0406245,0.513994,0.231744
49959,0.0396828,0.0725052,0.0645176
49960,0.0616093,0.690616,0.32264
49961,0.0106269,0.0106269,0.00437582
49962,0.0800382,1.2985,0.587411
49963,-0.00914723,-0.0367234,-0.0664436
49964,-0.130213,-1.43464,-0.749264
49965,0.0134518,0.572374,0.19917
49967,0.286389,3.97326,1.8586
49968,-0.0972566,-0.696938,-0.385737
49969,0.0470813,0.0484265,0.0742004
49970,0.00215229,-0.00686042,-0.0106521
49971,0,-0.000134518,-0.00915247
49972,0.00134518,0.0014797,-0.00718276
49973,-0.000538072,0.011165,-0.00299316
49974,-0.00618783,-0.00376651,0.011826
49975,-0.165726,-1.31586,-0.701751
49976,0.0174873,0.0174873,0.013084
49977,0.0680661,1.14757,0.524717
49978,0.0383376,1.37101,0.547333
49979,0.0212539,-1.3098,-0.470321
49980,-0.011165,0.598874,0.175663
49981,-0.0959114,-2.06552,-0.952985
49982,-0.470544,-4.94179,-2.52462
49983,0.0135863,0.713618,0.302127
49984,0.00134518,-0.0255584,-0.0317864
49985,-0.119048,-2.03701,-0.997091
49986,-0.0495026,-0.0538072,-0.0732033
49987,-0.0134518,-0.041297,-0.0712293
49988,-0.271054,-2.60575,-1.45877
49989,-0.171914,-1.95952,-1.14101
49990,-0.0532692,-1.219,-0.564929
49991,0.133307,1.9489,0.930038
49992,-0.0512514,-0.0782895,-0.118839
49993,-0.0118376,0.00161422,-0.00183686
49994,0.014528,0.0279798,0.0159545
49995,0.249127,2.07064,1.11595
49996,0.0102234,-0.029594,-0.0629009
49997,0.00188325,0.0287869,0.0222065
49998,0.00497717,0.00497717,-0.00279559
49999,-0.148373,-2.37263,-1.0849
50000,-0.0277107,-0.0423732,-0.0310605
50001,-0.0403554,-0.0269036,-0.0539633
50002,-0.0976601,1.64892,0.578549
50003,0.342752,0.330376,0.39473
50004,0.231909,3.22494,1.59172
50005,0.125774,1.31303,0.652997
50006,0.48144,5.72912,2.99697
50007,0.0293249,1.29702,0.415227
50008,0.022061,0.0173528,0.00948539
50009,-0.037127,-0.112861,-0.173373
50010,-0.0112995,-0.0309392,-0.0276039
50011,-0.606407,-3.91461,-2.72255
50012,-0.00134518,0.158328,0.204268
50013,0.0263655,0.0500407,0.0480491
50014,-0.56242,-0.51359,-0.691532
50015,0.539686,5.09393,2.52208
50016,0.137746,1.38002,0.628018
50017,0.0760027,0.0726398,0.0902431
50018,0.0235407,0.754512,0.338837
50019,0.0134518,-0.0134518,0.000821187
50020,-0.0345711,-0.0480229,-0.0912256
50021,0,-0.0134518,-0.0154875
50022,-0.0178909,-0.0044391,0.0120514
50023,0,0.00336295,-0.00353771
50024,0.029594,0.044391,0.0514162
50025,0.00269036,-0.0107614,-0.0280005
50026,-0.00309392,-0.00309392,-0.0130405
50027,0.225721,4.11666,1.93228
50028,0.0975256,1.30886,0.630895
50029,0.12416,1.97177,0.88682
50030,-0.213211,-1.97809,-0.996416
50031,0,0.0102234,-0.00526616
50032,-0.00242133,-0.00242133,-0.0108744
50033,0.0134518,0.0390102,0.0521738
50034,-0.185904,-2.09445,-0.976558
50035,0.067259,0.744154,0.322405
50036,0.052462,0.0906652,0.1018
50037,0,0.0134518,0.0013776
50038,0.159538,1.32527,0.697711
50039,-0.165592,-0.858898,-0.574405
50040,0.0936246,0.772806,0.458557
50041,-0.0135863,-0.0539417,-0.0948305
50042,-0.118376,-1.31734,-0.652219
50043,0.0711601,0.11582,0.169682
50044,0,0.0141244,-0.00215487
50045,0.00349747,0.0304011,0.0242554
50046,-0.0403554,-0.0269036,-0.0552757
50047,-0.0287869,-0.0825941,-0.119187
50048,0.0289214,0.0691423,0.0787898
50049,0.0134518,0.014797,0.0127586
50050,0.0673935,1.17623,0.432273
50051,0.0180254,0.0172183,0.0292973
50052,-0.00336295,-0.0302666,-0.0579864
50053,0.0437184,0.0726398,0.0915171
50054,-0.00336295,0.0504443,-0.00381274
50055,-0.0118376,0.00242133,-0.00143924
50058,0,-0.0134518,-0.0157403
50059,-0.0269036,-0.0269036,-0.0432628
50060,0.0134518,0.0403554,0.0209628
50061,0,-0.0134518,-0.0154875
50062,-0.0269036,-0.0538072,-0.0565169
50063,-0.138554,-1.36899,-0.677313
50064,-0.0632235,-0.0363199,-0.0763634
50065,0.0219264,0.0219264,0.0187186
50066,0.00134518,0.014797,-0.00348437
50067,0.107883,0.12981,0.203191
50068,-0.0129137,-0.0121066,-0.0251074
50069,-0.1173,-1.44741,-0.854934
50070,0,0,-0.00911326
50071,-0.19949,-1.39468,-0.712978
50072,-0.0129137,-0.0129137,-0.0411365
50073,0.0398173,0.0800382,0.109443
50074,-0.0269036,-0.0134518,-0.0382009
50075,-0.0100889,-0.0100889,-0.0219193
50076,-0.00134518,-0.0411625,-0.04426
50077,0.00901271,0.0474849,0.0481209
50078,-0.0525966,-0.748862,-0.299473
50079,0.00201777,-0.0248858,-0.0339162
50080,0.0208503,0.0208503,0.01723
50081,0.0901271,0.789756,0.389727
50082,0.134653,1.49059,0.698451
50083,0,-0.0274417,-0.0369953
50084,-0.00538072,-0.0052462,-0.0158921
50085,0.00067259,-0.0395483,-0.040736
50086,0,-0.0134518,-0.0314155
50087,0.0215229,0.0839393,0.091367
50088,0.0757337,1.3554,0.623956
50089,-0.00336295,-0.0168148,-0.0372492
50090,-0.120394,-1.57373,-0.871237
50091,0.00591879,0.0328224,0.0239208
50092,0.00390102,0.0577082,0.0691193
50093,-0.0134518,0,-0.0198138
50094,0.029594,0.0564976,0.0360237
50095,0.218188,2.89348,1.35187
50096,0.0188325,0.0321498,0.0193911
50097,0.0174873,0.0317463,0.0356899
50098,0.0067259,0.00659139,0.0177845
50099,0.0267691,0.0139899,0.00402263
50100,-0.000134518,-0.0263655,-0.0206417
50101,-0.119048,-1.44755,-0.678898
50102,0,0.000807108,-0.00906139
50103,0.0680661,1.4345,0.662195
50104,-0.0134518,-0.0269036,-0.0484903
50105,-0.0255584,-0.722497,-0.324679
50106,-0.0718326,-0.785047,-0.446859
50107,0.294191,3.06311,1.52356
50108,0.147701,1.51562,0.6939
50109,-0.188325,-1.58785,-0.816505
50110,0.00941626,0.00941626,-0.0130888
50111,0.0322843,0.0733123,0.0845696
50112,0.00914723,-0.0122411,-0.0287301
50113,-0.0501752,-0.0535382,-0.0746485
50114,-0.281546,-4.41139,-1.98808
50115,-0.116358,-2.19574,-0.940897
50116,-0.0664519,-0.683486,-0.314838
50117,0.0269036,0.0269036,0.0250363
50118,0.0134518,0.0538072,0.0408122
50119,-0.0134518,-0.0134518,-0.0250475
50120,-0.0563631,-1.32958,-0.616058
50121,-0.0134518,0.0134518,-0.012934
50122,0,-0.0269036,-0.0164329
50123,-0.0174873,-0.0540763,-0.0630631
50124,-0.152005,-0.154696,-0.20458
50125,0,0.0269036,-0.000499014
50126,0.0242133,0.0242133,0.0191685
50127,-0.110036,-1.39401,-0.881394
50128,-0.025962,-0.0137208,-0.0187237
50129,0.0269036,0.0146625,0.00318969
50130,-0.0269036,-0.0538072,-0.0878672
50131,0.022061,0.0617438,0.0672041
50132,-0.159135,-1.49853,-0.859073
50133,-0.43826,-4.83202,-2.50946
50134,0.0110305,0.0244823,0.0305984
50135,-0.0014797,0.000538072,-0.0100353
50136,0.0673935,0.77886,0.343865
50137,-0.0228681,-0.0228681,-0.0381404
50138,-0.19532,-3.2965,-1.6004
50139,-0.0422387,-0.741464,-0.291898
50140,-0.0723707,-0.689136,-0.359019
50141,-0.0453326,-0.0439874,-0.0807248
50142,0.10331,0.805629,0.396696
50143,-0.229353,-0.920642,-0.590266
50144,0.0344366,0.048561,0.0572318
50145,0.0234061,0.0234061,0.0393468
50146,-0.0283833,-0.0142589,-0.0225075
50147,-0.0285178,-0.0972566,-0.127476
50148,-0.262714,-3.60212,-1.91878
50149,-0.00390102,0.00497717,-0.00985792
50150,0.149719,1.48858,0.833815
50151,0.0421042,0.0540763,0.095853
50152,0.00188325,0.00188325,-0.023963
50153,-0.110305,-1.31236,-0.713984
50154,0.117703,1.2872,0.677706
50155,-0.0967185,-1.25613,-0.679401
50156,0.130483,1.27254,0.695632
50157,0.112726,0.595781,0.340786
50158,0.0941626,1.34585,0.558702
50159,-0.0263655,-0.0540763,-0.102116
50160,0.0595915,0.0737159,0.0875965
50161,-0.0390102,-0.0390102,-0.0570651
50162,-0.0161422,-0.00282488,-0.0245917
50163,-0.380552,-4.60415,-2.29221
50164,-0.0014797,-0.00215229,0.0108478
50165,0.139764,1.43181,0.736358
50166,0.211731,2.61328,1.17506
50167,0.0201777,0.70205,0.305895
50168,-0.0642996,-0.804014,-0.365889
50169,0.0134518,0.0134518,0.00796153
50170,0,0.0134518,0.0131889
50171,-0.00887819,-0.516011,-0.158759
50172,0.0497717,0.0141244,-0.0101518
50173,0.052462,1.35244,0.518736
50174,-0.314234,-4.59339,-2.07446
50175,-0.00538072,0.518971,0.23491
50176,-0.00107614,-0.00107614,-0.0104792
50177,-0.0217919,-0.488704,-0.194134
50178,0.0134518,0.509016,0.173004
50179,0.000538072,-0.0129137,-0.0307325
50180,-0.0562286,-0.0464087,-0.0894542
50181,-0.20097,-2.64059,-1.23501
50182,-0.137881,-2.04696,-1.03809
50183,-0.149988,-1.29084,-0.723614
50184,-0.0188325,-0.0322843,-0.0550298
50185,-0.269709,-2.68121,-1.39057
50186,-0.0258275,0.63923,0.208874
50187,0.0851499,0.776842,0.379432
50188,-0.0269036,-0.0269036,-0.0432628
50189,-0.0638961,-1.2716,-0.651118
50190,-0.0270381,-0.0135863,-0.0221735
50191,-0.165995,-1.30509,-0.760809
50192,0.0134518,-0.0130483,0.000121007
50193,-0.0570357,-0.0870332,-0.132041
50194,0,0,-0.00911326
50195,-0.0844773,-0.770789,-0.548971
50196,0.00874367,0.0289214,0.00382507
50197,-0.00497717,-0.0185635,-0.0377969
50198,-0.00538072,-0.00538072,-0.034324
50199,0.0955078,0.81074,0.598896
50200,0.0329569,0.0207158,0.01045
50201,-0.051924,-0.0702184,-0.116481
50202,0.0336295,0.0601296,0.0608202
50203,-0.0215229,-0.0349747,-0.0574228
50204,-0.00538072,0.00807108,-0.0123909
50205,0.0322843,0.0322843,0.0506162
50206,-0.16196,-1.42051,-0.983668
50207,0.0878403,1.33025,0.840638
50208,0.0387412,0.0515204,0.044009
50209,-0.257871,-1.92119,-1.2133
50210,0.356069,3.10804,1.678
50211,0.00538072,0.0188325,0.00434369
50212,0.184155,2.5888,1.21714
50213,0.224107,2.80336,1.28925
50214,0.0044391,-0.00901271,0.00852794
50215,0.00417006,0.0700839,0.00537482
50216,0.0721017,0.584077,0.26846
50217,0.0496372,0.826479,0.332064
50218,0.00134518,-0.044929,-0.0696402
50219,-0.0240787,-0.0240787,-0.0396771
50220,0.0254239,0.0523275,0.0505223
50221,-0.051924,-0.051924,-0.0750219
50222,0.0644342,0.0913378,0.101604
50223,-0.0403554,-0.0269036,-0.0552757
50224,0.0201777,0.0201777,0.0164989
50225,0,-0.0247513,-0.0522541
50226,-0.187787,-1.4727,-0.758133
50227,0.18846,1.51588,0.821625
50228,0.025962,0.530405,0.175932
50229,0.115282,0.961132,0.454744
50230,0.044929,1.78613,0.768426
50231,-0.139899,-2.62014,-1.16991
50232,0.11582,1.39065,0.598311
50233,-0.247244,-2.00096,-1.0014
50234,0.0659139,0.052462,0.0694912
50235,0.0269036,0.0538072,0.0524005
50236,-0.082056,-0.135863,-0.18941
50237,-0.0542108,-1.2681,-0.565655
50238,0.0351092,0.0461397,0.0847074
50239,-0.170434,-1.53297,-0.810016
50240,0.1173,1.45051,0.699302
50241,-0.164247,-0.150795,-0.212534
50242,0.00941626,-0.00403554,-0.00649357
50243,0.00860916,-0.0316117,-0.0638877
50244,-0.0134518,0,-0.0226358
50245,0.334681,1.59269,0.969134
50246,-0.0243478,-0.0382031,-0.0753181
50247,0.223704,1.99867,0.954698
50248,-0.0203122,-0.0472158,-0.0604173
50249,-0.00134518,0.0127792,0.0118128
50250,0.0470813,0.763255,0.317357
50251,0.218726,3.14019,1.44974
50252,0.0769443,0.779936,0.339653
50253,-0.299706,-3.6905,-1.6683
50254,-0.207965,-2.90734,-1.36398
50255,0.0014797,0.0154696,-0.000622224
50256,0.125102,0.946469,0.490327
50257,0.00686042,0.00766753,-0.0172477
50258,-0.0201777,-0.0369925,-0.0577212
50259,-0.0134518,-0.0134518,-0.0231133
50260,-0.00928175,-0.0361854,-0.0652019
50261,-0.00686042,0.0195051,0.0266747
50262,-0.00793657,-0.0208503,-0.0413813
50263,0.0067259,0.0067259,-0.000575865
50264,0,0,-0.00780094
50265,0.00470813,0.0188325,-0.000242887
50266,-0.00955078,0.507537,0.117473
50267,0.282488,0.267422,0.326375
50268,0.0134518,-0.000807108,-0.0147383
50269,0.0309392,1.18188,0.854412
50270,0.187518,1.84814,0.885271
50271,0,-0.0269036,-0.0180711
50272,-0.0269036,-0.0403554,-0.0496371
50273,-0.125102,-1.79393,-0.832001
50274,0.0215229,-0.00686042,0.00385416
50275,0.082056,0.672725,0.361455
50276,-0.0134518,0.0134518,0.00248845
50277,-0.0656448,-0.649991,-0.372955
50278,0,0.0569011,0.0472529
50279,-0.635329,-5.09891,-2.97429
50280,0.0266346,0.0306701,0.0313855
50281,0,0.0134518,-0.00273897
50282,-0.0188325,-0.0309392,-0.0199193
50283,0.00659139,-0.00686042,-0.0230488
50284,-0.096584,-1.51831,-0.824611
50285,-0.121201,-1.60776,-0.725575
50286,-0.0729088,-1.40114,-0.720925
50287,-0.102368,-0.116089,-0.156051
50288,-0.13815,-1.52328,-0.885766
50289,0.0780205,0.835492,0.37341
50290,0.0102234,0.0236752,0.00610354
50291,-0.0134518,-0.0129137,-0.025296
50292,0.0134518,0.0269036,0.0302637
50293,0.0605331,0.0874367,0.0994745
50294,0.271592,2.18578,1.2429
50295,-0.0269036,-0.063089,-0.0763376
50296,0.120528,1.45293,0.612055
50297,0.153889,1.41836,0.727263
50298,0.0390102,0.0390102,0.0404036
50299,-0.0130483,0.000403554,-0.0033736
50300,0.0309392,0.044391,0.052461
50301,0.0881093,1.29635,0.580242
50302,0.00955078,0.0769443,0.0824041
50303,-0.000134518,0,-0.00906098
50304,0.179716,1.51158,0.738929
50305,0.0995434,1.29998,0.600094
50306,0.113399,1.38406,0.677298
50307,0,0.0134518,0.0156418
50308,0.0644342,1.41701,0.516853
50309,0.0780205,0.550851,0.322006
50310,-0.125102,-1.38177,-0.654031
50311,0.041028,0.866565,0.33406
50312,-0.00390102,-0.0170838,-0.0361347
50313,0,-0.00699494,-0.0363906
50314,0,-0.000134518,-0.0066959
50315,0.0490991,0.532826,0.303033
50316,0.0134518,0.0146625,0.00846873
50317,-0.00403554,-0.044391,-0.0492865
50318,0.0270381,0.0431803,0.0485217
50319,0.272265,3.82583,1.79498
50320,-0.211597,-3.43223,-1.6492
50321,0.00618783,-0.00726398,-0.00763314
50322,-0.155906,-1.38863,-0.745407
50323,-0.0645687,-0.817332,-0.348103
50324,-0.0134518,-0.474176,-0.227841
50325,0.052462,1.32151,0.57138
50326,-0.0174873,-0.782895,-0.294543
50327,0.0322843,0.811951,0.317799
50328,-0.0134518,-0.0134518,-0.026188
50329,0.0188325,0.0188325,0.000959305
50330,0.11313,1.11246,0.578217
50331,-0.115282,-1.11475,-0.599239
50332,-0.0134518,0.464356,0.163821
50333,-0.0282488,-0.490991,-0.230371
50334,-0.000134518,-0.0344366,-0.049443
50335,-0.074523,-1.29312,-0.546173
50336,0.0803073,-0.707969,-0.126484
50337,-0.0538072,-0.0403554,-0.0710381
50338,0.0920104,0.894545,0.447246
50339,0.0394138,1.44728,0.550416
50340,-0.0349747,-0.899253,-0.405097
50341,-0.0598605,-0.658062,-0.349375
50342,-0.00632235,0.0201777,0.0274829
50343,0.0228681,-0.00067259,-0.00227248
50344,0.00403554,0.0309392,0.0215303
50345,-0.00403554,-0.00739849,-0.015216
50346,-0.0251549,-0.0251549,-0.0410431
50347,0.145683,1.54723,0.72089
50348,-0.00605331,-0.0289214,-0.0547107
50349,0.0403554,0.0269036,0.0198089
50350,-0.00618783,-0.00618783,-0.00103974
50351,0.0403554,0.0944317,0.0836637
50352,-0.0134518,-0.0269036,-0.0325623
50353,-0.0470813,-0.0739849,-0.0816236
50354,0,0.0134518,0.0131889
50355,-0.000134518,-0.0135863,-0.0315862
50356,0.123622,1.50875,0.750611
50357,0.103982,0.709583,0.363162
50358,0.0201777,0.792311,0.256674
50359,0.044391,0.538879,0.251592
50360,0.0383376,0.892662,0.320352
50361,0.0686042,0.572374,0.342193
50362,0.0134518,-0.0134518,-0.00529254
50363,0.00067259,0.000538072,-0.00832579
50364,-0.0170838,-0.520988,-0.256507
50365,-0.0182945,0.458707,0.148769
50366,-0.391179,-5.01483,-2.50453
50367,-0.0613402,-0.111112,-0.15021
50368,0.0269036,0.0277107,0.0254339
50369,0.0230026,0.0230026,0.0200846
50370,0.129137,1.54494,0.882647
50371,0.0141244,0.0283833,0.0142749
50372,-0.044391,-0.0578428,-0.0718343
50373,0.0107614,0.0344366,0.0308608
50374,-0.00255584,-0.0273072,-0.0377644
50375,0,0.0134518,-0.00273897
50376,0,0,-0.00911326
50377,-0.0067259,-0.0203122,-0.0399884
50378,0.0357818,0.0290559,0.0570104
50379,0,0.00981982,0.0113996
50380,0.0161422,0.00269036,-0.0109257
50381,-0.0404899,-0.0404899,-0.0605084
50382,0.00403554,-0.00941626,-0.026293
50383,0.0134518,0.0403554,0.036638
50384,-0.0130483,-0.0394138,-0.0693881
50385,0,0.0134518,0.0131889
50386,-0.0933555,-1.50902,-0.833556
50387,-0.0201777,-0.0336295,-0.0570276
50388,-0.183214,-1.56418,-0.81977
50389,-0.00659139,-0.0536727,-0.0484189
50390,-0.512245,-5.80378,-2.84714
50391,0.131828,1.54198,0.73778
50392,0.0363199,0.033226,0.0354644
50393,0.0134518,0.0540763,0.0591258
50394,-0.0317463,0.534306,0.121124
50395,-0.0200432,-0.0738504,-0.0613852
50396,0.0174873,0.0174873,0.013084
50397,-0.219399,-2.11059,-1.21478
50398,0.220206,2.06633,1.1036
50399,0.0215229,1.2116,0.482977
50400,-0.311947,-4.69791,-2.41466
50401,-0.0201777,0.0228681,-0.0585227
50402,0.0203122,0.0741195,0.0768447
50403,0.0776169,1.75196,0.70104
50404,-0.104386,-1.29514,-0.640786
50405,0.338582,4.49882,2.17851
50406,-0.0243478,-0.551255,-0.305491
50407,-0.20931,-2.77269,-1.26196
50408,0.195724,2.84223,1.29319
50409,-0.0383376,-1.37114,-0.611033
50410,0.0934901,1.42091,0.676957
50411,-0.00309392,-0.0347057,-0.117139
50412,-0.029594,-0.0161422,-0.0400508
50413,-0.109094,-1.41096,-0.683425
50414,-0.0408935,-0.602237,-0.240418
50415,-0.0458707,-1.36993,-0.604025
50416,0,0.0134518,0.0131889
50417,-0.0363199,-0.0497717,-0.0618422
50418,-0.175143,-1.35392,-0.684712
50419,-0.0372615,-1.20421,-0.497081
50420,0.0898581,0.649319,0.388488
50421,0.162498,2.38258,1.17811
50422,0.00067259,0.532557,0.155441
50423,0.133173,0.899926,0.42443
50424,0.36562,4.11181,2.01379
50425,0.0275762,1.63305,0.636075
50426,0.0780205,0.0920104,0.182673
50427,-0.379475,-4.9617,-2.34622
50428,0.0123757,0.732316,0.263804
50429,0.0551524,0.548699,0.253468
50430,0.221686,3.98227,1.7545
50431,0.037127,0.111919,0.101808
50432,0.0992743,2.07104,0.904315
50433,-0.118241,-2.26515,-0.97292
50434,-0.143934,-1.50351,-0.82389
50435,-0.0309392,-0.070891,-0.090391
50436,0.0741195,1.46046,0.685765
50437,-0.0363199,-0.0753301,-0.0851647
50438,0.101561,0.143396,0.155581
50439,-0.490318,-0.561747,-0.729944
50440,-0.183348,-4.28279,-2.47037
50441,-0.201239,-1.6808,-0.895522
50442,0,-0.00269036,0.0114562
50443,-0.0460052,-1.48051,-0.595658
50444,-0.00753301,-0.048561,-0.0851318
50445,0.0107614,0.0242133,0.00960854
50446,0.00134518,0.00134518,-0.00694647
50447,-0.147163,-1.64502,-0.849195
50448,-0.000403554,0.0130483,-0.00419441
50449,0.029594,0.0430458,0.0350471
50450,-0.00269036,0.000941626,-0.00650662
50451,-0.198549,-1.70475,-0.915645
50452,0.0341676,0.0695458,-0.000866261
50453,-0.139361,-1.71726,-0.720858
50454,-0.0234061,0.00349747,-0.0255693
50455,0.00174873,0.0883784,0.0465068
50456,-0.250069,-3.90102,-1.65736
50457,-0.108287,-1.28922,-0.575437
50458,0,0.0135863,-0.0199155
50459,0.0067259,0.0067259,-0.00293029
50460,0.37692,3.91757,1.82784
50461,0.0134518,0.0396828,0.0185644
50462,-0.0403554,-0.0840738,-0.0959856
50463,-0.199759,-3.18835,-1.41725
50464,0.041028,0.691826,0.273198
50465,-0.0788276,-0.755992,-0.414149
50466,0.0134518,0.0273072,0.0146118
50467,-0.0134518,-0.0269036,-0.0325623
50468,-0.19949,-1.58274,-0.88222
50469,-0.0207158,-1.01763,-0.546587
50470,0.0117031,-0.00174873,0.00453241
50471,0.0486955,1.15457,0.547008
50472,-0.029594,-0.0408935,-0.0820273
50473,-0.0719672,-1.26326,-0.690896
50474,0.115013,1.27967,0.700727
50475,0.00470813,0.0182945,0.019579
50476,-0.037396,-0.0642996,-0.0852577
50477,0.0221955,0.0213884,-0.0145056
50478,-0.104251,-0.811413,-0.494704
50479,-0.402747,-3.02141,-1.7588
50480,0.00417006,0.103579,0.0403514
50481,-0.0762717,-1.28868,-0.532191
50482,-0.0201777,0.0201777,-0.0382341
50483,0.305356,2.72278,1.39351
50484,-0.0134518,0.00336295,-0.000777315
50485,0.0267691,0.033764,0.0361442
50486,0.0774824,1.20797,0.552592
50487,0.00686042,-0.00686042,-0.021841
50488,0.174739,2.91043,1.31234
50489,0.137881,0.840469,0.508597
50490,0.309392,4.72158,1.89801
50491,-0.0302666,0.773344,0.16368
50492,0,-0.0889164,0.02329
50493,0.0213884,-0.830918,-0.22736
50494,-0.0538072,-0.0403554,-0.0707854
50495,-0.0174873,-0.80536,-0.289183
50496,-0.0168148,-0.030132,-0.074052
50497,0.000807108,0.0135863,0.0138821
50498,0.0269036,0.0270381,0.0244756
50499,0.0134518,0.0309392,0.0149358
50500,0.0679316,0.883784,0.35846
50501,0.128196,1.75385,0.629273
50502,-0.066721,-0.0936246,-0.138409
50503,-0.0402209,-0.839931,-0.298678
50504,0.00134518,-0.0255584,-0.036335
50505,-0.249666,-4.44434,-1.97411
50506,-0.0403554,-0.00336295,-0.0308611
50507,-0.0727743,-1.55395,-0.701127
50508,0.0165457,0.663443,0.293554
50509,0.0044391,0.0178909,0.000442829
50510,-0.041297,-0.0547489,-0.0826945
50511,0.0107614,-0.00161422,-0.0121767
50512,0.044391,0.125102,0.163807
50513,-0.0538072,-0.0673935,-0.0829118
50514,0.483727,5.46695,2.53762
50515,0.00403554,0.0351092,-0.00540973
50516,-0.0269036,-0.0815179,-0.101266
50518,-0.0612057,-0.927637,-0.317265
50519,0.0195051,0.0195051,0.0156452
50520,-0.00538072,0.00807108,-0.00928792
50521,-0.20245,-2.70677,-1.17887
50522,-0.168686,-2.18942,-1.10264
50523,-0.0201777,-0.0067259,-0.0283512
50524,-0.00807108,-0.00807108,-0.0182176
50525,0.0369925,0.0504443,0.0601446
50526,0.0067259,0.0328224,0.0280479
50527,-0.0369925,-0.0638961,-0.0847454
50528,-0.0390102,-0.0969875,-0.137678
50529,0.0168148,0.041028,0.0205184
50530,0.018967,0.0499062,0.0662573
50531,0.0240787,0.0375305,0.0437528
50532,-0.00887819,0.0232716,0.0142506
50533,-0.0445255,-0.0383376,-0.0625824
50534,-0.0242133,-0.0242133,-0.0570881
50535,0.0201777,0.0201777,0.0178112
50536,-0.0696804,-1.44459,-0.666984
50537,-0.0208503,-0.0889164,-0.11432
50538,-0.0387412,-0.0338986,-0.0483784
50539,0.0165457,-0.766753,-0.324568
50540,-0.1325,-0.662098,-0.492324
50541,0.0924139,0.118107,0.13637
50542,-0.0912032,-0.949967,-0.558265
50543,-0.0470813,-0.0336295,-0.0858522
50544,-0.0816525,-1.35621,-0.686329
50545,-0.0651067,-0.0651067,-0.0944609
50546,0,0.0134518,-0.00405129
50547,-0.000403554,-0.00107614,-0.00995685
50548,0.0255584,0.0396828,0.0484153
50549,-0.0029594,0.72438,0.275581
50550,-0.0659139,-0.783164,-0.375661
50551,0.0161422,0.00269036,0.00474945
50552,0.0774824,0.832532,0.405457
50553,-0.00941626,-0.0361854,-0.0495191
50554,-0.135998,-1.5892,-0.873838
50555,-0.411222,-5.65258,-2.99259
50556,-0.15483,-1.92576,-0.977024
50557,-0.0236752,0.625374,0.164981
50558,-0.0336295,0.0201777,-0.053852
50559,0.00686042,-1.38486,-0.623472
50560,0.0348402,1.51925,0.748062
50561,-0.0396828,-0.0531346,-0.102989
50562,0.0158731,0.0293249,0.0333372
50563,0.0161422,0.029594,0.0336787
50564,-0.0168148,-0.721555,-0.285667
50565,0,0.0201777,0.0164078
50566,0.0322843,0.0457361,0.0541684
50567,-0.0260965,-0.0260965,-0.0422383
50568,-0.0174873,-0.0174873,-0.0313105
50569,0.0450636,0.762448,0.299543
50570,-0.242536,-3.65365,-1.80834
50571,0.0216574,0.740522,0.302386
50572,-0.0166802,-0.030132,-0.0525882
50573,0.0336295,0.0466778,0.0557693
50574,0.0134518,0.0403554,0.0178881
50575,-0.0807108,-0.067259,-0.105188
50577,0.0878403,0.690078,0.397761
50578,-0.0539417,-0.5791,-0.388776
50579,-0.000403554,-0.0912032,-0.0968605
50580,-0.0228681,-0.0252894,-0.0251144
50581,0.0269036,0.0403554,0.0473385
50582,-0.0336295,-0.0336295,-0.0705502
50583,0.27065,2.18296,1.17228
50584,0.0255584,0.811413,0.338657
50585,-0.00887819,-0.00887819,-0.0203826
50586,0.0166802,-0.0247513,-0.0114219
50587,-0.0156041,-0.0422387,-0.0734232
50588,0.0227336,0.00928175,0.0133688
50589,0.0282488,0.0415661,0.0328951
50590,0.0134518,0.0134518,0.00796153
50591,0.0349747,1.28492,0.532751
50592,-0.0473504,1.20609,0.452062
50593,-0.200566,-2.81371,-1.31617
50594,0.0901271,0.184962,0.20406
50595,0.112323,1.96975,0.853221
50596,0.0188325,0.014797,0.0149803
50597,-0.101561,-0.698283,-0.453325
50598,0.0675281,0.0408935,0.088375
50599,0.0014797,0.0014797,-0.00723503
50600,-0.0396828,-0.0660484,-0.0491283
50601,-0.025693,-0.0122411,-0.0366641
50602,0.125102,1.42979,0.669844
50603,0.0369925,0.0242133,0.0186153
50604,0.000134518,-0.0269036,-0.0376827
50605,0,0.0134518,-0.00273897
50606,-0.022599,0.57641,0.184001
50607,-0.0100889,0.0605331,0.105705
50608,-0.0437184,-0.070622,-0.0932828
50609,0.00269036,0.00269036,-0.0056983
50610,0.0317463,0.0317463,0.0311832
50611,-0.0702184,-0.681065,-0.372307
50612,0.0250204,-0.0169493,-0.007857
50613,0.00403554,-0.00941626,-0.026293
50614,0.00269036,0.00269036,-0.0056983
50615,0,0.0152005,0.0133119
50616,-0.239308,-3.08921,-1.47942
50617,0.0486955,0.0570357,0.0911547
50618,0.0411625,0.0821905,0.0930551
50619,-0.0134518,-0.0134518,-0.026188
50620,0,-0.0134518,-0.0314155
50621,-0.082056,-0.119856,-0.161719
50622,-0.0230026,-0.744961,-0.289801
50623,0.0161422,0.0182945,0.0118915
50624,0.00605331,0.730971,0.260444
50625,0.0221955,0.0356473,0.0413623
50626,0.00269036,0.0161422,0.000675984
50627,-0.0500407,-0.022061,-0.0481594
50628,-0.12564,-1.56001,-0.778674
50629,0.0517895,0.0874367,0.0954253
50630,-0.1438,-0.899253,-0.477863
50631,-0.0390102,-0.0928175,-0.0987429
50632,0.04466,0.0715636,0.0603236
50633,0.184424,2.40047,1.13491
50634,0.00403554,0.018429,0.00299109
50635,-0.0168148,-0.070622,-0.0878097
50636,0.00605331,0.0464087,0.0163809
50637,0.100754,1.47391,0.680141
50638,-0.101427,-1.53122,-0.754036
50639,-0.0726398,-0.816659,-0.387645
50640,0.0052462,-0.00887819,-0.0249157
50641,-0.0107614,-0.669093,-0.317479
50642,-0.00134518,-0.014797,-0.014373
50643,0.00390102,0.0173528,0.00221271
50644,0.0244823,0.696131,0.317759
50645,-0.0131828,-0.0266346,-0.0324736
50646,0.0134518,0.0127792,0.00763018
50647,-0.00403554,-0.00201777,-0.0132573
50648,0.180389,2.4567,1.17953
50649,0.0134518,0.0112995,0.00782321
50650,-0.0235407,-0.0235407,-0.0389941
50651,0.0227336,0.0227336,0.0361141
50652,0.133711,1.56956,0.758303
50653,-0.0404899,-0.0936246,-0.133283
50654,0.0403554,0.067259,0.0707876
50655,0,-0.0134518,-0.0126655
50656,-0.107614,-1.48064,-0.696931
50657,0.0107614,-0.0168148,0.00960734
50658,0,0.040759,0.00557377
50659,0.1703,3.54321,1.46322
50660,0.00188325,-0.0277107,-0.0361161
50661,-0.391582,-4.07025,-2.14303
50662,0.115686,0.856746,0.549801
50663,0.0107614,0.773882,0.253063
50664,-0.0100889,0.00564976,-0.03182
50665,0.0269036,0.0680661,0.0633062
50666,0.150929,2.39469,1.24918
50667,0.0121066,0.0530001,0.0583776
50668,-0.11165,-2.30725,-1.136
50669,-0.0306701,-0.927771,-0.390309
50670,-0.0538072,-0.0403554,-0.0723504
50671,0,0,-0.00911326
50672,-0.171376,-2.23892,-1.05555
50673,-0.0067259,0.00739849,-0.00943533
50674,0.0404899,0.0404899,0.0606627
50675,-0.0454671,-0.0617438,-0.0732342
50676,-0.0388757,-1.48494,-0.706525
50677,-0.0336295,-0.00511169,-0.0235853
50678,-0.11434,-1.45078,-0.699163
50679,0.185231,2.9481,1.30263
50680,-0.0372615,-1.41661,-0.593038
50681,0.014797,0.00134518,0.00611673
50682,-0.0052462,0.64192,0.281935
50683,0,-0.0266346,-0.0535902
50684,-0.170703,-2.96236,-1.45954
50685,0.179582,0.940819,0.559033
50686,0,0.0134518,0.0131889
50687,-0.10896,-0.901675,-0.514833
50688,0.0240787,0.0515204,0.0287559
50689,0.0437184,0.070622,0.0722343
50690,0.00336295,-0.0100889,-0.04623
50691,0.00645687,0.0602641,0.0536136
50692,-0.130483,-0.182137,-0.227442
50693,-0.0499062,-0.754243,-0.44646
50694,0.0959114,1.57211,0.763324
50695,-0.000403554,-0.0534037,-0.0370425
50696,-0.0691423,-1.49907,-0.710441
50697,0.0578428,0.786931,0.401751
50698,-0.0161422,-0.664654,-0.249027
50699,-0.0406245,-0.0403554,-0.0814359
50700,0.000403554,0.00390102,0.015356
50701,-0.126851,-1.45145,-0.774228
50702,-0.0427767,-0.0406245,-0.0598427
50703,-0.0267691,-0.0294595,-0.0340978
50704,-0.226797,-2.77605,-1.65829
50705,-0.156848,-1.39024,-0.736327
50706,-0.00632235,0.00134518,-0.0276695
50707,0,-0.000807108,0.00215132
50708,0.00403554,0.11165,0.0180796
50709,-0.0118376,-0.051924,-0.0731067
50710,-0.0142589,-0.520181,-0.227089
50711,-0.0761372,-0.795405,-0.411459
50712,-0.0496372,-0.561344,-0.268347
50713,-0.0133173,-0.0281143,-0.0267502
50714,-0.0897235,-0.78155,-0.376622
50715,0.142858,1.4688,0.695441
50716,0.178505,1.45145,0.737253
50717,-0.00134518,0.0121066,-0.00726846
50718,0.078155,0.758682,0.406851
50719,0.00403554,0.0232716,0.0210523
50720,-0.0107614,-0.025693,-0.0436927
50721,0.00538072,-1.30308,-0.560914
50722,0.0305356,0.631428,0.241386
50723,-0.0269036,-0.0730433,-0.079995
50724,-0.018429,-0.556905,-0.203327
50725,0,0.00255584,-0.00810687
50726,-0.0782895,-1.35957,-0.620809
50727,0.067259,1.37827,0.611038
50728,0.0534037,0.679451,0.285242
50729,0.00605331,0.0598605,0.0199588
50730,0.123891,1.50378,0.777113
50731,-0.0228681,0.00067259,-0.0310748
50732,0.0274417,0.0486955,0.0606224
50733,-0.0840738,-0.752629,-0.417566
50734,0.000269036,-0.0127792,-0.0304049
50735,-0.00591879,-0.906383,-0.509791
50736,-0.055556,-0.0450636,-0.0464809
50737,-0.00403554,0.0367234,0.0716675
50738,0.0067259,0.0201777,0.00297641
50739,0.0235407,0.0365889,0.0298673
50740,-0.14232,-1.51279,-0.764615
50741,0.0338986,0.0242133,0.0139182
50742,-0.154427,-1.54561,-0.754415
50743,0.302262,3.09001,1.51732
50744,0,0.0234061,0.0173154
50745,0.00134518,0.0348402,-0.00145404
50746,-0.00807108,0.00538072,0.000122069
50747,0.0014797,0.0014797,-0.00723503
50748,-0.0451981,-0.0721017,-0.092339
50749,0.00712946,0.0205813,-0.0121865
50750,-0.122277,-2.07978,-0.989112
50751,-0.123891,-0.760565,-0.429967
50752,0.00632235,-0.666672,-0.245027
50753,0.0601296,0.749131,0.355124
50754,-0.0540763,-0.0403554,-0.0737556
50755,-0.0881093,-0.775497,-0.393102
50756,0.0656448,0.714829,0.302354
50757,0.289214,3.03957,1.40131
50758,-0.145145,-1.44298,-0.715907
50759,0.0274417,-0.661156,-0.184812
50760,0.475118,6.69214,3.21332
50761,-0.0698149,-0.803342,-0.36581
50762,0.0430458,0.803073,0.305128
50763,0.0174873,0.0180254,0.0325376
50764,0.165995,1.92334,0.941785
50765,0.0762717,0.700839,0.362625
50766,-0.00807108,-0.145818,-0.0371439
50767,-0.00538072,0.112457,-0.0121847
50768,-0.0265001,-0.040759,-0.0842003
50769,0.000807108,0.121873,0.0411351
50770,-0.00686042,0.00632235,0.00403476
50771,0.0121066,0.0121066,0.00625405
50772,0.0881093,1.52113,0.670446
50773,-0.0161422,-0.0299975,-0.0709809
50774,-0.0141244,-0.0275762,-0.049344
50775,0.00403554,-0.00928175,-0.0259344
50776,-0.0104924,-0.0104924,-0.0224316
50777,-0.107883,-1.42818,-0.611806
50778,-0.183886,-1.49355,-0.722325
50779,0.0161422,0.00269036,-0.0096134
50780,0.00067259,0.00067259,-0.00825952
50781,0.30132,4.22333,1.96504
50782,-0.0134518,0,-0.0198138
50783,-0.00107614,-0.0141244,-0.0326425
50784,0.0215229,-0.594032,-0.195754
50785,0,-0.0014797,-0.00984223
50786,-0.0437184,-0.0840738,-0.147188
50787,0.0316117,0.0593225,0.0761713
50788,0.0134518,0.0266346,0.0142993
50789,-0.0500407,-0.66425,-0.330617
50790,0.0460052,0.665326,0.316527
50791,-0.0421042,-0.637212,-0.321514
50792,-0.0119721,0.0215229,0.0492467
50793,0.0121066,-0.693979,-0.214328
50794,-0.052462,-0.655776,-0.355052
50795,0.10896,1.49248,0.714035
50796,-0.00336295,-0.00336295,-0.0306222
50797,-0.0848809,-1.43289,-0.66407
50798,-0.102234,-1.43289,-0.706168
50799,-0.0749266,-0.803073,-0.381585
50800,0.0975256,0.850558,0.454242
50801,-0.018429,-0.307643,-0.0557534
50802,0.00282488,0.0297285,0.02217
50803,0.0976601,1.70246,0.642485
50804,-0.092952,-0.882304,-0.423334
50805,0.00739849,-0.00591879,-0.0235231
50806,-0.0377996,-0.922928,-0.364253
50807,0.0563631,-0.598874,-0.119816
50808,-0.0195051,-0.0195051,-0.0338717
50809,0.0682007,0.814372,0.412219
50810,-0.00417006,0.022599,0.0299749
50811,-0.025693,-0.0660484,-0.0927048
50812,-0.0369925,-0.0100889,-0.0630135
50813,0.02233,0.0250204,0.0205231
50814,0.00067259,0.0141244,0.0140427
50815,0.111785,1.68941,0.643815
50816,0.241998,4.07684,1.66179
50817,-0.0269036,-0.0269036,-0.0428197
50818,0.0134518,0.0243478,0.0333123
50819,0.000941626,0.702319,0.232983
50820,-0.0918758,-2.29959,-0.966166
50821,-0.00269036,0.00699494,0.0418922
50822,-0.052462,-0.066721,-0.11408
50823,-0.0212539,-0.872619,-0.35208
50824,-0.133576,-1.81008,-0.801389
50825,-0.00390102,0.0203122,-0.0112866
50826,0.00269036,0.0129137,-0.00086323
50827,-0.0235407,-0.814776,-0.383737
50828,0.0282488,0.0422387,0.0493477
50829,0,0,-0.00911326
50830,-0.0134518,-0.0134518,-0.026188
50831,0.153082,3.50325,1.46569
50832,0.0134518,0.0263655,0.0284311
50833,-0.000134518,-0.000941626,-0.00968163
50834,0.00591879,0.0267691,0.0227817
50835,0.0324189,0.738101,0.308307
50836,-0.014797,-0.119721,-0.110987
50837,0.000941626,-1.46409,-0.571477
50838,-0.0121066,-0.029594,-0.0126599
50839,-0.011434,-0.0297285,-0.0477513
50840,0.000941626,-0.0119721,-0.0300781
50841,0.0917413,1.58597,0.678644
50842,0.0306701,0.0564976,0.0567096
50843,0,0.0134518,-0.00405129
50844,-0.0067259,0.00659139,0.0221411
50845,-0.00107614,-0.0269036,-0.0514564
50846,0.0831322,1.60265,0.704447
50847,-0.0364544,-1.58032,-0.720324
50848,-0.133711,-1.60372,-0.722384
50849,0.0474849,0.93934,0.426768
50850,0.00538072,0.00538072,-0.00228334
50851,-0.00403554,-0.0437184,-0.0800272
50852,-0.0125102,-0.86939,-0.354491
50853,-0.0188325,0.00807108,-0.00434147
50854,-0.0396828,-0.0936246,-0.1177
50855,0.0450636,0.0404899,0.0308604
50856,0.0438529,0.962611,0.437118
50857,-0.0726398,-0.933152,-0.434235
50858,-0.00322843,-0.0100889,-0.00519829
50859,0.029594,0.0329569,0.0294316
50860,0.0947007,1.60843,0.716776
50861,-0.04466,-0.0715636,-0.0900104
50862,0.0174873,0.044391,0.0404481
50863,0.0840738,1.51763,0.59982
50864,0,0.0134518,-0.00405129
50865,-0.0168148,-0.0437184,-0.0591332
50866,0.0134518,0.055556,0.0452519
50867,0.0134518,-0.0274417,-0.0406732
50868,0.015066,0.0805763,0.0673053
50869,-0.0349747,-1.46678,-0.549449
50870,-0.0285178,0.127792,-0.0276248
50871,-0.00874367,-0.845446,-0.344485
50872,-0.0712946,-0.0850154,-0.070379
50873,0.0255584,0.0278452,0.0269294
50874,0.0181599,0.0329569,0.0195261
50875,-0.0403554,-0.0554214,-0.0671353
50876,0,0.000134518,-0.0248814
50877,0.074523,0.746306,0.358673
50878,-0.0538072,-0.0711601,-0.0681329
50879,-0.0149315,-1.43934,-0.537129
50880,-0.0403554,-0.0403554,-0.0415877
50881,0.0157386,0.0196396,-0.00500193
50882,0.0656448,0.0790966,0.077764
50883,-0.0426422,-0.056094,-0.0696146
50884,-0.0376651,-0.077886,-0.107838
50885,0.074254,0.0695458,0.0764641
50886,0.0161422,0.0181599,0.0342555
50887,0.0466778,1.53001,0.599257
50888,0.0595915,-0.582329,-0.195319
50889,-0.00538072,-0.00538072,-0.0159432
50890,0.452922,7.00584,3.26543
50891,0.00067259,0.0176219,0.0542271
50892,0.442564,2.56297,1.87817
50893,0.0790966,0.733392,0.349488
50894,0.123488,0.260965,0.189169
50895,-0.0200432,-0.06699,-0.0950692
50896,0.0121066,0.0127792,0.00649403
50897,-0.0212539,-1.16721,-0.518305
50898,0.0293249,1.11152,0.472648
50899,0.0243478,0.0647032,0.0727531
50900,-0.0862261,-1.22559,-0.653097
50901,0.0251549,0.0386067,0.0451188
50902,-0.0161422,-0.0166802,-0.029858
50903,-0.00511169,-0.0345711,-0.0578131
50904,-0.0739849,-1.22479,-0.512239
50905,-0.0684697,-0.0718326,-0.0970043
50906,0.000538072,0.00336295,0.0103079
50907,-0.0511169,-1.26716,-0.572283
50908,-0.0573047,-0.0517895,-0.0737591
50909,-0.115013,-1.3585,-0.646357
50910,0.0652413,0.562824,0.260322
50911,-0.00780205,0.67259,0.206612
50912,-0.0110305,0.0180254,0.0103235
50913,0,-0.0125102,-0.0306381
50914,0.00336295,0.00322843,-0.00488378
50915,0.0399519,0.0531346,0.063455
50916,0.0862261,0.0515204,0.0721817
50917,0.000403554,0.00981982,-0.0102297
50918,0.000941626,0.00174873,-0.00761431
50919,-0.00632235,-1.22425,-0.483763
50920,-0.0476194,-0.0255584,-0.0425286
50921,-0.0180254,-0.0180254,-0.0319935
50922,0.0281143,0.0394138,0.0414591
50923,0.011434,0.0850154,0.0675673
50924,-0.0161422,-0.826479,-0.338618
50925,0.0100889,0.0336295,0.00990932
50926,-0.159538,-1.90168,-0.893987
50927,0.0605331,1.30052,0.524453
50928,0.070622,1.40127,0.602205
50929,-0.0344366,-0.0310737,-0.0288684
50930,-0.0336295,-0.0605331,-0.0964046
50931,-0.231775,-2.97756,-1.36892
50932,0.0891855,1.33469,0.547753
50933,0.026231,0.063358,0.0541728
50934,-0.0439874,-1.31734,-0.509775
50935,-0.0269036,-0.0302666,-0.0270029
50936,-0.0376651,-0.0310737,-0.0536754
50937,0.0067259,0.0201777,0.0044861
50938,-0.0067259,-0.0067259,-0.0176507
50939,0.0067259,0.00336295,-0.00615142
50940,-0.0770789,-1.38796,-0.682612
50941,0.00376651,0.0341676,0.0243594
50942,-0.0345711,-0.808992,-0.371525
50943,0.0564976,0.810471,0.388089
50944,-0.00632235,-0.00632235,0.00161152
50945,0.269036,4.15957,1.84177
50946,-0.181599,-2.90922,-1.33043
50947,0.0269036,0.642862,0.27567
50948,-0.0396828,-0.611923,-0.273926
50949,-0.0344366,-1.39145,-0.556204
50950,0.161287,2.10803,0.947054
50951,0.133442,2.15606,0.882033
50952,0,0.00134518,0.00986764
50953,0,0,-0.00911326
50954,0.0235407,0.018698,0.0364742
50955,0,0.628199,0.232043
50956,0,0.000134518,-0.00904952
50957,0.0235407,0.0236752,0.0208314
50958,0.0238097,0.0238097,0.0419428
50959,-0.00914723,0.602103,0.181813
50960,0.0790966,0.138554,0.160229
50961,0.000807108,0.0134518,-0.00342443
50962,-0.0349747,-0.0484265,-0.059882
50963,-0.00941626,-0.0505788,-0.0747025
50964,0,0,-0.00911326
50965,-0.0134518,-0.0273072,-0.0486815
50966,0.0368579,0.0780205,0.0889541
50967,0.0234061,0.0234061,0.0389777
50968,0.0975256,1.20864,0.544672
50969,0.015066,0.0166802,0.00775148
50970,0.0156041,1.25613,0.450039
50971,0,-0.0269036,-0.0322063
50972,0.00269036,0.029594,0.0389061
50973,0.0134518,-0.000941626,-0.0149182
50974,-0.00269036,-0.00269036,-0.0125282
50975,0.0170838,0.0306701,0.0351778
50976,-0.00201777,-0.00201777,-0.0092216
50977,0.0107614,0.0107614,0.00454657
50978,-0.104924,-1.3063,-0.644287
50979,-0.00269036,-0.00269036,-0.0125282
50980,0.00134518,0.014797,0.0148964
50981,-0.0130483,-0.0130483,-0.0256758
50982,-0.00228681,-0.0291904,-0.0566204
50983,-0.0632235,-0.0500407,-0.062773
50984,0.0496372,0.569415,0.30289
50985,0.0134518,0.67824,0.211346
50986,-0.0122411,-0.0271726,-0.0328043
50987,0.0912032,0.655641,0.416909
50988,0.0134518,0.580714,0.246612
50989,0.0107614,-0.00228681,-0.0175644
50990,0.122277,1.23918,0.616111
50991,0.0134518,0.565783,0.248637
50992,-0.00874367,-0.561882,-0.278406
50993,0.0275762,0.0712946,0.10318
50994,0.0832667,1.29823,0.57498
50995,0.0878403,1.23326,0.67644
50996,-0.00134518,0.0282488,0.0206704
50997,-0.0340331,-0.65739,-0.34263
50998,-0.00269036,0.0228681,0.015793
50999,-0.0161422,-0.0341676,-0.0384832
51000,0.0563631,0.5904,0.237022
51001,-0.0417006,-0.0543453,-0.0681157
51002,0.044391,0.0578428,0.0726105
51003,0.0866296,1.90424,0.750155
51004,0.0353783,0.0690078,0.0668762
51005,-0.0369925,-0.652547,-0.330719
51006,-0.0598605,-1.24537,-0.453108
51007,0.0328224,0.598336,0.215302
51008,0.0316117,0.646897,0.235894
51009,0.0421042,0.0340331,0.0671216
51010,-0.126581,-1.35648,-0.640619
51011,0.00739849,0.011434,0.00141904
51012,-0.014528,-0.0379341,-0.0670476
51013,-0.1173,-1.18658,-0.538761
51014,-0.025962,-0.107211,-0.110356
51015,0.0161422,0.0749266,0.0526797
51016,0.0106269,0.0240787,0.0120624
51017,0.00538072,0.00511169,-0.00272939
51018,-0.0227336,-0.0232716,-0.0388617
51019,0.0125102,0.0702184,0.0876554
51020,-0.0275762,-0.0792311,-0.0965889
51021,-0.00349747,-0.0164112,-0.0190349
51022,0.00134518,-0.00578428,-0.0364662
51023,-0.0293249,-0.0318808,-0.0479023
51024,-0.0722362,-1.16775,-0.597815
51025,0.0162767,0.0164112,0.013879
51026,0,0.0282488,0.0204811
51027,0.0162767,0.0387412,0.0205489
51028,-0.0138554,-0.0104924,-0.00519682
51029,0.381493,3.95846,2.05324
51030,0.00376651,-0.0112995,-0.0285694
51031,-0.202853,-2.65915,-1.25798
51032,0.0725052,1.33133,0.677792
51033,-0.0200432,-0.0422387,-0.0769281
51034,0,-0.0269036,-0.0377898
51035,-0.0739849,-1.25936,-0.631512
51036,0.0438529,0.0169493,0.0176213
51037,0.018429,0.609232,0.329113
51038,0.0304011,0.715771,0.33661
51039,0.0131828,0.0131828,0.00762003
51040,0.000269036,0.0200432,0.0155648
51041,0.0258275,0.0290559,0.0280272
51042,0.000269036,0.000269036,-0.00877176
51043,0.00134518,-0.0265001,-0.0208533
51044,-0.00201777,-0.0149315,-0.0330846
51045,-0.0270381,-0.653758,-0.277232
51046,0.0882438,0.744557,0.369221
51047,0.0134518,0.0538072,0.00504528
51048,-0.0369925,-0.0369925,-0.0560689
51049,0.00860916,-0.0316117,-0.0491938
51050,0.113264,0.726398,0.362533
51051,-0.0457361,-0.660618,-0.295732
51052,0.0134518,0.0271726,0.0308939
51053,-0.0196396,-0.0330914,-0.0406695
51054,0.118241,1.42925,0.66752
51055,0.0975256,1.38876,0.578956
51056,0.0067259,0.608963,0.260535
51057,0.0839393,0.8667,0.436374
51058,-0.00134518,0.0265001,0.00580161
51059,0.0134518,0.014797,0.0146646
51060,-0.0437184,-0.150391,-0.191405
51061,0.029594,0.0834012,0.101985
51062,-0.0161422,-0.0429113,-0.0559579
51063,-0.0067259,-0.0391448,-0.0492995
51064,0.0185635,0.0792311,0.100045
51065,-0.0427767,-0.768636,-0.387557
51066,0.0235407,0.0504443,0.065372
51067,-0.00430458,-0.0185635,-0.0188962
51068,-0.245899,-3.55558,-1.59273
51069,-0.220744,-2.92335,-1.48128
51070,-0.0122411,-0.014797,-0.0449429
51071,0.0121066,-0.00134518,0.00233264
51072,-0.158866,-1.44607,-0.681713
51073,-0.545336,-6.88531,-3.92474
51074,-0.0193706,-0.033764,-0.0379923
51075,0.0121066,0.0134518,0.00689148
51076,-0.00067259,0.0665864,-0.00564446
51077,0.00497717,-0.0219264,-0.0290192
51078,-0.104117,-1.44701,-0.561261
51079,0.0115686,-1.31868,-0.488909
51080,0.150391,2.93155,1.23055
51081,-0.0383376,-0.683755,-0.287126
51082,-0.0613402,-1.48279,-0.592746
51083,0.119452,2.17502,0.877075
51084,-0.00134518,-0.00403554,-0.0121487
51085,-0.0201777,-0.0201777,-0.0531062
51086,0,-0.0269036,-0.0349677
51087,0.0613402,1.4045,0.730159
51088,-0.0726398,-1.46073,-0.774769
51089,-0.0067259,-0.00591879,-0.0144042
51090,-0.144472,-2.30456,-1.10888
51091,0.210252,1.01682,0.697555
51092,-0.0107614,-0.0240787,-0.0277996
51093,-0.137881,-0.00349747,-0.148912
51094,-0.0598605,-1.4115,-0.686605
51095,-0.0369925,-0.00874367,-0.0428142
51096,-0.0135863,0.0267691,0.056223
51097,0.208503,1.51212,0.7895
51098,0.00739849,-0.652682,-0.246795
51099,0.00336295,0.0168148,0.0346979
51100,0,0.0134518,-0.00273897
51101,0.00538072,0.0188325,0.00277862
51102,0.0235407,0.0403554,0.0438746
51103,-0.110708,-0.77738,-0.467384
51104,-0.199087,-1.43168,-0.722439
51105,-0.40194,-4.78952,-2.42894
51106,0.0476194,0.0408935,0.0317327
51107,0.0712946,0.0730433,0.0818929
51108,-0.0242133,0.00403554,-0.0276527
51109,-0.0067259,0.0067259,-0.014591
51110,-0.0538072,-0.655641,-0.434911
51111,0.00403554,-0.0228681,-0.031355
51112,0.237424,1.50136,0.958258
51113,-0.00255584,0.010896,-0.00598318
51114,-0.0161422,-0.0166802,-0.0294607
51115,0.0215229,0.109767,0.118613
51116,0.0134518,-0.0134518,-0.0194026
51117,-0.0082056,-0.0328224,-0.0619347
51118,-0.0134518,0.0126447,0.0181127
51119,0.00269036,0.0161422,0.0166039
51120,-0.0161422,-0.0430458,-0.0742074
51121,-0.0213884,-0.048292,-0.063429
51122,-0.0509823,-1.22263,-0.597437
51123,0.00645687,-0.70891,-0.363258
51124,-0.00201777,0.011434,-0.0333857
51125,0.0718326,0.720748,0.354669
51126,-0.0278452,-0.0421042,-0.067064
51127,-0.052193,-0.646494,-0.291622
51128,-0.466509,-5.02613,-2.81286
51129,0.0215229,-0.00780205,0.0128178
51130,0.469872,3.94999,2.11494
51131,-0.0981982,-0.111112,-0.155822
51132,-0.00457361,-0.0188325,-0.0376185
51133,-0.033764,-0.677567,-0.39725
51134,-0.06699,-0.0535382,-0.088023
51135,0.0429113,0.0731778,0.0796074
51136,0.129003,0.740925,0.463569
51137,-0.0403554,-0.0930865,-0.131992
51138,-0.00403554,-0.0174873,-0.02061
51139,0.0134518,0.0421042,0.0201028
51140,0.044391,0.0847464,0.11414
51141,0.0165457,0.67824,0.275891
51142,0.0516549,0.089051,0.119766
51144,-0.0201777,-0.0205813,-0.0348773
51145,0.0067259,0.0201777,0.0044861
51146,-0.151602,-1.50095,-0.907993
51147,-0.373826,-4.29664,-2.30862
51148,-0.0133173,-0.0792311,-0.0447301
51149,0.0395483,0.0260965,-0.00259638
51150,-0.00470813,-0.0181599,-0.0373916
51151,0.00941626,0.0228681,0.0251413
51152,0.0104924,0.753974,0.294264
51153,0,0.0106269,0.012513
51154,-0.0493681,-0.0796347,-0.117187
51155,0.0464087,0.60977,0.278428
51156,-0.0142589,0.0447945,0.0519149
51157,0.00269036,0.00282488,-0.00563456
51158,0.0566321,0.0429113,0.0565626
51159,-0.110574,-1.42845,-0.732995
51160,0.000134518,0.0122411,-0.00571213
51161,0.0141244,0.0235407,0.0244268
51162,-0.00901271,-0.0359163,-0.0492299
51163,-0.935842,-9.51406,-4.79218
51164,0.033764,0.0640306,0.0515264
51165,0.102772,1.45616,0.758928
51166,-0.112457,-1.60857,-0.925348
51167,-0.214691,-2.99114,-1.54382
51168,0.00188325,-0.00161422,-0.0479857
51169,-0.0808454,-1.42414,-0.64003
51170,0.177698,1.67381,0.899552
51171,-0.0119721,1.50727,0.569017
51172,-0.0134518,-0.0014797,-0.0227437
51173,-0.0797692,-1.53808,-0.663714
51174,0.0770789,-0.0290559,-0.0218167
51175,0.0686042,1.62162,0.751987
51176,-0.0887819,-0.713618,-0.404234
51177,-0.052462,-0.0653758,-0.100485
51178,-0.0718326,-0.934362,-0.558969
51179,-0.0107614,-0.0123757,-0.00623419
51180,-0.415257,-3.26166,-1.96109
51181,-0.408531,-3.4824,-2.28985
51182,-0.163305,-1.55436,-0.92819
51183,-0.0418351,-0.0821905,-0.110994
51184,0.233523,1.1621,0.788798
51185,-0.390506,-2.5697,-1.42001
51186,-0.57493,-5.07779,-3.12613
51187,0.720613,5.41085,3.18269
51188,-0.0472158,-0.133442,-0.138014
51189,0.250204,3.3982,1.49898
51190,-0.0112995,0.63089,0.11779
51191,-0.0270381,-0.0404899,-0.0498079
51192,0.0376651,0.0612057,0.0458692
51193,0.030132,0.0846119,0.0870094
51194,-0.0430458,-0.070622,-0.0927604
51195,-0.0369925,-0.0369925,-0.0376881
51196,0.0470813,0.0469468,0.0509539
51197,-0.213884,-2.21363,-1.10294
51198,-0.184693,-1.49382,-0.704805
51199,0.0404899,0.0270381,0.0390987
51200,0.109094,0.0472158,0.113741
51201,-0.0902616,-1.52046,-0.712822
51202,0.0696804,0.853248,0.406543
51203,-0.0707565,-0.842218,-0.405531
51204,-0.0157386,-1.23326,-0.498839
51205,0.258544,3.07616,1.57846
51206,0.0591879,1.49746,0.634323
51207,-0.639633,-8.17264,-4.21387
51208,0.120797,1.37625,0.83017
51209,0.0897235,0.817063,0.361983
51210,-0.0807108,-0.801324,-0.436194
51211,0,-0.0283833,-0.0207694
51212,0.0221955,0.739311,0.299037
51213,0.268902,0.995972,0.716815
51214,0.0308046,1.37746,0.587114
51215,0.230295,3.26058,1.7817
51216,0.0403554,0.0457361,0.0526248
51217,0.0505788,0.784644,0.307911
51218,-0.0322843,-0.73003,-0.283567
51219,0,-0.000134518,-0.0263857
51220,0.0403554,0.067259,0.0679656
51221,-0.0367234,-0.103982,-0.132813
51222,-0.0117031,-0.200163,-0.0970183
51223,-0.0496372,-1.50432,-0.614135
51224,-0.0269036,-0.0403554,-0.0496371
51225,0.0193706,0.707027,0.18301
51226,-0.0107614,-0.0376651,-0.0342093
51227,1.09888,11.6891,5.79332
51228,0.0282488,0.018698,0.0241593
51229,0.0941626,1.26138,0.572066
51230,0.0188325,0.0343021,0.0441315
51231,-0.0538072,-0.0503098,-0.0581114
51232,-0.0134518,-0.0135863,-0.0262543
51233,-0.0663174,-0.648512,-0.32472
51234,0.00322843,-0.0235407,-0.0336281
51235,0.174604,1.3546,0.75621
51236,-0.0772134,-0.0590534,-0.165559
51237,0.0703529,0.117165,0.120998
51238,-0.10896,-1.39724,-0.69731
51239,-0.216843,-1.47795,-0.740623
51240,-0.00067259,0.026231,0.001722
51241,-0.0628199,-0.0897235,-0.119803
51242,0.0112995,0.0247513,0.0116038
51243,0.00470813,-0.00215229,0.00158912
51244,0.00134518,0.014797,-0.00103149
51245,0.0661829,0.0126447,0.0333338
51246,-0.0135863,-0.695996,-0.296733
51247,-0.357684,-3.6944,-2.07475
51248,-0.0905307,-0.151602,-0.111505
51249,-0.183348,-2.66009,-1.35257
51250,-0.207427,-1.56498,-0.873017
51251,-0.146625,-1.47728,-0.767678
51252,0.251414,1.68067,1.11214
51253,-0.0282488,-0.0955078,-0.124626
51254,0.0282488,0.0418351,0.0331503
51255,-0.000134518,-0.00430458,-0.000269768
51256,0,-0.0129137,-0.0100208
51257,0,0,-0.00911326
51258,0.0134518,0.0139899,0.0082165
51259,0.00269036,0.00269036,-0.0056983
51260,0.0134518,0.037396,0.0168549
51261,-0.0228681,-0.0228681,-0.0381404
51262,-0.000807108,0.0542108,0.0722239
51263,0.333739,1.62874,0.952993
51264,-0.00941626,-0.02233,-0.0271748
51265,-0.0391448,-1.28142,-0.523775
51266,-0.0185635,-0.0585154,-0.150508
51267,0.0107614,0.0107614,0.0232965
51268,-0.172049,-3.28937,-1.4989
51269,0.0489646,0.769981,0.33945
51270,0.19263,1.4758,0.77036
51271,-0.279529,-2.84654,-1.40185
51272,-0.0788276,-1.1578,-0.508455
51273,-0.404227,-3.96546,-2.33921
51274,0.0617438,0.229084,0.26677
51275,0.0174873,0.5639,0.218822
51276,0.0107614,0.0107614,0.00454657
51277,0.0885129,0.642055,0.397582
51278,-0.108825,-1.11515,-0.590908
51279,0.00282488,0.0270381,-0.0296897
51280,0.0622819,0.0493681,0.0600519
51281,0.0170838,0.0380686,0.0304947
51282,-0.103175,-0.103848,-0.140408
51283,0.0356473,0.0357818,0.0361987
51284,-0.0403554,-0.0538072,-0.0667119
51285,-0.112457,-0.614344,-0.377611
51286,0,0.052462,-0.00629265
51287,0.17447,0.856477,0.567249
51288,-0.0497717,-0.0632235,-0.0786643
51289,-0.096584,-1.18914,-0.719181
51290,0.0369925,0.0403554,0.0403324
51291,0.374364,1.60857,1.25905
51292,0.0973911,1.63224,0.735258
51293,-0.00538072,-0.018698,-0.0225616
51294,-0.0269036,-0.108422,-0.159981
51295,-0.0907997,-1.80268,-0.85533
51296,0.130079,1.28747,0.655394
51297,0.0516549,1.1387,0.456741
51298,-0.0224645,-0.577082,-0.217295
51299,0.191016,1.41688,0.768046
51300,-0.0441219,-0.0434493,-0.0916195
51301,0.0777514,0.662905,0.298396
51302,-0.0195051,-0.00605331,-0.0115695
51303,0.0201777,-0.0067259,0.00506267
51304,0.248724,1.3059,0.772468
51305,0.014797,-0.0457361,-0.0404543
51306,0.567263,6.42795,3.22503
51307,0.0563631,-0.499062,-0.146889
51308,0.367234,4.21593,2.0853
51309,-0.110305,-0.758413,-0.443493
51310,-0.0134518,-0.0269036,-0.03125
51311,-0.211328,-3.41313,-1.57593
51312,0.0782895,1.32769,0.680396
51313,-0.0345711,-0.546816,-0.230688
51314,-0.0149315,-0.0283833,-0.0503685
51315,0.132904,1.34935,0.630766
51316,-0.0645687,-0.793926,-0.410438
51317,-0.165457,-1.81209,-0.906566
51318,0.0369925,0.0907997,0.0954481
51319,0.141513,1.80886,0.902631
51320,0.191285,2.11234,0.976245
51321,-0.0652413,-0.78572,-0.38654
51322,-0.0251549,0.0877058,-0.0123547
51323,0.0134518,0.0269036,0.0302637
51324,0.0134518,0.0201777,0.0191126
51325,-0.0481575,-0.0928175,-0.100598
51326,0.085957,1.37303,0.594219
51327,-0.067259,-1.3702,-0.629687
51328,0.0127792,0.0127792,0.0230357
51329,-0.00874367,0.553138,0.172419
51330,-0.0134518,-0.0209848,-0.0458193
51331,-0.112457,-0.709314,-0.376013
51332,-0.121739,-2.4758,-1.18467
51333,-0.0283833,-0.0544798,-0.07053
51334,0.0269036,0.0403554,0.0473385
51335,-0.175008,-1.28586,-0.679776
51336,0.0141244,-0.011434,-0.0150234
51337,0,-0.0269036,-0.0537177
51338,-0.140975,-1.32796,-0.638432
51339,-0.131021,-1.88487,-0.902384
51340,0.204467,2.04817,1.0523
51341,-0.0357818,-0.0761372,-0.103058
51342,0.0215229,0.0215229,0.0182064
51343,0.000538072,0.000538072,-0.0241054
51344,0,-0.0121066,-0.031329
51345,0.00403554,0.00834012,0.0167681
51346,0.0252894,1.22976,0.465503
51347,-0.178909,-2.01145,-0.957066
51348,0.0134518,0.0270381,0.0303275
51349,0.129541,1.40074,0.715263
51350,-0.0470813,-0.0369925,-0.0633055
51351,-0.063089,-1.30025,-0.636335
51352,0.0793657,0.710928,0.386393
51353,0.145414,1.49396,0.79015
51354,-0.022061,-0.0489646,-0.0973955
51355,-0.0403554,-0.000538072,-0.0144492
51356,0.00403554,0.00403554,-0.00399082
51357,0.139361,1.38554,0.69664
51358,-0.0948352,-0.82204,-0.438224
51359,0.148373,1.87908,0.817136
51360,0.0336295,0.0613402,0.0628067
51361,0.0121066,0.0248858,0.0286562
51362,-0.0242133,-0.0269036,-0.0589534
51363,0.0269036,0.055556,0.0576041
51364,0.0269036,0.0403554,0.0473385
51365,0.0618783,1.22654,0.509441
51366,0.138016,0.695996,0.330112
51367,0.0753301,2.47702,0.942277
51368,-0.011434,-0.011434,-0.0427101
51369,-0.0289214,-1.14542,-0.436006
51370,-0.00941626,-0.0235407,-0.0436992
51371,0.0364544,0.0480229,-0.033493
51372,-0.141378,-1.94163,-0.850466
51373,-0.0860916,-0.591879,-0.25069
51374,-0.0193706,-0.0457361,-0.0780403
51375,-0.552869,-5.09097,-2.73775
51376,0.029594,0.0451981,0.0701542
51377,0.212539,1.01884,0.681615
51378,-0.0161422,-0.00551524,-0.01026
51379,0.0712946,0.786796,0.443727
51380,0,-0.0402209,-0.0757969
51381,-0.0739849,-0.728012,-0.404143
51382,0.0269036,0.0112995,-0.000834244
51383,0.16882,2.82676,1.28643
51384,0.0699494,0.772537,0.41999
51385,-0.0605331,-0.73958,-0.385269
51386,0.0213884,0.0348402,0.0403379
51387,0.0191016,0.0291904,0.0366304
51388,-0.0309392,-0.0855535,-0.122064
51389,-0.133307,-2.89066,-1.32893
51390,-0.306701,-0.280739,-0.354168
51391,0.0269036,0.0402209,0.0157268
51392,-0.0855535,-1.08691,-0.866853
51393,0.580042,3.70893,2.38052
51394,-0.0336295,-0.0606676,-0.0961841
51395,0.0207158,0.0476194,0.0461112
51396,-0.00712946,-0.00712946,-0.0181629
51397,0,0.0269036,0.0182509
51398,0.213884,1.46127,0.83349
51399,0.11313,1.40894,0.622424
51400,-0.0255584,-0.0356473,-0.0470416
51401,0.0236752,0.0472158,0.0590267
51402,0.015066,0.0227336,0.0227228
51403,0.00134518,-0.0255584,-0.0520102
51404,0.0134518,0.0379341,0.0331766
51405,-0.0103579,-0.0236752,-0.04434
51406,0.0161422,0.0291904,0.0328503
51407,0.0419696,-0.0333605,-0.00788189
51408,0.0134518,0.0269036,0.0302637
51409,-0.0134518,-0.0361854,-0.0505416
51410,-0.0996779,-1.37128,-0.632096
51411,-0.250742,-2.75251,-1.34922
51412,0,0.0134518,-0.0054446
51413,0.0139899,0.0408935,0.037321
51414,-0.0255584,-0.052462,-0.0543039
51415,-0.00269036,0.0299975,-0.0303048
51416,-0.0735814,-1.38769,-0.617443
51417,0.110574,1.45656,0.688984
51418,-0.0726398,-0.833339,-0.477786
51419,0.0928175,0.799306,0.393694
51420,-0.179851,-1.52301,-0.795076
51421,0.0188325,0.0321498,0.0214098
51422,-0.0484265,-0.0525966,-0.0774962
51423,0.0215229,0.037127,0.0222783
51424,0.0735814,0.641517,0.282951
51425,0.14232,2.17179,0.834998
51426,-0.0891855,-1.45979,-0.650128
51427,0,2.71051e-19,0.00680961
51428,0.00322843,0.030132,0.00798601
51429,-0.119318,-1.49557,-0.740516
51430,-0.00107614,0.0123757,-0.00385221
51431,-0.0134518,-0.0134518,-0.026188
51432,-0.101292,-1.36939,-0.658348
51433,-0.0390102,-0.0382031,-0.0942227
51434,-0.000269036,0.000134518,-0.00967339
51435,-0.0178909,-0.0353783,-0.0368439
51436,0.0587844,0.0998124,0.0994951
51437,0.0357818,1.28303,0.529805
51438,-0.103041,-1.38796,-0.721582
51439,0.0242133,0.0384722,0.045737
51440,0.0605331,0.0716981,0.0816389
51441,-0.147432,-1.40437,-0.771017
51442,-0.00134518,0.0239442,-0.0169288
51443,-0.0118376,-0.770789,-0.277735
51444,-0.0664519,-1.84518,-0.808142
51445,-0.00551524,-0.00457361,0.00270357
51446,0.115955,1.91043,0.880044
51447,-0.185904,-1.87343,-0.901219
51448,-0.145414,-1.33254,-0.715863
51449,-0.0901271,-1.34505,-0.775007
51450,-0.16465,-1.22828,-0.716667
51451,-0.0336295,0.00659139,-0.0147849
51452,-0.00430458,-1.07278,-0.522461
51453,0.183886,1.91473,1.07288
51454,-0.0336295,0.595377,0.245318
51455,-0.0981982,-1.23017,-0.723852
51456,-0.0309392,-0.0601296,-0.0754694
51457,0.096853,1.22452,0.653253
51458,0.0134518,0.0134518,0.0238895
51459,0.0134518,0.0240787,0.00849678
51460,0.108422,0.162901,0.183294
51461,-0.0372615,0.456285,0.109156
51462,0.0156041,0.0153351,0.00815242
51463,0.102906,1.28909,0.626914
51464,-0.0341676,-0.0610712,-0.0970876
51465,-0.0104924,-0.483189,-0.179347
51466,-0.0391448,0.486552,0.0887575
51467,0.029594,0.0430458,0.0348256
51468,0.0304011,0.0573047,0.0406708
51469,-0.208234,-1.36065,-0.751802
51470,-0.0348402,-0.0333605,-0.0510429
51471,0.0864951,0.677029,0.382625
51472,-0.000134518,-0.0431803,-0.0474829
51473,-0.0336295,-0.0559595,-0.0942374
51474,0.0242133,0.0511169,0.0662258
51475,0.157117,1.32029,0.674024
51476,0.152274,1.33442,0.693262
51477,0.0134518,0.11851,0.0733503
51478,-0.0470813,-0.100081,-0.127077
51479,-0.0848809,-0.658331,-0.33506
51480,0.0110305,0.584077,0.188489
51481,-0.0967185,-1.22156,-0.61232
51482,-0.0864951,-1.21914,-0.526929
51483,0.0376651,0.636136,0.290082
51484,-0.0269036,-0.562555,-0.231799
51485,-0.0067259,-0.00457361,-0.0170823
51486,0,0.000403554,-0.00897713
51487,-0.0134518,0,-0.0226358
51488,-0.0135863,-0.0404899,-0.0868911
51489,0,0.000134518,-0.00904952
51490,-0.0134518,0,0.0120421
51491,-0.120663,-1.33375,-0.670417
51492,-0.0107614,-0.0645687,-0.0108062
51493,0.0205813,0.0213884,0.0173149
51494,0,-0.0134518,-0.0314155
51495,0.0269036,0.643938,0.280149
51496,0.0513859,0.735679,0.387459
51497,-0.0486955,-0.692768,-0.335587
51498,0.581791,6.04121,3.08893
51499,0.11434,1.43168,0.631454
51500,-0.0403554,-0.0254239,-0.0381237
51501,0.0127792,0.026231,0.0134821
51502,0.145683,1.27429,0.638927
51503,0.165457,1.80779,0.997424
51504,0.0564976,1.38715,0.636706
51505,0.193033,3.62513,1.54504
51506,0.0320153,0.0575737,0.0383484
51507,-0.0390102,-0.0605331,-0.0673573
51508,-0.0398173,-0.730164,-0.371088
51509,0.0134518,0.732989,0.36416
51510,0.00282488,0.00215229,-0.0058589
51511,-0.0134518,-0.74375,-0.400229
51512,0.0391448,0.755992,0.392313
51513,0.0336295,0.0605331,0.0622502
51514,0.361988,3.09755,1.62076
51515,0.0174873,0.0578428,0.0640627
51516,0.0134518,-0.0134518,-0.020715
51517,0.0309392,0.0309392,0.0515156
51518,0.21913,2.97769,1.466
51519,0.0712946,0.79675,0.394036
51520,-0.0816525,-0.0988708,-0.217463
51521,0.1703,2.17691,1.05259
51522,-0.0937591,-0.819484,-0.499173
51523,0.0204467,0.0338986,0.0391426
51524,0.0480229,0.0480229,0.0518437
51525,0.0536727,0.729491,0.341607
51526,-0.0134518,-0.067259,-0.0403138
51527,-0.00403554,-0.0309392,-0.0429122
51528,0.0107614,0.0511169,0.0555253
51529,-0.19828,-2.22479,-1.0879
51530,0,0.000538072,-0.0089564
51531,0.00269036,0.00941626,0.011753
51532,0.0142589,0.0277107,0.0312882
51533,-0.0169493,-0.0165457,-0.0304363
51534,0.0126447,0.0395483,0.0199384
51535,-0.0376651,-0.0780205,-0.0922262
51536,-0.0355128,-1.30429,-0.471704
51537,0.160211,1.50727,0.735071
51538,-0.0134518,-0.0269036,-0.0484903
51539,-0.0107614,-0.0242133,-0.0450753
51540,-0.0117031,0.000807108,-0.0123769
51541,-0.0322843,-0.775362,-0.306721
51542,-0.00941626,-0.0118376,-0.0212497
51543,-0.00538072,-0.00618783,-0.000665624
51544,-0.0067259,0.00928175,0.00591069
51545,-0.0355128,-0.575737,-0.249865
51546,-0.0255584,-0.0834012,-0.104287
51547,0.0682007,1.46342,0.637245
51548,-0.0796347,-0.885801,-0.430723
51549,0.0417006,0.0484265,0.0628073
51550,-0.00161422,0.712408,0.234309
51551,-0.0133173,-0.0267691,-0.0483195
51552,0.0201777,0.0359163,0.0399277
51553,0.0320153,0.654699,0.255754
51554,-0.0161422,-0.0294595,-0.0518389
51555,0.0161422,0.0302666,0.03401
51556,-0.0376651,-0.0525966,-0.0799538
51557,-0.0201777,-0.0201777,-0.0347254
51558,-0.0201777,-0.0617438,-0.116925
51559,-0.0269036,-0.6586,-0.249124
51560,0.00107614,0.00107614,-0.00774728
51561,-0.0134518,-0.0134518,-0.026188
51562,0.10183,1.48239,0.668705
51563,0.000134518,-0.0267691,-0.0425567
51564,-0.0221955,0.0052462,-0.0196008
51565,0.00107614,-0.0126447,-0.0304955
51566,-0.0811144,-0.832667,-0.459645
51567,-0.0248858,-0.0248858,-0.0407016
51568,0.492874,4.61948,2.53769
51569,0.199625,2.8386,1.31292
51570,-0.0860916,-0.741329,-0.347502
51571,-0.152005,-1.53795,-0.831144
51572,-0.157655,-2.48858,-1.15433
51573,-0.259485,-3.84063,-1.94662
51574,0.000134518,0.0418351,0.029258
51575,0.129406,1.52745,0.754493
51576,-0.0653758,-0.847867,-0.473298
51577,0.0688732,0.85123,0.4597
51578,-0.0177564,0.592418,0.128886
51579,0.0874367,0.12416,0.179258
51580,0.311275,3.35098,1.60836
51581,0.221013,1.79232,1.06101
51582,0.0338986,0.896563,0.375967
51583,-0.0795002,-0.956423,-0.458849
51584,0.0481575,0.0477539,0.0519079
51585,-0.00121066,-0.000807108,-0.00998092
51586,-0.269305,-2.44702,-1.34664
51587,-0.182945,-1.62457,-0.840361
51588,0.213211,3.07132,1.31246
51589,-0.0201777,-0.784375,-0.247548
51590,0.0511169,0.76608,0.305905
51591,-0.0173528,-0.00390102,-0.00883753
51592,-0.243209,-2.99101,-1.37955
51593,-0.00551524,0.0236752,-0.00502292
51594,-0.082056,-1.51454,-0.713606
51595,0.00699494,0.00699494,-0.00502742
51596,-0.132904,-1.49033,-0.68188
51597,0,0.0014797,-0.0259221
51598,0.0538072,0.0431803,0.069563
51599,-0.0201777,-0.0402209,-0.0491608
51600,-0.143665,-1.62834,-0.89695
51601,-0.00403554,0.00941626,0.00806651
51602,-0.00928175,-0.0361854,-0.0706578
51603,0.0067259,0.00807108,0.0126045
51604,0.00121066,0.0213884,0.0258768
51605,-0.0127792,-0.0127792,-0.030272
51606,-0.051924,-0.0438529,-0.047765
51607,0.0205813,0.0474849,0.0459404
51608,-0.0146625,0.0391448,-0.00747691
51609,0.0142589,0.0141244,0.00648252
51610,-0.0192361,-0.0461397,-0.0781346
51611,-0.0953733,-1.48481,-0.657066
51612,0.0201777,0.0878403,0.0735109
51613,0.105193,1.35231,0.585959
51614,0.0322843,0.112995,0.0873036
51615,0.108825,1.55153,0.648913
51616,0.0338986,0.0447945,0.0696267
51617,-0.0375305,-0.0538072,-0.0804458
51618,0.000134518,-0.0139899,-0.0473687
51619,-0.0255584,-0.924543,-0.368546
51620,0.0364544,0.950639,0.415488
51621,-0.102368,-1.65632,-0.825545
51622,-0.0269036,-0.0403554,-0.081493
51623,0.0472158,0.0875713,0.102051
51624,-0.0134518,0.00134518,-0.00165562
51625,0.0067259,-0.0201777,-0.0295051
51626,0,0.0336295,0.0466423
51627,0.0014797,-0.0421042,-0.0313518
51628,0,0.0269036,0.00388806
51629,0.0429113,0.055556,0.0830184
51630,-0.0940281,-0.0973911,-0.163949
51631,0.0979291,0.736217,0.414842
51632,-0.0330914,-0.631024,-0.315465
51633,-0.0285178,-0.0688732,-0.0806153
51634,-0.0134518,0.0134518,0.00248845
51635,-0.0215229,-0.0219264,-0.0522147
51636,-0.0403554,-0.0388757,-0.0575658
51637,-0.0121066,-0.0121066,-0.0244806
51638,0.0067259,0.0067259,-0.0476014
51639,0.000134518,0.000134518,-0.00894251
51640,0,0.00928175,0.00627526
51641,0.0573047,-0.0199087,-0.0228043
51642,0.0427767,0.0317463,0.0687959
51643,-0.0161422,-0.0162767,-0.0296352
51644,0.00686042,0.00699494,-0.000369594
51645,-0.0275762,-0.0544798,-0.088721
51646,-0.15779,-1.44311,-0.74781
51647,0.0205813,0.0126447,0.0236372
51648,0.159,1.67098,0.927845
51649,0.00564976,0.0200432,0.00599359
51650,0.0029594,-0.0242133,-0.0188042
51651,0.0153351,0.00134518,-0.0128423
51652,-0.0212539,-0.0608022,-0.1026
51653,-0.861454,-7.99051,-4.59329
51654,0.014797,0.0725052,0.0259348
51655,0.220072,1.70017,0.952692
51656,-0.00228681,0.0375305,0.0386984
51657,-0.0121066,-0.0121066,-0.0406055
51658,-0.00269036,0.0131828,-0.0255768
51659,0,-0.033764,-0.0562843
51660,-0.00134518,0.0255584,0.0165434
51661,-0.052462,-0.0390102,-0.0534027
51662,0.637212,5.42067,2.93883
51663,0.196262,2.32784,1.03771
51664,0.015066,1.2303,0.519385
51665,0.226394,2.71377,1.20759
51666,0.107076,1.40154,0.712463
51667,0.114071,1.22533,0.514382
51668,0.0733123,0.754108,0.277633
51669,0.0349747,0.761641,0.327378
51670,0.0271726,0.0134518,0.048309
51671,0.16761,1.88581,0.950154
51672,-0.0686042,-0.67676,-0.365142
51673,-0.141782,-1.30227,-0.745207
51674,-0.126043,-1.40235,-0.622201
51675,-0.0204467,0.110439,0.108183
51676,-0.11434,-1.42535,-0.735397
51677,0.052462,0.0559595,0.0584682
51678,0.0774824,1.34074,0.596534
51679,-0.0758682,-1.31236,-0.594145
51680,-0.165995,-1.3024,-0.638586
51681,-0.0255584,-0.0835357,-0.125016
51682,-0.0800382,-1.27685,-0.567399
51683,0,0.000807108,-0.00880954
51684,0.255315,3.39698,1.59848
51685,0.0995434,0.824192,0.418193
51686,0.0317463,0.645149,0.198979
51687,0.0512514,0.850692,0.437591
51688,0.152274,1.51454,0.781193
51689,0.23998,2.80551,1.34049
51690,0.0552869,0.0956423,0.130793
51691,0.144876,2.69749,1.28198
51692,0.0322843,-0.0122411,0.0414834
51693,-0.0200432,-0.00659139,-0.0126543
51694,0.00215229,-0.0112995,-0.0446114
51695,-0.0675281,-0.0538072,-0.22142
51696,-0.138419,-1.45454,-0.721777
51697,0.0411625,0.0411625,0.0431356
51698,0.000807108,0.0270381,0.0364349
51699,0.199625,2.92886,1.35817
51700,-0.0797692,-1.5483,-0.65602
51701,-0.136805,-1.45374,-0.80086
51702,0.0134518,0.0269036,0.0302637
51703,-0.1438,-1.40033,-0.741456
51704,0.00067259,-0.0800382,-0.142073
51705,-0.168551,-2.77336,-1.22888
51706,0.185231,1.5444,0.797188
51707,-0.0134518,-0.041028,-0.0551959
51708,-0.0415661,-0.018429,-0.0527502
51709,-0.0134518,-0.0538072,-0.0612388
51710,-0.0134518,0.00551524,-0.0171877
51711,0.0304011,0.0539417,0.0720566
51712,-0.0134518,-0.0269036,-0.0484903
51713,-0.00753301,-0.00591879,-0.017263
51714,0.146625,1.56175,0.746157
51715,0.0392793,1.45427,0.724757
51716,-0.120259,-1.47459,-0.807784
51717,-0.0937591,-0.913378,-0.497511
51718,0.0850154,0.916337,0.473277
51719,-0.0067259,-0.0343021,-0.0148027
51720,0.0583808,0.627258,0.353573
51721,-0.0981982,-2.1722,-1.14733
51722,0.0325534,0.620935,0.234508
51723,0.196262,2.39415,1.24481
51724,-0.0322843,-0.0590534,-0.0630303
51725,0,0.0134518,0.0131889
51726,-0.29715,-3.12405,-1.72788
51727,-0.00269036,-0.0517895,-0.0516504
51728,0.0877058,0.111246,0.152018
51729,0.0232716,0.0260965,0.00806875
51730,0.164785,3.02841,1.4706
51731,-0.0914723,-1.50364,-0.817196
51732,0.0496372,0.0082056,0.0162214
51733,-0.00538072,0.011434,-0.00842807
51734,-0.00941626,-0.00941626,-0.0210656
51735,-0.0121066,-0.0121066,-0.0244806
51736,-0.0349747,-1.3741,-0.558437
51737,-0.0320153,0.037127,0.0597851
51738,-0.0134518,-0.857284,-0.414491
51739,-0.0847464,-0.115013,-0.0977805
51740,0.126985,0.988304,0.533552
51741,-0.0998124,-0.973507,-0.540955
51742,0.0578428,0.820829,0.370181
51743,0.0255584,0.0112995,0.000722913
51744,0.0343021,0.0613402,0.0790825
51745,-0.0355128,0.68537,0.276314
51746,-0.0605331,-0.115686,-0.143314
51747,-0.00269036,0.821367,0.282719
51748,-0.0134518,-0.0403554,-0.0524117
51749,0.0134518,0.0255584,0.0296263
51750,-0.176219,-2.51562,-1.27667
51751,0.0753301,0.888357,0.525153
51752,-0.052462,-0.868045,-0.46462
51753,-0.0195051,-0.0329569,-0.0561739
51754,0,-0.000403554,-0.00978232
51755,0.0134518,0.067259,0.0441296
51756,-0.182676,-2.31949,-1.14927
51757,0,-0.0134518,-0.0352438
51758,0,0.000403554,-0.0272952
51759,-0.0067259,0.00739849,0.010552
51760,-0.014797,0.0121066,0.000780967
51761,-0.0166802,-0.0363199,-0.0585511
51762,-0.0286523,-0.0152005,-0.0231803
51763,-0.360508,-3.21956,-1.72592
51764,-0.205006,-2.13521,-1.14005
51765,0.0941626,0.173125,0.159776
51766,0.0675281,0.732989,0.395799
51767,-0.0960459,-0.136401,-0.19282
51768,0.018967,0.0458707,0.0402559
51769,0.0067259,0.00659139,-0.000798887
51770,-0.0134518,-0.0135863,-0.0262518
51771,-0.304683,-3.01361,-1.57621
51772,-0.135729,-2.85622,-1.33884
51773,-0.260831,-2.94312,-1.63865
51774,0.0200432,0.116762,0.102246
51775,0.183483,1.5557,0.826834
51776,0.10062,1.39549,0.63377
51777,0.0263655,1.91177,0.766618
51778,-0.0725052,-2.11018,-1.02135
51779,-0.0804418,-0.112188,-0.146985
51780,-0.200835,-2.67355,-1.26639
51781,0.00134518,0.055556,0.0391489
51782,0.102637,1.36078,0.669428
51783,-0.0252894,0.593897,0.160365
51784,0.0197742,0.69492,0.353771
51785,0.0174873,-0.00860916,0.00860177
51786,-0.0349747,-0.0302666,-0.0509355
51787,-0.00269036,0.022599,-0.0787624
51788,-0.100889,-0.790697,-0.392926
51789,0.112995,1.47001,0.698353
51790,0.130483,1.50768,0.799485
51791,-0.0269036,-0.0260965,-0.0419247
51792,0.0839393,0.757606,0.375961
51793,0.0217919,-0.00457361,0.0323426
51794,-0.0255584,-0.0659139,-0.0925341
51795,-0.0392793,-0.646359,-0.281985
51796,-0.0215229,-0.0349747,-0.0587351
51797,0.0333605,0.0360508,0.050435
51798,0.0349747,0.0391448,0.0365669
51799,0,-0.0134518,-0.0314155
51800,-0.0196396,-0.00618783,-0.0330971
51801,0.0134518,0.637347,0.259847
51802,-0.0242133,-0.617169,-0.257468
51803,0.0427767,0.68954,0.280402
51804,-0.0481575,-0.721151,-0.349732
51805,0.0470813,0.710659,0.293382
51806,-0.0538072,-0.0940281,-0.111085
51807,0.525293,5.98807,2.95363
51808,0.0403554,0.0805763,0.0930812
51809,0,-0.0134518,-0.0123322
51810,-0.0578428,-0.0981982,-0.149441
51811,0.0174873,0.00403554,0.00670968
51812,0.0712946,0.89589,0.447694
51813,0.0134518,0.0107614,0.00731774
51814,0.0192361,-0.0356473,-0.0701424
51815,-0.056094,-0.0263655,-0.0324114
51816,0,0.0127792,-0.00281757
51817,-0.0174873,-0.00403554,-0.00900828
51818,0,0,-0.00911326
51819,-0.0542108,-0.721555,-0.327484
51820,0.0067259,0.00605331,-0.000368205
51821,-0.138688,-1.99477,-0.904069
51822,-0.0269036,0.0369925,0.0194841
51823,0.0308046,0.0442564,0.03505
51824,-0.00228681,-0.0107614,-0.0240442
51825,0.0472158,0.0620128,0.0909461
51826,0.00417006,0.0176219,0.00280696
51827,0.044391,-0.0228681,-0.0486023
51828,-0.0659139,-0.107076,-0.15999
51829,0.0121066,0.0121066,0.022182
51830,-0.0772134,-0.768233,-0.360829
51831,0.108825,1.36105,0.667828
51832,0.201912,2.16493,0.985552
51833,0.0161422,0.029594,0.0177508
51834,0.0496372,0.567128,0.194996
51835,-0.0121066,0.00134518,-0.0181063
51836,0.0282488,0.0282488,0.0451246
51837,0.0121066,0.0121066,0.00625405
51838,0.237424,4.03379,1.81636
51839,-0.0197742,-0.0608022,-0.0643383
51840,-0.0345711,-0.637616,-0.377392
51841,-0.063627,-0.741464,-0.316986
51842,-0.0349747,-0.728012,-0.368695
51843,-0.157386,-2.22062,-1.02685
51844,0.014797,0.00067259,-0.0129646
51845,0.0269036,0.0269036,0.046474
51846,-0.182406,-2.95846,-1.36262
51847,-0.0511169,-0.0267691,-0.0861043
51848,-0.127254,-2.07951,-0.924459
51849,0.11017,0.707969,0.360527
51850,-0.0369925,-0.657524,-0.360637
51851,-0.0912032,-1.44647,-0.670425
51852,0.0255584,0.0656448,0.0584998
51853,0,0.0133173,-0.00817732
51854,-0.140571,-1.3928,-0.70068
51855,0.0673935,0.15214,0.200513
51856,-0.0291904,-0.0804418,-0.11877
51857,0.0156041,0.0750611,0.0954779
51858,-0.00834012,-0.0352437,-0.0483761
51859,-0.0620128,-0.142589,-0.195669
51860,0.0224645,0.0232716,0.0370395
51861,-0.209714,-1.4606,-0.872055
51862,-0.162229,-1.44069,-0.760043
51863,0.0291904,0.00995434,0.0119748
51864,-0.0466778,-0.0625509,-0.071896
51865,-0.0899926,-0.832129,-0.389287
51866,0.00255584,0.00188325,-0.00698416
51867,0.0269036,0.0269036,0.0187661
51868,0.00376651,0.0445255,0.0633821
51869,-0.0642996,-0.0741195,-0.133141
51870,-0.0305356,-0.0439874,-0.0542473
51871,0.0739849,0.113533,0.102479
51872,0.0139899,0.0139899,0.00864452
51873,0.0182945,0.8137,0.385492
51874,-0.0874367,-0.899657,-0.51459
51875,0.0538072,0.0807108,0.10379
51876,0.029594,0.81222,0.377921
51877,0.0269036,0.00928175,0.00154692
51878,-0.0564976,-0.85271,-0.452608
51879,-0.157655,-2.23435,-1.11413
51880,-0.0134518,0.651605,0.283429
51881,-0.110574,-2.20798,-1.03879
51882,-0.161825,-2.29084,-1.11398
51883,-0.0737159,-1.54319,-0.86127
51884,-0.0408935,0.0204467,-0.0594354
51885,-0.00269036,-0.0423732,-0.0273391
51886,-0.252625,-2.37169,-1.21877
51887,-0.00269036,0.0107614,-0.0106216
51888,0.49274,6.24366,3.06661
51889,-0.0134518,-0.0403554,-0.0520425
51890,-0.182406,-1.53472,-0.881915
51891,-0.0291904,-0.0598605,-0.0782647
51892,0.0133173,0.0267691,0.0304378
51893,0.0134518,0.0403554,0.0525659
51894,-0.0146625,-0.0146625,-0.0277248
51895,0.0552869,1.39186,0.642843
51896,0.00269036,0.0174873,-6.24803e-05
51897,-0.00269036,-0.00269036,-0.0125282
51898,-0.0067259,0.0127792,0.00625008
51899,0.477943,3.82596,2.03255
51900,-0.0602641,-1.34478,-0.579858
51901,0.0575737,0.875982,0.457401
51902,0.0349747,1.23757,0.533634
51903,0.00067259,0.000538072,-0.0298394
51904,0.0201777,0.0605331,0.0677304
51905,0.237962,3.25628,1.33541
51906,0.0228681,0.0403554,0.0270844
51907,0,-0.0134518,-0.0100587
51908,0.0991398,1.99221,0.90098
51909,0.0107614,-0.0430458,-0.0337231
51910,-0.11313,-1.31518,-0.570278
51911,0.0552869,0.109632,0.134453
51912,0.130886,1.37208,0.648009
51913,0.173663,2.15592,0.934837
51914,-0.133173,-0.768233,-0.506456
51915,0.0403554,0.0538072,0.0644133
51916,-0.0201777,-0.0336295,-0.0570276
51917,-0.0135863,-0.0134518,-0.0261358
51918,-0.00134518,-0.00215229,-0.0109656
51919,-0.0914723,-1.415,-0.598615
51920,0.0205813,0.0273072,0.0281623
51921,-0.0161422,-0.0161422,-0.029603
51922,0.000403554,0.000403554,-0.00860101
51923,-0.0228681,-0.0497717,-0.0827448
51924,0,0,-0.00911326
51925,0.014797,0.014797,0.00966901
51926,-0.254777,-2.97567,-1.43544
51927,0.000403554,0.0273072,0.0200755
51928,-0.00269036,-0.00269036,-0.0125282
51929,0.0858225,0.715636,0.335711
51930,0.141244,1.45253,0.707686
51931,0.0538072,0.8137,0.383119
51932,0.00403554,0.00403554,-0.00399082
51933,0.0174873,0.0182945,0.0134816
51934,0.0180254,0.0314772,0.038522
51935,0,0.000403554,-0.00899562
51936,-0.0100889,-0.0368579,-0.0663007
51937,-0.00269036,0.0107614,0.00977399
51938,0.00067259,-0.0127792,-0.0305617
51939,0,-0.0141244,-0.0317468
51940,-0.0134518,-0.0134518,-0.026188
51941,-0.13398,-1.461,-0.711449
51942,-0.112054,-2.20072,-0.986385
51943,0.0808454,0.918489,0.52653
51944,0.123757,1.50391,0.685249
51945,0.052462,1.54037,0.632395
51946,-0.014797,-0.0282488,-0.0342698
51947,-0.0578428,-1.48965,-0.676066
51948,-0.0563631,-1.3889,-0.523561
51949,0,0,-0.00911326
51950,0.0279798,0.0423732,0.0297425
51951,-0.0593225,-0.0668555,-0.0919798
51952,0.0234061,0.0578428,0.0520693
51953,0,-0.000403554,-0.00930449
51954,-0.0134518,-0.0305356,-0.049741
51955,0.168417,2.07494,0.871841
51956,0.078424,0.969875,0.532556
51957,-0.0318808,-0.0361854,-0.050571
51958,-0.147835,-0.258006,-0.330468
51959,-0.103713,-1.50351,-0.73723
51960,-0.0281143,-0.0425077,-0.0674667
51961,-0.0889164,-0.829707,-0.38891
51962,0.00269036,0.00269036,-0.0240791
51963,0.123757,0.969472,0.543831
51964,0.0215229,0.563227,0.21628
51965,-0.00134518,-0.0181599,-0.0339277
51966,0.109229,0.89051,0.44121
51967,0.018429,0.610308,0.215968
51968,-0.0699494,-0.110305,-0.147569
51969,0.0228681,0.689002,0.275874
51970,0.145952,1.47163,0.689029
51971,-0.00269036,-0.0161422,-0.0348304
51972,-0.00322843,1.44123,0.572019
51973,0.0137208,0.00134518,-0.0135456
51974,0.0804418,1.51319,0.704356
51975,0.0801728,0.688732,0.349635
51976,-0.131828,-0.792177,-0.483218
51977,0.0686042,0.148777,0.177739
51978,-0.0497717,0.507133,0.0640493
51979,0.199221,1.58556,0.832173
51980,-0.142455,-1.62296,-0.800604
51981,-0.17447,-2.22076,-0.96873
51982,0.0014797,-0.0426422,-0.0672404
51983,0.029594,0.0834012,0.101732
51984,0.00282488,0.0162767,0.0167747
51985,0.00538072,0.00605331,-0.0178799
51986,0.0320153,-0.00228681,-0.00863421
51987,-0.0134518,0.0305356,0.0257498
51988,-0.000269036,-0.0137208,-0.031757
51989,0.0421042,-0.73003,-0.225336
51990,-0.0403554,-0.0403554,-0.0603376
51991,0.0986017,0.996375,0.596647
51992,0.0067259,0.0067259,-0.0178161
51993,0.0499062,0.0608022,0.061498
51994,0.0176219,0.0182945,0.0135078
51995,0,-0.0134518,-0.0314155
51996,-0.0429113,-0.0567666,-0.0861198
51997,-0.0131828,-0.0131828,-0.0258466
51998,0,-0.0123757,-0.0137703
51999,0.067259,0,-0.0347742
52000,0.0067259,-0.0067259,-0.00695015
52001,-0.349209,-3.2809,-1.74013
52002,-0.134518,-2.2977,-1.02865
52003,0.0834012,0.826613,0.390804
52004,-0.0134518,0.0133173,-0.0132373
52005,-0.3028,-3.02262,-1.56651
52006,0.0269036,0.041028,0.063538
52007,0.0770789,0.133845,0.162919
52008,-0.0217919,-0.00914723,-0.0307978
52009,0,0.0138554,0.0133408
52010,0.0403554,0.0403554,0.0421644
52011,-0.067259,-0.0941626,-0.143289
52012,-0.00269036,-0.115147,-0.197572
52013,-0.0535382,-0.128734,-0.168422
52014,-0.40463,-3.0662,-1.88922
52015,0.00605331,-0.00605331,-0.00849093
52016,0.0349747,0.1703,0.141094
52017,0.0760027,1.34626,0.577747
52018,0.0780205,0.739311,0.381023
52019,0.0242133,0.611519,0.296588
52020,-0.237424,-2.74861,-1.45575
52021,0.0242133,0.0813834,0.0798624
52022,0,0.0411625,0.021159
52023,-0.0430458,-0.856611,-0.374149
52024,-0.0336295,-0.612461,-0.311977
52025,0.0212539,-0.0734469,-0.0080961
52026,-0.0743885,-1.41042,-0.546152
52027,-0.00269036,0.0242133,0.0161483
52028,0.0165457,-0.00255584,-0.0131968
52029,-0.0403554,-0.0269036,-0.0567853
52030,-0.029594,-1.28747,-0.63561
52031,-0.0921449,-0.790025,-0.361739
52032,0.117031,0.911494,0.455086
52033,0,0.0209848,0.00740353
52034,-0.0484265,-0.830918,-0.367252
52035,-0.00538072,0.00874367,0.0238524
52036,-0.136939,-0.778456,-0.512751
52037,-0.422521,-4.66589,-2.32966
52038,-0.12981,-1.55193,-0.88318
52039,0.0135863,0.025693,0.0336851
52040,0.00645687,0.00632235,0.0139984
52041,0.0964495,1.6465,0.883316
52042,0,-0.0133173,-0.0343277
52043,-0.0134518,-0.0539417,-0.0931453
52044,-0.174604,-1.67583,-0.988074
52045,-0.00134518,0.0269036,0.0360139
52046,0.0269036,0.0403554,0.0300983
52047,0.115686,1.58745,0.844592
52048,-0.269305,-3.00634,-1.6062
52049,-0.148239,-0.735948,-0.442285
52050,0.067259,0.0948352,0.0895934
52051,-0.0267691,0.530001,0.195418
52052,-0.0470813,-0.044929,-0.0689828
52053,-0.155637,-2.6527,-1.29453
52054,-0.157386,-1.54333,-0.812505
52055,0.0941626,0.896832,0.45145
52056,-0.173932,-1.54373,-0.916863
52057,0.170569,0.816659,0.586267
52058,-0.0382031,0.656717,0.189113
52059,0.0578428,0.0727743,0.0716643
52060,-0.216574,-2.19184,-1.18115
52061,0.0174873,0.0174873,0.0490741
52062,0.0983327,0.78007,0.414576
52063,-0.0134518,-0.0269036,-0.0271334
52064,-0.0780205,-0.759085,-0.409971
52065,0.0125102,-0.041297,0.00651284
52066,-0.101023,-1.4419,-0.677341
52067,0.0434493,0.0435839,0.0453428
52068,-0.0871677,-1.27806,-0.641814
52069,0.00269036,0.00255584,-0.00576457
52070,0.169358,1.41822,0.75045
52071,-0.116493,0.568608,0.0785209
52072,0.10896,0.671514,0.397186
52073,-0.0925484,-0.671918,-0.438969
52074,0.0605331,0.0721017,0.0572924
52075,-0.0134518,-0.0134518,-0.026188
52076,0.329704,3.64073,1.96787
52077,-0.0578428,-0.172049,-0.178216
52078,0.044391,0.0578428,0.0536078
52079,0.125102,1.57426,0.901537
52080,-0.153082,-2.21632,-1.23917
52081,0.0737159,1.43894,0.765215
52082,0.0359163,-0.70057,-0.351015
52083,-0.0509823,-0.0677971,-0.0814341
52084,0.06699,0.847329,0.531109
52085,0.0228681,0.610174,0.280288
52086,-0.0321498,-1.32393,-0.722782
52087,-0.0067259,0.0067259,0.00465155
52088,0.0201777,0.0470813,0.0295002
52089,-0.014797,0.052462,0.0836155
52090,0.0242133,0.0242133,0.0216214
52091,0.0107614,0.0107614,0.00454657
52092,0.00941626,0.0100889,0.00301671
52093,0.00403554,0.0174873,0.0183114
52094,0.107614,1.46409,0.812497
52095,0.000134518,-0.0536727,-0.0372617
52096,0.0834012,0.120663,0.161602
52097,-0.0406245,-0.117031,-0.17168
52098,0,-0.0134518,-0.0283407
52099,0.0242133,0.0376651,0.0439236
52100,0,0.0134518,0.0131889
52101,0.00067259,-0.0423732,-0.0967767
52102,0.0302666,0.044391,0.0501831
52103,0,0,-0.00722972
52104,0.00403554,-0.0168148,-0.0303894
52105,-0.0336295,-0.0336295,-0.0518002
52106,0.00538072,0.018698,0.0192786
52107,-0.0270381,-0.0404899,-0.0657358
52108,-0.132231,-1.29783,-0.68867
52109,-0.0207158,-0.0664519,-0.0878773
52110,-0.097122,-1.30025,-0.639883
52111,-0.029594,-0.0297285,-0.0466864
52112,-0.0581118,-1.14542,-0.458941
52113,0.0336295,0.0470813,0.0394308
52114,0.0476194,1.24725,0.579049
52115,-0.0363199,-0.143934,-0.170174
52116,-0.0481575,-1.26138,-0.622298
52117,0.0468123,0.786258,0.37021
52118,0,-0.0134518,-0.0154875
52119,0.00941626,0.537265,0.253944
52120,-0.195858,-2.5206,-1.21537
52121,0.037127,0.0348402,0.024372
52122,0.180254,2.09983,0.95452
52123,-0.0581118,-0.835895,-0.395145
52124,0.0244823,0.0252894,0.0394162
52125,-0.0134518,0.0134518,-0.014499
52126,0.0139899,0.0139899,0.00864452
52127,0.0914723,1.33819,0.636626
52128,-0.0269036,-0.067259,-0.0929292
52129,0,0.000134518,-0.00904699
52130,0.00242133,0.00242133,-0.02328
52131,-0.0392793,-0.0395483,-0.0594177
52132,-0.0293249,-0.572374,-0.282255
52133,0.0269036,0.0813834,0.0657357
52134,0.0161422,0.029594,0.0164385
52135,-0.0645687,-0.0875713,-0.13529
52136,0.00417006,0.0348402,0.0249445
52137,-0.0067259,-0.0161422,-0.0228055
52138,0.0201777,0.0336295,0.0228732
52139,-0.00941626,-0.0228681,-0.0274399
52140,-0.0242133,-0.0376651,-0.0649721
52141,0.00874367,-0.674877,-0.206742
52142,0.00403554,0.0442564,0.0280149
52143,0.331453,2.97823,1.59864
52144,-0.0174873,-0.0981982,-0.11514
52145,0.124429,1.54306,0.809541
52146,0.0403554,0.0316117,0.0419578
52147,0.0625509,1.10762,0.422774
52148,-0.0688732,-1.24631,-0.602127
52149,0.0359163,0.668824,0.338845
52150,-0.0578428,-0.0863606,-0.112007
52151,0.04466,0.632235,0.296737
52152,0.0634925,0.0937591,0.116665
52153,-0.0196396,-0.0598605,-0.100917
52154,-0.137477,-1.35917,-0.750199
52155,0.0601296,0.703933,0.406507
52156,0.0341676,0.0359163,0.0351106
52157,0.0201777,0.0454671,0.0607171
52158,-0.133173,-0.782761,-0.492055
52159,0.0388757,0.657928,0.293074
52160,-0.0067259,-0.0209848,-0.0212672
52161,-0.0625509,-0.632907,-0.261522
52162,-0.133173,-1.41109,-0.744128
52163,0,-0.0302666,-0.0383025
52164,-0.000538072,0.0129137,-0.00473428
52165,-0.0121066,0.014797,0.0201238
52166,0.111381,1.35836,0.653123
52167,-0.00941626,-0.0632235,-0.108962
52168,-0.347057,-2.81762,-1.42927
52169,-0.225587,-3.10764,-1.53195
52170,0.129137,0.667479,0.46876
52171,-0.0470813,-0.0707565,-0.093705
52172,0.0429113,0.702319,0.231218
52173,-0.0349747,-0.713484,-0.285191
52174,-0.0564976,-0.513724,-0.285474
52175,-0.0134518,0.0134518,0.0184164
52176,-0.14649,-1.92092,-1.04505
52177,-0.258409,-1.42253,-0.862963
52178,-0.033226,-0.479288,-0.285407
52179,0.103444,0.625778,0.327823
52180,0.158193,0.112726,0.199828
52181,0.0698149,1.40881,0.659059
52182,0.0310737,0.0603986,0.0530302
52183,0.0554214,0.892124,0.503628
52184,0.0504443,0.0638961,0.0612915
52185,0.107614,0.746037,0.445556
52186,0.0437184,-0.0158731,0.0366213
52187,-0.067259,-0.0941626,-0.137527
52188,0.0322843,0.0582463,0.0602941
52189,0.15483,1.36307,0.69407
52190,0.11165,0.792984,0.344211
52191,-0.183617,-2.72964,-1.29882
52192,0.0484265,0.0652413,0.0597106
52193,0.0121066,0.0122411,0.00632661
52194,-0.106404,-0.771865,-0.422772
52195,-0.315041,-2.44957,-1.39775
52196,0.044391,0.070622,0.107213
52197,-0.0511169,-0.62376,-0.34803
52198,-0.00807108,-0.0236752,-0.0232966
52199,0.105059,0.678509,0.384743
52200,-0.0117031,-0.570222,-0.264462
52201,-0.138554,-2.16655,-0.88693
52202,0.067259,1.55974,0.567455
52203,0.141244,1.38406,0.688795
52204,-0.0134518,-0.0686042,-0.025902
52205,0.138957,1.41136,0.763624
52206,-0.0134518,-0.0275762,-0.0168875
52207,0.0269036,0.0403554,0.0314106
52208,-0.0123757,-0.0258275,-0.0314491
52209,-0.000134518,-0.0014797,-0.00794717
52210,0.189805,2.73556,1.23971
52211,0.0914723,1.22909,0.5907
52212,0.117031,1.36791,0.714308
52213,0.0234061,0.0906652,0.0180596
52214,0.0438529,0.0326879,0.0631803
52215,0.0944317,1.35016,0.598227
52216,0.0121066,0.0564976,0.0741264
52217,-0.00403554,-0.00322843,-0.0488493
52218,-0.0269036,-0.0680661,-0.0946392
52219,-0.0525966,-1.2985,-0.524013
52220,-0.0067259,0.00686042,-0.0268752
52221,0.00807108,-0.00538072,-0.0211706
52222,0.0255584,0.0398173,0.0459348
52223,0,0.00497717,-0.00545664
52224,-0.014797,0.54426,0.169161
52225,0.00941626,0.00605331,0.00203436
52226,0.0203122,0.765004,0.330884
52227,0.0174873,0.0181599,0.0134153
52228,-0.00941626,-0.0235407,-0.0436992
52229,0.014797,0.0014797,-0.0124102
52230,0,-0.0134518,-0.0154875
52231,-0.0499062,0.00121066,0.00407054
52232,0.00807108,0.00793657,0.000908592
52233,0.0883784,0.0644342,0.124973
52234,0.0538072,0.067259,0.0814881
52235,-0.0278452,-0.0547489,-0.0890625
52236,0.162363,2.73341,1.2635
52237,0,-0.0403554,-0.0603447
52238,0.00403554,0.0174873,0.0183114
52239,0.0170838,0.17864,0.121476
52240,-0.0922794,-0.944586,-0.49061
52241,0.0376651,0.0612057,0.0668207
52242,0.14797,1.3889,0.617956
52243,-0.0201777,-0.0336295,-0.0379444
52244,0.0536727,0.0402209,0.0557962
52245,0.0349747,0.807781,0.365732
52246,0.0067259,-0.752629,-0.311079
52247,0.228815,3.68055,1.62809
52248,0.00941626,0.0486955,0.0212447
52249,-0.0821905,-0.117703,-0.131054
52250,0.0304011,0.04466,0.0521756
52251,0.0823251,1.36307,0.57761
52252,-0.0208503,-1.24348,-0.425037
52253,0.0755992,1.45078,0.639409
52254,-0.040759,-0.0844773,-0.0936841
52255,-0.033764,-1.33845,-0.550553
52256,-0.00134518,0.0161422,0.0126579
52257,0.00322843,-0.0228681,-0.0332942
52258,-0.0232716,-0.834012,-0.370579
52259,-0.0305356,-0.0590534,-0.0930199
52260,0.0123757,0.0414316,0.0363324
52261,0.0255584,0.025693,0.0233795
52262,-0.00766753,-0.0211193,-0.0411481
52263,0,0,-0.00911326
52264,0.0754646,0.896697,0.473643
52265,0.0275762,-0.0279798,-0.0474681
52266,-0.523679,-6.54726,-3.28196
52267,0.484534,3.91165,2.22545
52268,0.0100889,-0.0910687,-0.0493444
52269,0.0141244,0.559192,0.192056
52270,0.0766753,1.49127,0.661147
52271,-0.0682007,-1.44607,-0.631381
52272,0.0730433,0.877865,0.409846
52273,-0.00686042,-0.0201777,-0.0399006
52274,0.129944,1.51171,0.64971
52275,-0.0698149,-0.0924139,-0.118165
52276,0.0703529,0.110708,0.102466
52277,0,0.00067259,-0.00721162
52278,0.0134518,0.0277107,0.0147334
52279,0.111785,1.52032,0.663805
52280,0.20366,3.34479,1.62948
52281,-0.0160076,0.783837,0.258475
52282,0.0161422,-0.00605331,0.00232409
52283,0.0336295,0.0618783,0.100377
52284,0.0134518,0.0269036,0.0302637
52285,0.0855535,0.136132,0.0789994
52286,-0.0107614,-0.041028,-0.0526827
52287,0.0107614,0.014528,-0.0131164
52288,0.128868,2.52867,1.12152
52289,0.0762717,1.3176,0.622897
52290,0.0638961,0.597395,0.392766
52291,0.0764063,-0.0177564,0.0522653
52292,0.0247513,0.756126,0.385982
52293,-0.0165457,-0.75209,-0.376421
52294,-0.029594,-0.0251549,-0.0429308
52295,-0.00134518,-0.000538072,0.00794252
52296,0.0134518,0.0134518,0.00796153
52297,-0.037127,-0.0372615,-0.0718193
52298,0.033764,0.033764,0.0337445
52299,0.0134518,0.0211193,0.0255625
52301,0.219399,2.2938,1.16246
52302,-0.17299,-2.76838,-1.38758
52303,-0.129272,-0.87773,-0.487851
52304,0.0269036,0.0369925,0.0624617
52305,-0.0925484,-0.608425,-0.393128
52306,0.0702184,0.120797,0.126565
52307,-0.0282488,-0.0551524,-0.0577189
52308,-0.0215229,-0.0348402,-0.0585121
52309,-0.0608022,-0.814103,-0.333615
52310,-0.0376651,-0.51359,-0.263503
52311,0.0201777,0.512648,0.230148
52312,0.0134518,0.0118376,0.0166609
52313,-0.0134518,-0.0403554,-0.0551173
52314,0,0.0142589,-0.00565904
52315,0.0328224,0.0328224,0.035624
52316,0.177564,2.28492,1.08986
52317,-0.0930865,-1.31828,-0.574349
52318,-0.0457361,-0.0726398,-0.111613
52319,0.0215229,0.0213884,0.0338461
52320,-0.0215229,-0.0490991,-0.0996142
52321,0.127523,1.29124,0.618322
52322,0.000807108,0.000807108,-0.00924181
52323,0.00807108,-0.0188325,-0.0220351
52324,0.00511169,-0.0217919,-0.0472293
52325,-0.0306701,-0.0844773,-0.12132
52326,0.0349747,0.0517895,0.0585587
52327,-0.0134518,-0.00941626,-0.0194974
52328,-0.212539,-1.6461,-1.02608
52329,-0.0816525,-0.832801,-0.401224
52330,0.0376651,0.12833,0.0967799
52331,0.00807108,0.00134518,-0.0021819
52332,-0.0121066,0.0014797,-0.0207053
52333,0.295671,3.3764,1.64422
52334,0.00403554,0.029594,0.0196334
52335,0.00403554,-0.00067259,-0.0042934
52336,-0.0349747,-0.0652413,-0.0875422
52337,0.0255584,0.0934901,0.103568
52338,-0.0201777,-0.128061,-0.151328
52339,-0.0164112,-1.10063,-0.450003
52340,0.00269036,0.00941626,-0.00110015
52341,0.115551,1.21322,0.590497
52342,0.192764,2.6309,1.1465
52343,-0.0228681,-0.0595915,-0.0877617
52344,0.0139899,-0.0797692,-0.0450874
52345,0.00807108,0.0348402,0.0640662
52346,-0.0152005,1.78331,0.648847
52347,-0.0376651,-1.22129,-0.499797
52348,-0.0067259,-0.0067259,-0.0176507
52349,0.0201777,0.0199087,0.0160023
52350,-0.152678,-1.9758,-0.988593
52351,0,-0.0130483,-0.0154616
52352,-0.353513,-2.98227,-1.66128
52353,-0.00255584,-0.0796347,-0.118315
52354,0.0269036,0.00282488,-0.0310856
52355,-0.0699494,-0.77886,-0.39114
52356,0.0981982,0.112995,0.121101
52357,-0.067259,-0.0799037,-0.10233
52359,0.0363199,0.0499062,0.0626995
52360,-0.0336295,-0.0363199,-0.0562607
52361,-0.0941626,-0.804014,-0.53494
52362,-0.0543453,0.0157386,-0.0108504
52363,0.262983,1.77039,1.04986
52364,0.00847464,0.0118376,0.00281413
52365,0.015066,0.0698149,0.135658
52366,0.00322843,0.00322843,-0.00501531
52367,-0.13963,-1.65524,-0.952339
52368,-0.0345711,-0.758278,-0.282747
52369,0.00134518,0.00134518,-0.00740578
52370,0.0457361,0.0434493,0.0451496
52371,-0.0067259,0.0593225,0.0611691
52372,-0.0538072,-0.0534037,-0.0772605
52373,0.0255584,0.852037,0.407513
52374,-0.00739849,-0.0208503,-0.0248787
52375,0.217919,2.20004,1.0619
52376,0.0203122,0.794598,0.31937
52377,-0.0391448,-0.871139,-0.436769
52378,0.02233,0.816794,0.401019
52379,0.249666,3.01495,1.27515
52380,0.193571,1.93531,1.14991
52381,0.0538072,1.30846,0.49585
52382,0.00659139,-0.0170838,-0.00630193
52383,0.0134518,-0.0127792,-0.00140021
52384,0,-0.0134518,-0.0100587
52385,0.000941626,0.000807108,-0.00792667
52386,0.00067259,-0.0123757,-0.0303476
52387,0,-0.572509,-0.195386
52388,0.00605331,0.551659,0.173407
52389,-0.0134518,-0.0141244,-0.0273032
52390,-0.000134518,0.0133173,0.0130182
52391,-0.412298,-3.97985,-2.0691
52392,-0.131828,-2.09485,-1.06507
52393,-0.16465,-1.41015,-0.741414
52394,0,-0.0403554,-0.0598392
52395,-0.0173528,-1.23232,-0.423409
52396,0.0138554,0.0138554,0.00847377
52397,0.152813,1.95899,0.810407
52398,-0.014797,-0.0146625,-0.0276725
52399,0.0269036,0.0106269,0.00139551
52400,-0.0134518,-0.533633,-0.16865
52401,-0.0573047,-0.0889164,-0.145169
52402,-0.0712946,-1.41446,-0.671197
52403,-0.0191016,0.00228681,-0.00597117
52404,0.0809799,0.121066,0.160467
52405,-0.0134518,-0.0403554,-0.0707925
52406,0.0161422,-0.63506,-0.252732
52407,0.0269036,0.746172,0.400935
52408,-0.18967,-2.18525,-1.16214
52409,0.0154696,0.0532692,-0.011083
52410,-0.0213884,-0.0497717,-0.0656676
52411,0.206889,2.05221,1.0044
52412,-0.10035,-0.772672,-0.437617
52413,0.0384722,0.044391,0.0460028
52414,0.0235407,0.0243478,0.0211652
52415,-0.0336295,-0.0470813,-0.0581745
52416,-0.0201777,-0.0478884,-0.0640523
52417,0.0141244,0.00067259,0.00244098
52418,0.0403554,0.665326,0.297782
52419,-0.00497717,-0.018429,-0.0377331
52420,-0.165323,-1.98508,-0.985802
52421,0.0321498,0.625105,0.29109
52422,0.0648377,0.660618,0.282622
52423,-0.0250204,-0.0648377,-0.106887
52424,0.0138554,0.040759,0.0214751
52425,0.0252894,0.0252894,0.0229873
52426,-0.125505,-1.35783,-0.704592
52427,0.0134518,-0.0131828,-0.0187038
52428,-0.0134518,-0.0270381,-0.0330381
52429,0.0612057,0.108422,0.10726
52430,0.0620128,0.627392,0.305796
52431,0.0134518,0.0134518,-0.00796639
52432,0.104521,1.362,0.64148
52433,0.0142589,0.0285178,0.0476138
52434,-0.110305,-0.780474,-0.5021
52435,0.0403554,0.0403554,0.058039
52436,0.0169493,0.0320153,0.0209205
52437,-0.0102234,0.00336295,-0.0156803
52438,-0.0121066,-0.0247513,-0.03071
52439,0.0977946,0.711601,0.3629
52440,0.000269036,0.000269036,-0.00877176
52441,0.0096853,0.541435,0.17528
52442,-0.0934901,-0.706892,-0.398751
52443,-0.0067259,-0.0067259,-0.0176507
52444,0,-0.0142589,-0.0155134
52445,0.0248858,0.116493,0.142593
52446,-0.0242133,-0.644072,-0.290016
52447,-0.0138554,0.0125102,0.000396355
52448,0.011434,-0.0149315,-0.0390955
52449,0.00269036,0.0160076,0.0163809
52450,-0.000403554,-0.0138554,-0.00255452
52451,-0.477001,-4.80714,-2.51078
52452,0.0400864,0.0602641,0.0381187
52453,0.0269036,0.0269036,0.0267043
52454,-0.0131828,-0.000134518,-0.0036962
52455,-0.04466,-0.581253,-0.411205
52456,0.0107614,0.0102234,0.0203324
52457,-0.0470813,-0.607215,-0.348232
52458,-0.0269036,0.0236752,0.0300618
52459,0.0134518,0.0134518,0.00527376
52460,0.0260965,0.0395483,0.0306671
52461,0.0135863,0.0766753,0.0969741
52462,0,-0.0269036,-0.0221146
52463,-0.0468123,-0.0575737,-0.0906934
52464,0.0273072,0.055556,0.0548699
52465,0,-0.00309392,-0.0230365
52466,-0.0269036,-0.0242133,-0.0419374
52467,-0.194244,-1.34115,-0.755665
52468,0.145683,0.697207,0.451282
52469,0.0135863,0.607215,0.217205
52470,-0.0213884,-0.648108,-0.291475
52471,-0.0242133,-0.591879,-0.332415
52472,0.11165,1.37289,0.745176
52473,-0.0269036,-0.0403554,-0.065565
52474,-0.0578428,-1.21537,-0.607206
52475,-0.0134518,-0.018698,-0.0192107
52476,-0.0134518,-0.0134518,-0.026188
52477,0,0,0.00812698
52478,0.273206,2.6005,1.38865
52479,0.0134518,-0.0106269,-0.00344844
52480,-0.0465432,-0.193168,-0.235711
52481,0.107614,0.775631,0.40018
52482,0.0470813,0.638961,0.310348
52483,-0.067259,-0.684024,-0.381962
52484,0.000807108,-0.0125102,-0.011418
52485,-0.0106269,0.00282488,-0.0162281
52486,0.156041,0.813969,0.512143
52487,0.00632235,0.0197742,0.00221142
52488,0.0204467,0.0338986,0.0232147
52489,0,0.0201777,0.000655425
52490,-0.0134518,-0.0134518,-0.026188
52491,0.0333605,0.621608,0.24292
52492,-0.115955,-0.786258,-0.555497
52493,-0.0340331,-1.16493,-0.465895
52494,0.0445255,0.602372,0.292582
52495,-0.0134518,-0.0134518,-0.026188
52496,-0.204736,-1.98051,-1.05045
52497,0.0134518,0.0269036,0.028754
52498,0,-0.0134518,-0.0532402
52499,0.00618783,0.0326879,0.0273893
52500,-0.184155,-1.39993,-0.739585
52501,-0.0431803,-1.29272,-0.524318
52502,0.260427,3.06271,1.52009
52503,-0.150257,-0.981982,-0.546044
52504,-0.0289214,-0.607484,-0.265905
52505,0.0052462,-0.762179,-0.354623
52506,-0.00067259,-0.0141244,-0.016594
52507,0,-0.0133173,-0.0152645
52508,0.0800382,0.860781,0.482658
52509,0.0415661,0.631831,0.249289
52510,0.0173528,0.832532,0.331329
52511,0.0201777,0.0336295,0.0228732
52512,0.232178,2.91998,1.37012
52513,-0.0403554,-0.0809799,-0.0755946
52514,0.0134518,0,-0.0143407
52515,0.110977,1.90114,0.80618
52516,-0.0129137,0.0143934,0.00201098
52517,0.0780205,0.117434,0.1259
52518,0.306029,3.55625,1.72711
52519,-0.18281,-1.42751,-0.753559
52520,0.0255584,0.0429113,0.0627267
52521,-0.00269036,0.0242133,0.0161483
52522,-0.0135863,-0.0614748,-0.0731822
52523,0,0.0134518,-0.00248622
52524,0,0,-0.00911326
52525,-0.185769,-1.3928,-0.67329
52526,0.0201777,0.0470813,0.0454282
52527,0.000134518,0,-0.00916553
52529,0.0134518,0.0134518,0.00796153
52530,0.180523,1.40746,0.730338
52531,-0.0199087,-0.0200432,-0.034607
52532,-0.0067259,-0.0739849,-0.0975586
52533,-0.0103579,0.00309392,-0.0151366
52534,0,0,-0.00911326
52535,0.0134518,0.0134518,0.00796153
52536,0,-0.000538072,-0.0100053
52537,-0.0403554,-0.0583808,-0.0903819
52538,-0.250742,-2.61207,-1.31598
52539,-0.0591879,-0.0729088,-0.106646
52540,-0.0649722,-0.792042,-0.383304
52541,-0.018698,0.0216574,-0.0296523
52542,-0.475387,-5.38879,-2.89128
52543,0.0174873,0.0862261,0.0401806
52544,-0.186846,-2.5362,-1.30312
52545,0.0528656,0.0365889,0.0512394
52546,-0.0313427,-0.0219264,-0.0438349
52547,0.110439,0.893603,0.588283
52548,0.0590534,0.410549,0.214344
52549,-0.0422387,-0.0469468,-0.0640295
52550,0.0306701,0.0293249,0.0294251
52551,-0.0629545,-0.116762,-0.178232
52552,-0.0586499,-1.11421,-0.579716
52553,-0.0484265,-0.472024,-0.310059
52554,0.0227336,0.432879,0.221242
52555,-0.0185635,-1.36173,-0.614654
52556,0.126312,2.72399,1.20135
52557,0.074254,1.34801,0.592623
52558,0.155637,1.96504,0.936465
52559,0.00430458,0.383376,0.120557
52560,-0.102368,-1.14488,-0.515615
52561,0.044391,0.0461397,0.0640204
52562,0.0273072,0.749804,0.33665
52563,0.0107614,-0.0161422,-0.008202
52564,0.0955078,1.11569,0.376908
52565,-0.0575737,-0.736352,-0.312097
52566,0.160076,1.31074,0.641489
52567,0,0,-0.00911326
52568,0.0914723,0.0917413,0.122897
52569,0.0269036,0.0403554,0.0473385
52570,0.0477539,0.679316,0.412765
52571,0.131155,1.23084,0.580727
52572,0.0309392,0.0310737,0.0301909
52573,-0.0375305,-0.0726398,-0.0990328
52574,0.00269036,0.00605331,0.00662723
52575,0.0538072,0.0668555,0.0812969
52576,0.00403554,0.00390102,-0.00374359
52577,0.101427,2.4945,1.05207
52578,0.0539417,0.0539417,0.0777374
52579,0.0750611,1.14435,0.527408
52580,0.0246168,0.0380686,0.0496122
52581,0.178371,1.37989,0.661362
52582,0.0564976,1.27752,0.583912
52583,-0.12564,-1.33159,-0.759352
52584,0.0593225,0.681469,0.41922
52585,0.041297,0.0548834,0.0656748
52586,0.074254,0.721151,0.39584
52587,-0.0977946,-0.744019,-0.443616
52588,-0.0134518,-0.595781,-0.312472
52589,-0.055556,-0.0425077,-0.0575287
52590,0.2233,1.43585,0.877485
52591,-0.00618783,0.00726398,-0.0119057
52592,-0.0269036,-0.0269036,-0.0432628
52593,0.0134518,-0.0130483,-0.0207765
52594,0.0134518,0.0269036,0.0302637
52595,-0.0134518,-0.0134518,-0.0418632
52596,-0.0134518,0,-0.0198138
52597,0.0134518,0.0139899,0.00885362
52598,-0.746575,-6.53677,-3.59572
52599,-0.0217919,-0.0811144,-0.0608975
52600,0,0.0134518,-0.00273897
52601,0.00739849,0.0343021,0.0289544
52602,0.0390102,0.0255584,0.0181014
52603,-0.0242133,-0.0103579,-0.033377
52604,0.0247513,0.0411625,0.0491033
52605,-0.0131828,0.000269036,-0.00354434
52606,0.00134518,0.00134518,-0.00740578
52607,0.0134518,0.025962,0.00948145
52608,0.111112,1.30711,0.669093
52609,-0.0267691,-0.0402209,-0.0656218
52610,-0.137746,-1.26312,-0.66484
52611,0.0269036,0.0306701,0.0312809
52612,0.00403554,0.00363199,-0.0234098
52613,0.0793657,1.2342,0.600077
52614,-0.1173,-0.770789,-0.46842
52615,0.0912032,0.133038,0.158361
52616,0.00807108,0.659542,0.302184
52617,-0.00134518,-0.0360508,-0.0702415
52618,0.000134518,-0.0267691,-0.037619
52619,0.0361854,0.0496372,0.0272643
52620,-0.262983,-2.75009,-1.3183
52621,-0.0538072,-0.08932,-0.152001
52622,-0.0984672,-1.22385,-0.673149
52623,-0.273206,-3.73516,-1.753
52624,0.0550179,1.26662,0.63608
52625,-0.00376651,-0.661963,-0.288057
52626,-0.0134518,-0.0146625,-0.0264995
52627,0,-0.0134518,-0.0157403
52628,-0.13667,-1.35769,-0.694449
52629,0.00121066,-1.07184,-0.41041
52630,0.200163,1.40437,0.789236
52631,-0.0067259,0.00605331,-0.011355
52632,-0.0269036,0,-0.0145863
52633,0.041028,0.675819,0.286327
52634,-0.00349747,-0.0169493,-0.0358549
52635,0.0130483,0.0130483,0.00744929
52636,0.00807108,0.00807108,0.00113161
52637,0.17178,1.32218,0.710528
52638,-0.0897235,-0.732451,-0.423207
52639,0.0396828,0.0538072,0.047963
52640,-0.0161422,-0.0160076,-0.02938
52641,0.0134518,0.0134518,0.00796153
52642,0.0417006,0.0694113,0.0559052
52643,-0.0659139,-0.0793657,-0.0821665
52644,0.229622,2.03216,1.00743
52645,-0.166937,-2.09673,-1.07379
52646,-0.00134518,0.0121066,-0.00444645
52647,0.00807108,-0.514666,-0.186666
52648,0.0134518,0.554349,0.219612
52649,0.00430458,0.0231371,0.00113938
52650,-0.00430458,-0.00430458,-0.0145772
52651,0.0107614,0.0014797,-0.0117825
52652,0.00403554,-0.0102234,-0.0266907
52653,-0.014797,-0.0127792,-0.0269739
52654,0.0430458,0.0430458,0.0500152
52655,-0.0691423,-0.646628,-0.355447
52656,0.0199087,0.0367234,0.0237648
52657,0.0014797,0.0235407,0.0293406
52658,0,-0.0269036,-0.0377898
52659,-0.0161422,-0.0564976,-0.0489786
52660,-0.0212539,-0.0433148,-0.083843
52661,0.00645687,0.0476194,0.0347838
52662,-0.0382031,-0.712811,-0.341876
52663,0.00538072,0.00538072,-0.00228334
52664,-0.0178909,0.00834012,-0.00322483
52665,0.0156041,0.0431803,0.0556293
52666,0.0161422,0.668958,0.261377
52667,0.120528,1.30738,0.631103
52668,0,-0.0330914,-0.0401183
52669,0.0874367,1.20286,0.538843
52670,-0.0107614,-0.0107614,-0.0199511
52671,-0.0807108,-0.0538072,-0.0669576
52672,0.0138554,0.0273072,0.0151008
52673,0.0134518,0.0134518,-0.0133953
52674,0.0169493,-0.00995434,-0.0165283
52675,0.014797,0.014797,-0.00600616
52676,0.00726398,-0.00605331,-0.0062577
52678,0.0538072,0.0686042,0.0891472
52679,0.179716,1.33469,0.702032
52680,-0.0364544,-0.0875713,-0.177809
52681,-0.0289214,-0.611116,-0.242785
52682,-0.0201777,-0.0470813,-0.0625166
52683,0.0940281,1.29016,0.539912
52684,0,-0.0269036,-0.0377898
52685,-0.14232,-1.33684,-0.660634
52686,0.125102,0.771999,0.446904
52687,-0.0228681,-0.0766753,-0.0957461
52688,0.0885129,1.23743,0.564488
52689,0.0067259,0.0238097,0.0295571
52690,0.0154696,0.0827286,0.07425
52691,-0.0990053,-1.34693,-0.666241
52692,0,-0.0137208,-0.0159336
52693,0.0343021,0.685235,0.313302
52694,-0.0517895,-0.675819,-0.340977
52695,0.0201777,0.0201777,0.000571001
52696,-0.0948352,-1.25384,-0.502692
52697,-0.000538072,0,-0.00890416
52698,0,-0.0285178,-0.0225409
52699,-0.270516,-2.58853,-1.2158
52700,0.0196396,0.0369925,0.021593
52701,-0.0294595,-0.0543453,-0.0667172
52702,0.0152005,0.0421042,0.0229298
52703,-0.0215229,-0.0484265,-0.0651094
52704,-0.0938936,-0.769981,-0.389774
52705,0.0821905,0.806705,0.414672
52706,-0.0133173,-0.673397,-0.299218
52707,0.0134518,0,0.00289956
52708,-0.0134518,-0.0134518,-0.026188
52709,-0.0161422,-0.029594,-0.0519052
52710,-0.0235407,-0.0377996,-0.045766
52711,0.359029,1.62955,1.03809
52712,0.31531,2.80968,1.88176
52713,0,0.0168148,-0.0300788
52714,-0.100889,-1.11139,-0.588002
52715,0.0349747,0.0625509,0.064289
52716,-0.0349747,-0.0356473,-0.0538391
52717,0,-0.0127792,-0.0127033
52718,0.0134518,0.0267691,0.0302551
52719,0.0134518,0.00134518,0.00454632
52720,0.0269036,0.0746575,0.081137
52721,0.0100889,0.0291904,0.00281836
52722,0.0470813,1.04521,0.479526
52723,0.0164112,-0.0205813,-0.0339379
52724,0.0269036,0.0538072,0.0380376
52725,0.138688,1.78842,0.805823
52726,0.143396,3.42026,1.45763
52727,0,-0.014797,-0.0164054
52729,0.216036,1.76528,0.958182
52730,0.0269036,0.026231,0.0239212
52731,0.0146625,0.0279798,0.0156495
52732,0.0788276,1.82581,0.763411
52733,0.0918758,1.79756,0.676231
52734,0.0574392,0.0804418,0.0968759
52735,0.0860916,1.79635,0.705558
52736,0,-0.0269036,-0.0380425
52737,-0.044391,-0.0862261,-0.0988829
52738,0.117703,1.44472,0.649939
52739,0.0403554,0.0473504,0.0979937
52740,0.121066,1.37208,0.659021
52741,0.0067259,0.0067259,-0.000575865
52742,-0.263252,-3.02397,-1.59704
52743,-0.244554,-1.89334,-0.893923
52744,-0.0209848,-0.933824,-0.306483
52745,-0.0290559,-0.755319,-0.364287
52746,0,-0.0134518,-0.0154875
52748,0,-0.0134518,-0.0314155
52749,0.0995434,0.856746,0.444263
52750,-0.0447945,-0.0716981,-0.0946488
52752,0.055825,1.01131,0.383065
52753,0.0205813,0.0138554,0.00287529
52754,-0.109767,-1.09525,-0.503338
52755,0.0269036,0.0269036,0.0250363
52756,0.0302666,0.0302666,0.029305
52757,0.0201777,0.0343021,0.0391325
52758,-0.171107,-1.86079,-0.848916
52759,-0.0067259,0.0157386,-0.0103902
52760,0.00322843,0.00322843,-0.00501531
52761,0,0.000807108,-0.00832308
52762,0.0269036,0.0270381,0.0251026
52763,0.0942972,1.04642,0.423687
52764,-0.0582463,-1.03377,-0.419093
52765,0.0138554,0.040759,0.0371503
52766,-0.0564976,-0.817332,-0.425622
52767,0.0309392,0.0477539,0.053349
52768,-0.0363199,-0.0364544,-0.0552789
52769,0.0581118,0.074254,0.0772086
52770,0.0029594,0.029863,0.0204977
52771,0.00686042,0.0203122,0.0218971
52772,0,0.00336295,-0.00353771
52773,0.025962,-0.0149315,-0.0274052
52774,0.0439874,-0.849213,-0.221439
52775,-0.0571702,-0.0673935,-0.102454
52776,-0.00659139,-0.573451,-0.270708
52777,0,0.0302666,0.0251388
52778,-0.00538072,-0.0322843,-0.0446197
52779,0.0839393,1.64421,0.792815
52780,-0.00712946,-0.00712946,-0.0340075
52781,0.0110305,-0.00242133,-0.0174141
52782,-0.0215229,-0.0216574,-0.0366559
52783,-0.00807108,-0.00376651,-0.0200048
52784,0,0,-0.00911326
52785,0.0269036,0.00659139,0.0134271
52786,-0.0326879,-0.0601296,-0.0961015
52787,0.0252894,0.0656448,0.073966
52788,0.238501,1.95105,0.941996
52789,0.00901271,-0.0044391,-0.0199754
52790,0.000134518,0.0277107,0.03615
52791,-0.0134518,-0.0134518,-0.026188
52792,0.00807108,0.00793657,0.0169958
52793,-0.00793657,-0.00793657,-0.0191874
52794,0.0886474,1.7712,0.700582
52795,0.00228681,0.0357818,0.0174661
52796,0.00955078,-0.0441219,-0.0682986
52797,0.0960459,0.157386,0.187604
52798,0.000807108,-0.0126447,-0.0144631
52799,0,-0.0134518,-0.0154875
52800,-0.0680661,-1.04964,-0.430819
52801,-0.0316117,-0.0402209,-0.0777161
52802,-0.0538072,-0.067259,-0.0840112
52803,-0.0899926,-2.4446,-0.951805
52804,-0.00390102,-0.0456016,-0.0504106
52805,-0.0162767,-0.010896,-0.0208529
52806,-0.0282488,0.0121066,-0.0590156
52807,0.00739849,-0.0138554,-0.0163116
52808,-0.0125102,-0.924812,-0.328283
52809,-0.215901,-2.24309,-1.10202
52810,-0.0282488,-0.0476194,-0.0931852
52811,0.000134518,0.0135863,-0.00539023
52812,0.0067259,0.0193706,0.0026727
52813,-0.00618783,0.00659139,-0.0304584
52814,0.00403554,0.0174873,-0.000438544
52815,-0.0227336,-0.0456016,-0.0489829
52816,0.0879748,0.0573047,0.0706292
52817,-0.0134518,-0.0269036,-0.0484903
52818,-0.0250204,-1.5296,-0.618365
52819,-0.0305356,-0.0170838,-0.0584862
52820,0.0273072,0.0575737,0.0757285
52821,-0.0168148,-0.0302666,-0.0527589
52822,0.217919,2.43249,1.21453
52823,-0.0209848,-0.0620128,-0.0871176
52824,-0.015066,-0.0283833,-0.031723
52825,0.957231,9.76359,4.84754
52826,-0.117838,-1.43746,-0.578943
52827,-0.0067259,-0.76904,-0.332238
52828,-0.121873,-2.18632,-0.983738
52829,0.0269036,0.0721017,0.077475
52830,0.306701,3.33376,1.35119
52831,-0.0067259,-0.0540763,-0.0560161
52832,0.0134518,0.0100889,0.00719423
52833,-0.00134518,-0.00134518,-0.0108207
52834,0.0363199,0.0435839,0.0572199
52835,-0.0234061,0.659408,0.220218
52836,-0.0934901,-0.025962,-0.123389
52837,0.0343021,0.0478884,0.0569527
52838,-0.0067259,-0.0201777,-0.0240249
52839,0.0067259,0.0131828,0.00260511
52840,0.0712946,0.775362,0.452069
52841,0.0497717,0.672994,0.235201
52842,0.00470813,0.0182945,0.00326939
52843,0.0809799,0.762448,0.412866
52844,0.0134518,-0.0133173,-0.00140867
52845,0.647435,7.82599,3.8874
52846,0.288003,3.13494,1.49348
52847,-0.085419,-1.5705,-0.815245
52848,0.0180254,1.25828,0.488708
52849,-0.0511169,-0.720075,-0.299855
52850,0.0361854,0.0299975,0.0351839
52851,0.191016,1.59148,0.850362
52852,0.155234,1.15538,0.539152
52853,-0.0146625,-0.0550179,-0.0787035
52854,0.0215229,0.0582463,0.0673958
52855,-0.00632235,-0.00403554,-0.000660784
52856,0.00834012,0.00887819,0.00162997
52857,0.0486955,0.693306,0.267921
52858,0.0564976,0.0618783,0.0699567
52859,0.0399519,1.57534,0.559916
52860,0.169358,1.7256,0.868388
52861,0.00538072,0.738235,0.302181
52862,-0.000269036,-0.790294,-0.330525
52863,0.705682,8.53235,4.73051
52864,0.302397,2.50688,1.48993
52865,0.146625,0.0508478,0.0989236
52866,-0.0516549,-0.903692,-0.432077
52867,0.100754,0.907459,0.452022
52868,-0.0134518,-0.041028,-0.0378019
52869,0,0.0166802,0.0152817
52870,-0.0201777,-0.0200432,-0.0345024
52871,-0.207965,-2.36335,-1.25131
52872,-0.130752,-1.43988,-0.805473
52873,0.0336295,0.830784,0.419508
52874,-0.0710255,-0.195455,-0.115015
52875,0,0.00564976,0.000253669
52876,0.0269036,0.0414316,0.0320683
52877,0.0067259,0.0174873,0.00472576
52878,0,0.0134518,-0.00405129
52879,-0.0304011,-0.0513859,-0.0631724
52880,0.0067259,0.0430458,0.0255841
52881,-0.456823,-6.54202,-3.61285
52882,0.0336295,0.00860916,0.0260175
52883,0.0134518,0.0269036,0.0145886
52884,0.00242133,-0.0513859,-0.0793207
52885,-0.305087,-2.55436,-1.28374
52886,0.0336295,0.0302666,0.022659
52887,0.0134518,0.0318808,0.00418958
52888,-0.230564,-1.86052,-1.11537
52889,-0.0622819,-1.28155,-0.579001
52890,-0.0185635,0.0279798,0.00451386
52891,0.0538072,0.067259,0.0658129
52892,0.0808454,0.70474,0.437618
52893,-0.174604,-1.26339,-0.801797
52894,-0.0628199,-1.34128,-0.681336
52895,-0.158731,-1.37128,-0.82983
52896,0.00390102,-0.449694,-0.110474
52897,-0.0164112,-0.0285178,-0.054684
52898,-0.0831322,-1.2677,-0.631716
52899,-0.0507133,-0.637347,-0.380128
52900,-0.0134518,0.107614,0.0648056
52901,0.082056,0.710255,0.449381
52902,0.143934,1.31747,0.681092
52903,0.0382031,0.535247,0.218329
52904,-0.0484265,-0.0625509,-0.0772881
52905,0.0626854,0.0612057,0.0206429
52906,0.0799037,0.72142,0.343794
52907,0.0921449,1.25129,0.57069
52908,0.00457361,-0.645014,-0.258251
52909,0.0376651,0.0612057,0.0492443
52910,0.194648,2.18605,1.21381
52911,0.0228681,0.00659139,0.00974708
52912,0.176891,3.29246,1.37675
52913,0.0538072,-0.00995434,0.0516202
52914,0.176622,2.86147,1.13964
52915,-0.0269036,-0.00282488,-0.0183204
52916,-0.00228681,-0.00228681,-0.012016
52917,0.0270381,0.025693,0.0248852
52918,0.029594,0.0100889,0.0125696
52919,0.176219,1.35567,0.85209
52920,-0.00632235,1.28169,0.369331
52921,-0.0014797,-0.880152,-0.387206
52922,-0.61273,-5.52493,-2.8596
52923,0.025693,0.051924,0.0524236
52924,0.0117031,0.0251549,0.0108038
52925,-0.240384,-3.39793,-1.66802
52926,0.197473,2.16547,1.09382
52927,0.00941626,-0.0174873,-0.0245251
52928,-0.0403554,-0.0403554,-0.0616499
52929,0.0886474,0.82621,0.344369
52930,0.211597,2.1005,1.01742
52931,0.0761372,1.19022,0.533517
52932,0.0271726,1.08166,0.366065
52933,0.0942972,0.715098,0.385633
52934,0.011434,0.037127,0.0275849
52935,-0.082056,-1.13089,-0.577583
52936,0,0.0343021,0.0670315
52937,0,0.0134518,-0.00273897
52938,-0.236886,-3.37681,-1.65436
52939,0.139764,1.75264,0.888606
52940,-0.0185635,-0.0170838,-0.0319475
52941,0.0267691,0.0402209,0.0312399
52942,-0.0162767,-0.0387412,-0.035895
52943,-0.033495,-0.0477539,-0.0756416
52944,0.0493681,0.0905307,0.0892524
52945,0.0403554,0.0403554,0.0421111
52946,-0.0470813,-0.0739849,-0.113479
52947,-0.254105,-2.84371,-1.45971
52948,0.0201777,0.0067259,0.0129466
52949,-0.211462,-2.93586,-1.49196
52950,-0.0067259,0.0470813,0.0242799
52951,-0.0336295,-0.0338986,-0.0519302
52952,0.0796347,0.654296,0.363903
52953,-0.138285,-0.715502,-0.458364
52954,0.0255584,0.0118376,0.0181343
52955,0.0437184,0.604255,0.293671
52957,-0.2346,-2.34061,-1.13817
52958,-0.0566321,-1.14354,-0.567449
52959,0.122411,1.1091,0.5639
52960,0.0578428,0.0844773,0.0931363
52961,-0.067259,-0.0538072,-0.107806
52962,-0.0878403,-0.660349,-0.383128
52963,0.0712946,0.630486,0.339061
52964,-0.0014797,-0.0425077,-0.0475825
52965,0,0.0403554,0.00780947
52966,0.0628199,0.0769443,0.0773316
52967,0.114744,1.2564,0.635007
52968,0.0422387,0.0447945,0.0451132
52969,-0.00269036,-0.096853,-0.136788
52970,-0.00941626,0.00417006,-0.0146407
52971,-0.104521,-0.715098,-0.392141
52972,0,0.0134518,-0.0218222
52973,-0.0107614,0.00188325,-0.0167964
52974,-0.188594,-2.28573,-1.13491
52975,0.0255584,0.0517895,0.0519267
52976,0.156579,1.78021,0.84003
52977,0.0404899,0.0271726,0.0359713
52978,-0.201374,-1.81088,-0.890204
52979,-0.329704,-4.76073,-2.45505
52980,-0.419427,-6.30796,-2.85884
52981,0.370463,3.67759,1.88948
52982,0.149046,4.17746,1.66049
52983,-0.172183,-2.64395,-1.26166
52984,-0.1855,-2.73798,-1.39482
52985,-0.390909,-6.07645,-2.91122
52986,0.192361,1.80833,1.00426
52987,-0.0960459,-0.711601,-0.422348
52988,0.0582463,0.639364,0.299951
52989,-0.103579,-1.75143,-0.825754
52990,0.149315,2.47769,1.21539
52991,0.044391,1.79434,0.730143
52992,0.0780205,0.762448,0.389372
52993,-0.0134518,-0.0543453,-0.0957041
52994,0.0404899,1.1769,0.469505
52995,0.103579,0.683621,0.330253
52996,0.134115,2.01199,0.948634
52997,-0.033226,-1.32164,-0.576221
52998,0.0134518,0.655776,0.225029
52999,0.00134518,0.0282488,0.0212707
53000,0.282219,2.64247,1.37285
53001,-0.063358,-0.268364,-0.350057
53002,0.126716,1.32231,0.694587
53003,0.0564976,0.0478884,0.0419297
53004,0.0137208,0.000269036,0.00192874
53005,0.0143934,1.05812,0.475601
53006,0.0936246,1.18389,0.5606
53007,-0.165995,-2.286,-1.18995
53008,0.15631,2.2217,1.11066
53009,-0.0174873,-0.0372615,-0.0385346
53010,-0.0067259,-0.505653,-0.219892
53011,-0.0067259,-0.0100889,-0.0184554
53012,0.0605331,0.574661,0.299702
53013,0.014797,0.00134518,0.00611673
53014,0.0547489,0.118779,0.0251956
53015,-0.0281143,-0.0617438,-0.0739083
53016,0.0149315,0.0285178,0.0291309
53017,0.0451981,0.0651067,0.0624219
53018,0.0196396,1.04911,0.524378
53019,0.0538072,0.0403554,0.0209558
53020,-0.070622,-0.642996,-0.357389
53021,-0.229219,-1.70219,-0.931877
53022,-0.0858225,-1.13062,-0.562028
53023,0.00242133,0.502963,0.205412
53024,0.0566321,0.0942972,0.096497
53025,0.0887819,0.709179,0.462617
53026,-0.0873022,0.307508,0.00671669
53027,0,0.0134518,0.0131889
53028,-0.100081,-1.6165,-0.833452
53029,-0.0134518,-0.0029594,-0.0124784
53030,0.00269036,0.00269036,-0.0056983
53031,-0.0836702,-1.17919,-0.535849
53032,-0.00726398,-0.0146625,-0.0182115
53033,0,-0.0205813,-0.0267905
53034,0.0215229,0.0336295,0.0185647
53035,0.0146625,0.0104924,0.00258136
53036,0,-0.0168148,-0.0162923
53037,0.0129137,0.0129137,0.00727854
53038,-0.169627,-1.19304,-0.589051
53039,0,-0.0134518,-0.0348236
53040,0.0945662,1.23165,0.556227
53041,-0.0470813,-0.713618,-0.360734
53042,-0.0217919,-0.0495026,-0.062678
53043,-0.00645687,-0.483861,-0.210739
53044,0.0255584,1.10856,0.424271
53045,-0.0403554,-0.674205,-0.328529
53046,-0.0134518,-0.0134518,-0.026188
53047,0,-0.0134518,-0.0166325
53048,-0.0317463,-0.00390102,-0.00774955
53049,0.0129137,-0.473773,-0.213091
53050,0.0356473,1.11421,0.456328
53051,-0.0269036,-1.15457,-0.542653
53052,-0.0807108,-0.672725,-0.362394
53053,-0.102234,-0.628872,-0.387862
53054,0.00941626,0.0228681,0.0251413
53055,0.10748,1.22142,0.605439
53056,-0.108287,-1.29379,-0.709744
53057,0.0269036,0.0777514,0.0909579
53058,0,-0.0162767,-0.0328071
53059,0.0174873,0.0309392,0.0353862
53060,-0.0983327,-2.10669,-0.975112
53061,0.195993,3.15203,1.33364
53062,-0.230968,-3.33174,-1.50683
53063,0.00941626,0.00390102,-0.0391847
53064,0.0134518,0.00322843,-0.0133338
53065,-0.00403554,-0.0211193,-0.0219297
53066,-0.0511169,-0.0653758,-0.0966034
53067,0.000941626,0.0691423,0.0567786
53068,0.0380686,0.0382031,0.039259
53069,-0.0134518,-0.0134518,-0.026188
53070,-0.0403554,-0.0403554,-0.0619027
53071,0,-0.00242133,-0.0256996
53072,-0.307508,-2.34747,-1.51742
53073,-0.486148,-4.73894,-2.63217
53074,-0.0201777,-0.112861,-0.0887567
53075,0.0543453,0.0840738,0.0739562
53076,0,0.00134518,-0.00822308
53077,0.00766753,0.0240787,0.00438872
53078,-0.0269036,-0.0539417,-0.0691528
53079,-0.0994088,-0.688329,-0.425994
53080,-0.0343021,0.607349,0.276118
53081,0.0174873,0.00349747,-0.00947069
53082,0,0,0.00656191
53083,0.0599951,0.0729088,0.0884504
53084,0.0014797,0.0014797,-0.00723503
53085,-0.16196,-0.772941,-0.523797
53086,0.014797,-0.80805,-0.355217
53087,-0.0121066,0.823789,0.345104
53088,-0.00322843,-0.0293249,-0.0574332
53089,0.0470813,0.0595915,0.0725176
53090,-0.165861,-2.37344,-1.25818
53091,-0.0106269,0.0188325,0.00465594
53092,0.00403554,0.0243478,0.0295131
53093,-0.0169493,-0.0134518,-0.0346067
53094,0.107614,1.44284,0.69854
53095,-0.0156041,-0.0386067,-0.0519381
53096,0.0403554,0.0780205,0.104839
53097,-0.0398173,-0.0532692,-0.0819568
53098,0.00282488,0.0267691,0.0227281
53099,0.0464087,0.00470813,-0.00757064
53100,-0.129541,-1.36092,-0.731283
53101,-0.124698,-0.0548834,-0.139581
53102,0.106269,0.893738,0.518503
53103,0.0807108,0.62376,0.340866
53104,0.0134518,0,0.00158724
53105,-0.0107614,-0.0618783,-0.0788936
53106,0.0067259,0.0200432,0.0217177
53107,0.000134518,0.0135863,0.0133597
53108,0.154427,1.49181,0.765668
53109,-0.00941626,-0.0901271,-0.104895
53110,-0.0126447,-0.0126447,-0.0251636
53111,0.00591879,0.0126447,-0.00620541
53112,-0.0067259,-0.617841,-0.294339
53113,0.029594,0.0161422,0.022077
53114,0.0686042,0.743481,0.481225
53115,0.00618783,0.00121066,-0.00904596
53116,0.0281143,0.0415661,0.0488753
53117,-0.0176219,0.0234061,0.00659601
53118,0.00470813,-0.00874367,-0.0254393
53119,0.00659139,-0.0203122,-0.0137479
53120,0.0142589,0.0398173,0.0215774
53121,-0.00134518,-0.0711601,-0.110312
53122,-0.0134518,-0.0134518,-0.026188
53123,0,0.0269036,0.0195632
53124,-0.229353,-1.60319,-0.886552
53125,0.00228681,0.0291904,0.00547846
53126,-0.105597,-1.38755,-0.650006
53127,-0.219937,-1.49934,-0.851124
53128,0.0309392,0.0430458,0.0261683
53129,0.200432,1.5179,0.887205
53130,0.0269036,0.067259,0.0587748
53131,0.0542108,1.41378,0.666283
53132,-0.0780205,-1.47324,-0.761422
53133,-0.0847464,-0.125102,-0.134748
53134,0.0305356,0.111246,0.132109
53135,0.0367234,0.720613,0.263279
53136,-0.0386067,-0.0403554,-0.060858
53137,0.0874367,0.712273,0.374047
53138,0.0269036,0.0134518,-0.0129411
53139,0.0325534,0.0325534,0.0322077
53140,0,-0.0269036,-0.0349677
53141,0.166802,2.90169,1.29571
53142,-0.106135,-1.45441,-0.771418
53143,0,0.0133173,0.0129659
53144,-0.0130483,-0.0528656,-0.0925478
53145,0.166399,1.53364,0.811228
53146,-0.0645687,-0.726129,-0.400122
53147,0.00807108,-0.00538072,-0.00524267
53148,0.111381,0.77321,0.473289
53149,-0.0282488,-0.0945662,-0.14036
53150,-0.0170838,-0.0169493,-0.0309872
53151,0.0457361,0.0726398,0.0778703
53152,0.00807108,0.0215229,0.0234338
53153,0.13815,3.12311,1.55855
53154,-0.158731,-2.92079,-1.35934
53155,-0.115416,-1.38661,-0.698579
53156,-0.132097,-1.46638,-0.761975
53157,-0.0134518,0.0205813,0.0217947
53158,-0.00470813,0.00887819,-0.00865141
53159,0.000403554,0.0138554,-0.00353905
53160,0.018967,0.00551524,0.00834828
53161,-0.0143934,-0.0453326,-0.0408076
53162,0.0100889,-0.553945,-0.154612
53163,0.0886474,0.709179,0.303452
53164,-0.0770789,-0.103982,-0.118388
53165,0.119048,0.161287,0.178197
53166,-0.0129137,1.32541,0.567049
53167,-0.0649722,-1.48562,-0.799848
53168,-0.00269036,0.0107614,-0.00746625
53169,-0.0725052,-0.585826,-0.132572
53170,0.172183,2.2443,1.0623
53171,0.0987363,1.44217,0.625065
53172,-0.0684697,-0.78303,-0.37941
53173,0.107614,0.108422,0.132122
53174,-0.0269036,0.0269036,-0.00264459
53175,-0.0457361,-0.101023,-0.10695
53176,-0.200163,-2.12929,-1.08065
53177,0.0591879,0.708103,0.367629
53178,0.0134518,0.0134518,0.00796153
53179,0.0981982,0.823923,0.45016
53180,0.0712946,0.690212,0.342197
53181,0.0470813,0.687118,0.306794
53182,0.0403554,0.0707565,0.072925
53183,0.0632235,1.35433,0.588829
53184,0.0207158,1.42818,0.583421
53185,-0.0260965,-0.754377,-0.342852
53186,0.0551524,0.0690078,0.067638
53187,-0.0403554,-0.0815179,-0.0744668
53188,-0.0492336,-0.675953,-0.359623
53189,0.00941626,0.0195051,-0.0102642
53190,0.00645687,-0.0204467,-0.0141714
53191,-0.033226,-0.00632235,-0.0294336
53192,0.239308,1.6235,0.864395
53193,-0.22061,-1.62484,-0.879434
53194,0.0544798,0.0824596,0.0908835
53195,0.000134518,0.0135863,0.0133597
53196,0.0134518,0.0252894,0.0275875
53197,0.0375305,0.677567,0.294162
53198,-0.133442,-0.770116,-0.434808
53199,0.0215229,0.0215229,0.0370117
53200,0.0044391,-0.00901271,-0.0257808
53201,-0.00269036,-0.0161422,-0.0191553
53202,-0.0312082,0.0343021,0.00806602
53203,0,0.0130483,-0.00315529
53204,0.0067259,0.0201777,0.0044861
53205,0.0827286,0.0864951,0.0986264
53206,0.0134518,0.0403554,0.0196505
53207,-0.0215229,-0.0349747,-0.04306
53208,-0.00941626,-0.0632235,-0.059866
53209,-0.00134518,0.0121066,0.0114815
53210,-0.0197742,-0.0326879,-0.0562604
53211,-0.211731,-2.68781,-1.27549
53212,-0.0309392,-0.109901,-0.0951035
53213,-0.453191,-3.82179,-2.11047
53214,-0.39629,-5.02855,-2.64641
53215,-0.276973,-2.37922,-1.44139
53216,0.0273072,-0.621204,-0.325868
53217,0.426019,4.43977,2.48945
53218,0.0107614,0.0107614,0.00454657
53219,-0.130483,-1.85312,-0.9396
53220,0.0322843,0.0204467,-0.00540981
53221,-0.0134518,-0.0277107,-0.048794
53222,0.0345711,0.576813,0.320909
53223,0.0470813,1.11448,0.472344
53224,-0.0283833,-0.0278452,-0.044249
53225,0.00403554,0.00403554,-0.00399082
53226,0.343156,2.08826,1.28776
53227,-0.338851,-2.56109,-1.41605
53228,-0.0458707,-0.669496,-0.320885
53229,0.0309392,0.0309392,0.0301588
53230,-0.0135863,-0.473638,-0.232368
53231,-0.0663174,-0.106673,-0.144523
53232,0.0215229,0.0349747,0.0405086
53233,0.0367234,0.551255,0.301447
53234,-0.126851,-1.23044,-0.653553
53235,-0.0228681,-0.492202,-0.282766
53236,-0.0422387,0.442295,0.162225
53237,0.0382031,0.0382031,0.0393791
53238,0.0134518,0.0403554,0.0368908
53239,-0.0461397,-0.104117,-0.142401
53240,0.0855535,0.719941,0.390463
53241,-0.0901271,-0.103579,-0.130141
53242,0.0269036,0.0571702,0.038274
53243,-0.0134518,0.000807108,-0.00350387
53244,0.00834012,-0.0542108,-0.0767906
53245,0.0659139,0.107076,0.12593
53246,0,-0.0270381,-0.0539407
53247,0.141109,1.32164,0.782188
53248,0.0135863,-0.0117031,-0.0198429
53249,0.121739,1.7486,0.75715
53250,0.067259,1.37289,0.569125
53251,0.0129137,-0.0274417,-0.0223433
53252,-0.0996779,-0.713215,-0.36881
53253,-0.0466778,-1.26474,-0.571182
53254,0.0322843,0.598605,0.261667
53255,-0.0134518,-0.0269036,-0.0484903
53256,-0.0901271,-1.19412,-0.540835
53257,-0.251145,-2.39859,-1.17174
53258,-0.00322843,0.0107614,0.00934597
53259,-0.00269036,-0.00269036,-0.0125564
53260,-0.0512514,-1.38944,-0.64179
53261,0.194513,2.25802,1.10527
53262,-0.0239442,0.433148,0.0884015
53263,-0.105597,-1.1699,-0.513901
53264,-0.0271726,-0.0360508,-0.0637111
53265,0.0659139,1.14986,0.495085
53266,0.0269036,0.14084,0.209796
53267,-0.0242133,-0.0238097,-0.0396491
53268,0.0067259,0.0134518,-0.000103167
53269,0.00564976,-0.432476,-0.103544
53270,0.0309392,0.0551524,0.0527404
53271,-0.0282488,-0.037396,-0.0604957
53272,0,-0.0275762,-0.0380428
53273,0.0430458,0.0605331,0.0570391
53274,0.0305356,0.0178909,0.00764802
53275,-0.0208503,-0.00739849,-0.013277
53276,-0.0174873,-0.0450636,-0.0602401
53277,-0.179985,-1.29097,-0.861675
53278,-0.029594,-1.01373,-0.519973
53279,0.00403554,-0.581656,-0.236221
53280,0.0255584,0.624702,0.293789
53281,0.0753301,0.510631,0.298034
53282,-0.0363199,-0.0531346,-0.0623942
53283,0.0773479,0.0637616,0.0667551
53284,0.196127,1.22479,0.64679
53285,0.0255584,0.594839,0.224842
53286,-0.0067259,-0.597126,-0.217451
53287,0,-0.000403554,-0.00914162
53288,-0.0135863,0.000134518,-0.00376982
53289,-0.0134518,-0.0134518,-0.026188
53290,-0.00390102,-0.0442564,-0.0809716
53291,0.00753301,0.0207158,0.0224615
53292,-0.014528,-0.473369,-0.207978
53293,0.0172183,-0.0014797,0.011543
53294,-0.0195051,-0.0199087,-0.0341495
53295,0.0153351,0.0287869,0.0326542
53297,0.0948352,1.22707,0.607334
53298,0.0201777,-0.627258,-0.31174
53299,0,0.0134518,-3.33455e-05
53300,-0.300782,-1.85608,-1.08619
53301,-0.205947,-1.16869,-0.576321
53302,-0.0402209,-1.11085,-0.671206
53303,0.11434,1.18497,0.687887
53304,0.0228681,0.0228681,0.0300793
53305,-0.0208503,-0.0205813,-0.054535
53306,0.0201777,0.0201777,0.0164989
53307,0.014528,0.0029594,-0.012266
53308,-0.329838,-3.33847,-1.8938
53309,-0.261772,-3.74149,-1.72093
53310,-0.0197742,-0.0316117,0.0229744
53311,0.177833,2.98805,1.16693
53312,-0.0336295,-0.0450636,-0.0607375
53313,-0.145414,-1.59269,-0.773647
53314,0.0551524,0.0641651,0.0633834
53315,0.00107614,0.00107614,-0.00774728
53316,-0.0500407,-0.0500407,-0.0883066
53317,0,-0.0269036,-0.0380425
53318,-0.0188325,0.556636,0.261704
53319,0.0255584,-0.524889,-0.261941
53320,0.0457361,1.42091,0.615876
53321,-0.0325534,-0.887416,-0.393451
53322,-0.0797692,-0.677298,-0.45802
53323,-0.0875713,-1.50243,-0.492219
53324,-0.0269036,-0.0240787,-0.0425169
53325,0.0411625,0.0680661,0.0720648
53326,-0.0258275,0.508075,0.118092
53327,0,0.000134518,-0.0091038
53328,-0.338986,-5.50905,-2.20214
53329,-0.0712946,-0.617572,-0.341859
53330,0.0254239,0.0251549,0.0258476
53331,0.0146625,0.0281143,0.0158725
53332,0.16882,2.07857,0.940028
53333,0.0425077,0.558788,0.243536
53334,-0.251683,-2.62445,-1.17676
53335,0.0515204,1.84249,0.618832
53336,0.0889164,0.641113,0.339859
53337,0.0766753,1.40571,0.535566
53338,-0.0200432,-0.00659139,-0.0279092
53339,-0.0348402,-1.32029,-0.464487
53340,0.0807108,1.39979,0.499676
53341,0.0188325,-1.29756,-0.388226
53342,0.0789621,0.952388,0.39064
53343,-0.0435839,-0.0531346,-0.0689199
53344,0.0285178,-0.898043,-0.354046
53345,0.0309392,0.973642,0.433142
53346,-0.0133173,-0.0133173,-0.0260173
53347,0.0135863,0.0139899,0.00837306
53348,-0.0252894,-0.0660484,-0.0910321
53349,0,-0.00134518,-0.00946849
53350,0,0.0269036,-0.00179358
53351,-0.092952,-1.50418,-0.682288
53352,-0.0115686,-0.0117031,-0.0292272
53353,0.00497717,0.0044391,-0.00368768
53354,0.0134518,0.0134518,0.00796153
53355,0.0692768,0.582598,0.303938
53356,-0.0153351,-0.0153351,-0.0285785
53357,-0.00430458,-0.00376651,0.00443782
53358,-0.0641651,-0.567397,-0.279165
53359,0.0408935,0.519912,0.203587
53360,0.0403554,1.01198,0.461671
53361,0.0282488,0.015066,0.00488763
53362,0.0067259,-0.0067259,-0.00563783
53363,0.0269036,0.0269036,0.0250363
53364,0.0134518,0.000134518,-0.0142769
53365,-0.223031,-1.62498,-0.803812
53366,0.0542108,0.0542108,0.0596981
53367,0.0168148,0.0304011,0.0345987
53368,0.0139899,0.557712,0.244229
53369,0.0134518,0.0269036,0.0302069
53370,0.0605331,0.893738,0.432913
53371,-0.0359163,-0.0359163,-0.0547029
53372,0,-0.0134518,-0.0157403
53373,0,0.000134518,-0.00904952
53374,-0.0121066,-0.0391448,-0.0690936
53375,-0.0477539,-1.45589,-0.711207
53376,-0.196934,-1.51171,-0.765775
53377,0.00134518,0.0983327,0.12203
53378,-0.0174873,-0.081787,-0.144465
53379,-0.0201777,-0.0472158,-0.0623126
53380,0.0255584,0.052462,0.0491833
53381,0.0228681,0.00941626,-0.00238833
53382,0.0804418,0.138285,0.157038
53383,0.158597,2.83053,1.32224
53384,0.0269036,0.0134518,0.018662
53385,-0.0577082,-0.070622,-0.104133
53386,0.120125,1.45616,0.670786
53387,-0.12416,-1.01063,-0.51648
53388,-0.0309392,-0.547219,-0.295036
53389,0,0,-0.00911326
53390,0,0.0130483,-0.00267745
53391,-0.0645687,-0.896294,-0.41859
53392,0.0430458,0.0699494,0.0585274
53393,0.0504443,0.8819,0.381992
53394,0.152005,1.51965,0.750124
53395,-0.141244,-1.60467,-0.842433
53396,0.0174873,0.551255,0.288785
53397,0.0244823,0.789756,0.249309
53398,0.0423732,0.0423732,0.0606002
53399,0.0205813,0.0447945,0.0300895
53400,0.0733123,0.126716,0.124393
53401,0.0864951,1.47997,0.587957
53402,0.00632235,-0.00699494,-0.0218169
53403,0.0612057,0.0473504,0.0643557
53404,-0.0134518,-0.0137208,-0.0281992
53405,0.0285178,0.00322843,-0.00135858
53406,0.00390102,-0.00955078,-0.0264638
53407,0.0201777,0.0470813,0.0451754
53408,0.0638961,1.44419,0.616401
53409,-0.0203122,-0.0112995,-0.0204162
53410,0.089051,1.31088,0.610709
53411,0.0330914,-0.00686042,0.00192776
53413,-0.00228681,0.0110305,0.0274759
53414,0.00336295,0.070622,0.0204653
53415,-0.25128,-1.53848,-0.97491
53416,0.0305356,0.0980637,0.108688
53417,-0.00403554,-0.0309392,-0.0259247
53418,0.0269036,0.0269036,0.0250363
53419,-0.00712946,-0.0205813,-0.0245372
53420,-0.127927,-1.53633,-0.702136
53421,-0.41028,-3.31654,-1.78652
53422,0,0.0438529,0.0382899
53423,0.00659139,0.0251549,0.0319403
53424,0.0240787,0.0240787,0.0214506
53425,-0.0135863,-0.0270381,-0.0307486
53426,0,-0.0134518,-0.0157403
53427,0,0,-0.00754819
53428,0.0172183,0.0710255,0.0528552
53429,0.11165,1.46894,0.739322
53430,-0.00659139,-0.904365,-0.418922
53431,-0.0515204,-0.0690078,-0.0982849
53432,-0.102099,-0.623222,-0.410908
53433,0.0174873,0.0871677,0.0941393
53434,0.00067259,-0.0127792,-0.0150125
53435,0,0.00215229,-0.008756
53436,0.00941626,0.0228681,0.0251413
53437,0.374498,6.62475,2.95812
53438,-0.177564,-1.35554,-0.747985
53439,-0.171511,-1.203,-0.576768
53440,0.044391,0.0343021,0.0328248
53441,0.148104,1.32621,0.665332
53442,0.0152005,0.0286523,0.0324835
53443,-0.0349747,-0.0835357,-0.118198
53444,-0.0460052,-0.0686042,-0.110448
53445,0.0231371,-0.697207,-0.250856
53446,-0.0564976,-0.557981,-0.324464
53447,-0.33495,-4.21122,-1.99508
53448,-0.258006,-2.15337,-1.22722
53449,0.279529,3.04616,1.65866
53450,-0.014797,-0.0645687,-0.104479
53451,-0.0874367,-1.3472,-0.596261
53452,-0.0605331,-0.91822,-0.45627
53453,0.139226,2.41406,1.18558
53454,0.0134518,0.0134518,0.0238895
53455,-0.0224645,-0.0695458,-0.099758
53456,0.0135863,0.0539417,0.0750389
53457,0.145818,2.03297,0.780861
53458,-0.0228681,-0.406783,-0.105358
53459,0.0921449,1.8967,0.675604
53460,0.0274417,1.18887,0.435904
53461,0.0121066,-0.00134518,-0.0160482
53462,-0.0201777,0.733796,0.328038
53463,0.270381,2.55571,1.19415
53464,0.0564976,0.00269036,0.0360927
53465,-0.0201777,-0.0313427,-0.0387548
53466,0.0431803,1.3355,0.625173
53467,0.0698149,1.00176,0.414089
53468,-0.0107614,-0.0126447,-0.0230113
53469,0.103713,0.128868,0.148755
53470,0.0665864,1.08327,0.521137
53471,-0.0125102,-1.06337,-0.490555
53472,0.0497717,0.596453,0.361492
53473,-0.158731,-1.68941,-0.937359
53474,0.0403554,0.985345,0.436479
53475,-0.0815179,-1.04897,-0.534465
53476,0.151871,1.13789,0.663792
53477,-0.00538072,0.0343021,0.0175422
53478,0.102637,1.22492,0.652767
53479,0.0134518,0.0403554,0.035659
53480,0.0129137,0.0135863,0.00760989
53481,0.0403554,0.508344,0.202552
53482,-0.00807108,0.0625509,0.0134014
53483,0.0712946,0.769174,0.385425
53484,0.0134518,0.0269036,0.0302637
53485,0.0215229,0.0618783,0.0774971
53486,0.0815179,1.0253,0.48052
53487,-0.00403554,-0.0316117,-0.0252974
53488,0.0309392,0.0182945,0.0323905
53489,-0.000134518,0.0302666,0.0221992
53490,0.273475,2.75614,1.35785
53491,-0.00430458,-0.0675281,-0.0673989
53492,-0.0321498,-0.0429113,-0.0647022
53493,-0.0134518,0.0119721,-0.0151341
53494,-0.0992743,-1.41136,-0.656159
53495,-0.172318,-1.49692,-0.809664
53496,-0.106538,-0.730837,-0.378647
53497,0.0403554,0.0538072,0.0589844
53498,0.0134518,0.0134518,0.00796153
53499,0.085688,0.834012,0.521602
53500,0.148104,1.93383,0.837554
53501,-0.150122,-0.726129,-0.445305
53502,-0.101696,-1.45306,-0.691563
53503,-0.377996,-3.49774,-1.89964
53504,-0.218457,-2.03028,-1.1554
53505,0.0215229,-0.0839393,-0.0252588
53506,-0.0134518,-0.0208503,-0.0579879
53507,-0.227201,-2.26824,-1.21423
53508,0.0122411,0.660215,0.235803
53509,-0.0336295,-0.682814,-0.296532
53510,0.0201777,0.0201777,0.0219278
53511,-0.0269036,-0.0402209,-0.0495734
53512,-0.00161422,-0.00161422,-0.0111622
53513,-0.283026,-2.95926,-1.49422
53514,-0.0269036,-0.593763,-0.402169
53515,0.0158731,-0.0244823,0.0176184
53516,0.0626854,1.40935,0.72716
53517,0.271592,1.6161,1.04009
53518,0.022061,0.00860916,-0.00341281
53519,0.188594,1.41271,0.795905
53520,0.156175,0.561344,0.18675
53521,0.0438529,0.701781,0.283676
53522,-0.0625509,-0.766484,-0.378784
53523,-0.0996779,-1.77335,-0.777444
53524,-0.0322843,0.481306,0.14996
53525,0.00403554,0.0174873,0.00238346
53526,-0.00403554,0.00941626,-0.0132903
53527,-0.144876,-1.85352,-0.918647
53528,-0.127792,-1.33025,-0.759818
53529,-0.0269036,-0.0302666,-0.0439904
53530,-0.308719,-4.24216,-1.94637
53531,0.0811144,1.45495,0.627825
53532,0.0429113,0.0947007,0.083862
53533,0.0434493,0.0359163,0.0440109
53534,0.0430458,1.39213,0.50334
53535,-0.00107614,0.47875,0.153104
53536,0.189267,1.44607,0.749505
53537,0.192361,2.01051,0.912374
53538,-0.166802,-0.820426,-0.451717
53539,0.168148,1.41002,0.667605
53540,0.0538072,0.825134,0.415916
53541,0,-0.0543453,-0.0638992
53542,0.014797,0.014797,0.0123568
53543,0.00269036,0.00269036,-0.0056983
53544,0.0309392,0.0309392,0.0301588
53545,0.0734469,0.589996,0.269492
53546,0.0134518,0.0577082,0.0813358
53547,0.0430458,0.702588,0.310301
53548,0.0376651,0.037396,0.0701059
53549,0.00403554,-0.0228681,-0.031355
53550,-0.00067259,0.026231,0.0346374
53551,0.148239,1.36065,0.718945
53552,-0.0201777,-0.018429,-0.0303624
53553,0.0269036,0.0134518,0.018662
53554,-0.0417006,-0.0909342,-0.144889
53555,-0.161153,-1.41943,-0.77605
53556,0.014797,0.015066,0.0101151
53557,-0.00107614,-0.00107614,-0.0104792
53558,-0.274282,-2.72951,-1.25719
53559,-0.0107614,0.0161422,-0.0272648
53560,-0.25693,-1.64623,-1.06112
53561,-0.260696,-2.87102,-1.43253
53562,-0.126043,-1.62417,-0.796208
53563,0.0117031,-0.00174873,-0.0165604
53564,-0.185366,-3.08988,-1.35834
53565,0.067259,0.0543453,0.0732456
53566,-0.0153351,-0.0523275,-0.076868
53567,0,0.0177564,0.0150592
53568,-0.0067259,0.605197,0.261072
53569,0.00282488,-0.0104924,-0.0277635
53570,0.00605331,0.018429,0.00466727
53571,0.025693,0.025693,0.0234996
53572,0.0134518,0.0134518,0.00796153
53573,-0.0999469,-0.68806,-0.429369
53574,-0.133307,-1.60426,-0.774976
53575,0.0403554,0.06699,0.0709693
53576,-0.0617438,-0.168013,-0.150322
53577,-0.1173,-1.27658,-0.623074
53578,0.0201777,0.0201777,0.0196543
53579,0.13667,1.56108,0.783353
53580,-0.141782,-1.60346,-0.842348
53581,0.067259,1.47876,0.666516
53582,-0.0426422,-0.0492336,-0.0732279
53583,-0.0874367,-0.967454,-0.474184
53584,0.0766753,0.969068,0.496002
53585,0.13963,1.62969,0.777263
53586,-0.187115,-3.10131,-1.49395
53587,-0.0637616,0.54009,0.218279
53588,-0.231506,-3.25883,-1.68449
53589,0.0687387,1.04561,0.618483
53590,0.0306701,0.089589,0.105559
53591,-0.00928175,-0.961132,-0.469876
53592,-0.814507,-4.67222,-3.19894
53593,0.480902,4.13186,2.19194
53594,-0.0660484,-0.107076,-0.125867
53595,-0.0271726,-0.0246168,-0.0431035
53596,-0.00242133,-0.0427767,-0.0631654
53597,0.0686042,1.16183,0.49805
53598,0.297823,2.74269,1.27922
53599,-0.153485,-0.123757,-0.245731
53600,-0.146759,-1.99019,-0.918737
53601,0.191016,0.896428,0.600895
53602,-0.100889,-0.168148,-0.232552
53603,-0.089589,-1.32756,-0.572941
53604,-0.0181599,-0.0181599,-0.0480921
53605,-0.0258275,-0.0675281,-0.0932308
53606,-0.151198,-1.34814,-0.732738
53607,-0.0250204,-0.623491,-0.264454
53608,-0.0228681,-0.0244823,-0.0385899
53609,0.00941626,0.037127,0.032166
53610,-0.15066,-0.782223,-0.470081
53611,0.0134518,0.00417006,0.0057632
53612,0.0269036,0.067259,0.0587748
53613,0.187787,1.49813,0.848608
53614,-0.0511169,-0.73003,-0.409531
53615,-0.00941626,-0.00941626,-0.0210656
53616,-0.0376651,-0.718595,-0.414351
53617,-0.160346,-1.4536,-0.69638
53618,-0.787065,-6.36526,-3.81364
53619,-0.00403554,-0.762448,-0.376386
53620,-0.131828,-1.70529,-0.794609
53621,-0.162094,-2.76919,-1.33256
53622,-0.0458707,0.778456,0.327359
53623,0.0242133,0.0914723,0.0259439
53624,0.0766753,0.191285,0.159379
53625,-0.00941626,-0.0395483,-0.0504806
53626,-0.0772134,-0.0637616,-0.100748
53627,-0.0161422,-0.070622,-0.051919
53628,0.0591879,0.0868987,0.0781024
53629,0.0134518,0,-0.0143407
53630,-0.160076,-1.95952,-1.05421
53631,-0.0203122,-0.0244823,-0.0103483
53632,0.0336295,1.03713,0.475025
53633,-0.295267,-1.27711,-0.792838
53634,0.0552869,0.121604,0.103312
53635,0.56242,3.37721,2.02083
53636,0.0403554,0.908266,0.360523
53637,0.00282488,0.0164112,0.00106975
53638,0.0217919,0.0224645,0.0188792
53639,0.213884,1.98199,0.924643
53640,0.115416,1.87451,0.814935
53641,-0.0044391,0.0112995,-0.00909199
53642,-0.0338986,-0.0473504,-0.0570132
53643,-0.0655103,-1.78721,-0.839224
53644,0.0247513,0.0523275,0.0355588
53645,-0.211328,-2.12646,-0.970188
53646,0.0275762,-0.000807108,0.0325687
53647,-0.12268,-0.163843,-0.217152
53648,-0.565783,-6.1043,-3.06266
53649,0.114206,0.114878,0.135419
53650,-0.110977,-2.13292,-0.80366
53651,-0.0660484,-0.0793657,-0.117852
53652,0.0718326,2.20341,0.831624
53653,-0.041297,-0.0224645,-0.045675
53654,-0.00941626,0.00215229,-0.0151334
53655,0.00928175,-0.00363199,0.0135623
53656,0.0406245,0.0675281,0.0526319
53657,0.0067259,0.00686042,-0.000512122
53658,0.208234,1.93625,0.893254
53659,-0.0162767,-0.907055,-0.442145
53660,0.0197742,0.0365889,0.023249
53661,-0.0955078,-0.993819,-0.440203
53662,-0.018967,0.0536727,0.0585351
53663,-0.0486955,-1.19371,-0.46426
53664,0.026231,1.16493,0.405083
53665,0.0983327,0.0987363,0.116373
53666,0.014528,-0.0324189,-0.00582657
53667,0.00928175,0.00928175,0.0183435
53668,0,-0.0134518,-0.0486557
53669,-0.00780205,-0.00780205,-0.00177639
53670,-0.0219264,-0.0347057,-0.0604867
53671,-0.00174873,-0.0286523,-0.0245871
53672,0.0277107,0.0680661,0.0456892
53673,-0.0232716,-0.0501752,-0.0519067
53674,-0.176219,-2.14476,-0.840358
53675,-0.018429,-0.00497717,-0.0245664
53676,0.0234061,0.0232716,0.0205874
53677,0.00228681,0.00228681,-0.0218857
53678,0.00417006,0.00417006,-0.00397935
53679,0.0123757,0.0394138,0.012745
53680,0.00403554,-0.00269036,-0.0151419
53681,-0.0200432,-0.0200432,-0.0173145
53682,0.108287,2.07884,0.756756
53683,-0.0391448,-0.0525966,-0.0638629
53684,-0.00376651,0.0096853,-0.00726716
53685,-0.00632235,0.00712946,-0.0138389
53686,0.0363199,0.0632235,0.0659179
53687,-0.0176219,-0.0310737,-0.0522737
53688,-0.0160076,-0.0562286,-0.0619514
53689,-0.0134518,-0.0134518,-0.026188
53690,0,-0.000538072,-0.0108071
53691,0.0263655,0.0263655,0.00736583
53692,-0.0174873,-0.00403554,-0.0249362
53693,-0.0980637,-2.0888,-0.81733
53694,-0.000134518,-0.0231371,-0.0145054
53695,-0.00134518,0.00201777,-0.0194107
53696,0.0138554,0.0273072,0.0307785
53697,0.0318808,0.0318808,0.0485942
53698,0.0490991,2.03849,0.711855
53699,0.270516,2.76125,1.24271
53700,-0.112054,-0.94889,-0.466151
53701,-0.0969875,-1.7482,-0.738395
53702,0.0322843,0.0462742,0.0550605
53703,0.0699494,1.76999,0.71582
53704,0.156175,3.54173,1.35405
53705,-0.0470813,-0.0480229,-0.0702292
53706,-0.00215229,-0.00188325,-0.0126904
53707,0.115416,1.88124,0.732949
53708,0.20931,1.92603,1.00655
53709,0.153351,2.61382,1.20962
53710,0,-0.0134518,-0.0141752
53711,-0.0169493,-0.0586499,-0.0904907
53712,0.0134518,0.0134518,0.00796153
53713,-0.0632235,-0.848809,-0.418836
53714,-0.0134518,-0.0417006,-0.0395446
53715,-0.0230026,-0.0254239,-0.0233628
53716,0.0305356,0.0266346,0.0348012
53717,0.0107614,0.0107614,0.00454657
53718,-0.16317,-1.76609,-0.78849
53719,-0.0730433,-1.61906,-0.6657
53720,-0.10062,-0.966916,-0.429549
53721,0.0718326,0.978888,0.395767
53722,0.0129137,-0.0134518,-0.0369732
53723,0.0800382,1.6582,0.654241
53724,-0.0161422,-0.0250204,-0.0341469
53725,0.0369925,0.0369925,0.0378424
53726,-0.104251,-0.104655,-0.141539
53727,0.0134518,0.0134518,0.00796153
53728,0.188998,1.81694,0.818214
53729,-0.0426422,0.80119,0.202778
53730,0.119048,0.966916,0.357174
53731,-0.0881093,-0.105731,-0.137756
53732,0.0437184,0.0840738,0.0816833
53733,-0.00726398,-0.00726398,-0.0158808
53734,-0.160211,-2.74955,-1.10434
53735,-0.0208503,-0.0122411,-0.0305676
53736,-0.0309392,-0.843563,-0.396235
53737,0.0269036,0.0269036,0.0263486
53738,0.0793657,0.971758,0.522689
53739,0.0274417,0.945124,0.363966
53740,0.0417006,0.0438529,0.0291108
53741,0.0134518,0.0134518,0.00796153
53742,-0.0134518,-0.014797,-0.0262826
53743,0.102906,1.87115,0.779556
53744,-0.0375305,-0.0757337,-0.0910129
53745,0.187115,1.69641,1.1795
53746,0.0267691,0.041028,0.0316375
53747,-0.138419,-0.766753,-0.420442
53748,-0.040759,-0.915664,-0.775234
53749,-0.0207158,-0.948352,-0.37471
53750,-0.0554214,-0.102503,-0.141591
53751,0,0.0269036,0.019816
53752,0.0142589,0.0277107,0.0142153
53753,0.103175,1.04615,0.455637
53754,-0.0626854,-0.996241,-0.420136
53755,-0.0201777,-0.852306,-0.370929
53756,-0.0255584,0.00618783,-0.00725322
53757,-0.175681,-1.85164,-0.852926
53758,0.0679316,0.0948352,0.121719
53759,-0.0267691,-0.04466,-0.0483076
53760,0.172856,1.92119,0.922036
53761,-0.0546143,-0.0816525,-0.140557
53762,-0.00134518,-0.00121066,-0.010757
53763,0.0134518,0.0134518,0.00796153
53764,0.000134518,0.000134518,-0.00894251
53765,-0.0134518,-0.0269036,-0.0484903
53766,-0.0152005,0.0445255,0.0556266
53767,-0.209579,-3.66979,-1.67337
53768,0.0082056,0.0082056,0.021698
53769,0.295402,4.48133,1.97943
53770,-0.0940281,-0.839527,-0.429814
53771,0.0216574,0.00497717,-0.00455482
53772,0.0201777,1.66762,0.585189
53773,-0.0551524,-1.88164,-0.758898
53774,0.109229,1.95293,0.868902
53775,0.0348402,0.961804,0.722835
53776,-0.00807108,-0.947411,-0.756038
53777,0.000134518,-0.0536727,-0.039348
53778,-0.0699494,-0.13129,-0.167057
53779,-0.0933555,-1.84962,-0.79687
53780,0,-0.0142589,-0.0130632
53781,-0.0403554,-0.0302666,-0.056256
53782,0.0495026,0.0629545,0.0760242
53783,-0.00336295,0.010896,-0.00943206
53784,-0.00134518,-0.0146625,-0.01415
53785,0.0211193,0.0614748,0.0658508
53786,0.104521,1.90451,0.848161
53787,-0.131962,-2.021,-0.985335
53788,-0.203929,-1.99679,-0.916734
53789,-0.0711601,-0.105597,-0.15648
53790,0.0813834,0.110708,0.127543
53791,0.052462,0.0805763,0.0868279
53792,-0.0169493,-0.00430458,-0.0274728
53793,-0.00349747,-0.0305356,-0.0409263
53794,-0.0274417,-0.0417006,-0.049012
53795,-0.096853,-1.91742,-0.830508
53796,0.0874367,1.02866,0.508851
53797,0.0867642,1.06027,0.520336
53798,-0.00269036,-0.00188325,-0.0305114
53799,-0.0154696,-0.0289214,-0.0326707
53800,-0.249127,-2.13857,-1.1647
53801,-0.108422,-2.02275,-0.824326
53802,-0.235945,-2.17839,-1.08895
53803,0.0153351,0.0240787,0.0144558
53804,0.216978,2.17731,1.05957
53805,0.140033,2.15861,0.959398
53806,-0.000538072,-0.00067259,-0.00985999
53807,-0.0134518,-0.0131828,-0.0259144
53808,0.00403554,0.0309392,0.0406136
53809,-0.0242133,-0.0375305,-0.0620863
53810,0.0269036,-0.000134518,0.012224
53811,0.0134518,0.0134518,0.00796153
53812,0.0067259,0.0067259,-0.000441476
53813,-0.00309392,-0.0419696,-0.0635455
53814,-0.000134518,-0.0203122,-0.0254971
53815,0.0134518,0.0403554,0.0195571
53816,0.0161422,0.0430458,0.0199907
53817,-0.0234061,-0.0227336,-0.0386273
53818,-0.0336295,-0.0470813,-0.0555118
53819,0.029594,0.029594,0.0286106
53820,-0.0277107,-0.0211193,-0.0361838
53821,0.000403554,-0.00887819,-0.00508033
53822,0.00067259,0.0141244,-0.00470724
53823,0,-0.0134518,-0.0126655
53824,0,0,-0.00650638
53825,-0.0260965,-0.0126447,-0.0383169
53826,-0.0067259,-0.0169493,-0.0198581
53827,0,-0.000134518,-0.009177
53829,0.0481575,0.900598,0.275458
53830,0.169358,2.1227,1.02948
53831,-0.0536727,-1.05879,-0.538644
53832,-0.0134518,-0.0133173,-0.0262836
53833,0.00403554,-0.0234061,-0.0179297
53834,-0.0174873,-0.0176219,-0.0313742
53835,0.0503098,0.101292,0.123597
53836,0,0.0270381,0.00631803
53837,0.0269036,0.0160076,0.0190276
53838,0.198414,3.91596,1.72545
53839,-0.0402209,-0.0126447,-0.04879
53840,0.0242133,0.0106269,0.0151943
53841,-0.00228681,-0.0156041,-0.0150283
53842,0,0.000134518,-0.00575773
53843,-0.180389,-2.03095,-1.03054
53844,0.0122411,0.0403554,0.053289
53845,-0.0356473,-0.0638961,-0.0772186
53846,-0.255853,-2.11247,-1.07629
53847,0.0887819,0.116762,0.131142
53848,0.0255584,0.00807108,0.0182065
53849,-0.0161422,-0.0161422,-0.0478768
53850,-0.204333,-1.98643,-0.927064
53851,0.0067259,0.00659139,-0.0190204
53852,-0.00269036,0.0107614,-0.00897594
53853,0,-0.0134518,-0.0126655
53854,0.0804418,1.91029,0.789859
53855,0.000269036,-0.029863,-0.00403886
53856,-0.0364544,-0.0668555,-0.0828926
53857,0.0242133,0.0278452,0.0219877
53858,0.0174873,0.124429,0.0800202
53859,-0.0228681,-0.0356473,-0.0761959
53860,0.0201777,0.0201777,0.0164989
53861,0.0369925,-0.0166802,0.0425388
53862,0.12981,1.96719,0.871091
53863,-0.037127,-0.0721017,-0.0780121
53864,-0.0804418,-1.90854,-0.845128
53865,-0.0110305,-0.0686042,-0.0632537
53866,0.00887819,0.00901271,0.0181478
53867,-0.00874367,-0.00887819,-0.0202756
53868,-0.0134518,-0.0137208,-0.0278806
53869,0.0356473,0.0642996,0.0492135
53870,0.0969875,1.95683,0.934744
53871,-0.0121066,-0.0390102,-0.0493574
53872,-0.177698,-2.09256,-1.06945
53873,-0.0103579,-0.0235407,-0.0256856
53874,-0.31262,-4.06366,-1.87473
53875,0.0269036,0.0135863,0.00546058
53876,0,0.0153351,-0.00315889
53877,0,0.0134518,-0.00972521
53878,0.000134518,-0.0267691,-0.0203788
53879,0.000403554,0.0137208,-0.00527176
53880,0.161018,1.99732,0.888172
53881,0.12712,2.01037,0.926604
53882,0.0365889,1.92912,0.749383
53883,0.0243478,0.0492336,0.0268487
53884,-0.0542108,-0.964091,-0.33742
53885,-0.0390102,-0.999604,-0.538964
53886,-0.113399,-1.04574,-0.493612
53887,-0.00269036,-0.0160076,-0.0346074
53888,-0.144203,-2.92657,-1.21982
53889,0.0121066,0.0185635,0.0176221
53890,0.0100889,-0.00336295,-0.0184501
53891,0.173932,3.85098,1.51617
53892,0.104117,1.98898,0.8637
53893,-0.0464087,-0.103848,-0.127031
53894,-0.0811144,-1.92993,-0.830319
53895,-0.106269,-2.92146,-1.16883
53896,0.0582463,2.02557,0.823598
53897,0.00107614,0.633042,0.162329
53898,-0.0125102,-0.927906,-0.360682
53899,0.102368,1.00915,0.485188
53900,-0.00121066,-0.018698,-0.0119333
53901,0.100081,2.23408,0.917283
53902,0.0550179,1.22035,0.902247
53903,0.0793657,0.980906,0.427031
53904,-0.0464087,-0.961939,-0.370145
53905,0.884725,4.88462,3.02123
53906,-0.127792,-1.58637,-0.789682
53907,0.0277107,1.55732,0.709829
53908,0.0899926,0.806839,0.436115
53909,0.0637616,0.800382,0.390682
53910,-0.0489646,-0.0356473,-0.0662673
53911,0.0203122,0.00780205,-0.0051737
53912,0.152409,1.56081,0.83685
53913,0.102368,1.38258,0.601102
53914,-0.0201777,-0.0230026,-0.0351023
53915,-0.233523,-1.6157,-0.901674
53916,-0.0496372,-1.47728,-0.720559
53917,0.0269036,0.0269036,0.0251956
53918,0.0191016,0.0601296,0.0637201
53919,-0.0336295,-0.0464087,-0.0737989
53920,-0.218861,-1.68242,-0.962962
53921,0.0138554,0.0313427,0.0134369
53922,-0.0527311,-0.766349,-0.364915
53923,0.0199087,-0.72707,-0.33235
53924,0.0282488,0.760969,0.352585
53925,0.285178,0.267825,0.348021
53926,0.157924,2.78964,1.67142
53927,0.1438,1.82501,0.964571
53928,0.126581,2.55813,1.0232
53929,0.0336295,0.0489646,0.0564279
53930,-0.11165,-1.8663,-0.800454
53931,0.0497717,0.0653758,0.0792817
53932,0.0766753,1.81129,0.674136
53933,-0.0901271,-1.83039,-0.727045
53934,0.0134518,-0.000538072,0.00129991
53935,0.0422387,0.0422387,0.0445016
53936,0.0242133,0.140033,0.0305574
53937,-0.260561,-2.55019,-1.28067
53938,-0.107211,-1.67919,-0.759901
53939,0.0359163,0.0621473,0.0677874
53940,0.0649722,1.6878,0.742628
53941,0.16048,6.00973,2.41821
53942,0.0067259,0.842487,0.309821
53943,-0.251414,-3.64853,-1.6161
53944,0.00807108,0.0391448,0.0250994
53945,0.0344366,0.0437184,0.0467523
53946,0.0969875,1.8281,0.758917
53947,0.143934,3.40828,1.58694
53948,-0.0408935,-1.03404,-0.464866
53949,-0.121066,-0.791101,-0.454427
53950,0.0121066,0.00242133,-0.01707
53951,0.0309392,0.0309392,0.0301588
53952,0.0376651,0.758144,0.365742
53953,0.0403554,0.876789,0.398532
53954,0.00134518,-0.0254239,-0.0398551
53955,-0.102234,-0.128465,-0.175254
53956,0.0127792,0.0283833,0.014292
53957,0.0403554,0.0656448,0.120521
53958,-0.0384722,-1.76891,-0.816765
53959,0.00887819,0.766753,0.274943
53960,-0.247513,-2.45805,-1.25674
53961,-0.0578428,-1.77967,-0.759055
53962,-0.0134518,-0.033495,-0.0500644
53963,0.029594,0.780339,0.322331
53964,0.0117031,0.97983,0.319145
53965,0.055556,0.0862261,0.0885434
53966,-0.0470813,-0.0605331,-0.0911772
53967,0.230026,2.48051,1.2474
53968,0.0269036,0.97001,0.350512
53969,-0.185097,-2.70422,-1.20742
53970,-0.273072,-0.971489,-0.687654
53971,-0.0134518,0,-0.00106383
53972,-0.118376,-1.79474,-0.7693
53973,0.0067259,0.0106269,-0.00327771
53974,-0.0134518,-0.0242133,-0.0249272
53975,0.0269036,0.0269036,0.0250363
53976,0.0469468,0.739446,0.315764
53977,-0.171511,-2.55383,-1.21764
53978,0.0168148,0.0302666,0.0336704
53979,0.041028,1.68766,0.651552
53980,-0.324861,-1.99948,-1.06055
53981,-0.0496372,-0.00457361,-0.0217928
53982,0.0343021,0.0515204,0.0516781
53983,0.0403554,0.0403554,0.0421111
53984,0.00699494,0.00699494,0.0181464
53985,0.00941626,-0.0110305,-0.0226035
53986,0,0.011434,0.00972119
53987,0.0496372,1.71968,0.649156
53988,0.029594,0.0469468,0.0347289
53989,-0.0322843,-0.995434,-0.411051
53990,-0.014528,-0.00107614,-0.00515792
53991,0,-0.0096853,-0.0119367
53992,0.0774824,1.06363,0.50326
53993,0.0564976,0.0766753,0.0832816
53994,0.0269036,-0.0127792,0.0130686
53995,-0.0622819,-0.048292,-0.0847765
53996,0.0067259,0.00591879,-0.000973487
53997,0,0.0141244,0.0135203
53998,0.0228681,0.0221955,0.0197504
53999,-0.0612057,0.631428,0.10269
54000,-0.074792,-0.0790966,-0.142568
54001,-0.0209848,-0.737697,-0.296251
54002,0.195051,4.13118,1.66064
54003,0.0286523,1.7599,0.636888
54004,-0.300513,-3.44191,-1.55582
54005,-0.131021,-3.4742,-1.39719
54006,-0.0269036,0.0173528,-0.0321167
54007,-0.0403554,-0.0795002,-0.0918557
54008,0.0686042,1.03417,0.455801
54009,0.0133173,0.0133173,0.0237187
54010,-0.0753301,-1.69654,-0.748026
54011,0.100081,1.80712,0.840806
54012,-0.0134518,-1.00848,-0.462669
54013,-0.00188325,0.966243,0.3963
54014,-0.166937,-0.184021,-0.24533
54015,0,-0.0127792,-0.0281766
54016,-0.0134518,-0.0591879,-0.0851406
54017,0.238635,0.27899,0.344772
54018,0.363199,5.40225,2.43614
54019,0.0161422,-0.0235407,-0.0551592
54020,-0.0618783,-0.0887819,-0.115675
54021,0.0408935,0.0550179,0.0505362
54022,-0.495161,-5.41691,-2.58836
54023,0.0252894,0.0252894,-0.0113214
54024,-0.0556905,-1.5935,-0.587631
54025,-0.455344,-4.49062,-2.63314
54026,0.044391,1.01723,0.727838
54027,-0.0415661,-0.0587844,-0.0851279
54028,-0.000403554,-0.0451981,-0.0778262
54029,-0.0201777,-0.0203122,-0.0350103
54030,-0.10183,-1.5514,-1.02635
54031,0,-0.0134518,-0.0328192
54032,0.0283833,0.0308046,0.0254147
54033,-0.0131828,-0.0266346,-0.0322208
54034,0.0739849,1.56794,1.01633
54035,-0.0344366,-0.074792,-0.119731
54036,-0.0267691,-0.0473504,-0.0507058
54037,0,0.0269036,0.0354912
54038,-0.480768,-3.06109,-2.01701
54039,0.00941626,0.0209848,0.0270754
54040,0.00403554,0.00282488,-0.00599802
54041,0.00793657,0.00807108,0.00101149
54042,-0.00349747,-0.0044391,-0.013907
54043,-0.000269036,-0.000269036,-0.00945475
54044,-0.0254239,-0.0388757,-0.0464466
54045,0.194513,1.37935,0.766466
54046,-0.0586499,-0.085419,-0.112013
54047,0.0418351,0.0686042,0.0567676
54048,0.135863,1.39388,0.701233
54049,-0.0406245,-0.0540763,-0.0818224
54050,-0.229891,-2.18108,-1.10158
54051,-0.029863,-0.589996,-0.28288
54052,0.0134518,-0.0134518,-0.020715
54053,0.0216574,0.0351092,0.0409321
54054,-0.243881,-0.345711,-0.44569
54055,-0.117703,-1.50109,-0.576424
54056,0.0390102,0.0547489,0.0302553
54057,-0.0082056,0.523813,0.199227
54058,0.0768098,1.02328,0.430557
54059,0.103444,1.86254,0.808576
54060,-0.011165,0.0879748,0.018032
54061,-0.0766753,-1.3433,-0.61917
54062,-0.117165,-0.137746,-0.21468
54063,-0.00403554,-0.0217919,-0.0362415
54064,0.1968,1.53162,0.775223
54065,0.107749,0.909073,0.468484
54066,-0.0391448,0.532557,0.146041
54067,0.0739849,0.821636,0.420206
54068,-0.14797,-1.48131,-0.801877
54069,-0.22599,-2.60064,-1.2214
54070,0.288003,2.80188,1.35477
54071,0.0955078,1.35271,0.60081
54072,0.0905307,2.05624,0.837316
54073,0.044391,0.716712,0.294938
54074,-0.0403554,-0.0403554,-0.060442
54075,0.0848809,0.863202,0.340052
54076,0.0766753,1.51683,0.588232
54077,0.00403554,0.00887819,0.00361467
54078,0.176488,2.72291,1.26955
54079,-0.0134518,-0.0277107,-0.0488879
54080,0,0.0014797,-0.00870896
54081,-0.595377,-5.549,-2.74303
54082,0.146087,0.849616,0.509279
54083,-0.0228681,-0.0107614,-0.016434
54084,0,0,-0.00911326
54085,0,0.0134518,-0.00248622
54086,0.0134518,-0.00309392,0.0103993
54087,0,-0.0321498,-0.0554094
54088,0.0314772,0.0322843,0.0312394
54089,0.119856,1.51844,0.712313
54090,-0.0707565,-0.152678,-0.197833
54091,0.0205813,0.165457,0.171743
54092,0.000269036,-0.0569011,-0.0656172
54093,0.0417006,0.0417006,0.0438186
54094,0.00511169,0.609636,0.155215
54095,0.000807108,0.751687,0.302908
54096,-0.465298,-4.90547,-2.36105
54097,0.316521,3.57213,1.76246
54098,0.188594,2.64503,1.16061
54099,0.0470813,0.657928,0.267733
54100,0.0328224,1.69062,0.656684
54101,0.17299,1.41231,0.835021
54102,0.00578428,-0.059457,-0.0377417
54103,0.0100889,0.0103579,0.00985085
54104,0.00188325,-0.0117031,-0.0263152
54105,-0.0207158,-0.0207158,-0.0353041
54106,-0.25814,-2.82111,-1.5038
54107,-0.476597,-6.9219,-3.14922
54108,0.314907,3.15485,1.57213
54109,0.00511169,0.0496372,0.0352556
54110,-0.00793657,1.36872,0.504153
54111,0.00632235,-0.652278,-0.280464
54112,0.00403554,0.0176219,0.000966965
54113,-0.0174873,-0.030132,-0.069143
54114,-0.228143,-3.19561,-1.58514
54115,0.0914723,0.166802,0.220419
54116,0.0134518,0.676895,0.251147
54117,-0.148777,-1.57628,-0.766095
54118,-0.0780205,-1.2642,-0.54364
54119,0.0632235,0.744019,0.318993
54120,0.33226,6.3814,2.79027
54121,-0.096853,-1.98549,-0.914224
54122,0.0605331,0.697342,0.365529
54123,-0.0764063,-0.085957,-0.149483
54124,-0.13129,-1.53754,-0.790242
54125,0.122411,0.872484,0.477519
54126,0.0799037,0.770385,0.405967
54127,-0.00134518,-0.00121066,-0.010757
54128,0,0.000807108,-0.00871564
54129,-0.184828,-1.65444,-0.920442
54130,0,0.0425077,0.0424791
54131,-0.0523275,-0.734872,-0.288127
54132,0.215632,2.35218,1.15394
54133,-0.195455,-3.04535,-1.41566
54134,-0.0174873,-0.0578428,-0.10067
54135,0.206216,3.12862,1.43793
54136,0.0134518,-0.0173528,0.000521422
54137,0,0.00699494,-0.00135517
54138,-0.126447,-1.53028,-0.754546
54139,0.0201777,0.712946,0.279698
54140,0.0269036,0.0403554,0.0314106
54141,0.0174873,-0.702319,-0.262619
54142,-0.0384722,-0.0255584,-0.0388432
54143,0.00228681,-0.0282488,-0.0136111
54144,-0.253836,-1.76703,-1.07203
54145,-0.0044391,-1.32541,-0.47885
54146,-0.0174873,-0.0309392,-0.0376848
54147,0,0,-0.0120893
54148,0.208907,2.46114,1.28242
54149,0.0497717,0.771192,0.355434
54150,0.0493681,0.738908,0.318003
54151,-0.0835357,-2.26609,-0.972379
54152,0.0691423,1.53458,0.664546
54153,0.0605331,0.806974,0.329263
54154,0.00403554,0.0305356,0.0242694
54155,0.00807108,0.706758,0.305933
54156,-0.063627,-0.794733,-0.418847
54157,0.0699494,0.765139,0.357234
54158,-0.0265001,-0.0637616,-0.106923
54159,0.0336295,0.0118376,0.0274295
54160,0.0134518,0.0135863,0.00842871
54161,-0.0299975,-0.0326879,-0.0357226
54162,-0.0512514,-0.0877058,-0.161905
54163,-0.015066,0.0283833,0.0216811
54164,0.0294595,0.0429113,0.0505827
54165,0.0504443,0.0638961,0.0928946
54166,-0.0269036,-0.067259,-0.0942415
54167,-0.0333605,-0.022599,-0.0495449
54168,0.0248858,0.0878403,0.107271
54169,0.014797,0.0287869,0.0169354
54170,-0.0195051,-0.022061,-0.0221812
54171,-0.0107614,-0.0511169,-0.0737518
54172,0.00269036,0.0430458,0.0293525
54173,0.0213884,0.0329569,0.00507779
54174,0.00269036,0.0161422,0.0166039
54175,0.0975256,0.11851,0.14853
54176,-0.0484265,-0.0846119,-0.114838
54177,0.276031,4.38784,1.98003
54178,-0.00847464,-0.0999469,-0.143137
54179,0.000269036,0.0156041,0.016544
54180,-0.0478884,-0.074792,-0.0954206
54181,0.0834012,0.066721,0.0878144
54182,0,-0.0141244,-0.0127128
54183,0.00618783,0.00632235,-0.000457354
54184,0.0134518,0,0.00404012
54185,0.0599951,0.134115,0.139331
54186,-0.0490991,-0.114878,-0.178285
54187,0.19263,1.58462,0.909049
54188,-0.0269036,-0.0403554,-0.0499164
54189,0,0.0134518,-0.0154736
54190,0.0135863,0.0137208,0.0083553
54191,0.555022,5.84024,3.1705
54192,-0.0535382,-0.10331,-0.0923406
54193,-0.0269036,-0.0403554,-0.0686756
54194,-0.193841,-2.40505,-1.22526
54195,0.0470813,0.0761372,0.0996834
54196,0.0134518,0.0126447,0.0082457
54197,0,-0.00309392,-0.024463
54198,0,0.011434,0.0145841
54199,0.0029594,0.00497717,-0.00436275
54201,-0.230026,-2.32703,-1.20899
54202,0.000134518,-0.0267691,-0.037619
54203,0.0468123,0.812893,0.39376
54204,-0.251145,-2.49316,-1.34503
54205,0.279663,2.52114,1.386
54206,0.176488,2.27201,1.04869
54207,0.00134518,-0.684562,-0.241064
54208,-0.0376651,-0.663309,-0.298097
54209,-0.00430458,-0.0581118,-0.0721829
54210,0.0645687,0.770789,0.400236
54211,-0.0269036,-0.0403554,-0.0496371
54212,0.0134518,0.0134518,0.00827706
54213,-0.0134518,0.689674,0.218443
54214,-0.207696,-3.8004,-1.80507
54215,-0.00578428,-0.00578428,-0.0164554
54216,-0.00901271,-0.725994,-0.376852
54217,-0.484669,-2.6192,-1.531
54218,0.067259,0.686984,0.310197
54219,-0.130483,-1.66695,-0.895879
54220,-0.166399,-1.64569,-0.897762
54221,0.0134518,7.31836e-19,-0.0144974
54222,0.0134518,0.0403554,0.00241029
54223,0.0883784,1.58287,0.813495
54224,-0.0269036,-0.691154,-0.320612
54225,0.0121066,0.00874367,0.00544932
54226,0.121066,1.66628,0.859252
54227,-0.849078,-6.45485,-3.72424
54228,0.00793657,-1.59915,-0.784474
54229,0.0554214,1.59242,0.775782
54230,-0.251011,-1.77793,-1.10936
54231,-0.0274417,-0.0139899,-0.0403935
54232,0.067259,0.0538072,0.0539585
54233,0.224645,1.86725,1.18593
54234,-0.0107614,-0.0243478,-0.0452983
54235,-0.112054,-1.70179,-1.05695
54236,-0.165457,-0.823923,-0.46691
54237,0.128734,0.177295,0.160332
54238,0.0134518,0.0176219,0.00993756
54239,0.0739849,0.844101,0.4624
54240,0.419965,3.66158,2.15836
54241,-0.0134518,-0.0139899,-0.0264325
54242,-0.150929,-1.69789,-0.829151
54243,-0.147297,-0.733258,-0.462755
54244,0.0336295,0.0201777,0.0285117
54245,0.0887819,1.61314,0.715126
54246,-0.0330914,-0.873964,-0.392149
54247,0.00484265,1.47889,0.609557
54248,0.0269036,0.0716981,0.0628661
54249,-0.000134518,0.00376651,0.00892168
54250,0,-0.0269036,-0.0366367
54251,0.00497717,0.018429,0.0252359
54252,0,-0.0240787,-0.0195667
54253,0.297285,2.45872,1.27338
54254,-0.0240787,-0.0357818,-0.0751672
54255,-0.00403554,-0.00914723,-0.0154904
54256,0.0308046,0.66156,0.335618
54257,0.00551524,-0.114206,-0.0312514
54258,0.00390102,0.00511169,-0.0267314
54259,0.0270381,0.0534037,0.0540128
54260,0.0297285,1.40988,0.537433
54261,0.0955078,0.97418,0.473402
54262,0.373557,5.1246,2.703
54263,0.067259,0.820022,0.364413
54264,0.0182945,-0.0554214,-0.0338952
54265,0.0255584,-0.0052462,0.00831221
54266,0.0738504,0.881228,0.45944
54267,-0.301051,-2.56943,-1.36929
54268,0.0269036,0.0418351,0.0496325
54269,-0.249531,-1.75277,-0.956371
54270,-0.198011,-2.26878,-1.10161
54271,0.139899,1.57453,0.736403
54272,-0.00161422,-0.810606,-0.346503
54273,-0.000403554,0.0169493,0.0129416
54274,0.0657793,0.843832,0.364198
54275,0.0552869,0.670573,0.376514
54276,-0.0336295,-0.0473504,-0.0743892
54277,-0.149719,-1.54642,-0.727192
54278,0.0174873,0.00739849,-0.00284629
54279,0.00403554,0.00403554,-0.00708297
54280,-0.00269036,0.0133173,-0.0121391
54281,-0.101965,-0.109498,-0.172836
54282,-0.0161422,-0.029594,-0.0520645
54283,-0.0134518,-0.0403554,-0.0548645
54284,-0.13398,-1.41056,-0.645384
54285,-0.00349747,-0.642189,-0.23338
54286,-0.029594,-0.720748,-0.304433
54287,-0.0161422,-0.00269036,-0.0256816
54288,-0.0656448,-0.0431803,-0.0922326
54289,0.0014797,0.0286523,0.0188747
54290,-0.190209,-2.06808,-1.08427
54291,0.0551524,0.0700839,0.0679966
54292,-0.0228681,-0.00928175,-0.0312903
54293,0.0213884,0.720344,0.334711
54294,-0.0309392,-0.689674,-0.317554
54295,0.0269036,0.69909,0.262505
54296,0.0146625,0.0308046,0.0361016
54297,-0.00417006,-0.00417006,-0.0144064
54298,0.00807108,-0.0134518,-0.0345519
54299,0.0164112,0.0314772,0.0346057
54300,-0.011434,0.00201777,-0.0169998
54301,0.00538072,-0.0082056,-0.0248086
54302,0.0282488,0.0267691,0.0262001
54303,0.1855,1.4567,0.702815
54304,-0.0403554,-0.710255,-0.31252
54305,-0.521796,-6.12851,-3.068
54306,-0.516953,-1.2381,-1.04188
54307,0.0260965,0.738908,0.335839
54308,0.0176219,0.0321498,0.0359619
54309,0.00269036,0.00269036,-0.0056983
54310,-0.00363199,-0.0172183,-0.0204142
54311,0.402209,1.77362,1.17328
54312,-0.418486,-0.450232,-0.618281
54313,-0.00511169,0.015066,0.0178516
54314,0.570222,3.47097,1.91001
54315,0.111246,1.50795,0.743373
54316,0.018967,0.501483,0.146522
54317,0.0134518,0.705547,0.308319
54318,-0.0690078,-1.40746,-0.678938
54319,0.133711,1.96639,0.973913
54320,0.0511169,0.0765408,0.0672882
54321,0.0547489,0.0512514,0.0430917
54322,-0.0174873,-0.0317463,-0.0380256
54323,0.106404,0.981444,0.631254
54324,-0.029594,-0.172721,-0.152815
54325,-0.0067259,-0.00511169,-0.0139498
54326,0.00282488,0.00269036,-0.0051799
54327,0.0134518,0.0270381,0.0314859
54328,0,0.00847464,-0.00621409
54329,-0.5639,-5.80042,-2.84292
54330,-0.0067259,-0.0507133,-0.0604772
54331,0.0242133,0.0503098,0.0503375
54332,-0.0156041,-0.0283833,-0.0350319
54333,-0.0309392,-0.0313427,-0.0485999
54334,0.00403554,0.0176219,0.00267543
54335,0.0146625,0.0289214,0.0330343
54336,0.00376651,0.00511169,-0.00400531
54337,0.0135863,0.0746575,0.0614431
54338,-0.000538072,0.0103579,0.0115573
54339,0.014797,0.587171,0.182631
54340,0.0652413,0.885667,0.476387
54341,-0.172452,-1.61812,-0.900293
54342,-0.570222,-4.76315,-2.81885
54343,-0.0417006,-0.688329,-0.252384
54344,0.00901271,0.715367,0.261259
54345,-0.543857,-7.10336,-3.54003
54346,-0.048292,-0.052462,-0.100133
54347,0.0162767,-1.72694,-0.63856
54348,-0.0238097,-0.0691423,-0.0986146
54349,0.029594,0.0430458,0.0505942
54350,-0.00484265,0.0363199,-0.00224577
54351,-0.0403554,-0.0548834,-0.0673938
54352,0.0107614,0.0423732,0.0786331
54353,0.025693,0.156445,0.0534038
54354,-0.0309392,-0.059457,-0.0764639
54355,0.0161422,0.76339,0.265337
54356,0.0392793,1.81667,0.644945
54357,-0.000134518,-0.0134518,-0.0313632
54358,0.0426422,0.0559595,0.067093
54359,-0.0134518,0,-0.00388584
54360,-0.225587,-2.73206,-1.24265
54361,0.0269036,0.0102234,0.0381426
54362,-0.299437,-3.55451,-1.51406
54363,-0.00807108,-0.0212539,-0.0242901
54364,0.0217919,-0.0052462,-0.00721105
54365,-0.0426422,-0.0688732,-0.218274
54366,0.18994,1.73232,0.76625
54367,0.0314772,3.29166,1.06686
54368,0.0321498,0.0632235,0.08128
54369,0.0134518,0.0772134,0.0716415
54370,0.167744,1.79111,0.817156
54371,0.0862261,1.4189,0.683236
54372,0.0127792,0.00955078,0.0228631
54373,0.0404899,0.763659,0.319096
54374,0.029594,0.54574,0.216853
54375,-0.0796347,-1.82689,-0.773913
54376,-0.082056,-0.793657,-0.391746
54377,0.0470813,0.0664519,0.0951349
54378,-0.0530001,-0.0799037,-0.121152
54379,0.0336295,0.0540763,0.0796118
54380,-0.0852845,-2.36389,-0.812142
54381,0.137746,2.4941,0.945293
54382,0.0107614,-0.795809,-0.212086
54383,-0.000134518,-0.000538072,-0.0101674
54384,0.0203122,0.0341676,0.0396409
54385,-0.0343021,-0.0606676,-0.0804384
54386,-0.0470813,-0.0737159,-0.0972647
54387,0.0201777,0.0470813,0.0292475
54388,0.101696,1.56714,0.567877
54389,-0.0368579,-0.0504443,-0.0624955
54391,0.393062,6.63295,3.13605
54392,0.0376651,-0.0699494,0.0218662
54393,-0.0204467,-0.0609367,-0.0702749
54394,0.0473504,0.0605331,0.091227
54395,0.173125,2.81587,1.25174
54396,0,-0.504846,-0.224899
54397,0.0174873,0.00484265,-0.00882062
54398,0,0.5526,0.214775
54399,0.0983327,1.41459,0.693666
54400,-0.131962,-1.47042,-0.652506
54401,0.00807108,-0.0195051,-0.0280291
54402,-0.573989,-5.12312,-2.64522
54403,0.0269036,0.0353783,0.0371754
54404,-0.15214,-2.25318,-1.07487
54405,0.0505788,0.84854,0.372551
54406,-0.0269036,-0.0411625,-0.0499514
54407,0.114475,0.774555,0.397618
54408,0.00067259,-0.0166802,-0.00969893
54409,-0.00349747,0.0273072,0.00996906
54410,0.00349747,-0.0139899,-0.00592556
54411,-0.152409,-1.56202,-0.757045
54412,0.0161422,0.0299975,0.0348912
54413,0.0135863,0.000269036,-0.0137876
54414,0.0242133,1.3628,0.508541
54415,-0.077886,-1.65511,-0.748872
54416,-0.0014797,-0.0014797,-0.0295821
54417,0.0875713,1.58449,0.741943
54418,-0.00134518,-0.0419696,-0.0780141
54419,-0.0282488,-0.0314772,-0.0453022
54420,-0.0283833,-1.46127,-0.600677
54421,0.0988708,1.53673,0.70098
54422,-0.102906,-1.51979,-0.682348
54423,-0.158731,-1.77308,-0.781641
54424,0.140571,1.61153,0.78753
54425,-0.0800382,-0.124967,-0.164924
54426,0.131828,1.76232,0.839882
54427,0.0286523,-0.631024,-0.253965
54428,-0.0926829,-0.0934901,-0.126916
54429,-0.168551,-2.53903,-1.20638
54430,-0.148239,-1.60776,-0.787022
54431,-0.0573047,-0.030132,-0.03712
54432,0.0574392,0.0707565,0.0689536
54433,-0.0601296,-1.87397,-0.726352
54434,0.0564976,2.70435,1.0399
54435,0.216305,3.21391,1.36641
54436,-0.00578428,-0.00430458,-0.015729
54437,-0.0894545,-1.03767,-0.48632
54438,-0.0122411,-0.0118376,-0.023823
54439,0.00269036,0.018967,0.0212874
54440,0.0663174,0.96167,0.349221
54441,-0.0269036,-0.0269036,-0.0432628
54442,0.0243478,0.0242133,0.0399183
54443,0.0174873,0.65322,0.290149
54444,-0.274551,-3.70705,-1.62248
54445,-0.0164112,-0.781415,-0.317319
54446,0.131693,2.31398,0.95579
54447,0.0999469,0.700301,0.329623
54448,-0.0133173,-0.00336295,-0.00475919
54449,0.0270381,0.988708,0.35438
54450,0.0168148,0.0169493,0.0124532
54451,-0.0531346,-0.0364544,-0.0696817
54452,0.0310737,0.0310737,0.0303295
54453,-0.0289214,-0.0283833,-0.0265512
54454,0.0700839,0.701512,0.303974
54455,0.142186,1.71806,0.826055
54456,0.0369925,0.0770789,0.0518133
54457,-0.0532692,1.60816,0.572649
54458,0.0504443,0.0774824,0.118285
54459,-0.153889,-1.73838,-0.862855
54460,-0.0665864,-1.55099,-0.651313
54461,0.0445255,0.89885,0.35337
54462,0.133845,1.7412,0.86751
54463,0.0601296,0.06699,0.0379132
54464,-0.0786931,-0.981982,-0.441757
54465,0.00941626,0.915261,0.351857
54466,0.0369925,0.0377996,0.03824
54467,-0.0429113,-0.055556,-0.0856488
54468,0.0957769,0.819888,0.454335
54469,0.0250204,1.73757,0.682554
54470,0.0543453,0.0318808,0.0886733
54471,0.0321498,0.979426,0.393591
54472,0.0793657,0.0764063,0.0938474
54473,-0.0269036,-0.0265001,-0.0428314
54474,0.0578428,0.769981,0.403352
54475,0.077886,1.67394,0.732367
54476,-0.121739,-1.63574,-0.841849
54477,0.130617,1.59027,0.761111
54478,0.0269036,0.0142589,0.0404797
54479,0,-0.0314772,-0.0382198
54480,-0.116224,-1.52503,-0.695721
54481,-0.143665,-1.627,-0.788082
54482,0.202315,1.76932,0.986223
54483,-0.0309392,-0.0377996,-0.0510539
54484,-0.0134518,-0.0269036,-0.0486495
54485,0.182272,1.7338,0.881346
54486,-0.0605331,-0.0743885,-0.105266
54487,0.0269036,0.0135863,0.014634
54488,0.00322843,-0.0372615,-0.0560578
54489,0,0,-0.0254473
54490,-0.0134518,-0.0138554,-0.0263399
54491,0.00336295,-0.0100889,-0.0114716
54492,-0.0014797,0.0255584,0.0206816
54493,0.0102234,0.041028,0.0276381
54494,0.0130483,0.0130483,0.00760856
54495,-0.0134518,-0.026231,-0.0484901
54496,0.00134518,-0.0254239,-0.019031
54497,0,0.0277107,0.0221073
54498,0.000807108,-0.0135863,-0.0305057
54499,-0.143396,-1.56256,-0.824722
54500,-0.022599,-1.60332,-0.722186
54501,0.0177564,0.927906,0.407588
54502,0.0531346,0.0942972,0.0915804
54503,0.0403554,0.0418351,0.058768
54504,-0.0134518,-0.0142589,-0.0265857
54505,0,0.00269036,-0.0078384
54506,0.0242133,0.0242133,0.0216214
54507,0.00269036,0.00269036,-0.0056983
54508,-0.0168148,-0.851903,-0.334628
54509,0.074792,1.59027,0.78976
54510,0.0174873,0.0711601,0.101073
54511,-0.0168148,-0.0438529,-0.0562009
54512,0,-0.00659139,-0.0200413
54513,0.00336295,0.00336295,0.0106713
54514,-0.382569,-3.74539,-1.90213
54515,-0.0336295,-0.0107614,-0.0130113
54516,0.0403554,0.0538072,0.0485789
54517,-0.0328224,-0.0562286,-0.0714116
54518,-0.130617,-2.54831,-1.15075
54519,0.0988708,0.851903,0.452013
54520,-0.125774,-1.75586,-0.789646
54521,-0.000134518,-0.000403554,-0.00921284
54522,-0.0707565,-0.0848809,-0.121868
54523,-0.170031,-1.71995,-0.871869
54524,0.0601296,-0.00686042,-0.070906
54525,-0.0403554,0.00578428,0.00440419
54526,0.0126447,0.0395483,0.0333607
54527,0.00255584,-0.0107614,-0.0120203
54528,-0.134518,-0.106404,-0.150444
54529,-0.00255584,0.00686042,-0.0125146
54530,0.0134518,-0.0134518,-0.0368022
54531,-0.0134518,-0.0269036,-0.0325623
54532,0.168955,0.222762,0.278786
54533,0.0127792,0.242402,0.124777
54534,-0.0363199,-0.0499062,-0.0765874
54535,-0.0134518,0.0135863,-0.0160004
54536,0.00228681,0.0173528,0.0358383
54537,0.0501752,0.0731778,0.081499
54538,-0.0067259,-0.0201777,-0.0240249
54539,0.272937,3.17086,1.42097
54540,0.00538072,0.0390102,-0.0141124
54541,0.194782,3.2922,1.31045
54542,-0.228143,-2.35716,-1.17526
54543,0.0735814,1.54037,0.689463
54544,-0.0138554,-0.0139899,-0.0269233
54545,-0.17299,-2.43114,-1.17088
54546,0.0807108,0.859436,0.379077
54547,0.0204467,0.000134518,-0.00729428
54548,0.0699494,0.707296,0.3077
54549,-0.00955078,-0.0232716,-0.0247009
54550,-0.0269036,-0.0402209,-0.0500897
54551,-0.0161422,-0.582598,-0.246322
54552,0.0269036,0.0235407,0.0242316
54553,0,0,-0.00911326
54554,-0.0746575,-0.826479,-0.380153
54555,0,-0.000403554,-0.00962305
54556,0,0,-0.00911326
54557,-0.11017,-0.753301,-0.319507
54558,0.0134518,-0.0368579,0.0171334
54559,0.0470813,0.765273,0.298144
54560,0.0309392,0.0577082,0.0559495
54561,0.0612057,1.66116,0.619284
54562,0.00363199,0.00430458,-0.00414772
54563,-0.085419,-1.61677,-0.703805
54564,0.00282488,0.0153351,-0.000703297
54565,0.014797,0.0395483,0.0499238
54566,0.108825,1.64273,0.748262
54567,0.0464087,0.839796,0.31534
54568,0.0404899,0.716174,0.265658
54569,-0.23312,-1.81411,-0.931854
54570,0.0369925,0.0507133,0.0604314
54571,-0.118107,-1.64058,-0.786801
54572,-0.0535382,-1.55301,-0.598815
54573,-0.052462,-0.066721,-0.0985489
54574,0.243478,1.8125,0.958517
54575,-0.0269036,-0.0458707,-0.0413126
54576,0.195993,1.73353,0.84789
54577,-0.10062,-0.871139,-0.465136
54578,0.107211,1.66574,0.735658
54579,0.0437184,0.0583808,0.0561332
54580,0.0269036,0.0138554,0.018993
54581,0.0176219,0.664788,0.243914
54582,-0.0716981,-1.61745,-0.717605
54583,0.0914723,1.63762,0.740992
54584,-0.082056,-0.742943,-0.382113
54585,-0.225318,-2.61839,-1.28904
54586,-0.122411,-1.69587,-0.811735
54587,0.0275762,0.0425077,0.0476397
54588,-0.00874367,-0.0216574,-0.0258533
54589,0.131693,0.928444,0.471984
54590,-0.0134518,-0.000134518,-0.0200368
54591,-0.014797,-0.0141244,-0.0275768
54592,0.0269036,0.0263655,0.0248338
54593,0.0642996,0.840469,0.401454
54594,-0.0134518,-0.0135863,-0.0262518
54595,0.0174873,0.0174873,0.0128722
54596,-0.0168148,-0.0310737,-0.0531596
54597,-0.0687387,-1.58261,-0.65338
54598,-0.0404899,-0.0657793,-0.0878739
54599,-0.231237,-3.22951,-1.57464
54600,-0.0431803,-0.135863,-0.219182
54601,0.15483,1.70529,0.884717
54602,-0.0134518,-0.0130483,-0.025519
54603,0.0489646,0.136939,0.1834
54604,-0.129137,-1.52705,-0.679633
54605,-0.0161422,-0.0567666,-0.0969557
54606,-0.0200432,-0.0595915,-0.0664079
54607,0.00538072,-0.0267691,-0.0123232
54608,0.112188,0.856611,0.481516
54609,-0.157386,-0.892527,-0.590251
54610,-0.0716981,-1.46692,-0.600909
54611,-0.118241,-2.80645,-1.18536
54612,0.0269036,0.0234061,0.0255182
54613,0.0773479,1.02113,0.435214
54614,-0.0208503,-0.0325534,-0.039514
54615,0.0149315,0.04466,0.060182
54616,0.0870332,1.75385,0.723347
54617,0.0154696,0.0156041,0.0265144
54618,0.00067259,0.748055,0.340085
54619,0,-0.0304011,-0.0229699
54620,0.0629545,0.787603,0.322033
54621,-0.0314772,-0.0199087,-0.0252768
54622,0.0146625,0.0248858,0.028192
54623,0.173663,1.60615,0.803921
54624,0.0174873,0.0578428,0.0496995
54625,-0.0134518,-0.040759,-0.0550633
54626,0.0082056,-0.00403554,-0.0178777
54627,0.00618783,0.00457361,-0.00393512
54628,0,0,-0.00911326
54629,0,0.0134518,0.0128198
54630,-0.00161422,-0.0285178,-0.0398387
54631,-0.00403554,-0.00403554,-0.0142357
54632,-0.00941626,-0.0228681,-0.0433678
54633,0.0135863,0.0404899,0.034146
54634,0,-0.000134518,-0.00933628
54635,0.344097,3.00231,1.44351
54636,0.0386067,-0.488839,-0.232875
54637,0.0134518,0.00497717,0.0129365
54638,-0.123488,-0.155099,-0.241604
54639,0.166533,2.11624,1.0191
54640,-0.229353,-3.89107,-1.73987
54641,0.129003,2.01952,0.88497
54642,-0.0403554,0.69371,0.179489
54643,-0.0512514,-0.030132,-0.113776
54644,0.0704875,0.809664,0.365578
54645,0.0134518,0.0125102,0.0455581
54646,0.0435839,0.864951,0.360131
54647,0.166264,2.3877,1.31566
54648,0.0192361,-0.00349747,-0.0220685
54649,-0.311006,-2.44029,-1.3049
54650,0.0139899,0.691423,0.293845
54651,-0.114475,-1.52947,-0.813284
54652,-0.10748,-1.64758,-0.762895
54653,0,0.00134518,-0.00879136
54654,0.108287,1.61771,0.759396
54655,0.191823,1.57211,0.847747
54656,-0.0536727,-0.735141,-0.386391
54657,-0.0345711,-0.0208503,-0.0792141
54658,0.0957769,1.51602,0.592013
54659,0.147028,2.36335,1.04812
54660,-0.0137208,-0.752629,-0.276293
54661,0.126851,3.11275,1.3526
54662,0.0137208,0.000403554,0.00460717
54663,-0.102234,-2.1839,-0.987549
54664,0.0842083,1.43194,0.619961
54665,-0.0266346,-1.42455,-0.633062
54666,-0.143934,-2.19749,-0.978334
54667,0.0907997,0.825268,0.462396
54668,0.0363199,0.727205,0.244247
54669,0.0534037,0.0683352,0.0817048
54670,0.0527311,0.775497,0.346844
54671,-0.0164112,-0.0603986,-0.0600698
54672,-0.0766753,-1.49611,-0.610736
54673,0.0103579,0.0239442,0.0264659
54674,-0.0882438,-0.00928175,-0.136375
54675,-0.0161422,-0.0402209,-0.0512867
54676,-0.00470813,0.0154696,0.0118425
54677,0.0134518,0.0201777,0.00839378
54678,0.335623,2.61839,1.23544
54679,0.111381,2.28425,0.967793
54680,-0.159404,-1.5853,-0.789784
54681,-0.000134518,-0.628334,-0.260471
54682,-0.0044391,0.0217919,0.0337226
54683,-0.0403554,-0.0544798,-0.0829712
54684,0.0270381,0.0146625,0.0196764
54685,-0.051924,-0.695862,-0.340342
54686,0.00336295,-0.0274417,-0.015624
54687,0.0975256,0.769443,0.395253
54688,-0.23581,-2.33375,-1.21327
54689,0.0843428,1.39899,0.591688
54690,0.00403554,0.0212539,-0.00278007
54691,-0.0174873,-0.74523,-0.26654
54692,0,0,-0.00563619
54693,0.0329569,0.760431,0.282761
54694,0.101427,0.754512,0.401776
54695,-0.134249,-2.09821,-0.932131
54696,-0.209579,-1.42764,-0.879564
54697,0.0376651,0.0509823,0.0483516
54698,0.147566,1.4988,0.747501
54699,-0.103579,-0.885801,-0.470547
54700,0.0134518,0.0309392,0.0155552
54701,-0.0634925,-0.668824,-0.393094
54702,0.026231,-0.896428,-0.246375
54703,-0.0538072,-0.0411625,-0.0541955
54704,0,0.0134518,-0.00519185
54705,0.0387412,0.00995434,0.0134741
54706,-0.0275762,-0.0242133,-0.0427821
54707,-0.0188325,-0.0195051,-0.0333518
54708,-0.0014797,0.0127792,-0.00396683
54709,0.0168148,0.0168148,0.0122302
54710,0.0174873,0.907593,0.30383
54711,0.108556,0.0959114,0.125859
54712,-0.0718326,-0.962208,-0.412811
54713,-0.223031,-3.17651,-1.51283
54714,-0.158597,-2.27779,-1.09769
54715,-0.276838,-3.41945,-1.85191
54716,-0.00282488,0.0999469,0.040326
54717,-0.0248858,-0.0122411,-0.0555228
54718,0.0170838,0.0269036,-0.00294601
54719,0.0329569,0.0336295,0.033492
54720,-0.634656,-6.4757,-3.26367
54721,0.304145,2.94958,1.48104
54722,0.00591879,-0.00484265,0.0153476
54723,0.301859,3.61356,1.51151
54724,0.292308,4.10092,1.7881
54725,0.119452,1.38634,0.742603
54726,0.0130483,0.627661,0.212823
54727,0.0014797,-0.618918,-0.25075
54728,0.165323,1.47351,0.711033
54729,-0.126043,-1.46867,-0.720821
54730,-0.00134518,0.695055,0.32413
54731,0.0384722,1.9789,0.81818
54732,-0.443102,-3.8869,-1.88804
54733,0.0388757,0.676088,0.313864
54734,0.00470813,0.0582463,0.0541819
54735,0.00269036,-0.0200432,-0.055275
54736,-0.0324189,-0.686311,-0.307435
54737,0.0161422,0.0213884,0.0132837
54738,0.0382031,0.678778,0.306354
54739,0.0322843,0.0590534,0.0448038
54740,0.063089,1.30335,0.487951
54741,-0.260292,-0.275224,-0.369406
54742,0.0874367,0.143127,0.150303
54743,-0.0134518,-0.653489,-0.238376
54744,-0.0139899,0.613268,0.179121
54745,0.0134518,0.0403554,0.0368908
54746,0.35163,1.67125,0.923546
54747,-0.20366,2.51239,0.834762
54748,0.0336295,0.0336295,0.0335737
54749,-0.0423732,-0.693575,-0.283272
54750,-0.0567666,-0.672321,-0.330555
54751,0.0254239,1.35567,0.5623
54752,0.0361854,0.0191016,0.0359895
54753,0.0912032,1.3281,0.458614
54754,-0.522603,-3.45012,-1.79524
54755,-0.361046,-1.70246,-1.03431
54756,0.0247513,0.0391448,0.0289273
54757,-0.000269036,-0.00363199,-0.0104351
54758,-0.410146,-1.75143,-1.05185
54759,0,0.0146625,0.0150369
54760,0.0281143,0.0165457,0.0263024
54761,-0.015066,0.0119721,-0.00288322
54762,-0.00403554,-0.00403554,-0.0142357
54763,0.234196,0.898177,0.552863
54764,0.0531346,0.769981,0.34719
54765,0.0322843,0.0157386,0.0281114
54766,0.0980637,1.42899,0.656865
54767,-0.000403554,0.0129137,0.0314238
54768,-0.236617,-0.236214,-0.303777
54769,-0.0269036,-0.0364544,-0.070879
54770,0,0.0129137,-0.00299394
54771,0,0.0134518,0.0131889
54772,0.0248858,0.0368579,0.0244467
54773,0.363064,1.70461,0.946825
54774,-0.220206,0.157924,-0.163688
54775,0,-0.0267691,-0.0189761
54776,0,0.0134518,0.0131889
54777,-0.0201777,-0.0336295,-0.047486
54778,0.0107614,-0.00726398,6.27945e-05
54779,0.214825,1.60534,0.787611
54780,0.0235407,0.755184,0.324165
54781,-0.0082056,0.018429,-0.0107863
54782,0.0442564,0.684428,0.3081
54783,-0.00067259,-0.0195051,-0.0341967
54784,-0.06699,-1.30092,-0.598465
54785,-0.0886474,-0.782088,-0.399464
54786,-0.048561,-0.687522,-0.293403
54787,-0.0185635,-0.0489646,-0.0555292
54788,0.0134518,0.0429113,0.0380134
54789,-0.0269036,-0.0269036,-0.0432628
54790,0.0168148,0.0168148,0.00929736
54791,-0.0181599,-0.00470813,-0.00986201
54792,-0.104924,-0.836299,-0.482586
54793,0.0566321,0.767291,0.359919
54794,-0.0376651,-0.0647032,-0.101909
54795,-0.000941626,-0.0141244,-0.0149244
54796,0,0.0142589,-0.00365114
54797,0.00538072,0.0451981,0.0426784
54798,-0.085419,-1.44405,-0.763642
54799,0.0847464,1.43208,0.706808
54800,0.00941626,0.0391448,0.0331727
54801,0.185097,1.48414,0.656179
54802,0.0534037,0.812489,0.358985
54803,0.0143934,0.0422387,0.0187608
54804,0.0283833,0.018967,0.020127
54805,0.0343021,0.723573,0.325545
54806,-0.00134518,-0.00134518,-0.0100738
54807,0.224645,1.72237,0.878916
54808,-0.10896,-1.61032,-0.784076
54809,-0.0134518,-0.0273072,-0.0232869
54810,0.0364544,0.0228681,0.0338767
54811,0.0029594,-0.0104924,-0.0305919
54812,-0.0282488,-0.0312082,-0.0476505
54813,0.00336295,-0.0232716,-0.0480967
54814,0.00067259,-0.0265001,-0.034148
54815,-0.0710255,-0.688867,-0.329837
54816,0.0727743,0.742136,0.381606
54817,0.250338,1.67838,0.912439
54818,-0.00390102,-0.0309392,-0.02713
54819,0,0,-0.0247884
54820,0,-0.0134518,-0.0157403
54821,0.126447,1.70865,0.773397
54822,-0.0719672,-1.71901,-0.728424
54823,0.0329569,0.92387,0.343592
54824,0.251683,2.58046,1.21734
54825,0.00134518,-0.00376651,-0.019858
54826,0.0121066,0.00215229,0.0217575
54827,0.0161422,0.0166802,0.0116315
54828,0.000941626,-0.00228681,-0.00883463
54829,0.0863606,1.53431,0.79783
54830,0.0403554,-0.00121066,0.0236629
54831,-0.00215229,0.0383376,0.0427646
54832,0.172856,1.62377,1.00418
54833,-0.067259,-0.748862,-0.584414
54834,-0.0813834,-0.0949698,-0.134
54835,0.0365889,0.0831322,0.0937434
54836,-0.247782,-2.10857,-1.08081
54837,0.00430458,0.0219264,0.00410847
54838,0.0664519,0.0656448,0.0760127
54839,-0.0173528,-0.00322843,-0.00772242
54840,0.0877058,1.99732,0.964279
54841,-0.0472158,-1.99773,-0.972974
54842,0.0333605,1.38258,0.618139
54843,0.0316117,0.0316117,0.0311167
54844,0.246975,3.29784,1.62855
54845,-0.0390102,-0.0402209,-0.0754232
54846,-0.115551,-0.753032,-0.434036
54847,-0.0115686,0.0825941,0.0246441
54848,0.0457361,0.0454671,0.0496386
54849,0.00712946,0.0877058,0.0474847
54850,0.00632235,-0.0864951,0.0323591
54851,-0.0901271,-1.45912,-0.604576
54852,0.100485,1.49517,0.674334
54853,-0.0336295,-0.0201777,-0.00911028
54854,-0.0942972,-1.51857,-0.760228
54855,0.0403554,0.0406245,0.0423979
54856,-0.0242133,-0.0227336,-0.0370761
54857,-0.330914,-2.87586,-1.5816
54858,0.0361854,0.169224,0.14403
54859,0.0201777,0.599951,0.277554
54860,0.00255584,-0.00887819,-0.0114238
54861,-0.0503098,-0.0755992,-0.119423
54862,0.102234,0.80953,0.410947
54863,-0.143934,-1.52732,-0.772751
54864,0.0119721,0.0258275,-0.00113384
54865,0.0208503,0.0457361,0.0615844
54866,-0.0383376,-0.0115686,-0.0293962
54867,0.014797,0.0418351,0.0544964
54868,-0.0188325,-0.018698,-0.0324689
54869,0.0934901,1.4115,0.705518
54870,-0.0375305,-0.745903,-0.371592
54871,0.0215229,0.0462742,0.0345711
54872,0.00363199,0.0162767,0.00172635
54873,0.00201777,-0.018967,-0.0165111
54874,-0.0403554,-0.067259,-0.0892669
54875,0.0403554,0.0538072,0.0487381
54876,0.0282488,0.0282488,0.0267438
54877,0.251683,2.3538,1.18715
54878,-0.0227336,0.569549,0.193911
54879,-0.0282488,-0.0242133,-0.0382797
54880,-0.00659139,-0.0130483,-0.0171249
54881,-0.0975256,-1.6239,-0.814677
54882,-0.0134518,-0.0274417,-0.0487579
54883,-0.0134518,-0.0531346,-0.0927633
54884,-0.0336295,-0.0208503,-0.0298294
54885,0.0134518,0.0269036,0.0143358
54886,0.0536727,0.771058,0.380342
54887,0.00269036,-0.0112995,-0.0297546
54888,-0.00134518,-0.00134518,-0.0108207
54889,-0.0273072,-0.737697,-0.332228
54890,0.0242133,0.0326879,0.0255576
54891,0.014528,0.0247513,0.0306868
54892,-0.0516549,-0.792849,-0.351629
54893,0.0274417,0.771327,0.303298
54894,-0.0146625,-0.0181599,-0.0287525
54895,-0.298361,-2.64086,-1.44624
54896,-0.194917,-1.60251,-0.859805
54897,-0.610039,-5.05949,-2.76043
54898,0.00632235,0.0279798,0.00574139
54899,-0.0655103,-0.72855,-0.465013
54900,-0.0942972,-0.0738504,-0.118589
54901,-0.119183,-2.64099,-1.37284
54902,0.0129137,-0.0137208,-0.0212047
54903,-0.0174873,-0.00430458,-0.0306393
54904,0.0309392,0.0310737,0.0302837
54905,0.130213,2.28277,0.955237
54906,-0.0928175,-0.783299,-0.417758
54907,-0.0336295,-1.54763,-0.640699
54908,0.0504443,1.54655,0.643295
54909,0.00269036,-0.726129,-0.299566
54910,0.052462,0.792311,0.402318
54911,0.0336295,-0.00753301,-0.0335713
54912,0.0433148,0.0160076,0.0158975
54913,0.0168148,0.0336295,0.0355128
54914,0.00067259,0.0177564,-0.022061
54915,-0.0390102,0.010896,-0.115275
54916,0.184559,2.89967,1.36981
54917,-0.138688,-2.21309,-1.06951
54918,0.102906,1.51239,0.738325
54919,-0.00269036,-0.00497717,-0.0101443
54920,0.0712946,0.0730433,0.0663167
54921,-0.040759,-0.037396,-0.0433284
54922,-0.0134518,-0.0137208,-0.0262775
54923,0.0754646,0.77025,0.382859
54924,-0.0333605,-0.0800382,-0.0949907
54925,-0.211866,-0.253701,-0.329799
54926,-0.0386067,-1.54682,-0.696408
54927,0.0115686,0.0251549,0.0120091
54928,0.00659139,0.014797,0.0128577
54929,0.074254,1.58516,0.764879
54930,0,-0.0400864,-0.0763091
54931,0.0122411,0.0258275,0.02895
54932,-0.0134518,-0.00793657,-0.0235746
54933,0.190478,1.85823,0.971243
54934,0.182272,2.46329,1.05539
54935,0.0174873,-0.0230026,0.00121107
54936,0.366562,4.94112,2.53787
54937,0.0403554,-0.0243478,-0.00416885
54938,0.0391448,0.906921,0.438681
54939,0.164247,1.54413,0.75462
54940,-0.052462,-0.0855535,-0.114724
54941,-0.0718326,-0.0703529,-0.126515
54942,0.0520585,0.0395483,0.106956
54943,0.10896,1.44015,0.748884
54944,0.0772134,1.36724,0.682246
54945,-0.0403554,-0.0403554,-0.0634124
54946,0.0605331,0.0254239,0.0511532
54947,-0.128868,-2.07239,-0.942631
54948,0.0269036,0.0535382,0.0525269
54949,-0.00699494,-0.0203122,-0.00601536
54950,0.0134518,0,0.00289956
54951,-0.0134518,-0.0127792,-0.025992
54952,-0.0649722,-0.621339,-0.350838
54953,0,0.0127792,0.012711
54954,0,0.000538072,-0.0249491
54955,0,0,-0.00895398
54956,-0.00121066,-0.0158731,-0.0191489
54957,0,0.0143934,-0.00188074
54958,0.0146625,0.0279798,0.0144965
54959,0.00659139,-0.0209848,-0.0129136
54960,0.130079,1.34922,0.701553
54961,0.0336295,0.0640306,0.0606986
54962,-0.00215229,-0.00067259,-0.00939198
54963,0.0269036,0.0269036,0.0435764
54964,0.0134518,0.0269036,0.0302637
54965,-0.163978,-0.871139,-0.551908
54966,0.0134518,0.666268,0.291422
54967,0.0352437,0.0579773,0.0752698
54968,0.00255584,0.0164112,0.0172615
54969,-0.00901271,-0.0360508,-0.0655401
54970,0.0138554,0.0207158,0.010147
54971,0.000538072,0,-0.00842784
54972,-0.109094,-0.797827,-0.423875
54973,0,0,-0.00911326
54974,0.0121066,0.0121066,0.00625405
54976,0.0430458,0.709717,0.359857
54977,0.0135863,0.0404899,0.0181523
54978,-0.235407,-1.50512,-0.86928
54979,0.00941626,0.0309392,0.0735368
54980,0.0107614,0.0251549,0.0100228
54981,-0.00807108,-0.00834012,-0.0182391
54982,0.0134518,-0.0014797,0.000856175
54983,0.00188325,0.0176219,-0.00259518
54984,0.00228681,0.00363199,-0.00523181
54985,-0.0386067,-0.0260965,-0.0365931
54986,-0.010896,-0.0242133,-0.0292544
54987,0.00121066,0.0153351,-0.000870891
54988,0.000941626,-0.0125102,-0.0302202
54989,0,-0.0134518,-0.0314155
54990,0.0174873,0.0309392,0.0355455
54991,-0.0133173,-0.0133173,-0.0260173
54992,-0.000134518,-0.000134518,-0.00928401
54993,-0.0107614,-0.0100889,-0.0224544
54994,0,0.00067259,-0.00879454
54995,0.00269036,0.00201777,-0.00602965
54996,0,0.00067259,-0.00862263
54997,0.179582,1.46288,0.81567
54998,0.0563631,0.0889164,0.0958333
54999,-0.0255584,-0.0429113,-0.0497782
55000,-0.183214,-1.5514,-0.959975
55001,-0.431803,-3.21861,-1.79974
55002,-0.0403554,-0.0657793,-0.0874098
55003,-0.00914723,-0.00739849,-0.0217412
55004,0.00134518,0.014797,0.0148964
55005,0.0134518,0,-0.0143407
55006,0.00766753,0.0221955,0.00918986
55007,0.0269036,0.0360508,0.0295427
55008,0.24146,1.69452,1.04636
55009,0,-0.000134518,-0.009177
55010,-0.0289214,-0.0387412,-0.0508762
55011,-0.0258275,-0.0431803,-0.0730808
55012,0.0394138,0.06699,0.0696729
55013,-0.00807108,-0.00712946,-0.0188968
55014,-0.044391,-0.0310737,-0.0591495
55015,0.0430458,0.0297285,0.0232876
55016,0.0082056,-0.00107614,-0.0139269
55017,0.00134518,-0.0391448,-0.04162
55018,0.0948352,0.108422,0.122071
55019,-0.0478884,-0.0749266,-0.0828053
55020,0,0,-0.00911326
55021,-0.0112995,0.00215229,-0.016829
55022,0.0242133,0.0243478,0.0218444
55023,0.114878,2.0245,1.04034
55024,0.0134518,0.0162767,0.00853001
55025,-0.0414316,-0.0414316,-0.0457757
55026,0.0610712,0.0610712,0.0684063
55027,-0.0157386,-0.0165457,-0.0294884
55028,0.627527,6.87441,3.46545
55029,0.0673935,0.691557,0.297802
55030,0.0137208,-0.0133173,-0.0234941
55031,-0.367234,-2.50177,-1.41734
55032,0.0457361,0.0591879,0.0687298
55033,0.219264,1.64395,0.926374
55034,-0.0501752,-0.0786931,-0.115362
55035,0.0199087,0.025962,0.0114188
55036,-0.0205813,-0.126312,-0.0534587
55037,-0.0605331,-0.56659,-0.272677
55038,-0.00860916,-0.00847464,-0.0198181
55039,-0.0703529,-0.804418,-0.390351
55040,0.0445255,0.779532,0.339787
55041,-0.117838,-0.866565,-0.465608
55042,-0.142051,-1.4949,-0.781964
55043,-0.141917,-1.49893,-0.780185
55044,0.0067259,0.0067259,-0.000416585
55045,-0.0121066,-0.0386067,-0.034625
55046,0,0.0133173,-0.00286852
55047,-0.00645687,0.0338986,0.0478734
55048,0.115013,0.81935,0.407699
55049,-0.0134518,-0.0269036,-0.0484903
55050,0.0914723,0.896294,0.384334
55051,-0.0269036,-0.0406245,-0.0658518
55052,-0.0324189,-0.0434493,-0.0531947
55053,-0.0134518,0.00067259,-0.0143293
55054,0.0629545,-0.0197742,0.11685
55055,-0.0158731,0.00349747,-0.0233788
55056,0,-0.00201777,-0.0122993
55057,0.0134518,0.0269036,0.0486445
55058,0.059457,0.0800382,0.0333837
55059,-0.0578428,-0.082056,-0.116728
55060,0.0251549,0.00417006,0.00260053
55061,0.186846,0.781953,0.490303
55062,-0.0215229,-0.0213884,-0.0375222
55063,-0.0274417,-0.0274417,-0.0439458
55064,0.14797,1.03525,0.627428
55065,0.141648,1.56579,0.726845
55066,0.28464,2.35743,1.19291
55067,0.101158,1.59673,0.810514
55068,0.28343,2.69305,1.4046
55069,-0.454806,-3.36699,-2.00288
55070,0,-0.0254239,-0.0086292
55071,0.0142589,0.0255584,0.031137
55072,-0.147028,-0.212673,-0.265754
55073,0.0134518,-0.000134518,-0.0145612
55074,0.251145,1.83792,1.14611
55075,0.133576,0.745634,0.465072
55076,-0.0067259,0.785855,0.305599
55077,-0.157655,-1.6309,-0.886001
55078,0.0188325,0.0605331,0.0839283
55079,0.00188325,-0.0104924,-0.0270815
55080,0.124026,1.53768,0.76993
55081,-0.123353,-1.52745,-0.750487
55082,-0.0577082,-0.0812489,-0.122786
55083,0.0282488,0.0281143,0.04543
55084,-0.101561,-0.155906,-0.243546
55085,-0.0341676,-0.796616,-0.337545
55086,0.00201777,-0.0112995,-0.00742765
55087,0.00067259,0.00067259,-0.00825952
55088,-0.029594,-0.665461,-0.339243
55089,0.00403554,0.00417006,-0.0037678
55090,-0.227336,-1.55839,-0.779962
55091,0.02233,0.0727743,0.102707
55092,0.0940281,0.710793,0.347117
55093,-0.0563631,-0.0690078,-0.0866788
55094,0.108825,0.908266,0.425042
55095,0.00134518,0.00874367,-0.00660815
55096,0.00269036,0.00269036,-0.0056983
55097,-0.116493,-1.52019,-0.689401
55098,0.0737159,0.671514,0.324044
55099,0.0430458,0.821502,0.31954
55100,0.0842083,0.0926829,0.109003
55101,-0.0925484,-0.114071,-0.164155
55102,0.00538072,-0.0215229,-0.043813
55103,0.0254239,0.0531346,0.0653888
55104,0.0282488,0.0281143,0.0550883
55105,-0.0134518,-0.0269036,-0.0486495
55106,0.0134518,-0.000134518,0.00434551
55107,0.0014797,0.015066,-0.000797004
55108,0.00981982,0.0344366,0.0292202
55109,0.00860916,-0.00497717,-0.00180142
55110,-0.0107614,-0.0160076,-0.0203782
55111,0.0215229,0.0100889,-0.002948
55112,-0.0242133,-0.0785585,-0.0896828
55113,0.0244823,0.0655103,0.0704509
55114,0.0563631,1.461,0.711115
55115,0.0137208,0.0137208,-0.00955704
55116,0.00269036,1.41674,0.449522
55117,-0.00645687,-0.0133173,-0.0470212
55118,0.0852845,0.0733123,0.077945
55119,-0.0174873,-0.0139899,-0.027931
55120,-0.0096853,0.197338,0.180302
55121,0.000134518,-0.00766753,0.00312905
55122,-0.0242133,-0.0377996,-0.0436232
55123,0.0439874,0.0766753,0.100916
55124,-0.044391,-0.0585154,-0.088081
55125,-0.0134518,-0.0134518,-0.026188
55126,0.117703,0.133845,0.143267
55127,-0.0551524,-0.082056,-0.104815
55128,-0.0134518,-0.0134518,-0.00796653
55129,0.0511169,0.078155,0.0634676
55130,0.0376651,1.57709,0.581964
55131,0.104386,0.726263,0.430322
55132,0,0.000403554,-0.0250671
55133,0.0134518,-0.0217919,-0.0220585
55134,0.0403554,0.0403554,0.0421111
55135,-0.0579773,-0.734065,-0.375202
55136,0.0269036,0.714694,0.336651
55137,0.0574392,0.0692768,0.0663964
55138,0.352168,2.79017,1.64678
55139,0.0403554,0.0603986,0.0836243
55140,0.547219,5.35624,3.24706
55141,0.033495,0.144338,0.0987614
55142,0.0130483,0.0661829,0.0260874
55143,0.00134518,-0.0391448,-0.0313216
55144,-0.00215229,-0.000134518,0.0111803
55145,-0.0134518,-0.0811144,-0.0646314
55146,0.0269036,0.0540763,0.0513368
55147,-0.272803,-1.51898,-1.09284
55148,-0.00766753,0.0581118,-0.0311524
55149,0.0204467,0.0338986,0.0391426
55150,0.000269036,0.0152005,-0.00144356
55151,-0.233523,-2.38689,-1.38758
55152,-0.000538072,0.014797,0.0149297
55153,0.0538072,0.0538072,0.0751138
55154,-0.0470813,-0.0873022,-0.105443
55155,-0.0129137,-0.0265001,-0.0294902
55156,0.0437184,0.0877058,0.100927
55157,-0.0134518,-0.0134518,-0.026188
55158,0.122411,1.809,0.970167
55159,0.0445255,0.0694113,0.0405336
55160,0.0269036,0.0403554,0.0473385
55161,-0.208099,-1.98872,-1.25381
55162,-0.0121066,0.014797,0.0472306
55163,-0.0067259,-0.0201777,-0.0410934
55164,0.0178909,0.0310737,0.019843
55165,-0.00591879,-0.0328224,-0.0453027
55166,-0.261234,-1.94392,-1.34699
55167,-0.0304011,-0.0574392,-0.0735649
55168,-0.00376651,-0.00376651,-0.0311344
55169,0.00376651,0.00282488,-0.0218214
55170,-0.0142589,0.0126447,0.00146396
55171,-0.0153351,-0.0100889,-0.025994
55172,0.00376651,0.00511169,-0.00382612
55173,-0.0166802,-0.0166802,-0.030286
55174,-0.00538072,-0.00538072,-0.0159432
55175,-0.171645,-1.55947,-1.02336
55176,-0.0164112,0.0343021,0.00176675
55177,0.00430458,-0.0170838,-0.0268904
55178,0.00538072,0.00538072,-0.00228334
55179,0.0894545,1.5214,0.91398
55180,0.0349747,0.0215229,0.0289069
55181,0,0.00390102,-0.00264562
55182,0.0161422,-0.0107614,-0.0332279
55183,0.0127792,0.0398173,0.0362601
55184,0.00269036,-0.010896,-0.0123891
55185,0.00538072,0.00470813,-0.00260206
55187,0.179985,0.676491,0.390289
55188,0.00269036,0.00134518,-0.0059515
55189,0.0134518,0.0134518,-0.00796639
55190,0.0807108,0.968261,0.627481
55191,-0.0618783,-0.0887819,-0.116746
55192,0.077886,0.681469,0.263017
55193,0.00686042,0.0180254,0.045062
55194,0.0827286,0.980233,0.502191
55195,0.100485,0.139092,0.165739
55196,-0.0375305,-0.0242133,-0.0504414
55197,0.000941626,0.640979,0.203451
55198,-0.0134518,-0.0133173,-0.025965
55199,-0.0403554,-0.066721,-0.0864529
55200,0.014797,-0.0269036,-0.0416316
55201,0.0180254,0.00390102,0.0180759
55202,-0.00591879,-0.0193706,-0.0205476
55203,0.187518,1.15376,0.656261
55204,-0.124429,-0.156579,-0.189025
55205,-0.0725052,-0.901406,-0.478083
55206,-0.00941626,-0.0329569,-0.0301399
55207,0.0910687,0.969068,0.439687
55208,0.0687387,1.61153,0.762494
55209,0.141244,1.57117,0.896652
55210,0,0.0290559,0.0210481
55211,-0.0134518,-0.0336295,-0.0474264
55212,-0.0134518,-0.0404899,-0.0525117
55213,-0.0134518,-0.0131828,-0.0259013
55214,0.0336295,0.0200432,0.0267237
55215,0.0321498,0.702722,0.356561
55216,-0.0531346,-0.57493,-0.36953
55217,-0.0328224,-0.135056,-0.123588
55218,-0.499062,-5.44139,-2.90616
55219,0.0403554,0.0539417,0.0487084
55220,-0.0425077,-0.0559595,-0.0694439
55221,0.12416,0.849347,0.522517
55222,0.0135863,-0.000134518,-0.0329968
55223,0.0224645,0.0227336,0.0353111
55224,-0.0141244,-0.0277107,-0.0494077
55225,0.0141244,0.0411625,0.0348928
55226,0.12147,0.180927,0.21488
55227,-0.0999469,-0.0867642,-0.151506
55228,0.0484265,0.633715,0.316404
55229,-0.00430458,-0.00376651,-0.0146041
55230,-0.0279798,-0.0532692,-0.0450348
55231,0.000134518,0.0193706,0.0257848
55232,-0.0804418,-0.109498,-0.158712
55233,0.0235407,0.73272,0.312327
55234,0.0133173,0.0240787,0.0249596
55235,0.273475,2.3199,1.16578
55236,-0.215094,-2.30281,-1.0465
55237,0.0160076,0.0431803,0.0211663
55238,0.0231371,0.117703,0.141487
55239,-0.0376651,-0.105597,-0.118559
55240,0,0.000134518,-0.00659664
55241,-0.00403554,0.00941626,-0.0103143
55242,-0.0351092,-0.673801,-0.287385
55243,-0.0376651,-0.713215,-0.371598
55244,-0.0306701,-0.0212539,-0.0252135
55245,0.044391,0.0979291,0.10324
55246,-0.161691,-0.888895,-0.52867
55247,-0.12564,-0.89051,-0.594863
55248,0.0605331,0.0741195,0.074002
55249,0.0110305,0.0244823,0.0116088
55250,-0.0267691,0.00067259,0.0175493
55251,-0.0129137,0.040759,-0.0164197
55252,-0.212808,-1.62901,-0.963883
55253,0.0686042,0.0819215,0.102568
55254,0.00941626,0.0221955,0.0248099
55255,-0.0832667,-0.161556,-0.263144
55256,-0.052462,0.110305,0.192268
55257,-0.010896,0.00255584,0.0169487
55258,0.137746,1.54481,0.725618
55259,0.0134518,0.00107614,0.00417004
55260,0.0305356,-0.00981982,0.0130929
55261,0.067259,0,0.0720974
55262,0.615824,6.15339,3.18762
55263,0.147297,1.48992,0.717509
55264,0.00255584,-0.00928175,-0.00948915
55265,-0.129272,-1.57453,-0.791913
55266,0.0938936,1.52301,0.749342
55267,-0.0400864,-0.0297285,-0.0607075
55268,-0.133845,-1.46221,-0.746415
55269,0.0793657,0.0998124,0.133895
55270,0.0134518,0.593225,0.287612
55271,0.000134518,-0.000269036,-0.030579
55272,-0.0308046,-0.6851,-0.388964
55273,0.0164112,0.0832667,0.0614676
55274,-0.10896,-1.46678,-0.734861
55275,0,-0.0536727,-0.0581516
55276,0.0067259,0.0336295,0.0254379
55277,0.326879,4.33646,2.24306
55278,0.106269,0.0399519,0.116812
55279,0.540628,5.29611,2.72834
55280,-0.0986017,-0.140033,-0.191722
55281,-0.0804418,-1.61718,-0.739828
55282,-0.0131828,-0.0534037,-0.0423364
55283,0.0642996,0.15631,0.105007
55284,0.137343,1.68914,0.791651
55285,-0.00941626,0.0174873,0.00494815
55286,0.00134518,-0.010896,-0.0106051
55287,-0.0699494,0.00174873,-0.0914445
55288,0.439874,3.47985,1.76354
55289,0.107614,1.62256,0.830524
55290,-0.0495026,-0.777245,-0.425986
55291,-0.00941626,-0.879614,-0.435087
55292,0.119856,1.7973,0.946199
55293,-0.0180254,-0.731644,-0.41249
55294,0.0782895,-0.0138554,0.0787118
55295,-0.00107614,-0.00188325,-0.0118174
55296,-0.0201777,-0.0067259,-0.0311732
55297,0.16048,0.8402,0.533168
55298,0.213615,3.754,1.85658
55299,0.0776169,0.867103,0.782864
55300,-0.6321,0.172721,-0.461931
55301,0.0376651,0.10479,0.0922936
55302,-0.145414,-2.6266,-2.56784
55303,-0.131693,-0.132366,-0.290269
55304,0.00726398,-0.00726398,-0.00268122
55305,-0.112188,-2.63023,-1.46316
55306,-0.00134518,-0.00134518,-0.01098
55307,-0.141109,-2.46101,-1.25174
55308,-0.00807108,-0.0620128,-0.0527553
55309,-0.00538072,-0.00497717,-0.0155927
55310,-0.117031,-2.65243,-1.34233
55311,0.0297285,0.0699494,0.0619782
55312,0.0620128,1.89913,0.917359
55313,0.146625,0.859705,0.577224
55314,0.000807108,-0.0211193,-0.0286069
55315,-0.0336295,-0.0671245,-0.099528
55316,-0.0882438,-0.0760027,-0.173175
55317,0.0134518,0.0456016,0.026586
55318,-0.0372615,-0.725859,-0.343106
55319,0.0699494,0.0692768,0.0793443
55320,0.0632235,0.796212,0.443731
55321,-0.101023,-0.860781,-0.524145
55322,-0.208099,-4.33821,-2.07345
55323,-0.0484265,-0.02233,-0.0972203
55324,0,0.0133173,-0.000959684
55325,0.0158731,-0.102503,-0.0464905
55326,-0.0316117,-0.625913,-0.276839
55327,-0.0675281,-1.77093,-0.773796
55328,0.199356,2.58786,1.30671
55329,0.0267691,0.022599,0.00719603
55330,0,-0.0260965,-0.0519675
55331,-0.0512514,-0.0512514,-0.107336
55332,0.0431803,-0.00417006,0.0475908
55333,-0.0244823,-0.0244823,-0.0562766
55334,-0.0252894,-0.0329569,-0.0368984
55335,-0.0499062,-2.35164,-0.930007
55336,-0.182137,-2.46854,-0.95175
55337,-0.427902,-6.62945,-2.57244
55338,-0.122411,-2.66063,-1.16227
55339,0.0353783,-0.0441219,-0.0815407
55340,0.0328224,-0.130348,-0.0361312
55341,-0.0103579,-0.0248858,-0.0445846
55342,0.0201777,0.0614748,0.010076
55343,-0.0360508,-0.729895,-0.368154
55344,0.00403554,-0.00941626,-0.0103651
55345,0.0683352,0.0858225,0.100992
55346,0.153351,2.23165,1.1226
55347,-0.0403554,-0.12147,-0.159667
55348,-0.419158,-5.52008,-2.7875
55349,-0.00538072,1.22761,0.531557
55350,0.130079,0.739177,0.42164
55351,0.00376651,0.0133173,0.0162731
55352,-0.00618783,-0.029863,-0.0605379
55353,0.0616093,0.853517,0.410112
55354,0.0285178,0.0285178,0.0272446
55355,-0.0379341,-0.078424,-0.105803
55356,-0.0684697,-0.811009,-0.336314
55357,0.0912032,0.83872,0.400668
55358,0.0990053,1.30456,0.566553
55359,0.0221955,0.0439874,0.0263504
55360,-0.0495026,-0.0363199,-0.0688422
55361,0.0333605,0.0739849,0.100585
55362,-0.0201777,-0.0338986,-0.0387238
55363,0.0211193,0.0750611,0.0480169
55364,-0.0282488,-0.0551524,-0.0550562
55365,0.0154696,0.0425077,0.0367595
55366,0.195051,1.43127,0.703269
55367,-0.00941626,-0.00847464,-0.0206017
55368,-0.0322843,-0.0591879,-0.0948564
55369,-0.0394138,-0.0520585,-0.0666012
55370,0.0297285,0.0304011,0.0286588
55371,0.0174873,0.0579773,0.0646977
55372,0.0855535,0.168148,0.146553
55373,0.158193,2.09485,0.990002
55374,0.179851,3.05733,1.09336
55375,0.0239442,-0.0503098,-0.0698132
55376,0,0.0134518,-0.00289825
55377,-0.0661829,-2.35017,-0.65081
55378,-0.0107614,0.029863,0.0128172
55379,-0.0328224,-0.0591879,-0.07945
55380,-0.0110305,-0.70326,-0.387245
55381,-0.25397,-4.52761,-2.36091
55382,0.0715636,0.621877,0.395206
55383,0.131828,0.835357,0.491604
55384,-0.0134518,-0.0999469,-0.130924
55385,-0.0415661,-0.0417006,-0.0622567
55386,0.00255584,0.0134518,0.0120365
55387,0.055556,-0.669362,-0.313541
55388,-0.13963,-0.754377,-0.630855
55389,-0.0169493,-1.3398,-0.541433
55390,-0.0333605,-0.0336295,-0.0671679
55391,0.00995434,-0.711197,-0.306891
55392,-0.0121066,0.000538072,-0.0368847
55393,-0.0244823,-0.037127,-0.0448537
55394,0.0172183,0.0294595,0.0157972
55395,0.00403554,-0.00941626,-0.0103651
55396,-0.00269036,-0.0564976,-0.054206
55397,0.0014797,0.00067259,-0.00763265
55398,0.0243478,0.0395483,0.0262049
55399,0.0567666,0.807646,0.40924
55400,-0.0174873,-0.0442564,-0.0582924
55401,-0.0234061,-0.0574392,-0.076498
55402,0.029594,0.0170838,-0.0400735
55403,-0.0169493,-0.0173528,-0.0311057
55404,-0.0964495,-1.36469,-0.727302
55405,0.112188,1.5366,0.99529
55406,0.0255584,0.0390102,-0.00805139
55407,0.0281143,0.0281143,0.0743568
55408,0.0834012,0.665057,0.36269
55409,0.172183,1.57682,0.756308
55410,-0.0737159,-0.632369,-0.379251
55411,-0.0789621,-1.60682,-0.801785
55412,0.115416,1.54185,0.665982
55413,-0.052462,-1.45575,-0.662194
55414,-0.00403554,-0.0577082,-0.0274965
55415,-0.0134518,-0.0134518,-0.026188
55416,-0.0983327,-1.35446,-0.668844
55417,-0.0067259,0.00659139,-0.0271746
55418,0.00807108,-0.00511169,-0.00504938
55419,-0.0161422,0.0106269,-0.0221752
55420,-0.161287,-1.50472,-0.878902
55421,0.0322843,0.0458707,0.0555445
55422,-0.211597,-2.2864,-1.41861
55423,-0.0803073,-0.72438,-0.510589
55424,-0.0255584,-0.0119721,-0.0190301
55425,-0.00282488,0.0106269,-0.00607193
55426,0.0269036,0.0403554,0.029939
55427,-0.000403554,-0.0137208,-0.0144644
55428,-0.0157386,-0.00188325,-0.0273979
55429,0.0196396,0.0840738,0.104103
55430,-0.0134518,-0.0134518,-0.0260288
55431,0.0134518,0.0134518,0.00796153
55432,0,0.0134518,-0.00421057
55433,-0.00834012,-0.0217919,-0.0418426
55434,-0.0192361,-0.0328224,-0.0560554
55435,0.0403554,0.0675281,0.0699213
55436,0,-0.0135863,-0.014239
55437,-0.014797,-0.00134518,-0.0229928
55438,0,-0.0133173,-0.0311924
55439,-0.0403554,-0.0404899,-0.0605606
55440,0.089051,0.101427,0.124387
55441,0.0457361,0.0188325,0.0679548
55442,-0.153216,-0.172587,-0.278804
55443,0.0230026,0.00981982,-0.0033366
55444,0,-0.000807108,-0.0104514
55445,0.0464087,0.142186,0.0764248
55446,-0.0414316,1.05126,0.423181
55447,0.0134518,0.0135863,0.00985352
55448,-0.0216574,-0.0488301,-0.0816541
55449,-0.0905307,-1.26864,-0.642714
55450,-0.0161422,-0.0429113,-0.0741437
55451,0.0336295,0.0612057,0.0614159
55452,-0.0273072,0.0399519,-0.0357055
55453,0,0.0134518,0.0287048
55454,0.011434,0.0122411,0.00595721
55455,-0.00107614,-0.00188325,-0.0107176
55456,0.0127792,0.0135863,0.00750541
55457,-0.0193706,-0.0269036,-0.0121415
55458,0.0121066,0.0266346,0.0119852
55459,-0.0067259,-0.0067259,-0.0177948
55460,0.179985,1.33953,0.61767
55461,0.0134518,-0.000134518,0.00283329
55462,-0.0174873,-0.0174873,-0.0156353
55463,-0.0277107,-0.707834,-0.276338
55464,0.0134518,0.698552,0.247199
55465,0.0306701,0.0172183,0.00636201
55466,-0.0585154,-1.32769,-0.664365
55467,0.0581118,0.669093,0.401485
55468,0.0620128,0.800921,0.325705
55469,0.184155,1.52584,0.739898
55470,0.0577082,-0.710928,-0.192474
55471,0.0419696,0.822443,0.307087
55472,0.0242133,0.0242133,0.0694051
55473,0.12981,1.49557,0.7591
55474,-0.0130483,-0.0197742,-0.0355802
55475,-0.0889164,-1.45293,-0.757978
55476,0.0613402,0.0665864,0.130765
55477,0.106269,1.48481,0.643957
55478,-0.0161422,-0.0567666,-0.111253
55479,0.0213884,0.0325534,0.0221252
55480,0.143396,1.4084,0.613382
55481,-0.0363199,-0.0504443,-0.0572125
55482,0.0134518,-0.000538072,0.00410455
55483,0.0067259,0.0336295,0.00819766
55484,-0.00269036,-0.0161422,0.0055921
55485,0.0173528,0.00376651,0.00606316
55486,0.0130483,0.0267691,0.0129573
55487,0.234061,2.98415,1.38052
55488,-0.014797,-0.0271726,-0.0338382
55489,0.0349747,0.0617438,0.0826868
55490,0.0769443,1.4536,0.609221
55491,0.0125102,-0.0260965,-0.0227294
55492,-0.029594,0.00188325,-0.0197483
55493,0.0146625,0.00511169,0.0235603
55494,-0.0174873,-0.0309392,-0.0536127
55495,0.00188325,0.0154696,0.0158024
55496,0.00269036,0.00215229,-0.00659039
55497,0.228277,2.31627,1.03552
55498,-0.0044391,-0.00457361,-0.0147872
55499,0.187249,2.47527,0.73694
55500,0.106404,0.116627,0.0612774
55501,0.0979291,3.20274,1.09697
55502,0.067259,0.059726,-0.010508
55503,0.0391448,1.51171,0.577832
55504,-0.0349747,-1.6309,-0.545789
55505,-0.0166802,-2.33187,-0.887772
55506,0.00161422,0.0322843,0.0225264
55507,-0.0495026,-0.720748,-0.321731
55508,-0.196665,-3.9438,-1.47341
55509,-0.00269036,0.0250204,0.00165449
55510,0.0240787,0.729357,0.253431
55511,0.011165,-0.669765,-0.280239
55512,-0.0500407,-0.668286,-0.437065
55513,0.0251549,-0.0112995,-0.0462655
55514,-0.00282488,0.00901271,-0.0237603
55515,0.0107614,-0.0161422,-0.00573664
55516,0.00981982,-0.00376651,-0.0191739
55517,-0.0112995,-0.0244823,-0.0296371
55518,-0.120394,-2.15283,-1.00172
55519,-0.0161422,-0.0294595,-0.0518415
55520,0.0082056,-0.563362,-0.251748
55521,-0.0616093,-1.41446,-0.647474
55522,0.0535382,1.38298,0.567343
55523,-0.109901,-2.23569,-1.09575
55524,0.096853,2.13964,0.881826
55525,-0.0842083,-2.11395,-1.00623
55526,0.0766753,0.821636,0.406492
55527,-0.156714,-2.72265,-1.25736
55528,-0.0134518,-0.0275762,-0.0329897
55529,-0.0460052,-0.0864951,-0.168101
55530,0.100216,-1.07292,-0.525008
55531,-0.0269036,0.000134518,-0.0367612
55532,0.237693,1.51467,0.893615
55533,0.04466,1.23931,0.45741
55534,0.0133173,-0.000941626,-0.0306777
55535,-0.0606676,-0.751687,-0.277553
55536,0.0739849,1.48199,0.57151
55537,-0.160076,-1.52396,-0.839675
55538,0.121066,1.55476,0.69989
55539,0.0121066,0.0271726,0.0312325
55540,-0.201912,-3.07226,-1.49701
55541,0.0564976,0.0431803,0.0878934
55542,0.141244,3.06271,1.34894
55543,-0.138957,-2.22587,-0.992198
55544,0.102099,1.5744,0.699985
55545,-0.0271726,-0.880959,-0.45424
55546,0.0135863,0.0406245,0.0370318
55547,0.109363,1.54992,0.634471
55548,0.369118,3.92685,1.78412
55549,0.0135863,-0.00134518,-0.0136194
55550,-0.0673935,-0.0406245,-0.0657623
55551,-0.0753301,-1.34935,-0.664915
55552,-0.0430458,-0.881228,-0.362804
55553,0.0768098,0.927502,0.417904
55554,-0.280336,-3.79139,-1.83698
55555,-0.0243478,-0.647974,-0.468441
55556,-0.103041,-1.49288,-0.778001
55557,0.0345711,0.543184,0.269367
55558,0.0134518,0.0269036,0.00882604
55559,0.044391,0.0711601,0.123471
55560,0.127927,2.3499,1.08328
55561,0.118376,1.94311,0.752649
55562,0.0686042,0.106538,0.102619
55563,0.161422,2.22722,0.955527
55564,0.231506,2.74403,1.26769
55565,-0.144069,-1.37572,-0.717618
55566,0.0328224,0.0481575,0.0373789
55567,-0.0815179,-0.768098,-0.447536
55568,0.0772134,0.711466,0.363856
55569,0.154561,0.73837,0.415896
55570,0.00686042,0.0203122,0.0537529
55571,-0.11313,-1.64489,-0.954805
55572,0.0121066,0.792446,0.349267
55573,0.0687387,0.660349,0.343717
55574,0.0134518,-0.572778,-0.224005
55575,0.0149315,0.0283833,0.000445398
55576,-0.029594,-0.0305356,-0.0472984
55577,0.39777,4.78144,2.06063
55578,0.0297285,0.790025,0.331952
55579,0.100889,2.28963,0.656194
55580,-0.0751956,-0.0306701,-0.0365172
55581,-0.00712946,0.00645687,0.00420305
55582,0.00255584,0.00753301,-0.0162079
55583,0.0394138,-0.0372615,-0.047371
55584,-0.108825,-2.35676,-0.695811
55585,0.0201777,0.0204467,0.016945
55586,-0.583808,-8.29707,-3.82481
55587,-0.0302666,-0.878672,-0.346466
55588,0.00941626,0.0107614,0.00506931
55589,-0.0238097,-0.533768,-0.30662
55590,-0.0349747,-0.037396,-0.0705928
55591,0.164381,1.53068,0.785321
55592,0.0470813,1.3242,0.589857
55593,0.014797,0.0122411,0.00907165
55594,-0.178505,-2.88582,-1.45106
55595,0.0415661,0.574258,0.284734
55596,-0.115551,-1.48683,-0.706898
55597,-0.00228681,-0.0156041,-0.0150119
55598,0.0664519,0.92656,0.410896
55599,0.00269036,-0.025693,-0.0352651
55600,-0.00941626,0.00403554,-0.0144386
55601,-0.0134518,0.0134518,0.00248845
55602,-0.00269036,-0.0169493,-0.0256553
55603,0.0282488,0.0819215,0.0570881
55604,0.273879,1.76138,1.06039
55605,0.0201777,-0.0162767,-0.0653367
55606,0.0460052,-0.00605331,-0.0711687
55607,0.00659139,-0.0473504,-0.0426474
55608,-0.0067259,-0.00336295,-0.0122344
55609,-0.0913378,-1.58933,-0.855181
55610,0.0552869,-0.000269036,-0.0455255
55611,0.0973911,0.645956,0.371947
55612,0.00228681,0.00228681,-0.00621054
55613,0.162632,1.02207,0.609162
55614,-0.0197742,-0.0330914,-0.101623
55615,-0.00174873,-0.00282488,-0.0121766
55616,0.189536,1.62148,0.773266
55617,-0.00807108,-0.0215229,-0.0257324
55618,0.225856,2.61422,1.21188
55619,0.0306701,0.00874367,0.00595213
55620,0.0170838,0.788814,0.301205
55621,0,0.029594,0.00904783
55622,0.044391,0.0866296,0.0967816
55623,-0.00336295,0.00981982,0.00880589
55624,0.255046,3.20893,1.08178
55625,0.0122411,0.052193,0.0276475
55626,0.519374,8.67184,3.53816
55627,-0.0269036,-0.0270381,-0.0431542
55628,0.148373,2.53822,0.930049
55629,0.21765,1.87289,0.776988
55630,0.21913,3.64288,1.64141
55631,0.0351092,-0.0174873,0.0318656
55632,0.0152005,0.00174873,0.00747371
55633,0.0067259,-0.00712946,-0.0230299
55634,-0.10479,-2.69211,-1.45709
55635,0.0941626,1.87263,0.887175
55636,0.0318808,0.0157386,0.0290832
55637,0.00941626,-0.0176219,-0.0072299
55638,0.0161422,0.0306701,0.0186904
55639,0.048292,0.693979,0.403391
55640,0.0174873,0.0181599,0.0350123
55641,-0.280739,-5.17921,-2.57606
55642,0.00780205,-0.0212539,0.0430977
55643,-0.0348402,-2.41958,-0.93541
55644,0.0829976,0.0178909,0.069085
55645,-0.179044,-2.44487,-0.985353
55646,0.0738504,0.0484265,0.0246671
55647,0.179851,2.43303,0.955648
55648,-0.0134518,0.030132,-0.00613688
55649,0.0404899,-0.0386067,-0.0571586
55650,0.0318808,1.59014,0.418558
55651,-0.052462,-0.0552869,-0.0763528
55652,0.0336295,0.0881093,0.0685657
55653,0.0270381,0.0797692,0.0390013
55654,-0.0269036,-0.0538072,-0.0719393
55655,0.0403554,0.000941626,0.0288582
55656,-0.0703529,-1.85904,-0.696938
55657,0.0251549,0.018429,0.0593558
55658,0.00269036,0.00255584,-0.069633
55659,0.167475,1.84599,0.648029
55660,-0.0278452,-1.97715,-0.840761
55661,-0.0160076,-2.40895,-0.852155
55662,0.0269036,1.7821,0.694409
55663,-0.044391,-0.0174873,-0.0741492
55664,0,-0.0134518,-0.0314155
55665,-0.360239,-10.4239,-3.95958
55666,-0.22895,-2.30026,-1.38329
55667,0.0766753,0.693037,0.37761
55668,0.166937,0.971489,0.628268
55669,0.00336295,-0.0102234,-0.00868705
55670,0.165592,1.56095,0.777497
55671,0.0860916,1.67798,0.367297
55672,0,0.750073,0.258421
55673,-0.250607,-3.94071,-1.55894
55674,-0.00336295,0.0638961,-0.00886936
55675,0.284506,3.86632,1.62302
55676,-0.0336295,-0.0470813,-0.074105
55677,0.0269036,0.0570357,0.0552426
55678,0.00269036,0.00269036,-0.0056983
55679,0.0134518,0.0134518,0.0265016
55680,-0.0269036,-0.0403554,-0.0657243
55681,-0.0434493,-0.0564976,-0.085898
55682,0.0217919,0.0247513,0.021543
55683,0.00955078,0.0224645,0.0245792
55684,0.0139899,0.0139899,0.0126265
55685,0.0737159,0.0451981,-0.032156
55686,0.153082,2.58584,0.778247
55687,-0.0476194,-0.0227336,-0.0115746
55688,0.0450636,0.00538072,-0.0140408
55689,0,0.011165,-0.00761809
55690,0.154965,1.63789,0.629836
55691,-0.0302666,-0.0430458,-0.0480496
55692,0.00457361,-0.00914723,-0.00673477
55693,0.0156041,0.00242133,-0.0111627
55694,0.0351092,0.0760027,0.0861547
55695,-0.283564,-4.15553,-1.5356
55696,0.0067259,0.00766753,0.00175525
55697,0.00376651,0.0172183,0.0137598
55698,0.0242133,-0.0531346,-0.18946
55699,0.0976601,1.6648,0.452499
55700,-0.02233,0.781281,0.313706
55701,0.155772,2.37949,0.929378
55702,-0.00134518,-0.0821905,-0.0379137
55703,-0.0242133,-0.751418,-0.280396
55704,-0.00269036,0.724649,0.227924
55705,0.0721017,0.0318808,0.0159642
55706,0.0134518,0.0137208,0.00817777
55707,-0.0675281,-0.0441219,-0.0352339
55708,0.0686042,0.0418351,0.0374753
55709,0.0067259,0.0067259,-0.0193258
55710,-0.00134518,-0.0146625,-0.0143093
55711,0.0244823,0.0505788,0.0676276
55712,-0.0336295,-0.0739849,-0.101467
55713,0.00336295,0,-0.0104201
55714,0.00349747,0.00363199,-0.00461007
55715,0.00807108,0.048292,0.0507343
55716,0.105597,2.42697,0.90972
55717,0.0164112,0.0029594,-0.0103441
55718,0.107883,1.78317,0.643285
55719,0.142455,0.806167,0.459783
55720,-0.0349747,-0.0722362,-0.0870824
55721,-0.0269036,-0.0509823,-0.0673454
55722,0.00336295,0,-0.0104201
55723,0.0625509,0.0625509,0.0704438
55724,0.0279798,-0.0123757,0.00211833
55725,-0.0134518,-0.0135863,-0.0264111
55726,-0.00349747,0.0503098,0.0129554
55727,0.0228681,0.0769443,0.0936408
55728,-0.0246168,-0.0248858,-0.101052
55729,-0.00726398,-0.0536727,-0.0162714
55730,0.0029594,-0.0104924,-0.027659
55731,0.000269036,0.00161422,-0.00810906
55732,0.229219,2.69561,1.26482
55733,-0.0067259,-0.0333605,0.0103275
55734,-0.0174873,-0.00349747,-0.031496
55735,0.0134518,7.31836e-19,-0.0145
55736,0.033495,0.0138554,6.35229e-05
55737,-0.0341676,-0.0478884,-0.0737599
55738,-0.0121066,-0.793118,-0.447204
55739,-0.0121066,-0.0390102,-0.0531571
55740,0.0903961,0.850289,0.491173
55741,0.267825,2.0931,0.940179
55742,0.0107614,-0.113668,-0.118398
55743,-0.040759,-2.05476,-1.09127
55744,0.000807108,0.000807108,-0.00792949
55745,0.227739,2.68781,1.42173
55746,-0.0134518,0.000403554,-0.0223955
55747,-0.00134518,-0.0014797,-0.0102633
55748,0,0.000269036,-0.00903483
55750,0.00470813,0.00457361,0.0145812
55751,0,-0.0403554,-0.0415013
55752,-0.331587,-2.74995,-1.48953
55753,0.0731778,0.0456016,0.0230347
55754,-0.018429,0.029863,0.0394202
55755,-0.0192361,-0.0326879,-0.0399045
55756,0.0723707,0.111381,0.053582
55757,-0.0844773,-0.748189,-0.395333
55758,0.0391448,-2.02275,-0.969069
55759,-0.00430458,0.00914723,0.00823052
55760,0.00430458,0.0177564,0.00272496
55761,0.0269036,0.0269036,0.0250363
55762,0,-0.0133173,-0.015358
55763,0.0082056,0.00793657,-0.0851856
55764,-0.0188325,-0.018698,-0.0329542
55765,0,0,-0.00927254
55766,-0.0415661,-0.0408935,-0.0615556
55767,0.010896,0.010896,0.00471732
55768,-0.164247,-0.268229,-0.222294
55769,-0.0231371,-2.79165,-1.29445
55770,-0.0134518,0,-0.00237615
55771,0,0.018967,-0.000918992
55772,0.0134518,0.0134518,0.00796153
55773,0.0688732,0.0823251,0.102083
55774,0.000403554,0.000403554,-0.0258413
55775,-0.014528,-0.0165457,0.00265317
55776,0.000134518,-0.0149315,-0.0128811
55777,-0.0122411,-0.0527311,-0.0601779
55778,-0.029594,-0.0160076,-0.039987
55779,-0.0777514,-2.75695,-1.05941
55780,0.0269036,0.0403554,0.0472451
55781,-0.0538072,-0.108287,-0.129551
55782,-0.0538072,-0.0536727,-0.0770959
55783,-0.0426422,-0.0867642,-0.0688005
55784,-0.0193706,-2.74659,-1.05877
55785,-0.0082056,0.00564976,-0.0130817
55786,0.0324189,0.0863606,0.0836006
55787,-0.0536727,-0.0402209,-0.109657
55788,-0.395214,-5.83042,-2.24144
55789,-0.0134518,0.00807108,0.00331142
55790,0.0137208,0.0133173,-0.00797745
55791,-0.16048,-1.91056,-1.18381
55792,0.0427767,0.0799037,0.0648908
55793,0.00538072,0.0429113,0.0321807
55794,0.244823,1.99679,1.25601
55795,-0.0104924,0.0096853,-0.0158092
55796,0.137746,0.193841,0.288349
55797,-0.0774824,-0.101965,-0.131808
55798,0.0902616,-0.0343021,0.16165
55799,-0.0201777,-0.0067259,-0.0125825
55800,0.384049,5.59003,1.84928
55801,0.134518,1.90787,0.795275
55802,0.014797,0.123084,0.0609946
55803,-0.0605331,-0.11313,-0.13679
55804,-0.0399519,-1.78452,-0.892501
55805,0.0417006,0.0827286,0.0960059
55806,-0.0490991,-2.62835,-0.828046
55807,0.566321,9.61656,3.48891
55808,0.0230026,-1.78021,-0.661931
55809,0.0138554,0.0811144,0.0260595
55810,0.00322843,-0.0102234,-0.0239094
55811,-0.140168,-2.27282,-0.95281
55812,0.0173528,0.0309392,0.0193512
55813,0.126447,1.5892,0.67052
55814,-0.0375305,-1.52153,-0.657475
55815,0.00618783,-0.0174873,-0.0650505
55816,-0.00403554,-0.138688,-0.0829155
55817,-0.0807108,-2.33133,-0.917412
55818,-0.110574,-2.46975,-0.855541
55819,0.00766753,-0.00564976,-0.00569117
55820,-0.100754,-2.35312,-0.670547
55821,0.0208503,2.18578,0.508761
55822,-0.0291904,-0.712273,-0.314838
55823,-0.00538072,-0.0052462,-0.0157202
55824,-0.0435839,-1.52638,-0.364629
55825,0.0357818,-1.07601,-0.500947
55826,0.190478,1.39912,0.765763
55827,0.00470813,0.00336295,-0.00351304
55828,0.0154696,1.4992,0.266865
55829,-0.0255584,-1.521,-0.379342
55830,-0.0133173,-0.0133173,-0.0261766
55831,0.0294595,0.029594,0.0286628
55832,-0.0383376,-0.0386067,-0.0422945
55833,-0.0730433,-1.1769,-0.594028
55834,-0.00269036,-0.00282488,-0.0127512
55835,0.0309392,0.0579773,0.0751455
55836,0.0425077,0.529194,0.306034
55837,-0.21644,-3.42698,-1.99776
55838,-0.146625,-0.0390102,-0.235833
55839,0.373422,1.67636,1.28908
55840,-0.0423732,-0.0694113,-0.123808
55841,-0.316925,-1.59606,-1.05205
55842,0.0244823,0.0382031,0.0286239
55843,-0.0193706,-0.0328224,-0.0400752
55844,0.0437184,0.0718326,0.066327
55845,-0.0727743,-0.00417006,-0.0966619
55846,0.112995,1.28667,0.724613
55847,-0.284237,-2.81587,-1.76153
55848,0,0.0402209,0.0418017
55849,-0.0322843,-0.0454671,-0.0722675
55850,0.0254239,0.0387412,0.0453966
55851,0.00591879,-0.00793657,0.00786571
55852,0.0285178,0.0408935,0.0490751
55853,0.00134518,0.00201777,-0.00720665
55854,-0.0219264,-0.015066,-0.025571
55855,0.0789621,0.105059,0.150469
55856,0.118914,1.07197,0.597871
55857,-0.0497717,-0.0634925,-0.0789577
55858,-0.0955078,-1.35581,-0.935485
55859,0.181599,1.3546,0.882347
55860,-0.00699494,-0.0138554,-0.029207
55861,-0.025693,-0.0525966,-0.102258
55862,-0.0926829,-1.27577,-0.76617
55863,0.0181599,0.00457361,0.012921
55864,0.169896,1.41594,0.987587
55865,0.341541,4.16159,2.32941
55866,0.0274417,1.4236,0.217355
55867,-0.0470813,-0.0739849,-0.0973922
55868,-0.127792,-2.71323,-0.978826
55869,0.0205813,0.0325534,0.0384225
55870,0.14797,1.32796,0.784729
55871,-0.0439874,-0.0980637,-0.0810795
55872,0.189805,4.68473,1.38806
55873,0.0117031,-0.00712946,-0.0732676
55874,0.0782895,2.11745,0.757622
55875,-0.0645687,-2.10292,-0.711827
55876,-0.00134518,-0.014797,-0.0304602
55877,-0.00914723,-0.02233,-0.0264931
55878,0.00174873,-0.0119721,0.00499797
55879,0.077886,1.4988,0.494238
55880,0.107614,2.09942,0.790644
55881,0.0457361,0.570626,0.261524
55882,0.0944317,1.6617,0.704565
55883,0.0551524,0.544664,0.296288
55884,0.000134518,0.06699,-0.00402691
55885,0.0516549,2.2638,0.884104
55886,-0.0768098,-0.650395,-0.39413
55887,0.00807108,-0.0453326,-0.0290598
55888,0.0243478,0.0243478,0.0217921
55889,-0.00269036,0.00686042,0.00845297
55890,-0.114609,-3.79731,-1.60951
55891,-0.0793657,-4.31023,-1.77585
55892,-0.0197742,-2.17812,-0.618213
55893,-0.173528,-2.42011,-0.796136
55894,-0.0320153,-0.0316117,-0.0678445
55895,-0.00134518,0.0242133,0.000358916
55896,0.101158,-1.13318,-0.407724
55897,0.23998,3.73597,1.4032
55898,0,-0.0285178,-0.0402936
55899,-0.0149315,-0.0146625,-0.0276202
55900,0.00282488,0.0166802,0.00422354
55901,-0.00269036,-0.00282488,-0.0127512
55902,-0.00928175,-0.00914723,-0.0184271
55903,0.402478,6.19671,2.30302
55904,0.0029594,0.624164,0.164861
55905,-0.0192361,-0.709314,-0.331045
55906,0.0394138,0.0400864,0.0291548
55907,-0.00578428,-0.00618783,-0.0165
55908,0.0312082,0.856207,1.41683
55909,0,0.000538072,-0.00858267
55910,-0.0123757,-0.0123757,-0.0248221
55911,0,-0.00067259,-0.00965984
55912,0.0188325,0.018698,0.0304963
55913,0.000941626,0.000134518,-0.00824538
55914,-0.110305,-3.08652,-2.23737
55915,-0.00807108,-0.0211193,-0.0196345
55916,0.0363199,0.0361854,0.0367656
55917,0.00269036,0.0162767,0.0168269
55918,0.0793657,1.57252,1.73259
55919,0.0326879,2.99101,1.16166
55920,-0.0154696,-0.00201777,-0.0383029
55921,0.0238097,2.93397,1.04971
55922,-0.0134518,-0.00941626,-0.024435
55923,0.0795002,0.12147,0.121146
55924,0,-0.0790966,-0.0173866
55925,-0.00121066,-0.00215229,-0.0110175
55926,0.00188325,-0.00161422,-0.00792616
55927,0.00121066,0.0417006,0.0113573
55928,-0.488166,-5.62433,-2.74684
55929,-0.0613402,-0.716712,-0.357169
55930,0.025693,-1.57911,-0.564868
55931,0.0525966,1.64569,0.62204
55932,-0.0945662,-1.64704,-0.69904
55933,0.112457,0.0450636,0.129246
55934,-0.055556,-0.0690078,-0.101934
55935,0.0684697,2.22681,0.868227
55936,-0.0454671,-2.3016,-0.858838
55937,0.0219264,0.022061,0.0360226
55938,0.00430458,-0.0236752,-0.0351614
55939,-0.0134518,0.00161422,-0.02155
55940,0.127658,2.43397,0.993798
55941,0.112995,0.106673,0.0921364
55942,0.249127,2.56136,1.10683
55943,0.185097,2.30281,1.09189
55944,-0.00659139,-0.00659139,-0.0173206
55945,-0.00699494,0.0333605,0.015587
55946,-0.0248858,-0.0330914,-0.043887
55947,0.0134518,0.0217919,0.0195608
55948,-0.0230026,-0.0421042,-0.0849937
55949,-0.00807108,-0.00807108,-0.0193581
55950,0.048561,0.056094,0.0878587
55951,-0.0112995,-0.0247513,-0.045599
55952,0,-0.0139899,-0.0142709
55953,0.0134518,0.0269036,0.0302637
55954,-0.445658,-0.426826,-0.48522
55955,0.0589189,0.0320153,0.0368385
55956,-0.0665864,-0.0800382,-0.115936
55957,0.0267691,0.0133173,0.00256336
55958,0.446734,2.5284,1.41097
55959,-0.0645687,-0.078155,-0.145201
55960,0.0511169,0.0647032,0.0784554
55961,0.00282488,-0.0107614,-0.0119656
55962,0.102503,1.89724,0.948196
55963,0.0624164,-0.00470813,0.00624038
55964,0.0306701,-0.0104924,-0.00215169
55965,-0.0201777,-0.0201777,-0.0347254
55966,-0.0329569,0.0193706,-0.0269621
55967,0.0134518,0.0411625,0.0211077
55968,0.0314772,0.04466,0.0385081
55969,-0.00309392,-1.83536,-0.964766
55970,0.0134518,-0.067259,-0.0346174
55971,0,-0.0134518,-0.0160102
55972,-0.105597,-0.0714291,-0.263691
55973,-0.0127792,-0.0260965,-0.0306236
55974,0.00336295,-0.0232716,-0.030253
55975,0.0363199,0.0496372,0.0592271
55976,0,-0.0134518,-0.0314155
55977,0.0616093,0.143127,0.15053
55978,-0.0329569,-0.0598605,-0.076801
55979,-0.0269036,-0.0807108,-0.0536061
55980,0.0134518,0.067259,0.0353858
55981,-0.00484265,-0.0115686,-0.0104834
55982,0.0188325,0.018429,0.0326625
55983,0,0.0402209,-0.0053831
55984,-0.0400864,-0.0503098,-0.124279
55985,0.0248858,-0.0106269,-0.089941
55986,-0.0417006,-0.122546,-0.158617
55987,-0.0500407,-0.698552,-0.410281
55988,-0.00659139,-1.85877,-0.89346
55989,-0.157252,-2.64785,-1.35622
55990,-0.0470813,-2.65915,-1.17594
55991,-0.106269,0.0149315,-0.0231734
55992,0.458034,5.44072,2.31392
55993,-0.0228681,-0.0344366,-0.043875
55994,-0.00497717,0.0353783,-0.00236603
55995,0.044929,0.044929,0.0479165
55996,-0.0154696,-0.0439874,-0.0553687
55997,0.0599951,0.113264,0.101254
55998,-0.0431803,-0.0499062,-0.039337
55999,-0.0843428,-0.16465,-0.198233
56000,0,0.0115686,-0.00491925
56001,-0.440143,-7.948,-3.38376
56002,-0.0096853,-0.00834012,-0.0154113
56003,-0.0699494,-0.14649,-0.149213
56004,0.0532692,-0.664654,-0.204558
56005,0.115147,1.02987,0.621025
56006,-0.0453326,-0.0916068,-0.184174
56007,-0.0219264,-0.0755992,-0.111045
56008,0.0484265,0.0618783,0.0744058
56009,0.181599,2.72063,0.964533
56010,-0.0403554,-0.0546143,-0.0997466
56011,0.00739849,0.00766753,0.00040536
56012,0.195589,2.74107,1.17457
56013,-0.0321498,-2.61624,-0.983784
56014,0.0134518,0.0135863,0.0750516
56015,-0.0637616,-0.104251,-0.18788
56016,0,0.0134518,-0.00573504
56018,0.0926829,2.65068,0.995364
56019,0.0753301,0.0618783,0.0802905
56020,0.151736,1.97177,0.846139
56021,-0.18698,-4.58061,-2.05753
56022,-0.0799037,-2.56055,-1.0387
56023,0.0161422,0.0169493,0.0134985
56024,0.0260965,0.0442564,0.0327764
56025,-0.00228681,0.010896,-0.00740005
56026,-0.00403554,-0.00390102,-0.0140127
56027,-0.0825941,0.0112995,0.00986111
56028,0.00403554,0.00417006,-0.00392708
56029,0.00215229,0.0554214,-0.00980927
56030,-0.0242133,-0.0240787,-0.0397841
56031,-0.000403554,-0.000538072,-0.00968924
56032,-0.0235407,1.51373,0.414278
56033,-0.166668,-1.81976,-0.824915
56034,-0.0269036,-0.025693,-0.0412556
56035,0.0201777,0.033764,0.0200867
56036,-0.00941626,-0.00780205,-0.00188941
56037,0.578024,5.41731,2.45152
56038,0.207965,4.37036,1.7736
56039,0.0972566,0.693575,0.27566
56040,0.00686042,-2.57656,-1.17373
56041,0.0133173,0.0154696,0.0115184
56042,0,0,-0.00911326
56043,0.0544798,0.089051,0.0879189
56044,0.326341,5.35409,2.58279
56045,0.188863,4.52398,3.16887
56046,-0.0901271,-1.90464,-2.08394
56047,0.0542108,0.0271726,0.0362275
56048,0.0614748,-0.0867642,-0.00199088
56049,0.108422,2.85999,2.56528
56050,-0.0119721,0.0702184,0.0202848
56051,1.47755,6.19348,4.31468
56052,-0.0014797,0.0252894,-0.0148239
56053,0.0757337,1.72304,0.798541
56054,-0.0139899,0.0750611,0.0608767
56055,0.567666,3.67638,2.26563
56056,0.00363199,0.00336295,0.0657269
56057,-0.0336295,0.58892,0.17479
56058,0.0255584,-0.691557,-0.219742
56059,-0.040759,-0.081787,-0.0924908
56060,-0.0683352,-0.0691423,-0.186373
56061,0.314369,1.8994,1.00011
56062,0.203526,1.86146,1.07432
56063,-0.10748,-1.72654,-0.800003
56064,-0.0793657,-0.109767,-0.222069
56065,-0.0117031,0.00121066,-0.00122413
56066,-0.154158,-1.64569,-0.831174
56067,0.00807108,-0.0180254,-0.0241685
56068,0.0470813,-0.0201777,0.0219324
56069,0.226394,1.74564,0.969886
56070,-0.0355128,0.530943,0.0926816
56071,-0.0044391,-1.53525,-0.692839
56072,0.0556905,0.924812,0.396631
56073,-0.0419696,-0.0293249,-0.0405605
56074,0.0215229,0.0221955,-0.00127171
56075,0.177026,1.64381,0.820352
56076,0.0165457,-0.011434,0.0222563
56077,-0.0403554,-0.0477539,-0.066848
56078,0.0285178,-0.913109,-0.448393
56079,-0.0254239,-0.786527,-0.422068
56080,0.00134518,0.022061,0.0105339
56081,0.158328,1.78909,0.829141
56082,0.0277107,0.0275762,0.105637
56083,0.00322843,0.740522,0.277039
56084,0.336699,2.61126,1.29099
56085,-0.0255584,-0.0255584,-0.0356942
56086,-0.00269036,0.0110305,0.00990148
56087,-0.0134518,0.0067259,-0.000489795
56088,0.00712946,0.0392793,0.00747224
56089,0.018698,0.0949698,0.0539726
56090,-0.0173528,0.0232716,-0.0128817
56091,0.0134518,0.0134518,0.00770878
56092,-0.0172183,-0.0178909,-0.0312877
56093,-0.00497717,0.0146625,0.0311797
56094,0.0338986,0.00645687,0.00637942
56095,0.0201777,0.033495,0.0387374
56096,0.0940281,0.184693,0.23214
56097,-0.0454671,-0.0322843,-0.0698258
56098,0.447138,3.74108,2.03441
56099,-0.0772134,-0.282084,-0.356065
56100,-0.124564,-0.101158,0.0514255
56101,0.0263655,-0.0328224,-0.143673
56102,0.0396828,0.018698,0.0242587
56103,0.103713,0.0250204,0.00663357
56104,-0.00538072,0.00901271,0.00795827
56105,0.0304011,0.854997,0.362081
56106,-0.432476,-2.85259,-1.86495
56107,0.00121066,0.0282488,0.00408275
56108,0.160749,0.130483,0.113678
56109,0.00107614,0.0174873,0.0196207
56110,-0.0134518,-0.0133173,-0.0262836
56112,-0.129944,-0.130213,-0.208884
56113,-0.00376651,-2.40195,-1.25308
56114,-0.268902,-4.13845,-2.21842
56115,0.192495,1.66184,0.82133
56116,0.0122411,0.0622819,0.0477321
56117,0.000134518,0.000134518,-0.00897073
56118,0.0729088,0.00712946,-0.0593205
56119,-0.00699494,-0.114744,-0.100006
56120,0.0067259,0.0606676,0.0385411
56121,-0.00995434,-0.0234061,-0.0438915
56122,0.30428,1.65901,0.977707
56123,0.0762717,0.924812,0.341098
56124,0.0591879,0.846926,0.4709
56125,-0.0430458,0.00860916,-0.082396
56126,0,0.0277107,0.0227448
56127,-0.0134518,-0.0122411,-0.0896166
56128,-0.00766753,-0.101696,-0.173924
56129,0.0121066,-0.00228681,-0.0166688
56130,0,0.00564976,-0.0076213
56131,-0.0944317,-1.75519,-0.805886
56132,0.396559,3.59634,1.74009
56133,0,-0.029594,-0.117835
56134,-0.000134518,-0.000269036,-0.00934775
56135,-0.00793657,0.0870332,0.0876823
56136,0.00995434,0.0193706,0.0281771
56137,-0.0227336,0.0445255,-0.00609822
56138,0.15779,1.80483,0.907266
56139,-0.0191016,-0.0741195,-0.1687
56140,0.0396828,0.0937591,0.101016
56141,-0.13398,-0.161153,-0.208394
56142,0.377592,2.0132,1.14697
56143,0,-0.0270381,-0.03632
56144,-0.0269036,-0.0383376,-0.0403779
56145,0.0282488,0.0282488,0.0261448
56146,-0.0955078,-0.0848809,-0.136485
56147,-0.0212539,-0.0211193,-0.0519556
56148,0,0.0134518,-0.00389201
56149,-0.555694,-7.7777,-4.31585
56150,-0.00201777,-0.014528,-0.0211739
56151,0.0141244,-0.026231,0.000711967
56152,-0.00605331,-1.86832,-0.928448
56153,0.0185635,0.0458707,-0.0892829
56154,0.0466778,0.0737159,0.0734476
56155,0.0129137,0.0263655,0.0295807
56156,-0.0252894,-0.0520585,-0.0855953
56157,0.0201777,0.0201777,0.0324268
56158,-0.014797,-0.0352437,-0.0484302
56159,0.0236752,0.171914,0.0627146
56160,-0.029594,-1.00673,-0.497364
56161,0.0605331,-0.00726398,-0.00904416
56162,-0.00955078,-0.86522,-0.563473
56163,-0.0567666,-1.01561,-0.588717
56164,-0.142455,-3.9855,-2.23906
56165,0,-0.00107614,0.102974
56166,0.200432,1.66506,0.922769
56167,0.352034,3.28843,1.63349
56168,-0.111919,-1.77981,-0.839591
56169,0.0996779,0.864951,0.406712
56170,-0.0659139,-0.953868,-0.564747
56171,0.0376651,0.0664519,0.0659486
56172,0.0134518,0.0133173,0.00805707
56173,0,0.0134518,0.0130297
56174,-0.0310737,-0.04466,-0.0695162
56175,0.0215229,-0.893334,-0.45005
56176,-0.0517895,-0.715233,-0.38699
56177,0.00538072,0.0188325,0.0201781
56178,-0.123488,-1.53593,-0.860576
56179,0.0231371,0.10479,0.0461851
56180,-0.139899,-1.6726,-0.795747
56181,-0.62672,-6.83594,-3.97407
56182,0,-0.025693,-0.0336271
56183,-0.0270381,-0.0447945,-0.0667659
56184,-0.0819215,-0.0547489,-0.0685504
56185,0.0349747,0.0348402,0.0320822
56186,0.0174873,0.0450636,0.0365038
56187,-0.0390102,-0.0936246,-0.105267
56188,0,-0.00067259,-0.00944461
56189,-0.0579773,-2.19372,-1.08863
56190,0.152005,0.707027,0.263043
56191,-0.0829976,-0.772806,-0.403424
56192,0.0125102,-0.741733,-0.490609
56193,-0.00457361,-0.0181599,-0.0214731
56194,0.0664519,0.0897235,0.112838
56195,-0.275493,-1.69372,-1.16524
56196,-0.403016,-3.03876,-1.7789
56197,0.0138554,-1.37222,-0.424676
56198,0.0863606,1.50754,0.704948
56199,-0.0174873,-0.0247513,-0.0743195
56200,-0.0404899,-0.067259,-0.109714
56201,0.0474849,-0.777918,-0.296292
56202,0.00807108,-0.668958,-0.307111
56203,-0.00201777,0.00309392,-0.00319964
56204,-0.0282488,-0.00807108,-0.00125814
56205,-0.0356473,-0.0894545,-0.156676
56206,0.00363199,0.0305356,0.0213514
56207,-0.0067259,-0.00659139,-0.0557535
56208,-0.014797,-0.0282488,-0.0314478
56209,-0.0439874,-0.0250204,-0.0970916
56210,0.269574,1.78492,1.03411
56211,-0.0215229,-0.0887819,-0.132016
56212,-0.0834012,-1.5974,-0.785697
56213,-0.0293249,-0.0612057,-0.0798581
56214,0.0457361,0.0726398,0.0747955
56215,-0.108825,-0.209983,-0.333198
56216,0.138285,0.14232,0.139938
56217,-0.121066,-0.107614,-0.140484
56218,0.096853,0.0976601,0.127314
56219,-0.0134518,0.067259,-0.011375
56220,-0.153082,-1.65484,-0.855028
56221,-0.00699494,0.0204467,-0.0104733
56222,-0.0254239,-0.0312082,-0.0147434
56223,-0.0134518,-0.0176219,-0.0454212
56224,0.169896,1.80335,1.05879
56225,0.32809,3.38044,1.64155
56226,-0.0863606,-0.915261,-0.448878
56227,0.0712946,-0.677567,-0.285852
56228,0.0843428,0.792177,0.461672
56229,0.0254239,0.835895,0.2823
56230,-0.0067259,-0.0336295,-0.0438743
56231,0.0067259,0.0377996,0.0351128
56232,-0.00807108,-0.0215229,-0.0452538
56233,0.0328224,0.0191016,0.0101458
56234,-0.142724,-0.0192361,-0.167169
56235,0.00551524,-0.0207158,-0.0456019
56236,0.00134518,0.00134518,-0.00740578
56237,0.00403554,0.0135863,-0.00690618
56238,0.668017,4.83162,2.80364
56239,0.0117031,-0.0152005,0.0053607
56240,0.0395483,0.0488301,0.0425845
56241,-0.109229,-1.5031,-0.913447
56242,-0.909746,-9.18462,-4.52118
56243,0.0082056,0.0201777,0.00890953
56244,-0.200432,-1.54924,-0.875436
56245,-0.121604,-2.78573,-1.36085
56246,-0.0121066,-0.0776169,-0.0653954
56247,0.0134518,0.0156041,-0.00110566
56248,-0.0158731,0.472831,0.129927
56249,-0.0538072,-0.596722,-0.329426
56250,-0.0221955,-0.0470813,-0.129142
56251,0.0211193,-0.0317463,-0.00453273
56252,0.018698,0.0052462,0.00955873
56253,0,0.0824596,-0.000776643
56254,0.0333605,0.0457361,0.0394879
56255,0.089051,0.675953,0.398729
56256,-0.0134518,-0.0154696,-0.0297523
56257,0.000941626,0.000941626,-0.00791802
56258,-0.0429113,-0.605062,-0.479788
56259,-0.0330914,-0.108287,-0.166634
56260,0.010896,-0.0152005,0.00253945
56261,-0.0134518,-0.0270381,-0.0298066
56262,-0.00067259,0.0390102,-0.00893637
56263,-0.0082056,-0.0351092,-0.0772392
56264,-0.00134518,0.0398173,0.0245086
56265,0.133845,1.29581,0.692074
56266,-0.041297,0.484938,0.0541954
56267,-0.00134518,-0.270381,-0.0631164
56268,-0.0839393,-1.23326,-0.786917
56269,0.014797,0.029594,0.051639
56270,-0.0528656,-0.093221,-0.143124
56271,0,0.0134518,0.0131889
56272,-0.475925,-4.6967,-2.64021
56273,-0.00659139,0.00739849,-0.0147126
56274,0.101561,-0.779398,-0.248718
56275,0.0201777,1.00848,0.436697
56276,0.000269036,0.000269036,-0.00840263
56277,-0.0126447,-0.0260965,-0.0332015
56278,0.0269036,0.0269036,0.00458604
56279,0.0123757,0.0123757,0.0068483
56280,0.0248858,0.0585154,0.0439219
56281,-0.0134518,0,-0.00388584
56282,-0.00417006,-0.0176219,-0.0367086
56283,-0.0626854,-0.00807108,0.00374669
56284,0.111381,0.0844773,0.0689116
56285,0.425884,3.3495,1.85254
56286,0.330645,3.72211,1.72941
56287,0.188191,2.23004,1.06539
56288,-0.0644342,-0.0979291,-0.128712
56289,0.141244,0.100889,0.103265
56290,0.0516549,0.0785585,0.117166
56291,-0.0441219,-0.0840738,-0.115509
56292,0.0138554,0.0134518,0.00780471
56293,-0.000403554,-0.000538072,-0.00899102
56294,0.35997,1.82164,1.10597
56295,-0.0188325,-0.0180254,-0.0316798
56296,0.0403554,0.0269036,0.0626843
56297,0.201239,1.45078,0.725457
56298,0.0679316,0.014528,0.00756681
56299,0.0127792,-0.754781,-0.275727
56300,-0.0096853,0.0306701,-0.00465614
56301,0.0269036,0.804956,0.314143
56302,0.0201777,0.0067259,0.0101246
56303,0.16317,1.69829,0.814553
56304,-0.0960459,-1.6648,-0.868872
56305,-0.0430458,-0.0430458,-0.112596
56306,0,0.0134518,0.0131889
56307,-0.0067259,-0.0178909,-0.0398059
56308,0.00538072,-0.0399519,-0.0366193
56309,0.0142589,0.0234061,0.0305643
56310,-0.0395483,-0.0126447,0.0012192
56311,0.126178,1.58745,0.717426
56312,-0.15483,-1.69896,-0.746256
56313,-0.0480229,-0.0870332,-0.135432
56314,0,-0.0269036,-0.0537177
56315,0.0340331,0.0474849,0.058841
56316,0.0134518,0.0269036,0.0274417
56317,-0.0419696,-0.0688732,-0.0886102
56318,0.00067259,0.00067259,-0.00825952
56320,0.372211,3.51738,1.74708
56321,0.014528,-0.025693,-0.00124054
56322,0.126043,1.6539,0.713775
56323,0.105328,0.0380686,0.0128185
56324,0.0587844,0.0698149,0.164765
56325,0.563227,6.83392,3.50587
56326,0.0269036,-0.138957,-0.128399
56327,0.0176219,0.0273072,0.00733807
56328,-0.73003,-5.73168,-3.00686
56329,0.0282488,0.0668555,0.0397019
56330,0.154158,1.81519,0.838262
56331,0.178909,1.92334,0.889582
56332,-0.0269036,-0.0404899,-0.0496693
56333,-0.00712946,-0.0281143,-0.0757046
56334,0.0460052,0.0729088,0.114455
56335,-0.0134518,-0.0399519,-0.054781
56336,-0.0121066,-0.0390102,-0.0503351
56337,-0.0134518,0,-0.0229691
56338,0.0408935,0.0676626,-0.0561257
56339,0.177564,0.0699494,0.0378563
56340,-0.0577082,-0.135729,-0.130763
56341,-0.0200432,-0.033495,-0.0568569
56342,0.0336295,0.0348402,0.0527001
56343,-0.0269036,-0.0402209,-0.0666961
56344,0.0134518,0.0126447,0.00756391
56345,-0.0240787,-0.010896,-0.0333201
56346,-0.00269036,-0.0200432,-0.020751
56347,0.04466,-1.6504,-0.663101
56348,-0.0834012,-1.95482,-1.14999
56349,0.288945,2.01454,1.16062
56350,-0.0269036,-0.0313427,-0.0141476
56351,-0.0363199,-0.0191016,-0.0128097
56352,0.0270381,0.0281143,0.0100289
56353,0.074254,0.0445255,0.105607
56354,-0.0577082,-0.0699494,-0.108419
56355,-0.00874367,-0.00874367,-0.0202119
56356,0.0173528,0.0308046,0.0352154
56357,-0.000269036,-0.0131828,-0.0308649
56358,0.0121066,0.0121066,0.00625405
56359,-0.0390102,-0.0527311,-0.0812922
56360,0.0641651,0.0695458,0.0793729
56361,0.310871,2.69937,1.3978
56362,-0.16761,-0.186442,-0.284085
56363,0.066721,0.977274,0.350666
56364,-0.0067259,-0.0336295,-0.0457429
56365,0.00067259,-0.0238097,-0.0173936
56366,0.0107614,0.0242133,0.0263985
56367,-0.351361,-4.9734,-2.22911
56368,0.0421042,0.0388757,0.0405974
56369,0.0294595,0.0271726,0.0433518
56370,-0.00914723,-0.0242133,-0.0485246
56371,0.0122411,0.0353783,0.0335174
56372,0.0228681,0.0228681,0.0199139
56373,0,-0.000134518,-0.00890914
56374,0.0734469,1.71524,0.776413
56375,0.0067259,0.0067259,-0.000575865
56376,0.244016,1.94002,0.924322
56377,-0.025962,-0.0394138,-0.0466593
56378,-0.127927,-1.64031,-0.661151
56379,-0.0376651,-0.0645687,-0.0882869
56380,-0.355397,-3.20462,-1.67267
56381,0.0129137,0.0271726,0.048271
56382,0.00457361,-0.0492336,-0.0264331
56383,0.0162767,0.0431803,0.0360894
56384,0.0831322,1.461,0.667484
56385,-0.0423732,-0.0421042,-0.0452126
56386,0.085419,1.62969,0.701705
56387,0.0067259,0.0193706,0.00101372
56388,0.0308046,0.0450636,0.0540002
56389,-0.00336295,-0.0168148,-0.0356033
56390,0.00941626,0.0228681,0.0251413
56391,-0.00134518,0.00538072,0.000330366
56392,-0.0127792,-0.0277107,-0.0308803
56393,0.257737,3.37358,1.49706
56394,-0.160749,-1.67367,-0.852784
56395,0.0417006,0.0250204,0.0182599
56396,0.0269036,0.0531346,0.0683383
56397,-0.0328224,-0.0328224,-0.0507757
56398,0.0384722,0.0115686,0.0123565
56399,0.00484265,-0.00941626,-0.0224393
56400,0.204064,2.00943,1.21444
56401,0.115013,1.2829,0.698085
56402,0.174201,1.94325,0.967413
56403,0.0197742,0.0197742,0.0159867
56404,-0.0200432,-0.584346,-0.19079
56405,0.0730433,0.0999469,0.0935294
56406,-0.284506,-1.12686,-0.899943
56407,-0.0352437,-0.632773,-0.253183
56408,-0.00860916,0.521661,0.148189
56409,0.0551524,0.78007,0.47225
56410,0.00538072,-0.0308046,-0.0206499
56411,-0.0347057,-0.115686,-0.16984
56412,0.0134518,0.0273072,0.030455
56413,-0.0421042,-1.36011,-0.593959
56414,0.138285,1.47338,0.733736
56415,-0.00511169,0.0349747,0.0511881
56416,-0.0269036,-0.0308046,-0.0654032
56417,-0.00161422,-0.029594,0.00382641
56418,0.022599,0.0204467,-0.00193569
56419,0.0790966,0.134249,0.14788
56420,-0.0887819,0.483996,-0.0203481
56421,0.0563631,0.0844773,0.0663281
56422,0.0914723,0.806839,0.465145
56423,-0.11434,-0.0612057,-0.141269
56424,-0.052462,-0.0928175,-0.159852
56425,-0.285716,-3.25588,-1.87341
56426,-0.0260965,0.0141244,-0.00508692
56427,0.0345711,0.0238097,0.0121332
56428,-0.0201777,-0.0213884,-0.0353219
56429,0.00201777,0.00188325,-0.0223568
56430,-0.0258275,-0.0345711,-0.0631402
56431,0,0.0135863,0.0131976
56432,0.0363199,0.0434493,0.0324107
56433,0.132231,0.888223,0.554545
56434,-0.0486955,-0.865758,-0.501351
56435,0,0.0067259,-0.0138901
56436,0.0121066,0.0134518,0.0257245
56437,-0.0274417,-0.0139899,-0.0200785
56438,0.0511169,0.113802,0.122516
56439,-0.029594,-0.0430458,-0.0517398
56440,0.0149315,0.0149315,0.00983976
56441,-0.00336295,0.0100889,-0.00831999
56442,-0.0269036,-0.033495,-0.0369507
56443,0.000269036,0.000269036,-0.00877176
56444,0.13667,1.50324,0.764386
56445,0.0123757,-0.00107614,0.00153358
56446,0.0403554,0.0671245,0.0533243
56447,0.0348402,0.0351092,0.0352117
56448,0.00121066,0.00188325,-0.00646142
56449,-0.0285178,-0.0418351,-0.0517435
56450,0.0949698,0.103713,0.144327
56451,0.0877058,1.42872,0.665484
56452,0.138285,1.60413,0.83805
56453,-0.0653758,-0.108422,-0.151189
56454,0.0142589,0.0314772,0.0384885
56455,0.0255584,0.0396828,0.0456056
56456,0.535785,5.61182,2.87791
56457,-0.00874367,0.0316117,0.00923068
56458,0.0201777,0.0723707,0.0473391
56459,0.0368579,0.0501752,0.0443485
56460,-0.0384722,-0.0712946,-0.0892721
56461,-0.0551524,-0.0828631,-0.124122
56462,0.011434,0.0242133,0.0277376
56463,0.0391448,0.025693,0.036653
56464,0.00067259,0,-0.00851262
56465,0.011165,0.0178909,0.00824596
56466,-0.00161422,0.000403554,-0.0102848
56467,-0.102099,-0.161556,-0.174572
56468,0.0539417,0.0279798,0.0152161
56469,0.0441219,0.0848809,0.114946
56470,-0.00941626,-0.0363199,-0.0484298
56471,0.0125102,0.025962,0.0290685
56472,0,-0.0130483,-0.0312242
56473,0.00201777,0.0162767,0.0160539
56474,0.279259,1.8125,1.05953
56475,-0.11434,-0.154696,-0.202775
56476,-0.0161422,-0.00269036,-0.024541
56477,0.0067259,0.0289214,0.0250921
56478,0.0168148,0.0153351,0.0117471
56479,0.493009,3.72965,2.24515
56480,0.0154696,0.0291904,0.0147299
56481,0.507402,5.61694,2.91648
56482,-0.0286523,-0.00847464,-0.0467682
56483,-0.234061,-2.41917,-1.54352
56484,0.0213884,0.0610712,0.0688534
56485,-0.00766753,-0.0294595,-0.0495494
56486,-0.0067259,-0.00470813,-0.00713776
56487,-0.0134518,-0.014528,-0.0082848
56488,0,2.1684e-19,-0.00893206
56489,-0.0269036,-0.0282488,-0.062519
56490,0.0201777,0.0204467,0.0166002
56491,0.0160076,0.0290559,0.0343389
56492,0.158059,1.86092,1.02747
56493,-0.0201777,-0.0336295,-0.0570276
56494,0.0157386,-0.011165,-0.0507961
56495,-0.117972,-1.73717,-0.925582
56496,0.0201777,0.0336295,0.0390539
56497,0,0.000807108,-0.00777513
56498,0,-0.0134518,-0.0141752
56499,-0.00766753,0.0197742,0.00941037
56500,-0.174335,-1.77281,-0.910245
56501,-0.0121066,-0.0118376,-0.00873546
56502,-0.21913,-1.77402,-1.00163
56503,-0.0710255,-1.42831,-0.793116
56504,0.0513859,0.106,0.119385
56505,0.0278452,0.0287869,0.0094552
56506,-0.0435839,-0.712542,-0.303673
56507,-0.0637616,-0.947411,-0.448229
56508,0.0402209,0.0704875,0.0628661
56509,-0.116627,-1.59781,-0.742955
56510,-0.0726398,-0.125102,-0.141604
56511,-0.0067259,0.0174873,0.00217832
56512,-0.0291904,-0.0258275,-0.0412796
56513,0.0800382,0.0796347,0.0901222
56514,-0.0161422,-0.0322843,-0.0528684
56515,-0.749131,-4.99412,-2.93924
56516,-0.215767,-2.4111,-1.30486
56517,-0.249262,-2.96195,-1.81304
56518,-0.0998124,-1.42495,-0.792181
56519,0.0215229,0.295267,0.109091
56520,-0.0067259,-0.698283,-0.255095
56521,0.0575737,0.131021,0.130064
56522,-0.00242133,0.0375305,0.0545838
56523,1.00458,10.7397,5.19401
56524,-0.0133173,-0.0415661,-0.0339188
56525,0.117031,2.32367,1.02951
56526,-0.0349747,-0.7077,-0.334187
56527,0,-0.0243478,-0.0100488
56528,-0.0228681,-0.044391,-0.0651814
56529,0.00269036,-0.0107614,-0.0280005
56530,0,0.000269036,-0.00898577
56531,-0.0096853,-0.0096853,-0.0214071
56532,0.0316117,0.044929,0.0539492
56533,0.00780205,0.0135863,0.0103801
56534,0.000134518,-0.014528,-0.0313258
56535,0.103041,0.11851,0.19641
56536,-0.0496372,-0.0525966,-0.0953151
56537,0.0251549,0.0520585,0.0676738
56538,-0.0282488,-0.0955078,-0.120158
56539,0.0208503,0.0474849,0.0618296
56540,-0.118914,-0.1325,-0.163815
56541,0.0461397,0.0247513,0.00523646
56542,-0.0162767,-0.00282488,-0.0247118
56543,-0.106538,-1.4992,-0.701933
56545,0.00067259,0.000807108,-0.00819325
56546,-0.00363199,-0.00363199,-0.0137235
56547,-0.0134518,0,-0.0198138
56548,0.00403554,0.0688732,0.0533786
56549,0.16761,0.827555,0.469892
56550,-0.0191016,0.00847464,-0.0197867
56551,0.0193706,-0.0289214,-0.0128639
56552,-0.018698,-0.827152,-0.373284
56553,-0.0309392,-0.0242133,-0.0372342
56554,0.0117031,0.0170838,0.023678
56555,0,0.014797,0.0154192
56556,-0.0067259,0.00551524,-0.0130308
56557,0.0400864,-0.658062,-0.260113
56558,0,0.0134518,0.0131889
56559,0.0135863,-0.865355,-0.319651
56560,-0.0267691,-0.0014797,-0.0306333
56561,0.0349747,0.0887819,0.0899818
56562,0.0107614,0.0376651,0.0175479
56563,-0.0376651,-0.0780205,-0.0935385
56564,0.180523,1.72977,0.886543
56565,0,0,-0.0263535
56566,0.000134518,0.0134518,-0.00410357
56567,0.00121066,0.00121066,-0.00984186
56568,-0.0146625,-0.0415661,-0.0409788
56569,0.00188325,0.0117031,-0.00611735
56570,0.581522,5.55048,2.74332
56571,0.365486,1.84007,0.998241
56572,0.289617,1.8889,0.930174
56573,0.0390102,-0.0177564,0.0858559
56574,0.200163,1.69654,0.829915
56575,-0.0103579,-0.0236752,-0.0254406
56576,-0.0134518,0.0141244,-1.48468e-05
56577,0.0134518,0.0141244,0.00828024
56578,0.0102234,0.0102234,0.00386358
56579,-0.00686042,-0.0247513,-0.0419515
56580,0.0267691,0.0430458,0.0348677
56581,0.0129137,0.0129137,0.00727854
56582,0.217381,1.69493,0.906985
56583,0.702722,3.81076,2.24631
56584,-0.22478,-2.39725,-1.27701
56585,-0.0538072,-0.810875,-0.457111
56586,-0.0368579,0.0312082,0.00838685
56587,0.0473504,0.0864951,0.0815867
56588,0.197607,1.63009,0.856446
56589,0.351765,4.78978,2.21016
56590,0.140302,2.46303,0.928707
56591,0.111919,0.0716981,0.188198
56592,0.303204,4.78198,2.16183
56593,0.0336295,-0.018429,0.0190359
56594,0,0.0133173,-0.00274843
56595,0,-0.0107614,-0.0156838
56596,-0.00699494,-0.00753301,-0.0153216
56597,0.0122411,0.0379341,0.0190511
56598,-0.00067259,-0.000941626,-0.00430571
56599,-0.0141244,-0.0182945,-0.0290805
56600,0.0134518,-0.00174873,0.00668491
56601,0.0172183,0.0172183,0.0127425
56602,0.0441219,0.0979291,0.0875761
56603,0,-0.0338986,-0.0363082
56604,-0.00134518,-0.014797,-0.017195
56605,-0.285447,-2.43424,-1.14841
56606,-0.00107614,0.000269036,-0.0263771
56607,-0.493816,-5.92068,-2.69467
56608,-0.0254239,-0.00215229,-0.0510551
56609,-0.201777,-2.73758,-1.39503
56610,0.0215229,0.044391,0.0262207
56611,-0.121604,-1.84048,-0.944123
56612,-0.131021,-1.46221,-0.761956
56613,0.43113,2.38178,1.37134
56614,0.0313427,0.0380686,0.05775
56615,0.0751956,0.104924,0.144287
56616,-0.0711601,-0.0815179,-0.12028
56617,0,0.00363199,-0.00856984
56618,0.166533,1.12995,0.608878
56619,-0.100081,-0.735679,-0.37834
56620,-0.400326,-4.48443,-2.3251
56621,0.16734,1.37141,0.713499
56622,0.0255584,0.0263655,0.0237113
56623,0.00134518,-0.00511169,-0.0184243
56624,0.000269036,0.000538072,-0.00832572
56625,-0.0538072,-0.0520585,-0.0766756
56627,-0.0754646,-0.292846,-0.258193
56628,-0.0675281,-1.13937,-0.509372
56629,0.0178909,0.585961,0.299205
56630,0.00430458,0.00430458,-0.0195772
56631,-0.00269036,0.00470813,-0.000262002
56632,-0.215632,-1.98952,-1.22084
56633,0.0121066,0.014797,0.0360692
56634,-0.00269036,0.0107614,-0.00615393
56635,-0.00336295,0.00336295,-0.00223085
56636,0.216978,1.55072,0.948945
56637,-0.100889,-0.798365,-0.527671
56638,0.0328224,0.720479,0.369481
56639,0.0318808,0.0453326,0.0536562
56640,0.122008,1.44701,0.705955
56641,0.0224645,0.0359163,0.0226206
56642,0.0836702,0.1173,0.174285
56643,-0.00793657,0.00901271,-0.108772
56644,-0.0247513,-0.0382031,-0.0469052
56645,0.026231,0.00659139,0.00949209
56646,0.0376651,0.0489646,0.0775351
56647,-0.000807108,-0.000807108,-0.0101377
56648,0.0134518,0.0134518,0.00796153
56649,0.0156041,0.0287869,0.0328627
56650,0.110843,1.23447,0.536843
56651,-0.120125,-1.92038,-0.856669
56652,0.0417006,0.0318808,0.0276947
56653,0.0240787,0.658197,0.268008
56654,-0.0812489,-0.733123,-0.350092
56655,0.0983327,0.0721017,0.0711776
56656,0.00726398,0.00645687,-0.000290495
56657,0.0134518,0.0134518,0.00796153
56658,0.00538072,0.0185635,0.0198914
56659,-0.00941626,-0.0368579,-0.0659351
56660,0.0299975,0.685639,0.310421
56661,-0.00403554,-0.00457361,-0.0148143
56662,-0.0710255,-0.0725052,-0.0872906
56663,-0.00390102,0.00981982,-0.00756318
56664,-0.0067259,-0.0067259,-0.0176507
56665,-0.014797,-0.0417006,-0.0556315
56666,0.0349747,0.0357818,0.0170453
56667,0.00067259,0.00067259,-0.00825952
56668,-0.0161422,-0.0161422,-0.0293503
56669,0.111785,1.2225,0.537793
56670,0.00470813,-0.00874367,-0.0254393
56671,-0.137477,-1.31976,-0.6711
56672,0.00807108,-0.00538072,-0.0211706
56673,0.000269036,0.0137208,0.0135304
56674,-0.0279798,0.52462,0.205259
56675,0.0137208,0.0137208,-0.0107624
56676,-0.0317463,-0.608291,-0.360901
56677,0.0219264,0.0353783,0.0250929
56678,-0.2611,-1.54077,-0.833328
56679,0.155368,1.44082,0.731317
56680,-0.0168148,-0.0450636,-0.05924
56681,-0.140033,-1.53068,-0.747897
56682,0.00390102,-0.00955078,-0.0120455
56683,-0.0131828,-0.0291904,-0.0336362
56684,-0.0618783,-0.127792,-0.149913
56685,0.0359163,0.0655103,0.065166
56686,0.0201777,0.0191016,0.0143962
56687,-0.0201777,-0.0336295,-0.0355899
56688,-0.063358,-1.44163,-0.684451
56689,-0.0199087,-0.00645687,-0.0322652
56690,-1.2603,-12.7737,-7.02862
56691,-0.00739849,0.0870332,0.0220201
56692,-0.0417006,-0.507133,-0.302761
56693,0,0.0134518,-0.0242751
56694,0.0712946,0.592149,0.282398
56695,-0.0192361,-0.0984672,-0.132759
56696,-0.226932,-2.79798,-1.4611
56697,0.0504443,0.0873022,0.0699709
56698,0.296343,3.03513,1.60866
56699,0.0224645,1.27025,0.518603
56700,-0.294729,-3.40438,-1.70672
56701,0.0651067,0.704337,0.426399
56702,0.408397,1.00162,0.86557
56703,0.0188325,0.0460052,0.0126195
56704,0.136401,-0.423732,0.0206665
56705,0.0152005,0.68658,0.244171
56706,0.0613402,0.671649,0.217773
56707,-0.179716,-3.25547,-1.45671
56708,-0.134922,-0.765139,-0.48498
56709,-0.133307,-1.5818,-0.727485
56710,0.307508,3.15526,1.5138
56711,0.00134518,1.14165,0.324337
56712,-0.0417006,-0.648243,-0.28548
56713,0,-0.000538072,-0.00936823
56714,0.0349747,0.600892,0.18993
56715,-0.06699,-1.21093,-0.405574
56716,-0.0242133,-0.0511169,-0.0844523
56717,-0.0162767,-0.0566321,-0.0565736
56718,0.265539,2.99222,1.39059
56719,0.00538072,0.76339,0.261826
56720,0.279663,3.59567,1.7232
56721,0.334412,2.65512,1.51211
56722,-0.106673,-1.22142,-0.630774
56723,0.0134518,0.0551524,0.0593324
56724,-0.0972566,-1.16869,-0.621196
56725,-0.130079,-2.53324,-1.1185
56726,0.0486955,0.0755992,0.0800616
56727,-0.00834012,-0.0238097,-0.0429959
56728,0.0134518,0.0269036,0.0302637
56729,-0.0415661,0.0130483,-0.0228737
56730,-0.0138554,-0.040759,-0.0549092
56731,0.00161422,-0.0130483,-0.015661
56732,0.0161422,0.0160076,0.011367
56733,-0.00914723,-0.0230026,-0.0432327
56734,0.0199087,0.0199087,0.0161574
56735,0.140571,0.662501,0.387691
56736,0.173663,2.56916,1.05295
56737,0.0550179,0.627392,0.279415
56738,-0.0800382,-1.35594,-0.601449
56739,0.256391,3.4707,1.74609
56740,-0.284371,-3.61302,-1.90131
56741,-0.177026,-2.81331,-1.23335
56742,-0.0278452,-0.0800382,-0.131072
56743,-0.0134518,0.0200432,0.0211309
56744,0.0466778,0.0827286,0.0754811
56745,-0.0403554,-0.0538072,-0.0842049
56746,-0.0133173,0.000134518,-0.00371509
56747,0.186308,0.684831,0.424133
56748,-0.0490991,-0.564572,-0.32035
56749,-0.0134518,-0.000538072,-0.0227645
56750,-0.213615,-2.70556,-1.39608
56751,0.0134518,0.0269036,0.0543892
56752,0.0347057,0.0353783,0.0179394
56753,-0.0305356,-0.0157386,-0.0422392
56754,-0.0143934,-0.0134518,-0.0268406
56755,-0.0134518,-0.025962,-0.0481359
56756,-0.0134518,-0.0269036,-0.0484903
56757,0.0052462,0.0178909,0.0194657
56758,-0.0858225,-1.46665,-0.852881
56759,-0.116627,-0.0364544,-0.161672
56760,0.513455,3.11086,1.93924
56761,-0.0242133,-0.0242133,-0.094201
56762,0.011165,-0.00282488,-0.0175085
56763,-0.0142589,-0.018967,-0.0198741
56764,0.149584,0.251145,0.329662
56765,0.0270381,0.516549,0.182847
56766,-0.0134518,0,-0.0211261
56767,0.0770789,0.782895,0.36624
56768,-0.0382031,-0.0921449,-0.113166
56769,0.0421042,0.055556,0.0337176
56770,-0.0286523,-0.0421042,-0.0518568
56771,-0.196127,-2.73704,-1.38429
56772,-0.116762,-2.63776,-1.19299
56773,0.295267,2.77215,1.50397
56774,0.00659139,0.0192361,0.00523005
56775,-0.134518,-1.35285,-0.776505
56776,0.975929,10.5364,5.0427
56777,-0.153082,-2.69171,-1.29816
56778,0.0468123,0.736083,0.302233
56779,-0.0121066,0.0067259,-0.000573319
56780,0.0103579,0.0126447,0.00490817
56781,-0.093221,-0.85836,-0.482162
56782,0.163978,0.201508,0.328732
56783,0.160346,1.52369,0.798041
56784,-0.0741195,-1.35984,-0.660051
56785,-0.0341676,-0.0207158,-0.0461089
56786,0.0516549,0.0617438,0.0774906
56787,0.114878,1.46692,0.77041
56788,-0.00739849,-0.0324189,-0.0941629
56789,0.0302666,0.0302666,0.0449802
56790,-0.0232716,-0.063627,-0.105559
56791,0.0435839,0.0839393,0.0974405
56792,-0.0130483,-0.0130483,-0.0256758
56793,0.269036,1.56364,0.836455
56794,-0.0417006,-0.0873022,-0.133434
56795,0,-0.0134518,-0.0314155
56796,0.0269036,0.0547489,0.0553795
56797,0.0909342,1.48104,0.633021
56798,-0.0255584,-0.025693,-0.0258505
56799,-0.0269036,-0.0129137,-0.0208038
56800,0.000269036,-0.0254239,-0.0104019
56801,0.297554,3.77216,1.93396
56802,-0.0591879,-0.748728,-0.318761
56803,0.018967,-0.0067259,0.0165236
56804,-0.0488301,-0.0622819,-0.0933969
56805,0.176353,1.68807,0.811174
56806,0.12268,2.82084,1.40902
56807,0.160076,1.58314,0.802962
56808,0.164785,2.86416,1.17499
56809,0.26527,3.01186,1.39917
56810,-0.0376651,-0.0659139,-0.0630645
56811,-0.0134518,0,-0.0222666
56812,0.0250204,0.0544798,0.0447435
56813,-0.00914723,-0.0106269,-0.0219377
56814,0.0153351,0.0153351,-0.00557592
56815,-0.0162767,-0.122277,-0.0093266
56816,0.135594,2.07023,0.662795
56817,-0.00134518,-0.00134518,-0.0108207
56818,-0.0137208,-0.0523275,-0.0591951
56819,0.0207158,0.033764,0.0251148
56820,-0.668824,-8.49737,-3.47211
56821,-0.290828,-4.56258,-2.3709
56822,0.0153351,-0.648915,-0.254054
56823,0.0176219,-0.587844,-0.251378
56824,0.0905307,0.728819,0.455432
56825,0.16196,0.750342,0.367589
56826,0.0755992,0.737563,0.33749
56827,-0.0788276,-0.051924,-0.063002
56828,-0.0850154,-1.31666,-0.681794
56829,0.0215229,-0.553811,-0.213494
56830,0.124564,1.33388,0.636885
56831,0.0134518,-0.0134518,-0.00147494
56832,-0.0661829,-0.632773,-0.323198
56833,0.044391,0.654161,0.262221
56834,0.120394,0.824461,0.514839
56835,0.00269036,0.0290559,0.00547287
56836,0,-0.0203122,-0.0076254
56837,-0.186308,-0.90302,-0.572022
56838,0.282622,0.903558,0.598527
56839,0.0458707,0.707565,0.331357
56840,-0.0369925,-0.0235407,-0.0337667
56841,-0.0575737,-1.34854,-0.735614
56842,0.13546,1.49544,0.817177
56843,0.351092,2.86914,1.5847
56844,0.138823,1.27321,0.543539
56845,-0.00538072,-0.587306,-0.232561
56846,0.0435839,0.612057,0.240272
56847,0.0317463,0.00174873,0.0254335
56848,0.0134518,0.0134518,-0.00748553
56849,0.120259,0.714156,0.344042
56850,0.018967,0.0182945,-0.0167098
56851,0.0135863,-0.649184,-0.23074
56852,-0.00659139,0.0196396,-0.0247738
56853,-0.0265001,-0.0197742,-0.0395634
56854,0.0361854,0.0363199,0.0368842
56855,0.159,2.70758,1.16367
56856,0.108691,0.16761,0.179761
56857,0.0269036,-0.0269036,-0.0295508
56858,0.000807108,-0.000807108,-0.00869441
56859,-0.037396,-0.0570357,-0.0891424
56860,0.0269036,0.0126447,0.0181448
56861,0.0547489,0.041297,0.0553192
56862,0.0466778,0.0469468,0.0502258
56863,-0.014797,-0.0279798,-0.0313709
56864,-0.0862261,0.052462,-0.135
56865,-0.00067259,-0.00726398,-0.0224601
56866,0.0535382,0.765946,0.395162
56867,-0.00766753,-0.715502,-0.301252
56868,-0.0180254,0.0126447,0.0284656
56869,-0.00928175,-1.22425,-0.433998
56870,-0.0328224,-0.0866296,-0.127384
56871,-0.0177564,-0.0153351,-0.0271597
56872,-0.539956,-6.1164,-3.01098
56873,-0.00188325,0.0850154,0.0290579
56874,-0.0242133,0.00430458,-0.069289
56875,-0.0149315,-0.0201777,-0.0320485
56876,0.00228681,0.0236752,-0.000443135
56877,-0.0208503,-0.0208503,-0.0355792
56878,0.153754,0.194513,0.290048
56879,-0.0811144,-1.4345,-0.667096
56880,-0.04466,0.0181599,0.00432143
56881,0.0924139,0.105462,0.151261
56882,0.307508,3.07481,1.44383
56883,-0.014797,-0.0550179,-0.054839
56884,0.0682007,1.25936,0.487082
56885,0.00901271,-0.631428,-0.220237
56886,0.0567666,0.714156,0.290674
56887,0.131828,1.46531,0.640398
56888,0.167071,2.29461,0.969153
56889,-0.117434,-2.07804,-0.943631
56890,-0.103579,-1.54709,-0.607257
56891,0,-0.0188325,-0.01829
56892,0.0437184,0.736621,0.265754
56893,0.0403554,0.0617438,0.0553488
56894,-0.0439874,-0.758009,-0.307569
56895,0.108422,1.51736,0.643795
56896,0.029594,0.0430458,0.00322247
56897,-0.0134518,0.0134518,-8.08105e-05
56898,-0.0422387,-0.0691423,-0.0916573
56899,0.0484265,0.0484265,0.062316
56900,0.00659139,0.033495,0.000982404
56901,0.159404,1.61368,0.779481
56902,-0.00228681,-0.0723707,-0.0874994
56903,0.00134518,-0.0119721,-0.0296442
56904,-0.0110305,-0.0243478,-0.0296753
56905,-0.0106269,-0.0376651,-0.0300642
56906,0.018967,0.018967,0.0149622
56907,-0.0566321,-0.070622,-0.0885172
56908,0.0500407,0.0365889,0.0480307
56909,-0.0121066,0.00363199,-0.0154982
56910,0.0659139,0.0386067,0.0608828
56911,-0.334412,-3.29637,-1.69399
56912,-0.000807108,0.0387412,0.0407537
56913,-0.00134518,-0.0134518,-0.0308927
56914,-0.0566321,-1.325,-0.609482
56915,0.00780205,0.0499062,0.0177901
56916,-0.0807108,-0.0774824,-0.114623
56917,-0.0403554,-0.041028,-0.0605907
56918,0.463011,3.1227,1.71368
56919,-0.0204467,0.0185635,-0.0192339
56920,-0.0536727,-0.0920104,-0.0846264
56921,0.0123757,0.0258275,0.0132226
56922,-0.0029594,-0.014797,-0.0187015
56923,0.0174873,0.0309392,0.0198678
56924,0,0,-0.00911326
56925,-0.0737159,-0.754108,-0.34713
56926,0.101427,0.793118,0.395994
56927,0.00780205,0.00860916,0.00212825
56928,-0.105193,-1.54629,-0.790722
56929,-0.0107614,0.0161422,0.00602151
56930,0.0162767,0.0170838,0.011851
56931,-0.0586499,-0.713618,-0.325313
56932,0.12268,0.925081,0.600938
56933,-0.0621473,-0.048292,-0.0997859
56934,0.00538072,0.00605331,-0.0178926
56935,-0.0287869,-0.0868987,-0.0938859
56936,0,0,-0.00911326
56937,0,0.000134518,-0.00889024
56938,0,0.0014797,-0.00838428
56939,0.282353,1.68726,0.914865
56940,0.106,1.56014,0.675401
56941,-0.0230026,-0.0486955,-0.0482065
56942,0.0134518,0.0129137,0.00630516
56943,0.00376651,0.018429,0.0462764
56944,-0.0474849,-0.108422,-0.103037
56945,-0.0285178,-1.42401,-0.625139
56946,0.0875713,1.40235,0.62085
56947,0.0530001,0.0863606,0.0140164
56948,0.0539417,0.0768098,0.0628633
56949,-0.0274417,-0.0411625,-0.0541743
56950,0.0832667,0.755722,0.330218
56951,0.0532692,0.721824,0.346315
56952,0.0999469,1.49651,0.598015
56953,0.00807108,0.00807108,0.00113161
56954,-0.00228681,0.011165,0.0104455
56955,0.0134518,-0.0130483,-0.00484856
56956,-0.0130483,-0.0569011,-0.0771588
56957,0.025962,0.0515204,0.0348674
56958,0.13667,1.52987,0.80726
56959,-0.00753301,-0.00753301,-0.0340976
56960,0.141109,2.19103,0.747362
56961,-0.116493,-2.21847,-0.788975
56962,0.123622,2.15121,0.722234
56963,0.0928175,0.106135,0.100638
56964,-0.0703529,-0.661156,-0.300462
56965,0.0711601,0.625913,0.273513
56966,0,-0.00242133,-0.0284592
56967,-0.121335,-0.121066,-0.163716
56968,0.000807108,-0.0252894,-0.0341148
56969,-0.0727743,-2.23031,-0.848342
56970,0.022061,2.07763,0.693053
56971,-0.101158,-0.074254,-0.140614
56972,-0.0082056,-0.603717,-0.248171
56973,0.02233,0.617841,0.263548
56974,-0.0193706,-2.3277,-1.0429
56975,0.434897,4.20719,1.86045
56976,0.0129137,-1.33967,-0.376013
56977,0.0769443,1.468,0.487258
56978,-0.00201777,-1.33778,-0.392486
56979,-0.0875713,-0.0998124,-0.108021
56980,-0.182676,-3.61235,-1.3532
56981,-0.0616093,-0.114071,-0.109981
56982,-0.0559595,-1.52557,-0.709593
56983,0.263252,3.22023,1.51344
56984,0.109363,2.22399,0.736613
56985,0.0347057,-0.0192361,-0.0222319
56986,0.0182945,0.0310737,0.0190095
56987,-0.152813,-0.152813,-0.202953
56988,0.242536,0.32809,0.312242
56989,-0.00121066,-0.0146625,-0.0145714
56990,-0.00121066,0.0122411,-0.00558802
56991,0.0718326,0.0527311,0.0250394
56992,0.00134518,-0.052193,-0.0438125
56993,-0.011165,-0.011165,-0.0232853
56994,0.0707565,0.0733123,0.0650471
56995,0.0149315,0.0231371,0.031528
56996,-0.13398,-0.120528,-0.175626
56997,-0.0122411,-0.0417006,-0.039068
56998,0.167475,0.0735814,0.162928
56999,0.0359163,0.203122,0.0920421
57000,0.406917,2.50742,0.910055
57001,-0.0361854,-0.163036,-0.195346
57002,-0.0867642,-0.218861,-0.0618653
57003,-0.160346,-3.6597,-1.35999
57004,-0.10748,1.27792,0.0783739
57005,-0.13129,-2.35985,-0.894457
57006,-0.0143934,0.0205813,0.010831
57007,0.144607,2.98469,1.03093
57008,-0.186038,-3.09661,-1.26184
57009,-0.0980637,-1.39186,-0.426508
57010,0.0868987,-3.73019,-1.36441
57011,-0.538207,-6.42687,-3.56439
57012,-0.0260965,0.601296,0.235703
57013,0.0429113,-0.589458,-0.287415
57014,-0.00417006,0.0429113,0.0370008
57015,0.0238097,0.0664519,0.048726
57016,0.0329569,1.34437,0.557687
57017,-0.0988708,-0.896159,-0.472334
57018,-0.0995434,-1.00001,-0.577823
57019,-0.0538072,-0.812489,-0.377359
57020,0.511438,2.86133,1.7153
57021,-0.103579,-1.60991,-0.814489
57022,-0.074254,-0.269574,-0.250573
57023,0.104655,0.148911,0.166783
57024,0.0671245,1.93477,0.918379
57025,0.123757,0.0714291,0.03945
57026,0.172318,1.91581,1.14669
57027,0.0129137,0.0168148,0.0109077
57028,0.0418351,0.0357818,0.0159293
57029,-0.157521,-3.5654,-1.80428
57030,0.096853,0.0990053,0.0621126
57031,-0.18281,-1.8168,-0.797691
57032,0.059726,1.76676,0.729108
57033,0.0134518,0.0269036,0.0302637
57034,0.0829976,0.0232716,0.0122038
57035,-0.0376651,-0.0380686,-0.0571533
57036,-0.0438529,-0.841949,-0.345829
57037,0.033226,0.0593225,0.0453164
57038,0.0469468,0.975121,0.445571
57039,-0.0221955,-0.1855,-0.340514
57040,-0.639633,-5.05169,-2.756
57041,-0.484803,-3.22964,-1.90174
57042,-0.00739849,1.82164,0.697984
57043,-0.482785,-1.63144,-1.06192
57044,-0.121066,-1.92428,-0.777103
57045,-0.152813,-1.98549,-0.990323
57046,-0.281546,-2.23623,-1.23377
57047,-0.00766753,0.121873,-0.148261
57048,-0.074523,-0.0476194,-0.0992099
57049,-0.018967,-0.0450636,-0.0779186
57050,0.266077,1.96719,1.10349
57051,0.0726398,0.0688732,0.0624851
57052,0.151871,2.05988,0.956043
57053,-0.206889,-1.99275,-1.2207
57054,-0.101023,-1.71322,-0.893815
57055,0.146356,1.90733,1.13808
57056,0.0217919,-0.037127,-0.0366346
57057,0.0543453,0.0903961,0.0999964
57058,0.0313427,0.0312082,0.0490012
57059,-0.0484265,-0.0887819,-0.137489
57060,-0.988304,-9.68907,-4.89453
57061,-0.575603,-5.42942,-2.75822
57062,-0.324996,-1.98387,-1.27676
57063,-0.124295,-1.56821,-0.846886
57064,0.422925,3.69225,1.88879
57065,-0.274686,-1.88393,-1.05933
57066,-0.987228,-8.96146,-4.78217
57067,0.101023,1.72587,0.756662
57068,-0.08932,-1.55732,-0.684787
57069,0.04466,1.6352,0.647918
57070,0.0458707,0.228277,0.0562505
57071,1.21066,15.9232,7.48773
57072,-0.0321498,-1.20205,-0.49609
57073,-0.396021,-4.39121,-2.2406
57074,-0.0404899,-0.0875713,-0.126427
57075,0.0192361,0.0176219,0.0304364
57076,-0.052462,-0.0540763,-0.0765002
57077,0.0369925,1.00108,0.376263
57078,0.205678,2.13292,1.17009
57079,0.123353,2.24161,0.946261
57080,0.182541,2.10588,0.950182
57081,-0.0391448,-0.578562,-0.258949
57082,0.193302,2.97931,1.1574
57083,0.030132,-0.7494,-0.249402
57084,0.055556,0.850154,0.335164
57085,0.14797,0.97122,0.448249
57086,0.0964495,1.76044,0.757675
57087,0.263386,3.38259,1.63062
57088,-0.0981982,-0.919565,-0.486998
57089,0.149584,1.8129,0.909343
57090,-0.0200432,-0.793118,-0.419672
57091,0.0221955,0.0490991,0.0320615
57092,0.253701,3.77458,1.85113
57093,0.154023,3.32609,1.69513
57094,-0.0609367,-0.830245,-0.661907
57095,-0.0871677,-1.05153,-0.453953
57096,-0.0656448,-0.939878,-0.577748
57097,-0.118779,-2.04104,-0.975678
57098,-0.00242133,-0.0293249,-0.0211701
57099,0.107211,0.991667,0.541134
57100,0.0377996,1.06511,0.433315
57101,0.177698,2.07777,1.04426
57102,0.026231,-0.000269036,-0.0190503
57103,0.380552,3.81493,1.96012
57104,-0.32661,-3.76637,-1.97505
57105,-0.103041,-1.08341,-0.474557
57106,-0.0215229,-0.861319,-0.505199
57107,0.0106269,0.0240787,0.0595934
57108,0.0138554,0.014797,0.00872243
57109,-0.0513859,-0.0629545,-0.0941302
57110,-0.500273,-4.18109,-2.35323
57111,0.0707565,-0.975121,-0.344295
57112,-0.290694,-2.51589,-1.55427
57113,-0.384856,-5.56326,-3.16585
57114,-0.0251549,-0.00134518,0.00333028
57115,-0.0683352,0.561882,0.151824
57116,0.156848,2.52679,1.26049
57117,0.0169493,0.0177564,0.0278594
57118,-0.044391,-1.51615,-0.672195
57119,0.0468123,0.656314,0.346558
57120,-0.626316,-6.53664,-3.52491
57121,0.00901271,-0.0299975,-0.0540079
57122,0.0773479,0.796885,0.371246
57123,0.165188,0.302935,0.337858
57124,-0.230968,-1.66291,-0.985781
57125,0.140033,1.544,0.811987
57126,0.259082,3.28345,1.66306
57127,-0.178505,-1.73663,-0.999745
57128,-0.078424,-1.36469,-0.574501
57129,-0.02233,-0.0760027,-0.0919903
57130,-0.104386,-0.855131,-0.489592
57131,-0.0676626,0.634791,0.212634
57132,-0.353379,-3.43142,-1.80039
57133,-0.000403554,-0.0394138,-0.0415051
57134,-0.000807108,0.117703,0.170414
57135,0.208234,2.01737,0.965658
57136,-0.0270381,-0.0178909,-0.0235073
57137,-0.0118376,-0.0146625,-0.0254777
57138,-0.0302666,-0.0680661,-0.114488
57139,0.268364,1.91096,1.07949
57140,0.0751956,1.81277,0.834072
57141,0.106,1.81788,0.791896
57142,-0.146221,-0.219803,-0.331509
57143,-0.140571,-1.91244,-0.949106
57144,0.107211,2.00297,1.02538
57145,0.174335,0.836433,0.51379
57146,-0.446062,-4.62836,-2.55062
57147,-0.0347057,-0.0458707,-0.0854839
57148,0.0133173,0.0142589,-0.0102879
57149,-0.559326,-5.61815,-2.98708
57150,-1.00525,-12.5267,-5.8616
57151,-0.216574,-2.18928,-1.21795
57152,-0.14649,-0.104251,-0.223347
57153,0.059726,-0.00376651,0.0243855
57154,-0.122815,-2.04952,-0.994552
57155,-0.131021,-0.282084,-0.323912
57156,-0.225452,-1.91688,-1.26269
57157,0.0914723,0.137343,0.121346
57158,0.246975,3.79879,2.12179
57159,-0.0398173,-0.0624164,-0.0961818
57160,0.221013,3.32408,1.60267
57161,0.0488301,0.0891855,0.119775
57162,0.0250204,1.77846,0.565735
57163,-0.0153351,0.763794,0.449348
57164,0.0308046,-0.712811,-0.228856
57165,0.179582,3.10548,1.15103
57166,-0.0439874,0.743078,0.350911
57167,0.26648,2.93505,1.48721
57168,-0.0878403,-0.148104,-0.20936
57169,-0.0450636,-1.67542,-0.67464
57170,0.0208503,0.745499,0.274443
57171,-0.0430458,-0.797692,-0.401025
57172,0.048561,0.813162,0.39059
57173,0.0279798,0.0563631,0.0558078
57174,-0.127389,-0.921852,-0.530559
57175,0.00753301,0.752494,0.349121
57176,0.179313,1.71578,0.808044
57177,-0.0429113,-0.0429113,-0.0635818
57178,-0.0310737,-0.840872,-0.385418
57179,-0.241998,-1.79958,-1.05971
57180,1.01252,9.44075,5.05186
57181,-0.0199087,1.28976,0.534857
57182,-0.0417006,1.20017,0.57738
57183,0.0936246,1.04736,0.483411
57184,0.00564976,-0.00780205,-0.00549413
57185,0.128196,1.83214,0.690571
57186,-0.0823251,-0.109094,-0.123671
57187,0.0294595,0.0160076,0.0393182
57188,-0.0201777,-0.0309392,-0.0559326
57189,0.00686042,0.033764,0.0112839
57190,0.351361,4.85126,2.18589
57191,0.04466,0.99772,0.361242
57192,0.142858,3.46142,1.35855
57193,-0.0536727,-1.05866,-0.549139
57194,-0.0134518,-0.000269036,-0.0231237
57195,-0.229353,-3.64181,-1.58709
57196,0.0134518,0.0134518,0.0134713
57197,-0.0269036,-0.0134518,-0.00528545
57198,-0.357011,-3.79341,-1.92778
57199,-0.349343,-5.77513,-2.59398
57200,0.302666,7.43858,3.20737
57201,0.189536,3.15848,1.24294
57202,0.041028,-0.974718,-0.265504
57203,0.0531346,2.10265,0.802841
57204,0.0231371,0.97687,0.326482
57205,0.0579773,0.974314,0.308013
57206,0.000807108,-0.0248858,-0.0356986
57207,0.0239442,0.0637616,0.0715258
57208,-0.0885129,-1.16439,-0.581905
57209,0.238231,1.26205,0.699989
57210,0.166533,1.39993,0.982081
57211,-0.0652413,-2.63413,-1.56271
57212,0.0645687,2.59458,1.59173
57213,-0.0953733,-2.57387,-1.60645
57214,-0.0425077,-0.382435,-0.201662
57215,0.0473504,2.23112,1.57362
57216,-0.00134518,-0.0278452,-0.0233705
57217,-0.0838048,-2.39066,-1.8005
57218,-0.263655,1.99907,1.20175
57219,0.235945,1.5097,1.06128
57220,-0.637212,-4.23517,-3.13556
57221,0.132231,2.08301,1.07721
57222,-0.0590534,-0.86253,-0.435532
57223,0.333067,2.97097,1.5381
57224,-0.0107614,-0.0107614,-0.0155264
57225,-0.0177564,0.116762,0.19137
57226,-0.312216,-2.95671,-1.5706
57227,0.30993,2.8238,1.44745
57228,0.139495,1.9645,1.13052
57229,-0.0134518,-0.0228681,-0.0417996
57230,-0.0180254,-0.0314772,-0.0383678
57231,0.00793657,-0.0492336,-0.089136
57232,0.0100889,-0.75357,-0.391143
57233,0.0511169,0.740522,0.350282
57234,0.0127792,0.0127792,0.0127772
57235,0.00269036,0.00269036,-0.0168088
57236,-0.0126447,-0.0921449,-0.0501855
57237,0.0805763,0.335354,0.485002
57238,0.0496372,-0.0182945,-0.0273831
57239,-0.00403554,0.00941626,-0.0668617
57240,0.0947007,0.0777514,0.105233
57241,0.033226,0.0216574,0.0116517
57242,0.164247,1.90195,1.20905
57243,0.20931,1.93962,0.955592
57244,0,0.00955078,-0.00458752
57245,0.287869,1.99706,1.18774
57246,-0.319749,-3.56016,-1.79657
57247,-0.0247513,-0.0556905,-0.0704944
57248,0.0242133,0.0107614,0.0219883
57249,0.0320153,0.0441219,0.00553722
57250,0.586095,4.40022,2.22987
57251,0.00605331,-1.09067,-0.450133
57252,-0.0357818,-0.074792,-0.0986053
57253,-0.0361854,-1.71309,-0.731028
57254,0.230429,1.8885,1.00011
57255,0.0333605,1.70555,0.617917
57256,0.00336295,-0.708238,-0.255475
57257,0.137746,0.868718,0.461496
57258,0.0135863,0.0675281,0.0452368
57259,0.0363199,-0.00470813,-0.0143214
57260,0.210386,4.18486,1.42673
57261,-0.0402209,0.819215,0.187499
57262,-0.0014797,-0.029863,-0.0249419
57263,0.0453326,-0.0525966,-0.0265408
57264,0.0375305,0.166668,0.209857
57265,-0.00403554,-0.0847464,-0.0507731
57266,-0.0365889,-0.967992,-0.359819
57267,0.218323,3.60495,1.49728
57268,0.0653758,0.112457,-0.105783
57269,0.16613,15.1547,1.59226
57270,-0.237693,-20.1333,-3.21792
57271,-0.165457,-3.32542,-1.2698
57272,0.136536,2.45872,0.828239
57273,0.14945,2.46814,0.862147
57274,0.0294595,-1.49463,-0.432592
57275,-0.0425077,-2.36456,-0.757179
57276,0.16048,4.05263,1.27995
57277,0.28047,19.2514,3.11748
57278,0.00538072,0.0251549,0.021743
57279,0.0587844,-16.5715,-1.96777
57280,0.244016,-1.95078,-0.438397
57281,-0.00255584,0.776707,0.204301
57282,0.0665864,1.71578,0.597289
57283,0.299303,0.274551,0.311358
57284,-0.0200432,-4.78911,-1.81287
57285,0.149988,2.79044,1.02031
57286,-0.200701,-3.61289,-1.51493
57287,-0.121873,-1.89213,-0.557635
57288,0.0152005,0.0987363,-0.0217982
57289,0.0352437,0.0731778,0.0944987
57290,-1.56458,-23.098,-11.8599
57291,-0.584885,-4.13509,-2.72978
57292,-0.115551,-0.384856,-0.221406
57293,-0.125102,-1.61583,-0.789281
57294,-0.145549,-1.34491,-1.03053
57295,0.373826,5.71809,2.73286
57296,-0.112726,2.05503,0.751024
57297,0.238501,2.0401,0.918954
57298,-0.167879,-1.49584,-0.856519
57299,0.0278452,0.642593,0.28125
57300,0.82056,7.69847,4.06191
57301,-0.405976,-2.99303,-1.57963
57302,0.173125,3.41999,1.65152
57303,-0.0867642,-1.82353,-0.919997
57304,-0.0244823,0.512648,0.192971
57305,0.19949,1.0865,0.546843
57306,0.161018,1.31868,0.570321
57307,0.205006,3.20745,1.39452
57308,-0.260292,-2.77578,-1.3104
57309,-0.0361854,-0.933555,-0.414301
57310,-0.904096,-3.47353,-2.53336
57311,0.423194,1.96087,1.09044
57312,0.298496,1.78828,0.804329
57313,0.175546,2.64597,0.982701
57314,0.0990053,3.01684,0.939272
57315,0.259485,6.3884,2.41225
57316,-0.11851,-1.84263,-0.745879
57317,0.0528656,0.0266346,0.0264526
57318,-0.0344366,-0.804687,-0.304041
57319,-0.115147,-4.09002,-1.39118
57320,0.142993,2.98173,0.331408
57321,0.158866,1.61287,0.639852
57322,0.0593225,2.37196,1.44437
57323,-0.510092,-8.7843,-4.23316
57324,-0.236752,-5.74621,-2.23939
57325,-0.0129137,0.0239442,-0.0110351
57326,0.155772,2.57696,1.07388
57327,0.34329,6.5096,2.5763
57328,0.155234,3.11261,1.32339
57329,-0.0447945,-0.826613,-0.425342
57330,0.229622,1.09215,0.6613
57331,0.183348,3.30175,1.93957
57332,0.638154,3.56823,1.99941
57333,-0.0029594,-0.0310737,-0.02815
57334,0.0188325,0.0188325,0.0147914
57335,-0.404765,-6.1994,-2.78975
57336,-0.135863,-0.975794,-0.54208
57337,0.316521,6.51928,2.4958
57338,-0.00887819,-0.772403,-0.348915
57339,0.0591879,0.81908,0.390954
57340,-0.0665864,-0.100485,-0.0976363
57341,0.0578428,0.0711601,0.0742598
57342,0.0188325,0.0123757,0.014356
57343,-0.00067259,0.0129137,0.00135357
57344,0.113668,2.73758,1.22307
57345,-0.00766753,-0.0425077,-0.0277492
57346,0.130079,2.16776,1.11292
57347,0.0247513,0.0651067,0.0629204
57348,-0.0096853,0.0299975,0.00770409
57349,0.0589189,1.08031,0.531414
57350,-0.184155,-3.18956,-1.65709
57351,0.21348,3.06459,1.53557
57352,0.0134518,0.0134518,0.0422703
57353,-0.0305356,3.07212,1.2003
57354,-0.0582463,-3.18754,-1.38278
57355,-0.241998,-3.2248,-1.77942
57356,-0.472024,-5.91153,-2.58819
57357,0.0291904,0.0527311,0.0180254
57358,0.1855,2.86564,1.2385
57359,-0.0955078,-2.70085,-0.962521
57360,0.39064,3.31977,1.6451
57361,-0.0566321,-0.00834012,-0.0575667
57362,0.0579773,0.0707565,0.105771
57363,-0.110574,-0.151064,-0.198217
57364,0.392524,6.52466,3.32647
57365,0.126447,7.12085,3.17263
57366,-0.150257,-3.80794,-2.03281
57367,0.0578428,0.138419,0.122899
57368,-0.044391,-0.15214,-0.158324
57369,-0.00914723,-0.0352437,-0.0505708
57370,-0.00564976,-0.125774,-0.105999
57371,0.120125,0.133576,0.233796
57372,1.31128,14.6331,7.0278
57373,-0.185097,-0.292711,-0.346517
57374,-0.203391,-4.64894,-1.92706
57375,0.0368579,0.0204467,0.0106599
57376,-0.0212539,-0.0219264,-0.0358876
57377,0.119318,4.45591,1.82316
57378,0.0172183,-0.0110305,-0.0367221
57379,-0.0474849,-0.0205813,-0.0247828
57380,0.0920104,-0.0156041,-0.00928519
57381,0.0435839,0.0786931,0.112316
57382,0.378668,4.59541,2.37688
57383,-0.0177564,-0.131828,-0.218038
57384,0.954675,12.7637,6.31581
57385,-0.0191016,-0.113937,-0.130927
57386,0.0776169,0.151064,0.254594
57387,0.0067259,0.040759,0.0770488
57388,-0.0898581,-4.09729,-2.1362
57389,0.0329569,0.10896,0.173174
57390,0.122008,3.99936,1.98975
57391,0.305356,7.01444,5.23407
57392,0.184155,-2.40397,-2.49601
57393,2.15162,8.53988,7.55861
57394,0.444582,6.50583,3.17929
57395,-0.173394,-0.257468,-0.342366
57396,-0.117031,-1.42791,-0.735697
57397,-0.0925484,-0.105462,-0.104185
57398,0.289483,2.99518,1.76681
57399,0.16196,0.0551524,0.136661
57400,-0.361316,-3.1492,-1.90004
57401,0.0484265,0.0349747,0.00893293
57402,-0.00901271,-0.0359163,-0.0506489
57403,0.115282,0.074792,0.0828627
57404,0.0852845,2.80255,1.48925
57405,0.279932,0.293384,0.371668
57406,-0.516415,-3.24215,-2.04955
57407,0.0375305,-0.0699494,-0.169042
57408,-0.00712946,-0.249935,-0.418834
57409,-0.226125,-0.228815,-0.316529
57410,-0.407993,-3.22413,-1.65465
57411,-0.00847464,-0.0219264,-0.0434849
57412,-0.193302,-3.06674,-1.49142
57413,0.0540763,0.074792,0.0360992
57414,-0.175143,-2.96101,-1.38391
57415,-0.00901271,-0.0156041,-0.0733017
57416,0.111919,0.154427,0.189075
57417,-0.0712946,-0.0317463,-0.0667846
57418,-0.0203122,0.0104924,0.0177306
57419,0.124833,2.91111,1.33321
57420,0.100485,0.0881093,0.12772
57421,0.0330914,2.77376,1.07464
57422,0.014797,-0.0141244,-0.0483961
57423,0.342752,3.21364,1.57967
57424,0.202315,2.86106,1.66986
57425,0.352975,2.8156,1.58273
57426,0.0508478,0.0801728,0.119195
57427,0.492336,4.20678,2.48448
57428,-0.126447,-1.57642,-0.815177
57429,0.163305,2.4076,1.22917
57430,0.13546,0.146221,0.223462
57431,0.0991398,0.0975256,0.138015
57432,0.169493,2.84237,1.49971
57433,-0.0829976,-0.134115,-0.268421
57434,0.051924,0.011165,-0.00584473
57435,-0.0450636,-0.0242133,-0.0410458
57436,0.0512514,0.0655103,0.0800599
57437,0.178102,0.172183,0.25442
57438,0.150122,0.13398,0.153643
57439,-0.0807108,-0.283295,-0.359796
57440,-0.43826,-3.01818,-1.67017
57441,-0.643265,-7.57525,-3.57082
57442,-0.442295,-7.53637,-3.31514
57443,-0.887012,-10.0813,-5.38059
57444,-1.16937,-12.5867,-6.70654
57445,-0.0215229,-0.170972,-0.0349084
57446,0.530808,2.57037,1.74595
57447,0.789756,8.42769,4.39932
57448,0.0481575,0.106,0.14034
57449,0.056094,-0.0230026,0.0114589
57450,0.0953733,2.94864,1.1895
57451,-0.116896,-1.02207,-0.539369
57452,0.085419,2.15915,1.05831
57453,0.250069,2.41729,1.11077
57454,0.419293,4.1971,2.08669
57455,0.0269036,-0.029594,-0.0327423
57456,0.256391,4.3417,1.98957
57457,-0.10183,-0.198818,-0.159238
57458,0.0369925,0.0754646,0.0579678
57459,0.173125,0.0665864,0.17481
57460,-0.0786931,-0.0642996,-0.0863442
57461,-0.0143934,-0.0702184,-0.0493569
57462,0.0398173,0.025693,0.0225907
57463,-0.041028,-0.0364544,-0.054643
57464,0.0998124,0.0191016,-0.0137787
57465,-0.0586499,-0.018429,-0.0168757
57466,-0.504846,-2.36321,-1.44275
57467,-0.307105,-2.32528,-1.41209
57468,-0.519912,-4.22266,-2.25032
57469,-0.445389,-4.35139,-2.35932
57470,0.32513,2.28842,1.44741
57471,0.0363199,0.0156041,0.0215714
57472,-0.0122411,0.364409,0.0705694
57473,0.0244823,0.0644342,0.0537753
57474,0.427095,2.37801,1.68046
57475,-0.0754646,0.179716,-0.0530726
57476,0.0531346,-0.0408935,0.0132439
57477,0.37692,2.62135,1.53034
57478,-0.0562286,-0.121604,-0.155959
57479,-0.0403554,-0.0536727,-0.0824168
57480,0.410146,2.79259,1.44672
57481,0.264732,3.40425,1.47705
57482,0.194244,2.88528,1.08536
57483,-0.28881,-3.03405,-1.18818
57484,0.118914,0.0305356,0.117546
57485,0.173797,1.87128,0.768504
57486,-0.0851499,-1.93881,-0.928467
57487,0.164247,5.99534,2.65024
57488,0.13398,3.15969,1.23447
57489,0.0260965,0.0881093,0.0311503
57490,-0.418217,-6.68783,-3.1423
57491,-0.117165,-3.16723,-1.23507
57492,0.486686,9.33488,3.91772
57493,-0.452384,-7.16362,-3.29056
57494,0.409742,4.27445,1.87872
57495,0.0161422,-2.74188,-1.12827
57496,-0.245495,-6.33984,-2.36877
57497,0.370597,6.47422,2.33636
57498,-0.479153,-3.50594,-1.63101
57499,-0.359163,-3.32623,-1.5217
57500,-0.14232,-2.6948,-1.26086
57501,-0.0848809,-2.44366,-0.942349
57502,0.191957,2.82596,1.41784
57503,-0.299706,-3.03742,-1.71214
57504,-0.0290559,0.00564976,0.0114362
57505,0.0975256,0.164785,0.162731
57506,-0.195858,1.29272,0.530763
57507,0.149046,0.0819215,0.0844625
57508,0,-1.52678,-0.863433
57509,0.0712946,1.65188,1.00522
57510,0.402478,4.30834,2.19152
57511,-0.022599,0.026231,-0.112831
57512,0.0168148,-0.0772134,0.0197101
57513,0.0137208,-0.06699,-0.0774129
57514,-0.245495,-3.06809,-1.57035
57515,-0.0649722,-1.42549,-0.629367
57516,-0.198818,-4.284,-1.76303
57517,0.0918758,0.209176,0.199689
57518,0.0372615,2.5241,0.945012
57519,-0.100081,-2.6379,-0.989191
57520,-0.0247513,0.0170838,0.00496986
57521,-0.0438529,-0.125505,-0.0961837
57522,-0.0569011,-0.0729088,-0.0302683
57523,-0.0224645,-0.0402209,-0.0936977
57524,-0.189401,-3.1909,-1.47206
57525,-0.0499062,0.0313427,0.0142081
57526,1.22896,12.5122,6.19138
57527,-0.357549,-5.51659,-2.23418
57528,0.334008,6.29033,2.64749
57529,-0.126985,-3.41192,-1.39463
57530,-0.0429113,-0.109767,-0.0440978
57531,-0.0534037,-2.97971,-1.19372
57532,-0.415795,-3.10791,-1.65334
57533,-0.168148,-2.69763,-1.32386
57534,0.169493,2.93303,1.27745
57535,-0.35311,-1.91473,-1.00128
57536,0.063627,1.75788,0.745669
57537,-0.744423,-8.96496,-4.45068
57538,0.257468,2.99827,1.56133
57539,0.828766,9.11575,4.30359
57540,0.380148,8.78578,3.26884
57541,0.209848,-0.490856,0.372212
57542,0.42158,4.32355,1.72074
57543,-0.229219,-3.17987,-1.44392
57544,0.860916,7.06583,3.82413
57545,0.119452,0.0710255,0.108707
57546,0.0839393,0.0906652,0.1343
57547,0.096584,0.0834012,0.116326
57548,0.190612,3.0471,1.59006
57549,-0.12981,-3.04589,-1.47467
57550,0.0554214,1.89859,0.882988
57551,0.139361,0.116762,0.0936947
57552,0.520988,4.31601,2.19288
57553,-0.0816525,-0.225318,-0.211622
57554,0.096853,0.202853,0.236668
57555,0.518567,0.670707,0.954264
57556,0.625509,13.3863,6.08048
57557,-0.142051,-4.67558,-1.62261
57558,-0.246975,-1.97903,-1.23841
57559,0.145818,1.67663,0.677938
57560,0.0735814,-0.0216574,0.239902
57561,-0.0921449,-0.193841,-0.254342
57562,0.0341676,-4.44784,-1.71997
57563,0.301724,4.53124,1.91028
57564,-0.213615,-4.51752,-1.74671
57565,0.349209,0.170165,-0.00390799
57566,0.290155,2.91581,1.06608
57567,-0.861319,-14.1387,-6.18939
57568,0.033226,-0.303338,-0.500033
57569,-0.203391,0.107076,-0.111909
57570,0.449559,0.547354,0.648095
57571,0.915395,12.5219,5.60381
57572,0.284909,5.33566,2.12988
57573,0.600354,8.92514,3.459
57574,0.903154,14.5695,4.75012
57575,0.140302,7.95661,1.91666
57576,0.0764063,0.0673935,0.178258
57577,0.30011,0.161422,0.580947
57578,0.381493,8.448,3.16373
57579,-0.0963149,-8.31012,-2.87639
57580,-0.133442,-8.60445,-2.39302
57581,0.776304,17.3281,5.93384
57582,0.863202,9.81484,4.7062
57583,-0.206889,-0.629275,-0.757998
57584,-0.378668,-17.4689,-5.93186
57585,0.951715,15.1409,5.0362
57586,1.44392,11.1716,5.18938
57587,-0.118107,-8.19834,-2.56899
57588,0.357818,7.39042,2.47773
57589,-0.0314772,-7.7095,-2.46339
57590,4.63643,23.3741,13.83
57591,-1.1243,-3.81413,-4.03974
57592,6.56663,41.3246,27.0048
57593,-1.56821,-1.58086,-1.78658
57594,0.874636,5.54605,2.63804
57595,1.50647,1.54884,1.75927
57596,-1.35325,-8.16605,-3.81424
57597,0.325265,13.0535,3.59611
57598,0.794867,0.163708,0.682917
57599,5.20141,71.1021,31.8656
