sec,ofi_best,ofi_sum,ofi_integrated
34200,-0.204395,0.697848,2.22059
34201,0.876592,11.3796,30.7404
34202,-0.128631,-4.01516,-11.0326
34203,0.1675,5.2575,14.4051
34204,0.039334,-3.58144,-9.90688
34205,-0.0947702,-2.08965,-5.7159
34206,0.140917,0.928678,2.4751
34207,0.200337,1.77506,4.98413
34208,-0.460672,-6.0806,-16.7595
34209,0.159719,7.82014,21.6102
34210,0.0519552,2.84972,7.85013
34211,-0.0247955,-5.47776,-14.8353
34212,0.0355737,2.85703,7.65497
34213,0.191886,8.68772,24.2229
34214,0.152552,3.0784,8.63247
34215,0.172284,3.61177,9.32474
34216,-0.148531,-4.29742,-11.0175
34217,3.70685,12.7089,30.8067
34218,-0.276492,-4.72561,-12.8447
34219,-0.308753,-2.79985,-7.49781
34220,0.165974,0.565233,1.46858
34221,-0.0582657,-0.696713,-1.85411
34222,-0.166588,-0.825772,-2.12771
34223,-0.268972,-1.11846,-2.86004
34224,-0.282133,-1.99829,-5.2582
34225,-0.0473758,0.122581,0.37681
34226,0.0516387,0.6415,1.7292
34227,0.113572,0.632825,1.68239
34228,0.0161767,0.0332655,0.0991181
34229,0.0652092,1.47792,4.02388
34230,0.351363,4.44811,12.019
34231,0.260558,3.92704,10.6472
34232,0.0736792,1.66063,4.56463
34233,0.0351456,-0.556522,-1.57427
34234,-0.0966131,-0.168096,-0.373599
34235,0.0299519,1.22546,3.43359
34236,-0.0675734,-0.637498,-1.71969
34237,0.143114,1.45104,3.94366
34238,-0.150877,-1.24017,-3.31293
34239,-0.215323,-3.01919,-8.20679
34240,-0.280606,-3.30501,-8.88772
34241,-0.163032,-1.94758,-5.24395
34242,-0.227944,-2.51652,-6.75983
34243,-0.12932,-1.20528,-3.17659
34244,-0.359907,-1.64937,-4.24552
34245,-0.00485858,-0.330625,-0.87722
34246,0.20836,1.08519,2.83466
34247,0.0310316,0.34965,0.967
34248,-0.205643,-1.73647,-4.61254
34249,0.0445091,0.639825,1.72763
34250,0.0440065,0.602017,1.64524
34251,0.0130865,-0.561864,-1.54267
34252,0.105213,0.722086,1.91977
34253,-0.00130307,0.396765,1.10937
34254,-0.226883,-2.04515,-5.41097
34255,0.0315342,0.308864,0.843988
34256,0.0370257,0.308901,0.835775
34257,0.174779,1.88973,5.08709
34258,0.021482,0.615327,1.69983
34259,-0.00372305,-0.179246,-0.475824
34260,0.0922386,1.17935,3.18028
34261,-0.118207,-1.2591,-3.36247
34262,-0.0453654,-0.667878,-1.80091
34263,-0.0887017,-0.731449,-1.95771
34264,0.145664,1.5551,4.2254
34265,0,0.0194157,0.0787667
34266,-0.119491,-1.64203,-4.4264
34267,0.0279229,-0.0150597,-0.0460048
34268,-0.527761,-3.26774,-8.57364
34269,0.0220032,0.0438203,0.11823
34270,0.00225245,0.496413,1.39467
34271,-0.0524578,-0.886682,-2.39439
34272,-0.221577,-2.41283,-6.45141
34273,0.129655,1.22849,3.28916
34274,-7.4461e-05,0.00737164,0.0361844
34275,0.0858908,2.43862,6.71206
34276,0.041996,1.07816,2.9844
34277,0.0304732,0.0770671,0.203538
34278,0.00971716,0.908499,2.52699
34279,-0.00251306,-0.0433921,-0.106622
34280,0.143914,1.89583,5.16288
34281,-0.265416,-3.15497,-8.50731
34282,0.0459797,0.563819,1.50743
34283,-0.0204023,-0.471338,-1.25213
34284,0.0286489,0.482638,1.31971
34285,0,0.00558457,0.0313912
34286,0.0518435,-0.411453,-1.13688
34287,0.11454,2.45386,6.71996
34288,0.0225245,0.0632546,0.174101
34289,-0.0167537,-0.0111691,-0.00156706
34290,0.155623,2.83929,7.72003
34291,0.0521413,0.0242184,0.0555722
34292,-0.0739398,-0.0489395,-0.0752306
34293,0.380663,3.15955,8.40728
34294,0.0289839,-0.0809763,-0.234576
34295,0,0.0130307,0.0616734
34296,0.00372305,-0.0074461,-0.00711896
34297,0,-0.00893532,-0.00818537
34298,-0.0341031,-0.207113,-0.537353
34299,0.0919966,1.32222,3.54913
34300,-0.137064,-0.783758,-2.07706
34301,0.0778862,0.831003,2.24804
34302,0.0937278,0.549224,1.45038
34303,-0.0218915,-0.0447697,-0.0874661
34304,-0.108359,-1.68358,-4.53493
34305,0.148159,1.72733,4.65692
34306,0.213405,0.846808,2.20052
34307,0.00681318,0.0593826,0.17478
34308,-0.00558457,-0.00186152,0.01445
34309,0.00701795,0.0135333,0.0459037
34310,-0.396077,-3.82398,-10.1998
34311,0.0857977,0.512664,1.37892
34312,-0.00558457,-0.0335074,-0.0675872
34313,-0.00396505,-0.410745,-1.13233
34314,0.0617096,2.00136,5.4623
34315,0.0262661,0.892676,2.42163
34316,0.000558457,0.0829123,0.229968
34317,0.111263,1.15884,3.1566
34318,-0.0536305,-1.09983,-3.00945
34319,-0.0396505,-0.0719293,-0.134146
34320,-0.0985491,-1.16222,-3.07778
34321,1.86152e-05,-0.0856115,-0.207966
34322,0.442168,5.08448,13.7099
34323,0.0328001,0.65898,1.71842
34324,0.00640365,0.460132,1.3076
34325,0.177199,0.109923,0.140033
34326,0.0286489,0.73318,2.01713
34327,-0.153185,-2.11475,-5.65936
34328,0.179246,0.772868,1.97024
34329,-0.179414,-1.3841,-3.61871
34330,0.0254657,0.0165303,0.0417474
34331,0.00188014,-0.0208118,-0.0428175
34332,0.0811625,1.26228,3.37268
34333,0.0227851,0.635971,1.74457
34334,0.0559761,1.24005,3.40693
34335,-0.00631057,0.0235483,0.0813901
34336,0.107019,1.87619,5.20154
34337,0.0638317,0.487813,1.30426
34338,-0.0154507,-0.0094007,0.00110176
34339,0.0941559,1.20783,3.31929
34340,0.0678898,1.26597,3.31147
34341,0.0265453,1.05751,2.82434
34342,0.268153,0.255122,0.544024
34343,0.0587497,-0.00104245,-0.0282395
34344,0.078426,0.829347,2.26977
34345,-0.00454212,0.776126,2.15083
34346,-0.548052,-5.18502,-13.8929
34347,-0.404454,-4.15688,-11.1329
34348,-0.211283,-1.93755,-5.17111
34349,-0.132466,-1.88653,-5.08185
34350,0.0351828,0.047655,0.125315
34351,-0.0149294,0.000595688,0.0234485
34352,-0.0454398,-0.0664378,-0.119916
34353,-0.0332282,-0.626701,-1.68896
34354,0.00124722,0.00869332,0.0381963
34355,0.130772,2.01512,5.49136
34356,0.160668,2.35295,6.37973
34357,0.0117835,0.0312736,0.092766
34358,0.0069621,-0.0207932,-0.038502
34359,0.0204209,0.657826,1.82356
34360,-0.477928,-4.06429,-10.8343
34361,0.173271,0.180549,0.386413
34362,0.0546544,0.061542,0.145776
34363,0.191979,2.53592,6.81544
34364,-0.0577073,-0.0548778,-0.0887733
34365,-0.136506,-1.76381,-4.73818
34366,-0.0485672,-0.0107968,-0.00430849
34367,0.0657491,1.86789,5.12481
34368,0.0116159,0.0186711,0.0323383
34369,0.0849972,2.55643,6.99893
34370,-0.10916,-1.87878,-5.07634
34371,-0.112306,-1.07352,-2.87485
34372,0.00139614,-0.000651534,0.0122854
34373,0.125523,1.02196,2.77181
34374,0.0267501,0.953008,2.58952
34375,0.00681318,0.00925178,0.0405336
34376,-0.317818,-3.62919,-9.75396
34377,0.105604,1.46228,3.97913
34378,-0.0208118,-0.961589,-2.61959
34379,-0.00577073,-0.00997777,-0.0080737
34380,-0.0136822,-0.0410839,-0.0807127
34381,-0.466554,-3.68986,-9.79719
34382,0.00800456,0.0266198,0.0819148
34383,-0.0499633,-0.715961,-1.88891
34384,-0.27679,-1.84317,-4.8425
34385,0.212847,2.14165,5.74518
34386,0.00288536,-0.743847,-2.02766
34387,-0.0508755,-1.55015,-4.20648
34388,-0.268041,-2.46821,-6.60822
34389,-0.0139987,0.336061,0.952086
34390,0.0310875,0.0117276,0.0168035
34391,0.00884224,0.457805,1.28461
34392,-0.202087,-1.97195,-5.26479
34393,0.0165676,0.00431874,0.00770273
34394,0.0118207,-0.0267129,-0.0564489
34395,0.071799,1.01451,2.76313
34396,0.203372,2.01773,5.44782
34397,0.100187,1.86117,5.06421
34398,0.143877,0.967807,2.59676
34399,0.0199183,0.79368,2.20615
34400,0.0338239,0.740775,2.03037
34401,0.095217,0.85619,2.30788
34402,0.00954962,-0.471226,-1.29205
34403,-0.0335074,-0.0577445,-0.116823
34404,-0.0643715,-0.0859652,-0.176708
34405,-0.214448,-2.41324,-6.47284
34406,-0.00186152,0.00839548,0.0338026
34407,-0.0185408,-0.0240695,-0.0298949
34408,0.0134402,0.061784,0.173991
34409,0.0176845,0.882717,2.46029
34410,0.0074461,0.0074461,0.0316962
34411,-0.0130679,1.31442,3.65874
34412,-0.0764901,-0.960286,-2.60662
34413,0.0405812,0.414357,1.13319
34414,-0.00245721,-0.801777,-2.21177
34415,0.0035369,-0.0448628,-0.10235
34416,-0.00800456,-0.00995916,-0.00703694
34417,-0.0428151,-0.0511733,-0.0942897
34418,-0.11037,-0.923596,-2.49173
34419,-0.00279229,-0.0120999,-0.0140592
34420,-0.00372305,-0.0204768,-0.0266033
34421,-0.320164,-3.73489,-9.99969
34422,0.0517132,0.949024,2.60075
34423,0.0638503,0.0605182,0.141617
34424,0.140806,1.11798,2.98361
34425,-1.17781,-9.53799,-25.3055
34426,0.306984,1.83327,4.84047
34427,-0.12031,-0.106572,-0.194117
34428,0.0147247,-0.808349,-2.21054
34429,-0.0335819,0.00260613,0.0338167
34430,0.116848,0.971697,2.59588
34431,-0.44833,-2.22428,-5.72415
34432,0.016642,0.0747588,0.19828
34433,0.211413,1.0389,2.71419
34434,-0.0385336,-1.31271,-3.51159
34435,0.0130307,0.385224,1.04142
34436,0.00249444,-0.0531093,-0.130258
34437,-0.80604,-6.09603,-16.2012
34438,0.112697,0.521562,1.41794
34439,-0.164112,-2.50074,-6.73724
34440,0.289988,4.07058,11.0695
34441,0.145813,1.68278,4.51956
34442,-0.343935,-3.83186,-10.2906
34443,0.0197135,-0.347361,-0.932808
34444,0.117053,0.991001,2.66407
34445,-0.073735,-0.916634,-2.45963
34446,0.135929,2.31564,6.34253
34447,0.11534,1.00675,2.73243
34448,-0.106274,-0.18753,-0.423468
34449,-0.223439,-3.39574,-9.20297
34450,-0.0676292,-0.51903,-1.3752
34451,0.0137008,0.401643,1.12169
34452,-0.398366,-2.00434,-5.16566
34453,0.0428709,0.0326698,0.0757234
34454,0.0549708,0.501309,1.375
34455,0.321318,4.24266,11.5006
34456,0.156759,1.65575,4.43539
34457,0.0927598,0.407693,1.08027
34458,0.0973391,1.47995,4.04558
34459,0.0609836,0.365082,0.975617
34460,0.0293749,0.727856,2.01627
34461,-0.119491,-0.225542,-0.544446
34462,0.03764,-0.741427,-2.04265
34463,0.0466126,0.0893346,0.217713
34464,0.0731952,0.844555,2.28919
34465,0.00599411,0.024144,0.0797264
34466,0.00707379,0.0107968,0.0416126
34467,0.0272155,0.349185,0.941855
34468,-0.00182429,-0.332133,-0.880169
34469,-0.1105,-0.937818,-2.47136
34470,-0.0776256,-0.526793,-1.38174
34471,0.0571302,0.854421,2.3146
34472,0.0526812,0.488576,1.32997
34473,0.0598108,0.784149,2.11985
34474,0.200356,1.50774,4.01991
34475,-0.00874917,0.245665,0.710696
34476,0.0106107,0.0295052,0.0875321
34477,-0.039092,-0.329397,-0.865445
34478,0.0792265,0.360615,0.957752
34479,-0.0786308,-0.349874,-0.902057
34480,0.0513036,0.0330607,0.0736209
34481,0.045626,0.0438017,0.107639
34482,-0.034885,-0.834131,-2.26788
34483,-0.00843271,-0.930558,-2.52898
34484,-0.000186152,-0.00819071,-0.0068091
34485,-0.00152645,-0.0292632,-0.0625407
34486,-0.137157,-0.920505,-2.40665
34487,-0.187474,-1.73222,-4.63998
34488,-0.232523,-2.80472,-7.52871
34489,0.0654884,1.15225,3.1649
34490,0.0856115,1.60054,4.3835
34491,0.116159,1.61286,4.3845
34492,0.119547,0.804793,2.15155
34493,-0.201305,-1.68166,-4.45697
34494,0.0693604,0.0322044,0.0630929
34495,-0.0223383,-0.0316459,-0.0577839
34496,-0.156852,-1.93338,-5.18458
34497,0.0349036,0.898484,2.4605
34498,0.00372305,-0.00614303,-0.00332219
34499,-0.0323905,-0.0603506,-0.117103
34500,-0.329527,-5.41248,-14.6567
34501,0.134774,0.544775,1.44146
34502,0.0813114,1.50568,4.08203
34503,0.0537608,0.551775,1.4933
34504,0.114167,1.54279,4.2249
34505,0.00690626,0.00714826,0.0353098
34506,-0.236898,-3.12829,-8.44289
34507,0.0876778,1.00085,2.71227
34508,0.00372305,-0.00837686,-0.00227718
34509,-0.28701,-2.09085,-5.5226
34510,-0.0387011,0.361341,1.0272
34511,0.088832,-0.25743,-0.750624
34512,-0.272974,-1.2308,-3.16339
34513,0.0753359,0.920412,2.49003
34514,0.117593,1.02695,2.74625
34515,0.166979,2.88533,7.86073
34516,0.056851,0.105511,0.277837
34517,0.168356,2.62146,7.12888
34518,0.0298216,0.887054,2.43052
34519,0.209589,2.51248,6.7562
34520,0.118263,1.41271,3.80694
34521,0.0121185,0.000967993,0.00465806
34522,0.0213703,0.0213703,0.0581287
34523,0.00279229,-0.00288536,-0.00899096
34524,-0.00428151,0.0377517,0.125736
34525,-0.0535933,-0.0753918,-0.150932
34526,-0.0247769,-0.810005,-2.17506
34527,-0.226883,-3.56484,-9.66568
34528,0.0286675,0.0244977,0.0623275
34529,0.136617,1.42325,3.85088
34530,-0.0437086,-0.522698,-1.41471
34531,0,0,0.0177199
34532,-0.0852206,-0.916801,-2.42743
34533,0.0666984,0.862221,2.33741
34534,0.0899303,0.118207,0.277968
34535,-0.0308641,-0.0344568,-0.0559522
34536,0.00107968,0.0128259,0.0513018
34537,0.0707566,0.849656,2.33112
34538,0.00670149,0.0291143,0.0893138
34539,0.411062,3.69198,9.8247
34540,-0.0888134,-1.29294,-3.4922
34541,0.0111691,0.0297844,0.0880673
34542,0.0473944,0.489153,1.32061
34543,-0.0680015,-0.454882,-1.18592
34544,-0.0803993,-0.918942,-2.45356
34545,0.00160091,-0.0244604,-0.0501104
34546,-0.117053,-0.98752,-2.60945
34547,0.0386453,0.523479,1.43621
34548,-0.0329862,-0.509592,-1.37336
34549,0.12515,0.955986,2.57768
34550,0.0905632,0.957252,2.57885
34551,0.000930762,0.626962,1.7559
34552,0.0314412,0.430161,1.16873
34553,-0.00995916,-0.0602948,-0.121681
34554,-0.0035369,0.00763225,0.0366304
34555,-0.0237344,-0.0609277,-0.12683
34556,0.0786494,0.858684,2.31175
34557,0.0347361,0.824078,2.26908
34558,-0.16145,-1.82392,-4.88238
34559,-0.300748,-3.77335,-10.1397
34560,-0.0882735,-0.76814,-2.04458
34561,0.110854,1.73734,4.72817
34562,-0.00470966,-0.0155065,-0.0238834
34563,0.0230829,-0.0138311,-0.0447463
34564,-0.101248,-0.937222,-2.51519
34565,0.375674,2.17348,5.74552
34566,0.0649486,0.999397,2.71797
34567,0.0677781,0.885862,2.4102
34568,-0.00575211,0.0123605,0.053301
34569,0.161096,1.94587,5.22128
34570,0.373105,2.85266,7.52464
34571,0.191086,0.889734,2.34601
34572,0.0425917,1.07771,3.0049
34573,-0.0653209,-1.18175,-3.2413
34574,-0.00766948,-0.00115415,0.0253516
34575,0.0305476,0.815087,2.28224
34576,-0.00212214,-0.801591,-2.24652
34577,-0.00333213,-0.00519365,0.00297332
34578,0.00446766,-0.000558457,0.0145964
34579,0.0490884,1.21641,3.38633
34580,-0.00186152,-0.0147805,-0.0205696
34581,0.0037789,0.0186711,0.059886
34582,-0.0494421,-1.21463,-3.34913
34583,-0.00174983,-0.00910286,-0.00756626
34584,0.0136822,0.0370071,0.104017
34585,0,0.00186152,0.0237009
34586,0,0.0148922,0.0527181
34587,0.000856301,0.0411769,0.129631
34588,-0.00290398,0.0026806,0.0250083
34589,-0.0909541,-0.80066,-2.13808
34590,0.0646321,0.763002,2.08407
34591,0.0135333,0.0326139,0.0933742
34592,0.00135891,0.00266198,0.0227201
34593,0.00292259,0.00664564,0.0329207
34594,-0.00712964,0.00590103,0.0359642
34595,-0.059029,-0.062752,-0.11703
34596,0.0284813,0.0284813,0.0827229
34597,-0.00558457,-4.33681e-19,0.018492
34598,0,-0.00176845,0.0115744
34599,0.216719,1.18387,3.17586
34600,0.0116345,0.807008,2.21986
34601,0.080604,1.1838,3.17491
34602,0.0582285,0.45814,1.23468
34603,0.00467243,0.0037789,0.0234458
34604,-0.00210352,-0.00379751,0.0084376
34605,0.0192854,0.0381613,0.110325
34606,0.0635152,1.18,3.19392
34607,0.156517,2.30542,6.31035
34608,-0.131256,-2.3733,-6.52055
34609,-0.0220777,-1.13235,-3.07744
34610,-0.0132168,-0.00603134,0.00741588
34611,-0.104655,-1.4137,-3.77445
34612,0.0223941,0.0565159,0.154313
34613,-0.00182429,0.0220591,0.0707816
34614,-0.0126025,-0.00666426,0.00498624
34615,-0.029319,0.167184,0.519058
34616,0.0409535,0.0938767,0.25293
34617,-0.000949378,0.0102384,0.0446671
34618,0.0130307,-0.0762294,-0.200481
34619,-0.137734,-1.54458,-4.1919
34620,0.0921269,1.48786,4.10082
34621,-0.0121185,-0.0124722,-0.0100571
34622,-0.204172,-2.83454,-7.72911
34623,-0.271429,-2.14349,-5.67199
34624,0.00145199,-0.0015823,0.00796289
34625,-0.0241998,-0.263275,-0.636716
34626,-0.0074461,-0.013403,-0.0144732
34627,-0.00969855,0.10002,0.287119
34628,-0.131666,-2.20408,-5.95271
34629,-0.364747,-3.23855,-8.65756
34630,0.0958499,1.23665,3.35676
34631,0.138274,1.08244,2.94582
34632,0.0640923,0.0704587,0.169386
34633,-0.0608905,-0.0195832,-0.00554086
34634,0.0688764,0.0886272,0.206598
34635,-0.00856301,-0.0322044,-0.0640656
34636,0.0117276,0.0369699,0.102919
34637,-0.00912147,-0.0128631,-0.00949369
34638,-0.0047655,-0.00403951,0.00876627
34639,-0.0326884,-0.0154507,-0.0204296
34640,-0.0300822,-0.999062,-2.7411
34641,0,0.00372305,0.0232773
34642,-0.00558457,-0.0204768,-0.0267396
34643,0.0326325,0.0344941,0.0889036
34644,0.00372305,0.0136077,0.0488744
34645,-0.252963,-2.23424,-5.93122
34646,-0.00930762,0.000558457,0.0238544
34647,0.00336936,-0.00672011,-0.00134382
34648,0.0458307,0.0771044,0.190172
34649,-0.0074461,0.176491,0.491242
34650,0.00521227,0.0090284,0.0373749
34651,0.222043,2.06652,5.51645
34652,-0.198867,-1.9985,-5.3107
34653,0.0098847,0.00169399,0.013628
34654,-0.206071,-1.87891,-4.98229
34655,-0.0111691,-0.0182616,-0.0280946
34656,-0.222545,-1.74067,-4.60388
34657,0.00776256,0.0561622,0.152887
34658,-0.0058638,-0.0127328,-0.0110062
34659,-0.000577073,0.00873055,0.0396973
34660,0.0065898,0.0121744,0.0463373
34661,-0.115675,-1.73833,-4.6762
34662,-0.269567,-2.32436,-6.19013
34663,0.0135891,0.47387,1.32425
34664,-0.0957941,-1.0236,-2.74682
34665,-0.0262103,-0.868234,-2.37496
34666,0.0223569,0.0335261,0.0930662
34667,0.0548405,0.97637,2.68166
34668,-0.0285744,-0.0166048,-0.000841597
34669,0.024963,0.0268246,0.071164
34670,0.0057335,0.0243487,0.0753475
34671,0.00312736,0.0091587,0.0364891
34672,-0.00428151,-0.00241998,0.0125851
34673,-0.00428151,-0.00173122,0.0142147
34674,0,0.00372305,0.0230396
34675,0.00186152,0.00186152,0.0200031
34676,-0.00711103,-0.00551011,0.0058093
34677,-0.000558457,0.00130307,0.0203532
34678,-0.00372305,-0.00372305,0.00831002
34679,-0.00074461,-0.0225989,-0.038817
34680,-0.102551,-1.09067,-2.92585
34681,-0.122377,-1.03869,-2.71752
34682,0.0211655,0.770206,2.13144
34683,-0.183472,-1.46327,-3.87123
34684,-0.033675,-0.500806,-1.34405
34685,-0.0132168,-0.00973578,-0.00575325
34686,-0.00742748,-0.00928901,-0.00569002
34687,-0.0204582,-0.464153,-1.24446
34688,-0.0918849,-2.9187,-7.90085
34689,-0.0431315,-0.0399669,-0.0675869
34690,0.0186152,0.0223383,0.0670268
34691,-0.0714453,-0.617133,-1.6582
34692,-0.410038,-4.61653,-12.363
34693,0.0856301,0.883349,2.39314
34694,-0.254359,-1.91234,-5.02336
34695,0.110891,0.11184,0.252283
34696,-0.15123,-1.98511,-5.34578
34697,0.0228223,0.0271224,0.0940159
34698,-0.302647,-3.13745,-8.37061
34699,-0.0214634,-0.846417,-2.29606
34700,-0.0882363,-0.961478,-2.54584
34701,-0.0318507,-0.0110388,0.00357641
34702,0.083266,0.954032,2.59931
34703,0.00584519,-0.00217798,0.0129028
34704,-0.0565159,-0.891875,-2.41785
34705,0.0956079,0.972852,2.64639
34706,-0.0853323,-0.940759,-2.53784
34707,0.0121185,0.0162139,0.0498471
34708,0.0859838,0.97475,2.65332
34709,0.372715,3.61789,9.72999
34710,0.217743,2.03524,5.47391
34711,0.00552873,0.0132354,0.0509498
34712,-0.0308269,0.0169771,0.0917514
34713,0.0772347,0.750958,2.01775
34714,-0.00511919,0.000186152,0.0229084
34715,-0.215714,-0.975253,-2.49921
34716,-0.308939,-4.86238,-13.1629
34717,-0.100913,-1.10293,-2.9352
34718,0.0105176,0.0248327,0.078413
34719,0.0346616,-0.0141662,-0.0485501
34720,0.122246,1.11314,2.99689
34721,0.0026806,0.0152831,0.0558292
34722,-0.00106107,0.0139242,0.0546437
34723,1.86152e-05,1.86152e-05,0.0165739
34724,-0.00521227,-0.00521227,0.00609552
34725,-0.0501123,-0.0931693,-0.193816
34726,0,-0.00558457,0.00608036
34727,-0.00595688,-0.00645949,0.00273841
34728,0.0834522,1.10938,3.00698
34729,-0.00960547,-0.0473758,-0.0866109
34730,0.069863,0.52173,1.41255
34731,0.0851834,1.64114,4.48503
34732,0.00428151,0.032949,0.104236
34733,0.0408605,0.426457,1.15551
34734,-0.0645018,-0.486044,-1.26401
34735,-0.017033,-0.0263406,-0.0437575
34736,0.0317576,0.0299892,0.0767064
34737,0.0201231,0.0331538,0.0900246
34738,0.0373794,0.0419588,0.11261
34739,-0.00163814,-0.000893532,0.0142614
34740,0.0808088,1.10457,3.02644
34741,0.192333,1.41279,3.73812
34742,0.00322044,0.00705518,0.0394267
34743,0.0180568,0.0125653,0.0403967
34744,0.00301567,0.00882363,0.0363137
34745,-0.178055,-0.91345,-2.37684
34746,-0.319419,-3.48167,-9.32842
34747,-0.0517132,-0.54995,-1.45833
34748,-0.707193,-6.19581,-16.4812
34749,-0.122674,-1.67565,-4.49466
34750,-0.00430012,-0.0397249,-0.0630328
34751,0.337569,2.79501,7.48603
34752,-0.0133285,-0.364394,-0.98267
34753,0.0454957,-0.3428,-0.949102
34754,0.0409535,0.843159,2.32661
34755,0.0507824,0.069621,0.172784
34756,0.00558457,-0.00616165,-0.00786026
34757,0.0435597,0.225561,0.633564
34758,0.118058,1.55549,4.21097
34759,0.0961664,1.635,4.48085
34760,0.0321113,0.867824,2.38303
34761,0.0233808,0.0160091,0.0399382
34762,-0.00314598,-0.00601273,0.000711859
34763,-0.00186152,-0.094975,-0.243444
34764,0.0684297,0.902877,2.46154
34765,-0.0650045,-0.087138,-0.192319
34766,0.0832474,0.984188,2.70717
34767,-0.0815906,-0.994073,-2.70542
34768,-0.00701795,-0.0248886,-0.0412637
34769,-0.00372305,-0.0074461,-0.00225262
34770,-0.117648,-1.02626,-2.72677
34771,0.0148922,-0.0326884,-0.0837888
34772,0.0342893,-0.926816,-2.55431
34773,0.0728042,1.03605,2.79525
34774,-0.0143337,-0.61408,-1.63123
34775,-0.0437645,-0.540587,-1.468
34776,-0.339821,-2.60807,-6.95161
34777,0.00214075,0.0631988,0.176264
34778,1.86152e-05,0.00234552,0.0242544
34779,-0.00649672,-0.0158974,-0.0203054
34780,0.112678,1.44183,3.9466
34781,0.108397,1.23579,3.36498
34782,0.0193971,0.579251,1.62062
34783,0.0297844,0.0521227,0.135785
34784,0.0285744,0.706598,1.93766
34785,0.0764528,1.15472,3.13374
34786,0.00480273,-0.0110016,-0.0105906
34787,-0.00376028,0.0107782,0.0465104
34788,0.0019546,-0.0147991,-0.0231865
34789,0.0129934,0.0123791,0.0413158
34790,0.00154507,-0.000521227,0.0129989
34791,0.194157,2.20574,5.94781
34792,-0.0130307,-0.0167537,-0.0297313
34793,0.00299706,-0.00128445,0.013681
34794,0,0.0161394,0.0530438
34795,-0.227907,-2.79134,-7.47492
34796,0.106498,1.02617,2.75303
34797,-0.0074461,0.0080604,0.0370091
34798,-0.00688764,-0.0244604,-0.044569
34799,-0.00431874,-0.0187642,-0.0303251
34800,-0.0309199,-0.0182243,-0.0171233
34801,0.00986608,-0.000260613,0.00889451
34802,-0.000632918,-0.000465381,0.0144223
34803,-0.181852,-1.16208,-3.03127
34804,0.021966,0.00785564,0.0198402
34805,-0.0074461,-0.0139801,-0.0165436
34806,-0.191663,-2.20043,-5.90481
34807,-0.472157,-3.37377,-8.88417
34808,-0.201659,-1.00185,-2.61319
34809,0.142183,1.01753,2.716
34810,0.0241626,0.0480087,0.125218
34811,-0.372547,-3.02025,-8.01267
34812,0.00420705,0.0572605,0.156148
34813,-0.114111,-1.01265,-2.70486
34814,0.107838,1.084,2.93089
34815,-0.0236414,-0.0325953,-0.0535865
34816,-0.00372305,-0.0257263,-0.0469086
34817,-0.0160277,-0.0197508,-0.0304782
34818,-0.0895766,-0.0344754,-0.0206409
34819,0.0889064,0.987446,2.67334
34820,0.000130307,0.00571488,0.0300004
34821,-0.150318,-1.54588,-4.13762
34822,-0.196354,-1.53818,-4.02442
34823,0.0242929,0.0155623,0.0467002
34824,-0.0162139,0.0135705,0.0541498
34825,0.00186152,0.0111691,0.0438505
34826,-0.166067,-1.02373,-2.67387
34827,0.0368023,0.0442484,0.110173
34828,0.0748891,0.875829,2.38963
34829,-0.00411397,0.00593826,0.0421857
34830,0.0618957,0.867471,2.36071
34831,0.0722458,0.531782,1.42512
34832,0.0250934,0.48556,1.33382
34833,0.0104245,0.00483996,0.0236241
34834,-0.0348664,-0.0404509,-0.0702919
34835,0.0814603,0.910732,2.47966
34836,-0.327349,-3.15417,-8.40985
34837,0.0533699,0.986627,2.67617
34838,0.0379006,0.0685972,0.171552
34839,-0.00558457,0.00374167,0.0310795
34840,0.00189876,0.0112064,0.0443466
34841,0.00534258,-0.0367837,-0.095294
34842,-0.00381613,-0.00381613,0.00721478
34843,0.0193599,0.0255587,0.0737386
34844,-0.000912147,-0.000912147,0.0148836
34845,0.0130307,0.0125467,0.0421737
34846,0.376251,6.32522,17.1875
34847,-0.134719,-1.45376,-3.89062
34848,-0.0247769,-0.566779,-1.53351
34849,0.0692673,1.12058,3.05264
34850,-0.00837686,-0.0294307,-0.0557182
34851,0.0104059,0.0368396,0.113118
34852,0.126304,1.98615,5.39672
34853,0.0074461,-0.0155437,-0.0272306
34854,0.00430012,-0.00169399,0.00993105
34855,0,-0.00558457,0.00101214
34856,-0.0362067,-0.929515,-2.53555
34857,0.0294307,0.893122,2.47473
34858,-0.00340659,0.00217798,0.0237904
34859,0.0295052,0.0592151,0.157728
34860,-0.0527928,-0.93093,-2.52846
34861,0.00986608,0.0135891,0.0454564
34862,-0.00135891,-0.00601273,0.000477386
34863,-0.000558457,0.0396133,0.126678
34864,0.0135891,0.433419,1.21883
34865,0.0460541,0.451997,1.23272
34866,0.0657304,0.927412,2.51807
34867,0.0161394,0.0235855,0.0703408
34868,-0.00348105,-0.0335447,-0.062694
34869,0.186618,1.70348,4.56501
34870,0.159067,1.3812,3.68722
34871,0.157801,1.28866,3.44722
34872,-0.0297099,-0.110779,-0.298528
34873,-0.00426289,-0.00846994,-0.00297982
34874,0.0213517,0.0250747,0.0685175
34875,-0.00906563,-0.0369885,-0.07324
34876,-9.30762e-05,0.0111691,0.0497967
34877,-0.000335074,-0.000335074,0.0162662
34878,-0.0890554,-0.73815,-1.96738
34879,0.0904887,0.83912,2.26718
34880,0.0752801,0.776051,2.10371
34881,-0.0114298,-0.0207374,-0.0306351
34882,0.00906563,0.00943793,0.0365008
34883,-0.00552873,-0.0333585,-0.0754149
34884,0.00681318,0.00495166,0.0251422
34885,-0.0464264,-0.762108,-2.04331
34886,-0.00534258,-0.0197135,-0.0342135
34887,-0.0148922,-0.0186152,-0.0248957
34888,-0.180605,-2.50213,-6.74798
34889,-0.0644274,-0.867806,-2.32927
34890,-0.00372305,-0.0130307,-0.018072
34891,0.00958685,0.0222266,0.0679488
34892,0.000521227,0.00318321,0.0246537
34893,-0.0135891,-0.0154507,-0.0168885
34894,-0.0381054,-0.757808,-2.04893
34895,0.00437458,0.0150784,0.0547632
34896,0.00616165,-0.0356296,-0.0831512
34897,-0.00078184,0.0187269,0.063645
34898,0,0.00362997,0.0267351
34899,0.0021966,-0.00152645,0.0111658
34900,0.00282952,0.00403951,0.0242627
34901,0.0582657,0.838059,2.27792
34902,0,0.0107968,0.0381674
34903,0.000223383,0.00199183,0.0215591
34904,-0.0512106,-0.341404,-0.885209
34905,-0.172805,-1.40357,-3.71127
34906,-0.025205,-0.769666,-2.09373
34907,-0.00186152,0.0286116,0.093421
34908,-0.00191737,-0.00193599,0.0116928
34909,0.00424428,0.0204954,0.0652738
34910,0.0116531,0.0177031,0.0571908
34911,-0.00986608,-0.0172377,-0.0225236
34912,0.00372305,0.0148922,0.0448834
34913,0,-0.0032949,0.00755046
34914,0.00372305,0.00541704,0.0279602
34915,-0.0111691,-0.0130865,-0.0119577
34916,-0.00186152,-0.00560319,0.00307724
34917,-0.0301381,-0.100969,-0.239709
34918,0.0268246,0.0767134,0.201667
34919,0,0.00562181,0.0322401
34920,-0.00372305,-0.0182057,-0.0330752
34921,-0.0288909,-0.788207,-2.1459
34922,-0.00742748,-0.0148364,-0.019012
34923,-0.0111691,-0.06251,-0.147336
34924,-0.0636642,-1.03236,-2.78817
34925,-0.0250375,-0.563279,-1.53318
34926,0.00919593,0.559314,1.558
34927,0.00930762,0.00698072,0.0316883
34928,-0.000316459,0.00340659,0.0268394
34929,-0.0666054,-1.10552,-2.99867
34930,0.00372305,0.0262289,0.0803647
34931,-0.0211097,-0.0304359,-0.049057
34932,-0.00405812,-0.00567765,0.000698097
34933,0.0225245,0.028109,0.0778047
34934,-0.000372305,0.00627334,0.0324512
34935,-0.00335074,-0.00167537,0.0133821
34936,-0.000297844,0.0535188,0.156512
34937,9.30762e-05,0.00381613,0.0274537
34938,0.00100522,-0.0144827,-0.0216093
34939,0.0691184,0.0904515,0.207789
34940,-0.0115973,-0.0653023,-0.148711
34941,-0.00409535,-0.00223383,0.0158135
34942,0.104394,1.19152,3.22508
34943,0.0035369,0.00223383,0.0204403
34944,-0.0994985,-1.13842,-3.05354
34945,0.0943979,1.14756,3.11577
34946,-0.0173122,-0.619125,-1.6821
34947,0.00186152,-0.015823,-0.0269824
34948,0.00372305,0.596135,1.66907
34949,0.00255029,0.00627334,0.031399
34950,0,-0.00887947,-0.000959892
34951,0.1683,2.20816,5.99193
34952,-0.00249444,-0.0180382,-0.0256921
34953,-0.0123047,-0.0285744,-0.0505924
34954,-0.016158,-0.00685041,0.0177837
34955,0.0228223,0.0252423,0.0702516
34956,-0.000558457,0.00303429,0.0245987
34957,5.58457e-05,0.00191737,0.0253778
34958,0.0709986,0.994464,2.72137
34959,-0.0015823,-0.0171633,-0.0254681
34960,0.00513781,0.00141476,0.0211739
34961,0.105623,2.38718,6.52094
34962,-0.140303,-1.77476,-4.75783
34963,-0.0923689,-1.89183,-5.17127
34964,0.0173866,0.0180196,0.0511374
34965,-0.00558457,-0.00565904,0.00412189
34966,0.0701981,1.02036,2.82063
34967,0.0199183,0.0224314,0.0676009
34968,0.136357,1.7796,4.81109
34969,-0.0577073,-0.875903,-2.35394
34970,0.0229526,0.487831,1.34862
34971,0.00186152,0.326698,0.907559
34972,0.0185222,0.0222452,0.0650717
34973,-0.00117276,0.0657677,0.19828
34974,0.00753918,-0.000130307,0.00626497
34975,-0.01882,0.0511175,0.157605
34976,0.0235111,0.016065,0.0452542
34977,0.120627,1.84861,5.02299
34978,0.080604,0.895822,2.41752
34979,0.00396505,0.0039092,0.0250577
34980,-0.00737164,-0.0118207,-0.00967638
34981,-0.0790776,-0.948279,-2.53083
34982,0.00241998,0.0389059,0.126555
34983,-0.00295982,-0.00295982,0.00990808
34984,-0.0902281,-1.00694,-2.69524
34985,-0.226101,-3.0239,-8.13165
34986,0.208118,1.98809,5.3252
34987,-0.110128,-0.971511,-2.58162
34988,0.0148922,0.0119138,0.0367731
34989,0.0175914,0.0138684,0.0355295
34990,0.0083024,0.0083024,0.0334892
34991,0.00472827,0.00729718,0.0314304
34992,0.00186152,-0.000707379,0.0134212
34993,-0.0111691,-0.0718735,-0.170135
34994,-0.00457935,-0.018336,-0.0283099
34995,-0.000186152,0.00536119,0.0298718
34996,-0.0881618,-1.03404,-2.76344
34997,-0.0148922,-0.0186152,-0.0252813
34998,0.0186152,-0.0204395,-0.0575529
34999,-0.00039092,-0.0227292,-0.0425252
35000,0.00930762,0.0111878,0.0399513
35001,-0.00558457,-0.0446766,-0.0988404
35002,0.0124722,0.0217798,0.0649236
35003,-0.00372305,0.00753918,0.0371745
35004,0.00372305,0.00372305,0.0164674
35005,0.00660841,0.0118393,0.0448568
35006,-0.000558457,-0.0014706,0.013525
35007,-0.00660841,-0.00398366,0.0146078
35008,0.0074461,0.00623611,0.0283169
35009,-0.0180568,-0.0180568,-0.0217023
35010,-0.205345,-2.27681,-6.15247
35011,0.0223383,0.0204768,0.0554791
35012,0.00558457,0.0322044,0.086758
35013,0.385838,4.62891,12.5057
35014,-0.000725995,-0.0100336,-0.00844133
35015,0.0143337,0.0266012,0.0776633
35016,-0.0258938,-0.0449186,-0.0845012
35017,0.0264523,0.0531465,0.137179
35018,0.0107782,0.0182243,0.0519193
35019,-0.00969855,-0.0314039,-0.0571848
35020,-0.00662703,-0.00852578,-0.00312153
35021,0.0100709,0.0199928,0.0654682
35022,0.00932624,0.0143337,0.0543539
35023,0.0068318,0.00309013,0.0219985
35024,-0.0184105,-0.0178893,-0.0208755
35025,0,5.58457e-05,0.0157487
35026,-0.00511919,-0.00223383,0.0136335
35027,0.00992193,0.00910286,0.0347816
35028,0.00912147,0.0015823,0.0152542
35029,0,-0.000595688,0.0143114
35030,0.00186152,0.00139614,0.0187324
35031,0.38312,4.44547,11.9852
35032,-0.0960919,-1.05521,-2.84049
35033,0.0242743,0.0503356,0.12817
35034,0.0624169,1.06025,2.89291
35035,-0.238983,-3.52843,-9.53645
35036,0.0109644,0.0132913,0.0444088
35037,0.00316459,-0.00489581,0.00285973
35038,0.00772533,0.0176659,0.0542914
35039,-0.0271783,0.00251306,0.045178
35040,-0.0148922,-0.031739,-0.056563
35041,-0.122749,-1.2037,-3.22414
35042,-0.248327,-3.27653,-8.8419
35043,-0.0630499,-0.986962,-2.64726
35044,0.00204768,0.0132168,0.046939
35045,-0.00111691,0.0052495,0.03073
35046,0.0094007,0.0255401,0.0806114
35047,-0.0189131,-0.0198439,-0.0309624
35048,0.113088,1.13423,3.05367
35049,0.00320182,-0.0192668,-0.0378004
35050,0.00297844,-0.00323905,0.0115038
35051,-0.0114856,-0.0153017,-0.0168058
35052,0.00186152,0.00495166,0.0303097
35053,0.0203837,0.0283324,0.0800594
35054,-0.292334,-2.5343,-6.75626
35055,-0.00558457,0.0320555,0.0944038
35056,0.101639,1.34095,3.64462
35057,-0.0259124,-0.0447697,-0.0858703
35058,0.0295238,0.0406929,0.105625
35059,-0.00603134,0.00249444,0.0268799
35060,0.0191365,0.0247211,0.0696749
35061,0.08496,1.18819,3.22525
35062,0.0372305,0.0607974,0.161065
35063,0.0594943,1.22138,3.3735
35064,-0.00349967,-0.0177962,-0.0287783
35065,0.00372305,-0.00558457,0.00228229
35066,0,0,0.0161054
35067,0.0907493,0.559909,1.49169
35068,-0.0083024,0.606764,1.69988
35069,-0.113348,-1.28036,-3.44477
35070,-0.016642,-0.0109458,-0.0048454
35071,0.0603506,0.0623425,0.152142
35072,0.181443,2.36358,6.40211
35073,0.0669032,1.01915,2.76089
35074,-0.0217798,-0.0752242,-0.166743
35075,-0.0843271,-0.0954776,-0.190435
35076,0.00428151,-0.00130307,0.0168542
35077,0,-0.00837686,-0.00363497
35078,0.0571488,0.0664564,0.158011
35079,0.00186152,-0.00186152,0.0104642
35080,0,-0.0186152,-0.0302168
35081,0.0690067,0.640569,1.71432
35082,0.0597177,0.68452,1.86518
35083,0.0865237,1.0926,2.93364
35084,0.00130307,0.00392782,0.0256291
35085,-0.00279229,0.0370816,0.107659
35086,0.150932,0.953045,2.54108
35087,0.0111691,0.0266198,0.0811562
35088,-0.0180754,-0.02366,-0.0441388
35089,0.00457935,-0.00335074,0.00565156
35090,0.0135891,0.0195832,0.0579614
35091,0.00316459,-0.034159,-0.0742497
35092,-0.00446766,-0.0418843,-0.0947554
35093,-0.133025,-0.923242,-2.43555
35094,0.0685041,0.832623,2.26449
35095,-0.00582657,-0.0411955,-0.0989318
35096,-0.0186152,-0.029803,-0.0531745
35097,0.000279229,0.00400228,0.026229
35098,-0.122377,-1.83224,-4.96307
35099,0.0111691,-0.0272527,-0.0682175
35100,-0.0662889,-0.060332,-0.110389
35101,0.00497027,0.00269921,0.0219486
35102,-0.104804,-0.784875,-2.09503
35103,0.00483996,-0.0148922,-0.0214707
35104,-0.0139614,0.00299706,0.0282731
35105,0.00651534,-0.00191737,0.00973084
35106,-0.0157485,-0.0083024,0.00152252
35107,-0.00483996,-0.00770671,-0.00181903
35108,0.0130307,0.0193226,0.0607954
35109,-0.60641,-1.83336,-4.45397
35110,0.0782399,1.33322,3.45065
35111,0.603339,1.31936,3.26943
35112,0,-0.000130307,0.015814
35113,0.0775325,0.784502,2.14222
35114,0.0204768,0.0199555,0.0584443
35115,0.0538353,0.696452,1.91156
35116,0.00286675,0.0158974,0.0538929
35117,-5.58457e-05,-0.00564042,0.00243494
35118,0.00228968,0.0120068,0.043871
35119,0.11655,0.899973,2.42972
35120,0.0838617,0.815069,2.1567
35121,-0.000558457,0.00104245,0.0202828
35122,-0.047897,-0.823985,-2.19094
35123,-0.200765,-1.63526,-4.3753
35124,0.0170888,0.00815348,0.0248148
35125,-0.00725995,-0.00912147,-0.00359634
35126,-5.58457e-05,0.00450489,0.0282661
35127,0.0173122,0.0161022,0.0473794
35128,0.00240137,0.0102198,0.0417358
35129,-0.0186525,-0.0206071,-0.0279912
35130,0.00651534,-0.00264337,0.00343536
35131,0.0161394,-0.00443043,0.000642113
35132,0.05888,0.988395,2.67817
35133,0.0167537,0.00725995,0.0277337
35134,0.00204768,-0.0135891,-0.0172438
35135,-0.00325767,0.00431874,0.0278237
35136,-0.00724133,-0.000930762,0.0169895
35137,0.0843829,1.01723,2.77482
35138,-0.0104245,-0.0148922,-0.0131403
35139,0.00966131,0.00966131,0.0352254
35140,0.141197,1.13082,2.98711
35141,0.0914381,2.03893,5.54974
35142,0.0580051,0.020514,0.0357202
35143,0.0467243,0.527966,1.43143
35144,-0.0181313,-0.508792,-1.37247
35145,0.100709,1.12002,3.01767
35146,-0.00930762,-0.0316459,-0.0604463
35147,0.0130307,0.0101081,0.0315838
35148,0.036821,0.0157299,0.0361733
35149,-0.0272341,-0.0484555,-0.101959
35150,0.0433549,0.0654698,0.168155
35151,0,-0.0074461,-0.00364738
35152,-0.0251678,-0.0251678,-0.0368202
35153,0.0333213,0.0817209,0.20988
35154,0.0043932,0.0174239,0.0590918
35155,0.518639,4.30802,11.4545
35156,0.363016,1.91774,5.0046
35157,0.0331351,0.021966,0.0518414
35158,-0.0230643,0.0160277,0.084526
35159,0.00558457,0.00361136,0.0218946
35160,-0.0995171,-1.15588,-3.07958
35161,-0.0914753,-1.07888,-2.92521
35162,0.00670149,-0.0110761,-0.0159727
35163,-0.0815906,-1.09757,-2.95771
35164,0.0130493,0.0558457,0.146434
35165,-0.00372305,0.0074461,0.0408976
35166,0.00184291,-0.00554734,0.00563206
35167,-0.0872311,-1.05679,-2.83065
35168,-0.00165676,-0.00351828,0.00648125
35169,-0.00731579,-0.022208,-0.0378277
35170,0.0036672,0.0179079,0.0633851
35171,0.508159,4.52034,12.08
35172,0.110612,0.969315,2.61151
35173,0.125336,1.00217,2.67842
35174,0.309907,2.08716,5.48947
35175,-0.178967,-1.29825,-3.39883
35176,0.0178706,0.0350153,0.0943429
35177,-0.032465,-0.030045,-0.0450373
35178,0.0694163,1.05359,2.83793
35179,0.0145199,0.0227851,0.0683948
35180,-0.0991262,-1.07216,-2.84489
35181,0.00372305,-0.0279229,-0.0661939
35182,-0.471096,-3.47491,-9.21328
35183,-0.124387,-0.979218,-2.59916
35184,0.0223569,0.0261358,0.0715679
35185,0.0323347,0.560617,1.54101
35186,-0.0210352,-0.606894,-1.64205
35187,-0.00558457,-0.00977301,-0.010754
35188,0.00333213,0.0163256,0.0568371
35189,0.00191737,0.00191737,0.02012
35190,-0.0916801,-1.02652,-2.76163
35191,0.102775,1.08616,2.95589
35192,0.0923316,1.08659,2.95335
35193,-0.0687647,-0.0338798,-0.0259076
35194,0.216998,1.2897,3.36446
35195,-0.0768624,-1.11606,-2.98091
35196,0.0675547,1.08963,2.95356
35197,-0.00517504,-0.00497027,0.00518317
35198,-0.0109458,-0.0202534,-0.0235712
35199,-0.00186152,-0.00372305,0.00679061
35200,0.00370443,-0.00560319,0.00115822
35201,-0.143672,-1.15939,-3.07205
35202,0.0645018,0.0524392,0.117851
35203,-0.0192109,-0.0341404,-0.0610067
35204,0.0943421,1.1351,3.06819
35205,0.0111691,0.0164373,0.0523189
35206,0.0112064,0.0112064,0.0389911
35207,-0.0149294,-0.0260986,-0.043892
35208,-0.0183546,-0.0388314,-0.0727314
35209,0.00483996,-0.0419215,-0.109162
35210,0.0184849,0.0389617,0.106022
35211,0.135631,1.84103,4.99224
35212,-0.0221894,-0.614731,-1.68312
35213,0.101844,1.20685,3.2832
35214,0.1183,1.25132,3.39559
35215,-0.0091587,-0.0314039,-0.0597769
35216,0.00450489,0.0403579,0.102581
35217,-0.0173308,-0.0191923,-0.0214766
35218,0.0153762,0.0248141,0.0722635
35219,-0.150523,-1.20271,-3.19449
35220,0.0193599,0.0207932,0.0576609
35221,-0.224798,-2.30881,-6.19329
35222,0.000483996,0.00997777,0.0362671
35223,-0.017368,-0.0205699,-0.0324116
35224,0.0148177,-0.0408046,-0.100506
35225,0,-1.95156e-18,0.0201271
35226,0.00558457,-0.0369513,-0.089947
35227,0.0611139,1.18199,3.24001
35228,0.0147247,0.0258938,0.0702155
35229,-0.171707,-1.27918,-3.39732
35230,-0.010257,-0.00513781,0.0186624
35231,-0.0409535,-0.0532768,-0.102574
35232,0.0128445,0.0197322,0.0594496
35233,-0.0861328,-1.1883,-3.2021
35234,-0.0059755,-0.0486044,-0.119617
35235,0.124257,1.24007,3.35913
35236,-0.0222266,-0.0447883,-0.0971828
35237,-0.00564042,-0.0149294,-0.0192392
35238,-0.00178706,0.00435597,0.0271193
35239,-0.0192109,-0.0228595,-0.0330187
35240,-0.00174983,-0.00152645,0.0130299
35241,0.0272713,0.0556038,0.142339
35242,0.0832474,1.26686,3.43839
35243,-0.022692,-0.0399111,-0.0756097
35244,-0.113199,-1.28883,-3.4697
35245,0.0168282,0.0242371,0.0686055
35246,-0.0113553,-0.0281835,-0.0494659
35247,0.00778117,0.00498889,0.0265277
35248,-0.0294493,-0.0296727,-0.0488605
35249,0.00186152,-0.00130307,0.0109467
35250,0.00716687,0.00716687,0.0311116
35251,0,0.0316459,0.0990176
35252,0.0938209,1.319,3.58648
35253,0.0154693,-0.00325767,0.00107958
35254,-0.0282952,-0.0338798,-0.057448
35255,0.0193599,0.0193599,0.0570816
35256,-0.00930762,-0.0069621,0.00239771
35257,0.00474689,0.0159347,0.0535653
35258,-0.0233621,-0.0312922,-0.0528965
35259,0.0791893,1.26917,3.46027
35260,0.0100522,0.0174983,0.057066
35261,-0.00837686,-0.000930762,0.0188006
35262,0.22921,1.3924,3.7157
35263,-0.00186152,-0.00372305,0.0072481
35264,0.0204582,0.0749264,0.196258
35265,-0.0118393,-0.028593,-0.0517302
35266,0.00454212,0.0515829,0.140472
35267,-0.0320741,-0.0305849,-0.0518008
35268,0.00368582,-0.00562181,-0.00262583
35269,0.00191737,-0.00303429,0.00685476
35270,-0.00483996,-0.0108713,-0.00818466
35271,0.00312736,0.00225245,0.0202536
35272,0,0.00215937,0.0216243
35273,-0.293674,-1.42198,-3.7061
35274,0.00536119,-0.00301567,0.00438504
35275,-0.00167537,-0.0165676,-0.0257311
35276,-0.0848669,-1.23132,-3.32322
35277,0.0828192,1.24296,3.38328
35278,-0.0846808,-1.20595,-3.25156
35279,0.0926667,1.23521,3.35983
35280,-0.0290584,-0.0420332,-0.0736285
35281,-0.072283,-1.23173,-3.3381
35282,-0.0385894,-0.0376586,-0.0601101
35283,0.00912147,0.00385336,0.0207394
35284,0.105418,1.31375,3.56464
35285,-0.0241998,-0.0400228,-0.0742779
35286,0,0.00372305,0.0251869
35287,0.00372305,0,0.0148194
35288,0.0260613,0.0403951,0.107101
35289,-0.0105176,-7.4461e-05,0.0234747
35290,0.00148922,0.00148922,0.0192236
35291,-0.00212214,-0.00184291,0.0124197
35292,-1.86152e-05,-0.0397622,-0.104098
35293,0.019546,0.0325767,0.0888163
35294,0.333548,2.64921,7.09271
35295,0.127514,1.25599,3.33438
35296,0.24198,1.26405,3.30155
35297,-0.037789,-0.0374167,-0.0617831
35298,-0.0148922,-0.0191737,-0.0228943
35299,0.0121558,0.0101081,0.0360713
35300,-0.00150784,-0.0926853,-0.221277
35301,0.00186152,0.0103687,0.040338
35302,0.0242184,0.00467243,0.013434
35303,-0.0129562,-0.01519,-0.0435377
35304,-0.00368582,-0.0132727,-0.0154457
35305,-0.110258,-1.22594,-3.27971
35306,0.0205512,0.0197694,0.0558432
35307,0.112846,1.24869,3.3749
35308,0,0.0297099,0.0933493
35309,-0.00370443,-0.0194529,-0.0323259
35310,-0.000967993,0.00554734,0.0250067
35311,-0.0130307,-0.0316459,-0.0570432
35312,-0.00186152,0.0111691,0.0444503
35313,0.0030529,0.0030529,0.0224976
35314,0.0736792,1.15145,3.13397
35315,-0.0036672,-0.00400228,0.0058848
35316,-0.0117276,-0.00785564,0.000415338
35317,-0.360224,-3.83776,-10.2943
35318,-0.00856301,0.00632918,0.0295107
35319,-0.0106107,-0.0431874,-0.090603
35320,0.00279229,0.0187828,0.0587475
35321,-0.00178706,-0.00178706,0.011444
35322,-0.000130307,-0.0265453,-0.0527899
35323,-0.000986608,0.00474689,0.0280777
35324,-0.00199183,0.0203465,0.0668811
35325,0.0036672,0.00910286,0.0439581
35326,0.00478412,0.00820933,0.0346363
35327,-0.000186152,-0.00577073,0.00163598
35328,0.0980279,1.35951,3.7142
35329,-0.000558457,0.00707379,0.0360082
35330,0.0900233,1.29406,3.49986
35331,0.0266198,0.0155437,0.0494099
35332,-0.0288536,-0.0493304,-0.0942569
35333,0.0214075,0.0379751,0.10109
35334,-0.196056,-1.38888,-3.66729
35335,0.1468,1.34093,3.60151
35336,-0.0410466,-0.059848,-0.114866
35337,0.0118951,0.0156182,0.0496357
35338,-0.00986608,-0.00846994,-0.00166292
35339,0.0557154,0.0899675,0.221936
35340,-0.00930762,-0.0199928,-0.0298361
35341,-0.131107,-1.32632,-3.54172
35342,0.0218543,-0.0347361,-0.0763649
35343,-0.0108527,0.0037789,0.0287913
35344,-0.0174797,-0.0236414,-0.0458478
35345,0.00372305,0.0188945,0.0621574
35346,-0.00612442,-0.0260427,-0.0475226
35347,0.179488,1.40515,3.76194
35348,-7.4461e-05,0.0762294,0.213978
35349,-0.0167165,-0.0621191,-0.144141
35350,0.0212958,0.0156368,0.0481946
35351,0.00746472,0.02608,0.0788391
35352,0.205624,2.42276,6.53067
35353,0.0665495,1.343,3.67542
35354,0.00208491,0.00766948,0.0170555
35355,0.0232504,0.0110575,0.0293165
35356,-0.0131424,-0.0419029,-0.0857826
35357,0.00106107,0.0557713,0.151633
35358,0.0129934,0.0353317,0.102582
35359,-0.113255,-1.39104,-3.76006
35360,0.000558457,-0.0495166,-0.123004
35361,0.0524578,0.0547288,0.131238
35362,0.431985,5.52169,14.8951
35363,0.00316459,0.0122116,0.0264015
35364,-0.0039092,-0.0156368,-0.0251529
35365,-0.00837686,-0.0383846,-0.0813572
35366,0.0405812,0.0387197,0.0924744
35367,0.00035369,-0.00299706,0.0133468
35368,-0.00111691,0.00120999,0.0184494
35369,-0.010983,-0.00912147,-0.00154304
35370,-0.0021966,-0.0450675,-0.113006
35371,0.00465381,0.00651534,0.0306191
35372,-0.000148922,-0.00750195,-0.0047813
35373,9.30762e-05,0.00381613,0.0330512
35374,-5.58457e-05,-0.00562181,0.00172548
35375,-0.0074461,-0.0148922,-0.0185633
35376,-0.0748519,-1.36774,-3.69251
35377,-0.0140173,-0.0121185,-0.0107668
35378,0.00241998,-0.02003,-0.0360025
35379,-0.00364859,0.0135333,0.0517633
35380,-0.00493304,0.00766948,0.0379581
35381,-0.00729718,-0.0249817,-0.043774
35382,0.00664564,0.0177217,0.0578333
35383,0.0139801,0.0139801,0.0449476
35384,-0.000372305,-0.0153576,-0.0212269
35385,0.0208305,0.00593826,0.0171772
35386,-0.000651534,-0.00260613,0.00970435
35387,-0.0158602,-0.0251678,-0.0435615
35388,0.00614303,0.00547288,0.026008
35389,-0.00867471,-0.0109085,-0.00768959
35390,0.00130307,0.00223383,0.0204372
35391,0.00688764,0.00688764,0.0305269
35392,-0.0762667,-0.0904515,-0.180307
35393,-0.000558457,0.00316459,0.0257703
35394,0.0210352,0.0303429,0.083768
35395,0.0279787,0.043206,0.112252
35396,0.00800456,0.0191737,0.0596524
35397,-0.010499,-0.0215378,-0.0332634
35398,0.00873055,0.0144827,0.0427657
35399,-0.0043932,-0.00253167,0.0119051
35400,-0.0032949,-0.0106852,0.0153976
35401,0.0117462,-0.00128445,0.00101274
35402,-0.00703656,-0.0107596,-0.0103694
35403,-0.00197322,0.00102384,0.0196527
35404,-0.183695,-1.47006,-3.85459
35405,0.157857,1.45225,3.84804
35406,0.00837686,0.0111691,0.0413538
35407,0.0776442,1.3688,3.70005
35408,0.141718,0.0951798,0.164942
35409,-0.162213,-1.35739,-3.61911
35410,1.86152e-05,-0.00925178,-0.0100681
35411,0.0372677,0.0428523,0.112668
35412,0.0770299,1.29426,3.52081
35413,0.0341962,0.0302684,0.0759589
35414,-0.014371,-0.000223383,0.0200438
35415,0.00215937,-0.00426289,0.00434051
35416,0.00923316,0.0153762,0.0504882
35417,-0.0360019,-0.0312922,-0.0465435
35418,0.0210352,0.0246652,0.0699165
35419,-0.00446766,-0.00632918,0.00155195
35420,-0.0103687,-0.0078184,0.000933725
35421,-0.0489395,-0.0864306,-0.193293
35422,0.0440065,0.0262289,0.0622732
35423,-0.0736792,-0.0829868,-0.160869
35424,0.0241998,0.0297844,0.100224
35425,0.0850531,1.37786,3.76311
35426,0.0271783,0.0509127,0.134837
35427,0.0247024,0.0340101,0.090739
35428,0.0120999,0.0646508,0.170923
35429,-0.0376959,-0.0401717,-0.0701051
35430,0,-0.00383474,0.00496584
35431,-0.00160091,-0.00160091,0.012508
35432,0.00286675,0.00349967,0.024459
35433,0.0114298,0.0252795,0.0764702
35434,-0.00443043,-0.00368582,0.00864518
35435,0.000614303,0.000614303,0.0173917
35436,0.139168,1.50692,4.07097
35437,0.02729,-0.0244232,-0.0716091
35438,-0.00184291,-0.00556596,0.00499393
35439,-0.0111878,-0.0098847,-0.00442414
35440,0.00886086,0.0363928,0.114169
35441,0.0155623,0.027774,0.078846
35442,-0.00186152,0.00381613,0.0265028
35443,-0.00368582,-0.00778117,-0.000148581
35444,0.00822794,0.0129934,0.0516272
35445,-0.00199183,-0.0176473,-0.0359957
35446,0.00372305,0.00454212,0.0261611
35447,-0.324371,-3.23622,-8.69848
35448,0.0218171,0.0210725,0.0527278
35449,0.0104432,0.00428151,0.0178599
35450,-0.0025689,0.00210352,0.025363
35451,-0.00191737,-0.351884,-1.02045
35452,0.00342521,0.00342521,0.0232772
35453,-0.0024386,0.0325767,0.101677
35454,0.00186152,0.0074461,0.0304179
35455,-0.0272341,-0.0352387,-0.0598027
35456,0.00104245,0.0103501,0.0409917
35457,0.00381613,0.0152645,0.0511447
35458,-0.00874917,-0.0124722,-0.0112952
35459,0.00362997,0.0203837,0.0650413
35460,0.00186152,0.0127142,0.0492117
35461,0.105977,1.72772,4.80671
35462,0.0192668,0.0147991,0.0479418
35463,-0.348142,-2.02244,-5.41594
35464,0.0301009,-0.0410466,-0.131595
35465,-0.2893,-1.95752,-5.1713
35466,0.00590103,0.00567765,0.0274587
35467,-0.0124536,-0.0143896,-0.0128702
35468,0.00331351,0.0182057,0.0607416
35469,0.0319252,0.0337867,0.0874917
35470,-0.0273458,-0.0945655,-0.207693
35471,0.0307896,0.0402276,0.0995711
35472,0.0128818,0.0184291,0.056921
35473,0.036579,1.79861,4.92151
35474,0,-0.0130307,-0.0167329
35475,0.0223383,0.0289653,0.0822094
35476,0.375172,5.90485,16.1611
35477,0.333697,3.74967,9.82016
35478,-0.0111691,-0.00241998,0.0171827
35479,-0.136133,-1.89807,-4.95903
35480,-0.0028109,-0.0317204,-0.0639
35481,-0.000912147,-0.0102198,-0.00567705
35482,-0.00874917,-0.0198997,-0.0329957
35483,0,-0.0186525,-0.0328546
35484,0.000241998,0.0449186,0.127204
35485,-0.0576514,-1.86689,-4.98669
35486,0.00241998,0.00604996,0.0317682
35487,-0.000577073,-0.0154693,-0.0232586
35488,-0.00874917,-0.0162139,-0.0126741
35489,0,-0.00636642,-0.00334831
35490,-0.00178706,-0.00189876,0.0122056
35491,0.0223383,0.00294121,0.012265
35492,-0.0167537,-0.0204768,-0.0285128
35493,0.181685,2.07191,5.48585
35494,-0.0481577,-0.066866,-0.130283
35495,0.0290398,0.0208491,0.0573665
35496,-0.000949378,0.0046352,0.0293542
35497,0.00651534,0.00173122,0.0189826
35498,-0.0129376,-0.0278298,-0.0473094
35499,0,0,0.0233035
35500,0.0130307,0.0260613,0.0756319
35501,0.128445,2.00412,5.25486
35502,0.00930762,0.015823,0.0531009
35503,0.0074461,0.00374167,0.0235082
35504,-0.00558457,-0.0111691,-0.00759536
35505,-0.149294,-2.04157,-5.33147
35506,0.00984747,0.0197508,0.059363
35507,-0.0102012,-0.0139242,-0.0146614
35508,0.013403,0.0173122,0.0490997
35509,0.00670149,0.00772533,0.0342842
35510,0.0194902,0.00981024,0.0324567
35511,-3.72305e-05,-0.0129934,-0.0194355
35512,0.109532,2.07499,5.4732
35513,0,-0.0054915,-1.33548e-05
35514,1.97013,10.8108,28.3068
35515,-0.0747961,-1.37924,-3.68514
35516,-0.0235111,-0.0380123,-0.073092
35517,-0.244362,-2.33912,-6.13709
35518,-0.169976,-2.23631,-6.06864
35519,-0.189652,-2.19161,-5.96312
35520,-0.00364859,0.0763039,0.239981
35521,0.00279229,-0.00279229,0.0102341
35522,-0.0102384,-0.00614303,0.00574206
35523,0.00930762,0.0206257,0.0634303
35524,-0.00396505,-0.00967993,-0.00502764
35525,-0.00160091,0.00398366,0.0263756
35526,-0.0621935,-0.0643715,-0.119795
35527,0.0113739,0.0132354,0.0451193
35528,0.204023,2.14798,5.86313
35529,0.233417,2.18178,5.92133
35530,-0.294959,-2.28098,-6.11385
35531,0.00372305,0.0117276,0.0468623
35532,0.0492932,0.0658235,0.161239
35533,0.409424,6.19979,16.6796
35534,0.0126584,-0.00809763,-0.00940916
35535,-0.166067,-2.23094,-5.97567
35536,0.023176,0.0287606,0.0822588
35537,0.0300264,0.0263033,0.0697861
35538,-0.00623611,-0.00809763,0.00182211
35539,0.0190992,0.0209608,0.0606365
35540,-0.00930762,-0.0318321,-0.061261
35541,0.00370443,0.00748333,0.0323009
35542,0.145757,2.17415,5.88532
35543,-0.00558457,-0.00558457,0.00441232
35544,0.00186152,-0.00188014,0.0101456
35545,0.00186152,-0.00279229,0.00852295
35546,-0.0202348,-0.0556038,-0.123982
35547,-0.222806,-2.16968,-5.79257
35548,0.498032,4.27384,11.5201
35549,0.00900978,0.00733441,0.0281411
35550,0.0111691,0.0174239,0.0484451
35551,0.00310875,0.000111691,0.0163772
35552,-0.395481,-4.27989,-11.5999
35553,0.00707379,0.00498889,0.0258311
35554,0.027141,0.0178334,0.0506106
35555,-0.0122488,-0.0121558,-0.00929329
35556,0.0842526,1.33736,3.65451
35557,0.214168,2.88168,7.88363
35558,-0.00774394,-0.0296913,-0.0446223
35559,-0.0242929,-0.0279601,-0.0447804
35560,0.00506335,-0.0191179,-0.0367211
35561,0.00722272,-0.0130121,-0.0203998
35562,0,0.00731579,0.0330989
35563,0.0216123,0.00776256,0.023405
35564,0.116196,2.09909,5.71002
35565,-0.00558457,-0.056367,-0.129634
35566,0.0226175,0.00845132,0.0284943
35567,0.00374167,-0.00370443,0.00275552
35568,0.0213889,0.0269735,0.0763341
35569,-0.0101081,0.00478412,0.0377247
35570,-0.0310316,-0.0292632,-0.0429814
35571,-0.00759502,-0.00759502,0.000202804
35572,0.00677595,0.00863748,0.0348338
35573,0.00930762,0.0245163,0.075667
35574,0.233566,2.10928,5.70436
35575,-0.135687,-2.05572,-5.60014
35576,0.0342148,0.0217798,0.0599998
35577,-0.0154507,-0.0206815,-0.0293241
35578,-0.0124722,-0.0102756,-0.00289035
35579,0.0037789,-0.00180568,0.00898186
35580,-0.000986608,-0.00107968,0.0123939
35581,0.0141848,0.0106852,0.0362268
35582,-0.0205699,-0.0159719,-0.0174699
35583,0.00558457,0.00301567,0.0205717
35584,0.0355737,0.0402276,0.10396
35585,-0.00560319,0.0221894,0.0776283
35586,-0.0128818,0.00759502,0.047961
35587,-0.230345,-2.21723,-5.97586
35588,0.0523461,0.0364673,0.0801301
35589,-0.0214262,-0.0214262,-0.0271639
35590,-0.00372305,-0.00930762,-0.00576964
35591,-0.00186152,0.0129376,0.0489171
35592,-0.019546,-0.0325953,-0.060046
35593,0.0196205,0.0103128,0.0340393
35594,0.0165862,0.0345871,0.0982985
35595,0.283008,4.28486,11.7054
35596,-0.00794871,0.0292818,0.0964323
35597,-0.027774,-0.0352201,-0.0577301
35598,0.0266198,0.0266198,0.0726976
35599,-0.00800456,-0.0102942,-0.00724522
35600,0.00804179,0.0173494,0.0604906
35601,0.00465381,0.00130307,0.0158067
35602,-0.000223383,0.00180568,0.0206463
35603,0.00186152,0.00154507,0.0194121
35604,-0.017368,-0.0190248,-0.0236513
35605,-0.016642,-0.0203837,-0.0287198
35606,0.00372305,-0.000930762,0.0105791
35607,-0.0263964,-0.119826,-0.310295
35608,-0.262996,-2.27916,-6.11563
35609,0.043448,0.0490326,0.117982
35610,0.0379937,0.0602576,0.150738
35611,-0.00618026,-0.00387197,0.00784037
35612,-0.0148922,-0.0242184,-0.0387814
35613,0.00376028,0.00601273,0.0290636
35614,0.0223383,0.0266757,0.0734468
35615,0.024628,0.038515,0.105993
35616,-0.00739025,-0.0166979,-0.0261083
35617,0,0.00575211,0.0321703
35618,0.0104245,0.00800456,0.0310994
35619,0.259031,4.22296,11.3755
35620,-0.0148922,-0.0388873,-0.0726944
35621,0.00372305,0.00725995,0.0331799
35622,0.0167537,0.0309944,0.0852447
35623,0.0122116,-0.0453095,-0.115113
35624,-0.0287047,-0.00994054,0.0127943
35625,0.0492932,0.0430757,0.109385
35626,0.00930762,-0.010257,-0.0135016
35627,0.000949378,0.000949378,0.0209267
35628,0.00668287,-0.0262289,-0.079032
35629,-0.0572791,-0.0647252,-0.11873
35630,0.0170516,0.0375283,0.10088
35631,-0.148252,-2.11099,-5.56877
35632,-0.00819071,-0.00260613,0.0152069
35633,-0.0759502,-0.0997405,-0.200726
35634,0.00819071,0.0230829,0.0722103
35635,0.00930762,9.30762e-05,0.011985
35636,0.00186152,0.00558457,0.0289513
35637,0.014855,0.0110947,0.0373127
35638,0.0860397,2.00745,5.35281
35639,-0.0375842,-0.0338611,-0.0505767
35640,0.0223011,0.0276623,0.0769588
35641,-0.00241998,0.00642226,0.0377255
35642,-0.0111691,-0.0815906,-0.191341
35643,-0.00822794,-0.00526812,0.00697904
35644,0.0118579,0.0137194,0.045807
35645,-0.000558457,-0.00241998,0.0101666
35646,-0.268376,-4.31012,-11.5903
35647,-0.0164373,-0.0127514,-0.00945399
35648,0.0548219,0.0567951,0.159055
35649,-0.0174983,-0.0145199,-0.0113778
35650,0.0393154,0.0318693,0.0802321
35651,0.00686903,0.0217054,0.0696292
35652,-0.0148922,-0.00558457,0.00601296
35653,0.0142965,0.0217426,0.0651176
35654,-0.00954962,-0.00396505,0.0104186
35655,-0.013161,-0.00943793,0.00232461
35656,-0.000967993,0.00275506,0.0231601
35657,0.00474689,0.010257,0.0394629
35658,0.0495538,0.0632732,0.156287
35659,0.0651534,2.08824,5.73988
35660,0.0396505,0.041512,0.103386
35661,-0.0802503,-2.12724,-5.80338
35662,-0.0204768,0.0292259,0.0950718
35663,0.00186152,-0.0165676,-0.0283945
35664,-0.528766,-4.4889,-12.0923
35665,-0.00372305,-0.0117276,-0.0119694
35666,0,0.0242557,0.0751398
35667,-0.142481,-1.99591,-5.40543
35668,0.00753918,-0.00571488,0.00459361
35669,0.00225245,-0.509611,-1.38556
35670,0.0387942,0.549243,1.50558
35671,0.0445091,0.0519552,0.127459
35672,-0.0021966,-0.00591965,0.000671907
35673,-0.0465381,-0.156349,-0.400097
35674,-0.00986608,-0.0117276,-0.00782838
35675,0.00407674,0.00372305,0.0248838
35676,-0.00800456,-0.00580796,0.00482185
35677,-0.0420705,-1.8769,-5.0771
35678,0.0426289,0.0220591,0.0536811
35679,0.178055,2.07567,5.56311
35680,-0.0447138,-0.0390362,-0.0537864
35681,-0.0105362,-0.0107596,-0.00861282
35682,0.159272,2.18389,5.96484
35683,-0.0530535,-0.0474689,-0.078715
35684,-0.165638,-0.127961,-0.232722
35685,0.0919035,0.104934,0.244741
35686,-0.013403,0.00893532,0.0457144
35687,-0.0145199,-0.0275506,-0.0452053
35688,0,0.0155996,0.0518242
35689,0.122079,2.12852,5.88462
35690,-0.219883,-4.29686,-11.7419
35691,-0.0731579,-0.643436,-1.7074
35692,0.0711103,0.68774,1.84787
35693,-0.00316459,-0.0103873,-0.00805969
35694,0,-0.00372305,0.00702397
35695,-0.00893532,-0.0126025,-0.0108111
35696,-0.000558457,-0.00986608,-0.00313717
35697,-0.00558457,-0.00932624,-0.00517757
35698,-0.00750195,-0.00936347,0.00273637
35699,0.00595688,0.0176286,0.0591529
35700,-0.194138,-2.1003,-5.58725
35701,0.231797,2.21438,5.91312
35702,-0.00372305,-0.0186152,-0.0291256
35703,-0.00277367,-0.0157485,-0.0241364
35704,-0.0147247,-0.605387,-1.64778
35705,-0.228223,-3.57158,-9.60137
35706,-0.239876,-2.09494,-5.64381
35707,0.0129004,0.0199742,0.0565127
35708,-0.077849,-0.0648183,-0.109413
35709,0.0274947,0.0760805,0.195287
35710,-0.033191,-1.36038,-3.70761
35711,0.240006,3.44451,9.42907
35712,0.0420705,0.0588242,0.145289
35713,-0.020514,-0.0223755,-0.0329965
35714,0.0282207,0.0373422,0.0980496
35715,0.0476364,-0.0623797,-0.152534
35716,-0.00370443,-0.0111505,-0.0133195
35717,0.00368582,0.00472827,0.028679
35718,-0.0207002,-0.0227851,-0.030554
35719,-0.00554734,-0.0160836,-0.024738
35720,-0.0227292,-0.0342707,-0.0600043
35721,-0.190118,-2.09288,-5.6971
35722,0.041512,0.0470966,0.118537
35723,-0.0306965,-0.0379379,-0.0686637
35724,-0.0111691,-0.0171819,-0.0246804
35725,-0.136189,-1.53196,-4.1324
35726,-0.00932624,-0.0149108,-0.0149395
35727,0,-0.00835825,0.00148945
35728,-0.218878,-1.36552,-3.58436
35729,-0.0864492,-1.3078,-3.53949
35730,-0.188312,-1.3674,-3.60692
35731,0.0074461,0.0906935,0.251393
35732,-0.00930762,-0.0130307,-0.0106356
35733,0.033433,0.0523647,0.134683
35734,-0.0573722,-1.16135,-3.13651
35735,-0.0266198,-0.0107968,-0.00399735
35736,-0.0111691,0.000577073,0.0249144
35737,0.00428151,0.0249444,0.0801769
35738,-0.0135891,-0.030529,-0.0539875
35739,0.000111691,0.00188014,0.019998
35740,-0.0142779,-0.0507638,-0.112112
35741,-0.0065898,-0.0065898,0.00721556
35742,0.00372305,-0.00210352,0.00637533
35743,-0.141197,-1.14999,-3.03457
35744,0.0286675,0.0282579,0.0760364
35745,-0.0777931,-1.02045,-2.73832
35746,0.0085444,0.0212028,0.0663682
35747,0,-0.00188014,0.0103144
35748,-0.00297844,-0.00297844,0.0109782
35749,-0.0230829,-0.0156368,-0.0119733
35750,-0.00558457,0.00372305,0.0321317
35751,0.0090284,0.00986608,0.0375221
35752,-0.00819071,-0.00819071,-0.000237216
35753,-0.00297844,-0.0774394,-0.16388
35754,-0.00152645,0.000111691,0.0174844
35755,0.00428151,0.00828379,0.0350614
35756,-0.17033,-1.15415,-3.04397
35757,-0.00191737,-0.0162511,-0.0172904
35758,-0.048623,-0.366851,-0.929071
35759,0.0680946,0.497418,1.32917
35760,-0.0521785,-0.0819071,-0.168217
35761,0.0223197,-0.0231015,-0.0756506
35762,0.0267315,0.0273644,0.073141
35763,0.00161953,0.00841409,0.0365689
35764,-0.0015823,-0.00344382,0.00825165
35765,-0.133788,-1.26736,-3.39676
35766,-0.103017,-1.18222,-3.16524
35767,-0.0165303,-0.00188014,0.017376
35768,0.0223755,-0.00945655,-0.0271437
35769,0.0167537,0.0282021,0.0892911
35770,-0.00428151,-0.00448628,0.00661607
35771,-0.00130307,-0.00128445,0.0463379
35772,-0.0112622,-0.0039092,0.0119133
35773,0.00137753,-0.00255029,0.0077055
35774,0.0452164,0.192724,0.511234
35775,-0.0171633,-0.0108341,-0.00201126
35776,-0.200952,-1.35392,-3.55441
35777,0.0130307,0.0160463,0.0520107
35778,-0.12502,-1.19069,-3.15458
35779,-0.110519,-1.21317,-3.25793
35780,-0.0135891,-0.0154507,-0.0183484
35781,-0.0124722,0.00325767,0.028932
35782,0.158323,1.39899,3.75796
35783,0.00186152,0.0074461,0.0327875
35784,-0.0315715,-0.0399483,-0.0649809
35785,-0.167835,-1.39093,-3.68303
35786,0.0136077,0.0115228,0.0380828
35787,-0.0221521,-0.0192296,-0.0197305
35788,-0.0174983,0.00662703,0.0404516
35789,0.0154507,0.0284813,0.0813571
35790,-0.00986608,-0.011709,-0.00503678
35791,-0.0074461,0.0731579,0.214579
35792,-0.000558457,-0.000632918,0.0170383
35793,0,0.0173122,0.0598199
35794,-0.0159347,-0.0047655,0.00651635
35795,0.0186152,0.0137567,0.0416526
35796,-0.00204768,-0.00560319,0.00555639
35797,-0.0151156,-0.0151156,-0.0155439
35798,-0.0244977,-0.038124,-0.0692604
35799,0.0130121,0.0167351,0.0524318
35800,-0.373738,-2.41792,-6.37644
35801,0.361843,2.47897,6.6036
35802,-0.0601273,-0.0861886,-0.178117
35803,-0.532471,-4.6406,-12.3542
35804,-0.00498889,0.0322788,0.103004
35805,-0.0246094,-0.0295052,-0.03807
35806,0.00385336,0.0476178,0.135679
35807,-0.00141476,0.00625472,0.0267582
35808,-0.0210725,0.0149294,0.062987
35809,0.0019546,0.00204768,0.0208957
35810,0.364878,2.42881,6.4429
35811,0.0117276,0.0139987,0.0449293
35812,-0.00372305,-0.000223383,0.0178891
35813,-0.0227106,-0.0208491,-0.0286547
35814,-0.00264337,0.00361136,0.0260645
35815,0,-0.0274761,-0.0531883
35816,0.00670149,0.00212214,0.0183363
35817,-0.0209794,-0.0209794,-0.0254212
35818,-0.00666426,-0.00290398,0.0113495
35819,0.0638503,0.043206,0.0935721
35820,-0.00186152,0.0426475,0.133403
35821,-0.0476178,0.0168654,0.111324
35822,-0.170795,-1.30871,-3.48075
35823,0.00186152,0.0614303,0.190365
35824,0.0558457,0.0651534,0.153439
35825,-0.00618026,0.00498889,0.0368673
35826,0,0.0130307,0.0501492
35827,-0.0712406,-1.36221,-3.69519
35828,-0.177534,-1.34711,-3.56158
35829,-0.00357413,0.00201045,0.0157522
35830,0.0074461,0.0292259,0.0880307
35831,0.079059,1.27669,3.50074
35832,0.0276064,-0.011709,-0.0222995
35833,-0.00725995,0.00204768,0.0238368
35834,0.00240137,0.10512,0.306861
35835,0.00176845,-0.0728042,-0.194383
35836,-0.140489,-1.3572,-3.62083
35837,0.101825,0.109327,0.245578
35838,-0.0338611,-0.0351642,-0.0574561
35839,0.0444904,1.2621,3.45969
35840,-0.0785191,-1.34596,-3.6196
35841,0.0218357,0.0385894,0.102921
35842,0.000130307,0.000130307,0.0172932
35843,-0.205326,-1.33499,-3.47304
35844,-0.0129004,-0.00173122,0.0171944
35845,0.114837,1.37773,3.67431
35846,-0.0663634,-0.075671,-0.14595
35847,0.0493304,0.0437458,0.104857
35848,-0.0335261,-0.0353876,-0.0586329
35849,0.00444904,-0.00765087,-0.00269653
35850,-0.0231946,-0.0083024,0.00476954
35851,-0.0072041,-0.0225058,-0.0366739
35852,0.00899117,0.0174425,0.0573474
35853,0.00558457,0.00930762,0.0377949
35854,0.0128259,0.0171074,0.0538751
35855,0.0476178,0.622196,1.70051
35856,-0.0611697,-0.66691,-1.77349
35857,0.00452351,0.00452351,0.0255768
35858,0.0390548,0.0523089,0.131678
35859,-0.0150225,-0.0150225,-0.015349
35860,0.137902,1.36422,3.69384
35861,0.000558457,0.0154507,0.054058
35862,0.601086,5.69701,15.2169
35863,-0.228223,-2.6478,-7.08293
35864,0,0.00372305,0.0256444
35865,-0.0463147,-0.0499075,-0.0898052
35866,0.0629382,0.0666612,0.156293
35867,-0.0241998,-0.0186152,-0.0200388
35868,-0.0120813,-0.0307338,-0.054922
35869,0.18941,1.92575,5.1748
35870,0.0724133,-0.427834,-1.1909
35871,0.00590103,0.00604996,0.0258719
35872,-0.0074461,-0.0250934,-0.0446411
35873,0.00941932,0.00941932,0.0398345
35874,0.0153204,0.0190434,0.0624402
35875,-0.00558457,0.00186152,0.02384
35876,-0.00882363,-0.0125467,-0.0112504
35877,-0.0172191,-0.0283883,-0.0476501
35878,-0.420053,-2.86442,-7.62232
35879,-0.114223,-1.44207,-3.90873
35880,0.01761,0.0207002,0.0597833
35881,-0.00236414,-0.00794871,-0.00223809
35882,0.0019546,0.0019546,0.025106
35883,-0.0252795,-0.027141,-0.0415948
35884,0.0159905,0.00482135,0.0223423
35885,0,-0.000967993,0.014939
35886,-0.123568,-1.13847,-3.01336
35887,-0.294288,-2.11037,-5.46115
35888,0.0420891,0.0537981,0.126354
35889,0.0163628,0.0161394,0.0544049
35890,0.00469104,0.00822794,0.0349896
35891,0.208733,2.00496,5.29529
35892,-0.0148922,-0.0241998,-0.0414902
35893,0.0173122,-0.0161953,-0.0366528
35894,-0.0356854,-0.0394085,-0.0685819
35895,0.0130307,0.0436341,0.117827
35896,-0.151621,-1.20941,-3.16243
35897,-0.0517318,-1.02734,-2.71921
35898,-0.0137194,0.00387197,0.0312466
35899,-0.0074461,-0.0103315,-0.00656386
35900,0.0074461,0.0111505,0.04073
35901,0.103296,1.10442,2.95645
35902,0.00558457,0.00722272,0.0316859
35903,-0.0130307,-0.0130307,-0.0111785
35904,-0.098363,-1.0744,-2.84837
35905,0.00372305,0.0100336,0.0380542
35906,0.0223383,0.546879,1.53091
35907,-0.0279229,-0.553878,-1.51367
35908,-0.0024386,-0.0247769,-0.0434893
35909,-0.530013,-2.08781,-5.31474
35910,0.0334516,0.0427592,0.108302
35911,-0.0223383,-0.0106293,0.000557213
35912,0.00186152,0.0111691,0.0464995
35913,-0.0112436,-0.0130121,-0.0136922
35914,-0.0760805,-0.91682,-2.41131
35915,-0.0209049,-0.00601273,0.0104274
35916,0.0400042,0.058638,0.145781
35917,0.0749822,0.93994,2.5329
35918,-0.0372305,-0.389059,-1.04023
35919,0.0260613,0.348105,0.949745
35920,-0.0112622,-0.028016,-0.0524706
35921,0.0772161,0.0818699,0.190977
35922,-0.0154507,-0.0173122,-0.021015
35923,-0.0771974,-0.164912,-0.376525
35924,0.0194343,0.0414189,0.111375
35925,0.025447,0.025447,0.069387
35926,-0.00186152,-0.00184291,0.01226
35927,5.58457e-05,0.011225,0.0448392
35928,-0.000335074,0.00039092,0.0172639
35929,-0.00930762,-0.00653395,0.00326594
35930,0.00688764,0.00874917,0.0359713
35931,-0.00372305,0.0120999,0.0490802
35932,-0.136506,-1.12397,-2.97014
35933,0.0165862,0.0182988,0.052673
35934,-0.0830985,-2.07266,-5.63584
35935,-0.0746844,-0.0647252,-0.11001
35936,-0.015823,-0.408009,-1.06677
35937,0.00186152,0.00372305,0.0256529
35938,0.0159533,0.442857,1.19722
35939,-0.00558457,0.00186152,0.0225752
35940,0.0577073,0.129934,0.332982
35941,0.0647997,1.07375,2.9214
35942,0,0.00558457,0.0297276
35943,0.000558457,0.00173122,0.0205372
35944,0,0.00135891,0.0212231
35945,0,0,0.0164677
35946,0,-0.0094007,-0.0116839
35947,-0.00372305,0.00186152,0.0243539
35948,0,0.0111691,0.0457715
35949,0.0352573,0.014948,0.0424475
35950,-0.0111691,-0.0074461,0.0031172
35951,0,0.0130307,0.0522251
35952,-0.00372305,-0.0078184,-0.0032181
35953,0.12394,0.742767,2.00443
35954,-0.0162325,-0.0201789,-0.028264
35955,-0.00176845,-0.00176845,0.0124026
35956,-0.0332282,-0.631895,-1.72234
35957,0,0.0130679,0.0521562
35958,0.0150784,0.0242557,0.0703317
35959,0.00199183,0.000725995,0.0179619
35960,-0.135445,-1.19115,-3.1717
35961,-0.0242371,-0.0441554,-0.0848429
35962,-0.0633663,-1.0131,-2.69726
35963,0,-0.00722272,-0.0034946
35964,-0.00465381,-0.00426289,0.00671116
35965,0.055641,0.0907866,0.249477
35966,0,0.00372305,0.0256444
35967,-0.00191737,-0.0182802,-0.0267409
35968,0.0137567,0.016884,0.0477793
35969,0.00273644,-0.00655257,-0.000823177
35970,-0.173494,-1.18709,-3.14737
35971,-0.00124722,0.000632918,0.0182627
35972,0.0115601,0.0162139,0.0521925
35973,0.0186152,0.0261172,0.0761414
35974,-0.000874917,-0.00645949,-0.0081512
35975,0.012193,0.0308082,0.0870426
35976,0.0980465,1.07473,2.91734
35977,0.0074461,0.0074461,0.0327868
35978,0.0401159,0.0528487,0.134773
35979,-0.0111691,-0.0437458,-0.0869779
35980,-0.0158416,-0.019546,-0.0265069
35981,0.0130307,0.0288536,0.082715
35982,0.025689,0.0215751,0.0567856
35983,-0.0130307,-0.0184477,-0.0255841
35984,-0.139075,-1.15093,-3.0535
35985,0.0225245,0.0392782,0.103085
35986,-0.0107782,-0.00688764,0.00261185
35987,1.86152e-05,-0.00370443,0.00706295
35988,0,0.00556596,0.0307399
35989,0,-0.00556596,-0.000176795
35990,0.0111691,0.0074461,0.0414876
35991,-0.108006,-0.954851,-2.55658
35992,0.0130307,0.0335074,0.0958679
35993,-0.00930762,-0.0130307,-0.0134274
35994,0.0166234,0.0166234,0.0515634
35995,-0.00189876,-0.0325767,-0.0699692
35996,-0.0152831,-0.0152831,-0.0158947
35997,0,0.00372305,0.0251869
35998,-0.0074461,0.00552873,0.0336048
35999,0.0152273,0.0436714,0.130953
36000,0.118914,1.49942,4.10505
36001,-0.0184663,-0.0184663,-0.0225598
36002,-0.0324091,-0.725846,-1.98019
36003,-0.0127701,-0.0146316,-0.015631
36004,-0.103817,-0.796472,-2.12651
36005,-0.0024386,-0.00584519,0.00268991
36006,0.132187,1.5346,4.18622
36007,0.0146874,0.0215937,0.0672013
36008,-0.0879757,-0.828732,-2.216
36009,0.0986608,0.797905,2.16794
36010,-0.0598666,-0.941038,-2.57656
36011,0.103519,1.04141,2.84167
36012,0.00638503,-0.014371,-0.0211545
36013,0,0.000558457,0.0174676
36014,0,-0.00428151,0.00455269
36015,-0.00104245,-0.000595688,0.0140067
36016,-0.0489395,-1.01516,-2.78479
36017,0.00698072,0.0833032,0.250227
36018,-0.0026806,-0.0026806,0.0104927
36019,0.0834335,0.989531,2.71075
36020,-0.000186152,-0.0801386,-0.203113
36021,0.0711475,1.09145,2.98163
36022,0.305774,3.24352,8.75476
36023,-0.00372305,-0.00459797,0.00595029
36024,-0.0518435,-0.907791,-2.47876
36025,-0.00130307,0.00428151,0.0285445
36026,-0.0323905,-0.984077,-2.69512
36027,-0.0400228,-0.0400228,-0.0676951
36028,-0.00186152,0.0763225,0.231876
36029,-0.0270852,-0.0308082,-0.0480731
36030,-0.117499,-1.08592,-2.89737
36031,0.0548778,0.0876406,0.216483
36032,0.0951425,1.12498,3.04627
36033,0.0369513,0.0487533,0.121783
36034,-0.0163442,-0.0216309,-0.0328573
36035,-0.0154507,-0.0396505,-0.0755036
36036,1.86152e-05,0.00932624,0.0389225
36037,-0.00199183,-0.0229898,-0.0390557
36038,0.08496,1.16634,3.18963
36039,-0.0279229,-0.0279229,-0.0436979
36040,0.0074461,0.0298775,0.085572
36041,0.00912147,0.00539842,0.0250136
36042,-0.121148,-1.26118,-3.37651
36043,-0.0793754,-1.17721,-3.17479
36044,-0.222024,-2.29519,-6.13745
36045,-0.0529976,-0.943309,-2.53585
36046,-0.0301567,-0.0282952,-0.0452373
36047,0.0214634,-0.0531279,-0.143423
36048,0.00148922,0.00778117,0.034011
36049,-0.0167537,-0.0167537,-0.0189739
36050,0.119342,2.25071,6.18962
36051,0.00575211,-0.0676478,-0.151561
36052,0.209961,2.63599,7.1354
36053,0.00725995,0.0258752,0.0677953
36054,0.0846994,1.24886,3.40031
36055,-0.0188014,0.0407674,0.144223
36056,-0.00186152,0.0110947,0.0433399
36057,0.0832288,1.0865,2.93845
36058,-0.00649672,-0.0213889,-0.0285276
36059,-0.0135891,-0.0340287,-0.063758
36060,0.00513781,-0.0193785,-0.0377443
36061,-0.00312736,0.00804179,0.0407378
36062,-0.410578,-3.79919,-10.1706
36063,0.126528,0.165527,0.400251
36064,0.00141476,-0.00193599,0.00860157
36065,-0.193412,-2.68065,-7.21601
36066,0.149518,1.39944,3.79145
36067,-0.181648,-1.35942,-3.61667
36068,0.0271783,0.0271783,0.0730118
36069,0.00372305,0.0174053,0.0575039
36070,-0.0889809,-2.10444,-5.71826
36071,0.0281835,1.07557,2.95117
36072,0.0228595,0.0248141,0.0623436
36073,-0.0103315,-0.00766948,0.000280184
36074,0,0.0074461,0.0342683
36075,0.00372305,-0.00750195,-0.00290269
36076,0,-0.00111691,0.0128275
36077,-0.00580796,0.00176845,0.0233791
36078,0.00271783,0.000558457,0.0149637
36079,0.00459797,0.0236786,0.0726249
36080,-0.131964,-1.19413,-3.17746
36081,0.0346988,0.0598853,0.150837
36082,-0.120199,-1.17148,-3.0977
36083,0.0137939,0.0472827,0.129148
36084,-0.00150784,-0.00336936,0.00883038
36085,-0.0204768,-0.0130307,-0.0076914
36086,-0.0039092,-0.0039092,0.00792025
36087,0,0.00186152,0.0206461
36088,-0.000186152,0.00167537,0.0204851
36089,-0.00186152,-0.0157857,-0.0207586
36090,-0.000539842,0.0111691,0.0436026
36091,0.0260613,0.0279229,0.069135
36092,-0.00761364,-0.0290584,-0.0529534
36093,-0.0256146,-0.0240695,-0.0364517
36094,0.00517504,0.00703656,0.0314817
36095,0.112101,1.22419,3.30987
36096,-0.0228223,-0.0299519,-0.0501834
36097,0.0186152,0.0167537,0.0498834
36098,0,0.0103873,0.0430159
36099,0.152515,1.20184,3.22437
36100,-0.0892974,-0.133602,-0.286597
36101,0.135649,1.31617,3.57569
36102,-0.0376773,0.033433,0.113054
36103,-0.0240695,-0.0231201,-0.0358311
36104,0.00906563,0.0457191,0.133021
36105,0.0609091,0.02124,0.0394316
36106,0.106889,1.50919,4.11738
36107,-0.0279229,-0.0409535,-0.0739164
36108,0.0199183,0.0310875,0.0841788
36109,-0.0223383,-0.0414748,-0.0761813
36110,0.0170516,-0.0822794,-0.225497
36111,0.00320182,0.00351828,0.023594
36112,-0.19157,-1.61474,-4.33934
36113,0.0717246,0.0764342,0.178488
36114,0.00039092,-0.000204768,0.0160854
36115,-0.020998,-0.0247211,-0.0356581
36116,-0.0117276,-0.0123978,-0.0100417
36117,0.00126584,0.0170702,0.0589211
36118,-0.193468,-1.64259,-4.37739
36119,0.0220405,0.0291143,0.0807971
36120,0.029803,0.0562925,0.142153
36121,0.0322044,0.0329676,0.0838846
36122,0.326995,3.25203,8.7912
36123,-0.00372305,-0.0074461,-0.00417049
36124,0.0453281,1.38164,3.7845
36125,0.207467,1.54533,4.09257
36126,-0.0148922,-0.0102198,-0.00100497
36127,-0.0094007,-0.0168468,-0.0204393
36128,0.00670149,-0.00493304,-0.00146503
36129,0.0170143,0.00662703,0.0307962
36130,-0.0111133,0.0321299,0.0962064
36131,0.00186152,0.00930762,0.038166
36132,-0.306556,-3.60123,-9.70469
36133,0.0300822,0.76021,2.09609
36134,0.0358157,-0.051769,-0.16351
36135,0.00867471,0.011709,0.0411393
36136,-0.0843271,-0.0880501,-0.169771
36137,0.0287978,-0.00547288,-0.0155602
36138,0.0170516,0.0132168,0.0518225
36139,-0.00441181,-0.00794871,-0.00250092
36140,-0.00372305,0.00344382,0.0274636
36141,0.00186152,0.0111691,0.0431469
36142,0.0204768,0.0223383,0.063491
36143,-0.00558457,-0.00558457,0.00486981
36144,-0.00699933,-0.0218357,-0.0365059
36145,-0.000912147,-0.0178893,-0.0265171
36146,0.00372305,0.0223383,0.0693081
36147,0.010983,0.0295982,0.0898628
36148,-0.198606,-1.76575,-4.69839
36149,-0.0144454,-0.0442484,-0.081912
36150,0.00930762,0.0279229,0.0805437
36151,-0.135203,-1.65547,-4.46014
36152,-0.0110016,0.00323905,0.0295866
36153,0.0472083,0.0506521,0.122805
36154,-0.00160091,-0.0183546,-0.0291491
36155,0.0561064,1.57883,4.33419
36156,0.00564042,0.0360391,0.105823
36157,0.0232691,0.0384033,0.100935
36158,-0.00558457,-0.00558457,0.00441232
36159,0.359144,4.97079,13.4698
36160,-0.0120255,-0.00295982,0.013414
36161,-0.00930762,-0.0362439,-0.0766756
36162,0.0154507,0.0319624,0.0930283
36163,0.122302,1.55046,4.21498
36164,-0.00558457,-0.0100522,-0.0114015
36165,-0.1218,-1.56605,-4.24557
36166,0.00130307,-0.0117276,-0.0149873
36167,0.0313853,0.0462775,0.114153
36168,0.0724692,1.54276,4.25819
36169,0.145143,1.47014,3.95801
36170,-0.145087,-1.49054,-4.00732
36171,0.051527,0.0544124,0.129923
36172,0.000837686,-0.00102384,0.00841065
36173,-0.0290212,-0.0330235,-0.0535495
36174,0,0.00204768,0.0211767
36175,0.0951984,1.44067,3.94437
36176,0.0130307,0.00999639,0.0348947
36177,-0.00651534,-0.0214075,-0.0349714
36178,0.00930762,0.0263592,0.0773782
36179,-0.00930762,-0.0213331,-0.030174
36180,-0.0997964,-1.42034,-3.86293
36181,-0.0406371,0.0544496,0.199708
36182,-0.0104245,0.0717059,0.229978
36183,0.00552873,0.0688206,0.188494
36184,-0.00446766,-0.0252981,-0.0432941
36185,0.00279229,-0.0568882,-0.147828
36186,0.00521227,0.00333213,0.0223708
36187,0.00917732,-0.143579,-0.384635
36188,0.00167537,0.0165676,0.057273
36189,0.00632918,-0.0169399,-0.0273049
36190,0.100615,1.46135,3.99115
36191,0.111654,1.47833,4.0153
36192,-0.0223941,-0.0196949,-0.028682
36193,-0.0612442,-0.0689323,-0.123218
36194,0.0340659,0.0308455,0.0784848
36195,-0.00446766,-0.00398366,0.00699268
36196,-0.162437,-1.58235,-4.2617
36197,0.0281835,0.0997964,0.267787
36198,-0.00807902,-0.00802317,0.000371197
36199,-0.0201417,-0.025689,-0.0409913
36200,0.00945655,0.00666426,0.0280625
36201,0.014706,0.0205699,0.0636469
36202,-0.00556596,-0.0121744,-0.0115653
36203,-0.00413259,-0.0246094,-0.0424954
36204,0.0260241,-0.0208305,-0.0433059
36205,-0.0185036,-0.0308269,-0.0604048
36206,0.000577073,-0.0161767,-0.0235528
36207,0.0047655,0.0217426,0.0675739
36208,-0.00372305,-0.100634,-0.263647
36209,0.0128259,0.0277181,0.0792864
36210,0.109551,1.61943,4.4188
36211,0.00912147,0.0100522,0.038179
36212,-0.00156368,-0.0108713,-0.0107487
36213,-0.000111691,0.0116718,0.0449374
36214,0.00186152,0.00858163,0.0390675
36215,-0.00379751,0.000335074,0.0167366
36216,-9.30762e-05,-0.0094007,-0.00681096
36217,0.00193599,0.00752056,0.0348172
36218,0.00186152,0.0129004,0.047044
36219,0.00372305,-0.0186152,-0.0314915
36220,-0.00290398,0.00277367,0.0233639
36221,0.00889809,0.037882,0.10611
36222,0.407544,3.18544,8.45402
36223,0.00338798,-0.000335074,0.00988486
36224,-0.00914009,-0.0185966,-0.0287138
36225,0,-0.0148922,-0.0231368
36226,0.00372305,0.0337308,0.0950331
36227,0.143617,0.214355,0.488675
36228,0.0186152,0.0261544,0.081066
36229,0.00456074,0.000707379,0.0144237
36230,0.0968365,1.47565,3.97283
36231,-0.00558457,-0.01519,-0.0231174
36232,-0.00558457,0.0593082,0.165074
36233,0.0157299,0.0130493,0.0417038
36234,0.0280904,-0.000297844,0.0050174
36235,-0.0318507,-0.0463892,-0.0859177
36236,0.0780537,0.0306965,0.0521152
36237,-0.0111691,-0.0191737,-0.0268059
36238,-0.0019546,-0.0094007,-0.00615006
36239,-0.0489767,-0.0680015,-0.134169
36240,0.013887,0.00649672,0.0227749
36241,-0.00614303,-0.00430012,0.0128845
36242,-0.348906,-3.05357,-8.16188
36243,0.00394643,-0.00163814,0.0101572
36244,-0.00735302,0.00718549,0.0333921
36245,0.00841409,0.0192854,0.060616
36246,0.0076881,-0.0691929,-0.182079
36247,-0.127998,-1.50959,-4.0703
36248,-0.0206257,-0.0230084,-0.0341808
36249,-0.00413259,0.0101267,0.0439872
36250,0,-0.00372305,0.00863846
36251,-0.184291,-1.6132,-4.26497
36252,0.0799711,1.46018,3.9918
36253,-0.0154507,-0.0173122,-0.0177697
36254,-0.0109085,-0.0120441,-0.0107545
36255,0.0136077,0.0281463,0.0800172
36256,0,-0.000167537,0.0156968
36257,-0.00986608,-0.0396691,-0.0772549
36258,0.0191737,0.049256,0.12977
36259,0.00130307,-0.00614303,-0.00409319
36260,-0.00389059,-0.0113367,-0.0102037
36261,-0.283547,-3.04899,-8.17377
36262,-7.4461e-05,0.00845132,0.0379311
36263,0.00241998,0.0191737,0.0611798
36264,0.00558457,0.0149108,0.0505512
36265,-0.00372305,0.0074461,0.0438374
36266,0,0.0057335,0.0300908
36267,-0.0258194,-0.0569627,-0.117568
36268,0.0642226,0.0921455,0.218339
36269,-0.0396505,-0.0333213,-0.0489072
36270,-0.00186152,-0.0241998,-0.0437291
36271,-0.00722272,-0.00163814,0.0146045
36272,-0.204731,-1.54968,-4.11168
36273,0.0580423,0.0822422,0.198003
36274,0.0111691,-0.0708496,-0.199306
36275,0.0321672,0.0393899,0.10241
36276,-0.0151714,-0.0190806,-0.0261113
36277,-0.0035369,0.00320182,0.0270586
36278,0,0.0111505,0.0456848
36279,0.00208491,-0.000186152,0.0145329
36280,0,-0.0234924,-0.0418219
36281,-0.00143337,-0.00515642,0.00356525
36282,-0.00558457,-0.0111691,-0.00875236
36283,0.00186152,0.0148177,0.0529937
36284,-0.00372305,-0.0129376,-0.0143839
36285,-0.0261172,-0.0225989,-0.0301371
36286,-0.00688764,-0.0833219,-0.224116
36287,-0.458065,-4.30738,-11.4842
36288,-0.0569813,-0.732268,-1.97036
36289,0.056125,0.753192,2.05499
36290,-0.20581,-1.4916,-3.95566
36291,-0.00202906,0.010257,0.0454004
36292,0.0276623,0.0313853,0.0842157
36293,-0.0173308,-0.000577073,0.0196073
36294,0.00852578,0.0178334,0.0570225
36295,-0.00201045,-0.0102012,-0.018748
36296,-0.00372305,-0.000223383,0.0176955
36297,-0.00539842,0.00204768,0.02388
36298,-0.191123,-1.43168,-3.72794
36299,0.025596,0.0220405,0.0579796
36300,-0.0298961,-0.0380868,-0.0673503
36301,-0.0239206,-0.0220591,-0.028144
36302,-0.325078,-1.56,-4.0558
36303,-0.463464,-3.22734,-8.50801
36304,-0.00558457,0.0457004,0.134134
36305,-0.0220218,-0.0236414,-0.0313877
36306,-0.00422566,0.00472827,0.0315403
36307,-0.114242,-0.116066,-0.224463
36308,0.018094,0.018094,0.0539911
36309,0.00117276,0.0216495,0.0725106
36310,0.278075,1.73853,4.66616
36311,-1.86152e-05,-0.00560319,-0.00200682
36312,-0.0123791,0.000614303,0.0218335
36313,0.00368582,-0.00750195,-0.0029088
36314,0.0138497,0.0026806,0.01786
36315,-0.00558457,-0.0132541,-0.015425
36316,0,0.00746472,0.041974
36317,-0.00614303,0.026657,0.0922523
36318,0.0223383,-0.00227106,-0.00775195
36319,-0.00228968,0.0052495,0.0299414
36320,-0.306146,-1.79661,-4.77237
36321,0.0390548,0.0326325,0.0802035
36322,0.0547102,0.0731579,0.18449
36323,0.0162697,-0.035853,-0.0978397
36324,0.0943421,1.5077,4.14577
36325,0.0186152,0.0186152,0.0507005
36326,0.000186152,0.00856301,0.0369284
36327,-0.00558457,-0.00411397,0.00843757
36328,0.00558457,0.00163814,0.0167588
36329,-0.00186152,0.00372305,0.0260586
36330,-0.011951,-0.00923316,-0.00187267
36331,0.00299706,0.0104432,0.0414586
36332,0.0128445,0.0128445,0.0429995
36333,0.00204768,0.00606857,0.0307163
36334,0.0165303,0.0239764,0.070241
36335,-0.0167537,-0.0297844,-0.0512164
36336,0.0127701,0.0183546,0.0569233
36337,-0.00204768,0.00539842,0.0299808
36338,-0.0130307,-0.0279043,-0.0479073
36339,-1.86152e-05,0.00742748,0.0355905
36340,0.0074461,0.0212028,0.0659681
36341,-0.021966,-0.0368582,-0.0653542
36342,-0.192705,-1.60845,-4.32051
36343,0.021966,0.121055,0.318663
36344,0,-0.0111505,-0.012708
36345,0,-0.00374167,0.00763024
36346,0.0323533,0.0528301,0.134253
36347,-0.109011,-0.142649,-0.291279
36348,0.0110202,0.0204395,0.0665515
36349,-0.00115415,0.00629195,0.0327667
36350,0.0143337,0.0124722,0.0419307
36351,0.0308641,0.0383102,0.0988922
36352,-0.0130307,-0.0275692,-0.0466415
36353,-0.0433735,-0.116438,-0.261183
36354,-0.00284813,-0.0104059,-0.00876462
36355,-0.217054,-1.63068,-4.32071
36356,0.00699933,0.00402089,0.02105
36357,-0.0794499,-1.55607,-4.16619
36358,0.0091587,0.0238834,0.0746857
36359,0.310651,3.3656,9.03877
36360,-0.017852,-0.0317762,-0.0564387
36361,0.0125094,0.0145944,0.048353
36362,0.128464,1.62331,4.43033
36363,-0.0376959,-0.0516945,-0.0960763
36364,0.0114484,0.0264337,0.0782023
36365,-0.107131,-1.63375,-4.4369
36366,0.0266198,0.0359274,0.0943447
36367,-0.00651534,0.00941932,0.0460722
36368,-0.0361136,-0.0547288,-0.10164
36369,-0.169678,-1.73805,-4.66997
36370,0.0149294,0.0372863,0.110665
36371,0.0466312,0.0522158,0.127365
36372,0.129283,1.66692,4.52911
36373,-0.198587,-1.75968,-4.7063
36374,0.0414748,0.0580051,0.145276
36375,-0.0140731,-0.00837686,0.00195084
36376,-0.00249444,-0.000632918,0.0154232
36377,-0.0237903,-0.0366907,-0.0651283
36378,0,0.0074461,0.0342683
36379,0,-0.0857605,-0.225273
36380,0.039576,0.0656374,0.164605
36381,-0.00398366,0.00344382,0.0258595
36382,0,0.0111691,0.0442368
36383,-0.00930762,-0.0052495,0.00827549
36384,-0.0183733,-0.0295424,-0.0496092
36385,-0.025838,-0.0314225,-0.0432272
36386,0.0111691,0.0185966,0.0576055
36387,-0.00104245,-0.00325767,0.00756441
36388,0.00186152,0.0130307,0.0481511
36389,0.0102198,0.0201045,0.0617957
36390,-0.00279229,-0.0261544,-0.0549597
36391,0.0222638,0.0278484,0.0758866
36392,0.0141848,0.0161022,0.0507116
36393,-0.0149108,-0.0142779,-0.0123604
36394,-0.0121185,-0.0214262,-0.0324297
36395,-0.381464,-3.52134,-9.35932
36396,0.0666054,0.0776814,0.183763
36397,0.0753173,1.60905,4.36385
36398,0.000800456,0.0128259,0.0482931
36399,-0.00558457,-0.00765087,-0.00471061
36400,0.00372305,-0.0689881,-0.18809
36401,-0.0209235,-0.0189317,-0.0232175
36402,-0.111059,-1.68751,-4.52517
36403,-0.0152459,0.000558457,0.0264738
36404,0.00543565,0.00174983,0.01805
36405,0,0,0.0161054
36406,0.274594,3.54434,9.55735
36407,0.0237903,0.0332655,0.0818641
36408,0.312103,4.31351,11.7284
36409,0.0491443,0.725902,1.99291
36410,0.082782,0.0897627,0.2088
36411,0.248644,2.77041,7.41511
36412,0.0148922,0.00189876,0.01387
36413,0.00614303,0.00241998,0.018079
36414,-0.00517504,-0.0126211,-0.0147262
36415,0.0117276,0.0173122,0.0518303
36416,-0.30449,-3.05845,-8.16465
36417,0.157001,1.5693,4.25014
36418,-0.0123605,-0.0228037,-0.0374641
36419,0.00342521,-0.0747588,-0.208877
36420,-0.00733441,-0.00361136,0.0107169
36421,0.0148922,0.0204768,0.0631819
36422,0.197061,1.61631,4.28296
36423,0.00111691,0.103612,0.267106
36424,0.173066,1.4752,3.9786
36425,-0.0145199,-0.0233621,-0.0391865
36426,0.0163814,0.00521227,0.0146989
36427,0.00361136,-0.00186152,0.00986643
36428,0,0.0764342,0.21106
36429,-0.0136264,-0.0247955,-0.0396701
36430,0.00186152,0.0025689,0.0183246
36431,-0.00297844,-0.00297844,0.0102311
36432,0.00202906,-0.0830612,-0.225956
36433,-0.0157113,-0.0196019,-0.0297686
36434,0.00148922,0.00707379,0.033653
36435,0.0201417,-0.422548,-1.01486
36436,-0.0204768,-0.039092,-0.0756821
36437,-0.0155623,-0.0146316,-0.0132269
36438,0.035369,0.039092,0.102935
36439,0.0748705,0.0322788,0.0555659
36440,-0.0161953,-0.0180568,-0.0223453
36441,-0.00428151,0.00130307,0.0212204
36442,0.0260613,0.0279229,0.0746594
36443,-0.0106107,-0.00316459,0.0120514
36444,-0.0304545,-0.0323161,-0.0522017
36445,-0.00930762,-0.0155437,-0.0188249
36446,-0.00186152,-0.00145199,0.0133287
36447,-0.000186152,0.00506335,0.0288035
36448,-0.00424428,-0.00588242,0.00330182
36449,-0.0223383,-0.0202534,-0.0230714
36450,0.0189876,0.0301567,0.0870002
36451,0.00323905,0.0069621,0.0319689
36452,0.000893532,-0.00403951,0.00266823
36453,0.000297844,0.013645,0.0525886
36454,0.00532396,-0.00212214,0.00569041
36455,0.104171,1.96877,5.20941
36456,0.0210352,0.0128445,0.0361132
36457,0.00837686,0.0120999,0.0425324
36458,0,-0.0243301,-0.0483552
36459,0.0130307,0.00930762,0.0349981
36460,0.00359274,0.00954962,0.0390764
36461,-0.0074461,-0.0074461,0.00051462
36462,0.00266198,-0.0068318,-0.00641754
36464,0,9.30762e-05,0.0163325
36465,0.442968,0.408605,0.854132
36466,0.0227851,0.0957196,0.25075
36467,0.0478412,0.0702353,0.178162
36468,0.0146874,0.0128259,0.0405269
36469,0.230475,1.40949,3.7269
36470,-0.115601,-0.205624,-0.460632
36471,0.0350897,0.0364859,0.0916448
36472,0.0412514,0.0412514,0.102835
36473,-0.0477853,-0.0757082,-0.157644
36474,-0.00225245,0.00612442,0.0319368
36475,0.0194157,0.0245349,0.0694575
36476,0.0074461,-0.00322044,0.00212755
36477,-0.0517876,-0.0449931,-0.075727
36478,0.010983,0.0128445,0.0438713
36479,0.00137753,0.00128445,0.0183054
36480,0.104506,1.52712,4.14975
36481,-0.136319,-1.53311,-4.13869
36482,-0.0632918,-0.0595688,-0.104149
36483,-0.013403,-0.026415,-0.0467991
36484,0.00577073,0.0887389,0.264476
36485,-0.00186152,-0.00372305,0.00766699
36486,0.00186152,0.00372305,0.0247726
36487,-0.00394643,-0.00383474,0.00811474
36488,0.0169399,0.0150784,0.043082
36489,-0.00986608,-0.00990331,0.0169476
36490,-0.00517504,-0.00889809,-0.00335414
36491,0.0130307,-0.0620446,-0.173811
36492,0.00428151,0.00880501,0.0380657
36493,0.02608,0.0242184,0.0668297
36494,0.0174425,0.0201975,0.0604663
36495,0.211637,1.61212,4.30698
36496,0.0489209,0.841968,2.2825
36497,-0.0210166,-0.830557,-2.23847
36498,-0.124722,-0.126584,-0.24981
36499,-0.0359833,-0.0484555,-0.0892552
36500,-0.154935,-1.48507,-3.97781
36501,-0.0322416,-0.0420146,-0.0741471
36502,-0.00186152,-0.00448628,0.00432577
36503,0.00372305,-0.0279229,-0.0736904
36504,0.0824656,0.0936347,0.215343
36505,-0.0269549,-0.027048,-0.0406055
36506,0.0164559,0.0164559,0.0505611
36507,0.213256,1.68738,4.51966
36508,-0.0502612,-0.0679457,-0.138465
36509,0.0137753,0.0135891,0.044404
36510,-0.00186152,0,0.0169772
36511,0.0411211,0.0355551,0.0885137
36512,-0.0763225,-0.074461,-0.139162
36513,0.043932,0.0454584,0.112231
36514,-0.015097,-0.0113739,-0.00642348
36515,0.00266198,0.00640365,0.0308141
36516,0.0358716,0.0395946,0.0989807
36517,1.86152e-05,-0.00184291,0.0116037
36518,0.00074461,0.00335074,0.024479
36519,-0.0331351,-0.0276995,-0.0379436
36520,0.0167537,0.0177962,0.053722
36521,-0.0367093,-0.0553245,-0.105735
36522,0.00502612,0.0106107,0.0410586
36523,-0.194529,-1.64726,-4.38535
36524,-0.262922,-1.6338,-4.26044
36525,-0.0428151,-0.035369,-0.0535083
36526,-0.301232,-2.98339,-7.99892
36527,0.0107968,0.0230084,0.0662595
36528,0.0241998,0.089409,0.245696
36529,-0.0548591,-0.0561622,-0.0978546
36530,-0.0128631,-0.0175542,-0.0228793
36531,0.0267315,0.0267315,0.0720764
36532,0.0130121,0.0120813,0.0409656
36533,-0.0456074,-0.0325767,-0.0449354
36534,-0.0161953,-0.677856,-1.82466
36535,0.0132168,0.684278,1.87023
36536,0.0433735,0.0545427,0.136117
36537,-0.00141476,0.00344382,0.0258609
36538,-0.00186152,-0.0148922,-0.0252281
36539,0.00186152,0,0.0160251
36540,0.00979162,0.00426289,0.0202984
36541,-0.0189317,-0.0224314,-0.0324198
36542,0.031013,0.02729,0.0715021
36543,-0.00457935,-0.010257,-0.00920309
36544,-0.00372305,2.1684e-19,0.0186562
36545,-0.0074461,-0.0130121,-0.0137415
36546,0.00372305,0.00930762,0.040377
36547,-0.00632918,-0.00074461,0.0173385
36548,0.0254284,0.0403206,0.110167
36549,0.000577073,0.0117462,0.04663
36550,-0.0111691,-0.0151156,-0.0174436
36551,-0.00558457,-0.00567765,0.00415237
36552,0.00686903,0.00588242,0.0280813
36553,-0.0039092,0.00612442,0.0335344
36554,-0.00167537,-0.0128259,-0.0177618
36555,0.00186152,-0.00186152,0.0141384
36556,-0.00372305,-0.00284813,0.0105517
36557,-0.018578,-0.0240509,-0.0346364
36558,0.0633663,0.0896697,0.218639
36559,0.322807,3.22496,8.69482
36560,0.0104432,0.00593826,0.0232046
36561,-0.0191737,-0.0173122,-0.0195002
36562,-0.0167537,-0.0484183,-0.104309
36563,0.0204768,0.0148922,0.0418524
36564,-0.000558457,-0.000558457,0.0149361
36565,-0.0135891,-0.0287419,-0.0557495
36566,-0.756356,-6.41539,-17.1183
36567,0.142183,1.50206,4.04874
36568,-0.0204768,-0.0312736,-0.0541827
36569,-0.372491,-3.18594,-8.46317
36570,-0.00186152,0.0257263,0.0825719
36571,0.00943793,0.0674617,0.174853
36572,-0.00428151,-0.00800456,-0.000562929
36573,-0.0373236,-0.0483438,-0.0887122
36574,0.0674989,0.0743121,0.171318
36575,0.0285558,0.0304173,0.0792141
36576,0.181368,1.67686,4.51391
36577,0.205475,1.73457,4.62403
36578,-0.00461658,0.0103128,0.0439767
36579,-0.0108527,-0.00712964,0.00246328
36580,-0.262475,-1.82826,-4.80374
36581,-0.089074,-0.0834894,-0.155025
36582,-0.00372305,0,0.0191988
36583,0.0924247,0.0998708,0.228596
36584,-0.0106107,-0.0124722,-0.0106522
36585,-0.0514153,-0.0551384,-0.0982301
36586,0,0.0100336,0.043588
36587,0,0.00186152,0.0215498
36588,-0.00465381,-0.00465381,0.00636117
36589,0.0314598,0.0355924,0.0930929
36590,0.0319624,0.0367093,0.093604
36591,0.0844388,0.0900233,0.206326
36592,-0.00800456,-0.00986608,-0.00433638
36593,-0.00912147,-0.0128445,-0.0116286
36594,-0.00372305,-0.00930762,-0.00576964
36595,0,-0.00186152,0.010661
36596,-0.00930762,-0.00930762,-0.00338308
36597,-0.000204768,-0.00206629,0.0109072
36598,-0.000558457,-0.083266,-0.227665
36599,-0.305625,-1.94351,-5.09452
36600,0.0417912,0.0368954,0.0885229
36601,-0.119324,-1.7608,-4.74924
36602,0.0491443,0.0677595,0.167297
36603,-0.0148364,-0.0036672,0.0136576
36604,-0.0135891,-0.0234924,-0.0343589
36605,0,-0.00372305,0.00656648
36606,0.00372305,0.00558457,0.0330875
36607,-0.00372305,-0.00372305,0.00831002
36608,-1.86152e-05,0.00184291,0.0214836
36609,0.0186152,0.0167537,0.0499872
36610,-0.447678,-4.01492,-10.7332
36611,-0.00832102,-0.00292259,0.0178911
36612,-0.00348105,-0.00536119,0.0101788
36613,0.0709241,0.124908,0.302788
36614,-0.0411397,-0.112082,-0.269703
36615,-0.00428151,-0.00428151,0.0120487
36616,0,-0.00186152,0.0101463
36617,1.86152e-05,0.00746472,0.0375363
36618,0.00465381,0.00651534,0.0312668
36619,0.00186152,0.00372305,0.0253511
36620,0,0.00580796,0.0313201
36621,-0.139801,-0.136468,-0.253263
36622,0.0356296,0.0522716,0.129168
36623,-0.184533,-1.87999,-4.96835
36624,0.0814976,0.0962408,0.227648
36625,-0.0167537,-0.0074461,0.00918895
36626,0.0074461,0.0276809,0.0864907
36627,0.0109272,-0.0599225,-0.167788
36628,-0.00930762,-0.0111691,-0.0079238
36629,0.00465381,0.00474689,0.0261267
36630,-0.354788,-2.08063,-5.49325
36631,0.0936347,0.104804,0.24194
36632,0.155642,1.90596,5.1852
36633,-0.193785,-1.94218,-5.22198
36634,0.0115787,0.0255401,0.0761275
36635,-0.186916,-1.95698,-5.22789
36636,0,0.0182802,0.0635572
36637,0.00320182,0.00100522,0.0185285
36638,-0.014613,-0.0090284,-0.00086935
36639,-0.154283,-1.78883,-4.76891
36640,0.0471524,0.0638875,0.160413
36641,-0.00558457,-0.0155065,-0.0228613
36642,0.149145,1.7892,4.859
36643,-0.0106107,-0.0199183,-0.033197
36644,0.0187083,0.020272,0.0573392
36645,0.161562,1.90659,5.18112
36646,0.00725995,0.0260241,0.081697
36647,-0.000558457,-0.0191737,-0.0330098
36648,0.0287606,0.0244791,0.0656837
36649,0.0191737,0.0231201,0.0659865
36650,-0.00558457,-0.00372305,0.00811525
36651,0.167891,1.77776,4.85976
36652,0,-0.00362997,0.00452873
36653,-0.0777001,-0.0721155,-0.128622
36654,0.0209235,0.0787425,0.210571
36655,0.0664564,0.0673872,0.156313
36656,-0.000204768,0.0146874,0.0520025
36657,-0.0811439,-0.099666,-0.200684
36658,0.0638503,0.00230829,-0.0348734
36659,0,0.0074461,0.0342683
36660,0.100131,1.80778,4.90596
36661,-0.00189876,-0.0185966,-0.0329756
36662,0.0467429,0.0659166,0.164384
36663,-0.471468,-3.97091,-10.5985
36664,0.0115042,0.0324464,0.0914557
36665,0,0.00186152,0.0211415
36666,0.00975439,0.019062,0.0673955
36667,0.00623611,0.016884,0.0573208
36668,-0.0157485,-0.0220032,-0.032431
36669,0.00124722,-0.0137008,-0.0177708
36670,-0.248905,-1.96983,-5.2893
36671,0.0544496,0.070831,0.16994
36672,0.0582657,0.0564042,0.135315
36673,0.0642785,1.79423,4.95928
36674,0.0117276,0.0226361,0.0654018
36675,-0.0155623,-0.0413445,-0.0875945
36676,0.0154507,0.0266198,0.0762552
36677,-0.0074461,-0.00928901,-0.0039807
36678,0.00887947,0.0112995,0.0407751
36679,-0.168505,-2.01465,-5.46727
36680,0.0675734,0.0954962,0.232704
36681,-0.0284813,-0.0452351,-0.0889648
36682,0.00241998,0.0191737,0.0620389
36683,-0.00575211,-0.00817209,-0.00184141
36684,0,0.00074461,0.0187942
36685,0,0,0.0161704
36686,0,-0.0148922,-0.0257249
36687,-0.0433177,-0.0565717,-0.10486
36688,0.0108155,0.00917732,0.0348359
36689,0.000241998,0.00418843,0.0281262
36690,0.0463892,0.0780724,0.191525
36691,-0.0253912,-0.0328373,-0.0552221
36692,0.0579865,0.0751125,0.179339
36693,0.128594,2.02902,5.57144
36694,0.0202348,0.311657,0.816439
36695,-0.0167537,-0.024386,-0.0392328
36696,0.00567765,0.0955893,0.275801
36697,0.022692,0.100988,0.264222
36698,0.00186152,-0.00515642,0.00734836
36699,0.000241998,0.00761364,0.0372226
36700,-0.00364859,7.4461e-05,0.0175474
36701,0.049349,0.881078,2.40205
36702,-0.0135891,-1.01345,-2.75093
36703,0.13712,2.04541,5.59522
36704,0.215658,2.04634,5.46784
36705,0.0991262,1.8594,5.04822
36706,0.0455887,0.0477481,0.117093
36707,-0.0109458,0.00208491,0.0231151
36708,0.0241998,0.0312178,0.0820546
36709,-0.0125467,-0.0420705,-0.0818508
36710,0,-0.00145199,0.00787011
36711,-0.0186152,0.0528115,0.148778
36712,-0.00742748,-0.0111505,-0.0102806
36713,-0.00186152,0.00908424,0.0397024
36714,0.0111691,-0.0746844,-0.187541
36715,-0.00348105,-0.0107596,-0.00864726
36716,0.00523089,0.00336936,0.0225172
36717,-0.0135891,-0.0918849,-0.225689
36718,0.00241998,-0.00712964,0.000385867
36719,-0.00241998,-0.00662703,0.00104429
36720,0.0083024,0.0220032,0.0681616
36721,0.112734,1.84604,5.02481
36722,0.00186152,-0.0167537,-0.0343862
36723,0.0143337,0.0094007,0.0342891
36724,0.0444718,0.0573536,0.141457
36725,-0.0177962,-0.057912,-0.121657
36726,-0.266142,-2.03986,-5.45435
36727,-0.245796,-2.106,-5.59885
36728,-0.211451,-2.10581,-5.59691
36729,0.0378634,0.0490326,0.127234
36730,0.0353504,0.0502426,0.127973
36731,-0.0225058,-0.0304359,-0.0503992
36732,-0.000558457,0.0851834,0.253022
36733,0.0227106,-0.0555479,-0.161183
36734,-0.0169399,-0.0169399,-0.0193636
36735,0.043932,0.0383474,0.0910838
36736,-0.0186152,-0.0204768,-0.0306413
36737,-0.0173308,0.0469663,0.152649
36738,-0.0450489,-0.0413259,-0.067523
36739,-0.329937,-3.96803,-10.7273
36740,0.124555,1.96006,5.3661
36741,0.017852,0.0312178,0.0899861
36742,-0.00644088,-0.0179079,-0.0298221
36743,-0.0242184,-0.00374167,0.0142665
36744,-0.154283,-2.02687,-5.49844
36745,0.037789,0.0601273,0.149527
36746,-0.00800456,-0.0146874,-0.0169559
36747,0.0160091,0.00856301,0.0314627
36748,0.0142965,0.00303429,0.0172518
36749,-0.00562181,0.00927039,0.0406602
36750,0.0251492,0.0251492,0.0687633
36751,0.0492932,0.133583,0.361981
36752,-0.062752,-0.0680574,-0.12832
36753,0.0231574,0.0123233,0.0363095
36754,-0.0123791,-0.0947516,-0.244001
36755,0.00874917,0.0124722,0.0425911
36756,-0.00763225,-0.0186152,-0.0249126
36757,0.160724,2.08385,5.66978
36758,-0.0167537,-0.0274016,-0.0477007
36759,-0.00930762,-0.00930762,-0.00338308
36760,0,0.00372305,0.026563
36761,0.0880501,0.0848483,0.193766
36762,-0.0111691,-0.00558457,0.00814872
36763,-0.173606,-0.226492,-0.501276
36764,0.00672011,0.0160277,0.0537561
36765,0,0.0074461,0.0349924
36766,0.465809,4.3181,11.6117
36767,-0.0297844,-0.0143337,-0.00758882
36768,-0.00820933,-0.00493304,0.00740852
36769,-0.00990331,-0.0459238,-0.0616537
36770,-0.0036672,5.58457e-05,0.0175084
36771,0.00372305,-0.00558457,-0.00230836
36772,-0.00186152,-0.0220032,-0.0457159
36773,0.00186152,0.00372305,0.0245438
36774,0.0381985,0.0195832,0.0482961
36775,0.019546,0.0269921,0.0778233
36776,-0.0167537,-0.00739025,0.00754349
36777,-0.00428151,0.0619143,0.202906
36778,0.00186152,0.00504473,0.0283409
36779,-0.00685041,-0.00871194,-0.00277884
36780,0.080995,0.094007,0.219301
36781,-0.0782027,-0.00284813,0.0164282
36782,0.274854,2.05663,5.42904
36783,0.102496,1.58838,4.28201
36784,-0.00316459,-0.0199183,-0.032358
36785,-0.0074461,-0.0518993,-0.115935
36786,-0.00688764,-0.00651534,0.00367986
36787,0.0181685,-0.0116159,-0.0299708
36788,0.00558457,0.0111691,0.0441563
36789,-0.00400228,-0.0037789,0.00827025
36790,0.00394643,0.00953101,0.0374362
36791,0.00223383,-0.0816465,-0.214827
36792,-0.00139614,-0.00139614,0.0131821
36793,-0.0138125,-0.0104618,-0.00262376
36794,0.00348105,0.00348105,0.0233941
36795,0.00703656,0.00889809,0.0356082
36796,-0.0206443,-0.035369,-0.0576495
36797,0.00483996,0.0215937,0.0693934
36798,0.0215751,0.0517504,0.137696
36799,-0.00539842,-0.00912147,-0.00427936
36800,-0.00934486,-0.00934486,-0.00370643
36801,0,0.00186152,0.0208749
36802,0,0.00567765,0.0308022
36803,0.0263964,0.0152273,0.0396688
36804,-0.00986608,-0.0173122,-0.0227153
36805,0.00186152,0.00372305,0.0245438
36806,-0.00558457,-0.0074461,0.00148608
36807,0.00547288,0.0389803,0.11568
36808,0.00558457,-0.00558457,0.000554172
36809,-0.00565904,0.00560319,0.0316257
36810,0.0279229,0.0372305,0.0981895
36811,0.252628,2.00851,5.37743
36812,0.200914,1.83796,4.91919
36813,-0.218171,-1.78719,-4.76106
36814,-0.00558457,-0.0296727,-0.0552483
36815,0.0204768,0.0303615,0.0885943
36816,-0.0440251,-0.0477481,-0.0869094
36817,0.0186152,0.0206443,0.0604613
36818,-0.00152645,0.0021966,0.0237435
36819,0.00374167,0.0223569,0.0743014
36820,0.00189876,0.0113367,0.0436731
36821,0.0409535,0.0640551,0.159677
36822,0.0180568,0.0217798,0.0647473
36823,-0.00502612,-0.00409535,0.00830382
36824,0.0114484,0.0208118,0.0642864
36825,0.000856301,0.00718549,0.0336983
36826,0.010015,-0.00489581,-0.00297868
36827,-0.00186152,0.00381613,0.0263063
36828,0.433493,3.5871,9.5686
36829,-0.0470966,-0.0828379,-0.179803
36830,0.00800456,-0.00863748,-0.0128126
36831,0.0186525,0.0210538,0.0502797
36832,0,-0.0135891,-0.0183484
36833,0.0217798,0.030287,0.084763
36834,-0.0167351,-0.020514,-0.0297913
36835,0,-0.0161953,-0.0308594
36836,0.0336564,0.0959058,0.228477
36837,0.00874917,0.0156368,0.0514117
36838,0.0220963,0.0183733,0.0532897
36839,-0.0508196,-0.0528301,-0.0931416
36840,0.00869332,0.00124722,0.0163735
36841,0.0074461,0.00932624,0.0362823
36842,0.0502612,0.0151342,0.0321262
36843,-0.192928,-0.279973,-0.622044
36844,0.197303,1.69799,4.53726
36845,-0.0169213,-0.0206443,-0.0305512
36846,0.00186152,-0.0074461,-0.00599294
36847,0.0260613,0.0280718,0.0723558
36848,-0.00316459,0.000558457,0.0146084
36849,-0.00241998,0.00316459,0.0268602
36850,0.00238275,0.00424428,0.0273666
36851,0,-0.00372305,0.00702397
36852,-0.0399483,-0.0418099,-0.0635112
36853,0.0111691,0.00452351,0.0232229
36854,-0.00558457,0.0502612,0.164851
36855,0.0262475,0.0299706,0.0801444
36856,0,-0.0111691,-0.0111389
36857,-0.00521227,0.0208491,0.0754632
36858,-0.00186152,-0.00163814,0.0128495
36859,-0.0190992,-0.035853,-0.0647515
36860,0.0266012,0.0338239,0.0892093
36861,-0.00558457,-0.00186152,0.014952
36862,0,0.00273644,0.0231051
36863,0.00186152,-0.00472827,0.0026036
36864,-0.0139614,-0.0217054,-0.0320747
36865,0.0548219,0.0754848,0.181375
36866,0,-0.0130307,-0.0158146
36867,0,0,0.0161054
36868,-0.195777,-1.83989,-4.9399
36869,0.0964828,1.75302,4.77663
36870,0.00930762,0.00186152,0.017431
36871,-0.00685041,-0.00685041,0.00176188
36872,0.0187642,0.0187642,0.0534233
36873,-0.00372305,-0.00642226,0.00139429
36874,-0.00223383,0.00335074,0.0250503
36875,-0.00351828,-0.00351828,0.00873877
36876,0.00374167,-0.00578934,-0.0204603
36877,0.0232691,0.03643,0.086038
36878,-0.00372305,9.30762e-05,0.0180874
36879,-0.000558457,-0.00707379,0.000777054
36880,-0.222769,-1.88563,-5.01351
36881,0.0424055,0.0353317,0.0853495
36882,-0.0149108,-0.00374167,0.0130329
36883,0.0338611,0.0357227,0.0895219
36884,-0.00517504,0.00204768,0.0227794
36885,-0.00372305,-0.0025689,0.0115777
36886,0.00316459,0.0115973,0.0685072
36887,0.00361136,-0.00232691,0.00651052
36888,0.00241998,0.0191737,0.0629539
36889,-0.00167537,-0.00725995,-0.00192835
36890,0.0238647,0.0331724,0.08832
36891,0.00186152,0.00558457,0.0295421
36892,-0.0364859,-0.0588242,-0.115236
36893,0.00413259,0.000409535,0.0152194
36894,0.0130493,0.111598,0.293677
36895,-0.0091587,-0.0260055,-0.0441925
36896,0.268357,3.38492,9.13705
36897,-0.0250561,-0.0400414,-0.0768121
36898,0.0210352,0.0191737,0.0499813
36899,0.031013,0.0267315,0.0649733
36900,0.138423,1.62111,4.3917
36901,-0.0176845,-0.00325767,0.0120038
36902,-0.010499,-0.0131238,-0.0100211
36903,-0.00130307,-0.0135891,-0.0277188
36904,-0.000186152,-0.0176473,-0.0334776
36905,0.0130307,0.0819071,0.211396
36906,0.00752056,0.0111505,0.0397848
36907,0,0.000260613,0.0162589
36908,0.00614303,0.00241998,0.0200074
36909,0.00297844,0.00551011,0.0300172
36910,0.414469,3.54112,9.39203
36911,-0.00778117,-0.0178706,-0.0326575
36912,-0.00148922,-0.00796733,-0.0384092
36913,0.00465381,-0.00523089,-0.00263632
36914,0.111096,0.118598,0.267958
36915,0.0356296,0.0262103,0.0626263
36916,0.225226,1.68783,4.48031
36917,-0.0618026,-0.0659724,-0.124542
36918,0.0565345,-0.0421263,-0.140247
36919,-0.0113553,-0.140191,-0.350717
36920,0.00372305,0.00467243,0.0263332
36921,0.0210352,0.0284813,0.0787698
36922,0.0421449,0.0391106,0.0972446
36923,-0.0111691,-0.0167537,-0.0209029
36924,-0.00539842,-0.0836942,-0.20043
36925,0.0186152,0.0478412,0.13172
36926,0.00428151,0.00433735,0.0233528
36927,0.143077,1.66173,4.4529
36928,0.0508569,-0.0174611,-0.0781069
36929,-0.0489581,-0.0712964,-0.142002
36930,0.0130307,0.00534258,0.0204421
36931,-0.0074461,0.014464,0.0492963
36932,0.025689,0.0263778,0.0723579
36933,0.0391665,0.0242371,0.054548
36934,-0.00699933,-0.00701795,0.00140237
36935,-0.0185036,-0.0185036,-0.0202373
36936,-0.0019546,-0.0039092,0.00720471
36937,0.0352945,0.0265453,0.0716069
36938,-0.0585263,-0.129264,-0.276155
36939,-0.00186152,-0.00372305,0.00743825
36940,0,0.00186152,0.0215225
36941,-0.000558457,-0.00428151,0.00539717
36942,0.0409535,0.0428151,0.106396
36943,0.0311992,0.0386453,0.10063
36944,-0.0241998,-0.0279043,-0.0436007
36945,-0.114856,-0.112995,-0.219035
36946,-0.191123,-1.60195,-4.25747
36947,-0.0292259,0.0104432,0.0554411
36948,0.193654,1.66785,4.45305
36949,0.209664,1.62649,4.35258
36950,0.0694163,0.0599225,0.131832
36951,-0.0074461,0.0595688,0.181289
36952,-0.00074461,-0.08859,-0.226357
36953,-0.0303429,-0.0433735,-0.0816455
36954,0.2417,1.58546,4.20696
36955,-0.0452351,-0.0664937,-0.134289
36956,0.0359274,0.0340659,0.081645
36957,-0.0694349,-0.0880501,-0.176018
36958,0.0307896,0.0140359,0.030899
36959,0.0521413,0.014371,0.0374304
36960,-0.0144268,-0.0199928,-0.0278816
36961,-0.00372305,-0.010983,-0.0102613
36962,-0.249407,-1.58302,-4.18308
36963,0.0191737,0.0191737,0.0580045
36964,0.00848855,0.0842526,0.228195
36965,0.0156368,0.0233621,0.0686184
36966,0.000521227,0.000521227,0.0180838
36967,0.00342521,-0.068076,-0.179101
36968,-0.00552873,-0.0148364,-0.0181744
36969,0.130121,1.51878,4.10919
36970,-0.0895021,-0.675827,-1.77329
36971,0.0722272,0.649244,1.73971
36972,-0.421989,-3.29538,-8.76815
36973,0.0233063,0.0113925,0.0328454
36974,0.0457004,0.0635711,0.15865
36975,-0.0371747,-0.0260055,-0.0230005
36976,0.0505776,0.0416423,0.0979715
36977,0.146111,1.604,4.3319
36978,-0.0260613,-0.120999,-0.286535
36979,0.00279229,0.00474689,0.0274109
36980,-0.169883,-1.67355,-4.49012
36981,-0.0382916,-0.0308269,-0.0445667
36982,-1.86152e-05,-0.00753918,-0.00231845
36983,0.18498,1.68559,4.54946
36984,-0.0521785,-0.0577259,-0.108335
36985,0.0282393,0.0301009,0.080003
36986,0.17798,1.55296,4.17238
36987,-0.115452,-0.0285186,0.0212724
36988,0.034159,0.0267129,0.0650834
36989,0.0386453,0.040786,0.103246
36990,0.00930762,0.00199183,0.0169014
36991,0.198327,1.57398,4.178
36992,-0.0663447,-0.142463,-0.31795
36993,-0.0823539,-0.0857418,-0.16546
36994,-0.00897255,-0.018094,-0.0262134
36995,0.00906563,0.0109272,0.0387476
36996,0.00372305,0.0730276,0.202727
36997,0.00547288,0.011709,0.0390124
36998,0.0039092,0.0188014,0.0622176
36999,-3.72305e-05,-0.00590103,0.00078139
37000,-1.86152e-05,-0.0854998,-0.231034
37001,-0.00223383,-0.0189876,-0.0318228
37002,0.000856301,-0.0169213,-0.0349171
37003,0,0.00186152,0.0206461
37004,0.0164,0.000372305,0.0113485
37005,-0.00431874,-0.00210352,0.0156175
37006,-0.00428151,-0.00241998,0.0116814
37007,-0.0186152,-0.0204768,-0.0279668
37008,0.0158043,0.0266198,0.0754068
37009,0.00379751,0.00264337,0.0211899
37010,0.344066,3.12937,8.37646
37011,-0.0481018,-0.0469104,-0.0816337
37012,-0.145999,-1.63855,-4.3634
37013,0.0238461,0.0202534,0.0583406
37014,-0.234292,-1.66033,-4.43807
37015,-0.00906563,-0.00822794,-0.000317674
37016,-0.0111691,-0.00876778,0.00441687
37017,0.0189317,0.0226548,0.0650792
37018,-0.00348105,0.00210352,0.0191475
37019,0.0262847,0.0225617,0.0596976
37020,-0.0065898,-0.0233435,-0.0439809
37021,-0.00372305,-0.00558457,0.00311103
37022,0,0,0.0161054
37023,-0.0173122,-0.0247583,-0.0383061
37024,0.0130307,0.0184291,0.0576207
37025,-0.613745,-4.90683,-13.0396
37026,-0.225691,-1.65538,-4.38107
37027,-0.128222,-1.35943,-3.61582
37028,-0.00396505,0.00124722,0.023622
37029,0,0.0074461,0.037138
37030,-0.000558457,0.0479529,0.158286
37031,-0.142165,-1.5142,-4.07333
37032,-0.132131,-1.42887,-3.85617
37033,0.0035369,0.00409535,0.0257322
37034,-0.165508,-1.46003,-3.88315
37035,0.0270107,0.027625,0.0738262
37036,0.00398366,0.0114298,0.0462516
37037,0,0.00558457,0.0244007
37038,0.0429826,0.0522902,0.129722
37039,-0.0437272,-0.0941001,-0.184997
37040,-0.00241998,-0.00932624,-0.00472378
37041,0.183956,1.47074,3.9512
37042,0.00428151,0.00241998,0.0161475
37043,-0.0359274,-0.0435969,-0.0806474
37044,0.0335074,0.0382916,0.0978073
37045,-0.0364487,-0.0865795,-0.186477
37046,-0.0199183,-0.0124722,-0.00393151
37047,-0.00372305,-0.00232691,0.0124806
37048,0,-0.00186152,0.0115647
37049,-0.0314039,-0.0304732,-0.0470493
37050,-0.126174,-1.41964,-3.78808
37051,0.00800456,0.0130307,0.0463977
37052,-0.0118951,-0.0939139,-0.218036
37054,0.00800456,0.0135891,0.0465954
37055,-0.224351,-1.56513,-4.15727
37056,0,-0.00908424,0.00509696
37057,-0.049833,-1.38324,-3.71547
37058,-0.135463,-1.4669,-3.90192
37059,-0.0679643,-0.0564228,-0.0784252
37060,-0.00372305,-0.00186152,0.00679511
37061,-0.479417,-1.71884,-4.40425
37062,-0.0314039,-0.0215565,-0.0274661
37063,0.0295424,0.0295424,0.0786135
37064,0.00372305,0.0167537,0.0579387
37065,-0.00372305,-0.00372305,0.00831002
37066,0.0349781,0.0349781,0.0893432
37067,-0.0233621,-0.0252237,-0.0364232
37068,0.0128073,0.0202534,0.0619995
37069,0.0074461,0.0074461,0.0316962
37070,0.0396691,-0.0369885,-0.110231
37071,0,0.0152459,0.0550618
37072,0.000558457,0.000651534,0.0181898
37073,0.120701,1.43784,3.90489
37074,-0.0207932,-0.0271224,-0.0439991
37075,0.0220963,0.0314039,0.085761
37076,-0.0462217,-0.0556224,-0.103862
37077,0.00558457,0.0130121,0.0459511
37078,-0.00707379,-0.00521227,0.00606363
37079,0,-0.0074461,-0.00499722
37080,-0.163889,-1.48323,-3.96986
37081,-0.000819071,-0.0119882,-0.0140986
37082,0.0110388,0.0108899,0.0387915
37083,0.0319624,0.0310316,0.0814637
37084,-0.000558457,-0.000558457,0.0122545
37085,0.00130307,0.00130307,0.0194854
37086,0.00558457,0.00595688,0.0288819
37087,-0.162716,-1.51556,-4.0714
37088,-0.0297844,-0.0297844,-0.0447298
37089,0.00372305,0.00335074,0.0235126
37090,-0.0041512,-0.000428151,0.0181095
37091,-0.00930762,-0.00953101,-0.00403641
37092,0.00502612,0.00651534,0.0297804
37093,-0.00930762,-0.0074461,0.00115764
37094,0.00186152,0.0152645,0.053743
37095,0.0106665,0.0106665,0.0384392
37096,-0.0074461,-0.00186152,0.014823
37097,-0.00186152,0.00372305,0.0282516
37098,0.00614303,0.00614303,0.0289678
37099,-0.0074461,-0.0074461,0.00051462
37100,0.128501,1.55953,4.27272
37101,-0.0291515,-0.0295424,-0.047829
37102,0.0276809,0.0314039,0.0824874
37103,0.0215751,0.0269363,0.0787239
37104,-0.0074461,-0.0223383,-0.042873
37105,-0.0202348,-0.0245163,-0.0367062
37106,0.0146502,0.0381985,0.104102
37107,-0.00930762,-0.00930762,-0.00338308
37108,0.0178334,0.0201603,0.0592118
37109,0.020998,0.0163442,0.046542
37110,-0.0117276,-0.0130307,-0.0116286
37111,0.00139614,0.000465381,0.0167583
37112,0.00130307,0.0035369,0.0244441
37113,-0.00372305,-0.00349967,0.0089339
37114,0.00372305,0.00863748,0.0371116
37115,0,0,0.0161054
37116,-0.0274203,-0.0330048,-0.0556161
37117,0.0125281,0.0140173,0.0464131
37118,-0.263927,-1.74749,-4.65853
37119,-0.0130307,-0.0186152,-0.0243818
37120,-0.1589,-1.67383,-4.45011
37121,-0.0337681,-0.0359833,-0.0583088
37122,0.0223383,0.0372119,0.102928
37123,0.153855,1.72939,4.64401
37124,0.000446766,-0.00392782,0.00279546
37125,-0.105418,-1.64361,-4.42354
37126,-0.0162325,-0.0206443,-0.0312739
37127,-0.0202348,-0.00906563,0.00247525
37128,0.0517504,0.0647625,0.158648
37129,-0.0285186,-0.0303801,-0.0481481
37130,-0.00729718,-0.0108527,-0.00823119
37131,0.0198811,0.0347733,0.0936011
37132,-0.0247769,-0.0266384,-0.0403137
37133,0.0144082,0.0162697,0.0508143
37134,-0.00558457,-0.00558457,0.00441232
37135,0.00558457,0.0150784,0.0521687
37136,-0.00511919,-0.00325767,0.0105857
37137,0.0039092,0.00428151,0.0251987
37138,0.000837686,0.00604996,0.0310539
37139,0,-0.00372305,0.00570744
37140,0.00547288,0.00361136,0.0232545
37141,-0.0074461,-0.0111691,-0.00902432
37142,-0.0170702,-0.0394085,-0.0635912
37143,0.0189317,0.0369699,0.0989159
37144,-0.0449931,-0.0636083,-0.110969
37145,0.00943793,0.0354993,0.0994369
37146,0.0349781,0.0348105,0.0890906
37147,0.00800456,0.0058638,0.0283522
37148,-0.0247583,-0.0210352,-0.0266525
37149,-0.00186152,0.00379751,0.0284694
37150,0.0154507,0.00614303,0.0239425
37151,0,-0.00694349,-0.00272353
37152,0.32573,3.3863,9.12956
37153,-0.0148922,-0.0167537,-0.020993
37154,0.00186152,-0.00307152,0.0108382
37155,0.0478598,0.0510244,0.123837
37156,0.256667,3.17057,8.60777
37157,0.188498,1.56396,4.13825
37158,-0.00428151,-0.00685041,0.00118309
37159,0.0284813,0.0130307,0.0297529
37160,0.0260613,0.0130307,0.0319429
37161,-0.00372305,-0.0241998,-0.0370844
37162,-0.0433735,-0.0396505,-0.0640901
37163,0.0266012,0.0266012,0.0718035
37164,-0.0210352,-0.0209235,-0.0189989
37165,-0.0167537,-0.0279229,-0.0462182
37166,-0.0183733,-0.0130121,-0.0121485
37167,0.00269921,0.0744796,0.196603
37168,0.0167537,0.0277926,0.0786657
37169,0.000558457,0.00428151,0.0268137
37170,-0.164149,-1.50774,-4.00187
37171,0.0186152,0.0409535,0.114303
37172,-0.0111691,-0.0376959,-0.0789386
37173,-0.0125653,-0.0125653,-0.00951599
37174,0.000539842,-0.0028109,0.00850237
37175,-0.0511547,-0.774748,-2.08716
37176,0.0487161,0.779625,2.13494
37177,0.00558457,0.00558457,0.0277985
37178,0.00355551,0.0892974,0.247923
37179,0.0340287,0.0433363,0.110059
37180,-0.00556596,-0.00928901,-0.00397189
37181,-0.0471152,-0.0582843,-0.10979
37182,0.00372305,0.00176845,0.017236
37183,-5.58457e-05,-0.00657118,-0.00853707
37184,-0.0103873,-0.0290956,-0.0521998
37185,0.0109272,0.00534258,0.0246765
37186,-0.0287978,-0.0308455,-0.0488354
37187,-0.0726739,-1.408,-3.81275
37188,0.0183546,0.0127701,0.0409307
37189,-0.00510058,-0.00930762,-0.002408
37190,0.00137753,0.0162697,0.0553155
37192,0.0214075,-0.121595,-0.288817
37193,0.0595502,0.0632732,0.160865
37194,0.00186152,-0.00186152,0.0120268
37195,-0.0111691,-0.078184,-0.197386
37196,0.0210352,0.0390362,0.104287
37197,0.039092,0.0446766,0.114559
37198,0,0.00930762,0.0403823
37199,-0.0322044,-0.104804,-0.250136
37200,0.0311992,0.0479529,0.12149
37201,-0.0173122,-0.104804,-0.263378
37202,-0.365306,-1.93723,-5.09566
37203,0.0326884,0.0356668,0.0946815
37204,-0.221466,-1.98182,-5.29151
37205,-0.169343,-1.92441,-5.16737
37206,-0.192035,-1.92645,-5.09418
37207,0.00372305,0.0167537,0.0556619
37208,-0.0310875,0.0185036,0.0855896
37209,-0.00189876,-0.0013403,0.0108626
37210,0.035369,0.0406557,0.105529
37211,0,0,0.0161054
37212,0.048139,0.0742004,0.18047
37213,0.00930762,0.0111691,0.0401346
37214,0.114465,1.86737,5.05234
37215,-0.00930762,-0.0223383,-0.0404371
37216,0.15903,1.87549,5.06378
37217,0.00284813,-0.000819071,0.0113778
37218,-0.191886,-2.01828,-5.41228
37219,0.0666984,0.935565,2.53727
37220,-0.00515642,-0.858815,-2.33788
37221,0.0309572,0.0402648,0.103628
37222,-0.0173122,-0.0208118,-0.028569
37223,0.0072041,0.0072041,0.0318478
37224,-0.00130307,0.0132168,0.051867
37225,0.180493,2.04852,5.53005
37226,0.0763784,1.94872,5.34331
37227,-0.0143337,-0.0124722,-0.00775166
37228,-0.00614303,-0.0181685,-0.0298094
37229,0.00428151,0.0019546,0.0174808
37230,-0.00428151,-0.00335074,0.00911087
37231,0.0291701,-0.0606113,-0.141434
37232,0.512478,3.80122,10.0936
37233,-0.00930762,-0.0240137,-0.0451676
37234,0.00372305,-0.0120999,-0.0222411
37235,0.38515,3.4535,9.18557
37236,0.0236414,-0.0362997,-0.100562
37237,0.0111691,0.0148922,0.0437404
37238,0.181089,1.55538,4.12497
37239,0.257077,2.2114,5.94526
37240,-0.0167537,-0.0369327,-0.076107
37241,0.116867,0.77391,2.06206
37242,0.0657118,0.0355179,0.0612814
37243,-0.0396505,-0.0394085,-0.0634873
37244,0.157243,1.51621,4.0692
37245,0.0322044,0.0344382,0.0827504
37246,-0.00521227,-0.0124722,-0.015875
37247,0.00186152,-0.00223383,0.00734576
37248,0.0240509,0.0147433,0.0410605
37249,0.00843271,-0.00295982,0.00838978
37250,-0.0316459,-0.0316459,-0.0494972
37251,1.86152e-05,0.00746472,0.0343073
37252,0.00558457,0.0800456,0.243381
37253,0.00130307,0.00279229,0.0189603
37254,-0.0186339,-0.029803,-0.0472427
37255,-0.0389431,-0.0408046,-0.0699752
37257,0.0191179,0.086412,0.252629
37258,0.0161953,0.0292259,0.0786998
37259,0.000241998,-0.00370443,0.00690679
37260,0.00457935,-0.0587125,-0.157608
37261,-0.00930762,-0.00930762,-0.00282855
37262,0,1.86152e-05,0.0161574
37263,0.00372305,0.00536119,0.0278692
37264,0.00577073,0.00204768,0.0221556
37265,0.00372305,0.00186152,0.0191313
37266,-0.0130493,-0.0130493,-0.0112175
37267,-0.000558457,-0.00184291,0.0113488
37268,0.00204768,0.0039092,0.0251624
37269,0.0226548,0.03885,0.102847
37270,-0.00660841,-0.00638503,0.00289246
37271,0.00558457,0.0057335,0.0281618
37272,0.299128,2.81237,7.52951
37273,0.049107,0.0504101,0.121555
37274,0,0.0074461,0.0295979
37275,-0.0223383,-0.0297844,-0.0478747
37276,0,-0.035369,-0.0754539
37277,0,0.00688764,0.0329801
37278,-0.0155623,-0.0174239,-0.0194269
37279,0.0324278,0.0435969,0.107243
37280,-0.0518062,-0.0722644,-0.139223
37281,0.0245163,0.04127,0.108087
37282,-0.0245163,-0.0411025,-0.0757213
37283,-0.0199369,-0.06977,-0.161528
37284,-0.0074461,-0.0130307,-0.00872561
37285,-0.000558457,-0.00241998,0.0103954
37286,-0.375228,-3.01251,-8.00755
37287,0.00558457,-0.0037789,0.00432274
37288,0.00385336,0.0258194,0.081248
37289,0.431036,3.1096,8.24518
37290,-0.0186152,-0.00660841,0.0104644
37291,0,-0.00930762,-0.0100385
37292,-0.0316459,-0.0558644,-0.111107
37293,-0.00372305,-0.00558457,0.00376929
37294,0.00372305,-0.00558457,0.000538932
37295,0.159179,1.39272,3.76205
37296,-0.0483996,-0.0502612,-0.0884217
37297,-0.153948,-1.4198,-3.81051
37298,0.0117276,0.0297472,0.0952491
37299,-0.149406,-1.47569,-3.94733
37300,-0.00282952,0.00402089,0.0301234
37301,0.00241998,0.00428151,0.0257132
37302,0.0169026,0.0182616,0.0546877
37303,-0.00930762,-0.00845132,-0.00103926
37304,-0.00748333,-0.00934486,-0.00410406
37305,0,0.00126584,0.0193268
37306,0,0,0.0161054
37307,3.72305e-05,0.00750195,0.0343983
37308,0.0111691,0.00349967,0.0216398
37309,-3.72305e-05,-0.0105548,-0.0157508
37310,-0.011709,-0.0330235,-0.0619141
37311,-0.00130307,-0.0645949,-0.163394
37312,-0.00927039,-0.0111878,-0.00800182
37313,-0.00078184,-0.00394643,0.00263458
37314,0.00428151,0.00800456,0.0341516
37315,-0.0015823,-0.0026806,0.0216833
37316,-0.00398366,-0.0212028,-0.0407068
37317,-0.00273644,0.0019546,0.0217855
37318,0.00197322,0.0079301,0.0355718
37319,0.00104245,0.00104245,0.0182881
37320,0.0210538,0.0414934,0.112782
37321,-0.0074461,-0.0188386,-0.0273021
37322,-0.00733441,-0.0111878,-0.00870434
37323,0.0025689,0.0025689,0.0207706
37324,-0.00188014,0.00184291,0.0212502
37325,-0.1952,-1.54198,-4.07333
37326,0.00456074,0.0228781,0.0708386
37327,0.00348105,-0.000186152,0.0140799
37328,-0.290901,-1.57159,-4.10835
37329,-0.00372305,-0.00619888,0.000409586
37330,0.0367279,0.0311992,0.0793297
37331,0.0329304,0.386639,1.07788
37332,-0.0127701,-0.0109085,-0.00714133
37333,-0.00761364,-0.00668287,0.00271146
37334,-0.00074461,0.000893532,0.0189028
37335,-0.0074461,-0.00977301,-0.00544722
37336,0.00351828,-0.000111691,0.0142053
37337,0.00465381,0.00651534,0.0303904
37338,-0.0122488,-0.0159719,-0.0190804
37339,0.0568696,-0.282263,-0.820871
37340,-0.0481018,-0.0535002,-0.104403
37341,0.00577073,0.00204768,0.0186493
37342,0.0164745,0.0146502,0.0457037
37343,0.0186152,0.0207002,0.0602765
37344,0.0193226,0.0118765,0.0372569
37345,-0.0199183,-0.0284255,-0.047536
37346,0.00560319,0.00513781,0.0266451
37347,-0.0180568,-0.0199183,-0.026243
37348,-0.0074461,8.67362e-19,0.0200932
37349,0.0241998,0.0297844,0.0803977
37350,-0.0204768,-0.0241998,-0.036509
37351,-0.00167537,-0.00167537,0.0125975
37352,0.14559,1.52444,4.11351
37353,-0.0266384,-0.0564228,-0.11739
37354,0.00930762,0.0148922,0.0485578
37355,0.0144268,0.0329676,0.0940452
37356,0.0279229,0.0297844,0.0785571
37357,-0.00558457,-0.0113367,-0.0109943
37358,0.0344941,0.0357971,0.0912372
37359,0.0648928,1.44499,3.95067
37360,0.0148922,0.00558457,0.0201742
37361,0.00260613,0.00446766,0.0261029
37362,-0.0483996,-0.0521972,-0.0943014
37363,-0.163907,-1.56363,-4.17317
37364,0.0148922,0.0180568,0.0550062
37365,-0.000837686,0.015916,0.0578471
37366,0.0200114,0.0162883,0.0488435
37367,0.0110575,1.86152e-05,0.00418669
37368,-0.00186152,0.00372305,0.0258299
37369,-0.00148922,-0.00335074,0.00561592
37370,-0.00558457,-0.0129376,-0.0126357
37371,-0.0327628,-0.0420705,-0.0737495
37372,-0.00316459,-0.00504473,0.00465638
37373,0.00130307,0.00130307,0.0188338
37374,-0.000186152,0.0165676,0.0568109
37375,0.0229526,0.0174239,0.0489253
37376,-0.0128445,-0.00725995,0.0131387
37377,-0.00564042,0.00932624,0.0420998
37378,0.0142407,-0.0030529,0.00173344
37379,0.0303987,0.0345313,0.090064
37380,-0.0201789,0.328038,0.990456
37381,0.0117276,0.00241998,0.0143613
37382,0.168617,1.56521,4.20761
37383,-0.0377517,-0.0433363,-0.0752009
37384,0.00558457,0.0111691,0.042079
37385,0.015823,0.015823,0.0465375
37386,0.0336191,0.0112808,0.0320092
37387,-0.0297844,-0.0261358,-0.0374597
37388,0.0111691,0.0242371,0.0713807
37389,-0.0943235,-0.0943235,-0.181391
37390,0,-0.00372305,0.00702397
37391,-0.00558457,-0.0111691,-0.00920985
37392,0.0164931,0.0240323,0.0691192
37393,0.0241998,0.0167537,0.0486126
37394,0.0152645,0.0262475,0.0748339
37395,-0.000558457,-0.00899117,-0.00488475
37396,-0.0155623,-0.0174239,-0.0216783
37397,-0.00135891,-0.00135891,0.0132601
37398,-0.0186339,-0.0242184,-0.0367615
37399,0.00928901,0.0130121,0.0446364
37400,0.0167537,0.0189689,0.0567382
37401,-0.000800456,-0.00672011,-0.0008496
37402,0.00186152,0.0019546,0.0202416
37403,-0.00333213,-0.00431874,0.00660758
37404,-0.00251306,-0.0155437,-0.0211703
37405,0.188256,1.60752,4.30695
37406,-0.00560319,0.00772533,0.0426488
37407,-0.0167723,-0.0203092,-0.0289355
37408,0.0186339,0.0186339,0.0555789
37409,0.0220591,0.0227478,0.0642073
37410,0,0.00186152,0.0212007
37411,-0.00874917,-0.00856301,-0.00169387
37412,-0.00178706,-0.00833963,-0.00411599
37413,0.00930762,0.0874917,0.260209
37414,-1.86152e-05,0.00928901,0.0387701
37415,-0.00372305,-0.00372305,0.00911726
37416,0.00930762,0.0148922,0.0492161
37417,0.0148922,0.0148736,0.0472416
37418,-0.00558457,0.00480273,0.0294552
37419,0.188033,1.48896,3.99056
37420,-0.020272,-0.0444904,-0.0864948
37421,0.0158416,0.0444904,0.119153
37422,0.199127,1.57211,4.18852
37423,0.043932,0.0480832,0.116598
37424,-0.0136636,-0.0272527,-0.0503979
37425,-0.021966,-0.0198439,-0.0225399
37426,0.0204768,-0.0181126,-0.0351557
37427,-0.0558457,-0.0614303,-0.118008
37428,-0.00372305,0.335186,0.832693
37429,-0.1804,-1.89122,-4.9448
37430,-0.0167537,-0.0111691,-0.00260083
37431,0.0111691,0.011951,0.0413987
37432,-0.341329,-0.333883,-0.677334
37433,0.00130307,0.00502612,0.0283727
37434,-0.0155996,-0.0174611,-0.021985
37435,0.00178706,0.00364859,0.0246167
37436,0.00320182,0.00426289,0.0252147
37437,0.000558457,0.00800456,0.0354376
37438,0.00560319,0.00910286,0.0362951
37439,-0.00757641,-0.00757641,0.000241781
37440,0.00271783,-0.0103128,-0.0115902
37441,0.0041512,0.0041512,0.0247973
37442,0.386062,2.96291,7.88726
37443,-0.00186152,0.0182988,0.0620991
37444,0.00130307,-0.00506335,0.00413673
37445,-0.00316459,-0.0174983,-0.0286575
37446,0.0148922,-3.46945e-18,0.00792703
37447,-0.00186152,0.00186152,0.0212892
37448,0.0222452,0.0201417,0.0577509
37449,0.12301,1.41787,3.79608
37450,-0.0111691,-0.00225245,0.0108037
37451,0.267017,1.55013,4.06377
37452,-0.00800456,-0.0024386,0.0137148
37453,0.0257821,0.0325022,0.100535
37454,-0.0372305,-0.0381613,-0.0641661
37455,0.0430943,0.0352945,0.0873115
37456,0.0154507,0.0323905,0.0872308
37457,0,-0.00372305,0.00702397
37458,0.0626403,0.0607788,0.142722
37459,-0.00558457,-0.00372305,0.00895304
37460,0.0100895,0.0100895,0.037082
37461,-0.00446766,-0.0144268,-0.0193971
37462,0.00372305,0.00653395,0.0315355
37463,-0.0186152,-0.0204768,-0.0274123
37464,-0.00493304,-0.00679457,0.00123579
37465,-0.00819071,-0.030529,-0.0631358
37466,0.0146688,0.0225803,0.0674947
37467,-0.0117276,-0.0154507,-0.0175315
37468,0.00724133,0.0637014,0.186416
37469,0.00351828,0.00351828,0.0229175
37470,-0.00614303,0.0194529,0.0754322
37471,0.00698072,0.0123233,0.0442112
37472,-0.0204768,-0.0267129,-0.0451105
37473,0.317222,1.74226,4.56146
37474,-0.338556,-1.85188,-4.83803
37475,-0.0334888,-0.0472269,-0.0912972
37476,0.0190062,0.0144082,0.0425428
37477,-0.00130307,-0.0126398,-0.0107819
37478,-0.0204768,-0.0130307,-0.00862948
37479,0.0148922,0.0223383,0.0669154
37480,0.0336936,0.0262475,0.069839
37481,-0.0223383,-0.0186152,-0.0181484
37482,0.1218,1.45953,3.94869
37483,0,-0.0130307,-0.0204365
37484,0.0215006,0.0233621,0.06617
37485,-0.0277367,-0.028109,-0.0421789
37486,-0.00372305,0.000651534,0.0205276
37487,-0.0025689,0.00485858,0.0301516
37488,0.375898,3.04424,8.10598
37489,-0.0321113,-0.0382357,-0.0642875
37490,-0.101528,-0.829067,-2.19932
37491,-0.0167537,-0.0186152,-0.0256609
37492,-0.492131,-4.07091,-10.8453
37493,-0.00558457,-0.0111691,-0.0108243
37494,0.210296,1.60996,4.32359
37495,-0.255699,-1.63712,-4.33486
37496,0.0244418,0.0322602,0.088093
37497,0.0601273,0.748556,2.04268
37498,0.0688764,0.741613,2.01906
37499,0,0,0.0161054
37500,-0.0860025,-1.50216,-4.07207
37501,0.00917732,0.0315156,0.0898098
37502,-0.000186152,-0.00441181,0.00563695
37503,0.107187,1.44763,3.93915
37504,0.00558457,-0.00186152,0.00525368
37505,-0.0130307,-0.0241998,-0.0384228
37506,0,0.0111691,0.0433498
37507,0.00279229,-0.00465381,0.00378907
37508,-0.190155,-1.52334,-4.06455
37509,-0.00539842,0.000465381,0.0219425
37510,0,-0.00558457,0.00329049
37511,0.00206629,0.000204768,0.0152329
37512,0.133639,1.44702,3.92893
37513,-0.0111505,-0.0186152,-0.0316281
37514,-0.00858163,0.00631057,0.0364337
37515,0.00227106,0.000409535,0.0155126
37516,0,-0.0796919,-0.216422
37517,-0.000800456,-0.00638503,0.000807235
37518,0.556931,3.53995,9.32435
37519,-0.0507266,-0.0466312,-0.0795465
37520,0.00279229,-0.00837686,-0.00505402
37521,0.0284813,0.0997591,0.273969
37522,-0.0232691,-0.0382171,-0.0691716
37523,0.000558457,-0.0236414,-0.0535023
37524,0.00297844,0.00856301,0.0385931
37525,-0.00186152,0.000763225,0.0189372
37526,-0.00368582,-0.00368582,0.00829155
37527,0.00372305,0.00372305,0.0239008
37528,-0.00688764,-0.0217798,-0.0462358
37529,0,0,0.0161054
37530,0.0575584,-0.0208118,-0.0540105
37531,-0.0594199,-0.0575584,-0.10354
37532,0,0.00735302,0.0339786
37533,0.00856301,0.0160091,0.0521977
37534,0.0101453,0.00642226,0.0282664
37535,-0.00930762,-0.00545427,0.00601622
37536,-0.00372305,0.00372305,0.0290948
37537,-0.00372305,-0.00558457,0.00386634
37538,0,-0.00202906,0.0121363
37539,0.00372305,0.00930762,0.041212
37540,-0.00342521,-0.0168654,-0.0238504
37541,-0.00614303,-0.00614303,0.00324301
37542,0.00372305,0.0103315,0.0390139
37543,0.00558457,0.00558457,0.0277985
37544,0.0160091,0.0215937,0.0632478
37545,-0.0196577,-0.0347361,-0.0656722
37546,0.000930762,0.00651534,0.0319052
37547,0.0284813,0.0340659,0.0893624
37548,-0.0241998,-0.0393713,-0.0716703
37549,0.0227851,0.0212214,0.0595119
37550,-0.00186152,0.0074461,0.0341041
37551,0.137716,1.756,4.67546
37552,0.00253167,-0.00863748,-0.00969939
37553,-0.221224,-1.86761,-4.8986
37554,0.19842,1.86428,4.92364
37555,-0.0128445,-0.026899,-0.0481923
37556,-0.0223383,-0.0148922,-0.0118178
37557,-0.133267,-1.81849,-4.81809
37558,0.00558457,0.00558457,0.0277985
37559,-0.018094,-0.014371,0.000502959
37560,-0.0166234,-0.0184849,-0.0232418
37561,-0.0041512,0.0268246,0.0829712
37562,0.00714826,0.0145944,0.0492355
37563,0.00737164,0.0141476,0.0478316
37564,0.0456074,0.0514712,0.126808
37565,-0.0112436,-0.0116159,-0.00839058
37566,-0.0238275,-0.0349967,-0.0610295
37567,-0.000558457,0.00686903,0.0330513
37568,0.0210352,0.0233435,0.0652502
37569,-0.0528487,-0.112027,-0.2537
37570,0.00186152,0.00186152,0.0200031
37571,0.0338611,0.036095,0.0935937
37572,-0.00930762,-0.0150784,-0.0183542
37573,0.00930762,0,0.00837197
37574,0.00800456,0.00986608,0.0374062
37575,0.118989,1.77307,4.75159
37576,0,-0.00649672,-0.00378053
37577,0.0130307,0.0241998,0.0704329
37578,-0.00186152,-0.00186152,0.0122077
37579,0.0510989,0.0306221,0.0702095
37580,-0.0186152,-0.0291143,-0.0490284
37581,0,0,0.0161054
37582,0.0410094,0.0452351,0.112497
37583,-0.000800456,-0.00452351,0.00534796
37584,0.0278112,0.0349408,0.0917487
37585,0.00430012,0.00616165,0.0296498
37586,-0.00422566,-0.00396505,0.00789334
37587,0,0.000595688,0.018093
37588,0,-0.0325767,-0.0598684
37589,0.241793,1.93353,5.14363
37590,0.00186152,-0.00186152,0.00941374
37591,-0.173941,-1.90596,-5.10582
37592,0.0069621,0.00552873,0.026729
37593,0.0459052,0.0539098,0.134823
37594,-0.00936347,-0.0130865,-0.0130389
37595,0.00357413,-0.027625,-0.0581702
37596,0.000521227,0.000521227,0.0171968
37597,0.183881,1.86972,5.01457
37598,-0.0269549,-0.0269549,-0.0426472
37599,1.86152e-05,-0.00145199,0.0132565
37600,0.0223383,0.000316459,0.0119917
37601,0.00167537,0.0314598,0.0988476
37602,-0.000558457,-0.00986608,-0.00753877
37603,0.00843271,0.0233063,0.0693775
37604,-0.00800456,-0.00785564,-0.000370423
37605,0,0.000130307,0.016349
37606,0.00372305,0.00165676,0.0186067
37607,-0.00284813,-0.0688206,-0.150781
37608,-0.0113367,-0.0150597,-0.016713
37609,0.00725995,0.014706,0.0494122
37610,0.334274,1.85222,4.87027
37611,-0.0111691,0.00215937,0.0214006
37612,0.0197694,0.0157113,0.0471978
37613,-0.0130307,-0.0539656,-0.111955
37614,-0.0266198,-0.0303429,-0.0487131
37615,0.027625,0.0127328,0.0376215
37616,0.0293935,0.0269363,0.0699897
37617,0.0074461,0.011225,0.0425526
37619,0.0344568,0.0543379,0.136139
37620,-0.0440065,-0.0905446,-0.207082
37621,0.00241998,0.00428151,0.0259419
37622,0,0.000372305,0.018332
37623,-0.0414748,-0.0340845,-0.0527358
37624,0.0074461,0.0111691,0.0399292
37625,0.687331,5.29006,14.0192
37626,-0.0189131,-0.0527556,-0.113892
37627,-0.0479901,-0.00982885,0.00523467
37628,0.02124,-0.0156554,-0.0352877
37629,0.0290398,0.0324836,0.0849307
37630,-0.0435597,-0.0709241,-0.163728
37631,0.0303429,0.0359274,0.0930313
37632,-0.015823,-0.019546,-0.0183639
37633,0.185166,1.71889,4.61038
37634,0.0500378,0.0364487,0.0826773
37635,-0.0426103,-0.0577073,-0.112565
37636,0.0152459,0.0037789,0.0180311
37637,-0.0241998,-0.039092,-0.0665476
37638,0.00537981,0.12824,0.370478
37639,0,-0.0074461,-0.00205748
37640,0,-0.0179823,-0.0364874
37641,0.0529976,0.00645949,0.0135548
37642,-0.000558457,-0.000558457,0.0149361
37643,0.00372305,-0.00215937,0.00826479
37644,-0.395127,-2.07247,-5.45894
37645,0.0251492,0.0272341,0.0781989
37646,0.0204768,0.0400228,0.106543
37647,-0.010983,-0.0176286,-0.021035
37648,-0.00930762,-0.0035369,0.0107835
37649,0,-0.0148736,-0.0201669
37650,0.0228968,0.041512,0.109454
37651,-0.0191737,-0.0396505,-0.0748652
37652,0.00558457,0.00472827,0.0260092
37653,0.0460169,0.822347,2.24186
37654,0.000930762,0.0037789,0.0260647
37655,-0.0217798,-0.792526,-2.14528
37656,-0.00372305,-0.00930762,-0.00643324
37657,0.00372305,0,0.0139044
37658,0.00820933,0.0112622,0.0399869
37659,0.151454,1.89328,5.14048
37660,-0.0498889,-0.057335,-0.110898
37661,0.0132541,-0.00554734,-0.0150127
37662,0.0210352,0.0228968,0.0646901
37663,-0.0601273,-0.0601273,-0.108887
37664,0.0772347,0.0698072,0.159703
37665,-0.00186152,-0.00186152,0.0122077
37666,0.00154507,0.00558457,0.0303303
37667,0.0130865,0.0171819,0.0537918
37668,-0.0185966,-0.0203092,-0.0234553
37669,-0.0433735,-0.0561436,-0.111278
37670,-0.00651534,-0.00465381,0.00781144
37671,-0.0241998,-0.0260613,-0.0391054
37672,0.0266198,0.0228968,0.0609353
37673,-0.00483996,-0.00111691,0.0150528
37674,-0.00160091,-0.0182429,-0.0476337
37675,-0.00822794,-0.0323533,-0.0599702
37676,0.0074461,0.0114298,0.0416421
37677,-0.00731579,-0.00545427,0.00613543
37678,0.00405812,-0.0275878,-0.0647863
37679,0.00372305,0.00372305,0.0239008
37680,0.000856301,0.0213331,0.0752362
37681,0.0290398,0.0453281,0.116641
37682,0.159011,1.99211,5.46163
37683,0.00761364,0.00798594,0.0299383
37684,-0.00930762,-0.0186152,-0.0271958
37685,-0.0206629,-0.035369,-0.0655123
37686,-0.222527,-2.13234,-5.80314
37687,0.0308641,0.0364487,0.0969806
37688,-0.0155251,-0.0155065,-0.016514
37689,-0.00186152,0.206629,0.592949
37690,-0.172563,-2.19411,-5.93311
37691,0.170441,2.13513,5.8198
37692,-0.0457935,-0.0569627,-0.107022
37693,0.000558457,-0.00316459,0.00819328
37694,-0.00820933,0.0179451,0.0697578
37695,0.0367093,0.0311247,0.0767167
37696,-0.0106479,-0.0106479,-0.00618942
37697,-0.0315342,-0.0349967,-0.0583674
37698,-0.00819071,-0.0195088,-0.027138
37699,0.00372305,0.0074461,0.0329823
37700,0,-0.0148922,-0.0274497
37701,-0.00186152,0.00186152,0.0212892
37702,0,0,0.0161054
37703,-0.00800456,-0.0117276,-0.0107721
37704,-0.154023,-2.24444,-6.07851
37705,0.00930762,0.0074461,0.0305957
37706,0.00765087,0.0281276,0.0859974
37707,-0.0189131,-0.0247583,-0.0367451
37708,-0.00954962,-0.00928901,-0.00325408
37709,0,0,0.0161892
37710,0.0253912,0.0553804,0.149414
37711,-0.0158043,-0.0163628,-0.0181195
37712,-0.0325953,-0.0284999,-0.0421114
37713,-0.00372305,-0.00394643,0.00796643
37714,0.00428151,0.00269921,0.0219675
37715,-0.00960547,-0.00986608,-0.00464241
37716,0.0135705,-0.00128445,0.00386456
37717,-0.000316459,-0.000316459,0.0154428
37718,-0.00435597,-0.0127328,-0.0134485
37719,0.00428151,0.00614303,0.0295947
37720,-0.00794871,-0.00794871,-0.000537759
37721,0.00035369,-1.86152e-05,0.0239143
37722,0.000912147,0.00282952,0.0229481
37723,0.0279601,0.0409908,0.107806
37724,-0.00932624,-0.00923316,-0.00318358
37725,-0.201138,-2.23567,-5.9879
37726,-0.00372305,0.0547847,0.168686
37727,0.049256,0.0638875,0.156339
37728,-0.0374539,-0.0597736,-0.11676
37729,-0.000930762,0.0046352,0.0269261
37730,-0.0666426,-1.96722,-5.2851
37731,-0.0162511,-0.0288164,-0.0508535
37732,-0.00186152,-0.0074461,-0.000378464
37733,-1.86152e-05,-0.00746472,-0.00604282
37734,0.00558457,-0.0130307,-0.0176087
37735,0.0262103,0.0243487,0.0664149
37736,0.110072,2.03057,5.46355
37737,-0.533476,-4.31418,-11.3717
37738,-0.0140917,-0.0139801,-0.012716
37739,0.0215937,0.0606857,0.162325
37740,0.000260613,0.0139242,0.0549247
37741,0.0167537,0.0167537,0.051992
37742,-0.00558457,-0.0148922,-0.0182913
37743,0.0353131,0.0456446,0.119994
37744,-0.0199183,-0.0638503,-0.14283
37745,-0.0228968,-0.0173122,-0.0159414
37746,0.00558457,0.00558457,0.0277985
37747,0.000558457,0.000558457,0.0142951
37748,-0.000558457,-0.0210352,-0.0432687
37749,0.0191737,0.01761,0.0504972
37750,0.194362,1.9692,5.30548
37751,0.326474,2.22761,5.85505
37752,-0.0247583,-0.0228968,-0.0311663
37753,-0.0638503,-0.0642226,-0.120846
37754,0.00372305,0.0113739,0.0435612
37755,0.011709,0.0111505,0.0390622
37756,0.00558457,0.00558457,0.0277985
37757,0.0284813,0.0340659,0.0732175
37758,0.284962,2.24103,5.96004
37759,-0.00930762,0.00297844,0.0302964
37760,-0.0112622,-0.00359274,0.00578364
37761,-0.0223383,-0.0186152,-0.020766
37762,0.00802317,-0.000372305,0.0120901
37763,0.0242184,0.0316645,0.0847486
37764,0.000930762,-0.0191737,-0.031183
37765,0,0.000763225,0.0185216
37766,0.195404,2.22491,5.99973
37767,0.00372305,-0.0111691,-0.0187884
37768,0.0241998,0.0316459,0.0903293
37769,0,0.0167537,0.0628963
37770,0.0130307,-0.0526812,-0.117096
37771,-0.0442112,-0.0483438,-0.0872177
37772,0.0297844,0.0316459,0.0830093
37773,-0.0074461,-0.0260613,-0.0498759
37774,0.00930762,0.0111691,0.0360266
37775,-0.0838989,-0.087622,-0.168645
37776,0,0,0.0156759
37777,0.00930762,0.0148922,0.0496736
37778,0.0130307,-0.0111691,-0.0156401
37779,0.00372305,0.00653395,0.0319967
37780,-0.0148922,-0.0164,-0.0192516
37781,0,0,0.0161054
37782,-0.00558457,-0.00558457,0.00441232
37783,-0.00558457,-0.0074461,-0.00285231
37784,-0.0185966,-0.0188759,-0.0236348
37785,0.00558457,0.0046352,0.025147
37786,0.00372305,0.00372305,0.0239008
37787,0,-0.000223383,0.0154815
37788,-0.00558457,-0.00558457,0.00441232
37789,0.0177031,0.0153948,0.0471163
37790,-0.00428151,-0.00711103,0.000238809
37791,-0.0779048,-0.0779048,-0.147013
37792,-0.00130307,-0.00130307,0.013377
37793,-0.0101639,-0.0157485,-0.0192557
37794,0.00148922,-0.000372305,0.0153578
37795,-0.0019546,-0.0019546,0.0120128
37796,0.0161953,-0.00416982,-0.00648602
37797,-0.0106107,-0.0129376,-0.0119519
37798,0.00800456,0.0117276,0.0424045
37799,-0.000558457,0.00688764,0.033099
37800,-0.0294679,-0.0406371,-0.0722691
37801,-0.574392,-4.94596,-13.0817
37802,0.272769,2.43761,6.48648
37803,0.147396,2.29671,6.21639
37804,-0.136022,-2.33383,-6.29084
37805,-9.30762e-05,0.00558457,0.0297597
37806,-0.0167351,0.00132168,0.0314963
37807,0.0528673,0.0465009,0.111271
37808,-0.00186152,-0.0148922,-0.0195773
37809,0.192854,2.29189,6.19117
37810,0,-0.0167537,-0.0328533
37811,0,-0.00372305,0.00499738
37812,0.00186152,0.0179823,0.0661514
37813,-0.000204768,0.0240323,0.0752544
37814,-0.000558457,-0.000558457,0.0149614
37815,0.0154693,0.0208305,0.0617223
37816,1.86152e-05,-0.00113553,0.0129726
37817,-0.0154507,-0.0228968,-0.0353234
37818,-0.0549522,-0.0698444,-0.136653
37819,0.0467987,0.0822049,0.212243
37820,-0.0359274,-0.0359274,-0.0591202
37821,-0.00186152,-0.00186152,0.0122077
37822,0.0396505,0.0480273,0.120421
37823,-0.0154507,-0.0117462,-0.00675854
37824,0.0203651,0.0203651,0.0587462
37825,0,0,0.0116882
37826,0,0.0370071,0.124448
37827,-0.0279229,-0.0185966,-0.0187074
37828,0.0074461,0.0111691,0.0407777
37829,-0.0651534,-0.000819071,0.0364311
37830,0,0.00372305,0.029483
37831,-0.00804179,-0.00869332,-0.00264168
37832,0.118989,0.115266,0.256975
37833,-0.0014706,-0.0126398,-0.0207717
37834,0.00930762,0.0130307,0.0451329
37835,0.00186152,-0.000558457,0.0132444
37836,0.766483,4.88637,12.9957
37837,0.00967993,0.00614303,0.0219677
37838,-0.0220032,-0.0349594,-0.0633102
37839,-0.00766948,-0.0337308,-0.0711859
37840,0.10445,0.0387569,0.0479987
37841,0.269586,2.21142,5.86183
37842,0.00241998,0.00320182,0.0124058
37843,-0.0280532,-0.0373608,-0.062523
37844,0.000223383,-0.0323719,-0.0654739
37845,-0.0074461,-0.0074461,0.000743366
37846,0,0.00141476,0.0195654
37847,0.00928901,-0.00186152,0.0017587
37848,-0.00930762,0.0446766,0.138797
37849,-0.00186152,0.00372305,0.00568068
37850,0,0,0.0170091
37851,0,0.00571488,0.0421147
37852,-0.237512,-2.27696,-6.0252
37853,-0.0403765,-0.0567579,-0.109947
37854,0.0322044,0.0582657,0.154117
37855,-0.00186152,0,0.0167484
37856,0.00374167,0.00560319,0.0284805
37857,-0.00372305,-0.0223383,-0.0370972
37858,-0.105697,-2.04764,-5.55787
37859,-0.0208863,-0.017126,-0.0175932
37860,-0.00335074,-0.0048772,0.00756445
37861,-0.0874917,-0.080027,-0.147426
37862,0.0556596,0.0612442,0.142763
37863,0.27988,2.28029,6.10375
37864,0.00832102,0.014855,0.0509316
37865,-0.0316459,-0.0577073,-0.11986
37866,-0.0482135,-0.0556596,-0.103157
37867,-1.86152e-05,0.00184291,0.0214144
37868,-0.00372305,-0.0074461,-0.00151345
37869,-0.041512,-0.0396505,-0.0654653
37870,0.0634966,0.0728042,0.172418
37871,-0.00558457,0.00368582,0.0271336
37872,-0.00186152,-0.00930762,-0.00514793
37873,0.105269,0.112808,0.254946
37874,0.599374,4.84728,12.8162
37875,0.0063478,0.0212586,0.0717939
37876,0.039092,0.0223383,0.047892
37877,0.396523,2.67121,7.11371
37878,-0.00800456,-0.0205885,-0.0288589
37879,-0.0595688,-0.0631802,-0.116658
37880,0.0156927,0.0175542,0.0537112
37881,0.00167537,-0.00580796,-0.00159888
37882,-0.231052,-2.57492,-6.93888
37883,-0.052495,-0.113292,-0.243484
37884,-0.00614303,-0.00800456,-0.00129771
37885,-0.0139801,-0.0191737,-0.0258349
37886,0.0192296,0.0247583,0.0694894
37887,-0.0266198,-0.0340659,-0.0577946
37888,0.0059755,0.0059755,0.028617
37889,0.0505032,0.0579493,0.140917
37890,-0.0247583,-0.0320182,-0.0541638
37891,-0.00558457,-0.00558457,0.00441232
37892,0,-0.014706,-0.0213395
37893,0.00750195,0.0037789,0.0210208
37894,-0.384554,-2.49513,-6.57062
37895,0.0182616,0.0312922,0.0923308
37896,-0.0236414,-0.0235483,-0.0331569
37897,0.287959,2.34156,6.26203
37898,-0.0626962,-0.0738467,-0.149371
37899,0.0381985,0.0288909,0.0741068
37900,-0.0111691,-0.00372305,0.0108821
37901,-0.0191737,-0.0230829,-0.0351332
37902,0.0324278,0.0398739,0.105672
37903,0.0191737,0.0266198,0.0753183
37904,-0.0489581,-0.0675361,-0.134934
37905,0.0550267,0.0298402,0.0698854
37906,0.28176,2.53467,6.81369
37907,-0.0340659,-0.0626775,-0.131246
37908,0.00372305,0.00614303,0.0272591
37909,0.0328559,0.0237158,0.0598438
37910,-0.0074461,-0.000595688,0.0204717
37911,0.033433,-0.00483996,-0.00815285
37912,-0.00152645,-0.00152645,0.0129093
37913,0.00558457,0.00316459,0.0207855
37914,0.0353876,0.0540028,0.135623
37915,-0.00558457,-0.0430012,-0.086937
37916,0.120143,0.123587,0.274915
37917,-0.104804,-0.116252,-0.231344
37918,-0.0102384,-0.0379751,-0.0788535
37919,0.00558457,0.00930762,0.0368101
37920,-0.00725995,-0.00539842,0.00610338
37921,-0.00753918,-0.00753918,0.000326598
37922,0.0111691,0.0155251,0.0506522
37923,-0.00614303,-0.00545427,0.00651907
37924,0.00802317,0.0036672,0.0203941
37925,-0.0074461,-0.0074461,0.00051462
37926,-0.249612,-2.31213,-6.26459
37927,-0.00558457,0.0074461,0.0423321
37928,-0.0130307,-0.0155437,-0.0164943
37929,-0.0165676,-0.010983,-0.00519068
37930,0.0446766,0.0428151,0.105109
37931,-0.0303429,-0.0359274,-0.0610493
37932,0.00186152,-0.0408419,-0.100741
37933,-0.0253726,-0.0262103,-0.0399112
37934,0.000558457,-0.0534258,-0.106577
37935,-0.00372305,-0.00186152,0.0130765
37936,0.00372305,0.00517504,0.0272235
37937,-0.0259683,-0.0351084,-0.060551
37938,0,-0.000186152,0.0155855
37939,0.0355551,0.0355551,0.0905515
37940,0.00502612,0.0078184,0.0332593
37941,-0.00986608,-0.0108899,-0.00704979
37942,0.00186152,0.00156368,0.0192766
37943,0.00930762,0.0074461,0.0302459
37944,0.046594,0.0521785,0.12648
37945,-0.302293,-2.24761,-5.98153
37946,-0.0074461,0.0167537,0.060552
37947,-0.00139614,-0.00336936,0.0148476
37948,-0.211432,-2.05034,-5.4183
37949,0.262754,2.09338,5.56352
37950,-0.0740142,-0.113106,-0.240808
37951,0.0015823,-0.0950308,-0.227631
37952,-0.176156,-2.08604,-5.57981
37953,-0.00558457,0.0135891,0.0553356
37954,0.00184291,0.00184291,0.0199641
37955,0.535375,4.427,11.8174
37956,0.182616,2.26765,6.1642
37957,0.00424428,-0.00189876,0.00636997
37958,-0.0135891,-0.0292259,-0.0560234
37959,0.019546,0.0483252,0.13098
37960,0.00560319,0.0149108,0.0511994
37961,-0.0187083,-0.0167351,-0.0184979
37962,-0.00186152,-0.00186152,0.0122077
37963,0.0154507,0.0265081,0.0782471
37964,-0.00631057,-0.00930762,-0.00562713
37965,-0.0291515,-0.0348291,-0.0587932
37966,-0.288518,-2.39266,-6.41739
37967,0.0186152,0.0227106,0.0687776
37968,-0.00372305,-0.0024386,0.0116101
37969,-0.0134961,-0.0121371,-0.00835764
37970,-0.0111691,-0.0279229,-0.0371558
37971,0.00558457,0.00949378,0.0385697
37972,0.00558457,0.00558457,0.0277985
37973,0.0117276,0.0183174,0.0560636
37974,0.0223383,0.0241998,0.0683222
37975,0.527389,4.48121,12.045
37976,0.0266198,0.0173122,0.0452776
37977,0.00558457,-0.0074461,-0.00772478
37978,-0.0130307,-0.0074461,0.00318179
37979,-0.00614303,-0.0106107,-0.0088657
37980,0.000930762,-0.0196391,-0.036543
37981,-0.0109085,-0.0111505,-0.00709893
37982,0,0.00657118,0.0291116
37983,0.257058,3.30767,9.11847
37984,-0.0260613,-0.0288536,-0.0493648
37985,0.27746,3.31394,8.96838
37986,-0.0159347,-0.0286489,-0.0549478
37987,0,0.0141104,0.0492249
37988,0.00558457,-0.00763225,-0.00585916
37989,0.150728,3.30815,8.84295
37990,-0.209012,-3.39084,-8.99573
37991,0.0117276,0.0336936,0.102781
37992,-0.00428151,-0.00986608,-0.00666249
37993,-0.241738,-3.38194,-9.17528
37994,0.0452351,0.0526812,0.129801
37995,-0.0074461,-0.00930762,-0.00175335
37996,-0.0254098,-0.0235483,-0.0325575
37997,0.00387197,0.00189876,0.0189092
37998,-0.0251492,-0.109272,-0.265657
37999,0.00372305,0.0149853,0.0513836
38000,0.0205885,0.0224686,0.0628007
38001,-0.0266757,-0.0470035,-0.0893333
38002,0.0335074,0.0409535,0.104427
38003,0.0117276,-0.0106107,-0.0207471
38004,-0.0186152,-0.025689,-0.0401263
38005,0.00465381,0.00599411,0.0292837
38006,0.0148922,0.0223383,0.0622209
38007,-0.00930762,-0.0279787,-0.0496575
38008,-0.104245,-0.0874917,-0.160641
38009,-0.00856301,-0.0160091,-0.0200003
38010,0.00930762,0.0167537,0.0537568
38012,0.0156927,0.0156927,0.0481558
38013,-0.0228968,-0.036672,-0.0651715
38014,0.268246,3.49276,9.49125
38015,-0.00333213,-0.0145013,-0.0251269
38016,0.046352,0.0441181,0.107664
38017,-0.0279229,-0.0278112,-0.0420648
38018,0.0619888,0.0666984,0.159563
38019,-0.0220963,-0.0165117,-0.00995546
38020,-0.0316459,-0.0260613,-0.0354472
38021,0.0340659,0.0340659,0.0874333
38022,-0.00714826,0.00785564,0.0330876
38023,-0.0681318,-0.083024,-0.162876
38024,-0.00861886,-0.0254098,-0.0474525
38025,0.0340473,0.0356854,0.0919694
38026,-0.00340659,-0.00772533,-0.00524519
38027,0.0342521,0.0491443,0.124149
38029,-0.00603134,-0.0209235,-0.0328489
38030,-9.30762e-05,0.0129376,0.0485993
38031,-0.00186152,0.000446766,0.0178382
38032,0.0200114,0.0330979,0.0897989
38033,0,0.00349967,0.0217397
38034,-0.0545427,-0.0766018,-0.151169
38035,0.0074461,-0.0260613,-0.0681101
38036,0.0201975,0.0239206,0.0689424
38037,0.00107968,0.0141104,0.0521745
38038,0.0124722,-0.000279229,0.0111819
38039,-0.0130307,-0.0279229,-0.0484079
38040,0.0017126,-0.0111878,-0.0255652
38041,-0.0117648,-0.0174611,-0.0233933
38042,-0.000111691,-0.00238275,0.0101527
38043,-0.000930762,0.00202906,0.02174
38044,0,0.00202906,0.021281
38046,0.00558457,0.00558457,0.0277985
38047,-0.0074461,-0.0074461,-0.00312324
38048,-0.037398,-0.0467057,-0.0855892
38049,0.0279229,0.0372305,0.0966163
38050,0.000800456,0.000707379,0.0174886
38051,-0.00725995,-0.00725995,0.00090439
38052,0.00186152,0.00552873,0.029399
38053,-0.00204768,-0.00949378,-0.00634495
38054,0.0514898,0.0682435,0.164782
38055,0.132745,3.42898,9.23063
38056,0.0807716,0.0804551,0.178651
38057,-0.0207374,-0.0301939,-0.0511949
38058,0.0204768,0.0318321,0.0867019
38059,-0.00930762,-0.00930762,-0.00338308
38060,-0.0805668,-0.077123,-0.141596
38061,-0.215639,-3.58271,-9.55159
38062,-0.0148922,-0.010983,-0.00415663
38063,-0.0214634,-0.0134588,-0.00933792
38064,0.0173122,0.00800456,0.0258657
38065,0.0112064,0.0130121,0.0487749
38066,-0.00558457,-0.00558457,0.00441232
38067,-0.0167537,-0.0335447,-0.060272
38068,0.0130307,0.0132913,0.0440544
38069,-0.00372305,-0.00558457,0.00376929
38070,0.00722272,0.0164187,0.0539481
38071,0.0209235,0.019062,0.0546886
38072,0.321783,3.65819,9.72659
38073,0.0167537,0.0254284,0.0756372
38074,0.0269363,0.0206443,0.0523996
38075,-0.0675734,-0.0981954,-0.20122
38076,0.0460541,0.0645763,0.157932
38077,0.241384,2.69579,7.2702
38078,0.131107,0.751479,1.97777
38079,-0.0521785,-0.0695093,-0.137913
38080,0.00614303,-0.0161394,-0.0322206
38081,0,0.0223383,0.0754881
38082,-0.0192296,-0.0590662,-0.122439
38083,0.0298589,0.0447511,0.11495
38084,-0.0301009,-0.0258194,-0.0364633
38085,0.00372305,-0.00558457,-0.00116466
38086,0.105809,0.171912,0.397894
38087,-0.00711103,-0.0123233,-0.0154457
38088,-0.0282393,-0.1027,-0.235129
38089,0.0266384,0.013887,0.0387188
38090,0,-0.00372305,0.00531261
38091,-0.0765273,-0.0770299,-0.145478
38092,0.0111691,0.0651534,0.176662
38093,0.00348105,0.00323905,0.0227117
38094,-0.00604996,-0.00604996,0.00626851
38095,-0.00251306,-0.0108155,-0.0101684
38096,0,0.00558457,0.0309923
38097,0,-0.000893532,0.0138296
38098,0.0237531,0.0234924,0.0651723
38099,-0.00811625,-0.00811625,-0.000888552
38100,0.000279229,0.00148922,0.0161822
38101,-0.0284069,-0.0572605,-0.123344
38102,0.00623611,0.0192668,0.063012
38103,0.0257635,0.0447138,0.11766
38104,-0.00241998,-0.00614303,0.00195696
38105,9.30762e-05,9.30762e-05,0.0163003
38106,-0.0316459,-0.0502612,-0.0964777
38107,-0.222825,-3.56812,-9.67812
38108,-0.0284627,-0.00575211,0.0161731
38109,-0.0219288,-0.0291515,-0.0415131
38110,0.0117276,0.0117276,0.0402034
38111,0.00156368,0.00923316,0.0407623
38112,-0.00489581,0.0169399,0.0591501
38113,0.00558457,0.0074461,0.0328938
38114,0.195795,3.54081,9.6543
38115,-0.026322,-0.0225989,-0.0294691
38116,0.00558457,-0.00428151,-0.00106816
38117,0.00694349,0.0236041,0.0736466
38118,0.0334888,0.0146316,0.040685
38119,0,-0.00489581,0.0035457
38120,-0.495445,-7.16192,-19.2804
38121,0.00614303,0.00443043,0.0219181
38122,0.0472083,0.0563484,0.138566
38123,0.294009,3.66335,9.78556
38124,-0.0466498,-0.0596805,-0.118614
38125,-0.0441181,-0.0403951,-0.0671886
38126,0.0340659,0.0433735,0.112766
38127,-0.00186152,-0.00186152,0.0122077
38128,0,0.000428151,0.0169736
38129,-0.000558457,-0.00986608,-0.00668047
38130,0,0.00186152,0.0199371
38131,-0.0148922,0.00189876,0.0258973
38132,0,0,0.0161054
38133,-0.0539842,-0.0539842,-0.0962696
38134,-0.00186152,-0.00383474,0.00723017
38135,0,0.0111691,0.0433498
38136,0.0262475,0.0188014,0.0597619
38137,-0.065898,-0.0733441,-0.139378
38138,0.0586567,0.0678712,0.161399
38139,-0.0135891,-0.0228968,-0.0350514
38140,0.0288723,0.0270107,0.0822022
38141,-1.86152e-05,-1.86152e-05,0.0160664
38142,-0.00748333,-0.00297844,0.0217823
38143,0.0074461,0.0169957,0.0536296
38144,-0.00372305,-9.30762e-05,0.0180404
38145,0.00372305,0.0111691,0.0420637
38146,-0.0173494,-0.0659352,-0.151586
38147,0.00316459,-0.000558457,0.0136501
38148,0.0186152,0.0242929,0.0689645
38149,0.0139428,0.0158043,0.0498399
38150,0.0111691,0.0130307,0.0440323
38151,0.0181871,0.0219101,0.0623637
38152,-0.0091587,-0.0105735,-0.00652221
38153,0.0113739,0.0205885,0.0623237
38154,-0.0272527,-0.0292446,-0.0454988
38155,0.0269549,0.0288164,0.0770848
38156,-0.00986608,-0.0135891,-0.0136338
38157,0.0013403,-0.000521227,0.01166
38158,-0.00930762,-0.0111691,-0.00746631
38159,-0.00372305,-0.00930762,-0.0055409
38160,-0.0735302,-0.0742748,-0.13967
38161,-0.00949378,-0.0132168,-0.0137693
38162,0.00303429,0.00483996,0.0270677
38163,0.0117276,0.0173122,0.0547406
38164,0.944724,11.3199,30.8112
38165,-0.0376214,-0.0525508,-0.111939
38166,0.00167537,-0.0306407,-0.0725452
38167,0.0222638,0.0185408,0.0492144
38168,0.00141476,-0.030287,-0.0704037
38170,-0.118747,-0.132615,-0.261847
38171,0.0135519,0.0135519,0.0429589
38172,0.0899117,0.100932,0.232218
38173,0.00372305,0.00279229,0.0277274
38174,0.0853695,3.00878,8.22106
38175,0.0137939,0.0119324,0.0409521
38176,0.740291,4.95315,12.7802
38177,0.0794871,0.0805296,0.185605
38178,0.000558457,-0.00930762,-0.0269052
38179,-0.00234552,-0.00266198,0.0112656
38180,-0.0111691,-0.0204582,-0.0321633
38181,-0.00372305,-0.00621749,-0.00359443
38182,-0.0461658,-0.0621749,-0.121674
38183,0.0186152,0.0234738,0.0648865
38184,0.187604,0.183863,0.396739
38185,-0.0186152,-0.0180568,-0.0213029
38186,-0.00558457,0.00372305,0.0314979
38187,-0.040544,-0.0424055,-0.0733272
38188,-0.00372305,0,0.0182951
38189,0.0454212,0.0472827,0.11575
38190,-0.00800456,-0.0349781,-0.0717123
38191,0.0024386,0.0024386,0.0211564
38192,0.00742748,0.00370443,0.0225758
38193,0.00510058,0.0250189,0.0903755
38194,-0.0337308,-0.0467615,-0.093736
38195,0.0389803,0.0278112,0.0704789
38196,-0.00785564,-0.000260613,0.0182176
38197,-0.00376028,-0.00376028,0.00823206
38198,-0.0334888,-0.0334888,-0.0540142
38199,-0.00599411,-0.0101081,-0.00779746
38200,0.0132913,0.00679457,0.0261143
38202,0.0118951,0.0249258,0.0727968
38203,0,-0.00372305,0.00702397
38204,-0.00577073,-0.00800456,-0.00247799
38205,0.00552873,-0.0037789,0.00497796
38206,0,0.00186152,0.0214534
38207,-1.86152e-05,0.00184291,0.0212654
38208,-0.0672569,-0.0653954,-0.120228
38209,0.00228968,0.00228968,0.0208996
38210,0.089167,0.0972274,0.222206
38211,-0.0154507,-0.00320182,0.0154954
38212,0.00372305,0.00558457,0.0262234
38213,-0.00800456,-0.00984747,-0.00656871
38214,-0.00930762,-0.00930762,-0.00338308
38215,-0.00374167,-0.00722272,-0.000647866
38216,-0.0148922,-0.0223383,-0.0332391
38217,0.00725995,0.00632918,0.0286325
38218,0.0186152,0.0186152,0.0550824
38219,0.00279229,0.00279229,0.021952
38220,-0.0294121,-0.0443043,-0.0859266
38221,0.0130307,0.0148922,0.0495583
38222,0.0117835,0.0229526,0.0695175
38223,-0.00430012,-0.0024386,0.0123007
38224,-0.00284813,-0.000986608,0.0153409
38225,-0.0149853,0.0124908,0.0658554
38226,0.0862445,0.0921083,0.211568
38227,-0.0174425,-0.0230271,-0.0358455
38228,-0.109309,-0.109309,-0.212767
38229,-0.0186152,-0.0187456,-0.0231786
38230,-0.0386825,-0.0154507,-0.000634741
38231,-0.0945841,-0.12623,-0.270848
38232,-0.00748333,-0.00376028,0.00528519
38233,-0.234924,-3.56657,-9.31755
38234,-0.00456074,0.00523089,0.0370112
38235,0.0358344,0.0433735,0.109984
38236,-0.0228968,-0.0191737,-0.0214901
38237,0.0183546,0.0074461,0.025904
38238,-0.0260613,0.00930762,0.0475826
38239,0.0108713,0.0176845,0.0568907
38240,0,-0.00900978,-0.00860864
38241,0.0106479,0.00692487,0.0286539
38242,-0.00925178,-0.0111133,-0.00780687
38243,-0.0147805,-0.0186525,-0.0244811
38244,0.0138497,0.016642,0.0543103
38245,0.00186152,0.00292259,0.0226312
38246,-0.00746472,0.00556596,0.0329469
38247,-0.0043932,-0.00625472,0.00236612
38248,-0.0059755,-0.00969855,-0.00659671
38249,0.012919,0.012919,0.0431555
38250,1.86152e-05,0.00188014,0.0206851
38251,0.00362997,0.000651534,0.0152226
38252,-0.000595688,-0.00431874,0.00446018
38253,0.000651534,0.0100336,0.0438057
38254,0.236656,3.53107,9.28409
38255,0.0736792,0.0214634,-0.00280487
38256,-0.0145013,-0.0368768,-0.0748474
38257,0.00297844,-0.00279229,0.00713355
38258,-0.0104245,0.00260613,0.0338824
38259,-0.0131424,-0.0147991,-0.00412152
38260,0.00379751,-0.0110947,-0.0147506
38261,0.0179451,0.0123605,0.0380443
38262,-0.00746472,-0.00560319,0.00501637
38263,0.00186152,-0.00186152,0.0104642
38264,0.0113925,0.00725995,0.0292691
38265,-0.0279229,-0.0244791,-0.0337342
38266,0.000111691,-0.000595688,0.0153689
38267,0.00804179,0.0164187,0.0541168
38268,0.0111691,0.00558457,0.0249545
38269,0.00951239,0.0219846,0.0689548
38270,-0.078333,-0.0843271,-0.163059
38271,0.0215751,0.0215751,0.0612798
38272,-0.00392782,-0.00951239,-0.00775363
38273,-0.00148922,0.00223383,0.0218746
38274,0,0,0.0161054
38275,0,5.58457e-05,0.0162416
38276,0.00774394,0.00867471,0.0341607
38277,9.30762e-05,0.00381613,0.0258392
38278,0.177385,0.186878,0.408955
38279,1.97201,9.5988,24.8434
38280,0.0848855,0.106703,0.243914
38281,0.0231574,-0.00355551,-0.00587037
38282,-0.052737,-0.049014,-0.0794416
38283,0.0727112,0.0857605,0.196102
38284,-0.287475,-0.356333,-0.761965
38285,-0.375693,-3.04564,-8.20213
38286,0.0204768,0.0130307,0.0373117
38287,0.0741632,0.100411,0.239334
38288,-0.0282952,-0.0282952,-0.0431396
38289,-0.00186152,-8.67362e-19,0.0195007
38290,0.00186152,0.00930762,0.0414428
38291,0.0204768,0.0141662,0.0408319
38292,0.0348477,0.0329862,0.0840721
38293,0.00372305,-0.00186152,0.00865089
38294,-0.000558457,-0.00472827,0.00100506
38295,-0.05767,-0.0465009,-0.0701435
38296,0.0372305,0.0428151,0.108998
38297,-0.0148922,-0.0148922,-0.0150762
38298,-0.00156368,-0.00528673,0.0037499
38299,0.00923316,0.0874172,0.255459
38300,0.0244791,0.0246652,0.0680659
38301,-0.00930762,-0.00372305,0.0109253
38302,-0.00981024,-0.0258194,-0.0525559
38303,0.259217,2.83008,7.72703
38304,-0.339058,-2.88905,-7.82612
38305,0.0163442,0.0297844,0.0880606
38306,0,0.0130307,0.0549016
38307,-0.00779979,-0.00779979,-0.000225943
38308,0.00558457,0.00621749,0.0293987
38309,-0.0019546,-0.0019546,0.0120128
38310,0.0111691,0.0111691,0.0394916
38311,0.0142593,0.0198439,0.059584
38312,0.020514,0.0365417,0.0948355
38313,-0.00967993,-0.0115415,-0.00870334
38314,-0.389431,-3.03751,-8.08865
38315,0.113367,0.805761,2.16052
38316,0.074945,0.078668,0.183473
38317,-0.0279601,-0.0238834,-0.0324938
38318,0.00188014,0.0186339,0.0696613
38319,0.0237158,0.0338798,0.0905545
38320,-0.0385708,-0.0478784,-0.0873585
38321,-0.0266198,-0.0544868,-0.109763
38322,-0.212363,-2.21078,-5.92967
38323,0.00992193,0.0210911,0.0698403
38324,-0.271038,-2.21402,-5.83516
38325,-0.0751498,-0.104096,-0.211264
38326,-0.000595688,-0.0158974,-0.0315656
38327,-0.283101,-2.07687,-5.47784
38328,0.0372305,0.0297844,0.0724821
38329,0.0277926,0.0921455,0.23676
38330,0.0466126,0.0335819,0.0819187
38331,-0.00120999,0.00986608,0.0367633
38332,-0.0130307,-0.0130307,-0.0125283
38333,-0.0432618,-0.0423311,-0.0722068
38334,-0.00111691,-0.00111691,0.0137668
38335,-0.523014,-4.00734,-10.6759
38336,0.237177,2.05321,5.49754
38337,-0.0142221,-0.0870635,-0.188363
38338,0.0564787,0.0836011,0.192971
38339,0,0.00342521,0.024355
38340,-0.0384777,-0.0683552,-0.139341
38341,0,0.0333213,0.106395
38342,-0.0998894,-1.86134,-5.06276
38343,-0.0339728,-0.0218915,-0.0198811
38344,0.0455515,0.0584333,0.13907
38345,0,0.0111691,0.0461589
38346,0.00930762,-0.00282952,-0.00191674
38347,-0.0148922,-0.0182429,-0.0242012
38348,-0.0122488,-0.00238275,0.0181622
38349,0.025112,0.0196949,0.0528998
38350,0.00279229,0.000930762,0.01764
38351,0.000800456,0.00638503,0.0340328
38352,-0.000837686,-0.0137753,-0.0221244
38353,0.00362997,0.00735302,0.0330161
38354,0.271857,2.18271,5.8436
38355,0.0130307,-0.025354,-0.067153
38356,-0.00372305,-0.0393899,-0.0796052
38357,-0.0247583,-0.0548405,-0.116609
38358,0.00930762,0.0074461,0.0303949
38359,-0.0742935,-0.0742935,-0.139452
38360,0,0.0111691,0.0426915
38361,0.000558457,0.00800456,0.0354376
38362,0,-0.000223383,0.0155331
38363,-0.00614303,-0.0173122,-0.0240013
38364,0.00603134,0.0101267,0.0386114
38366,0.00932624,0.0130493,0.0447143
38367,0.161636,2.1691,5.96107
38368,0.441144,4.48008,12.016
38369,-0.0028109,-0.00765087,-0.00319302
38370,0.045142,0.0358344,0.0864218
38371,-0.340882,-2.39535,-6.32933
38372,-0.0201975,-0.0162883,-0.01131
38373,-0.00279229,-0.00651534,0.00117742
38374,0.10862,0.107354,0.243622
38376,-7.4461e-05,-7.4461e-05,0.0159495
38377,0.189764,2.31146,6.20539
38378,0.0798967,0.0761736,0.169512
38379,0.124368,2.24061,6.06511
38380,0.00930762,0.0265081,0.0720497
38381,0.0186152,0.0186152,0.0550824
38382,-0.0270852,-0.0401159,-0.0772657
38383,0.0235297,-0.00686903,-0.0150022
38384,0.0292818,0.0423311,0.109247
38385,0,0.00372305,0.0251772
38386,-0.0130307,-0.0148922,-0.0157192
38387,-0.0392596,-0.0411211,-0.0706378
38388,0.0148922,0.0148922,0.047287
38389,-0.0074461,-0.0074461,0.000618352
38390,-0.269642,-2.44096,-6.48569
38391,-0.0712592,-0.0507824,-0.0740904
38392,0.0578934,0.052979,0.122903
38393,-0.035369,-0.10983,-0.262619
38394,0.00124722,-0.00619888,-0.00166415
38395,-0.00186152,-0.00567765,0.0025384
38396,0,0,0.0161054
38397,-0.00143337,-0.00294121,0.00865125
38398,-0.259925,-2.47024,-6.56917
38399,-0.00428151,-0.0454212,-0.0983235
38400,0.017126,0.0208491,0.0596425
38401,-0.0497027,-0.0592151,-0.114322
38402,0.0697513,0.0808274,0.189158
38403,0.0147805,0.0185036,0.0561346
38404,-0.041512,-0.0601273,-0.116221
38405,-0.00372305,-0.0111691,-0.00985288
38406,-0.00186152,-0.00558457,0.00312627
38407,0.0205512,0.037305,0.10081
38408,0.00035369,-0.0117462,-0.0118961
38409,-0.0359274,-0.0359274,-0.059052
38410,0.0294121,0.0424428,0.109474
38411,0.372566,2.64664,7.00111
38412,0.00614303,0.00614303,0.0169211
38413,0.16629,2.4684,6.654
38414,-0.0389059,-0.0571488,-0.114972
38415,0.0286861,0.0305476,0.0807097
38416,-0.0122674,-0.0111133,-0.00676517
38417,0.0353504,0.0366534,0.0936583
38418,0.0414375,0.0449931,0.111194
38419,0.0464264,0.0501495,0.12295
38420,0.000409535,0.00227106,0.0221899
38421,0,0.00735302,0.0340135
38422,-0.986571,-0.999602,-2.08219
38423,0.0483996,0.0577073,0.143764
38424,-0.0186152,-0.0189876,-0.0239213
38425,-0.00446766,-0.00819071,-0.00413784
38426,0.00930762,-0.00186152,0.0069771
38427,0.00558457,0.0400228,0.113157
38428,-0.00186152,-0.0058638,-0.000172635
38429,0.0116904,0.0154134,0.0487721
38430,1.6403,6.64179,17.2953
38431,-0.0204768,-0.0783144,-0.194392
38432,0.0312736,0.0221521,0.0465076
38433,-0.0130307,-0.0166234,-0.0221369
38434,-0.0294121,-0.0480273,-0.0915315
38435,-0.0333213,-0.0384777,-0.0684773
38436,0.0180568,0.0180568,0.0539131
38437,-0.012677,0.000446766,0.0216019
38438,0.0292632,0.0087864,0.0213218
38439,-0.0303429,-0.0231201,-0.026053
38440,-0.278596,-3.16515,-8.57541
38441,-0.0613372,-0.0409535,-0.0529903
38442,0.0279229,0.0539842,0.146323
38443,-0.0014706,-0.0344754,-0.0777306
38444,-0.00186152,-0.00551011,0.00414743
38445,-0.0254843,-0.0254843,-0.0372541
38446,-0.613056,-5.23314,-13.941
38447,-0.0249444,-0.00662703,0.0160935
38448,-0.00255029,-0.00999639,-0.0122408
38449,-0.0287047,-0.00286675,0.0322349
38450,-0.00984747,-0.00947516,-0.00334196
38451,0.0266198,0.0600342,0.153303
38452,0.0750008,0.0621935,0.136367
38453,-0.0192296,-0.0378448,-0.0695651
38454,0.0173122,0.0191737,0.0520783
38455,-0.0322044,-0.0550081,-0.107175
38456,0,0.00753918,0.0339408
38457,-0.325767,-2.40993,-6.36509
38458,0.0327442,0.0490698,0.127734
38459,-0.252534,-2.40494,-6.42424
38460,-0.0464078,-0.0306035,-0.0405437
38461,0.00428151,0.00241998,0.0205294
38462,0.039092,0.025689,0.0601861
38463,-0.0279229,-0.0315156,-0.0515651
38464,-0.0113181,-0.0131796,-0.0124593
38465,0.0110761,0.0110761,0.0392967
38466,0.0211283,0.0239206,0.0681577
38467,0,0.00558457,0.0299563
38468,-0.0135891,-0.0154507,-0.0166598
38469,0.0111691,0.0283324,0.0923261
38470,0.0191737,0.0132913,0.0393521
38471,0.00186152,0.0130307,0.044034
38472,0.0206071,0.0272527,0.0758846
38473,-0.0215565,-0.038031,-0.0696385
38474,0.0230643,0.0351642,0.0938641
38475,0.0506335,0.0655257,0.160171
38476,-0.0582657,-0.0739025,-0.144815
38477,0,-0.0074461,-0.00251497
38478,-0.00372305,0.00186152,0.0227394
38479,-0.0148922,-0.0279229,-0.0473187
38480,0.0521227,0.0595688,0.143404
38481,-0.00811625,-0.0137008,-0.0145107
38482,0,0.00372305,0.0256444
38483,0.012919,0.012919,0.0431555
38484,-0.024963,-0.0282952,-0.0478222
38485,0.00372305,0.00558457,0.0277833
38486,-0.0074461,1.73472e-18,0.02005
38487,0.00930762,0.0074461,0.0305957
38488,0.0210352,0.0340287,0.091373
38489,-0.0284813,-0.0452351,-0.0848534
38490,0.0130493,0.00932624,0.0338893
38491,0.270573,2.46056,6.63005
38492,-0.0595874,-0.0893718,-0.187084
38493,0.0577073,0.0279229,0.0650898
38494,0.0731579,0.0821119,0.191057
38495,-1.86152e-05,0.00742748,0.0344318
38496,-0.00614303,-0.0173122,-0.0223868
38497,-0.0915126,-0.104543,-0.206929
38498,0.0074461,0.0111691,0.0407777
38499,0.0167723,0.0428337,0.114794
38500,-0.0106107,-0.0143337,-0.0151929
38501,0.0260613,0.0316459,0.0845241
38502,0.0130121,0.0148736,0.0481198
38503,0.201827,2.43763,6.54563
38504,0.0362997,0.0194529,0.0451734
38505,-0.0526812,-0.0657118,-0.125177
38506,0.0844015,0.0192482,0.0329981
38507,-0.027048,-0.030771,-0.0505133
38508,0.0074461,0.00930762,0.0362369
38509,-0.0186152,-0.020756,-0.0280934
38510,0.00558457,0.0186152,0.0595836
38511,0.00930762,0.0102384,0.0378643
38512,0.034159,0.0434666,0.110332
38513,-0.00372305,-0.00186152,0.0129997
38514,0.234831,2.56222,6.87526
38515,-0.0148922,-0.0014706,0.0115277
38516,0.0763225,0.00930762,0.012445
38517,0.199332,2.35044,6.36605
38518,0.123419,0.134588,0.305273
38519,-0.00372305,-0.0278484,-0.0575244
38520,0.0119696,-0.0103687,-0.0176266
38521,-0.0074461,-0.0130307,-0.0117424
38522,0.0563856,0.0655071,0.156353
38523,-0.0154507,-0.0154507,-0.016703
38524,-0.00186152,-0.0074461,-0.00141445
38525,0,-0.00560319,0.0012398
38526,-0.014129,-0.0225058,-0.0368089
38527,0.00688764,0.0255029,0.0786864
38528,0.0117276,0.0135891,0.0454304
38529,-0.0111505,-0.0120813,-0.00978943
38530,0.00372305,0.00900978,0.037167
38531,0.00735302,0.0203837,0.0663491
38532,-0.0074461,-0.00558457,0.00505534
38533,0.189857,2.91478,7.94453
38534,-0.0035369,-0.0118765,-0.0187554
38535,0.0305476,0.0550453,0.142796
38536,-0.00986608,-0.00241998,0.014068
38537,-0.0204768,-0.0223383,-0.028081
38538,0,0.00992193,0.0438442
38539,0.0916429,0.113125,0.257201
38540,-0.0327628,-0.0271596,-0.0361155
38541,0.0074461,0.0244791,0.0811313
38542,0,0.00349967,0.0243443
38543,0.0409535,0.0316459,0.0747692
38544,0.00930762,0.0130307,0.0452299
38545,0.0191737,0.0284813,0.0796608
38546,0.135035,2.76213,7.564
38547,0.0461658,0.0242743,0.0561622
38548,0.00148922,0.0133471,0.0493446
38549,0.0435597,-0.027141,-0.0734028
38550,0.112995,0.118579,0.267527
38551,-0.0408977,-0.0585822,-0.115687
38552,-0.02608,-0.0409535,-0.0766094
38553,-0.011951,-0.00301567,0.0119282
38554,-0.00186152,-0.00186152,0.0122077
38555,0.0223383,0.0279229,0.0769575
38556,-0.0107968,-0.0126584,-0.011042
38557,-0.00348105,-0.0165117,-0.0238833
38558,-0.00275506,-0.000893532,0.0148775
38559,-0.0228968,-0.037789,-0.0686196
38560,-0.434834,-3.01664,-8.05283
38561,-0.00120999,0.0147433,0.0603734
38562,0.00327628,0.0030529,0.022393
38563,-0.00111691,0.00251306,0.0230383
38564,0.0430385,0.0374539,0.0890925
38565,0.0214075,0.0269921,0.0760166
38566,0.0232691,0.0176845,0.0498284
38567,-0.0107968,-0.0107968,-0.00650124
38568,0.0137939,0.0361322,0.10321
38569,0.0238275,0.0201045,0.0569145
38570,-0.00930762,-0.00850717,-0.00149382
38571,0.00837686,0.00651534,0.0282971
38572,-0.00186152,-0.00184291,0.0122612
38573,-0.00197322,-0.00197322,0.0119739
38574,0.000763225,0.000763225,0.0177035
38575,-3.72305e-05,-0.00189876,0.0114867
38576,0.00428151,-0.00130307,0.010533
38577,-0.00800456,-0.0135891,-0.0138194
38578,-0.00372305,-0.00930762,-0.00576964
38579,-0.0204768,-0.0279229,-0.0458472
38580,-0.0184477,-0.0175169,-0.0202504
38581,0.0204582,0.0223197,0.0634819
38582,0.00201045,0.00178706,0.0180097
38583,-0.000558457,-0.0080604,-0.00427799
38584,0.00893532,0.025689,0.0802072
38585,0.00186152,-0.00186152,0.0104642
38586,0.0074461,0.0111691,0.0410064
38587,0.00186152,0.00186152,0.0200031
38588,0.00372305,0.0241998,0.0715953
38589,0.375153,3.14499,8.41899
38590,-0.0150039,-0.0225245,-0.0367784
38591,0.00264337,-0.0438948,-0.0920375
38592,0.00893532,0.0107968,0.0402701
38593,0.0074461,0.0118207,0.0423808
38594,0.000558457,-0.00688764,-0.00364044
38595,0.0430012,0.0448628,0.109768
38596,0.00465381,0.00651534,0.0273423
38597,0.184775,3.04817,8.10912
38598,-0.0132541,-0.0225617,-0.0365613
38599,0.0824656,0.00251306,-0.013546
38600,0.0466312,0.0447697,0.107674
38601,-0.0074461,-0.0465381,-0.112971
38602,0,0.00186152,0.0206461
38603,0.0371002,0.0373794,0.0945509
38604,-0.0074461,0.0316459,0.117834
38605,0.0744424,0.0799339,0.185799
38606,-0.0146874,-0.0316273,-0.0624575
38607,0.000186152,0.000186152,0.0164952
38608,0.0111691,0.0111691,0.0423222
38609,0.024386,0.0368582,0.0993136
38610,-0.0483996,-0.0521227,-0.0947737
38611,0.00186152,-0.0186152,-0.0362497
38612,0,0.00178706,0.0212496
38613,0.0635152,0.0797105,0.18982
38614,0.241607,2.98996,7.97423
38615,0.0108899,-0.00753918,-0.0190252
38616,0.114558,0.118561,0.269012
38617,0.0074461,-0.0365976,-0.0773343
38618,0.133099,0.0106107,-0.0594277
38619,-0.00448628,-0.0819071,-0.189899
38620,0.00186152,0.00186152,0.0197577
38621,-0.0186152,-0.00204768,0.0244087
38622,-0.927319,-6.21561,-16.2645
38623,-0.171949,-2.79169,-7.57871
38624,-0.00372305,-0.0100522,-0.0100995
38625,-0.00316459,0.0303429,0.0987588
38626,-0.0117276,-0.0135891,-0.0129908
38627,0.0117276,0.0562181,0.159039
38628,-0.0198439,-0.0162139,-0.0170707
38629,0.0117276,0.0117276,0.0406609
38630,0.00930762,0.0161022,0.0540048
38631,0.0014706,-0.0059755,-0.00531446
38632,0.0148922,0.00876778,0.0301695
38633,-0.00186152,0.00186152,0.0225539
38634,0,0.00186152,0.0206461
38635,0,0.000558457,0.0174676
38636,0,-0.00186152,0.0115647
38637,0.0186711,0.0205326,0.0597401
38638,0.00372305,0.00558457,0.0284415
38639,-0.00186152,-0.00372305,0.00766699
38640,-0.00344382,-0.00344382,0.00970192
38641,0.0247583,0.00986608,0.0262259
38642,-0.000558457,0.00521227,0.0306268
38643,1.86152e-05,0.00188014,0.0213434
38644,0,0.00372305,0.0374431
38645,0.00241998,0.00472827,0.0275943
38646,-0.00186152,-0.00186152,0.0122077
38647,-0.00372305,-0.0100522,-0.0102009
38648,0.00370443,0.00370443,0.0238618
38649,-0.0024386,-0.0098847,-0.0084282
38650,0.000558457,0.00241998,0.0226227
38651,-0.00949378,-0.00577073,0.00617893
38652,0.0111505,0.0130121,0.0439934
38653,-0.00809763,-0.00809763,-0.000849575
38654,0.00930762,0.00186152,0.015359
38655,0,-0.00372305,0.00540948
38656,-0.404696,-3.04497,-8.1764
38657,0.00039092,0.00601273,0.0351359
38658,-0.267334,-2.20842,-5.88551
38659,-0.037789,-0.0301567,-0.0386167
38660,-0.209235,-2.26335,-6.05613
38661,-0.0330048,-0.0365231,-0.0645749
38662,0.0409535,0.0465381,0.118106
38663,0.0619143,0.0676664,0.160527
38664,-0.0191737,-0.0191737,-0.0240409
38665,-0.00372305,0.0078184,0.0378807
38666,-0.00474689,-0.00225245,0.0156358
38667,-0.0431874,-0.0655257,-0.129267
38668,-0.0167537,-0.0297844,-0.0502044
38669,0.0204768,0.0288536,0.0793648
38670,-0.0204768,-0.0217798,-0.027676
38671,-0.00186152,-0.00558457,0.00312627
38672,-0.00372305,-0.00465381,0.00585863
38673,-0.00465381,-0.00279229,0.0109019
38674,0.00372305,0.00446766,0.0254735
38675,-0.00558457,-0.00372305,0.00976029
38676,-0.000558457,0,0.0164958
38677,0.00930762,0.0101825,0.0372706
38678,0.0228968,0.0266198,0.0854539
38679,-0.000763225,-0.00820933,-0.00284829
38680,0.0148922,0.0223383,0.0654499
38681,-0.00893532,-0.0145199,-0.0162257
38682,0.0074461,-0.00372305,-0.00376955
38683,-0.0474689,-0.0381613,-0.0578873
38684,0.00258752,-0.00113553,0.0119843
38685,-0.0193971,-0.0417354,-0.0794548
38686,-0.519496,-4.4569,-11.878
38687,0.0179637,0.0347174,0.100673
38688,0.00595688,0.00409535,0.0278663
38689,-0.0145385,-0.00895394,0.00112979
38690,-0.0130307,-0.0478412,-0.109408
38691,0.00186152,0,0.0126318
38692,0.0115415,0.0227106,0.068888
38693,0.00765087,0.00214075,0.0186936
38694,-0.00078184,-0.0152831,-0.0261361
38695,-0.0117276,-0.0228968,-0.0361519
38696,-0.331072,-2.22242,-5.9146
38697,0.0186339,0.0284999,0.082875
38698,-0.0247583,-0.0250561,-0.0359142
38699,0.00184291,-0.00206629,0.00997113
38700,-0.34267,-1.99206,-5.21467
38701,-0.00493304,0.00753918,0.0402773
38702,0,0.0074461,0.0346779
38703,-9.30762e-05,0.0074461,0.0384928
38704,0.000558457,-0.00688764,0.00150168
38705,-0.361099,-3.68111,-9.80262
38706,-0.0417726,-0.00143337,0.0333136
38707,0.000614303,0.0354434,0.111871
38708,-0.00266198,0.0103687,0.0497535
38709,0.0418843,0.037789,0.0939577
38710,-0.0223383,-0.0196205,-0.0296703
38711,0.00186152,0.00186152,0.0200031
38712,0.00186152,-0.0279229,-0.0684569
38713,-9.30762e-05,0.00930762,0.0428025
38714,-0.00372305,-0.00753918,-0.00147406
38715,0.00483996,0.00856301,0.0369354
38716,0.070254,-0.0385708,-0.11102
38717,0.271894,0.283026,0.611929
38718,-0.0632918,0.00111691,0.0541716
38719,-0.059364,-0.0665867,-0.126145
38720,0.0223383,0.0260613,0.0719593
38721,-0.0182429,-0.0145199,-0.0101527
38722,-0.00558457,0.00370443,0.0244606
38723,-0.00800456,-0.00614303,0.00469328
38724,0.000558457,-0.00688764,-0.0021529
38725,-5.58457e-05,-0.00936347,-0.0107514
38726,0,-0.00867471,-0.00634906
38727,0,-0.048865,-0.126094
38728,-0.194306,-1.76465,-4.69174
38729,-0.0130307,0.00558457,0.0409498
38730,-0.172247,-1.62735,-4.3282
38731,-0.028109,-0.0289467,-0.0388958
38732,-0.025689,-0.0312736,-0.0490748
38733,-0.164391,-1.74099,-4.63786
38734,-0.0930576,-0.0837686,-0.162932
38735,0,0.0189876,0.0701493
38736,0.108359,0.141867,0.328539
38737,-0.00837686,-0.000930762,0.0179329
38738,-0.0074461,-0.00930762,-0.0044836
38739,0.0186152,0.0130307,0.0403445
38740,-0.0372305,-0.039092,-0.0691681
38741,-0.00372305,-0.00186152,0.0128507
38742,0.00446766,0.00074461,0.015921
38743,-9.30762e-05,0.00930762,0.0399849
38744,0,0,0.0174944
38745,0.028109,0.0411397,0.110782
38746,-0.0223383,-0.0316459,-0.0546713
38747,0.000763225,0.0140173,0.0549911
38748,-0.0168468,-0.0149853,-0.014628
38749,0.00372305,-0.00122861,0.0129382
38750,0.0409535,0.0570744,0.141635
38751,3.72305e-05,-0.000186152,0.0156385
38752,-0.00930762,-0.00766948,0.000585308
38753,-0.141569,-1.70322,-4.55792
38754,-0.111673,-0.120366,-0.241949
38755,-0.0575211,-0.0575584,-0.104354
38756,0.0126398,0.0123233,0.040803
38757,-0.0195832,-0.00154507,0.0231439
38758,-0.0074461,-0.0074461,0.00051462
38759,0.0322044,0.0396505,0.102613
38760,0.0517132,0.0535747,0.129612
38761,0.505925,3.7391,9.98123
38762,-0.0375097,-0.0655071,-0.134128
38763,0.00930762,0.0111691,0.0403634
38764,-0.00186152,0.0103128,0.0399866
38765,-0.0223383,-0.0147991,-0.0108996
38766,0.685693,5.70634,15.1965
38767,-0.00186152,0.00111691,0.0182989
38768,0,-0.0167351,-0.0270797
38769,0,0.0074461,0.0334571
38770,0.0491443,0.0132727,0.0146569
38771,0.0470221,0.0497586,0.11305
38772,0.128557,1.8387,4.99019
38773,0.067108,0.0685227,0.155975
38774,0.00193599,0.0065898,0.0326925
38775,-0.0175542,-0.0324464,-0.0580847
38776,0.0246466,0.0402089,0.106542
38777,0.00374167,-0.0266012,-0.0593081
38778,-0.0670149,-0.0707379,-0.139932
38779,0.208733,1.92374,5.18288
38780,0.0316459,0.00357413,0.0119759
38781,0.0204768,0.0111691,0.0297454
38782,0,-0.0184105,-0.035089
38783,-0.00558457,-0.00539842,0.00586042
38784,-0.00186152,-0.00186152,0.00777386
38785,0.00100522,0.000409535,0.0158882
38786,0.00817209,-0.0109458,-0.0157121
38787,0.0116904,0.0228595,0.0704565
38788,-0.311135,-2.13928,-5.67131
38789,0.0317018,0.0577631,0.147996
38790,0.0675734,0.0747961,0.175182
38791,-0.0307152,-0.0456074,-0.0845324
38792,0,-0.00376028,0.00691508
38793,0.00558457,0.00554734,0.0276896
38794,0,0.00763225,0.0347778
38795,0,0.0186152,0.0680953
38796,-0.00186152,-0.00186152,0.0122077
38797,0.0074461,-0.0333027,-0.080948
38798,-0.00279229,-0.00651534,0.00117742
38799,0.610804,6.93009,18.7181
38800,-0.0521227,-0.075671,-0.154327
38801,0.0074461,-0.0122861,-0.0210226
38802,0.0074461,-0.0054915,-0.00536701
38803,0.187158,0.211711,0.471619
38804,-0.0417726,-0.0587683,-0.118475
38805,0,-0.00372305,0.00702397
38806,0,0.00372305,0.0251869
38807,-0.041512,-0.0508196,-0.0935169
38808,0.0415492,0.0388873,0.0956675
38809,0,0.00370443,0.0251392
38810,-0.000148922,0.0048772,0.0239806
38811,-0.000558457,-0.0191737,-0.0327586
38812,0.0135891,0.0135891,0.0445586
38813,-0.0409535,-0.0409535,-0.069644
38814,-0.00279229,-0.00465381,0.00505988
38815,0.0145199,0.0143337,0.046609
38816,0.0204209,0.027867,0.0752984
38817,-0.0115973,-0.0190434,-0.0263401
38818,-0.00078184,-0.000409535,0.0155573
38819,0.0148922,0.0300078,0.0832586
38820,0.0035369,-0.00446766,0.00378845
38821,-0.00199183,-0.00199183,0.0119349
38822,0.00316459,0.00502612,0.026098
38823,0.000558457,0.000558457,0.0172747
38824,-0.0173122,-0.0228968,-0.0337654
38825,0.0130307,0.0130307,0.0433893
38826,0,-0.00361136,0.00617015
38827,-0.0227106,-0.017126,-0.0167086
38828,-0.285744,-2.54279,-6.82336
38829,-0.0735302,-0.0977301,-0.197456
38830,0,-0.0111133,-0.0114602
38831,-0.187176,-2.29353,-6.1728
38832,-0.0488836,-0.0186152,-0.0118615
38833,0.00874917,0.0111691,0.0426967
38834,0.0425545,0.037156,0.0885258
38835,-0.00312736,-0.0437086,-0.105855
38836,-0.271392,-2.18923,-5.81288
38837,3.72305e-05,-0.0278856,-0.0688665
38838,0,0.00372305,0.0247294
38839,0.0111319,0.018578,0.0602057
38840,0,0,0.0210134
38841,0.00186152,0.00186152,0.0200031
38842,0,-0.00212214,0.0101442
38843,-0.00372305,-0.00372305,0.00831002
38844,0.241421,2.17367,5.85411
38845,0.0290026,0.0308641,0.0770289
38846,-0.2944,-2.17547,-5.80407
38847,-0.0167537,-0.0163814,-0.0164282
38848,0.00558457,0.00148922,0.0170971
38849,0.0614303,0.0521227,0.120882
38850,0,-0.00145199,0.0123852
38851,0.00986608,0.000558457,0.00937521
38852,-0.00614303,-0.00428151,0.008442
38853,-0.0222266,-0.026173,-0.0401384
38854,-0.00372305,-0.00372305,0.00831002
38855,-0.0139428,-0.0216868,-0.0321585
38856,0.00558457,0.0241998,0.0762963
38857,0.00688764,-0.00614303,-0.00217315
38858,0.010983,0.010983,0.0391018
38859,0,0,0.0161054
38860,0.0111691,0.0111691,0.0394916
38861,0.362904,2.36952,6.30056
38862,-0.0336005,-0.0268432,-0.0417995
38863,0.0483996,0.00735302,0.0122601
38864,0.435541,5.02092,13.5964
38865,-0.0191737,0.00279229,0.0345775
38866,0.00269921,-0.0177776,-0.0333562
38867,0.26402,2.57499,6.93081
38868,0.0957568,-0.0449744,-0.171848
38869,-0.0150784,-0.0206629,-0.029861
38870,-0.00578934,-0.00727856,-3.98652e-05
38871,0.00820933,-0.00482135,0.00236438
38872,0,-0.000186152,0.0225978
38873,-0.00372305,-0.00372305,0.00831002
38874,-0.0508196,-0.0508569,-0.0901321
38875,-0.0124722,-0.0103873,-0.00401989
38876,-0.00335074,-0.00986608,-0.00760359
38877,0.00930762,0.0074461,0.0312838
38878,-0.00148922,0.00595688,0.0262422
38879,-0.00688764,-0.00130307,0.0139434
38880,-0.40773,-2.75172,-7.26569
38881,0.0130307,0.0285744,0.0835674
38882,0.0600342,0.0525881,0.123643
38883,0.076639,0.0890181,0.206301
38884,-0.0117276,-0.00856301,-0.00139027
38885,0.0249444,0.0249444,0.0683346
38886,-0.0279229,-0.0409535,-0.0741451
38887,-0.02608,-0.0307338,-0.0499675
38888,0,-0.00372305,0.00702397
38889,0.0255029,0.0217798,0.059965
38890,9.30762e-05,0.0019546,0.0216483
38891,-0.000558457,-0.00241998,0.0105962
38892,0.000577073,0.0024386,0.0220832
38893,0,-0.00372305,0.00656648
38894,-0.00186152,-0.0165676,-0.0283828
38895,0,0.00186152,0.0204454
38896,-0.00722272,-0.0242557,-0.0428608
38897,0.0074461,0.0111691,0.0407777
38898,-0.00374167,-0.00498889,0.00549515
38899,0.0164745,0.0257821,0.0741109
38900,0,0.00558457,0.0299563
38901,-0.0127887,-0.0574653,-0.120808
38902,-0.0279229,-0.0279229,-0.0410102
38903,-0.057819,-0.0522344,-0.0935346
38904,0.0111691,0.0148736,0.0476152
38905,-0.0233249,-0.0235483,-0.0331458
38906,-0.167891,-2.54271,-6.91005
38907,0.00428151,0.0117276,0.043233
38908,-0.0965201,-0.0950308,-0.180294
38909,-0.0774394,-0.894612,-2.38917
38910,-0.00141476,0.820151,2.26638
38911,-0.0361508,-2.42516,-6.62988
38912,-0.129581,-0.0408605,-0.0252352
38913,0.0322044,0.037789,0.0973865
38914,-0.00865609,-0.00871194,-0.00204667
38915,-0.0266198,-0.0420705,-0.078116
38916,-0.192296,-2.19282,-5.85034
38917,-0.00186152,-0.0039092,0.00930387
38918,0.00241998,-0.00688764,-0.00518037
38919,-0.0303429,-0.0338798,-0.0563602
38920,0.0480273,0.0459424,0.110815
38921,-0.0204768,-0.0204768,-0.0265022
38922,-0.00241998,-0.00428151,0.00649768
38923,-0.00614303,-0.00241998,0.0139389
38924,-0.0178706,-0.0178706,-0.0213125
38925,0.0176845,0.109011,0.275901
38927,0,-0.00930762,-0.00988952
38929,0.000186152,0.00234552,0.0336524
38930,-0.00837686,-0.00465381,0.00810471
38931,0.00372305,0.0110202,0.0426154
38933,0.00335074,-0.0898372,-0.204742
38934,-0.0122674,-0.0346057,-0.0667022
38935,-0.298849,-2.29522,-6.09125
38936,-0.000577073,-0.00474689,0.0067396
38937,0.000930762,-0.00841409,-0.00561816
38938,0.00372305,0.0058638,0.027737
38939,0.00039092,-0.00504473,0.00170853
38940,-0.00558457,0.00186152,0.0234902
38941,0.0286489,0.0344196,0.0921649
38942,-0.00372305,0.00372305,0.0398169
38943,-0.00186152,-0.00186152,0.0122077
38944,-0.00953101,-0.0713709,-0.176991
38945,0.00558457,0.00547288,0.0274776
38946,-0.00111691,-0.00111691,0.0137668
38947,-0.00186152,-0.0207002,-0.0338413
38948,0.00186152,-0.00558457,0.00138273
38949,0.0130307,0.0129376,0.0431508
38950,0.000186152,0.000186152,0.0164952
38951,0.00409535,0.0282952,0.0917822
38952,-0.00372305,-0.0167537,-0.0270897
38953,0.00372305,0.00921455,0.0377534
38954,0.00632918,0.00632918,0.0293576
38955,0.00111691,0.00279229,0.0230298
38956,-0.00651534,-0.00279229,0.0115449
38957,0.0111691,0.0111691,0.0394916
38958,0,-0.0074461,-0.00205748
38959,-0.00893532,-0.00707379,0.00259545
38960,0.00372305,-0.00422566,0.000731215
38961,-0.00400228,-0.00513781,0.00495552
38962,-0.00186152,-0.0148922,-0.0239593
38963,0.00186152,-0.0339728,-0.0699861
38964,-0.00186152,-0.0120999,-0.0120734
38966,0.00262475,0.00804179,0.0356219
38967,0.00930762,0.0167537,0.0566283
38969,0,0,0.0161054
38970,0,0.00372305,0.0252231
38971,0.0074461,0.0111691,0.0407777
38973,0.0115042,0.0189503,0.0583561
38974,-0.00930762,-0.0074461,0.00444897
38975,-0.00119138,-0.00119138,0.0136109
38976,0.0371374,0.0389989,0.0984052
38977,-0.0508196,-0.0564042,-0.103924
38978,0.00558457,-0.00186152,0.00700256
38979,-0.00372305,-9.30762e-05,0.0181675
38980,-1.86152e-05,-0.00374167,0.0065275
38981,0.00558457,0.00930762,0.0373375
38982,0.000949378,0.00467243,0.0271747
38983,-0.0074461,-0.0130307,-0.0131076
38984,0.00539842,0.014706,0.0534037
38985,-0.0293749,-0.0295982,-0.0459452
38986,0,-0.00930762,-0.00988952
38987,0.00279229,0.0048772,0.0271412
38988,0,-0.0186152,0.0103016
38989,0.013403,0.0245535,0.0746536
38990,-1.86152e-05,-0.16011,-0.422022
38991,-0.00428151,-0.0191737,-0.0305576
38992,0.000558457,0.000558457,0.0168206
38993,0,0.0165303,0.0636257
38994,-0.23956,-2.36406,-6.28168
38995,-0.056609,-0.0597736,-0.111678
38996,-0.0074461,-0.00372305,0.0119206
38997,-0.00558457,-0.00584519,0.00377662
38998,0.0694349,0.0750195,0.178341
38999,-0.000558457,0.00130307,0.0201649
39000,-0.0111691,-0.0223383,-0.0361396
39001,-0.0551011,-0.0588242,-0.107787
39002,-0.250375,-2.33809,-6.26391
39003,-0.00372305,-0.0074461,-0.000320629
39004,-0.0140917,-0.013161,-0.0096923
39005,0.00173122,0.00545427,0.0292692
39006,0.0145199,0.0182243,0.056001
39007,-0.256518,-2.4499,-6.58527
39008,-0.0396505,-0.0318321,-0.045825
39009,0.000186152,-0.000893532,0.0133914
39010,1.86152e-05,-0.0010983,0.00968897
39011,0,0,0.0161054
39012,0.0215937,0.0923316,0.246404
39013,-0.0176845,-0.0119138,-0.00726777
39014,0.00930762,0.00930762,0.0355939
39015,-0.00912147,-0.00912147,-0.00299331
39016,-0.000763225,-0.000763225,0.0145074
39017,0.00316459,0.00316459,0.0227315
39018,-0.00426289,-0.00798594,-0.00190176
39019,-0.000558457,-0.00428151,0.00539717
39020,-0.00874917,0.0807157,0.264465
39021,0.0206629,0.024386,0.0689088
39022,-0.268134,-1.93749,-5.12829
39023,-0.018094,-0.0280904,-0.0470418
39024,-0.0301567,-0.0305662,-0.050404
39025,-0.199034,-1.88183,-5.00644
39026,-0.0210352,-0.0114298,-0.00256856
39027,-0.000558457,0.0217426,0.0778494
39028,0.00986608,0.0247583,0.074004
39029,0.00558457,-0.0116345,-0.0184095
39030,0.0372305,0.0480273,0.12251
39031,-0.0186152,-0.0162883,-0.0171957
39032,0.00372305,0.00372305,0.0239008
39033,0.00930762,0.0297844,0.0944216
39034,0,-0.000223383,0.0154521
39036,0.00746472,0.0128259,0.0447156
39037,0.00316459,-0.0226175,-0.0401232
39038,0.342316,2.09656,5.56632
39039,-0.00800456,0.0436155,0.141823
39040,-0.0111691,-0.0307896,-0.0569625
39041,-0.0632918,-0.0632918,-0.116416
39042,0,0.00186152,0.0206461
39043,0.00551011,0.00364859,0.0231019
39044,0.0433735,0.0433735,0.106922
39045,0.0180196,0.0180196,0.0538351
39046,-0.0019546,0.0893718,0.274384
39047,0.0331351,0.0349967,0.0908324
39048,-0.0297844,-0.0279229,-0.0408134
39049,0,0.0039092,0.0258032
39050,0.00186152,-0.0913264,-0.247567
39051,-0.797887,-4.41021,-11.5373
39052,-0.0193785,-0.993812,-2.68599
39053,0.112641,1.10774,2.9694
39054,0.00614303,0.00523089,0.0295745
39055,0.0327628,0.0364859,0.0937864
39056,-0.00986608,-0.00614303,0.00614355
39057,-0.00396505,-0.00396505,0.00780332
39058,-0.0526812,-0.0564042,-0.103281
39059,-0.0184663,-0.0184663,-0.0225598
39060,-0.215025,-2.02688,-5.38697
39061,-0.063478,-0.047655,-0.0748963
39062,0.0359274,0.0526812,0.133307
39063,0.0182243,0.0276064,0.0860288
39064,0.0223383,0.0351828,0.0942088
39065,-0.0167537,-0.0167537,-0.0189739
39066,0,0,0.0161054
39067,-0.0015823,-0.000167537,0.0162075
39068,0.28083,2.15967,5.78758
39069,-0.259292,-2.19766,-5.85585
39070,-0.0452351,-0.0322044,-0.0441944
39071,0.378076,2.27419,6.01385
39072,0.0223569,0.0197508,0.0621568
39073,-0.000930762,-0.00279229,0.00435751
39074,-0.0312178,-0.035127,-0.0584809
39075,0.0670149,0.0688578,0.159354
39076,-0.0074461,-0.00186152,0.0174242
39077,0.252851,2.20237,5.88324
39078,-0.212065,-2.14483,-5.72862
39079,-0.0122861,-0.00465381,0.0162017
39080,0.00111691,0.00856301,0.0366069
39081,-0.0218543,-0.0106852,-0.00240344
39082,-0.0536119,-0.0536119,-0.0961483
39083,0.00342521,-0.00543565,-0.000179895
39084,0.00930762,0.0186152,0.0582975
39085,0.000558457,0.00251306,0.0220539
39086,0.00316459,0.00316459,0.0227315
39087,-0.0269363,-0.0343824,-0.0575535
39088,0.0074461,0.00558457,0.0271555
39089,-0.00186152,-0.00186152,0.0122077
39090,-0.0297844,-0.0297844,-0.0462578
39091,0.0206629,0.0186152,0.0543751
39092,0,0.0130307,0.0478905
39093,0.0204768,0.0204768,0.0592089
39094,-0.0298216,-0.0260986,-0.032736
39095,0.0167537,0.0204768,0.0602528
39096,-0.0189876,-0.0263406,-0.0413925
39097,0.0167723,-0.0172191,-0.0362033
39098,0.00560319,0.0195646,0.0618929
39100,-0.0186152,-0.0186152,-0.0228716
39101,0.0260613,0.0332841,0.0881943
39102,-0.00467243,-0.000949378,0.0154036
39103,0.0074461,-0.0019546,0.00666696
39104,0.00372305,0.0074461,0.0329823
39105,-0.0148736,-0.0167351,-0.0104091
39106,0.0111691,0.00558457,0.0217368
39107,-0.26214,-2.16825,-5.77386
39108,-0.0526812,-0.0824656,-0.167309
39109,0.0117276,0.0117276,0.0428326
39110,0.0428151,0.052011,0.129854
39111,0.0204768,0.0204768,0.0589801
39112,-0.0433735,-0.0526812,-0.0974146
39113,-0.0316459,-0.0279229,-0.0126929
39114,-0.0251492,-0.0335261,-0.0572404
39115,-0.00428151,0.00874917,0.0409409
39116,0.00930762,0.0149294,0.0515977
39117,0.00893532,0.00893532,0.0348144
39118,0.0148922,0.0148922,0.047287
39119,-0.00941932,-0.0314784,-0.0600576
39120,-0.0154693,-0.0024386,0.0155961
39121,-0.00372305,0.00372305,0.029106
39122,-0.132931,-2.05015,-5.50756
39123,0,-0.0195088,-0.0362466
39124,0.0101267,0.0194343,0.061845
39125,-0.0117835,-0.00826517,0.00558593
39126,0.00241998,0.00241998,0.0220488
39127,-0.0148736,0.0111878,0.0485329
39128,0.00335074,0.0145199,0.0529987
39129,-0.0240323,-0.0110016,0.0036968
39130,-0.0178148,-0.0196763,-0.0257363
39131,0.283659,2.2337,5.97754
39132,-0.214578,-2.14451,-5.74971
39133,0.0046352,0.0269735,0.0892999
39134,0.0111691,-0.000223383,0.0077528
39135,0.00930762,-0.0298216,-0.0715084
39136,-0.00787425,-0.00787425,-0.000381851
39137,0.0173308,0.0247769,0.0705559
39138,0.0104059,0.014129,0.046975
39139,-0.00186152,-0.00564042,0.00299005
39140,-0.0184291,-0.0386639,-0.0720469
39141,0.0141104,0.0122488,0.0432809
39142,-0.00372305,-0.00372305,0.00831002
39143,-0.0260613,-0.0297844,-0.045791
39144,0.0353876,0.0353876,0.0902007
39145,0.000577073,0.0117462,0.04612
39146,0.00558457,0.00558457,0.0277985
39147,0.0117835,0.0341218,0.0998744
39148,-0.00372305,-0.00186152,0.0130795
39149,0.00372305,0.0074461,0.0329823
39150,-0.00932624,-0.00932624,-0.00342206
39151,-0.00986608,-0.00800456,0.000646599
39152,-0.00923316,-0.0110947,-0.00857514
39153,0.00558457,0.00722272,0.0317944
39154,-0.0676664,-0.0583588,-0.102737
39155,-0.0235483,-0.0254098,-0.0355695
39156,0.0502612,0.0389431,0.0904137
39157,-0.0304359,-0.0527742,-0.100504
39158,-0.0111319,-0.014855,-0.0167418
39159,-0.00368582,0.0839175,0.261678
39160,-0.00930762,0.0148922,0.0579338
39161,0.00960547,0.0098847,0.0371005
39162,-0.00186152,-0.00186152,0.0122077
39163,0,-0.00558457,0.00179701
39164,0.00932624,0.0186339,0.0583365
39165,-0.00141476,0.00603134,0.0326506
39166,0.035369,0.035369,0.0901617
39167,0.0111691,0.0111691,0.0394916
39168,0.00154507,0.00154507,0.0193405
39169,-0.0148922,-0.0108899,-0.0028089
39170,-0.00154507,-0.00154507,0.0128703
39171,0.0111691,0.0130307,0.0440323
39172,-0.00188014,-0.00188014,0.0123975
39173,0.0148922,0.0148922,0.047287
39174,-0.00560319,-0.00560319,0.00437334
39175,0.00785564,0.00785564,0.0325537
39176,0.00800456,0.0173122,0.0555691
39177,0.00739025,0.0371747,0.106061
39178,0.31564,2.17097,5.79434
39179,-0.0378634,-0.0694349,-0.147418
39181,-0.00186152,-0.00562181,0.00303546
39182,0.0231201,0.0398739,0.105381
39183,0.00204768,-0.0184291,-0.0295551
39184,0.220405,2.07286,5.54908
39185,-0.0404696,-0.095459,-0.192329
39186,0.0148922,0.0185222,0.0569601
39187,0.475359,4.30768,11.5288
39188,-0.0480273,-0.0495352,-0.0912018
39189,0.695596,4.6255,12.2234
39190,0.0255029,-0.0117648,-0.0264518
39191,-0.00370443,-0.0314412,-0.0648204
39192,0.0130307,0.00558457,0.0222954
39193,0.0186152,0.0297844,0.0845543
39194,0,0.00167537,0.0271193
39195,0.000372305,0.00967993,0.0450518
39196,0.00685041,0.0273272,0.0813621
39197,-0.631113,-2.7886,-7.22065
39198,0.0825586,0.106758,0.257879
39199,0.0262475,0.0425917,0.111609
39200,-0.0085444,-0.00873055,0.00276167
39201,0.0309013,0.0327628,0.0855767
39202,0.0705518,-0.0879012,-0.300782
39203,0.00204768,-0.0105176,-0.0149485
39204,-0.0694349,-0.0787425,-0.148194
39205,0.00986608,0.0173122,0.0549261
39206,-0.0174983,-0.0247583,-0.0382418
39207,0.0074461,0.00930762,0.0370442
39208,-0.171763,-2.05244,-5.4808
39209,0.0783144,0.0911589,0.213951
39210,-0.0722272,-0.0796733,-0.153288
39211,0.0163814,0.025596,0.0728488
39212,0.00871194,0.00685041,0.0298059
39213,-0.000521227,-0.00035369,0.0146004
39214,0.00893532,0.00800456,0.0287596
39215,0.116531,0.111878,0.246532
39216,0.300376,2.24061,5.92825
39217,-0.0680015,-0.0960175,-0.119152
39218,0.0379751,0.0510058,0.127404
39219,0.0446766,0.0148922,0.0369986
39220,0.000316459,0.00776256,0.0349309
39221,-0.0186152,-0.0260613,-0.0410345
39222,0.0148922,0.0148922,0.047287
39223,9.30762e-05,0.00381613,0.0269962
39224,-0.000558457,0.00688764,0.033099
39225,0.0210352,0.0238647,0.0670513
39226,0.275785,2.61485,6.95315
39227,0.00186152,-0.0297844,-0.0619069
39228,0.19438,0.21858,0.483505
39229,-0.023176,-0.062268,-0.128234
39230,-0.0502612,-0.0632918,-0.120918
39231,0,0.0177962,0.0599604
39232,0.00372305,-0.160315,-0.447941
39233,0.00986608,0.0228968,0.0654669
39234,0.0143337,0.00130307,0.0108923
39235,0.000558457,-0.00286675,0.00770859
39236,0.00949378,0.00763225,0.031443
39237,0,0.00186152,0.0215498
39238,0,0,0.0161054
39239,-0.575286,-2.84525,-7.44962
39240,0.523908,2.76172,7.29995
39241,0.000279229,-0.0134774,-0.025064
39242,0.0260613,0.0279229,0.0756714
39243,-0.0241998,-0.0446766,-0.090437
39244,-0.0148922,-0.00186152,0.0173672
39245,0.00186152,-0.00180568,0.0110842
39246,0.00874917,0.00856301,0.0339017
39247,-0.0130121,-0.0185036,-0.0245346
39248,0.00558457,-0.00558457,0.000554172
39249,0.00372305,0.0148922,0.0521811
39250,0,0,0.0676612
39252,0,0,0.0161054
39253,-0.299687,-2.56604,-6.89322
39254,0.0112622,0.0094007,0.0377788
39255,-0.0130307,-0.00176845,0.0296329
39256,-0.035369,-0.042722,-0.0758538
39257,-0.803806,-6.995,-18.6581
39258,-0.0442857,-0.0173866,-0.00242737
39259,0.0409535,0.0472455,0.117368
39260,0.0277367,0.0314598,0.0832626
39261,0.00884224,0.000539842,0.0131832
39262,0.00679457,0.00307152,0.0241953
39263,0.0078184,0.0450489,0.132112
39264,-0.0338798,-0.0338798,-0.0548327
39265,-0.0167537,-0.0204768,-0.0280553
39266,0.0247583,0.0284813,0.0770263
39267,-0.363686,-2.35278,-6.20997
39268,0.0186152,0.0074461,0.0273806
39269,0.0303429,0.041512,0.109511
39270,0.00614303,0.00614303,0.0289678
39271,0.014706,0.014706,0.0468972
39272,-0.014464,0.00396505,0.0307735
39273,0.0241998,0.0241998,0.0637959
39274,-0.0260613,-0.0372305,-0.0661642
39275,-0.00372305,9.30762e-05,0.0180874
39276,0.00309013,0.00867471,0.0361978
39277,-0.00614303,-0.0140545,-0.0166416
39278,-0.677186,-4.77664,-12.6887
39279,-0.111878,-2.21032,-5.94674
39280,0.00241998,0.024386,0.0802921
39281,0.00614303,0.0135891,0.0486895
39282,-0.0852392,-0.0481949,-0.058027
39283,0.0130307,0.0297844,0.0882575
39284,-0.00930762,-0.00930762,-0.0103657
39285,0.0228968,0.0322044,0.0867507
39286,-0.0201231,-0.0201231,-0.0260287
39287,-0.00372305,-0.00372305,0.00831002
39288,0.0446766,0.0521227,0.13181
39289,-0.0228968,-0.0145199,-0.00313452
39290,1.86152e-05,0.00188014,0.0229472
39291,0.0191737,0.0228968,0.0653332
39292,-0.0198997,-0.0290212,-0.0481873
39293,0,0.00186152,0.0205491
39294,0.00930762,0.00651534,0.0273195
39295,-0.0124722,-0.0161953,-0.0207051
39296,0,0.0074461,0.0369014
39297,0.328075,2.49547,6.65916
39298,-0.0319252,-0.0252237,-0.0321219
39299,0.0154507,0.000558457,0.00599581
39300,-0.311489,-2.42687,-6.44412
39301,0.0541704,0.0727856,0.175385
39302,0.00467243,0.00653395,0.0290157
39303,-0.033433,-0.0408791,-0.0710455
39304,-0.0124536,-0.0124536,-0.0115847
39305,0.0074461,0.0074461,0.0316962
39306,0,0.025596,0.0852913
39307,-0.00372305,-0.00364859,0.00849165
39308,0.0735489,0.0772719,0.179535
39309,-0.0384591,-0.0552128,-0.105745
39310,0.0386453,0.04611,0.114779
39311,0.157411,2.34206,6.37455
39312,0.131573,2.23874,6.10244
39313,0.0639992,0.0896883,0.20222
39314,0.0074461,0.180698,0.503736
39315,0.0117276,0.00428151,0.0172397
39316,0.0165676,0.0215937,0.0635437
39317,0,0,0.0161054
39318,0.189038,2.32316,6.28576
39319,0.0322044,-0.00912147,-0.0344027
39320,-0.0917732,-0.109495,-0.216134
39321,0.041512,0.0590103,0.145277
39322,0.00729718,-0.151696,-0.38913
39323,0.166495,2.17757,5.88075
39324,0.27007,2.29859,6.07349
39325,-0.343414,-2.3358,-6.10444
39326,0.350544,2.37328,6.23237
39327,0.0657491,0.00578934,0.00242402
39328,-0.0842712,-1.89524,-5.12674
39329,-0.00930762,0,0.0245789
39330,0.0138125,0.00264337,0.01236
39331,-0.388984,-2.2552,-5.947
39332,0.078184,0.101081,0.242248
39333,0.0074461,0.0148922,0.0498591
39334,0.0228968,0.0284999,0.0793783
39335,0,-0.00372305,0.00702397
39336,-0.00130307,0.000558457,0.0179178
39337,0,0.0185594,0.0684183
39338,-0.041512,-0.0640737,-0.128732
39339,0.00558457,0.0278298,0.0833028
39340,-0.551868,-5.60626,-15.0538
39341,0.085444,1.24328,3.35954
39342,0.00186152,0.0206815,0.0705862
39343,-0.0074461,-0.00558457,0.002883
39344,0.00372305,0.00558457,0.0284415
39345,0.00186152,0.00186152,0.0200031
39346,0.0271783,0.0253167,0.0684711
39347,-0.0126584,-0.0145199,-0.0151684
39348,-0.0223383,-0.0204768,-0.0261263
39349,0.0113367,0.000167537,0.00640474
39350,0.0260613,0.0223383,0.0599773
39351,-0.00428151,0.0739025,0.213057
39352,0.00614303,0.000558457,0.0119597
39353,0.00186152,0.00186152,0.0200031
39354,0.000204768,0.000204768,0.0165342
39355,-0.00372305,-0.0821491,-0.198197
39356,-7.4461e-05,0.00551011,0.0306578
39357,0.0156368,0.0156368,0.0488461
39358,-0.00074461,0.00483996,0.0298321
39359,-0.0793568,-0.0812183,-0.153787
39360,0.0343079,0.038031,0.0970215
39361,-0.0148922,-0.0241998,-0.0377798
39362,-0.0186152,-0.0169771,-0.0181475
39363,0.0241998,0.0241998,0.0667755
39364,0.000930762,0.0108899,0.0456747
39365,-0.00186152,-0.00186152,0.0122077
39366,0.00184291,0.00370443,0.0245049
39367,0.0100336,0.0100336,0.037114
39368,0,0.00186152,0.0206461
39369,-0.00184291,-7.4461e-05,0.0171857
39370,-0.0171446,-0.0227292,-0.0331858
39371,-0.00914009,-0.0110016,-0.00838025
39372,-0.549634,-4.64214,-12.292
39373,0.00374167,0.0149108,0.05353
39374,-0.0074461,0.00180568,0.0242225
39375,0.219325,2.23975,5.97494
39376,-0.00930762,-0.0340659,-0.069033
39377,0.0167537,0.0223383,0.067436
39378,0.00986608,0.0117276,0.0413039
39379,0.0558457,0.0670149,0.16325
39380,0.132894,2.08307,5.67198
39381,0.247546,2.2033,5.93338
39382,-0.0223383,-0.0204768,-0.0250385
39383,-0.0893532,-0.119138,-0.245815
39384,0,0.0019546,0.0211423
39385,0.00182429,-0.00189876,0.00624365
39386,0.0800828,0.0875289,0.200117
39387,0.0526812,0.0725995,0.176143
39388,-0.0601273,-0.0936347,-0.191523
39389,0,0.0074461,0.0342683
39390,0.00837686,0.00837686,0.0336451
39391,-0.000558457,-0.00800456,-0.00322679
39392,-3.72305e-05,0.00554734,0.0311078
39393,0.000558457,0.0117276,0.0448811
39394,-0.00182429,-0.0116531,-0.0120145
39395,0.00930762,0.0297844,0.0855419
39396,-0.00357413,-0.0128818,-0.0147567
39397,0.00560319,-0.00370443,0.00513387
39398,0.00372305,0.0186152,0.0615431
39399,0.00186152,0.00930762,0.0379373
39400,-0.458754,-2.48035,-6.52441
39401,-0.00558457,-0.0800456,-0.216074
39402,0,0.00372305,0.0272511
39403,0.0130307,0.0204209,0.0640209
39404,0.0251306,0.0255401,0.0698681
39405,-0.00930762,-0.00953101,-0.00403641
39406,-0.00186152,-0.00757641,-0.00171256
39407,-0.00186152,0.00930762,0.0394521
39408,-0.0120068,-0.0157299,-0.0139701
39409,0.024386,0.0225245,0.0626246
39410,-0.00558457,-0.0111691,-0.00920985
39411,-0.00241998,-0.00241998,0.0110384
39413,0.000260613,-0.00160091,0.0121104
39414,-0.00372305,-0.00372305,0.00855542
39415,-0.00372305,0.0074461,0.0355544
39416,-0.00212214,0.00346244,0.0261879
39417,-0.0126584,-0.0163814,-0.0218422
39418,0.0173122,0.0173122,0.052354
39419,0,-0.00558457,0.0257967
39420,-0.00186152,0,0.0165197
39421,0,0.00163814,0.020881
39422,0,0.00186152,0.0208749
39423,-0.0260427,-0.0297658,-0.0475048
39424,-0.00372305,0,0.0173915
39425,0,0.00651534,0.031998
39426,0.0106107,-0.0266198,-0.0409222
39427,-0.00461658,-0.00833963,-0.00231654
39428,-0.00932624,-0.00932624,-0.00342206
39429,0.0148922,0.0297844,0.0833459
39430,0.319624,2.41888,6.47073
39431,0,-0.0213703,-0.0418361
39432,0.0245349,-0.00247583,0.00159119
39433,-0.00275506,-0.0010983,0.0142787
39434,0.0111691,0.0148922,0.0485731
39435,-0.0089167,-0.0125094,-0.0125986
39436,0.00930762,0.0130865,0.0448116
39437,-0.00558457,-0.00186152,0.0134938
39438,0.832437,7.29329,19.4375
39439,0.0363184,-0.0176659,-0.0615765
39440,0.0191737,-0.018094,-0.0324018
39441,-0.00558457,-0.00372305,0.00853022
39442,0.0651534,0.0662144,0.156462
39443,-0.00372305,-0.0167537,-0.0255392
39444,1.86152e-05,1.86152e-05,0.0117272
39445,0.0156182,0.011709,0.037275
39446,0.366665,2.52171,6.61864
39447,0.00558457,-0.0670149,-0.153447
39448,-0.0251492,-0.0790962,-0.168794
39449,0.00111691,0.00111691,0.0177925
39450,0.00558457,0.00372305,0.022807
39451,-1.86152e-05,-0.0977487,-0.235893
39452,0.0335261,0.0376214,0.0964733
39453,-0.00588242,-0.00774394,-0.0016557
39454,0.371132,2.19075,5.81426
39455,0.410969,2.38858,6.3509
39456,-0.109756,-0.119268,-0.237111
39457,-0.229526,-2.2909,-6.17456
39458,0.030287,0.0377331,0.101418
39459,-0.00186152,-0.00186152,0.0122077
39460,0.0154507,0.0210352,0.0620785
39461,0.0130307,0.0111691,0.040872
39462,-0.0135891,-0.0266198,-0.0441329
39463,-0.00990331,-0.0136264,-0.0137118
39464,0.029077,0.0382916,0.096735
39465,0.0148922,0.0186152,0.0563685
39466,0.00186152,-0.0074461,-0.0027005
39467,-0.0074461,-0.00372305,0.00959607
39468,0,-0.00372305,0.00702397
39469,-0.0322044,-0.0303429,-0.0434148
39470,0.0074461,0.0074461,0.0316962
39471,-0.00370443,-0.00184291,0.0134443
39472,0.0188014,-0.0556596,-0.162358
39473,0.0167537,0.0223383,0.0648069
39474,0.240751,2.41518,6.54142
39475,-0.0175169,-0.02124,-0.0280641
39476,0.00372305,0.0686158,0.180958
39477,-0.0204768,-0.0148922,-0.0140508
39478,0.0577073,0.00558457,0.00943178
39479,-0.0223383,-0.0167537,-0.0143632
39480,0.00186152,-0.00186152,0.0109217
39481,0.00372305,-0.0148736,-0.0255784
39482,0.00614303,0.00614303,0.0289678
39483,0.00130307,0.00130307,0.0188338
39484,-0.039092,-0.0215937,-0.0201947
39485,0.0582285,0.0636642,0.150381
39486,0.0178706,0.0234552,0.0671455
39487,-0.0228968,-0.0395016,-0.0725683
39488,-0.0266198,-0.0303987,-0.0477536
39489,0.0185222,0.0185222,0.0548875
39490,0.00986608,0.00800456,0.0319938
39491,-0.00614303,-0.00428151,0.00778373
39492,0,0.00372305,0.0268978
39493,-0.0279229,-0.0279229,-0.0423601
39494,0.037789,0.0359274,0.0898807
39495,-0.0556038,-0.0518807,-0.0907799
39496,-0.22571,-2.40839,-6.51055
39497,-0.00688764,0.000558457,0.0222472
39498,0.00688764,0.00316459,0.0214455
39499,0.00372305,-0.00148922,0.0111868
39500,-0.00372305,-0.00558457,0.00376929
39501,0,0.00372305,0.0262229
39502,0.0203651,0.0333958,0.100716
39503,0,-0.00558457,0.0022545
39504,0.00241998,0.00614303,0.0302539
39505,0.408158,4.75525,12.8964
39506,0.0103315,0.0140545,0.0461675
39507,-0.0128073,-0.0233249,-0.0389859
39508,0.0297844,0.0372305,0.0930124
39509,0.0116345,0.00418843,0.0265993
39510,-0.000856301,0.0787239,0.243976
39511,-0.00558457,-0.00558457,0.00441232
39512,-0.0126584,-0.0275506,-0.0476284
39513,0.00623611,0.0211283,0.0657172
39514,0.000930762,-0.00279229,0.00897282
39515,0.000930762,0.000837686,0.0177869
39516,-0.0181126,-0.0255587,-0.0399821
39517,-0.00335074,-0.0107968,-0.00907334
39518,0.00186152,0.00372305,0.0250984
39519,-0.000577073,-0.000577073,0.0148971
39520,0.00148922,0.0107968,0.0408181
39521,0.00111691,-0.0137753,-0.0178818
39522,-0.00735302,-0.00735302,0.000709505
39523,0,0.0074461,0.0374973
39524,-0.00893532,-0.00893532,-0.00260354
39525,0.0340659,0.0340659,0.0874408
39526,-0.000167537,-0.0010983,0.0133699
39527,0,0.0186152,0.0631517
39528,0,-0.00930762,-0.0065982
39529,-0.0279229,-0.0279229,-0.0423601
39530,5.58457e-05,0,0.0160655
39531,0.00186152,0.00930762,0.0401241
39532,0,-0.000372305,0.015022
39533,-0.00372305,0.00372305,0.028691
39534,0.00372305,0.00372305,0.0239008
39535,0.00362997,0.00567765,0.0287815
39536,-0.00186152,-0.00186152,0.012866
39537,-0.00197322,-0.00197322,0.0119739
39538,-1.86152e-05,0.00165676,0.0202446
39539,0,0.00186152,0.0212007
39540,0,-0.00186152,0.0110102
39541,0,0.00186152,0.00930493
39542,0,0,0.0161054
39543,0,-0.00372305,0.00629988
39544,-0.00372305,0.00186152,0.0243539
39545,-0.0130307,-0.00651534,0.00426222
39546,0.00688764,0.00688764,0.0293141
39547,0.0135891,0.0210352,0.0627215
39548,0,0.00558457,0.0313421
39549,-0.00428151,-0.00428151,0.0107554
39550,-0.00558457,-0.0074461,0.00125734
39552,-0.0165676,-0.0146874,-0.013998
39553,-0.317539,-2.50921,-6.68774
39554,0.00995916,0.022934,0.0685113
39555,0.0148922,0.0297844,0.0879947
39556,-0.00372305,-0.00370443,0.00835543
39557,0.00372305,0.00372305,0.0239008
39558,-0.00335074,0.00176845,0.0242954
39559,0,0.00186152,0.0206461
39560,0.00800456,0.0154507,0.0536615
39561,0.00186152,0.0111691,0.0418995
39562,0.00260613,0.00521227,0.0279192
39563,-0.00372305,-0.0279229,-0.0472138
39564,0.0316459,0.0409535,0.10507
39565,-0.0119138,-0.0193599,-0.0274602
39566,-0.00558457,0.00770671,0.0398653
39567,0.00372305,0.00558457,0.0284415
39568,-0.00558457,-0.0204768,-0.0311062
39569,-0.00428151,-0.0189503,-0.0285433
39570,0.0367837,0.0665681,0.165776
39571,-0.00372305,-0.00372305,0.00831002
39572,-0.000446766,-0.00789287,-0.00299293
39573,0.0204768,0.0335074,0.0907652
39574,-0.0204768,-0.0318321,-0.0544906
39575,-0.0745913,-0.0952915,-0.190568
39576,0.0564042,0.0645763,0.154139
39577,0.00930762,0.0279229,0.0810012
39578,0.0111691,-0.014948,-0.0242216
39579,-0.0461658,-0.0445835,-0.076819
39580,0.0396505,0.0396505,0.0967844
39581,0.00188014,0.00188014,0.018666
39582,0.0210352,0.0508196,0.132143
39583,0.00725995,0.014706,0.0526983
39584,-0.0171074,-0.0504473,-0.101665
39585,-0.0327628,-0.016791,-0.0135419
39586,0.0204768,0.0204768,0.0589801
39587,0.00614303,0.00614303,0.0250508
39588,0,0.0260613,0.0796756
39589,-0.00800456,-0.00893532,-0.00292505
39590,0.0510058,0.0510058,0.122902
39591,-0.0247397,-0.037547,-0.0668383
39592,-0.00186152,-0.0074461,0.00181452
39593,0.182132,2.39375,6.49232
39594,-0.0452351,-0.0564042,-0.110235
39595,0.0247583,-0.0401345,-0.0990051
39596,0.00688764,-0.0173122,-0.0285025
39597,-0.0173122,-0.000558457,0.0207233
39598,0.00372305,-0.0198439,-0.0344529
39599,0.00372305,0.00372305,0.0239008
39600,0.0167537,0.0271783,0.078151
39601,0.406241,4.79026,12.7285
39602,0.00558457,-0.0392409,-0.0937407
39603,-0.0210352,-0.0271783,-0.0444544
39604,0.0117276,0.0117276,0.0401663
39605,0.074461,0.0651534,0.145295
39606,-0.0111691,-0.0128445,-0.0112867
39607,-0.0465381,-0.0483996,-0.0852993
39608,-0.0167537,-0.0111691,-0.0053517
39609,0.00558457,-0.0577073,-0.162733
39610,0.734465,5.03161,13.4413
39611,0.0152087,-0.00517504,-0.00402911
39612,-0.041512,-0.0675734,-0.138895
39613,0.0167537,0.0381613,0.102961
39614,0.067108,0.0783144,0.183838
39615,-0.0508196,-0.0564042,-0.100418
39616,0,-0.00539842,0.000210629
39617,0.00374167,-0.0185966,-0.0357598
39618,0.209254,2.60388,7.08088
39619,-0.115415,-2.51004,-6.85105
39620,-1.86152e-05,-1.86152e-05,0.0160664
39621,0.0191923,0.0117462,0.0381278
39622,-0.000558457,-0.0154507,-0.0287154
39623,-0.00930762,-0.0204768,-0.0312857
39624,0.039092,0.0502612,0.125201
39625,-0.041512,-0.0433735,-0.075354
39626,0.0111691,0.0110761,0.0392242
39627,-0.00186152,-0.00372305,0.00697893
39628,0.0156368,0.0261358,0.0749724
39629,0.251324,2.65969,7.21121
39630,0.0111691,-0.00953101,-0.0196584
39631,0.0428151,-0.00372305,-0.00887466
39632,0.0283883,0.00967993,0.0324437
39633,0.235408,2.62248,7.00852
39634,-0.0266198,-0.0292446,-0.0460849
39635,-0.00949378,0.0482135,0.133251
39636,0.0264337,0.0152831,0.0431432
39637,-0.0245721,-0.0661958,-0.137984
39638,0.0148922,-0.0372677,-0.0799621
39639,0.00387197,0.0113181,0.0423755
39640,0.00372305,-0.0688206,-0.174684
39641,0.00342521,0.0104432,0.0455138
39642,0.0556596,0.0868401,0.209925
39643,0.393657,2.92183,7.65425
39644,-0.00876778,-0.0162139,-0.0212976
39645,0.00930762,-0.000632918,0.00695003
39646,0.00372305,0,0.0137103
39647,-0.0287978,-0.0231201,-0.0311839
39648,0.00186152,-0.00372305,0.00180603
39649,-0.0409535,-0.0411769,-0.0702581
39650,-0.000930762,-0.00837686,-0.00400633
39651,0.00860025,0.00860025,0.0341128
39652,0.0387011,0.0401345,0.0993156
39653,0.0228968,0.0284813,0.0813071
39654,-0.00930762,0.0614303,0.205311
39655,0.681169,5.48482,14.679
39656,0.0117276,-0.00150784,-0.00105636
39657,-0.0120813,-0.00612442,0.00646073
39658,0.00446766,-0.00483996,-0.00411184
39659,0.348105,2.92421,7.83427
39660,0.0122861,-0.0106107,-0.0202052
39661,-0.0269921,-0.0362997,-0.0746105
39662,0.427834,2.97833,7.85166
39663,-0.0616165,-0.0815162,-0.150474
39664,-0.0130307,-0.0465381,-0.0967177
39665,0.000186152,-0.0035369,0.00630468
39666,0.0130307,0.0074461,0.02797
39667,0.0074461,0.0074461,0.0316866
39668,-0.0130307,-0.0235297,-0.0425206
39669,-0.00186152,0,0.0171105
39670,-0.502091,-5.62484,-15.1044
39671,-0.0143337,-0.00819071,-0.00303911
39672,-0.502556,-4.67822,-12.5798
39673,-0.378113,-2.13975,-5.56325
39674,-0.270331,-1.92351,-5.04185
39675,0.00372305,0.0223383,0.068231
39676,0.00186152,-0.00874917,-0.00449885
39677,-0.00167537,0.00204768,0.0209757
39678,0.340101,2.26194,5.994
39679,-0.258473,-2.00529,-5.3215
39680,0.0260613,-0.0279229,-0.0892987
39681,-0.00467243,-0.0232877,-0.0365708
39682,-0.216216,-1.88427,-5.02478
39683,0.0285558,0.0303987,0.0812718
39684,-0.00558457,-0.0392782,-0.0968083
39685,0.0182429,0.0107968,0.0367915
39686,-0.0135519,0.00212214,0.0270721
39687,-0.25313,-1.79676,-4.79895
39688,-0.0301567,-0.0301567,-0.0429801
39689,0.0161394,0.0528487,0.161665
39690,0.0412328,0.0497958,0.127228
39691,-0.03643,-0.0736605,-0.157825
39692,-0.00746472,-0.00333213,0.0140616
39693,0.249891,1.91826,5.16849
39694,0.0397994,0.0509686,0.125875
39695,-0.0234552,-0.043932,-0.0862371
39696,0,0.00930762,0.0366367
39697,0.403467,3.9522,10.6623
39698,0.386546,3.94671,10.5613
39699,0.0413445,0.039092,0.100473
39700,-0.341608,-2.17013,-5.72472
39701,0.0279229,0.035369,0.0927338
39702,-0.0186152,-0.0260613,-0.0410345
39703,0.0116159,0.019062,0.05859
39704,0.0148922,0.137753,0.370735
39705,-0.208565,-2.07067,-5.47751
39706,0.0284813,0.0569627,0.148916
39707,0.0198439,0.0254284,0.0712771
39708,0.352908,2.41352,6.35581
39709,-0.041512,-0.0619888,-0.127772
39710,0.000558457,0.000558457,0.0164675
39711,-0.0428151,-0.0521227,-0.0962453
39712,0.0156368,0.0230829,0.067009
39713,0,0.0074461,0.0342683
39714,-0.00558457,-0.00480273,0.00699399
39715,0.0148922,0.0111691,0.0377481
39716,-0.0140173,-0.0177403,-0.0227832
39717,0.00591965,-0.00152645,0.0103372
39718,0.0074461,0.0186152,0.059398
39719,0.0697327,0.0636083,0.149101
39720,-0.373608,-2.2719,-5.96759
39721,-0.000223383,-0.00208491,0.0100831
39722,-0.212735,-1.88278,-4.9763
39723,0.0130307,0.0279229,0.0824674
39724,0.632118,4.51628,11.9558
39725,0.00986608,-0.0217798,-0.0484292
39726,-0.0279973,-0.0279973,-0.042516
39727,-0.0139614,0.159198,0.470454
39728,-0.0405812,-0.0890367,-0.194837
39729,0.0446766,0.0483996,0.118732
39730,-0.0787425,-0.1234,-0.278718
39731,-0.0941373,-0.155568,-0.330038
39732,-0.0188386,-0.016884,-0.0172896
39733,-0.00223383,-0.0189876,-0.0292096
39734,-0.174257,-1.95751,-5.20389
39735,0.00774394,0.0133285,0.0520767
39736,-0.00290398,-0.077365,-0.199857
39737,0.0242184,0.029803,0.0808941
39738,-0.0508382,-0.0452537,-0.0739663
39739,0.0191737,0.0396505,0.1062
39740,-0.0119138,-0.0100522,-0.00364087
39741,0.037789,0.037789,0.0952287
39742,-0.0279229,-0.0332468,-0.0553465
39743,-0.0285186,-0.0359647,-0.0633368
39744,0.0404137,0.0441368,0.109577
39745,-0.00450489,-0.00450489,0.00667298
39746,-0.00184291,-0.00202906,0.0117926
39747,-0.0122861,-0.00670149,0.00468901
39748,0.00556596,0.00742748,0.0341435
39749,-0.0356668,-0.0338053,-0.0531301
39750,0.0367279,0.0348664,0.0877801
39751,0.00186152,-0.00405812,0.00536284
39752,-0.024144,-0.0222825,-0.0292488
39753,-0.000111691,0.00174983,0.0210705
39754,-0.458438,-4.10738,-10.9904
39755,0.0713523,0.0766204,0.179692
39756,0.00186152,-0.00074461,0.0136283
39757,0.0167537,0.0335074,0.0952076
39758,0,0,0.015293
39759,-0.0129562,-0.014706,-0.0118257
39760,0.0182802,0.0182802,0.0543808
39761,-0.0214262,-0.0261172,-0.0403893
39762,0.00927039,0.00927039,0.035516
39763,-0.0154507,-0.0164559,-0.0186815
39764,0.00688764,0.00688764,0.0305269
39765,0.0310316,0.0613931,0.1799
39766,0.0539842,0.0595688,0.143218
39767,0.0238275,0.0381613,0.106218
39768,0.0990331,1.85419,5.11601
39769,-0.0916056,-0.0986422,-0.194156
39770,-0.232933,-2.08396,-5.57274
39771,-0.202459,-1.84531,-4.96217
39772,-0.00111691,-0.00297844,0.0133545
39773,0.0119138,0.00796733,0.0313454
39774,-0.0223383,-0.240137,-0.631295
39775,0.0297844,0.0303242,0.0799763
39776,-0.0186525,-0.0149294,-0.0122536
39777,0.00558457,0.0111691,0.0383581
39778,0.00928901,-0.0217985,-0.0544449
39779,0.00186152,0.00372305,0.0238856
39780,0.00372305,0.00372305,0.0239008
39781,0.0173122,0.0173122,0.0517581
39782,-0.0167165,-0.0260241,-0.0422858
39783,-0.00800456,-0.0249817,-0.0451122
39784,0.00725995,0.00893532,0.0360514
39785,-0.0954218,-0.100653,-0.192052
39786,0.067108,0.067108,0.155413
39787,-0.0521227,-0.0521227,-0.0970664
39788,-0.584593,-4.58942,-12.162
39789,-0.00558457,0.0260613,0.0834912
39790,0.0165676,0.0368582,0.100172
39791,-0.0307152,-0.0176845,-0.00897972
39792,0.0470966,0.0595874,0.146699
39793,-0.0191737,-0.0191737,-0.0240409
39794,-0.00874917,-0.0981768,-0.25329
39795,-0.00986608,-0.0189503,-0.0204431
39796,0.0111691,0.00418843,0.0263098
39797,-0.00558457,-0.00558457,0.00441232
39798,0,0.000372305,0.0171888
39799,0.0173494,0.046203,0.123747
39800,-0.0247583,-0.0284813,-0.0372005
39801,-0.00558457,-0.00819071,-0.00240219
39802,0.000148922,0.0113181,0.0357491
39803,0.0191737,0.0228968,0.0653332
39804,0.186097,1.71344,4.61874
39805,-0.0154507,-0.037789,-0.0751161
39806,0.0359274,0.0470966,0.119462
39807,0,0.00558457,0.0299563
39808,0.0428151,0.0316459,0.0785082
39810,-0.0335074,-0.0409535,-0.0722161
39811,-0.000558457,-0.00428151,0.00585466
39812,0.00558457,0.00536119,0.0271568
39813,-0.00372305,-0.00392782,0.00781054
39814,-0.00930762,-0.0167537,-0.021546
39815,0.00558457,0.00558457,0.0277985
39816,-0.00186152,-0.00186152,0.0122077
39817,0,0.0186152,0.0615127
39818,0,-0.00372305,0.00702397
39819,0,0.00184291,0.0206007
39821,0.202795,1.72675,4.61422
39822,-0.051285,-0.653544,-1.74814
39823,0.000186152,0.603171,1.67361
39824,0.193915,0.203465,0.448528
39825,-0.0638503,-0.0824656,-0.168182
39826,0.0651534,0.0869332,0.218125
39827,0,0.00104245,0.0189049
39828,0.0111691,0.00837686,0.0330841
39829,-0.0074461,-0.00930762,-0.00483335
39830,0.200505,1.69214,4.48503
39831,-0.00374167,-0.00374167,0.00827104
39832,-0.0351828,-0.0449372,-0.0848081
39833,-0.0372305,-0.0372305,-0.0618486
39834,-0.0830985,-1.61655,-4.33128
39835,-0.0396877,-0.0470966,-0.0820149
39836,0.0529045,0.0529045,0.126421
39837,0.035369,0.0595502,0.150831
39838,-0.0297844,-0.0465381,-0.0857631
39839,-0.0129748,-0.0148364,-0.0171809
39840,0.0370257,0.0487906,0.122617
39841,-0.0228968,-0.0279601,-0.0416021
39842,0.0191737,0.0269921,0.0755035
39843,0.00117276,0.0028109,0.0224599
39844,0.0236228,0.0475992,0.124024
39845,0.0135891,0.00497027,0.0219988
39846,-0.0154507,-0.0248327,-0.038902
39847,0,-0.0148922,-0.0289678
39848,-0.00204768,0.00534258,0.0338808
39849,0.00186152,0,0.0154624
39850,-0.0367837,-0.0349222,-0.0563724
39851,-0.0483996,-0.0800456,-0.168403
39852,0.019546,0.0362997,0.10032
39853,0,-0.0074461,-0.00367197
39854,0.0167537,0.0335074,0.0952802
39855,0.0238275,0.0461658,0.120485
39856,0,-0.0167537,-0.0265713
39857,0.966411,5.97477,15.7521
39858,0.0201045,-0.0251306,-0.0763175
39859,-0.00986608,-0.0433735,-0.0890594
39860,-0.0549708,-0.0698258,-0.138772
39861,0.336768,2.10129,5.52555
39862,0.227329,2.09029,5.54045
39863,0.0548219,-0.0161022,-0.0458488
39864,0.0262475,0.0225245,0.0581202
39865,0.0295796,0.0333027,0.0906483
39866,0.00465381,0.00837686,0.0431666
39867,-0.0120999,-0.0232691,-0.0365704
39869,-0.00416982,-0.000521227,0.0162744
39870,-0.00214075,-0.0133099,-0.021272
39871,0,3.03577e-18,0.0123065
39872,0.0255029,0.0116904,0.0277874
39873,0.0164745,0.0201975,0.061296
39874,0,0.0074461,0.0342683
39875,0.00521227,0.010983,0.0420603
39876,-0.00338798,-0.00338798,0.0090116
39877,0.000558457,0.00986608,0.041102
39878,0.0035369,0.00725995,0.0360814
39879,0.00636642,0.00645949,0.0278882
39880,0.00338798,-0.0139242,-0.0231906
39881,0.856339,8.76762,23.609
39882,-0.0409535,-0.0800083,-0.178798
39883,0.00186152,-0.0295052,-0.066117
39884,0.00839548,0.0028109,0.0178151
39885,0.00186152,-0.0130307,-0.014232
39886,0,-0.00186152,0.0109361
39887,-0.0269921,-0.0347919,-0.0619563
39888,-0.0112622,-0.0113367,-0.00137984
39889,0.0223383,0.0223383,0.0628778
39890,0,0.00560319,0.0314447
39891,-0.00188014,-1.86152e-05,0.0173975
39892,0.0446766,0.0502612,0.123272
39893,-0.025689,-0.0294121,-0.0523305
39895,-0.0154507,-0.0191737,-0.0253269
39896,0.00614303,0.00148922,0.00973096
39897,-0.373757,-2.61276,-6.87786
39898,0,-0.00355551,0.0110856
39899,-0.00165676,-0.00165676,0.0123385
39900,0.00742748,-1.86152e-05,0.0114224
39901,0.0651534,0.0577073,0.130215
39902,-0.00547288,-0.00919593,-0.00489276
39903,0.775902,5.29412,13.9437
39904,-0.108415,-0.134477,-0.274659
39905,0,-0.00966131,-0.00934608
39906,0.0204768,0.0297844,0.0872552
39907,0.0446394,0.040302,0.0888696
39908,0.019062,0.0284627,0.0745943
39909,0.0122861,0.0104245,0.037844
39910,-0.00398366,-0.0189503,-0.0259908
39911,-0.215434,-2.43404,-6.51746
39912,0.0223383,0.0234552,0.0681289
39913,-0.00372305,-0.0148922,-0.0199568
39914,0.00478412,-0.0101081,-0.0106608
39915,0.00638503,0.00638503,0.029482
39916,0.00275506,0.0120627,0.0464246
39917,-0.0149294,-0.0112064,-0.00607268
39918,0.0148922,0.0245721,0.0705825
39919,0.202031,2.4902,6.70255
39920,0.00558457,-0.0130307,-0.021758
39921,0.00186152,0.0130307,0.0472475
39922,0.00558457,0,0.0119507
39923,-0.0204768,-0.0372305,-0.067407
39924,0.0167537,0.0074461,0.0278228
39925,-0.0428151,-0.0260613,-0.0320169
39926,-0.00186152,-0.0301381,-0.063794
39927,0,-0.0133099,-0.0207287
39928,0.00327628,0.0169585,0.0652418
39929,-0.00372305,-0.00372305,0.00831002
39930,0.00560319,0.00932624,0.0369189
39931,-0.000558457,-0.0154507,-0.0197752
39932,0.000558457,0.0154507,0.0536005
39933,0.000241998,0.00396505,0.0265008
39934,1.14878,7.51959,19.8811
39935,0.231797,2.46548,6.55154
39936,1.44417,9.31632,24.5293
39937,0.0357227,-0.0635152,-0.171038
39938,-0.0680201,-0.0479901,-0.0777282
39939,-0.173624,-2.113,-5.67752
39940,0.0210166,0.0210166,0.0604961
39941,-0.0445835,-0.0241067,-0.0251528
39942,0.0379937,0.0376214,0.0898641
39943,0.0333213,0.0202906,0.0481485
39944,0.0232132,0.00459797,0.0156677
39945,0.0101081,-0.00841409,-0.0142524
39946,-0.0115415,-0.0189876,-0.0279972
39947,-0.0255029,-0.036672,-0.06889
39948,-0.00262475,-0.0118207,-0.00611426
39949,-0.0135891,-0.0266198,-0.047112
39950,-0.0420146,-0.0289839,-0.0403293
39951,-0.00413259,-0.000409535,0.0169915
39952,-0.012193,-0.0308082,-0.0575892
39953,-0.00100522,-0.0196205,-0.033694
39954,-0.0217612,-0.0217612,-0.0294587
39955,0.0193599,0.0188014,0.0551707
39956,0.00310875,0.0109272,0.0436247
39957,-0.281053,-2.38383,-6.37129
39958,-0.012193,0.0017126,0.022073
39959,-0.0157671,-0.00590103,0.0118443
39960,-0.113292,-0.120124,-0.237018
39961,-0.133304,-2.0813,-5.62432
39962,-0.0135891,-0.0173308,-0.0224055
39963,0.0303242,0.0340473,0.0898374
39964,0.267725,2.19386,5.88362
39965,-0.0130307,-0.0111691,-0.00568153
39966,0.0111691,0.0186152,0.0599273
39967,0.410652,2.51537,6.65239
39968,0.311154,2.37936,6.33835
39969,0.0828565,0.0622494,0.139024
39970,0.133043,2.17139,5.88279
39971,0.00930762,0.00372305,0.0196566
39972,1.18622,7.00309,18.4147
39973,0.0125094,0.0588428,0.165439
39974,-0.0478226,-0.0662517,-0.130191
39975,-0.0167537,-0.0264895,-0.0457215
39976,0.0148922,-0.00614303,-0.00927969
39977,-0.0299333,-0.0373794,-0.0673655
39978,-0.0134588,-0.0129376,-0.0172054
39979,-0.000949378,-0.0241812,-0.0695853
39980,-0.0284999,-0.0304545,-0.0470122
39981,0.0201045,0.0202534,0.0586082
39982,0.237568,2.50723,6.82164
39983,-0.0560691,-0.0821305,-0.171603
39984,-0.0157857,0.00282952,0.0346163
39985,0.0297844,0.0274761,0.0717956
39986,0.0074461,-0.0074461,-0.0113893
39987,0.241849,2.53153,6.73352
39988,0.00614303,0.0176286,0.0543262
39989,-0.015823,-0.00828379,0.00104751
39990,0.0601273,0.0437086,0.0966482
39991,0.200095,2.54323,6.79976
39992,-0.041996,-0.0017126,0.0285605
39993,0.68048,5.4855,14.7779
39994,-0.013403,0.0332841,0.11377
39995,-0.0471338,-0.0914381,-0.207509
39996,-0.0188014,-0.0132168,-0.0126671
39997,0.0396505,0.0396505,0.0967172
39998,-0.016642,-0.0456632,-0.0996931
39999,0.0561808,0.0170888,0.0335791
40000,-0.0560691,-0.08617,-0.177285
40001,0.0279229,0.0131424,0.0420167
40002,0.0241067,0.0237344,0.0634481
40003,-0.00186152,-0.0204954,-0.037294
40004,0.234738,2.71461,7.37302
40005,-0.0254098,-0.0286489,-0.0444334
40006,-0.197731,-2.73998,-7.46265
40007,0.0226548,0.0194902,0.058125
40008,-0.0111691,-0.0148922,-0.0179767
40009,0.00558457,-0.0130307,-0.0259704
40010,-0.0208118,-0.0431501,-0.083574
40011,-0.0130307,-0.0204768,-0.0326195
40012,0.0521227,0.0232691,0.0395987
40013,0.156517,2.77805,7.60542
40014,-0.00580796,-0.00618026,0.00254899
40015,0.018094,0.0106479,0.0408925
40016,-0.623145,-5.80647,-15.6879
40017,0.00428151,-0.00828379,-0.00689629
40018,0.00925178,0.0399111,0.115962
40019,0.00186152,0.00394643,0.0264982
40020,0.00558457,-0.00174983,0.00962416
40021,0.000558457,0.0332096,0.0981622
40022,-0.00316459,-0.00279229,0.0104332
40023,0,-0.00547288,-0.00116177
40024,-0.0228968,-0.0470966,-0.0936106
40025,0.043448,0.0510802,0.128265
40026,0.204898,2.78088,7.63426
40027,0.0144454,0.0181685,0.0570475
40028,0.0644088,1.92357,5.34271
40029,0.401177,5.44907,14.4795
40030,-0.0956638,-1.91557,-4.99622
40031,-0.00372305,-0.0139801,-0.0168991
40032,0.0180568,0.00688764,0.0255597
40033,0.00372305,-0.0074461,-0.00536757
40034,-0.146818,-2.53072,-6.81805
40035,0.130735,2.56155,6.95331
40036,-0.0506521,-0.0182616,-0.0105575
40037,0.00241998,0.00614303,0.0378865
40038,0.039092,0.0428151,0.107039
40039,0.0186152,0.015823,0.0478138
40040,0.00446766,-0.0170702,-0.0311371
40041,-0.0100709,-0.02124,-0.033598
40042,-0.0074461,-0.0074461,0.00051462
40043,0.0389245,0.0445091,0.112493
40044,0.00465381,0.00819071,0.0349525
40045,-0.00861886,0.00245721,0.0243851
40046,-0.000930762,0.00264337,0.0183597
40047,-0.0074461,-0.0130307,-0.0221554
40048,0.000930762,0,0.0157839
40049,0.0111691,0.0112995,0.0398095
40050,-0.00130307,-0.00688764,-0.00150988
40051,0,0.000279229,0.0168208
40052,0,-0.00288536,0.00825295
40053,0.0107968,0.0146502,0.0486683
40054,0.222024,2.70202,7.12433
40055,-0.0148922,-0.0167537,-0.020699
40056,-0.0349967,-0.0368582,-0.0631709
40057,0.0355737,0.0349967,0.0883272
40058,0.0587683,0.0671452,0.153822
40059,-0.00809763,-0.00437458,0.00889014
40060,-0.00770671,-0.0112995,-0.0085996
40061,-0.0173122,-0.0210352,-0.0292246
40062,0.0130307,0.0238275,0.0762256
40063,-0.010983,-0.010983,-0.00691388
40064,-0.0318693,-0.0318693,-0.0505596
40065,0,0,0.0161306
40066,0.0030529,0.0216682,0.0679049
40067,0.00459797,0.00107968,0.0167112
40068,0.0074461,0.104059,0.279189
40069,1.30893,5.53472,14.2487
40070,0.237009,2.13733,5.76164
40071,-0.663652,-4.50781,-11.9227
40072,-0.559221,-4.39759,-11.7004
40073,0.0322044,0.0303429,0.0712023
40074,0.0352201,0.031497,0.081198
40075,0.199537,2.21862,5.94598
40076,-0.00590103,-0.0377331,-0.0766718
40077,-0.0074461,-0.0130307,-0.0140112
40078,-0.18081,-2.1242,-5.67123
40079,0.00372305,0.00372305,0.0239008
40080,0.000725995,0.00668287,0.0321902
40081,-1.86152e-05,0.0148736,0.0523922
40082,0,-0.00766948,-0.00268136
40083,-0.0459983,-0.0404137,-0.0661271
40084,0.0074461,0.0204768,0.0641675
40085,-0.136003,-1.91177,-5.10793
40086,-0.0446766,-0.0356854,-0.05616
40087,0.350209,2.14034,5.63457
40088,-0.107224,-0.118393,-0.235646
40089,0.0513781,0.0774394,0.188368
40090,-0.00800456,-0.000558457,0.0173074
40091,-0.0074461,-0.0074461,0.00051462
40092,0.0335074,0.0236972,0.0621847
40093,0.0212772,0.0175542,0.0511172
40094,-0.0121371,-0.0158602,-0.0188465
40095,0.0108527,0.0108527,0.038829
40096,-0.0378076,-0.0487533,-0.0905629
40097,-0.0601459,-0.0601459,-0.109829
40098,0.0069621,0.00882363,0.035319
40099,0.00517504,0.00908424,0.0369569
40100,0.00370443,0.00556596,0.0282018
40101,0.0504473,0.0802317,0.196215
40102,-3.72305e-05,-0.0163256,-0.0272529
40103,-0.0130307,-0.0167537,-0.0230314
40104,-0.0148922,-0.0230829,-0.0353756
40105,0.0199183,0.0106293,0.0319172
40106,0.00368582,0.00554734,0.0279061
40107,-0.0109644,-0.0133657,-0.0131671
40108,-0.00372305,0.00186152,0.0219708
40109,-0.000483996,-0.000483996,0.015092
40110,0.0306221,0.0324836,0.0852208
40111,0.100857,1.9571,5.33072
40112,0.0332282,0.018336,0.0459752
40113,-0.00571488,-0.02366,-0.0402747
40114,0.380142,4.07149,11.0025
40115,0.0176845,0.00558457,0.018195
40116,-0.232523,-2.03744,-5.44435
40117,0.04127,0.0356854,0.0953
40118,-0.188293,-2.01702,-5.48262
40119,-0.377666,-4.04828,-10.7861
40120,0.0290398,0.0506335,0.131556
40121,0.00372305,-0.0188014,-0.0391644
40122,0.00186152,-0.00433735,0.000482531
40123,0.244921,2.03889,5.41101
40124,0.163628,1.97657,5.33234
40125,0.0284813,1.12358,3.13782
40126,-0.0465381,-1.13413,-3.12027
40127,0.0292259,0.0367651,0.0977366
40128,0.242389,2.08221,5.65797
40129,-0.035369,-0.0444532,-0.0759974
40130,0.12193,1.93038,5.2687
40131,0.0148922,0.00951239,0.0347237
40132,0.00446766,0.00837686,0.0326727
40133,-0.00372305,-0.0111691,-0.0102026
40134,0.0603134,0.0605926,0.144298
40135,-0.0320927,-0.043448,-0.0786413
40136,-0.0279229,-0.0349967,-0.0609112
40137,0.0370071,0.053947,0.135262
40138,0,-0.0167537,-0.0245305
40139,0.0132168,0.0169399,0.0585904
40140,-0.0340659,-0.0396505,-0.0718536
40141,-0.415846,-4.07739,-11.0204
40142,-0.0015823,-0.026899,-0.0580288
40143,0.00186152,0.00279229,0.0200113
40144,0,0.0019546,0.0174278
40145,0.0544682,0.0724506,0.176296
40146,-0.0111691,-0.0148922,-0.0159047
40147,0.0210352,0.0545427,0.142139
40148,-0.00372305,-0.00740887,-0.00112196
40149,0.0722086,1.87167,5.20479
40150,0.0204768,0.0333213,0.0947007
40151,-0.0741445,-0.113795,-0.246592
40152,0.092313,0.104785,0.242226
40153,-0.0228968,-0.0191737,-0.0218399
40154,-0.053463,-0.073977,-0.145526
40155,0.0543565,0.069379,0.166569
40156,0.0210352,0.011951,0.0376301
40157,0.019788,0.0272341,0.0761583
40158,-0.00314598,-0.0143151,-0.017726
40159,0.0237717,0.0354993,0.0942667
40160,-0.0357599,-0.0301753,-0.0450395
40161,-0.0197322,-0.0364859,-0.0669119
40162,0.0153576,0.00604996,0.0246428
40163,0.00828379,-0.0159347,-0.0349699
40164,-0.00186152,-0.00186152,0.0122077
40165,0.00685041,0.00954962,0.0371649
40166,-0.000558457,-0.00791148,-0.00343923
40167,0.00558457,0.00558457,0.0277985
40168,0.00431874,-0.00176845,0.00916995
40169,-0.00137753,-0.0069621,-0.000858543
40170,0.0943793,1.97208,5.3886
40171,0.00651534,0.0232691,0.0718175
40172,0.00930762,0.013403,0.047198
40173,-0.00186152,-0.00558457,0.00474076
40174,3.72305e-05,-0.00396505,0.00464811
40175,0.00186152,0.00186152,0.0199643
40176,0.365268,4.22561,11.3671
40177,0.199127,2.08025,5.49563
40178,0.0132354,-0.0115973,-0.0190223
40179,0.0198811,0.0161208,0.0457082
40180,0.040544,0.0200672,0.0350146
40181,0.214597,0.186878,0.397506
40182,0.18269,1.85555,4.95721
40183,-0.0207002,-0.0161208,-0.0144156
40184,-0.041512,-0.0606857,-0.116637
40185,0.00618026,0.00990331,0.0377804
40186,0.0106107,0.0106107,0.0376579
40187,-0.00558457,-0.0074461,-0.00035715
40188,0.0927039,0.10566,0.243705
40189,0.00541704,0.0156554,0.0612173
40190,0.00558457,-0.00245721,0.00527122
40191,-0.0145199,-0.0126584,-0.00829041
40192,0.0604809,0.0110202,0.0211019
40193,-0.0159905,-0.0234366,-0.0346349
40194,0.000558457,0.00614303,0.0315552
40195,0.211153,2.16313,5.80127
40196,-0.00562181,-0.00755779,-9.82067e-05
40197,0.165601,0.110295,0.227107
40198,-0.00152645,-0.0114856,-0.015312
40199,-0.00558457,-0.0577073,-0.124696
40200,0.00199183,-0.0184849,-0.0286612
40201,0.000521227,-0.0196019,-0.034309
40202,-0.00521227,-0.0107968,-0.0093453
40203,-0.0350153,-0.0454584,-0.0902984
40204,-0.00545427,-0.00173122,0.0142241
40205,-0.00186152,0.0186525,0.0652609
40206,0.162102,1.96162,5.31591
40207,0.0731952,0.000595688,-0.0175714
40208,0.120459,0.113944,0.245183
40209,0.123829,1.92506,5.1804
40210,-0.00545427,-0.0290026,-0.0553256
40211,0.00074461,-0.00111691,0.0091568
40212,-0.00316459,0.014706,0.0541572
40213,-0.786085,-6.18706,-16.4951
40214,0.136096,1.92528,5.25641
40215,0.0212214,0.00619888,0.0236168
40216,0.00454212,0.0124536,0.0449149
40217,0,0.00186152,0.0206461
40218,0.226082,3.1046,8.43759
40219,-0.0130307,-0.0212772,-0.0296233
40220,0.0850531,0.623071,1.67205
40221,0.00735302,-0.00288536,0.00546016
40222,0.0246466,0.0395388,0.105651
40223,0.00182429,-0.00450489,-0.00045744
40224,-0.00986608,-0.0236414,-0.037693
40225,-0.0533141,-0.0881432,-0.176943
40226,-0.0773464,-0.101639,-0.21349
40227,-0.0538539,-0.581857,-1.55287
40228,0.0325581,0.028835,0.0765709
40229,-0.00558457,-1.2988,-3.52199
40230,-0.0610766,-0.0592151,-0.106704
40231,-0.240099,-2.02821,-5.43397
40232,0.0622122,1.29756,3.56866
40233,0.0978418,0.615737,1.65882
40234,0.00681318,0.0123978,0.0449214
40235,-0.0552501,-0.0651906,-0.123369
40236,0.0502612,0.0465381,0.112033
40237,-0.028351,-0.0283138,-0.0437442
40238,-0.0974136,-1.84077,-5.02419
40239,0.177943,1.95931,5.32312
40240,-0.00755779,-0.0198439,-0.0341727
40241,-0.00614303,-0.0135891,-0.0144624
40242,0.00214075,-0.00372305,0.00559825
40243,0.000986608,0.00284813,0.0236269
40244,0.034159,0.0481204,0.122739
40245,-0.000186152,-0.028109,-0.0534056
40246,0.20823,2.04978,5.48517
40247,-0.0133844,-0.0176659,-0.0244323
40248,0.00558457,0.00530535,0.0271174
40249,-0.00558457,-0.00558457,0.00441232
40250,-0.00186152,-0.0114484,-0.0120689
40251,0.0416423,0.0271038,0.0676535
40252,0.0170888,0.0310502,0.0854899
40253,0.000372305,0.000874917,0.0182554
40254,0.00186152,0.00372305,0.0261092
40255,-0.00186152,0.00372305,0.0266271
40256,-0.0137753,-0.00632918,0.0111322
40257,0.0128445,0.010983,0.0384588
40258,-0.0123233,-0.0123233,-0.00969735
40259,0.0120441,-0.140322,-0.393275
40260,-0.0461286,-0.0480832,-0.0861839
40261,-0.0110202,-0.0115601,-0.00828577
40262,0.0385708,0.0218171,0.054519
40263,0.0357599,0.0177962,0.0400784
40264,-0.0111691,0.00558457,0.0375874
40265,0.0801945,0.108825,0.249806
40266,-0.0384033,-0.0458494,-0.0805666
40267,-0.0590103,-0.0608719,-0.112221
40268,-0.23323,-2.15786,-5.75294
40269,-0.0244418,0.0079301,0.048266
40270,0.00921455,0.00176845,0.0167786
40271,0.0359088,0.035704,0.0899153
40272,0.210874,2.13455,5.73926
40273,-0.0111691,0.00483996,0.0354801
40274,0.015823,0.00651534,0.0220812
40275,-0.167742,-2.08439,-5.60003
40276,-0.0446394,-0.0595316,-0.107114
40277,0.00465381,0.0275506,0.0848983
40278,-0.00539842,-0.0137753,-0.0186035
40279,-0.0332282,-0.0295052,-0.0439296
40280,0.0074461,-0.0148922,-0.0317373
40281,0.00372305,-0.00111691,0.0120949
40282,0.000819071,0.00454212,0.0273593
40283,-0.00430012,-0.0284999,-0.0604851
40284,0.0226361,0.0226361,0.0635014
40285,0.0190062,0.046929,0.124012
40286,0.0126584,-0.542262,-1.37924
40287,0.276008,2.80221,7.43836
40288,0.0107224,-0.0134774,-0.0252741
40289,0.0228968,0.0387197,0.104016
40290,-0.00725995,-0.0276436,-0.0483139
40291,-0.0126584,-0.0341962,-0.0636124
40292,0.0105176,0.252423,0.723576
40293,1.8567,10.0656,26.1105
40294,0.0651534,0.00837686,-0.00449842
40295,0.00074461,-0.0177403,-0.0310335
40296,0,0.000111691,0.0134264
40297,0.00379751,0.00364859,0.0134825
40298,-0.0264895,-0.0357971,-0.065206
40299,0.0113181,0.00759502,0.0295896
40300,-0.0111691,-0.0241998,-0.0415261
40301,-0.0143151,-0.0218543,-0.0337498
40302,0.00558457,0.00372305,0.0223814
40303,-0.00558457,0.00331351,0.0259231
40304,0.0236414,0.0161953,0.0462049
40305,-0.00647811,-0.00441181,0.00956937
40306,-0.171688,-1.94531,-5.19192
40307,-0.326586,-2.80388,-7.52658
40308,0.026657,-1.04152,-2.96764
40309,0.137269,1.84635,5.09933
40310,-0.0643157,-0.0643157,-0.11856
40311,0.00186152,-0.00465381,0.00367239
40312,0.00372305,0.00372305,0.0258437
40313,0.0359274,0.037789,0.0946423
40314,0.0130307,0.0266198,0.0763002
40315,0,-0.0186152,-0.0354751
40316,-0.00558457,0.0266198,0.0888671
40317,-0.0220777,-0.032949,-0.058592
40318,0.0169213,0.0188014,0.0561282
40319,-0.0078184,-0.0078184,-0.00026492
40320,-0.220032,-2.01784,-5.44637
40321,0.0300822,0.0399111,0.107127
40322,0.109141,1.98048,5.45845
40323,-0.0183919,-0.039092,-0.0772786
40324,0.000558457,-0.0101639,-0.00843608
40325,0.0241998,0.0241998,0.0667755
40326,0.00186152,-0.00558457,0.000925238
40327,0.00186152,-0.00372305,0.00569471
40328,-0.000558457,-0.00204768,0.0111205
40329,-0.3014,-2.02646,-5.42309
40330,0.0593454,0.0727112,0.176809
40331,0.00107968,-0.00078184,0.0131671
40332,-0.00372305,-0.00039092,0.0162765
40333,0.0100895,0.00640365,0.0282476
40334,0.0014706,0.00705518,0.0332643
40335,0.00357413,0.00141476,0.0225054
40336,0.0107968,0.0181313,0.0566025
40337,-0.00746472,-0.0111878,-0.0090633
40338,0.00126584,-0.00640365,-0.000894362
40339,-0.00746472,-0.00188014,0.0171459
40340,-0.0284627,-0.0414934,-0.0761905
40341,-0.0740701,-0.0238089,-0.0135829
40342,0.0299519,0.0429826,0.109797
40343,-0.00372305,0.00307152,0.0265241
40344,-0.00668287,-0.00295982,0.0116516
40345,0.00435597,0.00206629,0.0193381
40346,-0.00800456,-0.00986608,-0.00484566
40347,-0.0502984,-0.0238647,-0.00701195
40348,-0.0152645,-0.0160463,-0.0201455
40349,0.0191737,0.0191737,0.0575183
40350,0.00389059,0.00575211,0.0287923
40351,0.0362439,0.04369,0.113771
40352,0.00511919,0.00828379,0.0342609
40353,-0.00932624,-0.00932624,-0.00342206
40354,0.00558457,-0.090619,-0.246367
40355,0.00349967,0.00536119,0.0282026
40356,0.00238275,0.00245721,0.0213099
40357,-0.43945,-1.93604,-5.02296
40358,-0.129395,-1.8468,-4.93336
40359,-0.000595688,0.0738653,0.204794
40360,-0.0105735,-0.0310502,-0.0555433
40361,-0.0030529,-0.00874917,-0.000909632
40362,0.00558457,0.031739,0.0920935
40363,0.0342521,0.140396,0.350131
40364,-0.0966131,-0.683161,-1.80317
40365,-0.0558457,-1.09865,-2.96497
40366,0.0241998,0.0226175,0.0645115
40367,-0.0130679,-0.0312364,-0.0579015
40368,-0.0375842,0.068895,0.227553
40369,0.00428151,0.00260613,0.0173489
40370,0.364971,2.00233,5.28833
40371,0.0220405,-0.0226361,-0.0499095
40372,-0.00372305,-0.00536119,0.00599521
40373,-0.00874917,-0.00688764,0.00303391
40374,0.0130307,0.0121558,0.0417428
40375,-0.0111691,-0.00934486,-0.0026067
40376,-0.00928901,-0.00928901,-0.00744486
40377,-0.225226,-1.99325,-5.2857
40378,-0.0817582,0.000688764,0.0641647
40379,0.0433735,0.0382543,0.0914019
40380,-0.00372305,0.00752056,0.0382722
40381,-0.0217054,-0.0230084,-0.0329778
40382,0,0.0111691,0.0447222
40383,0.0115415,0.000148922,0.0119579
40384,0.0261544,0.028016,0.0762161
40385,-0.0340659,-0.0375656,-0.06415
40386,0.0318321,0.0332468,0.0857635
40387,0.354472,3.73632,10.0236
40388,-0.00428151,-0.024628,-0.0457572
40389,-0.121744,-1.78948,-4.81546
40390,-0.0335447,-0.04611,-0.0847238
40391,0.0398366,0.0565904,0.145641
40392,-0.00130307,0.0035369,0.0271062
40393,-0.0122861,-0.0327628,-0.0604937
40394,-0.628898,-4.19618,-11.1109
40395,0.0465381,0.09101,0.225523
40396,0.17731,1.99582,5.41691
40397,-0.174834,-1.98232,-5.35695
40398,0.076881,0.0841037,0.196213
40399,-0.0169399,-0.0300078,-0.0504625
40400,-0.00595688,-0.00595688,0.00363278
40401,-0.0186152,-0.0225245,-0.0324625
40402,0.0074461,0.00763225,0.0322161
40403,0.00372305,-0.000800456,0.017804
40404,0.0074461,0.0154507,0.0517965
40405,-0.00567765,-0.00688764,0.000838092
40406,-0.00035369,-0.00221521,0.0108241
40407,0.00558457,0.019546,0.0660405
40408,0.00739025,-0.00191737,0.00783967
40409,-0.0279229,-0.0203837,-0.0228534
40410,-0.0201045,-0.0201045,-0.0259897
40411,0.0256146,0.0330607,0.0861099
40412,-0.00335074,-0.00483996,0.00545698
40413,-0.00186152,-0.0111691,-0.0104959
40414,-0.00428151,0.00130307,0.0205341
40415,0.469793,4.04627,10.8178
40416,0.0436714,0.0255774,0.0669296
40417,0.0437645,1.71947,4.68215
40418,0.0427406,0.0405999,0.102192
40419,-0.310205,-3.78403,-10.1691
40420,0.125374,1.94775,5.27668
40421,0.0551011,0.0543751,0.131248
40422,-0.138684,-1.95147,-5.24831
40423,-0.0186152,-0.00930762,0.003299
40424,0.00558457,0.0135705,0.0450181
40425,0,-0.00314598,0.0108121
40426,0.0223383,0.0344382,0.0911816
40427,0.12757,1.8715,5.0853
40428,0.0470966,0.050801,0.123
40429,0.00776256,0.00590103,0.0222518
40430,-0.0122116,-0.0401345,-0.0775743
40431,-0.147973,-1.90013,-5.11461
40432,-0.0243487,-0.00387197,0.0194534
40433,0.0954962,0.102942,0.23422
40434,-0.0385336,-0.0389059,-0.0654851
40435,-0.00074461,-0.00446766,0.00409242
40436,-0.00651534,0.0102384,0.0467524
40437,-0.000651534,-0.00251306,0.00939325
40438,-0.0205512,-0.0283696,-0.0473893
40439,-0.0101453,0.00107968,0.025115
40440,0.00629195,0.00629195,0.0295084
40441,0,-0.00186152,0.0115647
40442,-0.0241998,-0.0204768,-0.0250257
40443,0.00279229,0.0102384,0.0388914
40444,0.00372305,0.0169399,0.057807
40445,0.0441181,0.0403951,0.0991707
40446,0.0111691,0.0186339,0.0577065
40447,0.152813,1.83051,4.97575
40448,-0.00497027,0.0341218,0.10256
40449,0.0186152,-0.00908424,-0.0195201
40450,-0.177441,-1.90609,-5.11787
40451,-0.0296355,-0.0352201,-0.0557611
40452,0.0248514,0.0224314,0.0596076
40453,-0.0135891,-0.0135891,-0.0118903
40454,0.00748333,0.00954962,0.0395404
40455,0.0144827,0.0349594,0.0963775
40456,0.0230829,0.026806,0.0746621
40457,-0.00372305,-0.00344382,0.00902544
40458,-0.0149108,-0.029803,-0.0528547
40459,-0.00912147,-0.0110016,-0.00735298
40460,-0.208733,-1.9665,-5.27076
40461,-0.0494979,-0.0375656,-0.0513524
40462,0.0523275,0.0833219,0.211469
40463,0.00186152,0.00558457,0.0293943
40464,-0.00188014,-0.0074461,0.00278043
40465,0.00372305,0.0111691,0.0429787
40466,-0.00186152,-0.00186152,0.0122077
40467,0.000130307,0.00571488,0.0300284
40468,-0.407078,-1.97424,-5.11107
40469,-0.287047,-3.23334,-8.66699
40470,0.307766,1.84071,4.8897
40471,0.0148922,0.0372305,0.104463
40472,0.925755,6.13523,16.2493
40473,0.00969855,0.00802317,0.0312396
40474,-0.0372305,-0.035369,-0.0579661
40475,0.0203651,0.00733441,0.024897
40476,0.26899,1.93466,5.16222
40477,-0.000558457,-0.00986608,-0.0111482
40478,0.0332841,0.0276995,0.0698232
40479,-0.0545427,-0.0695838,-0.135015
40480,-0.0191737,-0.0191737,-0.0241465
40481,0.0249072,0.0286303,0.0782417
40482,-0.00372305,-0.00405812,0.0073785
40483,-0.00986608,-0.0100522,-0.00502934
40484,-0.00567765,-0.0074461,-4.6249e-05
40485,0.0173122,0.0255401,0.0708996
40486,-0.0373608,-0.0541145,-0.10551
40487,-0.0074461,0,0.0186775
40488,-0.0104245,-0.0197322,-0.0284533
40489,0.0135891,0.0135891,0.0401414
40490,-0.0210352,-0.0284813,-0.0467877
40491,0,0.0074461,0.0342683
40492,0.0128445,0.0128445,0.0423115
40493,-0.00297844,0.0035369,0.0271177
40494,0.0162139,0.0143524,0.0450562
40495,-0.00930762,0.0015823,0.0270077
40496,0.0130307,0.0148922,0.04793
40497,-0.036672,-0.0441181,-0.080176
40498,0.00184291,0.00556596,0.0295031
40499,0.00279229,0.00526812,0.0273748
40500,-0.00558457,-0.0186152,-0.0296489
40501,0.00241998,0.00800456,0.0346678
40502,0.0050075,0.0130307,0.0477093
40503,-0.0035369,-0.00530535,0.00442646
40505,-0.0263964,-0.00796733,0.00693477
40506,-0.00428151,0.00130307,0.0220276
40507,-0.253223,-2.10274,-5.58915
40508,-0.015916,-0.0233621,-0.0364161
40509,-0.00930762,0.00558457,0.0394383
40510,0,-0.00186152,0.00939302
40511,-0.527612,-4.1119,-10.912
40512,-0.00558457,0.0238089,0.0772539
40513,0,0.0074461,0.0395266
40514,0,0.0074461,0.0288989
40515,-0.00428151,-0.00930762,-0.00593379
40516,-0.0297844,-0.0335074,-0.0567004
40517,-1.86152e-05,-0.000241998,0.0154426
40518,-0.00402089,-0.00588242,0.00291692
40519,-0.00316459,0.00787425,0.0363015
40520,0.00930762,0.00930762,0.0355939
40521,0,-5.58457e-05,0.0159623
40522,0.0130307,0.00930762,0.0374085
40523,-0.0230271,-0.0137194,-0.00829122
40524,-0.0167537,-0.0453467,-0.0882433
40525,0.00558457,5.58457e-05,0.00969299
40526,-0.00186152,0.000558457,0.0189179
40527,0.147693,0.958592,2.55988
40528,0.0298216,0.828974,2.2801
40529,0.0128073,-0.00115415,0.0100213
40530,-0.0402089,-0.0367093,-0.0596568
40531,0.00465381,0.000930762,0.0167682
40532,0.025689,0.0352201,0.0922385
40533,0.00930762,0.00186152,0.017431
40534,0.00632918,0.0100522,0.038439
40535,0.0542262,0.059606,0.143695
40536,-0.0247583,-0.0326139,-0.0550407
40537,-0.00651534,-0.0139614,-0.0167354
40538,0.00141476,0.00327628,0.0249941
40539,0.0111691,0.0204768,0.0628535
40540,-0.026806,-0.0286675,-0.0420966
40541,0.0632732,0.0930576,0.22307
40542,-0.0241998,-0.039092,-0.0726978
40543,0,0,0.0161054
40544,-0.00428151,-0.00459797,0.00646775
40545,0.0165676,0.014706,0.0435432
40546,0,-0.00536119,0.00310712
40547,-0.563633,-4.04506,-10.6956
40548,-0.269698,-1.95607,-5.13801
40549,-0.579716,-3.91151,-10.2976
40550,-0.0389059,-0.0104432,0.0120474
40551,0.122563,0.247676,0.622154
40552,-0.150486,-0.134477,-0.255572
40553,0.0153948,0.0283883,0.0797706
40554,0.0111691,0.0186152,0.0591027
40555,-0.00316459,-0.00539842,0.00233243
40556,-0.0074461,-0.00558457,0.00505534
40557,-0.00770671,-0.000260613,0.0208841
40558,-0.0744052,-0.0538539,-0.0698953
40559,-0.00809763,-0.0168468,-0.0186854
40560,0.0279229,0.0186152,0.0458938
40561,-0.0186152,-0.0186152,-0.0228716
40562,0.00426289,0.0139428,0.0499674
40563,0.017126,0.234403,0.642792
40564,0.00372305,0.0148922,0.0516027
40565,0.362942,1.81355,4.79303
40566,-0.00804179,-0.0359647,-0.0688435
40567,-0.243823,-1.74743,-4.63381
40568,-0.142537,-1.59142,-4.2305
40569,-0.319717,-3.05733,-8.10944
40570,-0.00912147,0.0102384,0.0590236
40571,0.310298,3.28248,8.78267
40572,-0.0204768,-0.0260613,-0.0410497
40573,-0.422064,-3.32913,-8.78813
40574,-0.600305,-2.96969,-7.68307
40575,-0.00614303,0.00111691,0.0243878
40576,-0.00186152,0.0223197,0.0962519
40577,0.00186152,0.010983,0.0474033
40578,-0.0379937,-0.0305476,-0.0477594
40579,0.265286,1.48991,3.93709
40580,-0.10741,-0.0943793,-0.178682
40581,0.0545427,0.0675734,0.16124
40582,0.193301,1.47587,3.95766
40583,0,-0.0340659,-0.0801297
40584,0,0.00174983,0.0207917
40585,0.0936533,1.00089,2.71592
40586,0.0382357,0.0168282,0.0422284
40587,0.152161,1.2236,3.26452
40588,-0.0140359,-0.0326511,-0.0583284
40589,-0.00461658,-0.0157857,-0.0249336
40590,0.0317204,0.00564042,-0.00321615
40591,-0.00649672,0.0028109,0.0252061
40592,-0.00186152,-0.0074461,0.000324712
40593,0.0210352,0.0288164,0.0792997
40594,-0.00186152,0,0.0129895
40595,0.132838,1.12635,3.00717
40596,0.0362625,0.0280718,0.0665058
40597,-0.089893,-1.09268,-2.92691
40598,-0.00368582,0.00469104,0.0318412
40599,0,0,0.0214478
40600,0.125783,1.16029,3.12345
40601,0.0406557,0.0587125,0.143795
40602,0.0896324,1.0964,2.946
40603,-0.000372305,-0.0207746,-0.0398182
40604,-0.126602,-1.16025,-3.09011
40605,0.0161953,-0.00428151,0.00021179
40606,-0.00569627,-0.00755779,0.00125222
40607,-0.00688764,-0.00335074,0.0107458
40608,0.000558457,0.0209422,0.0713447
40609,0.0217798,-0.00428151,-0.00693019
40610,-0.0433735,-0.0810136,-0.171988
40611,0.00357413,0.0110202,0.0461338
40612,0.000930762,-0.00186152,0.0108991
40613,0.052011,0.0803062,0.195224
40614,-0.0501495,-0.0726739,-0.143758
40615,-0.0078184,-0.00619888,0.00382868
40616,-0.150486,-1.21042,-3.21647
40617,0.0264337,0.0418843,0.114651
40618,-0.00186152,-0.000372305,0.0171803
40619,0.00724133,0.00724133,0.0312675
40620,-0.0150597,-0.01519,-0.0160176
40621,-0.00577073,-0.00204768,0.013104
40622,0.00614303,0.00685041,0.0280384
40623,0.00178706,0.00178706,0.0198472
40624,0,0.000223383,0.0167293
40625,0.0297844,0.0446766,0.115938
40626,-0.0197322,-0.0298402,-0.0505623
40627,1.86152e-05,-0.00928901,-0.00782396
40628,-0.00949378,-0.00949378,-0.00296561
40629,0.00260613,0.00260613,0.0215622
40630,0,0.00186152,0.0214534
40631,0.0204768,0.0241998,0.0680616
40632,0.00729718,0.037305,0.10649
40633,-0.019546,-0.0325767,-0.0568342
40634,-0.000558457,-0.00800456,-0.00368428
40635,0,-0.00556596,0.00207993
40636,0,0.00186152,0.0208749
40637,0.0213703,0.0195088,0.0560411
40638,0.102831,1.14834,3.11423
40639,-0.0539842,-0.0763225,-0.152293
40640,0.0285744,0.0487533,0.125157
40641,-0.00928901,-0.0102198,-0.00605266
40642,-0.170199,-1.19852,-3.18027
40643,-0.0122861,-0.00297844,0.0174934
40644,0.0260613,0.0279229,0.0747564
40645,-0.0241998,-0.0297844,-0.0486443
40646,0.0372305,0.035369,0.0860004
40647,-0.0112622,-0.0282393,-0.0488871
40648,-0.0032949,0.00227106,0.0227742
40649,0.00446766,0.00632918,0.0302294
40650,-0.00212214,-0.0132913,-0.0203294
40651,-0.00372305,-0.00930762,-0.00597042
40652,0.00372305,0.00679457,0.0321986
40653,0.000148922,0.00759502,0.0354951
40654,0.0186152,0.0186152,0.0550824
40655,-0.00632918,-0.0100522,-0.0066857
40656,-0.0083024,-0.0120255,-0.011046
40657,-0.00372305,0.00186152,0.0252854
40658,-0.00558457,-0.0122861,-0.0132376
40659,-5.58457e-05,-5.58457e-05,0.0159885
40660,-0.140843,-1.26226,-3.32292
40661,0.0292259,0.0240137,0.0606495
40662,0.0130307,0.0186152,0.0622007
40663,-0.0130307,-0.0130307,-0.010721
40664,-0.0111691,-0.0232691,-0.0378248
40665,0.0630499,1.20992,3.28755
40666,0.00558457,0,0.0134901
40667,0.0160091,0.0104245,0.0316215
40668,-0.00725995,-0.00912147,-0.00386508
40669,0.0185594,0.0336378,0.0933466
40670,-0.0117835,-0.0224872,-0.0349049
40671,0.00351828,-0.000204768,0.0143906
40672,-0.046836,-0.0433363,-0.0730054
40673,0.00513781,0.00699933,0.0309463
40674,0.00130307,-0.510486,-1.37939
40675,0.0247397,0.530721,1.45186
40676,-0.00433735,0.0731021,0.202457
40677,0.0368582,0.0358344,0.0884298
40678,-0.00141476,0.0227851,0.0782384
40679,-0.00612442,0.00504473,0.0309838
40680,-0.0132727,-0.0207188,-0.0289444
40681,0.00763225,0.00763225,0.032086
40682,-0.00619888,-0.0137381,-0.0166702
40683,-0.0106479,-0.014371,-0.0157284
40684,0.0642598,0.0514525,0.118686
40685,-0.0180009,-0.013161,-0.00741861
40686,-0.0154507,-0.0247583,-0.0394066
40687,-0.0484555,-0.586306,-1.54936
40688,-0.0669032,-0.683273,-1.81305
40689,0.0150784,0.0139428,0.0451896
40690,0.0338798,0.0357413,0.0915843
40691,-0.0124722,-0.00897255,-0.000664589
40692,-0.0154507,-0.0210352,-0.0309834
40693,-0.0279229,-0.0344382,-0.0591881
40694,0.035369,0.0428151,0.108782
40695,-0.0216495,-0.0253726,-0.0383063
40696,-0.0130307,-0.0131238,-0.0114459
40697,-1.86152e-05,-1.86152e-05,0.0160664
40698,-0.0074461,-0.00930762,-0.00425485
40699,0.0184663,0.0205512,0.0599352
40700,-0.00688764,-0.00688764,0.00168393
40701,0.00372305,0.00418843,0.025036
40702,0.00279229,0.00165676,0.0191537
40703,-0.00498889,-0.00498889,0.00565958
40704,-0.0139614,-0.0139614,-0.0131273
40705,-0.000558457,-0.0100895,-0.00906753
40706,-0.0180568,-0.0178334,-0.0210605
40707,0.0241998,0.0279229,0.0774714
40708,0.0048772,0.0048772,0.0263174
40709,-0.00335074,-0.00335074,0.00908956
40710,0,1.86152e-05,0.0161564
40711,0.00167537,0.0035369,0.0245318
40712,-0.00186152,0.00186152,0.0212892
40713,-0.00204768,-0.00204768,0.0118179
40714,-0.00370443,-0.00742748,-0.000503706
40715,-0.00241998,-0.00241998,0.0110384
40716,-0.000558457,-0.000465381,0.0152035
40717,0.106628,1.21757,3.29
40718,0.0130307,0.025354,0.0782349
40719,-0.00614303,-0.0135147,-0.018313
40720,-0.292557,-2.55846,-6.76098
40721,0.0538539,0.0854998,0.209541
40722,-0.0204768,-0.0130307,-0.00770271
40723,-0.00372305,0.00372305,0.0299785
40724,-0.0145571,-0.0275878,-0.0487888
40725,0.0204768,0.0279229,0.077143
40726,0.0359274,0.697644,1.89825
40727,-0.00949378,-0.658179,-1.77799
40728,-0.014706,-0.0166048,-0.0193252
40729,-0.0074461,-0.0130307,-0.013565
40730,-0.00186152,-0.0074461,-0.00187195
40731,0.193561,1.28585,3.41895
40732,0.0139614,0.0176845,0.0516971
40733,-0.00502612,0.00483996,0.0298762
40734,0.0154507,0.0173122,0.0511598
40735,-0.00299706,-0.00685041,-0.00160967
40736,-0.0172936,-0.0340473,-0.0564761
40737,0.0159905,0.0235297,0.0675305
40738,0.346597,1.44212,3.7137
40739,0.000800456,5.58457e-05,0.0133746
40740,-0.00266198,0.00348105,0.0254917
40741,0,0.00186152,0.0214534
40742,-0.00167537,-0.00167537,0.0125975
40743,0.00426289,0.0148736,0.0543816
40744,-0.322044,-0.280997,-0.555088
40745,0.0754662,0.0634594,0.137971
40746,0.552128,4.28557,11.382
40747,0.338127,2.01279,5.24832
40748,-0.0124722,-0.0241998,-0.0426184
40749,0,-0.00759502,-0.00379493
40750,0,-0.0204768,-0.0360607
40751,-0.068802,-0.0613559,-0.108813
40752,0.000949378,0.00653395,0.0330319
40753,0.0205326,0.0037789,0.0217728
40754,-0.00804179,-0.00431874,0.0071362
40755,-0.0106107,-0.00240137,0.0145614
40756,-0.00565904,-0.00938209,-0.00245586
40757,0.276399,1.31729,3.44955
40758,-0.0074461,-0.0186152,-0.0323571
40759,-0.0266198,-0.0228968,-0.0342193
40760,-0.0395202,-0.0395202,-0.0676062
40761,-0.00428151,-0.0368582,-0.0862866
40762,0.0279229,0.0297844,0.0808059
40763,-0.00800456,-0.00986608,-0.00519541
40764,-0.0521227,-0.0502612,-0.0878312
40765,0.00932624,0.0223011,0.06794
40766,0.0135891,0.0135891,0.0445586
40767,-0.024963,-0.028593,-0.0454831
40768,0,-0.00372305,0.00702397
40769,0.0131424,0.0205885,0.0617861
40770,-0.309963,-2.55334,-6.76358
40771,-0.00930762,-0.0111505,-0.00581573
40772,0.198569,1.39531,3.68134
40773,-0.00930762,-0.0204768,-0.0349123
40774,-0.0148922,-0.0174983,-0.0212959
40775,0.00370443,0.00556596,0.0313822
40776,0.155884,1.30994,3.49084
40777,-0.0204768,-0.0297844,-0.0577435
40778,0.000558457,0.00428151,0.0263562
40779,0.0119138,0.00670149,0.0291752
40780,-0.0154507,-0.0284813,-0.0486888
40781,0.0111691,0.0157857,0.0507526
40782,-0.134179,-1.23399,-3.29176
40783,0.0392037,0.0461658,0.118545
40784,0.0186152,0.0290026,0.0849208
40785,-0.0293376,-0.0408605,-0.0760586
40786,-0.0247583,-0.0247583,-0.035734
40787,0.0513036,0.0512106,0.123299
40788,-0.00372305,-0.00186152,0.0130795
40789,-0.0173122,-0.0173122,-0.0201432
40790,0,0.0078184,0.0358994
40791,-0.298961,-2.56784,-6.75652
40792,-0.0857791,-0.0865237,-0.164393
40793,0.0199183,0.0228781,0.0675276
40794,0.00111691,0.0155437,0.0554111
40795,0.00396505,0.0114111,0.0461451
40796,-0.000558457,0.00530535,0.0320317
40797,-0.13524,-1.25182,-3.3059
40798,-0.0454212,-0.489097,-1.29128
40799,-0.00502612,-0.00409535,0.0114747
40800,0.0250375,0.475043,1.30135
40801,-0.0408977,-0.49444,-1.3134
40802,0.00241998,0.440511,1.22237
40803,0.0725436,0.0948819,0.223574
40804,-0.0584705,-0.0733627,-0.142418
40805,0.0238647,0.0326139,0.0843375
40806,0.0113925,0.0113925,0.0399593
40807,-0.00765087,-0.00951239,-0.00511311
40808,-0.0135333,0.0090284,0.0486933
40809,-0.00930762,-0.00837686,-0.00111272
40810,0.000930762,0.00197322,0.0207252
40811,0.15823,1.20979,3.24748
40812,0.00746472,0.00644088,0.02813
40813,-0.00632918,-0.0148922,-0.0251891
40814,-0.0171074,-0.0152459,-0.0341502
40815,-0.0308269,-0.0192296,-0.0164494
40816,0.0548405,0.0641482,0.157141
40817,0.141737,1.23637,3.31542
40818,-0.00688764,-0.00130307,0.0182857
40819,0.00558457,-0.0111691,-0.0168023
40820,-0.00558457,-0.00186152,0.0103858
40821,-0.00506335,-0.00506335,0.00582946
40822,-0.0165303,-0.016549,-0.0189007
40823,-0.122135,-1.24255,-3.30488
40824,-0.00292259,-0.00106107,0.0180323
40825,0.00372305,0,0.0148194
40826,-0.0159719,-0.0178334,-0.0218776
40827,-0.0074461,-0.00035369,0.0204478
40828,0.0247583,0.0322044,0.0861077
40829,0.0361136,0.0416982,0.105114
40830,-0.0204768,-0.0279229,-0.0449322
40831,-0.0292259,-0.0366907,-0.0442333
40832,-0.00558457,-0.00930762,-0.00489787
40833,0.0385336,0.0478412,0.118588
40834,0.135966,1.28592,3.42827
40835,0.197229,1.21699,3.20612
40836,-0.0887947,-0.0746472,-0.135077
40837,0.0558457,0.0547288,0.136157
40838,-0.00614303,-0.0284813,-0.0558297
40839,0,0.00967993,0.041919
40840,0.00333213,-0.0115601,-0.0196896
40841,-0.00614303,0.00316459,0.0221877
40842,-0.0148922,-0.0237344,-0.0403083
40843,0.600063,4.22333,11.2088
40844,-0.0124722,-0.0335074,-0.0739451
40845,0.00078184,-0.0298216,-0.0683967
40846,0.0297844,0.0148922,0.0353409
40847,-0.0074461,-0.00558457,0.0113397
40848,-0.0327628,-0.0900978,-0.194419
40849,-0.191979,-1.48708,-3.92668
40850,-0.0351456,-0.0481763,-0.087973
40851,0.0226548,0.040544,0.111897
40852,0.0039092,-0.00167537,0.0100563
40853,0.0223383,0.0420891,0.112979
40854,0,-0.0123233,-0.0103188
40855,-0.00688764,0.0117276,0.0470912
40856,-0.00428151,-0.0117276,-0.0110222
40857,0.0135891,0.0276436,0.0785915
40858,0.184012,1.45484,3.87936
40859,-0.0325395,-0.0565904,-0.114921
40860,-0.00666426,0.00822794,0.0376961
40861,0.000558457,-0.00483996,0.00298418
40862,0.0129562,-0.00193599,0.00491547
40863,0.00480273,-0.00636642,-0.00437418
40864,-0.00078184,-0.00422566,0.00616678
40865,-0.0202906,-0.0240137,-0.035461
40866,-0.209608,-1.45998,-3.85522
40867,0.0242184,0.0279415,0.0758959
40868,-0.0168096,-0.0245721,-0.0363741
40869,0.0560877,0.109923,0.276703
40870,-0.0074461,-0.0199369,-0.034498
40871,0.00167537,-0.000186152,0.0144144
40872,0,-0.0059755,-0.00244019
40873,-0.105139,-1.47262,-4.00744
40874,-0.0240137,-0.0258752,-0.0373824
40875,-0.0074461,-0.0217985,-0.0343059
40876,0.0148922,0.0297844,0.0871184
40877,-0.0078184,-0.0078184,-0.00026492
40878,0.00614303,0.00039092,0.0232954
40879,-0.0282952,-0.00595688,0.0124352
40880,0.0279229,0.0483996,0.125704
40881,-0.0372305,-0.0550081,-0.104914
40882,-0.00186152,0.0148922,0.0537325
40883,-0.0120999,-0.019546,-0.0273925
40884,0.0139614,0.00651534,0.0271753
40885,-0.00930762,-0.00930762,-0.00338308
40886,0.00930762,0.0108527,0.04017
40887,0.0154507,0.0191737,0.0575378
40888,0,0.0241998,0.085629
40889,0.00253167,0.00580796,0.0274327
40890,-0.00653395,0.0046352,0.0296688
40891,-0.13282,-1.22676,-3.2323
40892,-0.0452351,-0.0515829,-0.0940165
40893,0.0455515,0.0585822,0.146773
40894,-0.043932,-0.0567207,-0.109778
40895,-0.0812369,-1.15489,-3.08847
40896,-0.0210352,-0.0222638,-0.0307757
40897,0.00364859,0.0157671,0.0517289
40898,0.0271224,0.0254098,0.0690002
40899,0.103873,1.17123,3.15534
40900,-0.0289839,-0.0258194,-0.0362975
40901,0,-0.0074461,-0.00556303
40902,0.0074461,0.00662703,0.0260659
40903,0.0143896,0.014371,0.0461802
40904,-0.0074461,-0.00722272,0.00105951
40905,0.00374167,0.00971716,0.0385155
40906,0.0234552,0.0383474,0.103157
40907,-0.00372305,-0.00186152,0.0128507
40908,-0.0124722,-0.0161953,-0.0190906
40909,0,0.000446766,0.0173889
40910,0.0132168,0.017033,0.0530876
40911,-0.00800456,-0.0135891,-0.0147418
40912,0,0,0.0161054
40913,-0.000335074,-0.0192109,-0.0281196
40914,-0.0210166,-0.0284627,-0.0460625
40915,0.0028109,0.00387197,0.0249544
40916,0.0407674,0.0686903,0.169576
40917,-0.00428151,-0.0189317,-0.028824
40918,-0.000521227,0.00320182,0.0240955
40919,-0.0625845,-0.0850717,-0.168052
40920,0.00381613,-0.00176845,0.00978729
40921,0.0396505,0.0636083,0.156766
40922,0.0137753,0.0193599,0.0585706
40923,-0.00800456,-0.00822794,-0.00122703
40924,-0.00372305,-0.00558457,0.00376929
40925,0,-0.00186152,0.0139058
40926,-0.182355,-1.27984,-3.36407
40927,-0.00554734,-0.00128445,0.017285
40928,0.00186152,0.00930762,0.0410452
40929,0.0167537,0.0167351,0.0485007
40930,-0.0101453,-0.0175914,-0.0228424
40931,0.0335074,0.0539842,0.136978
40932,0.0842712,1.14702,3.10558
40933,-0.00186152,-0.0167537,-0.0285106
40934,0.0074461,0.0111691,0.0407777
40935,0.331333,2.6996,7.25584
40936,0.0949005,1.35184,3.66748
40937,0.00316459,0.00688764,0.0339481
40938,0.0111691,0.0037789,0.0187127
40939,-0.0204768,-0.0358716,-0.0648017
40940,0.0334516,0.035704,0.0903725
40941,0.00502612,0.00316459,0.0167627
40942,-0.0257821,-0.0462589,-0.0894402
40943,-0.00186152,0.00930762,0.0429849
40944,0.010983,0.0202906,0.0618055
40945,0.00241998,0.00800456,0.0307903
40946,0.00186152,0.0113553,0.0424301
40947,-0.00409535,-0.0189876,-0.0287953
40948,-0.0329676,-0.0366907,-0.0614498
40949,0.00558457,0,0.0141763
40950,-0.00837686,-0.00465381,0.00764722
40951,0.00241998,-0.00316459,0.00674301
40952,0.00316459,0.00688764,0.0334274
40953,0.00186152,0.0130307,0.0482834
40954,0.00614303,0.0137753,0.0524625
40955,-0.00223383,-0.00245721,0.0108043
40956,0,0.00186152,0.0214534
40957,0.0039092,-0.00874917,-0.011291
40958,0.0130307,0.0130307,0.0433893
40959,0,0.000186152,0.0165595
40960,0.0123233,-0.0262103,-0.0614985
40961,-0.000186152,-0.101621,-0.278563
40962,0.0385336,0.0510058,0.127211
40963,0.0166048,-0.0107782,-0.0188519
40964,-0.0173122,-0.0265826,-0.0434395
40965,0.227888,1.5769,4.16162
40966,0.102998,1.45275,3.898
40967,-0.0039092,-0.0340659,-0.0713619
40968,0.222229,1.73302,4.70863
40969,0.00852578,-0.011951,-0.0237377
40970,0.00874917,0.00074461,0.011217
40971,-0.000372305,-0.0115415,-0.0130344
40972,-0.00372305,-0.00558457,0.00296205
40973,0.00241998,-0.00186152,0.0180814
40974,-0.00986608,-0.00800456,0.000795579
40975,0.0197322,-0.0137753,-0.0385133
40976,-0.00856301,-0.00727856,0.00155891
40977,0.00372305,0.00930762,0.0383302
40978,0.00595688,-0.0275506,-0.0696663
40979,0.000930762,0.00150784,0.0220427
40980,-0.00372305,-0.00372305,0.00791817
40981,0.0139614,0.0307152,0.088012
40982,-0.00372305,0.0130307,0.0543284
40983,0,-0.0074461,-0.00297246
40984,1.86152e-05,0.00188014,0.0212397
40985,-0.00614303,0.0141104,0.0600367
40986,-0.0074461,-0.0241998,-0.0410102
40987,-0.00241998,-0.0154507,-0.0242917
40988,0.00483996,0.00325767,0.0216117
40989,0,-0.00186152,0.0112891
40990,0.144492,2.31002,6.37302
40991,-0.0152087,-0.0306407,-0.0547075
40992,0.0311805,0.0460169,0.116466
40993,0.0148922,-0.0157299,-0.0299924
40994,-0.0167537,-0.0241998,-0.0371368
40995,0,-0.00374167,0.00608252
40996,-0.000930762,-0.000930762,0.0141566
40997,-0.0174797,-0.0267873,-0.0443432
40998,-0.00558457,-0.0111691,-0.0104746
40999,0.000372305,0.000372305,0.016885
41000,0.00335074,0.00335074,0.0231213
41001,-0.000558457,-0.000558457,0.0149361
41002,0.00186152,0,0.0147077
41003,0.00558457,0.00178706,0.0180779
41004,0.162716,2.35479,6.37845
41005,0.0148922,-0.00111691,0.00586351
41006,-0.00930762,-0.00372305,0.0129162
41007,0.0117276,0.0117276,0.0400093
41008,0.0074461,0.00899117,0.0305628
41009,0,-0.0166606,-0.0294401
41010,0.217817,2.28269,6.00964
41011,0.0277553,0.0204023,0.0548813
41012,0.0010983,-0.0063478,-0.00142143
41013,0.017126,0.0190248,0.0522237
41014,-0.00759502,-0.00201045,0.0164638
41015,0.0149108,0.0125839,0.0356399
41016,-0.0122861,-0.0382357,-0.0779406
41017,0.00372305,0.00893532,0.0386411
41018,0,0.00372305,0.0251869
41019,0,0.00372305,0.0256444
41020,0.714397,8.10854,22.1142
41021,-0.0193412,-0.0356854,-0.0703607
41022,0.234422,6.51753,17.5398
41023,-0.0806785,-3.29036,-8.6624
41024,0.0912147,3.39967,8.97824
41025,-0.0167537,-0.00541704,0.0172858
41026,-0.00899117,-0.00338798,0.00699572
41027,0.00372305,-0.0223383,-0.047831
41028,0.0155065,0.00433735,0.0197624
41029,-0.0124722,-0.0273644,-0.0467471
41030,-0.000558457,0.00532396,0.0311419
41031,0.0074461,9.30762e-05,0.00937422
41032,-0.00928901,-0.0185966,-0.0260477
41033,0.000558457,0.0247583,0.0748915
41034,-0.0089167,-0.0126398,-0.0124533
41035,0.0186152,0.0241998,0.0675955
41036,0.0686903,0.0779793,0.183888
41037,-0.00236414,-0.00424428,0.00799246
41038,-0.138404,-0.115321,-0.212824
41039,-0.044416,-3.40914,-9.01604
41040,-0.330365,-6.78289,-18.7115
41041,0.0220591,0.0289467,0.0747538
41042,0.0074461,0.0396505,0.116805
41043,-0.151249,-2.24774,-6.16813
41044,0.180047,5.18262,14.4997
41045,0.12193,4.03106,11.0962
41046,0.00372305,-0.0147991,-0.0281953
41047,0.104413,3.51089,9.27916
41048,-0.039092,-0.0521227,-0.0960871
41049,0.0489581,0.0428151,0.108974
41050,0.000558457,-1.86152e-05,-0.00227964
41051,-0.0268246,-0.0379937,-0.0719194
41052,0.01882,0.0178893,0.0520988
41053,-0.123028,-3.54271,-9.34284
41054,-0.138572,-3.43917,-9.42725
41055,0.0154507,3.3342,9.25182
41056,-0.143449,-3.578,-9.80506
41057,-0.028109,0.0142779,0.0673899
41058,0.00688764,-0.00986608,-0.0146949
41059,0.0235297,0.0411025,0.109485
41060,0.0371374,2.91921,8.11711
41061,0.00949378,0.585077,1.60275
41062,0.085444,0.0757268,0.166699
41063,0.00428151,0.00614303,0.0302301
41064,0.00137753,-0.00413259,0.00429251
41065,-0.00632918,-0.00260613,0.0117059
41066,-0.0405812,-0.0731579,-0.151042
41067,-0.0260613,-0.0147991,-0.011437
41068,-0.087138,-3.51327,-9.67101
41069,0.0333213,3.49395,9.69135
41070,0.0188014,0.017033,0.0496526
41071,0.00852578,0.0122488,0.0438456
41072,-0.0196205,-0.0158974,-0.0145224
41073,0.0333027,0.0333027,0.0858353
41074,-0.035369,-0.0372305,-0.06264
41075,0.0265081,0.0358157,0.0952273
41076,-0.0668287,-3.47921,-9.59729
41077,-0.0519365,-0.0482135,-0.0823982
41078,0.0276809,0.0295424,0.0777977
41079,-0.00188014,-0.00104245,0.0142121
41080,-1.86152e-05,0.00707379,0.0325594
41081,-0.0181499,-0.0367651,-0.0693764
41082,-0.00184291,0.00560319,0.0287951
41083,-0.178688,-3.67945,-10.1994
41084,0.170683,3.59842,10.035
41085,-0.00372305,-0.0167537,-0.0258968
41086,0.100094,3.47349,9.59598
41087,0.0244791,0.0162883,0.0473609
41088,-0.0359274,-0.0405999,-0.0711683
41089,-0.00443043,-0.00418843,0.00849475
41090,0.0100336,0.0227851,0.0689041
41091,-0.0112064,-0.0223755,-0.0346031
41092,0.00545427,0.0110947,0.042195
41093,0.000558457,0.00260613,0.023113
41094,0.00446766,0.00260613,0.0204617
41095,-0.0389059,-0.0389059,-0.0648472
41096,0.0396505,0.0489581,0.122916
41097,0,-0.00362997,0.00729137
41098,0.0169399,0.0169399,0.0516041
41099,-0.00567765,0.00310875,0.0294598
41100,-0.051527,-0.0427778,-0.0596843
41101,0.00686903,0.00137753,0.0164845
41102,0.0074461,0.0074461,0.0322747
41103,0.00186152,0.00372305,0.0247726
41104,-0.341944,-7.26227,-20.0414
41105,0.00428151,0.0284813,0.0866231
41106,0.00186152,0.0148922,0.0546634
41107,0.0194716,0.0319624,0.0869479
41108,0.0273644,2.92164,8.27027
41109,0.153557,0.689527,1.79904
41110,-0.0316645,-0.131033,-0.32304
41111,0.0510058,0.080362,0.194302
41112,-0.0172936,-0.0355551,-0.0673046
41113,0.0379565,0.0986608,0.241109
41114,0.00297844,0.0197322,0.0762452
41115,-0.0248514,-0.0360205,-0.063374
41116,-0.00186152,-0.00523089,0.00674127
41117,0.00260613,0.00446766,0.0267892
41118,0.135035,3.62489,9.96818
41119,-0.00856301,-0.0309013,-0.0604698
41120,-1.86152e-05,0.00556596,0.0323178
41121,-0.250003,-3.6635,-9.98143
41122,-0.119435,-3.6153,-10.0536
41123,0.147712,3.6893,10.264
41124,-0.00383474,-0.000111691,0.0183347
41125,0.116569,3.53924,9.75715
41126,-0.0295982,-0.0407674,-0.0739196
41127,-0.0284813,-0.0322044,-0.0543636
41128,-0.140824,-3.61665,-9.9103
41129,0.0642226,0.0459797,0.102184
41130,-0.0120999,-0.0325767,-0.0591776
41131,-0.0167537,0.0167537,0.0704324
41132,0.00595688,0.0078184,0.033777
41133,1.86152e-05,0.0161208,0.0569019
41134,-0.0148922,-0.0111133,-0.00585851
41135,0.0446394,0.05767,0.141586
41136,-0.0279229,-0.0394643,-0.0705814
41137,-0.0210352,-0.0210352,-0.0295531
41138,-0.176547,-3.62713,-10.0588
41139,0.0948261,3.5293,9.8829
41140,0.0396505,0.0470966,0.112903
41141,-0.0463706,-3.48518,-9.75657
41142,-0.0148922,-0.0279229,-0.0458678
41143,0.00372305,0.0223383,0.0706805
41144,-0.00148922,-0.0183174,-0.0310242
41145,0.119529,3.56028,9.95157
41146,0.0264337,0.057335,0.152369
41147,0.0074461,-0.00372305,-0.000130845
41148,-0.0134402,-0.0169399,-0.0209216
41149,-0.0050075,-0.00128445,0.0151595
41150,-0.00558457,0.00186152,0.0271686
41151,0.00930762,0.013403,0.0452699
41152,-0.00428151,-0.00614303,0.00194172
41153,-0.355719,-6.21604,-17.1869
41154,0.0375097,0.0209422,0.0382618
41155,-0.132857,-2.23969,-6.11318
41156,-0.0178706,0.00632918,0.0474634
41157,-0.0567207,-0.0623052,-0.111945
41158,0.00398366,0.0119138,0.0475934
41159,-0.00422566,0.00167537,0.0191762
41160,-0.000558457,0.00316459,0.0240176
41161,0.0309013,0.0457935,0.117133
41162,0,0,0.0166599
41163,-0.00372305,-0.00372305,0.00831002
41164,0,-0.0239764,-0.0469464
41165,-0.000558457,-0.00428151,0.00585466
41166,-0.00800456,-0.00800456,0.00400791
41167,-0.0148922,-0.00930762,0.00117516
41168,0.00511919,0.00977301,0.0385199
41169,0.00874917,0.0048772,0.0249076
41170,-0.0260613,-0.0241067,-0.0334544
41171,-0.519831,-6.32976,-16.9927
41172,0.0204768,0.0223383,0.0642345
41173,-0.105213,-1.22982,-3.35609
41174,-0.0186152,-0.00930762,0.00705728
41175,-0.120683,-1.02989,-2.70762
41176,0.0998336,1.11541,2.98614
41177,0.000148922,-0.0110202,-0.0124164
41178,-0.131628,-1.11976,-2.93374
41179,0.00465381,0.00629195,0.0295023
41180,-0.115042,-0.103538,-0.190872
41181,-0.217482,-1.1316,-2.90367
41182,-0.0184291,-0.0144454,-0.0121724
41183,0.0148922,0.0167537,0.0485983
41184,0.160408,1.21321,3.19378
41185,-0.104748,-1.10617,-2.92645
41186,-0.0523089,0.0165676,0.0641705
41187,0.0130307,0.0223383,0.0679116
41188,0,0.00951239,0.0437303
41189,-0.242277,-1.15009,-2.90983
41190,-0.109365,-0.93886,-2.46054
41191,0.00264337,0.0151156,0.0537436
41192,-0.0951239,-0.091587,-0.15932
41193,-0.0889809,-0.0461658,-0.0597342
41194,-0.00186152,0.00186152,0.0143065
41195,0.038608,0.0460541,0.116937
41196,0.295368,1.10939,2.87977
41197,0.0186152,0.0259683,0.077386
41198,-0.00186152,-0.0147991,-0.0222486
41199,0.130865,0.153204,0.344602
41200,0.128557,1.503,4.03956
41201,0.0726553,0.579195,1.5471
41202,0.00930762,0.0103501,0.0410579
41203,-0.0111691,-0.0141476,-0.0147648
41204,-0.0167537,-0.0241998,-0.0371368
41205,0.000688764,-0.0123419,-0.0186194
41206,-0.00372305,0.00409535,0.0300826
41207,0.00688764,-0.0266198,-0.0553235
41208,-0.0494979,-0.0476364,-0.11206
41209,0.00130307,0.0348105,0.107129
41210,0.0210352,0.0247583,0.0709836
41211,-0.0148922,-0.0130307,-0.0103067
41212,-0.00148922,-0.00707379,0.000601848
41213,-0.0104245,-0.0104245,-0.0051432
41214,0.0473386,0.0549708,0.133907
41215,-0.0135891,-0.00614303,0.00581511
41217,0,-0.00186152,0.0115647
41218,0.00558457,0.00188014,0.018768
41219,0.000930762,-0.0264709,-0.0514411
41220,0.00251306,0.00995916,0.0395302
41221,0.0279229,0.000223383,-0.00500685
41222,0.137678,1.18816,3.19063
41223,-0.0338798,-0.0618026,-0.12518
41224,0.0109644,0.020272,0.0611082
41225,0.00374167,1.86152e-05,0.0148583
41226,0.0774208,1.19843,3.24972
41227,0.0173122,0.0111691,0.0359385
41228,0.0359274,0.0540028,0.136565
41229,-0.00241998,-0.0303429,-0.0606166
41230,-0.0223383,-0.0186152,-0.0208787
41231,0,-0.0186152,-0.0293018
41232,0.00372305,0.0111691,0.0420637
41233,0.118709,1.89217,5.26477
41234,0.00813486,0.0137939,0.0487154
41235,0.0173122,0.0102384,0.0331915
41236,0.00186152,-0.00186152,0.00630705
41237,0.00612442,0.00426289,0.0265963
41238,-0.0217798,-0.0273644,-0.0431198
41239,-0.00502612,-0.00202906,0.000744947
41240,0.0191737,0.0359274,0.0971182
41241,0.0074461,0.00186152,0.018074
41242,0.0777559,1.85776,5.05248
41243,0.101286,1.88282,5.05507
41244,0.0143337,-0.00102384,0.00336431
41245,0.0154507,0.0147991,0.0511858
41246,0.0983257,2.13301,5.89078
41247,0.00288536,-0.00655257,-0.0074309
41248,0.00297844,-0.0212214,-0.0381069
41249,-0.0156368,-0.0230829,-0.0362693
41250,-0.161115,-2.26125,-6.18537
41251,0.047897,0.0627892,0.153147
41252,-0.0117276,-0.0212214,-0.0307543
41253,-0.0111691,-0.0130307,-0.0120502
41254,-0.0120999,-0.019546,-0.0273925
41255,0.00558457,0.00372305,0.0232578
41256,0.0214075,0.0282952,0.0777296
41257,0.0210352,0.0334144,0.0894566
41258,-0.0309572,-0.0384033,-0.0668762
41259,0.00223383,0.00316459,0.023053
41260,0.0100522,0.0137753,0.0455762
41261,-0.00595688,-0.0264337,-0.0463152
41262,0.0110761,0.0278298,0.0814713
41263,-0.00372305,-0.0074461,-0.000771429
41264,0.00558457,0.00558457,0.0277985
41265,-0.0117276,-0.0248327,-0.040188
41266,0.0139614,0.0105735,0.0389846
41267,-0.0965015,-1.992,-5.33121
41268,-0.0111691,0.0074461,0.0433574
41269,-0.0210352,-0.0204768,-0.0246572
41270,0.0120999,0.0120999,0.0414405
41271,-0.00874917,-0.00874917,-0.00221377
41272,-0.0174053,0.00120999,0.0255267
41273,0.0024386,0.00430012,0.0257521
41274,0,-0.00372305,0.00805996
41275,0.00260613,0.00238275,0.0209508
41276,0.00614303,0.0138125,0.0477422
41277,0.00117276,-0.00612442,0.000844787
41278,0.00186152,-0.00545427,0.00221942
41279,0.000130307,0.000130307,0.0163783
41280,0.00930762,0.0241998,0.0719197
41281,-0.0283138,-0.043206,-0.0795497
41282,-0.0111691,-0.00422566,0.0111216
41283,0.0111691,-0.0428151,-0.118641
41284,0.0234738,0.0402276,0.105464
41285,-0.00186152,-0.00930762,-0.00595518
41286,0.1675,2.16862,5.81033
41287,-0.026806,-0.0201045,-0.0214463
41288,0.00539842,-0.00949378,-0.0124226
41289,0.0167537,0.0316459,0.0919468
41290,-0.0148922,-0.0148922,-0.0150762
41291,0.0210352,0.0303429,0.082853
41292,-0.0703656,-0.556857,-1.46599
41293,-0.131647,-1.67621,-4.43638
41294,-0.0980093,-2.02659,-5.46849
41295,0.00433735,0.0080604,0.034726
41296,-0.0414562,-0.0390362,-0.0637887
41297,0.0150784,0.0150784,0.0476768
41298,0.0111691,0.0235297,0.071126
41299,-0.0322044,-0.0396505,-0.0694877
41300,-0.0113553,-0.0188014,-0.0249298
41301,0.0074461,0.00930762,0.0364657
41302,-0.128631,-2.06888,-5.68319
41303,-0.00640365,-0.0026806,0.0121977
41304,0,-0.00577073,-0.000815473
41305,-0.00228968,-0.00273644,0.0103535
41306,0.129208,2.11827,5.84594
41307,-0.0800456,-0.55062,-1.43623
41308,0.0307152,0.478952,1.30695
41309,-0.00186152,-0.00186152,0.0122077
41310,0.00428151,0.00428151,0.0248247
41311,-0.000558457,-0.00241998,0.0103954
41312,0.0344382,0.0418843,0.106833
41313,-0.00558457,-9.30762e-05,0.0177671
41314,-0.0238275,-0.025596,-0.0376579
41315,0.00294121,0.00294121,0.0222638
41316,0.0148922,0.0167537,0.0527314
41317,-0.00928901,-0.00928901,-0.0030987
41318,0,0.00372305,0.0251869
41319,0.0074461,0.00826517,0.0336941
41320,-0.0120627,-0.0137008,-0.0133284
41321,0.000893532,0.000893532,0.0179763
41322,-1.86152e-05,-1.86152e-05,0.0166449
41323,-0.00746472,-0.00746472,0.000475643
41324,-0.00869332,-0.0105548,-0.00744481
41325,0.0130307,0.0148922,0.0481588
41326,-0.00930762,-0.0111691,-0.00815255
41327,-0.204395,-2.13576,-5.82744
41328,0.0694907,0.0787984,0.186063
41329,-0.0078184,-0.014613,-0.0180173
41330,-0.0117835,-0.0117835,-0.00972402
41331,0.00372305,0.00186152,0.0190359
41332,0.0322044,0.0470966,0.121691
41333,-0.00372305,-0.00372305,0.00831002
41334,0.000297844,0.00215937,0.021928
41335,-0.0227292,-0.0236786,-0.0343068
41336,0.00316459,0.0052495,0.0278961
41337,-0.00372305,-0.0035369,0.00885446
41338,-0.0167537,-0.0182429,-0.0230501
41339,0.0159719,0.0131424,0.0429617
41340,0.024144,0.0298216,0.0805859
41341,-0.0341031,-0.0359647,-0.0598412
41342,0.00558457,-0.00186152,0.00917813
41343,0,0.00372305,0.0256444
41344,-0.00930762,-0.00623611,0.00417668
41345,-0.195442,-2.45137,-6.61751
41346,-0.0577445,-0.0640551,-0.120629
41347,0.0606857,0.0681318,0.162369
41348,-0.0227292,-0.0283138,-0.0446735
41349,-0.0359274,-0.0359274,-0.0485495
41350,0.0494049,0.0517132,0.125626
41351,-0.0396505,-0.0398739,-0.0659364
41352,0.00148922,2.1684e-19,0.0148295
41353,-0.0335074,-0.0113181,0.00194076
41354,-0.147284,-1.11906,-2.93439
41355,0.00945655,0.0118765,0.0403232
41356,0.0276995,0.0388686,0.104826
41357,-0.00186152,-0.00551011,0.00373988
41358,-0.120385,-1.03903,-2.734
41359,-0.00822794,0.0135891,0.0584696
41360,-0.0205699,0.0110761,0.0584497
41361,0.0111691,0.00930762,0.0347952
41362,-0.0234924,-0.0125839,0.000101548
41363,0.00184291,-0.0157485,-0.0225996
41364,-0.13148,-0.957345,-2.52316
41365,0.00130307,0.0105176,0.0426441
41366,0.00986608,0.0135891,0.0460255
41367,-0.0167537,-0.0111691,-0.00401389
41368,-0.0130307,0.00483996,0.0327785
41369,-0.00186152,-0.019788,-0.034714
41370,-0.0135891,-0.00428151,0.0144115
41371,-0.00188014,-0.00374167,0.00739927
41372,0.0111691,0.0125467,0.0480015
41373,0.00558457,0.00186152,0.0182596
41374,-0.000558457,0.0035369,0.0255446
41375,0,0,0.0163342
41376,0.00558457,0.00558457,0.0277985
41377,0,0.00558457,0.031911
41378,0,0.00372305,0.0268014
41379,-0.0167537,-0.0167537,-0.0189739
41380,-0.00186152,0.00247583,0.0234459
41381,-0.429379,-2.32692,-6.0425
41382,0.0472455,0.0733069,0.185545
41383,0.04369,0.0454398,0.117953
41384,0.0196763,0.0494049,0.130906
41385,0.00949378,0.0668287,0.197705
41386,-0.00241998,-0.00800456,-0.00369283
41387,-0.0260613,-0.0186152,-0.0191252
41388,-0.162157,-1.09605,-2.86574
41389,0.146949,1.1311,2.99469
41390,-0.00186152,-0.0223383,-0.0421222
41391,0.0074461,0.0195646,0.0663864
41392,0.140322,1.13106,3.02389
41393,0.00186152,-0.0167537,-0.0297861
41394,-0.0426662,-0.0556968,-0.109311
41395,0.00990331,0.0117648,0.0433634
41396,-0.059755,-1.04536,-2.80717
41397,-0.0074461,0,0.0204303
41398,-0.000558457,-0.00199183,0.0114398
41399,-0.0717059,-0.0751498,-0.140049
41400,-0.0563297,-0.048772,-0.0822581
41401,-0.148177,-1.15886,-3.02255
41402,-0.0273086,-0.0142779,-0.00551972
41403,0.0396133,0.043932,0.110242
41404,0.0457563,0.0580423,0.142042
41405,0.0102384,0.0115415,0.0391547
41406,0.0223383,-0.00372305,0.00060296
41407,0.00930762,0.0110761,0.0401249
41408,-0.0694349,-0.0675734,-0.123931
41409,0.0284813,0.0210352,0.0568911
41410,-0.0443043,-0.0461658,-0.0812005
41411,0.027774,0.0294121,0.0785561
41412,-0.0266012,-0.015432,-0.0123484
41413,0.0133844,0.0191551,0.0593285
41414,-0.0167537,-0.00953101,0.00127719
41415,0,0,0.0170425
41416,0.00558457,0.0074461,0.0323392
41417,0.00316459,0.0180568,0.061237
41418,0.0284999,0.0217985,0.057161
41419,0.187437,1.21896,3.21138
41420,-0.0247769,-0.0452537,-0.0901029
41421,0.0656374,0.0805296,0.189864
41422,-0.0167537,-0.015823,-0.0162999
41423,0,0.00372305,0.0256444
41424,-0.00178706,-0.00422566,-0.00513813
41425,-0.0266198,-0.0453467,-0.0853114
41426,0.0167537,0.0167537,0.0511847
41427,0.0117648,-0.0306779,-0.068005
41428,0.0130307,0.0123978,0.0416217
41429,-0.0155065,-0.0134588,-0.0113447
41430,-0.00186152,-0.00188014,0.0121623
41431,0.000223383,-0.000707379,0.0143028
41432,0.0467243,0.073493,0.178658
41433,0,-0.0281463,-0.0525503
41434,-0.0228968,-0.0266198,-0.0409177
41435,0.0201231,0.0238461,0.067321
41436,-0.00941932,-0.00941932,-0.00361694
41437,0,-0.00558457,0.00179701
41438,0.0148922,0.0186152,0.056826
41439,-0.0247583,-0.0430943,-0.0808114
41440,-0.13336,-1.1152,-2.95095
41441,0.000763225,0.0137939,0.053413
41442,-0.203427,-1.23726,-3.2037
41443,0.0204768,0.0301195,0.0902783
41444,0.00251306,0.0136822,0.0504368
41445,-0.0235669,-0.0173122,-0.0162153
41446,0.00930762,0.0111691,0.0403634
41447,-0.0111691,-0.00930762,-0.00274005
41448,0.0285186,0.0212214,0.0562371
41449,0.217091,1.3274,3.487
41450,0.125132,1.19951,3.19359
41451,0.00578934,-0.00351828,0.00208331
41452,0.0320368,0.0283138,0.0697214
41453,0,0.0074461,0.0342683
41454,-0.0191737,-0.0256146,-0.0397518
41455,0.0435597,0.0754662,0.181219
41456,-0.00282952,0.0057335,0.0336046
41457,0.158006,1.26772,3.37555
41458,-0.000670149,0.00491443,0.0245655
41459,-0.0802131,-0.0895207,-0.178033
41460,-0.1234,-1.33415,-3.58205
41461,0.037789,0.0508196,0.127471
41462,-0.0254098,-0.0309944,-0.0507203
41463,-0.00766948,-0.00394643,0.0135103
41464,0.0154507,0.0117276,0.0367457
41465,-0.00558457,0.00230829,0.0244722
41466,-0.0322044,-0.0433735,-0.0785691
41467,-0.0130307,-0.0173122,-0.0234788
41468,0.0279043,0.0333585,0.0878363
41469,-0.0148922,-0.0215751,-0.0315095
41470,0.00372305,0.0186152,0.0602266
41471,0,0,0.0270969
41472,-0.00372305,-0.00930762,-0.00531215
41473,-0.0021966,0.0052495,0.029669
41474,-1.86152e-05,0.00370443,0.0251479
41475,0.000372305,9.30762e-05,0.0164326
41476,-0.00986608,-0.0322044,-0.0590411
41477,-0.00184291,0.0024386,0.0229325
41478,0,0.00186152,0.0214534
41479,-0.291999,-2.49079,-6.60582
41480,0.460876,2.58108,6.79833
41481,-0.0432991,-0.0380868,-0.0590446
41482,-0.0174983,-0.0161953,-0.0150797
41483,0.147135,1.37384,3.67378
41484,-0.0680946,-1.26764,-3.43162
41485,0.0387569,0.0249817,0.066027
41486,-0.000893532,0.00841409,0.0369381
41487,0.0253354,0.597196,1.65275
41488,-0.0134961,-0.578469,-1.57723
41489,-0.00186152,-0.00120999,0.0141133
41490,0.0111691,0.0186152,0.0576545
41491,0.267818,2.52145,6.76646
41492,0.016065,1.11449,3.04063
41493,0.0505776,0.0200114,0.0262197
41494,-0.0148922,-0.0191737,-0.0264414
41495,0.197638,0.195777,0.423319
41496,-0.601533,-3.90877,-10.3115
41497,0.140098,1.34722,3.62769
41498,0,-0.0054915,-0.000842392
41499,-0.00188014,0.00472827,0.0270704
41500,-0.0642598,-0.0741259,-0.142523
41501,0.0643157,0.0810694,0.190963
41502,-0.0202906,-0.0333213,-0.0566026
41503,0.0173122,0.0315715,0.087136
41504,-0.0191737,-0.0340659,-0.0603667
41505,0.000558457,0.0118207,0.0447642
41506,-0.0270852,-0.0558085,-0.113501
41507,0.00986608,0.00979162,0.0373086
41508,0.0489581,0.0582657,0.140232
41509,-0.00372305,0,0.0173915
41510,0.00930762,0.0111691,0.0403634
41511,0.0112064,-0.00191737,0.00628283
41512,-0.0267501,-0.0304732,-0.048986
41513,-0.0108899,-0.0142593,-0.0299033
41514,-0.0282952,-0.0189876,-0.0173766
41515,-0.216998,-1.39776,-3.65085
41516,0.0192854,0.0179823,0.0525027
41517,-0.0148922,-0.0167537,-0.0197659
41518,-0.0228968,-0.0303429,-0.0491122
41519,0.130381,0.151789,0.343368
41520,-0.037789,-0.0342521,-0.0566403
41521,0.00869332,0.00869332,0.0343077
41522,0.0132168,0.0150784,0.0483198
41523,-0.0545613,-0.0694535,-0.143449
41524,-0.0074461,-0.00930762,-0.0040261
41525,0.0436528,0.0287606,0.0807864
41526,-0.00521227,0.00223383,0.0233548
41527,0.176659,1.41692,3.79023
41528,0.0139428,0.00649672,0.0257339
41529,-0.00867471,-0.0125281,-0.0101421
41530,0.220107,2.62147,7.02432
41531,0.0241998,0.0233435,0.0645816
41532,-0.0144454,-0.0347919,-0.0679659
41533,0.0119324,-0.00482135,-0.00415879
41534,0,-0.0108899,-0.0212007
41535,-0.0204768,-0.015097,-0.0107969
41536,0.00241998,-0.0255587,-0.0527023
41537,0.0605368,0.0810136,0.195228
41538,-0.0605368,-0.0557899,-0.0971494
41539,0.0223383,0.0223383,0.0628778
41540,1.86152e-05,0.00560319,0.0297666
41541,-0.00558457,0.00186152,0.0232114
41542,-0.00558457,-0.00558457,0.00464107
41543,-0.0309013,-0.0327628,-0.0527076
41544,0.0229154,0.0378076,0.100159
41545,-0.00796733,-0.020998,-0.0321331
41546,0.00800456,0.0228968,0.069295
41547,-0.0039092,-0.0102756,-0.00755637
41548,-0.00323905,-0.0069621,0.000241973
41549,-0.0148922,-0.0186152,-0.0241576
41550,0.0201417,0.0407116,0.109751
41551,-0.00802317,-0.0154693,-0.0188566
41552,-0.0167537,-0.0187456,-0.0217683
41553,0.188479,0.212381,0.467181
41554,0.0141476,0.00372305,0.0138081
41555,-0.0223383,-0.0334702,-0.0578205
41556,0.0273644,0.00335074,0.0148921
41557,-0.0182243,-0.0331165,-0.0616078
41558,0.0107782,0.0182243,0.060065
41559,-0.00372305,-0.00930762,-0.00715539
41560,0.00372305,0.00921455,0.0380594
41561,0.0135891,0.0135891,0.0445586
41562,-0.00800456,-0.011951,-0.0110362
41563,0.00167537,0.00167537,0.0188061
41564,0,-0.00558457,0.00248325
41565,0.00800456,0.0154507,0.0510284
41566,-0.00800456,-0.0154507,-0.0188176
41567,0,-0.00186152,0.0115647
41568,-0.00372305,-0.0148922,-0.0198213
41569,0,0.000148922,0.0165333
41570,-0.00301567,-0.00106107,0.0148504
41571,0.00577073,0.00763225,0.032729
41572,0.0139614,0.0269921,0.0771333
41573,0.214355,1.38685,3.65791
41574,-0.0452351,-0.0526812,-0.0978806
41575,0.0132913,0.0114298,0.0391616
41576,-0.0192854,-0.0211469,-0.0295625
41577,0.0460727,0.0508755,0.122951
41578,0.145888,1.30158,3.46257
41579,0,-0.0238275,-0.0491061
41580,0.031981,0.025838,0.0617752
41581,-0.0349781,-0.0387011,-0.0675516
41582,-0.00614303,-0.0538725,-0.113181
41583,0.0398925,0.0438389,0.109259
41584,-0.193152,-1.38457,-3.63927
41585,0.0335074,0.035369,0.0908047
41586,-0.0130679,-0.00189876,0.0203699
41587,0.00428151,0.00359274,0.0279301
41588,-0.00912147,-0.00912147,-0.00299331
41589,-0.00558457,0.00502612,0.0304546
41590,0.00949378,0.00763225,0.0297466
41591,-0.0074461,-0.0074461,-0.000292624
41592,0.00186152,0.00186152,0.0200031
41593,-0.0074461,-0.0074461,0.00397234
41594,-0.0435597,-0.0361136,-0.0553759
41595,0.0225058,0.0206443,0.0584591
41596,0.00186152,-0.00465381,0.00157448
41597,0.00186152,0.00372305,0.0247726
41598,-0.302032,-2.07037,-5.42527
41599,0.0668287,0.62039,1.65904
41600,0.0454212,0.0409535,0.102362
41601,0.00930762,0.0130307,0.0451329
41602,0.000558457,0.00102384,0.0174897
41604,-0.00558457,-0.00558457,0.00441232
41605,0.0439878,0.0332468,0.0772667
41606,-0.0115042,-0.0133657,-0.0125231
41607,-0.0198625,-0.0238089,-0.0353656
41608,0.00465381,0.00629195,0.0304
41609,0.00483996,0.00297844,0.0219275
41610,0,0,0.0161054
41611,-0.025689,-0.0238275,-0.0335996
41612,0.00735302,0.0110761,0.0416985
41613,-0.180177,-1.36897,-3.62837
41614,0.00074461,0.00260613,0.0245152
41615,0.00428151,0.00241998,0.0189149
41616,-0.0229154,-0.0284999,-0.0500915
41617,-0.0409535,-0.0627334,-0.124645
41618,0.00930762,0.0111691,0.0417491
41619,-0.0167537,-0.0260613,-0.0460594
41620,0.0589731,0.0818699,0.200707
41621,0.00074461,0.00577073,0.0326919
41622,-0.00930762,-0.0130307,-0.014079
41623,0.0130307,0.0130307,0.0433893
41624,-0.0074461,-0.0074461,0.00051462
41625,0,0.078184,0.248384
41626,0.00186152,-0.00165676,0.00980666
41627,-0.105604,-1.26686,-3.41157
41628,-0.0120441,-0.00275506,0.0190274
41629,-0.0735302,-0.0676106,-0.126116
41630,-0.00297844,-0.00297844,0.0087121
41631,0.0204768,0.0241998,0.0690975
41632,0.000521227,0.000502612,0.0171445
41633,-0.00372305,-0.00567765,0.00305185
41634,-0.00930762,-0.00558457,0.00683078
41635,-0.0167537,-0.0159905,-0.016851
41636,0.0074461,0.0074461,0.0316962
41637,0,0,0.0161054
41638,0.00642226,0.0101453,0.0402484
41639,1.86152e-05,0.00188014,0.0209139
41640,-0.0110388,-0.0196019,-0.0216117
41641,-0.00186152,0.0130307,0.0485335
41642,0,-0.0111691,-0.0111389
41643,0.037789,0.0613372,0.155644
41644,-0.00558457,-0.00930762,-0.00532739
41645,-0.0130307,-0.0167537,-0.0216457
41646,-0.00428151,-0.00428151,0.00714071
41647,-0.00208491,-0.00953101,-0.0064229
41648,-0.00223383,0.00521227,0.0295911
41649,0,0.00372305,0.0268014
41650,0.45196,4.16969,11.2134
41651,0.0063478,0.0459238,0.126431
41652,0.00707379,0.0126956,0.045148
41653,0.176156,1.38026,3.66862
41654,-0.0228968,-0.0340659,-0.0665365
41655,0,-0.0184849,-0.0290104
41656,-0.0155996,-0.00999639,0.000860753
41657,-0.0215937,-0.0290398,-0.0506021
41658,-0.00558457,0.00186152,0.0282475
41659,0.0111691,0.0111691,0.0394916
41660,0.0178706,-0.0640365,-0.177691
41661,-0.0154507,-0.0172377,-0.0216349
41662,0.00372305,-0.00962408,-0.0132051
41663,-0.00608719,-0.111226,-0.250669
41664,-0.118989,-1.41254,-3.74981
41665,0.0490884,0.0490512,0.119911
41666,-0.00562181,0.00372305,0.0315107
41667,-0.117462,-1.45623,-3.89559
41668,-0.00539842,0.104916,0.318902
41669,-0.0074461,0.0250375,0.0830039
41670,0.00186152,0.00558457,0.0388193
41671,-0.00372305,-0.0130307,-0.0162166
41672,0.0197322,0.679475,1.883
41673,0.00688764,0.00130307,0.0142756
41674,0.0322044,0.0396505,0.100795
41675,-0.000577073,-0.000577073,0.0154756
41676,-0.00191737,-0.659985,-1.81186
41677,-0.0204023,-0.0241254,-0.0359236
41678,0,0,0.0206803
41679,0,0.00372305,0.0221866
41680,-0.00577073,-0.0246652,-0.044462
41681,-0.0567765,-0.0567765,-0.099903
41682,0.041512,0.0470966,0.115261
41683,0.00508196,-0.101248,-0.231006
41684,0.0130307,-0.00279229,0.0056004
41685,-0.0137194,-0.019304,-0.0296412
41686,0,0.00558457,0.0323568
41687,-0.0206443,-0.0299519,-0.0406755
41688,0.00558457,0.0337308,0.107045
41689,-0.00372305,0.0078184,0.036737
41690,0.00930762,0.0111691,0.0413714
41691,0.0255029,0.0348105,0.0932435
41692,-0.0130307,-0.0130307,-0.0111785
41693,-0.00335074,-0.00148922,0.0142885
41694,0.00428151,0.00428151,0.0250701
41695,0.00372305,0.0074461,0.0329823
41696,-0.0180754,-0.0143524,-0.0128885
41697,-0.00986608,-0.0135891,-0.0136338
41698,0.00428151,0.000558457,0.0145232
41699,0.00372305,0.00558457,0.0284415
41700,-0.00186152,-0.00176845,0.0124348
41701,-0.00614303,-0.0191737,-0.029578
41702,-0.00247583,-0.0025689,0.010683
41703,-0.00245721,-0.00227106,0.0114145
41704,-0.00614303,-0.00614303,0.00324301
41705,-0.0371933,-0.0392409,-0.0663392
41706,0.0322044,0.00428151,0.00367585
41707,0,-0.0355924,-0.0821337
41708,0.0135891,0.0228968,0.0698914
41709,0.000558457,0.00967993,0.0404279
41710,0.00130307,-0.0135891,-0.017492
41711,-0.0154507,-0.0154507,-0.0162455
41712,0,0.0148922,0.0524312
41713,0,0.00930762,0.038809
41715,0,0.00186152,0.0213044
41716,0.00186152,0.00368582,0.0284042
41717,0,0.00186152,0.0208749
41718,0.0599225,0.891577,2.40183
41719,-0.0492001,-0.865721,-2.33041
41720,-0.00376028,0.0111319,0.0493973
41721,0.0468918,0.061784,0.149558
41722,-0.033675,-0.0474503,-0.0933426
41723,0.181722,1.56182,4.17105
41724,0.00387197,-0.0110202,-0.0167238
41725,-0.00874917,-0.00874917,-0.00221377
41726,0.00186152,-0.00647811,-0.00258041
41727,0.00372305,0.0167537,0.0556859
41728,0.0122861,0.00264337,0.0153617
41729,-0.00539842,-0.0200672,-0.0427775
41730,0.271727,1.6086,4.22716
41731,-0.0447511,-0.0735116,-0.147656
41732,0.0100709,-0.0010983,0.00672926
41733,-0.0152645,-0.0144268,-0.0115459
41734,0.0148922,0.0260613,0.075435
41735,0.0167537,0.00856301,0.0306968
41736,-0.258398,-1.59268,-4.16454
41737,0.011709,0.011709,0.0406219
41738,0.00186152,0.0297844,0.0924959
41739,0.059029,0.0690812,0.16507
41740,-0.0191737,-0.0191737,-0.0240409
41741,-0.00186152,0.00558457,0.0303706
41742,-0.0148922,-0.0409535,-0.0900394
41743,0.0228968,0.0269921,0.0725661
41744,0.000930762,0.00465381,0.0284522
41745,-0.0111691,-0.0111691,-0.00728078
41746,-0.00688764,-0.00874917,-0.00285679
41747,0.00428151,0.0063478,0.02991
41748,0,9.30762e-05,0.0163728
41749,0.00113553,0.00485858,0.031326
41750,0,0.00186152,0.0206461
41751,-0.0120999,-0.0196391,-0.0276525
41752,0.00204768,0.0039092,0.0255919
41753,0.195274,1.49842,3.99703
41754,0.0074461,-0.00362997,-0.0112401
41755,-0.00428151,-0.015432,-0.0217739
41756,-0.00930762,-0.0111691,-0.0079238
41757,-0.0587683,-0.0589173,-0.106748
41758,-0.0148736,-0.0148736,-0.0150372
41759,0.0106107,0.0124722,0.0437667
41760,0.00632918,0.0212214,0.0656834
41761,-0.00372305,-0.0111691,-0.00985288
41762,0.00372305,0.00372305,0.0239008
41763,0.00670149,0.000837686,0.0147995
41764,0.00130307,0.00502612,0.0279153
41765,0,-0.00372305,0.00702397
41766,0,0.00186152,0.0214534
41767,-0.00372305,-0.00372305,0.00831002
41768,0.00223383,-0.00148922,0.0117012
41769,-0.208156,-1.49529,-3.93857
41770,0.443583,3.15022,8.33722
41771,0.0039092,-0.0126584,-0.0200067
41772,-0.00558457,-0.0173122,-0.03036
41773,0,-0.00558457,0.000566938
41774,0.00632918,0.0174983,0.0568982
41775,0.0241998,0.0241998,0.0667755
41776,-0.0545427,-0.0507266,-0.0861192
41777,0.00111691,0.00111691,0.0178895
41778,0.000558457,0.00241998,0.0220394
41779,0.00560319,0.00556596,0.0277356
41780,-0.00558457,-0.00558457,0.00441232
41781,-0.000558457,-0.0117276,-0.0123082
41782,0.00819071,0.0119138,0.0423367
41783,0.00428151,0.0117276,0.043233
41784,-0.0024386,-0.00625472,0.00245301
41785,0,-0.00372305,0.00702397
41786,0,-0.00186152,0.0115647
41787,-0.0173122,-0.00614303,0.00710116
41788,0.0074461,-0.00186152,0.00899259
41789,0,-0.0074461,-0.00586495
41790,-0.0135891,-0.0117276,-0.00783339
41791,0.0241998,0.0167537,0.0486126
41792,-0.00932624,0.00184291,0.0238223
41793,0.0139614,0.0139614,0.0453382
41794,-0.0174983,-0.0282952,-0.0467003
41795,0.0113553,0.0299706,0.0852886
41796,-0.00670149,-0.0178706,-0.0254599
41797,-1.86152e-05,0.000260613,0.0168019
41798,0.0215937,0.0569627,0.15168
41799,0.00372305,-0.00188014,0.00693704
41800,0.000372305,0.00223383,0.010663
41801,-0.057428,-0.0779048,-0.151686
41802,-0.00325767,-0.0164745,-0.0230046
41803,0.0228968,0.037789,0.0962555
41804,0.00614303,0.00614303,0.0289678
41805,-0.00763225,-0.0188014,-0.0271195
41806,0.0107968,0.0182429,0.056875
41807,-0.00372305,-0.00930762,-0.00621582
41808,0,-9.30762e-05,0.015838
41809,-0.00593826,-0.00966131,-0.00540969
41810,0.0173866,0.0266943,0.0745553
41811,-0.0364859,-0.0511361,-0.0959952
41812,0.00632918,-0.00506335,0.0014715
41813,-0.00470966,0.000874917,0.0207701
41814,0.0128445,0.0161022,0.050744
41815,0.0074461,0.00930762,0.0344296
41816,0.00893532,0.0145199,0.0482078
41817,-0.0214075,-0.0456074,-0.0879763
41818,-0.000558457,0.0106107,0.0426346
41819,0.0102012,0.0139242,0.0465463
41820,0,-0.098605,-0.242387
41821,0,0.00372305,0.0256444
41822,0.000372305,0.00119138,0.0163592
41823,0.00526812,-0.00217798,0.00897301
41824,-0.0130307,-0.0130307,-0.0111785
41825,-0.00372305,0.00372305,0.0264729
41826,0.00513781,0.00327628,0.0214187
41827,-0.00372305,-0.0111691,-0.00985288
41828,0.00521227,-0.00409535,0.00365709
41829,-0.0165676,-0.0202906,-0.0294116
41830,-0.227143,-1.68857,-4.4454
41831,0.243785,1.73846,4.59369
41832,0.384368,4.34178,11.8439
41833,0.164168,2.51181,6.81815
41834,0.0867471,0.0720038,0.154689
41835,0.429752,4.62187,12.3492
41836,0.024963,0.566927,1.5462
41837,0.0102384,0.0102384,0.0371199
41838,0.0545055,0.0396133,0.0956487
41839,-0.00688764,0.0608719,0.191614
41840,-0.00372305,-0.00748333,-0.0054619
41841,-0.0153204,-0.0153204,-0.0409934
41842,0.00186152,-0.0074461,-0.00600237
41843,-0.0251306,-0.0232691,-0.0301509
41844,0.00223383,0.000372305,0.0160132
41845,0.0228968,0.0228968,0.0636176
41846,-0.0130307,-0.0130307,-0.0111785
41847,0.014706,0.0202906,0.0654738
41848,-0.0273644,-0.0273644,-0.0411908
41849,0.0260613,0.0241998,0.0659037
41850,-0.0241254,-0.0259869,-0.0389495
41851,0,0.00753918,0.0373971
41852,-0.155512,-2.69755,-7.32715
41853,0.00616165,0.0098847,0.0402599
41854,0,-0.00186152,0.0119144
41855,0.00660841,0.00660841,0.0297135
41856,-0.000204768,-0.0041512,0.00556539
41857,-0.0204768,-0.0223383,-0.03131
41858,-0.037789,-0.041512,-0.0712921
41859,0,-0.0074461,-0.00205748
41860,-0.194027,-2.63551,-6.99772
41861,-0.289542,-2.56055,-6.82732
41862,-0.0669777,-2.27901,-6.32363
41863,0.00465381,0.0251306,0.0827053
41864,0.0264337,0.0376028,0.101326
41865,0.0864492,2.32892,6.47327
41866,-0.0284813,-0.0408605,-0.0824541
41867,0.0664006,0.0701236,0.164876
41868,-0.00558457,-0.00740887,-2.44247e-05
41869,-0.0347547,-0.0328931,-0.0494947
41870,0.0111691,0.0105176,0.0376198
41871,0.0284813,0.0593826,0.151116
41872,0.0275506,0.0349967,0.0919543
41873,-0.0148922,-0.0148922,-0.0150762
41874,0,-0.00186152,0.0115647
41876,-0.0163814,-0.0275506,-0.0552123
41877,-0.0241998,-0.0241998,-0.0345647
41878,0.0257263,0.0275878,0.0745123
41879,0.00428151,0.00428151,0.0250701
41880,-0.0675734,-0.0672197,-0.122886
41881,0.0502612,0.0502612,0.121343
41882,-0.0186152,-0.0186152,-0.0228716
41883,0.0297844,0.00145199,-0.00454195
41884,0,0.0074461,0.0342683
41885,0,0,0.0161054
41886,-0.0117276,-0.0250003,-0.0416983
41887,-0.0111691,-0.0111691,-0.00728078
41888,0.00186152,-0.00186152,0.0109217
41889,0.00800456,0.00986608,0.0374062
41890,-0.0111878,-0.0128631,-0.0113406
41891,0.00381613,0.0153204,0.0531077
41892,0.166476,2.44999,6.68601
41893,-0.00776256,-0.0189317,-0.032007
41894,-0.0607229,-0.064446,-0.120119
41895,-0.0074461,-0.00727856,0.000955869
41896,-0.0222825,-0.0222825,-0.03055
41897,0.0279229,0.0241998,0.0640835
41898,0.0426475,0.0389431,0.0960464
41899,0.0409535,1.76554,4.73744
41900,0.0135891,0.6122,1.7018
41901,-0.00130307,-0.0143151,-0.0225265
41902,0.052495,0.0580051,0.13592
41903,-0.0364859,-0.0309572,-0.0423942
41904,0.0186152,0.0204768,0.0596231
41905,-0.0130307,-0.0130307,-0.0103712
41906,0.0204768,0.0223383,0.0635208
41907,-0.0111691,-0.0130307,-0.0118215
41908,-0.00832102,-0.0157671,-0.0216496
41909,0.00645949,0.00832102,0.0341712
41910,-0.00186152,-0.00186152,0.012866
41911,-0.0111691,-0.00930762,-0.00339832
41912,0.148754,2.58946,7.05459
41913,0.0104245,0.00986608,0.0414169
41914,0,-0.00761364,-0.00835178
41915,0,0.0074461,0.0292706
41916,0.0201045,0.0201045,0.0580191
41917,0.126398,0.127998,0.285184
41918,0.0173122,0.0210352,0.0659523
41919,-0.00800456,-0.00986608,-0.00574995
41920,-0.00186152,-0.00428151,0.00544903
41922,0,-0.0019546,0.0113099
41923,0.00186152,0,0.0145587
41924,0.00186152,0.00204768,0.0214319
41925,0.0135891,0.0154507,0.0478699
41926,-0.0135891,-0.011951,-0.00779056
41927,0.0109458,0.0110947,0.0394398
41928,1.86152e-05,-0.00184291,0.0107
41929,-0.156368,-0.15823,-0.315842
41930,0.0273644,0.0257449,0.0688226
41931,-1.86152e-05,-1.86152e-05,0.0161702
41932,0,-0.00186152,0.0115647
41933,-0.00314598,-0.00128445,0.0148663
41934,0,-0.00169399,0.0119734
41935,0,0,0.0161054
41936,0,0.00186152,0.0212007
41937,-0.000558457,0.00688764,0.0311214
41938,-0.228409,-0.228409,-0.462142
41939,-0.21912,-2.86546,-7.67697
41940,0.147154,2.84393,7.68667
41941,0.0819071,0.0819071,0.187604
41942,0.00819071,-0.00670149,-0.0121874
41943,0.735861,7.13707,19.5336
41944,0.0236414,0.0137381,0.0341474
41945,0.00584519,-0.00150784,0.00723299
41946,0.0457935,-0.015823,-0.0461703
41947,-0.0348105,-0.0636642,-0.127013
41948,0.00800456,0.00986608,0.0374062
41949,0.0111691,0.0111691,0.0394916
41950,0.0284813,0.0322416,0.0849125
41951,-0.00752056,-0.0112436,-0.009381
41952,-0.0376773,-0.0338611,-0.0527844
41953,0.0624542,0.0663447,0.156804
41954,-0.0126584,-0.0145199,-0.0149887
41955,-0.00558457,-0.00651534,0.000475664
41956,-0.00558457,-0.0074461,-0.0102997
41957,0.0228968,0.0232691,0.0649553
41958,0.0039092,0.00679457,0.0325313
41959,0.0143896,0.0145944,0.0418228
41960,-0.0117276,-0.0154507,-0.0175315
41961,-0.0666426,-0.0666426,-0.123432
41962,9.30762e-05,0.00288536,0.0240767
41963,0.00802317,0.00802317,0.0329045
41964,0.00240137,0.00240137,0.0211334
41965,0.00895394,0.00895394,0.0348534
41966,0.00409535,-0.00521227,-0.00398171
41967,-0.0111691,-0.00186152,0.0198048
41968,-0.012919,-0.012919,-0.0109446
41969,0.0208118,0.0208118,0.0596817
41970,0.0215378,0.032707,0.0884461
41971,-3.72305e-05,0.00182429,0.0196645
41972,0.00161953,0.00161953,0.0194964
41973,-0.00552873,-0.00201045,0.0139653
41974,-0.0157299,-0.023176,-0.034993
41975,0.00729718,0.0163256,0.0542471
41976,-0.0139428,-0.00649672,0.00598953
41977,0.0102198,0.0120813,0.0420445
41978,0.0152459,0.0353504,0.105008
41979,-0.241756,-4.0757,-11.2842
41980,0.00930762,0.0072041,0.0329272
41981,-0.304527,-2.71217,-7.37551
41982,0.23243,2.63272,7.24654
41983,0.000558457,-0.0120999,-0.0198176
41984,0.208826,3.99386,11.1343
41985,0.143691,3.97376,10.9244
41986,-0.0130307,-0.0241998,-0.0484658
41987,0.015097,0.0132354,0.0437609
41988,0.239839,4.18329,11.0177
41989,-0.00930762,-0.0167537,-0.0278737
41990,-0.00930762,-0.0111319,-0.00894205
41991,0.00558457,0.00186152,0.017608
41992,-0.0303429,-0.0322044,-0.0514044
41993,0.0340659,0.0453281,0.115574
41994,-0.0312736,-0.0387197,-0.0682837
41995,0.0223197,0.0232504,0.0651092
41997,-0.258324,-4.27211,-11.2267
41998,-0.0335447,-0.0186525,-0.0075029
41999,-0.00372305,-0.00742748,-0.00117989
42000,-0.139,-4.00863,-11.0247
42001,0.0074461,-0.0074461,-0.0116041
42002,-0.167295,-3.94986,-10.9943
42003,0.00856301,0.0160091,0.0560052
42004,-0.00558457,3.72305e-05,0.0202057
42005,-0.0104245,-0.0104245,-0.00462387
42006,0.00111691,0.00483996,0.0275255
42007,-0.0488092,-0.0519365,-0.0935497
42008,0.0173308,0.0210538,0.0632272
42009,-0.00186152,-0.00167537,0.0126847
42010,0.0210166,0.0282393,0.078047
42011,-0.0176845,-0.0105548,-0.000685012
42012,0.00186152,0.0167537,0.0564326
42013,0.00558457,0.00558457,0.0249679
42014,0,0.00186152,0.0208749
42015,-0.0183919,-0.0215565,-0.0299256
42016,0,0.00186152,0.0222088
42017,0.00392782,0.00951239,0.0379517
42018,0.00372305,0.0113925,0.042652
42019,-0.000186152,0.00167537,0.0206184
42020,-0.00241998,-0.00811625,-0.00288912
42022,0.0102384,0.0120999,0.0420835
42023,-0.00480273,-0.0047655,0.00614474
42024,-0.00299706,-0.010257,-0.00779798
42025,-0.0193412,-0.0212028,-0.0289324
42026,0.0323905,0.0505032,0.128274
42027,0.0148922,0.00930762,0.0338936
42028,0.0835639,3.86996,10.8858
42029,0.0234738,-0.0177217,-0.0497674
42030,-0.00519365,-0.0089167,-0.00522674
42031,0.00688764,0.00688764,0.0305269
42032,0.0470966,0.0526812,0.128339
42033,-0.0105176,-0.0105176,-0.00606556
42034,0.143412,4.03446,11.0953
42035,0.0321485,0.00236414,0.0105344
42036,-0.0340659,-0.0508569,-0.102496
42037,0.0349036,0.0516573,0.130054
42038,0.0154507,0.014706,0.0463767
42039,-0.0210352,-0.0228968,-0.0311628
42040,0.0222638,-0.00565904,-0.00538896
42041,-0.0153948,-0.0321485,-0.0715077
42042,-0.0210352,-0.021966,-0.03039
42043,-0.0111691,0,0.0199636
42044,-0.00359274,0.00217798,0.0253111
42045,1.86152e-05,-0.00165676,0.0126847
42046,-0.0137753,0.00111691,0.0232262
42047,0.0124722,0.0273644,0.0803758
42048,0.0130307,0.00930762,0.0341031
42049,0.0191737,0.0247583,0.0703314
42050,1.86152e-05,-0.00184291,0.0116037
42051,-1.86152e-05,0.00184291,0.0206072
42052,0,-0.00186152,0.0115647
42053,0.0348105,3.40821,9.02564
42054,-0.00874917,-3.37321,-8.91889
42055,0.0180754,3.38449,8.9739
42056,0.00932624,0.00537981,0.02487
42057,-0.0098847,-3.37653,-8.92655
42058,-0.0186339,-0.0204954,-0.0274513
42059,0.0110761,0.00919593,0.0344796
42060,0.128892,4.18975,11.1087
42061,0.833982,4.4792,11.5517
42062,0.00945655,-0.00677595,-0.0127316
42063,0.0154507,-0.00217798,-0.00189563
42064,-0.0074461,-0.0074461,0.00180598
42065,0.00405812,-0.000241998,0.0132446
42066,-0.152831,-3.66359,-9.87385
42067,-0.0250561,-0.0399297,-0.0765142
42068,0.00372305,0.0316273,0.104415
42069,0.00188014,0.0019546,0.0202641
42070,-0.0186152,-0.0186152,-0.0228716
42071,-0.0284813,-0.0228968,-0.027843
42072,0.0165862,0.00355551,0.0190489
42073,-0.00614303,-0.00800456,-0.00220138
42074,-0.00372305,-0.0204768,-0.0430273
42075,0.00372305,0.00186152,0.0184564
42076,-0.00856301,-0.00856301,-0.00126947
42077,0.00372305,0.00186152,0.0187018
42078,0.00930762,0.0204768,0.0704544
42079,-0.0148922,-0.0148922,-0.0150762
42080,0,-0.0074461,-0.00528645
42081,0,0.00186152,0.0213044
42082,0.037156,0.037156,0.0939035
42083,-0.00833963,0.00655257,0.0381985
42084,0.00595688,0.00595688,0.0285781
42085,-1.86152e-05,-1.86152e-05,0.0160664
42086,0,0,0.0169127
42087,-0.00839548,-0.0139801,-0.0142881
42088,0.00930762,0.0130307,0.0446754
42089,0.00668287,0.0104059,0.0391796
42090,0.00467243,0.0158416,0.053133
42091,0.0230271,0.0227478,0.0626141
42092,0.18915,3.75445,10.124
42093,0.0098847,-0.00502612,-0.00658011
42094,0.00921455,0.00266198,0.0171384
42095,0.00156368,-0.000297844,0.0141805
42096,-0.0167537,-0.046445,-0.0970088
42097,0.00558457,0.0223383,0.0743157
42098,0.00186152,0.00323905,0.0241705
42099,0.00930762,0.0130307,0.044729
42100,0.0335074,0.0297844,0.0771826
42101,-0.00789287,-0.000446766,0.0186571
42102,0.00558457,0.00558457,0.0277985
42103,-0.371784,-3.86408,-10.2891
42104,0.0261172,-0.00180568,-0.0097312
42105,0.00186152,-0.00186152,0.0131625
42106,0.0819629,0.089409,0.178774
42107,0.0102384,0,0.00980737
42108,0,-0.0065898,0.000689519
42109,-0.039092,-0.0186152,-0.00576163
42110,0.00372305,0.00558457,0.0288091
42111,0.0260613,0.0299519,0.0806935
42112,-0.0130307,-0.00932624,-0.00168495
42113,-0.0236786,-0.0236786,-0.0330158
42114,0.0502612,0.0546544,0.132385
42115,-0.0470966,-0.0526812,-0.0964543
42116,0.00372305,-0.0111691,-0.0163942
42117,0.0340845,0.0396691,0.100745
42118,-0.00930762,-0.013887,-0.0159174
42119,0.00917732,-0.000241998,0.0122966
42120,-0.00186152,-0.00186152,0.0122077
42121,0.641668,7.42583,20.1427
42122,0.0102384,0.00603134,0.0264335
42123,0.124126,3.52573,9.7043
42124,0.0564042,0.0433363,0.0892512
42125,-0.0322044,-0.0400786,-0.0722086
42126,0.0210352,0.0171446,0.0495003
42127,-0.234496,-0.233286,-0.474454
42128,0.0596619,0.0942304,0.222303
42129,-0.0395388,-0.0823539,-0.179006
42130,0.010499,0.0198066,0.0632138
42131,-0.0503543,-0.0484741,-0.0823114
42132,0.02608,0.029803,0.0806009
42133,0.0593826,0.0612256,0.136857
42134,-0.00372305,-0.00372305,0.00831002
42135,-0.0130307,-0.0130307,-0.0111785
42136,0.0364859,0.0346244,0.0902357
42137,-0.00986608,-0.0107968,-0.00785485
42138,-0.00186152,-0.00206629,0.0116194
42139,0,0,0.0161054
42142,0,0,0.0171834
42143,-0.00409535,0.00521227,0.034616
42144,-0.00372305,-0.0074461,-0.000771429
42145,0.0214075,0.0251306,0.0700104
42146,-0.0104245,-0.00688764,0.00354644
42147,0.00670149,0.00670149,0.0301371
42148,-0.00372305,-0.0074461,-0.000771429
42149,-0.213908,-3.73939,-10.1982
42150,-0.00372305,0.0074461,0.0421353
42151,-0.0485858,-0.0573164,-0.107174
42152,0.0322416,0.033917,0.088797
42153,-0.0532396,-0.0420705,-0.0681244
42154,0.00478412,0.0184849,0.0597349
42155,0.154581,3.67523,10.087
42156,0.229526,0.216495,0.458772
42157,-0.209049,-0.210911,-0.426147
42158,-0.036672,-0.0364859,-0.0602252
42159,-0.00521227,-0.0126584,-0.012971
42160,-0.0111691,-0.017033,-0.0223861
42161,0.0168282,0.0217054,0.0645667
42162,-0.0111691,-0.014613,-0.0154762
42163,0,-0.00558457,0.000965179
42164,-0.0111133,0.00820933,0.0407857
42165,-0.0074461,-0.0074461,0.00051462
42166,0.00800456,0.000558457,0.00866444
42167,0.00372305,0.00372305,0.0239008
42168,0.0361694,0.028351,0.0698768
42169,0.00186152,0.0186152,0.0630493
42170,0,0.00186152,0.0205497
42171,-0.0279229,-0.0279229,-0.0423601
42172,0.0116345,0.0116345,0.0410445
42173,0,0,0.0161054
42174,0.00465381,0.00465381,0.0258497
42175,0,0,0.0161054
42176,0.000428151,0.0041512,0.0276978
42177,0.00372305,0.00558457,0.0284415
42178,0.00223383,0.00223383,0.019879
42179,-0.00930762,-0.0266198,-0.048852
42180,-0.00186152,-0.00558457,0.00312627
42181,0.377443,3.97292,10.8201
42182,-0.0558271,-0.0539098,-0.0965821
42183,-0.10486,-0.112269,-0.222155
42184,0.086654,0.0843643,0.190849
42185,0.00186152,-0.00186152,0.0199631
42186,0.00241998,0.000558457,0.0166317
42187,0.0074461,0.000186152,0.00968617
42188,-0.0359833,-0.0564601,-0.109185
42189,0.0119138,0.0212214,0.0637543
42190,0.00729718,-0.0174983,-0.0256294
42191,0.0173122,0.0191737,0.0568947
42192,-0.000893532,-0.000856301,0.0143434
42193,0,-0.00930762,-0.0125789
42194,-0.00186152,-0.0074461,-0.0022217
42195,0.00647811,0.0157857,0.0543478
42196,-0.0316459,-0.0279229,-0.038831
42197,0.00930762,0.0074461,0.0270304
42198,-1.86152e-05,-0.00374167,0.00566846
42199,0.0279229,0.0288536,0.0815599
42200,0.00282952,0.000967993,0.0174892
42201,0.00930762,0.0111691,0.0401346
42202,0.0120999,0.0120999,0.0414405
42203,-0.0176845,-0.00709241,0.00789008
42204,0.000707379,0.000707379,0.0175865
42205,0.00115415,-0.000688764,-0.0130752
42206,-0.00115415,0.000707379,0.0191722
42207,0.000558457,0.000651534,0.0175469
42208,-0.00186152,-0.00558457,0.00246801
42209,-0.000670149,-0.0043932,0.00430427
42210,-0.000316459,-0.00552873,0.000799738
42211,-0.00748333,-0.0164187,-0.0200457
42212,-0.311117,-3.87156,-10.5563
42213,0.0139614,0.0191737,0.057979
42214,-0.00521227,0.0152645,0.0639143
42215,-0.0106479,-0.0274016,-0.0581159
42216,0.0068318,-0.0126956,-0.0244874
42217,-0.00130307,-0.00874917,-0.00705862
42218,-0.00186152,0.0059755,0.0337298
42219,-3.72305e-05,-0.00240137,0.00923554
42220,0.0505404,0.0449558,0.106691
42221,0.000521227,-0.00143337,0.012429
42222,0.00370443,0.00184291,0.0186629
42223,0,-0.0381426,-0.081581
42224,0.00148922,-0.0502612,-0.11383
42225,0.0864492,0.0862258,0.196491
42226,-0.00541704,-0.00727856,-0.000584855
42227,-1.86152e-05,0.0204209,0.0731559
42228,-0.348031,-3.73161,-10.0889
42229,-0.0242371,-0.125876,-0.288569
42230,-0.273644,-3.61248,-9.95191
42231,0,0.0154507,0.0604224
42232,0.00199183,-0.0244418,-0.0540345
42233,-0.0261917,-0.0282766,-0.0400948
42234,-0.0134774,0.00941932,0.0482958
42235,-0.00649672,0.0028109,0.0285254
42236,-0.198941,-3.4312,-9.31082
42237,-0.0196205,-0.017368,-0.0197477
42238,-0.0148922,-0.0496655,-0.101555
42239,0.00932624,0.0130493,0.0474684
42240,-0.210445,-3.53394,-9.41478
42241,-0.320778,-3.39732,-9.15682
42242,-0.0191737,0.0170888,0.0752087
42243,-0.0349967,-0.033917,-0.0536291
42244,-0.173922,-3.27299,-9.0737
42245,0.00930762,0.0242929,0.0755913
42246,0.0122861,0.0122861,0.0339572
42247,-0.00186152,0.00430012,0.0296547
42248,0.0506335,0.0543565,0.131204
42249,-0.0186152,-0.0167537,-0.0125192
42250,0.00139614,0.00139614,0.0184502
42251,1.86152e-05,-0.0036672,0.00716693
42252,-0.0279229,-0.0297844,-0.0469962
42253,0.0117276,0.0170888,0.0545577
42254,0.0247583,0.0284813,0.0770263
42255,-0.0128445,-0.0165676,-0.0198702
42256,-0.0336378,-0.0373608,-0.0638649
42257,0.025354,0.0160463,0.0400685
42258,-0.220758,-1.86577,-4.99051
42259,0.0506521,0.0562367,0.138136
42260,-0.13429,-0.153725,-0.290689
42261,0.035369,0.0519924,0.129373
42262,0.0236041,0.0438948,0.117102
42263,-0.00186152,0.00372305,0.0265161
42264,-0.0111691,-0.0140173,-0.0136667
42265,-0.000874917,-0.000874917,0.0142735
42266,-0.0154507,-0.0135891,-0.0111502
42267,-1.86152e-05,0.00184291,0.0201843
42269,-0.00186152,0,0.0167484
42270,-0.00986608,-0.0191737,-0.0290662
42271,0.000577073,0.000577073,0.0173137
42272,0.0204768,0.00186152,0.00449452
42273,-0.0074461,-0.0074461,0.00051462
42274,-0.00241998,-0.016549,-0.0302845
42275,0.000558457,0.00340659,0.024397
42276,0.00428151,0.00428151,0.0250701
42277,0.0212958,0.0268804,0.0753533
42278,-0.258063,-1.73727,-4.5877
42279,-0.0390176,-0.0293562,-0.039914
42280,0.00368582,0.058303,0.16184
42281,0.0607788,0.057093,0.134386
42282,-0.256593,-2.65965,-7.12015
42283,-0.0335074,-0.0286675,-0.0381181
42284,0.0135891,-0.0457191,-0.109493
42285,-0.0074461,-0.00279229,0.0133728
42286,0.0074461,0.00932624,0.0371896
42287,-0.0132168,-0.0467243,-0.108989
42288,0.0167537,0.01519,0.046596
42289,0.00262475,-0.0010983,0.0112032
42290,-0.0123233,-0.0122861,-0.00960196
42291,-0.0302126,-0.0168096,-0.0116256
42292,-0.000930762,-0.00342521,0.008072
42293,0.0151528,0.0025689,0.0117087
42294,-0.0202162,-0.016791,-0.0175403
42295,-0.0074461,-0.429119,-1.13409
42296,-0.0248141,-0.0117835,-0.00226729
42297,0.0046352,0.00277367,0.0203896
42298,-0.114353,-0.97624,-2.5749
42299,0.0616909,1.42753,3.85215
42300,0.0433735,0.0349036,0.0819783
42301,0.0156927,0.0248886,0.0732967
42302,0.407376,3.09028,8.23945
42303,0.0122488,-0.000297844,0.0183817
42304,0.0111691,0.00967993,0.034152
42305,-0.142742,-2.05752,-5.50961
42306,-0.0102012,-0.0139242,-0.0154445
42307,0.027625,0.476923,1.30691
42308,0,-9.30762e-05,0.015838
42309,0.00372305,0.00396505,0.0245995
42310,0.0304545,0.0300822,0.0801501
42311,0.00282952,0.00282952,0.0220299
42312,0.0924433,1.50139,4.06206
42313,0.0074461,0.00569627,0.0273857
42314,0.00241998,-0.00318321,0.004219
42315,-0.0223383,-0.0223383,-0.030667
42316,0.0236414,0.0217798,0.0604072
42317,-0.00130307,-0.00316459,0.00860756
42318,0,-0.00039092,0.0155899
42319,0.00558457,0.00372305,0.0223541
42320,0.00558457,0.00372305,0.0232578
42321,0.00372305,0.0109458,0.0439463
42322,-0.00186152,0.00186152,0.0228405
42323,-0.0241998,-0.0241998,-0.0345647
42324,-0.303056,-2.98045,-7.97425
42325,0.0530535,0.0510058,0.122102
42326,0.223755,1.52131,4.05479
42327,-0.0979162,-0.127701,-0.263966
42328,0.0489767,0.0712964,0.161639
42329,0.00372305,0.0074461,0.032324
42330,-0.0680387,-0.542188,-1.40497
42331,0.0280718,0.492913,1.33343
42332,0.00677595,0.0198066,0.06364
42333,0.0309758,0.0216682,0.0573558
42334,0,0.0130307,0.0478905
42335,-0.041512,-0.0582657,-0.11168
42336,0.0220963,0.0314039,0.0850747
42337,0,-0.000223383,0.0155605
42338,-0.0337681,-0.0412142,-0.0727617
42339,0.0457004,0.0605926,0.14812
42341,0.154972,1.57183,4.20999
42342,-0.0721899,-0.0870821,-0.161258
42343,0.0314225,0.0263406,0.0688275
42344,0.00577073,0.0113553,0.0403523
42345,0.0111691,0.00930762,0.0336739
42346,0.00986608,0.0136077,0.0458967
42347,-0.00241998,0.000372305,0.0178495
42348,0.00936347,0.00750195,0.0311701
42349,0.00614303,0.00241998,0.0172387
42350,-0.00372305,-0.00930762,-0.0055409
42351,-0.00800456,-0.0191737,-0.0313394
42353,-0.00186152,-0.00106107,0.0150639
42354,0,0.00372305,0.0259941
42355,0.00148922,0.00893532,0.0382901
42356,-0.0228968,-0.0303429,-0.0499992
42357,0.00186152,-0.00124722,0.0107794
42358,-0.0606671,-1.48144,-4.02488
42359,0.00800456,0.0135891,0.0513431
42360,-0.00483996,0.0137753,0.0547703
42361,0.00372305,0.00186152,0.0191313
42362,-0.00632918,-0.00722272,0.00079264
42363,-0.0407674,0.110165,0.3489
42364,-0.0130307,-0.0148922,-0.0150311
42365,0.00930762,0.0130679,0.0447734
42366,-0.00575211,-0.0115228,-0.0100147
42367,0.0024386,0.0024386,0.0212114
42368,-0.0111691,-0.0074461,0.00225816
42369,0.000186152,0.00299706,0.0369784
42370,-0.249556,-1.8425,-4.8834
42371,0.000558457,0.00800456,0.0358565
42372,0.0465381,0.0558271,0.136426
42373,-0.0102384,-0.0291701,-0.0536371
42374,0.0407116,0.135873,0.356803
42375,0.199313,1.8452,4.95133
42376,-0.0619888,-0.0599411,-0.108687
42377,-0.039092,-0.0405812,-0.0696076
42378,0.00372305,-0.00409535,0.000447832
42379,-1.42433,-1.40944,-2.92802
42380,-0.00186152,-0.0130307,-0.0176697
42381,0.035369,0.0297844,0.0745647
42382,-0.0827076,-0.819909,-2.17668
42383,-0.0989401,-2.44197,-6.21241
42384,0.365082,3.4818,8.91624
42385,-0.0430571,-0.0523647,-0.100258
42386,-0.00856301,-0.00856301,-0.001824
42387,0.00800456,0.00614303,0.0283248
42388,-0.00800456,-0.00800456,-0.00065469
42389,0.0173122,0.0173122,0.0515468
42390,-0.0429082,-0.00567765,0.0216528
42391,0.0148922,0.0113181,0.0386389
42392,0.0139614,0.0139614,0.0453382
42393,-0.0241812,-0.0228781,-0.0315447
42394,0.0074461,0.0074461,0.0316962
42395,0.00558457,0.0111691,0.0414207
42396,0.100522,0.102384,0.232026
42397,-0.00372305,-0.00405812,0.00697018
42398,-0.0130307,-0.0167537,-0.0202599
42399,0,-0.00208491,0.0109408
42400,0.035369,0.039092,0.100858
42401,0.000558457,0.00614303,0.0315552
42404,-0.0470966,-0.0508196,-0.0915878
42405,0.00930762,0.0443788,0.126377
42406,-0.645316,-6.96166,-17.9205
42407,0.028109,0.0342893,0.0896962
42408,0.307021,3.43976,8.95008
42409,0.0074461,0.0235297,0.0693136
42410,0.0204768,-0.0108341,-0.0271309
42411,0.00186152,-0.0257263,-0.0603476
42412,-0.047655,-0.040544,-0.0559712
42413,0.00372305,0.00372305,0.0239008
42414,-0.0667915,-0.06493,-0.119203
42415,0.115973,0.121558,0.272554
42416,-0.000558457,-0.000558457,0.0155944
42417,-0.0238647,-0.0275878,-0.0429445
42418,0.0220032,0.0219474,0.0620129
42419,-0.0445649,-0.048288,-0.086287
42420,-0.337048,-3.34058,-8.65266
42421,-0.0204768,-0.0148922,-0.0110273
42422,-0.34293,-3.48956,-9.47635
42423,-0.0885341,-0.0107038,0.0456486
42424,-0.187995,-3.34881,-9.10315
42425,-0.00316459,-0.0180568,-0.0276789
42426,-0.0489581,-0.0526812,-0.0939303
42427,0.035369,0.0428151,0.112939
42428,-0.0753359,-0.0809391,-0.155082
42429,0.0396691,0.0383846,0.0962116
42430,0.0186152,0.0260613,0.0725591
42431,0.00800456,0.00288536,0.021886
42432,0,-0.00372305,0.00702397
42433,-0.0867657,-0.867545,-2.30241
42434,-0.206425,-2.52523,-7.03419
42435,0.0187269,0.0217054,0.0682935
42436,-0.0482507,-0.0752987,-0.164347
42437,0.0148922,0.0130307,0.0427463
42438,0.0526812,0.0582843,0.14008
42439,0.00930762,0.0241998,0.0728347
42440,0.0260613,0.0223383,0.0611343
42441,0,0.00567765,0.030659
42442,-0.0015823,-0.00156368,0.0190679
42443,-0.00967993,-0.00409535,0.0096883
42444,-0.00962408,-0.0189317,-0.0267493
42445,-0.00930762,-0.00930762,-0.00338308
42446,-0.0260613,-0.0260613,-0.0382336
42447,0,0,0.0296038
42448,-0.00186152,-0.00186152,0.0122077
42449,-0.0223383,-0.020514,-0.0260119
42450,0.0483996,0.0558457,0.136416
42451,-0.0191737,-0.0191737,-0.0242696
42452,0.000558457,-0.00307152,0.00843175
42453,-0.000558457,-0.000279229,0.0156715
42454,0.0111691,0.0111691,0.0363648
42455,0.197787,3.33634,9.26282
42456,0.177012,3.3409,9.10238
42457,0,-0.00372305,0.00656648
42458,0,-0.0297844,-0.0686009
42459,0.037789,-0.00316459,-0.00969962
42460,0,0.0074461,0.0352803
42461,0.0918663,0.100485,0.230097
42462,0.274631,3.31109,9.11249
42463,0.010983,0.000558457,0.0084713
42464,0.0530721,2.23303,5.84898
42465,0.0573722,0.910155,2.47184
42466,-0.00930762,-0.00431874,0.0140303
42467,0.000558457,1.95156e-18,0.0114
42468,0.0874172,0.0520482,0.108064
42469,-0.00186152,0.00111691,0.015222
42470,-0.00614303,-0.00986608,-0.00692622
42471,-0.0316459,-0.0372305,-0.0642351
42472,-0.00372305,-0.0204768,-0.032099
42473,0.00986608,0.0145199,0.0484591
42474,0.00186152,0.00186152,0.0200031
42475,0.0372305,0.039092,0.0986001
42476,0.000223383,0.00208491,0.0218007
42477,-0.0326325,-0.0238461,-0.0316068
42478,0,0.0017126,0.0209008
42479,0.00986608,-0.00204768,0.00625769
42480,0.243171,3.20972,8.21551
42481,-0.0074461,-0.0130493,-0.0155876
42482,0,-0.0207002,-0.0374987
42483,-0.000558457,0.00325767,0.0218467
42484,0.048772,-0.00521227,-0.0195481
42485,0,-0.00372305,0.00570744
42486,-0.0284813,-0.0344382,-0.0593762
42487,-0.00372305,-0.00930762,-0.00662868
42488,0.041512,0.0564042,0.145512
42489,0.00930762,0.0074461,0.0318604
42490,0.00186152,-0.00651534,0.000820591
42491,0.00558457,-0.00930762,-0.00943094
42492,0.00930762,0.0279229,0.0810012
42493,2.11613,7.48151,19.1605
42494,0.0148922,-0.00651534,-0.0129753
42495,-0.0760805,-0.0872497,-0.174567
42496,0.00802317,-0.00705518,-0.010378
42497,0.243823,3.40102,9.41968
42498,-0.0191737,-0.00279229,0.0246621
42499,-0.0163814,-0.0286675,-0.0522704
42500,0.0489581,0.0284627,0.0675034
42501,0.340603,3.7224,10.0698
42502,-0.029803,-0.0409722,-0.0790707
42503,-0.00664564,-0.0792265,-0.176857
42504,0.0130307,0.0204768,0.0674258
42505,0.0223383,0.0277367,0.0800822
42506,-0.0074461,-0.0111691,-0.00856683
42507,0.000930762,-0.00279229,0.00897282
42508,-0.00241998,-0.000539842,0.0158599
42509,0,-0.00372305,0.00211597
42510,0.000558457,0.00241998,0.0227191
42511,-0.0777001,-0.0963153,-0.192895
42512,0.0074461,0.0223383,0.068022
42513,0.00202906,0.00389059,0.0248946
42514,0.0275506,0.0349967,0.0921997
42515,-0.0210352,-0.0247583,-0.03702
42516,-0.0173122,-0.157932,-0.41019
42517,0.0318321,0.0374167,0.0963782
42518,0,0.00558457,0.0315183
42519,0,-0.00372305,0.006754
42520,0,-0.000223383,0.0184433
42521,0.00186152,0.00431874,0.0261256
42523,-0.0167537,-0.0204768,-0.0287794
42524,-0.0430012,-0.0448628,-0.0784722
42525,0.439581,3.79584,9.99398
42526,0.00372305,-0.00575211,-0.00541864
42527,-0.00372305,-0.0186152,-0.0343246
42528,-0.0356482,-0.0412328,-0.0732668
42529,-0.000558457,-0.0117276,-0.0134173
42530,0.0059755,0.0059755,0.028617
42531,0.0148922,0.0148922,0.047287
42532,0.0074461,0.00742748,0.0316418
42533,-0.00186152,-0.00186152,0.0122077
42534,-0.00372305,-0.00372305,0.0112896
42535,0.000930762,-0.00279229,0.00897282
42536,0,-0.00372305,0.00614758
42537,0.00761364,0.00761364,0.032047
42538,0.0331724,0.0410094,0.100093
42539,0,0.0128445,0.0499703
42540,0.0207374,2.76641,7.62252
42541,0.107056,0.542262,1.43373
42542,-0.0238089,-0.0128445,-0.00223015
42543,-0.158397,-3.62068,-9.87236
42544,0.0128259,0.0126398,0.042451
42545,-0.00180568,0.0107224,0.0463103
42546,-0.063236,-0.0744052,-0.141326
42547,0.00761364,0.0262289,0.0789024
42548,-0.00997777,0.00119138,0.0252104
42549,-0.000167537,0.00718549,0.0371509
42550,-0.00186152,-0.000130307,0.017137
42551,0.00428151,0.00241998,0.0205294
42553,0.0186152,0.039092,0.106083
42554,-0.00370443,-0.00370443,0.008349
42555,0.0279229,0.0297844,0.0793404
42556,-0.491982,-7.40859,-19.9195
42557,0.00186152,-0.0167723,-0.0294948
42558,0,0.00241998,0.0260068
42559,0.00372305,0.0199183,0.0646486
42560,0.039092,0.074461,0.187775
42561,-0.0351642,-0.0476923,-0.0864485
42562,-0.00614303,-0.0210352,-0.0330828
42563,0.0187828,0.0515456,0.136038
42564,-0.0122861,-0.014371,-0.0107478
42565,-0.0190248,0.0280718,0.114013
42566,0.00130307,0.00130307,0.0189342
42567,0.00428151,0.0191737,0.0618814
42568,0.0611511,0.0652651,0.150914
42569,-0.0539284,-0.0654698,-0.123035
42570,0.0201045,0.0331351,0.0899856
42571,-0.0074461,-0.0263406,-0.0462943
42572,0.00372305,0.00372305,0.0239008
42573,0,-0.000521227,0.014834
42574,0,-0.064446,-0.140439
42575,0.0111691,0.0186152,0.0576545
42576,-0.00186152,-0.0087864,-0.00387653
42578,0,0.00372305,0.0258451
42579,-0.0276995,-0.0481763,-0.0973856
42580,0,0.00930762,0.038809
42581,-0.000148922,-0.00945655,-0.00691002
42582,0,0.00247583,0.0241488
42583,0,0.00186152,0.0206461
42584,0,0.00186152,0.0206461
42585,0.00186152,0.00381613,0.0247823
42586,0.0340659,0.0603506,0.152542
42587,0.176193,3.74986,10.2679
42588,-0.0362439,-0.0511361,-0.0965381
42589,-0.0186525,-0.0294307,-0.0534382
42590,0.0589917,0.0545241,0.130836
42591,0.00186152,0.00372305,0.0236947
42592,0.00241998,0.0154507,0.0527287
42593,0.00558457,0.00558457,0.0275698
42594,0,-0.0182243,-0.0299302
42595,0.00186152,0,0.0148041
42596,-0.00186152,-0.00558457,0.00312627
42597,-0.00241998,-0.00800456,-0.00258376
42598,0.000558457,0.00241998,0.0224737
42599,0.00558457,0.0148922,0.0514171
42600,-0.00186152,-0.00186152,0.0124365
42601,0.0912147,0.0874917,0.195818
42602,0,0.00186152,0.0206418
42603,0,0.000930762,0.0183758
42604,0.0337867,0.00197322,0.000577729
42605,-0.000186152,-0.00182429,0.000447492
42606,0,0.00186152,0.0210823
42607,0.0136264,0.0154879,0.0491773
42608,0.0450117,0.0599039,0.146678
42609,-0.0409535,-0.0502612,-0.0921188
42610,-0.0966318,-0.0889995,-0.164098
42611,-0.00889809,-0.0196205,-0.0318542
42612,0.00519365,0.00612442,0.0296886
42613,0,0.0167537,0.0569719
42614,-0.00519365,-0.00519365,0.00523084
42615,0.00575211,0.00761364,0.03269
42616,0.00372305,0.00372305,0.0239008
42617,0.00297844,-0.0137753,-0.0185248
42618,0.0117276,0.0117276,0.0406609
42619,5.58457e-05,0.0037789,0.0253038
42620,-0.00928901,-0.0152459,-0.0180497
42621,-0.0015823,0.000279229,0.0173331
42622,0.00444904,0.00444904,0.0254209
42623,-0.00145199,-0.00331351,0.00852449
42624,-0.00258752,-0.00444904,0.00591815
42625,-0.0098847,-0.0173308,-0.0218779
42626,0,0.00930762,0.0394673
42627,-0.00428151,-0.00241998,0.0116814
42628,-0.000223383,-0.00143337,0.0128129
42629,0.00428151,0.00428151,0.0250701
42630,-0.306965,-3.91142,-10.5828
42631,0.000204768,0.0216123,0.0713817
42632,0.00740887,0.0054915,0.027143
42634,0,-0.00167537,0.0102336
42635,0.0115601,-0.00930762,-0.0102862
42636,0.00372305,0.0279229,0.0829302
42637,-0.000986608,-0.00843271,-0.00412326
42638,-0.00698072,-0.0144268,-0.0120989
42639,-0.00632918,-0.0119138,-0.0118049
42640,0.0137381,0.0149667,0.0481425
42641,-0.0074461,-0.0074461,0.00051462
42642,-0.00186152,-0.00372305,0.00766699
42643,0.000930762,0.000930762,0.0180543
42644,0.0120813,0.0158043,0.0504829
42645,-0.00223383,0.00571488,0.0308171
42646,0,-0.0074461,-0.00205748
42647,0.0024386,0.0173308,0.0575372
42648,-0.000930762,-0.015823,-0.0221692
42649,-0.00543565,-0.0128818,-0.0140076
42650,-0.00186152,0.00372305,0.0266371
42651,0,-0.000223383,0.0155331
42652,0.00510058,0.0144082,0.0494887
42653,0,0.0167537,0.05766
42654,-0.000577073,-0.0117462,-0.0123472
42655,-0.0111691,0,0.0199636
42656,-0.0117276,-0.0247583,-0.0394279
42657,0.00558457,0.0142965,0.0490262
42658,0.000558457,-0.00316459,0.00761478
42659,0.00372305,0.0148922,0.0511452
42660,0.00186152,-0.0074461,-0.00204224
42661,0.0186152,0.0186152,0.0550824
42662,0.0148922,0.0186152,0.0563685
42663,-0.0340659,-0.0340659,-0.0517169
42664,0,-0.0112064,-0.0138504
42665,0.00558457,0.00930762,0.03688
42666,-0.426866,-3.95459,-10.7938
42667,-0.0279229,0.0241998,0.106793
42668,-0.298347,-2.38625,-6.35881
42669,-0.00148922,0.00223383,0.0221651
42670,-0.0435597,-0.0174239,-0.00346792
42671,-0.0047655,0.00454212,0.033431
42672,-0.00912147,-0.0035369,0.0108576
42673,-0.0223383,-0.0248514,-0.0348875
42674,-0.0232504,0.0348291,0.126082
42675,-0.245219,-2.14876,-5.71922
42676,-0.0186152,0.0107968,0.0553766
42677,-0.0167537,1.73472e-18,0.0272833
42679,-0.00372305,-0.00279229,0.0109095
42680,0.187623,0.1839,0.397968
42681,-0.00558457,0.00973578,0.043155
42682,-0.125281,-0.13645,-0.279805
42683,-0.248588,-1.91357,-5.06274
42684,-0.0279229,-0.0191737,-0.0186566
42685,0.0830612,0.0960919,0.223601
42686,-0.0111691,0.00558457,0.0346948
42687,0,0.0111691,0.0453738
42688,-0.0725995,-0.0705518,-0.130658
42689,0.00742748,0.00556596,0.0271165
42690,-0.000558457,-0.00428151,0.00539717
42691,-0.000930762,-0.00837686,-0.010627
42692,-0.0681318,-0.0104245,0.0431329
42693,-0.00372305,-0.0180568,-0.034785
42694,-0.395016,-1.98105,-5.14062
42695,0.130716,0.14747,0.333015
42696,-0.0303429,-0.0303429,-0.046318
42697,0,0.00558457,0.0304138
42698,-0.00316459,0.00210352,0.0224022
42699,-0.00800456,-0.0284813,-0.0535822
42700,0.00111691,0.047655,0.150964
42701,-0.00612442,0.00132168,0.0254811
42702,-0.00273644,-0.00482135,0.00529019
42703,0.0123605,0.0128445,0.0431667
42704,0,0.00739025,0.026589
42705,0.00930762,0.00558457,0.0232357
42706,0,-0.00186152,0.0115647
42707,0.0467801,0.0598666,0.147571
42708,0.0166979,0.0129748,0.0423361
42709,-0.0322044,-0.0396505,-0.0701739
42710,0.0452351,0.0822422,0.211695
42711,-0.0229154,-0.0303615,-0.0508454
42712,0.00595688,0.0115415,0.0422002
42713,-0.0539284,-0.0411769,-0.0538702
42714,-0.225877,-1.76433,-4.66557
42715,-0.015339,0.0157485,0.0662493
42716,0.0148922,0.0204768,0.0635753
42717,0.00930762,0.0146502,0.0500363
42718,-0.00930762,-0.00590103,0.00603551
42719,0,-0.0130307,-0.0226908
42720,0.041512,0.0470966,0.116674
42721,-0.0381613,-0.0251306,-0.0287249
42722,0.0135891,0.0135891,0.0445586
42723,-0.000558457,-0.000558457,0.0149361
42724,-0.0215937,-0.032949,-0.0573445
42725,0.0074461,-0.00558457,-0.00398668
42726,0.0284813,0.0279229,0.0750106
42727,-0.00986608,-0.00800456,0.00159504
42728,0,-0.00558457,0.00248325
42729,-0.296076,-1.74661,-4.557
42730,0.0516945,0.074703,0.184376
42731,0.0186152,0.034643,0.100535
42732,-0.0204768,-0.0162139,-0.0174424
42733,0,0.0158602,0.0567413
42734,-0.0474689,-0.0418657,-0.0683795
42735,0,0.00930762,0.04076
42736,-0.0074461,-0.0074461,0.00132186
42738,0,-0.000130307,0.0157716
42739,0.00558457,0.00186152,0.0174523
42740,-0.0112064,-0.0117835,-0.00933712
42741,-0.02729,-0.0161208,-0.0116182
42742,0.0221149,0.0174239,0.050391
42743,-0.203781,-1.71526,-4.53638
42744,-0.0470966,-0.0558644,-0.106285
42745,-0.00930762,0.014371,0.063887
42746,-0.0223383,-0.0204582,-0.0263509
42747,-0.000558457,0.00372305,0.0267025
42748,0.0117276,0.0154507,0.0501999
42749,-0.126975,-1.53661,-4.0888
42750,-0.0194343,-0.0058638,0.0148841
42751,-0.0334888,-0.026322,-0.0370033
42752,-0.0178148,-0.0107596,-0.000313738
42753,0.00595688,0.0109272,0.0407018
42754,-0.00595688,0.00148922,0.0238677
42755,-0.0176286,-0.0101825,-0.00132802
42756,0.00865609,0.0106479,0.0393331
42757,-0.00558457,-0.00558457,0.00441232
42758,0.00372305,0.00174983,0.0184373
42759,-0.0731765,-0.0173308,0.021903
42760,0.00184291,-0.00376028,0.00520681
42761,0.00763225,0.00949378,0.0368555
42762,0.00552873,0.00552873,0.0276816
42763,0.0322044,0.0322044,0.0835356
42764,-0.0111691,-0.0130307,-0.0124798
42765,-0.00320182,-0.00320182,0.00940137
42766,-0.0159347,-0.0159347,-0.0172589
42767,-0.00521227,-0.00497027,0.00589936
42768,-0.169306,-1.60186,-4.26221
42769,0.0113181,0.0176845,0.0572887
42770,-0.0218543,0.0047655,0.0477935
42771,-0.00074461,0.00485858,0.0295745
42772,-0.0111691,-0.00921455,-0.00136359
42773,0.0074461,0.0297844,0.0873286
42774,-0.0178148,-0.0140917,-0.0121141
42775,-0.562646,-3.4142,-8.90652
42776,-0.18323,-1.61919,-4.25167
42777,0.0381799,0.133304,0.345954
42778,-0.0317948,-0.0578748,-0.123326
42779,0.013161,0.0336378,0.0974947
42780,0.000186152,-5.58457e-05,0.0162955
42781,-0.0514153,0.162362,0.502542
42782,0.411937,3.45393,9.2079
42783,0.00558457,-0.014706,-0.0314582
42784,0.0372305,-0.0197322,-0.0677005
42785,0.152589,1.54646,4.16376
42786,0,-0.019304,-0.0400339
42787,0.00558457,-0.00186152,0.0100949
42788,0.00431874,-0.00310875,0.0033092
42789,0.00688764,0.0124722,0.0467782
42790,-0.0194716,-0.0194716,-0.0235784
42791,0.00560319,0.0165303,0.0584976
42792,-0.0074461,0.0130307,0.0512698
42793,0.0085444,0.0122674,0.0435348
42794,-0.0369885,-0.0447324,-0.077753
42795,0.0074461,-8.67362e-19,0.0113298
42796,-0.00930762,0.00186152,0.0275581
42797,-0.423683,-3.41528,-9.07339
42798,-0.254936,-1.58496,-4.14468
42799,0.245126,1.68833,4.47145
42800,-0.0223383,-0.0204768,-0.0261263
42801,-0.0132727,-0.0076881,-0.000153834
42802,-0.291943,-1.60372,-4.18647
42803,0.00660841,0.015916,0.0508952
42804,-0.0295238,-0.0299333,-0.0437298
42805,0.0367837,0.0405068,0.108
42806,-0.260744,-1.59801,-4.18781
42807,-0.0227106,-0.0299333,-0.0497841
42808,-0.164075,-1.53481,-4.05149
42809,-0.00372305,0.0282952,0.0902418
42810,-0.0335819,0.035853,0.138889
42811,-0.0307152,-0.0288723,-0.0424025
42812,0.054915,0.0625472,0.1507
42813,0.0210538,0.0247769,0.0710226
42814,-0.0074461,-0.00927039,-0.00347104
42815,0,0.00372305,0.0256444
42816,-0.316496,-1.55294,-4.01671
42817,0.0526253,0.0768251,0.187028
42818,-0.00800456,-0.00800456,-0.00116011
42819,1.86152e-05,3.72305e-05,0.015691
42820,-0.00199183,0.0017126,0.0222874
42821,-0.00558457,-0.00558457,0.00441232
42822,0,0.0149853,0.0545286
42823,0.00238275,0.00238275,0.0210945
42824,0.00874917,0.00897255,0.035036
42825,-0.00984747,-0.00984747,-0.00451341
42826,-0.00186152,-0.00558457,0.00266878
42827,-0.00372305,-0.00372305,0.00831002
42828,-0.0419029,-0.0474689,-0.0853004
42829,-1.86152e-05,-0.00374167,0.0065275
42830,-0.00335074,-0.00148922,0.0142885
42831,-0.219306,-1.49829,-3.92508
42832,-0.00186152,-0.000186152,0.0169459
42833,-0.0228223,-0.0135147,-0.00530767
42834,0.0228968,0.0228968,0.0649508
42835,-0.0455887,-0.0493118,-0.0839802
42836,0.00904701,0.0164931,0.0541261
42837,-0.0187269,-0.0298961,-0.050149
42838,0.00999639,0.0107596,0.0377931
42839,0.000558457,0.00241998,0.0220442
42840,0.00930762,0.00930762,0.0349665
42841,-0.00448628,-0.0124722,-0.0167084
42842,-0.00502612,-0.00130307,0.0146631
42843,0.0279229,0.0297844,0.0791116
42844,-0.0284813,-0.0266198,-0.0386266
42845,-0.315063,-1.64698,-4.24389
42846,0.0756338,0.0890367,0.20922
42847,-0.0228781,-0.0140173,-0.00845737
42848,-0.0637945,-0.0664937,-0.122348
42849,-0.00186152,-0.0074461,-0.00253021
42850,-0.00199183,0.00355551,0.0299167
42851,-0.176361,-1.44657,-3.83356
42852,0.0533513,0.0960361,0.250851
42853,0.0320368,0.0301753,0.0762639
42854,-0.00521227,-0.00707379,0.00122088
42855,-0.029561,-0.0196205,-0.0203181
42856,0,0.0126584,0.0472986
42857,-0.0223383,-0.0130307,-0.00681963
42858,0,-0.00558457,0.00116672
42859,0,-0.00316459,0.00726714
42860,-0.041512,-0.0433735,-0.0711043
42861,-0.0279229,-0.0241998,-0.0328211
42862,0.0473758,0.0473758,0.115302
42863,0.0148922,0.0169957,0.0524651
42864,0.184049,1.62465,4.36455
42865,0.105623,0.223569,0.565269
42866,0.0124722,0.0110388,0.0345274
42867,0.0210352,0.0158043,0.0470423
42868,0.00752056,0.00286675,0.0200428
42869,0.000558457,0.00428151,0.0263562
42870,-0.0601273,-0.0657491,-0.124178
42871,0.0085444,0.0114111,0.0427728
42872,-0.0269921,-0.0279229,-0.0426816
42873,0.0601831,0.0639062,0.151199
42874,-0.040302,-0.0328559,-0.0492019
42875,-0.00320182,-0.0832474,-0.185392
42876,-0.0223011,-0.0223011,-0.0301315
42877,0.0286675,0.0295052,0.0782762
42878,0.0230829,0.0212214,0.0598962
42879,0.00186152,0.0130307,0.0472754
42880,-0.00558457,-0.00619888,0.00283839
42881,-0.00465381,-0.000930762,0.0180757
42882,0.00176845,0.00921455,0.0412001
42883,0.0258752,0.0389059,0.102297
42884,0.00930762,-0.00279229,0.00463103
42885,-0.00111691,0.00074461,0.0197971
42886,0.00530535,0.00569627,0.0303391
42887,-0.00651534,-0.00443043,0.0081799
42888,0.00186152,-0.00186152,0.0104642
42889,-0.0135891,-0.0117276,-0.00689208
42890,0.00893532,0.00521227,0.0252754
42891,0.00677595,0.0123605,0.0439152
42892,5.58457e-05,0.00191737,0.0213176
42893,-0.025205,-0.0336191,-0.0591184
42894,-0.040302,-0.036579,-0.0565692
42895,-0.187418,-1.9232,-5.11929
42896,0.0381799,0.0419029,0.104238
42897,0.187027,1.85821,4.98689
42898,-0.035369,-0.0465381,-0.0904535
42899,-0.00930762,-0.00186152,0.0156948
42900,-0.00160091,0.000595688,0.0195748
42901,-0.0551198,-0.975756,-2.63749
42902,0.0657118,0.977003,2.66716
42903,-0.0774394,-0.985473,-2.65065
42904,-0.0591779,-0.724971,-1.92592
42905,-0.00241998,-0.0136077,-0.0185601
42906,0.00241998,0.00241998,0.0200154
42907,0.00666426,0.00294121,0.0193395
42908,-0.00186152,0.00558457,0.0308281
42909,0.00186152,0.00186152,0.0200031
42910,0.23835,1.94442,5.18934
42911,-0.0282207,-0.050559,-0.0979299
42912,0.247043,1.9213,5.12454
42913,0.0199555,0.00882363,0.00653258
42914,0.0348664,0.0330048,0.084547
42915,0.0103687,-0.000874917,0.0062306
42916,-0.0148922,-0.0262475,-0.0481233
42917,0.00614303,0.0111691,0.0417165
42918,0.0329862,0.0367093,0.0962775
42919,-0.0241998,-0.0241998,-0.0345821
42920,0.015823,0.0176845,0.0537766
42921,0.0148922,0.0167537,0.052635
42922,-0.0230829,-0.0230829,-0.0322261
42923,-0.219511,-1.78798,-4.78395
42924,-0.0238461,-0.0212586,-0.0248776
42925,0.0186152,0.0148922,0.0418538
42926,0.00930762,0.00941932,0.0370566
42927,-0.0241812,-0.0172936,-0.0181707
42928,-0.160315,-1.74324,-4.66102
42929,-0.00906563,-0.0139056,-0.018863
42930,0.00577073,0.00608719,0.0273118
42931,0.00856301,0.0197322,0.0648539
42932,-0.0210538,-0.0229154,-0.0318257
42933,0.00558457,-0.0186152,-0.0359375
42934,-0.0111505,-0.00938209,-0.00248206
42935,0.00668287,0.00668287,0.0300982
42936,-0.00746472,-0.0074461,0.00052105
42937,-0.00523089,0.000912147,0.0226499
42938,0.000595688,-0.00126584,0.0106403
42939,0.00934486,0.0130679,0.0452108
42940,-0.00558457,-0.00558457,0.00441232
42941,-0.00282952,-0.00282952,0.0101809
42942,0.00113553,-0.00165676,0.0113288
42943,0.0074461,0.00580796,0.0274468
42944,0.0111878,0.00932624,0.0341826
42945,-0.00930762,-0.0130307,-0.012922
42946,-0.00279229,0.00465381,0.0291146
42947,-0.000558457,-0.000558457,0.0149361
42948,0.000558457,0.00428151,0.0268137
42949,0.288425,1.93448,5.14176
42950,0.048139,0.0368768,0.0850062
42951,0.00132168,0.00876778,0.0402647
42952,0.105828,1.70836,4.63218
42953,-0.0402276,-0.0749822,-0.157281
42954,-0.0111691,-0.00930762,-0.00342812
42955,0.0415306,0.0545613,0.135763
42956,0.0298589,0.031981,0.0840297
42957,0,-0.0186152,-0.0293018
42958,-0.00180568,0.00191737,0.0218636
42959,0.000428151,0.000428151,0.0170019
42960,-0.0324464,-0.0454771,-0.086563
42961,-0.140731,-1.75263,-4.7219
42962,-0.0297844,-0.0074461,0.0114445
42963,0,-0.0074461,-0.00412946
42964,0,-0.0113925,-0.0155631
42965,-0.162828,-1.87623,-5.02709
42966,-0.0444904,-0.0258938,-0.0254083
42967,-0.00260613,-0.00614303,0.0004875
42968,-0.00260613,-0.00260613,0.00781803
42969,-0.518695,-3.54211,-9.31113
42970,-0.0196763,0.0162139,0.0730375
42971,-0.0448628,-0.0134216,0.012194
42972,0.0130307,0.035369,0.11828
42973,0.00402089,0.0244977,0.0837378
42974,-0.00474689,-0.00111691,0.0149755
42975,0.00714826,0.0150225,0.0514236
42976,0,0.0074461,0.0351833
42977,0.0215192,0.0177962,0.0516239
42978,-0.0166793,-0.0206257,-0.0252702
42979,-0.039092,-0.0392223,-0.0661274
42980,-0.463873,-3.5686,-9.43211
42981,-0.27653,-1.8224,-4.78433
42982,0.156722,1.83034,4.93361
42983,0.0428151,0.0577073,0.146806
42984,0.00351828,0.00351828,0.025415
42985,-0.0138684,-0.0175914,-0.0263572
42986,-0.0161953,-0.0199183,-0.0340741
42987,-0.00199183,-0.00571488,0.00285343
42988,-0.00930762,-0.00930762,-0.00338308
42989,0,0.00186152,0.0208749
42990,-0.00938209,-0.00565904,0.00531371
42991,-0.106386,-1.72145,-4.64245
42992,0.00675734,0.0216495,0.0713328
42993,-0.0691743,-0.0164931,0.0189813
42994,-0.0313295,-0.0294679,-0.0449521
42995,-0.139372,-1.74053,-4.62748
42996,-0.0179823,-0.00867471,0.00446882
42997,0.00558457,0.0280718,0.0909546
42998,-0.0164,-0.0147619,-0.0214733
42999,0,0,0.0161054
43000,-0.0085444,-0.0457749,-0.0925995
43001,0.0148922,0.0200672,0.07535
43002,0.0452909,0.0446208,0.108526
43003,-0.021966,-0.00722272,0.0117738
43004,-0.0135333,0.0201789,0.0710643
43005,-0.000204768,-0.00402089,0.00394004
43006,-0.0111691,-0.00362997,0.0117376
43007,1.86152e-05,1.86152e-05,0.0161444
43008,0.0177403,0.0179265,0.0537274
43009,-0.00839548,-0.00653395,0.00387476
43010,0.00895394,0.00709241,0.034317
43011,0.0481763,0.0516759,0.125514
43012,-0.0119696,-0.0324464,-0.0669772
43013,0.0268618,0.0268618,0.0731565
43014,-0.0177403,-0.0121558,-0.00741749
43015,-0.00186152,-0.00167537,0.0127347
43016,0,0.000223383,0.0164492
43017,-0.0692673,-0.0506521,-0.0835207
43018,0.0254284,0.0254284,0.069348
43019,-0.00184291,-0.00184291,0.0122467
43020,-0.00930762,-0.0139614,-0.0141031
43021,-0.000297844,-0.000297844,0.0154818
43022,-0.0602948,-0.192389,-0.423717
43023,0.0223383,0.0253167,0.0685953
43024,-0.00832102,-0.00645949,0.00322343
43025,-0.0130307,-0.0129376,-0.0109111
43026,0,0.0186152,0.0695851
43027,0.127272,0.151081,0.343329
43028,-0.0420705,-0.0606857,-0.122419
43029,0.0148922,0.0148922,0.047287
43030,0.0110575,0.0200672,0.0610162
43031,0.0167537,0.0111691,0.0359481
43032,0.00688764,0.0106107,0.0400658
43033,-0.00372305,-0.0074461,-0.00103484
43034,0,-0.0242929,-0.0431839
43035,0.216384,1.75678,4.71202
43036,-0.00930762,-0.00372305,0.0120691
43037,0.0632918,0.0623611,0.141317
43038,0.21778,1.77679,4.74689
43039,-0.0260613,-0.039092,-0.0748821
43040,0.0129934,0.0356482,0.107802
43041,0.0164931,-0.0140173,-0.0256777
43042,0.00186152,0.00930762,0.0389666
43043,0.000949378,0.00188014,0.0203636
43044,-0.00651534,-0.00465381,0.00700419
43045,-0.029561,-0.0221149,-0.026179
43046,0.0351828,0.0519365,0.138227
43047,-0.00837686,-0.00279229,0.00537159
43048,1.86152e-05,-0.00928901,-0.00655923
43049,0.00186152,0.0074461,0.0325208
43050,-0.00465381,-0.00837686,-0.00308232
43051,0.00497027,-0.00154507,0.0106197
43052,-0.00928901,-0.00928901,-0.0038262
43053,0.00301567,-0.00815348,-0.00843931
43054,-0.0250561,-0.013887,-0.00911078
43055,0.0130865,-0.0166979,-0.0291453
43056,0.0148922,0.0167537,0.052486
43057,0.0287233,0.038031,0.103469
43058,-0.00800456,-0.0120999,-0.011885
43059,-0.0117276,-0.0117276,-0.00845009
43060,-0.00621749,0.0121744,0.0478705
43061,-0.00372305,-0.00372305,0.00831002
43062,0.0130307,0.00930762,0.0338504
43063,-0.00651534,-0.00651534,0.00246347
43064,-0.595669,-3.8245,-10.0674
43065,0.0601831,0.0992193,0.23372
43066,-0.0316459,-0.0315528,-0.047666
43067,-0.00186152,0.00558457,0.0343124
43068,0.0152831,0.0171446,0.0538771
43069,-0.0130307,-0.0074461,0.00312993
43070,0.0434666,0.0583588,0.144815
43071,-0.0266198,-0.0228968,-0.0370082
43073,0.00558457,0.00688764,0.0447002
43074,-0.00930762,-0.0110202,-0.0034453
43075,-0.00186152,0.000186152,0.0174541
43076,0,-0.00372305,0.00750607
43078,-0.0111691,-0.0111691,-0.00728078
43079,0,0,0.0169127
43080,0.0223383,0.0204768,0.0585781
43081,-0.00558457,-0.00204768,0.0146542
43082,0.00186152,0.00186152,0.0200031
43083,0,0,0.0161054
43084,-0.00111691,-0.00120999,0.0135801
43085,0.00483996,0.00670149,0.0315874
43086,-0.00930762,-0.00930762,-0.00338308
43087,0.0102384,0.0102384,0.0375428
43088,-0.0670335,-0.063962,-0.116207
43089,0.000725995,0.000725995,0.0176255
43090,-0.134048,-1.70359,-4.58997
43091,0.0186711,0.0279787,0.0811591
43092,0.0223383,0.0316459,0.0891122
43093,-0.0204768,-0.0130307,-0.0104496
43094,-0.00186152,0.00558457,0.0341216
43095,-0.0121744,-0.00245721,0.01925
43096,-0.0160091,-0.0215937,-0.0323017
43097,0.0130307,0.0167537,0.0537355
43098,-0.0279229,-0.0297844,-0.0480578
43099,0.0130493,0.00188014,0.0172332
43100,-0.0752801,-0.0825772,-0.161968
43101,0.0398925,0.041754,0.104981
43102,0.0074461,0.00372305,0.0219565
43103,-0.00186152,0.00372305,0.0258299
43104,0.0135705,0.00984747,0.0336309
43105,-0.0210352,-0.0193971,-0.0224323
43106,-0.0214634,-0.00657118,0.0132143
43107,0.0154507,0.00614303,0.0257527
43108,0.000558457,0.000335074,0.016633
43109,-0.00277367,-0.00277367,0.0102978
43110,0.0482693,0.0482693,0.114193
43111,-0.0888692,-0.0888692,-0.169971
43112,0.0316459,0.0316459,0.0823663
43113,-0.00930762,-0.00930762,-0.00338308
43114,0,0,0.0161054
43115,0,0,0.0161237
43116,-0.469886,-3.703,-9.82685
43117,-0.079301,-0.0685227,-0.119634
43118,0.0167537,0.0187642,0.0603649
43119,-0.00374167,0.00761364,0.036352
43120,-0.0148922,-0.0148922,-0.0150762
43121,0.0297844,0.0316459,0.0830093
43122,-0.0074461,0,0.0195925
43123,-0.00223383,-0.0074461,-0.00249457
43124,0.0135891,0.0135891,0.0494666
43125,-0.00536119,-0.0165303,-0.0232793
43126,0.00930762,0.00986608,0.0371983
43127,0.0111505,0.0127887,0.043421
43128,-0.00930762,-0.0074461,0.00196489
43129,-0.022692,-0.0229154,-0.0318734
43130,0,-0.00202906,0.0106097
43131,0,0.00186152,0.0221116
43132,0.0114856,0.0114856,0.0401954
43133,0.0111878,0.0111878,0.0395306
43134,-0.022208,-0.0240695,-0.0349349
43135,0.0167537,0.0148922,0.046644
43136,-0.0201975,-0.020756,-0.0277816
43137,-0.00938209,0.00551011,0.0346168
43138,0.00189876,-0.00703656,-0.0021719
43139,-0.027625,-0.027532,-0.041498
43140,0.0149108,0.0111878,0.0394743
43141,0.0223383,0.039092,0.107951
43142,-0.480739,-3.79217,-10.0152
43143,-0.170162,-0.153129,-0.297536
43144,0.000204768,0.0114856,0.0474368
43145,-0.00986608,-0.0061058,0.00593287
43146,0.0210352,0.0501309,0.132121
43147,0.396244,2.06741,5.44084
43148,-0.00969855,-0.00225245,0.0156161
43149,-0.0620446,-0.0734372,-0.146852
43150,-0.00614303,-0.00986608,-0.00583844
43151,0.00372305,0.0074461,0.0334398
43152,0.00895394,0.0182616,0.0572072
43153,0.0260613,0.0372305,0.0998923
43154,-0.00651534,-0.0176845,-0.0274919
43155,0.00130307,-0.0154507,-0.0214542
43156,0.00428151,0.0266198,0.0795588
43157,-0.0111691,-0.0223383,-0.0345251
43158,-0.0117276,-0.00893532,0.000471012
43159,0.0305476,0.0305476,0.0800667
43160,-0.0201231,-0.0201231,-0.0253704
43161,0.0143337,0.0255029,0.073362
43162,-0.0335074,-0.0294493,-0.0440236
43163,-0.014613,-0.0202906,-0.0287982
43164,0.0898744,0.0957382,0.219724
43165,0,-0.0203837,-0.0385726
43166,0.0111691,0.0111691,0.0394916
43167,-0.000223383,0.00372305,0.0258005
43168,0,-0.00186152,0.0113359
43170,0.00930762,0.00930762,0.0355939
43171,-0.00930762,-0.00372305,0.012117
43172,0.0279229,0.0279229,0.0736672
43173,-0.00372305,-0.00372305,0.00831002
43174,-0.00800456,0.00130307,0.0268924
43175,-0.0451047,-0.0545055,-0.104901
43176,-0.0387197,-0.0461658,-0.0852016
43177,0.0074461,0.0074461,0.0305392
43178,0.0322044,0.0396505,0.104927
43179,-0.0173122,-0.0154507,-0.0150406
43180,0.0117276,0.0135891,0.0458599
43181,-0.000558457,-0.000558457,0.0149361
43182,0.00930762,0.0146502,0.048644
43183,-0.0206629,-0.0208491,-0.0276938
43184,0.0124722,0.0124722,0.04222
43185,-0.00925178,-0.00925178,-0.00326615
43186,1.86152e-05,-0.00349967,0.0060278
43187,0.0111691,0.00558457,0.024255
43188,0.0679457,0.0696024,0.161181
43189,-0.0304732,-0.0360577,-0.0613221
43190,0.00982885,0.0114298,0.0401328
43191,-0.00409535,-0.0078184,-0.00200846
43192,0.0074461,0.0148922,0.0524922
43193,0.049014,0.0601831,0.147349
43194,0.204228,1.91326,5.12423
43195,-0.00886086,-0.0218915,-0.0403771
43196,0.0151342,0.00887947,0.0355939
43197,0.00186152,-0.00186152,0.0109217
43198,0.00850717,0.00236414,0.0207108
43199,0.00452351,-0.015674,-0.0248689
43200,-0.0602948,-0.0416795,-0.0578731
43201,0.0284441,0.0358902,0.0938252
43202,-0.00182429,0.000260613,0.0173713
43203,0.23202,1.8716,5.04078
43204,0.0422194,0.020514,0.043791
43205,-0.0301567,-0.046203,-0.0917579
43206,-0.0446208,-0.0539284,-0.105018
43207,-0.00772533,-0.0116718,-0.00969637
43208,-0.0036672,-0.0036672,0.00842695
43209,0.0174983,0.0175169,0.0527989
43210,-0.457488,-3.92473,-10.4615
43211,-0.0109272,0.000372305,0.0228684
43212,0.0074461,0.00943793,0.0393914
43213,0,0.00186152,0.0206461
43214,-3.72305e-05,0.00346244,0.0255031
43215,0.0107968,0.0330048,0.0968772
43216,0.00130307,-0.00800456,-0.00649898
43217,-0.0313295,-0.00489581,0.0163727
43218,-0.0322044,-0.0417912,-0.0824577
43219,-0.133267,-1.33846,-3.58524
43220,0.00941932,0.0224872,0.0685109
43221,-0.0241998,-0.0256518,-0.0380641
43222,-0.0167537,-0.00670149,0.00912583
43223,0.0650417,0.979516,2.65465
43224,-0.0039092,-0.000186152,0.0907439
43225,-0.0308641,-0.949061,-2.56068
43226,-0.0194529,-0.0120068,-0.00184803
43227,-0.917527,-8.34021,-22.3691
43228,-0.00882363,0.00443043,0.0488424
43229,-0.0571488,-0.0431874,-0.0654218
43230,0.0297844,0.0465381,0.122536
43231,0.000967993,0.00655257,0.0343836
43232,0.0489581,0.0564042,0.134954
43233,-0.0233063,-0.0233063,-0.0326938
43234,0.279973,2.58368,6.974
43235,-0.0370071,-0.0494607,-0.0961757
43236,-0.0319065,-0.0281835,-0.0416197
43237,0.0397063,0.0397063,0.0992433
43238,-0.0166606,-0.00921455,0.00261288
43239,-0.00556596,0.0279415,0.106813
43240,0.00789287,0.00789287,0.0326317
43241,0.0223383,0.0241998,0.0674185
43242,0.0074461,0.00558457,0.02877
43243,-0.0326139,-0.0437831,-0.0794266
43244,0.0210538,0.0266384,0.0712924
43245,-0.00776256,-0.00590103,0.00439274
43246,-0.00126584,0.00245721,0.0243438
43247,0.00359274,-0.0243301,-0.0459495
43248,0.000279229,-0.0036672,0.00535238
43249,-0.0524764,-0.0898372,-0.0783048
43250,0.0731765,0.0899303,0.209314
43251,0.0284813,0.0284813,0.0757402
43252,-0.0340659,-0.0322044,-0.0500235
43253,-0.00372305,-0.000111691,0.0170706
43254,-0.0304732,0.284125,0.758569
43255,0,0.00186152,0.0206461
43256,0.00186152,0.00372305,0.0245438
43257,0.00936347,0.00564042,0.0266294
43258,-0.00394643,-0.00580796,0.00330157
43259,0.00214075,0.00772533,0.0342099
43260,-0.0145199,-0.025689,-0.0422815
43261,-0.0161953,0.0117276,0.0583787
43262,1.86152e-05,0.00424428,0.0272878
43263,-0.0111691,-0.0111691,-0.00728078
43264,-0.0169585,-0.00206629,0.0233811
43265,0.00374167,0.0076881,0.0339
43266,0.0111691,0.0111691,0.0394916
43268,-0.00422566,-0.00422566,0.00725764
43269,0.0186525,0.016791,0.0506196
43270,-0.0520482,-0.0539098,-0.0965113
43271,0.0653395,0.0690626,0.161996
43272,-0.00558457,-0.0169771,-0.0234738
43273,-0.014129,-0.0197135,-0.0287148
43274,0.0074461,0.0074461,0.0316962
43275,0,0.00186152,0.0206461
43276,0,-0.000930762,0.0133969
43277,-0.00130307,0.00241998,0.024073
43278,-0.00558457,-0.0057335,0.00403076
43279,0.0648183,0.0333585,0.0703373
43280,-0.00986608,-0.0288164,-0.0520871
43281,0.0204768,-0.0074461,-0.019663
43282,-0.283622,-2.31149,-6.20054
43283,0,-0.00932624,-0.00495146
43284,-0.0355551,-0.0318321,-0.0419129
43285,0.0186339,0.0186339,0.0551214
43286,0.203409,2.30526,6.24287
43287,0.058545,0.0473758,0.104809
43288,0.00186152,0.00186152,0.0200031
43289,-0.074461,-0.0856301,-0.167968
43290,-0.535542,-2.92414,-7.60087
43291,-0.0111691,-0.00707379,0.00704477
43292,0.00688764,0.00502612,0.0259862
43293,-0.0596991,0.255141,0.658882
43294,0.0111878,0.0279415,0.0787826
43295,-0.0183919,-0.035127,-0.0636759
43296,0.0167537,-0.295964,-0.848834
43297,-0.172005,-2.49791,-6.73593
43298,0.00804179,0.00990331,0.0372133
43299,0.0130307,0.0130307,0.0426551
43300,0.00558457,0.00930762,0.037989
43301,-0.348403,-2.66168,-7.06022
43302,-0.00238275,-0.00740887,-0.000682887
43303,0.00502612,0.0348105,0.104394
43304,-0.0632918,-0.0688764,-0.129737
43305,0.00186152,0.00208491,0.0238435
43306,0,-0.00372305,-0.000513205
43307,0.0130493,0.02608,0.0752134
43308,-0.0303429,-0.037789,-0.0663972
43309,0.0147991,0.160836,0.421015
43310,0.000558457,0.0303429,0.0969628
43311,0.00186152,0.00186152,0.0200031
43312,-0.00372305,0.000558457,0.0209788
43313,0.0074461,0.0074461,0.0316962
43315,0,-0.0148922,-0.0202204
43316,-0.00372305,-0.0037789,0.0130547
43317,0.0288536,0.0307152,0.0812892
43318,0.010257,-0.130195,-0.323876
43319,-0.0243301,-0.0484369,-0.0936284
43320,0,1.86152e-05,0.0154158
43321,-0.269754,-2.67283,-7.08577
43322,0.0531838,0.0447324,0.103159
43323,0.120199,2.61608,7.09113
43324,-0.190825,-2.70232,-7.24451
43325,-0.347472,-2.76662,-7.34472
43326,0.00558457,0.0186152,0.0617034
43327,0.0115601,0.0189689,0.0606291
43328,-0.145925,-2.57036,-6.89788
43329,0.00543565,0.0220032,0.072882
43330,-0.0791148,-0.0437458,-0.0531107
43331,-0.0246094,-0.0234924,-0.03484
43332,0.00893532,0.0387197,0.112586
43333,0.0161953,0.0161953,0.0500154
43334,-0.00279229,-0.00279229,0.0102589
43335,0.00128445,0.00128445,0.0125105
43336,-0.0010983,0.0435783,0.0405818
43337,0.014371,0.0292632,0.0878224
43338,0.00802317,0.00820933,0.0334489
43339,0,-0.00372305,0.00258771
43340,0.0111691,0.0112064,0.0395986
43341,0.157895,2.61165,7.15215
43342,-0.231574,-2.71483,-7.34722
43343,0.196205,2.87604,7.87515
43344,0.0173122,-0.00130307,-6.43279e-05
43345,0.035369,0.0465381,0.120697
43346,0.223811,2.81336,7.68891
43347,0.197526,2.66006,7.22029
43348,0.25475,2.98376,7.81865
43349,-0.0074461,-0.0742376,-0.189237
43350,0,-0.00372305,0.0130796
43351,0.0180568,-0.00800456,-0.0153077
43352,-0.0297844,0.0427965,0.155604
43353,-0.00130307,0.00614303,0.0324549
43354,0.00930762,0.0111691,0.0429277
43355,-0.00372305,-0.00930762,-0.00841283
43356,0.0225617,0.179767,0.477022
43357,0,0,0.0161054
43358,-0.00372305,-0.00372305,0.00831002
43359,0.0117276,0.0135891,0.0445154
43360,-0.00778117,-0.333548,-0.932194
43361,-0.00186152,-0.00184291,0.00763172
43362,0.0147433,0.0184663,0.0560566
43363,-0.0202906,0.00763225,0.0578762
43364,0.00111691,-0.00262475,0.0093106
43365,0.00936347,0.0440437,0.130766
43366,3.72305e-05,3.72305e-05,0.0161834
43367,0.00186152,0.00186152,0.0200031
43368,3.72305e-05,-0.00182429,0.0146222
43369,-0.00335074,-0.015823,-0.0237319
43370,0.0171633,0.0246094,0.0699764
43371,0.00241998,-0.0124722,-0.0169833
43372,-0.00241998,-0.000558457,0.0164957
43373,0.000763225,-0.0122674,-0.0156828
43374,-0.078184,-0.0949378,-0.189574
43375,0.0124722,0.0120813,0.0411282
43376,0.00690626,0.0180754,0.0626537
43377,-0.0111505,-0.00379751,0.0121019
43378,1.86152e-05,-0.00184291,0.0116037
43379,0.0173122,0.0266198,0.0750576
43380,0,-0.00279229,0.00780291
43381,0.0111691,0.0167537,0.0531138
43382,0.00506335,-0.000521227,0.0112647
43383,-0.00837686,-0.00837686,0.0969104
43384,0.00930762,0.00930762,0.0355939
43385,0.00374167,-0.00370443,0.00658414
43386,0.000335074,0.0195088,0.0635765
43387,0.224407,2.70247,7.29874
43388,-0.0241998,-0.0508196,-0.105868
43389,-0.299706,0.035369,0.208949
43390,0.00169399,-0.00543565,0.00135769
43391,0.362923,0.377815,0.811869
43393,0.00186152,-0.00742748,-0.00265281
43394,-0.0204768,-0.0167537,-0.0170016
43395,0.0074461,-0.00364859,0.0046335
43396,-0.0217798,-0.340101,-0.917866
43397,0.011951,0.0380123,0.104699
43398,-0.00165676,-0.016549,-0.0207974
43399,-0.00372305,-0.00372305,0.0100209
43400,-0.00368582,-0.00368582,0.00838797
43401,0.0223383,0.0297844,0.0839804
43402,0.00335074,0.00895394,0.0367954
43403,-0.00178706,-0.00737164,-0.00876113
43404,-0.0131796,-0.0165303,-0.0188439
43406,0,0.00372305,0.0251869
43407,0.00614303,0.0126398,0.0387396
43408,0.227627,2.71503,7.44067
43409,0.00752056,-0.00186152,0.00521949
43410,-0.0111691,-0.0316459,-0.0583378
43411,-0.249575,-2.81608,-7.67942
43412,-0.0111691,-0.00930762,-0.00071736
43413,0.021482,0.0231201,0.0650017
43414,0.0232691,0.0232691,0.0395001
43415,0.0733441,0.0752056,0.174874
43416,0.0962036,2.61889,7.30182
43417,-0.00322044,-0.0162511,-0.0247025
43418,0.018578,0.0204395,0.0587619
43419,0.0126584,0.0665495,0.174871
43420,0.014855,0.0297472,0.0853368
43421,0.00558457,0.0074461,0.0327967
43422,-0.00614303,-0.0117276,-0.01248
43423,0.00558457,0.00766948,0.0345727
43424,0.0035369,0.00145199,0.018398
43425,0.0117276,0.0117276,0.0406609
43426,-0.321485,-2.89771,-7.8647
43427,-0.00186152,-0.00558457,0.00201721
43428,-0.00372305,-0.00349967,0.00858071
43429,0.0074461,0.0074461,0.0311177
43430,0,0.314374,0.919259
43431,0.0111691,0.0111691,0.0394916
43432,-0.00930762,-0.00930762,-0.00338308
43433,0.0582285,0.0582099,0.137972
43434,0,0,0.0161054
43435,0.0161953,-0.300264,-0.759987
43436,0.000558457,0.00800456,0.0386666
43437,-0.0115415,-0.0301567,-0.0534676
43438,0.0111691,0.00580796,0.0265228
43439,-0.0210538,0.287959,0.76144
43440,0.00558457,0.00722272,0.0319956
43441,0.00930762,0.0074461,0.0308244
43442,0.000558457,0.000558457,0.0172747
43443,-0.000558457,0.00316459,0.0240176
43444,-0.00186152,-0.00186152,0.0122077
43445,0.05888,-0.25408,-0.777391
43446,-0.00446766,-0.00260613,0.0120989
43447,-0.0074461,-0.0111691,-0.00856683
43448,0.49416,5.20665,14.1424
43449,-0.110333,-0.130567,-0.269096
43450,0.0706821,0.0659724,0.149505
43451,-0.0601273,-0.0782957,-0.159458
43452,0.041512,0.0405812,0.0986087
43453,-0.384033,-2.58283,-6.81387
43454,-0.00364859,0.00381613,0.0301888
43455,0.0742004,0.0667729,0.151742
43456,0.0187456,0.0150225,0.0446593
43457,-0.00927039,-0.00927039,-0.00330513
43458,0.00852578,0.00852578,0.0339534
43459,0.116792,0.116792,0.260647
43460,0.243078,2.58804,6.91557
43461,-0.00186152,-0.00930762,0.0196743
43462,0,-0.0297844,-0.0560887
43463,0,-0.00374167,0.00616325
43464,0.0119138,0.0119138,0.0410507
43465,-0.0632546,-0.0831543,-0.168977
43466,0.0340659,0.041512,0.107769
43467,-0.0279229,-0.0372305,-0.0662074
43468,0.000223383,-0.0109458,-0.0106712
43469,0.0074461,0.00930762,0.0362369
43470,0.00746472,0.00560319,0.127154
43471,-0.201305,-2.39604,-6.47093
43472,-0.0148922,-0.0144268,-0.0148213
43473,0.030771,0.0307896,0.0805864
43474,0.264337,2.44878,6.61301
43475,-0.0465381,-0.0521227,-0.0975884
43476,-0.00558457,-0.00558457,0.0432991
43477,0.0204768,0.0202534,0.0580353
43478,-0.0223383,-0.0297844,-0.0483724
43479,0.0269177,0.0288909,0.077293
43480,0.00874917,0.0106107,0.0389653
43481,0.00938209,0.0144082,0.050376
43482,0.0303429,0.0359274,0.0932601
43483,0,0.316832,0.788982
43484,0.0756896,0.0271596,0.0553055
43485,-0.0102384,-0.00971716,-0.00293875
43486,-0.00742748,-0.00292259,0.0135643
43487,0.304229,2.10295,5.56113
43488,-0.00647811,-0.0142965,-0.0187699
43489,-0.00718549,-0.0100336,-0.00699607
43490,-0.0575025,-0.0630871,-0.117352
43491,-0.129246,-0.297621,-0.71468
43492,-0.263536,-2.02013,-5.32904
43493,-0.00631057,-0.000725995,0.0165144
43494,-0.0074461,8.67362e-19,0.0215354
43495,0.00241998,0.00346244,0.0242063
43496,0.00930762,0.0167537,0.0537568
43497,-0.00558457,-0.00372305,0.00976029
43498,-0.360782,-2.12456,-5.53142
43499,-0.0112995,-0.0243301,-0.0370453
43500,-0.00176845,0.00772533,0.0397842
43501,-0.000502612,-0.00188014,0.0114576
43502,-0.0228968,-0.0154507,-0.0129872
43503,-0.00139614,0.00107968,0.0182931
43504,-0.368154,-2.69638,-7.19916
43505,-0.00757641,-0.00197322,0.0213703
43506,-0.00372305,-0.00372305,0.00831002
43507,-0.00372305,-0.0074461,-0.000771429
43508,0.00943793,0.00627334,0.028345
43509,-0.00186152,0.0074461,0.0359975
43510,0.0130307,0.0129376,0.0431345
43511,-0.412439,-2.71202,-7.17449
43512,0.00372305,0.00930762,0.0408085
43513,0.0297844,0.0335074,0.0882363
43514,0.00186152,0.00372305,0.0247726
43515,0.123587,0.138479,0.316403
43516,-0.0074461,-0.0074461,0.00051462
43517,0.0074461,0.0074461,0.0316962
43518,-0.00930762,-0.0143337,-0.0174203
43519,-0.0213703,-0.00833963,0.00221665
43520,0,0.00558457,0.0304138
43521,0.00986608,0.0173122,0.0549261
43522,-0.0154507,-0.0135891,-0.0117048
43523,-0.0168096,-0.0130865,-0.00839487
43524,0.0167537,0.0223383,0.0672286
43525,-0.00558457,0.0454212,0.144157
43526,-0.00186152,0,0.0153627
43527,-0.00558457,-0.00686903,0.00102941
43528,0,-0.00186152,0.0115647
43529,0.0167537,0.00921455,0.0300081
43530,-0.0204768,-0.32962,-0.778158
43531,-0.00746472,-0.00318321,0.0127313
43532,0,0.00186152,0.0206461
43533,0.0167537,0.0169957,0.0518606
43534,-0.0074461,-0.00558457,0.00586259
43535,0.0204768,0.0223383,0.0635208
43536,-0.0220591,-0.0222825,-0.0307241
43537,-0.0609463,-0.0470035,-0.0710034
43538,0.0111691,0.00930762,0.0347221
43539,0.00279229,0.0518993,0.147798
43540,-0.00297844,-0.00483996,0.00532837
43541,-0.00372305,-0.00372305,0.00831002
43542,-0.00614303,-0.00428151,0.00778373
43543,0.0223383,0.0372305,0.104691
43544,-0.0130307,-0.0148922,-0.0157192
43545,-0.296746,-2.99797,-7.92291
43546,0.0127514,0.014613,0.0488236
43547,0.0361508,0.0348477,0.0885977
43548,-0.0335074,-0.0409535,-0.0738306
43549,-0.0074461,-0.00930762,-0.00519088
43550,-0.229805,-2.97902,-7.90594
43551,0.0920338,0.10486,0.243989
43552,-0.0130307,-0.00372305,0.01375
43553,0.0184663,0.0201417,0.0590202
43554,-0.00794871,-0.00981024,-0.00507848
43555,0.376493,3.21958,8.52253
43556,-0.0308269,-0.0568882,-0.118696
43557,0.223048,2.9336,7.78915
43558,0.0572233,0.0553618,0.128332
43559,0.328057,0.333641,0.716619
43560,-0.00186152,0,0.018065
43561,0.0241812,0.0241812,0.0667365
43562,-0.00186152,-0.00370443,0.00748366
43563,-0.00930762,-0.0148922,-0.0174627
43564,-0.00372305,-0.00558457,0.00376929
43565,0.0111878,0.00932624,0.0343018
43566,-0.0134216,-0.010257,-0.00315871
43567,0.00472827,0.0121744,0.0473974
43568,3.72305e-05,3.72305e-05,0.0161834
43569,0.0213145,0.0210911,0.0601617
43570,0.478002,5.04808,13.6439
43571,0.00986608,-0.00897255,-0.00918764
43572,-0.0228968,-0.344196,-0.910375
43573,0.00614303,-0.0156368,-0.0374934
43574,0.0111691,0.00372305,0.0178232
43575,-0.0120813,-0.0102198,-0.00840887
43576,0.0711103,0.0881618,0.20858
43577,0.00428151,-0.00372305,0.00271448
43578,0.344568,2.53694,6.67897
43579,0.00372305,-0.0167537,-0.0273743
43580,0.0174239,-0.00992193,-0.0239744
43581,0.00986608,0.0115228,0.0457204
43582,0,-0.00370443,0.00707166
43583,0,0.0236414,0.0749291
43584,-0.0800642,-0.0837872,-0.00699315
43585,0.0359274,0.0303429,0.0772513
43586,-0.00796733,-0.0135519,-0.0146564
43587,0.0156554,0.0193785,0.0579665
43588,0.00186152,-0.00186152,0.0109217
43589,-1.86152e-05,0.00361136,0.0253332
43590,0.00186152,0.00536119,0.0284428
43591,0.0186152,0.0186152,0.0550824
43592,0.0374353,0.0539656,0.132785
43593,0.0279229,0.0316459,0.0867004
43594,-0.0223755,-0.0335447,-0.0584468
43595,-0.0074461,0.297844,0.742457
43596,0.03764,0.0320555,0.079282
43597,-0.0372305,-0.0372305,-0.0618486
43598,-0.0294866,-0.0387942,-0.068996
43599,0,-0.01519,-0.026377
43600,0.00930762,0.0148922,0.0496736
43601,0.00180568,0.00180568,0.0198862
43602,0.00718549,0.0183546,0.0588524
43603,0.00558457,0.00372305,0.0232578
43604,0.00930762,0.00908424,0.03497
43605,-0.00545427,-0.00173122,0.0142241
43606,0,0,0.0161054
43607,0.00372305,0.00372305,0.0239008
43608,-0.0210352,-0.0362253,-0.0643326
43609,0.0173122,0.0191179,0.0567388
43610,0.0390176,0.0464637,0.115964
43611,-1.86152e-05,-1.86152e-05,0.0160664
43612,-0.00372305,0.00774394,0.0362809
43613,0.324147,2.12713,5.65077
43614,0.00186152,-0.0283883,-0.0632378
43615,-0.0074461,-0.00558457,0.00919862
43616,-0.0106107,-0.0161953,-0.0210715
43617,0,-0.0148922,-0.0221367
43618,0.00930762,0.035369,0.109485
43619,0.00189876,-0.0353317,-0.0779743
43620,-0.00182429,-0.0129934,-0.0149587
43621,0.0960547,0.0904701,0.202902
43622,-0.00927039,-0.0167165,-0.021468
43623,0.0111691,0.0111691,0.0394916
43624,-0.020514,-0.0186525,-0.0216482
43625,0.00558457,0.0170516,0.0571784
43626,0,-0.00389059,0.0054315
43627,-0.436118,-2.18837,-5.70855
43628,0.0103315,0.0222638,0.0652771
43629,-0.302535,-2.17996,-5.7398
43630,0.0247583,0.0471152,0.125511
43631,0.0303429,0.0364859,0.0961959
43632,-0.0117276,-0.00396505,0.0112957
43633,-0.0577259,-0.0518807,-0.0868761
43634,0.0201975,0.018336,0.0530475
43635,0.0396505,0.0384591,0.0947412
43636,-0.0105362,-0.0105362,-0.00595556
43637,0.00558457,0,0.0141763
43638,0,-0.00197322,0.0112922
43639,-0.00372305,-0.00372305,0.00831002
43640,0.0148922,0.0167537,0.0518277
43641,-0.0173122,-0.0191923,-0.0247384
43642,0.225952,2.12858,5.70716
43643,0.0173122,0.0157299,0.0484944
43644,0.0021966,0.00443043,0.0273725
43645,0.0234552,-0.307896,-0.746538
43646,0.0186152,0.0186152,0.0550824
43647,-0.035369,-0.0393154,-0.0676741
43648,0.0502612,0.0539842,0.130425
43649,0,0.00186152,0.0206461
43650,0,0.00536119,0.029384
43651,-0.0165676,-0.00912147,0.000493772
43652,-0.0167537,-0.0148922,-0.0144332
43653,-0.000483996,-0.00234552,0.0105513
43654,0.00186152,0.00186152,0.0200031
43655,0.00454212,0.00584519,0.0285968
43656,0.0335074,0.0335074,0.086264
43657,0.0122861,0.326884,0.809213
43658,-0.00186152,-0.00186152,0.013015
43659,0,0.00539842,0.0305688
43660,0.0106293,0.0124908,0.042902
43661,-0.00986608,-0.00986608,-0.00432364
43662,0.00362997,0.00362997,0.0237059
43663,0.035946,0.0378076,0.0959107
43664,-0.00606857,-0.000483996,0.0178406
43665,-0.0244604,-0.041512,-0.0821335
43666,0.00372305,-0.00580796,0.000194818
43667,0.00372305,0.0130307,0.0478692
43668,-0.0074461,-0.0111691,-0.00856683
43669,0,-0.00372305,0.00702397
43670,-0.0148736,-0.0148736,-0.0150372
43671,0.0130307,0.00930762,0.0343079
43672,0.00932624,0.0146874,0.0486355
43673,-0.00874917,-0.0106107,-0.00765816
43674,-0.00186152,-0.00186152,0.0122077
43675,0.00251306,0.00228968,0.0207256
43676,-0.00930762,-0.327628,-0.818505
43677,-0.0130307,-0.0111691,-0.00583051
43678,-0.405645,-2.55262,-6.78312
43679,0.000800456,-0.00314598,0.00811247
43680,-0.298291,-2.93527,-7.90561
43681,-0.00370443,0.00932624,0.0461996
43682,-0.041512,-0.0409535,-0.0692536
43683,0.0130307,0.0130307,0.0433893
43684,-0.611958,-5.85628,-15.6561
43685,0.028109,0.0448628,0.114974
43686,-0.0241998,-0.0156368,-0.0105423
43687,-0.253614,-2.85843,-7.63737
43688,0.00292259,0.00664564,0.0316771
43689,-0.025205,-0.0224128,-0.104785
43690,0.0074461,0.0130307,0.0454261
43691,0.00186152,0.00191737,0.0201502
43692,-0.0111691,-0.0109458,-0.00669245
43693,0.0115415,0.0115415,0.0339868
43694,-0.0282207,-0.0263592,-0.0377847
43695,0.0149294,0.0149294,0.047365
43696,-0.0143337,-0.0126956,-0.00978745
43697,0.00558457,0.00186152,0.0218177
43698,0.00930762,0.00930762,0.0355939
43699,-0.00372305,-0.00766948,-0.00185638
43700,-0.0117276,-0.00986608,-0.00368062
43701,0.0101081,0.0156927,0.0511208
43702,0.0074461,0.00372305,0.022386
43703,-0.0639806,-0.0639806,0.0185657
43704,-0.00934486,-0.0130679,-0.013
43705,0.00372305,0.000223383,0.0155904
43706,0,-0.00312736,0.00838404
43707,-0.00372305,-0.00469104,0.00604419
43708,0,0,0.0131258
43709,0,0.00558457,0.0304138
43710,-0.353057,-2.94361,-7.85929
43711,0.361955,3.04989,8.17361
43712,-0.000558457,-0.0135891,-0.023223
43713,-0.144175,-0.144175,-0.281985
43714,0.0526812,0.0508196,0.121412
43715,0.0875847,0.409629,0.985495
43716,-0.0204768,-0.0167537,-0.0172303
43717,0,-0.035369,-0.0885914
43718,0.00297844,0.00297844,0.0223417
43719,-0.0130307,0.0128445,0.0620587
43720,-0.00372305,0,0.017849
43721,0.0111691,0.0111691,0.0394916
43722,-0.0074461,-0.0074461,0.00051462
43724,0,0.00603134,0.0328543
43725,0.000930762,0.000930762,0.0180543
43726,-0.0222266,-0.0366907,-0.0680421
43727,-0.00372305,-0.0074461,-0.00122892
43728,-0.241049,-2.52983,-6.85512
43729,0.0017126,0.0166048,0.0623845
43730,-0.0186152,-0.0167537,-0.0174505
43731,0.025689,0.0498889,0.130725
43732,0.0372863,0.0328001,0.0813953
43733,0.00186152,0.00316459,0.0231816
43734,-0.0191923,-0.0173308,-0.0186355
43735,0.02608,0.02608,0.0707122
43736,-0.0074461,-0.0035369,0.010116
43737,-0.00428151,-0.00986608,-0.00648146
43738,0.00241998,0.00241998,0.0211724
43739,0.00372305,-0.00558457,-0.00224314
43740,0.00372305,0.00930762,0.037523
43741,0.0564042,0.0601273,0.144604
43742,-0.0167537,-0.0117276,-0.00427403
43743,0,-0.0930762,-0.228375
43744,-0.00186152,-0.00186152,0.0122077
43745,0,0,0.0161054
43746,0.0241998,0.0241998,0.0667755
43747,-0.00958685,-0.177124,-0.412633
43748,0.317893,2.73253,7.3297
43749,-0.0110016,-0.0296169,-0.055989
43750,0.0148922,0.0148922,0.047287
43751,-0.323794,-2.60288,-6.96332
43752,0.11964,0.141979,0.325453
43753,-0.0266198,-0.0340659,-0.0574325
43754,0.0111691,0.0130307,0.0440323
43755,-0.00318321,-0.00318321,0.00944035
43756,0.00132168,0.00132168,0.0188728
43757,-0.0409722,-0.00132168,0.035818
43758,0.0148922,0.0167537,0.0522852
43759,-0.00186152,0.00223383,0.022329
43760,-0.00161953,-0.00206629,0.0108123
43761,-0.00930762,-0.0130307,-0.0124645
43762,0.0260613,0.0335074,0.0888361
43763,0.0103501,0.00848855,0.0201223
43764,-0.0286489,-0.036095,-0.0620431
43765,0.0218729,-0.311638,-0.75207
43766,-0.00984747,-0.00984747,-0.00451341
43767,-0.0106293,-0.00690626,0.00338849
43768,0.00186152,0.00186152,0.0200031
43769,0.00318321,0.00876778,0.0368501
43770,-0.00742748,-0.00742748,0.000553597
43771,0.011709,0.00426289,0.0220016
43772,-0.00975439,-0.00416982,0.00864538
43773,0.00515642,-0.000428151,0.0132799
43774,-0.00186152,0,0.0174067
43775,0.00186152,0.0111691,0.0436217
43776,-0.00372305,-0.0074461,-0.000771429
43777,0.00372305,0.0074461,0.0329823
43778,0.0141476,0.0142407,0.0459953
43779,-0.0340473,-0.0406557,-0.0709937
43780,0.255252,2.88583,7.75544
43781,0.0365045,0.02608,0.061434
43782,0.527686,2.8843,7.56611
43783,-0.0180754,-0.0749636,-0.168836
43784,0.0179451,0.0205512,0.0600458
43785,-0.0130121,-0.130288,-0.331163
43786,-0.00558457,-0.0186152,-0.0243932
43787,0.0386453,0.0607416,0.15092
43788,0.0191737,0.00986608,0.0335481
43789,-0.00502612,-0.00502612,0.00558163
43790,-0.0452351,-0.0470966,-0.0831494
43791,0.0452351,0.0508196,0.124442
43792,-0.017126,-0.0176286,-0.0209794
43793,-0.0111691,-0.00930762,-0.00274005
43794,-0.00874917,-0.00874917,-0.0137837
43795,-0.0527556,-0.0639434,-0.122109
43796,0.0170516,0.0250561,0.0717286
43797,-0.000558457,0.00502612,0.028787
43798,0.00614303,0.0096427,0.0374075
43799,0.0371933,0.0353317,0.0889946
43800,0.00558457,0.0111691,0.0414207
43801,0.00186152,0.00930762,0.0392818
43802,0.363742,4.65757,12.4991
43803,0.177776,0.192482,0.434775
43804,-0.0136822,-0.0309944,-0.0603971
43805,0.000558457,0.000558457,0.0146456
43806,-0.142109,-0.135445,-0.291154
43807,0.0204768,0.0297844,0.0816837
43808,0.0917173,0.0898744,0.20835
43809,-0.0452351,-0.051043,-0.0928032
43810,-0.200523,-2.23173,-6.00522
43811,0.0675734,0.0805854,0.19217
43812,-0.0322044,-0.0396505,-0.0699452
43813,0.00372305,0.00811625,0.0375939
43814,-0.0228968,-0.0266198,-0.0409177
43815,-0.00930762,-0.00930762,-0.00315582
43816,0.221819,2.24366,6.06146
43817,0.0303429,0.0413259,0.106332
43818,-0.20434,-2.28761,-6.1788
43819,0.00186152,0.00372305,0.0254475
43820,-0.00558457,0.00428151,0.0330394
43821,-0.0215006,-0.0296727,-0.0459909
43822,0.0111691,0.0083024,0.0324989
43823,0.00567765,0.00567765,0.0279934
43824,0.0186152,0.0361136,0.096367
43825,0.0452351,0.0191737,0.0465631
43826,-0.0247583,-0.0226734,-0.0298932
43827,0.261972,2.32668,6.24568
43828,0.302367,2.32951,6.20801
43829,0.0074461,-0.00986608,-0.0153097
43830,0.0428151,0.350041,0.84885
43831,0.00832102,0.0157671,0.0558403
43832,-0.00372305,0.00394643,0.0298371
43833,-0.0303429,-0.354546,-0.836923
43834,0.0154507,0.00800456,0.0302934
43835,0.00470966,-0.0101825,-0.0140191
43836,0.166718,1.78351,4.82222
43837,-0.249482,-1.90024,-5.05265
43838,-0.18336,-2.20457,-5.9502
43839,0.0130307,0.0279229,0.0825748
43840,-0.00558457,0.00930762,0.0440535
43842,0.00217798,0.000372305,0.0158634
43843,-0.0074461,-0.00742748,0.00137534
43844,-0.00403951,-0.00558457,0.00400496
43845,0.193785,2.21402,6.00885
43846,0.00969855,0.00039092,0.00845048
43847,0.107354,0.130028,0.297776
43848,0.0861886,0.0843271,0.186096
43849,0,-0.00374167,-0.00417908
43850,0.246466,1.86623,4.96038
43851,-0.0074461,-0.0217798,-0.0413584
43852,0.00186152,-0.00188014,0.00976061
43853,-0.0731579,-0.0679084,-0.12164
43854,0,-0.00186152,0.0113359
43855,0,-0.00930762,-0.0065982
43856,-0.00930762,-0.00930762,-0.00338308
43857,-0.00558457,-0.00930762,-0.00466913
43858,-0.365585,-2.04811,-5.36103
43859,0.0646321,0.0790962,0.185881
43860,0.00193599,0.0131051,0.0526617
43861,-0.0247583,-0.041512,-0.0766005
43862,-0.0148922,0.0241998,0.080279
43863,0.00614303,-0.0124722,-0.0185779
43864,0.0130307,0.0130493,0.0434413
43865,-0.0157299,-0.0138684,-0.0119274
43866,-0.00558457,-0.00558457,0.00441232
43867,0.0194529,0.0194529,0.0568364
43868,-0.00186152,-0.00186152,0.0122077
43869,0.0111691,0.0260613,0.0758174
43870,0.0130307,0.00930762,0.0316787
43872,0,-0.00182429,0.0116687
43873,0,0,0.0161054
43874,0.00262475,0.00629195,0.0305395
43875,-0.0074461,-0.0148922,-0.0176483
43876,0.00865609,0.0161022,0.0523926
43877,0,0,0.0161054
43878,-0.0204768,-0.0241998,-0.035622
43879,0.00552873,0.0111133,0.042111
43880,0.00558457,-0.00186152,0.00963562
43881,0.033917,0.0450861,0.114366
43882,-0.0260613,-0.0260613,-0.0384624
43883,0.0228968,0.0231946,0.064879
43884,-0.0154507,-0.0266198,-0.0434898
43885,0.0382357,0.037063,0.0919488
43886,-0.0032949,0.00601273,0.0319101
43887,0.00372305,-0.00372305,0.00573792
43888,-0.0074461,0.00372305,0.027759
43889,-0.00558457,-0.0148922,-0.0188458
43890,-0.322584,-2.31415,-6.16643
43891,0.000186152,0.0113553,0.0461672
43892,0.00186152,0.00372305,0.0245438
43893,0,0.00186152,0.0214534
43894,-0.00372305,1.86152e-05,0.0181032
43895,-0.00372305,-0.0074461,-0.000771429
43896,-0.00945655,-0.00930762,-0.00325934
43897,0.0074461,0.0074461,0.0316962
43898,0,-0.00372305,0.00656648
43900,0.287643,2.28685,6.14696
43901,0.00619888,-0.00497027,-0.00341792
43902,0.00558457,0.0148922,0.0505021
43903,0,1.86152e-05,0.0161531
43904,0.0526812,0.0564228,0.135545
43905,0.186916,1.85976,4.97173
43906,0.0376586,0.0339356,0.0832453
43907,0.0362439,0.364133,0.891779
43908,0.00372305,0.0074461,0.0329823
43909,0.00154507,-0.000874917,0.0130113
43910,0.00130307,-0.326642,-0.781112
43911,-0.0111691,-0.048381,-0.102622
43912,0.0362997,0.0309013,0.0778037
43913,-0.0156368,-0.0249444,-0.0395676
43914,-0.02124,-0.0119324,-0.013555
43915,-0.0185966,-0.0246466,-0.0404382
43916,0.0316459,0.039092,0.100529
43917,-0.271671,-1.9239,-5.08292
43918,-0.0303801,-0.0210911,-0.0202468
43919,-0.000930762,-0.000930762,0.0173477
43920,0.0135891,0.0173122,0.0536401
43921,-0.0104618,-0.0123233,-0.011244
43922,0.00372305,0.00186152,0.0193601
43923,0,0.00186152,0.0215498
43924,0.00701795,0.014464,0.0498776
43925,-0.00930762,-0.0130307,-0.0130191
43926,0,-0.00186152,0.0115647
43927,0.0179079,0.0197694,0.058142
43928,0.0130307,0.0502612,0.134204
43929,0.290845,2.43013,6.37825
43930,0.00186152,-0.00186152,0.00566334
43931,0.253465,0.251604,0.541721
43932,-0.00372305,-0.0148922,-0.0189343
43933,-0.333511,-0.342818,-0.705059
43934,0.00186152,0.00376028,0.0238274
43935,0,0.00372305,0.0267488
43936,0.0137753,0.0110388,0.0338361
43937,0.0141476,0.0216868,0.0630817
43938,-0.00930762,-0.0202534,-0.030016
43939,0.548647,2.46069,6.40388
43940,-0.0155437,-0.0353317,-0.0669899
43941,0,-0.0167537,-0.0320049
43942,0.00930762,0.0297844,0.086921
43943,-0.00930762,-0.00416982,0.0111628
43944,0.0111691,0.0111691,0.0394916
43945,-0.00558457,-0.234552,-0.650966
43946,0.0074461,-0.00186152,0.00739137
43947,-0.00372305,-0.0502612,-0.133152
43948,0.00372305,0.0483996,0.151866
43949,-0.0988656,-0.102589,-0.197345
43950,-0.00186152,0.0167537,0.0640715
43951,-0.00930762,-0.0074461,0.00148343
43952,0.0379751,0.0230829,0.0559932
43953,0.300804,2.04392,5.36072
43954,0.00182429,-0.0149667,-0.0254758
43955,0.0148922,0.0111878,0.0371457
43956,0.328354,2.02512,5.29049
43957,-0.0279229,-0.0225803,-0.0249895
43958,-0.00277367,-0.00331351,0.00864411
43959,0.0241812,0.00184291,0.0117904
43960,0.00186152,-0.00932624,-0.00797276
43961,0,-0.155549,-0.383083
43962,-0.00310875,-0.0129748,-0.0164773
43963,0.0508196,0.0470966,0.122579
43964,-0.0452351,-0.0526812,-0.0967716
43965,0.00966131,0.0100336,0.0374041
43966,-0.00558457,-0.00930762,-0.00466913
43967,0,-0.00372305,0.00702397
43968,-0.239802,-1.76849,-4.71196
43969,-0.0280346,-0.027867,-0.0421772
43970,-0.00167537,0.0225245,0.0814107
43971,0.00502612,0.00502612,0.0266292
43972,0.00986608,0.0156182,0.0522515
43973,0,0.000111691,0.0164174
43974,-0.00967993,-0.00967993,-0.00416262
43975,0.0111691,0.0111691,0.0394916
43976,0.000372305,-0.00111691,0.0130694
43977,0.00372305,0.0043932,0.0256178
43978,0.00139614,-0.00232691,0.00848905
43979,-0.335279,-2.01912,-5.26616
43980,-0.275952,-1.85829,-4.90234
43981,0.012677,0.0294307,0.0883317
43982,0.0590848,0.0758571,0.183368
43983,0.00186152,0.00372305,0.0245438
43984,0.0621005,0.0621005,0.145984
43985,-0.00558457,-0.00558457,0.00441232
43986,0.00930762,0.0074461,0.0310532
43987,-0.0630871,-0.0776442,-0.154476
43988,0.0204768,0.0279229,0.077143
43989,0.054673,0.0510616,0.122473
43990,-0.00755779,-0.00383474,0.00936221
43991,0.00558457,0.00528673,0.0252647
43992,0,0,0.0161054
43993,0,-0.0110947,-0.0109351
43994,-0.00186152,-0.00186152,0.0122077
43995,0.000558457,0.0154507,0.0540626
43996,0.306202,1.99604,5.26857
43997,-0.0225245,-0.028109,-0.0457947
43998,0.0266198,0.0278112,0.0677375
43999,-0.0167537,-0.0204768,-0.0287121
44000,0.00186152,0.00409535,0.0254535
44001,-0.0284069,-0.039576,-0.0717269
44002,0.0297286,0.0316087,0.0835984
44003,0,0.00558457,0.0297276
44004,-0.0628637,-0.0798408,-0.15637
44005,0.0619888,0.0470966,0.099699
44006,-0.00186152,0.00186152,0.0221928
44007,-0.016642,-0.016642,-0.01874
44008,-0.00372305,0.00184291,0.0218787
44009,-0.00186152,-0.00186152,0.0122077
44010,0,0.00372305,0.0251869
44011,0.0126584,0.00148922,0.0153654
44012,0.0148922,0.0186152,0.0563685
44013,-0.045626,-0.0716873,-0.142997
44014,-0.287308,-1.98595,-5.23354
44015,0,-0.0446766,-0.113905
44016,0,0.0169213,0.0635107
44017,0.0274575,0.0325395,0.0894959
44018,-0.414469,-2.06289,-5.36307
44019,0.0780724,0.0780724,0.182783
44020,0.0117276,0.00614303,0.0242865
44021,0.0445463,0.0440251,0.107225
44022,0.0505032,0.0502798,0.121239
44023,0.292129,2.03037,5.3745
44024,0.00446766,-0.0495724,-0.125657
44025,0.000577073,0.00688764,0.0334621
44026,-0.0117462,-0.0173308,-0.0221112
44027,0.0186152,0.0151156,0.0430396
44028,0.0111691,0.0130307,0.0440323
44029,0.166346,1.79754,4.87425
44030,0.00502612,-0.00791148,-0.0110306
44031,0.0130307,0.0074461,0.0297686
44032,-0.0936347,-0.0843271,-0.157245
44033,0.0438575,0.0457191,0.112503
44034,-0.00186152,-0.00186152,0.0122077
44035,0,0.00927039,0.0387021
44036,0.0210352,0.0173122,0.0501643
44037,-0.00800456,-0.0117276,-0.00950739
44038,-0.000111691,-0.00606857,-0.00937419
44039,-0.0111691,-0.00416982,0.0122296
44040,-0.0260613,-0.039092,-0.0702474
44041,0.00186152,0.0167537,0.0563289
44042,0.00552873,0.00552873,0.0276816
44043,0.036672,0.280532,0.687725
44044,-0.00428151,-0.0120068,-0.0140046
44045,-0.00372305,-0.00372305,0.00831002
44046,0.0111691,0.0223383,0.0702415
44047,-0.0322044,-0.0338425,-0.0553206
44048,-0.0267501,-0.0349781,-0.0599745
44049,0.0564042,0.0675734,0.16145
44050,0.0047655,0.00290398,0.0215428
44051,-0.00372305,-0.00558457,0.00376929
44052,-0.0364487,-0.0308641,-0.0465894
44053,0.0215937,0.0288164,0.0797448
44054,0.0148922,0.0130307,0.0425175
44055,-0.0241998,-0.0282021,-0.0444483
44056,-0.0228968,-0.0247583,-0.0371843
44057,0.0422566,0.0310875,0.0773388
44058,0.462198,4.09783,10.9457
44059,-0.100336,-0.104245,-0.208228
44060,0.0335074,0.0241998,0.059233
44061,0.037789,0.0268246,0.063115
44062,-0.00372305,-0.0015823,0.0181777
44063,0,0,0.0160973
44064,0.0208491,0.0189876,0.0549553
44065,0.0223383,0.0074461,0.0083589
44066,0.290863,2.70951,7.09491
44067,-0.0558457,-0.0730276,-0.144904
44068,0.000521227,-0.00616165,-0.000790193
44069,0.00800456,0.0155251,0.0517155
44070,-0.0470407,-0.0544868,-0.101661
44071,0.00804179,0.00506335,0.0256783
44072,0,-0.00186152,0.0124684
44073,-0.0119138,-0.0100522,-0.00364087
44074,0.00558457,0.00558457,0.0277985
44075,0.0111691,0.0483996,0.146451
44076,0.0124722,0.0124722,0.031807
44077,0.0074461,0.0074461,0.0316962
44078,-0.015823,-0.326995,-0.812804
44079,0.0074461,0,0.0135333
44080,-0.00160091,-0.00532396,0.00367713
44081,-0.072525,-0.0781096,-0.149926
44082,0.0132727,0.0216868,0.0630165
44083,0.0231201,-0.0532024,-0.130805
44084,0,-0.0039092,0.00789547
44085,5.58457e-05,0.00191737,0.0211251
44086,0.0111878,0.0184105,0.0575092
44087,0.00558457,0.0188386,0.0609357
44088,0.0113181,-0.0575584,-0.127545
44089,-0.00241998,-0.00614303,0.00195696
44090,0,-0.00372305,0.00702397
44091,0.0303242,0.0340473,0.0894876
44092,-0.000874917,0.0717246,0.190703
44093,-0.000111691,0.0147805,0.0543491
44094,0.00186152,0.00186152,0.0200031
44095,-0.00284813,0.0120441,0.0464677
44096,0.295871,2.15211,5.74446
44097,-0.00819071,-0.000707379,0.0187294
44098,-0.00372305,-0.0130307,-0.0200748
44099,-0.00186152,0.078184,0.211401
44100,0.00930762,-0.00372305,0.00380885
44101,0.140508,1.94397,5.2282
44102,0.0138125,0.00282952,0.0145207
44103,0,-0.00370443,0.00596838
44104,-0.217445,-2.10641,-5.60541
44105,0.00186152,0.0167537,0.060929
44106,0.0554176,0.0995544,0.241266
44107,-0.0446766,-0.044658,-0.0767291
44108,-0.00260613,-0.00260613,0.0106486
44110,-0.00167537,-0.00169399,0.0116461
44111,-0.00428151,-0.0136822,-0.0184097
44112,-0.037063,-0.037063,-0.0618236
44113,0,-0.00558457,0.00248325
44114,0,0.0015823,0.0198439
44115,0,0.00186152,0.0213044
44116,0,0,0.0218904
44117,-0.11817,-0.188963,-0.42162
44118,-0.00297844,0.0137753,0.0550611
44119,-0.0297844,-0.0279229,-0.0382115
44120,0.206797,0.208658,0.453642
44121,-0.0945655,-0.0201045,0.0260618
44122,-0.0130307,-0.0148922,-0.0157192
44123,-0.0241998,-0.0223383,-0.0300239
44124,0.00186152,-0.0130307,-0.0209305
44125,-0.0279043,-0.027625,-0.0416057
44126,-0.513632,-2.45611,-6.43943
44127,-0.272974,-2.21899,-5.89339
44128,0.0376028,0.0381613,0.0990393
44129,-0.0577631,-0.0592523,-0.109653
44130,-0.0074461,-0.0074461,0.0019482
44131,0.0290584,0.0332841,0.0878771
44132,-0.0209422,-0.0187456,-0.0215828
44133,-0.156833,-2.2886,-6.15134
44134,-0.054915,-0.0469104,-0.0766723
44135,0.00372305,0.00372305,0.0239008
44136,-0.229619,-2.28634,-6.02537
44137,-0.00186152,0.00186152,0.0231802
44138,-0.0372305,-0.0409535,-0.0788016
44139,-0.0186152,-0.0225617,-0.0341789
44140,0.0614303,0.0595688,0.143948
44141,0,0.00186152,0.0213044
44142,-0.0167537,-0.0167537,-0.0235817
44143,-0.00186152,-0.00930762,-0.00956983
44144,-0.000558457,0.0074461,0.036101
44145,0.00241998,0.00428151,0.0488531
44146,-0.0179451,-0.0160836,-0.0169277
44147,-0.0074461,-0.00930762,-0.0040261
44148,0.00316459,0.00316459,0.0227315
44149,-0.0943793,-0.0904701,-0.169794
44150,0.00930762,0.0130307,0.0446754
44151,-0.0186152,-0.0202534,-0.0268009
44152,-0.0210352,-0.0210352,-0.0198661
44153,0.00241998,0.00405812,0.0253696
44154,-0.00800456,-0.00800456,-0.00065469
44155,0,0.000279229,0.0167865
44156,0.0191737,0.0191737,0.0562517
44157,0,0.00208491,0.0214863
44158,0.0167723,0.0167723,0.0512237
44159,-0.0019546,-0.00212214,0.0115927
44160,-0.000800456,-0.000800456,0.0144294
44161,0.00186152,0.00394643,0.0250482
44162,-0.0260613,-0.0204768,-0.0220879
44163,-0.0130307,-0.0133657,-0.0120565
44164,0.0135147,0.0151528,0.0490866
44165,-0.377666,-2.42117,-6.31047
44166,-0.0148922,-0.00930762,-0.00293022
44167,-1.06053,-7.00242,-18.5437
44168,-0.0163442,0.017033,0.0681899
44169,0.0446766,0.0632918,0.162043
44170,-0.0156927,-0.0074461,0.00656267
44171,0.00186152,0.00186152,0.0200031
44172,0.246187,2.34625,6.33234
44173,0.0074461,0.0074461,0.0288098
44174,0.00558457,0.0074461,0.0368011
44175,0.200058,2.24558,6.10643
44176,0.0111691,-0.0111691,-0.0220082
44177,0.00614303,0.0135891,0.0480457
44178,0.0352201,0.0421077,0.107664
44179,0.00204768,-0.00132168,0.0118832
44180,0.234422,1.95765,5.22364
44181,0.1269,1.79148,4.82077
44182,0.0396133,0.0247211,0.0572181
44183,0.0577073,0.0577073,0.136705
44184,0.00372305,0.0174053,0.0619151
44185,-0.0111691,-0.0130307,-0.00163728
44186,0.0074461,-0.0279229,-0.061743
44187,-0.00372305,-0.00372305,0.00831002
44188,0.284292,3.45415,9.22753
44189,0.00558457,0.0100522,0.042453
44190,0.00186152,0.0130307,0.0521879
44191,0.0225431,0.0132354,0.0286318
44192,0.0241998,0.0260613,0.061898
44193,0.0763225,0.0521227,0.109212
44194,0.00186152,0.00372305,0.0273911
44195,0.0166048,0.0588986,0.172389
44196,0.465344,3.37258,8.94789
44197,0.0107968,-0.0154507,-0.0315877
44198,-0.00614303,-0.0253354,-0.0524206
44199,-0.00688764,-0.013403,-0.0155151
44200,0.0105176,0.0123791,0.0349635
44201,0.0364859,0.0271783,0.065182
44202,-0.0245721,-0.0208491,-0.0238623
44203,-0.00632918,-0.00632918,0.00285324
44204,0.00986608,0.00614303,0.0272243
44205,0.166141,1.63433,4.39691
44206,-0.0259683,-0.0371374,-0.0692501
44207,0.00241998,0.00800456,0.0264674
44208,0.0074461,0.0111691,0.0401261
44209,0,0.00558457,0.0311259
44210,-0.000130307,-0.000111691,0.015878
44211,0.0130307,0.0148922,0.04793
44212,0,0,0.019085
44213,-0.654736,-5.20797,-13.8421
44214,-0.104394,-0.0608719,-0.0761216
44215,-0.000409535,-0.755742,-2.04981
44216,0.0186152,0.789026,2.16096
44217,0.039092,0.0465381,0.11612
44218,0,0.00567765,0.0320303
44219,-0.00558457,-0.00558457,0.00441232
44220,0.000130307,0.00757641,0.0358577
44221,-0.00558457,1.73472e-18,0.0176841
44222,0.00372305,0.00325767,0.0227656
44223,-0.0111505,-0.0111505,-0.0072418
44224,0.0111691,0.0111691,0.0394916
44225,-0.0111691,-0.00707379,0.00316631
44226,0.0284813,0.0210352,0.0541409
44227,0.00558457,0.00558457,0.0277985
44228,0,0,0.0161054
44229,-0.0582657,-0.0526812,-0.0896412
44230,0.0353876,0.026173,0.0646778
44231,-0.241179,-1.78448,-4.70564
44232,0.0242557,0.0279601,0.0780979
44233,-0.0167537,-0.0186152,-0.0235146
44234,-0.0154507,-0.0148922,-0.0160509
44235,-0.223048,-1.67826,-4.4178
44236,0.00502612,0.00260613,0.0206576
44237,-0.00428151,0.0128445,0.0516132
44238,0.00372305,0.00374167,0.0239543
44239,0,0,0.0161054
44240,-0.00493304,-0.0179637,-0.028389
44241,0,-0.00186152,0.00817224
44242,0,0,0.0161054
44243,0,0.00186152,0.0213044
44244,-0.00266198,1.52345,4.1906
44245,0.0651534,0.0577073,0.129104
44246,0.0478784,0.0609091,0.148139
44247,-0.0210352,-0.0173122,-0.0188571
44248,-0.00558457,-0.00558457,0.00441232
44249,0.00800456,0.0120999,0.0451651
44250,0.0167537,0.0166606,0.0509577
44251,0.0279229,0.0316459,0.0829941
44252,-0.0304173,-0.0341404,-0.0566644
44253,0.0409535,0.0446766,0.110936
44255,0.162995,1.69613,4.54436
44256,0.187753,1.70413,4.56981
44257,0.202813,1.65562,4.42673
44258,0.219511,1.66612,4.46031
44259,-0.0117276,-0.085444,-0.213204
44260,0.00800456,0.00558457,0.0332291
44261,0.0223383,0.0223383,0.0603139
44262,-0.0545427,-0.0638503,-0.120109
44263,-0.00558457,-0.0186152,-0.0359119
44264,0.00558457,0.00372305,0.0225995
44265,-0.00558457,-0.00558457,0.00441232
44266,0.00372305,0.00372305,0.0239008
44267,-0.0074461,-0.0130307,-0.0147122
44268,0.00372305,0.00372305,0.0239008
44269,0.0130307,0.0150784,0.0515371
44270,-0.00372305,-0.00381613,0.00805526
44271,0,0,0.0161054
44272,-0.00372305,-0.00558457,0.00289291
44273,-0.0111691,-0.0111691,-0.00728078
44274,0.00906563,0.00869332,0.0340474
44275,0.00186152,0.00186152,0.0200031
44276,0,0,0.0161054
44277,0,0,0.0161054
44278,-0.00372305,-0.00372305,0.00831002
44279,0.00186152,0.0074461,0.0336253
44280,-0.00186152,-0.0148922,-0.021182
44281,0.00355551,0.00355551,0.02355
44282,0.191979,1.58881,4.25274
44283,-0.0186339,-0.0340845,-0.0632004
44284,0.0553804,0.910528,2.48298
44285,-0.0433735,-0.923577,-2.49462
44286,-0.242296,-1.65804,-4.38207
44287,0.00186152,0.00558457,0.0308373
44288,0.00372305,-0.00186152,0.0094714
44289,-0.00372305,-0.0111691,-0.00985288
44290,0.173624,1.59253,4.28005
44291,0.0130307,0.0074461,0.0253852
44292,0.0135891,0.0117276,0.044165
44293,0.00642226,-0.012193,-0.0224374
44294,0.00372305,0.00372305,0.0239008
44295,0,-0.0074461,-0.00205748
44296,0.029803,0.0387569,0.100868
44297,0,0.00186152,0.0213044
44298,-0.0297844,-0.0389059,-0.0684507
44299,0.00558457,0.0130307,0.0459614
44300,0.00186152,0.0054915,0.0246949
44301,-0.00186152,0.00186152,0.0217467
44302,0,0,0.0167637
44303,0,0.00186152,0.0215498
44304,-0.00186152,0.00186152,0.0215179
44306,-0.0855929,-0.102421,-0.203539
44307,-0.230029,-1.64363,-4.37306
44308,0.00372305,0.00186152,0.0195676
44309,0.0186152,0.0260613,0.0740944
44310,-0.153967,-1.62001,-4.31233
44311,-0.00930762,-0.0106107,-0.00654816
44312,0.00372305,-0.000446766,0.0129133
44313,0,0.0074461,0.0360211
44314,0.039092,0.0445835,0.113871
44315,-0.00930762,-0.0130307,-0.0110063
44316,-0.0130307,-0.00372305,0.0115251
44317,0,0.0074461,0.0342683
44318,0.388444,3.37174,9.00144
44319,0.0154507,-1.73472e-18,0.00586576
44320,0.00186152,0.00186152,0.0200031
44321,0.0162511,-0.026564,-0.0706866
44322,-0.00372305,-0.00372305,0.00831002
44323,0.0212028,0.0230643,0.0667937
44324,-0.00688764,-0.00502612,0.0064534
44325,0.146967,1.68963,4.57591
44326,-0.0373236,0.0120999,0.0639319
44327,-0.00995916,-0.0136822,-0.0123086
44328,0.00186152,-0.0074461,-0.0027005
44329,0.00835825,0.0140359,0.0517111
44330,0.00372305,0.00558457,0.0287434
44332,0.00253167,0.000670149,0.0159619
44333,0.00241998,0.000558457,0.0166317
44334,0,-0.0167537,-0.0296976
44335,0.142518,1.76471,4.76732
44336,0.0111691,-0.00184291,0.00526327
44337,0.0260613,0.039092,0.100691
44338,0.317688,1.85773,4.87795
44339,0.00176845,-0.0148922,-0.0251306
44340,0.0074461,0.00186152,0.016965
44341,-0.0204768,-0.0241998,-0.0379287
44342,0.0111691,0.00558457,0.0256407
44343,0.000558457,0.0186152,0.0702922
44344,0.00372305,0.00362997,0.0247856
44345,0.0180568,0.0180196,0.0538042
44346,0.00428151,0.000558457,0.0159887
44347,-0.0106665,-0.00716687,0.00205197
44348,0.00186152,0.00186152,0.0204606
44349,-0.0223383,0.0260613,0.0982532
44350,0.00372305,0.0074461,0.0329823
44351,-0.039092,-0.0409163,-0.0708842
44352,0.00372305,0.00558457,0.0284415
44353,0.0074461,-0.0297844,-0.0612175
44354,0.0111691,0.0111691,0.0394916
44355,-0.171912,-1.79635,-4.79994
44356,-0.0191737,-0.0191737,-0.0232047
44357,-0.00934486,-0.0130679,-0.0125425
44358,0.00372305,0.0074461,0.0324277
44359,0.0130307,0.0148922,0.04793
44360,-0.0130307,-0.00467243,0.0221445
44361,0.00930762,0.0130307,0.0446754
44362,-0.00558457,-0.0148922,-0.0182913
44363,-0.00372305,-0.00372305,0.00831002
44364,0.00930762,0.0206629,0.0637727
44365,-0.0128259,-0.0390734,-0.0748398
44366,-0.0338798,-0.0264337,-0.0366698
44367,0,0.0074461,0.0342683
44368,-0.0531093,-0.78776,-2.11512
44369,-0.0604996,-0.961701,-2.59894
44370,0,0.00402089,0.0298695
44371,0,-0.00372305,0.00656648
44373,-0.164224,-1.77429,-4.76301
44374,-0.0223383,-0.0074461,0.00718285
44375,0.0148922,0.0223383,0.0620408
44377,-0.0241998,-0.0186152,-0.0198564
44378,0.0378448,0.0106665,0.0445592
44379,-0.0302684,-0.0339914,-0.0573886
44380,0.00130307,-0.00316459,0.00355413
44381,-0.171577,-1.65222,-4.38255
44382,-0.0316459,-0.0316459,-0.0499267
44383,-0.00372305,-0.00558457,0.00457654
44384,0,0.00372305,0.0269396
44385,-0.00428151,-0.00394643,0.00507906
44386,0.00543565,0.00543565,0.0274867
44387,0.00372305,0.00372305,0.0239008
44390,0,-0.0558457,-0.126979
44391,0.00372305,0.00362997,0.0236461
44392,0,0.00186152,0.0208749
44393,0.00186152,0.00186152,0.0200031
44394,0.00186152,-0.240137,-0.570291
44395,0.151789,1.9785,5.23261
44396,0.0148922,0.0297844,0.0836128
44397,0.00186152,0.0446766,0.118305
44398,0.0241998,0.0241998,0.0667755
44399,0.248737,0.250598,0.541685
44400,-0.00078184,0.00107968,0.0199128
44401,-7.4461e-05,-0.00228968,0.0102738
44402,0.00372305,-0.247583,-0.618834
44403,-0.00863748,0.00443043,0.0299121
44404,-0.00547288,-0.00277367,0.0138923
44405,0.000539842,0.000539842,0.0172357
44406,-0.377945,-2.37501,-6.0895
44407,-0.0074461,-0.00372305,0.00913858
44408,-0.0233808,-0.0186897,-0.0187779
44409,0.0148922,0.00930762,0.0331275
44410,-0.30354,-2.11404,-5.55436
44411,0.0264895,0.0368396,0.0970448
44413,-0.00372305,-0.0035369,0.00883063
44414,0,0.0074461,0.0377739
44415,0.0989028,0.10821,0.247038
44416,-0.00186152,0.00372305,0.0255821
44417,0.00930762,0.00558457,0.026055
44418,-0.00930762,-0.0111691,-0.0079238
44419,0.022692,0.022692,0.0636184
44420,-0.0185222,-0.0185222,-0.0226767
44421,0.00558457,0.00558457,0.0277985
44422,0.0111691,0.0111691,0.0397204
44423,0.00186152,0.00186152,0.0200031
44424,0.13941,2.04872,5.54666
44425,0,-0.0111691,-0.0163973
44426,-0.00372305,-0.00761364,-0.00119091
44427,0.00376028,0.00748333,0.0330602
44428,0,0,0.0161054
44429,-0.00106107,0.000800456,0.0186532
44430,0.0504473,-0.00539842,-0.038706
44431,0.0612442,0.0384591,0.0887613
44432,0.0174797,0.0118951,0.0390826
44433,0,-0.00186152,0.010661
44434,0.0117276,0.0154507,0.0497424
44435,0,0.0111691,0.0433498
44436,-0.00241998,-0.00800456,-0.00177652
44437,0.00424428,0.00982885,0.0386143
44438,-0.00372305,-0.00558457,0.00378717
44439,0.00372305,0.00558457,0.0285472
44441,-0.0539842,-0.0502612,-0.0886172
44442,0.169752,1.92389,5.11303
44443,0.00930762,0.0140917,0.0368518
44444,0,-0.00186152,0.0135083
44445,-0.00930762,-0.0201975,-0.0299463
44446,0.00779979,-0.00160091,0.00947321
44447,0.0074461,0.0074461,0.0316962
44448,-0.00407674,-0.0115228,-0.0105934
44449,0,0.251306,0.62991
44450,0,0,0.0161054
44451,0.00372305,0.00558457,0.0292488
44452,0.0608346,0.0602762,0.141923
44453,0.00130307,0.00152645,0.0193787
44454,0,-0.00176845,0.000582959
44455,0.000558457,0.000651534,0.0175347
44456,0.00130307,-0.000446766,0.0131291
44457,0,0,0.0161054
44458,0,-0.00186152,0.0115647
44459,0,0.115415,0.29763
44460,0.070105,1.72651,4.70459
44461,0.00558457,0.000930762,0.0111884
44462,0.0204768,0.0202534,0.0598733
44463,0,-0.0074461,-0.00205748
44464,0.00186152,0.0074461,0.0336253
44465,-0.0111691,-0.00186152,0.0147348
44466,0.0225245,0.0182429,0.0516409
44467,0.00428151,0.0156554,0.05371
44468,0.00130307,-0.000558457,0.0142931
44469,0.00186152,0.00186152,0.0200031
44470,-0.0074461,-0.0204768,-0.0312704
44471,0,0.0111691,0.0329368
44472,-0.217687,-1.89688,-5.03663
44473,-0.0148922,-0.0167537,-0.0204972
44474,-0.31147,-1.83714,-4.73413
44475,0.0284813,0.0152645,0.0459808
44476,-0.00595688,-0.00632918,0.00258702
44477,-0.0999639,0.0173122,0.127474
44478,0.0223383,0.0300078,0.081694
44479,0.0554921,0.0435783,0.0983917
44480,0.0130307,0.0129004,0.0430164
44481,-0.00279229,0.00465381,0.0316507
44482,0.00446766,0.00260613,0.0209192
44483,-0.00670149,-0.00483996,0.00742167
44484,-0.00241998,-0.00335074,0.00846438
44485,-0.00819071,0.00297844,0.0282641
44486,0,0.00766948,0.0357947
44487,-0.00595688,-0.00409535,0.0081735
44488,-0.0421635,-0.0496096,-0.0903404
44489,0.00241998,0.00614303,0.0297964
44490,-0.00802317,-0.0191923,-0.0283955
44491,0.0330235,0.0367465,0.0929559
44492,0.014464,0.0126025,0.0410426
44493,0,0.00398366,0.0270425
44494,0.00558457,0.0130307,0.0468764
44495,-0.0130307,-0.132168,-0.336166
44496,-0.0074461,-0.0111691,-0.00902432
44497,0.00372305,0.00372305,0.0239008
44498,-0.00130307,0.00800456,0.0373454
44499,-1.86152e-05,7.4461e-05,0.0163338
44500,0.000465381,0.00582657,0.0298315
44501,0.00186152,0.00188014,0.0200485
44502,-0.000558457,-0.00405812,0.00602105
44503,0,0,0.0161054
44504,0.00266198,0.0101081,0.040757
44505,-0.00498889,-0.00498889,0.00565958
44506,-0.0354248,-0.0484555,-0.0790902
44507,0.0152645,0.139987,0.402694
44508,0,0.00372305,0.0256444
44509,-0.00204768,-0.000186152,0.0163512
44510,-0.000800456,0.00292259,0.0235109
44511,0,-0.00558457,0.00121851
44512,1.86152e-05,-0.115489,-0.315697
44513,-0.0135891,-0.0247583,-0.0395921
44514,-0.00258752,-0.00631057,0.00160617
44515,0.0197135,0.0606671,0.16033
44516,-0.0363742,-0.0512664,-0.10164
44517,0.00930762,0.0130307,0.0451329
44518,0,0.00930762,0.038809
44519,0.0117276,0.0154507,0.0497424
44520,0.00074461,0.00074461,0.0176645
44521,0.285744,1.82595,4.80885
44522,0.00558457,-0.0151156,-0.0272423
44523,0.0074461,0.0074461,0.0316962
44524,-0.00454212,-0.00640365,0.00205431
44525,0,-0.00186152,0.0117934
44526,-0.00405812,-0.00405812,-0.00396153
44527,-0.00819071,-0.00137753,0.0157256
44528,0.0100522,0.00632918,0.0280715
44530,0.105772,1.66915,4.54387
44531,0.0148736,0.0217612,0.066273
44532,-0.0173122,-0.0266198,-0.0447879
44533,-0.00986608,-0.0489581,-0.111655
44534,-0.0204768,-0.0204768,-0.0267693
44535,0.0247583,0.0340659,0.0904197
44536,-0.00186152,0,0.0174067
44537,-0.0173122,-0.0228968,-0.0337654
44538,0.0154507,0.0247583,0.0720636
44539,0.00188014,0.00560319,0.0245486
44540,0,-0.00930762,-0.00658529
44542,0.00930762,0.0109458,0.0392003
44543,0.00930762,0.0186152,0.0591048
44544,-0.599988,-3.70641,-9.76081
44545,0.212214,0.223383,0.486977
44546,-0.199183,-0.202348,-0.408478
44547,0.00986608,0.0135891,0.0458447
44548,0.00558457,0.00619888,0.0295862
44549,1.86152e-05,-0.000446766,0.0124226
44550,-0.0117276,-0.00614303,0.00723628
44551,-0.0130307,-0.0128445,-0.0106586
44552,-0.00186152,-0.00186152,0.0122077
44553,-0.707417,-3.56575,-9.22729
44554,0.00186152,0.0122861,0.0469721
44555,0.0600714,0.0544868,0.130863
44556,0,0.00558457,0.0323568
44557,0.0260613,0.0279229,0.0751761
44558,0.0497027,0.0534258,0.129484
44559,-0.00986608,0.0129004,0.0630462
44560,0,0.00558457,0.0297276
44561,-0.0130307,-0.0128073,-0.0105252
44562,0.00428151,0.0154507,0.0532574
44563,0,0.00772533,0.0351041
44564,0.0236972,0.0199742,0.0561842
44565,-0.00930762,-0.0130307,-0.012922
44566,-0.00986608,-0.00986608,-0.00455239
44567,0.00614303,0.00204768,0.0189782
44568,0.00128445,0.00686903,0.0326457
44569,0.0074461,0.0074461,0.0316962
44570,-0.0285744,-0.034159,-0.0573464
44571,-0.0050075,-0.00686903,0.00107988
44572,0,0.00186152,0.0206461
44573,0.00577073,0.0039092,0.0236476
44574,0.00558457,-0.00394643,0.00332729
44575,0.0191737,0.0284813,0.0791841
44576,-0.0117276,0.00279229,0.034948
44577,-0.00558457,-0.0074461,-0.000128404
44578,0.00186152,0.00208491,0.020627
44579,-0.0111691,-0.0111691,-0.00728078
44580,-0.0148736,-0.00556596,0.00881015
44581,-0.0059755,-0.00603134,0.00343047
44582,0,-0.00441181,0.0147803
44584,0.245703,0.251287,0.544185
44585,-0.00372305,-0.00394643,0.00776513
44587,0.223104,2.08742,5.48726
44588,-0.00614303,-0.0210352,-0.0383411
44589,0.0502612,0.0504659,0.12085
44590,-0.0167537,-0.241998,-0.565315
44591,0.00986608,0.00986608,0.0375705
44592,-0.10298,-0.106703,-0.208597
44593,0.0154693,0.0229154,0.0666582
44594,0.23163,1.84663,4.90332
44595,-0.054915,-0.0739584,-0.150794
44596,-0.025689,-0.0312736,-0.051305
44597,0.0727298,0.0790403,0.186411
44598,0.0687833,0.0613559,0.141459
44599,-0.0320182,-0.0562181,-0.115451
44600,0.0202906,0.0210725,0.0604974
44601,0.0128445,0.0104245,0.0251004
44602,-0.0074461,-0.0148736,-0.0175941
44603,0.00204768,0.00949378,0.0385558
44604,-0.00649672,-0.000912147,0.0176427
44605,-0.0125653,-0.00325767,0.0127283
44606,-0.0630871,-0.0817023,-0.161395
44607,0.0186152,0.0223383,0.0641639
44608,-0.0148922,-0.0148736,-0.0134752
44609,0,-0.00558457,6.15144e-05
44610,0,0.228968,0.655581
44611,0,0.0111691,0.0433498
44612,0.0125653,0.00349967,0.0164081
44613,0.0221335,0.0230084,0.0619184
44614,0.0302312,0.0284627,0.0745762
44615,0.00986608,0.0154507,0.0503854
44616,-0.0130493,-0.0186339,-0.0248396
44617,-0.000558457,-0.00428151,0.00585466
44618,0.0204768,0.0223383,0.0635208
44619,-0.0130307,-0.0195832,-0.027052
44620,-0.00186152,0.00186152,0.0212892
44621,0.00560319,0.00565904,-0.0529665
44622,-0.0167537,-0.0187083,-0.022895
44623,0.0167537,0.0186152,0.0552959
44624,-0.00372305,-0.0019546,0.0128121
44625,0.00039092,0.00039092,0.0169239
44626,-0.00372305,-0.0148922,-0.0189343
44627,0.00184291,0.00467243,0.0267562
44628,0.00372305,0.00372305,0.0239008
44629,0,0,0.0161054
44630,0.00930762,0.0204768,0.0628383
44631,0.0212028,0.00930762,0.0307142
44632,-0.799078,-4.01486,-10.4094
44633,-0.0117276,-0.00297844,0.0134388
44634,0.0530348,0.0586194,0.139159
44635,-0.0074461,-0.00186152,0.016766
44636,0.246801,1.74438,4.64465
44637,0.0774394,0.872106,2.37337
44638,-0.0551011,-0.859075,-2.312
44639,-0.0166793,-0.0315715,-0.0567582
44640,0.0145013,0.0200859,0.0600907
44641,-0.00428151,-0.00428151,0.00714071
44642,0.00558457,0.00558457,0.0277985
44643,0.00707379,0.00521227,0.026376
44644,-0.0130307,-0.0169771,-0.0209133
44645,-0.0280346,-0.0298961,-0.0471347
44647,0,0.00186152,0.0206461
44648,0.000874917,0.000874917,0.0179373
44649,0,0,0.0161054
44650,0.149816,1.67251,4.51151
44651,0.00372305,-0.0167537,-0.0313055
44652,0.0191737,0.0210352,0.0607924
44653,-0.00986608,-0.00986608,-0.00455239
44654,0.00186152,0.00930762,0.0390697
44655,0.037789,0.0400786,0.100999
44656,-0.0284627,-0.0247397,-0.0443884
44657,0.0191737,0.017033,0.0499907
44658,-0.0316459,-0.0247583,-0.0311752
44659,-0.00241998,-0.00241998,0.00646349
44660,0.00241998,0.00428151,0.0257132
44661,0.00558457,0.0151156,0.0513548
44662,0.015823,0.00660841,0.0274505
44663,0.135593,1.67941,4.52751
44664,0.0322044,0.0167537,0.0423543
44665,-0.00428151,0.0144827,0.0529112
44666,0.0433735,0.0508196,0.115491
44667,-0.00930762,-0.0111691,-0.00815255
44668,0.00688764,0.00130307,0.0163139
44669,-0.0297844,-0.0297844,-0.0462578
44671,0.0074461,0.0074461,0.0316962
44672,0.00186152,0.00186152,0.0200031
44673,-0.00372305,-0.00372305,0.00831002
44674,0,-0.00186152,0.0115647
44675,0,0,0.0161054
44676,0,0,0.0161054
44677,0.0074461,0.0074461,0.0316962
44678,-0.00558457,4.33681e-19,0.0171425
44679,-0.0428151,-0.0632918,-0.124393
44680,-0.00428151,-0.00428151,0.00714071
44681,0.00372305,-6.50521e-19,0.0156266
44682,-0.00372305,-0.00372305,0.00831002
44683,0.00800456,0.00800456,0.0328655
44684,-0.0117276,-0.011951,-0.00902242
44685,-0.426233,-1.94567,-5.03086
44686,-0.0194157,-0.0156927,-0.0106653
44687,0.0111691,0.0130307,0.0440323
44688,-0.0187642,-0.0206257,-0.0277241
44689,0.00558457,0.00945655,0.0372432
44690,0.215937,0.21966,0.47732
44691,0.00558457,0.00521227,0.0267587
44692,0,-0.00186152,0.0115647
44693,0.00763225,0.00971716,0.03728
44694,-0.00454212,-0.00454212,0.00659503
44695,0.00912147,0.00912147,0.0352041
44696,-0.0104245,-0.0141476,-0.0148031
44698,0.00188014,0.00258752,0.0218545
44699,0.00295982,0.00295982,0.0223028
44700,-0.00932624,-0.00889809,-0.00219202
44701,-0.00428151,-0.00428151,0.00714071
44702,0.00225245,-0.00539842,-0.000987013
44703,0,0,0.0204516
44704,-0.00193599,-0.00193599,0.0120518
44705,-0.0326884,-0.0326884,-0.0523382
44706,-0.00186152,-0.0025689,0.0103953
44707,0.313276,1.82753,4.82725
44708,-0.00372305,-0.00921455,-0.00507368
44709,0,-0.00558457,-0.00164515
44710,-0.0130121,-0.0167351,-0.024793
44711,0.0014706,0.0107782,0.0445174
44712,-0.480906,-3.45495,-9.14135
44713,0.0807902,0.0887947,0.207052
44714,-0.0074461,-0.00189876,0.0166751
44715,-0.00186152,-0.00186152,0.0122077
44716,-0.0191737,-0.0210352,-0.0170116
44717,0.00837686,0.0102384,0.0381858
44718,-0.0117462,-0.0117462,-0.00848907
44719,0,-0.00186152,0.0115647
44720,0.00763225,0.0113553,0.0411674
44721,-0.000558457,-0.00428151,0.00585466
44723,0,-9.30762e-05,0.0158455
44724,0.00232691,0.00604996,0.0308662
44725,-0.00614303,0.00130307,0.0214059
44726,0.00428151,0.00241998,0.0205294
44727,-0.00614303,-0.0135891,-0.0149199
44728,0.0367837,0.0442298,0.111287
44730,-0.00798594,-0.00798594,-0.000615713
44731,0,0.00370443,0.0308439
44732,-0.00372305,-0.00372305,0.00853876
44733,0.00558457,0.00930762,0.03688
44734,-0.0204768,-0.0204768,-0.0267693
44736,-0.0105735,-0.016158,-0.0194269
44737,1.86152e-05,0.00765087,0.0347842
44738,0,0,0.0161054
44739,-0.0343638,-0.0306407,-0.0451502
44740,-0.00372305,-0.00372305,0.00831002
44741,0.00595688,0.00614303,0.028949
44742,0.00930762,0.00837686,0.0333236
44743,0.00930762,0.00930762,0.0355939
44744,-0.00186152,0.00722272,0.0345162
44745,-0.19559,-1.71582,-4.55468
44746,0.035369,0.0335074,0.0869163
44747,-0.0260613,-0.024628,-0.0354235
44748,1.86152e-05,-0.00184291,0.0116037
44749,0,0.00372305,0.0256444
44750,-0.00558457,-0.00580796,0.00386743
44751,0.00186152,0.00217798,0.0209123
44752,0.00372305,-0.00502612,0.0107386
44753,-0.0186152,-0.0259869,-0.0412004
44754,-0.0221521,-0.0239206,-0.0345728
44755,-0.00569627,-0.00569627,0.00417846
44756,-0.00372305,-0.00372305,0.00831002
44757,-0.0186152,-0.0185222,-0.0225994
44758,-0.387253,-3.01323,-7.99305
44759,-0.166011,-1.51785,-4.03046
44760,0.0074461,0.0191737,0.0696412
44761,0.00800456,-0.0255029,-0.0644519
44762,0.0148922,0.0185222,0.057239
44763,-0.000558457,0.0255029,0.0832789
44764,-0.00372305,0.00186152,0.0215126
44765,0.00372305,0.00409535,0.0248547
44766,0,0.00372305,0.0256444
44767,0.00372305,0.00167537,0.0190513
44768,-0.343805,-1.76353,-4.60749
44769,0.0074461,0.0186152,0.063627
44770,0.00372305,0.00800456,0.0369463
44771,0.037789,0.037789,0.0952287
44772,0.0167537,0.0204768,0.0616273
44773,-0.0359274,-0.0392596,-0.0692541
44774,-0.0200859,-0.00614303,0.00923365
44775,0,-0.00930762,-0.00888151
44776,-0.263927,-1.70181,-4.49943
44777,-0.00362997,0.00800456,0.0468711
44778,0.0130307,0.0168282,0.0537965
44779,0.337178,1.93217,5.09201
44780,-0.0632918,-0.074461,-0.148882
44781,-0.0214075,-0.0139614,-0.0105552
44782,-0.316031,-1.91151,-5.00207
44783,-0.00186152,-0.000577073,0.0172324
44784,0,0.000558457,0.0177306
44785,0.0186152,0.0279229,0.0782435
44786,-0.00372305,-0.00934486,-0.00804966
44787,0.0130307,0.0130307,0.0433893
44788,-0.0260613,-0.0239764,-0.0314883
44789,-0.0230643,-0.0208305,-0.0257236
44790,0.00930762,0.00930762,0.0355939
44791,0.0370257,0.0440437,0.111545
44792,0.0816465,0.0872311,0.201138
44793,-0.0335261,-0.0391106,-0.0681718
44794,0.00558457,0.00186152,0.0182596
44795,-0.00128445,-0.00119138,0.0136545
44796,-0.00618026,-0.00990331,-0.00637388
44797,0.000558457,0.000558457,0.0172747
44798,-0.568882,-4.13262,-10.9643
44799,0.0135705,0.0396319,0.117105
44800,-0.00954962,0.00906563,0.0457124
44801,0.0526812,0.0564042,0.135492
44802,0.00100522,0.00459797,0.0310041
44803,-0.000558457,-0.000558457,0.0149361
44804,-0.00951239,0.0275878,0.0939257
44805,0.0117276,0.0191737,0.0597388
44806,0,-0.00035369,0.0149513
44807,1.86152e-05,-0.00184291,0.00796581
44808,0,0.00558457,0.0313912
44809,-0.00558457,0,0.0207455
44810,0.0167537,0.016884,0.0515507
44811,-0.0130307,-0.00930762,9.59556e-05
44812,0.00186152,0.00186152,0.0200031
44813,-0.00558457,-0.00186152,0.0139513
44814,1.86152e-05,0.00560319,0.0317414
44815,0.0074461,0.0074461,0.0360424
44816,0.0547288,0.0565904,0.136974
44817,-0.00930762,-0.0074461,0.00138639
44818,0.0726181,0.074703,0.173548
44819,-0.071799,-0.0755221,-0.143768
44820,-0.280606,-2.16095,-5.66525
44821,-0.0355179,-0.0428151,-0.0761981
44822,-0.0567207,-1.22688,-3.29782
44823,-0.167407,-0.886179,-2.30231
44824,-0.0241998,-0.0130307,0.00252747
44825,-0.000558457,0.00502612,0.027644
44826,0,0,0.0161054
44827,0.018094,0.0255401,0.0730689
44829,0.0236414,0.0149853,0.0460967
44830,0.00930762,0.00930762,0.0355939
44831,-0.00930762,0.00148922,0.027478
44832,0,0.00651534,0.0351608
44833,0.00186152,0.00186152,0.0200031
44834,0.352331,2.33485,6.19021
44835,0.00130307,-0.00614303,0.00021342
44836,-0.0167537,-0.0502612,-0.104212
44837,-0.0645949,-0.0645949,-0.119145
44838,-0.00122861,0.000632918,0.0180737
44839,0.0148922,0.0148922,0.047287
44840,0.00186152,0.0074461,0.0343115
44841,0.0074461,0.0446766,0.136272
44842,-0.00995916,-0.00995916,-0.00474727
44843,0.0074461,0.0074461,0.0316962
44844,0,0,0.0161054
44845,0.00372305,0.00372305,0.0239008
44846,0.00930762,0.0130307,0.0446754
44847,-0.0111691,-0.0130307,-0.0118215
44848,-0.00930762,-0.0260613,-0.0448041
44849,0.0111691,0.0111691,0.0394916
44850,-0.00186152,0.0074461,0.0349113
44851,0.0167537,0.0176845,0.0537842
44852,-0.00930762,-0.00930762,-0.00338308
44854,-0.0148922,-0.0074461,0.00308672
44855,-0.0470966,-0.045142,-0.0776983
44856,0.0154507,0.0154879,0.0485633
44857,0.00930762,0.0130307,0.0451329
44858,0,-0.0111691,-0.0150885
44859,0,0.00186152,0.0215498
44860,0,-0.0111691,-0.0165609
44861,0.0111691,0.0111691,0.0394916
44862,-0.00186152,-0.00163814,0.0127526
44863,0.00186152,0.00186152,0.0200031
44864,1.86152e-05,1.86152e-05,0.0161444
44866,-0.0074461,-0.0074461,0.00051462
44867,-0.575453,-4.41933,-11.7829
44868,0.454454,2.46056,6.5029
44869,0.0372305,0.039092,0.0996148
44870,0.194455,2.15125,5.80534
44871,0.0297844,0.015823,0.0433287
44872,0.0145944,0.0108713,0.0340764
44873,-0.0148922,-0.0035369,0.0159494
44874,0.108918,2.09626,5.6336
44875,-0.000558457,-0.0899117,-0.218102
44876,0,0.0074461,0.0342683
44877,0,-0.0241998,-0.041608
44878,0,0.00202906,0.0219347
44879,-0.039092,-0.0335074,-0.0485094
44880,0.00928901,0.00742748,0.030328
44881,-0.283063,-2.20079,-5.81231
44882,0.0074461,0.00679457,0.0320845
44883,0.0111691,0.0074461,0.0299527
44884,0.0301753,0.0245907,0.0648265
44885,-0.0465381,-0.0428151,-0.0717981
44886,-0.00186152,-0.00392782,0.00662123
44887,0,0.00437458,0.0274785
44888,0,0.000223383,0.0167293
44889,-0.254489,-2.17651,-5.77119
44890,0.00372305,0.0130307,0.0484848
44891,0,-0.00372305,0.00540948
44892,0,-0.00558457,-0.00262012
44893,-0.54807,-4.50703,-12.0256
44894,0.264132,2.28037,6.11291
44895,0.032707,0.0136822,0.0373021
44896,-0.00372305,-0.00558457,-0.00148904
44897,-0.0111691,0.00558457,0.0369909
44898,0.00558457,0.0107968,0.0429343
44899,-0.0074461,-0.0074461,0.00051462
44900,0.0210352,0.0228968,0.0646901
44901,-0.0191737,-0.0173122,-0.0190427
44902,0.00930762,0.0074461,0.0310532
44903,-0.120422,-0.0972647,-0.171083
44904,0.0260613,0.0297844,0.0799554
44905,0.00184291,0.00742748,0.0318721
44906,0.0130307,0.0148922,0.04793
44907,-0.0167537,-0.0186152,-0.0235146
44908,0.00800456,0.00800456,0.0328655
44909,-0.0117276,-0.0117276,-0.00845009
44910,0.00577073,0.00204768,0.0186493
44911,0.00541704,-0.000167537,0.0133681
44912,-0.0167537,-0.0241998,-0.0371368
44913,0.00558457,0.0130307,0.0459614
44914,0.00558457,0.00567765,0.0280585
44915,0,0.00930762,0.0399528
44916,0,-0.00186152,0.0109064
44917,0.00372305,0,0.0143619
44918,-0.00361136,-0.00361136,0.00854388
44919,-0.0074461,-0.0074461,0.00051462
44920,0.00558457,0.00186152,0.0182596
44921,-0.00372305,-0.0074461,-0.00122892
44922,-0.00558457,-0.00558457,0.00441232
44923,-0.371337,-2.35658,-6.23649
44924,0.0712964,0.0508196,0.107683
44925,0.0050075,0.00502612,0.0266356
44926,-0.0186152,-0.0186152,-0.0228716
44927,-0.0241998,-0.0241998,-0.0345647
44928,-0.0148922,-0.0111691,-0.00509106
44929,-0.627185,-4.20902,-11.0326
44930,-0.226901,-1.75361,-4.53012
44931,-0.0434294,-0.0370071,-0.0555573
44932,0.251064,2.20004,5.777
44933,-0.0210352,-0.0191737,-0.0225906
44934,0.00241998,0.000558457,0.0166317
44935,0.0282579,0.0365604,0.0964875
44936,-0.0167537,-0.017126,-0.019882
44937,-0.00405812,-0.00558457,0.00388504
44938,-0.000558457,-0.0117276,-0.00694274
44939,0.0351642,0.0600342,0.153043
44940,-0.00740887,-0.0223011,-0.0375448
44941,0.0199183,0.0403951,0.107301
44942,0.0521227,0.0539842,0.129782
44943,0.0135891,0.0135891,0.0445586
44944,0.192389,2.20479,5.85627
44945,-0.0450675,-0.0674058,-0.138881
44946,-0.00370443,0.00188014,0.0231685
44947,0.0111691,0.0234552,0.073828
44948,0.150951,2.16302,5.87814
44949,0.0899117,0.101993,0.230484
44950,-0.00372305,-0.0168654,-0.0299364
44951,0.00554734,-0.00376028,0.00501694
44952,0.0074461,0.0335074,0.0952663
44953,0.0323719,-0.00914009,-0.0148316
44954,0.23794,2.26298,6.08876
44955,-0.00186152,-0.0176845,-0.0233744
44956,-0.00800456,-0.00241998,0.00770915
44957,0.00558457,0.00558457,0.0277985
44958,0.00186152,-0.0452351,-0.107202
44959,0.00372305,0.00819071,0.0328023
44960,0,-0.0111691,-0.0115964
44961,-0.0260613,-0.0241998,-0.0339216
44962,0.0111691,-0.0109458,-0.0234888
44963,-0.0186152,-0.0346244,-0.0675829
44964,-0.00186152,-0.0186152,-0.0286588
44965,0.0228409,0.0135333,0.0393012
44967,0.00930762,0.00186152,0.019885
44968,-0.00928901,-0.00742748,0.00119662
44969,0.0325022,0.0455329,0.121048
44970,-0.0306407,-0.0306407,-0.0480507
44971,0,0,0.0146156
44972,-1.86152e-05,-0.00188014,0.0115257
44973,-0.00113553,-0.00299706,0.0091871
44974,-0.0111691,-0.0167537,-0.015118
44975,-0.00800456,-0.0322044,-0.0596841
44976,-0.00558457,-0.00703656,0.000870555
44977,-0.317967,-2.27048,-6.04247
44978,0.0856115,0.0945469,0.216588
44979,0,0.00558457,0.0318993
44980,-0.00930762,-0.0241998,-0.0401324
44981,-0.0074461,-0.0483996,-0.122877
44982,0.0148736,0.0148922,0.0453186
44983,-0.0186152,-0.00653395,0.00656762
44984,-0.0111691,-0.0111691,-0.00728078
44985,-0.0111691,-0.0167537,-0.0219891
44986,0.0111691,0.00558457,0.0242058
44987,-0.000558457,-0.00800456,-0.00322679
44988,0.0318321,0.0321672,0.0837095
44989,-0.00186152,0.00558457,0.0303706
44990,0,0.00186152,0.0214534
44991,0.0297844,0.0318693,0.0835542
44993,-0.0074461,-0.00186152,0.0150518
44994,0,-0.00372305,0.00656648
44995,-0.038515,-0.0292073,-0.0375694
44996,0.0148922,0.0223383,0.0654499
44997,-0.01519,-0.0123791,-0.00800597
44998,0.0210352,0.0266198,0.0738793
44999,-0.000558457,-0.00614303,-0.000750264
45000,-0.0111691,-0.0102384,-0.00628641
45001,0.0112436,0.0184663,0.0604092
45002,0.037789,0.0433735,0.108851
45003,0.00186152,0.00186152,0.0200031
45004,0,0.00921455,0.0411747
45005,0.233901,2.28651,6.16375
45006,0.00230829,0.00416982,0.0293772
45007,0.000558457,0.000558457,0.0172747
45008,-0.037789,-0.0433735,-0.07664
45009,0.00688764,-0.0117276,-0.0148803
45010,0.0267315,0.02487,0.0675357
45011,-0.271801,-2.33415,-6.23834
45012,0.0180568,0.0255029,0.0760111
45013,-0.00493304,-0.00309013,0.0189815
45014,0.00186152,0.00186152,0.0200031
45015,0,0.00930762,0.0428453
45016,0.233082,2.29442,6.17602
45017,0.0102384,-0.0139614,-0.0264684
45018,-0.0111691,-0.0130307,-0.0118215
45019,0.0111691,0.0111691,0.0394916
45020,-0.00800456,-0.00986608,-0.00519541
45021,0.0173122,0.0173122,0.052354
45022,-0.00614303,-0.0210352,-0.0330828
45023,-0.00673872,-0.00673872,0.00199575
45024,0.00186152,0.0114484,0.0450417
45025,-0.229824,-2.23392,-5.99323
45026,-0.0173122,-0.0228968,-0.0324701
45027,-0.00370443,-0.0371374,-0.0825027
45028,-0.0117276,-0.0156368,-0.0157876
45029,0.0135891,0.0208491,0.0622312
45030,0.00078184,0.00431874,0.0278967
45031,-0.190564,-2.29372,-6.17508
45032,0.00400228,0.0127142,0.0439685
45033,-0.0167537,-0.0148922,-0.0109662
45034,0.00372305,0.00372305,0.0239008
45035,0.00186152,0.00186152,0.0200031
45036,-0.00186152,0.00558457,0.0312856
45038,0.133751,2.21505,6.05167
45039,-0.198271,-2.28969,-6.17854
45040,-0.292594,-2.35879,-6.17194
45041,-0.00240137,0.0123047,0.0499659
45042,0.021966,0.0262475,0.0743986
45043,-0.00186152,0.00186152,0.0212892
45044,-0.00577073,-0.00521227,0.00558225
45045,-0.00967993,-0.0078184,0.000606851
45046,0.00742748,0.0111505,0.0409674
45047,-0.00632918,-0.00632918,0.00285324
45048,-0.011951,-0.00450489,0.0101601
45049,0.00558457,0.00372305,0.0232578
45050,0.00558457,0.00930762,0.0373375
45051,0.00819071,0.00819071,0.0332553
45052,0.0019546,0.00381613,0.0247387
45053,-0.0156368,-0.016065,-0.0176091
45054,-1.31234,-7.38958,-19.2772
45055,0.00925178,1.00494,2.80025
45056,-0.00930762,0.0204768,0.0822655
45057,0.0204954,0.0558644,0.143385
45058,0.0595688,0.0632918,0.151289
45059,-0.0203465,-0.0129004,-0.00482799
45060,0.0191737,0.0433735,0.114842
45061,-0.0173122,-0.0191737,-0.0246839
45062,1.86152e-05,1.86152e-05,0.0161935
45063,0.00930762,0.00930762,0.0402565
45064,0.31054,1.91225,5.07606
45065,0,-0.0148922,-0.0232884
45066,-0.0995916,-0.0999639,-0.19333
45067,0.0471524,0.0471524,0.113504
45068,-0.576254,-3.966,-10.4876
45069,0.00178706,0.0185408,0.0620821
45070,0.0112436,0.0224128,0.0696593
45071,-0.00186152,0.00930762,0.0434152
45072,-0.00186152,-0.0167537,-0.0252751
45073,0,-0.00558457,0.00133769
45074,0.00132168,-0.0247397,-0.0582002
45075,0.00191737,0.0242557,0.0746087
45076,5.58457e-05,-0.00180568,0.0112241
45077,0.0233249,0.0196019,0.0541094
45078,0.00349967,-0.0174053,-0.0267828
45079,-0.00556596,0.00374167,0.0315369
45080,-0.00558457,-0.0251306,-0.0432176
45081,0.0489581,0.0579865,0.140257
45082,-0.000930762,-0.00465381,0.00461763
45083,-0.0076881,-0.00670149,0.00480658
45084,0.0136077,0.0116531,0.0395559
45085,-0.0266012,-0.0331165,-0.053549
45086,-0.00372305,0.0186152,0.0627987
45087,0.0331724,0.0368954,0.0948726
45088,0.963842,7.92178,21.1203
45089,0.0353504,0.018578,0.0298701
45090,0.00186152,-0.00444904,0.00244477
45091,0.00446766,-0.00111691,0.0190258
45092,0.00433735,0.00247583,0.0195602
45093,0.0547102,0.0454026,0.102662
45094,-0.015432,-0.0210166,-0.0322291
45095,-0.0204582,-0.0204582,-0.0267303
45096,0.000632918,-0.00122861,0.0126612
45097,0.0186152,0.0186152,0.0497615
45098,-0.266384,-0.324836,-0.684139
45099,0.0632918,0.0688764,0.153698
45100,0.0788728,0.0732882,0.164123
45101,-0.00986608,-0.0117276,-0.00909311
45102,-0.0446766,-0.0446766,-0.0774394
45103,-0.0074461,-0.0074461,0.00051462
45104,-0.234738,-2.01147,-5.32341
45105,0.0148922,0.0241998,0.0747915
45106,0.195144,1.92925,5.16951
45107,-0.224686,-1.96568,-5.21408
45108,0.0228968,0.126993,0.32147
45109,-0.0130493,-0.0130307,-0.011172
45110,0.0260613,0.0279229,0.0764267
45111,-0.000614303,0.00497027,0.0292486
45112,0.00372305,0.00372305,0.0239008
45113,-0.00286675,-0.00472827,0.00556224
45114,0.0185966,0.0240881,0.0692344
45115,0.242389,1.92832,5.15586
45116,-0.058061,-0.071073,-0.140703
45117,-0.00614303,-0.00241998,0.0125532
45118,-0.00186152,0.00186152,0.0212892
45119,0.0111691,0.00930762,0.0349509
45120,-0.220144,-1.87463,-4.99705
45121,-0.0130121,-0.0308827,-0.057413
45122,0.00186152,0.00223383,0.0251961
45123,-0.36605,-3.74544,-10.0268
45124,-0.00848855,0.00640365,0.0348252
45125,-0.00558457,0,0.0201091
45126,-0.253744,-2.10524,-5.61049
45127,0.0043932,0.0155623,0.0562653
45128,-0.304713,-2.10578,-5.52977
45129,0.0294493,0.0313108,0.0846629
45130,-0.0117276,-0.0191737,-0.0285878
45131,0.0201045,0.0145199,0.0418674
45132,0,0.0028109,0.0223079
45133,0.0563856,0.0750008,0.171579
45134,0.0255401,0.0225617,0.0618323
45135,-0.0563856,-0.0563856,-0.101956
45136,-0.0622308,-0.0585077,-0.103969
45137,0.0312364,0.0405626,0.107033
45138,-0.00188014,-0.00186152,0.0122141
45139,0.0694349,0.076881,0.179285
45140,0.303242,2.17962,5.80711
45141,-0.0589359,-0.0564787,-0.0993996
45142,0.216421,2.08554,5.61673
45143,-0.0513781,-0.0402089,-0.0615937
45144,0.0371002,0.0344196,0.0844229
45145,0.0176473,0.0199742,0.0587315
45146,-0.00930762,-0.00725995,0.00302033
45147,0,0.00186152,0.0206461
45148,0.293432,2.00021,5.32239
45149,0.0319438,0.0221708,0.054721
45151,0.00558457,0.0074461,0.0329975
45152,0.015823,0.0120999,0.0415195
45153,0.0604251,1.64097,4.46778
45154,0.079301,0.0540028,0.117414
45155,0,0.00930762,0.038809
45156,0.00372305,0.00558457,0.0293452
45157,-0.0130307,-0.0139614,-0.0154669
45158,0.2124,1.80495,4.83024
45159,0.0485858,0.710507,1.91721
45160,-0.022208,-0.025931,-0.0405846
45161,-0.0316459,-0.710805,-1.8958
45162,0.0286675,0.030529,0.0806707
45163,0.0143337,0.00750195,0.0294532
45164,-0.00900978,-0.0164559,-0.0180917
45165,0.265063,1.7726,4.67215
45166,-0.0247583,-0.0303429,-0.0533231
45167,0.00958685,-0.0096427,-0.0131742
45168,0.0815534,1.57721,4.2917
45169,0.0718549,0.0543565,0.116012
45170,-0.00186152,-0.0074461,-0.00275226
45171,0.0191737,0.0297844,0.0761958
45172,-0.0266198,-0.0340659,-0.0589036
45173,-0.00186152,-0.0130307,-0.0150366
45174,-0.0381613,-0.048865,-0.0905648
45175,0.00899117,0.00899117,0.0349313
45176,0,0,0.0161054
45177,-0.0100522,-0.0100522,-0.00494216
45178,-0.00558457,-0.0112064,-0.0118899
45179,-0.00221521,0.00523089,0.0294013
45180,-0.264709,-1.77266,-4.66657
45181,-0.305551,-1.88794,-4.94194
45182,0,0.00930762,0.0414382
45183,-0.0284813,-0.0133099,-0.00578082
45184,-0.431353,-3.46849,-9.20378
45185,-0.026415,-0.00035369,0.0275472
45186,-0.143524,-1.7091,-4.59137
45187,-0.0190248,0.00269921,0.0340315
45188,0.0297844,0.0483996,0.130458
45189,-0.00372305,-0.00372305,0.00831002
45190,0.0186152,0.0204768,0.0605268
45191,0,-0.00232691,0.0153375
45192,-0.238387,-1.86666,-5.00149
45193,0.0117835,0.0254098,0.0758043
45194,-0.0359274,-0.0228968,-0.0231394
45195,0.0241998,0.0148922,0.0485224
45196,-0.00930762,-0.00383474,0.0108816
45197,-0.0303429,-0.0396505,-0.0712744
45198,0,-0.00519365,0.00118459
45199,0.0945282,0.0775511,0.189998
45200,-0.0362067,-0.030045,-0.0446692
45201,-0.0294121,-0.0275506,-0.0409375
45202,0.00515642,0.00446766,0.0222794
45203,0.00186152,0.00186152,0.0170235
45204,0,0.00186152,0.0208749
45205,-0.00930762,-0.00930762,-0.00338308
45206,0,0,0.0161054
45207,0.0241998,0.0297844,0.0812049
45208,0.275636,1.99619,5.35684
45209,-0.00372305,-0.00374167,0.0056299
45210,-0.0186152,-0.0206815,-0.0270137
45212,0.0223383,0.0316459,0.0855814
45213,0.000558457,0.000558457,0.0172747
45214,0.021966,0.0306221,0.0829301
45215,-0.00986608,-0.0173122,-0.0227153
45216,0.0247583,0.0303429,0.081567
45217,-0.0770671,-0.0919593,-0.181585
45218,0.0173122,0.0284813,0.0795984
45219,-0.00428151,-0.00614303,0.00259999
45220,0.0135891,0.0135891,0.0445586
45221,0.00372305,-0.00979162,-0.00906484
45222,0.00930762,0.00934486,0.0356847
45223,-0.0156554,-0.0156554,-0.0166742
45224,0.00893532,0.00958685,0.0366862
45225,0.0602762,0.0658608,0.156839
45226,-0.0545427,-0.0564042,-0.102638
45227,0,-0.00186152,0.0115647
45228,0,-0.0111691,-0.0139116
45229,0,0,0.0161054
45230,-0.0074461,-0.00372305,0.0112106
45231,0.00930762,0.0074461,0.0316077
45232,-0.0167537,-0.0186152,-0.0235146
45233,-0.00928901,-0.00928901,-0.0033441
45234,-0.00186152,-0.0052495,0.00274556
45235,-0.0111691,-0.0130307,-0.0127252
45236,-0.00074461,-0.00074461,0.0145463
45237,0.00186152,0.00186152,0.0200031
45238,0.00217798,-0.00154507,0.0105483
45239,0,-0.00186152,0.010661
45240,0,0,0.0161054
45241,-0.00186152,0.0074461,0.0388609
45242,0.0397063,0.0471524,0.117406
45243,0.00930762,0.0111691,0.0409419
45244,0.00154507,-0.00348105,0.00708055
45245,0.00310875,0.0068318,0.031696
45246,0.0335447,0.0409722,0.104457
45247,0,-0.000930762,0.0141791
45248,-0.0428337,-0.0521413,-0.0962843
45249,0.00294121,0.00294121,0.0222638
45250,0.000856301,-0.0065898,-0.000264537
45251,-0.0135891,-0.0173122,-0.0214292
45252,-0.0083024,-0.0213331,-0.0330634
45253,0.00986608,0.0135891,0.0458447
45254,0.00405812,0.000335074,0.015521
45255,0.00560319,0.00560319,0.0278375
45256,0.00186152,0.00558457,0.0290846
45257,-0.00547288,-0.00919593,-0.00443527
45258,-0.0102198,-0.0102198,-0.00529295
45259,0.00275506,0.00275506,0.021874
45260,1.86152e-05,0.00188014,0.0209139
45261,0.00986608,0.0173308,0.0549796
45262,-0.000558457,-0.00800456,-0.00322679
45263,0.211935,1.98898,5.30864
45264,0.00316459,-0.00800456,-0.00668451
45265,0.00186152,-0.0074461,-0.00292925
45266,-0.0336936,-0.0485858,-0.0907687
45267,0.00986608,0.0395574,0.109176
45268,0.00193599,-0.00923316,-0.00685657
45269,0,0,0.0161054
45270,-0.00188014,0.00184291,0.0212502
45271,0.00210352,0.00582657,0.0304949
45272,0,0.0111691,0.0433498
45273,0.0111691,-0.00186152,0.00760614
45274,0.00932624,0.0162139,0.0532887
45275,0.310335,2.04237,5.41051
45276,-0.00241998,-0.0036672,0.00536696
45277,-0.00376028,0.00368582,0.0304211
45278,0.311954,2.05133,5.44011
45279,0.00504473,-0.00102384,0.0093369
45280,-0.00132168,0.00612442,0.0315009
45281,0.00372305,0.00186152,0.0191313
45282,-0.0518807,-0.070496,-0.139532
45283,-0.0112064,-0.0223383,-0.035291
45284,0.00154507,-0.00403951,0.00402408
45285,0.0223383,0.0186152,0.0557908
45286,0.0133471,0.0189503,0.0585267
45287,-0.00362997,-0.00735302,-0.00138379
45288,0.00372305,0.00558457,0.0284415
45289,-0.00372305,-0.00558457,0.00376929
45290,-0.0145199,-0.021966,-0.0336033
45291,0,-0.00372305,0.00702397
45292,0.0107968,0.0182429,0.056875
45293,0,-0.0074461,-0.00205748
45294,0.0074461,0.0074461,0.0316962
45296,-0.0129934,-0.00554734,0.00729112
45297,0.0186152,0.0185222,0.054815
45298,0,-0.00374167,0.0069698
45299,0,0.0167537,0.0569719
45300,0.00372305,0.00372305,0.0239008
45301,-0.0120813,-0.0306965,-0.0545979
45302,-0.0192109,-0.00990331,-0.00141522
45303,0.0111691,0.00742748,0.0303579
45304,0.00154507,0.0152645,0.0537626
45305,0.00372305,0.00186152,0.0200184
45306,-0.00333213,-0.0190434,-0.029727
45307,0,0.00558457,0.0259305
45308,0.0346988,0.0384219,0.09784
45310,0.234664,2.03965,5.4368
45312,-0.0136822,-0.0636642,-0.152962
45313,0.0230084,0.0323161,0.0869846
45314,0.00900978,0.0127328,0.0440517
45315,-0.0074461,-0.0148922,-0.0164322
45316,0.0299706,0.0336936,0.0879398
45317,-0.00426289,-0.00612442,0.00263896
45318,0.00428151,0.00241998,0.0196257
45319,0.0260613,0.0465381,0.12085
45320,-0.0191551,-0.0359088,-0.0648684
45321,-0.0106107,-0.0106107,-0.00611147
45322,0.0335074,0.0502612,0.127131
45323,0.150914,1.88329,5.05261
45324,-0.234645,-2.03504,-5.37088
45325,0.289951,2.07757,5.48061
45326,-0.0223383,-0.025689,-0.0429716
45327,0.318135,2.03217,5.37623
45328,-0.0342521,-0.0416051,-0.0768198
45329,-0.00316459,-0.0273644,-0.0565173
45330,0.00316459,-0.0173494,-0.0284339
45331,-0.0360577,-0.0451792,-0.0842098
45332,-0.00372305,-0.00372305,0.00831002
45333,1.86152e-05,-7.4461e-05,0.0159059
45334,0.00698072,0.0163814,0.0562855
45335,0.0293004,0.0460541,0.11898
45336,-0.00986608,-0.00986608,-0.00455239
45337,0.00560319,0.00188014,0.018756
45338,0.295666,1.86285,4.95656
45339,-0.0531465,-0.0696955,-0.139179
45340,0,-0.00372305,0.0054328
45341,-0.00186152,-0.00562181,-0.000942048
45342,0.0225431,-0.00724133,-0.0104541
45343,0.0199928,0.105809,0.266651
45344,0.00748333,0.00934486,0.0399527
45345,-0.0828006,-0.0902467,-0.17462
45346,0.00372305,0.00372305,0.0232259
45347,-0.215639,-1.96655,-5.24579
45348,0.0440437,0.0533513,0.133658
45349,-0.0331351,-0.021966,-0.0260293
45350,0,-0.0036672,0.0049388
45351,0,0,0.0161054
45353,0.000558457,0.00986608,0.0390747
45354,0,0,0.0161073
45355,0,0.00186152,0.0213044
45356,0.0498889,0.0517504,0.124201
45357,0.236637,1.97875,5.30396
45358,-0.104432,-0.110016,-0.218145
45359,0.0265081,0.0148736,0.0414744
45360,0.0241998,0.0130307,0.034531
45361,-0.0148922,-0.00763225,0.0057809
45362,0.00186152,0.00372305,0.0252021
45363,-0.125392,-1.9164,-5.17055
45364,-0.0148922,-0.0101081,-0.00344368
45365,-0.0585822,-0.0641668,-0.117548
45366,-0.389059,-2.17015,-5.67311
45367,-0.224593,-1.94129,-5.159
45368,0.00986608,0.0141476,0.0522254
45369,-0.00372305,-0.00577073,0.00462255
45370,-0.0284813,-0.0148922,-0.0038903
45371,0.00241998,0.00651534,0.0317512
45372,0.0204768,0.0260613,0.0778634
45373,-0.00930762,-0.0149667,-0.019934
45374,-0.0074461,-0.00186152,0.016201
45375,0.00372305,0.00372305,0.0239008
45376,-0.0111691,-0.0074461,0.000468347
45377,0.355216,2.13603,5.64043
45378,0.303968,2.08063,5.51085
45379,0.0148922,0.00279229,0.0133666
45380,-0.0601273,-0.0731579,-0.146175
45381,0.0322044,0.0301567,0.0778317
45382,-0.00372305,-0.00372305,0.00831002
45383,0.00372305,0.00372305,0.0239008
45384,0.279229,2.02469,5.39853
45385,0.00930762,-9.30762e-05,0.00815464
45386,-0.101639,-0.157485,-0.34399
45387,0.0284813,0.0266198,0.0703922
45388,0.00930762,0.00930762,0.0355939
45389,-0.00372305,-0.00372305,0.00831002
45390,-0.0135891,-0.0228968,-0.0350514
45391,-0.00241998,-0.00614303,0.00195696
45392,-0.267203,-1.94648,-5.1685
45393,0.264802,1.96856,5.25288
45394,-0.0135891,-0.0247583,-0.0448505
45395,-0.00186152,0.00372305,0.0258299
45396,0.00186152,0.00372305,0.0245438
45397,0.0102384,0.0102756,0.0376382
45398,0.0167537,0.0148922,0.0457403
45399,1.86152e-05,0.00560319,0.0313013
45400,0.00558457,0.0054915,0.0275715
45401,0.00986608,0.00800456,0.0319938
45402,-0.00372305,-0.00577073,0.00322486
45403,0.0169585,0.01882,0.0451627
45404,-0.0074461,-0.0074461,0.00051462
45405,-0.0123605,-0.0179451,-0.0233975
45406,0.00372305,0.00558457,0.0284415
45407,-0.0223383,-0.0223383,-0.030667
45408,0.0227106,0.0189876,0.0537926
45409,0.00335074,0.0126584,0.0475191
45410,0.00558457,0.00372305,0.0232578
45411,0.0186152,0.0188014,0.0555365
45412,0.00186152,0.00188014,0.0200576
45413,-0.00372305,-0.00372305,0.00831002
45414,0.00930762,0.0074461,0.0293589
45415,-0.00930762,-0.0130307,-0.0124645
45416,-0.00201045,0.00115415,0.021267
45417,0.0074461,0.00930762,0.0362369
45418,0.00372305,0.00558457,0.0284415
45419,-0.0241998,-0.0260613,-0.0391054
45420,0.0241998,0.0186152,0.0514591
45421,0.230587,2.00043,5.35586
45422,-0.0800083,-0.0920524,-0.180108
45423,0.0074461,0.00186152,0.0160613
45424,0.0853137,0.072283,0.158228
45425,-0.0451234,-0.0661586,-0.128927
45426,-0.000558457,-0.00241998,0.0103954
45427,0.0247583,0.0247583,0.0679448
45428,0.00558457,0.00930762,0.03688
45429,-0.00372305,-0.00372305,0.00831002
45430,0.0148922,0.0223383,0.0654499
45431,-0.0148922,-0.0165676,-0.0173527
45432,-0.00558457,-0.00930762,-0.00466913
45433,0.0074461,0.00372305,0.0184575
45434,-0.00558457,0.00837686,0.0353714
45435,0.274929,2.06008,5.48447
45436,0.196987,2.03297,5.42175
45437,0.0202906,-0.0146316,-0.0322757
45438,-0.0191737,-0.0265826,-0.0415895
45439,0.291515,2.10855,5.57542
45440,0.0637386,0.0537795,0.12028
45441,-0.0173122,-0.020998,-0.0269958
45442,0.00986608,0.00800456,0.0249787
45443,0.00335074,0.018336,0.0628759
45444,0,-0.00372305,0.00702397
45445,0.00279229,0.00223383,0.0203923
45446,-0.00241998,-0.00623611,0.00171182
45447,0.0191551,0.0135705,0.0359843
45448,0.00688764,0.00688764,0.0296365
45449,-0.00316459,-0.00316459,0.00947933
45450,0.391981,2.14986,5.66652
45451,0.486491,0.444811,0.919471
45452,-0.0186152,-0.0111691,-0.00291861
45453,-0.0074461,-0.0279229,-0.0494267
45454,-0.031739,-0.0429082,-0.0854156
45455,0.00930762,0.0074461,0.0275476
45456,0.0111691,-0.0259683,-0.0513196
45457,-0.0148922,-0.0223383,-0.0318927
45458,0.00186152,0.0148922,0.0515428
45459,-0.00372305,-0.0167537,-0.0250797
45460,0,-0.0296913,-0.0649338
45461,0.0111691,0.0279229,0.0810164
45462,0.020514,0.00376028,0.00908644
45463,0,0.00372305,0.0256444
45464,0.250245,2.53717,6.68533
45465,0.0135891,0.00986608,0.0329345
45466,0.00874917,-0.0135891,-0.0257556
45467,-0.0130307,-0.0130307,-0.0118301
45468,0.00502612,-0.0173122,-0.032977
45469,-0.00186152,0.000372305,0.0177675
45470,0.000651534,0.00251306,0.0220103
45471,0,-0.00186152,0.0115647
45472,0.0212772,0.0212772,0.0633378
45473,0,-0.0124164,-0.0182057
45474,0.0184291,-0.438091,-1.05887
45475,-0.00279229,-0.00279229,0.0102589
45476,-0.3315,-2.23286,-5.89358
45477,0,0.0148922,0.0524312
45478,-0.0137753,-0.00819071,0.0105249
45479,-1.86152e-05,-1.86152e-05,0.0160664
45480,0.00930762,0.00372305,0.0171553
45481,0,-0.0111691,-0.0113677
45482,0.0226548,0.0431315,0.120586
45483,0.0186152,0.0189317,0.055308
45484,-0.010983,-0.010983,-0.00689101
45485,-0.00465381,-0.0102384,-0.00863714
45486,0,0.00740887,0.0373992
45487,0,0.0074461,0.0374973
45488,-0.00506335,-0.00320182,0.00591176
45489,0.00571488,0.00385336,0.0235306
45490,0.0154507,0.041512,0.123166
45491,0.00372305,0.00186152,0.0191313
45492,0.0111691,0.00182429,0.0122977
45493,0,-0.00186152,0.009543
45494,-0.00986608,-0.00604996,0.00638202
45495,-0.0167537,-0.0111691,-0.000969761
45496,0.00502612,0.00679457,0.0317247
45497,0,-0.00558457,6.15144e-05
45498,-0.0074461,-0.0130307,-0.0131076
45500,0.0477109,0.0458494,0.109684
45501,-0.0372305,-0.0446766,-0.0800115
45502,0.381184,2.32032,6.11833
45503,-0.041512,-0.0861886,-0.183296
45504,-0.0577073,-0.0577073,-0.105153
45505,0.00746472,0.0149108,0.0531271
45506,0.0228968,0.0303429,0.0811239
45507,0.00372305,0.0074461,0.0329823
45508,-0.0395574,-0.0321113,-0.0459247
45509,0,0,0.0115305
45510,-0.00186152,-0.00186152,0.0122077
45511,0,-0.0223383,-0.0383833
45512,-0.00558457,-0.00558457,0.00441232
45513,0,0.000279229,0.0168208
45515,-0.0111691,-0.0111691,-0.00728078
45516,0.00372305,0.00186152,0.0148531
45517,0.00184291,-1.86152e-05,0.0154234
45518,0.0210352,0.0247583,0.0694596
45519,0,-0.00186152,0.0113359
45520,-0.00882363,-0.0293004,-0.0589003
45521,-0.0233808,-0.0233808,-0.0318137
45522,0.0111691,0.0111691,0.0394916
45523,0,0.00372305,0.0266524
45524,0.115992,0.13833,0.320042
45525,0.748854,4.66764,12.2445
45526,-0.0995916,-0.101453,-0.194466
45527,0.0333213,0.0258752,0.0620427
45528,-0.00167537,-0.0165676,-0.0292739
45529,0.0150784,-0.00357413,-0.00739742
45530,0.0130307,0.00614303,0.0261311
45531,0.030529,0.0342521,0.0888804
45532,-0.00428151,-0.0247583,-0.0464277
45533,0.000558457,0.00800456,0.0354376
45534,-0.0117276,-0.00800456,0.00063136
45535,0.0677409,0.11575,0.276253
45536,0.202739,2.11678,5.69354
45537,-0.0241998,-0.013403,-0.00519541
45538,0.0111691,0.0194343,0.0619081
45539,-0.998634,-8.54377,-22.7395
45540,-0.00186152,-0.00111691,0.016768
45541,0.000558457,0.00670149,0.0361658
45542,0.0167537,0.0279229,0.0806013
45543,-0.00241998,-0.0167537,-0.0199999
45544,-0.0451978,0.0065898,0.0519172
45545,-0.0167537,-0.030529,-0.051299
45546,-0.00186152,-0.0167537,-0.0302914
45547,0.0279229,0.0223383,0.0556556
45548,0.00184291,-0.0130493,-0.0195906
45549,-0.0074461,0,0.0186775
45550,0.00078184,-0.00489581,0.00248076
45551,0.00292259,0.000316459,0.00657304
45552,0.00111691,-0.00409535,0.00477576
45553,-0.0234552,-0.0338798,-0.0536369
45554,0.00746472,0.00746472,0.0317352
45555,-0.0328187,-0.0365417,-0.0595287
45556,3.81976,5.54788,12.8057
45557,0.198774,3.77789,9.70603
45558,-0.000372305,-0.0322044,-0.0680936
45559,-0.00614303,-0.0266198,-0.0503176
45560,-0.00837686,-0.00837686,-0.00143423
45561,0.000558457,0.00428151,0.0263562
45562,0.0297844,0.0297844,0.0784686
45563,0.00614303,0.00614303,0.0289678
45564,-0.0161953,-0.0143337,-0.0132638
45565,0.00584519,-0.00150784,0.0107804
45566,-0.00148922,-0.00707379,-0.000634914
45567,-0.0160091,-1.817,-4.40925
45568,0,0.0037789,0.0258048
45569,-0.00186152,-0.00186152,0.0122077
45570,0,-0.0074461,-0.00205748
45571,-0.0526812,-0.0545427,-0.0983904
45572,0.0303429,0.0303429,0.0796379
45573,0.00967993,0.0152645,0.0491431
45574,0.00104245,-0.0026806,0.00830302
45575,0,0.00372305,0.0268014
45576,0.0324278,0.0342893,0.0885441
45577,0.319456,2.06179,5.44924
45578,-0.2167,-1.96787,-5.23223
45579,-0.0241998,-0.0117276,0.0019929
45580,0.163591,1.91071,5.15167
45581,0.288052,1.95523,5.19532
45582,0.0108341,-0.00517504,-0.00997707
45583,0.0111691,0.0167537,0.052885
45584,0.00184291,-0.0466498,-0.11763
45585,0.000930762,-0.0139614,-0.023115
45586,0.0130307,0.0241998,0.073038
45587,-0.00186152,0.0874917,0.270079
45588,-0.00186152,0.00558457,0.0339853
45589,-0.0407674,-0.0593826,-0.120402
45590,0.574727,4.06695,10.81
45591,-0.0199183,-0.0236414,-0.0340404
45592,0.00165676,-0.00182429,0.00988625
45593,-0.235111,-2.0495,-5.48004
45594,-0.0215192,-0.0263592,-0.0359671
45595,0.0655071,0.0766762,0.182124
45596,-0.0199183,-0.0217798,-0.0281659
45597,-0.0122861,-0.0320182,-0.0623536
45598,0.017126,0.0152645,0.0474235
45599,0.00800456,0.00986608,0.038797
45600,-0.0131051,-0.00938209,-0.00225294
45601,0.00186152,0.00186152,0.0200031
45602,0.00930762,0.0094007,0.0358613
45603,-0.0113553,-0.00763225,0.00555804
45604,0.208081,2.01921,5.45401
45605,-0.0204768,-0.035369,-0.0679724
45606,0.00930762,0.0130307,0.028988
45607,-0.0074461,1.73472e-18,0.0236113
45608,0.0111691,0.0167537,0.0551372
45609,-0.00837686,-0.000930762,0.0167287
45610,-0.00558457,-0.00186152,0.0147066
45611,0.108899,1.84107,4.99357
45612,-0.051285,-0.0454957,-0.0683908
45613,-0.178967,-2.00175,-5.34855
45614,-0.00309013,0.00621749,0.0392117
45615,-0.0372305,-0.0465381,-0.0853594
45616,0.039092,0.0390548,0.097859
45617,-0.20689,-2.00868,-5.38905
45618,0.00428151,0.0154507,0.0557509
45619,0.0533513,0.0327256,0.0769161
45620,-0.0309758,-0.0365604,-0.0615672
45621,-0.0111691,-0.00558457,0.00702763
45622,-0.00428151,-0.0113553,-0.00991656
45623,0.0179451,0.0340659,0.0930019
45624,0,-0.0148922,-0.0202204
45625,0.00130307,-0.000558457,0.0140643
45626,0,0.0130307,0.0501086
45627,-0.0175728,-0.110649,-0.28041
45628,0.0234552,0.0234552,0.0652164
45629,-0.0115415,-0.00967993,-1.26765e-05
45630,0.0165676,0.0165676,0.0507949
45631,0.00949378,0.00949378,0.0359837
45632,-0.00186152,-0.00372305,0.00875478
45633,-0.0331351,-0.0344382,-0.0570172
45634,0.0331351,0.0340659,0.0844667
45635,-0.201101,-2.13865,-5.75925
45636,-0.00874917,-0.00502612,0.00862046
45637,-0.00629195,-0.00443043,0.0085597
45638,-0.000558457,0.00688764,0.0340456
45639,-0.0273644,-0.0309013,-0.0495242
45640,0.0243487,0.0362811,0.0968516
45641,-0.00186152,-0.00186152,0.0122077
45642,-0.00130307,-0.00372305,0.00793487
45643,0.000297844,-0.00714826,-0.00451384
45644,-0.00370443,-0.00184291,0.0128897
45645,0.0074461,0.0074461,0.0316962
45646,0,0,0.0161054
45647,-0.00558457,-0.0241998,-0.0490674
45648,0.00130307,0.00130307,0.0188338
45649,0,0,0.0161054
45650,-0.0322044,-0.0349967,-0.0583107
45651,0.0828192,0.0780724,0.177963
45652,-0.00930762,-0.0130307,-0.0124645
45653,-0.0074461,-0.0148922,-0.0218015
45654,-0.00372305,8.67362e-19,0.0200206
45655,0.0111691,0.0148922,0.0483443
45656,0.218059,2.16641,5.87612
45657,-0.0546544,-0.0462217,-0.0756868
45658,0.0167537,-0.0074461,-0.0119979
45659,-0.0210352,-0.0205699,-0.0266016
45660,-0.00130307,-0.00130307,0.013377
45661,-0.094491,-2.04047,-5.5801
45662,0.00241998,-0.00725995,0.00191833
45663,-0.0184663,-0.0147433,-0.0134783
45664,0.00558457,0.0186152,0.0593548
45665,0.118077,2.07953,5.70497
45666,-0.0137753,-0.026806,-0.046074
45667,-0.00558457,-0.00558457,0.00441232
45668,0.00372305,0.00558457,0.0290998
45669,-0.00372305,-0.00372305,0.00831002
45670,0.0511919,0.057093,0.13784
45671,-0.00930762,-0.0111691,-0.0079238
45672,-0.037789,-0.0396505,-0.0666549
45673,-0.0124722,-0.00873055,-0.00153503
45674,-0.000558457,-0.00241998,0.0103954
45675,0.0322044,0.041512,0.106239
45676,-0.00372305,0.0762853,0.238164
45677,0.0148922,0.0167537,0.0520565
45678,0.0057335,0.00387197,0.0224835
45679,0.00111691,0.00297844,0.0232135
45680,0.0130679,0.0222452,0.0658127
45681,-0.0111691,-0.0111691,-0.0073772
45682,0.155512,2.20384,5.97176
45683,0.0279229,0.0176845,0.0560254
45684,-0.00186152,-0.00372305,0.00766699
45685,0,-0.00186152,0.0115647
45686,0.0111691,0.0111691,0.0397204
45687,-0.171837,-2.27853,-6.1455
45688,-0.0210352,-0.0210352,-0.0241351
45689,-0.00372305,-0.00279229,0.0110585
45690,-0.0673872,-0.0673872,-0.123658
45691,0,0.00186152,0.0208749
45692,0.0601273,0.0694349,0.164933
45693,0.00558457,0.00558457,0.0277985
45694,-0.0508196,-0.0675734,-0.132254
45695,0.0074461,0.00746472,0.0317507
45696,-0.00930762,-0.00930762,-0.00257584
45698,0.0074461,0.0074461,0.0316962
45699,0.0074461,0.00930762,0.0364657
45700,0.000558457,0.00800456,0.0354376
45701,0.0359274,0.0420891,0.106632
45702,-0.0383474,-0.0609836,-0.123603
45703,0.0309572,0.051527,0.135205
45704,0.00930762,0.00930762,0.0355939
45706,-0.0078184,-0.0078184,-0.00026492
45707,0.00558457,0.0316459,0.0913686
45708,0.00558457,0.00558457,0.0277985
45709,-0.00558457,0.0893532,0.248085
45710,0,0.0930762,0.276055
45711,0.00372305,-6.50521e-19,0.0119681
45712,1.86152e-05,1.86152e-05,0.0161444
45713,0.33487,2.52657,6.75326
45714,-0.0340659,-0.0452351,-0.0863913
45715,-0.0259683,-0.0241067,-0.0332693
45716,0.00558457,0.0074461,0.0323392
45717,-0.00560319,-0.000949378,0.0165258
45718,0,-1.86152e-05,0.01606
45719,0.00759502,0.00107968,0.0181455
45720,0,0.00685041,0.0328153
45721,0.00186152,-0.0241998,-0.045881
45722,1.86152e-05,-0.0857977,-0.223621
45723,-0.0755779,-2.26224,-6.14863
45724,-0.0284813,-0.0228968,-0.0255253
45725,0.0303429,0.0489581,0.127911
45726,0.00372305,0.00930762,0.0368647
45727,-0.0603879,-0.0557154,-0.0939595
45728,-0.00614303,-0.00986608,-0.00518017
45729,-0.0447138,-0.0502984,-0.0911395
45730,0,0.00186152,0.0206461
45731,-0.279285,-2.33229,-6.16784
45732,-0.000893532,0.018578,0.0669888
45733,-0.00186152,-0.00186152,0.0122077
45734,-0.000632918,-0.00249444,0.0102395
45735,-0.0483996,-0.0483996,-0.0864509
45736,-0.00558457,-0.00372305,0.00918179
45737,-0.220777,-2.10609,-5.63691
45738,0,-0.00128445,0.0172567
45739,-0.0294307,-0.0334888,-0.0550209
45740,0.0284813,0.0359274,0.0915027
45741,-0.00186152,-0.00186152,0.0122077
45742,-0.0340659,-0.0600528,-0.121547
45743,0.0121185,0.049349,0.132294
45744,-0.00502612,0.000558457,0.0207937
45745,-0.00338798,-0.00711103,-0.000298589
45746,-0.0074461,0.00186152,0.023447
45747,0.00986608,0.0136822,0.0463456
45748,1.86152e-05,0.00188014,0.0214924
45749,-0.00241998,0.0962408,0.290979
45750,0.00614303,-0.00130307,0.00719027
45751,-0.000148922,-0.00201045,0.0112529
45752,0.147116,2.07882,5.66531
45753,0.0074461,-1.73472e-18,0.00873248
45754,0,0.00186152,0.0206461
45755,0.00186152,0.00186152,0.0200031
45756,0,-0.00186152,0.0195853
45757,0.00558457,0.00558457,0.0278415
45758,0,0.00372305,0.0260905
45759,0,0.0167537,0.0569719
45760,-0.00186152,-0.00186152,0.0122077
45761,0.0297844,0.0347919,0.0901106
45762,0.234608,2.18009,5.8651
45763,0.0104245,-0.0193785,-0.0400283
45764,-0.0694349,-0.0824656,-0.160835
45765,0.16387,2.13284,5.80874
45766,0.0489581,0.0355551,0.0755597
45767,-0.0377703,-0.0452164,-0.0785126
45768,0.0204768,0.00930762,0.0310495
45769,0,0.00186152,0.0234768
45770,0.0266012,0.0340473,0.0899664
45771,-0.0167537,-0.0148922,-0.0136259
45772,-0.00960547,-0.0217985,-0.0350153
45773,0,0.00558457,0.0195434
45774,0.188033,2.06583,5.51258
45775,0.0483996,0.0731579,0.17788
45776,0.00930762,0.0074461,0.0299441
45777,0.0223383,0.0129934,0.0372292
45778,-0.035369,-0.0336191,-0.0507561
45779,0.0074461,0.00558457,0.0271555
45780,0.0129562,0.0222638,0.0668407
45781,0.00372305,0.00558457,0.0290998
45782,-0.00372305,-0.00930762,-0.00551755
45783,0,0.000148922,0.0153896
45784,0,-0.00558457,0.00248325
45785,0,-0.00186152,0.0115647
45786,-0.0421635,-0.0421635,-0.0721775
45787,0.0279601,0.00711103,0.0237928
45788,0.00558457,0.00558457,0.0277985
45789,0.00186152,0.0217798,0.0689699
45790,0,0,0.0161054
45791,-0.0496096,-0.0328559,-0.0433856
45792,0.00558457,0.00562181,0.0278939
45793,0.047171,0.0490326,0.119643
45794,0.0148922,0.0223383,0.0654499
45795,-0.0074461,-0.0223383,-0.0428223
45796,0.0111691,0.0074461,0.0304102
45798,-0.0145199,-0.0228968,-0.0347299
45799,0.0675547,0.0736978,0.170501
45800,-0.0119138,-0.0124722,-0.0102021
45801,-0.0204768,-0.0251492,-0.0385683
45802,0.0167537,0.0165862,0.0507555
45803,0.0167537,0.0130307,0.0421033
45804,0,0.00186152,0.0213044
45805,0.0260613,0.0221894,0.0606987
45806,-0.00456074,-0.00828379,-0.00285118
45807,0.0260613,0.0335074,0.0901526
45809,-0.0111691,-0.0130307,-0.0124798
45810,0.0130307,-0.0074461,-0.00655865
45811,0.0074461,0.0148922,0.0498591
45812,-0.0279229,-0.0344382,-0.0582526
45813,-0.00930762,-0.0297844,-0.0610015
45814,0.0229154,0.0191923,0.0589872
45815,0.0223383,0.0446766,0.117366
45816,0,-0.00558457,0.00271199
45817,-0.0074461,-0.0074461,0.00402017
45818,0.00480273,0.00294121,0.0216208
45819,1.86152e-05,0.0204954,0.0660924
45820,-0.00295982,-0.00295982,0.00990808
45821,0.00372305,0.00372305,0.0239008
45822,-0.00558457,-0.00930762,-0.00633272
45823,-0.0154507,-0.0154507,-0.0162455
45824,0.0145944,0.0145944,0.0466634
45825,0.00923316,0.0110947,0.0399787
45826,0.00186152,0.00930762,0.038166
45827,0.680164,5.89854,15.6929
45828,0.0812183,0.0438017,0.0778644
45829,0.0322044,-0.0074461,-0.0183731
45830,0.00193599,-0.0128259,-0.0211047
45831,0.0241998,0.00426289,0.010416
45832,-0.00562181,-0.0129934,-0.0171415
45833,0.00368582,-0.0149294,-0.0265117
45834,-0.0266198,-0.0220405,-0.0258346
45835,0.00928901,0.00556596,0.020249
45836,0.0111691,0.0074461,0.0299527
45837,0.212493,1.75331,4.67048
45838,0.15553,1.64866,4.44065
45839,0.269121,1.6785,4.40259
45840,-0.0325767,-0.0405812,-0.0705214
45841,0.0149108,1.86152e-05,-0.0077573
45842,0.0210352,0.0364114,0.101527
45843,-0.0253167,-0.0309013,-0.0489188
45844,0.00614303,0.00241998,0.0203455
45845,-0.280476,-1.81994,-4.77191
45846,-0.00558457,0.0111691,0.0500797
45847,0.00930762,0.0111691,0.0407929
45848,0.0241998,0.0241998,0.0667755
45849,0.0210352,0.0184663,0.0534343
45850,-0.0204768,-0.0186152,-0.0219998
45851,0.00930762,0.00930762,0.0361724
45852,0.0152645,0.0152645,0.0480666
45853,-0.00186152,-0.00186152,0.0151873
45854,0.00074461,0.00260613,0.0217299
45855,-0.0191737,-0.0191737,-0.0240409
45856,0.00967993,0.0115415,0.0411429
45857,0.0184105,0.0146874,0.0451147
45858,-0.0074461,-0.0167537,-0.0224177
45859,-0.000186152,-0.000186152,0.0157156
45860,-0.0297844,-0.0651534,-0.149602
45861,-0.00169399,0.000167537,0.017328
45862,0,-0.00186152,0.0113359
45863,0,-0.00186152,0.0110102
45864,-0.00372305,-0.00186152,0.013509
45865,0.0074461,0.00930762,0.0364657
45866,0.0489395,0.0759316,0.188037
45867,0.0253167,0.0160091,0.0420286
45868,-0.0180568,-0.0162139,-0.0169872
45869,-0.00333213,-0.00519365,0.00721698
45870,-0.138311,-1.75164,-4.70537
45871,-0.00688764,0.0173122,0.0626736
45872,-0.0111691,0.00558457,0.0319712
45873,-0.0779979,-0.0811625,-0.157134
45874,-0.175523,-1.77065,-4.72407
45875,-0.00372305,0,0.017849
45876,-0.0170888,-0.00206629,0.0230983
45877,-0.0604996,-0.0716687,-0.139657
45878,-0.000167537,-0.00657118,-0.00147995
45879,0.0381426,0.0437458,0.109868
45880,-0.0251306,-0.0288536,-0.0472095
45881,-0.00949378,-0.0145199,-0.0158353
45882,0.00645949,-0.00275506,0.00306994
45883,0.0210352,0.0247583,0.0668304
45884,0.00186152,-0.0269921,-0.0528877
45885,-0.00139614,-0.00139614,0.0131821
45886,-0.00930762,-0.0556968,-0.121048
45887,0.00148922,0.00148922,0.0192236
45888,0.00130307,0.00130307,0.0188338
45889,0.379695,2.05898,5.4366
45890,-0.0602762,-0.039576,-0.0576195
45891,0.00186152,-0.00930762,-0.00951997
45892,0.212865,2.14008,5.65629
45893,0.0204768,0.0147991,0.0403186
45894,0.000614303,-0.0142779,-0.0200203
45895,-0.011225,-0.0186711,-0.0260181
45896,-0.0111691,-0.0169771,-0.0219575
45897,-0.000725995,-0.0174425,-0.027787
45898,0.00186152,0.00186152,0.0200031
45899,0,0.00930762,0.0405313
45900,0,-0.00372305,0.00612031
45901,0.0074461,0.0074461,0.0316962
45902,-0.240341,-1.98243,-5.24257
45903,-0.0173122,-0.0266198,-0.0449188
45904,0.00558457,1.86152e-05,0.0119323
45905,-0.0202906,-0.0121371,-0.00261854
45906,0.00986608,0.0248514,0.0708808
45907,-0.208454,-1.92199,-5.11898
45908,-0.28109,-1.99891,-5.30872
45909,-0.0148922,-0.0303429,-0.0530994
45910,-0.16858,-1.85337,-4.97472
45911,-0.0403765,-0.0390734,-0.0670447
45912,0,-0.00558457,0.00819907
45913,-0.0649672,-0.00867471,0.0301277
45914,0.0148922,0.0260613,0.0776219
45915,0,-0.00558457,0.000114073
45916,-0.00186152,-0.00186152,0.0122077
45917,0.0148922,0.0103873,0.0347584
45918,0.00558457,0.00186152,0.0187171
45919,0.0186152,0.0111691,0.0400202
45921,0,-0.00186152,0.0115647
45922,0.00039092,0.00783702,0.0350868
45923,-0.0111691,-0.0279229,-0.0481473
45924,0,-0.00753918,-0.00470026
45925,-0.000558457,0.00130307,0.0197056
45926,0.00428151,0.00241998,0.0175498
45927,0,0,0.0161054
45928,-0.00260613,-0.0807902,-0.19563
45929,-1.86152e-05,-1.86152e-05,0.0160664
45931,0,0.00372305,0.0262229
45932,0,0.000148922,0.0165333
45933,-5.58457e-05,-5.58457e-05,0.0159885
45934,0,0,0.0161054
45935,0,-0.00372305,0.00702397
45936,-1.86152e-05,-0.0307338,-0.0614886
45937,-0.000111691,-0.00197322,0.0113308
45938,0.0167165,0.0204395,0.0601882
45939,-0.0167537,-0.0163814,-0.0179043
45940,0,0.0204768,0.0660534
45941,0.00558457,0.00186152,0.0187171
45942,0.00556596,0.00556596,0.0277595
45943,0.337048,2.0627,5.46923
45944,-0.00558457,-0.00186152,0.0134938
45945,0,-0.0148922,-0.0254787
45946,-0.0130307,-0.0223383,-0.0338821
45947,0.00558457,0.0130307,0.0459614
45948,0.00558457,-0.0167537,-0.0277763
45949,-0.00186152,-0.0111691,-0.0104959
45950,-0.0539656,-0.0578376,-0.106386
45951,0.00186152,0.00372305,0.0253511
45952,-0.0340845,-0.0340845,-0.0552615
45953,-0.000930762,-0.000930762,0.0141566
45954,-0.320778,-2.01415,-5.32052
45955,-5.58457e-05,0.0134402,0.0452012
45956,-0.000558457,-0.00241998,0.0151962
45957,-0.0167537,-0.00930762,0.00113584
45958,0.128687,0.128687,0.283607
45959,-0.013645,-0.000614303,0.0222101
45960,0.000186152,-0.00912147,-0.00676296
45961,0,0.00372305,0.0251869
45962,-0.026806,-0.043932,-0.0828427
45963,-0.235632,-1.81247,-4.79926
45964,0.0624728,0.0792265,0.190551
45965,-0.035369,-0.0297844,-0.0377326
45966,0.0186152,-0.137753,-0.342864
45967,0.0107968,0.010983,0.0374859
45968,0.00372305,0.00776256,0.0339852
45969,0.0394643,0.0338425,0.0850237
45970,-0.0098847,-0.0135891,-0.0136274
45971,0.00279229,0.00279229,0.021952
45972,-0.00558457,0.00372305,0.0271159
45973,0,-0.00186152,0.0085851
45974,0.00372305,-0.00186152,0.0102786
45975,0.00130307,0.00316459,0.0241818
45976,-0.00186152,0,0.0167484
45977,-0.0217612,-0.0239951,-0.0349533
45978,0,0.00186152,0.0206461
45979,0.00967993,0.00409535,0.0227513
45980,-0.00653395,-0.00653395,0.00242449
45981,0.0129934,-0.00748333,-0.0066366
45982,0,-0.00372305,0.00702397
45983,0.00186152,-0.00372305,0.00638094
45984,-0.00186152,-0.0074461,-0.00141445
45985,-0.00558457,-0.100522,-0.254784
45987,0.0039092,-0.00167537,0.00869362
45988,0.00819071,0.0119138,0.0427942
45989,-0.00465381,0.00837686,0.0381462
45990,0,-0.00558457,0.00248325
45991,0.000800456,-0.00106107,0.0152155
45992,0.00465381,0.00837686,0.0362476
45993,-0.00409535,-0.00409535,0.00753048
45994,0.000428151,0.0193226,0.063338
45995,0.00111691,0.00111691,0.018444
45996,0.0132168,0.0188014,0.0580595
45997,-0.00910286,-0.00910286,-0.00295433
45998,-0.0186152,-0.0204768,-0.0271836
45999,-0.0251306,-0.0437458,-0.0819208
46000,0.0432991,0.0619143,0.152173
46001,-0.00255029,-0.0211655,-0.0346417
46002,-0.00930762,-0.00930762,-0.00338308
46003,-0.0130307,0.00558457,0.0349529
46004,-0.0129748,-0.027867,-0.0473873
46005,0.00275506,0.00275506,0.021874
46006,0.00186152,0,0.0148041
46007,0,0.00186152,0.0206461
46008,0.0191737,0.0228968,0.0653332
46009,-0.0130493,-0.0149108,-0.0150999
46010,-0.00221521,-0.00035369,0.0166661
46011,0.000558457,0.00428151,0.0263562
46012,0,-0.00372305,0.00702397
46014,-0.0192668,-0.0192668,-0.00158994
46015,0.0188014,0.0188014,0.0554722
46016,-0.00874917,-0.00130307,0.0159491
46017,0.00502612,-0.00241998,0.00846631
46018,0.00837686,0.0074461,0.0313747
46019,0.00189876,0.00906563,0.0374641
46020,0,-0.0074461,-0.00205748
46021,3.72305e-05,0.00189876,0.0207241
46022,-0.00510058,-0.00510058,0.00542572
46023,-3.72305e-05,0.00368582,0.0251089
46024,0.0074461,0.00938209,0.03387
46025,-0.00241998,-0.0359274,-0.081996
46026,-0.00558457,-0.00372305,0.00946407
46027,0.00614303,0.0358716,0.107249
46028,-0.0154693,-0.0154693,-0.0162845
46029,0.00241998,0.00241998,0.0211724
46030,0.0130307,0.0130493,0.0434403
46031,-1.86152e-05,-1.86152e-05,0.0160664
46032,0,0,0.0161054
46033,-5.58457e-05,-5.58457e-05,0.0159885
46034,0,0.00558457,0.0304138
46035,-0.00189876,-0.00672011,-0.00224792
46036,-0.0024386,-0.0024386,0.0109994
46037,0.0351828,0.0444904,0.110411
46038,-0.0141848,-0.0160463,-0.018822
46039,0.0128259,0.020272,0.0611235
46040,1.65125,6.74108,17.4077
46041,-0.00800456,-0.0303429,-0.0595901
46042,-1.51843,-4.95019,-12.5862
46043,0.129488,0.15944,0.364841
46044,0.0260613,0.035369,0.0981258
46045,0,0,0.0161054
46046,-0.00930762,-0.00186152,0.0155039
46047,-0.18565,-1.8532,-4.95688
46048,-0.0184291,-0.00188014,0.0178829
46049,-0.000558457,0.00506335,0.0323966
46050,-0.0247583,-0.0433735,-0.0811412
46051,0.0135891,0.0340659,0.0945066
46052,0,0.00186152,0.0213044
46053,0.00186152,0.0074461,0.0336253
46055,0.00986608,0.0114484,0.0405685
46056,-0.00800456,-0.00614303,0.00411478
46057,-0.00558457,-0.0074461,-0.000128404
46058,-0.0148922,-0.0279229,-0.0468612
46059,0.0130307,0.0241998,0.0704049
46060,-0.0130307,-0.0074461,0.00312993
46061,0,-0.00186152,0.0107574
46062,0.0241998,0.0241998,0.0667755
46063,0,0.00558457,0.0321493
46064,0.274165,1.96153,5.23435
46065,0,-0.0186152,-0.0378583
46066,-0.0074461,8.67362e-19,0.021328
46067,0.00160091,0.00904701,0.0376203
46068,0.204451,1.90034,5.09077
46069,-0.116159,-0.160836,-0.342223
46070,0.0284813,0.0359274,0.0939031
46071,0.00186152,0.00186152,0.0200031
46072,0,0,0.0161054
46073,-5.58457e-05,-0.00372305,0.00839894
46074,-0.00206629,0.00910286,0.0390233
46075,0.0148922,0.0074461,0.0291241
46076,-0.0139614,-0.0139614,-0.0131273
46077,0.0482507,0.070589,0.171622
46078,-0.00186152,-0.0074461,-0.00141445
46079,-0.0228968,-0.0411397,-0.0761546
46080,0.149927,1.82988,4.94355
46081,0.00930762,-0.00409535,-0.0031268
46082,0.00372305,0,0.0149683
46083,0.0260613,-0.00376028,-0.00593713
46084,0.00186152,0.00372305,0.0252021
46085,-0.00186152,0.00130307,0.0240256
46086,0.00779979,-0.00150784,0.00698089
46087,0.000558457,-0.00508196,0.000778231
46088,-0.000558457,0.00238275,0.0247396
46090,0.00186152,0.0130307,0.0487409
46091,0.00372305,0.00372305,0.0239008
46092,0.00186152,-0.00186152,0.0109217
46093,0.164819,1.88466,5.0663
46094,-0.0288536,-0.0176845,-0.0223229
46095,0,-0.00558457,0.00182498
46096,0.0111691,0.00930762,0.0349509
46097,-0.0130307,-0.0130307,-0.0111785
46098,0.0169399,0.00763225,0.0284134
46099,0.0186152,-0.00372305,-0.00260872
46100,-0.0420705,-0.0457935,-0.081064
46102,0.051043,0.0454584,0.10485
46103,-0.000558457,-0.000558457,0.0149361
46104,-0.00186152,-0.0074461,0.00178799
46105,-0.0111691,-0.0204768,-0.0299844
46106,0.00558457,0.00372305,0.0232578
46107,0.00483996,0.0122861,0.0444023
46108,-0.00372305,-0.00930762,-0.00531215
46109,0,0,0.0161054
46110,-0.0530721,-0.0548964,-0.0994547
46111,-0.00186152,-0.00372305,0.0178512
46112,0.0182616,0.0219846,0.0634233
46113,0.00800456,0.00428151,0.0237841
46114,0.00316459,0.00874917,0.0363537
46115,0.00614303,0.0228968,0.0698343
46116,-0.00186152,-0.00320182,0.00997167
46117,0,-0.0054915,0.00199596
46118,-0.00651534,-0.00873055,-0.00293999
46119,-0.0105176,-0.018336,-0.02506
46120,-0.00135891,0.00608719,0.031423
46121,-0.0107968,-0.0163814,-0.0198947
46122,-0.178651,-1.874,-5.02586
46123,-0.0177776,-0.0126956,-0.00517751
46124,-0.00930762,0.00798594,0.0404147
46125,0,-0.00186152,0.0115647
46126,-0.0277367,-0.0277367,-0.0419703
46127,0.277851,1.96907,5.25574
46128,-0.00627334,-0.019304,-0.0346278
46129,-0.00558457,-0.00558457,0.00441232
46132,0,-0.00186152,0.0109064
46134,-0.000558457,-0.00241998,0.0103954
46135,0.00483996,0.00670149,0.0307802
46136,-0.00446766,-0.0156368,-0.0237216
46137,0,-0.00372305,0.00702397
46138,-0.0173122,-0.0135891,-0.00843257
46139,0.015823,0.00465381,0.0219915
46140,-0.000111691,0.00733441,0.0340345
46141,0.0074461,0.0111691,0.0407777
46143,-1.86152e-05,0.00556596,0.0296886
46144,-0.00558457,-0.00930762,-0.00466913
46145,0.00383474,0.00383474,0.0241347
46146,0,0.00186152,0.00988342
46147,0,0.0057335,0.0301731
46148,-0.208993,-1.88757,-5.0373
46149,0.00266198,0.0212958,0.0731092
46150,-0.0122861,0.00578934,0.0371959
46151,0.218859,1.94522,5.21985
46152,-0.0580237,-0.0497586,-0.0819436
46153,0.0272341,0.0328187,0.0855623
46154,0.0111691,0.0074461,0.0287665
46155,-0.0129748,-0.0129748,-0.00939795
46156,0.0111133,0.0222825,0.0686088
46157,-0.0135333,0.00135891,0.0299677
46158,0.00986608,0.00986608,0.0367632
46159,-0.00186152,-0.00368582,0.00801313
46160,-0.00930762,-0.0074461,0.000350401
46161,-0.00186152,-0.0074461,-0.00141445
46162,0.00930762,0.0167537,0.0539058
46163,-0.000763225,-0.00448628,0.00542591
46164,0.00552873,0.00739025,0.0313186
46165,-0.00558457,-0.0204768,-0.0319135
46166,-0.225877,-2.02143,-5.39452
46167,-0.035127,-0.0258194,-0.0303586
46168,-0.0236786,-0.0199369,-0.0237501
46169,0.000558457,0.00558457,0.0312466
46170,0.0204768,0.0279229,0.0778292
46171,0.0260241,0.0278856,0.075136
46172,0.0135333,0.0172563,0.0535231
46173,-0.0116904,-0.069379,-0.168837
46174,-0.0111691,-0.0186152,-0.0286726
46175,0.00186152,0.00186152,0.0200031
46176,-3.72305e-05,0.00554734,0.0322203
46177,0.00186152,0.00184291,0.0199487
46178,-0.00290398,-0.00290398,0.010025
46179,0.0074461,0.0107968,0.0435688
46180,-0.0261172,-0.0279787,-0.04312
46181,0,0,0.0161054
46182,0.00039092,0.00039092,0.0169239
46184,0.00104245,-0.00454212,0.00682977
46185,-0.000874917,0.00843271,0.0372059
46186,-0.00372305,-0.0074461,-0.000771429
46187,-0.00470966,-0.0102942,-0.00737793
46188,0.00186152,0.0111691,0.0427067
46189,-0.00372305,-0.00930762,-0.00531215
46190,-0.00558457,-0.00558457,0.00120988
46191,0,0.00372305,0.0251869
46192,-0.00428151,-0.00800456,-0.00194074
46193,0,0,0.0161054
46194,0,-0.00372305,0.0102264
46195,-0.231536,-2.00041,-5.33785
46196,-0.0155065,-0.00433735,0.0152639
46197,0.252404,0.267296,0.580234
46198,0.245777,2.06008,5.51509
46199,-0.144827,-1.95294,-5.253
46200,-0.0198997,-0.00541704,0.0150732
46201,0.0335074,0.0465381,0.119868
46202,-0.0383474,-0.0495166,-0.0941538
46203,0.0681132,0.0681318,0.158768
46204,0.00428151,0.00241998,0.0205294
46205,-0.000130307,0.000521227,0.0159308
46206,-0.00297844,-0.00670149,0.00399009
46207,-0.074461,-0.078184,-0.148884
46208,0.0513781,0.0492373,0.115602
46209,-0.0267129,-0.0304359,-0.048908
46210,0.00502612,0.00316459,0.0228957
46211,-0.000186152,0.0128445,0.0361993
46212,0.291533,2.04967,5.48283
46213,-0.0297844,-0.0320182,-0.0553816
46214,-0.122563,-0.14304,-0.29001
46215,-0.00409535,-0.00409535,0.00753048
46216,0.0039092,0.0307152,0.0931428
46217,0.00558457,0.00374167,0.0233122
46218,-0.102198,-1.81627,-4.93472
46219,-0.0288536,-0.0288536,-0.0443089
46220,0.021966,0.0201045,0.0575575
46221,-0.0141476,-0.0104245,0.00017504
46222,-0.00558457,-0.00819071,-0.00154974
46223,0.0104245,0.0178706,0.0572045
46224,0.00372305,0.0111691,0.0420637
46225,0.015823,0.0102384,0.0399599
46226,0.000930762,-0.00279229,0.00897282
46227,-0.0454212,-0.0510058,-0.0957803
46228,0.039818,0.036095,0.0903958
46229,-0.00335074,-0.00335074,0.00908956
46230,-0.00186152,-0.00186152,0.0122077
46231,0.00893532,0.0182429,0.057518
46232,1.97532,7.10079,17.77
46233,-0.030529,-0.0465754,-0.0883502
46234,0.0396505,0.0228968,0.0594613
46235,-0.00483996,-0.0140359,-0.0244918
46236,0.0253167,0.0454771,0.122036
46237,-0.0106107,-0.0236414,-0.0390403
46238,-0.000558457,0.00165676,0.0204646
46239,0.00502612,0.00688764,0.0311699
46240,-0.0165676,-1.63671,-3.95806
46241,0.0074461,0.00636642,0.0294016
46242,-0.00186152,-0.00130307,0.0135699
46243,0,-0.00186152,0.0109064
46244,-0.00186152,-0.00558457,0.000497104
46245,-0.0465381,-0.0632918,-0.122204
46247,0.0409535,0.0409535,0.101855
46248,0.00483996,0.00297844,0.0104785
46249,0.00186152,0.00372305,0.0245438
46251,-0.0204768,-0.0148922,-0.0129017
46252,0.0154507,0.015823,0.0495036
46253,0,0.00376028,0.0252823
46254,0.00186152,0.00186152,0.0200031
46255,-0.0074461,-0.00186152,0.0141368
46256,0.00930762,0.0241998,0.072749
46257,-0.00558457,-0.00372305,0.0125817
46258,-1.86152e-05,-0.0111878,-0.0136996
46259,-0.0154507,-0.0154507,-0.0162455
46260,0.00889809,0.00889809,0.0347364
46261,-0.00558457,-0.0111691,-0.00875236
46262,-0.00372305,0.00372305,0.0264729
46263,-0.0074461,-0.0074461,0.00051462
46264,-0.248774,-2.05395,-5.47426
46265,0.0161953,0.0199183,0.0590968
46266,-0.261619,-2.01875,-5.36844
46267,0.0111691,0.0223383,0.069875
46268,-0.326288,-2.09738,-5.53685
46269,-0.00930762,-0.00558457,0.00627687
46270,0.0130307,0.0148922,0.0481588
46271,0.018336,0.0377517,0.111307
46272,0.0130307,0.035369,0.103125
46273,-0.00186152,-0.00182429,0.0123147
46274,-0.00288536,-0.00111691,0.0143596
46276,-0.00558457,-0.00186152,0.0134938
46277,0.00186152,-0.00558457,0.00115398
46278,-9.30762e-05,-0.00753918,-0.00574124
46279,0.00372305,0.00186152,0.0193601
46280,0,-0.00186152,0.0115647
46281,-0.00848855,0.00640365,0.0405583
46282,0.0122302,-0.000800456,0.00407009
46283,-0.308436,-1.99866,-5.26311
46284,-0.1304,-1.75776,-4.69262
46285,0.0199183,0.0441181,0.121482
46286,0.00186152,-0.00376028,0.00752689
46287,0.00837686,-0.0461658,-0.118505
46288,-0.0186152,-0.0223383,-0.031953
46289,-0.00930762,-0.00927039,-0.00327612
46290,-0.00372305,-0.00186152,0.0128507
46291,0.0130307,0.0130307,0.0365362
46292,0.0074461,0.00928901,0.0361825
46293,-0.00930762,-0.0074461,0.00203403
46294,-0.0213145,-0.0301381,-0.0518573
46295,-0.0074461,-0.0013403,0.0175458
46296,-0.00372305,-0.00186152,0.0128507
46297,0.00556596,0.0185966,0.0641953
46298,0.00746472,0.00932624,0.0365047
46299,0.0148922,0.0260613,0.0745314
46300,-0.00249444,-0.0248327,-0.0475136
46301,0,0.0074461,0.0498878
46302,0,0.00372305,0.0251869
46303,0,-0.00260613,0.00953776
46304,-0.00558457,-0.00186152,0.0129153
46305,-0.00186152,-0.0130307,-0.0161418
46306,0.232858,1.99334,5.297
46307,0.038124,0.0623425,0.160922
46308,0.00186152,0.0449931,0.125349
46309,-0.0241998,-0.0531652,-0.109067
46310,0.0130307,0.0074461,0.0297671
46311,0.00182429,0.00511919,0.0267813
46312,0.00558457,0.000483996,0.0153569
46313,0.195367,2.0092,5.36958
46314,-0.10365,-0.144585,-0.306105
46315,0.0160091,0.0159719,0.0466588
46316,0,-0.00186152,0.010661
46317,-0.00284813,-0.00284813,0.0101419
46318,-0.203018,-1.99639,-5.30263
46319,-0.0111691,-0.00372305,0.0152831
46320,-0.0161953,-0.0180568,-0.0253701
46321,-0.00577073,0.00167537,0.0221854
46322,-0.0115415,-0.0128445,-0.0113989
46323,-0.00148922,-0.00148922,0.0129873
46324,-0.00577073,-0.00763225,-0.000518174
46325,0.0167537,0.0204768,0.0593512
46326,0.0521413,0.0540773,0.130034
46327,-0.0253167,-0.0253167,-0.0369033
46328,0.000465381,-0.0609649,-0.159403
46329,0,-0.00372305,0.00656648
46330,-0.0167537,-0.0288536,-0.0497557
46331,0,-0.00186152,0.010661
46332,0.000502612,0.000502612,0.0180342
46333,0.00186152,0.00372305,0.0245438
46334,0.0191737,0.0301567,0.0856696
46335,-0.00186152,-0.00186152,0.0122077
46336,-0.014706,-0.0165676,-0.0192271
46338,-0.0204582,-0.0241812,-0.0358117
46339,-0.320555,-3.70252,-9.89011
46340,0.0295982,0.121148,0.312848
46341,0.00241998,0.0139614,0.0541581
46342,-0.0284813,-0.0279229,-0.0455644
46343,-0.0074461,-0.0260613,-0.0428367
46344,-0.00930762,0.00558457,0.0360294
46345,-0.258715,-1.7073,-4.4996
46346,-0.0391106,-0.0227851,-0.0260582
46347,0.00558457,0.0032949,0.0223549
46348,0.0186152,0.0223383,0.0652729
46349,0.0074461,0.0074461,0.0316962
46350,-0.00558457,-0.0186152,-0.0322162
46351,-0.00930762,-0.0502612,-0.107025
46352,0.00372305,0.0130307,0.0494556
46353,-9.30762e-05,0.00176845,0.02068
46354,0.00428151,0.0173122,0.0594338
46355,0.0178706,0.0513781,0.135256
46356,-0.00558457,0,0.0207455
46357,-0.010983,-0.00621749,0.00392116
46358,0.00558457,0.0223383,0.073966
46359,0.00186152,-0.0223383,-0.0527013
46360,0.576142,2.11743,5.45254
46361,-0.00804179,-0.0359647,-0.0695297
46362,-0.046352,-0.0705518,-0.146569
46363,-0.0433735,0.0217798,0.0940504
46364,0.0148922,0.0335074,0.0936092
46365,-0.00074461,-0.00819071,-0.00453154
46366,-1.36467,-6.85897,-17.8726
46367,0.0431874,0.0802317,0.203345
46368,-0.0130307,-0.00186152,0.0188159
46369,-0.0074461,-0.120999,-0.325176
46370,0.00186152,0,0.0161202
46371,-0.00186152,0,0.0167484
46372,0,0.0111691,0.0447222
46373,0,0.0837686,0.225803
46374,0,-1.86152e-05,0.016051
46375,-0.0810322,-0.17597,-0.385138
46376,-0.153315,-1.63319,-4.36258
46377,0,0.00930762,0.0442988
46378,0,-0.00186152,0.0159673
46379,0,0.00930762,0.0362909
46380,0.0112808,-0.0147805,-0.0307175
46381,-0.00498889,0.022934,0.0794211
46382,3.72305e-05,0.00748333,0.0347083
46383,0.00372305,-8.67362e-19,0.0180483
46384,-0.00186152,0.00197322,0.0207378
46385,-0.00372305,-0.00372305,0.00831002
46386,0,-0.00225245,0.0106111
46387,0.0111691,-0.00184291,0.00210679
46388,0.245665,1.83846,4.88373
46389,-0.0727856,-0.0344382,-0.0342016
46390,-0.000558457,-0.00614303,-0.00196287
46391,0.00558457,0.00564042,0.027959
46392,-0.00186152,0,0.0167484
46393,0.00074461,0.00074461,0.0176645
46394,0.0130307,0.0074461,0.0295144
46395,0,-0.00567765,0.000162207
46396,0.00428151,0.00241998,0.0205294
46397,-0.00372305,-0.00372305,0.00831002
46398,0.00800456,0.00800456,0.0328655
46399,-0.0074461,-0.00558457,0.00505534
46400,0,-0.0111691,-0.0111389
46401,0,0.00558457,0.0299563
46402,-0.00739025,0.000856301,0.00267103
46403,0,0.00930762,0.0444863
46404,0.00241998,0.00428151,0.0266168
46405,-0.286023,-1.93515,-5.08184
46406,-0.313574,-1.65469,-4.28939
46407,-0.00986608,-0.0843271,-0.219714
46408,0.0074461,0.0130307,0.0470778
46409,0.0396505,0.0582099,0.149337
46410,0.00666426,-0.00174983,0.0075509
46411,0.00372305,0.000632918,0.0139595
46412,0.00372305,0.0188014,0.0625548
46413,0,-0.00307152,0.00861322
46414,0.00351828,0.00351828,0.0234721
46415,0.00372305,0.0130307,0.04851
46416,-0.0035369,-0.00725995,-0.000381659
46417,-0.00558457,-0.000632918,0.0188944
46418,-0.0231574,-0.0185036,-0.0210302
46419,-0.00186152,0.00372305,0.0282516
46420,0,0,0.0161054
46421,0.00186152,0.00372305,0.0258604
46422,0.0039092,0.00949378,0.0398875
46423,0.0204768,0.0172191,0.0512529
46424,0.00132168,0.00504473,0.0300888
46426,-0.210874,-1.69589,-4.49635
46427,0.0130307,0.0192854,0.0618258
46428,0.0475433,0.0475061,0.118954
46429,0.00241998,0.000558457,0.016403
46430,-0.0251306,-0.0232691,-0.0311656
46431,0.00186152,0.00186152,0.0200031
46432,-0.000539842,0.00504473,0.0268824
46433,0.00483996,0.0180382,0.0610942
46434,0,-0.0111691,-0.0169466
46435,-0.00372305,-0.016791,-0.023577
46436,-0.0135891,-0.00800456,0.00398538
46437,0.0135891,0.0210352,0.060972
46438,-0.0154507,-0.0228968,-0.0336011
46439,0.00372305,0.0111691,0.0437974
46440,0.00800456,0.0135891,0.0413674
46441,-0.00387197,-0.00201045,0.0125389
46442,-0.000279229,0.00716687,0.0336837
46443,-0.0191737,-0.0284813,-0.0467445
46444,-0.00930762,-0.0279229,-0.053135
46445,-0.231294,-3.1261,-8.39984
46446,0.0316459,0.0416982,0.115494
46447,-0.00614303,0.00800456,0.0418839
46448,-0.0588242,-0.0513781,-0.0852945
46449,0,0.00372305,0.0269942
46450,-0.00186152,-0.00186152,0.0119543
46451,0,0.102384,0.276139
46452,-0.00186152,0.00186152,0.0217467
46453,0,-0.0800456,-0.188982
46454,0.00930762,0.00930762,0.0355939
46455,-0.227125,-1.69079,-4.47648
46456,-0.0180568,-0.0361136,-0.0588512
46457,-0.0137753,-0.0137753,-0.0114357
46458,0.0186152,0.0204768,0.0600214
46459,0.00632918,0.00444904,0.0243152
46460,0.0111691,0.0260613,0.0792857
46461,0,0.00372305,0.0268014
46462,-0.415399,-1.917,-4.94654
46463,-0.0111691,0.00327628,0.0391691
46464,0.00558457,0.00645949,0.0302345
46465,-0.236265,-1.7664,-4.64173
46466,-0.0130307,-0.0167537,-0.00976503
46467,-0.0074461,0.0148922,0.0557805
46468,-0.0311061,-0.00837686,0.0269128
46469,0.0428151,0.0632918,0.156831
46470,-0.00186152,0.00372305,0.028348
46471,-0.123177,-1.64546,-4.39664
46472,0.0130307,-6.50521e-19,0.0117588
46473,0.000912147,-0.00541704,-0.00716863
46474,-0.00186152,-0.0015823,0.0262246
46475,-0.00930762,0.000930762,0.0243558
46476,-0.000186152,0.00167537,0.02116
46477,0,-0.00186152,0.0115647
46478,0,-0.00186152,0.0153236
46479,-0.00186152,-0.00186152,0.0122077
46480,-0.0109085,-0.0127701,-0.0118543
46481,0.00173122,0.00359274,0.0233428
46482,-0.0279229,-0.00372305,0.0254066
46483,0,0.00186152,0.0197179
46484,-0.123307,-1.66821,-4.50887
46485,0.22571,1.80665,4.85934
46486,-0.0130307,-0.0241998,-0.0420667
46487,-0.207244,-1.73431,-4.64833
46488,-0.00558457,0.00470966,0.0340632
46489,0.183919,1.73965,4.70582
46490,-0.0433735,-0.0613559,-0.122507
46491,-0.0759502,-1.62388,-4.42435
46492,0.0143337,0.00688764,0.0307223
46493,0.0130493,-0.0148736,-0.0343695
46494,-0.00558457,0.0186152,0.0686666
46495,0,0,0.0143699
46496,0.00186152,0.00558457,0.0310594
46497,0,0.00558457,0.0304138
46498,-0.0130307,-0.0074461,0.00450789
46499,0.00372305,0.00511919,0.0273064
46500,0.0279043,0.0297658,0.0809537
46501,0.00288536,-0.000837686,0.0117489
46502,1.86152e-05,-0.000912147,0.013874
46503,-0.0571674,-0.0683366,-0.13221
46504,0.0204768,0.0241998,0.0693781
46505,-0.0130307,-0.0111691,-0.00663775
46506,0.0026806,-0.00104245,0.0121792
46507,0.00558457,0.0108899,0.0413047
46508,-0.00372305,0.00372305,0.026213
46509,0.00374167,0.0149108,0.0560276
46510,0.00558457,0.0148922,0.0518187
46511,0,0.00558457,0.0321493
46512,0.00372305,0.00372305,0.0239008
46513,0.00372305,0.00372305,0.0239008
46514,-0.00186152,-0.00186152,0.0122077
46515,-0.00558457,-0.00558457,0.00441232
46516,0,0.00372305,0.0256444
46517,0.00186152,0.0111691,0.046594
46518,0,-0.00120999,0.0126965
46520,-0.0188759,-0.0207374,-0.027958
46521,0.147805,1.73116,4.70264
46522,0.0074461,0.0111691,0.0423921
46523,0.0173866,0.00798594,0.0265427
46524,0.00428151,0.00986608,0.0414225
46525,-0.0247583,-0.0303429,-0.0498136
46526,0.00800456,0.000558457,0.0147026
46527,0.0241998,0.035369,0.0944773
46528,-0.00372305,-0.0036672,0.00892348
46529,0.00126584,0.00349967,0.0244792
46530,-0.0135891,-0.0149853,-0.0170046
46531,-0.0502612,-0.0558457,-0.104819
46532,-0.00802317,-0.0155251,-0.0194223
46533,0.00370443,0.00370443,0.0238618
46534,-0.00372305,-0.00372305,0.00831002
46536,-0.196558,-1.85224,-4.96288
46537,0.0156368,0.0193599,0.0604662
46538,-0.281649,-0.300767,-0.628188
46539,-0.0893532,-0.0750195,-0.132377
46540,0.00930762,0.0148922,0.0498743
46541,0.00558457,6.50521e-19,0.0144051
46542,-0.00186152,-0.00930762,-0.00595518
46543,0.015432,0.0359274,0.0988682
46544,0.00186152,0.00558457,0.0295421
46545,-0.0154507,-0.0303429,-0.051913
46546,0.00558457,0.0148736,0.0512571
46547,0.000632918,0.00994054,0.0401343
46548,-0.00994054,0.00495166,0.0416647
46549,-0.0111691,-0.0936347,-0.217696
46550,-0.00189876,-0.00189876,0.0121298
46551,-0.178036,-1.84222,-4.91565
46552,-0.00863748,-0.00863748,-0.00248533
46553,0.0409163,0.0408977,0.103155
46554,0.19479,1.97312,5.31092
46555,-0.0297844,0.0409535,0.134982
46556,0.1468,0.216793,0.511264
46557,-0.0696396,-0.0901164,-0.184914
46558,0.000558457,0.0173122,0.0590562
46559,0.544701,3.92348,10.4128
46560,-0.0128445,-0.027625,-0.0546371
46561,-0.00986608,-0.0135891,-0.0146112
46562,0.00526812,0.00154507,0.0131188
46563,0.778825,6.98898,18.6602
46564,0.0204768,0.000409535,0.00358567
46565,0.0111691,0.0995916,0.270706
46566,-0.00930762,-0.0313481,-0.0615486
46567,-0.0322044,-1.04452,-2.83207
46568,0.0588242,1.07617,2.93089
46569,0.102291,0.860788,2.28437
46570,0.00874917,0.00502612,0.0255617
46571,-0.0672197,-0.843122,-2.22439
46572,-0.327833,-3.93109,-10.5887
46573,0.17476,1.95075,5.26345
46574,-0.0387197,0.00595688,0.0724745
46575,0.0591965,0.0722272,0.173213
46576,-0.0396505,-0.0502612,-0.0925266
46577,-0.202497,-1.79881,-4.81789
46578,-0.215248,-1.77919,-4.71369
46579,-0.0858163,-1.56318,-4.17647
46580,0.041512,0.0532396,0.137442
46581,-0.0186152,-0.0130307,-0.00820949
46582,0.00186152,0.00930762,0.0416443
46583,0,0.00372305,0.0232121
46584,-0.0304359,-0.0301753,-0.0468733
46585,-0.00558457,-0.0074461,-0.000128404
46586,-0.0148922,-0.0316459,-0.0585719
46587,-0.00558457,-0.00558457,0.00441232
46588,0,0,0.0161054
46589,0,-0.00372305,0.00702397
46590,-0.0074461,0.00372305,0.0249284
46591,0.00930762,0.0148922,0.0531472
46592,-0.0074461,-0.0125467,-0.0152406
46593,-0.00186152,-0.00372305,0.00789574
46594,0.0167537,0.0167537,0.0511847
46595,0.00433735,0.00593826,0.0292078
46596,0.0124164,0.0068318,0.0295169
46597,0,0.0111691,0.0438073
46598,-0.0232691,-0.019546,-0.0227368
46599,0.0223383,0.0279229,0.0773072
46600,-0.00930762,-0.00930762,-0.00338308
46601,-0.00930762,-0.0169585,-0.0218167
46602,-0.00186152,-0.00186152,0.0122077
46603,-0.444365,-3.19454,-8.43438
46604,-0.00874917,0.00800456,0.0295321
46605,0.000186152,0.0225245,0.078511
46606,0.0148922,0.0241812,0.0709769
46607,-0.00930762,-0.0148922,-0.0176635
46608,0.00372305,0.0792079,0.217303
46609,-0.00558457,-0.0074461,0.0045342
46610,-0.00132168,-0.00122861,0.0135765
46611,0.0318321,0.0318321,0.0827561
46612,-0.0489581,-0.0452351,-0.0749009
46613,0,-0.0111691,-0.0111389
46614,0.0191179,0.0321485,0.0884062
46615,-0.00241998,-0.0117276,-0.0162759
46616,0.0173122,0.0135891,0.0432726
46617,-0.00986608,-0.00986608,-0.00455239
46618,0.000558457,0.000558457,0.0172747
46619,-0.00614303,-0.00614303,0.00324301
46620,-0.511789,-3.17919,-8.29672
46621,0.00558457,0.0297844,0.0911639
46622,-0.00403951,0.00899117,0.0408419
46623,0.00186152,-0.00186152,0.0122236
46624,-0.00835825,0.010257,0.0487716
46625,0.0545427,0.0638503,0.153012
46626,0.015823,0.015823,0.0492359
46627,-0.00986608,-0.000558457,0.0227327
46628,0.00800456,0.0154507,0.0554456
46629,-0.0132168,-0.024386,-0.0388126
46630,0.0015823,0.0127701,0.0467082
46631,0.0705518,0.0668287,0.154747
46632,0.00800456,-0.00316459,0.00562118
46633,-0.0314598,-0.0313667,-0.0495272
46634,0.00186152,0.0147247,0.0527314
46635,0,-0.00372305,0.00765426
46636,-0.000763225,0.00295982,0.0253961
46637,0.346653,1.87415,4.87836
46638,-0.0521227,-0.0707379,-0.143238
46639,0.0335074,0.0446766,0.113966
46640,0.0117276,0.0191737,0.0588238
46641,0.0074461,0.0074461,0.0316962
46642,0.193264,1.7568,4.69474
46643,-0.0186152,-0.0335074,-0.0660624
46644,0.00558457,0.00186152,0.0182596
46645,0.0074461,-0.0130307,-0.0182517
46646,-0.00130307,0.0154507,0.054701
46647,0.00126584,0.0999267,0.259414
46648,0,0.00186152,0.0208749
46649,0.00372305,0,0.0148194
46650,-0.00986608,-0.0266198,-0.0463339
46651,0.0228968,0.0266198,0.0722243
46652,0.00618026,0.0117648,0.041511
46653,0,0.0148922,0.051745
46654,-0.00986608,-0.0135891,-0.0136338
46655,0.0811811,0.0830426,0.190625
46656,-0.00986608,-0.0173122,-0.0231728
46657,-0.00558457,-0.0074461,0.000329087
46658,0.28889,2.13452,5.61908
46659,0.0796733,0.00130307,-0.0128476
46660,-0.750418,-4.27814,-11.141
46661,0,0.00614303,0.0361038
46662,0.00372305,0.0167537,0.0618206
46663,0.00372305,0.00372305,0.0239008
46664,-0.0241998,-0.0279229,-0.047433
46665,0.00930762,0.00748333,0.0302565
46666,-0.00186152,0.00556596,0.0303162
46667,0.0354993,-0.0348664,-0.0812048
46668,-0.00372305,-0.00558457,0.00308306
46669,-0.435541,-1.91348,-4.87456
46670,0.0704401,0.0760247,0.177217
46671,0.0154507,0.0228968,0.066848
46672,1.77753,3.26839,7.78521
46673,-0.00930762,-0.0148922,-0.0206464
46674,0.00800456,0.0117276,0.0424045
46675,0.00186152,0.00372305,0.0247726
46676,0.11655,3.25704,8.37609
46677,0.0387197,0.025689,0.0592578
46678,0.00558457,0.0112622,0.0421052
46679,0.00930762,0.0074461,0.0332255
46680,0.0241998,0.0279229,0.0776003
46681,-0.00921455,-0.0054915,0.00635075
46682,-0.0109272,-0.0161953,-0.0176811
46683,-0.0148922,-0.035369,-0.0650241
46684,0.00930762,-0.0052495,0.000188526
46685,0,0.0057335,0.0311029
46686,0.00558457,-0.00372305,0.00381946
46687,-0.0144268,-0.00884224,-0.00047958
46688,0.0767134,0.0804365,0.185811
46689,0.298998,3.42377,8.90488
46690,-0.0335074,-0.0292259,-0.0411504
46691,-0.083024,-0.0919407,-0.178281
46692,-0.0204768,-0.0167537,-0.0160733
46693,-0.00906563,-0.0757082,-0.16382
46694,0.037789,0.0303429,0.0770658
46695,-0.0191737,-0.0311247,-0.0531923
46696,-0.0470966,-3.10017,-8.18466
46697,-0.0939512,-0.10808,-0.22101
46698,-0.00502612,-0.00316459,0.0145316
46699,0.0489581,0.0489581,0.118615
46700,0,0.0074461,0.0338108
46701,0.00039092,0.00765087,0.0347548
46702,0.0145199,0.00537981,0.0242125
46703,0,-0.0074461,-0.00448307
46704,0,-0.00186152,0.0115647
46705,-0.0167537,-0.0204768,-0.0296698
46706,0.00930762,0.00930762,0.0355939
46707,0.00372305,0.0111691,0.0439069
46708,-0.00558457,-0.0224686,-0.0385794
46709,0,-0.00389059,0.00480798
46710,0,0,0.0155509
46712,0,-0.00186152,0.010661
46713,-0.00623611,-0.0155437,-0.0225347
46714,0.0117276,0.0117276,0.0406609
46715,0,0.00186152,0.0208749
46717,-0.00186152,0,0.0169772
46718,0.00186152,0.00186152,0.0200031
46719,0,-0.000111691,0.0157845
46720,0,-0.00186152,0.0115647
46721,0.0074461,0.0074461,0.0316962
46722,0.014855,0.0204395,0.0608312
46723,-0.00372305,-0.00372305,0.00831002
46725,5.58457e-05,0.00191737,0.0211251
46726,-0.00372305,0,0.0173915
46727,0.000558457,0.000558457,0.0172747
46728,0.00262475,0.00379751,0.0252691
46729,0,0.0110202,0.0432152
46730,0.00606857,0.00606857,0.0288119
46731,0.00794871,0.00811625,0.0331573
46732,0.00372305,0.00558457,0.0284415
46733,-0.0154507,-0.0154507,-0.0160167
46734,0.0162883,0.0153576,0.0465981
46735,-0.0117276,-0.0154507,-0.0175315
46736,0.00986608,0.00614303,0.0266458
46737,-0.0135891,-0.0135891,-0.0123478
46738,-0.0210166,-0.0210166,-0.0278996
46739,0.0167537,0.0165676,0.0506648
46740,0.0167537,0.0137939,0.041774
46742,-0.0074461,-0.0074461,0.00051462
46743,0,0,0.0161054
46744,-0.00372305,0.00186152,0.0246845
46745,0.00186152,0.00186152,0.0200031
46746,0.00186152,-0.00450489,0.00169113
46747,0.00372305,0.0130307,0.0492549
46749,0,0,0.0161054
46750,-0.00558457,-0.00930762,-0.00512662
46751,0.00372305,0.00372305,0.0239008
46752,-0.00558457,-0.00558457,0.00441232
46753,0.00711103,-0.000335074,0.00960276
46754,0,0.00372305,0.0251869
46755,-0.00186152,-0.00186152,0.0122077
46756,-0.00186152,-0.00186152,0.0122077
46757,-0.0736047,-2.50548,-6.3215
46758,-0.0944352,-0.737704,-1.93867
46759,0.00930762,0.0074461,0.030367
46760,-0.0148922,-0.0167537,-0.0187579
46761,-2.55865,-8.1798,-20.6827
46762,-0.0455143,-0.0134216,0.012649
46763,0.039818,0.0509872,0.12709
46764,0.0104245,0.0197322,0.0657398
46765,0,-0.0111691,-0.0129379
46766,-0.00483996,-0.0272527,-0.0632371
46767,-0.00372305,-0.0074461,-0.00340449
46768,-0.00316459,0.00241998,0.0231015
46769,-0.00930762,-0.0167537,-0.0251606
46770,0.00930762,0.00186152,0.0152129
46771,0.0010983,-0.00230829,0.0130451
46772,0.0063478,0.0063478,0.0293966
46773,0.00724133,0.00724133,0.0312675
46774,0.00930762,0.039092,0.118685
46775,-0.0186152,-0.0204768,-0.0274123
46776,0.260018,1.90548,5.04987
46777,-0.189243,-1.8197,-4.82365
46778,0.0130865,0.0277926,0.08721
46779,0.00932624,-0.00742748,-0.0107789
46780,-3.72305e-05,-3.72305e-05,0.0160275
46781,-0.00372305,-0.00186152,0.013509
46782,-0.0258752,-0.0333213,-0.0601227
46783,0.0532396,0.047655,0.109153
46784,-0.0297844,-0.0297844,-0.0462578
46785,0.00938209,0.0074461,0.0292201
46786,0.240639,1.85317,4.92897
46787,-0.127254,-0.134886,-0.2679
46788,-0.0806971,-0.0918663,-0.183381
46789,0.0117276,0.0154507,0.0567262
46790,0.0260613,0.026415,0.0717076
46791,0.0247583,0.0359274,0.0951892
46792,0.0130307,0.0148922,0.04793
46793,-0.0186152,-0.0297844,-0.0544979
46794,0.00372305,0.00372305,0.0239008
46795,-0.000558457,-0.00614303,0.00131394
46796,-0.219362,-1.78101,-4.72718
46797,0.0906563,0.0962408,0.219546
46798,-0.0433735,-0.0359274,-0.0504134
46799,0,-0.000372305,0.0159759
46800,0,-0.00446766,0.00500645
46801,-0.00752056,8.67362e-19,0.021565
46802,0.00930762,0.0148922,0.0492161
46803,0.0127142,0.0313295,0.0901737
46804,0,-0.0104245,-0.0122077
46805,0,0.00186152,0.0201369
46806,-0.909169,-6.00323,-15.8495
46807,-0.0250561,-0.000856301,0.03107
46808,0.0205512,0.0513595,0.14199
46809,0.343786,2.23322,5.94529
46810,-0.0493304,-0.0698072,-0.14325
46811,0.0396505,0.0504287,0.127758
46812,0.263555,2.00592,5.38603
46813,-0.0074461,-0.0204768,-0.0374052
46814,-0.00558457,0.00966131,0.0455639
46815,0.324259,3.5208,9.43437
46816,0.0164745,0.014613,0.0466552
46817,-0.0074461,-0.0117276,-0.0101712
46818,0.0111691,0.00558457,0.0250622
46819,0.00186152,0.0054915,0.0305699
46820,0.00930762,0.0108155,0.040733
46821,-0.00930762,-0.00558457,0.00569837
46822,-0.00558457,-0.0148922,-0.0204151
46823,-0.0446766,-0.0483996,-0.0882736
46824,-0.131908,-1.67128,-4.49575
46825,0.0387011,0.0293935,0.072363
46826,-0.00188014,-0.0149108,-0.0180544
46827,-0.0931321,-0.0815162,-0.154893
46828,0.0167537,0.0223383,0.0644448
46829,0.219883,1.81281,4.86304
46830,-0.0131796,-0.0131796,-0.0114903
46831,-0.0124722,-0.022692,-0.0396225
46832,0.198439,1.7498,4.68754
46833,-0.0210352,-0.0513409,-0.105542
46834,0.0111691,0.00251306,0.0129092
46835,0.0191737,0.0247583,0.0719381
46836,-0.0731579,0.00145199,0.0551077
46837,0.036579,0.0425545,0.108769
46838,0.0186152,0.0130307,0.0379547
46839,0.183249,1.49508,4.00893
46840,-0.0330607,-0.0796919,-0.168657
46841,0.00186152,-0.0206629,-0.0406341
46842,-0.192854,-1.52576,-4.06748
46843,0.0479529,0.0498144,0.121051
46844,0,0.00560319,0.0337065
46845,-0.0074461,-0.0223569,-0.0358589
46846,1.86177,7.01899,17.6033
46847,-0.0596246,-2.73577,-7.00025
46848,0.00973578,-0.0116531,-0.0189289
46849,-0.0264523,-0.0394829,-0.0747265
46850,-1.49709,-2.68966,-6.40835
46851,-0.0346057,-0.043932,-0.0788713
46852,-0.0167537,-0.0778117,-0.190497
46853,-0.0342334,-0.0304732,-0.0407238
46854,0.0227292,0.0283138,0.076861
46855,0.010741,0.00887947,0.0340544
46856,-0.000539842,0.0698258,0.211497
46857,-0.0262661,-0.0336564,-0.0569178
46858,-0.108043,-1.49765,-4.05528
46859,0.0167537,0.0187083,0.0596982
46860,-0.0106107,0.00800456,0.0425247
46861,-0.00945655,-0.0200672,-0.0293795
46862,0.00930762,0.0148922,0.0475525
46863,0.00102384,-0.00638503,-0.00158182
46864,-0.00748333,-0.00729718,0.000971463
46865,-0.00750195,-0.00759502,0.00012547
46866,-0.016549,-0.016549,-0.0185451
46867,0.00558457,0.0074461,0.0323392
46868,-0.00381613,-0.0131238,-0.0181067
46869,-0.00558457,-0.00539842,0.00488927
46870,0.0488464,0.0451234,0.108213
46871,0,9.30762e-05,0.0166064
46872,0.00930762,0.00186152,0.0151381
46873,0.0138684,0.0212958,0.0641702
46874,1.86152e-05,0.00765087,0.0362457
46875,0.00074461,0.00035369,0.0167073
46876,0,-0.00372305,0.00521664
46877,-0.0305104,-0.0364114,-0.0632573
46878,-0.00480273,-0.0103873,-0.00857367
46879,0.00379751,0.00379751,0.0240567
46880,-0.0228968,0.0515642,0.149793
46881,-0.576626,-3.88724,-10.2619
46882,0.054673,0.0707193,0.163944
46883,0.122842,0.117053,0.256669
46884,-0.00558457,-0.0130121,-0.0164506
46885,-0.0930762,-0.0800456,-0.140809
46886,0.00558457,-0.0167537,-0.0318966
46887,-0.00672011,0.0025689,0.0275336
46888,0,0.000930762,0.023942
46889,-0.00372305,-0.0074461,-0.00238592
46890,0.0223383,0.0223383,0.0630268
46891,-0.00372305,-0.000186152,0.0169374
46892,-0.00186152,-0.00372305,0.00766699
46893,0.00186152,0.000186152,0.0154174
46894,-0.0111505,-0.0111505,-0.0072418
46895,-0.00241998,0.00971716,0.0428766
46896,0.00800456,0.00986608,0.0374062
46897,-0.00186152,-0.00372305,0.00685975
46898,-0.00186152,-0.00502612,0.0045971
46899,-0.0199183,-0.0348105,-0.0619258
46900,-0.000111691,0.0101267,0.0408455
46901,0.00651534,0.0176845,0.057799
46902,-0.00335074,-0.00335074,0.00908956
46903,0.00614303,0.00614303,0.0292238
46904,-0.0039092,-0.00577073,0.00337952
46905,-0.00428151,-0.0114298,-0.0103036
46906,-0.00688764,0.000558457,0.0200756
46907,0.0113553,0.0169399,0.0554783
46908,-0.0528673,-0.0584519,-0.108211
46909,0.0111691,0,0.0122473
46911,-0.230531,-1.83617,-4.84546
46912,-0.00508196,-0.00510058,0.00924588
46913,0.0558457,0.0632918,0.152887
46914,0.0452351,0.0489581,0.122305
46915,-0.0701795,-0.0869332,-0.174313
46916,-0.255811,-1.98943,-5.32519
46917,-0.0938395,-1.88034,-5.13521
46918,0.0396505,0.0750195,0.192528
46919,0.231462,2.11177,5.7133
46920,-0.114651,-2.00535,-5.4654
46921,-0.0290026,-0.0351456,-0.0542349
46922,-0.0655257,-0.0718549,-0.133908
46923,0.0433735,0.0508382,0.128115
46924,0,-0.00930762,-0.0109801
46925,-0.222769,-2.04196,-5.44305
46926,-0.0130307,-1.19253,-3.22941
46927,0.0335074,1.2582,3.42796
46928,-0.0074461,0.00558457,0.043129
46929,-0.00372305,-0.00372305,0.00831002
46930,-0.240751,-2.04453,-5.42705
46931,-0.597494,-4.01304,-10.5244
46932,0.0505962,0.0634408,0.15341
46933,-0.00932624,-0.00189876,0.0159355
46934,0.00372305,0.0194157,0.0647937
46935,0.0252423,0.0122116,0.0344954
46936,-0.108341,-0.107,-0.205674
46937,0.00316459,0.00632918,0.0304507
46938,0.22329,1.93595,5.16998
46939,-0.0316459,-0.0372305,-0.0635489
46940,0.0223383,0.0372305,0.100377
46941,-0.00986608,-0.0247583,-0.0408782
46942,-0.00930762,-0.0074461,0.00151804
46943,0.000949378,0.00467243,0.0276322
46944,-0.0203092,-0.0203092,-0.0264185
46945,0.0228968,0.0275506,0.0753451
46946,-0.0111691,-0.0074461,0.00355345
46947,0.00688764,0.170702,0.513086
46948,-0.0174425,-0.019304,-0.0249567
46949,-0.0208863,-0.0208863,-0.027398
46950,0.0148922,0.0297844,0.0836128
46951,-0.062026,-0.090135,-0.177537
46952,0.0523089,0.0765087,0.185467
46953,0,0,0.0161054
46954,-0.118821,-1.9331,-5.22702
46955,0.0231388,0.0175542,0.0553163
46956,-0.00428151,-0.00800456,-0.00239823
46957,-0.0111691,-0.186152,-0.495127
46958,-0.00186152,-0.00558457,0.00266878
46959,0.027532,0.00521227,0.0152964
46960,0.0934299,1.79719,4.88529
46961,-0.0150784,-0.0355551,-0.0706722
46962,0.0154507,0.0228968,0.0644011
46963,0.000670149,-0.0185408,-0.0307162
46964,0.00312736,-0.00619888,-0.00186452
46965,0.0225245,0.0299706,0.0866888
46966,0.0130307,0.0130307,0.0407601
46967,-0.00186152,-0.00186152,0.0122077
46968,0.0228968,0.0322044,0.0869689
46969,-0.0163814,-0.0163814,-0.0175795
46970,0.0191737,0.0284813,0.0807467
46971,0.0327628,0.0495166,0.125571
46972,-0.0316459,-0.0539842,-0.105559
46973,0.00930762,0.0241998,0.074082
46974,-0.00614303,-0.00614303,0.00324301
46975,-0.00372305,-0.00558457,0.00376929
46976,-0.0151528,-0.0151528,-0.0156219
46977,-0.0234552,-0.0335633,-0.0604906
46978,-0.0316459,-0.0400228,-0.0713893
46979,0.0214075,0.0330421,0.0908455
46980,-0.00962408,0.00154507,0.0281497
46981,-0.00186152,-0.00186152,0.0122077
46982,0,0.00372305,0.0256444
46983,0,-0.00186152,0.0115647
46984,0.00223383,-0.00893532,-0.00930294
46985,-0.0154507,-0.0117276,-0.00670655
46986,0.0119696,0.0138311,0.0463964
46987,-0.00638503,-0.00824656,-0.00246268
46988,0.0102012,0.0102012,0.0373832
46989,-0.0204768,-0.0241998,-0.0363082
46990,-0.14788,-1.89477,-5.08806
46991,-0.0338798,-0.0580796,-0.115477
46992,0.0184663,0.0378262,0.106054
46993,-0.0111691,-0.078184,-0.174638
46994,0.41404,3.71451,9.91287
46995,0.0135333,-5.58457e-05,0.00834283
46996,-0.0310875,-0.0310875,-0.0489862
46997,0.0260613,0.0167537,0.0464183
46998,0.0074461,0.0074461,0.0299434
46999,-0.00372305,-0.00372305,0.00833266
47000,0.202031,1.84257,4.92396
47001,-0.0323905,-0.0565904,-0.112497
47002,0.0111691,0.00930762,0.0341436
47003,-0.00558457,-0.00930762,-0.00466913
47004,0.00930762,0.0130307,0.0442302
47005,-0.00558457,-0.00372305,0.0125909
47006,-0.00186152,-0.00558457,0.00201721
47007,0,0,0.0161054
47008,-0.307636,-1.96975,-5.19284
47009,0.000558457,0.0210352,0.0711471
47010,-0.00186152,-0.00930762,-0.00752173
47012,0.00372305,0.0111691,0.0425212
47013,-0.255997,-1.93753,-5.0945
47014,0.0655257,0.0623611,0.131964
47015,-0.00558457,0.00374167,0.0321978
47016,0.228949,1.88463,5.03396
47017,-0.0275506,-0.0387197,-0.0740832
47019,0.0074461,0.00186152,0.018074
47021,-0.00967993,0.000558457,0.0259452
47022,0,-0.0167537,-0.0247611
47023,0.0926853,1.78474,4.85759
47024,-0.106684,-1.79877,-4.84952
47025,0.031981,0.0459424,0.118876
47026,-0.00335074,0.00409535,0.0279107
47027,-0.0303429,-0.0525508,-0.100734
47028,0.00893532,0.0163814,0.0529773
47029,-0.00111691,0.0156368,0.0546333
47030,0.010983,0.010983,0.0391018
47031,0.0337308,0.0523461,0.132139
47032,-0.00930762,-0.0167537,-0.021546
47033,-0.00558457,-6.50521e-19,0.0188417
47034,-0.00443043,0.00301567,0.0249918
47035,-0.0130307,-0.0261544,-0.0436825
47036,0.0069621,0.00323905,0.0216014
47037,-0.00188014,0.00938209,0.0396805
47038,0.0180382,0.0347919,0.0965706
47039,-0.00130307,-0.00130307,0.0131316
47040,0.00160091,0.00150784,0.01919
47041,-0.00152645,0.0208118,0.067398
47042,-0.0096427,0.0666798,0.182314
47043,0.0217798,0.0273644,0.0751299
47044,0.00241998,0.00241998,0.0211724
47045,0.0204768,0.0204768,0.0589801
47046,-0.0536119,-0.0611883,-0.11595
47047,0,0.000930762,0.0183758
47048,0.00986608,0.00241998,0.0153714
47049,0.000279229,0.00409535,0.0264964
47050,0.00186152,0.00372305,0.0245438
47051,0.0144268,0.00698072,0.0274635
47052,0.000558457,0.00428151,0.0268137
47053,-0.0458866,-0.0524019,-0.0975185
47054,-0.00679457,-1.14865,-3.11097
47055,0.0215937,1.15973,3.16363
47056,0.015823,0.015823,0.0484286
47057,0.0166979,0.015581,0.0552919
47058,-0.0452909,-1.16984,-3.14834
47059,-0.00837686,-0.0120999,-0.0122685
47060,-0.477891,-2.62079,-6.85439
47061,0,-0.0241812,-0.0478728
47062,-0.00558457,-0.0180568,-0.0274143
47063,0.130437,0.116141,0.255158
47064,0.209906,1.87967,5.0073
47065,0.0507638,0.0470221,0.109784
47066,-0.0303429,-0.041512,-0.0799298
47067,-0.00271783,0.00100522,0.020102
47068,-0.00753918,-0.0094007,-0.00422099
47069,-0.0112622,-0.0224314,-0.03472
47070,0.0074461,0.00735302,0.0314288
47071,0.0147433,0.0128818,0.0424345
47072,-0.0815348,-0.0982885,-0.19548
47073,0.0143337,0.0161953,0.0508872
47074,0.00428151,0.0154507,0.0575728
47075,0.000707379,0.000707379,0.0175865
47076,0.00569627,0.00941932,0.0383786
47077,0.00396505,0.00954962,0.0392944
47078,-0.00647811,-0.00647811,0.00254142
47079,0.00372305,0.0167537,0.0556859
47080,0.143859,1.78366,4.83736
47081,-0.016884,-0.0383846,-0.0764929
47082,0.0204768,-0.113553,-0.267145
47083,0,-0.0074461,-0.00205748
47084,0.0247583,0.0372305,0.0982013
47085,0,0.141476,0.3612
47086,-0.00344382,0.000279229,0.0165179
47087,-0.00670149,-0.0141476,-0.0183427
47088,0.00186152,0.000986608,0.0178269
47089,0,0,0.0161054
47090,-0.000558457,-0.00800456,-0.00620305
47091,-0.00819071,-0.0174983,-0.0237481
47092,0.0154507,0.0266198,0.0793153
47093,-0.00986608,-0.0191737,-0.0279422
47094,0.0105921,0.0254843,0.0782238
47095,-0.00967993,-0.017126,-0.0223255
47096,-0.0355551,-0.0430012,-0.0784783
47097,-0.0130307,-0.0130307,-0.0111785
47098,0.0148922,0.0148922,0.047287
47099,0.00577073,0.0113553,0.0436046
47100,0.00917732,0.0370071,0.103485
47101,-0.00930762,-0.0297844,-0.0537885
47102,0.00372305,0.0074461,0.0334398
47103,-0.00763225,-0.00763225,0.00012485
47104,-0.024386,-0.0395946,-0.0763853
47105,-0.00241998,-0.00986608,-0.00960135
47106,-0.0366534,-0.042238,-0.075936
47107,-0.10633,-1.7591,-4.75583
47108,0.0111691,1.30104e-18,0.0106328
47109,0.0521227,0.0483996,0.114545
47111,0.00800456,0.010741,0.040727
47112,0.210259,1.90158,5.10743
47113,-0.0367651,-0.029319,-0.0418244
47114,-0.0359274,-0.0428151,-0.0803028
47115,0.00986608,0.00986608,0.0367632
47117,0.0098847,0.0131424,0.0450414
47118,0.00374167,0.00979162,0.0409334
47119,-0.0188386,-0.0188386,-0.0233393
47120,0.00241998,-0.00307152,0.00575345
47121,-0.00169399,0.00202906,0.02164
47122,-0.00266198,-0.00515642,0.00444714
47123,-0.00372305,-0.00232691,0.0115435
47124,-0.00111691,0.000558457,0.0193872
47125,0.00111691,-0.00074461,0.0139033
47126,0.000558457,0.00241998,0.0218155
47127,0.00241998,-0.00316459,0.00800775
47128,0,-0.00558457,0.00271199
47129,0.00186152,0.00186152,0.0209068
47130,-0.0135891,-0.0173122,-0.0218867
47131,0,0.00372305,0.0256444
47132,0.0173122,0.0191737,0.0568947
47133,-0.000111691,-0.000111691,0.0158716
47134,-0.00186152,0,0.0176521
47135,0.000558457,0.000558457,0.0172747
47136,0,-0.074461,-0.201823
47137,0.0111691,0.0204768,0.0621952
47138,0.00335074,0.00521227,0.027662
47139,-0.0120255,0.0791893,0.25023
47140,-0.00740887,0.00947516,0.0465382
47141,-0.00186152,-0.00186152,0.0122077
47142,0.00986608,0.00614303,0.024405
47143,-0.00428151,-0.0134961,-0.015303
47144,-0.00245721,-0.00618026,-0.00293746
47145,-0.0137008,-0.0211469,-0.0285729
47146,0.0161208,0.0142593,0.0445953
47147,-0.00148922,-0.0238275,-0.0476652
47148,0.00186152,0.00186152,0.0200031
47149,0,0.00930762,0.038809
47150,0.0043932,-0.010499,-0.0146365
47151,0.153259,1.89922,5.11681
47152,0.00930762,0.00588242,0.0270102
47153,-0.0416982,-0.0565904,-0.112787
47154,0.0120441,0.00932624,0.0346941
47155,0.01519,0.0442671,0.122368
47156,0.0126398,0.0014706,0.0153265
47157,-0.00502612,-0.00874917,-0.00349982
47158,-0.0111691,-0.0130307,-0.0118215
47159,0.000558457,-0.00495166,0.00330845
47160,-0.446971,-3.95183,-10.5251
47161,0.00725995,0.0128445,0.0436402
47162,0,0.0074461,0.0360942
47163,0.00372305,0,0.0103743
47164,0,0.00930762,0.043191
47165,0.041512,0.041512,0.103024
47166,0.0143337,0.0180568,0.0557504
47167,0.00614303,0.00614303,0.0289678
47168,-0.32264,-2.03841,-5.33401
47169,-0.0160091,-0.0160091,-0.0135289
47170,-0.721844,-4.3192,-11.347
47171,0.00800456,0.0374539,0.107906
47172,0.00930762,0.0595688,0.164427
47173,-0.00969855,-0.00411397,0.012337
47174,0.0074461,0.00930762,0.0305071
47175,0.00241998,0.0359274,0.104721
47176,-0.0266384,-0.0303429,-0.0486986
47177,0.00372305,0.00372305,0.0239008
47178,0.00558457,0.00558457,0.0277985
47179,0.000558457,0.00241998,0.0218155
47180,0.245051,2.11356,5.62763
47181,0.00817209,-0.00290398,-0.00168286
47182,-0.0130307,-0.0226734,-0.0381883
47183,0.0232691,0.0251306,0.0695961
47184,0.331854,2.22275,5.9519
47185,-0.00912147,-0.0240137,-0.0445774
47186,-0.0148922,-0.0111691,-0.00336556
47187,0.0167537,0.0167537,0.0511847
47188,0.00186152,0.00562181,0.0309959
47189,0,0,0.0161054
47190,-0.0111691,-0.0260613,-0.0436066
47191,0,0.00372305,0.0251869
47192,0.00241998,0.0148922,0.0520561
47193,0.000837686,0.000837686,0.0178594
47194,0,0,0.0161054
47195,-0.00796733,-0.0228595,-0.0369025
47196,-0.00591965,-0.00591965,0.00371073
47197,0.0173122,0.0322044,0.0886798
47198,0.36793,3.71814,9.98952
47199,-0.207765,-1.84315,-4.93255
47200,0.0322044,0.00186152,0.00970588
47201,0.00746472,0.00746472,0.0317352
47202,0,-0.00372305,0.00702397
47203,0.00111691,0.00483996,0.0290436
47204,0.0130307,0.0130307,0.0433893
47205,0.214801,1.86966,5.02799
47206,0.0102384,-0.0269921,-0.0612525
47207,0.0223383,0.0297844,0.0810407
47208,-0.0074461,-0.0148922,-0.0176483
47209,0,-0.00372305,0.00578137
47210,-0.0104432,0.00631057,0.0380854
47211,-0.00372305,-0.00186152,0.0128507
47212,0.0117276,0.00986608,0.0361202
47213,0.0130307,0.0148922,0.0482921
47214,0.00986608,0.00990331,0.0368702
47215,0,0.00930762,0.038809
47216,0.00186152,0.00186152,0.0200031
47217,0,-0.00930762,-0.00914253
47218,0.00930762,0.0130307,0.0446754
47219,0.000167537,0.000167537,0.0164562
47220,-0.134402,-0.212326,-0.48808
47221,0.00899117,0.0238834,0.0733213
47222,0.0218171,0.0149294,0.0478124
47223,0.00539842,0.010983,0.0410309
47224,0.00186152,0.00245721,0.0227691
47225,-0.00372305,-0.00372305,0.00831002
47226,-0.0675547,-0.0731393,-0.138964
47227,-0.0787239,-1.7387,-4.70277
47228,-0.000558457,-0.000558457,0.0149361
47229,-0.00186152,0.0074461,0.0401697
47230,0,0.00186152,0.0208749
47231,-0.0148922,-0.0201045,-0.0300505
47232,-0.00372305,-0.0111691,-0.00985288
47233,0.00930762,0.0204768,0.0632957
47234,-0.00130307,0.0134961,0.0503636
47235,0.00800456,0.00800456,0.0328655
47236,-0.00372305,-0.00372305,0.00831002
47237,-0.000558457,-0.00428151,0.00585466
47238,0,-0.00558457,0.00248325
47239,0,0.00372305,0.0251869
47240,-0.089651,-0.0414748,-0.0497833
47241,0.00465381,0.000930762,0.0155866
47242,0.129972,1.78345,4.84368
47243,-0.0760991,-0.104729,-0.215133
47244,0.0199183,0.0161953,0.0539877
47245,0.0612442,0.0575211,0.132629
47246,0.0528859,0.0733627,0.176787
47247,-0.0173122,-0.00986608,-0.00198029
47248,0,-0.00186152,0.012223
47249,0.00186152,-0.00372305,0.00638094
47250,-0.00370443,0.00188014,0.0237785
47251,-0.0303429,-0.0396505,-0.0701307
47252,-0.0204582,-0.0334888,-0.0593226
47253,0.0266198,0.0470035,0.122427
47254,-0.00930762,-0.0167537,-0.0232096
47255,-0.000800456,-0.000800456,0.0167169
47257,0,-0.00186152,0.010661
47258,0.000856301,0.000856301,0.0178984
47259,-0.00632918,-0.00632918,0.00285324
47260,-0.126602,-0.141346,-0.316883
47261,0.0579865,0.0579865,0.141901
47262,-0.00558457,-0.00558457,0.00441232
47263,0.00930762,0.00930762,0.0355939
47264,-0.000930762,-0.000930762,0.0143853
47265,0.00711103,0.00701795,0.0307272
47266,0,-8.67362e-19,0.0143912
47267,0.00372305,0.0111691,0.0425212
47268,-0.00163814,-0.00368582,0.00671115
47269,0.00186152,0.000204768,0.0159674
47270,0.00241998,0.00595688,0.0301915
47271,0.000949378,0.0028109,0.022634
47272,0.00372305,0.00372305,0.0239008
47273,0.169213,1.80002,4.85736
47274,0.0359274,0.0228968,0.053786
47275,-0.00513781,-0.0126398,-0.0150244
47276,0.0116531,0.0190992,0.0591254
47277,0.0316459,0.032949,0.0853473
47278,-0.0649672,-0.0798594,-0.15625
47279,0.0148922,0.0223383,0.0654499
47280,0.00372305,0.00217798,0.0191017
47281,0.00954962,0.00954962,0.0361006
47282,-0.0135891,-0.0154507,-0.0168885
47283,-0.00186152,-0.0167537,-0.0258403
47284,-0.00186152,-0.00930762,-0.00506817
47285,-0.0130307,0,0.0206066
47286,-0.445109,-3.8095,-10.1419
47287,0.0339542,0.0469849,0.12081
47288,-0.00137753,0.0079301,0.0438456
47289,-0.00186152,-0.00186152,0.0116292
47290,0.000558457,0.00241998,0.0220442
47291,0.00372305,0.00372305,0.0239008
47292,0.0161953,0.0161953,0.0500154
47293,0,-0.00186152,0.0115647
47294,0,0.00186152,0.0206461
47295,-0.000558457,-0.00428151,0.00585466
47296,0.000558457,0.00428151,0.0233766
47297,0,-0.00372305,0.00702397
47300,0,-0.00186152,0.0115647
47303,-0.0420891,-0.0494049,-0.0898666
47304,0.0445091,0.0594013,0.14654
47305,0.0186339,0.02608,0.0740915
47306,0,-0.00186152,0.0115647
47307,-0.0223755,-0.0242371,-0.0352857
47308,-0.011951,-0.011951,-0.00891781
47309,0.0204768,0.0223383,0.0637496
47310,-0.0036672,-0.0111133,-0.00973595
47311,-0.00186152,0,0.0174067
47312,-0.0135519,-0.0228595,-0.0349735
47313,0.0074461,0.0148922,0.0498591
47314,-0.0154879,-0.00727856,0.00471488
47315,0.00930762,0.00930762,0.0355939
47316,0.00614303,0.00614303,0.0289678
47317,0.0107968,0.0126584,0.0432528
47318,0,0,0.0161054
47319,-0.00660841,-0.00846994,-0.00227214
47320,0.0148922,0.0167537,0.0518277
47321,-0.00930762,-0.0241998,-0.0433235
47322,-0.00186152,-0.00186152,0.0122077
47323,0.00186152,-0.0167537,-0.0254041
47324,0.00930762,0,0.0117466
47325,-0.0148922,-0.0130307,-0.0103067
47326,0.015823,0.015823,0.0492359
47327,0.000558457,-0.00186152,0.010516
47328,-0.00241998,-0.00241998,0.0110384
47329,-0.0376028,-0.0394643,-0.0671688
47330,0,0.00558457,0.0304138
47331,0.00930762,0.0111691,0.0401346
47332,0.00523089,0.00709241,0.0322569
47333,0.00186152,0.00186152,0.0200031
47334,-0.00186152,-0.00186152,0.0122077
47335,-0.0148736,-0.0148736,-0.0150372
47336,0.00930762,0.00930762,0.0355939
47337,-0.00152645,-0.00152645,0.0129093
47338,0.00186152,0,0.0148041
47339,0,0.00186152,0.0213044
47340,0.00724133,0.0146874,0.0503453
47341,-0.0148922,-0.0186152,-0.0246151
47342,0.0108527,0.00712964,0.0292901
47343,-0.00558457,-0.00558457,0.00441232
47344,0,0,0.0161054
47345,0.00474689,0.00474689,0.0260446
47346,0.000111691,0.000204768,0.0165992
47347,-0.00541704,-0.00541704,0.00476311
47348,0.0111691,0.0186152,0.0585695
47349,0,0.0054915,0.0301868
47350,-0.0148922,-0.0186152,-0.0246151
47351,-0.00374167,-0.00746472,-0.0012679
47352,-0.00241998,-0.00614303,0.00149947
47353,0.000595688,0.00431874,0.0268916
47354,0.00372305,0.00372305,0.0239008
47355,0.0266198,0.0396505,0.103628
47356,-0.00245721,-0.00431874,0.00621896
47357,0,0,0.0161054
47358,0.00241998,0.00614303,0.0307114
47359,0.00135891,0.00135891,0.0189507
47360,0.493267,3.90051,10.3758
47361,-0.00282952,-0.0401159,-0.0846667
47362,0.846082,7.20704,19.2851
47363,-1.54871,-15.8392,-42.4694
47364,0.0198811,0.045384,0.120324
47365,0.00930762,0.0223383,0.0859482
47366,-0.00372305,-0.00186152,0.0139152
47367,-0.00558457,0.0130307,0.0596515
47368,0,0,0.0161054
47369,0,0.00372305,0.0180101
47370,-0.00186152,0,0.0174365
47371,0,0,0.0162387
47372,0,0.00372305,0.0256444
47373,0.0222266,0.0279229,0.0770098
47374,0.109141,1.74855,4.73715
47375,0.00558457,0.00316459,0.0193434
47376,0.0452351,0.0564042,0.140593
47377,-0.0247583,-0.0228968,-0.030386
47378,0.00253167,0.0043932,0.0265755
47379,0,0.0039092,0.0274845
47380,0,0.00186152,0.022105
47381,0,0.0074461,0.0354499
47382,-0.0148922,-0.0209608,-0.0280675
47383,0.00930762,0.00921455,0.0366293
47384,-0.00186152,-0.00186152,0.0113041
47385,0,0.00372305,0.0256444
47386,0,-0.0111691,-0.0128563
47387,0,-0.00558457,0.000641166
47388,0.00372305,0.0074461,0.0334398
47389,0.00372305,0.00558457,0.0257419
47390,-0.0130307,-0.0204768,-0.0293527
47391,0.0102384,0.00837686,0.0325445
47392,-0.0111691,-0.0111691,-0.00728078
47393,-0.00186152,0.00186152,0.0217467
47394,0.166234,1.83973,5.03326
47395,0,0.00558457,0.0290321
47396,-0.2409,-2.00551,-5.39358
47397,0.0252237,0.0363928,0.0970014
47398,-0.00930762,-0.0148922,-0.0174627
47399,0.00560319,0.0130493,0.0469154
47400,0.0798408,0.162399,0.385116
47401,0.0148922,0.00372305,0.0209331
47402,-0.0143151,-0.0161767,-0.0171133
47403,-0.0130307,-0.0130307,-0.0111785
47404,0.0186152,0.0297844,0.0836606
47405,-0.0186152,-0.0260613,-0.0410345
47407,-0.00889809,-0.00703656,0.0026734
47408,0.0074461,0.00372305,0.0221573
47409,0.00688764,0.00688764,0.0305269
47410,0.0284813,0.0359274,0.0943606
47411,0,0,0.0165629
47412,0.000763225,0.000763225,0.0177035
47413,-0.0115973,-0.00973578,-0.00364397
47414,0.00703656,0.00459797,0.0241639
47415,0.00314598,0.00873055,0.0363147
47416,0,0.00186152,0.0206461
47417,0,0,0.0161054
47418,0,0.00558457,0.0297276
47419,-0.0586008,-0.0604623,-0.111135
47420,0.0168282,0.0224128,0.0667156
47421,0.00335074,-0.00595688,-0.000497326
47422,-0.00368582,-0.0111319,-0.0119931
47423,0.000148922,-0.00543565,0.00153033
47424,-0.00558457,-0.00595688,0.00332783
47425,-0.0111691,-0.0154507,-0.0181819
47426,0.0148922,0.0167537,0.0630479
47427,-0.00117276,-0.00117276,0.0136499
47429,0.00184291,0.00742748,0.0342725
47430,0.0074461,0.00714826,0.0309752
47431,-0.00135891,0.00236414,0.022799
47432,0,0.00558457,0.031747
47433,-0.053463,-0.0629568,-0.13834
47434,0.043932,0.0513781,0.126254
47435,0.000148922,0.000148922,0.01817
47436,-0.0144268,-0.0214634,-0.0321694
47437,-0.00115415,0.0025689,0.0243322
47438,0.0148922,0.0130307,0.0410471
47439,-0.000930762,-0.00074461,0.0146765
47440,0.000930762,-0.00279229,0.00809643
47441,-0.0253167,-0.0234552,-0.0308006
47442,0.00785564,0.00599411,0.0264511
47443,-0.00558457,-0.0166606,-0.026693
47444,0.0094007,0.00884224,0.034023
47445,0.00374167,0.00969855,0.040715
47446,-0.00969855,-0.0106293,-0.00665298
47447,-0.00128445,-0.00128445,0.013416
47448,0.00774394,0.00774394,0.0323198
47449,0.0111691,0.0204768,0.0621952
47450,-0.0188386,-0.0281463,-0.0460429
47451,0.0119138,0.0137753,0.0458202
47452,-0.27653,-2.03841,-5.37351
47453,-0.129599,-1.92511,-5.09012
47454,0.00930762,0.0297844,0.0928755
47455,0,0.00372305,0.0262959
47456,-0.00558457,-8.67362e-19,0.0205197
47457,0.00186152,0.00372305,0.0262966
47458,0.0202906,0.0351828,0.0968671
47459,0.000558457,-0.00502612,0.00238782
47460,-0.00372305,-0.00372305,0.00831002
47461,0,0.00558457,0.0327278
47462,0,-0.00154507,0.0120327
47463,0.00526812,0.00712964,0.0324839
47464,-0.0314598,-0.0327628,-0.0553837
47465,-0.0052495,-0.00655257,0.0062503
47466,0.198439,2.05458,5.43994
47467,0.00558457,0.00558457,0.0260457
47468,0,0.00372305,0.0251869
47469,0.00186152,0.00186152,0.0200031
47470,0.0237717,0.0032949,0.0159311
47472,0,-0.0111691,-0.0111389
47473,0.371616,4.00528,10.7838
47474,-0.0128818,-0.0091587,-0.000711643
47475,-0.00483996,-0.0177403,-0.0233163
47476,0.00986608,0.0191737,0.059512
47477,-0.00428151,-0.00074461,0.0157319
47478,-0.0335074,-0.0539842,-0.104001
47479,0.0264523,0.082298,0.214759
47480,0.00614303,-0.021724,-0.0420388
47481,0.00186152,0,0.0152336
47482,-0.0130307,-0.00186152,0.0190455
47483,0.0148922,0.0111691,0.0382056
47484,0,-0.00558457,0.00192871
47485,-0.00930762,-0.0111691,-0.0079238
47486,-0.000558457,-0.000558457,0.0149361
47487,0.00241998,0.00241998,0.0211724
47488,-0.0359274,-0.0359274,-0.0587581
47489,-0.00930762,-0.0167537,-0.0208579
47490,0.0119138,0.0212586,0.0638451
47491,0.00670149,0.00670149,0.0301371
47492,0.00241998,0.00241998,0.0211724
47493,-0.00986608,-0.00986608,-0.00455239
47494,0.00930762,0.0130307,0.0449041
47495,0.00614303,0.00614303,0.0289678
47497,0,0,0.0161054
47498,0,0.00558457,0.0324386
47499,0.000837686,-0.00102384,0.0116909
47501,0.00152645,0.00152645,0.0193015
47502,0.00874917,0.0141476,0.0479319
47503,-0.0107782,-0.0107782,-0.00646226
47504,0.00558457,0.0074461,0.0331465
47505,0,0,0.0161054
47506,0.19842,1.86865,5.04914
47507,0.00186152,-0.0279229,-0.0598031
47508,-0.00800456,-0.0165676,-0.0230907
47509,-0.0929459,-1.75782,-4.79489
47510,0.00783702,0.0190062,0.064141
47511,-0.00074461,-0.0100522,-0.0101282
47512,-0.00558457,-0.0186152,-0.0282764
47513,0.00316459,0.00316459,0.0227315
47514,-0.0154134,-0.020998,-0.0305969
47515,0.0359274,0.0601273,0.151275
47516,-0.000986608,0.00078184,0.0183204
47517,0.00230829,-0.00532396,0.00132589
47518,0,-0.0130307,-0.0181014
47519,0.00930762,0.0111691,0.0401346
47520,-0.0135333,-0.00608719,0.00730451
47521,0.00558457,0.0167537,0.0545854
47522,0.0191737,0.0154507,0.0467128
47523,0,0,0.0161054
47524,0.0015823,0.00748333,0.0340575
47525,0,-0.0074461,-0.00205748
47526,-0.0228968,-0.0582657,-0.12391
47527,0.0111691,0.0297844,0.0861941
47528,0.0144082,0.0181313,0.0548976
47529,0.123345,1.79857,4.9224
47530,-0.000558457,-0.0359274,-0.0724467
47531,-0.00778117,-0.0204209,-0.0365095
47532,0.0135891,0.0135891,0.0445586
47533,0.0130307,0.0223383,0.0660122
47534,0.00565904,-0.00735302,-0.00584715
47535,0.000167537,0.000204768,0.0165632
47536,-0.00558457,-0.00928901,-0.00461468
47537,-0.00372305,-0.0102384,-0.0088971
47538,-0.0359274,-0.0396505,-0.0682016
47539,-0.0368582,-0.0107968,0.00411559
47540,0.00930762,0.0130307,0.0446754
47541,0.0111691,0.0111691,0.0394916
47542,0.00372305,-0.00186152,0.00861505
47543,0,0,0.0161054
47544,3.72305e-05,3.72305e-05,0.0161834
47545,-0.00372305,-0.00372305,0.00831002
47546,0.0247583,0.0284813,0.0776845
47547,1.86152e-05,-0.00370443,0.00531017
47548,-0.000521227,0.00320182,0.0240955
47549,0.00186152,0.00558457,0.0290846
47551,-0.00357413,-0.0110202,-0.00954106
47552,-0.255643,-2.04462,-5.44938
47553,0.00742748,0.0204582,0.0682817
47554,-0.0223383,-0.0223383,-0.030667
47555,0.0483996,0.0725995,0.17739
47556,-0.00560319,-0.00558457,0.00441875
47557,0.0465195,0.0427965,0.101675
47558,-0.00930762,-0.00930762,-0.00338308
47559,0.0130307,0.0130307,0.0433893
47560,-0.0154507,-0.0154507,-0.0162455
47561,0.00124722,0.00310875,0.0240648
47563,-0.00186152,-0.0241998,-0.042281
47565,0.00986608,0.00966131,0.0361913
47566,0.00990331,0.00618026,0.0273022
47567,-0.00986608,-0.00428151,0.0101559
47568,-0.0474689,-0.090284,-0.194871
47569,-0.295722,-2.26992,-6.0844
47570,0.0180568,0.0161953,0.0514536
47571,0.00800456,0.0117276,0.0385658
47572,-0.384088,-2.50515,-6.54036
47573,0.00917732,0.0254843,0.0798337
47574,-0.21966,-2.44908,-6.44141
47575,0.0148922,0.0260613,0.0844796
47576,-0.00560319,-0.00930762,-0.00476419
47577,-0.00742748,-0.00556596,0.00575259
47579,0.00558457,0.00921455,0.0366077
47580,0.017033,0.0133099,0.0400588
47581,0.0299706,0.216123,0.555805
47582,-0.00530535,-0.0108899,-0.0127205
47583,0.00154507,0.00526812,0.0288794
47584,0.00186152,0.00186152,0.0200031
47586,-0.00372305,-0.00558457,0.00376929
47587,-0.017033,-0.0244791,-0.0384077
47588,-0.0152645,-0.0221521,-0.0329164
47589,0,-0.00074461,0.0141637
47590,0.0148922,0.0186152,0.0565972
47591,0.00186152,0.00558457,0.0290846
47592,0.017126,0.0189876,0.056505
47593,0.0247583,0.0340659,0.0917922
47594,0.00930762,0.0111691,0.0406892
47595,0.176677,2.23128,5.93143
47596,-1.04847,-5.00464,-12.8893
47597,-0.0032949,0.0257635,0.0888934
47598,0.0383474,0.0457935,0.117561
47599,-0.00571488,-0.00943793,-0.00655645
47600,-0.00856301,-0.0420705,-0.0980874
47601,0.0234552,0.0574839,0.16
47602,0.00186152,0.00186152,0.0200031
47603,0.015674,0.0192109,0.0574707
47604,0.0470966,0.0693977,0.164717
47605,0.00186152,0.00186152,0.0200031
47606,1.86152e-05,-0.000260613,0.0154633
47607,-0.0383474,-0.0364859,-0.0588392
47608,0.0204768,0.0186897,0.053995
47609,-0.00186152,-0.00186152,0.0122077
47610,0,0.00772533,0.0367681
47611,0,0.00379751,0.0256194
47612,-0.0135891,-0.0228968,-0.0350514
47613,0,0.0712219,0.217668
47614,0.0024386,0.0136077,0.0489132
47615,0,-0.00921455,-0.00635973
47616,0.00186152,0.0130307,0.047705
47617,-0.0036672,-0.0111133,-0.00973595
47618,0.00372305,0.0167537,0.057047
47619,0.00189876,-0.00182429,0.0105421
47620,0.00986608,0.00241998,0.0158481
47621,0.252479,1.96104,5.23801
47622,-0.545148,-4.03984,-10.7493
47623,0.0167537,0.0433735,0.120856
47624,0.00558457,0.00556596,0.0272386
47625,-0.0118021,-0.00807902,0.00236652
47626,0.0279229,0.0279229,0.0747997
47627,-0.0167537,-0.0148922,-0.0136259
47628,0.0074461,0.0186152,0.0584904
47629,-0.0130307,-0.00930762,-0.000780502
47630,0.0074461,0.0074461,0.0316962
47631,0.0167537,0.0181871,0.0548787
47634,-0.145255,-0.197266,-0.423837
47635,0.476569,2.34336,6.16439
47636,0.131908,1.87039,5.04167
47637,0.0074461,0.0111691,0.0407777
47638,-0.0199183,-0.068318,-0.167444
47639,-0.0148922,-0.0148922,-0.0150762
47640,-0.0111691,-0.0359833,-0.0687236
47641,-0.367465,-2.15773,-5.64413
47642,-0.0074461,-0.0186152,-0.0271872
47643,0.0127142,0.0220218,0.0710803
47644,-0.00186152,-0.00558457,0.00266878
47645,0.00930762,0.0241998,0.0719197
47646,0.00074461,-0.0104245,-0.00957985
47647,-0.0100522,0.00670149,0.0469158
47648,-0.252516,-2.01235,-5.38404
47649,0.0074461,0.00372305,0.0221573
47650,-0.00930762,-0.0130307,-0.012922
47651,0.0130307,0.0167537,0.0529283
47652,0,0.00372305,0.0256444
47653,0.0359274,0.041512,0.104953
47654,-0.00930762,-0.0111691,-0.0079238
47655,-0.00558457,-0.00372305,0.00918179
47656,-0.000558457,-0.00800456,-0.00391303
47657,-0.00130307,-0.00130307,0.013377
47658,-0.0448441,-0.0390548,-0.0611257
47659,0.00930762,0.00930762,0.0355939
47660,0.00372305,0,0.0143619
47661,0,0.00372305,0.0256444
47662,-0.00930762,-0.0167537,-0.021546
47663,0,-0.00558457,0.00258029
47664,-0.039092,-0.0385336,-0.0636555
47665,0.0260613,0.0260613,0.0706732
47666,0.00372305,0.00558457,0.028899
47667,0.0074461,0.0074461,0.0316962
47668,-0.0484369,-0.0521599,-0.0948517
47669,0.00186152,0.00186152,0.0200031
47670,-2.68082,-11.0887,-28.1534
47671,0.0624728,0.107596,0.275012
47672,0.0148922,0.0316832,0.094643
47673,0,0.00558457,0.0305387
47674,0.00967993,0.00409535,0.0205477
47675,0.00577073,0.0065898,0.0226005
47676,0.000558457,0.00800456,0.0386396
47677,0.0074461,0.00746472,0.0322883
47678,-0.00428151,-0.00241998,0.0123397
47679,0.00372305,-0.11171,-0.293168
47680,-0.057093,-0.0962781,-0.203115
47681,-0.00962408,-0.0133471,-0.0135846
47682,0.00374167,0.00746472,0.0334787
47683,0.0130307,0.0130307,0.0433893
47684,0.0238275,0.0274389,0.0702275
47685,-0.00949378,-0.0169399,-0.0219357
47686,-2.20077,-5.29522,-12.8735
47687,-0.175467,-5.21281,-13.787
47688,-0.0111691,-8.67362e-19,0.0243157
47689,-0.0246466,-0.0172005,-0.0125166
47690,-0.0111691,-0.0074461,0.00646984
47691,-0.146874,-5.24016,-13.9211
47692,-0.00186152,0.00558457,0.0284216
47693,0.0120999,0.0120999,0.041233
47694,-0.0118021,1.85345,4.77563
47695,0.303187,3.61324,9.7426
47696,-0.148364,-3.41016,-9.26663
47697,0.0619888,1.37565,3.82157
47698,0.207374,2.1369,5.70756
47699,0.00558457,0.0074461,0.0327967
47700,0.00558457,0.00372305,0.0183956
47701,0,-0.00372305,0.00661491
47702,0,-0.00495166,0.00320668
47703,-0.452276,-4.22657,-11.1853
47704,-0.0170702,-0.0277181,-0.0595681
47705,0.0321299,0.0494421,0.126586
47706,0.169175,2.09848,5.63317
47707,0.0199183,0.0236414,0.0607575
47708,0.00372305,0.00930762,0.0361719
47709,0,-0.00186152,0.0115647
47710,-0.00446766,0.0178706,0.0626139
47711,-0.00186152,-0.00735302,9.54199e-05
47712,0.00074461,-0.00856301,-0.00549661
47713,0.00130307,-0.000558457,0.0140643
47714,0.000763225,-0.0010983,0.0136202
47715,-0.00448628,-0.00448628,0.00671196
47716,0.00241998,0.00241998,0.0211724
47717,-0.167947,-2.05779,-5.48605
47718,0.00930762,0.0186152,0.062589
47719,0,-0.00372305,0.00540948
47720,0.0074461,0.0074461,0.0321151
47722,-0.0173122,-0.0340659,-0.0605522
47723,0.00614303,0.00241998,0.0194289
47724,-0.00986608,-0.0173122,-0.0231728
47725,0.00428151,0.00614303,0.0313463
47726,0,0.00930762,0.038809
47727,-0.921641,-4.01967,-10.3967
47728,-0.0428151,-1.83863,-4.43553
47729,0.0372305,0.0497213,0.12701
47730,0.00074461,0.00260613,0.0243835
47731,-0.00316459,-0.00316459,0.00575557
47732,-0.0114856,-0.00590103,0.00658315
47733,0.00526812,-0.000316459,0.0100082
47734,0,0.00186152,0.0208749
47735,-0.00204768,0.00167537,0.0222159
47736,0.0195088,1.87917,4.59644
47737,0,-0.00186152,0.0115647
47738,-0.00186152,-0.00558457,0.00266878
47739,0.00467243,0.0028109,0.0213479
47740,-0.0482135,-0.0570744,-0.102463
47741,0.0415679,0.0819629,0.214381
47742,0.0111691,0.0102384,0.0372213
47743,-0.000558457,-0.0245907,-0.0506365
47744,0.00930762,0.0167537,0.0563486
47745,-0.00372305,0.00372305,0.0233517
47746,-0.0407674,-0.0370443,-0.0613889
47747,-0.0244604,-0.0374911,-0.0671242
47748,0.0380123,0.0491815,0.126027
47749,-0.00372305,0,0.017849
47750,-0.0074461,-0.00558457,0.00505534
47751,-0.00331351,-0.00294121,0.0105789
47752,0.00186152,0.00223383,0.0209113
47753,-0.390771,-3.28479,-8.68555
47754,-0.0638689,-0.00932624,0.0379878
47755,0.0157485,0.0287792,0.0829146
47756,0.0074461,0.0372305,0.120627
47757,-0.0111691,-0.00186152,0.0183392
47758,-0.00372305,-0.00558457,0.00286563
47759,0.057093,0.0854068,0.211349
47760,-0.0166234,-0.0277926,-0.0501299
47761,-0.000260613,-0.000130307,0.0158776
47762,0.0196577,0.0233808,0.0672502
47763,-0.0223383,-0.0204768,-0.0261263
47764,0.0228409,0.0228409,0.0639302
47765,-0.0567207,-0.0492746,-0.0835796
47766,-0.00297844,-0.00986608,-0.0113387
47768,-0.198755,-1.62785,-4.31175
47769,-0.0780724,-0.0769554,-0.146627
47770,0.445891,1.97158,5.15084
47771,-3.72305e-05,-0.0540215,-0.136259
47772,-0.019546,-0.0232691,-0.0359661
47773,-0.277795,-1.83329,-4.85721
47774,0.239299,1.80397,4.83538
47775,-0.0264709,-0.0320555,-0.0575141
47776,0.00558457,0.00558457,0.0277985
47777,-0.315808,-1.86128,-4.89483
47778,0.0204954,0.0335261,0.0907807
47779,0.00670149,0.0402089,0.116679
47780,0.034401,0.0306779,0.0795109
47781,-0.0161767,-0.0126398,-0.00968607
47782,-1.07134,-3.90835,-9.87927
47783,-0.111319,-0.122693,-0.2257
47784,0.041512,0.0686903,0.17615
47785,-0.0197135,-0.0141476,-0.00685973
47786,-0.0148922,-0.0111691,-0.00438024
47787,0,-0.00186152,0.00157421
47788,0,0.0130307,0.052707
47789,0.0173122,0.0252423,0.0751195
47790,0.239038,0.2409,0.519342
47791,-0.0322044,-0.0340659,-0.0558655
47792,0.00558457,0.00372305,0.0181139
47793,-0.0130307,-0.0130307,-0.00276492
47794,0,-0.00372305,0.00702397
47795,-0.0497213,-0.0739212,-0.147032
47796,0.00688764,0.0273644,0.08763
47797,-0.010015,0.0083024,0.0478195
47798,-0.335465,-1.81555,-4.76618
47799,0.00186152,0,0.0191409
47800,-0.148419,-1.67236,-4.45119
47801,-0.162902,-1.58507,-4.1565
47802,0.334497,-1.19376,-3.47571
47803,0.215956,1.76545,4.77292
47804,-0.0228968,-0.0536864,-0.111822
47805,0.00372305,-0.0223383,-0.053955
47806,-0.00558457,-0.00558457,0.0106107
47807,0.00372305,0.0521227,0.148377
47808,-0.0971158,-1.60151,-4.3571
47809,-0.0688764,-0.0819071,-0.158495
47810,0.0111691,0.0260613,0.0709792
47811,0.0057335,-0.00167537,0.00602727
47812,-0.00614303,-0.00614303,0.00324301
47813,-1.96486,-3.58667,-8.53702
47814,0.117369,0.169026,0.401259
47815,-0.0030529,-0.030529,-0.0635702
47816,0.0074461,0.0148922,0.0509682
47818,0,-0.0502612,-0.130402
47819,-0.0459797,-0.0385336,-0.0651328
47820,1.82848,1.83034,3.84982
47821,0.00186152,-0.00186152,0.0111118
47822,0,-0.00372305,0.00540948
47823,-0.210278,-1.96395,-5.23302
47824,-0.0117648,0.0142965,0.0541105
47825,0.0613,0.0892229,0.225374
47826,-0.079301,-0.0954962,-0.199382
47827,0.0118951,-1.68336,-4.61647
47828,-0.092313,-0.0879571,-0.159961
47829,-0.0279415,-0.942155,-2.52824
47830,-0.0398739,-0.968905,-2.61576
47831,0.169771,2.0641,5.54303
47832,-0.0681504,-0.105381,-0.239816
47833,0.045626,0.0958872,0.255271
47834,0.164224,2.06694,5.59303
47835,-0.166588,-0.215732,-0.465237
47836,-0.0236786,-0.0087864,0.0142455
47837,-0.0117276,-0.0288723,-0.059034
47838,0.0173122,0.0174239,0.0526768
47839,0.0186152,0.0204395,0.0595251
47840,-0.00930762,-0.00930762,-0.00338308
47841,-0.0135891,-0.0154507,-0.0169388
47842,0.0322044,0.0323905,0.0839897
47843,-0.0344382,-0.0288536,-0.0373891
47844,0.014855,0.0241626,0.0699127
47845,-0.0130307,-0.0279229,-0.0475043
47846,-0.00986608,0.00874917,0.0408548
47847,0.00614303,0.0288909,0.0866957
47848,-0.690328,-6.03689,-16.0501
47849,0.047413,0.0623052,0.149449
47850,-0.0204395,-0.012435,-0.00657578
47851,-0.0327256,-0.0438948,-0.085463
47852,0.0247397,0.011709,0.0241933
47853,-0.0587311,-0.0803248,-0.162373
47854,-0.00372305,-0.011225,-0.000858176
47855,-0.0148922,-0.015823,-0.0173465
47856,-0.0688578,-1.67206,-4.53162
47857,0.00815348,0.0137381,0.0479086
47858,0.00930762,0.0148922,0.0472224
47859,-0.071315,-0.0694535,-0.127566
47860,0.00372305,0.000912147,0.0163643
47861,0.00241998,0.246894,0.70878
47862,0.0104245,0.0165117,0.0606201
47863,0.0249444,0.0379751,0.10012
47864,-0.0297099,-0.0297099,-0.0452946
47865,-2.18902,-7.79355,-19.4966
47866,-0.0420518,-0.0424055,-0.0753963
47867,0.256835,3.9627,10.2356
47868,2.19569,5.5288,13.8549
47869,-0.0102384,-0.028109,-0.052983
47870,-0.0233435,-0.0181313,-0.0192536
47871,0.0223383,0.0297844,0.0810407
47872,-0.00279229,-0.0214075,-0.042029
47873,-0.000930762,-0.00106107,0.0138227
47874,-0.0830054,-0.0879384,-0.170002
47875,-0.0788542,-1.55449,-4.19667
47876,-0.0533513,-0.0607974,-0.116656
47877,0.0247583,0.0322044,0.0976362
47878,-0.0165303,-0.00908424,0.00288572
47879,0.135221,1.56076,4.22193
47880,0.0165862,-0.00681318,-0.0132268
47881,-0.284367,-1.68306,-4.43572
47882,0.0186152,0.0372305,0.108932
47883,-0.00186152,-0.0054915,0.00370038
47884,-0.0223383,-0.0241998,-0.032107
47885,0.022934,-0.0887575,-0.209933
47886,-0.0101267,-0.000912147,0.0217711
47887,-2.24331,-8.1596,-20.4894
47888,0.0330235,0.0610394,0.158917
47889,-0.0127514,0.00772533,0.0430945
47890,0.179395,4.148,10.7686
47891,0.00770671,0.00863748,0.0276122
47892,0.0261544,-0.00176845,-2.48359e-05
47893,0.0621749,0.065898,0.15537
47894,0.0167537,0.0336005,0.100588
47895,0.413649,0.411788,0.876733
47896,-0.00742748,-0.0185966,-0.0266907
47897,-0.00742748,-0.00370443,0.0140754
47898,0.759353,0.740198,1.55611
47899,-0.00670149,0.00446766,0.028459
47900,0.0216123,0.0123047,0.0390161
47901,-0.0192109,0.00126584,0.0271457
47902,0.0191737,0.0228968,0.0657907
47903,0.00186152,-0.0074461,-0.0027005
47904,0.878454,3.00981,7.76153
47905,-0.00679457,-0.0328559,-0.0723463
47906,1.86152e-05,-0.00374167,0.00696489
47907,0.0244791,0.0244791,0.0690785
47908,9.30762e-05,-0.0015823,0.0111991
47909,-0.322472,-2.49476,-6.6715
47910,-0.0161953,0.0135891,0.0678586
47911,0.00241998,0.0191737,0.0604245
47912,0.0449186,0.0467801,0.115356
47913,-0.0297844,-0.0279229,-0.0406811
47914,0.0204768,-0.00186152,0.00329627
47915,-0.0204768,-0.0245721,-0.0369396
47916,-0.0074461,-0.00186152,0.0141368
47917,3.72305e-05,0.00189876,0.0207241
47918,0.00275506,0.0176473,0.0588581
47919,0.0282021,0.00809763,0.0194158
47920,0.0191737,0.0191737,0.0562517
47921,-0.0214075,-0.0210911,-0.0278343
47922,0.00372305,0.00372305,0.0239008
47923,-0.00372305,-0.00148922,0.0140334
47924,0.0325953,0.0325953,0.0843541
47925,-0.0111878,-0.0149108,-0.0180157
47926,-0.0145199,-0.0331351,-0.0597039
47927,-0.0279229,-0.0241998,-0.0328211
47928,0.00236414,0.00645949,0.0300023
47929,-0.0336936,-0.0296913,-0.0441018
47930,0.031981,0.0282579,0.0744439
47931,-0.0502612,-0.0577073,-0.10891
47932,0.0372305,0.0502612,0.125186
47933,-0.00372305,-0.0148922,-0.0173198
47934,0,-0.00372305,0.00540948
47935,0.0148922,0.0223383,0.0661361
47936,-0.0186339,-0.0130493,-0.00722418
47937,0,0.0096427,0.0419271
47938,-0.0061058,-0.00201045,0.0114785
47939,-0.00186152,-0.00558457,0.00312627
47940,0.00558457,-0.0176845,-0.0342615
47941,-0.166997,-2.27797,-6.17933
47942,0.0190806,0.0228037,0.0651383
47943,-0.0303429,-0.0221521,-0.0247033
47944,0,0.00502612,0.0344893
47945,0,0,0.0187385
47946,-0.00435597,-0.00992193,-0.00813724
47947,-0.00848855,-0.00848855,-0.00166809
47948,-0.0663447,-1.45398,-3.837
47949,0.0551756,0.0570371,0.135669
47950,-0.00186152,0.00372305,0.026939
47951,-0.0167537,-0.0130307,-0.00817594
47952,0.0428151,1.45636,3.91091
47953,-0.0106107,0.00241998,0.0308774
47954,0.00130307,0.00130307,0.0188338
47955,-0.0111691,-0.0111691,-0.00728078
47956,-0.00495166,0.0136636,0.0511448
47957,-0.698593,-4.96921,-13.0676
47958,-0.225412,-2.32186,-6.22459
47959,0.00143337,0.00320182,0.0236601
47960,-0.0148922,0.00186152,0.0316265
47961,0.312289,2.43819,6.56972
47962,-0.0620446,-0.0560319,-0.101995
47963,0.0078184,0.0153017,0.050551
47964,0,0,0.0161054
47965,0,-0.00372305,4.13267e-05
47966,0.00370443,0.0111691,0.0442654
47967,0.0169957,0.00135891,0.0127421
47968,0.0106107,0.0199183,0.0639569
47969,-0.022208,-0.0140173,-0.0104149
47970,0.0245721,0.0301567,0.0824227
47971,0.00186152,-0.0100522,-0.00905752
47972,-0.0673314,-1.37498,-3.81163
47973,0.0303429,0.0489581,0.131125
47974,-0.00560319,1.30579,3.70058
47975,0,-0.00930762,-0.00793601
47976,0.0917732,0.0787425,0.169074
47977,0.0158043,0.0474503,0.140112
47978,0.532564,4.6023,12.2344
47979,0.00986608,-0.00295982,0.00850985
47980,-0.0287419,-0.0360764,-0.0624266
47981,-0.0154507,-0.0247583,-0.0420358
47982,-0.489023,-4.53155,-12.0588
47983,-0.00288536,0.0118579,0.0432695
47984,0.0260613,0.0290398,0.0771796
47985,-0.00230829,0.016307,0.0611145
47986,0,-0.0111691,-0.0111389
47987,9.30762e-05,9.30762e-05,0.014493
47988,0.00930762,0,0.0128903
47989,0,-0.00184291,0.0107388
47990,0.0433177,0.0634222,0.158086
47991,-0.0144268,-0.0200114,-0.0296402
47992,-0.00372305,-0.0074461,-0.00188049
47993,-0.0074461,0.00372305,0.0414677
47994,0,-0.00186152,0.0106844
47995,0.0074461,0.0223383,0.0677202
47996,0.00577073,0.00577073,0.0281883
47997,0.0194716,0.0254284,0.0739888
47998,-0.00336936,-0.0108155,-0.00911231
47999,0.00707379,0.00893532,0.0354574
48000,0.146092,2.22927,6.03476
48001,0.0136077,0.0243674,0.0646656
48002,-0.0443043,-0.061058,-0.118841
48003,0.00558457,-0.00186152,0.00963562
48004,0.00240137,0.00240137,0.0211334
48005,0.00372305,0.00372305,0.0239008
48006,-0.00800456,-1.34421,-3.65752
48007,0.10337,1.44888,3.91166
48008,-0.00526812,-0.0644646,-0.159729
48009,0.140508,2.14252,5.76079
48010,0.0372305,0.0297844,0.072391
48011,0.000558457,-0.000186152,0.0152366
48012,0.00632918,-0.00852578,-0.00685931
48013,0.0186339,0.137771,0.395426
48014,0.0090284,0.0234552,0.0701427
48015,-0.0028109,-0.0177031,-0.0261059
48016,-0.00763225,-0.00949378,-0.00531954
48017,0.00625472,0.00625472,0.0300089
48018,-0.0201603,-0.0164373,-0.0170252
48019,0.0194529,0.0101453,0.0325697
48020,-0.0109458,-0.0108527,-0.00677639
48021,0.0154507,0.00241998,0.0166713
48022,0.00670149,0.00677595,0.0308419
48023,0.00186152,0.00186152,0.0200031
48024,0.0111691,0.0167537,0.0531138
48025,-0.0270107,-0.0270107,-0.039643
48027,-0.00381613,-0.00381613,0.00811513
48028,0.00800456,0.00355551,0.0212377
48029,-0.021966,-0.0238275,-0.0344282
48030,0.0795988,0.23256,0.593291
48031,0.167035,1.97929,5.38416
48032,-0.0299706,-0.0357785,-0.0597374
48033,0.160854,1.87973,5.13588
48034,0.175058,1.32152,3.52167
48035,-0.00699933,-0.0162697,-0.0281131
48036,0.286638,1.3263,3.46997
48037,0.146893,1.21826,3.23901
48038,-0.0582285,-0.0651161,-0.128435
48039,0.256555,1.41305,3.71301
48040,-0.035369,-0.0482507,-0.0922891
48041,-0.0210352,-0.0247583,-0.0383957
48042,0.0241998,0.0186525,0.051198
48043,0.0214075,0.0120255,0.0334043
48044,-0.0210352,-0.02487,-0.0390718
48045,-0.0186152,-0.0299333,-0.0564847
48046,0.00930762,0.0136636,0.0506006
48047,0.031255,0.0349781,0.0906292
48048,-0.014129,-0.014129,-0.013129
48049,0.189298,1.3467,3.55155
48050,-0.227218,-1.37682,-3.61443
48051,0.0154507,0.0206629,0.0632996
48052,0.00837686,0.00279229,0.0183855
48053,-0.00932624,-0.0149108,-0.0178458
48054,-0.0159905,-0.017852,-0.0250032
48055,0.0240137,0.0269921,0.0743605
48056,0,0.0074461,0.0351833
48057,0.0221521,0.0426289,0.113351
48058,-0.00186152,0.00186152,0.0175302
48059,-0.00837686,-0.0101453,-0.00573648
48060,0.0191923,0.0246838,0.070377
48061,0.0294866,0.0257635,0.0687635
48062,-0.00174983,-0.00361136,0.00699719
48063,0,-0.0074461,-0.00205748
48064,0.000558457,-0.00316459,0.00796453
48065,0.000930762,-0.00837686,-0.00510684
48066,0,-0.0041512,0.00539004
48067,-0.019062,-0.0283696,-0.0476483
48068,-0.0135891,-0.00986608,-0.00282017
48069,0.0372305,0.0335074,0.0854354
48070,0.0186152,0.0279229,0.0780148
48071,-0.00558457,-0.00558457,0.00441232
48072,0.00186152,-0.0130307,-0.0253593
48073,-0.00711103,-0.00897255,-0.00242085
48074,0.154879,1.37395,3.69439
48075,-0.00282952,0.00657118,0.0322483
48076,-0.0327815,-0.0402276,-0.0722625
48077,0.0489767,0.0498889,0.118433
48078,0.230475,1.56128,4.139
48079,0.153334,1.53438,4.0899
48080,-0.00485858,-0.0136264,-0.0199865
48081,0.0074461,-0.00430012,-0.00183144
48082,0.00119138,-0.0137008,-0.0188349
48083,0.00372305,-0.00828379,-0.0118851
48084,-0.00651534,-0.0186152,-0.0238721
48085,0.00860025,0.0197694,0.0627296
48086,0.0306035,0.032465,0.0847243
48087,-0.00372305,-0.00465381,0.00592528
48088,0.0010983,0.00351828,0.02379
48089,-0.0296169,-0.0308827,-0.0487202
48090,1.86152e-05,0.00560319,0.0266638
48091,0.035946,0.0396691,0.100451
48092,-0.00986608,-0.00800456,0.000217081
48093,0.00372305,0.00186152,0.0191313
48094,0.00433735,0.00433735,0.0251871
48095,0.00677595,0.00705518,0.0304936
48096,-0.253149,-1.62565,-4.27984
48097,-0.00225245,0.0191737,0.0684405
48098,-0.0135891,-0.0173122,-0.0218867
48099,-0.0247583,-0.0452351,-0.0861394
48100,-0.00539842,-0.00912147,-0.00473685
48101,0.0166606,0.0185222,0.0555305
48102,0,0.00186152,0.0206461
48103,-0.00558457,-0.00938209,-0.00668072
48104,-0.0275506,-0.0257635,-0.0366621
48105,0.0167537,0.0164745,0.0503681
48106,-0.0167537,-0.0143524,-0.0118132
48107,0.0228223,0.0330607,0.0861217
48108,-0.0434666,-0.0490512,-0.088528
48109,0.0148922,0.0186152,0.0570267
48110,0.0148922,0.0186152,0.0563685
48111,0.0019546,0.0094007,0.0392759
48112,0,-0.0130307,-0.0152222
48113,0.00932624,0.00932624,0.0356329
48114,-0.0167537,-0.0186152,-0.0230571
48115,0.218543,1.57628,4.19739
48116,-0.0166048,-0.0259124,-0.0432567
48117,-0.0212214,-0.0193599,-0.0237876
48118,0.0233063,0.0251678,0.0694453
48119,-0.0228968,-0.0247583,-0.036377
48120,0.0165303,-0.00677595,-0.010823
48121,-0.0253167,-0.0228781,-0.0275082
48122,0.0595688,0.0632918,0.154719
48123,0.00154507,0.00154507,0.0193405
48124,-0.00852578,-0.00107968,0.0166569
48125,-0.0111691,-0.0094007,-0.00278353
48126,0.00670149,0.00297844,0.0205982
48127,-0.489078,-3.21722,-8.45153
48128,0.0389059,0.0543565,0.138329
48129,0.0402089,0.0420705,0.102415
48130,-0.0383474,-0.0327628,-0.0461831
48131,0.000558457,-0.00130307,0.0129627
48132,0.037789,0.041512,0.10431
48133,-0.00372305,0.00372305,0.0264729
48134,-0.00381613,-0.00381613,0.00811513
48135,0.00279229,0.00111691,0.0170809
48136,-0.0256704,-0.0349967,-0.0601664
48137,-0.00446766,0.00856301,0.0397847
48139,0.00260613,0.0100522,0.0406401
48141,0.0135891,0.0154507,0.0453132
48142,0,0.00930762,0.0416883
48143,0.00372305,0.00558457,0.0284415
48144,0.00725995,0.00725995,0.0313064
48145,0.0191737,0.0191737,0.0562517
48146,0.00292259,0.0122302,0.0507068
48147,-0.024628,-0.0432432,-0.0832411
48148,0.0199183,0.0217798,0.061894
48149,-0.0191737,-0.0247583,-0.0381205
48150,0.0247583,0.0303429,0.0820245
48151,0.00601273,0.00619888,0.0292045
48152,0.0148922,0.0186152,0.056826
48153,0,0.00372305,0.0256444
48154,-0.00402089,5.58457e-05,0.0193984
48156,0.0642785,1.34467,3.66392
48157,0.0223383,0.0197135,0.0564754
48158,0,-0.0135891,-0.0214238
48159,-0.00526812,0.00590103,0.0375085
48160,0.0118021,-0.00309013,0.00195673
48161,-0.00174983,-0.00919593,-0.00779329
48162,0.0421449,0.0551756,0.134878
48163,-0.00604996,-0.00604996,0.00343789
48164,-0.00186152,-0.00186152,0.0122077
48165,0.00383474,0.00383474,0.0241347
48166,0,0.00310875,0.0239925
48167,0.00074461,0.00604996,0.0312917
48168,-0.00117276,-0.00117276,0.0136499
48169,0.182783,1.52939,4.10733
48170,-0.0015823,-0.00344382,0.00358905
48171,-0.00437458,-0.0118207,-0.0138881
48172,0.0247583,0.0191737,0.0531789
48173,0.00578934,0.00197322,0.0189188
48174,0.0074461,0.00577073,0.0276096
48175,-0.00966131,-0.0152459,-0.0169386
48176,0.0241998,0.0269921,0.0764172
48177,0.00618026,0.00618026,0.0290458
48178,-0.00554734,-0.00368582,0.009031
48179,-0.0470966,-0.0564042,-0.10521
48180,0.0309013,0.0420705,0.10871
48181,-0.0074461,-0.00558457,0.00505534
48182,-0.0316459,-0.0409535,-0.0728591
48183,0.0191365,0.0191365,0.0561738
48184,-0.0335074,-0.0651534,-0.135495
48185,0.0132354,0.0132354,0.0438181
48186,0,-0.00558457,0.000290329
48187,-0.251231,-1.61679,-4.27335
48188,0.00186152,0.0130307,0.0521839
48189,-0.0068318,-0.00497027,0.00657033
48191,0,0.00372305,0.0251869
48192,0.00186152,0.0111691,0.043393
48193,0.0682994,0.0738839,0.172734
48194,-0.0167537,-0.0167537,-0.0189739
48195,-0.0303242,-0.0377703,-0.065551
48196,0.00186152,0.00558457,0.0290846
48197,0.00372305,-0.0074461,-0.00768227
48198,-0.00372305,-0.00372305,0.00831002
48199,0.00372305,0.0074461,0.0329823
48200,-0.0163814,-0.0101825,-0.00183422
48201,0.00688764,0.00130307,0.0169047
48202,0.00130307,0.00130307,0.0188338
48203,0.00186152,0.00186152,0.0200031
48204,-0.00130307,-0.00130307,0.013377
48205,-0.00186152,-0.00186152,0.0122077
48206,0.00558457,0.00372305,0.0232578
48207,0.234292,1.6541,4.42071
48208,0,-0.00241998,0.00737583
48209,0.00186152,-0.0199183,-0.0351876
48210,0,-0.00372305,0.00702397
48211,-0.0191923,-0.0247769,-0.037702
48212,-0.0394829,-0.0434852,-0.0807471
48213,-0.0124722,-0.0120068,-0.0084165
48214,0,0.00186152,0.0211036
48215,0.000967993,-0.00647811,-3.06747e-05
48216,0.0204768,0.0111691,0.0355903
48217,0.0111691,0.0168468,0.0531804
48218,0.00156368,0.00714826,0.0330017
48219,-0.0130307,-0.0167537,-0.0202599
48220,0.0409535,0.0539842,0.13364
48221,0,0.00372305,0.0251869
48222,0.0117276,0.0154507,0.0511185
48223,-0.0117276,-0.00800456,0.00166735
48224,0.0074461,0.00186152,0.018074
48225,-0.0250189,-0.0380496,-0.068723
48226,-0.0204768,-0.0186152,-0.0215703
48227,0.0446766,0.0483996,0.118732
48228,-0.00372305,-0.00558457,0.00376929
48229,0.000558457,0.000558457,0.0172747
48230,-0.000558457,-0.00241998,0.00200579
48231,0.0117276,0.0117276,0.0406609
48232,0.00418843,0.00232691,0.0195273
48233,0.00670149,0.0141476,0.0483
48234,-0.0382543,-0.0568696,-0.111472
48235,0.0126398,0.0089167,0.0332606
48236,-0.00558457,-0.00558457,0.00441232
48237,-0.00186152,-0.00186152,0.0122077
48238,-0.00426289,-0.00240137,0.0119492
48239,0.187567,1.59857,4.26115
48240,0.00874917,0.00316459,0.02278
48241,0.00517504,-0.00906563,-0.0128153
48242,0.00766948,0.00711103,0.0294952
48243,0.00515642,-0.00601273,-0.00054375
48244,0.00446766,0.0119138,0.0440803
48245,-0.0210352,-0.0284813,-0.0461015
48246,0.00150784,-0.00966131,-0.00889677
48247,0.00552873,0.00925178,0.0372205
48248,-0.0204768,-0.0223383,-0.0302707
48249,-0.416572,-1.87189,-4.82966
48250,0.0130307,0.0370443,0.10393
48251,0.00452351,0.00266198,0.0212648
48252,1.86152e-05,-0.00184291,0.00998918
48253,-0.00186152,-0.00558457,0.00151178
48254,-0.00372305,-0.00372305,0.00831002
48255,0.00558457,0.0074461,0.032568
48256,0.0368582,0.0517504,0.129606
48257,0.0241998,0.0204768,0.0576941
48258,0.00411397,0.00262475,0.0212184
48259,-0.000558457,-0.000558457,0.0149361
48260,0.00111691,0.00483996,0.0284125
48261,0.00372305,0.0213517,0.0710481
48262,-0.00558457,-0.0074461,-0.000128404
48263,-0.0074461,-0.00912147,-0.0043564
48264,0,-0.00186152,0.0113359
48265,-0.00558457,-0.00558457,0.00158171
48266,-0.370164,-1.84149,-4.74918
48267,0.00539842,-0.000186152,0.0130758
48268,0.0413259,0.0543565,0.139397
48269,0.00186152,0.00372305,0.0249734
48270,0,0.00223383,0.0219638
48271,0.0215192,0.0289653,0.080133
48272,0.0702726,0.0702726,0.163244
48273,-0.014855,-0.018578,-0.0232724
48274,-0.0111691,-0.0241998,-0.0390658
48275,0.00800456,0.0247769,0.0744692
48276,0.0106479,0.0185594,0.0598751
48278,-0.0074461,-0.00223383,0.0138744
48279,0.00186152,-9.30762e-05,0.0150066
48280,0,0,0.0161054
48281,0.0074461,-0.00186152,0.0103091
48282,0.255513,1.7935,4.73701
48283,1.19849,6.53682,16.8563
48284,-0.291924,-3.47779,-9.07284
48285,0.048381,1.28419,3.33874
48286,0.00554734,0.00927039,0.0412559
48287,0,0.0101639,0.0377189
48288,-0.00186152,-0.00186152,0.00729971
48289,0.0117276,-0.0173866,-0.0369405
48290,-0.0204768,-0.0139056,-0.00836287
48291,-0.0581354,-1.9976,-5.2617
48292,-0.0074461,-0.0241998,-0.0403519
48293,-0.0111691,0.00748333,0.045024
48294,0.0101081,0.0175542,0.0585234
48295,0.00238275,0.0061058,0.0292723
48296,-0.0266198,-0.0260613,-0.0381031
48297,-0.00186152,-0.00186152,0.0122077
48298,0,0.00372305,0.0260739
48299,0.00186152,0.000446766,0.0158939
48300,-0.859559,-2.27205,-5.64327
48301,-0.0111691,0.0122861,0.0589178
48302,-0.27841,-1.73738,-4.55165
48303,0.0074461,0.0228968,0.0725986
48304,0.00558457,0.00186152,0.0184883
48305,0,0.00558457,0.0300896
48306,0.299147,1.78961,4.70111
48307,0.00372305,0.00748333,0.0330842
48308,0.00372305,-1.86152e-05,0.0147684
48309,-0.0618026,-0.0766948,-0.15313
48310,-0.373478,-1.79661,-4.63666
48311,-0.305923,-1.66411,-4.34846
48312,-0.0111691,0.0111691,0.0563601
48313,-0.000558457,-0.00241998,0.00954463
48314,0.000186152,0.0225431,0.0705429
48315,0.0115415,0.013403,0.0448119
48316,-0.0157299,-0.0175914,-0.0176119
48317,0.0139614,0.0139987,0.0454401
48318,0.00186152,0.00186152,0.0200031
48319,-0.0074461,-0.0148922,-0.0176483
48320,0.0111691,0.0111691,0.0394916
48321,-0.0111691,-0.0124722,-0.0101882
48322,0.0111691,0.0223383,0.0681084
48323,0.00186152,-0.00372305,0.00592345
48324,-0.0074461,-0.0111691,-0.00902432
48325,0.00167537,-0.00204768,0.0100744
48326,0,0.00567765,0.030881
48328,-3.72305e-05,-3.72305e-05,0.0160275
48329,-0.00558457,-0.0148922,-0.0223866
48330,0.0122116,0.0233808,0.0716709
48331,-0.0111691,-0.0148922,-0.0168197
48332,0.00670149,0.00670149,0.0301371
48333,-0.00186152,0,0.0175557
48334,-0.00186152,0.0058638,0.0315333
48335,0.0409163,0.109607,0.26933
48336,-0.0403579,-0.0634035,-0.128361
48337,0.000930762,-0.00279229,0.00851533
48338,0.0102384,0.0139614,0.0466242
48339,-0.0074461,-0.0111691,-0.00856683
48340,0.00893532,0.0107968,0.0393551
48341,-0.0102384,-0.0120999,-0.00987265
48342,-0.00186152,-0.00186152,0.0122077
48343,-0.197694,-1.53315,-4.03571
48344,-0.0376028,-0.0335074,-0.0464911
48345,0.000558457,0.0154507,0.0596009
48346,0.0186152,0.0223383,0.0652729
48347,-0.0186152,-0.00372305,0.0189318
48348,-0.0192109,-5.20417e-18,0.0291067
48349,0.00558457,0.00186152,0.0182596
48350,-0.0349594,-0.0442298,-0.0799349
48351,0.0225431,0.0161767,0.047861
48352,-0.0433735,-0.0526812,-0.0985583
48353,0,0,0.0161054
48354,0.00930762,0.00316459,0.0181938
48355,-0.0337494,-0.0332841,-0.0531536
48356,-0.61179,-3.46035,-9.01822
48357,0,0.00292259,0.0270201
48358,-0.214336,-1.63278,-4.31469
48359,0,0.0167537,0.0592962
48360,0.0352759,0.046445,0.121603
48361,-0.0167537,0.00372305,0.0382459
48362,0.00636642,0.0221149,0.0734317
48363,0,0,0.00912277
48364,0,-0.0074461,-0.00556303
48365,-0.00372305,-0.00372305,0.00831002
48366,0.00454212,0.00454212,0.0256158
48367,-0.00186152,0,0.0175557
48368,-0.00478412,-0.00478412,0.00608833
48369,1.01332,5.677,14.7971
48370,0.0450861,0.0463892,0.112284
48371,0.000241998,-0.0104432,-0.0146367
48372,0,0.00180568,0.0198254
48373,-0.0241998,-0.0539842,-0.112842
48374,-0.0167537,-0.00930762,0.00181819
48375,-0.0128445,-0.0202906,-0.0289516
48376,0.00372305,0.00662703,0.0336087
48377,-0.220777,-1.76379,-4.6643
48378,-0.0106107,-0.0236414,-0.0376958
48379,-0.0284813,-0.0135891,3.62647e-05
48380,-0.00521227,-0.00521227,0.00519186
48381,-0.00186152,-0.00967993,-0.00595766
48382,0,-0.00186152,0.0107574
48383,-0.00186152,-0.0074461,-0.000887197
48384,-0.00279229,-0.00465381,0.00571814
48385,-0.0124722,-0.0094007,-0.00262596
48386,0.0130307,0.0316459,0.0897115
48387,-0.00186152,0.00558457,0.0303706
48389,0.00932624,0.00932624,0.0356329
48390,-0.00372305,-0.00372305,0.00831002
48391,-0.0135891,-0.0135891,-0.0123478
48392,0.00186152,-0.0074461,-0.00350775
48393,-0.000558457,-0.000558457,0.0149361
48394,0,-0.00372305,0.00748146
48395,0.0526812,0.0731579,0.177444
48396,-0.449744,-1.91581,-4.92442
48397,-0.0204768,-0.774543,-2.07995
48398,0.00186152,-0.00372305,0.00592345
48399,0.0819071,0.883536,2.36575
48400,-0.0266198,-0.0210352,-0.0269171
48401,0.0241998,0.0297844,0.0808552
48402,-0.0260613,-0.0260613,-0.0368479
48403,-0.0167537,-0.0204768,-0.024441
48404,0.0551011,0.0644088,0.157915
48405,-0.0167537,-0.0241998,-0.0406423
48407,0.0223383,0.0223383,0.0628778
48408,-0.0284813,-0.0284813,-0.0435294
48409,0.00930762,0.0111691,0.0409419
48410,-0.00835825,-0.0102198,-0.00593598
48411,-0.000558457,-0.000558457,0.0149361
48412,0.00241998,0.00241998,0.0211724
48413,-1.10413,-5.9789,-15.648
48414,-0.609873,-4.99442,-13.1934
48415,0.00372305,0.0432246,0.126215
48416,-0.00880501,0.0122488,0.0571285
48417,-0.0130307,-0.0130307,-0.00473226
48418,0,-0.0130307,-0.0147303
48419,-0.00279229,0.000930762,0.019174
48420,0.00986608,0.0191737,0.0589239
48421,0.00223383,0.017126,0.063843
48422,0.0142779,0.0068318,0.0243323
48423,-0.00186152,-0.00372305,0.000129819
48424,0.0260427,0.0260613,0.0706819
48425,0,0.0074461,0.0374973
48426,0.0074461,0.0695466,0.183175
48427,0.00552873,0.00552873,0.0276816
48428,0,-1.86152e-05,0.0160545
48429,-0.0137753,-0.0137753,-0.0127376
48431,0,0.00556596,0.0373794
48432,-0.00651534,-0.0139614,-0.019205
48433,0.00856301,0.0142965,0.0505384
48434,0.00863748,0.00863748,0.0341907
48435,-0.00685041,-0.00685041,0.00176188
48436,0.00930762,0.00930762,0.0355939
48437,-0.00124722,-0.00124722,0.013494
48438,-0.00986608,0.00688764,0.043554
48439,0.0111691,0.00372305,0.0178232
48440,-0.0111691,-0.0111691,-0.00728078
48441,-0.00279229,0.00465381,0.0306945
48442,0.00465381,0.00465381,0.0258497
48443,0,-0.00186152,0.010179
48444,-0.386713,-2.59439,-6.84382
48445,0.00765087,0.115768,0.318128
48446,0.0949378,0.0930762,0.208297
48447,-0.0186152,-0.0223383,-0.0313015
48448,-0.00372305,-0.0074461,-0.000771429
48449,0.0272341,0.0309572,0.0822102
48450,0.284757,2.48417,6.64488
48451,0.0337494,0.0802876,0.206007
48452,-0.0456074,-0.0530535,-0.103647
48453,0.0191737,0.0210352,0.061347
48454,0,-0.00372305,0.00656648
48455,-0.00428151,-0.0227665,-0.0367761
48456,0.0130307,0.0130307,0.0433893
48457,0,0,0.0161054
48458,0.00124722,0.0161394,0.0568726
48459,-0.00148922,-0.00148922,0.0129873
48460,0,-0.0111691,-0.0115964
48461,0.00837686,0.00837686,0.0336451
48462,-0.0465381,-0.0465381,-0.0813371
48463,-0.00204768,-0.00949378,-0.00634495
48464,0.0074461,0.0074461,0.0316962
48465,-0.0074461,-0.00372305,0.0100536
48468,0.0074461,0.0074461,0.0316962
48469,0.00167537,0.0128445,0.0464002
48470,-0.0215937,-0.0327628,-0.0558947
48471,-0.000372305,-0.00223383,0.0112041
48472,0.0273644,0.0385336,0.101103
48473,-0.00188014,-0.0166979,-0.0239532
48474,-0.118561,-0.131591,-0.264153
48475,-0.147209,-2.31801,-6.24821
48476,0.0240137,0.0128445,0.0328644
48477,-0.00186152,-0.00558457,0.00151178
48478,0.0430012,0.0409535,0.100373
48479,-0.028109,-0.0262475,-0.0382091
48480,0.00632918,0.00623611,0.0290902
48481,-0.00649672,-0.00647811,0.00254785
48482,0.00742748,0.0111505,0.0423532
48483,0.000949378,-0.00277367,0.00739731
48484,-0.101434,-0.104227,-0.203549
48485,0.0284813,0.046203,0.124028
48486,-0.00677595,-0.0102198,-0.00688573
48487,0,0.00186152,0.0208749
48488,0.00930762,0.00930762,0.0355939
48489,0,0.00372305,0.0256444
48490,-0.0130307,-0.0131238,-0.0114384
48491,-1.02805,-7.95558,-21.2328
48492,0.108136,0.114465,0.262473
48493,0.426922,2.85748,7.60807
48494,0.610208,2.8456,7.43656
48495,0.0785005,0.942695,2.54694
48496,0.00446766,0.00465381,0.0237617
48497,0.0335074,0.0241998,0.0617502
48498,0,-0.00930762,-0.0100385
48500,0.00186152,-0.00759502,-0.00658762
48501,-0.0819071,-0.953268,-2.54949
48502,-0.0675361,-0.0675361,-0.125303
48503,-0.0148922,-0.0148922,-0.0150762
48504,0.063478,0.0709241,0.170685
48505,-0.0411397,-0.0448814,-0.0798427
48506,-0.00221521,0.00523089,0.030545
48507,-0.0125653,-0.00884224,-0.000665114
48508,0.00186152,0.00186152,0.0200031
48509,0.0074461,0.0074461,0.0290146
48510,0.00725995,0.00921455,0.0364766
48511,-0.0111691,-0.0111691,-0.00728078
48513,-0.000577073,-0.000577073,0.0148971
48514,-0.00722272,-0.00722272,0.00178959
48515,0.00104245,0.00104245,0.0182881
48517,0.00039092,0.00039092,0.0169239
48518,0.000204768,0.00206629,0.0219786
48519,0.000558457,0.000558457,0.0172747
48520,-0.000763225,0.0010983,0.0192768
48521,-0.000800456,-0.000800456,0.0144294
48522,0,0.00986608,0.0440336
48523,1.86152e-05,1.86152e-05,0.0161444
48524,-0.00372305,-0.00372305,0.00796089
48525,0,0.000316459,0.0168773
48526,-0.00474689,-0.00474689,0.00616628
48527,0.0132354,0.00578934,0.0256552
48528,-0.00264337,-0.00264337,0.0105707
48529,-0.0147433,-0.0408046,-0.0783345
48530,-0.0345499,-0.0401345,-0.0705443
48531,-0.163758,-2.54781,-6.87549
48532,0,0.0148922,0.0594423
48533,0,0.00930762,0.0369658
48534,-0.0247583,-0.0223383,-0.0294048
48535,-0.769275,-8.30279,-22.0257
48536,-0.0912147,-0.00729718,0.0618467
48537,-0.00930762,0.0130307,0.0552074
48538,0.095943,0.17543,0.418971
48539,-0.0148922,-0.00372305,0.0132772
48540,0.0703098,1.12901,3.05199
48541,0.133453,1.69579,4.41265
48542,0.0167537,0.0878267,0.225007
48543,-0.00869332,-0.0105548,-0.00663756
48544,0.725864,5.58238,14.7983
48545,-0.0186152,-0.0234552,-0.0362549
48546,-3.72305e-05,-0.00376028,0.00450042
48547,0,-0.00167537,0.0120188
48548,-0.0318507,-0.0467429,-0.08691
48549,0.0314598,0.046352,0.118302
48550,0.000819071,-0.0140917,-0.0185589
48551,-0.0782213,-0.111729,-0.229409
48552,-0.00186152,-0.00558457,0.00312627
48553,-0.0241998,-1.56033,-4.32553
48554,1.86152e-05,1.54732,4.33608
48555,0.00186152,-0.0297844,-0.0580929
48556,-0.00186152,0,0.0175557
48557,0.00186152,0.00186152,0.0200031
48558,-0.19049,-2.58424,-7.02172
48559,0.0074461,0.0241998,0.0804502
48560,0,-0.00372305,0.00702397
48561,0,0.00372305,0.0260905
48562,0.00111691,0.00111691,0.018444
48563,-0.00567765,-0.00567765,0.00421743
48564,0,-0.00368582,0.00666453
48566,0.00186152,0.00186152,0.0200031
48567,0.388128,2.78936,7.47745
48568,-0.0526812,-0.0601273,-0.108784
48569,-0.0156368,-0.0174983,-0.0225402
48570,-0.00800456,-0.00614303,0.00388603
48571,-0.00130307,-0.00130307,0.013377
48573,0.00316459,0.00316459,0.0227315
48575,0,0,0.0161054
48576,0,0,0.0154174
48577,-0.00372305,0.111691,0.324022
48578,-0.00688764,-0.00316459,0.0107654
48579,0.00316459,0.00502612,0.0272722
48580,-0.00967993,-0.0356854,-0.0648236
48581,-0.00688764,-0.00688764,0.00168393
48582,0.00930762,0.0074461,0.0304987
48583,0.000372305,0.00223383,0.0214257
48584,0,-0.0186152,-0.0315893
48586,0.00342521,-0.00215937,0.00770999
48587,0,-0.0039092,0.00654702
48588,-0.222899,-2.4472,-6.65683
48589,0.0304918,0.0323533,0.0826094
48590,-0.036672,-0.0292259,-0.0371197
48591,-0.00111691,-0.00485858,0.00417587
48592,-0.0545427,-0.0617468,-0.11564
48593,0.0374911,0.0381613,0.0994985
48594,0.0167537,0.0130307,0.0385977
48595,0.00372305,0.00372305,0.0239008
48596,0,0.0074461,0.0351833
48597,-0.169864,-0.173029,-0.347237
48598,0.0074461,0.0074461,0.0316962
48599,-0.0290398,-1.61191,-4.31576
48600,0.0279229,0.0316459,0.0841098
48601,0.00241998,1.57896,4.27457
48602,9.30762e-05,0.00753918,0.0353782
48603,0.0387942,0.0391106,0.0983341
48604,0.0083024,0.0094007,0.0361682
48605,0.0124722,0.0143337,0.047568
48606,0.0108713,0.0164559,0.0524902
48607,0.506707,2.72484,7.27441
48608,-0.273365,-2.5268,-6.83949
48609,0.302479,2.59115,7.02242
48610,0.0074461,0.00493304,0.0251892
48611,-0.371263,-2.65466,-7.12505
48612,0.0204768,0.0422566,0.119118
48613,-0.00372305,-0.00368582,0.00840541
48614,-0.0223383,-0.0223383,-0.030667
48616,-0.000986608,-0.00284813,0.00949891
48617,-0.00986608,-0.0173122,-0.0231728
48618,-0.0039092,-0.0113553,-0.0102426
48619,-0.0150225,-0.0187456,-0.0156911
48620,0.0271783,0.0420705,0.109795
48621,0.0279229,0.0316459,0.0845394
48622,-0.000558457,0.00316459,0.0240176
48623,0.00428151,0.00567765,0.0289321
48624,0.00560319,0.00560319,0.0278375
48625,0.00614303,0.00800456,0.0371464
48626,-0.0074461,-0.0085444,-0.00216441
48627,0.00186152,0.0207932,0.0742936
48628,-0.00428151,-0.00428151,0.00714071
48629,-0.0297844,-0.0335074,-0.0553392
48630,-0.496115,-5.20955,-13.6828
48631,0.421766,2.78896,7.21141
48632,-0.0508196,0.00845132,0.0548683
48633,-0.00428151,-0.00616165,0.00116225
48634,0.431464,2.75033,7.21641
48635,0.0371933,0.0531652,0.116963
48636,-0.0446766,-0.0513781,-0.0944409
48637,-0.10942,-0.115024,-0.226208
48638,0.0689509,0.0782585,0.185809
48639,-0.0582657,-0.0731579,-0.143482
48640,-0.00372305,-0.00186152,0.0128507
48641,-0.0167537,-0.0242929,-0.0388977
48642,-0.254582,-2.57557,-6.81141
48643,-0.289076,-2.65232,-6.86149
48644,-0.00515642,0.0041512,0.02989
48645,0,-0.0015823,0.0153936
48646,9.30762e-05,0.000502612,0.0149673
48647,0.00428151,0.0117276,0.044148
48648,0.0261917,0.0373608,0.0991054
48649,-0.00539842,-0.010983,-0.00950632
48650,-0.259739,-0.277349,-0.571394
48651,-0.0241998,-0.0279229,-0.0441036
48652,-0.00567765,-0.00763225,-0.000240936
48653,0.0130307,0.0130307,0.0433893
48654,-0.24345,-0.254061,-0.520133
48655,0,0,0.0135148
48656,-0.00186152,-0.00186152,0.0122077
48658,-0.0148922,-0.0148922,-0.0150762
48659,-0.00558457,-0.0074461,-0.00100479
48660,0.0508196,0.126658,0.308417
48661,-0.00186152,-0.0074461,-0.00141445
48662,-0.0135891,-0.0191737,-0.02597
48663,-0.304825,-2.09165,-5.50496
48664,-0.00130307,0.0165676,0.0661123
48665,-0.470147,-2.34439,-6.04985
48666,-0.0598853,-0.95835,-2.59025
48667,-0.115619,-0.935137,-2.44787
48668,0.00186152,0.00186152,0.0179204
48669,0.00930762,0.0260613,0.083413
48670,0.0123047,0.0364859,0.10143
48671,-0.00428151,-0.000558457,0.0166796
48672,1.26249,6.82385,17.8347
48673,-0.0340659,-0.0357413,-0.060665
48674,0.00137753,-0.0142593,-0.0250599
48675,-0.0390548,-0.108304,-0.30053
48676,0.0121371,0.00655257,0.0278962
48677,-0.0316459,-0.039092,-0.0683184
48678,-0.133043,-1.22695,-3.25234
48679,0.030771,0.030771,0.0805344
48680,0.1874,1.31109,3.47102
48681,-0.00558457,-0.0130307,-0.0137506
48682,-0.00186152,-0.00930762,-0.00595518
48683,-0.0247583,-0.0359274,-0.0629783
48684,-0.00593826,0.00150784,0.0218347
48685,0.0455887,0.0493118,0.120642
48686,-0.00930762,-0.0167537,-0.0195226
48687,0.00930762,0.00930762,0.0355939
48688,1.86152e-05,0.00188014,0.0210472
48689,-0.0508196,-0.0545427,-0.0993832
48690,-0.0111691,-0.0074461,0.00180067
48691,0.0409535,0.0372305,0.0927734
48692,-0.0843457,-1.17043,-3.13017
48693,0.032949,0.0310875,0.0798957
48694,-0.140173,-0.827448,-2.16669
48695,0.0130307,0.00930762,0.0338504
48696,0,-0.00558457,-0.000745729
48697,-0.106014,-0.113367,-0.224229
48698,-0.0135147,-0.0172377,-0.0217308
48699,0.0127701,0.0164931,0.0490945
48700,0.0409535,0.0670149,0.166998
48701,0.000148922,0.000148922,0.0164172
48702,-0.0189876,-0.0154879,-0.0131268
48703,0.0148922,0.00651534,0.027034
48704,0.0019546,9.30762e-05,0.0157543
48705,-0.0409349,-0.0445835,-0.0789272
48706,0.0179079,0.0216309,0.062482
48707,0.474782,2.20241,5.79676
48708,-0.0122861,-0.0271783,-0.0486975
48709,0.0186339,0.0149108,0.0433416
48710,-0.116159,-0.135929,-0.305309
48711,-0.301455,-2.01357,-5.33147
48712,-0.23956,-2.02212,-5.34459
48713,0.0186152,0.0297844,0.0825555
48714,0.361434,2.17039,5.71942
48715,-0.00986608,-0.00614303,0.00452906
48716,0,0.0111691,0.0433498
48717,0.0100522,0.0174797,0.0561789
48718,-0.00186152,0.00186152,0.0223943
48719,0,0,0.0161054
48720,0.0552873,0.0585636,0.140172
48721,-0.00204768,-0.00241998,0.0107345
48722,-0.0074461,-0.00930762,-0.0040261
48723,0.00776256,0.00776256,0.0323588
48724,-0.00841409,-0.00841409,-0.00151218
48726,0.00186152,0.00186152,0.0200031
48727,0,0.00186152,0.0232966
48728,-0.0105362,-0.0179823,-0.0245759
48729,0.00165676,0.0109644,0.042278
48730,0.0167537,0.0204768,0.0607236
48731,-0.00372305,0,0.019006
48732,0.0107968,0.0126584,0.047844
48733,-0.00186152,-0.00186152,0.0122077
48734,0.00595688,0.00595688,0.0293853
48735,-0.00653395,-0.0158416,-0.0196209
48736,-0.00921455,-0.00921455,-0.00318819
48737,-0.0120813,-0.00649672,0.00443152
48738,0.0130307,0.0279229,0.0801726
48739,-0.00372305,-0.0259497,-0.0506533
48740,0.304583,1.97897,5.2647
48741,-0.244642,-1.93686,-5.15237
48742,0.0111691,0.0554734,0.160112
48743,0.0189876,0.0188014,0.0557777
48744,-0.00156368,0.000297844,0.0171433
48745,0.00593826,0.00593826,0.0285391
48746,-0.00372305,-0.0054915,0.00403669
48747,-0.00467243,-0.0028109,0.0110917
48748,-0.00165676,-0.00119138,0.013966
48749,0.000930762,0.00837686,0.0372532
48750,-0.00765087,0.00537981,0.0341624
48751,-0.00558457,-0.00930762,-0.00628362
48752,-0.0112808,-0.0280346,-0.0499956
48753,-0.0595502,-0.0707193,-0.138356
48754,-0.0571302,-0.0608533,-0.113054
48755,-0.327293,-2.11291,-5.53122
48756,-0.286842,-2.08146,-5.48641
48757,0.00186152,0.00554734,0.0310493
48758,-0.0359274,-0.0266198,-0.0261119
48759,0,0,0.0156759
48760,-0.000558457,-0.000539842,0.0149871
48761,0.0140731,0.0345499,0.10211
48762,-0.547903,-2.34226,-6.01517
48763,0.0359274,0.0266198,0.069489
48764,-0.0186525,-0.00372305,0.0240983
48765,-0.00428151,-0.0228968,-0.0456874
48766,0.00800456,0.00614303,0.0287608
48767,-0.00986608,0.00130307,0.0232498
48768,-0.549764,-4.32633,-11.4483
48769,-0.0108713,0.0704029,0.214678
48770,0.393173,2.33314,6.10832
48771,0.00558457,0.0130307,0.0483735
48772,-0.00286675,0.000837686,0.0200755
48773,7.4461e-05,-0.0110947,-0.0157916
48774,0,0,0.0161054
48775,1.86152e-05,0.0167723,0.0587331
48776,0.391777,2.22106,5.83794
48777,-0.0815162,-0.0912147,-0.181747
48778,0.0223383,0.0323905,0.0872002
48779,-0.0130307,-0.0130307,-0.0111785
48780,0.0196205,0.0615234,0.169638
48781,-0.00558457,-0.00558457,0.00441232
48782,0,0,0.0161054
48783,-0.00215937,-0.00215937,0.0115841
48784,-0.00035369,-0.00221521,0.0105954
48785,0,0.00385336,0.0255435
48786,7.4461e-05,0.00193599,0.0216093
48787,0.00403951,-0.0108527,-0.0166058
48788,3.72305e-05,0.00376028,0.0252648
48789,0,-0.000186152,0.0156399
48790,0.184607,0.277609,0.641792
48791,-0.00389059,1.86152e-05,0.0192923
48792,0.0186152,0.0148922,0.0443865
48793,-0.00169399,-0.00541704,0.00186258
48794,0,-0.00372305,0.00540948
48795,0.00800456,0.0238275,0.0714617
48796,0.0186152,0.0260613,0.0730166
48797,0,0.00372305,0.0251869
48798,-1.86152e-05,0.00742748,0.0374583
48799,0.295461,1.99585,5.30003
48800,0.159514,1.8928,5.1081
48801,-0.00967993,-0.022934,-0.0372358
48802,0.0212586,0.0207188,0.0577348
48803,-0.00186152,-0.00558457,0.000535698
48804,0.00497027,0.0161394,0.0537566
48805,-0.00428151,-0.0117462,-0.0101526
48806,0.00241998,-0.0348291,-0.0834554
48807,-0.00763225,-0.00763225,0.00012485
48808,0,0,0.0161066
48809,0.0074461,0.00742748,0.031642
48810,-0.0186152,-0.0167537,-0.0183309
48811,-0.00372305,-0.0241998,-0.035665
48812,0.0204768,0.00930762,0.028526
48813,0.174686,1.85922,5.00275
48814,0.00614303,-0.0310875,-0.0697488
48815,-0.0074461,-0.0216495,-0.0435147
48816,0.00372305,-0.0167537,-0.025462
48817,0.0111691,0.0223383,0.0715794
48818,0,0,0.0161054
48819,0.0370816,0.0439692,0.114498
48820,0,0,0.0158767
48821,-0.00930762,-0.0111691,-0.0079238
48822,-0.0297844,-0.0446766,-0.083956
48823,0,0.00372305,0.026548
48824,-0.262922,-1.89498,-5.03914
48825,0.00130307,-0.00800456,-0.0043273
48826,-0.515289,-3.93876,-10.4336
48827,-0.00186152,-0.00370443,0.00568867
48828,-0.140731,-1.88137,-5.00311
48829,-0.00930762,0.0111691,0.0529171
48830,-0.0521041,-0.0539656,-0.0972142
48831,0.0074461,0,0.0107811
48832,-0.0130307,-0.00932624,-0.00123404
48833,-0.00241998,0.00502612,0.0371513
48834,0.0014706,0.0014706,0.0191846
48835,0.0111691,0.0111691,0.0394916
48836,-0.0065898,-0.00845132,-0.00381174
48837,0.00986608,0.0265267,0.0819852
48838,0.0130307,0.0139428,0.0454296
48839,0,0,0.0161054
48840,0.0177589,0.0158974,0.0473726
48841,0.0074461,0.00558457,0.0264972
48842,-0.00372305,0.00186152,0.023907
48843,0.00655257,0.00282952,0.0207439
48844,-0.0293376,-0.055399,-0.111325
48845,0.00558457,-0.00930762,-0.00898477
48846,-0.358232,-2.0871,-5.46399
48847,0.0186152,0.0241998,0.0700065
48848,0.332115,2.08143,5.50298
48849,0,0.00372305,0.0225577
48850,0.00372305,0.0167537,0.0570584
48851,0.00372305,0.00746472,0.0344998
48852,0,0.00307152,0.0240551
48853,0.00608719,0.00794871,0.0336204
48854,-0.00372305,-0.0148922,-0.0228839
48855,0.279973,2.00401,5.32511
48856,0.0154879,0.00804179,0.0268658
48858,0.00119138,0.00873055,0.0370302
48859,0.015581,0.0341962,0.0950514
48860,-0.00558457,-0.00558457,0.00486981
48861,0.295089,1.98213,5.2529
48862,0.00135891,-0.0153948,-0.0294576
48863,0,0.00186152,0.0212007
48864,0.00562181,0.00376028,0.023107
48865,0,-0.00189876,0.0136462
48866,-0.00325767,0.182895,0.486231
48867,-1.86152e-05,-1.86152e-05,0.0160664
48869,0,0,0.0161054
48870,-0.00372305,-0.00372305,0.00831002
48871,0.00186152,-0.00186152,0.0106929
48872,-0.00930762,-0.0111691,-0.0079238
48873,1.86152e-05,1.86152e-05,0.0161444
48874,1.18428,6.37801,16.8357
48875,0.0164,-0.000725995,0.00395538
48876,0.000558457,0.0014706,0.0208311
48877,0.00186152,-0.00372305,0.00383614
48878,0.00186152,-0.00186152,0.0098126
48879,0.0280718,0.0336564,0.0842151
48880,0.054431,0.0469849,0.110875
48881,-0.0130307,-0.0130307,-0.0111785
48882,-0.0219474,-0.0219474,-0.0306557
48883,0.00558457,0.039092,0.122485
48884,-0.0196019,-0.0251864,-0.0394745
48885,0.0219846,0.0257077,0.0714474
48886,-0.0111691,-0.0167537,-0.0204455
48887,0.183826,2.53999,6.66655
48888,-0.0204768,-0.0246094,-0.040296
48889,0.0111691,0.0279229,0.0799334
48890,0,-0.00186152,0.00579303
48891,-0.00372305,-0.00558457,0.00379264
48892,0,0.00558457,0.0305348
48893,0.00204768,-0.00539842,0.00131501
48894,0.00186152,0.00558457,0.0295421
48895,0.00232691,0.00232691,0.0209775
48896,-0.00670149,-0.00856301,-0.00246702
48897,-0.203092,-2.65936,-6.96046
48898,0.00372305,0.00930762,0.0455234
48899,-0.00186152,-0.00567765,-0.00377356
48900,0.0186152,0.046445,0.135622
48901,-0.00930762,-0.015916,-0.0176891
48902,0.0171633,0.0171633,0.0520422
48903,0.21469,2.68101,7.04138
48904,0.00372305,-0.00372305,0.00268986
48905,0.0227851,0.0302126,0.0823795
48906,-0.0173122,-0.00428151,0.0155085
48907,0,-0.00279229,0.00784241
48908,5.58457e-05,-0.000316459,0.0151766
48909,0,0.00232691,0.0216431
48910,-1.30763,-5.58376,-14.2873
48911,0.0297844,0.039092,0.101172
48912,0.0203837,0.0470035,0.131824
48913,0.0211283,0.0229898,0.064885
48914,0.00651534,0.0102384,0.0375123
48915,-0.00614303,0.00428151,0.0396444
48916,0.0154507,0.0396505,0.108144
48917,-0.00186152,-0.00186152,0.0122077
48918,0.000930762,0.00279229,0.0228237
48919,0,-0.0074461,-0.00205748
48920,0,-0.0110761,-0.0153241
48921,0.00372305,0.00558457,0.0284415
48922,0,-0.00558457,0.00248325
48923,-0.00335074,-0.00335074,0.00908956
48924,0.0191737,0.0266198,0.0744146
48925,-0.0148922,-0.0204768,-0.0278911
48927,0.00186152,0.00186152,0.0186866
48928,0.00560319,0.00560319,0.0278375
48929,0.0148922,0.0185408,0.0554758
48930,-0.0362997,-0.0437458,-0.0780626
48931,-0.00614303,-0.00614303,0.00324301
48932,-0.00186152,-0.00372305,0.00766699
48933,-0.0019546,-0.0019546,0.0120128
48934,0.00260613,0.00260613,0.0215622
48935,-0.00312736,-0.00312736,0.00955728
48936,-0.00186152,-0.00186152,0.0122077
48937,-0.0139614,-0.0139614,-0.0131273
48938,-0.000763225,0.0010983,0.0198553
48939,-0.0103687,-0.0140917,-0.0146862
48940,0.0032949,0.00409535,0.025304
48941,0.00930762,0.00930762,0.0355939
48942,-0.0130307,-0.0130307,-0.0111785
48943,0.0545427,0.0824656,0.200907
48944,-0.00186152,-0.00372305,0.00766699
48945,0,-0.00819071,-0.00387377
48946,0.00558457,0.00372305,0.0232578
48947,-0.250505,-2.19595,-5.86311
48948,0.0010983,0.014129,0.0571108
48949,-0.203185,-2.10118,-5.66135
48950,-0.00763225,-0.00651534,0.0052348
48951,-0.0148922,-0.00372305,0.0211608
48952,0.00372305,-0.00320182,0.00629182
48953,0.0074461,0.0074461,0.0316962
48954,-0.000223383,0.00908424,0.0397138
48955,-0.0198997,-0.0164745,-0.0192708
48956,0.0074461,0.0111691,0.0412352
48957,0.0074461,0.0074461,0.0316962
48958,0,-0.00186152,0.0115647
48960,0.00186152,0,0.0145587
48961,0.0186152,0.0074461,0.0225797
48962,0.0101081,0.00638503,0.0281885
48963,-0.00930762,-0.0130307,-0.0124645
48964,1.86152e-05,-0.00370443,0.00706295
48965,-0.00186152,-0.00558457,0.00312627
48966,-0.00506335,-0.00506335,0.00550368
48967,0.0173122,0.0247583,0.0705169
48968,0,0.00372305,0.0251869
48969,0,-0.0111319,-0.0133224
48970,0,-0.0111691,-0.0111389
48971,3.72305e-05,0.0035369,0.0246925
48972,-0.000893532,-0.00275506,0.010501
48973,0.00422566,0.0116718,0.0439233
48974,0.000167537,-0.00355551,0.00737476
48975,-0.000558457,-0.0210352,-0.0372993
48976,0.000558457,0.000558457,0.0172747
48977,-0.00178706,0.0112436,0.0441487
48978,-0.00372305,-0.0204768,-0.0325565
48979,0,0,0.0161054
48980,0.00240137,0.00241998,0.0211811
48981,0.00145199,0.00517504,0.0286846
48982,-0.00558457,-0.0074461,-0.000935648
48983,-0.00986608,-0.0135891,-0.0140913
48984,-0.368172,-2.32996,-6.04835
48985,-0.0135891,0.0161953,0.0675769
48986,0.0186152,0.0111691,0.0348475
48987,-0.0204768,-0.0223383,-0.0315387
48988,-0.302405,-2.26415,-5.93882
48989,0.00186152,0.0167537,0.061401
48990,0.000372305,0.00409535,0.0270755
48991,-0.0186152,-0.0297844,-0.0490069
48992,-0.00372305,0.00560319,0.0379418
48993,-0.527426,-2.26142,-5.81901
48994,-0.232449,-2.08874,-5.48129
48995,-0.627632,-2.096,-5.26895
48996,-0.000558457,0.00856301,0.0398814
48997,0.111691,0.115973,0.255697
48998,-0.375954,-2.00829,-5.19897
48999,-0.0409535,-0.035369,-0.0542655
49000,0.0211097,-0.0961664,-0.230622
49001,-0.0148922,-0.028016,-0.052237
49002,-0.0210352,-0.0074461,0.00826802
49003,0,0.0103873,0.0509869
49004,-0.271745,-2.1565,-5.65281
49005,0.00526812,-0.00403951,0.00413267
49006,-0.00791148,-0.0058638,0.00409838
49007,-0.00932624,-0.0111878,-0.0084682
49008,0,-0.0074461,-0.00187483
49009,-0.0284813,-0.035369,-0.0601619
49010,0.0130307,0.0130307,0.0433893
49011,-0.0186152,-0.0167537,-0.0174545
49012,0.0191737,0.0210352,0.0640746
49013,0.0111505,0.0111505,0.0394526
49014,0.0269363,0.0269363,0.0725051
49015,0.00372305,0.124722,0.333916
49016,-0.00692487,0.0196949,0.0744418
49017,0.0217798,0.0770671,0.206616
49018,0.0130307,-1.73472e-18,0.00889036
49019,0.0210352,0.037789,0.101016
49020,0.417112,2.22575,5.82368
49021,0.0180568,0.0180568,0.0539112
49022,-0.0303429,-0.0582657,-0.116226
49023,0.00800456,0.0303429,0.0873542
49024,-0.0074461,-0.0186152,-0.0267297
49025,0.0186152,0.0292259,0.0807671
49026,0.276455,1.94704,5.16784
49027,0,0.00186152,0.0206443
49028,0,-0.00651534,0.000212884
49029,-0.0508196,-0.0582657,-0.108465
49030,0.00511919,0.00325767,0.0229902
49031,-0.0200114,-0.0181499,-0.0205959
49032,0.0135891,0.0136264,0.0446675
49033,0.00130307,0,0.0156553
49034,-0.00986608,-0.0470966,-0.0953669
49035,-0.288276,-1.8552,-4.88801
49036,-0.165955,-1.71837,-4.58726
49037,-0.0260613,-0.0409535,-0.0768601
49038,0.0111691,0.0074461,0.0287957
49039,0.0512292,0.0549522,0.13038
49040,0.277721,1.92508,5.09317
49041,0.0167537,-0.00558457,-0.00680953
49042,-0.0279229,-0.035369,-0.060523
49043,-0.00465381,0.000930762,0.0207906
49044,-0.924843,-5.71421,-14.9822
49045,-0.0775511,-0.0604251,-0.100752
49046,-0.0111691,-0.0115415,-0.00866295
49047,0.0186152,0.0167537,0.0497238
49048,0.00372305,0.0279229,0.0827015
49049,0.00800456,0.0154507,0.0536615
49050,-0.0135891,-0.0120999,-0.00498663
49051,0,0.0111691,0.0377277
49052,0.085928,0.156201,0.373737
49053,-0.0167537,-0.0167537,-0.0187451
49054,0.0241998,0.0241998,0.0667755
49055,-0.00930762,-0.0074461,0.00138639
49056,0,0,0.0161054
49057,0.0118207,0.00809763,0.0306882
49058,-0.0265453,-0.0507452,-0.080827
49059,0.00537981,0.0258566,0.0786705
49060,-0.00461658,-0.00275506,0.0116679
49061,0.0074461,0.00766948,0.032338
49062,1.86152e-05,0.00074461,0.0182513
49063,-0.00928901,-0.0111505,-0.00746593
49064,0.317241,3.59665,9.68402
49065,1.97016,1.89548,3.93188
49066,0,0.00372305,0.0280175
49067,-0.00372305,-0.0118207,-0.0154852
49068,0.0112064,-0.0057335,-0.00557296
49069,-0.00679457,0.00245721,0.0274874
49070,-0.0173122,-0.0117276,-0.00571377
49071,-0.0148922,-0.0148922,-0.0150762
49072,-0.00558457,-0.00558457,0.00441232
49073,0,0.00186152,0.0206461
49074,-2.84966,-6.39696,-15.5784
49075,-0.268841,-2.13995,-5.66781
49076,0.0101453,0.0252237,0.0767538
49077,0.016884,0.0317762,0.0916447
49078,0,0.0111691,0.0444588
49079,0.0372305,0.0502612,0.130667
49080,-0.00930762,-8.67362e-19,0.0208876
49081,-0.0821119,-0.102775,-0.206061
49082,-0.00336936,-0.00709241,-0.000488358
49083,0.0207002,0.0428523,0.11385
49084,0.00154507,0.00154507,0.0193405
49085,0.00986608,0.0243487,0.0719452
49086,0.00960547,0.00774394,0.0321343
49087,-0.00986608,-0.0210352,-0.033314
49088,-0.0120255,-0.00644088,0.00599663
49089,0.0173494,0.0136264,0.0504874
49090,-0.0247583,-0.0250003,-0.035517
49091,-0.399427,-2.26697,-5.90482
49092,0.0241998,0.0954218,0.277456
49093,0.239131,0.223532,0.485625
49094,-0.0359274,-0.0564042,-0.119214
49095,-0.00930762,-0.00558457,0.00680743
49096,0.0204768,0.0223383,0.0635208
49097,0.00800456,0.00986608,0.0374062
49098,-0.00186152,-0.00372305,0.00766699
49099,0.0279415,0.0302684,0.081257
49100,-0.0279229,-0.0270852,-0.0400672
49101,-0.0186152,-0.0182988,-0.0220381
49103,0.0242184,0.0242184,0.0668145
49104,-0.0247583,-0.0247583,-0.035734
49105,0.000558457,0.000558457,0.0172747
49106,0.00372305,0.00930762,0.037523
49107,0,-0.0148922,-0.0202204
49108,0.0050075,0.0124536,0.0447531
49109,-0.00372305,-0.0074461,0.00413657
49110,-0.0111691,-0.0111691,-0.00672625
49111,0,-0.0074461,-0.00125023
49112,0.382804,2.42421,6.38489
49113,0.0266384,0.0253354,0.0636559
49114,0.273998,2.32279,6.16451
49115,0,-0.014855,-0.0201296
49116,-0.00558457,-0.0260613,-0.0551759
49117,0.0241998,0.0237158,0.0654507
49118,0,0.0199183,0.0644937
49119,0.0074461,-0.00372305,0.00445187
49120,-0.0115415,-0.0078184,0.000333063
49121,0.0698816,0.0698816,0.162196
49122,0.0335074,0.0707379,0.196054
49123,-0.0338611,-0.0376028,-0.0639206
49124,-0.0542448,-0.0765831,-0.15604
49125,-0.320368,-2.32443,-6.13935
49126,0.0279229,0.074461,0.20474
49127,0.0244791,0.0280904,0.0761692
49128,-0.00120999,-0.00679457,-5.0259e-05
49129,-0.0186152,-0.0335074,-0.0591974
49130,0.00372305,0.0074461,0.0329823
49131,-0.0204768,-0.0223383,-0.0306517
49132,-0.00186152,0.00930762,0.0394521
49133,0.041512,0.0601273,0.148431
49134,-0.000558457,0.00130307,0.0203638
49135,0.000558457,0.000279229,0.0164949
49136,0.0777001,0.0795616,0.183336
49137,-0.0511919,-0.0753918,-0.150568
49138,-0.0186152,-0.0148922,-0.0137901
49139,0.00271783,-0.00286675,0.00435846
49140,-0.0137194,-0.0267501,-0.0457818
49141,-0.0471897,-0.0509127,-0.0917753
49142,-1.02695,-7.01114,-18.4203
49143,0.57966,2.62239,6.80483
49144,0.709762,4.63568,12.1884
49145,0.00688764,-0.0191737,-0.0344914
49146,-0.0133844,-0.0774767,-0.201564
49147,-0.225747,-2.22782,-5.91703
49148,-0.0195274,-0.00279229,0.0217555
49149,-0.370574,-2.34372,-6.13695
49150,0.0767879,0.089651,0.215735
49151,0.00822794,0.00636642,0.0253256
49152,-0.00188014,0.0354062,0.113098
49153,0.0519552,0.0482321,0.115186
49154,-0.00344382,-0.0015823,0.0143391
49155,0.664732,4.58791,12.136
49156,0.353969,2.11054,5.57866
49157,-0.0183174,-0.0274389,-0.053531
49158,0.00245721,0.00431874,0.0257911
49159,-0.00370443,-0.0345313,-0.0682616
49160,-0.000595688,-0.022934,-0.0494367
49161,-0.041512,-0.0470966,-0.087941
49162,0.00515642,0.00701795,0.0319973
49163,-0.217556,-1.98189,-5.29084
49164,-0.0141476,0.00260613,0.0352369
49165,0.000558457,0.000558457,0.0172747
49166,0.0299706,0.0295982,0.0775462
49167,0.0102384,0.00837686,0.0334482
49168,0.461863,3.87823,10.3841
49169,-0.00148922,0.00409535,0.0286892
49170,0.00186152,-0.00372305,0.000888114
49171,0.00930762,0.00930762,0.0355939
49172,-0.00372305,-0.000558457,0.0109238
49173,0.00186152,0,0.0152336
49174,-0.0372305,0.0279229,0.0975343
49175,0.0316459,0.0409535,0.106214
49176,0,-0.00372305,0.00656648
49177,0,0,0.0156479
49178,-0.00186152,0.00372305,0.0262874
49179,0.0173122,0.0249444,0.0714285
49180,0.0074461,-0.00930762,-0.00573322
49181,0,0.0129376,0.0524577
49182,-0.211134,-1.98003,-5.2951
49183,-0.0644088,-0.0867471,-0.179269
49184,0.0627334,0.0794871,0.192387
49185,0.115582,1.87491,5.11405
49186,-0.241012,-1.99105,-5.32522
49187,0.0279229,0.0446766,0.117674
49188,-0.00938209,-0.00193599,0.0184263
49189,-0.000725995,-0.00295982,0.00767825
49190,-0.00186152,0,0.0167484
49191,0.0316459,0.0264895,0.0665643
49192,1.86152e-05,1.86152e-05,0.0161444
49194,0.0223383,0.0223383,0.0628778
49195,0.213107,1.96411,5.31078
49196,-0.0390734,-0.0707193,-0.147947
49197,0.0180568,0.0284813,0.0772494
49198,-0.00558457,-0.00558457,0.00441232
49199,0.00614303,0.00614303,0.0289678
49200,-0.000558457,0.00130307,0.0197056
49201,-0.00558457,-0.00558457,0.00441232
49202,0.0111691,0.0148922,0.0490306
49203,-0.00316459,0.00241998,0.023559
49204,0.023902,0.0335819,0.0897636
49205,0.00186152,0.00176845,0.0197309
49206,-0.0764714,-0.103743,-0.211802
49207,-0.0813673,-0.140936,-0.304289
49208,0.0173122,0.0322044,0.0890296
49209,0.0772533,0.058638,0.132453
49210,-0.0294121,-0.021966,-0.0273153
49211,0,0.00372305,0.0256444
49212,0.00558457,0.00930762,0.0373375
49213,0.00474689,0.00474689,0.0260446
49214,0.0465754,0.0577445,0.14087
49215,0.324296,3.47403,9.34308
49216,0.0139614,-0.0629195,-0.174558
49217,0.0148922,0.0119138,0.0393899
49218,-0.0247583,-0.037789,-0.0730646
49219,0.00930762,0.0148922,0.0519271
49220,-0.0154507,-0.00800456,0.00514638
49221,0,0,0.0163508
49222,0.0192668,0.0192668,0.0564466
49223,-0.011225,-5.58457e-05,0.0205049
49224,0,0,0.0161054
49225,0.0162139,0.0190062,0.0580719
49226,-0.0266198,-0.0310689,-0.0505412
49227,-0.0130307,-0.00474689,0.00913068
49228,-0.00502612,-0.0180568,-0.0262034
49229,0.0824656,0.0898744,0.206578
49230,-0.0565904,-0.0714826,-0.13871
49231,-0.00372305,-0.0074461,-0.000771429
49232,-0.0316459,-0.0335074,-0.0546962
49233,0.00372305,-0.000186152,0.0122323
49234,0,0.00372305,0.0246437
49235,-0.272304,-1.90091,-5.05028
49236,-0.199723,-1.81532,-4.81397
49237,0.0396505,0.0452351,0.116392
49238,0.00372305,0.0148922,0.0511452
49239,0.00372305,-0.0111691,-0.00754495
49240,-0.00673872,-0.0123233,-0.0116264
49241,0.25233,1.96737,5.25149
49242,0.0427778,0.05767,0.141677
49243,-0.00372305,-0.0130307,-0.0170228
49244,0.00718549,0.0157113,0.052862
49245,-0.0111691,-0.0130307,-0.0118215
49246,0.0102384,0.0139614,0.0470019
49247,-0.00556596,-0.00184291,0.0144198
49248,0.00376028,0.00376028,0.0239788
49249,-0.0399111,-0.0473572,-0.0867399
49250,0.0135891,0.0154507,0.0490993
49251,0,0.00372305,0.0292477
49252,-0.0454957,-0.0436341,-0.0746136
49253,-0.00426289,-0.00984747,-0.00644249
49254,0.00372305,-0.00930762,-0.00948547
49255,0.00551011,0.00923316,0.0371815
49256,0.0446952,0.0391106,0.0951809
49257,-0.379006,-2.02476,-5.31676
49258,-0.0186152,-0.00688764,0.0111908
49259,0.0312736,0.0290398,0.0770529
49260,0.0149853,0.0242929,0.0717588
49261,0.000558457,0.00234552,0.021412
49262,0.00558457,0.0058638,0.0285628
49263,-0.00614303,-0.00800456,-0.00063945
49264,0.00521227,0.0244604,0.0807587
49265,0.00370443,0.00556596,0.0286313
49266,0.0130307,0.013403,0.0418644
49267,0,-0.00186152,0.0115647
49268,-0.0148922,-0.0204395,-0.0286075
49269,0.00930762,0.00930762,0.0355939
49270,-0.00614303,-0.00392782,0.00902859
49271,0.00986608,0.00986608,0.0367632
49272,0,0.00186152,0.0214534
49273,-0.00186152,-0.00372305,0.00766699
49274,-0.608477,-4.21135,-11.1597
49275,0.000539842,-0.0212214,-0.035564
49276,0.0651534,0.0694163,0.15799
49277,-0.00372305,-0.0074461,-0.00238592
49278,0,0.00558457,0.0299843
49279,-0.0241998,-0.0167537,-0.0154868
49280,-0.0186152,-0.0223383,-0.0324105
49281,0,0.0074461,0.0347258
49282,-1.02734,-6.39821,-16.7922
49283,-0.222043,-2.16886,-5.82861
49284,-0.392186,-2.34694,-6.15009
49285,-0.0078184,0.0239392,0.0938056
49286,0.00372305,0.0112436,0.0452019
49287,0.0588242,0.062752,0.148407
49288,-0.00558457,0.0148922,0.0592126
49289,-0.00621749,-0.000632918,0.0177954
49290,-0.00372305,-0.00372305,0.00831002
49291,0,0.0074461,0.0377183
49292,0.0285744,0.034159,0.0921864
49293,-0.0223383,-0.0223383,-0.030667
49294,0.0074461,0.00558457,0.0199674
49295,0.00558457,0.00558457,0.0277985
49296,-0.0021966,0.0223569,0.0792972
49297,-1.86152e-05,-1.86152e-05,0.0160664
49298,0.0123978,0.0145385,0.047974
49299,-0.00930762,-0.00930762,-0.00338308
49300,0,-0.0074461,-0.00297246
49301,-0.253577,-2.27357,-6.00118
49302,0.017126,0.116718,0.29434
49303,-0.00837686,-0.0102012,0.00972318
49304,-0.904441,-4.76208,-12.3632
49305,0.403132,2.32462,6.11085
49306,0.0270293,0.0190806,0.0503407
49307,0.0340659,0.0452351,0.115049
49308,-0.0039092,-0.0225245,-0.042117
49309,-0.0214075,-0.0288536,-0.0519281
49310,-0.0110575,-0.000539842,0.0151844
49311,0.0539842,0.0428151,0.0964977
49312,0.268283,2.09258,5.56852
49313,-0.0164745,-0.0276436,-0.0438262
49314,0.00951239,0.0486044,0.135798
49315,0.0284627,0.00798594,0.0196571
49316,0.319158,2.2062,5.83114
49317,-0.0675734,-0.0917732,-0.189835
49318,-0.0118021,-0.00994054,-0.00406527
49319,-0.00111691,-0.00111691,0.0137668
49320,-0.0297844,-0.0316459,-0.0494932
49321,-0.00288536,-0.00288536,0.0100721
49322,0.0386453,0.0386453,0.0970217
49323,-0.697011,-4.7403,-12.4422
49324,-0.226883,-1.94245,-5.21812
49325,0.00186152,0.0316459,0.0979518
49326,-0.0103501,0.00450489,0.0361711
49327,-0.0148922,-0.0074461,0.00465327
49328,-0.0148922,-0.0110761,-0.00703871
49329,0.0074461,0.0316459,0.0918414
49330,-0.00504473,-0.0217798,-0.0354984
49331,-0.00372305,-0.00735302,-0.000544393
49332,0,0.00186152,0.0211036
49333,3.72305e-05,-0.000148922,0.0156738
49334,-0.00807902,-0.0118021,-0.010928
49335,0.00843271,0.0177403,0.0605018
49336,0.00372305,-0.00508196,0.000769941
49337,0.00188014,3.72305e-05,0.0193057
49338,-0.0359274,-0.0359274,-0.0591202
49339,-0.0148922,0.00327628,0.0377948
49340,0.00428151,-0.00316459,0.00340168
49341,-0.00742748,-0.00714826,0.00126902
49342,-0.621377,-4.14489,-11.0228
49343,0.165285,1.62126,4.39135
49344,-0.0472641,-0.0354621,-0.0494956
49345,0.0155251,0.000651534,0.00481531
49346,0.00372305,0.00930762,0.0386321
49347,0.0094007,0.0395574,0.120786
49348,-0.00228968,-0.00228968,0.0113112
49349,-0.0339542,-0.0451234,-0.082233
49350,0.0191923,0.0456446,0.125512
49351,0.0526812,0.0564042,0.135492
49352,-0.0350711,-0.0387942,-0.0664087
49353,0.00078184,-0.0194716,-0.0274555
49354,-0.0204768,-0.0130307,-0.00814889
49355,0.0204768,0.0167537,0.0498987
49356,-0.0111691,-0.0111691,-0.00728078
49357,0.0406185,0.0648183,0.157761
49358,0.31026,2.45613,6.61924
49359,-0.0554362,-0.0692673,-0.138964
49360,-0.0671266,-0.0841037,-0.164969
49361,0.00930762,0.00930762,0.0355939
49362,0.00934486,0.0148922,0.0496607
49363,0,0.00396505,0.0348138
49364,0.00115415,0.00673872,0.0326987
49365,0.00569627,0.00197322,0.0194084
49366,0,0.00186152,0.0215498
49367,0,-0.0107224,-0.0157554
49368,-0.00551011,-0.00551011,0.00456823
49369,1.86152e-05,1.86152e-05,0.0161444
49370,0,0,0.0163508
49371,-0.0021966,-0.0021966,0.0115061
49372,-5.58457e-05,-0.00145199,0.012193
49373,0.00264337,0.00264337,0.0216402
49374,-0.00228968,-0.00228968,0.0121185
49375,-0.00104245,-0.0047655,0.00484126
49376,0,0.000223383,0.0163012
49377,0.00186152,0.00335074,0.0234742
49378,0,0,0.0161054
49379,0.00284813,0.0102942,0.0408901
49380,0.552296,4.23376,11.293
49381,-0.0178706,-0.102756,-0.247543
49382,-0.325301,-2.19232,-5.79045
49383,0.0489581,0.080604,0.204257
49384,0.00186152,-0.00186152,0.0104642
49385,0.0148922,0.0238275,0.0695934
49386,0.041512,0.0396505,0.0979289
49387,-0.00428151,-0.00614303,0.00223794
49388,0.0489581,0.0508196,0.122252
49389,0.114502,1.9818,5.35227
49390,-0.0638131,-1.9011,-5.14878
49391,0.159458,3.45423,9.03102
49392,0.000260613,0.00729718,0.0403517
49393,-0.0251864,0.104115,0.276294
49394,0.00241998,-0.00688764,-0.00183639
49395,0.0074461,0.00930762,0.0388661
49396,0.0186152,0.0130307,0.0412315
49397,0,-0.0074461,-0.00205748
49398,0.0212772,0.0194157,0.0582877
49399,0.0335074,0.110835,0.274886
49400,0.0130307,0.0705332,0.207948
49401,-0.00364859,-0.00271783,0.0111034
49402,0.424651,3.12427,8.38984
49403,-0.00163814,-0.000651534,0.0130114
49404,0.00193599,-0.00362997,0.00613165
49405,-0.462645,-3.38816,-9.01539
49406,-0.246243,-3.12684,-8.20559
49407,-0.0116345,-0.0228037,-0.038029
49408,0,-0.00372305,0.00702397
49409,0.0210352,0.0415865,0.115815
49410,0.00223383,0.0208305,0.0748742
49411,0.00186152,0.0241998,0.0709862
49412,-0.00558457,-0.0074461,-0.000128404
49413,0,0.000688764,0.0181144
49414,0.00279229,0.00279229,0.021952
49415,-0.00186152,0,0.0174067
49416,0,0,0.0161054
49417,-0.00186152,0.00372305,0.0282516
49418,-0.00186152,-0.00186152,0.0122077
49419,-0.0372305,-0.0372305,-0.0618486
49420,-0.426252,-3.06867,-7.92828
49421,0.000558457,-0.0137567,-0.0151145
49422,0.0628823,0.0889437,0.213376
49423,-0.0313481,-0.046203,-0.0864393
49424,0.00580796,0.0188386,0.0602801
49425,-0.0199183,-0.0367651,-0.0664648
49426,-0.0113553,-0.00202906,0.0188215
49427,0,0.0074461,0.0342683
49428,0.0148922,0.0148922,0.047287
49429,-0.0198811,-0.0198811,-0.025522
49430,0.000856301,-0.0065898,-0.00377009
49431,-1.26102,-3.64717,-9.2321
49432,-0.225114,-2.61827,-7.01499
49433,-0.00130307,0.0117276,0.0463336
49434,0,0.00837686,0.0399927
49435,-0.0625472,-0.047655,-0.0855141
49436,0.0120068,0.0177403,0.0587366
49437,0.00186152,0.00186152,0.0200031
49438,-0.0074461,-0.00930762,-0.0040261
49439,1.86152e-05,-0.0130121,-0.0204571
49440,0,-0.000651534,0.0125721
49441,0.00154507,0.00899117,0.0384184
49442,0.0015823,-0.000651534,0.0136951
49443,0.00202906,0.00947516,0.0394318
49444,-0.00174983,0.000111691,0.0221191
49445,-0.0037789,-0.0186711,-0.0293455
49446,0.00394643,0.0188386,0.0611518
49447,-0.000893532,-0.000893532,0.0142345
49448,0.0241998,0.00558457,0.0132958
49449,0,0,0.0161054
49450,0.00928901,0.0521041,0.147232
49451,0,-0.0074461,-0.00205748
49452,-0.0265267,-0.0246466,-0.0353549
49453,0.00558457,0.0279043,0.0922534
49454,1.12485,7.85629,20.9034
49455,-0.0735302,-0.0927039,-0.184865
49456,0.0138125,0.0249817,0.0708225
49457,0.00746472,-0.0282952,-0.0592397
49458,0.00928901,-0.0079301,-0.00997305
49459,-0.0223383,-0.0260613,-0.0435074
49460,-0.0074461,-0.00746472,0.000463668
49461,0.0130307,0.0166048,0.0520548
49462,-0.0021966,0.00897255,0.0395577
49464,0.000632918,0.00612442,0.0317113
49465,-0.0135891,-0.0135891,-0.0125765
49466,0.0241998,0.0260613,0.071545
49467,0,-0.0148922,-0.0202204
49468,0.00472827,0.0103128,0.0397355
49469,0.00930762,0.0204768,0.0636455
49470,0.0050075,-0.00925178,-0.0118043
49471,0.000223383,0.00208491,0.0239445
49472,-0.0617654,-0.0599039,-0.108451
49474,0.00930762,0.0112622,0.0409566
49475,-0.00372305,-0.00372305,0.00831002
49476,0.0119696,0.0287233,0.0822629
49477,0.0275506,0.0238275,0.0632517
49478,0,0.00558457,0.0297389
49479,-0.00186152,-0.00186152,0.0122077
49480,0.00186152,-0.00039092,0.0110793
49482,0.00338798,-0.0096427,-0.00835709
49483,0.00372305,0.00651534,0.0316335
49484,-0.00614303,-0.00614303,0.00324301
49485,0.0117276,0.0191737,0.0580166
49486,0,-0.0129376,-0.0158987
49487,-0.00519365,0.000465381,0.0161916
49488,-0.0236414,-0.0385336,-0.0681592
49489,0.000614303,0.0210911,0.0682546
49490,0.00186152,-0.0130307,-0.0167522
49491,0.00074461,0.00819071,0.0358274
49492,-0.00385336,-0.0112995,-0.0101257
49494,-0.000316459,0.00712964,0.034264
49495,0.00264337,-0.00294121,0.00801798
49496,0.00558457,0.00558457,0.0277985
49497,0.00107968,0.00294121,0.0229068
49498,0.0341404,0.0307524,0.0789088
49499,0.256984,2.22322,5.96546
49500,-0.0517132,-0.0602762,-0.112305
49501,0.0340659,0.0247583,0.0581761
49502,0.00824656,0.0113367,0.0413673
49503,0.144436,2.12616,5.73972
49504,-0.00286675,-0.0241812,-0.0529038
49505,0.0519179,0.0612256,0.147287
49506,-0.00554734,0.00227106,0.024522
49507,-0.0716501,-0.108881,-0.223036
49508,0.00342521,-0.00230829,0.00881596
49509,0.00374167,0,0.0143554
49510,0.0342707,0.0528859,0.134184
49511,0.00616165,0.0024386,0.0219487
49512,-0.00186152,0.00372305,0.0265161
49513,0.00186152,0.00372305,0.0237366
49514,0.00699933,0.00327628,0.0216793
49515,-0.0107968,-0.0107968,-0.00650124
49516,0.0074461,0.0148922,0.0489554
49517,-0.00930762,-0.0111691,-0.00702014
49518,0.00876778,0.0143524,0.0484478
49519,-0.00223383,-0.00967993,-0.00673472
49520,-0.0212214,-0.0249444,-0.0374098
49521,-0.00186152,-0.00186152,0.0122077
49522,-5.58457e-05,-5.58457e-05,0.0159885
49523,0.013403,0.0264337,0.0759539
49524,0,-0.0111691,-0.0111389
49525,-0.0111691,-0.0186152,-0.0290583
49526,0.000428151,0.000465381,0.0171059
49527,-0.223699,-2.1789,-5.82335
49528,-0.0191737,-0.0154507,-0.0113156
49529,0,0.014948,0.0509349
49530,-0.00372305,-0.0074461,-0.00238592
49531,0.00372305,-0.00374167,0.00460276
49533,-0.0111691,-0.00917732,0.000330063
49534,-0.266273,-2.25507,-6.00297
49535,0.0104245,0.0236041,0.0710955
49536,0.0418843,0.0362997,0.088567
49537,-0.0130307,-0.0217612,-0.0274281
49538,-0.000763225,0.00295982,0.0281637
49539,-0.0446766,-0.0521227,-0.0960598
49540,-0.00372305,0,0.017849
49541,0.00316459,0.00860025,0.0366767
49542,0.00182429,0.00182429,0.0199252
49543,0,0.0074461,0.0374973
49544,-0.0111691,-0.0148922,-0.0179767
49547,-0.00483996,-0.00856301,-0.00740617
49549,-0.354006,-2.34789,-6.19459
49550,-0.00372305,0.0149853,0.0578283
49551,0.0035369,0.00225245,0.0171351
49552,0,-0.00372305,0.00621673
49553,0.0260613,0.0279229,0.0752139
49554,0.0035369,0.00539842,0.0280518
49555,0.0115601,0.0134588,0.0457489
49556,-0.000186152,-0.000186152,0.0157156
49557,0,-9.30762e-05,0.0158346
49558,-0.00928901,-0.0111505,-0.00788483
49559,-0.0470966,-0.0601273,-0.116464
49560,-0.662144,-5.2872,-14.1715
49561,0.00372305,0.00372305,0.0235901
49562,0.110668,0.114689,0.264516
49563,0.000372305,-0.00325767,0.0134577
49564,0.035369,0.0248514,0.0602187
49565,-0.019546,-0.0247583,-0.0411511
49566,0.000558457,0.00241998,0.0209118
49567,-0.339524,-2.66537,-6.99499
49568,0.00986608,0.0284813,0.0892241
49569,0,0.00372305,0.0262959
49570,0.00452351,0.0156927,0.0548452
49571,-0.00372305,-0.00362997,0.00846624
49572,0,0.0074461,0.0377739
49573,0.0527184,0.0601831,0.144931
49574,0.0037789,-0.00551011,0.000680178
49575,-0.00217798,-0.00217798,0.0115451
49576,0,-0.00368582,0.0115653
49577,-0.0308827,-0.0513595,-0.0941592
49578,-0.0396505,-0.0355365,-0.0566264
49579,-0.180587,-2.40308,-6.43024
49580,0.00927039,0.00368582,0.0218591
49581,0.0223383,0.0148922,0.044881
49582,0.215844,2.52849,6.77374
49583,-0.00930762,-0.0111691,-0.0140585
49584,-0.0405254,-0.0386639,-0.0642068
49585,-0.267296,-2.57246,-6.82226
49586,0.318823,2.64083,7.00902
49587,-0.0124722,-0.0236414,-0.0460387
49588,0.0106107,0.00502612,0.0226359
49589,0,-0.00860025,-0.0126623
49590,0.216533,2.45848,6.5607
49591,0.0130307,0.0180568,0.0554518
49592,-0.0135891,-0.0286675,-0.0544667
49593,0.0155065,0.0229526,0.0682017
49594,-1.86152e-05,0.00370443,0.0251479
49595,-0.00800456,-0.0117276,-0.00973614
49596,0.00558457,0.00558457,0.0277985
49597,0.00241998,0.00241998,0.0211724
49598,0,-0.00186152,0.0115647
49599,0.00372305,0.00372305,0.0239008
49600,0.00143337,0.00143337,0.0191066
49601,0.000241998,0.000241998,0.0166121
49602,-0.000558457,-0.000558457,0.0149361
49603,-0.0111691,-0.0111691,-0.00728078
49604,0.00999639,0.00999639,0.0370361
49605,-0.0164745,-0.0275878,-0.0470876
49606,-0.0148736,1.86152e-05,0.0230906
49607,0.0167537,0.0223383,0.066168
49608,0.00629195,0.021724,0.0713616
49609,-0.0161953,-0.0199183,-0.0286115
49610,-0.00186152,-0.00186152,0.0122077
49611,0.00558457,0.0141476,0.0520521
49612,-0.00742748,0.00193599,0.0239677
49613,-0.0074461,-0.00558457,0.00528409
49615,-0.254359,-2.52438,-6.69938
49616,0.0148177,0.0204023,0.0641684
49617,-0.0102384,-0.00651534,0.00305001
49618,0.0322044,0.0278298,0.0709631
49619,0.00558457,0.00558457,0.0277985
49620,-0.0452351,-0.0619888,-0.119475
49621,-0.0625472,-0.0532396,-0.0897532
49622,0.0866168,0.0884783,0.202235
49623,0.000930762,0.000930762,0.0180543
49624,0.180493,2.43566,6.5398
49625,-0.0087864,-0.0199555,-0.0354088
49626,-0.000558457,-0.00986608,-0.0104785
49627,0.00558457,0.00558457,0.0277985
49628,-0.00995916,-0.00949378,-0.00361209
49629,-0.0130307,-0.00362997,0.0117522
49630,0.00247583,0.00247583,0.0212894
49631,0.0208863,0.0208863,0.0598376
49632,-0.00949378,-0.00949378,-0.00377285
49633,0.00930762,0.00930762,0.0355939
49634,0.00206629,0.0113739,0.0463645
49635,0.0266198,0.0228968,0.0496976
49636,-0.0110202,-0.0114856,-0.00810414
49637,0.115787,2.41308,6.63589
49638,-0.167332,-2.47026,-6.73512
49639,0.0135891,0.0228968,0.0709167
49640,0.00186152,0.00186152,0.0200031
49641,-0.00372305,-0.00362997,0.00853705
49642,0.0175356,0.0231201,0.0670437
49644,-0.00074461,-0.00446766,0.00197601
49645,-0.00558457,-0.00558457,0.00441232
49646,0.0074461,0.00930762,0.0368952
49647,0.0294121,0.0295052,0.077349
49648,-0.000632918,-0.00612442,0.00141798
49649,-0.00930762,-0.00558457,0.0075057
49650,0.0111691,0.0111691,0.0400701
49651,-3.72305e-05,0.00184291,0.0215209
49652,-0.273439,-2.51215,-6.64311
49653,0.0491443,0.0565904,0.134982
49654,0.00241998,0.0138497,0.0516257
49655,-0.00612442,-0.0135705,-0.0178119
49656,-0.00372305,-0.00372305,0.00669553
49657,-0.0137753,-0.0137753,-0.0127376
49658,0,-0.0130307,-0.0154509
49659,0.00372305,0.00558457,0.0264182
49660,0,0,0.0161054
49662,0.0241998,0.039092,0.103101
49663,0,0.000204768,0.0142655
49664,0,-0.0148922,-0.0194131
49665,0.00176845,-0.00381613,0.00595731
49666,0.0475992,0.068076,0.165718
49667,0.243301,2.52953,6.74183
49668,-0.0290956,-0.0290956,-0.0448156
49669,0.103259,2.44869,6.71206
49670,-0.00865609,-0.0290398,-0.053804
49671,0,-1.73472e-18,0.013193
49672,0.00186152,0.0111691,0.0438225
49673,0.00372305,0.00558457,0.0284415
49674,0.0447138,-0.00368582,-0.0361357
49675,0.00186152,0.00186152,0.0200031
49676,-0.0130307,-0.0167537,-0.0202599
49677,0.0130307,0.0148922,0.0484846
49678,0,0,0.0161054
49679,0,-0.000279229,0.01539
49680,0.0160091,0.0141476,0.0445304
49681,0.0292259,0.0416982,0.106539
49682,-0.00735302,-0.0054915,0.00525023
49683,-0.00558457,-0.0111691,-0.00627884
49684,-0.0532582,-0.0644274,-0.122652
49685,0,-0.00372305,0.00540948
49686,0.000148922,0.0057335,0.0300406
49687,-0.00182429,-0.00554734,0.00343297
49688,-0.00930762,-0.00930762,-0.00338308
49689,0.0111505,0.0148736,0.0485341
49690,0,-0.00372305,0.00702397
49691,0.000186152,-0.0035369,0.00609721
49693,-0.332357,-2.66178,-7.14315
49694,0.0175169,0.0296169,0.0832223
49695,9.30762e-05,0.0019546,0.0236085
49696,0,-0.00372305,0.00656648
49697,0,0,0.0161054
49698,0,0.0111691,0.0465787
49699,0.00186152,-0.00569627,-3.81335e-05
49700,0.0260613,0.0357413,0.0944464
49701,0,-0.00372305,0.00702397
49702,0.0545427,0.0675734,0.162093
49703,-0.0135891,-0.0284813,-0.0486736
49704,-1.00349,-7.41985,-19.6065
49705,-0.0130307,-0.000204768,0.020501
49706,-0.0111691,-0.03643,-0.0773279
49707,0.000316459,-0.000856301,0.0136662
49708,0,-0.00186152,0.0107991
49709,-0.00372305,0.018578,0.0608201
49710,0.00186152,0.00184291,0.0199496
49711,-0.00372305,-0.00372305,0.00831002
49712,0.00372305,0.00372305,0.0239008
49713,0.000558457,0.000558457,0.0172747
49714,0.00930762,0.0204768,0.0628383
49715,0.0288723,0.0307338,0.0799502
49716,0.0548591,2.04505,5.66469
49717,0.0303429,0.0452351,0.128229
49718,0.00372305,-0.00556596,-0.00225741
49719,-0.631411,-4.66805,-12.3668
49720,0.00930762,0.00372305,0.0152763
49721,0,0.0181313,0.0616386
49722,0,0.00936347,0.0415742
49723,-0.0074461,0,0.0195925
49724,0,0.00558457,0.0312941
49725,0.00765087,0.0337122,0.103652
49726,0.00564042,0.00564042,0.0279154
49727,-0.395723,-2.36585,-6.24749
49728,-0.110016,-2.16594,-5.73828
49729,-0.0126956,-0.0449,-0.0948282
49730,-0.178948,-2.21415,-5.80229
49731,-0.0162883,-0.00698072,0.00505778
49732,0,0.0186152,0.0690447
49733,0.0118207,-0.00493304,-0.0019883
49734,0.0117276,0.0303429,0.0851246
49735,-0.0296727,-0.0352573,-0.0594173
49736,0.00372305,0.0111691,0.0429787
49737,0,-0.00186152,0.010661
49738,0.017126,0.013403,0.0356948
49739,0,0.0111691,0.0433498
49740,0.0179637,0.0347174,0.100552
49741,0.000446766,-0.00320182,0.00955442
49742,0.0111691,0.0111691,0.0394916
49743,-0.0185036,-0.0185036,-0.0226377
49744,-0.0111691,-0.0167537,-0.0213604
49745,0.0724319,2.21767,5.92714
49746,-0.026173,-0.00755779,0.0071685
49747,0.0880501,0.0750195,0.166868
49748,-0.0539842,-0.0502612,-0.0889555
49749,0.496096,2.59418,6.689
49750,-0.0428151,-0.0428151,-0.0708069
49751,-0.0557341,-0.0542076,-0.0959978
49752,-0.0187269,-0.026173,-0.0447739
49753,0,0.00837686,0.0363099
49754,-0.438668,-2.57529,-6.66153
49755,0.130865,0.145757,0.326439
49756,-0.0241812,-0.00556596,0.0196454
49757,-0.0117462,-0.0173308,-0.0216537
49758,-0.0260613,-0.0297844,-0.0480013
49759,-0.00558457,-6.50521e-19,0.0192992
49760,0.0111691,0.0148922,0.0490306
49761,0.00990331,0.0154879,0.0509208
49762,-0.00238275,-0.0024386,0.0109733
49763,0,0.000930762,0.0183758
49764,-0.00186152,-0.0074461,-0.000995556
49765,0.0372305,0.0428151,0.108797
49766,-1.86152e-05,-1.86152e-05,0.0160664
49767,0.385485,2.53223,6.61127
49768,-0.0247211,-0.0264337,-0.0399719
49769,0.00128445,-0.0210538,-0.0444577
49770,-0.00128445,-0.00314598,0.00887528
49771,0.00186152,0.00186152,0.0200031
49772,-0.0177217,-0.0344941,-0.0640829
49773,0,0.00186152,0.0208469
49774,-0.0186152,-0.0111691,0.00180694
49775,-0.0139987,-0.0158602,-0.0186497
49776,0,0.0074461,0.0351833
49777,-0.00647811,-0.00461658,0.00663597
49778,0.00372305,0.0111691,0.0425212
49779,0.0411955,0.0486416,0.120982
49780,-0.00560319,-0.00560319,0.00437334
49781,-0.0191737,-0.0191737,-0.0240409
49782,0.0124536,0.0124536,0.042181
49783,0.0284813,0.0303429,0.0794737
49784,0,-0.00372305,0.00702397
49785,0.00692487,0.0106479,0.0392288
49786,-0.0441926,-0.0443601,-0.0764068
49787,0.00186152,-0.00186152,0.0100067
49788,-0.0130307,-0.00930762,-0.00209703
49789,0.0303429,0.0526812,0.1415
49790,0.0593826,0.117257,0.280698
49791,-0.0167351,-0.00742748,0.00505397
49792,-0.0111691,-0.0446766,-0.0956969
49793,-0.0110947,-0.0259869,-0.0434507
49794,0,-0.00372305,0.00702397
49795,-0.00372305,0.0074461,0.0355544
49796,0.0260613,0.0148922,0.0434289
49797,-0.0362811,-0.028835,-0.0384689
49798,0.000874917,0.000893532,0.0179893
49799,0.00800456,0.0191737,0.0584954
49800,-0.00111691,-0.0160091,-0.0241735
49801,-0.000558457,0.00316459,0.024475
49802,0.00800456,0.000558457,0.0137876
49803,0.00180568,0.00180568,0.0203437
49804,-0.0142034,-0.0155251,-0.0170204
49805,0.00651534,0.0171446,0.0583142
49806,-0.00359274,-0.00712964,-0.00165901
49808,-0.0310689,-0.042238,-0.0793793
49809,0.075913,0.0945282,0.220918
49810,0.0321113,0.0193785,0.0490746
49811,-0.00418843,-0.0190806,-0.0285327
49812,0,-0.00930762,-0.00889893
49813,0.00297844,0.00670149,0.0330377
49814,-0.0378076,-0.0419029,-0.0736356
49815,0.00161953,-0.00210352,0.00880048
49816,9.30762e-05,0.0112622,0.0440021
49817,0.0122674,0.0277181,0.0803761
49818,-0.0191737,-0.0340659,-0.0615237
49819,0.0148922,0.0148922,0.0479453
49820,-0.00930762,-0.00930762,-0.00338308
49821,0.0131424,0.0243115,0.073639
49822,0.0328001,0.0532768,0.136803
49823,-0.0428151,-0.0800456,-0.168459
49824,0.00716687,0.0108899,0.0406505
49825,0,0.00372305,0.0251869
49826,0.00372305,0,0.0143619
49827,0.00372305,0.0074461,0.0334398
49828,0.000465381,0.00403951,0.0262005
49829,0.0297844,0.0354621,0.0959173
49830,0.172954,2.20192,5.99548
49831,0.10754,0.0403392,0.0446049
49832,-0.00930762,-0.0111691,-0.00746631
49833,-0.0225431,-0.024963,-0.033162
49834,0.0177403,0.0289095,0.0804948
49835,-0.00186152,-0.00930762,-0.00595518
49836,-0.0111505,-0.0129562,-0.0116221
49837,0.0271224,0.0457377,0.118302
49838,0.00271783,-0.00679457,-0.00140704
49839,-0.00748333,-0.00748333,0.000436666
49840,0.00102384,-0.00269921,0.0091677
49841,0.143058,2.14103,5.79117
49842,-0.0177031,-0.0331538,-0.0615211
49843,0.00763225,0.00765087,0.0321369
49844,0.0614303,0.0725995,0.168579
49845,-0.0297844,-0.0707379,-0.146961
49846,-0.00558457,-0.00558457,0.00441232
49847,0.0279043,0.0279043,0.0745319
49848,-0.0111691,-0.0111691,-0.00728078
49849,-0.014371,-0.0263964,-0.0433179
49850,0.00616165,0.00802317,0.0343548
49851,-0.00180568,0.00750195,0.0394102
49852,-0.0048772,0.00629195,0.0358901
49853,0.00120999,0.00120999,0.0186389
49854,0,-0.00558457,0.000657433
49855,-1.03115,-8.95451,-23.7671
49856,0.00372305,-0.0130307,-0.022941
49857,-0.00188014,0.0035369,0.0251258
49858,0.00558457,0.0223383,0.0678607
49859,-0.0111691,-0.0074461,0.00343367
49860,0.384461,4.33834,11.4722
49861,-0.00117276,-0.00489581,-0.000709199
49862,0,0.0169026,0.058956
49863,-0.00372305,-0.0204768,-0.040444
49864,0.0255029,-0.0191737,-0.0609643
49865,-0.00279229,0.00595688,0.0319027
49866,0.00757641,0.00938209,0.0363667
49867,-0.00558457,-0.00567765,0.00412932
49868,0,0.00186152,0.0206461
49869,0.0139428,0.00796733,0.02793
49870,-0.00839548,-0.00839548,-0.00147321
49871,0.0210538,0.0210538,0.0601884
49872,0.00372305,0.0223383,0.0715955
49873,-0.0154507,-0.0154507,-0.0162455
49874,0.0162511,0.0161953,0.0494079
49875,0.00106107,0.00106107,0.0183271
49876,-0.0150784,-0.0111133,-0.00510797
49877,-0.00336936,-0.00336936,0.00905058
49878,0.00374167,0.00374167,0.0239398
49879,0.000558457,0.00986608,0.0417886
49880,0.0111691,0.0074461,0.0302785
49881,-0.0616723,-0.0960733,-0.196298
49882,-0.00465381,-0.0251306,-0.0436945
49883,0.000651534,-0.122209,-0.282218
49884,0.0508196,0.076881,0.18654
49885,-0.0414003,-0.0711847,-0.144146
49886,0.0085444,0.00482135,0.0244569
49887,0.00560319,0.0167723,0.0555393
49888,0,0.00374167,0.0275339
49889,-0.0037789,-0.0037789,0.00829682
49890,0.0039092,0.010499,0.041836
49892,-0.00297844,-0.00670149,0.000330159
49893,0,0.00372305,0.0256444
49894,0.0148922,0.0316645,0.0886587
49895,0.0074461,0.0148922,0.0503166
49896,-0.00705518,-0.011709,-0.010133
49897,-0.00188014,0.00556596,0.0307891
49898,-0.00186152,-0.0130307,-0.0159516
49899,0.00186152,0.00558457,0.0295421
49900,0.0224314,0.0354621,0.0950585
49901,-0.0149853,-0.0205699,-0.0262428
49902,-0.00554734,-0.0129934,-0.0136726
49903,0,-0.00558457,0.00136749
49904,-0.00241998,-0.00241998,0.0110384
49905,-0.00376028,-0.00376028,0.00823206
49906,0,0.00372305,0.0256444
49907,-0.300897,-2.41412,-6.31151
49908,-0.333604,-2.46689,-6.42257
49909,-0.00564042,-0.00502612,0.00851574
49910,0.00130307,-0.00986608,0.00241605
49911,0.0624728,1.70974,4.68655
49912,-0.0316459,-0.035369,-0.0592369
49913,-0.0960361,-0.12582,-0.26182
49914,0.0446766,0.0558457,0.136895
49915,-0.0167537,-0.0167537,-0.0189739
49916,0.000558457,-0.0348105,-0.068999
49917,0.0526625,0.0826145,0.20111
49918,0,0.00186152,0.0206461
49919,-0.00372305,-0.0074461,-0.00132596
49920,-0.00372305,0.0260613,0.0823952
49921,0.000558457,0.000558457,0.0172747
49922,0.35665,1.98599,5.21122
49923,-0.103985,-0.10244,-0.193441
49924,0.0167351,0.00184291,0.00781076
49925,0.357562,2.05963,5.38158
49926,0.159905,1.75832,4.72583
49927,0.0072041,-0.00953101,-0.0098513
49928,0.00191737,0.00191737,0.0158072
49929,0.037789,0.0824656,0.212279
49931,0.0074461,0.00186152,0.0178453
49932,-0.0297844,-0.0582657,-0.115973
49933,0.0191737,0.0284813,0.0789553
49934,0.00372305,0.0223383,0.0693081
49935,0,-1.0842e-18,0.0175749
49936,0,0,0.0161054
49937,0.00186152,0.00558457,0.0309518
49938,0,0,0.0161054
49939,0.0120627,0.00833963,0.0310154
49940,-0.00558457,-0.00558457,-0.00137266
49941,-0.0595502,-0.0576887,-0.104041
49942,0,0.00186152,0.0206461
49943,0,0.00930762,0.0422494
49944,-0.00186152,-0.00035369,0.0172452
49945,1.86152e-05,-0.00556596,-0.000230044
49947,0,0,0.0161054
49948,0.0228968,0.0228968,0.0604325
49949,-0.0111691,-0.0186152,-0.0254437
49950,0,0.00558457,0.0290395
49951,0,0.00186152,0.0217899
49952,-0.00241998,-0.0024386,0.010984
49953,-0.028109,-0.0316832,-0.0524159
49954,-0.00729718,-0.00729718,0.000826436
49955,0.0266198,0.0359274,0.0945461
49956,0,0,0.0161054
49957,7.4461e-05,-0.00364859,0.00717988
49958,-0.0135891,-0.0228968,-0.0361605
49959,0.000502612,0.000502612,0.0171578
49960,0,-0.00176845,0.0118032
49961,-0.00111691,-0.00111691,0.0137668
49962,0.0123791,-0.00995916,-0.014751
49963,0.00186152,0.00186152,0.0200031
49964,7.4461e-05,7.4461e-05,0.0162613
49965,7.4461e-05,0.00193599,0.0214603
49967,-0.0074461,-0.0074461,0.00051462
49968,0.00932624,0.00932624,0.0356329
49970,1.86152e-05,-0.00178706,0.0117641
49971,0,0.0074461,0.035412
49972,-0.00139614,-0.00139614,0.0131821
49973,0.0647066,0.0107224,0.0251746
49974,-0.00186152,-0.00186152,0.0122077
49975,0.0074461,0.0130307,0.0461256
49976,9.30762e-05,-0.00480273,0.00288523
49977,-0.0111878,-0.0111878,-0.00731976
49978,0.0148922,0.0167537,0.0518277
49979,-0.00383474,-0.00383474,0.00807616
49980,-0.00174983,-0.00174983,0.0124416
49981,-0.0111878,-0.0149108,-0.0164012
49983,0.00186152,0.0039092,0.0250637
49984,0.00746472,0.00560319,0.0271945
49985,0.00186152,0.00372305,0.0245438
49986,-0.00556596,-0.00753918,-0.000361871
49987,-0.410969,-2.15412,-5.59326
49988,-0.0254284,-0.0240137,-0.0346718
49989,0.10015,0.118765,0.277344
49990,-0.0266198,-0.041512,-0.0791691
49991,-0.0167351,-0.0167351,-0.0189349
49992,-0.0307152,-0.0381613,-0.0663695
49993,0.000930762,-0.00279229,0.00897282
49994,0,-0.00372305,0.00702397
49995,0,0.00102384,0.0190468
49996,0.0286489,0.0459611,0.119205
49997,-0.0284813,-0.0284813,-0.0435294
49998,-0.00558457,-0.00558457,0.0133334
49999,0.0210352,0.0210352,0.0601494
50000,0.00372305,0.00372305,0.0239008
50001,0.0236414,0.0236414,0.0656062
50002,-0.0111691,-0.0111691,-0.00728078
50003,0.000558457,-0.00688764,-0.000888169
50004,0.0111691,0.0204768,0.0621952
50005,0,-0.0186152,-0.0293018
50006,0.00186152,0.0446766,0.135741
50007,0.00850717,0.00588242,0.0281291
50008,-0.146651,-1.8812,-5.05909
50009,-0.0750195,-0.0800456,-0.151632
50010,0.0111691,0.0186152,0.0626322
50011,0.00372305,-0.00558457,-0.00110353
50012,-0.0111691,-0.0111691,-0.0102604
50013,-0.0186152,-0.0186152,-0.0228716
50014,0.0550081,0.0587311,0.144098
50015,-0.00316459,-0.0143337,-0.0230233
50016,0.482377,3.93525,10.4545
50017,-0.0258752,-0.00502612,0.0158382
50018,0.401419,1.95615,5.08711
50019,0.0164931,0.00407674,0.0183974
50020,0.0074461,-0.00186152,0.00680019
50021,0,0.00186152,0.0206461
50022,0,-0.0111691,-0.0163973
50023,-0.00930762,-0.00930762,-0.000887212
50024,0.00558457,0.0316459,0.100698
50025,0,-0.0074461,-0.00205748
50026,-0.226324,-1.84217,-4.90129
50027,0.00614303,0.0191737,0.0629246
50028,0,-0.00188014,0.0120362
50029,0.00372305,0.00186152,0.0189026
50030,0,-0.00241998,0.00993138
50031,0.00186152,0.00186152,0.0200031
50032,-0.00660841,-0.00660841,0.00226858
50033,-0.0223383,-0.0254284,-0.0381268
50034,0.00930762,0.0206629,0.0662379
50035,-0.0111691,-0.0148922,-0.0163622
50036,0.0127887,0.0259124,0.0767248
50037,-0.00186152,-0.00186152,0.0122077
50038,0,-0.00558457,0.00112209
50039,0,0.00372305,0.0256444
50040,0.0111691,0.0111691,0.0378745
50041,-0.00186152,-0.00558457,0.00266878
50042,0.00372305,0.0169399,0.0588064
50043,0.0248886,0.0230271,0.0628697
50044,-0.0130307,-0.0130307,-0.0111785
50045,0.000111691,0.000111691,0.0167968
50046,0.00372305,0.00372305,0.0234433
50047,0,-0.00379751,0.00683319
50048,0.00558457,0.0186152,0.0611568
50049,-0.00372305,-0.0112064,-0.00996176
50050,0,0.00372305,0.0256444
50051,0,-0.00186152,0.0110102
50052,0,0,0.0161054
50053,-0.00186152,-0.00186152,0.0122077
50054,0.00459797,0.00645949,0.0300447
50055,-0.234813,-1.76942,-4.68609
50056,-0.0204768,-0.0199183,-0.0220232
50057,-0.125504,-1.66098,-4.47213
50058,-0.0074461,-0.0148922,-0.0151482
50059,-0.00930762,-0.00465381,0.00591234
50060,-0.0335074,-0.0335074,-0.0535957
50061,-0.696229,-3.76034,-9.78283
50062,0.00372305,0.0110016,0.0406193
50063,0.00558457,0.00930762,0.0390317
50064,0,0.0167537,0.0563063
50065,-0.00372305,0.0148922,0.0624811
50066,0.00662703,0.00122861,0.0142202
50067,-0.00558457,-0.00558457,0.00441232
50068,0.00930762,0.0111691,0.0405921
50069,0.349073,1.8344,4.80209
50070,-0.340231,-1.76469,-4.60336
50071,-0.0186152,-0.0161953,-0.0174261
50072,-0.00186152,0.0074461,0.0405886
50073,0.0130307,0.0130307,0.0433893
50074,-0.0014706,0.00783702,0.0366448
50075,-0.303168,-1.76984,-4.62028
50076,0.0111691,0.0167537,0.0547181
50077,0.00372305,0.00186152,0.0249894
50078,-0.00558457,0.0111691,0.0539623
50079,0.00930762,0.00560319,0.0250808
50080,-0.0825772,-0.0583588,-0.0951862
50081,-0.00930762,-0.0148922,-0.0196344
50082,-0.314467,-1.97385,-5.16397
50083,-0.00186152,-0.0074461,-0.00101621
50084,-0.0502239,-0.0502239,-0.091524
50085,-0.353708,-1.9923,-5.18593
50086,-0.0111691,1.73472e-18,0.0213377
50087,0.0138125,0.0451606,0.131976
50088,0.0117276,0.0117276,0.0397058
50089,0,0.00372305,0.0262959
50090,-0.020998,-0.0265826,-0.0449884
50091,0.0074461,0.0241998,0.0787058
50092,0.0255587,0.0143896,0.0369545
50093,0.0113367,0.0113367,0.0398424
50094,-0.00927039,0.0435969,0.133292
50095,0.00186152,0,0.0154624
50096,0,9.30762e-05,0.0163325
50097,-0.00456074,-0.0101453,-0.00421084
50098,0.00264337,0.0231201,0.080235
50099,-0.00614303,-0.000558457,0.0195762
50100,-0.0241998,-0.0398366,-0.0728754
50101,-0.00900978,0.00309013,0.025579
50102,0.188088,0.176919,0.377336
50103,0.0074461,0.00372305,0.0221573
50104,-0.0145199,-0.0182429,-0.0233781
50105,0.0039092,0.0039092,0.0242906
50106,0.0191737,0.0228968,0.0657907
50107,-0.0379193,-0.0323347,-0.0489823
50108,0.061542,0.0634035,0.147406
50109,0.014706,0.0035369,0.0191954
50110,-0.0210166,-0.00240137,0.0202718
50111,-0.00232691,-0.00232691,0.0112333
50112,0,0.00186152,0.0208749
50113,1.86152e-05,0.00188014,0.0211426
50114,-0.010499,-0.00863748,-0.000782351
50115,-0.0074461,0.0148922,0.0632601
50116,0.00930762,0.00930762,0.0355939
50117,-0.0083024,-0.00644088,0.00392067
50118,0.0074461,0.00372305,0.0190001
50119,-0.34347,-2.05112,-5.35866
50120,-0.0182616,-0.00895394,0.00251732
50121,0.00186152,0.0154507,0.0574859
50122,-0.00186152,0.00186152,0.0223982
50123,0.00558457,0.0074461,0.0320626
50124,0.0204768,0.0169957,0.0489042
50125,0,-0.0111691,-0.0127534
50126,-0.00290398,-0.00625472,0.00261218
50127,0.00430012,-0.00338798,0.00357391
50128,-0.0530162,-0.0530162,-0.0949011
50129,-0.206387,-2.00295,-5.34442
50130,-0.0130865,0.0165117,0.0648282
50131,-0.0669963,-0.0739584,-0.144931
50132,0.00474689,0.00102384,0.0227514
50133,0.0141476,0.0160091,0.0504974
50134,0,0.00558457,0.0327278
50135,-0.0137753,-0.0119138,-0.00773934
50136,-0.00335074,-0.00335074,0.0093183
50137,-0.0111505,-0.0126398,-0.0124165
50138,0.0116345,0.00846994,0.0313298
50139,0.00428151,0.00428151,0.0250701
50140,0.0074461,0.0074461,0.0316962
50141,0.00930762,0.0279229,0.0900378
50142,0,0.00372305,0.0279583
50143,0.00372305,-0.0074461,-0.00818699
50144,-0.00558457,0.00558457,0.0321142
50145,-0.00186152,0.0074461,0.0383517
50146,0.0111691,0.0144082,0.0473863
50147,0.00688764,0.0255029,0.0807776
50148,-0.00186152,-0.00372305,0.0046874
50149,-0.00186152,-0.00372305,0.00685975
50150,-0.628134,-4.44059,-11.7603
50151,0,0.0160091,0.0573676
50152,0.397361,2.48441,6.5776
50153,-0.106368,-0.100764,-0.194126
50154,0.00688764,0.00502612,0.0259382
50155,0.00560319,0.00368582,0.02
50156,0.00614303,0.0136264,0.0499325
50157,-0.00757641,-0.000130307,0.0171473
50158,0.00161953,0.0017126,0.0197579
50159,-0.00776256,-0.00403951,0.00996945
50160,-0.0239578,-0.0143896,-0.00726591
50161,-0.0223755,-0.0221894,-0.0293932
50162,-0.192072,-2.06834,-5.56793
50163,0.0111691,0.0502612,0.139922
50164,0.0148922,-0.0276436,-0.0627898
50165,0.0421263,0.154302,0.430094
50166,-0.122656,-2.0867,-5.62602
50167,-0.502035,-2.43396,-6.27279
50168,-0.0074461,-0.0173308,-0.0285119
50169,0.0154507,0.070831,0.199295
50170,-0.0396319,-0.00938209,0.0137694
50171,0.324427,0.340957,0.747008
50172,-0.0223383,-0.028016,-0.0478986
50173,-0.00670149,-0.0122488,-0.0135173
50174,-0.490866,-2.40805,-6.24525
50175,-0.0201045,-0.0139614,-0.00868412
50176,0.0614489,0.0707566,0.169719
50177,0.0074461,0.00320182,0.0131747
50178,-0.0130307,0.00372305,0.0365957
50179,-0.00766948,-0.00392782,0.00824733
50180,-0.026899,-0.00640365,0.0177722
50181,0.236134,1.95723,5.26846
50182,0.00614303,-0.00130307,0.0047088
50183,0.0126584,0.014464,0.0470074
50184,-0.00186152,-0.00186152,0.0122077
50185,-0.0446952,-0.0466498,-0.0822805
50186,0,0,0.0161054
50187,0.00651534,0.189485,0.476055
50188,0.000986608,0.00104245,0.0183143
50189,-0.0130121,-0.0111505,-0.00614129
50190,0.00372305,0.0148922,0.0559886
50191,-0.00688764,-0.0106107,-0.00901201
50192,0.00930762,0.00930762,0.0327633
50193,0,0.00558457,0.0307636
50194,0.00143337,0.0032949,0.0236474
50195,0.00035369,0.0161767,0.0607566
50196,0.000428151,0.0203465,0.0653247
50197,0.0271783,0.0197322,0.0520967
50198,-0.0074461,-0.00558457,0.00505534
50199,-0.0184291,-0.0202906,-0.0270225
50200,-0.144045,-2.13608,-5.68841
50201,-0.10782,-0.115266,-0.229129
50202,0.0297844,0.0297844,0.0773808
50203,0.00577073,0.00577073,0.0281883
50204,0.0130307,0.0130307,0.0433893
50205,-0.0270852,-0.047562,-0.0898958
50206,0.00930762,0.00930762,0.0355939
50207,-0.646861,-2.53495,-6.50894
50208,-0.0074461,0.0664937,0.174833
50209,0.0241998,0.0325767,0.087016
50210,0.00930762,0.0297844,0.0911381
50211,0.127142,0.140173,0.318082
50212,-0.122879,-0.137958,-0.278339
50213,0,0,0.0161054
50214,0.0922199,0.0940815,0.213738
50215,-0.347025,-2.86142,-7.73822
50216,-0.0111691,0.0117276,0.0502214
50217,-0.0173122,-0.00800456,0.00717505
50218,0.14088,0.146465,0.325815
50219,-0.00930762,-0.00930762,-0.00338308
50220,-0.0217798,-0.0310875,-0.0515991
50221,-0.0666798,-0.0684669,-0.126473
50222,-0.0130307,-0.0111691,-0.00627571
50223,0.0372305,0.0372305,0.0940594
50224,-0.00372305,0.058303,0.159722
50225,-0.00241998,-0.00372305,0.0120092
50226,-0.0340659,-0.0359274,-0.0597632
50227,0.0351828,0.0351828,0.0897719
50228,-0.303577,-2.98996,-8.01707
50229,-0.0208305,0.0576328,0.168137
50230,-0.00446766,0.0153762,0.0544684
50231,-0.0238461,-0.0145199,-0.00996602
50232,-0.524596,-3.11575,-8.09447
50233,-0.355775,-2.96148,-7.81329
50234,-0.992621,-6.18447,-16.3061
50235,0.665663,5.65146,15.1236
50236,0.0279229,-0.039092,-0.116638
50237,-0.00560319,-0.0167723,-0.0296913
50238,0.00372305,-0.00165676,0.00567068
50239,0.0204768,0.046352,0.127388
50240,0.500527,5.34219,14.2324
50241,-0.0148736,1.86152e-05,0.0152084
50242,0.00186152,0.010983,0.0433735
50243,0.00558457,-0.0136264,-0.0166839
50244,-0.00372305,-0.00372305,0.00831002
50245,0.00752056,0.012919,0.0469262
50246,0.0111691,0.0111878,0.0385108
50247,0.0277367,0.0277367,0.0751227
50248,0,-0.00752056,-0.00225721
50249,0.00111691,0.00111691,0.018444
50250,-0.376977,-2.87861,-7.55058
50251,0.0074461,0.0074461,0.0316962
50252,0.40544,2.85804,7.5156
50253,-0.0648928,-0.067685,-0.126857
50254,-0.747756,-5.71067,-15.0376
50255,0.00186152,-0.0039092,0.00242004
50256,0.00558457,0.00725995,0.0312179
50257,0.00137753,0.00323905,0.0195927
50258,0.0111691,0.00428151,0.0198285
50259,0.0153762,0.0265453,0.0760022
50260,-0.000763225,-0.00820933,-0.00365554
50261,0.0185966,0.044658,0.123234
50262,0,0.00186152,0.0213044
50263,0.00452351,0.00452351,0.0255768
50264,-0.00372305,-0.0186152,-0.0274373
50265,-0.0117648,0.00685041,0.0424532
50266,0.0132168,0.0318321,0.0925688
50267,0.00930762,0,0.0128903
50268,0.00895394,0.00523089,0.0288726
50269,0,0.00372305,0.0268014
50270,0.428858,2.92189,7.72722
50271,-0.0316459,-0.035369,-0.0606586
50272,0.0107968,-0.00160091,0.000612647
50273,-0.0132168,-0.0132168,-0.0115682
50274,-0.00800456,-0.00426289,0.00847445
50275,0.217836,2.57376,6.86371
50276,-0.000874917,0.00675734,0.0270609
50277,0.0150784,0.0257077,0.0750447
50278,0.0141476,0.0197322,0.0600363
50279,0.00335074,0.00521227,0.027662
50280,-0.0139614,-0.0214075,-0.0345889
50281,0.00787425,0.00750195,0.0315736
50282,0.0260613,0.0297844,0.0797547
50283,0.159775,0.159216,0.340857
50284,0.00210352,0.00221521,0.0208311
50285,-0.00800456,-0.0154507,-0.0188176
50286,0,-0.00558457,0.00271199
50287,-0.507712,-2.87604,-7.49529
50288,0.0996102,0.108918,0.247375
50289,0.0114111,0.0114298,0.0384358
50290,-0.0267501,-0.0435038,-0.080409
50291,-0.00372305,-0.00372305,0.00831002
50292,0.0014706,0.0014706,0.0191846
50293,-0.000148922,0.00357413,0.0264895
50294,-0.00558457,-0.00364859,0.00915685
50295,-0.0626589,-0.0707566,-0.134876
50296,-0.365659,-5.00687,-13.6231
50297,0.0074461,0.0215937,0.0660912
50298,0.0502053,0.0502053,0.119529
50299,0.154153,2.5138,6.96159
50300,0,-0.00372305,0.00485229
50301,0.0193226,0.0193226,0.0565635
50302,-0.00186152,0.015823,0.0620769
50303,0.00558457,0.0148922,0.0477911
50304,-0.00558457,-0.0204582,-0.031859
50305,-0.0325953,-0.0307338,-0.0443736
50306,-0.253707,-2.55362,-6.98607
50307,0.0459983,0.0366907,0.0883974
50308,0.0335074,0.044658,0.113457
50309,0.00673872,0.00485858,0.0241364
50310,0.00614303,-0.010257,-0.0084125
50311,-0.00184291,0.0180754,0.0673441
50312,0,0.00186152,0.0216608
50313,0,-0.000930762,0.0197305
50314,-0.00335074,0.00223383,0.0192714
50315,0.00148922,-0.0078184,-0.0026728
50316,-1.86152e-05,0.00755779,0.0381779
50317,0,0.00930762,0.0443108
50318,-0.0107968,-0.0145199,-0.0155827
50319,0,0.018336,0.0671684
50320,0.0342521,0.0528673,0.133459
50321,-0.0191737,-0.0191737,-0.0220349
50322,0.00921455,0.00362997,0.0217769
50323,-0.028351,-0.0340101,-0.0570867
50324,0.00260613,0.00260613,0.0215622
50325,0.000949378,0.0158416,0.0592625
50326,0.00800456,0.0191737,0.0584954
50327,-0.00459797,-0.0176286,-0.0269215
50328,0.11709,2.46295,6.8526
50329,0.00562181,-0.00925178,-0.0110275
50330,0.00651534,0.0102384,0.0388288
50331,0,0.00186152,0.0208749
50332,-0.054431,-0.0320927,-0.0429795
50333,0.0148922,-0.00372305,0.000126995
50334,-0.0126398,-0.0189689,-0.0259093
50335,0,-0.00837686,-0.00753194
50336,-0.039092,-0.0372305,-0.0589854
50337,0,0.00558457,0.0304025
50338,0.00372305,0.00370443,0.0238554
50339,-0.0148922,-0.0148922,-0.0150762
50340,0.0186152,0.0446766,0.127444
50341,0.0316459,0.0318321,0.0811756
50342,0.00372305,0,0.013012
50343,0.00210352,0.00396505,0.0252793
50344,0.0271783,0.0206629,0.054367
50345,0,0,0.0161054
50346,0.0132541,0.0169771,0.0539745
50347,-0.0117276,-0.00986608,-0.00368062
50348,0.00428151,0.00819071,0.0364391
50349,-0.00316459,-0.00316459,0.00947933
50350,-0.00316459,-0.00316459,0.00947933
50351,0.00372305,0.00186152,0.0191313
50352,0,-0.00372305,0.00613696
50353,-0.00186152,4.06576e-20,0.0175482
50354,-9.30762e-05,-9.30762e-05,0.0159105
50355,-0.217705,-2.52415,-6.92707
50356,-0.00560319,-0.00374167,0.0135248
50357,-0.00372305,-1.86152e-05,0.015725
50358,0.00372305,0.000372305,0.0175227
50360,0.0148922,0.0186152,0.0579829
50361,-0.00186152,-0.00186152,0.0122077
50363,0.00241998,0.000558457,0.0166317
50364,-0.00623611,-0.00614303,0.00488965
50365,0.00428151,0.00474689,0.0264312
50366,0,0.00558457,0.0313912
50367,-0.262047,-2.55505,-6.86636
50368,0.21132,0.267278,0.597894
50369,-0.252441,-2.50585,-6.73789
50370,-0.346783,-2.55686,-6.6019
50371,-0.0508196,-0.0595502,-0.108397
50372,0.000558457,0.0173122,0.0647363
50373,-9.30762e-05,0.00921455,0.0423524
50374,0.0334144,0.0428151,0.10947
50375,1.08391,10.6088,28.4208
50376,-0.236879,-2.61855,-7.14592
50377,0.00725995,-0.000186152,0.0124435
50378,-0.0104245,-0.00800456,-0.000800298
50379,0.00502612,0.0189876,0.0610138
50380,-0.0186152,-0.00327628,0.0181216
50381,0.00558457,0.00521227,0.026818
50382,0.0254284,0.0347361,0.0937738
50383,-0.00372305,-0.00186152,0.0128507
50384,-0.296057,-2.60062,-6.97921
50385,0.0297844,0.0558457,0.14333
50386,0.00977301,0.0134774,0.0443454
50387,-0.0260613,-0.0161953,-0.0128549
50388,-0.0154507,-0.00772533,0.00363459
50389,0.0431315,0.0453467,0.111944
50390,-0.0074461,-0.00930762,-0.0040261
50391,0,0.000558457,0.0174676
50392,-0.0185966,-0.0223197,-0.0325205
50393,0.0074461,0.00372305,0.0221573
50394,0.00428151,0.00567765,0.0274594
50395,-0.0212214,-0.0194529,-0.0231514
50396,-0.0185594,-0.0297286,-0.049999
50397,0.0210352,0.0210352,0.0601494
50398,-0.00376028,0.00564042,0.0312079
50399,0.0148922,0.0130307,0.0418426
50400,0.00128445,0.0158416,0.0587283
50401,-0.00928901,-0.0241812,-0.0396699
50402,-0.00558457,-0.0844388,-0.189372
50403,-0.385857,-2.77231,-7.37298
50404,0.0601831,0.0620446,0.14397
50405,-0.038031,-0.0445463,-0.0740317
50406,0.0255029,0.0348105,0.0866473
50407,-0.00874917,-0.0275506,-0.0489378
50408,0.0100709,0.0207188,0.0620433
50409,-0.000558457,-0.00413259,0.00577873
50410,-0.219809,-2.52294,-6.60063
50411,-0.620148,-2.80039,-7.02608
50412,0.161599,0.169045,0.37545
50413,-0.0232132,-0.0189317,-0.0201295
50414,0.00558457,0.00193599,0.0170738
50415,-0.00262475,-0.00262475,0.0104022
50416,0.0191737,0.0173122,0.0509729
50417,-0.00238275,0.014371,0.046253
50418,0.000558457,0.000558457,0.0172747
50419,0.00817209,0.0191551,0.0603324
50420,0.000148922,-0.00335074,0.00661094
50421,-0.00558457,-0.0241998,-0.0432824
50422,0.00558457,0.00186152,0.0184883
50423,0.00558457,0,0.0141763
50424,-0.00372305,0.00372305,0.0274849
50425,0,-0.00372305,0.00656648
50426,-0.0296169,-0.0314784,-0.0460305
50427,0.476234,4.63574,12.1332
50428,0.00372305,-0.0311619,-0.0663412
50429,0.148047,0.0873055,0.163891
50430,-0.265063,-2.38715,-6.23146
50431,0.035611,0.0598108,0.158613
50432,0.0179265,0.0328187,0.0986641
50433,0.00372305,0.00558457,0.028899
50434,0.025447,0.0330793,0.0884976
50435,0.0182429,0.0143337,0.044287
50436,-0.00580796,-0.0139614,-0.0159359
50437,0.0322044,0.0322044,0.0835356
50438,-0.0167537,-0.0130307,-0.00943494
50439,-0.0480273,-0.0625845,-0.127655
50440,0.00558457,0.0167537,0.0537397
50441,0.0267129,0.0192668,0.053417
50442,-0.00742748,-0.00908424,-0.00339885
50443,0.030529,0.0416982,0.107958
50444,-0.00316459,0.0118393,0.047041
50445,0.328876,2.50764,6.55322
50446,0.00712964,0.000204768,0.0141421
50447,0.0453095,0.0397249,0.0890469
50448,-0.0481949,-0.0854254,-0.191537
50449,-0.0316459,-0.0541704,-0.104372
50450,-0.390101,-2.541,-6.58791
50451,0.0553245,0.0664937,0.15849
50452,-0.0028109,0.000912147,0.0181443
50453,0.00374167,0.02608,0.0881073
50454,0,0.0035369,0.0250288
50455,-0.113404,-0.11709,-0.230791
50456,-0.377164,-2.67382,-6.87612
50457,0.00372305,0.0186152,0.067376
50458,0.0355551,0.123252,0.30285
50459,0.0893904,0.0942862,0.214697
50460,0.0279229,0.0316273,0.0814992
50461,-0.0155251,-0.0229712,-0.0354793
50462,0.000558457,0.0147247,0.0578029
50463,0.0106665,0.0125281,0.0483008
50464,0.0130493,-0.00370443,-0.00202412
50465,-0.0378076,-0.0389059,-0.0654982
50466,0,3.72305e-05,0.0162035
50467,0.00614303,0.00251306,0.0196963
50468,-0.000558457,0.00688764,0.034014
50469,0.303019,2.41611,6.2947
50470,0.00644088,0.0179265,0.05446
50471,-0.00917732,-0.0110202,-0.00624224
50472,-0.013887,-0.0100709,-0.00320544
50473,-1.35247,-6.75227,-17.4192
50474,-0.694367,-4.23043,-11.1079
50475,-0.559463,-3.92186,-10.3529
50476,0.012435,-0.000539842,0.00215285
50477,-0.0366907,-0.0925364,-0.217151
50478,0.0185408,0.068802,0.190613
50479,0.0968551,0.0968551,0.218204
50480,-0.115228,-0.0984933,-0.178199
50481,0.0210538,0.0433921,0.118475
50482,0.00949378,0.0206629,0.0681592
50483,0,0.0214075,0.0810861
50484,0.320536,2.103,5.5721
50485,-0.0847738,-0.0811997,-0.149789
50486,0.0601273,0.0719107,0.171084
50487,0.0553431,0.0404509,0.0837585
50488,-0.00186152,0.0241998,0.087909
50489,-0.00943793,-0.0224686,-0.035441
50490,0.120087,3.27854,8.97231
50491,-0.338239,-2.26106,-5.91145
50492,0.0508382,0.167053,0.405291
50493,0.0173122,0.00428151,0.0148379
50494,0,0.0208491,0.0732253
50495,-0.000558457,0.0385336,0.131681
50496,0.370872,2.17329,5.71856
50497,0.225151,2.60617,7.00316
50498,-0.453914,-2.27691,-5.89888
50499,0.0350339,0.939623,2.55973
50500,0.105176,0.116587,0.264527
50501,0.0603134,0.074461,0.181724
50502,0.000577073,-0.0124722,-0.0193355
50503,0.293991,2.14509,5.698
50504,0.000558457,-0.00130307,0.00907453
50505,-0.0174797,-0.0148736,-0.0138246
50506,0.00316459,0.0143337,0.0552236
50507,0.0186152,0.0167537,0.0503129
50508,0.270107,1.88718,5.01804
50509,0.280383,1.78204,4.72334
50510,0.0275506,0.0232504,0.0562611
50511,-0.00186152,-0.00986608,-0.00969706
50512,-0.00370443,-0.0074461,-0.001895
50513,-0.332729,-1.93213,-5.07926
50514,0.137064,0.159402,0.370892
50515,0.0297844,0.0297844,0.0784686
50516,0.0141104,0.0513222,0.135925
50517,-0.0401717,-0.0288164,-0.0323299
50518,0,0.00465381,0.0226507
50519,-0.0529976,-0.0734744,-0.150191
50520,0.196261,1.95097,5.27666
50521,0,0.0130307,0.0521341
50522,0,-0.0111691,-0.0165355
50523,0.0111691,-0.00928901,-0.00878957
50524,0.000428151,0.0041512,0.0276978
50525,-0.00930762,-0.00558457,0.00569837
50526,0.0279601,-0.0129934,-0.0407378
50527,-0.00874917,-0.00497027,0.00677825
50528,-0.00986608,-0.00241998,0.0188961
50529,0.0107968,0.0107968,0.0387121
50530,0,0.0260613,0.0899966
50531,0.00169399,-0.0137567,-0.0217175
50532,0.00420705,0.00420705,0.0249142
50533,0.00893532,0.00893532,0.0348144
50534,0.715012,5.32582,14.1101
50535,0.00807902,0.00208491,0.0154808
50536,-0.00545427,-0.0425917,-0.0917948
50537,-0.000167537,-0.00951239,-0.0102292
50538,-0.000521227,-0.0280718,-0.0649178
50539,-0.0325767,-0.0210538,-0.0225813
50540,0.105716,0.123642,0.286465
50541,-0.035369,-0.0446766,-0.0854727
50542,0.0126956,0.0145571,0.0475905
50543,-0.00372305,-0.00372305,0.00831002
50544,0.0111691,0.00448628,0.0211374
50545,0,9.30762e-05,0.0163776
50546,0.0111691,0.0148922,0.0498157
50547,-0.0499633,-0.0512106,-0.0913932
50548,-0.251008,-1.89606,-5.01939
50549,-0.209031,-1.84669,-4.90755
50550,-0.0241998,-0.0353317,-0.069687
50551,-0.0102198,0.0158416,0.0691658
50552,0,0.0035369,0.0256593
50553,0.000930762,-0.00653395,-0.00309523
50554,0,-0.00186152,0.00895461
50555,0.011467,0.0213331,0.0683416
50556,0.0205326,0.0391479,0.104962
50557,5.58457e-05,-0.0036672,0.00668341
50558,0,0.00372305,0.0261018
50559,-0.0504846,-0.0335074,-0.046565
50560,0.00297844,-0.00632918,0.00165754
50561,0.0407674,0.0575211,0.142332
50562,0.00930762,0.00921455,0.0353669
50563,-0.0452351,-0.0623611,-0.120515
50564,0,-0.00731579,-0.0012941
50565,-0.00372305,0.000186152,0.0183934
50566,0,0.00186152,0.0208749
50567,-0.00186152,0.0428151,0.137132
50568,0,-0.00186152,0.0111072
50569,-0.519365,-4.02918,-10.7361
50570,-0.243636,-2.09628,-5.56345
50571,0.0342521,0.0405999,0.105926
50572,-0.385429,-2.38357,-6.24302
50573,0.0145385,0.0163814,0.0560952
50574,-0.00873055,-0.0254843,-0.0424377
50575,0,0.0074461,0.0361593
50576,0.00409535,0.000372305,0.0144898
50577,-0.0175542,-0.00824656,0.00131829
50578,-0.000204768,-0.00765087,-0.00599178
50579,0.00163814,0.00349967,0.0247642
50580,-0.0104804,-0.00117276,0.0213805
50581,0.0131051,0.0205512,0.0512199
50582,0.120645,0.12623,0.285338
50583,-0.00986608,-0.0247583,-0.0408782
50584,-0.100541,-0.100541,-0.196024
50585,0.0563856,0.0712778,0.17138
50586,0.000558457,-0.00874917,-0.00358566
50587,0,0.00558457,0.0359521
50588,0.108825,0.108825,0.243965
50589,-0.0083024,0.021482,0.0786142
50590,-0.00655257,-0.00841409,0.00107377
50591,0.154711,2.18938,5.89798
50592,-0.360093,-2.3764,-6.25185
50593,0.0245907,0.0320368,0.0841424
50594,0.0511175,0.0511175,0.126631
50595,-0.0210352,-0.0359274,-0.0642644
50596,-0.0457191,-0.038273,-0.0626162
50597,-0.0074461,-0.0111691,-0.0101813
50598,-0.855911,-7.08338,-18.7456
50599,-0.182281,-1.10547,-2.91103
50600,0.0405068,0.97233,2.69116
50601,0.0102012,0.0139242,0.0432734
50602,0,-0.00528673,-0.00332043
50603,0.0297844,0.0335074,0.0892723
50604,-0.00372305,0.00558457,0.0353956
50605,-0.037305,-0.0466126,-0.0942926
50606,0.0223383,0.0223383,0.0628778
50607,-0.327982,-2.24342,-5.97366
50608,-0.00035369,-0.0110947,-0.0145075
50609,-0.0223383,-0.00372305,0.0237769
50610,-0.0372305,-0.0446021,-0.078848
50611,-0.00368582,-0.00368582,0.00838797
50612,0,-0.0074461,-0.0121965
50613,-0.593603,-4.80335,-12.7479
50614,-0.181815,-2.23472,-5.94748
50615,0.361154,2.52644,6.66042
50616,0.262456,2.39441,6.3819
50617,-0.0284813,-0.0396505,-0.0777462
50618,0.000688764,-0.0190434,-0.0333863
50619,0.00316459,0.0124722,0.043389
50620,0.00372305,0.00372305,0.0239008
50621,0,0.000930762,0.0185568
50622,0.0284813,-0.0180568,-0.0608406
50623,-0.00428151,-0.0170888,-0.0226408
50624,0.000558457,0.000558457,0.0172747
50625,0.00379751,0.0130307,0.0465696
50626,0.00186152,-0.00279229,0.00844086
50627,0,1.86152e-05,0.0161508
50628,0,-0.00930762,-0.00682695
50629,0.00537981,0.130902,0.333551
50630,0.192091,2.16765,5.85972
50631,0.00186152,-0.0258752,-0.0575276
50632,0.128724,0.138032,0.306582
50633,-0.0113181,-0.0148364,-0.0109691
50634,-0.00662703,-0.0047655,0.00765065
50635,0.00763225,0.0024386,0.0201724
50636,-0.0823725,-0.0673872,-0.11977
50637,-0.00372305,-0.00426289,0.00679573
50638,-0.016642,-0.0240881,-0.0369029
50639,0.955055,6.66206,17.6323
50640,0.366423,3.8552,10.3564
50641,-0.0221894,0.0932252,0.289947
50642,-1.86152e-05,-0.0204954,-0.0425237
50643,-0.000279229,-0.0145199,-0.0254305
50644,1.86152e-05,-0.0111505,-0.0146559
50645,0.0137008,-0.0440809,-0.113911
50646,0.34885,3.7019,9.97767
50647,-0.0362439,-0.0346802,-0.0578392
50648,-0.223327,-1.90123,-5.05845
50649,0.0342521,0.0286675,0.0746134
50650,0.00543565,-0.000148922,0.0127267
50651,0.0245163,0.0299892,0.083417
50652,0.0102384,0.00342521,0.0158422
50653,0.00688764,0.00912147,0.036783
50654,0.158527,1.92742,5.19611
50655,0.0046352,-0.012435,-0.0216428
50656,0,-0.115601,-0.300323
50657,-0.00372305,-0.00372305,0.00946701
50658,0.0139056,0.0176286,0.0559172
50659,0.000204768,0.000204768,0.0181487
50660,0,0.00186152,0.0220319
50661,-0.0107782,-0.0145013,-0.0155437
50662,0.000837686,0.00271783,0.0224455
50663,0.00856301,0.00670149,0.0294941
50664,0.0039092,0.000186152,0.013833
50665,0.00521227,0.00707379,0.0315597
50666,0.0074461,0.0074461,0.0316962
50667,-0.00967993,-0.0115415,-0.00939141
50668,-0.0316459,-0.0335074,-0.0546962
50669,0.0131982,0.0243674,0.0709844
50670,-0.00372305,0.00186152,0.0227517
50671,0.0169771,0.0169771,0.0516524
50672,0.00316459,0.0379751,0.108287
50673,0,-0.00372305,0.00656648
50674,-0.00152645,0.00163814,0.0207931
50675,0.00997777,0.00997777,0.0369971
50676,0.00372305,0.0015823,0.0185802
50677,-0.00372305,-0.00372305,0.00831002
50678,-0.00452351,-0.00824656,-0.00290493
50679,-0.00188014,-0.0502798,-0.122413
50680,0.00986608,0.0154507,0.0508429
50681,-0.00428151,0.0459797,0.147575
50682,0.00930762,0.0223383,0.0708175
50683,0,-0.0074461,-0.00297246
50684,0.00241998,0.00241998,0.0204844
50685,0.0057335,0.00387197,0.0230151
50686,-0.00430012,-0.0117462,-0.0115309
50687,0.470649,3.63984,9.63925
50688,0.00370443,0.00247583,0.0204658
50689,0.0359833,0.0190806,0.0472967
50690,0.00372305,-0.00374167,0.00319796
50691,0.0111691,0.00995916,0.0363915
50692,-0.00735302,-0.0147991,-0.0203113
50693,1.02155,7.02826,18.5133
50694,-0.00686903,-0.014129,-0.0191818
50695,-0.568621,-3.67895,-9.69693
50696,-0.477109,-3.65235,-9.67851
50697,-0.586231,-5.04589,-13.4497
50698,-0.285279,-1.75104,-4.6034
50699,0.00558457,0.0372305,0.109089
50700,-0.137641,-1.61176,-4.34508
50701,0.0335074,0.0385336,0.0998571
50702,0.213871,1.74479,4.69692
50703,-0.0694349,-0.0619888,-0.11103
50704,0,0,0.0106868
50705,0.00995916,0.0155437,0.0532913
50706,-0.00558457,-0.00372305,0.00918179
50707,0.0036672,0.00552873,0.0297093
50708,0.0437458,0.058638,0.148405
50709,0.0035369,0.0312736,0.108254
50710,-0.00204768,0.00912147,0.0411265
50711,0.000763225,0.00234552,0.022336
50712,-0.0119324,0.0123047,0.0590787
50713,0.00454212,0.00472827,0.0260928
50714,0.214466,1.74183,4.68415
50715,-0.00186152,-0.0260613,-0.0492008
50716,-0.3799,-1.90019,-4.9796
50717,0.173941,0.181387,0.396855
50718,0.0359274,0.0433735,0.114295
50719,-0.00186152,-0.00372305,0.00602851
50720,0.00670149,0.00670149,0.0301371
50722,0.000148922,0.00833963,0.0377496
50723,-0.00986608,-0.0191737,-0.0277135
50724,-0.0148922,-0.00930762,-0.001333
50725,-0.00279229,0.0120999,0.0481579
50726,-0.376959,-2.07741,-5.46991
50727,-0.00558457,-0.0111691,-0.011839
50728,0.285186,2.02257,5.41011
50729,0.00279229,-0.00279229,0.00570063
50730,0.0120999,0.0175169,0.0543404
50731,0.00558457,0.0148922,0.0507309
50732,-0.0148922,-0.0148922,-0.0146187
50733,0,0,0.0184194
50734,-0.00372305,-0.00753918,-0.0012396
50735,-0.265007,-0.312848,-0.658554
50736,0.0539842,0.0558457,0.137323
50737,0.00558457,0.0943793,0.259336
50738,0.0717246,0.0680015,0.155841
50739,-0.722644,-7.87587,-21.1031
50740,0.037789,0.0766948,0.196551
50741,-0.0372305,-0.0316273,-0.0519306
50742,0,0.00186152,0.0212048
50743,-0.0109085,-0.00454212,0.0107088
50744,0.485374,4.2028,11.2107
50745,0.243097,1.91642,5.10671
50746,-0.0117276,-0.0314598,-0.0628747
50747,0,0.00651534,0.0329129
50748,0.0974694,0.0950495,0.212831
50749,-0.327442,-2.21795,-5.81936
50750,0.0878081,0.196596,0.461648
50751,0.0155996,0.0239578,0.072358
50752,-0.00930762,-0.0074461,0.00217621
50753,-0.000558457,0.00914009,0.043429
50754,-0.00800456,0.00130307,0.0234214
50755,0,0.00204768,0.0214097
50756,0.00612442,0.00798594,0.0340241
50757,0,0.00372305,0.0263193
50758,0.000111691,0.0166793,0.0566614
50759,0.0142407,0.00856301,0.0277371
50760,0.00266198,0.0175542,0.0624412
50761,0.00372305,-0.0148922,-0.0239068
50762,0.00502612,0.0310875,0.0920096
50763,0,-0.0186152,-0.0297593
50764,-0.00629195,-0.00997777,-0.00834697
50765,0,0,0.016098
50766,-0.307059,-2.09319,-5.54134
50767,-0.0135891,-0.00930762,-0.00266418
50768,-0.0416982,-0.0389059,-0.0650767
50769,0.457693,2.231,5.86703
50770,-0.0731021,-0.0600714,-0.105172
50771,-0.071315,-0.0750381,-0.14664
50772,-0.00547288,-0.00361136,0.00984517
50773,-0.000223383,0.00910286,0.0388498
50774,-0.000558457,0.0143337,0.0609022
50775,0.0395016,0.0432246,0.105724
50776,0.014129,0.0105921,0.036008
50777,-0.0147433,-0.0203279,-0.0283865
50778,-0.0140545,-0.0140545,-0.0133222
50779,0,-0.0204768,-0.0340713
50780,-0.127775,-0.12785,-0.250382
50781,0.0241998,0.0379006,0.100909
50782,0.0626775,0.0719852,0.170045
50783,0.00428151,0.00428151,0.0250701
50784,0.00186152,0.0186152,0.0657567
50785,0.00558457,0.00362997,0.0229978
50786,0,-0.000465381,0.0147684
50788,-0.0275692,-0.0313667,-0.0513546
50789,-0.00502612,-0.00130307,0.0151141
50790,0.0106107,0.0124722,0.042863
50791,0,0.00558457,0.0302852
50792,0.0074461,0.00186152,0.0160098
50793,-0.0152645,-0.0301567,-0.0521815
50794,0.00735302,0.0244977,0.0738864
50795,-0.00558457,-0.0204768,-0.0319135
50796,0.00800456,0.0317204,0.0921484
50797,0.0039092,-0.010983,-0.0120352
50798,0.00672011,0.0104432,0.0392576
50799,-0.00707379,0.00316459,0.0268112
50800,-0.00428151,-0.0117276,-0.0110222
50801,0.00314598,-0.000577073,0.0136111
50802,0.0130307,0.0204768,0.0625056
50803,-0.0246094,-0.0320555,-0.0535851
50804,-0.0774953,-0.0886644,-0.175124
50805,0.0074461,-0.00735302,-0.0108276
50806,0.0129748,0.0227478,0.0689766
50807,-0.384144,-2.29973,-6.04268
50808,-0.533997,-4.70487,-12.505
50809,-0.246354,-2.3315,-6.18697
50810,-0.217649,-2.22791,-5.93274
50811,0.00204768,0.00221521,0.02392
50812,0.466163,2.50844,6.569
50813,-0.0121744,0.00456074,0.0249217
50814,0.0379006,0.0286303,0.0690097
50815,-0.00725995,0.000186152,0.0225728
50816,0.000186152,0.00392782,0.0274349
50817,0.00370443,0.00370443,0.0238618
50818,-0.0351828,-0.0351828,-0.0575611
50819,0,-0.00372305,0.00565289
50820,-0.0111878,-0.0130493,-0.0127475
50821,-0.023902,-0.0258194,-0.0308578
50822,-0.340696,-2.34766,-6.17966
50823,-0.0307152,-0.0232691,-0.0270436
50824,-0.00614303,-0.00238275,0.0121692
50825,-0.0233994,-0.019304,-0.0210193
50826,0.756189,6.63861,17.6744
50827,0.411248,2.09068,5.49564
50828,-0.112306,-0.132057,-0.268589
50829,-0.0204209,-0.00124722,0.0238048
50830,0.0475992,0.0489023,0.114725
50831,0.00614303,-0.00327628,0.00224364
50832,-0.0110761,-0.00342521,0.0179584
50833,0.00279229,0.00279229,0.021952
50834,-0.558197,-4.18283,-11.138
50835,9.30762e-05,0.0112622,0.0433659
50836,-0.153148,-2.01532,-5.3934
50837,0,-0.0074461,-0.00465615
50838,-0.0111691,-0.00560319,0.00867666
50839,-0.037789,-0.0472827,-0.0850522
50840,-0.178576,-1.98928,-5.33917
50841,0.000465381,0.00977301,0.0432996
50842,-0.356612,-2.20122,-5.73522
50843,-0.000279229,-0.0215006,-0.0404917
50844,-0.420909,-2.16856,-5.59077
50845,-0.0229154,-0.0303615,-0.0526858
50846,0,-0.0111691,-0.0189888
50847,0,-0.0111691,-0.0130675
50848,0,-0.00560319,0.000362239
50849,0.362793,2.20961,5.78823
50850,0.075913,0.0908052,0.214366
50851,-0.000558457,-0.00204768,0.0122775
50852,-0.207113,-1.98517,-5.26635
50853,0.00783702,0.00783702,0.0329442
50854,0.00039092,-0.00333213,0.00738499
50855,0.348999,2.13887,5.62098
50856,0.00107968,0.00480273,0.0282548
50857,0.0838059,0.0893904,0.206816
50858,0.362532,2.02102,5.30519
50859,-0.0642412,-0.0690812,-0.132629
50860,-0.0388873,-0.0247397,-0.0258201
50861,-0.0198066,-0.0160836,-0.0146702
50862,-0.0379193,-0.0323161,-0.0482351
50863,0.000316459,0.000335074,0.0168225
50864,0.013403,0.017126,0.0538115
50865,0.00176845,0.00176845,0.0198082
50866,0.00206629,-0.000204768,0.0147307
50867,1.86152e-05,1.86152e-05,0.0161444
50868,0.000707379,0.00815348,0.0389784
50869,0.000186152,0.000186152,0.0164952
50870,0.00752056,0.00752056,0.0318521
50871,0.0105362,0.0148177,0.0492339
50872,0.00372305,0.00264337,0.0275133
50873,0.000819071,0.00100522,0.0183552
50874,-0.00180568,-0.00180568,0.0123246
50875,0.00554734,0.00778117,0.0342345
50876,-0.00182429,-0.00554734,0.00274673
50877,-0.00368582,0.00867471,0.0390877
50878,0.00199183,-0.0109458,-0.0122934
50880,0.00312736,0.00312736,0.0226536
50881,-0.0159905,-0.0122674,-0.00654159
50882,0.00930762,0.00763225,0.0309008
50883,-0.00191737,-0.00191737,0.0120908
50884,0.00856301,0.00670149,0.0285904
50885,-0.0176659,-0.0176659,-0.0208837
50886,0.0191737,0.0191737,0.0562517
50887,0.00465381,0.00465381,0.0258497
50888,-0.544738,-4.47704,-11.851
50889,0.0120999,0.0431874,0.121434
50890,0.0137753,0.00632918,0.02385
50891,0.000930762,0.117071,0.298884
50892,-0.00932624,-0.0242184,-0.0435938
50893,0.000930762,-0.00269921,0.0087538
50894,0,-0.00930762,-0.0065982
50895,-1.67926,-11.1529,-29.3804
50896,0.243059,2.03938,5.45
50897,-0.0568137,-0.051043,-0.0882811
50898,0.0148922,0.0297844,0.0949356
50899,0.015916,0.0263964,0.0783689
50900,-0.0547661,-0.0585077,-0.107694
50901,0.0507638,0.0721713,0.174958
50902,0,-0.0074461,-0.0011425
50903,-0.00625472,-0.00997777,-0.00652979
50904,-0.0403392,-0.0245535,-0.0298594
50905,-0.0293004,-0.0423683,-0.0870048
50906,0.0276064,0.00526812,0.0185046
50907,0.00236414,0.00981024,0.0408329
50908,0,-0.0252609,-0.0464308
50909,0.00186152,0.00837686,0.0298087
50910,-0.00558457,0.0194157,0.0744801
50911,-0.0330979,-0.0312364,-0.0468476
50912,-0.361061,-2.1546,-5.65721
50913,-0.00874917,-0.00874917,-0.00311748
50914,0,-0.00606857,-0.000613426
50915,-0.230699,-2.17832,-5.8257
50916,0.0249444,0.155791,0.384228
50917,0.050801,0.050801,0.123583
50918,0.0336378,0.0410839,0.105812
50919,-0.00614303,-0.00893532,-0.00323894
50920,0.00567765,0.0991262,0.281198
50921,-0.00372305,-0.0127514,-0.0140782
50922,0.00616165,0.0154693,0.0488766
50923,-0.00428151,-0.0191737,-0.0275706
50924,-0.00588242,0.0397249,0.118813
50925,0.0139614,0.0133099,0.0432791
50926,-0.0355365,-0.0355365,-0.0583017
50927,0.00173122,0.00917732,0.0427366
50928,0.0041512,-0.0052495,1.19605e-05
50929,-0.250636,-2.14859,-5.69095
50930,-0.0341218,-0.0572047,-0.112811
50931,-0.0707938,-1.94985,-5.29394
50932,-0.00554734,0.00934486,0.0401432
50933,-9.30762e-05,0.0123791,0.0522626
50934,-0.328261,-2.16266,-5.63235
50935,0.0804737,0.0644646,0.143213
50936,0.248532,2.10974,5.58204
50937,-0.0438575,-0.0369699,-0.0542303
50938,0.0111691,0.0110947,0.0326765
50939,0.0922199,1.73745,4.77602
50940,0.0216868,0.0118393,0.032257
50941,0.00262475,-0.0105176,-0.0081223
50942,0.0489581,0.112231,0.265305
50943,0.16737,2.0202,5.48299
50944,0.0191551,0.119082,0.300351
50945,-0.00930762,-0.0094007,-0.00402075
50946,0.300208,2.21371,5.95384
50947,-0.0578003,-0.010015,0.0184594
50948,0.036672,0.0245721,0.0580801
50949,0.0454212,0.0174983,0.0419565
50950,0.0223569,0.046594,0.125676
50951,-0.0229526,-0.0229526,-0.0321162
50952,0.0390734,-0.00292259,-0.0104593
50953,-0.00370443,-0.00742748,-0.000732452
50954,0.00459797,0.00456074,0.0252618
50955,-0.571004,-4.6136,-12.2957
50956,0.0279229,0.0166606,0.0439428
50957,0.00428151,0.0689509,0.179691
50958,0.276753,2.26,6.03623
50959,0.189671,2.20207,5.94726
50960,0.254247,2.17841,5.84494
50961,-0.196838,-0.21052,-0.431874
50962,0.00370443,-0.00746472,-0.00716464
50963,0.0406371,0.050317,0.128454
50964,0.000111691,-0.00752056,-0.00696935
50965,0.00833963,0.034401,0.10293
50966,0.0111319,0.0223011,0.066658
50967,0.0831916,0.0790031,0.178492
50968,-0.00809763,-0.00530535,0.00679331
50969,0.266515,2.11812,5.64093
50970,-0.32828,-2.17677,-5.73646
50971,0.0564042,0.041512,0.0965038
50972,0.133639,1.95644,5.28505
50973,0.0014706,-0.00160091,0.0109454
50974,0.0782027,0.0800642,0.184388
50975,0.00969855,-0.00370443,0.00394796
50976,0,0.00545427,0.0298672
50977,0.119119,0.0874731,0.178424
50978,-0.0148922,0.00372305,0.0339515
50979,0.264374,2.04948,5.48772
50980,0.00599411,0.00618026,0.0296576
50981,-0.0472827,-0.0603134,-0.116089
50982,0.0117276,0.0228968,0.0715187
50983,0.00199183,0.00385336,0.0259804
50984,-0.00917732,-0.00173122,0.0145952
50985,-0.0358902,-0.0396133,-0.0681237
50986,-0.301344,-2.24198,-5.95618
50987,-0.0389059,-0.0631057,-0.140815
50988,-0.0111691,-0.0262103,-0.0452075
50989,0.0207374,0.0393526,0.105391
50990,0.00186152,0.00558457,0.0295421
50991,-0.278912,-2.23212,-5.93205
50992,0.00558457,0.0576887,0.177374
50993,0.000577073,-0.00303429,0.00557368
50994,0,-0.00571488,0.000621902
50995,-0.00614303,-0.00431874,0.00879369
50996,0.00554734,-0.00189876,0.00955767
50997,-0.00558457,-0.02124,-0.0341061
50998,-0.00953101,-0.0233063,-0.036205
50999,0.00837686,0.00852578,0.0324121
51000,-0.259459,-2.22164,-5.93829
51001,0.088106,0.116383,0.270214
51002,-0.0214262,-0.0288723,-0.049851
51003,0.00428151,0.00802317,0.0342039
51004,0.00688764,0.00688764,0.0305269
51005,-0.0694349,-0.076881,-0.146538
51006,-0.67955,-6.53179,-17.5159
51007,0,0.00874917,0.0337805
51008,0,-0.00928901,-0.00511404
51009,0,0.0447138,0.138175
51010,-0.0235855,-0.0245163,-0.0333997
51011,0.043932,0.0383474,0.0915018
51012,0.00539842,0.0165676,0.0551106
51013,-0.00459797,0.00286675,0.0265223
51014,-0.00539842,-0.00167537,0.0156363
51015,-0.229489,-2.14342,-5.65943
51016,0.0160836,-0.0281649,-0.0780565
51017,-0.013645,0.0125094,0.0554368
51018,0.0372305,0.0269921,0.06858
51019,-1.12589,-4.9449,-12.6562
51020,-0.600435,-3.97032,-10.4358
51021,0.15177,0.119882,0.247886
51022,0.196931,1.77798,4.76505
51023,-0.0802317,-0.0626403,-0.0997633
51024,0.236246,2.01199,5.39482
51025,-0.00569627,-0.0494421,-0.130364
51026,-0.0993496,-0.0216123,-0.00294913
51027,0.0339728,0.0507266,0.131321
51028,-0.0637758,-0.0665681,-0.124012
51029,-0.0210538,-0.0322044,-0.0616994
51030,0.0153576,0.00078184,0.0103105
51031,-0.00100522,-0.00472827,0.00491921
51032,-1.06719,-6.32624,-16.5912
51033,0.602427,4.10809,10.7986
51034,-0.00405812,-0.0131796,-0.00899237
51035,-0.172973,-1.84282,-4.93423
51036,0.181964,0.178241,0.391419
51037,0.119193,1.8691,5.05251
51038,-0.0574653,-0.0537422,-0.102363
51039,-3.72305e-05,-0.0121185,-0.0191729
51040,0.0857977,0.0895766,0.200317
51041,-0.0167351,-0.0130121,-0.00939596
51042,-0.411118,-2.16002,-5.60961
51043,0.0621563,0.0602948,0.138618
51044,-0.00820933,0.00670149,0.0370934
51045,0.0191737,0.0303429,0.0834961
51046,0,0.0148922,0.0482799
51047,0,-0.00186152,0.0115647
51048,-0.512068,-3.77616,-9.95382
51049,-0.101323,-0.0696396,-0.112543
51050,0,-0.0111505,-0.00531248
51051,-0.156387,-1.67736,-4.48871
51052,-0.0526812,0.0106107,0.0874733
51053,-0.030771,-0.00508196,0.0234342
51054,0.0377517,0.0397063,0.100344
51055,-0.242259,-1.67682,-4.43279
51056,-0.118039,-1.5508,-4.17846
51057,-0.0449186,0.00552873,0.0710015
51058,0.0735302,0.0819071,0.202715
51059,-0.329713,-1.78835,-4.62978
51060,-0.133025,-2.9004,-7.8108
51061,-0.382432,-3.40214,-9.15243
51062,-0.0538539,0.015581,0.104119
51063,-0.118728,-1.43836,-3.85207
51064,-0.103222,-1.37168,-3.67799
51065,0.0017126,0.0220963,0.0730177
51066,-0.0158788,0.0189317,0.0822158
51067,0.0134216,0.00616165,0.0244121
51068,-0.00372305,-0.0297844,-0.0703383
51069,0.0340287,0.0675734,0.175864
51070,-0.121837,-1.3242,-3.52257
51071,-0.00389059,1.1819,3.26484
51072,-0.0966131,-1.24463,-3.35166
51073,0.0158974,0.0157113,0.0486167
51074,0.10095,1.31254,3.56122
51075,0.00312736,-1.17812,-3.23437
51076,0.183435,2.71922,7.38983
51077,-0.195981,-2.13675,-5.73238
51078,-0.0960919,-1.30932,-3.51799
51079,0.0126211,0.635338,1.74964
51080,0.303,4.10926,11.1495
51081,0.0139987,0.0352945,0.100547
51082,0.0766576,1.28873,3.51329
51083,0.00649672,0.0223197,0.0691051
51084,-0.185129,-1.4419,-3.8288
51085,0.0623239,0.662963,1.79025
51086,0.0497772,0.0296913,0.070675
51087,0.0074461,0.0111691,0.0386146
51088,0.0228968,0.725976,1.9946
51089,-0.556186,-5.73876,-15.3868
51090,-0.137716,-1.42598,-3.80686
51091,0.165992,1.50845,4.04283
51092,0.0929273,1.33488,3.62488
51093,0.145683,1.4814,3.9785
51094,-0.0883852,-0.13336,-0.290133
51095,-0.330644,-4.02311,-10.8065
51096,0.213405,2.59167,7.00431
51097,0.00532396,1.31725,3.61231
51098,0.00856301,-1.38764,-3.59275
51099,0.0457004,0.789901,2.15205
51100,-0.347063,-4.24644,-11.3377
51101,0.0450861,0.0568137,0.138034
51102,0.266086,4.11285,11.0753
51103,0.0466126,0.0391665,0.0912789
51104,0,-0.00372305,0.00591491
51105,-0.350265,-4.08934,-10.9295
51106,-0.0459424,-0.0446021,-0.0820615
51107,0.111021,0.788654,2.1823
51108,0.162679,2.59649,7.04391
51109,0.118207,1.21282,3.30125
51110,0.0198066,0.0089167,0.0240699
51111,0.00629195,0.00443043,0.0230873
51112,0.00636642,0.00266198,0.0173562
51113,-0.0321485,-0.019304,-0.0142232
51114,-0.423087,-4.05656,-10.8365
51115,0.0275506,0.0349967,0.0888373
51116,-0.0454026,-0.0354434,-0.050552
51117,0.0197322,0.0755779,0.216524
51118,-0.0994799,-1.34646,-3.64053
51119,0.114819,1.34867,3.65989
51120,0.014706,0.0173122,0.0537361
51121,-0.00372305,-0.00186152,0.0131164
51122,-0.136152,-1.45899,-3.89143
51123,-0.100187,-0.783888,-2.07181
51124,-0.0651534,-0.635134,-1.69631
51125,-0.0572233,0.33366,0.994591
51126,0.0648555,1.40772,3.87039
51127,-0.313481,-2.42931,-6.49449
51128,0.0048772,0.754048,2.10706
51129,-0.181517,-2.85398,-7.7054
51130,0.0469477,0.0393154,0.0929285
51131,-0.0457004,-0.0228037,-0.00632355
51132,0.0171074,0.0289281,0.0805061
51133,-1.52904,-4.09277,-10.1593
51134,-0.313071,-5.16767,-13.4693
51135,0.161078,2.85534,7.57252
51136,0.180531,2.68151,6.99944
51137,1.20927,2.40758,5.8469
51138,-0.0636455,-0.190639,-0.468214
51139,-0.596805,-3.39862,-8.97553
51140,0.0526067,0.0127701,0.0105191
51141,-0.116457,-1.71966,-4.63433
51142,-0.0422566,-0.0691557,-0.144366
51143,-0.00608719,-0.00478412,0.00748148
51144,0,0.0103873,0.0422964
51145,0.174686,1.88846,5.09881
51146,-0.0220405,-0.0350711,-0.0626224
51147,0.190322,1.79313,4.82188
51148,0.010015,0.0184849,0.0550267
51149,-0.0939325,-0.128631,-0.267313
51150,-0.0938953,-1.69765,-4.61811
51151,-2.23763,-10.8245,-27.9235
51152,-0.10337,-2.42108,-6.40349
51153,0.0418285,-0.0289467,-0.0726419
51154,1.70665,9.37077,24.1733
51155,-0.0126211,-0.00107968,0.0128768
51156,-0.366032,-3.16554,-8.42663
51157,0.177962,2.5356,6.9339
51158,-0.0620632,-1.51372,-4.08642
51159,-0.0103501,0.00510058,0.037654
51160,0.174704,1.69503,4.53958
51161,0.310056,3.03404,8.10816
51162,0.155102,1.36252,3.70443
51163,-0.0245535,-0.0567579,-0.118851
51164,-0.112064,-1.34702,-3.65309
51165,0.208696,1.46338,3.94095
51166,-0.00504473,-0.0616909,-0.152393
51167,0.15272,1.08209,2.87623
51168,-0.00748333,-0.073251,-0.189038
51169,0.498219,3.63532,9.68661
51170,0.0239392,0.416498,1.11574
51171,-0.767842,-7.22918,-19.3605
51172,0.22947,1.84591,4.93531
51173,-0.378429,-3.77826,-10.1575
51174,0.0340659,0.0503543,0.127029
51175,-0.0303429,-0.0401903,-0.0739393
51176,0.00178706,-0.0537236,-0.134836
51177,-0.0168654,-0.02245,-0.0339755
51178,0.0130307,0.00394643,0.018689
51179,-0.286545,-3.92346,-10.5876
51180,0.427294,5.30088,14.3679
51181,0.0272527,0.065414,0.184214
51182,0.0173122,0.0117462,0.035302
51183,-0.533588,-5.59208,-15.0615
51184,-0.00428151,1.59633,4.39548
51185,0.227683,1.84924,4.9916
51186,0.0372491,0.0313853,0.0623769
51187,0.0709799,1.66718,4.60504
51188,-0.0103687,0.562851,1.56617
51189,-0.255718,-2.6069,-6.98194
51190,-0.00182429,-0.0303056,-0.0634973
51191,0.0284441,0.0695093,0.1787
51192,-0.0731579,-0.108992,-0.227468
51193,-0.0204768,-0.0224314,-0.0334984
51194,-0.604642,-7.89711,-21.3203
51195,-0.0142779,0.00731579,0.0360079
51196,0.0452537,0.0576328,0.141147
51197,0.00876778,-0.0228781,-0.0531623
51198,-0.0588242,-0.0341776,-0.0367969
51199,0.00523089,0.0257077,0.0842766
51200,-0.00820933,-0.0368954,-0.0735795
51201,-0.00554734,0.0279601,0.100578
51202,0.0664564,1.72225,4.73477
51203,-0.114093,-1.8111,-4.9125
51204,0.100615,1.77403,4.84896
51205,-0.116513,-2.94912,-8.01181
51206,0.0448441,1.14689,3.09429
51207,-0.0267687,-0.0137381,-0.00186856
51208,0.170534,2.54765,6.9416
51209,0.0074461,0.0186152,0.062062
51210,-0.10607,-0.77486,-2.06224
51211,0.000316459,-0.00340659,0.0083459
51212,0.0838989,1.85291,5.09555
51213,0.119566,1.93545,5.24137
51214,0.0102012,1.72022,4.79452
51215,-0.13053,-1.9057,-5.20806
51216,0.00986608,-0.00372305,-0.00796048
51217,0.0192296,0.00303429,0.0134639
51218,0.120925,1.86495,5.1128
51219,-0.0182429,0.0204209,0.0866766
51220,0.0102012,-0.00282952,0.00363032
51221,0.0211283,0.0381985,0.103336
51222,0.165825,1.89278,5.10599
51223,-0.101211,-1.71236,-4.67668
51224,0.0528859,0.0361322,0.0778737
51225,0.118505,2.98603,8.18643
51226,-0.392186,-5.03818,-13.6612
51227,-0.176044,-1.82325,-4.8859
51228,-0.0131796,-0.019062,-0.0300664
51229,-0.0129376,-0.0209235,-0.0353798
51230,-0.000930762,-0.0231201,-0.0422569
51231,0.00558457,0.00930762,0.0341393
51232,0.00558457,-0.0111691,-0.0192606
51233,0.0464078,0.126453,0.335653
51234,-0.276232,-1.82558,-4.84773
51235,0.0386825,0.0312364,0.0766719
51236,0.0293376,0.0595688,0.147804
51237,0.189019,1.7188,4.65785
51238,0.0503356,0.0710358,0.177322
51239,-0.0293562,-0.0368023,-0.0670843
51240,-1.51647,-19.0768,-50.5496
51241,0.293078,7.26728,19.9457
51242,-0.146037,-0.248625,-0.588676
51243,-0.138386,-3.8318,-10.5674
51244,-0.296802,-3.99999,-10.7458
51245,-0.548964,-3.89986,-10.6594
51246,0.0992565,3.53014,9.96959
51247,0.0978976,0.0988284,0.223096
51248,-0.0351828,0.150932,0.435015
51249,0.000763225,1.73405,4.87922
51250,-0.089409,-0.822794,-2.18373
51251,0.00316459,-0.0712964,-0.186738
51252,0.158546,1.64125,4.41159
51253,0.0418471,0.801238,2.20024
51254,-0.0261172,-0.0548591,-0.114405
51255,-1.07905,-8.57906,-22.6927
51256,0.152589,1.77221,4.75734
51257,-0.0792079,-0.0586753,-0.0971119
51258,-0.23001,-1.70184,-4.50763
51259,0.00225245,0.192444,0.591527
51260,0.0453654,0.0350525,0.0880101
51261,0.150672,1.6177,4.3688
51262,-0.00357413,-0.012193,-0.0103297
51263,-0.000558457,0.0144268,0.0549458
51264,0,0.0614303,0.189771
51265,-0.4853,-4.86988,-13.0751
51266,-0.080753,1.30109,3.68194
51267,0.108359,1.493,4.09296
51268,0.0019546,0.0656188,0.177846
51269,0.0618026,0.0416795,0.0910194
51270,-0.000688764,0.00954962,0.0402373
51271,-0.0210352,-0.0319996,-0.0439894
51272,0.203074,2.99369,8.0862
51273,-0.0107968,-0.00560319,0.00495695
51274,0.0124722,0.0106107,0.0361007
51275,-0.0208677,-0.0283138,-0.047558
51276,-0.327461,-3.04838,-8.11584
51277,0.179395,1.63393,4.38691
51278,-0.00783702,0.000167537,0.0185331
51279,-0.0603879,-0.0734372,-0.142823
51280,0.00413259,0.0208677,0.0698247
51281,0.0468732,0.058787,0.143093
51282,0.00372305,0.00640365,0.0287491
51283,0.329788,3.05402,8.24734
51284,-0.434015,-3.21949,-8.61577
51285,1.98407,5.18558,12.4387
51286,0.0186152,0.0223383,0.0657783
51287,-0.0556038,-0.0537422,-0.0967382
51288,0.0260613,0.0167537,0.0431679
51289,0.0024386,-0.00126584,0.0110732
51290,0.00852578,0.0123419,0.0428688
51291,-2.20667,-6.22464,-15.1177
51292,-0.0552873,-0.757119,-2.00641
51293,0.0384591,0.0319438,0.0815395
51294,-0.0525136,-0.0562367,-0.103388
51295,0.171949,1.68565,4.50335
51296,0.159123,1.66739,4.49855
51297,0.119045,1.58762,4.3237
51298,-0.0238834,-0.0447324,-0.0904672
51299,0.000241998,-0.0127887,-0.0179073
51300,0.0231201,-0.0355551,-0.0999469
51301,0.0122674,0.00815348,0.0302239
51302,0.313909,2.74056,7.34386
51303,0.0709241,0.0284069,0.0204374
51304,-0.119901,-1.30266,-3.50717
51305,-0.00621749,-0.0137567,-0.0216829
51306,-0.0074461,-0.0118207,-0.0117616
51307,0.0980279,1.28812,3.51405
51308,-0.00286675,-0.00100522,0.0233167
51309,0.16683,1.26565,3.37798
51310,0.104543,1.14955,3.13417
51311,0.162195,2.04008,5.51226
51312,0.452481,2.70973,7.1072
51313,0.0899675,0.445779,1.18476
51314,0.0676478,0.930762,2.54756
51315,-0.00372305,-0.0381426,-0.0910849
51316,0.358697,3.67188,9.84295
51317,-0.100653,-0.991299,-2.67129
51318,0.0172005,-0.01761,-0.0432231
51319,0.167612,1.03491,2.76503
51320,0.00420705,0.542299,1.51643
51321,0.0962408,0.958015,2.56773
51322,0.122172,0.414506,1.06847
51323,-0.0505776,-0.0426662,-0.070849
51324,0,-0.0163814,-0.0293067
51325,-0.00420705,-0.0135147,-0.0243977
51326,0.00627334,0.010983,0.0416559
51327,0.0293376,0.0223569,0.0585348
51328,-0.0616351,-0.0756151,-0.149346
51329,-0.115042,-1.0185,-2.70442
51330,0.00930762,0.0148922,0.0476707
51331,-0.0115973,-0.0166234,-0.0194803
51332,0.0625472,0.0792823,0.193527
51333,-0.00560319,0.00184291,0.0254439
51334,0.0912333,1.01466,2.73167
51335,-0.316962,-2.30282,-6.08048
51336,0.00984747,0.0798408,0.236644
51337,0.0354062,0.0387756,0.0983626
51338,0.00355551,0.00262475,0.0212108
51339,-0.194883,-1.65343,-4.39716
51340,0.0299147,0.435318,1.19266
51341,-0.00912147,-0.0258752,-0.0476415
51342,-0.0170516,-0.00309013,0.0154001
51343,0.0222266,0.13578,0.351333
51344,-0.00584519,-0.0114298,-0.012406
51345,0.0133099,0.00772533,0.0281589
51347,0.00215937,0.00774394,0.0359086
51348,0.0057335,0.00387197,0.0241032
51349,0.0288164,1.01122,2.80998
51350,0.0602948,0.0831543,0.210305
51351,0.0383474,0.705574,1.93203
51352,-0.241179,-1.95726,-5.22594
51353,0.0374539,1.13276,3.13305
51354,-0.0979348,-1.17593,-3.17885
51355,0.0485113,0.0502053,0.132954
51356,0.0325022,0.0399483,0.102378
51357,-0.00430012,-0.0152831,-0.0183402
51358,-0.00152645,0.00778117,0.0356129
51359,0.150821,1.40499,3.77399
51360,0.0970041,0.104767,0.242367
51361,-0.00385336,0.00359274,0.0282721
51362,-0.00336936,-0.00150784,0.014977
51363,-0.200486,-1.36265,-3.61096
51364,0.0163814,0.0102384,0.030402
51365,-0.169455,-1.23991,-3.26807
51366,-0.0798967,-0.0743121,-0.143384
51367,-1.04878,-7.23148,-19.0856
51368,0.28083,2.46028,6.57463
51369,-0.165434,-1.24912,-3.31023
51370,0.0234552,0.0421635,0.114326
51371,0.285093,2.35619,6.36548
51372,-0.01761,-0.0144268,-0.00228031
51373,0.00688764,0.0236414,0.0714594
51374,0,-0.00558457,0.00948491
51375,0.0310316,0.0459238,0.123772
51376,-0.0182802,-0.00897255,-0.000124634
51377,0.0243487,0.0057335,0.0201348
51378,-0.0430012,-0.0256146,-0.0307869
51379,-0.426438,-1.70799,-4.3358
51380,-0.407264,-2.89882,-7.62372
51381,0.31847,1.65102,4.301
51382,-0.071073,-0.117071,-0.244097
51383,0.103091,0.109346,0.243804
51384,-0.0123605,-0.0231574,-0.04199
51385,0.125709,1.32954,3.573
51386,-0.0287978,-0.0902281,-0.211618
51387,-0.0210352,-0.0191923,-0.0225652
51388,0.496729,3.30106,8.72697
51389,-0.0614303,-0.568584,-1.51455
51390,-0.0519552,-0.0592151,-0.113076
51391,-0.00483996,-0.0215937,-0.0387922
51392,-0.174928,-1.27466,-3.39916
51393,0.0352014,0.0465567,0.115524
51394,-0.0144082,-0.646508,-1.76224
51395,0.119435,0.809372,2.15575
51396,0.0557154,0.0563856,0.13499
51397,0.00182429,0.00173122,0.0196529
51398,-0.0466684,-0.0513222,-0.0943917
51399,0.0570371,0.111878,0.289789
51400,-0.235483,-0.977263,-2.5113
51401,0.0348105,0.755835,2.07537
51402,-0.0724692,-0.795355,-2.12942
51403,0.0507824,0.745541,2.0474
51404,0.0392409,0.0416609,0.104726
51405,-0.0326139,-0.0188386,-0.0153977
51406,0.0602203,0.0704587,0.166853
51407,0.328596,2.64491,7.11083
51408,0.0799711,1.13834,3.08894
51409,0.0829496,1.10251,3.0052
51410,-0.0588242,-0.0619329,-0.115346
51411,0.0775139,0.0705332,0.160733
51412,-0.0402089,-0.0550825,-0.107885
51413,-0.00430012,-0.0176473,-0.027899
51414,0.112269,0.0802503,0.169096
51415,0.00409535,0.0115415,0.0449152
51416,-0.0958499,-1.15876,-3.12467
51417,-0.00282952,0.00312736,0.0269048
51418,3.72305e-05,-0.00227106,0.00831753
51419,0.241831,2.45824,6.61437
51420,-0.00884224,-1.06153,-2.89572
51421,-0.55533,-3.88934,-10.3229
51422,0.0441926,0.0403579,0.0954023
51423,0.145925,1.30363,3.49996
51424,0.0193599,0.617319,1.70307
51425,-0.0364859,-0.626999,-1.68945
51426,0.0764342,1.25567,3.42272
51427,-0.0076881,-0.00396505,0.0100043
51428,0.00994054,0.0155251,0.0498551
51429,0.293674,2.50122,6.69768
51430,0.0933741,1.12261,3.0436
51431,0.0346244,0.0493676,0.127328
51432,0.278782,2.24932,6.00699
51433,-0.0379379,-0.0252609,-0.0322142
51434,0.0324091,0.0297658,0.0758491
51435,-0.169808,-0.240248,-0.556363
51436,0.0545613,0.0525136,0.123958
51437,0.153799,1.20281,3.21909
51438,-0.0111691,0.0253167,0.0865905
51439,0.0295982,0.0189689,0.0478669
51440,0.119398,1.18205,3.16887
51441,-0.0238089,-0.0747216,-0.182061
51442,-0.0913823,-1.17902,-3.15985
51443,0.00746472,0.00372305,0.0234674
51444,-0.00316459,0.00204768,0.0235545
51445,0.239057,2.46021,6.61371
51446,0.0138684,0.00657118,0.032518
51447,0.0316459,-0.0140917,-0.0496878
51448,0.00428151,0.011709,0.0421042
51449,0.0074461,0.00372305,0.0204005
51450,0.0241998,0.00800456,0.0170516
51451,0.00163814,-0.0207002,-0.0459727
51452,0.0203651,0.0328373,0.0908298
51453,0.0858908,1.13594,3.08448
51454,0.161022,1.1655,3.10006
51455,0.218636,1.25839,3.27925
51456,-0.030045,-0.0380496,-0.0704605
51457,0.00227106,-0.0254657,-0.0548457
51458,0.0210352,0.0374353,0.0987519
51459,0.115321,1.10202,2.95364
51460,-0.0169399,-0.00498889,-0.0027117
51461,-0.253354,-2.44415,-6.52909
51462,-0.0110947,-0.00737164,0.00195658
51463,0.165154,1.24555,3.32814
51464,-0.0635897,-0.0640178,-0.123705
51465,0.02729,0.0291515,0.0785937
51466,0.00623611,0.0227106,0.0721592
51467,-0.0249817,-0.0256518,-0.0428994
51468,0.0375842,0.0627148,0.159863
51469,-0.00428151,-0.0102756,-0.00703216
51470,-0.129748,-0.0887947,-0.146258
51471,0.148773,1.19955,3.22917
51472,0.0065898,0.00145199,0.0162373
51473,0.106237,1.14404,3.07701
51474,0.00521227,0.00651534,0.0289554
51475,0.00848855,-0.00461658,-0.00298313
51476,-0.00372305,-0.00930762,-0.00343066
51477,0.0130307,0.0240137,0.0735023
51478,0.00372305,0.00372305,0.0252411
51479,0.0154507,0.0340659,0.0972162
51480,0.0309013,0.00670149,0.0174262
51481,0.00871194,0.00871194,0.0347473
51482,-0.101881,-0.147582,-0.320597
51483,-0.226715,-1.28352,-3.36205
51484,0.132689,1.21306,3.26688
51485,0,0,0.0156692
51486,-0.0141476,-0.0104245,-0.00236346
51487,0,0.00364859,0.0267764
51488,0.10512,1.0864,2.92571
51489,-0.102421,-0.535635,-1.39513
51490,0.0345313,0.467745,1.28201
51491,0.0839175,0.082056,0.189095
51492,0.00666426,0.0106852,0.0412724
51493,-0.154265,-1.28497,-3.41097
51494,0.0183174,-0.000297844,0.00113479
51495,-0.0074461,-0.00930762,-0.0040261
51496,0.00374167,0.00530535,0.0276094
51497,0.416107,2.6079,6.89576
51498,-0.338965,-1.35977,-3.51057
51499,-0.158192,-1.22261,-3.24371
51500,-0.0175914,-0.012193,-0.0126309
51501,0.00372305,-0.00372305,0.00415674
51502,-0.0942118,-1.20612,-3.25737
51503,-0.523647,-3.86615,-10.2618
51504,0.158844,1.39136,3.73274
51505,0.000279229,-0.048046,-0.105502
51506,-0.282579,-1.38598,-3.62604
51507,-0.167556,-1.3314,-3.53635
51508,-0.281332,-2.38396,-6.32056
51509,-0.0074461,-0.00558457,0.00535716
51510,0.0167537,-0.0074461,-0.0191471
51511,0,0.0222452,0.0729526
51512,0.113516,1.30255,3.52633
51513,0.0173122,0.0396505,0.107377
51514,0.0508196,0.107187,0.266304
51515,-0.0677967,-0.0752428,-0.147536
51516,-0.0165303,-0.0239764,-0.0378241
51517,0.00428151,0.000558457,0.0155312
51518,-0.0247583,-0.0284813,-0.0436662
51519,0.00986608,-0.0142407,-0.0233557
51520,0.0104432,0.00867471,0.0283855
51521,-0.0074461,-0.00372305,0.00913858
51522,0.0102012,0.00508196,0.0245203
51523,-0.0148922,-0.0186152,-0.0249053
51524,0.00943793,0.013161,0.0454057
51525,-0.00428151,-0.00241998,0.0094873
51526,-0.133899,-1.21444,-3.23917
51527,0.0509499,0.0508569,0.120944
51528,0.0111691,0.0223383,0.0689981
51529,0.00443043,0.0211842,0.063247
51530,-0.0632732,-0.0596619,-0.112147
51531,0.0403951,0.057093,0.141645
51532,0.114744,1.23501,3.34912
51533,0.00986608,0.0228968,0.0675755
51534,-0.0468174,-0.0654326,-0.124786
51535,0.0247583,0.0545427,0.139224
51536,-0.000111691,-0.0047655,0.00164258
51537,-0.00428151,-0.0117276,-0.0130942
51538,0.000558457,0.00491443,0.0284719
51539,0,0,0.0161054
51540,-0.122674,-1.21574,-3.2592
51541,-0.0163256,-0.0134402,-0.0110393
51542,0,-0.00530535,0.00257686
51543,1.86152e-05,-0.00184291,0.0107964
51544,0.188312,1.24166,3.32337
51545,0.0074461,0.0218729,0.0733448
51546,-0.0412886,-0.0291887,-0.0356434
51547,0,0,0.0161054
51548,-0.00111691,-0.00763225,-0.00404863
51550,0.0129934,0.0129934,0.0433114
51551,-0.152124,-1.23832,-3.30219
51552,-0.00316459,0.000558457,0.0247156
51553,-0.0047655,-0.00848855,-0.00472816
51554,-0.000930762,-0.00204768,0.0103929
51555,-0.150206,-1.24823,-3.32857
51556,0.00039092,0.00411397,0.0262554
51557,0,0.00372305,0.0254369
51558,-0.0074461,-0.0186152,-0.0294667
51559,0.211339,1.33959,3.57482
51560,0.0143896,0.0143896,0.0452891
51561,0.0899861,1.20033,3.26133
51562,-0.0130307,-0.0379565,-0.0791573
51563,-1.86152e-05,-0.00560319,0.00198678
51564,-0.0074461,-0.00541704,0.00587569
51565,0.00191737,0.00532396,0.0289692
51566,0.00560319,0.0204954,0.0646767
51567,-0.00279229,-0.00279229,0.0102589
51568,0.0210352,0.0311433,0.0873454
51569,0.00206629,0.00765087,0.0363268
51570,0.00407674,0.00327628,0.0227649
51571,0.0111691,0.015916,0.0527654
51572,-0.0305849,-0.038031,-0.06865
51573,0.0266012,0.0247397,0.0656483
51574,0.184645,1.33907,3.57752
51575,0.0947702,1.26783,3.42178
51576,-0.0169026,-0.0131796,-0.00913291
51577,0.0148922,0.0295238,0.0870495
51578,0.319736,2.53242,6.72461
51579,0.00618026,0.0192109,0.0653026
51580,-0.00642226,-0.00753918,0.000132927
51581,-0.00323905,-0.00539842,0.00415355
51582,0.0308455,0.0267687,0.0676052
51583,0.130921,1.24151,3.34784
51584,-0.0392596,-0.0314039,-0.0417238
51585,0.0241626,0.025596,0.0710422
51586,-0.259552,-1.40763,-3.69266
51587,0.0747961,0.0801945,0.185182
51588,0.0539842,0.0689881,0.173981
51589,0.277162,2.51585,6.70256
51590,-0.0137008,-0.00774394,0.00347169
51591,0.0191737,0.0201045,0.0591814
51592,-0.0350339,-0.0510058,-0.100998
51593,0.037789,0.0228968,0.0525277
51594,-1.86152e-05,-0.0149108,-0.0256813
51595,0.0252237,0.0345499,0.09258
51596,0.000558457,0.0191737,0.0644347
51597,0.0161767,0.0255587,0.077303
51598,-0.00241998,-0.00241998,0.0128457
51599,0.00372305,0.0215937,0.0740384
51600,-0.00577073,0.00160091,0.0211434
51601,-0.375581,-2.62523,-6.94436
51602,-0.0562553,-0.0636642,-0.123139
51603,0.00753918,0.0157671,0.0508599
51604,-0.000167537,0.0336378,0.098639
51605,0.000372305,-0.00335074,0.00734602
51606,0.000577073,0.0117462,0.0459305
51607,0.016065,-0.0059755,-0.0153547
51608,-0.0367279,-0.0404509,-0.0696489
51609,-0.163423,-1.29389,-3.43869
51610,-0.0871752,-0.0883852,-0.170066
51611,0.213126,1.29214,3.44379
51612,0.00372305,-0.00186152,0.0103411
51613,-0.0303429,-0.0191737,-0.0171958
51614,-0.0039092,-3.52366e-19,0.0184366
51615,-0.00228968,-0.0138125,-0.0177836
51616,0.0296169,0.0258938,0.0693861
51617,-0.0013403,-0.0255401,-0.0520566
51618,0.0372305,0.617449,1.69907
51619,-0.0544124,0.454957,1.31024
51620,0.129227,0.147842,0.335764
51621,0.0681318,1.14555,3.09041
51622,0.00372305,0.0186152,0.0623198
51623,0.00558457,0.0167537,0.0568169
51624,0.00869332,-0.0192296,-0.0347182
51625,0.0168096,-0.00372305,-0.00130561
51626,0.0074461,0.0111691,0.0412352
51627,0.00260613,0.00446766,0.0269102
51628,0.00189876,0.00562181,0.0307244
51629,0,0.00372305,0.0266451
51630,0.0313295,0.0238834,0.0647035
51631,-0.00618026,-0.00534258,0.00544673
51632,-0.0130307,-0.0130307,-0.0111785
51633,-0.00186152,-0.0204768,-0.038043
51634,0.223141,1.32995,3.52195
51635,0.0203092,1.04943,2.85849
51636,0.00225245,0.00819071,0.0323599
51637,-0.242929,-1.38246,-3.59712
51638,0.0241998,0.0204768,0.0586457
51639,0.106777,0.16441,0.379012
51640,0.0583774,1.16645,3.17518
51641,-0.000279229,-0.000279229,0.017086
51642,0.0499447,0.049014,0.119669
51643,0,0.0015823,0.0198309
51644,0.00186152,0,0.0146551
51645,5.58457e-05,0.0028109,0.0241616
51646,-0.00711103,-0.00711103,-0.00157685
51647,0.00899117,-0.0189317,-0.0366107
51648,0.0196949,0.0235111,0.0658204
51649,-0.222303,-0.311396,-0.698667
51650,0.0240137,0.0277367,0.0768981
51651,0.00446766,0.00260613,0.0211479
51652,-0.0130307,-0.0130307,-0.0111785
51653,1.86152e-05,0.000186152,0.018179
51655,0,0,0.0161054
51656,0.102905,0.144436,0.331959
51657,0.0884411,1.17913,3.17337
51658,0.0111691,-0.00176845,0.00530049
51659,-0.00372305,-0.0130307,-0.0190082
51660,0.100764,0.0853137,0.182807
51661,0.0938209,1.08406,2.90115
51662,0,0.0116345,0.0464166
51663,0.00614303,0.00286675,0.0196956
51664,0.0177776,-0.0375842,-0.0902221
51665,0.0429268,0.0432432,0.106597
51666,-0.0333027,-0.0164559,-0.0176031
51667,0.0748519,0.0716873,0.166568
51668,-0.108601,-0.172694,-0.371146
51669,-0.568845,-2.83812,-7.37987
51670,0.112566,0.177105,0.408239
51671,0.0373794,0.0387011,0.0994384
51672,-0.0158788,0.000874917,0.02317
51673,0.00930762,0.0130307,0.0451329
51674,0.325823,2.55995,6.81635
51675,0.00558457,-0.0167537,-0.0277966
51676,-0.0132541,-0.100653,-0.273114
51677,-0.0297844,-0.016884,-0.00960242
51678,-0.00526812,0.00199183,0.0282503
51679,0.0148922,0.0148922,0.047287
51680,0.033191,0.0581727,0.150376
51681,-0.0186152,-0.0186152,-0.0225151
51682,0.000800456,0.00266198,0.0223222
51683,0.00703656,0.00517504,0.0254908
51684,-0.00558457,-0.00558457,0.00441232
51685,0.0933182,1.17144,3.15293
51686,-0.000558457,-0.0182429,-0.0350277
51687,0.00241998,0.0117276,0.046957
51688,0.0502612,0.114428,0.279558
51689,0.0602389,1.0954,3.00444
51690,0.0156927,0.0101081,0.0329191
51691,-0.241272,-1.34618,-3.52261
51692,0.00372305,0.00558457,0.0281961
51693,0.0148922,-1.73472e-18,0.0036601
51694,0.00208491,0.00580796,0.0269231
51695,0.0276436,0.0164745,0.0413199
51696,-0.00748333,-0.0129376,-0.0141381
51697,-0.0321299,-0.0393899,-0.0686011
51698,0.0035369,0.0118207,0.0471917
51699,0,-0.000595688,0.0142278
51700,0.0375283,0.050559,0.130496
51701,0,0.00186152,0.0224535
51702,0.0521227,0.0651534,0.157255
51703,0.0017126,-0.0131796,-0.0235132
51704,0.00201045,0.00201045,0.0203149
51705,-0.00930762,-0.0130307,-0.0142719
51706,-0.00335074,0.0897255,0.269039
51707,-0.00558457,-0.00558457,0.005167
51708,-0.47078,-1.74671,-4.45119
51709,0.0221521,-0.00977301,-0.0434837
51710,0.041512,0.0526812,0.130268
51711,-0.0046352,0.0441368,0.141975
51712,0.00921455,0.0246466,0.077998
51713,-0.00167537,-0.00137753,0.0133819
51714,0.0122861,0.00660841,0.0259168
51715,-0.0131982,-0.0177589,-0.0242876
51716,0.0179079,0.0216309,0.0642972
51717,-0.0143337,-0.0178706,-0.023286
51718,0,0.026806,0.0847481
51719,-0.285781,-1.65203,-4.34901
51720,-0.278075,-2.97704,-7.85025
51721,0.0196949,0.0281835,0.0719698
51722,0.187865,1.55834,4.09903
51723,-0.0798594,-0.0162697,0.00193417
51724,-0.0247583,-0.0267129,-0.0388496
51725,0.0241998,0.0247769,0.0681831
51726,0.0778304,0.779439,2.10926
51727,-0.00472827,-0.710619,-1.94346
51728,0.0560691,1.37399,3.73415
51729,-0.0074461,-0.0110575,-0.0102223
51730,0.0190434,0.0227665,0.0666748
51731,-0.00558457,-0.00735302,-0.000708612
51732,0.0404323,0.0493676,0.124433
51733,0.00554734,0.739025,2.04269
51734,0.00186152,-0.00241998,0.00885979
51735,-0.00111691,0.00437458,0.0276194
51736,-0.0167537,-0.741483,-2.00765
51737,-0.0074461,-0.0142593,-0.019219
51738,-0.499633,-3.27372,-8.53342
51739,0.0304545,0.0379006,0.0992321
51740,0.00117276,-0.00627334,-0.00373256
51741,0.000930762,-0.0232691,-0.0449923
51742,0.00327628,0.0144454,0.0505718
51743,-0.797757,-4.672,-12.3014
51744,-0.0276064,0.00692487,0.0501238
51745,0.0111691,-0.0130307,-0.0240603
51746,0.00368582,-0.00335074,0.0033765
51747,0.00186152,0.0710358,0.203764
51748,0.016791,0.0279601,0.0787358
51749,-0.0107038,-0.00511919,0.0100359
51750,-0.000930762,-0.00495166,0.00425988
51751,0.00936347,0.00936347,0.0357108
51752,0.264057,1.6524,4.38694
51753,0.0185966,0.0266757,0.0764536
51754,0.000558457,-0.00269921,0.0062418
51755,0.00558457,0.00558457,0.0277985
51756,-0.0191737,-0.0117276,-0.00264901
51757,0.0191737,0.0154507,0.0455558
51758,-0.0154507,-0.0193599,-0.0274184
51759,0.000893532,0.000986608,0.0182427
51760,0.000986608,0.00100522,0.0182284
51761,-0.00184291,-0.00184291,0.0122467
51762,0,0.00612442,0.0332006
51763,0.000539842,0.00426289,0.026908
51764,0,0.0074461,0.0374973
51765,0.355644,1.75897,4.62264
51766,-0.159942,-0.161748,-0.323122
51767,0.0148922,0.0111691,0.0377481
51768,0.0301753,0.0240323,0.0612473
51769,0.00428151,-0.00130307,0.0103322
51770,-0.0119138,-0.0130307,-0.0123715
51772,3.72305e-05,-0.00368582,0.00548744
51773,0,0.00372305,0.0268014
51774,0.00279229,0.0176845,0.0601077
51775,0.0191737,0.0175914,0.0522085
51776,0,0.0102384,0.0458995
51777,0,-0.00372305,0.0043948
51778,-0.000874917,-0.00273644,0.00973277
51779,-0.731244,-4.89082,-12.8967
51780,0.0102012,0.0233621,0.0684211
51781,-0.00035369,-0.00407674,-0.00271403
51782,0.00416982,0.00603134,0.0290408
51783,0.0104432,0.0160463,0.0526925
51784,-3.72305e-05,-3.72305e-05,0.0160275
51785,0.00173122,0.0133657,0.055873
51787,-0.000949378,-0.00467243,0.0048074
51788,0.325488,1.68542,4.40841
51789,0.368098,2.40939,6.355
51790,0.0248514,0.572121,1.566
51791,0.00845132,0.00416982,0.0191135
51792,0,0.0148922,0.0560126
51793,0.241049,1.47634,3.93225
51794,-0.0537422,-0.0753359,-0.148408
51795,0.0160091,0.015823,0.0483281
51796,0.00846994,0.0147619,0.0513388
51797,0.00608719,0.00794871,0.0242314
51798,-0.0247583,-0.0284813,-0.0450442
51799,0.0247583,0.037789,0.0997299
51800,-0.00930762,-0.0111691,-0.00688781
51801,0.0241998,0.0254098,0.0669035
51802,-0.0167537,-0.0167537,-0.0173594
51803,0.00584519,0.0132913,0.0481216
51804,-9.30762e-05,-9.30762e-05,0.0159105
51805,0.00981024,0.00906563,0.0335649
51806,-0.0144454,-0.0217985,-0.0341079
51807,0.00558457,0.00558457,0.0277985
51808,0.00428151,0.0186711,0.0649198
51810,-0.0188572,-0.0337494,-0.0616193
51811,0.00789287,0.00975439,0.0350986
51812,0.00428151,-0.0357971,-0.0726917
51813,0.00422566,-0.00141476,0.0111948
51814,-0.00930762,0.0502612,0.167007
51815,0.0135891,0.0135891,0.0445586
51816,-0.0377703,-0.0381613,-0.0650454
51817,0.00104245,0.00290398,0.0236361
51818,0.0204768,0.0186152,0.0537811
51819,0,0.0096427,0.0431906
51820,-0.00444904,-0.0174797,-0.0298386
51821,-0.00372305,-0.00372305,0.00831002
51822,-0.0667357,-0.0699747,-0.142951
51823,0.00539842,0.0420705,0.133127
51824,0.0301567,0.0394643,0.103095
51825,0,0.0074461,0.0363403
51826,-0.79085,-3.85883,-10.0036
51827,-0.255141,-1.79587,-4.71071
51828,0.419141,1.94876,5.05818
51829,-0.00930762,-0.0130307,-0.0105381
51830,0.387234,2.08338,5.41954
51831,-0.0428151,-0.10419,-0.230407
51832,-0.0647811,-0.0376028,-0.0444525
51833,0.0085444,0.0104059,0.0379794
51834,0.00264337,0.00638503,0.0325834
51835,0.0103128,0.0103128,0.0376987
51836,-0.00558457,-0.00558457,0.00441232
51837,0.000297844,0.000297844,0.016729
51838,-0.00247583,-0.00433735,0.00615201
51839,0,0,0.0161054
51840,-0.00180568,-0.0036672,0.00813368
51841,0.0184105,0.0184105,0.0546537
51843,0,0.0074461,0.0374447
51844,-0.0220032,-0.0220032,-0.0299809
51845,-0.00372305,-0.00372305,0.00831002
51846,0.00379751,0.00379751,0.0240567
51847,-0.0156368,-0.0156368,-0.0166353
51848,-0.00372305,-0.0147805,-0.0240296
51849,0.0105921,0.0105921,0.0382833
51850,-0.363314,-1.86061,-4.84791
51851,-0.159868,-1.52438,-4.05746
51852,-0.0342707,-0.0379937,-0.0658282
51853,-0.217947,-1.64957,-4.34915
51854,-0.223774,-1.61318,-4.24363
51855,0.0186339,0.0191923,0.0536467
51856,0.00245721,0.00422566,0.0266731
51857,0.00558457,0.00558457,0.0288846
51858,-0.0167537,-0.0130307,-0.012758
51859,0.0139614,0.0251306,0.0774911
51860,0.00394643,0.00394643,0.0243685
51861,-0.0101267,-0.0157113,-0.020695
51862,0,-0.00558457,-0.000227747
51863,0.49349,2.00432,5.18889
51864,0.312141,1.7931,4.69184
51865,3.72305e-05,0.0149853,0.0574349
51866,-0.0316273,-0.0707193,-0.148443
51867,0,-0.0111691,-0.0152403
51868,-0.00930762,-0.0130307,-0.0131508
51869,0.00558457,0.0130307,0.0468764
51870,0.00186152,0.00372305,0.0250984
51871,-0.00186152,-0.00186152,0.0122077
51872,0,-0.00372305,0.00540948
51873,0.139577,0.147954,0.328143
51874,-0.529027,-2.03293,-5.17897
51875,0.0433735,0.0536119,0.130577
51876,0.00217798,0.00403951,0.0270975
51877,-0.0266198,-0.0241998,-0.0367116
51878,0.102533,0.167779,0.388
51879,0,0.00372305,0.025911
51880,-0.00307152,-0.0105176,-0.00940367
51881,-0.0428151,-0.0344382,-0.0513603
51882,0,0.00558457,0.0308433
51884,0.00688764,-0.000930762,0.0104092
51885,0,-0.00186152,0.0115647
51886,-0.00558457,-0.00930762,-0.00239825
51887,-0.000558457,-0.00428151,0.00539717
51888,0.00986608,0.00986608,0.0367632
51889,0.00148922,0.00335074,0.023993
51890,-0.00986608,-0.00986608,-0.00455239
51891,0.0164187,0.0182802,0.0556821
51892,-0.00078184,0.00852578,0.0404633
51893,-0.00558457,-0.00186152,0.0139513
51894,-0.00618026,-0.00618026,0.00301417
51895,0.0192109,0.00990331,0.0301857
51896,-5.58457e-05,-5.58457e-05,0.0159885
51897,0,5.58457e-05,0.0162416
51898,-0.0340659,-0.0284813,-0.0389711
51899,0.00186152,-0.0106107,-0.0130884
51900,-0.000279229,-0.00400228,0.00527177
51901,0.0436528,0.0473758,0.11621
51902,-0.00640365,-0.00640365,0.00269733
51903,-0.00372305,-0.00372305,0.00831002
51904,0.00930762,0.0197322,0.0648751
51905,-0.0111691,-0.00930762,-0.00274005
51906,0,0.00186152,0.0214534
51907,0.377741,3.17195,8.46349
51908,0.351903,1.66955,4.38589
51909,-0.0850531,-0.089167,-0.167292
51910,0.0167537,0.0223569,0.0620503
51911,0.00372305,0.0763411,0.225733
51912,-0.00986608,-0.00428151,0.0116989
51913,0.0883852,0.853081,2.26805
51914,-0.0858163,-0.849581,-2.22715
51915,0.052495,0.814175,2.18399
51916,-0.291124,-2.52812,-6.72814
51917,-0.0125653,-0.0174053,-0.0227668
51918,-0.000558457,-0.000558457,0.0153954
51919,0.00800456,0.0080604,0.033026
51920,0.00800456,0.0228409,0.0725335
51921,-0.00521227,-0.00521227,0.00519186
51922,0.00798594,0.0118951,0.0428196
51923,-0.00277367,-0.0046352,0.00409353
51924,-0.000558457,-0.00241998,0.0103954
51925,0.0309944,0.0254098,0.0647508
51926,-0.0948075,-0.0929459,-0.176478
51927,-0.00188014,0.00184291,0.0220574
51928,0.0112995,0.0150225,0.0175124
51929,-0.0154879,-0.0122116,-0.00631966
51930,0.00372305,0.00930762,0.039668
51931,0.241142,1.76186,4.67094
51932,0.00930762,0,0.00753227
51933,0.0763598,0.0811066,0.190084
51934,0.065656,0.0784819,0.185905
51935,0.111021,1.49923,4.05635
51936,-0.699449,-3.61765,-9.43483
51937,0.0582657,0.0602017,0.139844
51938,0.00372305,0.0167537,0.0579674
51939,0.00139614,-0.000465381,0.0137499
51940,-0.00705518,-0.00705518,0.00133314
51941,0.00472827,-0.0185408,-0.0328233
51942,0.00433735,-0.00262475,0.0048838
51943,-1.86152e-05,0.00184291,0.0212654
51944,-0.00301567,-0.00301567,0.00979114
51945,-0.00193599,-0.00779979,-0.00283005
51946,-0.00186152,-0.00740887,-0.00176306
51947,0,0.0015823,0.0206513
51948,0.00614303,0.00430012,0.0221654
51949,0.0174239,0.0213331,0.0626616
51950,0,0.010983,0.0477392
51951,0,-0.00186152,0.0109064
51952,0.262475,1.76195,4.66181
51953,0,-0.0167537,-0.0299948
51954,0.0074461,0.00724133,0.0311792
51955,0,0.00372305,0.0256444
51956,0,0.00186152,0.0211036
51957,-0.0074461,-0.0074461,0.00051462
51958,0.0271038,0.0289653,0.0776254
51959,0.00169399,0.0203092,0.067347
51960,-0.00102384,-0.00482135,0.00420882
51961,0.000204768,0.00392782,0.0260731
51962,-0.428076,-1.9567,-5.05162
51963,-0.00165676,0.00506335,0.0315063
51964,0.013403,0.0176845,0.0561861
51965,-0.402573,-2.02988,-5.22739
51966,0.00186152,-0.0266943,-0.0609366
51967,0,-0.0039092,0.00515289
51968,0.00186152,-0.0120999,-0.0230482
51969,-0.0076881,-0.000241998,0.0216764
51970,0.0074461,0.00930762,0.0395457
51971,0.179898,1.73422,4.65536
51972,0.0180568,0.0292259,0.0851937
51973,0.0643529,0.0507638,0.111369
51974,-0.444141,-3.4431,-9.13396
51975,-0.00551011,0.0019546,0.0218643
51976,-0.0069621,-0.0283696,-0.0539873
51977,0.0074461,0.0074461,0.0305392
51978,0,0.00411397,0.0260649
51979,0.014706,0.014706,0.0468972
51980,0.0124722,0.0217798,0.0653811
51981,0,-0.00372305,0.00702397
51982,0.0335074,0.0521785,0.140017
51983,-0.0452351,-0.0489581,-0.0876901
51984,0.134402,1.72212,4.63637
51985,-0.0236041,-0.0199555,-0.0228031
51986,0.0164373,0.0248141,0.072913
51987,0.0483996,0.0502612,0.122215
51988,-0.000186152,-0.0058638,0.00136376
51989,-0.0214075,-0.0251306,-0.0382571
51990,0,-0.0074461,-0.00197432
51991,0.0043932,0.000670149,0.0162225
51992,0.000725995,0.000725995,0.0176255
51993,-0.000930762,0.00307152,0.0244109
51994,0,0.0074461,0.0374973
51995,0.016884,0.0206071,0.0616714
51996,-0.0173122,-0.0173122,-0.0201432
51997,0.00558457,0.0110761,0.0423194
51998,-0.00914009,-0.0165862,-0.0232672
51999,-0.00372305,-0.0074461,-0.00238592
52000,-0.263666,-1.81141,-4.77557
52001,-0.0306965,-0.0320741,-0.0505231
52002,0.00986608,0.0228968,0.067741
52003,-0.00930762,-0.0241998,-0.0397089
52004,0.0108899,0.0276436,0.0797735
52005,0.421952,1.99269,5.19325
52006,-0.00755779,0.0130307,0.0587664
52007,-0.00930762,-0.0260613,-0.0476743
52008,0,-0.0074461,-0.00205748
52009,0.162325,1.65052,4.40001
52010,0.243823,1.73155,4.60795
52011,-0.263592,-1.63291,-4.33285
52012,0.139745,0.170218,0.393571
52013,-0.119696,-0.130865,-0.264418
52014,-2.60183,-13.9118,-35.7571
52015,0.0433735,0.0520669,0.130021
52016,0.184756,2.94769,7.76288
52017,0,-0.00186152,0.0092148
52018,0.00930762,-0.0139614,-0.0310337
52019,-0.00986608,-0.0154507,-0.0208856
52020,0,-0.00558457,-0.00163384
52021,0.0231574,0.0194343,0.052546
52022,0,0.0241998,0.0796933
52023,0.000428151,-0.00887947,-0.0102201
52024,0.0260613,0.0282766,0.0810971
52025,0.0074461,0.00930762,0.0362369
52026,-1.19458,-11.5115,-30.9316
52027,0.65898,3.22513,8.65233
52028,0.0348105,0.0409535,0.105574
52029,0.121651,2.68482,7.33348
52030,0.0839362,0.0988656,0.234923
52031,0.15674,2.70007,7.46187
52032,0.0119882,0.0306035,0.0913522
52033,-1.86152e-05,0.00556596,0.0315853
52034,0.174071,2.68266,7.06381
52035,0.0539842,0.0577073,0.139577
52036,0.0204768,0.0446952,0.120529
52037,0.0091587,0.0091587,0.0374756
52038,-0.0074461,0.0111691,0.0536711
52039,-0.00342521,-0.00342521,0.00893365
52040,0.192873,2.69028,6.91004
52041,2.30451,7.597,19.2916
52042,-0.193022,-1.52085,-4.03883
52043,-0.143728,-1.42047,-3.79222
52044,0.00074461,0.00279229,0.0241207
52045,0.505944,3.13771,8.31926
52046,5.58457e-05,-0.0104245,-0.0250249
52047,0,3.72305e-05,0.0143395
52048,0.000725995,-0.00485858,0.00158165
52049,-2.37052,-10.3209,-26.3102
52050,0.00746472,-0.00928901,-0.0107362
52051,-0.0932438,-2.8093,-7.32382
52052,0.00930762,0.0111691,0.0347835
52053,-0.00188014,0.0167351,0.0639512
52054,0,-0.00558457,-0.000443909
52055,-0.00186152,0.0874917,0.252259
52056,0,0.0074461,0.0298529
52057,-0.165825,-0.752484,-1.92985
52058,0.184645,0.808423,2.09256
52059,0.167891,3.00554,7.89402
52060,0,0.00370443,0.0235438
52061,0.0173122,0.0284813,0.0835614
52062,0.184123,3.08317,7.89769
52063,0.0167537,0.00685041,0.0204989
52064,0.00186152,0.00372305,0.0261583
52065,2.1442,4.6398,11.3254
52066,0,0.00638503,0.0355359
52067,0.000558457,0.000558457,0.0167002
52068,0.0143337,-0.0117276,-0.0275968
52069,0.00800456,0.0284813,0.0883588
52070,-0.833461,-6.10163,-16.182
52071,1.86152e-05,0.00616165,0.0338997
52072,-0.000930762,0.0113553,0.0490665
52073,-0.00372305,0.019546,0.0656893
52074,0.0122861,0.0160091,0.0509117
52075,0.0111691,0.0111691,0.0394916
52076,0.0644832,1.44708,3.96131
52077,-0.337476,-3.02753,-8.04823
52078,0.035369,0.0612442,0.15864
52079,0.00430012,0.0098847,0.0392754
52080,0.0288164,0.0602576,0.157798
52081,-0.0115042,-0.0208118,-0.0253651
52082,-0.00186152,-0.00558457,0.00277652
52083,1.86152e-05,1.86152e-05,0.0161444
52084,-0.00372305,-0.00279229,0.0108576
52085,0,0,0.0161054
52086,0,-0.0102384,-0.0119185
52087,-0.00186152,0,0.0185012
52088,0,-0.0074461,-0.00277169
52089,0.0217612,0.0236228,0.0662102
52090,0,-0.00372305,0.00521664
52091,0.0851275,1.39525,3.76779
52092,0.0328559,0.0254098,0.0601833
52093,-0.00742748,-6.50521e-19,0.0200322
52094,-0.00372305,-0.00186152,0.0133082
52095,-0.0218171,-0.0279787,-0.0456918
52096,0.0286861,0.0324091,0.0852504
52097,0.274128,1.57355,4.17652
52098,-1.0185,-6.33088,-16.6652
52099,-0.47225,-8.89375,-23.3705
52100,0.356892,3.68154,10.1206
52101,0.687908,3.95816,10.0519
52102,0.00558457,0.0074461,0.0318993
52103,0,-0.0074461,-0.0123781
52104,0.0210352,-0.0260613,-0.0773847
52105,0.188144,3.51921,8.97599
52106,-0.0251864,-0.0289095,-0.0480067
52107,0.00372305,0.00705518,0.0297187
52108,0,0,0.0156759
52109,0.00930762,0.0148922,0.0516204
52110,-0.0074461,-0.0074461,0.00051462
52111,-0.847217,-7.32194,-18.5809
52112,0.00558457,0.00191737,0.0159401
52113,0.155381,0.146614,0.309267
52114,-0.253819,-0.316422,-0.674563
52115,0.00876778,-0.000539842,0.00943465
52116,-0.00539842,0.00297844,0.0284272
52117,0.0357413,0.0413259,0.106985
52118,0,0.0260613,0.0975279
52119,-0.389319,-7.14932,-19.6858
52120,-0.00558457,-0.00930762,-0.00792466
52121,0.155195,3.74617,10.2689
52123,0.403392,3.90023,10.6918
52124,-0.00078184,-0.0270293,-0.0611464
52125,0.00078184,0.0157671,0.0607532
52127,-0.00204768,-0.0420891,-0.096386
52128,0.00186152,0.0204768,0.0732979
52129,0.00729718,0.0166979,0.0578831
52130,-0.0550639,-0.042964,-0.0642233
52131,0.0297844,0.00930762,0.0217606
52132,-0.0218543,-0.0218543,-0.0296536
52133,-0.0140731,-0.0289653,-0.0526666
52134,0.0150411,1.88774,4.8427
52135,0.0446208,0.0427592,0.103378
52136,0.173308,1.79728,4.81033
52137,0.11158,0.154153,0.38862
52138,0.16588,1.63418,4.36882
52139,0.0482507,0.0551384,0.139384
52140,0.0130307,0.0111691,0.03896
52141,-0.0227106,-0.023176,-0.0320503
52142,0,-0.00558457,-0.000334242
52143,0.0340659,0.0558457,0.14265
52144,0.10028,1.42127,3.85827
52145,0.0217798,0.0269921,0.073612
52146,0.0173122,0.0191737,0.0568947
52147,-0.0135891,-0.00418843,0.0101254
52148,0.0173122,0.0321113,0.0956153
52149,-2.23526,-8.50892,-21.4223
52150,0.0307338,0.0182616,0.0467271
52151,-0.00241998,0.00372305,0.0271281
52152,-0.0173122,-0.00428151,0.0213717
52153,0.0215937,0.0295982,0.0808734
52154,-0.00148922,0.00595688,0.0407904
52155,0.000595688,-0.00873055,-0.0115347
52156,-3.72305e-05,-0.00376028,0.00694602
52157,0.223011,3.53507,9.07716
52158,0.0074461,-0.0130307,-0.0282178
52160,0,1.86152e-05,0.0161564
52161,0,0.0148922,0.0588892
52162,-0.0039092,-0.0039092,0.00792025
52163,0,0,0.0160175
52165,1.83386,3.41958,8.22469
52166,0.00186152,-0.0186152,-0.0323666
52167,-0.182262,-1.78267,-4.7884
52168,0.345667,3.4578,9.27315
52169,0.00372305,-0.0154507,-0.0258631
52170,0.0611883,0.0127887,-0.0107483
52171,0.178706,1.74263,4.67714
52172,0.0148922,0.0111505,0.0335455
52173,0.184607,1.74265,4.65215
52174,0,-0.039092,-0.0878242
52175,0.0112064,0.00740887,0.0291828
52176,0.251511,1.75283,4.62133
52177,0.000558457,-0.00800456,-0.00529678
52178,0.298421,1.74663,4.58928
52179,0,-0.0149853,-0.0261825
52180,-0.745317,-6.38242,-17.0323
52181,0.120199,1.51733,4.1298
52182,0.0548778,1.47571,4.05262
52183,0,-0.00186152,0.0107574
52184,0.00483996,0.0135891,0.0496841
52185,-0.00614303,0.00316459,0.0285493
52186,0.00430012,0.071315,0.213512
52187,0.0428151,0.744089,2.03508
52188,0,0,0.0164629
52189,-0.0135891,-0.750232,-2.03788
52190,0.00241998,0.00930762,0.037702
52191,0.0120999,0.744089,2.05628
52192,-0.0135891,-0.766762,-2.08587
52193,0.00186152,0.00186152,0.0200031
52194,0.0707193,1.57351,4.31074
52195,0.0577073,0.111673,0.281227
52196,0,0.00316459,0.0213199
52197,0.0578003,1.45432,3.9492
52198,-0.0861886,-1.48525,-3.99343
52199,0.164019,1.57556,4.22526
52200,0.0037789,0.0633477,0.200646
52201,-0.0204954,-0.00560319,0.0230429
52202,0.117574,1.54594,4.17082
52203,0.0597922,0.0562925,0.126204
52204,0.000930762,0.00217798,0.0215732
52205,0.0348105,1.42403,3.9078
52206,0.0111691,0.00748333,0.0341433
52207,0.0565345,0.000130307,-0.0141202
52208,0.124368,1.52673,4.10635
52209,0.215397,1.47154,3.92317
52210,0.00372305,-0.0111691,-0.0184284
52211,0,-0.0125839,-0.017062
52212,0.00186152,-0.00612442,-0.00139236
52213,-0.000558457,0.00874917,0.0387835
52214,0,0.0148922,0.0571216
52215,0.342949,2.71943,7.21545
52216,0.0501867,0.0222638,0.040658
52217,0.00739025,0.00735302,0.0310412
52218,-0.0125839,-0.0115973,-0.00871744
52219,0.0111319,0.0129934,0.0442562
52220,-0.00603134,-0.00975439,-0.00671364
52221,-0.046203,-0.04369,-0.0663808
52222,-0.00212214,-0.0114298,-0.0132289
52223,1.86152e-05,0.00932624,0.0426408
52224,0,-0.0181499,-0.0349699
52225,0.00186152,0.00558457,0.0301936
52226,0.00186152,0.0074461,0.0358728
52227,-0.000130307,0.0110388,0.0444494
52228,-0.109904,-1.32254,-3.542
52229,0.157187,1.35031,3.62629
52230,0.000502612,0.0103687,0.0473118
52231,0.182858,1.96719,5.26363
52232,-0.00186152,0.0217798,0.071076
52233,-0.0405999,-0.701088,-1.88264
52234,0.0173122,0.0266198,0.0778887
52235,-0.00428151,-0.00612442,0.00265443
52236,0.0973764,1.26662,3.4332
52237,0.0074461,-0.00565904,-0.00438868
52238,0.176994,1.30534,3.47634
52239,-0.00742748,-0.0167351,-0.0241355
52240,0.0314225,0.0577631,0.140839
52241,-0.0895766,-0.115508,-0.246702
52242,0.0130307,0.0241998,0.0745648
52243,0.0135891,0.0191737,0.0602169
52244,0,-0.00372305,0.00532574
52245,-0.088832,-0.0906004,-0.172129
52246,0.0111691,0.0102942,0.0382224
52247,-0.000372305,-0.00316459,0.00661889
52248,0.337271,2.65029,7.04912
52249,-0.0372305,-0.0351828,-0.0587444
52250,0.0359274,0.0210352,0.0484697
52251,0.0074461,-0.000558457,0.00796997
52252,-0.309255,-2.76535,-7.38355
52253,0.118579,0.1269,0.282026
52254,-0.057819,-0.0485113,-0.0793085
52255,-0.00100522,0.0083024,0.0410862
52256,-0.000856301,-0.0343638,-0.0802898
52257,-0.00558457,-0.0130307,-0.0152959
52258,0.0186152,0.0223383,0.0641639
52259,0.0917359,1.3043,3.55804
52260,0.0601459,0.0714453,0.169313
52261,-0.152496,-0.150635,-0.297268
52262,-0.00186152,0.00930762,0.0418911
52263,0.00199183,0.00199183,0.0198185
52264,0.0186152,0.0111691,0.0369195
52265,-0.00186152,0.00186152,0.0217467
52266,0.00189876,0.00189876,0.0200811
52267,0.0334888,0.0452164,0.112998
52268,-0.027532,-0.0401903,-0.0745731
52269,0.0117276,0.0117276,0.0406609
52270,0.0079301,0.00979162,0.0372503
52271,-0.0211097,-0.0175728,-0.018098
52272,0.0228968,0.0173122,0.047196
52273,0.000186152,0.0039092,0.0271911
52274,0.0982885,1.45661,3.90458
52275,0.0526067,0.0506521,0.119701
52276,0.072525,1.42449,3.82608
52277,0.00746472,0.0631057,0.171754
52278,0.00186152,0.00186152,0.0202106
52279,0.000372305,0.00186152,0.020725
52280,0.00374167,-0.0315901,-0.0606287
52281,0.131889,0.113311,0.219945
52282,0.00558457,0.0148922,0.0548841
52283,0.00923316,-0.0596619,-0.148134
52284,-0.0117462,-0.00802317,0.00125065
52285,-0.0664378,-0.0897069,-0.185267
52286,0.0716501,0.199444,0.48223
52287,0.0713336,1.49445,4.05601
52288,0.046836,0.0505218,0.107437
52289,0.00333213,-0.105921,-0.260843
52290,0.00614303,0.000279229,0.0106384
52291,-0.0303429,-0.037789,-0.068743
52292,0.00837686,0.145497,0.370402
52293,0.0104059,0.0196949,0.0630812
52294,0,0,0.0163581
52295,0.226175,1.53565,4.06344
52296,0.00938209,0.00372305,0.022006
52297,0.0074461,0.00967993,0.0382223
52298,-0.0216123,0.0437272,0.153174
52299,0.0186339,0.0204954,0.0543479
52300,-0.00372305,-0.00297844,0.0105558
52301,0.0152459,0.00035369,0.00797027
52302,-0.0181126,-0.0422194,-0.0814378
52303,1.86152e-05,-0.00651534,-0.00290815
52304,0.00372305,-0.00279229,0.00789391
52305,-0.0623797,-0.0577259,-0.127056
52306,0.0428151,0.0558457,0.141559
52307,0.0266198,0.0247583,0.0664945
52308,-0.0210352,-0.0266198,-0.0439612
52309,0.049833,1.44668,3.99078
52310,0.103687,0.736028,1.95264
52311,0.0609649,0.813282,2.21728
52312,0.00282952,0.00269921,0.00436157
52313,-0.210687,-1.71547,-4.55586
52314,0.0539842,0.0632918,0.149131
52315,0.000856301,0.0120068,0.049708
52316,-0.0202534,-0.0232132,-0.0336638
52317,0.0101639,0.0134588,0.0394629
52318,-0.00502612,-0.00953101,-0.00540692
52319,-0.00186152,-0.00943793,-0.00990561
52320,-0.000725995,0.00318321,0.0241437
52321,0.0297844,0.0204209,0.0552622
52322,0.100634,0.0180568,-0.01946
52323,0.0167537,0.00539842,0.0185685
52324,-0.00376028,0.00368582,0.026395
52325,-0.0074461,-0.0148736,-0.0187548
52326,1.86152e-05,1.86152e-05,0.0161444
52328,-0.0399669,-0.0482135,-0.0811074
52329,0.00459797,0.00459797,0.0255726
52330,0.0129562,0.0171446,0.0539075
52331,0.264467,3.07548,8.20913
52332,0.0434108,0.0046352,0.000690878
52333,0.0233435,0.0222266,0.0598022
52334,-0.00372305,-0.00372305,0.00797968
52335,-0.0284813,-0.0284627,-0.0433775
52336,-0.020514,0.0412886,0.120769
52337,0.000930762,0.000930762,0.0179399
52338,0.019546,0.0269921,0.0757487
52339,0.0326698,0.0438389,0.113127
52340,0.00279229,-0.0623611,-0.150187
52341,0.00124722,0.0032949,0.0233313
52342,0.118728,0.049107,0.0948665
52343,-0.00558457,-0.0123419,-0.0141894
52344,-0.0382916,0.0127142,0.0730938
52345,0.00372305,-0.00962408,-0.0121609
52346,0.00104245,0.0959802,0.283481
52347,-0.00370443,-0.00928901,-0.00898487
52348,-0.433754,-1.96439,-5.09653
52349,0.0425545,-0.103873,-0.344007
52350,0,0,0.0174142
52351,0.0694349,0.0683924,0.154703
52352,-3.72305e-05,0.00543565,0.0317989
52353,0.367856,3.04002,8.0808
52354,-0.00277367,-0.0283138,-0.0537242
52355,-0.237828,-1.60004,-4.25244
52356,0.0444532,0.0537981,0.134265
52357,0.00431874,0.00804179,0.0363015
52358,-0.0307524,-0.0251678,-0.030738
52359,-0.138833,-1.51919,-4.041
52360,0.000725995,0.00444904,0.0292457
52361,0.0024386,-0.00128445,0.0116725
52363,0.00489581,-0.00999639,-0.0090132
52364,0.00184291,0.00372305,0.0255088
52365,-0.241254,-1.63138,-4.28235
52366,-0.0299147,-0.0521413,-0.103076
52367,-0.0207932,-0.0170702,-0.0153024
52368,-0.00150784,0.00779979,0.0387386
52369,0.00493304,0.00446766,0.0252991
52370,-0.0665123,-0.0683738,-0.128358
52371,-0.00035369,-0.00686903,-0.00375665
52372,-0.628395,-3.07565,-8.00817
52373,0.0241998,0.0335074,0.0900226
52374,-0.0378076,-0.0336936,-0.0506753
52375,-0.0316459,-0.0409535,-0.0816403
52376,-0.0527184,-1.28484,-3.48046
52377,-0.0778117,-0.0117276,0.0396906
52378,-0.0773277,-0.0698816,-0.136587
52379,-0.00858163,-0.0216123,-0.0352972
52380,0.00186152,-0.0028109,0.00667992
52381,-0.0244232,-0.0216309,-0.0274866
52382,-0.00928901,-0.0255774,-0.0477592
52383,0.0260613,0.0279043,0.0759667
52384,-0.0601831,-1.27133,-3.43408
52385,-0.00893532,-0.015823,-0.0151294
52386,0.0167537,0.0210352,0.061123
52387,-0.0322044,-0.0452164,-0.0865319
52388,0.0063478,0.0157299,0.0544189
52389,0.206667,1.51876,4.06498
52390,0.0340659,0.0286675,0.0684719
52391,-0.0135891,-0.00986608,-0.00235136
52392,0,0,0.0156479
52393,-0.00186152,-0.0130307,-0.0145791
52394,-0.0347361,-0.0328745,-0.0527712
52395,0.00407674,0.0321113,0.100749
52396,0.036821,0.0500378,0.127042
52397,-0.00316459,0.000558457,0.0194644
52398,0.19358,1.47699,3.96901
52399,-0.00930762,0.0335074,0.122601
52400,0.0106107,0.0180568,0.0558067
52401,-0.011225,-0.0186711,-0.0239461
52402,0.00558457,0.00930762,0.0384945
52403,-0.00558457,-0.0074461,-0.000682937
52404,0.0148922,0.0204768,0.0609092
52405,-0.00508196,0.00590103,0.0326487
52406,-0.0121558,-0.0233808,-0.0367271
52407,0.0167537,0.0261544,0.0743555
52408,0.0159347,1.37868,3.77413
52409,0.0493304,0.0548964,0.133903
52410,0.000409535,-0.00517504,0.000573283
52411,0.0195646,0.0190062,0.05607
52412,-0.00374167,-1.86152e-05,0.0173525
52413,-0.251883,-1.64816,-4.34202
52414,0.0217798,0.0143337,0.0385047
52415,0,0,0.0200412
52416,0.0392782,0.0672011,0.166458
52417,0.00186152,0.00623611,0.0327333
52418,-0.0184477,-0.0240323,-0.0393719
52419,0.00530535,0.0108899,0.0421008
52420,0.0160277,0.0160277,0.0501221
52421,0.0156368,0.0251678,0.0738731
52422,0.000539842,0.00426289,0.0281604
52423,-0.000204768,0.0046352,0.0288683
52424,-0.00984747,-0.00984747,-0.00451341
52425,0.0279229,0.0279229,0.0745709
52427,0.00178706,0.00178706,0.017883
52428,0,0.0130307,0.049505
52429,0.0074461,0.00372305,0.0215057
52430,0.0223383,0.00372305,0.00930171
52431,0.00297844,0.0041512,0.0255789
52432,-0.017852,-0.0197135,-0.0258142
52433,-0.0130493,-0.0130493,-0.0112175
52434,-0.0182429,-0.0927039,-0.230344
52435,-0.00558457,-0.0130307,-0.0155608
52436,-0.324631,-2.8938,-7.73205
52437,0.0297844,0.0260613,0.0640248
52438,-0.00327628,0.012919,0.0436933
52439,-0.00483996,0.00372305,0.03282
52440,0.000186152,-0.014706,-0.0236766
52441,-0.014129,-0.0104059,0.000723422
52442,0.00642226,0.00642226,0.0295525
52443,-0.00856301,-0.00483996,0.00771494
52444,-0.000930762,0.0102384,0.0427734
52445,0.00374167,1.86152e-05,0.0144009
52446,-0.00372305,-0.015823,-0.0212047
52447,0.0167537,0.0223383,0.0678676
52448,0.177925,1.49652,4.00536
52449,-0.0074461,-1.86152e-05,0.0181239
52450,0,0.0168282,0.0614954
52451,-0.00186152,8.67362e-19,0.0200445
52452,0.162548,1.5011,4.05238
52453,-0.00186152,-0.0250747,-0.0483263
52454,0.0111691,0.0186152,0.0597265
52455,0.00249444,0.0118207,0.0461584
52456,-0.000800456,0.00106107,0.0205846
52457,-0.00558457,-0.00539842,0.00495676
52458,-0.0675734,-0.0643157,-0.117686
52459,-0.0225058,-0.0225058,-0.0310178
52460,0.0166979,0.0204209,0.060378
52461,0.00173122,0.00545427,0.0292692
52463,-0.329509,-1.72723,-4.51464
52464,0.090861,0.102067,0.238069
52465,0.0160091,0.0365045,0.0973906
52466,-0.00709241,-0.00685041,0.000516242
52467,-0.00614303,-0.0154507,-0.0215326
52468,0.0111691,0.00930762,0.0341436
52469,-0.0260613,-0.0260613,-0.0384624
52470,0.00372305,0.000930762,0.0171383
52471,0.0657118,0.0675734,0.158235
52472,0.00120999,-0.00428151,0.00481921
52473,0.0260427,0.0279043,0.0748252
52474,0.0108155,0.00709241,0.0292121
52475,-0.00880501,-0.00880501,-0.0023307
52476,0.0105176,0.0105176,0.0381274
52477,-0.00372305,-0.00372305,0.00831002
52479,-0.00729718,-0.0091587,-0.00371429
52481,0.00729718,0.00729718,0.0313844
52483,-0.00930762,-0.00742748,0.00143409
52484,0.00850717,0.00906563,0.0342899
52485,-0.00469104,-0.00469104,0.00628322
52486,0.0155437,0.0248514,0.0713548
52487,1.86152e-05,0.0059755,0.0314991
52488,0.00467243,0.00467243,0.0258886
52489,0.232076,1.64505,4.38435
52490,0.000223383,-0.00718549,-0.00462844
52491,-0.34105,-1.75875,-4.58998
52492,0.0521413,0.068895,0.168456
52493,-0.0288536,-0.0307152,-0.0500066
52494,-0.00372305,-0.00930762,-0.00715539
52495,0.0586194,0.0723389,0.173972
52496,-0.0256332,-0.0256332,-0.0375659
52497,0.00912147,0.00856301,0.0335708
52498,0.00186152,0.00186152,0.0200031
52499,-0.00269921,0.00102384,0.0203464
52500,-0.000558457,-0.000558457,0.0149361
52501,0.0216123,0.038366,0.102224
52502,0.00446766,0.0100522,0.0395396
52503,0.197471,1.60851,4.31518
52504,-0.0148364,-0.0222266,-0.0357534
52505,-0.00614303,-0.00428151,0.00939822
52506,0.0111691,0.0148922,0.0490306
52507,0.00725995,0.0110016,0.0408998
52508,-0.0839548,-0.0858163,-0.164073
52509,0.0223383,0.0094007,0.0301292
52510,0,-0.00372305,0.00656648
52511,-0.227125,-1.6314,-4.32639
52512,0.0191737,0.00241998,0.0123982
52513,-0.00986608,-0.0117276,-0.00724064
52514,-0.00117276,0.000688764,0.0181906
52515,0.45814,1.8438,4.79135
52516,0.0200672,0.0492932,0.131957
52517,0.161171,1.62794,4.3446
52518,0.00558457,-0.0154693,-0.029021
52519,0.00327628,0.016307,0.0566901
52520,-0.0117276,-0.00699933,0.0030925
52521,0.00984747,0.00984747,0.0367242
52522,0.0165676,0.0165676,0.0503374
52523,-0.0127514,-0.031497,-0.0589116
52524,-0.225319,-1.65423,-4.37507
52525,0,0.00372305,0.0282349
52526,-0.0218543,-0.0237344,-0.035113
52527,0.00372305,0.00186152,0.0191313
52528,0.00372305,0.0148922,0.0525176
52529,-0.00372305,-0.00735302,-0.000961522
52530,-0.000930762,0.00465381,0.0282362
52531,-0.00186152,-0.0111691,-0.0107246
52532,0.0281276,0.780742,2.15027
52533,-0.00186152,-0.77123,-2.10553
52534,0,0.00186152,0.0214534
52535,0.106461,1.52747,4.1378
52536,-0.00372305,-0.00742748,-0.00380364
52537,0.00372305,0.00930762,0.0386387
52538,0,0.00474689,0.0277238
52539,-0.00178706,-0.00923316,-0.00656527
52540,-0.00189876,-0.00376028,0.00758904
52541,0.00186152,0.00186152,0.0200031
52542,0.00461658,0.00275506,0.021231
52543,-1.86152e-05,-0.00206629,0.0107622
52544,0.00269921,0.00642226,0.0310673
52545,-0.00374167,-0.00374167,0.00827104
52546,0,0.00558457,0.0310887
52547,0.0195274,0.0232504,0.0665312
52548,0.00370443,0.00370443,0.0227048
52549,0.00558457,0.100522,0.259833
52550,-0.00822794,-0.0138125,-0.0162882
52551,-0.151156,-1.66171,-4.41456
52552,-0.0135891,-0.0253167,-0.0430263
52553,0.00372305,0.0223383,0.0750239
52554,0,0.00186152,0.0208749
52555,-0.0288909,-0.114521,-0.287272
52556,-0.023176,-0.026899,-0.0419599
52557,0,-0.0074461,-0.00332221
52558,-0.129767,-0.122321,-0.236983
52559,-0.0193599,-0.0128445,-0.00796717
52560,-0.00456074,0.00102384,0.0197207
52561,-0.000279229,-0.000279229,0.0155208
52562,-0.00742748,-0.00742748,0.00118389
52563,0.0206629,0.0223383,0.0626763
52564,-0.444625,-2.9039,-7.64035
52565,-0.0437086,0.0102756,0.0583808
52566,-0.123103,-1.30232,-3.46806
52567,0.168096,1.43108,3.82086
52568,-0.265025,-1.55344,-4.04797
52569,-0.00262475,0.00668287,0.0389969
52570,0.0111691,0.00413259,0.0225911
52571,0,-0.00223383,0.0107323
52572,0.0184105,0.0184105,0.0548824
52573,0.0172563,0.0172563,0.0522371
52574,0.00452351,0.0101081,0.0454316
52575,0.0808274,0.843234,2.26089
52576,0.047171,0.6286,1.69888
52577,0.000186152,-0.000111691,0.01116
52578,-0.0186152,-0.0289467,-0.0567233
52579,0,-1.86152e-05,0.0160545
52580,0,-0.00930762,-0.0064649
52581,0.00403951,0.00403951,0.0245634
52582,0.0462961,0.0723575,0.17684
52583,-0.0297844,-0.0465381,-0.086317
52584,-0.00800456,-0.0526812,-0.108728
52585,3.72305e-05,0.00189876,0.0215313
52586,0.00992193,0.00223383,0.0170046
52587,0.0101825,0.00917732,0.03384
52588,0.00558457,0.0223383,0.0700375
52589,-0.0624355,-0.060574,-0.107911
52590,-0.297602,-1.73327,-4.49181
52591,0.00930762,0.0191179,0.065902
52592,-0.00588242,-0.00160091,0.0120294
52593,-0.107708,-0.0742004,-0.11346
52594,0.00178706,0.0109085,0.0431747
52595,-0.546879,-3.56277,-9.32063
52596,0.0588242,0.0588242,0.136943
52597,-0.0729159,-0.0161394,0.0215825
52598,0.00161953,0.011467,0.0474265
52599,-0.227516,-1.74123,-4.5997
52600,-0.0096427,-0.00837686,0.0234213
52601,0.00349967,0.0128073,0.0408974
52602,-0.0320555,-0.0488092,-0.0976511
52603,-0.231667,-1.79702,-4.76043
52604,-0.0210911,0.066624,0.222867
52605,-0.636213,-3.65079,-9.52435
52606,0.122805,0.207132,0.510399
52607,-0.165359,-0.135016,-0.251215
52608,0.00372305,0.0111691,0.0451044
52609,0.0167537,0.0074461,0.023968
52610,0.0284813,0.0303056,0.0790363
52611,0.254489,1.778,4.71604
52612,0.0284813,0.0173122,0.0432375
52613,0.00742748,0.0186152,0.0603195
52614,0.00595688,0.00599411,0.0324389
52615,0,0,0.0161054
52616,0.0142779,0.00310875,0.0172128
52617,-0.0401717,-0.0420332,-0.0725477
52618,0.0280346,0.0311805,0.0818786
52619,0,0,0.0161054
52620,-0.0120999,-0.0214075,-0.0319332
52621,-0.00578934,-0.00765087,-0.000328406
52622,0.00930762,0.00930762,0.0355939
52623,0.0135147,0.0153762,0.0477273
52624,-0.0130307,-0.0114298,-0.00587266
52625,0,-0.00186152,0.0115647
52626,-0.00967993,0.0267129,0.100728
52627,-0.0117276,-0.0117276,-0.00845009
52628,0.00558457,0.00930762,0.0382411
52629,-0.618641,-4.8707,-12.8921
52630,0.258994,1.88626,4.96165
52631,-0.0647811,-0.0871194,-0.179787
52632,0.0344382,0.0398366,0.102467
52633,-0.00930762,-0.00930762,0.00189779
52634,0.217817,1.60214,4.29923
52635,-0.00928901,-0.0232504,-0.0426579
52636,0.019546,0.0381613,0.102667
52637,0.0204582,0.0241998,0.068068
52638,-0.0120999,-0.0288536,-0.0507824
52639,-0.444793,-3.25303,-8.64099
52640,0.0191737,0.00800456,0.0278157
52641,0.182057,1.62076,4.35453
52642,-0.00314598,0.0065898,0.040106
52643,0,0.0204768,0.0660228
52644,-0.00688764,-0.0143337,-0.016479
52645,-0.000595688,0.00314598,0.0237507
52646,0.00182429,0.00554734,0.0298936
52647,0.105511,1.47863,4.03952
52648,-0.00930762,-0.00930762,-0.00694318
52649,0.012677,0.0126956,0.0427032
52650,-0.00692487,-0.0068318,0.00183301
52651,-3.72305e-05,0.00182429,0.0212265
52652,-0.00372305,-0.00184291,0.0129027
52653,0,0.00921455,0.0419879
52654,-0.182876,-1.56632,-4.19574
52655,-0.00513781,0.00152645,0.0214019
52656,0.320257,1.67984,4.45225
52657,0.0039092,0.0150784,0.0497822
52658,-0.00930762,-0.0148922,-0.0170053
52659,0.0148922,0.0111691,0.0382056
52660,0.00642226,0.0058638,0.0279928
52661,-0.091103,-0.094491,-0.208523
52662,0.0526812,0.0619888,0.150029
52663,0.238387,1.49709,3.96545
52664,-0.0039092,-0.0094007,-0.0107585
52665,0.00930762,0.00558457,0.0265125
52666,-0.00186152,-0.0074461,-0.00118571
52667,-0.00558457,-0.00558457,0.00418357
52668,0.00930762,0.00930762,0.0354902
52669,-0.00225245,-0.00413259,0.00621965
52670,0.00189876,-0.00370443,0.00640661
52671,0,0.0486044,0.158258
52672,-0.00651534,-0.015823,-0.021555
52673,0.00372305,-0.0106293,-0.0128718
52674,0.00186152,0.00186152,0.0200031
52675,0,-0.00558457,0.000217805
52676,0.00558457,0.00493304,0.025893
52677,0.000260613,0.000260613,0.0166511
52678,0.00323905,0.0026806,0.0213277
52679,-0.0175728,-0.0208118,-0.0285897
52680,-0.0607788,-0.0626403,-0.115695
52681,0.00398366,0.000260613,0.0144501
52682,-0.000539842,0.00318321,0.024514
52683,0,0.00186152,0.0211036
52684,-0.00930762,-0.00362997,0.0113063
52685,0,0,0.0161054
52686,0.0074461,0.0074461,0.0316962
52687,0,0.00565904,0.032554
52688,0,-0.0074461,-0.00297246
52689,0,0,0.0161054
52690,-0.00822794,-0.0100895,-0.00566314
52691,-0.0074461,-0.0167723,-0.0226919
52692,-1.86152e-05,-1.86152e-05,0.0160664
52693,0.000558457,0.00428151,0.0268137
52694,0.0035369,0.0128445,0.0466722
52695,3.72305e-05,-0.00927039,-0.00743523
52696,-0.000223383,0.00182429,0.0207132
52697,0.00372305,0.119138,0.354318
52698,0.00930762,0.0130307,0.0451329
52699,0.00800456,0.00614303,0.0261531
52700,-3.72305e-05,-0.00189876,0.0114867
52701,-0.00372305,-0.00372305,0.00831002
52702,-0.00186152,-0.00186152,0.0122077
52703,-0.00227106,-0.0171633,-0.026348
52704,-0.00802317,0.00314598,0.0299319
52705,0.00206629,0.00951239,0.0390523
52706,0.016549,0.0239951,0.0693764
52707,-0.00372305,-0.0074461,-0.00076398
52708,0.00619888,0.0080604,0.0336255
52709,0.0074461,-0.107968,-0.298263
52710,-0.00651534,-0.00465381,0.00723294
52711,0.00316459,0.00502612,0.0272722
52712,1.86152e-05,1.86152e-05,0.0161444
52713,0,-0.00372305,0.00656648
52714,0,0.00372305,0.0256444
52715,-0.0236041,-0.0254657,-0.0371999
52716,0.00930762,0.122861,0.312578
52719,-0.00558457,-0.00893532,-0.00408514
52720,0.00186152,-0.10983,-0.25244
52721,-0.00186152,0.00186152,0.0217467
52722,0.0111691,0,0.0111035
52723,1.86152e-05,0.00374167,0.0256833
52724,0.00186152,0.0169399,0.0579496
52725,0.289411,1.58163,4.12561
52726,0.00130307,-0.00241998,0.00751046
52727,0.67605,4.5793,12.1365
52728,-0.0074461,-0.028109,-0.0554911
52729,-0.0228968,-0.0359274,-0.0686019
52730,-0.294586,-1.61184,-4.20178
52731,0.0357599,0.0374725,0.0494005
52732,0.0169026,0.0224686,0.0654947
52733,0.0180568,5.58457e-05,0.00587508
52734,0.000558457,0.000558457,0.0172747
52735,0.0074461,0.00737164,0.0332582
52736,0.0111691,0.0186152,0.0574258
52737,-0.0213145,-0.0232132,-0.0290401
52738,0.00914009,0.00914009,0.0352431
52739,-0.00284813,-0.00284813,0.0101419
52740,0.00621749,0.00249444,0.0174131
52741,-0.0144268,-0.0237344,-0.0370341
52742,0.00372305,0.00558457,0.0284415
52743,-0.0284813,-0.00325767,0.0260659
52744,0.134328,1.40648,3.7977
52745,0.0719293,0.0564042,0.115133
52746,-0.455981,-1.81819,-4.65846
52747,-0.00558457,0.044174,0.12774
52749,-0.291924,-1.65689,-4.30122
52750,0.00372305,0.0074461,0.034735
52751,-0.124145,-1.43965,-3.81245
52752,0.214224,1.54168,4.06287
52753,0.0335074,0.0167537,0.0410155
52754,0.00232691,0.0172377,0.057351
52755,-0.0131238,-0.028016,-0.0476992
52756,-0.191179,-1.40167,-3.69567
52757,0.0720224,1.2881,3.49787
52758,-0.0720224,-1.27509,-3.42838
52759,0,0.00214075,0.0178495
52760,0,0,0.0161054
52761,0,0.00186152,0.0206461
52762,0.113143,1.54378,4.17242
52763,0.00986608,0.00986608,0.0350104
52764,0.0316459,0.0335074,0.086907
52765,-0.0178706,-0.0271596,-0.0439617
52766,0.0228968,0.0340659,0.0921951
52767,-0.0074461,-0.0204768,-0.0330778
52768,-0.000967993,-0.000967993,0.0135001
52769,0.000558457,0.00428151,0.0271634
52770,-7.4461e-05,-0.00193599,0.0114088
52771,0.00191737,0.00201045,0.02038
52772,0.00372305,0.00558457,0.0284415
52773,0.0570185,1.39309,3.79341
52774,0.00930762,0.0113925,0.0409083
52775,0.134253,0.124722,0.270035
52776,0,0.00372305,0.0256444
52777,-0.0452351,-0.0526812,-0.0967716
52778,-0.00137753,-0.00137753,0.0132211
52779,0.00789287,0.00666426,0.0287311
52780,0.0130307,0.0130307,0.0433893
52781,7.4461e-05,-0.00186152,0.011539
52782,-0.0130865,-0.0130865,-0.0112954
52783,0.00186152,-0.00381613,0.00369182
52784,0.00558457,0.0130307,0.0459614
52786,-0.00936347,-0.00750195,0.00184796
52787,-0.626198,-3.34933,-8.75094
52788,0.00558457,0.00182429,0.0156347
52789,-0.00930762,-0.0167537,-0.0230395
52790,0.0111691,0.0167537,0.055178
52791,0.00930762,0.0010983,0.0143328
52792,-0.00204768,-0.106982,-0.26491
52793,-0.0111878,-0.0130307,-0.0118128
52794,0.0129376,0.0147991,0.0483934
52795,-0.00381613,-0.00707379,-0.000801564
52796,0,0,0.0161054
52797,0.318488,1.66646,4.33748
52798,-0.0117276,-0.00604996,0.00750121
52799,0.295685,1.50568,3.93858
52800,1.86152e-05,0.0074461,0.0342619
52801,0.0574653,0.0463147,0.103979
52802,1.86152e-05,0.00374167,0.0258841
52803,0,0,0.011988
52804,0.00316459,-0.0117276,-0.013972
52805,0.00241998,0.0117276,0.043876
52806,-0.00690626,0.0126398,0.0524149
52807,0.00556596,0.00928901,0.036841
52808,0.00424428,1.12503,3.10955
52809,0.00372305,0,0.0132049
52810,0.0870263,0.0846994,0.188835
52811,0.0315528,0.0235483,0.0605421
52812,-0.0254284,-0.0366162,-0.0644269
52813,0.00182429,0.0409163,0.120999
52814,0.0187642,0.0467243,0.117225
52815,-0.000148922,-0.000148922,0.0157936
52816,-0.0112436,-0.0222266,-0.0342041
52817,0.00186152,0.00186152,0.0200031
52818,0.0111319,0.0204395,0.0612136
52819,-0.0342521,-0.058545,-0.115143
52820,0.00236414,0.00424428,0.0256416
52821,0.00698072,0.00809763,0.0339721
52822,-0.00385336,-0.00385336,0.00891357
52823,0.00724133,0.00910286,0.0362657
52824,0.00372305,0.00186152,0.0187018
52825,-0.0037789,-0.0037789,0.00819309
52827,0,-0.0418843,-0.106393
52828,0.000204768,0.00392782,0.0264229
52829,0,-9.30762e-05,0.0158529
52830,-0.00186152,-0.00186152,0.0122077
52831,0.229749,1.46012,3.88658
52832,-0.00742748,-0.0148922,-0.0250915
52833,0.346728,2.95582,7.85452
52834,-0.0223383,-0.00858163,0.00729523
52835,0.407562,3.20685,8.54448
52836,0.261395,1.62571,4.31039
52837,0,-0.0335074,-0.0730364
52838,-0.00186152,-0.024144,-0.0474701
52839,0.239913,1.66121,4.42434
52840,-0.0446766,-0.0906377,-0.212242
52841,0.00614303,-0.0143337,-0.0258046
52842,0.00260613,-0.019304,-0.0335052
52843,0.00541704,0.0231946,0.0710493
52844,0.0175169,-0.0718362,-0.192344
52845,7.4461e-05,0.00374167,0.0239639
52846,-0.00552873,-0.00552873,0.00452925
52847,-0.0135705,-0.0172936,-0.0213903
52848,0.0074461,0.00930762,0.0362369
52849,0.0363928,0.0267687,0.0690605
52850,0.00186152,0.00558457,0.0295421
52851,-0.0189876,0.72257,1.99419
52852,-0.0266198,-0.760731,-2.04114
52853,0.0173122,0.0247583,0.0705169
52854,-0.0243487,-0.0336564,-0.0575801
52855,-0.0318693,-0.0287047,-0.0427176
52856,0.00361136,-0.000111691,0.0132516
52857,-0.00191737,-0.0112808,-0.0166556
52858,0.00986608,0.0100522,0.036381
52859,0.0125467,0.0162697,0.052361
52860,0.00930762,0.0670149,0.176911
52861,-0.0243674,-0.0206443,-0.0256053
52862,-0.00595688,0.00148922,0.0191727
52863,0.0297658,0.0279601,0.0732031
52864,0.0258938,0.0111878,0.0318922
52865,0.00335074,-0.000372305,0.0144973
52866,-0.123903,-0.122135,-0.230732
52867,0.00266198,-0.00282952,0.00391665
52868,0.218934,1.54333,4.08372
52869,1.93187,5.06528,12.1129
52870,0.0274016,0.0181126,0.048513
52871,-0.0186152,-0.0167351,-0.0184302
52872,0.032223,0.0228968,0.0596795
52873,-0.00372305,-0.00510058,0.00805759
52874,0.000372305,-0.00335074,0.00605073
52875,0.0263778,0.0225803,0.0616061
52876,-0.000632918,-0.00435597,0.00526756
52877,1.86152e-05,0.00206629,0.021205
52878,0,0.00180568,0.0212901
52879,-0.00204768,0.0165676,0.0572252
52880,0.000856301,-0.00100522,0.0133576
52881,-0.00173122,-0.00638503,-0.000889362
52882,0.449707,6.75419,18.1516
52883,0.0039092,-0.0183919,-0.0320401
52884,0.0215006,0.00666426,0.0182088
52885,-0.360205,-3.71045,-10.1604
52886,0.00186152,-1.79637,-4.58567
52887,0.00928901,0.00928901,0.0360124
52888,0.000558457,0.0024386,0.021792
52889,0.00779979,0.0189689,0.0609459
52890,0.0551011,1.01641,2.76737
52891,0.0204768,0.0232691,0.0636986
52892,-0.0232877,-0.978343,-2.65507
52893,-0.035369,-0.0435969,-0.0780209
52894,0.0148736,0.00370443,0.0186312
52895,0.127756,1.6374,4.432
52896,-0.224574,-1.71061,-4.54638
52897,-0.0512106,-0.0526812,-0.0923946
52898,-0.0176286,-0.0170702,-0.0194436
52899,0.237382,1.74283,4.65445
52900,-0.21173,-1.73187,-4.6078
52901,-0.0942118,-1.46104,-3.9571
52902,-0.00930762,0.00558457,0.0384472
52903,-0.0418285,-0.0585822,-0.112342
52904,0.0054915,0.0147991,0.0546892
52905,-0.0187456,-0.0150225,-0.0140616
52906,-1.86152e-05,-0.00560319,0.00334793
52907,0.00372305,0.00372305,0.023575
52908,0.00394643,0.00394643,0.0243685
52909,0.00186152,0.0763225,0.233773
52910,0.000446766,0.000446766,0.0170409
52911,-0.00176845,0.108062,0.320254
52912,0.00111691,0.00111691,0.018444
52913,0.000930762,0.019546,0.0703422
52914,-0.198178,-1.53887,-4.10114
52915,0.0689137,1.44477,3.96851
52916,-0.00372305,0.00374167,0.0212418
52917,0.0108341,0.0052495,0.0258261
52918,-0.175058,-1.54199,-4.12347
52919,0.00148922,-0.00967993,-0.00802077
52920,0.0288536,0.0338239,0.0903963
52921,0.20205,1.58449,4.25178
52922,-0.00742748,-0.0185966,-0.0310727
52923,-0.0134961,-0.128911,-0.350705
52924,-0.0295982,-0.0240323,-0.0322968
52925,-0.0316459,-0.0428151,-0.0776286
52926,-0.00130307,0.00428151,0.0272279
52927,0.0074461,0.120999,0.365708
52928,0.00558457,0.00558457,0.0277985
52929,0.00355551,-0.0243674,-0.0445608
52930,-0.00688764,0.00241998,0.0243875
52931,0.00167537,0.00128445,0.01847
52932,0,0,0.0162544
52933,1.46182,4.07972,10.2915
52934,0.00039092,-0.00556596,-0.000599177
52935,-0.00186152,0.00372305,0.0261919
52936,-0.00186152,-0.00372305,0.00665232
52937,0.215267,2.56276,6.61908
52938,-0.0916987,-0.0425545,-0.0441134
52939,-0.0247583,-0.0383474,-0.0703467
52940,0.076881,0.0712964,0.162699
52941,0.0736419,0.0539098,0.108478
52942,-0.0619702,-0.0601273,-0.107555
52943,0.00819071,0.00446766,0.0237164
52944,0.139614,2.57196,6.78853
52945,0.0508196,0.0470966,0.111079
52946,5.58457e-05,0.00372305,0.0254207
52947,0.00372305,0.0736233,0.19491
52948,-0.00459797,-0.0026806,0.0119001
52949,-0.0862072,-0.0399483,-0.0560457
52950,0.0834894,0.0135891,0.020413
52951,0.0209422,0.0265267,0.0764825
52952,0.00746472,0.00186152,0.0180676
52953,-1.86152e-05,-0.954906,-2.42923
52954,-0.0074461,-0.00735302,0.00078684
52955,0.00618026,0.00422566,0.0231614
52956,-0.122432,-0.149052,-0.309103
52957,-0.00186152,-0.00186152,0.0122077
52958,-0.0736419,-0.0470221,-0.0673241
52959,0.0452351,0.0470966,0.11536
52960,-0.00139614,0.00567765,0.0336067
52961,-7.4461e-05,0.000130307,0.0165484
52962,-3.72305e-05,-3.72305e-05,0.015931
52963,0.00873055,0.0273458,0.0806001
52964,0.0181313,0.0125467,0.0404468
52965,1.86657,3.47802,8.32296
52966,0.0870635,3.14274,8.07452
52967,-0.0111505,0.00932624,0.0440504
52968,0.252795,3.32342,8.7085
52969,-0.0209608,-0.0142593,-0.0070455
52970,-0.00223383,-0.022692,-0.0473927
52971,0.00169399,-0.00202906,0.0099711
52972,0.0232877,0.0262661,0.0680614
52973,-0.0284255,-1.6546,-4.19924
52974,-0.00930762,-0.0148922,-0.0197162
52975,0.0260613,-0.00495166,-0.0320894
52976,-0.00539842,-0.00725995,-0.000655447
52977,-0.000558457,-0.000372305,0.0154778
52979,-0.666296,-3.79139,-10.0008
52980,0.025205,0.0400972,0.107608
52981,0.0338425,0.0677967,0.176137
52982,0.0305662,0.0334516,0.0939367
52983,0.0130307,0.0148922,0.0483596
52984,0.00186152,-0.00558457,0.000925238
52985,0.0279229,0.0428151,0.110897
52986,0,-0.00186152,0.0117821
52987,0.613056,5.0532,13.5513
52988,0.00986608,-0.0154507,-0.0287162
52989,0.0111691,-0.00614303,-0.0235516
52990,-0.839045,-3.7388,-9.7139
52991,0.0111691,0.0167537,0.0573018
52992,0,0.00241998,0.030491
52993,-0.165099,-1.79004,-4.79499
52994,-0.00614303,0.0308269,0.107327
52995,0.00934486,0.00189876,0.0140034
52996,-0.0493676,-0.0581168,-0.108646
52997,-0.189001,-1.68922,-4.52271
52998,-0.00711103,-0.055157,-0.124323
52999,0.0753545,0.0511547,0.111468
53000,-0.00409535,-0.013403,-0.0118437
53001,-0.010015,-0.0155996,-0.0191745
53002,0.0074461,-0.00186152,0.00626235
53003,0.00130307,-0.00428151,0.00323684
53004,-0.143914,-1.6701,-4.49431
53005,-0.00800456,-0.00893532,-0.0025467
53006,1.87199,4.99239,12.5477
53007,0.055883,3.17005,8.21137
53008,0.0186152,0.00930762,0.0327161
53009,-0.00558457,-0.0260613,-0.0510596
53010,-0.0446766,-0.0614303,-0.125982
53011,-0.221056,-3.40573,-8.70334
53012,0.0995916,0.114484,0.267093
53013,-0.0114111,-0.0244418,-0.0444341
53014,-0.000930762,-0.00465381,0.00346063
53015,0,0.00167537,0.0201262
53016,0.00372305,0.00381613,0.024173
53017,-0.00372305,-0.0148922,-0.0237778
53018,0,0.00558457,0.0316672
53019,0.00374167,0.0183546,0.0651305
53020,0.000223383,-0.00349967,0.00587721
53021,-0.00152645,-0.00320182,0.00802685
53022,-0.000167537,-0.000167537,0.0157546
53023,-0.000558457,-0.000558457,0.0149361
53024,0.0117648,0.0136264,0.0461833
53025,-0.00186152,-0.00372305,0.00685975
53026,-0.0500006,-0.0482321,-0.0833621
53027,0.0439506,0.0533327,0.131068
53028,-0.00191737,-0.0325208,-0.0641054
53029,-0.00443043,-0.00461658,0.00628445
53030,0.177459,3.40715,8.76057
53031,-0.00962408,-0.015432,-0.0263795
53032,0.0348291,0.0497213,0.128288
53034,0.0212958,0.0194343,0.0562351
53035,0.033191,0.0289095,0.0735121
53036,0,0,0.0167637
53037,0.0167537,0.00930762,0.0314564
53039,0.0322416,0.0281463,0.0716885
53040,0.00186152,0.00372305,0.0290519
53041,-0.000148922,-0.00201045,0.0105421
53042,0,-0.00148922,0.0117717
53043,-0.0228968,-0.0228968,-0.0327127
53044,0.0074461,0.00930762,0.0362369
53045,0.00284813,-0.00273644,0.0051812
53046,-0.0372305,-0.0186152,-0.00790619
53047,-0.000539842,-0.000819071,0.0141625
53048,0.02003,0.0221708,0.0635874
53049,-0.0191923,-0.0226361,-0.033921
53050,-0.00770671,-0.00584519,0.00516793
53051,0.032223,0.0326325,0.0845736
53052,0.0439134,0.964289,2.6326
53053,0.0204768,0.0204768,0.0594855
53054,-0.0234552,-0.951463,-2.57826
53055,-0.037789,-0.0359274,-0.0582484
53056,-0.00874917,-0.00725995,0.00141881
53057,-0.0284813,-0.037789,-0.0696907
53058,-0.000186152,-0.00204768,0.0111749
53059,-0.0194902,-0.0194902,-0.0247035
53060,0.0185966,0.0204582,0.0598129
53061,-0.0206443,-0.0225989,-0.032128
53062,-0.0297844,-0.035369,-0.0595302
53063,0.0934113,0.0971344,0.221002
53064,-0.0180568,-0.0178706,-0.0269897
53065,-0.0120627,-0.0120627,-0.00915167
53066,0.00483996,0.00483996,0.0262394
53068,0.037789,0.0394643,0.0992346
53069,-0.000446766,0.0144454,0.0579537
53070,-0.0186152,-0.0251306,-0.0403786
53071,0.00675734,0.00675734,0.0302541
53072,0,-0.00558457,0.000210494
53073,-0.00688764,-0.00688764,0.00168393
53074,0,0.0191737,0.0654334
53076,0,0.00186152,0.0206461
53077,0.00688764,0.0161953,0.0566882
53078,-0.0214448,-0.0233063,-0.0333368
53080,-0.404863,-3.56469,-9.04072
53081,-0.00880501,-0.000949378,0.0174057
53082,0,-0.0752801,-0.169742
53083,0.00621749,0.00994054,0.0398197
53084,-0.00372305,-0.0074461,-0.00208796
53085,0.00364859,0.00739025,0.0341883
53086,-2.59202,-5.9703,-14.6555
53087,-0.00372305,-0.0074461,-0.00505228
53088,-0.00156368,-0.0153948,-0.0228923
53089,0.0541704,0.0401531,0.0899361
53090,-0.303056,-2.11238,-5.58156
53091,0.048288,0.0796919,0.205578
53092,0.031739,0.0484369,0.113913
53093,0,-0.00372305,0.00651855
53094,0.00186152,-0.0167537,-0.0346734
53095,-0.000167537,-0.000167537,0.0157546
53096,-5.58457e-05,0.00753918,0.0377058
53097,0.00981024,0.00981024,0.0366463
53098,-0.0127701,-0.0686158,-0.158582
53099,-0.0557341,-0.0557341,-0.100592
53100,0.00558457,0.00837686,0.0359651
53101,-0.0076881,-0.00396505,0.00954686
53102,-0.179395,-1.75801,-4.74288
53103,0.0242184,0.02608,0.0678922
53104,-0.00357413,0.00508196,0.0313064
53105,-0.00690626,-0.00690626,0.00135765
53106,-5.58457e-05,-0.0252237,-0.0465568
53107,-0.00372305,-0.00186152,0.0130795
53108,-0.0204768,-0.0107968,0.00253528
53109,-0.00465381,-0.00465381,0.00636117
53110,0.00372305,0.00372305,0.0239008
53111,0.0111691,0.0111691,0.0394916
53112,-0.268879,-2.00587,-5.32789
53113,-0.108639,-1.72993,-4.69154
53114,-0.0074461,0.0733999,0.208639
53115,-0.00483996,0.0133657,0.0571464
53116,2.24868,10.075,25.8214
53117,0.00558457,-0.0364859,-0.0879373
53118,0.385373,6.43417,17.3208
53119,-0.239597,-3.2339,-8.86649
53120,0.0074461,0.0111691,0.0438257
53121,0,0.00372305,0.0282464
53122,-0.00725995,-0.0184291,-0.0282456
53123,-0.0430198,-0.0560505,-0.106213
53124,0.00130307,-0.0247583,-0.0539195
53125,-0.0316459,-0.0126584,-0.000455649
53126,-0.139987,-3.06971,-8.07836
53127,0,0,0.0223012
53128,0.00372305,0.00372305,0.0225151
53129,0.0446021,0.0222452,0.045206
53130,-0.0577073,-1.37042,-3.29812
53131,-0.000558457,-0.00428151,0.00539717
53133,-0.0260986,-0.0242184,-0.0337254
53134,-0.00186152,-0.00372305,0.00785948
53136,0.035369,0.0418843,0.105909
53137,0.000558457,0.00800456,0.0363526
53138,-0.0394643,-0.0539842,-0.102355
53139,0.00372305,0.00372305,0.0239008
53140,0.00186152,0.00930762,0.039081
53141,0.00860025,0.00860025,0.0341128
53142,0,-0.0279229,-0.0623264
53143,-0.00930762,-0.0037789,0.0130691
53144,0.0118765,0.0118765,0.0409727
53145,0,0.00186152,0.0212007
53146,0.0117276,0.000558457,0.00598657
53147,0.0130307,0.0130307,0.0433893
53148,-0.0122116,-0.0177962,-0.0235432
53149,-0.0135891,-0.00914009,0.000527922
53150,0.00422566,0.00794871,0.0344921
53151,0.00930762,0.00930762,0.0355939
53152,0.000223383,0.00953101,0.0401917
53153,-0.000186152,-0.00577073,0.00163598
53154,0,-9.30762e-05,0.0158784
53155,0.00297844,-0.00260613,0.00803333
53156,-0.00387197,-0.00387197,0.0079982
53157,-0.00221521,-0.00966131,-0.00761072
53158,-0.0032949,0.0037789,0.0272009
53159,0.0160091,0.0123047,0.0401321
53160,-0.00930762,-0.0130307,-0.0137811
53161,0.0030529,0.00677595,0.0346272
53162,0,0.0614117,0.17345
53163,0.00984747,-0.00132168,0.00334518
53164,-0.0291143,-0.000912147,0.0305939
53165,-0.0437458,-0.0513781,-0.0946871
53166,0.00186152,-0.00349967,0.00476783
53167,-0.0225245,-0.0411397,-0.0795506
53168,0.00941932,0.0205885,0.0644446
53169,0,0.00202906,0.0217065
53170,0.00372305,-0.0521227,-0.119183
53171,-0.00930762,-0.0111691,-0.00620962
53172,0.0152831,0.0134216,0.0413931
53173,-0.000930762,-0.000930762,0.0141566
53174,0.000930762,0.000930762,0.0180543
53175,-0.00370443,0.00374167,0.0281409
53176,-0.293749,-1.92902,-5.10948
53177,-0.0874917,-0.0874917,-0.168701
53178,-0.367986,-1.96769,-5.10779
53179,-0.234347,-1.67262,-4.4376
53180,-0.0330235,-0.0200486,-0.0168097
53181,-0.000316459,-0.00776256,-0.0056511
53182,0.0948447,-0.0123791,-0.0530603
53183,-0.255141,-1.79849,-4.75665
53184,-0.200226,-1.5411,-4.07718
53185,-0.0106852,-0.0105735,-0.00833511
53186,0.13429,0.8867,2.36088
53187,0.0917732,0.793624,2.12328
53188,0.00165676,0.00361136,0.0282073
53189,0.0269921,0.0269921,0.0726221
53190,-0.0601459,-0.0601273,-0.111727
53191,0.00186152,-0.00186152,0.0104642
53192,0.0483066,0.0533327,0.129999
53193,0.00100522,0.00100522,0.0182102
53194,-0.0359274,-0.0359274,-0.0591202
53195,0.0340659,0.037789,0.0969723
53196,-0.0139614,-0.0139614,-0.0131273
53197,0.0276995,0.0276995,0.0741032
53198,0,0,0.0124676
53199,0.000186152,0.000186152,0.0164952
53200,0.00186152,0.00372305,0.0245438
53201,0.331966,1.80674,4.77751
53202,0.0063478,0.0137939,0.0475595
53203,0.00742748,0.00132168,0.010214
53204,-0.0039092,-0.00204768,0.0130395
53205,-0.00372305,-0.0186152,-0.0280158
53206,-0.0647252,-0.049833,-0.0830918
53207,-0.0293749,-0.0330979,-0.05514
53208,0.0074461,0,0.0135333
53209,-0.70172,-3.78387,-9.88407
53210,0.0431874,0.0376028,0.0950801
53211,0.000558457,0.0154507,0.0587188
53212,-0.0182616,-0.0201045,-0.0277833
53213,-0.0152645,0.0169399,0.069031
53214,-0.00316459,0.000558457,0.0190183
53215,0.0241998,0.0167537,0.0451071
53216,0.00186152,0.00325767,0.0234356
53217,0,0.000930762,0.0184902
53218,0.0167537,0.0167537,0.0482051
53219,-0.00186152,-0.00182429,0.0123096
53221,-0.00189876,-0.00189876,0.0121298
53222,0.0179265,0.0179265,0.0536403
53223,0.00150784,0.0647997,0.192501
53224,-0.00078184,-0.00264337,0.00969891
53225,0.0150411,0.0169026,0.0521396
53226,0.118784,1.77172,4.76701
53227,0.0640178,0.0566276,0.134314
53228,0,-0.00186152,0.0117934
53229,-0.00186152,-0.0130307,-0.0220477
53230,0.0243487,0.0296913,0.0779861
53231,0.0223383,0.0223383,0.0628778
53232,-0.00186152,-0.0039092,0.0071322
53233,0.029803,0.0297844,0.0784622
53234,-0.00846994,-0.015916,-0.019792
53235,0.297323,1.90441,5.03859
53236,-0.014948,-0.00750195,0.00296979
53237,0.00186152,-0.0192854,-0.038255
53238,0.000930762,0.000930762,0.0180543
53239,0.00757641,-0.00359274,0.00335224
53240,-0.0110761,-0.0161394,-0.0217895
53241,-0.000521227,0.00314598,0.0255015
53242,0,-0.00182429,0.0116555
53243,0.0242184,0.00215937,0.0129787
53244,0,-0.00186152,0.0115647
53245,0.271652,1.85233,4.93346
53246,0.401866,3.39825,9.05886
53247,-0.00454212,-0.0194343,-0.0305881
53248,0.00614303,-0.00275506,0.00479577
53249,-0.000204768,-0.0133657,-0.0226175
53250,-0.00186152,-0.00368582,0.0077689
53251,0.00186152,0.00930762,0.0416716
53252,0.00372305,0.00558457,0.0290998
53253,0.0239951,0.0276995,0.072953
53254,0.0190992,0.0209794,0.0602691
53255,0.000167537,-0.0074461,-0.00654769
53256,-7.4461e-05,-7.4461e-05,0.0159495
53257,-0.000614303,0.00124722,0.0199144
53258,-0.0113925,-0.00580796,0.00937922
53259,-9.30762e-05,0.0653023,0.194754
53260,-0.000446766,0.00351828,0.0265359
53261,-0.0638503,-0.0750195,-0.14483
53262,-0.00958685,-0.000279229,0.0188849
53263,-0.00372305,-0.00372305,0.00831002
53264,0.026899,0.0259869,0.0690845
53265,-0.0128445,-0.0128445,-0.0107887
53266,0.00560319,0.00746472,0.0339568
53267,0,1.86152e-05,0.0161574
53268,0.0048772,0.00791148,0.0339952
53269,0.218655,1.76188,4.70286
53270,-0.0759502,-0.0927412,-0.192393
53271,-0.000558457,-0.0154507,-0.025225
53272,-0.15769,-1.81123,-4.82264
53273,-0.00372305,1.73472e-18,0.0226498
53274,0.0111691,0.0111691,0.0394916
53275,0.0241812,0.0224314,0.0624885
53276,-0.0135891,-0.0247583,-0.0398209
53277,-0.00930762,-0.0111691,-0.0106904
53278,-0.00128445,-0.00867471,-0.00460381
53279,0.00930762,0.0186152,0.0592012
53280,0.00930762,0.00930762,0.0355939
53281,-0.0125467,-0.0126398,-0.0104373
53282,0,-0.00556596,0.00144614
53283,0.0148922,-0.0502426,-0.131096
53284,0.00117276,-0.0714267,-0.180154
53286,-0.00137753,-0.00510058,0.00151051
53287,-0.0154507,-0.0173122,-0.0207862
53288,-0.00889809,-0.00889809,-0.00252559
53289,0.00316459,0.00316459,0.0227315
53290,-0.00381613,-0.00753918,-0.00277364
53291,-0.0185222,-0.0185222,-0.0220184
53292,0.0148922,0.0148922,0.047287
53293,0.0108341,0.0126956,0.0433308
53294,-0.00186152,-0.00186152,0.0122077
53295,-0.0313853,-0.0295238,-0.0444108
53296,-0.00981024,-0.0114856,-0.00852211
53297,-0.0111691,-0.0111691,-0.00728078
53299,0.0407674,0.0426289,0.106006
53300,0.0111691,0.0111691,0.0394916
53301,0,0,0.0161054
53302,0,0.00372305,0.0251869
53303,0.000558457,0.00446766,0.026891
53304,-0.0320555,-0.03764,-0.0650926
53305,-0.643957,-3.59552,-9.41673
53306,-0.0242743,-0.00819071,0.00816205
53307,0.0797105,0.10391,0.243452
53308,0.00804179,0.0154879,0.0565549
53309,0.00558457,-0.00372305,-0.00283445
53310,-0.0191737,-0.0191737,-0.0240409
53311,-0.0428895,-0.037305,-0.0654216
53312,0,-0.00558457,0.00179701
53313,-0.31484,-1.68851,-4.39459
53314,0.0733255,0.0658794,0.15456
53315,0,-0.00186152,0.0113493
53316,-0.00752056,-0.00621749,0.00345945
53317,-0.0357413,-0.0392968,-0.070293
53318,0.0173122,0.0173122,0.052354
53319,0.0351828,0.0370443,0.0943127
53320,0.00595688,-0.0591965,-0.157794
53322,-0.00184291,0.000204768,0.0181042
53323,0,0.00186152,0.0208749
53324,0.0130307,0.0130307,0.0431606
53325,0.000949378,0.0102384,0.0440428
53326,0.00186152,0.00186152,0.0200031
53327,-0.00515642,-0.00331351,0.0100238
53328,0.0151156,0.0169771,0.0525242
53329,-0.0108899,-0.015916,-0.0197723
53330,0,0.0186152,0.0683933
53332,-3.72305e-05,-0.000316459,0.0152476
53333,0.00372305,0.00372305,0.0239008
53334,-0.00251306,-0.00251306,0.0108435
53337,-0.00558457,-0.0128445,-0.0132158
53338,-0.00614303,-0.00614303,0.00324301
53339,0,-0.00186152,0.0115647
53340,0,0,0.0161054
53341,0.00822794,0.00822794,0.0333332
53342,0.379081,2.01073,5.27088
53343,0.133229,1.44506,3.89334
53344,-0.0117276,-0.0266198,-0.0498211
53345,-0.00837686,-0.00651534,0.00333524
53346,-0.00186152,-0.0185966,-0.0336325
53347,-0.653768,-3.37416,-8.75367
53348,-0.471003,-3.37954,-8.90417
53349,-0.418787,-3.29419,-8.71419
53350,0.0491443,0.072283,0.187285
53351,0.00558457,0.0130307,0.0456205
53352,-0.00130307,0.0350897,0.114086
53353,-0.00800456,-0.00241998,0.0156785
53354,0.0074461,0.00930762,0.0290511
53355,0,0,0.00991444
53356,0.00997777,0.019304,0.0622766
53357,0,0.0074461,0.0377739
53358,0.0148922,0.0148922,0.047287
53359,0,0,0.0201098
53360,0,-0.00725995,-0.00305158
53361,-0.00554734,-0.0036672,0.0114387
53362,-0.0074461,-0.0164,-0.0232303
53363,0.0166606,0.0241067,0.0700677
53364,-0.0130307,-0.0130307,-0.011608
53365,-0.0495166,-0.0513781,-0.0921141
53366,0.00930762,0.00552873,0.0218135
53367,-0.0145199,-0.0182429,-0.0238356
53368,0.0204768,-0.0755779,-0.174343
53369,-0.29252,-1.92013,-5.04417
53370,0,-0.00234552,0.0114057
53371,0.0130307,0.0117276,0.0408311
53372,-0.012677,-0.00160091,0.0176555
53373,0.00707379,0.00707379,0.0309897
53374,0.054915,0.162139,0.406391
53375,-0.00779979,-0.00407674,0.0074904
53376,0,0.00372305,0.0256444
53378,-0.00074461,0.00837686,0.0367077
53379,0.00372305,0.00186152,0.0197098
53381,0.328615,1.92106,5.07861
53382,0.00372305,-0.00186152,0.00764948
53383,-0.0279229,-0.0558457,-0.116834
53384,0.0396505,0.119696,0.316204
53385,-0.00428151,-0.00241998,0.0116814
53386,0.658663,3.68997,9.67192
53387,-0.0241998,-0.0241998,-0.0368463
53388,0,-0.0122861,-0.0160285
53389,0.00765087,-0.00165676,0.00938284
53390,0.0074461,0.00186152,0.0168093
53391,-0.00558457,-0.00753918,-0.000355441
53392,0.00614303,0.0173122,0.0524205
53393,0.282114,1.75618,4.61653
53394,0.0348105,0.0422566,0.103348
53395,0.0154693,-0.00742748,-0.0184149
53396,0.0182243,0.0126398,0.038252
53397,-0.0564042,-0.0340659,-0.0410515
53398,0.00372305,0.00372305,0.0239008
53399,-0.0171446,-0.0208677,-0.0293313
53400,0.0074461,0,0.0126183
53401,0.00169399,0.00541704,0.0291913
53402,0,0,0.0167637
53403,1.86152e-05,1.86152e-05,0.0161444
53404,0.00167537,0.0100522,0.0411426
53405,0.000372305,0.00409535,0.0264239
53406,-0.0256518,-0.0219288,-0.0295594
53408,-0.315491,-1.71984,-4.46454
53409,5.58457e-05,-0.00925178,-0.00441707
53410,-0.0558457,-0.0409535,-0.0574887
53411,-0.00186152,-0.000372305,0.0149366
53412,-0.0497958,-0.0404696,-0.065178
53413,-0.000558457,-0.0712964,-0.176465
53414,0.0228968,0.0325395,0.0875681
53415,-0.277237,-1.781,-4.6247
53416,-0.0261544,-0.0162883,-0.00806907
53417,0.0173122,0.0135891,0.0428151
53418,0.00664564,0.00664564,0.0300202
53419,0.0204768,0.0223383,0.0635208
53420,0,0.00279229,0.0239486
53421,0.38904,1.92837,4.97912
53422,-0.133546,-1.46366,-3.89768
53423,0.00186152,0.0130307,0.0538011
53424,-0.00372305,-0.00186152,0.0121645
53425,-0.080846,-0.080846,-0.153172
53426,0.0074461,0.0074461,0.0316962
53427,-0.11292,-1.48628,-3.98199
53428,2.40993,5.16867,12.5956
53429,0.20581,3.30542,8.36882
53430,0,-0.00614303,-0.00115188
53431,0.00186152,-0.00340659,0.00503076
53432,0,-0.0130307,-0.0184806
53433,-1.86152e-05,-0.0167723,-0.0309927
53434,0,-0.00930762,-0.0103325
53435,-0.0837686,-0.078184,-0.14142
53436,-0.00299706,0.000725995,0.0193691
53437,0.0340659,0.0396505,0.101153
53438,-0.0074461,-0.00372305,0.0100536
53439,-2.85969,-9.34482,-23.0782
53440,0.0590103,0.0739584,0.178066
53441,0.373701,2.00348,5.25869
53442,-0.412775,-1.99924,-5.20283
53443,-0.312922,-1.98705,-5.22477
53444,0.0402089,0.0513781,0.133046
53445,-0.217128,-1.92675,-5.11069
53446,0.0142593,0.027774,0.0783012
53447,-0.0148922,-0.00930762,0.000251383
53448,0.212419,2.03198,5.43083
53449,-0.193803,-0.210017,-0.424349
53450,-0.245963,-1.94325,-5.14144
53451,-0.100094,-1.77591,-4.78869
53452,0.195255,1.93362,5.20054
53453,-0.230736,-1.88336,-4.99733
53454,-0.00186152,-0.0651534,-0.16243
53455,0.000912147,0.0103873,0.0442613
53456,0,0.0126584,0.0559718
53457,0.0446766,0.0316459,0.0704351
53458,-0.00930762,-0.0637758,-0.162757
53459,-0.000800456,-0.00165676,0.0119693
53460,0.0102384,0.00465381,0.0239206
53461,-0.00379751,-0.014855,-0.0187694
53462,-0.0397622,-0.0302684,-0.0395194
53463,-0.492206,-4.07871,-10.8522
53464,0.000428151,-0.00701795,-0.00631051
53465,0.294084,2.15367,5.73381
53466,0.0074461,-0.00930762,-0.0154912
53467,-0.00930762,-0.00681318,0.00325208
53468,-0.185296,-1.90358,-5.08974
53469,0.00986608,0.00241998,0.0121324
53470,-0.0742935,-0.0754848,-0.144217
53471,0.0340659,0.0273086,0.0668819
53472,0,0,0.0154578
53473,-0.00932624,-0.0074461,0.00694847
53474,-0.728377,-4.3566,-11.4151
53475,-0.00428151,0.0125094,0.0502629
53476,-0.254936,-2.13856,-5.66824
53477,-0.00995916,-0.00035369,0.021919
53478,-0.00241998,-0.00986608,-0.0118054
53479,0.0074461,0.0204768,0.0675714
53480,0.208714,2.18707,5.87591
53481,0.059513,0.0762667,0.182618
53482,0.0897255,0.150002,0.350633
53483,0.146446,1.83517,4.96863
53484,0.23619,2.16091,5.81634
53485,-0.015581,-0.0416423,-0.087976
53486,0.000837686,-0.144268,-0.404437
53487,0.112883,1.63366,4.42469
53488,0.00688764,-0.0110947,-0.0201591
53489,0.00372305,0.00766948,0.0346265
53490,-0.230122,-0.257207,-0.519768
53491,-0.219567,-1.90903,-5.0443
53492,0.00705518,0.00571488,0.0276172
53493,0.325767,2.05974,5.42379
53494,0.0680946,0.138833,0.355772
53495,-0.00430012,-0.0402276,-0.0865232
53496,0.000372305,0.0152645,0.0567436
53497,-0.0572605,-0.0349408,-0.0458445
53498,-0.652409,-4.64823,-12.3143
53499,-0.0404137,-1.10876,-2.97607
53500,0,0.0297844,0.0909956
53501,0.00102384,0.00495166,0.0283316
53502,0.0102198,0.0065898,0.027496
53503,-0.039092,-0.0428151,-0.0742673
53504,0.343638,2.17134,5.75628
53505,0.00556596,0.00558457,0.023045
53506,-0.00372305,8.67362e-19,0.0200206
53507,0.00372305,0.00748333,0.033089
53508,0.139391,1.86769,5.0324
53509,-0.00837686,-0.0325767,-0.0659401
53510,0.00279229,0.00279229,0.021952
53511,0.00558457,0.0074461,0.0331465
53512,0.000558457,0.000558457,0.0166165
53513,0.0693977,0.0768438,0.179803
53514,-0.293414,-1.93556,-5.1102
53515,0,0.0530535,0.167173
53516,-0.101137,-0.216886,-0.484305
53517,0.078184,0.151863,0.360944
53518,-0.00186152,0.0506335,0.15453
53519,0.115936,0.115917,0.256051
53520,-0.00930762,-0.00930762,-0.00338308
53521,-0.230103,-1.77027,-4.72668
53522,0.0074461,0.0632918,0.187403
53523,0,0.00186152,0.0216608
53524,0,0.00188014,0.0211742
53525,-0.111543,-1.7307,-4.69532
53526,0.167761,1.7113,4.65585
53527,-0.0240323,-0.0327815,-0.0612325
53528,-0.00670149,-0.00670149,0.0020737
53529,-0.0039092,-0.24963,-0.708932
53530,-0.000539842,-0.000539842,0.0149751
53531,0.00413259,-0.00145199,0.00814599
53532,-0.0074461,-0.0074461,-0.000389664
53533,0.0134402,0.0153017,0.0487875
53534,0.00521227,-0.00223383,0.00726231
53535,3.72305e-05,3.72305e-05,0.0170424
53536,-0.0373794,-0.0224872,-0.0092637
53537,0.253782,1.89853,5.12143
53538,0.0074461,0.0111691,0.038578
53539,0.0124722,0.0106107,0.0367756
53540,1.86152e-05,1.86152e-05,0.0161444
53542,0,0,0.0161054
53543,0.0245721,0.0240137,0.0659954
53544,0.0453467,0.0527928,0.129216
53545,0.0952728,1.79812,4.83901
53546,0.444495,0.416553,0.866022
53547,-0.00323905,0.00234552,0.0231136
53548,5.58457e-05,0.23405,0.584478
53549,-0.00428151,-0.00800456,-0.00239823
53550,0.00186152,-0.0074461,-0.00396524
53551,0.00558457,0.0111691,0.0421069
53552,-0.00578934,-0.0110016,-0.00925524
53553,0.00428151,0.00428151,0.0250701
53555,-0.00986608,-0.0184291,-0.0254397
53557,0,0.0054915,0.0301416
53558,0.00428151,0.00986608,0.0402376
53559,0.213498,1.97108,5.17599
53560,-0.0074461,0,0.0190158
53561,-0.329788,-2.17888,-5.61858
53562,0.00202906,-0.00914009,-0.00384237
53563,0.000558457,0.00800456,0.0354376
53564,-0.0787425,-0.0917732,-0.180646
53565,0.00930762,0.00930762,0.0355939
53566,-0.676143,-2.19943,-5.56822
53567,0.187698,0.237624,0.531257
53568,0.00372305,0.00930762,0.0407998
53569,-0.035369,-0.0428151,-0.0774749
53570,0.220293,1.82619,4.87471
53571,-0.00309013,-0.0125839,-0.0139236
53572,-0.0688206,-0.0744052,-0.144462
53573,-0.0074461,-0.0372119,-0.0723113
53574,0.0465381,0.118709,0.291823
53575,0.0280532,0.0317762,0.0839252
53576,0,0.00186152,0.0222606
53577,-0.0074461,-0.0130307,-0.0131076
53578,0.00130307,-0.233249,-0.637038
53579,0.0255029,0.0143337,0.040028
53580,-0.0284255,-0.0247024,-0.0338735
53581,0.00910286,0.0128259,0.0448531
53582,0.000893532,-0.000967993,0.0134356
53583,-0.376698,-2.10929,-5.60031
53584,-0.206741,-2.04565,-5.45824
53585,-0.0419215,-0.0539284,-0.104694
53586,0.298886,2.18908,5.81788
53587,0.0392037,0.0298961,0.0718495
53588,-0.00917732,-0.0258566,-0.051614
53589,-0.123214,-0.13066,-0.260046
53590,-0.428895,-4.13285,-11.0129
53591,0.290789,2.22218,5.88129
53592,-0.0209049,-0.0165303,-0.0131397
53593,0.035369,0.0241254,0.0622489
53594,0,-0.0672197,-0.156581
53595,-0.00737164,-0.0241254,-0.0480835
53596,0.318674,2.32473,6.20578
53597,-0.0874917,-0.107968,-0.225151
53598,0.0670149,0.074461,0.174814
53599,-0.00819071,-0.00688764,0.00114219
53600,0.00670149,0.0122861,0.0444455
53601,0.149164,2.12966,5.7665
53602,0.00186152,0.0270852,0.0798157
53603,0,0.00558457,0.0317024
53604,-0.00223383,-0.00409535,0.00688745
53605,0.030529,0.0174239,0.0465477
53606,0,-0.0220405,-0.0374832
53607,0.00119138,-0.0024386,0.00887414
53609,0,1.86152e-05,0.0161531
53610,0,-0.00279229,0.00710336
53611,0.645912,4.46141,11.7851
53612,0.208807,2.03645,5.4121
53613,-0.000558457,-0.0177776,-0.0343473
53614,0.00932624,0.0162139,0.0515845
53615,0.0211097,0.0247397,0.0689278
53616,0.226548,0.226641,0.485243
53617,0.195348,1.7342,4.63941
53618,1.07436,6.89505,18.1619
53619,-0.564843,-3.68565,-9.72369
53620,0.0602017,0.0942676,0.230418
53621,-0.0167537,-0.0297844,-0.0514768
53622,0.0223383,0.0263033,0.0744528
53623,-0.204191,-1.83485,-4.88122
53624,-0.00186152,0.0260613,0.0899589
53625,0.0529418,0.0106479,0.0191326
53626,0.0223383,0.0428151,0.120754
53627,0,0.00186152,0.0215498
53628,0.112492,1.64093,4.45706
53629,-0.0193599,-0.0193785,-0.0284005
53630,0.0301567,-0.211823,-0.596571
53631,0.0117276,0.0228968,0.0700775
53632,0.0111691,0.00558457,0.0251832
53633,-0.0167537,-0.0223383,-0.0355789
53634,-0.000912147,-0.000912147,0.0138335
53635,-0.224537,-2.02971,-5.45979
53636,-0.00785564,0.0200672,0.073674
53637,-0.0374353,-0.0610952,-0.119569
53638,0.0223383,0.0483996,0.131458
53639,-0.0675734,-0.0787425,-0.153038
53640,-0.183397,-1.93103,-5.17921
53641,-0.139819,-1.80594,-4.80788
53642,-0.050075,-0.0508196,-0.0891047
53643,0,0.00374167,0.0236247
53644,-0.122004,-1.84159,-4.99146
53645,-0.026806,-0.0078184,0.00772683
53646,0.00428151,0.000558457,0.0155312
53647,0.131945,1.83954,5.01297
53648,0.0322602,0.0583216,0.150292
53649,0,-0.0111691,-0.0163973
53650,0.00372305,0.0111878,0.0456227
53651,-0.00558457,-0.00778117,-0.00109104
53652,-0.446059,-3.95131,-10.6078
53653,0.0558457,0.0846808,0.205269
53654,-0.00465381,0.00575211,0.0318246
53655,-0.244791,-1.72642,-4.5591
53656,-7.4461e-05,0.00364859,0.0273102
53657,0,0.0195646,0.0598085
53658,0,0.0111878,0.045614
53659,1.86152e-05,0.00331351,0.0252379
53660,0.036821,0.0179637,0.0429334
53661,-0.00502612,0.000651534,0.0220714
53662,0.0206815,0.0151156,0.0432085
53664,-0.0135891,-0.0117276,-0.0024862
53665,-0.00577073,-0.00577073,0.00402255
53666,0.0115415,0.0115415,0.0402712
53667,-0.0465381,-0.00967993,0.00944979
53668,0.0101453,-0.00437458,-0.0024179
53669,0,-0.0106107,-0.0129777
53670,0.0117276,0.000558457,0.00977563
53671,-0.00558457,-0.000688764,0.0189836
53672,0.00372305,-0.0241998,-0.0476412
53673,-1.86152e-05,0.00742748,0.0341808
53674,-0.041512,-0.041512,-0.0708133
53675,0,-0.00303429,0.00824655
53676,0.0111691,0.0167537,0.0538
53677,0.036337,0.0362439,0.0919286
53678,-0.0141476,-0.256146,-0.650877
53679,0.00930762,0.00930762,0.0355939
53680,-0.263052,-1.92027,-5.09704
53681,-0.00111691,0.00316459,0.0256242
53682,-0.00372305,-0.00930762,-0.00788178
53683,-0.00746472,-0.0074461,1.56272e-05
53684,0.00737164,0.00737164,0.0311783
53685,0,0.00186152,0.0213044
53686,0.0116531,0.00800456,0.0273091
53687,0.0167537,0.0186152,0.0565327
53688,0,-0.00186152,0.0289242
53689,0.00727856,0.00169399,0.0153015
53690,-0.0074461,-0.00753918,0.000287584
53691,0.0015823,0.0015823,0.0194185
53692,-0.00139614,0.000465381,0.0183811
53693,0.00186152,0.0111691,0.0460847
53694,-0.00372305,-0.0054915,0.00400777
53695,0.122898,0.180884,0.406052
53696,-0.0111691,-0.0124722,-0.0104593
53697,0,-0.00167537,0.0114263
53698,0,-0.0125839,-0.0190211
53699,-0.293395,-2.07005,-5.5082
53700,0.0127887,0.0220963,0.0703391
53701,-0.00389059,0.00251306,0.0258508
53702,0,0.00372305,0.0269542
53703,0.0104804,0.0142221,0.0487908
53705,0.0129004,0.00917732,0.0294409
53706,-7.4461e-05,-0.00186152,0.0113617
53707,-0.00335074,-0.0106107,-0.00987153
53708,-0.32761,-2.15012,-5.64881
53709,0.0271783,0.0364859,0.100756
53710,-0.00372305,0.00186152,0.022113
53711,-0.00372305,0,-0.0268866
53712,0,0.00376028,0.0263978
53713,-0.00932624,-0.0130307,-0.0143253
53714,0.0696024,0.0850531,0.209102
53715,-0.0535933,-0.064204,-0.127052
53716,-0.0185408,-0.0147433,0.076916
53717,0,0,0.0154174
53718,0.0158788,0.0158788,0.0493528
53719,0.0148922,0.0223383,0.0686789
53720,-0.067108,-0.0596619,-0.10174
53721,0,-0.0111691,-0.0130239
53722,0.0297844,0.039092,0.105866
53723,0,0.00372305,0.0262731
53724,-0.00372305,-0.00372305,0.007109
53725,0.00560319,0.00374167,0.0223931
53726,0.0247583,0.0340659,0.0907974
53727,0.00558457,0.0130307,0.0491904
53728,0,0.0251306,0.0862918
53729,0,-0.00372305,0.00540948
53730,-0.00930762,-0.0279229,-0.0506005
53731,0.412868,2.28707,5.95713
53732,-0.103557,-0.131498,-0.27682
53733,0.00874917,0.0111878,0.0383388
53734,-0.00372305,-0.0148922,-0.0243563
53735,-0.0111691,0.234552,0.592095
53736,0.00241998,-0.0251306,-0.0584272
53737,0.354453,1.88878,4.92815
53738,-0.00234552,0.00694349,0.036511
53739,0.00186152,-0.0241998,-0.0526248
53740,-0.0490884,0.00286675,0.0475468
53741,0.0465381,0.0335074,0.0815341
53742,-0.0111691,-0.0241998,-0.0437351
53743,0,-0.00372305,0.00702397
53744,0.00558457,0.0148922,0.0511604
53745,0,9.30762e-05,0.0163728
53746,0.111673,1.59428,4.33095
53747,0.0111691,-0.0222638,-0.0541185
53748,-0.00558457,-0.00372305,0.00918179
53749,0.000930762,0.00279229,0.022595
53750,0.00111691,-0.0179079,-0.0281909
53751,0,0,0.0161054
53752,0,-0.00372305,0.00621673
53753,0,0,0.0159129
53754,-0.0225058,-0.0262289,-0.0404613
53755,-0.00186152,0.00372305,0.0285822
53756,0.00986608,0.00995916,0.0370381
53757,0.0229712,0.0341404,0.0893592
53758,-0.00921455,-0.0054915,0.00678026
53759,-0.0152831,-0.0134216,-0.0106957
53760,0.00614303,0.00241998,0.01854
53761,0.00480273,0.00480273,0.0261615
53762,-0.00558457,-0.00558457,0.00441232
53763,0.000577073,0.0098847,0.0445356
53764,-0.00660841,0.00456074,0.0336413
53765,0.00428151,0.000372305,0.0134046
53766,0.00874917,0.0180568,0.0571282
53767,-0.0305849,-0.0436155,-0.0798439
53768,0.0223569,1.86152e-05,0.00568315
53769,-0.00372305,-0.00186152,0.013658
53770,-0.0126584,-0.0145199,-0.0149397
53771,0.00986608,0.00986608,0.0367632
53773,0.0238275,0.0230829,0.0629978
53774,-0.00670149,-0.0019546,0.0132459
53775,0.0206443,0.0206443,0.0593309
53776,-0.00186152,0,0.0167484
53777,-0.000558457,-0.000465381,0.0151746
53778,-0.000372305,-0.000372305,0.0153259
53779,0.000930762,-0.0241998,-0.0525344
53780,-0.00428151,-0.00428151,0.00714071
53781,-0.0325767,-0.0204768,-0.0157663
53782,0.0074461,0.00727856,0.031267
53783,9.30762e-05,-0.0054915,0.00164214
53784,0.00614303,0.0117276,0.0409755
53785,-0.000558457,-0.0078184,-0.00270689
53786,0.00986608,0.0154507,0.0497271
53787,0,-0.0111691,-0.0127534
53788,0.0417912,0.0455143,0.112461
53789,-0.00558457,0.0111691,0.0523951
53790,-0.0186152,-0.0297844,-0.0521801
53791,-0.0167537,-0.0074461,0.00372974
53792,0.0251306,0.0251306,0.0687244
53793,-0.0363184,-0.0363184,-0.0599387
53794,0.0184291,0.0126584,0.0389033
53795,-0.0333213,-0.0277367,-0.0357976
53796,-0.000558457,-0.00986608,-0.00857476
53797,-0.392149,-1.91354,-4.98898
53798,-0.00595688,-0.013403,-0.0161446
53799,0.00186152,0.0260613,0.088029
53800,-0.30153,-1.91383,-5.00969
53801,0.0148922,0.0260613,0.0792803
53802,0.0123047,0.0143524,0.0406373
53803,0.00370443,4.33681e-19,0.0132136
53804,0.0148922,0.0241998,0.0743726
53805,-0.00376028,-0.00372305,0.00832745
53806,0.0986608,0.0986608,0.222683
53807,0.00465381,-0.000930762,0.00873862
53808,0,-0.00186152,0.0113359
53809,0.0175728,0.0212958,0.0619811
53810,0.221968,1.8091,4.80886
53811,-0.00241998,0.00130307,0.0195971
53812,0.0316459,0.0372305,0.0978184
53813,0.0376959,0.0637386,0.170639
53814,-0.0074461,-0.0148922,-0.0194556
53815,0.00186152,0.0111691,0.0461471
53816,-0.0223383,-0.054915,-0.122918
53817,0,0,0.0161054
53818,0.00564042,0.00564042,0.0277944
53819,-0.0502612,-0.0558457,-0.103212
53820,0.0340659,0.0396505,0.101513
53821,-0.0039092,-0.00204768,0.0126897
53822,0.00039092,0.00409535,0.0272675
53823,-0.477816,-2.15734,-5.56827
53824,0.0204768,0.0428151,0.119098
53825,-0.00186152,0.00186152,0.0208563
53826,-0.0967993,-0.102384,-0.202715
53827,0.00372305,0.00932624,0.0399937
53828,0,-0.0632918,-0.145599
53830,0.103147,0.121762,0.277484
53831,0.510188,2.22501,5.76831
53832,0.000372305,0.00967993,0.0409611
53833,0,-0.00930762,-0.0065982
53834,-0.0111691,-0.00930762,-0.00228256
53835,5.58457e-05,0.00191737,0.0207631
53836,-0.131275,-0.166644,-0.352503
53837,0.0843457,0.0380868,0.0768382
53838,-0.00558457,0.0186152,0.0747431
53839,0.0111691,0.0241998,0.0720839
53840,-0.0316459,-0.0316459,-0.0501555
53841,-0.0173122,-0.0173122,-0.0199144
53842,-0.00556596,-0.00742748,-0.000747692
53843,0.00558457,0.00763225,0.032874
53844,0,-0.00186152,0.0113359
53845,0.0154693,0.0117462,0.0376065
53846,-0.00930762,-0.00930762,-0.00338308
53847,0.00930762,0.00930762,0.0355939
53848,-0.00930762,-0.0074461,0.00138639
53849,0.274445,1.99384,5.24325
53850,0.00186152,-0.022208,-0.0500324
53852,0.0343638,0.0250561,0.0637388
53853,0.00502612,0.00874917,0.0357107
53854,0.0398925,0.00452351,0.010068
53855,-0.325078,-1.89931,-4.97344
53856,0.474801,2.00961,5.22669
53857,-0.014129,-0.0761178,-0.19551
53858,0.0266198,0.0359274,0.0947749
53859,-0.0167537,-0.0316459,-0.0622722
53861,0.0188014,0.0765087,0.195807
53862,-0.000186152,-0.00351828,0.00506653
53863,-0.653935,-2.30837,-5.87502
53864,0.0372305,0.0577073,0.146531
53865,0.0074461,-0.0578003,-0.148521
53866,0.0626775,0.0896697,0.221412
53867,0.00614303,0.00614303,0.0289678
53868,-0.000558457,0.0050075,0.0297686
53869,0.00372305,0.00372305,0.0239008
53870,0.0204582,-0.029803,-0.0709783
53871,0.0760991,0.0779607,0.180213
53872,0.0139614,0.0176845,0.0544196
53873,0,-0.00186152,0.0107574
53874,-0.00510058,-0.00510058,0.00542572
53875,0.00558457,0.00564042,0.0279609
53876,-0.0228968,-0.0228968,-0.0318363
53877,-0.522586,-2.27609,-5.90326
53878,0.0111691,0.0321858,0.095309
53879,0.324296,0.329881,0.707589
53880,0.158918,1.92906,5.22879
53881,0.0104245,-0.00632918,-0.0108215
53882,-0.0372305,-0.0372305,-0.0618486
53883,-0.00686903,-0.00873055,-0.00304656
53884,0.00856301,0.00856301,0.0340348
53886,-0.00186152,-0.00186152,0.0122077
53887,-0.037789,-0.037789,-0.0630179
53888,0.00186152,0,0.0146551
53889,0,0,0.0161054
53891,-0.00186152,-0.00186152,0.0122077
53892,0.00372305,0.00372305,0.0239008
53893,0.0359274,0.0359274,0.091331
53894,0.00558457,0.00930762,0.0373375
53895,0.0130307,0.0130307,0.0441966
53896,0.00932624,0.0111878,0.0404024
53897,-0.00930762,-0.0115415,-0.00910644
53898,0.381352,2.15875,5.66242
53899,0.0241998,-0.0214448,-0.0556374
53900,0.576291,3.84183,10.1312
53901,0.100169,1.74084,4.69369
53902,0.0111878,-0.00295982,0.00143185
53903,0.0689881,-0.00545427,-0.0539728
53904,0.0228968,0.0074461,0.020493
53905,0.00372305,-0.0167537,-0.0350427
53906,0.011225,0.0111691,0.0394526
53907,0.00558457,0.00372305,0.0223814
53908,-0.0258566,-0.0279415,-0.0421931
53909,0.079785,0.0897069,0.208482
53910,0.0801759,1.69034,4.56773
53911,0,-1.86152e-05,0.0154019
53912,0.00558457,-0.00372305,0.00547142
53913,0.0484183,0.0502612,0.12198
53914,0.0335074,-0.0074461,-0.0136319
53915,0,-0.0594199,-0.146526
53916,0.204619,1.86944,4.96656
53917,0,-0.0074461,-0.00621461
53918,-0.241254,-1.9985,-5.26868
53919,0.00945655,0.082056,0.219776
53920,0.0130307,0.0139614,0.0459369
53921,0.0074461,0.0074461,0.0316962
53922,-0.0135891,-0.0135891,-0.0123478
53923,-0.00186152,-0.00186152,0.0122077
53924,-0.00372305,-0.0111691,-0.0133584
53925,0.0433735,0.0545427,0.134973
53926,0.00126584,-0.000595688,0.0136606
53927,-0.0529418,-0.00396505,0.0263034
53928,-0.00316459,-0.0212214,-0.0399623
53929,0.289318,1.86292,4.9289
53930,1.86152e-05,-0.0111691,-0.0157655
53931,0.0074461,0.0595688,0.187754
53932,-0.0074461,-0.0130307,-0.0166131
53933,0.0157299,0.0304545,0.0849375
53934,-0.0204768,-0.0204768,-0.0267693
53935,0.00241998,0.00241998,0.0211724
53936,0,-0.0074461,-0.00205748
53937,0.00186152,0,0.0145587
53938,-0.00485858,-0.073735,-0.195338
53939,-0.0111691,-0.0148922,-0.0163622
53940,0.0117276,0.0117276,0.0406609
53941,-0.00997777,-0.0197135,-0.0309623
53942,0.00800456,0.00800456,0.0328655
53943,0,0.00372305,0.0251869
53944,0.00186152,-0.00186152,0.0109217
53945,-0.0334888,-0.00210352,0.0251921
53946,-0.0403765,-0.0385336,-0.0639427
53947,0.00186152,-0.00930762,-0.0133759
53948,-0.289653,-1.92366,-5.08244
53949,0,0.0130307,0.0540252
53950,0.0135891,0.0135891,0.0445586
53951,0.243729,1.85555,4.96301
53952,-0.0340659,-0.0470966,-0.0940459
53953,0.0340659,0.0340659,0.0874333
53954,0.0176845,0.019546,0.0576743
53955,-0.371281,-1.94648,-5.09368
53956,0.039576,0.0526067,0.134043
53957,-0.0148922,-0.0331351,-0.0675656
53958,0.00186152,0.00186152,0.0200031
53960,0,0,0.0161054
53961,-0.00651534,-0.0102384,-0.00661798
53962,0.0708124,0.08012,0.187981
53963,-0.00856301,-0.0141476,-0.0154462
53964,0.274091,1.9984,5.3291
53965,-0.0276064,-0.0443601,-0.0890122
53966,-0.0362997,-0.0437458,-0.080463
53967,0.0305476,-0.0309572,-0.0693112
53968,-0.0223197,-0.0260427,-0.0397094
53969,0.0154507,0.0191737,0.0576175
53970,0.0112995,0.00418843,0.0224189
53971,-0.00618026,-0.0117648,-0.00964987
53972,-0.164075,-0.139689,-0.262258
53973,0.00556596,-1.86152e-05,0.0153904
53974,0.00130307,0.00316459,0.0233745
53975,0.0174983,0.0119138,0.0373143
53976,0.0219846,0.0219846,0.0581693
53977,0.0346616,0.0365231,0.0932213
53978,-0.00954962,-0.00954962,-0.00388978
53979,0.0320555,0.0338984,0.0877191
53980,0.0197322,0.0197322,0.057421
53981,-0.015823,-0.0162883,-0.018362
53982,0.00558457,0.00372305,0.0232578
53983,-0.0455329,-0.0454398,-0.0789724
53984,0.0290398,0.0346244,0.0905317
53985,-0.0154507,-0.0191737,-0.0253269
53986,0.0117276,0.0135891,0.0452016
53987,-0.00241998,-0.000558457,0.0155791
53988,0.0517876,0.0517876,0.124539
53989,0,0.00186152,0.0208749
53990,-0.00372305,-0.00558457,0.00311103
53991,-0.00930762,-0.0074461,0.00194078
53992,0.00372305,-0.00558457,-0.00283902
53993,-0.00372305,-0.00186152,0.013658
53994,0.00688764,0.0180568,0.0626147
53995,-0.0479157,-0.0488464,-0.0858335
53996,0.018336,0.018336,0.0544978
53997,-0.00614303,-0.00614303,0.00324301
53998,-0.0204768,-0.0335074,-0.0593616
53999,0.0199183,0.0292259,0.0805144
54000,-0.437645,-2.12733,-5.56204
54001,0.0130307,0.0223383,0.0859215
54002,-0.608756,-4.20662,-11.0726
54003,0.00241998,0.0415306,0.121167
54004,0.0351828,0.0519365,0.138111
54005,0.012435,0.0291887,0.0861544
54006,-0.00260613,-0.00632918,0.00237443
54007,-0.40639,-2.13554,-5.59556
54008,0,0.033675,0.109695
54009,-0.0760061,-0.11696,-0.240769
54010,0.00820933,0.0063478,0.0256669
54011,-0.0228968,-0.0173122,-0.0182141
54012,-0.0869518,-0.075429,-0.130018
54013,-0.0303615,-0.037789,-0.0721758
54014,-0.00418843,-0.00791148,-0.00275454
54015,0,0.00372305,0.0251869
54016,-0.59068,-3.94651,-10.4035
54017,-0.14613,-1.85013,-4.97304
54018,0.0191737,0.0398552,0.11073
54019,0.192221,1.96912,5.3007
54020,0.0130307,0.0204768,0.063805
54021,-0.0074461,6.93889e-18,0.0253595
54022,-0.55937,-2.13653,-5.48691
54023,0.0465195,0.0409535,0.0970131
54024,0.0396505,0.0601086,0.153299
54025,0.00558457,-0.0131238,-0.0215356
54026,0.52374,2.2622,5.86319
54027,0.368936,2.05399,5.38633
54028,0.0154507,0.00800456,0.0279518
54029,0,-0.0149108,-0.0253191
54030,0.00904701,-0.0650045,-0.173408
54031,0.0223383,0.00186152,0.00704009
54032,-0.00558457,-0.00372305,0.00893349
54033,0.0602576,-0.0738467,-0.25084
54034,-0.000558457,0.00130307,0.0245277
54035,-0.0595874,-0.0633105,-0.117741
54036,-0.00241998,-0.00241998,0.0110384
54037,0,-0.000186152,0.0155855
54038,-0.341571,-2.09407,-5.48991
54039,-0.0409535,-0.0427965,-0.0759693
54040,-0.00186152,0.0130307,0.0546682
54041,-0.139019,-1.84773,-4.94206
54042,0.0272527,0.045868,0.123943
54043,0,0,-0.0234328
54044,-0.145627,-0.149909,-0.304407
54045,0.0372305,0.0428337,0.10841
54046,-0.0159347,-0.0110947,-0.00537653
54047,-0.00137753,-0.00510058,0.00368218
54048,-0.0169213,-0.0225058,-0.0336331
54049,-0.341776,-2.1859,-5.73471
54050,-0.346951,-2.11419,-5.52769
54051,-0.0148922,-0.0278298,-0.0457594
54052,0.300655,2.22424,5.86562
54053,-0.00629195,-0.0096427,-0.0104459
54054,0.00167537,0.00539842,0.0291523
54055,0.00424428,0.00424428,0.0224016
54056,-0.221037,-2.1566,-5.68351
54057,-0.00930762,0.00186152,0.0299095
54058,-0.00430012,-0.00558457,0.00278266
54059,-0.0912147,-0.0335074,-0.0358656
54060,0.0074461,0.0074461,0.0316962
54061,-0.031497,-0.031497,-0.0487385
54062,0.0167537,0.0223383,0.0654931
54063,0.0558457,0.0521227,0.120518
54065,0.00766948,0.0113925,0.0200789
54066,-0.606224,-2.40894,-6.19696
54067,-0.0767134,-0.0245907,0.00535967
54068,0.0396319,0.0564042,0.141767
54069,-0.0266198,-0.0227665,-0.0290845
54070,0.0111691,0.0130307,0.0410527
54071,0.00186152,0.00204768,0.0205126
54072,-0.0226175,-0.0133099,-0.00831926
54073,-0.0316273,-0.0316273,-0.0501165
54074,-0.00372305,-0.00558457,0.00376929
54075,0.158527,0.129097,0.277063
54076,0.0268246,0.0268246,0.0901855
54077,0.00727856,-0.00761364,-0.0128679
54078,0.00930762,0.00930762,0.0355939
54079,-0.0111691,-0.0111133,-0.00712481
54080,0.00186152,0.00223383,0.0226958
54081,-0.014948,-0.014948,-0.0143859
54082,-0.0447324,-0.0261172,-0.0234124
54083,0.00932624,0.00932624,0.0356329
54084,-0.45531,-2.3651,-6.15075
54085,0.0531093,0.056125,0.132525
54086,-0.204563,-1.938,-5.15565
54087,-0.100169,-0.0829868,-0.140235
54088,-0.0347547,-0.0418471,-0.0724979
54089,0.0125839,0.00699933,0.0290258
54090,-0.0167537,-0.0167537,-0.0189739
54091,-0.0547847,-0.0639992,-0.125462
54092,-0.0037789,0.0074461,0.0378593
54093,0.00178706,0.00364859,0.0251952
54094,0,0.00186152,0.0206461
54095,-0.0509686,-0.0788914,-0.158724
54096,-0.271131,-2.20328,-5.79016
54097,-0.0059755,0.00819071,0.0439153
54098,-0.00813486,-0.000856301,0.0191865
54099,0.0129748,0.018578,0.0580546
54100,0.0347547,0.0777745,0.198869
54101,0.0431874,0.0655257,0.161021
54102,-0.028109,-0.016884,-0.0139968
54103,-0.0135519,-0.0132727,-0.0115887
54104,-0.0184849,-0.0110388,-0.00418646
54105,0.389729,2.26397,5.93989
54106,0.712555,4.13869,10.8417
54107,0.00558457,0.00688764,0.0291026
54108,0.229973,1.90002,5.04655
54109,0.0638503,-0.0260613,-0.102103
54110,-0.00241998,0.00132168,0.0192189
54111,0,-0.00930762,-0.0101577
54112,0.127608,0.102589,0.215844
54113,-0.0910286,-0.105921,-0.211275
54114,0.0148922,0.0111319,0.0377276
54115,-0.0130307,-0.0130307,-0.0111785
54116,0.0036672,0.0129748,0.0499278
54118,0.20568,1.89535,5.07715
54119,0,-0.00930762,-0.0144857
54120,0.0253167,-0.0229898,-0.0728483
54121,0.0308827,0.0433549,0.112968
54122,0.019546,-0.00558457,-0.00333298
54123,-0.074461,0.0483996,0.173802
54124,-7.4461e-05,-0.00189876,0.0108296
54125,1.86152e-05,-0.00184291,0.0107964
54126,0.0124536,0.0115228,0.0393199
54127,-0.000130307,0.0985491,0.268662
54128,-0.00986608,-0.000558457,0.0225332
54129,0,-0.000372305,0.0150656
54130,0.00435597,0.00249444,0.0206853
54131,-0.00186152,-0.100541,-0.240622
54132,-0.00107968,0.00264337,0.0235845
54133,0.475936,3.37308,8.94452
54134,0.190304,1.44741,3.84833
54135,-0.0912147,-0.105493,-0.214233
54136,5.58457e-05,0.011225,0.0451238
54137,0.000558457,-0.0160277,-0.0304461
54138,0,-0.010983,-0.00873038
54139,0,-0.00707379,-0.00447661
54140,0.00374167,0.0149108,0.0536962
54141,-0.0707379,-0.0712592,-0.133463
54144,0.0074461,-0.0968179,-0.237177
54145,-0.351195,-2.1565,-5.64052
54146,0.00370443,0.0167723,0.0631677
54147,-0.00800456,-0.0117276,-0.0101936
54148,-0.0409535,0.124536,0.333503
54149,0.0712592,0.0746285,0.173632
54150,-0.0386453,-0.0511919,-0.0925809
54151,-0.000186152,0.00351828,0.0284628
54152,0.00279229,0.00279229,0.021952
54153,-0.145627,-0.147396,-0.29426
54154,0.0830612,0.103538,0.240655
54155,-0.0148922,-0.014371,-0.0135517
54156,0.0266384,0.129041,0.365117
54157,-0.00986608,-0.0098847,-0.0045978
54158,-0.0286861,-0.033675,-0.0574014
54159,0.00930762,0.00188014,0.0166692
54160,-0.0564787,-0.056851,-0.10324
54161,-0.0074461,-0.00742748,0.000560027
54162,0.0346244,0.047655,0.122655
54163,-0.00372305,-0.00372305,0.00831002
54164,0.0444346,0.0553245,0.136944
54165,0.00188014,0.00932624,0.0397008
54166,0.0765831,0.0803062,0.185767
54168,-0.0113553,-0.0206629,-0.0303742
54169,0.00949378,0.0132168,0.0446076
54170,0,-0.00372305,0.00702397
54171,0,0.00558457,0.0297276
54172,-0.00316459,-0.0122861,-0.0127044
54173,0,0.0074461,0.0342683
54174,-0.0074461,-0.0148922,-0.0176483
54175,0.000279229,0.00400228,0.0240259
54176,0.0050075,0.0106107,0.0402659
54177,-0.30663,-1.88196,-4.964
54178,0.0346057,0.0959988,0.2509
54179,-0.0210352,-0.00174983,0.0161812
54180,-0.0521599,-0.0521227,-0.0922101
54181,-0.00819071,-0.00355551,0.0106311
54182,-0.279452,-1.93988,-5.12751
54183,0.00184291,0.00374167,0.0290902
54184,0.918551,5.85621,15.4805
54185,0.00670149,-0.0063478,-0.00757882
54186,0.0618212,-0.00551011,-0.0436585
54187,0.00912147,0.017852,0.0533102
54188,-0.0173122,-0.0247583,-0.0383061
54189,-0.0335074,-0.0599411,-0.123271
54190,0.0241626,0.0427778,0.11561
54191,0,1.86152e-05,0.0161508
54192,0.00932624,0.0130307,0.0454681
54193,-0.0104245,-0.0197322,-0.029329
54194,0.00558457,0.0130679,0.0460568
54195,0.0111319,0.0120627,0.0424567
54196,-0.0074461,3.72305e-05,0.0222914
54197,0.0303429,0.0172936,0.0418721
54199,0.694982,3.77685,9.90831
54200,0.147191,1.76288,4.7464
54201,-0.128445,-0.150802,-0.316387
54202,0.00934486,-0.0148736,-0.0311881
54203,0.0103873,-0.00039092,0.00735969
54204,0.0154693,0.0204954,0.0610464
54205,0.0130865,0.0307152,0.0852359
54206,-0.0155251,-0.0155251,-0.0157152
54207,-0.994762,-6.25245,-16.4408
54208,0.0121558,0.0263033,0.0757546
54209,0.0396505,0.0508196,0.127118
54210,-0.00800456,0.133471,0.405747
54211,0.0074461,0.00779979,0.0327306
54212,-0.00930762,-0.00186152,0.0191053
54213,-0.0013403,0.00238275,0.0232955
54214,0.00210352,0.00954962,0.0391302
54215,-0.00167537,-0.00912147,-0.00556541
54216,1.86152e-05,-0.00928901,-0.00746289
54217,-0.000949378,0.0102198,0.0409044
54218,-9.30762e-05,-0.00753918,-0.00225236
54219,-0.34293,-1.97754,-5.19537
54220,-1.86152e-05,-0.0316459,-0.070183
54221,0.0074461,0.00558457,0.0238721
54222,-0.00763225,-0.0039092,0.00943504
54223,0.00174983,0.021966,0.0741469
54224,0.00186152,-0.0915684,-0.248383
54225,0.0167537,0.0167537,0.0511847
54226,-0.00932624,-0.00690626,0.00292044
54227,-0.506316,-2.2657,-5.8616
54228,0.0170143,-0.0493304,-0.144905
54229,0.0173122,0.0418657,0.111261
54230,0.026564,0.0209794,0.0544247
54231,-0.0470966,-0.0595688,-0.1191
54232,-0.00143337,0.00228968,0.0226431
54233,0.156554,0.188442,0.427981
54234,-0.00372305,-0.0185966,-0.0336862
54235,0.00182429,0.0325395,0.1062
54236,0,0.00186152,0.0214534
54237,0.00288536,0.00660841,0.0316858
54238,0,-0.0251306,-0.0544833
54239,-0.259776,-2.1646,-5.75597
54240,-0.0249444,-0.0264337,-0.0408443
54241,0.0179079,0.0203279,0.0613368
54242,-0.00372305,-0.00188014,0.00266955
54243,0,0.00186152,0.0201407
54244,0,-1.86152e-05,0.016051
54245,-0.019546,-0.0189876,-0.0232607
54246,-0.0167537,-0.0186152,-0.0237433
54247,0.000967993,-0.0211842,-0.0421048
54248,-0.147693,-2.06032,-5.5481
54249,0.365604,2.27912,6.03904
54250,-0.00201045,-0.0113181,-0.0169697
54251,0,0,0.0450303
54252,0.00556596,0.00556596,0.0277595
54253,-0.00595688,-0.00258752,0.0122036
54254,-9.30762e-05,-9.30762e-05,0.0159105
54255,3.72305e-05,3.72305e-05,0.0161834
54256,0.00333213,-0.0101081,-0.013953
54257,0.00482135,0.00482135,0.0262005
54258,-0.0670149,-0.0688764,-0.117183
54259,-0.00707379,0.013403,0.0519004
54260,0.00631057,0.00631057,0.0293186
54261,-0.00376028,-0.0545055,-0.136744
54262,0.0372305,0.0372305,0.0934809
54263,-0.0341031,-0.0341031,-0.0553004
54264,-0.0297844,-0.0297844,-0.0462578
54265,0.0111691,0.00558457,0.0265277
54267,0.0269735,0.0325581,0.0859765
54268,-0.00294121,-0.00294121,0.00994705
54269,0.0035369,0.0035369,0.023511
54270,0,-0.0074461,-0.00206493
54271,-0.0128818,-0.0128818,-0.0108667
54272,0.00930762,0.00186152,0.017431
54273,-0.00186152,0.00372305,0.0251716
54274,0.00962408,0.000297844,0.0126038
54275,0.0102198,0.00833963,0.0329177
54276,-0.00372305,0,0.0176202
54277,0.00554734,0.0111319,0.0413427
54278,-0.00465381,-0.00651534,0.00182045
54279,-0.00595688,-0.00967993,-0.00547639
54280,-0.00186152,0.00372305,0.0258299
54281,-0.0156368,-0.0230829,-0.0359072
54282,0.0074461,-0.0428151,-0.0909033
54283,-0.0316459,-0.0372305,-0.0642351
54284,0.0204768,0.0241998,0.0682903
54285,-0.00372305,-0.00372305,0.00831002
54286,0.00798594,0.00798594,0.0328265
54288,-0.00558457,-0.00558457,0.00441232
54289,0.0329304,0.0366534,0.0941372
54290,0.276809,2.32774,6.20323
54291,0.230364,2.13932,5.71978
54292,0.0650045,0.0995357,0.235987
54293,0.0173122,-0.0124536,-0.0291171
54294,-0.0148922,-0.0186152,-0.0319059
54295,0.0241626,0.0315715,0.087994
54296,0.379695,2.18921,5.7823
54297,0.00186152,-0.00746472,-0.00865189
54298,0.00186152,0.00930762,0.0394453
54299,0.0241998,0.0279229,0.075857
54300,0.0307152,0.0414562,0.108259
54301,-0.0707193,-0.0701609,-0.12773
54302,1.86152e-05,1.86152e-05,0.0161444
54303,-0.0130307,-0.0111691,-0.00640901
54304,0.0054915,0.00921455,0.0380708
54305,-0.00368582,-0.00930762,-0.00818293
54306,-0.00372305,-0.0217798,-0.0395474
54307,0,0.0130307,0.0516393
54308,-0.0260613,-0.0204768,-0.0235755
54309,0.0439878,0.0609463,0.15239
54310,0.0024386,0.0917732,0.239121
54311,0.000595688,0.000502612,0.0170979
54312,-0.0270107,-0.0400414,-0.0740455
54313,0.0191551,0.0191923,0.056088
54314,-0.0322044,-0.032223,-0.0513768
54315,-0.00275506,-0.00461658,0.0057961
54316,-0.0037789,-0.0037789,0.00819309
54317,-0.378169,-2.19988,-5.80795
54318,0.0344382,0.0474875,0.126178
54319,0.067592,0.0694349,0.161669
54320,-0.106684,-0.110388,-0.216299
54321,0.0112995,0.0112995,0.0397645
54322,-0.0402462,-0.0383846,-0.0628149
54323,0.0204023,0.0148177,0.045202
54324,-0.0502612,-0.0502612,-0.0891325
54325,-0.0111691,-0.00370443,0.0136798
54326,0.0265826,0.0210352,0.055604
54327,-0.0266198,-0.0266198,-0.0396317
54328,0.00186152,0.00186152,0.0200031
54329,-0.0111878,-0.0111878,-0.00731976
54330,-0.0292073,-0.0310502,-0.0500023
54331,0.0657118,0.0675734,0.158692
54332,0.0223569,0.0167723,0.0472304
54333,0.00184291,0.00556596,0.0290456
54334,0.0167723,0.0186152,0.055719
54335,-0.0260613,-0.0260613,-0.0384624
54336,-0.0297844,-0.0297844,-0.0462578
54337,0.0285372,0.0285372,0.0758571
54338,-0.00800456,-0.00986608,-0.00600266
54339,-0.0204768,-0.0204582,-0.0267239
54341,-0.0148922,-0.0074461,0.0040017
54342,0.0074461,0.0074461,0.0316962
54343,-0.442019,-2.3628,-6.15861
54344,0.00558457,0.0117648,0.0412065
54345,-0.00372305,-0.0472827,-0.112759
54346,-0.00750195,-0.00746472,0.000481921
54347,-0.00186152,0.0688764,0.184755
54348,0,0.0482135,0.155508
54349,0.0452351,0.0526625,0.129852
54350,-0.0300822,-0.000279229,0.0264739
54351,0.0359274,0.0303242,0.0765477
54352,1.86152e-05,-0.00370443,0.00660545
54353,-0.0117462,-0.0117276,-0.00844366
54354,-0.00188014,0.0186525,0.0658802
54355,0.00813486,0.0249072,0.0770753
54356,0.02608,0.02608,0.0707122
54357,-0.0111878,-0.0111878,-0.00731976
54358,0,1.86152e-05,0.0169581
54359,0.259217,2.02902,5.43718
54360,-0.0366534,0.011709,0.051193
54361,-0.0982513,-0.0926667,-0.176897
54362,0.0214262,0.0214262,0.0609679
54363,0,-0.0074461,-0.00205748
54364,0.0154507,0.0136077,0.0439691
54365,-0.0235855,-0.0199555,-0.0228424
54366,0.0266198,0.0266198,0.0718425
54367,0.06493,0.0687461,0.161413
54368,0.231462,2.07458,5.57667
54369,0.0866726,1.94321,5.24094
54370,0.0241998,0.0143151,0.0379511
54371,-1.86152e-05,-0.02608,-0.05094
54372,0.0910844,0.0891857,0.198341
54373,-0.0024386,-0.00206629,0.0119076
54374,-0.0111691,-0.0279229,-0.0490623
54375,-0.0135891,-0.0331351,-0.0635792
54376,0.00372305,0.102384,0.264559
54377,0.0271783,0.0290398,0.0775526
54378,0.0074461,0.00725995,0.0320132
54379,0.00372305,0.00567765,0.0287015
54380,0,-0.00372305,0.00621673
54381,-0.00186152,-0.00186152,0.0122077
54382,0.0106107,0.0106107,0.0383223
54383,-0.0344196,-0.0344196,-0.055963
54384,0.00186152,0.00204768,0.0204572
54385,0.00740887,0.00554734,0.0270775
54386,-0.572047,-2.34288,-6.02632
54387,0.00560319,0.0242184,0.0802558
54388,-0.00863748,-0.00880501,-0.00237954
54389,0.0179451,0.0532955,0.140136
54390,-0.0105362,-0.0980093,-0.246244
54391,0.0186152,0.0279043,0.0777406
54392,0.388556,2.19267,5.78494
54393,-0.119715,-0.106684,-0.200963
54394,-0.00552873,-0.020514,-0.0390461
54395,0.0186152,0.0223197,0.0641185
54396,-0.00372305,-0.00184291,0.0128961
54397,-0.037305,-0.0373236,-0.0618211
54398,-0.0247583,-0.0209794,-0.0264921
54399,-0.0199183,-0.0199183,-0.0340636
54400,0.00800456,0.00802317,0.0329109
54401,0.0130307,0.0148922,0.0524484
54402,0.0204768,0.0204768,0.0589652
54403,0.00376028,-0.00556596,-0.00328858
54404,0.00558457,0.0967993,0.261731
54405,0.0148922,0.0148922,0.047287
54406,-0.0360205,-0.0378262,-0.0637196
54408,0.00370443,-0.058638,-0.138986
54409,-0.00688764,-0.0106107,-0.00739752
54410,-0.0185966,-0.0185966,-0.0228326
54411,0.000763225,0.00446766,0.027197
54412,0.00930762,-0.0158043,-0.0256524
54413,-1.86152e-05,0.0186152,0.0638065
54414,0.00982885,0.00982885,0.0366853
54415,-0.0074461,-0.00930762,-0.00468437
54416,0.0292446,0.0478598,0.130818
54417,-0.0094007,-0.0094007,-0.00357796
54418,1.86152e-05,0.0186339,0.0681343
54419,-0.0124722,-0.0124722,-0.0100092
54420,0,-0.0186152,-0.0358845
54421,-5.58457e-05,-7.4461e-05,0.0159431
54422,0.0739025,0.0325395,0.0811956
54423,-0.00688764,-0.00690626,0.00163852
54424,0.000111691,0.0186525,0.0670698
54425,0.0149108,0.0149108,0.047326
54426,-0.0118021,-0.00994054,-0.00383653
54427,0.0328187,0.0328187,0.0848219
54428,0.046203,-0.0059755,-0.0318736
54429,0,-1.86152e-05,0.01606
54430,0.45773,2.31713,6.08253
54431,0.164875,2.08502,5.59057
54432,0.012193,0.00286675,0.0141175
54433,-0.0700492,-0.0868774,-0.178047
54434,0.0297844,0.035369,0.0831764
54435,0.0074461,-0.00191737,0.00686368
54436,0.078091,0.0091587,0.0114467
54437,-0.104245,-0.0201045,0.0430077
54438,-0.0204768,-0.0279787,-0.0447607
54439,0.0521227,0.0595688,0.143633
54440,-0.0763598,-0.0837872,-0.162554
54441,-0.0130121,-0.0148736,-0.0163385
54442,0.0216682,0.0309758,0.0841783
54443,0.0949378,0.0949378,0.213572
54444,0.0720596,0.0789473,0.183589
54445,-0.00930762,-0.0130493,-0.0125099
54446,-0.00130307,0.000893532,0.0143889
54447,-0.00994054,0.0811997,0.217015
54448,-0.0074461,-0.00176845,0.0180673
54449,-0.0180568,-0.0347174,-0.0675923
54450,0.00928901,0.00912147,0.0350908
54451,-0.00928901,-0.0279043,-0.057788
54452,-0.00186152,-0.00249444,0.0103657
54453,0.0241998,0.0241998,0.0667755
54454,-0.0564973,-0.0564787,-0.105373
54455,0,0.00949378,0.0411132
54456,0.0167351,0.021966,0.0643488
54457,-0.00923316,-0.0315715,-0.0657883
54458,-0.0148922,-0.0147247,-0.0146313
54459,-0.0102942,-0.0290956,-0.0549668
54460,-0.00558457,-0.00370443,0.00899845
54461,0.0074461,0.00370443,0.0223406
54462,0.0452537,0.0355737,0.0872467
54463,0.00186152,0.00558457,0.0290846
54464,0,0.0204582,0.0738517
54465,0.0322044,0.0359274,0.0926171
54466,0.00707379,0.00148922,0.0151189
54467,-0.0167537,-0.0167351,-0.0189285
54468,0,-0.0233808,-0.0516355
54469,-0.0694349,-0.0731579,-0.13836
54470,0,0.0139801,0.0567792
54471,-0.00186152,-0.0204954,-0.0355324
54472,-0.0017126,0.000148922,0.017289
54473,-0.0430385,-0.0448814,-0.0828866
54474,0.0166048,0.0147619,0.0463776
54475,-0.00186152,0.00539842,0.0299165
54476,0.0163814,0.0166793,0.0511778
54477,0.00186152,0.0279229,0.0867757
54478,-0.00930762,-0.00930762,-0.00338308
54479,0.0167165,0.0166234,0.0508468
54480,0.00709241,0.0110016,0.040557
54481,-0.0241998,-0.0280346,-0.0439323
54482,-0.00372305,-0.0109272,-0.0117974
54483,-0.0145199,-0.0145199,-0.0142966
54484,0.0167537,0.0186152,0.0543397
54485,-0.0167537,-0.0930762,-0.205144
54486,0.00035369,0.00035369,0.016846
54487,0.0475433,0.0475247,0.115607
54488,-1.86152e-05,-1.86152e-05,0.0160664
54489,0.194362,2.0767,5.53724
54490,0.0830799,0.0424986,0.0775226
54491,0.0404323,-0.0303429,-0.09957
54492,-0.0148922,-0.0111691,-0.00620013
54493,0.0595688,0.0595688,0.140832
54494,-0.145404,-0.120255,-0.216034
54495,0.0726181,0.0504846,0.11065
54496,-0.00930762,-0.00932624,-0.00342849
54497,0.0541704,0.0541145,0.129392
54498,0.0262847,-0.0463147,-0.139044
54499,0.00930762,0.00930762,0.0355939
54500,0.0010983,0.0010983,0.0184051
54501,0.126156,0.999639,2.64584
54502,-0.296895,-1.44237,-3.71555
54503,0.0514898,0.0607974,0.149221
54504,0.139912,1.23514,3.28869
54505,-0.0157671,-0.0273086,-0.0462421
54506,-0.0019546,-0.0015823,0.0127726
54507,-0.0668474,-1.14162,-3.05733
54508,0.00372305,0.0074461,0.0329823
54509,0.0453095,1.1238,3.05519
54510,-0.0489395,-1.11812,-3.00621
54511,0.0148922,0.0148922,0.047287
54512,-0.0130493,-0.0149108,-0.0150999
54513,-0.1995,-0.197638,-0.396492
54514,0,0.00372305,0.0278979
54515,0.00930762,0.00899117,0.0346848
54517,-0.542393,-2.68551,-6.95689
54518,0.170125,0.219027,0.498591
54519,-0.0329118,-0.0440995,-0.0812772
54520,0.00558457,0.00186152,0.0187171
54521,0,-0.00035369,0.0155792
54522,0.0598108,0.100783,0.236817
54523,-0.0575956,-0.0482693,-0.0817404
54524,-0.0227292,-0.0229154,-0.025089
54525,-0.00374167,-0.00372305,0.00309549
54526,-7.4461e-05,-7.4461e-05,0.0144448
54527,-0.0355365,-0.037398,-0.0572283
54528,-0.0135891,-0.0135891,-0.0123478
54529,0.0351456,0.0351456,0.089694
54530,-0.0074461,-0.0074461,0.00051462
54531,0.0101081,0.0101081,0.0372699
54532,-0.444346,-2.4845,-6.50131
54533,0.0526625,0.0953287,0.246485
54534,0,0.00372305,0.0260739
54535,-0.0686903,-0.0402089,-0.0530636
54536,0.0036672,0.0036672,0.0237839
54537,-0.000204768,0.00165676,0.0202174
54538,-0.0303429,-0.0396319,-0.0700853
54539,-0.0130307,-0.0111691,-0.00663775
54540,0,0.0074461,0.0342683
54541,-0.271932,-2.17504,-5.79336
54542,0.327219,2.29379,6.10353
54543,0.0114298,-0.00534258,-0.00876213
54544,-0.00556596,-0.00742748,-8.94275e-05
54545,-0.111487,-0.16454,-0.349658
54546,0.0699561,0.0623052,0.143896
54547,-0.0289095,-0.017126,-0.00663219
54548,-0.0371747,-0.0340659,-0.0719566
54549,-0.440772,-2.35494,-6.18156
54550,0.00184291,0.0186339,0.0679151
54551,0,0,0.0161383
54552,0.000558457,-0.00132168,0.0120237
54553,-0.0167537,-0.0167537,-0.0189739
54554,0.0670335,0.0688764,0.160957
54555,-0.134011,-0.135873,-0.269031
54556,0.0223755,0.0223941,0.0630012
54557,0.0111878,0.0111691,0.0394852
54558,-0.0101639,-0.0101639,-0.00517602
54559,0.00930762,0.0111878,0.0408383
54560,0.0074461,0.0074461,0.0316962
54561,0.00930762,0.00928901,0.0355485
54562,0.0013403,0.00135891,0.0189572
54563,-0.0266198,-0.0266198,-0.0396317
54564,-0.00379751,-0.00379751,0.00815411
54565,0.0452537,0.0470966,0.116257
54566,-0.00930762,-0.00930762,0.00964838
54567,0.0749822,0.0861514,0.200349
54568,-0.0259869,-0.0297099,-0.0473879
54569,-0.0168282,-0.0168282,-0.0191298
54570,0.0021966,0.00778117,0.0352139
54571,-0.00372305,-0.00558457,0.00376929
54572,-0.00943793,-0.00943793,-0.00365592
54573,0.0186152,0.0204768,0.0596231
54574,0,0.000707379,0.018081
54575,0.544068,2.5302,6.5984
54576,-0.00930762,-0.02608,-0.0521825
54577,0.0374167,0.0392782,0.0989899
54578,-0.00106107,-0.0141104,-0.0179467
54579,0.00374167,0.00374167,0.0239398
54581,-0.00372305,-0.00372305,0.00831002
54582,-0.0316459,-0.0335074,-0.0546962
54583,0.00372305,-0.0074461,-0.00334353
54584,-0.0074461,-0.00748333,0.000405732
54585,7.4461e-05,7.4461e-05,-0.0100692
54586,-0.0111691,-0.0102384,-0.00501042
54587,0.00930762,0.00930762,0.0355939
54588,0.0129748,0.0166979,0.0523538
54589,0.0151714,0.0244791,0.0713825
54590,-0.039092,-0.0503543,-0.0931899
54591,0.0111691,0.0148922,0.0485731
54592,0.0307152,0.0307152,0.0755471
54593,-0.0054915,-0.0054915,0.0046072
54594,0,-0.00558457,0.00271199
54595,-0.00174983,-7.4461e-05,0.0164475
54596,-0.0114298,-0.0207374,-0.0307588
54597,0,0.0074461,0.0342683
54598,-0.0864306,-0.0901537,-0.173946
54599,0,0.00186152,0.0214534
54600,0.0260613,0.0241998,0.0661325
54601,-0.0157857,-0.0139242,-0.0124063
54602,0,0,0.0161054
54603,-3.72305e-05,0.00368582,0.0262413
54604,0.0100336,0.0120255,0.0419726
54605,-0.00335074,0.0154879,0.0641868
54606,0.675752,4.65618,12.2898
54607,-0.00984747,-0.0456818,-0.100788
54608,0.0768996,0.0452351,0.089948
54609,0.0332282,-0.0209422,-0.0704268
54610,-0.0204768,-0.0335074,-0.0587831
54611,0.0111691,0.0111691,0.0397878
54612,-0.00794871,0.0660841,0.179919
54613,0,-0.0019546,0.0112938
54614,0.0147247,0.0203092,0.0614621
54615,-0.111263,-0.120571,-0.24025
54616,-1.33909,-7.52767,-19.7256
54617,0.0108155,-0.0954776,-0.234092
54618,0.0494607,0.080362,0.198782
54619,0.441926,2.49409,6.58288
54620,-0.0111691,-0.0242371,-0.045357
54621,-0.0837686,0.00558457,0.0675756
54622,0.0167537,0.0338053,0.0989968
54623,0.00372305,0.00956824,0.0365895
54624,-0.0074461,-0.0074461,0.00051462
54625,-0.000800456,-0.000800456,0.0144294
54626,0.00290398,0.0755035,0.221455
54627,0.0074461,0.0111691,0.0407777
54628,0.00618026,0.00618026,0.0290458
54629,0.0233621,-0.0417912,-0.103054
54630,-0.131591,-0.131945,-0.259577
54631,-0.120124,-2.12268,-5.73756
54632,-0.0135891,-0.0396505,-0.077557
54633,-0.29064,-2.30386,-6.11944
54634,-0.0601459,0.0456446,0.162128
54635,0.00852578,0.0290026,0.0900974
54636,-7.4461e-05,0.00362997,0.0249775
54637,0.00426289,0.0135705,0.0512403
54638,-0.041754,-0.0449,-0.0786464
54639,0.0435783,0.0528859,0.12676
54640,0.0489581,0.0543565,0.131946
54641,-0.00113553,-0.00113553,0.0137278
54642,-0.0111691,-0.00930762,-0.00239561
54643,0.00186152,0.00186152,0.0330346
54644,-0.103501,-0.064688,-0.105967
54645,-0.000930762,-0.000930762,0.0141566
54646,-7.4461e-05,1.86152e-05,0.0162169
54647,0.0148922,0.0148922,0.047287
54648,0.0074461,0.0074461,0.0316962
54649,-0.0407674,-0.0370443,-0.0601727
54650,0.0316459,0.0279229,0.0697793
54651,-0.00502612,0.000651534,0.0202495
54652,-0.0228968,-0.0154507,0.00439833
54653,0.0098847,0.0098847,0.0289147
54654,0.0530535,0.0493304,0.118108
54655,-0.00374167,-0.00746472,0.00269515
54656,0.00551011,0.00551011,0.0276426
54657,0.357022,2.26849,6.01844
54658,0.0148922,0.00186152,0.00849083
54659,0.0731765,0.0800456,0.186568
54660,-0.00428151,-0.000558457,0.0166796
54661,0.251045,2.15941,5.77759
54662,0.0148922,-0.00389059,-0.00585911
54663,0.0186152,0.0222452,0.0636629
54664,-0.0856301,-0.0945096,-0.185806
54665,-0.0936533,-0.0229154,0.00125201
54666,0.000558457,-0.00145199,0.0120607
54667,-0.0074461,-0.00753918,0.000254671
54668,0.628935,2.49779,6.43497
54669,0.0298216,0.0282766,0.0724358
54670,0.247434,1.95568,5.19953
54671,0.621917,3.8651,10.17
54672,-0.0234738,-0.0214448,-0.0259771
54673,-0.0664564,-0.112995,-0.253535
54674,-0.00405812,-0.00405812,0.00760843
54675,-0.50868,-2.35732,-6.07998
54676,0.0457749,0.0658235,0.167927
54677,-0.0149108,-0.0149108,-0.01512
54678,0.00241998,0.000558457,0.00488631
54679,0.237196,2.0122,5.36908
54680,0.039092,0.0256704,0.0589989
54681,0.000558457,-0.00316459,0.0070555
54682,0,0.00575211,0.0325442
54683,-0.0458307,-0.0495352,-0.0895502
54684,0.0215937,0.0215751,0.0612733
54685,-0.0196019,-0.0196019,-0.0249374
54686,0.00800456,0.00986608,0.0382135
54687,0.00930762,0.0186152,0.0617379
54688,0.00186152,0.00186152,0.0200031
54689,0.00967993,0.00967993,0.0363735
54691,0.00074461,-0.00856301,-0.00847946
54692,0.00186152,0.00186152,0.0200031
54693,-0.0192668,-0.0192668,-0.0242358
54694,0.4576,2.04846,5.33292
54695,0.00493304,-0.015339,-0.0302387
54696,-0.00930762,-0.00930762,-0.00287766
54697,0.0725995,0.0459797,0.103491
54698,-0.0763225,-0.0763225,-0.1432
54699,0.0148922,0.0148922,0.047287
54700,0.0285372,-0.0445277,-0.127064
54701,-0.00800456,-0.0228968,-0.0369805
54702,-0.41095,-2.12553,-5.5475
54703,-0.270852,-2.0498,-5.4303
54704,0.0210538,0.0328745,0.0945108
54705,-0.00113553,0.0807716,0.245809
54706,0.00914009,0.0218915,0.0682231
54707,0.0372305,0.0506335,0.1276
54708,-0.0456632,0.0176286,0.0835581
54709,-0.00558457,-0.0130121,-0.0137052
54710,0.0241812,0.0297658,0.0838643
54711,-0.0102012,-0.0846622,-0.219173
54712,-0.00372305,-0.00372305,0.00831002
54713,-0.0344382,-0.0345313,-0.0562694
54714,-0.00558457,-0.00558457,0.0159823
54715,-0.274724,-2.05881,-5.47916
54716,0.102105,0.159551,0.389591
54717,0.00204768,0.00966131,0.0423245
54718,-0.00867471,-0.0161208,-0.0202208
54719,-0.0948075,-0.102254,-0.200172
54720,0.0279229,0.0199928,0.0553646
54721,0.014464,0.0144082,0.0462301
54722,0.0127887,0.0130679,0.0436469
54723,-0.356798,-2.18295,-5.75058
54724,0.0586194,0.0790217,0.196576
54725,-0.00969855,0.000167537,0.0227759
54726,0.0185222,0.0186152,0.0551146
54727,0.00608719,0.0385522,0.115179
54729,-0.000688764,0.0607416,0.172246
54730,0,-0.00186152,0.0115647
54731,0.0148922,0.0286675,0.0859801
54732,-0.0142779,-0.0136264,-0.011958
54733,0.00457935,-0.00714826,-0.00566507
54734,0.0312736,-0.0068318,-0.0149541
54735,-0.0511919,-0.058638,-0.109244
54736,0.014706,-0.0437458,-0.117975
54737,-0.00925178,-0.00925178,-0.00326615
54738,0.148512,1.95574,5.3147
54739,0.036672,0.0217612,0.0512606
54740,0.014706,0.0202906,0.0605194
54741,0.0154507,0.0154507,0.0484563
54742,-0.0228968,-0.0284813,-0.0454585
54743,0.0148922,0.0148922,0.047287
54744,-0.0186152,-0.0186152,-0.0228716
54745,-0.0107782,-0.0162697,-0.0198574
54746,-0.0275506,-0.025689,-0.0370398
54747,0.062026,0.0619516,0.145795
54748,-0.00930762,-0.00742748,0.00186132
54749,0.00800456,0.00800456,0.0328655
54750,0.0400228,0.0456074,0.113528
54751,0.00651534,0.00335074,0.0220281
54752,-0.0148922,-0.0148922,-0.0150762
54753,0.0279229,0.0283883,0.0758781
54754,-0.00558457,-0.00558457,0.00441232
54755,0.213871,2.05853,5.54849
54756,0.00299706,0.0172936,0.0593664
54757,0.0186152,0.0111691,0.0369195
54758,-0.00372305,-0.00558457,0.00376929
54759,0.0204768,0.0223383,0.0635208
54760,0.210632,1.94474,5.2266
54761,0.0835825,0.0141476,-0.011726
54762,-0.0148736,-0.0156182,-0.0147081
54763,0.0120999,0.0120627,0.0413474
54764,0.00930762,-0.0167351,-0.0342083
54765,-0.0195832,-0.0177403,-0.0204031
54766,0.010983,-0.00577073,-0.0105286
54767,0.12273,1.84773,4.99767
54768,-0.0247769,-0.0266198,-0.0398221
54769,-0.00558457,-0.0152645,-0.020927
54770,0.0740142,0.0498144,0.110711
54771,-0.0455329,-0.0379937,-0.0592806
54772,0.0120068,0.00271783,0.0176724
54773,0.00934486,0.0148736,0.0499691
54774,-0.00763225,-0.028109,-0.0499676
54775,0.0120999,0.0102384,0.036671
54776,-0.0139987,-0.019546,-0.0266732
54777,0.0204768,0.0204768,0.0589801
54778,0.0228968,0.0228968,0.0640471
54779,-0.000558457,-0.0154507,-0.0224758
54780,-0.0520855,-0.0502239,-0.0884115
54781,-0.000130307,-0.000465381,0.0150152
54782,-0.0241998,-0.0223383,-0.0293657
54783,0.0205326,0.0391479,0.113541
54784,0,0.00186152,0.0214534
54785,0.00186152,0,0.0154624
54786,0.00558457,0.00372305,0.0223541
54787,-0.0215378,-0.0215378,-0.028991
54788,0.0058638,0.0058638,0.0283832
54789,0.543137,2.14206,5.49844
54790,0.0103501,0.00474689,0.0201913
54791,-0.00930762,-0.00387197,0.0109117
54792,0.00558457,0.00666426,0.0314898
54793,-0.0539656,-0.0988842,-0.216192
54794,0.0268804,0.00454212,0.019901
54795,0.025689,0.0368582,0.101114
54796,-0.0148922,-0.0148922,-0.0150762
54797,0,0.00186152,0.0213044
54798,-0.00893532,-0.00707379,0.00193718
54799,0.00186152,0.00186152,0.0200031
54800,-0.0223383,-0.0223383,-0.030667
54801,-0.0332096,-0.033191,-0.0533841
54802,-0.00986608,-0.00984747,-0.00450698
54803,0.00446766,0.0370443,0.116964
54804,0.0111691,0.0130307,0.0442611
54805,-0.13403,-0.134048,-0.264574
54806,0.141495,0.145311,0.321723
54807,0.00372305,-0.0172377,-0.033938
54808,0.0145013,-0.00783702,-0.0160926
54809,0.00925178,0.00934486,0.0357369
54810,-0.0124722,-0.0124722,-0.0100092
54811,-0.00614303,-0.00614303,0.00324301
54812,0.00619888,0.00619888,0.0290848
54813,0.00874917,0.00874917,0.0344246
54814,-0.0100522,-0.00819071,-0.00531774
54815,0.0074461,0.0074461,0.0316962
54816,0.00372305,0.0129376,0.0469905
54817,0.0119138,0.00815348,0.0335578
54818,0,0.0074461,0.0342683
54819,-0.015823,-0.0307152,-0.0541022
54820,-0.000111691,-0.000111691,0.0158716
54821,-0.0529604,-0.0529604,-0.0947841
54822,0.482209,2.09485,5.4088
54823,3.72305e-05,-0.0134402,-0.022636
54824,-0.436155,-2.19306,-5.70929
54825,-0.0130121,0.00188014,0.0321974
54826,0.00372305,0.00372305,0.0239008
54827,-0.0186152,-0.00967993,0.000661713
54828,0.0126584,0.0163814,0.0516912
54829,0.0510616,0.0639992,0.151039
54830,0.200319,1.90553,5.11424
54831,0.0485858,0.00206629,-0.0037575
54832,0.0253354,-0.00632918,-0.00919367
54833,-0.0186152,-0.0167537,-0.0183309
54834,0.00396505,0.000241998,0.0153261
54835,-0.4404,-2.07674,-5.4199
54836,0.0167537,0.0575397,0.164752
54837,-0.0113553,-0.0225245,-0.0384204
54838,0.0584519,0.0677595,0.161197
54839,0.90377,5.63478,14.8394
54840,-0.399595,-1.95112,-5.03586
54841,-0.0025689,0.00199183,0.0254688
54842,-0.03885,-0.0417168,-0.0733413
54843,0.0263033,0.0339356,0.0873869
54844,0.0102198,0.0102198,0.0370445
54845,0.000558457,0.0247583,0.0823776
54846,0,-9.30762e-05,0.0137794
54847,0.0139056,-0.00845132,-0.0168246
54848,-0.00513781,-0.00513781,0.00534777
54849,0.000130307,0,0.0160444
54850,0,0.0014706,0.020102
54851,-0.876387,-4.71035,-12.2988
54852,0.309218,2.28955,6.07841
54853,0.0228781,0.00426289,0.0105538
54854,-1.18019,-6.84634,-17.9583
54855,-0.0110575,0.00871194,0.0430189
54856,0.0186152,0.035369,0.0924405
54857,-0.025689,0.224109,0.640918
54858,0.00316459,0.0124908,0.048032
54859,-0.0148736,-0.0259683,-0.042685
54860,0.0186152,0.00186152,0.00720479
54861,-0.000558457,-0.000558457,0.0149361
54862,-0.0372491,-0.0334702,-0.0513533
54863,-0.25246,-2.25336,-6.00518
54864,-0.153297,-2.19859,-5.90224
54865,-0.00277367,0.0214448,0.0775401
54866,0,0,0.0156
54867,-0.0179265,-0.00117276,0.0205462
54868,0.0166606,0.0259683,0.0748025
54869,0.00223383,0.00562181,0.0289015
54870,0.16199,2.20814,5.96791
54871,-0.00188014,-0.00930762,-0.0094543
54872,0.0210352,0.0303987,0.0867304
54873,-0.0173308,-0.0098847,-0.00110428
54874,0.0191923,0.0154507,0.0467064
54875,0.0074461,0.00359274,0.0218394
54876,0.027625,0.0262103,0.0697055
54877,-1.86152e-05,0.0688578,0.184073
54878,0.870821,4.54545,11.9114
54879,0.272006,2.12614,5.66334
54880,0.00757641,-0.0164745,-0.0335281
54881,0.0260613,-0.00186152,-0.0109393
54882,-0.0074461,-0.0167537,-0.022551
54883,0.0653954,0.00340659,-0.0288933
54884,-0.13308,-0.136803,-0.270719
54885,0.0167537,0.0115415,0.0374792
54886,-0.0111878,-0.0232877,-0.0430375
54887,-0.00186152,-0.00223383,0.0108716
54888,-1.1932,-7.14345,-18.7535
54889,0.000372305,0.0655443,0.194259
54890,-0.0108155,-0.0307338,-0.0625278
54891,-0.00930762,0.00182429,0.0297908
54892,-0.00372305,0.00372305,0.0299865
54893,0.00372305,0.00932624,0.036653
54894,0.0609463,0.175449,0.470406
54895,-0.0236228,-0.0180382,-0.0188192
54896,-0.0148922,-0.0316459,-0.0629538
54897,-0.0220405,-0.019062,-0.0227782
54898,0.032465,0.0313481,0.0813569
54899,0,-0.00186152,0.0115647
54900,0.0156368,-0.0271783,-0.0714161
54901,0.586771,4.36719,11.5816
54902,0.142965,1.90972,5.186
54903,-0.578971,-4.33276,-11.5091
54904,0.0241998,0.0787611,0.198358
54905,0.043206,0.0599597,0.154677
54906,-0.38837,-2.19371,-5.76534
54907,0.0874731,0.0873055,0.198374
54908,0.0282207,0.0157299,0.046402
54909,-0.0247397,-0.0191365,-0.0240994
54910,-0.0465381,-0.0539842,-0.101572
54911,-0.0214448,-0.0288909,-0.049031
54912,-0.00558457,-0.00558457,0.00464107
54913,-0.0308641,-0.0290026,-0.043074
54914,0.0260613,0.0241998,0.0661325
54915,0.336675,2.1845,5.82088
54916,-0.729085,-2.77993,-7.13612
54917,-0.044658,-0.00664564,0.0197974
54918,0.0228968,0.0394643,0.110102
54919,0.00372305,0.0372119,0.11948
54920,-0.00148922,-0.0014706,0.0138399
54921,-0.0111691,0.00733441,0.0447018
54922,0.0210352,0.0284999,0.0792727
54923,0.00148922,0.00148922,0.0192236
54924,0.00186152,0.00547288,0.0297086
54925,0.0190992,0.0224314,0.0645703
54926,0.024386,0.028109,0.0767042
54927,-0.0135705,-0.0135705,-0.0127663
54928,0.0167537,0.0577073,0.172304
54929,0.00186152,-0.00186152,0.0104642
54930,0.0167537,0.0167537,0.0511847
54931,0.0074461,0.0074461,0.0316962
54932,0.0167723,0.0204954,0.0607626
54933,-0.00186152,-0.00186152,0.0231992
54934,0,0,0.0161054
54935,-0.00558457,-0.00186152,0.0134938
54936,0.575025,2.65144,6.87841
54937,-0.0378076,-0.106703,-0.23812
54938,0.0545427,0.0712964,0.171859
54939,-0.209142,-0.272844,-0.581075
54940,0.00986608,0.0117462,0.0413494
54941,0.278428,2.21948,5.90127
54942,-0.0418843,-0.0418843,-0.0709346
54943,0.0603134,0.0416982,0.0906241
54944,0.0223383,0.0217612,0.0613038
54945,0.0074461,0.0111878,0.0419321
54946,0.00930762,0.00936347,0.0357468
54947,-0.00928901,-0.0074461,0.00180948
54948,0.0526998,0.0768996,0.185936
54949,-0.0241998,-0.032223,-0.052916
54950,0.00558457,-0.00186152,0.00963562
54951,0.0128073,0.0165303,0.052003
54952,-0.0224686,-0.0243301,-0.0354805
54953,0.0111691,0.00558457,0.0258694
54954,0.0175914,0.0138684,0.0438572
54955,0.00396505,0.000241998,0.0144224
54956,-0.825419,-4.59746,-12.0853
54957,0.00372305,0.029803,0.0912136
54958,-0.00312736,0.0111505,0.051549
54959,0,0.00372305,0.0263193
54960,0.0657118,0.0141104,0.00796904
54961,-0.460337,-2.39943,-6.27381
54962,-0.152645,-2.12899,-5.73667
54963,0.0173122,0.0191737,0.0568624
54964,-0.0266198,-0.015097,-0.0102905
54965,-0.100969,-1.14452,-3.05451
54966,0.0753918,1.14947,3.11598
54967,0.0340659,0.0521227,0.138218
54968,0.000335074,0.00191737,0.0208954
54969,-0.0316645,-0.0316645,-0.0501944
54970,-0.0712406,-0.0749636,-0.14237
54971,-0.573387,-4.64287,-12.3063
54972,-0.0159347,0.0304359,0.107151
54973,0.0558457,0.0210538,0.0363251
54974,0.00074461,0.0174983,0.0636098
54975,-0.00837686,-0.00837686,-0.00143423
54976,0.0074461,0.00711103,0.030839
54977,-0.00180568,-0.00180568,0.0123246
54978,0.0548591,0.0697327,0.168625
54979,-0.0582285,-0.0582099,-0.105769
54980,0.00368582,0.00368582,0.0238229
54981,-0.041512,-0.0191737,-0.00444482
54982,0.0480832,0.0536491,0.130817
54983,-0.0270107,-0.0325953,-0.0534247
54984,0.0130307,0.0074461,0.0258208
54985,-0.0251306,0.0846994,0.240117
54986,-0.138125,-0.143728,-0.289524
54987,0.000204768,0.000297844,0.016805
54988,0.0305104,-0.0458121,-0.105723
54989,-0.0150411,-0.0150411,-0.015388
54990,0.00186152,0.00558457,0.0304011
54991,0.647606,2.57119,6.6352
54992,-0.00130307,-0.00214075,0.00415301
54993,-0.101658,-0.0977301,-0.187868
54994,-0.0539656,-0.0595502,-0.106475
54995,0.0260613,0.035369,0.0933768
54996,-0.00930762,-0.00930762,-0.00338308
54997,0.00873055,0.00873055,0.0343856
54998,-0.0148922,-0.00577073,0.0125695
54999,-0.0186152,-0.0241998,-0.0395418
55000,0.00930762,0.00995916,0.0374085
55001,-0.533383,-2.51781,-6.52695
55002,0.0842899,0.128966,0.310792
55003,0.00186152,0,0.0146551
55004,0.00558457,0.0074461,0.0323392
55005,-0.0014706,-0.0014706,0.0130262
55006,0.0074461,0.00930762,0.0370442
55007,0.0214262,0.036337,0.0973391
55008,-0.0148922,-0.0167537,-0.0207047
55009,-0.0117276,-0.0117276,-0.00845009
55010,0.0322044,0.0322044,0.0835356
55011,-0.0172005,-0.0209235,-0.0281317
55012,-0.00148922,0.00186152,0.0224646
55013,-0.0223383,-0.0297844,-0.0385246
55014,-0.010499,-0.0412142,-0.0919725
55015,0.0074461,-0.0614303,-0.166179
55016,-0.0342521,-0.0323905,-0.0501951
55017,-0.00186152,-0.00186152,0.0122077
55018,-0.00370443,-0.00556596,0.00380827
55019,1.86152e-05,1.86152e-05,0.0375488
55020,0.0249444,0.0174983,0.0466661
55021,0.0054915,-0.00567765,-0.0035903
55022,-0.00428151,0.00688764,0.0383346
55023,-0.00930762,-0.00930762,-0.00338308
55024,-0.00186152,-0.0074461,-0.00411276
55025,-0.00372305,-0.00558457,0.00376929
55026,0.0228968,0.0303429,0.0815517
55027,-0.00428151,-0.00614303,0.00237124
55028,-0.00132168,-0.00318321,0.00879733
55029,0.0074461,-0.00372305,0.00445187
55030,0.0074461,0.00930762,0.0362369
55031,-0.000912147,-0.0567579,-0.122026
55032,0.0121744,0.0122674,0.0418315
55033,-0.00372305,0,0.019006
55034,0.476327,2.52246,6.5775
55035,0.013645,0.0266757,0.071737
55036,0.00316459,0.00130307,0.017962
55037,-0.0149108,-0.0186339,-0.0241966
55038,0.00372305,0.0130307,0.0466044
55039,0.00372305,0.00186152,0.0193601
55040,0.210352,2.2318,5.97138
55041,0.0577073,-0.0167537,-0.0799595
55042,-0.0147991,-0.0166606,-0.0196508
55043,-0.00688764,-0.00502612,0.00622465
55045,0.00564042,0.00422566,0.0200801
55046,0.0167723,0.0167723,0.0512237
55047,0.0111691,0.00316459,0.0233895
55048,-0.00930762,-0.0150784,-0.0174955
55049,0.0253167,0.0234552,0.0645734
55050,-0.0241998,-0.0241998,-0.0345647
55051,0.0297844,0.0295982,0.0779917
55052,-0.0745168,-0.0802131,-0.153828
55053,-0.00372305,-0.00372305,0.00831002
55054,0.346653,2.20609,5.85625
55055,-0.0140917,-0.00852578,-5.21475e-05
55056,-0.0074461,-0.0260427,-0.0485815
55057,0.0258938,0.00787425,0.0283925
55058,0.00186152,0.00558457,0.0290846
55059,0.0513036,0.0563297,0.131014
55060,0.0271969,0.00835825,0.0234348
55061,0.0285558,0.0304173,0.0810951
55062,-0.871101,-2.92317,-7.42994
55063,-0.253596,-2.3111,-6.1385
55064,-0.010015,0.0647997,0.1989
55065,-0.0526812,-0.041512,-0.0616055
55066,0.0264523,0.032223,0.085568
55067,0.00372305,0.00567765,0.02868
55068,-0.0638503,-0.0584519,-0.101746
55069,0,0.0074461,0.0377739
55070,0,-0.0032949,0.00708681
55071,-0.0186152,-0.0184291,-0.0223368
55072,0.00372305,0.00930762,0.0378834
55073,-0.476159,-2.64642,-6.90013
55074,0.109681,0.117127,0.266969
55075,-0.0148922,-0.0223383,-0.0336966
55076,0.0173122,0.166234,0.416069
55077,-0.00558457,-0.00186152,0.0139513
55078,-0.0110388,-0.0147619,-0.0195265
55079,0.00372305,0.0074461,0.0334398
55080,0.00132168,-0.011709,-0.0154466
55081,-0.00943793,-0.00943793,-0.00365592
55082,0.331519,2.34318,6.23764
55083,-0.0122861,-0.0240323,-0.0455006
55084,-0.0358902,-0.0394271,-0.0678755
55085,0.00241998,0.0141476,0.0534257
55086,0.0193599,0.0193599,0.0566415
55087,-0.019546,-0.019546,-0.0248204
55088,0.00303429,-0.0639806,-0.174443
55089,0,-0.000297844,0.0154631
55090,0.00336936,0.00336936,0.0231603
55091,0.0127887,0.00534258,0.0320255
55092,0.00372305,0.0148922,0.0516997
55093,0.0124536,0.00593826,0.0238006
55094,-0.0148922,-0.0148922,-0.0150762
55095,0.000167537,-0.00338798,0.00663647
55096,-0.000223383,-0.00236414,0.00217184
55097,1.86152e-05,1.86152e-05,0.0161444
55098,0.0130307,0.0130307,0.0433893
55099,-0.0148922,-0.0169399,-0.0201368
55100,0.405459,2.47713,6.52262
55101,0.536343,2.45256,6.33287
55102,-0.174462,-0.194753,-0.402131
55103,0.00167537,0.0100522,0.0416072
55104,0.00372305,0.00928901,0.0365703
55105,0.0372305,0.0335074,0.0845205
55106,0.0180754,0.0254843,0.0729254
55107,-0.0483996,-0.0483996,-0.0852348
55108,0.0491443,0.0510058,0.123317
55109,0.0182429,0.013161,0.0430543
55110,-0.0130307,-0.0149853,-0.0159914
55111,0.0132541,0.0104618,0.0371603
55112,-0.015823,-0.015823,-0.0215999
55113,-0.127812,-0.22342,-0.516182
55114,0.0074461,0.0408046,0.113011
55115,0.0322044,0.0228968,0.0611817
55116,0.0074461,0.0148922,0.0526114
55117,0.166942,2.04613,5.46058
55118,0.0571674,0.0530721,0.124236
55119,0.0577073,0.0550453,0.128088
55120,0.025689,0.025689,0.0698937
55121,0.0111691,-0.0074461,-0.00591563
55122,0.00186152,-0.0074461,-0.0027005
55123,-0.00372305,-0.00372305,0.00831002
55124,-0.000725995,-0.00444904,0.00192396
55125,0.0169213,0.0113367,0.0374558
55126,-0.0819071,-0.164875,-0.397106
55127,0.0260613,0.025689,0.0618676
55128,0.0595688,0.0614303,0.145373
55129,0.069621,0.056125,0.123889
55130,-0.0510058,-0.0435597,-0.0681467
55131,-0.00819071,-0.00074461,0.020624
55132,0.0148922,0.0130307,0.0427463
55133,0.00186152,0.0019546,0.0202705
55134,-0.0148922,-0.0167537,-0.0196169
55135,0,0.00887947,0.0413515
55136,-0.774804,-4.53583,-11.8806
55137,0,0.00372305,0.0246427
55138,0.0074461,0.00558457,0.0278358
55139,-0.0130307,-0.0149853,-0.0156403
55140,-0.0199183,-0.00967993,0.00322269
55141,0.0184663,0.0389431,0.108685
55142,0,0.00372305,0.0262229
55143,-0.00614303,0.0130307,0.0461305
55144,-0.0351828,-0.0351828,-0.0575611
55145,-0.325097,-2.23856,-5.94709
55146,-0.00750195,-0.00191737,0.0177482
55147,0.0236414,0.0106107,0.028307
55148,-0.0577073,-0.0595688,-0.106154
55149,-0.0111878,-0.00188014,0.0162988
55150,0.0167723,0.0856488,0.249098
55151,0.00186152,0.00372305,0.0565409
55152,0.00288536,0.00474689,0.0266876
55153,0.200319,2.00203,5.3747
55154,-0.00564042,-0.0205326,-0.0390415
55155,0.00316459,0.00502612,0.0264412
55156,-0.00800456,0.0106107,0.0516332
55157,-0.0111691,-0.0111691,-0.0155156
55158,0.0204768,0.039092,0.111497
55159,-0.00930762,-0.00223383,0.0137102
55160,0.00947516,0.00947516,0.0359447
55161,0.100429,0.1062,0.236116
55162,0.0204954,0.0186152,0.0539664
55163,0.00184291,0.00556596,0.0315077
55164,-0.0026806,-0.000819071,0.0150335
55165,0.0252609,0.0196763,0.0549175
55166,0.392149,4.12858,11.0391
55167,0.0111691,-0.0113553,-0.0258052
55168,0.0074461,0.00707379,0.0302582
55169,0.0456818,0.0492373,0.114782
55170,-0.0670149,-0.0763225,-0.147506
55171,0.0688764,0.0707379,0.164861
55172,0.0539842,0.0497027,0.118498
55173,0.00558457,0.00558457,0.0277985
55174,-0.0539842,-0.0502612,-0.0843409
55175,-0.373831,-2.16721,-5.65495
55176,0.00372305,0.0167537,0.0618206
55177,0.0120999,0.0176845,0.0561784
55178,0.0223383,-0.0428151,-0.128825
55179,0.00800456,0.00428151,0.0242416
55180,-0.0660841,-0.0660841,-0.122263
55181,-0.0148922,-0.0148922,-0.0115086
55182,0.00372305,0.0111691,0.0420637
55183,-0.0260613,0.035369,0.111382
55184,0.0074461,0.0074461,0.0316962
55185,0.0152645,0.013403,0.0435258
55186,-0.346541,-2.25617,-5.95824
55187,-0.0074461,-0.0230643,-0.0428466
55188,0.283343,2.21041,5.91068
55189,0.0130307,0.00372305,0.0141321
55190,0.0228968,0.0396505,0.126776
55191,-0.0359274,-0.0340659,-0.0487212
55192,0,0.00372305,0.0256444
55193,-0.0196949,0.00227106,0.0377975
55194,-0.0074461,-0.0074461,0.00051462
55195,0.039092,0.039092,0.0820649
55196,-0.00558457,-0.0074461,-0.00035715
55197,-0.00186152,-0.00372305,0.00700873
55198,0.0260613,0.0335074,0.0894944
55199,-0.0204768,-0.0204768,-0.0267693
55200,-0.0837686,-0.111319,-0.238053
55201,0.0296541,0.0371002,0.0957004
55202,0.0513222,0.0420146,0.100404
55203,-0.00930762,-0.0130307,-0.012922
55204,0.0204395,0.018578,0.0543614
55205,0.0258566,0.0333213,0.0884618
55206,-0.0143337,-0.0107038,-0.00505557
55207,0.0111691,0.00558457,0.0258694
55208,-0.0257635,-0.0258566,-0.0380987
55209,0.00137753,0.00137753,0.0189897
55210,-0.00562181,-0.00934486,-0.00540535
55211,0.0111691,0.0111691,0.0394916
55212,-0.585263,-2.46781,-6.40139
55213,0.445258,2.30872,6.09443
55214,-0.0236414,-0.030529,-0.0506256
55215,-0.0411955,-0.0598108,-0.122569
55216,-0.0183919,-0.0276995,-0.0451075
55217,0.0148922,0.0130307,0.041939
55218,-0.00603134,-0.00416982,0.0080176
55219,0,0,0.0161054
55220,0.0167537,0.0204768,0.0777728
55221,0.0043932,0.0043932,0.025304
55222,-0.00403951,0.00340659,0.0258103
55223,0,0.000837686,0.0185072
55224,-0.00372305,0.00186152,0.0243539
55225,0,0,0.0161054
55226,-0.00539842,-0.0128445,-0.0135098
55227,-0.0208863,-0.0208863,-0.0276268
55228,0.0130307,0.0186152,0.0570115
55229,-0.00558457,0.0015823,0.0284641
55230,0.0143337,0.0255029,0.0768676
55231,-0.0131424,-0.00941932,-0.00233089
55232,0.0389431,0.0482507,0.120349
55233,-0.0204768,-0.0260613,-0.0403914
55234,0.0489581,0.0545427,0.132237
55235,-0.0489581,-0.0582657,-0.109108
55236,0.00930762,0.0130307,0.0446754
55237,-0.00651534,-0.0139614,-0.0156994
55238,0.00368582,0.0259683,0.0795236
55239,0.0359274,0.041512,0.104953
55240,0.189131,2.06197,5.50624
55241,0.056367,0.0247211,0.0499243
55242,0.0123047,0.00649672,0.026254
55243,0.0227106,0.0351828,0.0938827
55244,-0.0148922,-0.0186152,-0.0241576
55245,1.86152e-05,-0.00370443,0.00706295
55246,0.0165303,0.0146874,0.0462307
55247,0.0101825,-0.0568324,-0.155908
55248,0.00247583,0.00580796,0.0294173
55249,-0.120869,-0.133899,-0.268757
55250,0.00241998,0.00241998,0.0211724
55251,-0.00163814,-0.00163814,0.0126754
55252,0.00927039,0.00927039,0.035516
55253,0.0154507,0.0154507,0.0484563
55254,-0.0259124,-0.027774,-0.041884
55255,-0.00560319,-0.0110016,-0.0111358
55256,-0.0409722,-0.0409722,-0.0696829
55257,-1.86152e-05,0.00938209,0.0392439
55258,7.4461e-05,-0.00178706,0.0133351
55259,-0.0025689,-0.0025689,0.0107266
55260,-0.0074461,-0.0074461,0.00051462
55261,-0.0317576,-0.0317576,-0.0503893
55262,0.0446766,0.0446766,0.10965
55263,0,0.0238461,0.0846129
55264,0.00852578,0.00294121,0.0151415
55265,0.488743,2.22015,5.80148
55266,0.00173122,-0.00709241,0.000621722
55267,-0.904161,-4.45025,-11.6335
55268,0.12932,0.144771,0.327288
55269,0.00614303,0.0135891,0.0506363
55270,-0.0074461,-0.00779979,-0.000391579
55271,0.00372305,0.00930762,0.037523
55272,-0.00372305,-0.00930762,0.00510081
55273,0.0210352,0.0284813,0.0783123
55274,0.00932624,0.0149108,0.0492551
55275,-0.00372305,-0.00372305,0.00831002
55276,0.00186152,0,0.0146551
55277,-0.0338984,-0.043206,-0.0778041
55278,-0.0241998,-0.0148922,-0.0116323
55279,0.0262475,0.0541704,0.14401
55281,0.0247024,0.0287978,0.0779284
55282,-0.0111691,-0.0115415,-0.00754313
55283,-0.00297844,-0.00297844,0.0098691
55284,0.00757641,0.00999639,0.0382671
55285,-0.0074461,-0.0074461,0.00051462
55286,0,0.00176845,0.0210799
55287,0.00558457,0.0074461,0.0331465
55288,0.0111691,-0.00186152,0.00286308
55289,-0.0261917,-0.0243301,-0.0333872
55290,-0.011951,-0.011951,-0.00891781
55291,0.0122861,0.00670149,0.0273728
55292,-0.00483996,-0.00297844,0.0111704
55294,-1.86152e-05,-0.00113553,0.012998
55295,-3.72305e-05,-3.72305e-05,0.0160275
55296,-0.0494793,-0.00387197,0.0435298
55297,0.0146688,0.00722272,0.0251508
55298,0.00362997,0.00362997,0.0237059
55299,0.0307896,0.0326511,0.0851141
55300,-0.0577817,-0.0577817,-0.104879
55301,-0.000223383,0.00163814,0.0201784
55302,0.0129748,0.027867,0.0851027
55303,0.0694349,0.0712964,0.16603
55304,0.0720969,0.0735116,0.187598
55305,-0.010983,-0.010983,-0.00689101
55306,-0.0297844,-0.0241998,-0.02913
55307,0.0039092,0.00204768,0.0197499
55308,-0.173029,-0.191086,-0.393236
55309,0.024386,0.024386,0.0671653
55310,-0.00372305,-0.00372305,0.00831002
55311,0,0.0039092,0.0275386
55312,-0.015823,0.000930762,0.0297861
55313,0.0130307,0.0186152,0.0570115
55314,0.0225245,0.0132168,0.0364001
55315,1.86152e-05,1.86152e-05,0.0167229
55316,-0.0148922,-0.0148922,-0.0150762
55317,0.00930762,-0.0164,-0.0298947
55318,-0.0900606,-0.0826145,-0.151455
55319,0,-0.00558457,-0.00102231
55320,-0.00180568,-0.00739025,0.00152179
55321,0.0333399,0.0258938,0.0727084
55322,0.00614303,0.00614303,0.0289678
55323,-0.00241998,-0.00241998,0.0110384
55324,-0.000930762,-0.000930762,0.0141566
55325,0.0340659,0.0340659,0.0874333
55326,0.000204768,-0.0128259,-0.028531
55327,0,-0.0335074,-0.0656276
55328,-0.0137753,-0.0137753,-0.0127376
55329,-0.00206629,-0.00262475,0.0102193
55330,0,-0.0279229,-0.0554366
55331,-0.622773,-4.77582,-12.6415
55332,-0.0344196,-0.00966131,0.00418868
55333,-0.113553,-0.0556596,-0.0738897
55334,-0.00186152,0.00930762,0.0435805
55335,-0.00543565,-0.0091587,-0.00865343
55336,0.0184663,0.00917732,0.0288146
55337,0.00186152,0.00930762,0.039081
55338,0.00372305,0.0222825,0.0767387
55339,-0.0186339,-0.0204954,-0.02768
55340,-0.00558457,-0.00558457,0.00441232
55341,1.86152e-05,-0.0102198,-0.0104588
55342,-0.00394643,-0.00742748,-0.000392664
55343,0.0491443,0.0213889,0.0433681
55344,-0.0284813,-0.0310875,-0.0497523
55345,-0.348533,-2.60288,-6.82534
55346,0.0504473,0.0727856,0.182874
55347,-0.00186152,-0.00552873,0.00326249
55348,-0.175058,-0.0441926,-0.030284
55349,0.0619888,0.0744052,0.176643
55350,0.0149667,0.0168282,0.0519836
55351,-0.0111691,-0.0130307,-0.0118215
55352,0.0074461,0.0074461,0.0323439
55353,-0.00372305,0,0.0423635
55354,-0.012193,-0.0103315,-0.00465504
55355,-0.0777001,-0.0814231,-0.155666
55356,-0.0186152,-0.0185222,-0.0226331
55357,-0.00558457,-0.00372305,0.00976029
55358,-0.471208,-2.47899,-6.46742
55359,-0.0074461,0.0335074,0.10903
55360,-0.000856301,0.00448628,0.0256861
55361,-0.0284069,-0.0190062,-0.0165516
55362,-0.00275506,0.011951,0.0519418
55363,0.183137,0.175691,0.377035
55364,0.00188014,0.00746472,0.0341218
55365,-0.26564,-0.163256,-0.26941
55366,0.0150411,0.0224872,0.0701207
55367,-0.0074461,-0.0220963,-0.0449122
55368,0.158565,0.138088,0.286539
55369,-0.0210352,-0.0266198,-0.0415608
55370,0.0279415,0.0279415,0.0746099
55371,-0.00184291,-0.00370443,0.00747723
55372,-0.00320182,-0.00320182,0.00940137
55373,-0.0117276,-0.0117276,-0.029866
55374,0.0204954,0.0242184,0.068558
55375,-0.0128631,-0.0128631,-0.0108277
55376,-0.00186152,-0.00186152,0.0122077
55377,-0.0200114,-0.0199555,-0.0256344
55378,0.0173308,0.013403,0.0405454
55379,0.00558457,0.0111691,0.0418782
55380,0.212884,0.218469,0.475389
55381,-0.0242929,-0.0298775,-0.0488392
55382,0.297937,2.32992,6.23384
55383,-0.0479715,-0.0535561,-0.0981892
55384,0,-0.039092,-0.0891188
55385,0.00405812,0.00225245,0.0193907
55386,0.00186152,0.00186152,0.0200031
55387,0.459164,2.48973,6.50134
55388,1.86152e-05,0.00262475,0.0236223
55389,-0.0251306,-0.0232691,-0.0325273
55390,-0.0893532,-0.104599,-0.218974
55391,0.0130307,0.0130679,0.043725
55392,-0.0130307,-0.0130307,-0.0111785
55393,0.0297844,0.0504846,0.131117
55394,-0.0111691,-0.00725995,0.00233547
55395,0.0111691,0.00930762,0.0349509
55396,0.00558457,-0.0130307,-0.0212292
55397,-0.0161953,-0.0186152,-0.023905
55398,-0.0368582,-0.0238275,-0.0272252
55399,0.0297844,0.0335074,0.0875501
55400,0.0117276,0.0117276,0.0406609
55401,-0.127142,-0.132727,-0.26373
55402,0.0297844,0.0148922,0.0396266
55403,0.0725995,0.0669218,0.154255
55404,0.0297844,0.0651534,0.144962
55405,0.625752,2.65111,6.86925
55406,-0.0130307,-0.0465381,-0.104359
55407,0.00558457,0.00558457,0.0277985
55408,-0.017033,0.0741632,0.214329
55409,0.0260613,0.0260613,0.0706732
55410,0.0137008,0.0174239,0.0545322
55411,0.0621377,0.0754104,0.182205
55412,0.0318135,-0.048288,-0.158803
55413,-0.0582657,-0.0485672,-0.0744749
55414,-0.17476,-0.225021,-0.478129
55415,0.102942,0.0936347,0.205324
55416,-0.0539842,-0.0612442,-0.114556
55417,0.0204768,0.0241998,0.068519
55418,0,-0.0074461,-0.00205748
55419,0.0112808,0.00897255,0.034095
55420,0.0139614,0.0214075,0.0637298
55421,0.0460541,0.0507638,0.119217
55422,0.0559947,0.0559947,0.133348
55423,-0.0247583,-0.0300636,-0.0471463
55424,0.0265826,0.0358902,0.0944682
55425,-0.0452351,-0.035611,-0.0503167
55426,-0.00186152,-0.00204768,0.0330773
55427,-0.0111691,-0.00930762,-0.00251131
55428,-0.0130307,-0.0138684,-0.0148248
55429,0.00186152,0.00967993,0.0400349
55430,-0.0139242,-0.0288164,-0.0493752
55431,-0.086896,-0.086896,-0.165839
55432,0.0167537,0.0316459,0.0875105
55433,0.0911775,0.0986236,0.225178
55434,-0.00186152,0,0.0167484
55435,0.0167537,0.0167537,0.0511847
55436,-0.00428151,-0.00614303,0.00259999
55437,-0.0186152,-0.0167537,-0.0183309
55438,0.00372305,0.00186152,0.0193601
55439,0.0210352,0.0228968,0.0644235
55440,-0.0191737,-0.0210352,-0.0285816
55441,-0.0113181,-0.0187828,-0.0258099
55442,0,-0.00186152,0.0115647
55443,-0.00372305,-0.0147991,-0.0195943
55444,0.0167537,0.0316459,0.0875105
55445,-0.0186152,-0.0279229,-0.0377699
55446,-0.0345313,-0.0289467,-0.0425747
55447,0.0797663,0.089074,0.206283
55448,0.0340659,0.0322044,0.0828926
55449,-0.0316459,-0.0316459,-0.0501555
55450,0.0502612,0.0521227,0.126113
55451,-0.0483996,-0.0465381,-0.0798868
55452,0.592914,2.69811,6.97981
55453,0.162511,2.24513,6.05003
55454,-0.0241998,-0.0396505,-0.0774994
55455,0.00165676,-0.0560505,-0.148254
55456,0.00558457,0.00370443,0.0225289
55457,0.0294493,0.0406185,0.109583
55458,-0.0372305,-0.0409535,-0.07093
55459,0,-0.0074461,-0.00205748
55460,0.000558457,0.000558457,0.0172747
55461,0.021724,0.0230271,0.0645726
55462,0.0204768,0.0148922,0.0453579
55463,-0.00558457,-0.00558457,0.00441232
55464,-0.0148922,-0.0167537,-0.0196169
55465,0,0,0.0161054
55466,0.0707379,0.0725995,0.1681
55467,-0.0074461,-0.00558457,0.00505534
55468,0.0111691,0.0074461,0.0297519
55469,-0.0297844,-0.00372305,0.0159958
55470,-0.0198625,0.0583216,0.165227
55471,-0.00372305,-0.00372305,0.00831002
55472,0.0297844,0.0297844,0.0784686
55473,-0.0279229,-0.0856301,-0.172454
55474,0.0138311,-0.157429,-0.434493
55475,0.0526812,0.0638503,0.154798
55476,-0.0452351,-0.0508196,-0.0922308
55477,0.891335,4.87228,12.7449
55478,0.0392782,0.0217798,0.0474013
55479,-0.00450489,-0.0472083,-0.104666
55480,0.0167537,-0.00245721,-0.00476747
55481,-0.0219474,-0.0490884,-0.0953688
55482,0.0148922,0.0074461,0.0282091
55483,0,0.0112808,0.0477689
55484,-0.0457563,-0.0498516,-0.0898649
55485,-0.0897627,-0.0825959,-0.151368
55486,-0.0074461,-0.00143337,0.0175251
55487,0,0.00186152,0.0208749
55488,-0.0964642,-0.0777745,-0.133404
55489,0.0074461,0.00930762,0.0370442
55490,-0.0110202,0.0129934,0.058487
55491,-0.0817209,-0.0836011,-0.159827
55492,-0.0186152,-0.0186152,-0.0228716
55493,0.00186152,-0.0241998,-0.0532
55494,-0.302051,-2.74054,-7.2199
55495,0.000204768,0.0249817,0.105047
55496,-0.0297844,-0.0297844,-0.0462578
55497,0.0241998,0.0241998,0.0667755
55498,-0.0297844,-0.0279229,-0.041717
55499,-1.86152e-05,-1.86152e-05,0.0160664
55500,-0.298533,-0.106796,-0.135346
55501,-0.426717,-2.75537,-7.22187
55502,0.0320927,0.0637386,0.174874
55503,0.0161022,0.036579,0.108419
55504,0.000130307,-0.0370443,-0.0747413
55505,0.0098847,0.0098847,0.0368022
55506,-0.0148922,-0.0148922,-0.0150762
55507,0.381426,2.81807,7.44077
55508,0.0613931,0.0371933,0.0773157
55509,0.00186152,0.0122488,0.0470483
55510,-0.14384,-0.149425,-0.295463
55511,0.0470966,0.0379565,0.0892036
55512,0.0191737,0.0264895,0.0740968
55513,0.0111691,-0.0074461,-0.0146795
55514,0.0333213,0.0295982,0.0779223
55515,-0.0471524,-0.0508755,-0.0936359
55516,0,1.86152e-05,0.0161564
55517,0.00945655,-0.00357413,0.00114115
55518,-0.0186152,-0.0372305,-0.0688132
55519,0.0564042,0.0694349,0.165991
55520,0.0167537,0.00186152,0.0148589
55521,-0.0359274,-0.0396505,-0.0682016
55522,0.0353876,0.033433,0.0854329
55523,-0.0307524,-0.00469104,0.018906
55524,0.00969855,0.015097,0.0488994
55525,0.00338798,-0.0952728,-0.265064
55526,0.00130307,0.00130307,0.0188338
55527,0.000558457,0.0117276,0.0499411
55528,0.00876778,0.0106293,0.0381971
55529,0,-0.0186152,-0.0293018
55530,-0.0167537,-0.00930762,-0.000810981
55531,0,-0.0279229,-0.0658098
55532,0.0204768,0.0297844,0.084975
55533,-0.00921455,-0.0223383,-0.035898
55534,0.00928901,0.0101267,0.0378478
55535,0.708887,2.96943,7.6467
55536,0.00372305,-0.0111691,-0.0127501
55537,-0.0850903,-0.144659,-0.310867
55538,-0.0122674,-0.0269735,-0.0462864
55539,-0.00186152,-0.00189876,0.0120988
55540,0.0317762,0.0300078,0.0781036
55541,-0.0158974,-0.0419588,-0.0807511
55542,0.0210352,0.0191737,0.0548015
55543,-0.00930762,-0.00973578,-0.00740114
55544,0.0522158,0.0587311,0.143588
55545,-0.203837,-0.205699,-0.415233
55546,0,-9.30762e-05,0.015838
55547,0.0267687,0.0602762,0.164428
55548,-0.0083024,-0.0101639,-0.00581905
55549,-0.508792,-2.98641,-7.82676
55550,0.0223383,0.0241998,0.0770588
55551,-0.0131051,-0.0130307,-0.0111528
55552,0.0074461,0.00372305,0.0226148
55553,-0.0319624,-0.0444346,-0.0810434
55554,-0.00502612,-0.00316459,0.0103511
55555,-0.0279229,-0.0278298,-0.0282087
55556,-0.00122861,-0.00113553,0.0137929
55557,0.0074461,0.0074461,0.0316962
55558,-0.138311,-0.00428151,0.0534385
55559,0.113237,0.11696,0.262284
55560,-0.0124536,-0.0161767,-0.0190516
55561,-0.0206071,-0.0206071,-0.0270421
55562,-0.00201045,-0.000148922,0.0172439
55563,0.0459424,0.0496655,0.121382
55564,-0.0394643,-0.00409535,0.0378212
55565,0.0210352,0.0228968,0.0646901
55566,-0.014948,-0.0168096,-0.0197338
55567,0.00316459,0.00316459,0.0227315
55568,0.0857791,0.0857791,0.195711
55569,0.0790403,0.0846249,0.195453
55570,0.539414,2.94583,7.73857
55571,-0.0632918,-0.0409535,-0.0706916
55572,0.0930762,0.10069,0.23096
55573,0.113125,0.101397,0.222594
55574,0.00502612,-0.0201045,-0.0421568
55575,-0.000558457,-0.00800456,-0.00322679
55576,-0.0167537,-0.0186152,-0.0244183
55577,-0.0729718,-0.0766948,-0.145766
55578,-0.0670149,-0.0670149,-0.124441
55579,0.0483996,-0.0259683,-0.0694133
55580,-0.0335074,-0.0335074,-0.0540532
55581,-0.0232318,-0.0195832,-0.0220327
55582,0.0223197,0.0474503,0.131625
55583,0.0130307,0.0130307,0.042731
55584,-0.0148736,-0.00119138,0.0233944
55585,-0.0167537,-0.0148922,-0.0144332
55586,0.0335074,0.0335074,0.086264
55587,-0.0241998,-0.0241998,-0.0345647
55588,0.00186152,0.00186152,0.0200031
55589,-0.0651534,-0.0614303,-0.110775
55590,0.0335074,0.0335074,0.086264
55591,0.0297844,0.0279229,0.0739279
55592,0.0279229,0.0279229,0.0745709
55593,-0.0297844,-0.0297844,-0.0462578
55594,-0.0880874,-0.0880874,-0.168334
55595,0.0491443,0.0510058,0.123545
55596,-0.0289281,-0.0241067,-0.0324756
55597,-0.0204768,-0.0204768,-0.0268657
55598,0,0,0.0161054
55599,-0.00186152,-0.00186152,0.0122077
55600,-0.000204768,-0.000204768,0.0156767
55601,0.00182429,0.00368582,0.0250204
55602,0.0734185,0.0827262,0.192534
55603,-0.0297844,-0.0335074,-0.0553392
55604,0.0204768,0.0186152,0.0536321
55605,-0.0241998,-0.0223383,-0.0300239
55606,0,9.30762e-05,0.0163439
55607,0.00182429,-0.016791,-0.0314591
55608,0.00515642,0.0032949,0.0215541
55609,-0.00188014,-0.0131424,-0.0196251
55610,-0.026806,-0.026806,-0.0400215
55611,-0.00930762,-0.0112622,-0.00839102
55612,0.00558457,0.00558457,0.0277985
55613,-0.0017126,-0.0017126,0.0125195
55615,0.0074461,0.0074461,0.0316962
55616,0.0100522,0.0194529,0.060124
55617,0.00119138,0.00119138,0.0185999
55618,-1.86152e-05,-0.00374167,0.00698499
55619,0.00995916,0.0211283,0.0642025
55620,-0.00986608,-0.0210352,-0.0317967
55621,0.00798594,0.00798594,0.0328265
55622,-0.0428523,-0.0465754,-0.0827011
55623,-5.58457e-05,-5.58457e-05,0.0159885
55624,-0.0213331,-0.016791,-0.0156216
55625,0.00558457,-0.0111691,-0.0136225
55626,0.0116718,-0.0218357,-0.061962
55627,0.516052,2.75679,7.207
55628,-0.0074461,-0.0322044,-0.0708238
55629,-0.0526812,-0.0396505,-0.0582924
55630,0.191439,0.0851834,0.120851
55631,-0.0279229,-0.0335074,-0.0570182
55632,0.0707379,0.0402462,0.0894789
55633,-0.0186152,-0.0185222,-0.0226445
55634,0.00186152,0.00186152,0.0200031
55635,0.0204768,0.0204768,0.0589801
55636,-0.124722,-0.124722,-0.24504
55637,0.0204768,0.0190062,0.0555625
55638,-0.0223383,-0.0223383,-0.030667
55639,0.00186152,0.00372305,0.0245438
55640,0.0335074,0.0260613,0.0671974
55641,0.000688764,0.0117648,0.0506882
55642,-0.0316459,-0.0316459,-0.0501555
55643,0.0340845,0.0340845,0.0874723
55644,-0.0204768,-0.0204768,-0.0267693
55645,0.598164,2.76805,7.16971
55646,-0.00461658,-0.0186711,-0.0328314
55647,0.0273644,0.0161022,0.0445924
55648,-0.00746472,-0.0653581,-0.144976
55649,0.0307152,0.0298216,0.0782541
55650,-0.0241998,-0.0260427,-0.0390531
55651,-0.00279229,-0.00647811,0.00126824
55652,0.000186152,0.000186152,0.0164952
55653,-0.0148922,-0.0102384,0.0010921
55654,-0.0335074,-0.0371747,-0.0629984
55655,0.0021966,0.000335074,0.016164
55656,0.0372305,0.0465381,0.116763
55657,0.00543565,0.00543565,0.0270292
55658,0.0300636,0.0448255,0.115061
55659,-0.0204768,-0.0688764,-0.164202
55660,-0.0199555,-0.0422938,-0.0827009
55661,-0.0203837,-0.0203837,-0.0265744
55662,0,0.00186152,0.0206461
55663,0.0340101,0.0377331,0.0963978
55664,-0.00828379,-0.0100522,-0.00551267
55665,-0.0443043,-0.0461658,-0.0812005
55666,0.0241998,0.0241998,0.0667755
55667,0.0111691,0.0111691,0.0394916
55668,-0.0647811,-0.0399669,-0.0548576
55669,0.0247583,0.0247583,0.0679448
55670,0.0130307,0.0130307,0.0433893
55671,0.000502612,-0.0241998,-0.0430976
55672,0.0173122,0.0154507,0.0478133
55673,0.00750195,0.00554734,0.0261978
55674,-0.0191737,-0.0191737,-0.0240409
55675,0.0228968,0.0378076,0.100425
55676,-0.00372305,-0.0111691,-0.012167
55677,0.00502612,0.00111691,0.0170708
55678,-0.0383474,-0.0346244,-0.0551057
55679,0.0631057,0.0789287,0.185516
55680,0.0636269,0.0473386,0.106931
55681,0.332431,2.55606,6.79578
55682,0.00558457,-0.0227292,-0.0513286
55683,0.0537608,0.0128818,0.0162005
55684,-0.0128073,-0.0146688,-0.012855
55685,0.00649672,-0.0106107,-0.0120209
55686,0,-0.000111691,0.0158294
55687,0.0698444,0.0698444,0.120232
55688,-0.0389803,0.08496,0.235002
55689,0.00850717,0.00850717,0.0339179
55690,-0.00556596,-0.00372305,0.00960488
55691,0.00331351,-0.0134402,-0.0225461
55692,-0.00372305,-0.0148922,-0.0189343
55693,0.0315342,-0.0466498,-0.139389
55694,-0.00208491,-0.00208491,0.01174
55695,0.0102198,0.0102198,0.0373548
55696,0.00186152,0.00186152,0.0200031
55697,0.0308827,0.032223,0.0838582
55698,-0.0218171,-0.0236786,-0.0341163
55699,0.00735302,-0.00567765,-0.00644573
55700,-0.0963898,-0.0842899,-0.150506
55701,0.0148922,0.0130307,0.0427463
55702,0.0409535,0.0380123,0.0946805
55703,-0.0277181,-0.0239951,-0.0376709
55704,0.00186152,0.00186152,0.0200031
55705,0.0111691,0.0111691,0.0394916
55706,-0.0204768,-0.0223383,-0.0321172
55707,0.0446952,0.0446952,0.109689
55708,0.0108155,0.00895394,0.0342103
55709,0.00737164,-0.112846,-0.261928
55710,-0.00930762,-0.00930762,-0.00338308
55711,-0.035369,-0.0409535,-0.071573
55712,0.00398366,0.127924,0.326768
55713,0.0223383,0.0232877,0.0656053
55714,-0.0279229,-0.0260613,-0.0378193
55715,0.00558457,0.00186152,0.0187171
55716,0.0074461,0.0074461,0.0316962
55717,0,0.00186152,0.0214534
55718,0,0,0.0161054
55719,0,0.000186152,0.0166499
55720,-0.00215937,0.00156368,0.02228
55721,0.0287419,0.0933927,0.279168
55722,-0.00558457,-0.00558457,0.00441232
55723,0.00526812,0.00526812,0.0271359
55724,-0.00497027,-0.00497027,0.00569856
55726,0.00117276,0.00135891,0.019015
55727,0.00608719,0.00608719,0.0288509
55728,0.0130307,0.0130307,0.0433893
55729,-0.0204768,-0.0204768,-0.0267693
55730,0.0463706,0.0575397,0.140441
55731,1.00163,5.4689,14.2685
55732,-0.055157,-0.100411,-0.215912
55733,0.00318321,0.0738095,0.191118
55734,-0.040544,-0.0666054,-0.140151
55735,-0.3307,-2.68039,-7.09607
55736,0.00986608,0.0195274,0.060483
55737,0.0184291,0.0202906,0.0601483
55738,-0.0191737,-0.0228968,-0.0298934
55739,-0.0162511,-0.0154693,-0.0160144
55740,0.0315156,0.0515642,0.140568
55741,-0.0608346,-0.0628451,-0.116194
55742,0.0237158,0.0241812,0.0669545
55743,-0.0204768,-0.0316459,-0.059272
55744,0.0755779,0.0783702,0.181163
55745,-0.045626,-0.0474875,-0.0831607
55746,-0.00372305,-0.00372305,0.00831002
55747,-0.0619888,-0.0657118,-0.122769
55748,-0.00277367,0.0028109,0.02392
55749,0.0210352,0.0215006,0.0612846
55750,-0.0259683,-0.0371374,-0.0655118
55751,0.0167537,0.028016,0.078689
55752,-0.0335261,-0.0446952,-0.0813365
55753,0.0204582,0.0241812,0.0680226
55754,-0.0167537,-0.0130307,-0.00989243
55755,-0.0117835,-0.0192296,-0.0267299
55756,-0.0150411,-0.0225803,-0.0337779
55757,0.00742748,0.00874917,0.0352011
55758,-0.455106,-2.48828,-6.49082
55759,-0.00249444,0.0183546,0.0705025
55760,-0.00376028,-0.00370443,0.00836829
55761,-0.0130679,-0.0133844,-0.0120557
55762,0.0105921,0.0111505,0.039843
55763,0.0161953,0.0165117,0.0509246
55764,-0.00186152,-0.00199183,0.0118438
55765,0.0130307,0.0130307,0.0433893
55766,-0.0111691,-0.0107038,-0.0061456
55767,0.00433735,0.0080604,0.0456097
55768,-0.0116159,-0.0116159,-0.00821623
55769,0.00165676,-0.112976,-0.260043
55770,0.00975439,0.0134774,0.0456108
55771,-0.00372305,0,0.0190788
55772,0.000465381,0.0200114,0.0776431
55774,-0.0151342,-0.0080604,0.00589553
55775,-0.0534816,-0.0460355,-0.0744836
55776,0.00740887,0.00740887,0.0316183
55777,-0.750641,-5.04596,-13.3614
55778,-0.0251306,0.124852,0.335525
55779,0.0418657,0.0530348,0.135551
55780,-0.0130865,-0.00564042,0.00696789
55781,0.0130307,0.0148922,0.0481588
55782,-0.00930762,-0.0089167,-0.00224386
55783,0.00039092,-0.0247397,-0.0552736
55784,-0.00651534,-0.00604996,0.00359865
55785,0,0.0223383,0.0774748
55786,-0.049014,-0.0452537,-0.0817086
55787,0.014948,0.014948,0.0474039
55788,0.010741,0.0297286,0.0917912
55789,-0.00502612,-0.0441181,-0.103319
55790,-0.00558457,0.0111691,0.0519308
55791,0.0213517,0.0278484,0.0778498
55792,-0.00273644,0.0106479,0.0475133
55793,0.000465381,0.00418843,0.0266188
55794,0.00483996,0.0104432,0.0426852
55795,0.00273644,-0.00657118,-0.00430892
55796,0.00186152,0.00186152,0.0200031
55797,0.0130307,0.0130307,0.0433893
55798,0.0223755,-0.0223011,-0.073075
55799,0.381091,2.86662,7.62438
55800,-0.250803,-2.72512,-7.28255
55801,-0.00223383,-0.000372305,0.0159689
55802,0.0207746,0.0282207,0.0858829
55803,0,0.00186152,0.0206461
55804,-0.0390734,-0.0249258,-0.0260795
55805,0.00800456,0.00800456,0.0326368
55806,-0.00186152,-0.0131238,-0.0222862
55807,0,1.86152e-05,0.0161589
55808,0.00632918,0.00774394,0.0340275
55809,-9.30762e-05,0.00178706,0.0213105
55810,0.00813486,-0.00513781,-0.00361894
55811,-0.00986608,-0.00986608,-0.00455239
55812,0.0167537,0.016307,0.050104
55813,0.0122861,-0.0383288,-0.100341
55814,-0.0272341,-0.0272341,-0.0409179
55815,-0.010499,-0.0253912,-0.0440334
55816,-0.00930762,-0.00930762,-0.00338308
55817,-0.00186152,-0.00372305,0.00766699
55818,-0.0173122,-0.0936347,-0.215463
55819,-0.000558457,-0.000558457,0.0149361
55821,-0.0558085,-0.0521785,-0.0916974
55822,-0.343265,-2.77257,-7.3076
55823,0.0338053,0.0431129,0.112085
55824,0,0.0316459,0.100309
55825,-0.00504473,-0.00271783,0.0114473
55826,-1.86152e-05,-1.86152e-05,0.0160664
55827,-0.00186152,-0.00186152,0.0122077
55828,0.00787425,0.0115973,0.0416741
55829,0.0124722,0.0143337,0.0467607
55830,0.0135891,0.0136822,0.0441446
55831,-0.0111691,-0.0111691,-0.00728078
55832,0.00204768,0.0208491,0.0710482
55833,0.000763225,-0.00156368,0.0222118
55834,-0.0507824,-0.0544682,-0.0992099
55835,0.00614303,0.00800456,0.0335085
55836,-0.00483996,-0.00483996,0.0059714
55837,0.00227106,-0.0275133,-0.0633312
55838,-0.122302,-0.120441,-0.234625
55839,0.125672,0.125672,0.279239
55840,-0.011467,-0.011467,-0.00790441
55841,0.00975439,0.00975439,0.0365294
55842,-0.00204768,-0.0448628,-0.0993156
55843,0.0228968,0.0117276,0.0344972
55844,0.00536119,0.00722272,0.0326788
55845,0.0135891,0.0140545,0.0456938
55846,-0.00186152,0,0.0175557
55847,0.00688764,0.0106107,0.0396084
55848,-0.000558457,-0.00428151,0.00585466
55849,0.0325767,0.0418843,0.107019
55850,0.31901,2.81973,7.4707
55851,-0.0244232,-0.0837686,-0.193129
55852,-0.00632918,-0.0379751,-0.0743391
55853,-0.0118393,-0.0211469,-0.0344656
55854,-0.0223383,-0.0335074,-0.0581401
55855,0.054915,0.0511919,0.122006
55856,-0.00558457,-0.00930762,-0.00466913
55857,1.86152e-05,-0.00370443,0.00443378
55858,-0.000465381,-0.00342521,0.00715543
55859,0.00930762,0.00167537,0.0158124
55860,-0.00186152,-0.00186152,0.0122077
55861,-0.0781654,-0.0763039,-0.143018
55862,0.0433735,0.041512,0.102381
55863,-0.0283696,-0.0358157,-0.0643299
55864,0.0454398,0.0658049,0.161139
55865,0.0125653,0.00884224,0.0333334
55866,-0.022934,-0.0224686,-0.0307791
55867,0.333399,2.87868,7.65505
55868,0.145292,0.062268,0.0766577
55869,-0.0462775,-0.0632174,-0.126359
55870,0.0389803,2.65001,7.2698
55871,0.0428151,0.0350525,0.0830054
55872,0.00301567,-0.0225989,-0.0507724
55873,-0.0111691,-0.0186152,-0.0247574
55874,-0.0119138,-0.0156368,-0.0179213
55875,0.335074,0.36672,0.804993
55876,0.0112808,-0.012919,-0.0270996
55877,-0.0169399,-0.0197322,-0.0279771
55878,0.0074461,0.0074461,0.0325035
55879,0,0.00186152,0.0215498
55880,0.0187828,0.109085,0.275277
55881,-0.00078184,-0.00078184,0.0144481
55882,0.000521227,0.000521227,0.0162931
55883,0.00255029,0.000688764,0.0169045
55884,-1.86152e-05,-1.86152e-05,0.0160664
55885,-0.048139,-0.0534816,-0.0931664
55886,0.0513036,0.0475806,0.114445
55887,-0.0111691,-0.0074461,0.00180067
55888,0.000372305,0.000372305,0.0176922
55889,-0.00188014,-0.120348,-0.332709
55890,0.00238275,0.00470966,0.0267704
55891,-1.86152e-05,0.00483996,0.0286358
55892,0,0,0.0161054
55893,0,0,0.0126651
55894,0,0,0.0161054
55895,0.0171819,0.0171819,0.0520812
55896,-0.000186152,-0.000186152,0.0157156
55897,0.000465381,0.000465381,0.0170798
55898,0,-0.00113553,0.0134248
55899,0.00107968,0.00145199,0.0201924
55900,0.00186152,0.00228968,0.0211989
55901,0.00541704,0.125634,0.320661
55902,0,-0.0945655,-0.225869
55903,-0.0387197,-0.0441926,-0.0795935
55904,-0.00770671,-0.00984747,-0.00603726
55905,0.369066,3.09784,8.12749
55906,-0.0332841,-0.0499819,-0.10546
55907,0.00186152,-0.00545427,0.00218341
55908,0.0074461,-0.0111505,-0.0169504
55909,-0.0614303,-0.126584,-0.271014
55910,-1.46269,-6.71631,-17.3106
55911,0.0434108,0.0415492,0.101652
55912,-0.429398,-2.70839,-7.11346
55913,0.0519365,0.15432,0.410257
55914,-0.00186152,0.00407674,0.0303233
55915,0,-0.0019546,0.00719052
55916,0.00673872,0.00673872,0.0302151
55917,0,9.30762e-05,0.0163506
55918,-0.00119138,0.000670149,0.0181516
55919,0.00130307,-0.110184,-0.271152
55920,-0.0130307,-0.0165676,-0.0197696
55921,0.00921455,0.0129376,0.0452877
55923,-0.00418843,-0.0079301,0.00896338
55924,-0.00186152,-0.00372305,0.00685975
55925,0.00632918,0.00819071,0.0338983
55926,0.208491,0.225245,0.493514
55927,0,0,0.0161054
55928,0.000483996,-0.0144082,-0.0205794
55929,0.00372305,0.00558457,0.0292488
55930,-0.000819071,-0.00826517,-0.00377247
55931,-0.00848855,-0.00848855,-0.00166809
55932,-0.00078184,0.0110202,0.0450668
55933,0.00078184,-0.0159719,-0.0293167
55934,0.0800456,0.0874917,0.201869
55935,-0.0194716,-0.0264523,-0.0440781
55936,-5.58457e-05,-5.58457e-05,0.0159885
55937,0.0120813,0.0116159,0.0402663
55938,0.00800456,0.00973578,0.0378475
55939,-0.00428151,-0.00428151,0.00714071
55940,0.00428151,0.00428151,0.0250701
55941,-0.00372305,-0.00372305,0.00831002
55942,0.00461658,0.0120627,0.0439346
55943,0.403002,3.0919,8.13243
55944,-0.0208491,-0.0431874,-0.081568
55945,-0.00182429,-0.0273272,-0.0613145
55946,0.00186152,0.0318693,0.0931996
55947,-0.010983,-0.010983,-0.00689101
55948,0.00876778,0.00690626,0.0299229
55949,-0.0252237,0.065898,0.185789
55950,0.00698072,0.00325767,0.0216403
55951,-0.000986608,-0.000986608,0.0140396
55952,0.00791148,0.00791148,0.0326706
55953,0.00189876,0.0174239,0.0618837
55954,0,-0.00372305,0.00702397
55955,0.00930762,-0.0837686,-0.219169
55956,0.00225245,0.00225245,0.0208216
55957,0.0111691,0.0130307,0.0440323
55958,-0.00776256,-0.00497027,0.00660591
55959,0.00301567,-0.00629195,-0.00109117
55960,0.0220777,0.0332468,0.0895765
55961,-0.0183546,-0.0292446,-0.0487904
55962,-0.00154507,-0.00154507,0.0128703
55963,-0.00742748,-0.0111505,-0.00852785
55964,0.0129376,0.0185222,0.0568166
55965,-0.026415,-0.0468918,-0.0898371
55966,-0.00498889,-0.00498889,0.00565958
55967,-0.00266198,-0.00266198,0.00534511
55968,0.0101081,0.0156927,0.0520729
55969,0.0164559,-0.195758,-0.467081
55970,-0.0171633,-0.00413259,0.011725
55971,0.0120441,0.00459797,0.0231606
55972,-0.0101267,0.00290398,0.026687
55973,-0.012677,-0.0201231,-0.0286008
55974,0.00372305,-0.00273644,0.00803699
55975,0.00428151,0.00986608,0.0341174
55976,0.0111691,0.0148922,0.0478868
55977,0.00932624,0.0184477,0.0576308
55978,0.0120255,0.0083024,0.0322031
55979,-0.00372305,-0.0074461,-0.000771429
55980,0.0335074,0.039092,0.100763
55981,-0.00567765,-0.00567765,0.00421743
55982,0.00757641,0.0117648,0.0422429
55983,0.628805,3.34607,8.73762
55984,-0.0219474,-0.0293935,-0.0515169
55985,0.00642226,-0.012193,-0.0165428
55986,-0.00930762,-0.0167537,-0.021546
55987,0.00428151,0.00625472,0.0305811
55988,0.0241998,0.0209422,0.0588292
55989,-0.00039092,-0.00039092,0.0146007
55990,-0.00454212,0.0885341,0.233631
55991,-0.0074461,-0.0130307,-0.0131076
55992,0.0194529,0.0194343,0.056791
55993,-0.0199928,-0.0199928,-0.0257559
55994,0.0294307,0.0275692,0.0718262
55995,-0.0164931,-0.111431,-0.282918
55996,0.00241998,0.0043932,0.0260251
55997,0.00186152,0,0.0154624
55998,0.0280904,0.00947516,0.027227
55999,-0.00800456,-0.00614303,0.0045443
56000,-0.00547288,-0.00547288,0.00464618
56001,9.30762e-05,-0.000837686,0.0138281
56002,-0.00186152,-0.0039092,0.00621889
56003,0.0074461,0.0074461,0.0316962
56004,0.0167537,0.0167537,0.0511847
56005,-0.00614303,-0.00800456,-0.00220138
56006,-0.00947516,-0.00947516,-0.00373387
56007,-0.0366162,-0.0403392,-0.0690719
56008,0.00733441,-0.0763039,-0.201412
56009,-0.0196949,-0.243692,-0.571735
56010,-0.00493304,0.017852,0.0686674
56011,0.00997777,0.0098847,0.0367003
56012,0.0507638,0.065656,0.159529
56013,-0.0564787,-0.0527556,-0.0903525
56014,-0.0204768,-0.0204768,-0.0267693
56015,0.0288164,0.0306779,0.0809825
56016,-0.000316459,-0.000316459,0.0154428
56017,0.00178706,0.00178706,0.0198472
56018,-0.0104245,-0.0103315,-0.00549466
56019,-0.00156368,-0.00156368,0.0128313
56020,0.00992193,0.0080604,0.0323394
56021,0.0184291,0.0294866,0.0869229
56022,0.00135891,0.00119138,0.0185421
56023,0.00316459,-0.00800456,-0.00889478
56024,-0.00141476,-0.00130307,0.0134156
56025,0.0220777,0.0351084,0.0949244
56026,-0.011225,-0.0186711,-0.0255606
56027,-0.00478412,-0.00850717,-0.00299312
56028,0.169008,0.215546,0.488528
56029,0.0215192,-0.0157113,-0.0346841
56030,0.243413,2.86412,7.64334
56031,-0.00565904,-0.0466126,-0.109543
56032,-0.0112064,-0.0186711,-0.0288438
56033,0.107484,0.12368,0.282766
56034,0.0240881,-0.0782957,-0.216225
56035,0.0167537,0.0110202,0.0364947
56036,0.0160091,0.0197322,0.0578034
56037,-1.86152e-05,-1.86152e-05,0.0160664
56038,0.0026806,0.0454957,0.125926
56039,-0.00215937,0.0183174,0.068773
56040,-0.0277367,-0.0537981,-0.112553
56041,0.0119138,0.0100522,0.0362812
56042,0.00400228,0.00214075,0.0199447
56043,-0.00666426,-0.00294121,0.0112331
56044,-0.00645949,-0.0127701,-0.0130694
56045,-0.115173,-0.118728,-0.226058
56046,0.000930762,0.00266198,0.0222518
56047,0.0241626,0.0246094,0.0678422
56048,-0.0111691,-0.00930762,-0.0029688
56049,0.437421,2.79445,7.38742
56050,0.0385894,0.04369,0.107562
56051,-0.0340659,-0.0734185,-0.151895
56052,-0.00644088,-0.0120255,-0.0110028
56053,-0.00575211,0.000651534,0.0231712
56054,0.0114484,0.00858163,0.0332962
56055,-0.00848855,-0.0198439,-0.03021
56056,0.0130679,0.00934486,0.0343858
56057,-0.010983,-0.0035369,0.01349
56058,0.0472269,0.0559761,0.135506
56059,0.388016,2.73834,7.27265
56060,-0.0428895,-0.0713523,-0.152387
56061,0.00664564,-0.025205,-0.0567406
56062,0.0789845,0.00545427,-0.0326569
56063,0.00828379,0.0324836,0.0959454
56064,0.0187083,0.0149853,0.0461958
56065,0.00197322,0.00197322,0.0204657
56066,0,0.00186152,0.0208749
56067,0.0039092,0.00949378,0.037684
56068,-0.0332655,-0.0614862,-0.124934
56069,-0.0338425,-0.0377703,-0.0634037
56070,0.0703284,0.154097,0.371058
56071,0.0228968,0.0228037,0.0638201
56072,0,-0.00930762,-0.00679864
56073,0.268897,2.57514,6.85455
56074,-0.0140731,-0.0462961,-0.108666
56075,1.86152e-05,-0.00184291,0.0107234
56076,-0.000837686,0.012193,0.051228
56077,0.111189,0.106442,0.234974
56078,-0.00336936,-0.00753918,-0.00127695
56079,0.0130121,0.0111691,0.0392138
56080,-1.86152e-05,-0.000111691,0.0157942
56081,0.00182429,0.00182429,0.0199252
56082,-9.30762e-05,-0.00753918,-0.00225236
56083,-0.0398366,-0.0473758,-0.0890699
56084,-0.00394643,-0.0244232,-0.0412984
56085,-0.00374167,-0.00560319,0.00373032
56086,0,-0.0228595,-0.0396547
56087,0.0150039,0.0168654,0.0527199
56088,-0.00372305,-0.00372305,0.00831002
56089,0,0.00212214,0.0220261
56090,0.00670149,0.0106107,0.0390802
56091,-0.0146316,-0.0202162,-0.0288389
56092,0.00186152,0.00208491,0.020627
56093,-0.00930762,-0.00930762,-0.00338308
56094,-0.00186152,-0.00186152,0.0122077
56095,-0.00807902,-0.0136636,-0.0146143
56096,0.0108155,-0.00593826,-0.00807359
56097,-0.00470966,-0.0048772,0.00574956
56098,0,0,0.0161054
56099,-0.00379751,-0.00379751,0.00815411
56100,0.00271783,0.0043932,0.0240096
56101,0.00958685,0.00958685,0.0361786
56102,0.0132168,0.0264709,0.0835797
56103,0.687536,2.87161,7.31882
56104,-0.0568882,-0.141457,-0.313649
56105,-0.511808,-2.90794,-7.56408
56106,-0.0250747,0.00284813,0.0422884
56107,-3.72305e-05,-3.72305e-05,0.0160275
56108,-0.00186152,0.00176845,0.0219377
56109,0.0634408,0.0653023,0.154287
56110,-0.0260613,-0.0166606,-0.0137034
56111,-0.0103315,-0.0550081,-0.135907
56112,-0.00967993,-0.013403,-0.0132441
56113,-0.00186152,-0.00186152,0.0122077
56114,0,0.00413259,0.0261858
56115,0.0204768,0.018578,0.0536629
56116,-0.0186152,-0.00737164,0.00984778
56117,0,-0.0111691,-0.0163973
56118,-0.0107968,-0.00707379,0.00326645
56119,-0.201101,-0.209384,-0.42182
56120,-0.0318693,-0.054673,-0.114319
56121,-0.379528,-2.55081,-6.72035
56122,0.0103687,0.0165117,0.0683832
56123,0.000614303,0.000614303,0.0173917
56124,-0.00372305,0.00908424,0.0401012
56125,-0.0186525,-0.0186525,-0.0229495
56126,-0.00688764,-0.00688764,0.00168393
56127,0.0297844,0.0297844,0.0784686
56128,-0.00368582,-0.00368582,0.00838797
56129,0.150784,0.160091,0.354523
56130,-0.000856301,-0.000856301,0.0143125
56131,-0.000539842,0.000558457,0.0187358
56132,0.0853509,0.0481204,0.0985106
56133,-0.00465381,-0.0139614,-0.0170287
56134,0.0014706,0.0089167,0.0373475
56135,0.0241998,0.0167537,0.0486126
56136,-0.0345499,-0.0364114,-0.0607766
56137,0.00740887,0.0111319,0.0424563
56138,-0.0019546,-0.0019546,0.0117841
56139,0.00556596,0.0111505,0.0413817
56140,0.00389059,-0.0854626,-0.226616
56141,-0.00372305,-0.00558457,0.00376929
56142,0.00180568,0.00180568,0.0198862
56143,0.51581,2.90806,7.60301
56144,0.300096,0.286489,0.602227
56145,-0.0102942,-0.0122488,-0.00975913
56146,0.29535,2.89153,7.63369
56147,0.000186152,0.0672011,0.180878
56148,0.00558457,0.00372305,0.023029
56149,0.0539842,0.0930762,0.224494
56150,0.0758571,0.0777187,0.179249
56151,0.0124722,0.0116345,0.0391331
56152,0.00102384,-0.00152645,0.0116212
56153,-0.0137194,-0.0163628,-0.0191645
56154,-0.000558457,-0.000558457,0.0149361
56155,0.0228968,0.0228968,0.0640471
56156,-0.0557713,-0.0576328,-0.10521
56157,0.00746472,0.00746472,0.0317352
56158,-0.0074461,-0.0074461,0.00051462
56159,0.0228968,0.0227851,0.0637188
56160,-0.010983,-0.010983,-0.00527652
56161,0.0166606,0.0203837,0.0599209
56162,-0.0111691,-0.00558457,0.00568313
56163,-0.868643,-5.48299,-14.3493
56164,-0.34522,-2.519,-6.65509
56165,-0.0106107,-0.0355737,-0.0756395
56166,0.0229898,0.0304359,0.0879094
56167,-0.00241998,0.0124722,0.0543753
56168,-0.00614303,-0.0130307,-0.0183106
56169,-0.137641,-2.23979,-6.07587
56170,-0.00930762,0.0260613,0.0920166
56171,-0.0110202,-0.0102012,-0.00468396
56172,-0.0204768,-0.0204768,-0.0294509
56173,-0.00372305,-0.0930762,-0.249778
56174,-0.000130307,-0.000130307,0.016078
56176,0.00180568,0.00180568,0.0198862
56177,1.01328,6.35026,16.5878
56178,-0.00148922,-0.012677,-0.0211922
56179,0.00986608,0.0102012,0.0350312
56180,-0.00558457,-0.00362997,0.00943655
56181,-0.00186152,-0.00186152,0.0122077
56182,0.00188014,-0.00556596,0.0018792
56183,0.0185036,-0.0112808,-0.0252892
56184,0.115433,0.118877,0.266139
56185,0.00186152,0.039092,0.126962
56186,0,-0.00558457,0.00179518
56187,0.00186152,0.0325767,0.10264
56188,-0.00167537,0.00577073,0.0339894
56189,0.00186152,0.00186152,0.0200031
56190,0.0122861,0.0122861,0.0418302
56191,0.0763225,0.0799525,0.184733
56192,0,-0.0167537,-0.0247611
56193,0.000186152,-0.00912147,-0.00643718
56194,-0.0148922,-0.0147991,-0.0148162
56195,0.0204768,0.0153576,0.0464931
56196,0.00850717,0.0122302,0.0429994
56197,0.0200114,-0.0928342,-0.230437
56198,-0.0168282,-0.00938209,-0.000966889
56199,0.00372305,0.0148922,0.05676
56200,0.0315528,0.0277553,0.0728722
56201,-0.0223755,-0.020514,-0.0259755
56202,-0.0104059,-0.014129,-0.0147642
56203,0.00742748,0.0111505,0.0407387
56204,0,0,0.0161054
56205,-0.0240509,-0.0313295,-0.0520071
56206,-0.00186152,-0.00223383,0.0112164
56207,0.016791,0.016791,0.0512627
56208,-0.0130307,-0.0130307,-0.0111785
56209,0.0140731,0.0177962,0.0546535
56210,-0.0140731,-0.01761,-0.0219886
56211,0.0825772,0.0931879,0.214692
56212,0.229228,3.0801,8.30513
56213,0.0292818,0.025596,0.0642091
56214,0.0313667,-0.069044,-0.176271
56215,-0.00104245,0.0309572,0.106407
56216,0.0150784,0.00742748,0.0261897
56217,0.402276,3.27144,8.6946
56218,-0.0340659,-0.0462589,-0.0891308
56219,0.0197135,0.0102942,0.0305003
56220,-0.00186152,-0.0120999,-0.0122084
56221,0.0408791,0.00364859,0.0108844
56222,0.42104,0.585654,1.30428
56223,-0.336806,-3.15067,-8.45354
56224,0.373385,3.13356,8.39584
56225,0.117835,-0.0250934,-0.107731
56226,-0.342353,-3.083,-8.26071
56227,-0.0139614,0.0121744,0.0619283
56228,0.00372305,-0.0167537,-0.029029
56229,0.111654,0.0355737,0.0646244
56230,0,0.0111691,0.0481932
56231,-0.00742748,-0.0089167,-0.00307898
56232,-0.358027,-3.04812,-8.12989
56233,0.00372305,0.00182429,0.0300481
56234,0.0241998,0.0297844,0.0891616
56235,0,-0.00372305,0.00543655
56236,-0.00266198,-0.00266198,0.0105317
56237,0,0.00800456,0.038015
56238,0,0.000465381,0.0172406
56239,0.0326698,0.0459052,0.116894
56240,0.00930762,0.0111319,0.0408373
56241,-0.00186152,-0.00372305,0.00766699
56242,-0.00186152,0.00186152,0.0226057
56243,0.00372305,0.00372305,0.0239008
56244,0.000967993,0.000967993,0.0181322
56245,0.000688764,0.00255029,0.0262057
56246,0.0112064,0.0112064,0.0359116
56247,-0.0536491,-0.070105,-0.140208
56248,-0.0380123,-0.0337308,-0.0503101
56249,-1.15022,-6.26649,-16.2118
56250,0.0186339,0.0506335,0.14746
56251,0.00186152,0.00558457,0.0321326
56252,0.00186152,0.00536119,0.0246169
56253,-0.00372305,0.0150784,0.0636141
56254,0,-0.00186152,0.0115647
56256,-0.817489,-3.06007,-7.85524
56257,0.0303242,0.0787425,0.195565
56258,-0.00186152,-0.00186152,0.0122077
56259,-0.0526812,-0.0545427,-0.0981857
56260,0.000558457,0.000837686,0.0181234
56261,0.0191737,0.0266198,0.0753183
56262,0.0148922,0.0335074,0.100767
56263,-0.000558457,0.00130307,0.030697
56264,-0.00186152,-0.00186152,0.0122077
56265,0.0119696,0.0305849,0.0934555
56266,-0.160501,-2.44789,-6.63034
56267,0.00370443,0.0223383,0.0739291
56268,0.349855,2.73769,7.30821
56269,0.0167537,0.0228037,0.0672068
56270,0.0167537,-0.00186152,-0.00611631
56271,0.105735,0.108527,0.244486
56272,-0.00558457,-0.00930762,-0.00532739
56273,-0.0489581,-0.0489581,-0.0649282
56274,0.0318879,0.0414748,0.106389
56275,0.00374167,0.00374167,0.0239398
56276,-0.0257635,-0.0257635,-0.0378387
56277,0.0167537,0.0167537,0.0511847
56278,-0.0035369,-0.0035369,0.00869979
56279,0.00558457,0.00558457,0.0277985
56280,0.0111691,-0.00930762,-0.0185288
56281,-0.00284813,-0.00284813,0.0101419
56282,0.00186152,0.00558457,0.0306763
56283,-0.00227106,-0.00199183,0.0121301
56284,0.00800456,0.00800456,0.0328655
56285,0.0130121,0.0111505,0.0388096
56286,-0.0186339,-0.0149108,-0.0136004
56287,0.0188386,0.0188386,0.0555501
56288,0.00284813,0.00470966,0.0266096
56289,-0.00104245,-0.00104245,0.0139227
56290,-0.0369327,-0.0352573,-0.0531939
56291,0.00186152,0.00850717,0.0381911
56292,-0.0212214,-0.0416982,-0.0816894
56293,-0.00119138,-0.178036,-0.417758
56294,0.0193599,0.0212214,0.061411
56296,-0.0130307,-0.0130307,-0.0111785
56297,-0.00562181,0.0278856,0.10503
56298,-0.00223383,-0.000372305,0.0167761
56299,0.0030529,0.00119138,0.0172689
56300,0,0.0074461,0.0351833
56301,0,-0.0133844,-0.0191455
56302,0.00290398,0.00949378,0.0387743
56303,-5.58457e-05,-0.00191737,0.0114478
56304,0.0143337,0.00688764,0.00892971
56305,-0.0150225,-0.0336378,-0.066109
56306,-0.00370443,0.00867471,0.0422905
56307,-0.00186152,-0.00372305,-0.00377029
56308,-0.00372305,-0.00372305,0.00831002
56309,0.138311,0.142034,0.314786
56310,-0.00930762,-0.00837686,-0.000835451
56311,0,0,0.0161054
56312,0.25233,2.57311,6.86766
56313,-0.000930762,0.000930762,0.0191548
56314,0.0111691,-0.0108713,-0.0214596
56315,0.0670521,0.0707566,0.165537
56316,0.0074461,0.00186152,0.018074
56317,-0.0130307,-0.0148922,-0.0157192
56318,0.0111691,0.00752056,0.0296841
56319,0.00558457,0.00130307,0.0166999
56320,0.0135891,0.0154507,0.0490993
56321,0.00502612,0.00685041,0.0315255
56322,0.0122302,0.00478412,0.0203214
56323,0.00372305,0.00558457,0.0284415
56324,-0.0204768,-0.0223383,-0.0308525
56325,-0.00357413,0.00201045,0.022244
56326,0.0208863,0.0190248,0.0552969
56327,0.00335074,-0.000372305,0.0138111
56328,-0.0107968,-0.0112622,-0.00769361
56329,-0.00943793,-0.0919035,-0.238985
56330,-0.00204768,-0.00204768,0.0118179
56331,-0.00186152,0.00558457,0.0334489
56332,-0.0196205,-0.0235483,-0.0350399
56333,-0.0028109,-0.0028109,0.0102199
56334,0.0148922,0.0130307,0.0421918
56335,0.00178706,0.00178706,0.0198472
56336,0.00186152,-0.00558457,-0.00138875
56337,0.00364859,-0.0950122,-0.216913
56338,0.00562181,0.00934486,0.0369579
56339,0,0,0.0161054
56341,-0.0168282,-0.0205512,-0.0282112
56342,0.0186152,0.0335074,0.0941664
56343,0.0111505,0.00742748,0.0303712
56344,0.0167351,0.0279043,0.0810231
56345,-0.0111878,-0.0149108,-0.0164012
56346,0.0130307,0.0167537,0.0524708
56347,0.089167,0.0984747,0.22528
56348,0.356314,2.7201,7.17528
56349,0.00374167,-0.00556596,-0.00775829
56350,0.0297844,-0.0409535,-0.0901843
56351,-0.0173122,-0.0169399,-0.0177426
56352,-0.00186152,-0.00186152,0.0128958
56353,-0.000446766,-0.0245163,-0.0477786
56354,0.00930762,0.118244,0.301317
56355,-0.456818,-3.09322,-8.11324
56356,-0.0415679,-0.0340101,-0.051537
56357,0.0693604,0.0769927,0.176294
56358,0.00241998,0.00241998,0.0211724
56359,-0.00428151,0.0739025,0.197851
56360,0.00800456,0.0154507,0.0510284
56361,-0.00186152,-0.00558457,0.00312627
56362,0.0260613,0.0223383,0.0615918
56363,0,-0.0908796,-0.244982
56364,0,0.00372305,0.0251869
56365,-0.00660841,-0.0103315,-0.00681286
56366,0,0.00372305,0.0247573
56367,0,-0.00232691,0.00929993
56368,0.00558457,0.00558457,0.0277985
56370,0.00186152,0.00186152,0.0200031
56371,0.0015823,0.0015823,0.0194185
56372,-0.0015823,-0.0200859,-0.0361483
56374,0.00204768,0.0132168,0.0476372
56375,-0.0167537,-0.0204768,-0.0280553
56376,0.0452164,0.0452164,0.110781
56377,0.00130307,-0.00241998,0.00975236
56378,0.0186152,0.0260613,0.0732453
56379,0.0234552,-0.0186711,-0.0381294
56380,0.00800456,0.0191737,0.0601099
56381,-0.0453281,-0.0490512,-0.087885
56382,0.0149294,0.0186525,0.0564464
56383,0.248402,2.87332,7.73602
56384,0.0376028,0.017126,0.0343743
56385,-0.0302684,-0.0641109,-0.129138
56386,0.0153762,0.110314,0.291315
56387,-0.0428151,-0.0483066,-0.0869277
56388,0.0954962,0.0917732,0.206976
56389,0.0194343,0.0315156,0.0827583
56390,-3.72305e-05,0.00182429,0.0212265
56391,-0.0130307,-0.0130307,-0.0111785
56392,0.0130307,0.0120627,0.0409663
56393,0,0,0.0161054
56394,0.239653,2.80772,7.52693
56395,-0.0126584,-0.0115973,-0.0217294
56396,0.0130307,0.0111691,0.0418282
56397,0.0074461,0.00735302,0.0314348
56398,0.0167537,-0.00469104,-0.00112443
56399,0.00521227,0.00707379,0.0315597
56400,0.0388314,0.0388314,0.0976568
56401,0.00435597,0.00565904,0.028862
56402,-1.86152e-05,0.00370443,0.0256054
56403,0.00409535,0.00223383,0.0201396
56404,0.00930762,-0.0074461,-0.00446536
56405,0.123605,0.116159,0.253521
56406,0.00616165,-0.103668,-0.275779
56407,-0.00201045,-0.00201045,0.0118959
56408,0.00867471,0.00681318,0.0329663
56409,0.00186152,-0.00230829,0.00871135
56410,-1.40746,-6.39097,-16.5324
56411,0.114298,0.0993496,0.221642
56412,-0.183193,-0.129953,-0.223082
56413,0.0204768,0.0130307,0.0346585
56414,-0.00303429,0.00813486,0.0431312
56415,-0.00776256,-0.0170702,-0.0228516
56416,-0.0485672,-0.0243674,-0.0236598
56417,0.0209235,0.0220777,0.0627308
56418,0.00495166,0.0124164,0.044772
56419,0.00802317,0.0098847,0.0374452
56420,0.037789,0.041512,0.10431
56421,-0.00323905,0.000483996,0.0184049
56422,0.106107,0.10983,0.247356
56423,0.0108713,0.0108713,0.038868
56424,0.00372305,0.00372305,0.0239008
56425,0.558122,3.04573,7.99592
56426,0.00374167,0.0149108,0.0561468
56427,0.00930762,-0.0111691,-0.0231179
56428,0.00949378,0.00949378,0.0359837
56429,-0.0236414,-0.0218357,-0.029018
56430,0.00186152,0.00186152,0.0200031
56431,0.0074461,0.0074461,0.0316962
56432,0.0372305,0.035369,0.0895187
56433,-0.00558457,-0.0632918,-0.156785
56434,0.0019546,0.0103315,0.04086
56435,0.0217798,0.021724,0.0615614
56436,-0.0221708,-0.0152831,-0.0113263
56438,0.0338984,0.0450675,0.117942
56439,0.244455,2.69171,7.28437
56440,0.0452351,0.0322044,0.0702706
56441,0.015097,-0.0779793,-0.219683
56442,-0.0150039,-0.0150039,-0.01531
56443,0.00335074,-0.017126,-0.0269716
56444,-0.0313853,-0.0349222,-0.0582143
56445,0.0303429,0.0303429,0.0796379
56446,-0.000837686,0.000148922,0.0169061
56447,0.00223383,-0.000930762,0.0133345
56448,-0.0163628,-0.0163628,-0.0179266
56449,0.00558457,-0.00670149,-0.00400481
56450,1.86152e-05,0.0111878,0.0486471
56451,0.00335074,0.00335074,0.0231213
56452,0.235595,0.283994,0.647638
56453,0.0130307,0.0167537,0.0535798
56454,0.00249444,0.00603134,0.0297304
56455,0.00197322,0.00197322,0.020237
56456,-0.0111691,-0.0130307,-0.0138342
56458,-0.00914009,-0.0128631,-0.0121137
56459,-0.0382171,-0.0404509,-0.0694949
56460,-0.0282952,-0.0301567,-0.0476803
56461,-0.00938209,-0.0417354,-0.0920945
56462,0.089651,0.107801,0.247905
56463,0.227516,3.01042,8.0422
56464,0.0180009,0.00675734,0.0228646
56465,0.0130307,0.0109458,0.0382068
56466,0.014948,0.011225,0.0411531
56467,0.102738,-0.00709241,-0.06332
56468,0.0588614,0.0328559,0.0760733
56469,0.392372,3.02245,7.98403
56470,0.0565345,0.0118579,0.0213207
56471,-0.02487,-0.0690812,-0.14381
56472,-0.0410652,-0.0308455,-0.0406665
56473,0.0111505,0.00966131,0.0358658
56474,0.0173122,0.0521227,0.137068
56475,0.0167537,0.00186152,0.0143044
56476,0.00372305,0.00558457,0.0312722
56477,-0.00372305,-0.00772533,-0.00156899
56478,0.00874917,0.00502612,0.0285307
56479,-0.00184291,-0.00184291,0.0128012
56480,0.115973,0.115973,0.258932
56481,0.00186152,0,0.014586
56482,0.0107224,0.00141476,0.0158525
56483,-0.0148922,-0.0167537,-0.0196169
56484,0.00260613,-0.013161,-0.022581
56485,-0.0448441,-0.13792,-0.332553
56486,7.4461e-05,7.4461e-05,0.0162613
56487,-0.515121,-3.02876,-7.95778
56488,0.112622,0.120068,0.271099
56489,0.0163814,0.0368582,0.10704
56490,-0.0122861,-0.00670149,0.00750833
56491,0.00800456,0.00986608,0.0374062
56492,-0.00372305,-0.00327628,0.0093975
56493,-0.0117276,-0.0284999,-0.0558255
56494,0.0111691,0.0111691,0.0394916
56495,0.000558457,0.000558457,0.0172747
56496,0.00951239,0.00951239,0.0212117
56497,0.00670149,-0.00642226,-0.00571685
56498,-0.0149294,-0.0112064,-0.0060781
56499,0.0167537,0.00921455,0.0327544
56500,-0.015823,0.0772533,0.242924
56501,0.00437458,-0.00307152,0.00710211
56502,0.0074461,0.0111691,0.0407777
56503,0.00186152,0.000186152,0.0150128
56504,-0.00232691,-0.00465381,0.00532864
56505,0.00930762,0.0130307,0.0462898
56506,-0.0024386,-0.0024386,0.0109994
56507,-0.0167537,-0.0167537,-0.0189739
56508,-0.00379751,-0.00333213,0.00928929
56509,0,-0.00186152,0.0115647
56510,0.0130307,0.0167537,0.053129
56511,0.00928901,0.00953101,0.0361452
56512,-1.86152e-05,-0.00039092,0.0151583
56513,0.000558457,-0.00141476,0.0121911
56514,0.525713,2.99934,7.85108
56515,0.0411397,0.0418843,0.104518
56516,-0.00930762,-0.193748,-0.519454
56517,-0.076881,-0.0731579,-0.137921
56518,0.00558457,0.00186152,0.0178134
56519,0.00986608,0.0013403,0.0163267
56520,0.000930762,-0.015823,-0.025234
56521,0.0185222,0.0110761,0.0367246
56522,-0.0241998,-0.0241998,-0.0337574
56523,0.00188014,0.00191737,0.0201375
56524,-0.0783702,-0.0895394,-0.175461
56525,0.0167537,0.0167537,0.0511847
56526,-0.037547,-0.0459611,-0.0836414
56527,-0.00465381,-0.0194529,-0.0308699
56528,0.00930762,0.00871194,0.0339076
56529,0.0130307,0.0130307,0.0433893
56531,-0.0521227,-0.0614303,-0.122662
56532,-0.0650231,-0.0694535,-0.130422
56533,-0.0316459,-0.0311805,-0.0490203
56534,0.012435,0.012435,0.042142
56535,0.0247583,-0.0757641,-0.177254
56536,-1.00586,-6.35577,-16.7154
56537,0.0483996,0.0705518,0.175753
56538,-0.529436,-3.17708,-8.33924
56539,0.0856301,0.0852206,0.194142
56540,-0.00688764,-0.00279229,0.0139873
56541,-0.00428151,0.0111691,0.0516726
56542,-0.330402,-3.02898,-8.13446
56543,0.0130307,0.0148922,0.05292
56544,-0.000372305,-0.000204768,0.0159009
56545,0.00186152,0.00398366,0.0218015
56546,-0.0145199,-0.0377145,-0.0787648
56547,0.0130307,0.0335074,0.100218
56548,0.0035369,0.0035369,0.023511
56549,-0.00186152,-0.0174983,-0.0328502
56550,-0.0279229,-0.035369,-0.060523
56551,-0.00372305,-0.00558457,0.014532
56552,0.00932624,0.0186339,0.0583365
56553,-0.0094007,-0.00340659,0.0141504
56554,0.111896,0.110035,0.245855
56555,0.0074461,0.0074461,0.0316962
56556,-0.0167537,-0.0167537,-0.0189739
56557,0.0265267,0.0116345,0.0284412
56558,0.00102384,-0.0220218,-0.0392337
56559,-0.00796733,-0.00796733,-0.000576736
56560,-0.00469104,-0.00469104,0.00628322
56561,-0.0074461,-0.0074461,0.00051462
56562,0.0130679,0.0208863,0.0626492
56563,-0.00465381,0.00539842,0.039003
56565,-0.0107968,-0.021966,-0.0337456
56566,0,-0.0138684,-0.0242521
56567,0.00342521,0.018336,0.0649136
56568,-3.72305e-05,-0.00189876,0.0114867
56569,-0.00368582,-0.00554734,0.00384725
56570,0,0.00193599,0.0202024
56571,-0.00977301,-0.0153576,-0.0173214
56572,-0.0149667,-0.00938209,-0.000923676
56573,0,0.0222825,0.0727282
56574,0.0150225,0.016884,0.0521006
56575,-0.0483996,-0.0521227,-0.0943162
56576,0.00372305,0.0186152,0.0652988
56577,0.0154507,-0.051527,-0.13992
56578,-0.0135333,-0.00794871,0.00219856
56579,-0.00558457,0.00184291,0.022978
56580,-0.00614303,-0.0167537,-0.0224416
56581,0.00186152,-0.018094,-0.0366445
56582,-0.0813859,-0.068076,-0.121802
56583,0.00316459,0.00130307,0.0184195
56584,-0.484685,-3.1505,-8.36034
56585,0.0467057,0.0709427,0.177753
56586,-0.0112436,-0.00465381,0.00884551
56587,0.0396505,0.041512,0.103438
56588,0.0537608,0.0537795,0.128716
56589,0.00370443,0.00649672,0.0304919
56590,0.442168,3.15011,8.4144
56591,-0.0295982,-0.047171,-0.0971341
56592,0.035369,0.0360205,0.0920672
56593,0.0230829,0.0212214,0.0590889
56594,-0.0422194,-0.0422194,-0.0722944
56596,0.0211655,0.0245721,0.069943
56597,-0.00986608,-0.00953101,-0.00357065
56598,-0.000130307,0.00039092,0.0173488
56599,0.00558457,0.00567765,0.0452177
56600,-0.0173122,-0.0210352,-0.0292246
56601,0.0111505,0.0167351,0.0530748
56602,-0.0260613,-0.0260613,-0.0384624
56603,-0.0039092,-0.0225245,-0.037487
56604,-0.0316459,-0.035369,-0.0592369
56605,0.0167537,0.0130307,0.0394702
56606,0.0795057,0.098121,0.227983
56607,-0.0848855,-0.0845132,-0.159273
56608,0.0204768,0.0111691,0.0365052
56609,0,-0.00372305,0.00702397
56610,0.0111691,0.0111691,0.0394916
56611,-0.0186339,-0.0186339,-0.0229106
56612,0.00372305,0.0074461,0.0329823
56613,0,0.0111691,0.0433498
56614,-0.00737164,-0.0164931,-0.0206814
56615,-0.00372305,-0.00372305,0.00831002
56616,0.0111691,0.0241998,0.0820277
56617,-1.29998,-6.60465,-17.2339
56618,0.0842712,0.10661,0.265125
56619,-0.0232318,-0.0139242,-0.00508633
56620,0.0535002,0.0934486,0.230251
56621,-0.715049,-5.58554,-14.7677
56622,-0.192482,-1.15085,-2.97711
56623,-0.136152,-1.28786,-3.42643
56624,-0.06735,-0.0425358,-0.0583233
56625,-0.176007,-2.22294,-5.94907
56626,0.130865,2.20518,5.98109
56627,0.0550267,0.0887947,0.221112
56628,-0.000819071,0.00104245,0.0159516
56629,0.0265267,0.045142,0.123936
56630,-0.0428151,-0.00865609,0.00978062
56631,0.0483996,0.0577073,0.14359
56632,0.0428151,0.0446766,0.109635
56633,0.000558457,0.000558457,0.0172747
56634,0.0712964,0.0576887,0.125571
56635,-0.00837686,-0.00837686,-0.00143423
56636,0.00662703,0.0103501,0.0390627
56637,-0.0143337,-0.0143337,-0.0139069
56638,0.0335074,0.0335074,0.086264
56639,-0.0107038,-0.0107038,-0.00630635
56640,0.21845,2.47201,6.67943
56641,-0.0600156,-0.15365,-0.378037
56642,0.0573536,0.0533513,0.124962
56643,0.00156368,-0.00372305,0.00648383
56644,0.115973,0.110388,0.24384
56645,-0.0148922,-0.0949378,-0.213556
56646,-0.0148922,-0.0148922,-0.0144179
56647,0.0284813,0.0212214,0.0553983
56648,0.00928901,0.00575211,0.0270152
56649,-0.071315,-0.0787611,-0.151378
56650,0.0105176,-0.00437458,0.00180163
56651,-0.000558457,0.00828379,0.0398863
56652,0.0117276,0.0117276,0.0406609
56653,-0.0389245,-0.0519552,-0.10314
56654,0.0111878,0.00932624,0.0349899
56655,-0.569999,-2.74932,-7.17022
56656,-0.312196,-2.49591,-6.63769
56657,0.00914009,0.00914009,0.0354372
56658,0.0408977,0.0491443,0.122962
56659,0.416591,2.7563,7.288
56660,0.0167537,0.0201231,0.05925
56661,0.000558457,0.0247955,0.0793848
56662,0.00874917,-0.0294121,-0.0665677
56663,0.0074461,0.00562181,0.0385875
56664,0.0024386,0.00783702,0.0324818
56665,0,-0.00949378,-0.00674998
56666,0,-0.00372305,0.00702397
56667,0.0430571,0.0830799,0.211371
56668,0.00526812,0.0096427,0.0379171
56669,0.00554734,0.00554734,0.0217614
56670,0.385187,2.42177,6.40922
56671,-0.0310875,-0.0388314,-0.0702709
56672,0.00186152,-0.00148922,0.0113979
56673,0,0.000930762,0.0188086
56674,-0.786494,-5.24989,-13.9016
56675,0.0323719,0.0715012,0.204552
56676,0.0279229,0.0340845,0.0896007
56677,-0.0185966,-0.0368396,-0.0708212
56678,0,-0.0984747,-0.26686
56679,-0.0305104,-0.0342334,-0.0568593
56680,0.0100336,0.0118951,0.041426
56681,-0.00694349,-0.00694349,0.00318149
56682,-0.716371,-5.30149,-14.0749
56683,0.243283,2.58238,6.92285
56684,0.0126956,0.0220032,0.067646
56685,-0.0148922,-0.0186525,-0.0224878
56686,0.0154507,0.0396505,0.110473
56687,0.0908238,0.0601086,0.119776
56688,0.0101825,0.00364859,0.0223916
56689,-0.00558457,-0.00372305,0.00895304
56690,0,0.000372305,0.0162475
56691,0.00186152,0.00186152,0.0200031
56692,0.00470966,-0.0250747,-0.0367295
56693,0,0,0.0165629
56694,0.436248,2.63866,7.02295
56695,0.0209422,0.0272341,0.0771256
56696,0.0078184,0.0152645,0.0506386
56697,0.00074461,-0.00297844,0.00858305
56698,0.2245,2.50753,6.77079
56699,0.029803,0.0289839,0.07622
56700,-0.0260613,-0.0801945,-0.171605
56701,-0.0484927,-0.0950308,-0.200292
56702,0.178706,0.178706,0.389827
56704,0.0185966,0.0185966,0.0576453
56705,-0.0039092,-0.0132168,-0.0147834
56706,0.0130307,0.0111691,0.0386198
56707,-0.0223383,-0.0222452,-0.0303948
56708,0.0173122,0.011467,0.037066
56709,-0.0160836,-0.0179451,-0.0229187
56710,-0.0184291,-0.0165676,-0.0148277
56711,-0.00495166,-0.0161208,-0.0279832
56712,0.00800456,0.00796733,0.0327566
56713,-0.0130493,0.00556596,0.0364772
56714,-0.000558457,-0.000465381,0.0151663
56715,0,0,0.0161054
56716,0.0220218,-0.0189317,-0.0375976
56717,-0.0396505,-0.026564,-0.0325454
56718,0.0601273,0.0619888,0.146542
56719,-0.00928901,-0.00928901,-0.0033441
56720,0.0211097,0.0127328,0.029021
56721,-0.00186152,0,0.017303
56722,0.00186152,0.00186152,0.0200031
56723,0.000930762,-0.00837686,-0.00464935
56724,-0.00428151,0.0166048,0.0621751
56725,0.0223383,0.0204768,0.0583371
56726,0.322025,2.90634,7.68818
56727,-0.0635525,-0.25568,-0.674246
56728,-0.00614303,-0.0103315,-0.00733566
56729,-0.0186152,-0.0279229,-0.0455752
56730,0.15823,0.14706,0.320166
56731,-0.00873055,-0.0161767,-0.0207952
56732,0.0173122,0.0241998,0.0689572
56733,0.0335074,0.0335074,0.086264
56734,0.102961,0.101099,0.227146
56735,-0.071315,-0.0824842,-0.16046
56736,-0.0074461,-0.00372305,0.00959607
56737,0.00928901,0.0106852,0.038543
56738,-0.000558457,0.00318321,0.0240685
56739,0.00428151,0.000558457,0.0159887
56740,0.00420705,0.00420705,0.0249142
56741,0.00335074,0.00707379,0.0322027
56742,-0.0111691,-0.0242557,-0.0450973
56743,0.0074461,0.0074461,0.0316962
56744,0.0190062,0.0227292,0.0649824
56745,-0.0712964,-0.240695,-0.541124
56746,-0.0220591,-0.0238647,-0.0336525
56747,0.0130307,0.0204768,0.0615522
56748,0.0130493,0.0167723,0.0518515
56749,-0.0130307,-0.0167537,-0.0202599
56750,0.0358902,0.056367,0.142008
56751,-0.0247583,-0.0247583,-0.035734
56752,0.0336936,0.0336936,0.0866538
56753,0.438966,2.79726,7.3771
56754,0.119677,-0.0110947,-0.103641
56755,0.0778304,0.0376214,0.0807911
56756,-0.0297844,-0.0335074,-0.0553392
56757,0.00558457,0.00558457,0.0275698
56758,0.0681504,0.0582471,0.132771
56759,-0.00186152,-0.00930762,-0.00956983
56760,-0.0074461,-0.0148922,-0.0176483
56761,-0.016642,-0.0203651,-0.0269311
56762,-0.035369,-0.0353876,-0.0579963
56763,0.0707193,0.0744424,0.17326
56764,-0.0303429,-0.0340287,-0.0564088
56765,-0.00186152,0.014706,0.0554803
56766,0.452667,2.86582,7.53319
56767,0.431557,2.72367,7.18484
56768,0.0241998,0.0130493,0.034962
56769,0.0417726,0.0483438,0.117236
56770,0.0111691,-0.00930762,-0.0171017
56771,0.0313853,-0.0486416,-0.123212
56772,-0.0126584,-0.0161953,-0.0197504
56773,-0.00930762,-0.0403951,-0.0866156
56774,-0.00558457,0.0176845,0.0752495
56775,0.00558457,-0.0204768,-0.0421824
56776,0.0148922,0.0153576,0.0484222
56777,0.00986608,0.0154507,0.0503854
56778,0.0104059,0.0104059,0.036948
56779,-0.0247583,-0.0246652,-0.0367697
56780,-0.0223383,-0.0354062,-0.0688866
56781,0.00241998,0.00241998,0.0211724
56782,-0.0172005,-0.00603134,0.0113442
56783,0,-0.00372305,0.00570744
56784,-0.0148922,-0.0148922,-0.0150762
56785,0.0130493,0.0130493,0.0434283
56786,-0.0130307,-0.0130307,-0.0115642
56787,0.0930762,0.0967993,0.222694
56788,0.410708,2.9773,7.88457
56789,-0.0657118,-0.113218,-0.249389
56790,-0.00335074,-0.0186152,-0.0294822
56791,0.0430571,0.0281463,0.0687789
56792,-0.0463147,-0.048288,-0.0858756
56793,0.0287233,0.0379379,0.101253
56794,0.00876778,0.0195832,0.0633065
56795,0.0470221,0.0507452,0.127257
56796,-0.0395574,-0.0395574,-0.0667207
56797,0.0019546,-0.00735302,-0.00389054
56798,-0.00186152,-0.00186152,0.0117648
56799,-0.589284,-3.21439,-8.40302
56800,0.890032,6.13011,16.2369
56801,0.00117276,-0.0867471,-0.204893
56802,-0.00558457,-0.00852578,-0.00326132
56803,-0.0980279,-0.114782,-0.237219
56804,-0.00428151,0.0180568,0.0714984
56805,-0.00186152,-0.00511919,0.0046561
56806,0.0135891,0.0135891,0.0445586
56807,-0.0173122,-0.0322044,-0.0573726
56808,-0.0223383,-0.0260613,-0.0397484
56809,0.0215937,0.0214075,0.0607634
56810,0,0.00186152,0.0206461
56811,-0.00165676,0.000204768,0.0201568
56813,0.00078184,-0.0119696,-0.0193607
56814,0.0874544,0.0976928,0.227194
56815,0.00977301,0.00977301,0.0365683
56816,-0.00351828,-0.0965945,-0.251211
56817,-0.000204768,0.000223383,0.0167736
56818,0.0228781,0.0228781,0.0640081
56819,0,9.30762e-05,0.0163325
56820,0,0,0.0161054
56821,-0.0015823,-0.018336,-0.0351597
56822,0.011225,0.014948,0.04869
56823,-0.0111691,-0.0108341,-0.00731105
56824,0.0223569,0.0223569,0.0629168
56825,-0.0204768,-0.0168468,-0.0164756
56826,-0.0144268,0.00232691,0.0349326
56827,-0.00558457,-0.0054915,0.00467972
56828,-0.000186152,-0.000186152,0.0157156
56829,0.0156182,0.0137567,0.0440376
56830,-0.0399483,-0.0269177,-0.0354044
56831,0.0111691,0.0111691,0.0392629
56832,-0.00502612,-0.00688764,-0.00617933
56833,0,0.00930762,0.038809
56834,-0.0316459,-0.0428151,-0.0790143
56835,-0.00430012,-0.00701795,-0.00124662
56836,0.00428151,0.0173122,0.0575135
56837,0,-0.0089167,-0.00766743
56838,0.369401,3.13142,8.33963
56839,-0.186394,-3.00618,-8.09763
56840,-0.00930762,-0.00266198,0.0163329
56841,-0.0111691,-0.0167723,-0.020952
56842,0.0316459,0.0372119,0.095934
56843,-0.0204768,-0.0319996,-0.0541942
56844,0.0130307,0.0117276,0.0402794
56845,-0.00372305,-0.00928901,-0.00525867
56846,-0.0186152,-0.0186152,-0.0228716
56847,0.0104059,0.0234366,0.0696786
56848,0.00647811,-0.00785564,-0.00529416
56849,0.00930762,0.0074461,0.0310532
56850,-0.0238089,-0.0237531,-0.0336099
56851,0.0241812,0.0223197,0.0612808
56852,-0.029803,-0.0391106,-0.0692291
56853,0.0763225,0.0934486,0.217686
56854,0.27975,3.09475,8.30336
56855,-0.00312736,-0.0254657,-0.0548044
56856,0.0256518,0.0180568,0.0512896
56857,-0.0465195,-0.0502426,-0.0903795
56858,0.126584,0.111691,0.245052
56859,-0.0595688,-0.0595688,-0.108621
56860,0.0372305,0.0372305,0.0940594
56861,0.00685041,0.00703656,0.0305922
56862,0.0167537,0.0186152,0.0565327
56863,0,0,0.0161054
56864,0.0677967,0.0709986,0.165843
56865,-0.024963,-0.024963,-0.036849
56866,-0.00502612,-0.00446766,0.00701247
56867,-0.0190806,-0.0228037,-0.0329274
56868,0.0228968,0.0228968,0.0640471
56869,-0.0276809,-0.03885,-0.0717152
56870,0.385727,0.601328,1.33256
56871,0.21281,2.85057,7.66905
56872,-0.0111691,-0.0184291,-0.0256412
56873,0.00372305,0.0243301,0.0840191
56874,0.00361136,-0.015432,-0.0239622
56875,0.132206,-0.00191737,-0.0414944
56876,0.00245721,-0.0180196,-0.0289263
56877,0.0111691,0.0074461,0.0304102
56878,0.00930762,0.00874917,0.0340342
56879,0.00800456,0.00986608,0.037635
56880,0.00969855,-0.00664564,-0.00929162
56881,0.0442112,0.0442112,0.108928
56882,0.65401,3.35687,8.74617
56883,0.0192109,1.58412,4.32638
56884,0.271745,1.27541,3.31791
56885,-0.0203279,-0.0465009,-0.100785
56886,-0.015823,-0.020756,-0.0287553
56887,0.00558457,-0.00186152,0.00784032
56888,-0.0223383,-0.0564414,-0.115756
56889,-0.869593,-5.90859,-15.5809
56890,0.0846808,0.171056,0.408336
56891,0.0191923,0.0197508,0.0629378
56892,0.0400414,-0.0139056,-0.0465816
56893,0,-0.00558457,-0.000215065
56894,-0.0117276,-0.0303429,-0.060738
56895,0.321988,3.01632,8.07984
56896,0.0123605,-0.00420705,-0.010853
56897,-0.00735302,-0.00176845,0.0147892
56898,0.00186152,0.00539842,0.029088
56899,0.000595688,0.0117648,0.0450545
56900,0.0074461,-0.013403,-0.025904
56901,-0.00558457,0.0279229,0.0951492
56902,0.0331351,0.010983,0.0277251
56903,0.00186152,0.0279229,0.0904539
56904,-0.0154693,-0.0355924,-0.0679613
56905,0.00558457,0.00930762,0.0373375
56906,0.0409535,0.0431688,0.108042
56907,0.0409535,0.0446766,0.111394
56908,-0.0473758,-0.0473758,-0.083091
56909,-0.00370443,-0.00361136,0.00857603
56910,-0.0017126,-0.0188014,-0.0329291
56911,-0.0632732,-0.0204582,-0.0110257
56912,0,0.00558457,0.0304138
56913,0,0.000930762,0.0187049
56914,0.00930762,0.0275692,0.0781281
56915,0.000465381,0.000111691,0.0160637
56916,0.00316459,0.00502612,0.026586
56917,0.00552873,-0.0511361,-0.111551
56918,0.00372305,-0.00558457,0.000739705
56919,0.00186152,0.00558457,0.0295421
56920,-0.00100522,-0.00845132,-0.00552339
56921,0.0074461,0.0148922,0.0503166
56922,0,0,0.0161054
56923,0.000279229,-0.0369513,-0.0878857
56924,-0.00186152,0.00186152,0.0212892
56925,-0.00372305,-0.00282952,0.0104896
56926,-0.316906,-3.11042,-8.28368
56927,0,0.0130307,0.0575134
56928,-0.0536119,-0.0461658,-0.0727657
56929,-0.496748,-3.14687,-8.30069
56930,0.0130493,0.0316645,0.0962137
56931,-0.0074461,-0.00709241,0.000668344
56932,-0.0179637,-0.0142407,-0.0124259
56933,-0.0119138,-0.0154507,-0.0205171
56934,0.0241998,0.026173,0.0722864
56935,0.0530535,0.0570557,0.14623
56936,-0.0260613,-0.0446766,-0.0894432
56937,0.00139614,-0.00241998,0.0120077
56938,0.728619,6.09625,16.2834
56939,0.000930762,-0.0180382,-0.0377923
56940,0.0140359,-0.0157485,-0.0387124
56941,0.00947516,0.0260427,0.0763343
56942,0.115917,2.80576,7.62337
56943,-0.00718549,-0.0258007,-0.0504125
56944,-0.0763225,-0.0893346,-0.176312
56945,0.158565,0.161711,0.349766
56946,0.0223197,0.0488092,0.135555
56947,-0.0323905,-0.0454212,-0.0844146
56948,-0.0362811,0.000930762,0.0415272
56949,0.0331351,0.0387197,0.0989059
56950,-0.000688764,-0.000502612,0.0152223
56951,-0.00201045,0.00189876,0.0224001
56952,0.0074461,0.00372305,0.0221573
56953,0.0448255,0.039092,0.0939046
56954,0.0543565,0.0580796,0.139457
56955,0.00241998,0.0050075,0.029378
56956,0.00372305,0.00372305,0.0239008
56957,-0.0361322,-0.040786,-0.0712299
56958,-0.00167537,-0.00167537,0.0125975
56959,0.0319624,0.0356668,0.0920645
56960,-0.324147,-0.344624,-0.719007
56961,0.00930762,0.0194343,0.0621869
56962,-0.0535933,-0.0498703,-0.0865704
56963,-0.0452351,-0.015823,0.00231606
56964,-0.225673,-3.0674,-8.26245
56965,0.0502612,0.0729718,0.184073
56966,0.265342,2.9905,8.06696
56967,0.00819071,0.00539842,0.0240019
56968,0.0173122,0.0396505,0.10913
56969,0.0577073,0.0577259,0.133481
56970,0.00428151,0.000558457,0.0150737
56971,-0.0191737,-0.0228968,-0.0331223
56972,-0.00111691,-0.00113553,0.0137214
56973,-0.0968179,-0.100541,-0.195695
56974,0.0167537,0.00593826,0.0197106
56975,0.00297844,0.00297844,0.0223417
56976,0.00688764,0.00874917,0.0350676
56977,0.0539842,0.0577073,0.13822
56978,0.0232691,0.0493304,0.138084
56979,0.010257,0.0141104,0.0474773
56980,-0.00526812,-0.00712964,0.000534204
56981,0.0111691,0.0183919,0.059266
56982,0.00241998,0.00986608,0.0425643
56983,0.0167537,-0.0204768,-0.0533911
56984,0.00186152,0.00186152,0.0200031
56985,-0.00372305,-0.00372305,0.00831002
56986,0.00186152,-0.00372305,0.0062281
56987,0.00186152,0.00186152,0.0200031
56988,-0.000130307,-0.00420705,0.00253435
56989,-0.00186152,-0.00186152,0.0122077
56990,-0.0241254,-0.0223383,-0.0295922
56991,-0.0731579,-0.0768251,-0.145993
56992,0.0528673,0.041512,0.0934643
56993,0.00184291,0.00184291,0.0199641
56994,0.00428151,0.00800456,0.0343111
56995,0.00906563,0.00869332,0.0340474
56996,0.00241998,-0.00117276,-0.00303121
56997,0.00930762,0.0074461,0.0302459
56998,0.00504473,0.137213,0.355901
56999,-0.00241998,0.00446766,0.0285394
57000,0.426159,4.58909,12.2788
57001,0.329862,2.88222,7.50251
57002,0.045868,0.050801,0.122389
57003,0.00949378,0.0132168,0.049104
57004,0.0383474,0.0420705,0.106182
57005,0.00186152,-0.0074461,-0.00870478
57006,0.0132541,0.0393154,0.130555
57007,-0.0456074,-0.0511919,-0.0928268
57008,-0.660302,-6.66618,-17.7287
57009,0.0199183,0.0199183,0.0706395
57010,0.0385522,0.0168468,0.0430655
57011,-0.357413,-3.22048,-8.60148
57012,0.0118765,0.0308455,0.0924878
57013,-0.00558457,0.000186152,0.0208271
57014,-0.00800456,-0.00558457,0.00586541
57015,0.0193971,0.0231201,0.06691
57016,0.0352945,0.0333585,0.0845862
57017,-0.204172,-0.106647,-0.12792
57018,-0.0179823,-0.035946,-0.0621074
57019,0.00428151,0.0139614,0.054148
57020,0.030045,0.0150597,0.0358347
57021,-0.00437458,-0.0118207,-0.00812243
57022,-0.000912147,0.00141476,0.020302
57023,0,-0.00815348,-0.00600789
57024,0.0370443,0.0324091,0.0814573
57025,-0.0272713,-0.0150225,-0.00812024
57026,-0.0130493,0.0129562,0.0592497
57027,0.00558457,0.00558457,0.0277985
57028,0.0297844,0.0372305,0.097089
57029,0.00837686,0.0120999,0.043184
57030,0.027141,0.0236228,0.0638944
57031,0.00186152,0.0201231,0.0646098
57032,0.00078184,0.0292632,0.100377
57033,0.0260613,0.0260613,0.0706732
57034,-0.00992193,-0.00992193,-0.00466932
57035,0.723556,3.84008,10.1188
57036,0.0305476,0.0141476,0.0365298
57037,-0.0297099,-0.0389059,-0.0687618
57038,-0.0448441,-0.0746285,-0.163588
57039,0,-0.00554734,0.00586701
57040,0.0229712,0.0162325,0.0477656
57041,-0.0465381,-0.039092,-0.0615597
57042,0.0465381,0.0461844,0.111953
57043,-0.0301939,-0.0562553,-0.119907
57044,0.0534072,-0.0266384,-0.0668632
57045,0,-0.00750195,-0.00420314
57046,0.0213517,0.0250747,0.070351
57047,0.00204768,-0.00539842,0.0017725
57048,0.557787,3.79025,10.0397
57049,0.0521227,-0.00930762,-0.0427478
57050,-0.0147247,-0.00698072,0.00910287
57051,0.0187083,0.0116159,0.0369931
57052,0.00614303,-0.00532396,-0.000645447
57053,0.06009,0.0582285,0.133516
57054,-0.0513222,-0.03643,-0.0505921
57055,-0.00238275,-0.015432,-0.0192206
57056,0.0187269,0.0204768,0.0600283
57057,0.0532024,0.0454026,0.109255
57058,-0.0334702,-0.0468174,-0.0942571
57059,-0.0826703,-0.0752242,-0.138911
57060,0.0260613,0.0260613,0.0712065
57061,-0.0191551,-0.0104432,-0.000146069
57062,-0.0189876,-0.0148736,-0.0135681
57063,0.104971,0.0989401,0.214455
57064,-0.0148736,-0.0241812,-0.0377408
57065,0.0389059,0.0389059,0.0959528
57066,0.642245,3.90248,10.1883
57067,0.041996,0.0134961,0.0343249
57068,-0.0130307,-0.035704,-0.0879794
57069,0.0867471,-0.0547474,-0.177257
57070,-0.0273272,-0.0478226,-0.0920406
57071,-0.000577073,0.0200859,0.0722146
57073,0.0485858,0.0184105,0.0449074
57074,0.0166606,0.0185222,0.0578997
57075,-0.0043932,-0.0323533,-0.0788208
57076,0.0385336,0.0381613,0.0950897
57077,-0.0395202,-0.0395202,-0.0650283
57078,-0.839641,-4.26917,-11.0459
57079,0.0472641,0.0733255,0.19026
57080,0.00638503,0.0101081,0.038556
57081,-0.0476178,-0.0215565,-0.00751052
57082,0.0273644,0.230271,0.571716
57083,-0.0360577,-0.0286116,-0.0378437
57084,-0.516648,-3.75028,-9.98891
57085,-0.0137194,-0.00804179,0.00122858
57086,0.0390548,0.062026,0.165305
57087,-0.00712964,0.0466684,0.152142
57088,-0.0662517,-0.00482135,0.0482292
57089,0.00796733,0.00982885,0.0485485
57090,-0.0851648,-0.0851648,-0.163829
57091,-0.536547,-3.57984,-9.51267
57092,0.0767693,0.0943793,0.23378
57093,0.0211097,0.0211097,0.0621127
57094,-0.0113739,-0.0113739,-0.00770953
57095,-0.0191737,0.010983,0.0647817
57096,-0.0546916,-0.0472455,-0.0767405
57097,-0.00800456,-0.00800456,-0.00065469
57098,-0.0121558,-0.390045,-1.09607
57099,-0.0120627,-0.034401,-0.0728452
57100,0.0957382,0.0845691,0.185838
57101,-0.0430385,-0.0244232,-0.0205297
57102,0.166718,0.157411,0.337287
57103,-0.0010983,-0.0160463,-0.0277509
57104,-0.0988656,-0.108173,-0.213605
57105,0.0840665,0.0811811,0.18519
57106,-0.0392596,-0.139596,-0.354989
57107,-0.0155437,-0.018094,-0.0193811
57108,-0.00614303,-0.00428151,0.00814578
57109,-0.00139614,-0.017033,-0.0301649
57110,-0.804849,-4.17296,-10.9669
57111,-0.0778304,-0.0623983,-0.107052
57112,0.0241998,0.0949378,0.265726
57113,-0.0130121,-0.00776256,0.0027744
57114,0.015097,0.0209049,0.0633014
57115,0.00372305,0.00558457,0.0284415
57116,0.00260613,0.00446766,0.0265604
57117,-0.0111319,-0.0105176,-0.00616188
57118,0.0035369,0.0035369,0.023511
57119,-0.0186152,-0.0118765,-0.00564979
57120,1.12168,8.00476,21.4176
57121,0.00197322,0.0130865,0.0482601
57122,0.00223383,0.00930762,0.0389524
57123,-0.000800456,0.000595688,0.0200948
57124,0,-0.039092,-0.0975848
57125,0.0019546,-0.00176845,0.0106591
57126,0.00279229,0.00651534,0.0314909
57127,0.014706,0.0122861,0.0428727
57128,-0.00614303,-0.00800456,-0.000851541
57129,-0.00858163,-0.0193599,-0.0289416
57130,0.0389617,0.0166234,0.0380544
57131,-0.0204582,-0.0181685,-0.0213674
57132,0.0204768,0.0204768,0.0589801
57133,0.589191,4.19182,11.1171
57134,0.0139987,0.0014706,0.00486052
57135,0.00130307,0.00135891,0.0189782
57136,-0.0176845,-0.00651534,0.00910539
57137,-0.00482135,-0.00482135,0.00601038
57138,0.139298,0.135277,0.300482
57139,-0.0104618,0.00316459,0.0335732
57140,-0.0240137,-0.0257821,-0.0384434
57141,-0.359125,0.0150411,0.176847
57142,-0.00163814,-0.0500378,-0.123601
57143,0.0130865,-0.00612442,-0.0139843
57144,0.0074461,0.00372305,0.0226148
57145,-0.0286303,-0.00443043,0.0209812
57146,-0.0174053,-0.0310689,-0.059223
57147,-0.0140545,0.00074461,0.0341244
57148,0.0186339,-0.00184291,-0.00576214
57149,0.00372305,0.0074461,0.0334398
57150,-0.0225245,0.179693,0.542082
57151,0.0074461,-0.00930762,-0.0184914
57152,0.0191365,0.06493,0.183798
57153,-0.01882,0.0109644,0.0623588
57154,0.0290398,0.00670149,0.0109944
57155,0.0367651,0.0559761,0.143524
57156,0,0.0111691,0.0481932
57157,-0.195572,-0.218915,-0.452526
57158,-0.0223197,-0.0261358,-0.0403314
57159,0.0108341,-0.0392968,-0.104114
57160,0.0220777,0.0224686,0.066199
57161,0.0448628,0.0622122,0.156084
57163,-0.0015823,-0.00335074,0.00849012
57164,-0.035369,-0.0167537,-0.00566296
57165,-0.00588242,0.0164559,0.0649573
57166,9.30762e-05,-0.00921455,-0.00751907
57167,0.00638503,0.0287233,0.0913014
57168,0.00428151,0.0210352,0.0728173
57169,0,0,0.0158767
57170,1.904,8.31001,21.4075
57171,0.0718176,0.058303,0.124396
57172,0.00651534,0.00742748,0.0327699
57173,0.00627334,-0.0182988,-0.0433555
57174,-0.0290956,-0.0532955,-0.113874
57175,0.0130121,0.0123978,0.0410722
57176,0.0298775,0.0694349,0.171706
57177,0.0229526,-0.0390362,-0.11181
57178,-0.000521227,-0.00206629,0.0117505
57179,-0.779421,-4.00356,-10.3682
57180,0.671433,3.96447,10.367
57181,-0.045626,-0.0754104,-0.161071
57182,-0.0558644,-0.0989587,-0.219024
57183,0,-0.0111691,-0.0199028
57184,0.0149108,0.0111878,0.0364918
57185,0.0130307,0.0372305,0.108871
57186,0.0649114,0.0649114,0.152018
57187,-0.657323,-3.77783,-9.85739
57188,0.00372305,0.0039092,0.0281866
57189,-0.0074461,0.00372305,0.027759
57190,0.0795616,0.073977,0.165553
57191,0.0156182,0.0317762,0.0879919
57192,-0.0521413,-0.0483996,-0.0811708
57193,-0.0130307,-0.0992193,-0.27036
57194,0.0225245,0.024386,0.0678083
57195,0.0947516,0.118951,0.273985
57196,0.0118207,0.0229898,0.0718944
57197,0.00787425,-0.00692487,-0.00486044
57198,-0.00502612,-0.00148922,0.0145211
57199,0.461453,0.327703,0.652435
57200,0.0657118,0.180847,0.434538
57201,0.314747,3.50441,9.36348
57202,0.104897,0.037882,0.0436316
57203,-0.0920524,-0.0531465,-0.0718467
57204,0.0260613,-0.00186152,-0.00431832
57205,0.0108899,-0.0142779,-0.0308454
57206,0.0744424,0.080027,0.185597
57207,0.00763225,0.00577073,0.0275453
57208,0.0893532,0.0856301,0.194162
57209,0.031739,0.00446766,0.0166109
57210,0.0206257,0.0150411,0.0389831
57211,-0.00673872,-0.0160463,-0.0216115
57212,0.00184291,0.00934486,0.0382633
57213,0.000577073,-0.0014706,0.0124621
57214,-0.0372305,-0.0595688,-0.120682
57215,-0.0117276,-0.0266198,-0.0438722
57216,0.00167537,0.0521227,0.159063
57217,-0.000241998,0.00757641,0.0402158
57218,-0.745448,-3.91778,-10.1817
57219,-0.00601273,0.017275,0.070837
57220,0.189205,0.192928,0.427257
57221,-0.00186152,-0.00372305,0.00743825
57222,0.00314598,0.0105176,0.0406334
57223,0.104115,0.0803806,0.172612
57224,-0.0305476,-0.0305476,-0.0465911
57225,-0.00152645,0.0139428,0.0557877
57226,-0.0100336,-0.00817209,0.000902277
57227,0.0130307,0.0223383,0.0660929
57228,-0.0927039,-0.105362,-0.208618
57229,0.215714,0.228446,0.501579
57230,2.63141,14.497,37.7886
57231,0.0074461,-0.0245535,-0.0559108
57232,-0.266254,-0.330644,-0.719354
57233,0.00169399,-0.000167537,0.0167047
57234,0.00917732,-0.0388314,-0.101588
57235,0.381613,0.246168,0.42941
57236,0.000465381,-0.00483996,0.00275645
57237,-0.937185,-3.87011,-9.9761
57238,0.0708869,0.0857791,0.206072
57239,0.0397622,0.0567579,0.140268
57240,0.0575025,0.118319,0.309191
57241,0.0172005,-0.00498889,-0.00512491
57242,-0.0471152,-0.0415306,-0.0694777
57243,-0.0215006,-0.0345313,-0.0591322
57244,0.0173122,0.0400228,0.109612
57245,-0.00558457,-0.0074461,-0.000128404
57246,0.0416795,0.0416795,0.103375
57247,0.018578,0.0167165,0.0500062
57248,-0.0146874,-0.0201045,-0.0287714
57249,0.00130307,-0.000372305,0.0147472
57250,-0.0347361,-0.0945841,-0.214101
57251,0.0308827,0.0662517,0.178472
57252,0.00039092,-0.0037789,0.00627149
57253,-0.00104245,-0.0233808,-0.0478069
57254,-0.00882363,-0.0162697,-0.0223512
57255,0.560859,3.3691,8.88303
57256,0.0447324,0.00385336,-0.00255058
57257,0.000986608,0.0140173,0.0524744
57258,0.00707379,0.0068318,0.0315343
57259,0.214075,0.244046,0.551727
57260,0.961533,3.97679,10.2906
57261,-0.00960547,-0.0418099,-0.0954423
57262,0.58934,3.62673,9.4757
57263,0.0532024,-0.00128445,-0.0188598
57264,0.0250934,-0.00638503,-0.030368
57265,0.0987539,0.0604996,0.131279
57266,0.0130121,0.0319996,0.0976641
57267,0.0132541,-0.00526812,-0.011743
57268,0.0432991,0.0530348,0.13753
57269,-0.0167537,-0.047078,-0.10147
57270,0.00232691,-0.00660841,0.00331473
57271,0.0683738,-0.0561622,-0.144441
57272,0.0707379,0.0617096,0.142027
57273,0.000912147,-0.00039092,0.0154639
57274,0,0.00148922,0.0200566
57275,0.035369,0.0015823,0.0085005
57276,0.00132168,0.00309013,0.024045
57277,-0.0135891,-0.0303429,-0.057464
57278,0.0074461,0.0245721,0.0814935
57279,-0.0319996,-0.0693232,-0.152792
57280,-4.60675,-23.2247,-60.3592
57281,0.0806599,0.027774,0.0430842
57282,0.0180754,0.494644,1.43723
57283,-0.0260613,-0.102663,-0.249637
57284,0.0414189,0.0743679,0.183145
57285,-0.000372305,0.00335074,0.0193883
57286,0.000930762,-0.0260241,-0.0618457
57287,0.00186152,0.0409535,0.12763
57288,-0.225896,-0.261265,-0.552576
57289,0.00430012,0.0173308,0.0685533
57290,-2.07903,-12.8322,-33.4547
57291,0.701907,3.68852,9.52445
57292,0.446766,0.431874,0.907191
57293,0.0186152,0.036672,0.0990519
57294,0.00186152,0.00558457,0.0301707
57295,-0.0314598,-0.0240137,-0.0325214
57296,0.0577073,0.0521227,0.126076
57297,-0.538911,-0.488669,-0.976968
57298,0.102607,0.0784074,0.160524
57299,-0.00374167,0.0478226,0.145041
57300,2.56747,15.1144,39.8319
57301,-0.00763225,0.0505962,0.145122
57302,0.0928901,0.0817209,0.177619
57303,0.128613,0.371449,1.00361
57304,0.743754,3.53963,9.25024
57305,-0.190769,-0.179041,-0.34236
57306,0.00960547,-0.0220405,-0.0334886
57307,-0.0117462,-0.0247769,-0.0512607
57308,0.0223755,0.0198252,0.0553497
57309,0.0831916,0.0645763,0.134785
57310,-0.206555,-0.213982,-0.43503
57311,0.0025689,-0.0125094,-0.0209847
57312,0.0189317,0.015097,0.0465986
57313,0.0327628,-0.0448255,-0.107322
57314,0.112157,0.114949,0.259067
57315,-0.0243115,0.0333958,0.124826
57316,-0.0779421,-0.0715942,-0.131229
57317,0.0486416,0.0309572,0.067858
57318,-0.0145757,-0.00712964,0.00374933
57319,0.0286861,0.0249072,0.0652805
57320,0.0663634,0.0629382,0.147523
57321,-1.13849,-4.57287,-11.8265
57322,-0.558234,-4.03977,-10.7157
57323,-0.055883,-0.0260986,-0.00882522
57324,-0.602334,-4.14904,-10.9516
57325,-0.036095,0.00532396,0.0455364
57326,0.0793196,0.108173,0.255687
57327,-0.00327628,-0.0107224,-0.0094611
57328,0.0347361,0.0235669,0.0725553
57329,0.00286675,0.0158974,0.0541194
57330,-0.0317576,-0.0664192,-0.138737
57331,-0.00917732,-0.0110388,-0.0028473
57332,0.000986608,-0.0292632,-0.0765761
57333,-0.664267,-4.12858,-10.9004
57334,0.00115415,0.00448628,0.0310985
57335,0.00517504,0.00107968,0.0150694
57336,0.000260613,0.0326698,0.101337
57337,0.0041512,0.00228968,0.0202566
57338,-0.016549,-0.00537981,0.0112938
57339,0.00618026,-0.00126584,0.00957414
57340,-0.00325767,-0.0125653,-0.0200152
57341,-0.534258,-3.97586,-10.574
57342,0.0224872,0.0281649,0.0796408
57343,0.0236414,0.028593,0.0783913
57344,0.0476364,0.059029,0.141419
57345,-0.0525508,-0.0115973,0.00620611
57346,-0.0162139,-0.00318321,0.0139415
57347,-0.0220777,-0.0276623,-0.0446396
57348,-0.0891112,-0.113404,-0.228979
57349,0.00871194,0.0138311,0.0511498
57350,-0.0396691,-0.0378076,-0.0603664
57351,0.0170516,0.0199555,0.0588919
57352,0.00413259,0.0101825,0.0447263
57353,0.017126,0.0171633,0.0520596
57354,0.00409535,-0.00290398,0.0077859
57355,0.0244791,0.0133099,0.0401158
57356,0.000595688,0.0285186,0.0881745
57357,-0.00722272,-0.0182802,-0.0262369
57358,-0.00323905,0.000483996,0.0184049
57359,0.00954962,-0.0605368,-0.157747
57360,0.240267,0.288667,0.645878
57361,-0.108229,-0.139428,-0.28207
57362,0.00039092,0.00039092,0.0169239
57363,0.070831,0.0933369,0.182236
57364,-0.0648741,-0.0797663,-0.156053
57365,0.0152459,0.0170143,0.0523298
57366,-0.0223569,-0.0299706,-0.0533137
57367,-1.58762,-8.28885,-21.5191
57368,-0.748128,-3.77489,-9.83079
57369,0.56555,3.76827,10.0067
57370,0.127179,0.135165,0.298511
57371,-0.251808,-0.221056,-0.429214
57372,-0.586455,-3.85075,-10.1627
57373,-0.0218729,-0.0180009,-0.0174986
57374,0.75187,4.0547,10.6269
57375,0.116215,0.109569,0.242183
57376,-0.0145571,-0.00886086,0.00389848
57377,0.0225431,0.0459983,0.132127
57378,0.0483996,0.0502239,0.122554
57379,-0.0343638,-0.0568696,-0.110469
57380,-0.022934,-0.0169957,-0.0115236
57381,0.0076881,-0.0146688,-0.0263182
57382,0.0188014,0.0336936,0.091798
57383,0.00420705,0.00225245,0.020266
57384,-0.0356854,0.0685413,0.239937
57385,0.0238275,0.00882363,0.0215102
57386,-0.0606671,-0.0606857,-0.110966
57387,0.655108,3.77307,9.91121
57388,-0.0222266,-0.0212586,-0.0281994
57389,0.00638503,0.000725995,0.0154989
57390,0.0394643,-0.0220777,-0.0587379
57391,-0.118021,-0.119138,-0.230127
57392,0.0126584,0.148419,0.433085
57393,0.000279229,0.000279229,0.0164156
57394,-0.000856301,-0.391777,-1.12261
57395,0.0220218,0.0220405,0.0622606
57396,-0.0322975,-0.0256146,-0.0331293
57397,0.0152645,-0.0268432,-0.0721335
57398,-0.00340659,-0.00320182,0.0104486
57399,0.0134961,0.0134961,0.0487088
57400,-0.0109085,-0.0103687,-0.00518954
57401,-0.768047,-4.12097,-10.7654
57402,-0.150113,-0.140694,-0.280724
57403,0.093765,0.0790031,0.167427
57404,0.0134961,-0.000465381,0.00156298
57405,0.0510058,0.093765,0.230115
57406,-0.0463706,-0.0477853,-0.0844451
57407,-0.00541704,-0.00400228,0.00838791
57408,-0.00692487,-0.00692487,0.00160598
57409,0.0370257,0.0521972,0.128644
57410,-0.0166048,-0.0166234,-0.0187075
57411,0.00357413,0.0241067,0.0828175
57412,0.000167537,-0.00564042,0.000972623
57413,-0.0183733,-0.0183733,-0.0223752
57414,0.0419402,0.0586939,0.150165
57415,0.101379,0.102775,0.230735
57416,-0.0159719,-0.0141104,-0.0127551
57417,-0.0367837,-0.0367651,-0.060918
57418,0.00392782,0.0225431,0.0751083
57419,-0.040786,-0.0407488,-0.0669822
57420,0.135482,0.105697,0.212893
57421,0.00418843,-0.025596,-0.0532855
57422,-0.0120813,-0.000912147,0.0249851
57423,-0.0359088,0.0266384,0.101408
57424,0.0103873,0.0175542,0.0577782
57425,0.0242743,0.025931,0.0740336
57426,0.00316459,0.00316459,0.0227315
57427,0.00765087,0.0149853,0.052534
57428,-0.0392409,-0.0559947,-0.110895
57429,0.000521227,0.020998,0.0752921
57430,-0.0305104,-0.039818,-0.0762166
57431,-0.00264337,-0.00441181,0.00766238
57432,0.0244791,0.0747588,0.198875
57433,0.00977301,-0.0479529,-0.120262
57434,0.00990331,-0.00284813,0.00532235
57435,-0.0419402,-0.00312736,0.0369523
57436,-0.0109272,-0.0220963,-0.0392768
57437,-0.00120999,-0.00303429,0.009122
57438,0.00400228,-0.000595688,0.0123022
57439,-0.0014706,0.0115415,0.0430615
57440,0.0224872,0.0909355,0.251913
57441,-0.0737908,-0.0737908,-0.137741
57442,-0.0226175,-0.0190434,-0.0203487
57443,0.000316459,0.00403951,0.0258495
57444,0.033675,0.0296541,0.0748507
57445,0.0246094,0.0246094,0.067633
57446,-0.0122861,-0.000130307,0.0240509
57447,-1.02974,-4.53559,-11.6719
57448,0.00727856,0.0294307,0.0780752
57449,0.0169399,0.0299706,0.0745883
57450,-0.0590662,0.0269735,0.102516
57451,-0.150821,-0.0995357,-0.174354
57452,0.304248,0.366441,0.814446
57453,-0.0417354,-0.0443229,-0.0786972
57454,0.00746472,0.00255029,0.0274472
57455,-0.0359274,-0.035853,-0.0627784
57456,-0.0260613,-1.65309,-4.7788
57457,0.0054915,-0.0874917,-0.199206
57458,-0.00132168,-1.31526,-3.67722
57459,0.00558457,0.0335074,0.108386
57460,0.0074461,-1.02978,-2.70072
57461,0.0105362,0.0199555,0.0611425
57462,0.00688764,-0.786904,-2.13918
57463,0.00623611,0.00416982,0.0241225
57464,-0.00539842,-0.602855,-1.73911
57465,0.0316832,0.0298216,0.0779035
57466,0.00558457,0.0313667,0.0961747
57467,-0.00668287,-0.466498,-1.28449
57468,0.00517504,0.00312736,0.021408
57469,0.0130307,-0.282989,-0.807319
57470,0.000558457,0.0107968,0.0427005
57471,0.0468546,0.0389617,0.0940783
57472,0.0260613,-0.109253,-0.210946
57473,0.0111878,0.0130307,0.0449296
57474,-0.0865237,0.123847,0.428562
57475,0.613075,10.7778,29.5298
57476,0.0285372,-0.00424428,-0.00317651
57477,0.0112436,-0.00381613,0.00232238
57478,-0.0281649,-0.0223569,-0.0232575
57479,0.0614117,0.0471338,0.109819
57480,0.165676,0.0120441,-0.115549
57481,-0.0832474,-0.313928,-0.831582
57482,0.0150597,0.0150597,0.0476378
57483,0.176379,0.193301,0.425261
57484,0.00394643,-0.429677,-1.19364
57485,-0.0337867,-0.298421,-0.746897
57486,-0.0443415,-0.188088,-0.467889
57487,0.0101453,-0.103408,-0.286203
57488,-0.00791148,-0.00418843,0.00604246
57489,0.00124722,0.00124722,0.0187169
57490,1.33373,12.4565,33.3494
57491,-0.389915,-0.45801,-0.939898
57492,0.0408046,-0.0386453,-0.0974802
57493,0.0976184,0.0451047,0.0881037
57494,0.223867,0.153818,0.292449
57495,-0.0199928,-0.0194902,-0.0239514
57496,-0.0210352,0.0740887,0.244683
57497,0.00577073,-0.00307152,0.00661985
57498,-0.00558457,0.0205699,0.0772461
57499,-0.0705704,-0.0845132,-0.165893
57500,-0.00558457,-0.047562,-0.112167
57501,-0.031497,-0.0532768,-0.10542
57502,-0.0334702,-0.03764,-0.0684676
57503,-0.0874917,-0.0863561,-0.163692
57504,0.0689509,0.135798,0.340018
57505,-0.0365417,-0.13282,-0.333866
57506,-0.00567765,-0.016791,-0.0265088
57507,-0.0239392,-0.0147247,-0.0107258
57508,0.014464,0.00703656,0.0273581
57509,0.0120813,-0.788281,-2.28772
57510,-0.0241998,-0.00925178,0.000990194
57511,0.426662,0.440139,0.947537
57512,-0.00675734,0.0416795,0.125865
57513,0.00651534,0.00467243,0.022936
57514,0.00616165,0.00787425,0.0331843
57515,-0.00258752,0.0656374,0.202028
57516,-0.0147619,-0.0292446,-0.0522186
57517,0.216998,0.186636,0.389142
57518,0.347025,12.997,35.5435
57519,0.122209,0.0798408,0.166376
57520,0.00521227,-0.0189876,-0.0324771
57521,0.0400042,-0.108639,-0.287206
57522,-0.226976,-0.254154,-0.527105
57523,0.036579,0.00930762,0.026862
57524,0.0188572,0.0112436,0.0409387
57525,-0.00141476,-0.379304,-1.04541
57526,-0.031739,0.0129376,0.0719358
57527,-0.0160463,-0.0130865,-0.00961968
57528,-1.3613,-14.6708,-39.4503
57529,-0.11292,0.0433735,0.162262
57530,-0.0734558,-0.027141,-0.0201863
57531,-0.0541518,-0.0355365,-0.0512744
57532,-0.0485113,-0.0804737,-0.172778
57533,-0.0802876,-0.0821863,-0.159231
57534,5.58457e-05,5.58457e-05,0.0164483
57535,0.048623,0.128203,0.311206
57536,-0.0121744,0.0145199,0.0679564
57537,0.0036672,0.0111133,0.0435027
57538,0.00385336,-0.0168654,-0.0240977
57539,-0.0178148,-0.0334144,-0.0599511
57540,0.348347,0.403653,0.894065
57541,-0.00636642,-0.00104245,0.0163273
57542,-0.043932,-0.0387383,-0.0637741
57543,0.0624542,0.0812369,0.194523
57544,0.115433,0.228763,0.534291
57545,-0.0017126,0.0324091,0.0949758
57546,-0.116941,-0.17651,-0.377557
57547,1.99235,15.6304,41.613
57548,-0.0604437,-0.0845505,-0.175073
57549,0.0228781,-0.0507638,-0.132902
57550,0.01519,-0.00839548,-0.0083985
57551,0.0130679,-0.0608719,-0.112885
57552,-0.0486789,-0.0693604,-0.135123
57553,-0.298793,-0.409908,-0.897806
57554,-2.04822,-26.6285,-71.9657
57555,-0.0279229,0.26201,0.805398
57556,0.161767,0.107075,0.225856
57557,-0.201436,-0.17113,-0.326227
57558,-0.142016,-1.11168,-2.82576
57559,0.147861,0.186246,0.419119
57560,-0.0304359,0.0140917,0.065933
57561,-0.432823,-0.433214,-0.916291
57562,0.00441181,-0.00871194,-0.0135902
57563,0.107503,0.114726,0.262497
57564,-0.0234924,-0.0430385,-0.0885365
57565,-0.0823166,-0.0742935,-0.13327
57566,0.129022,0.215211,0.524841
57567,0.1952,0.20676,0.452746
57568,-0.289355,0.456651,1.32225
57569,-1.01487,-13.6193,-37.0203
57570,0.152813,0.143244,0.303614
57571,0.048288,0.0462961,0.112855
57572,-1.08296,-10.7935,-29.0424
57573,-0.0620446,0.117015,0.353206
57574,-0.00655257,0.116625,0.319648
57575,-1.53207,-9.8011,-25.8954
57576,1.06297,9.42888,25.1808
57577,0.15164,0.127272,0.266418
57578,-0.305551,-0.16454,-0.238699
57579,0.0462217,0.0240695,0.0518443
57580,-0.0541331,-0.069137,-0.129216
57581,0.039092,0.037156,0.0897707
57582,-0.192444,-0.404658,-0.900885
57583,-0.126565,-0.0709799,-0.107817
57584,-0.0470221,-0.101937,-0.225869
57585,-1.08877,-9.46762,-25.1718
57586,-1.15314,-9.06721,-24.0256
57587,-0.334051,0.0615792,0.314357
57588,0.00474689,0.0976928,0.255778
57589,-1.19013,-7.37672,-19.5492
57590,-0.0749636,-0.0237344,-0.0348241
57591,0.499875,0.760377,1.70448
57592,-0.635338,-9.16112,-25.2828
57593,0.676348,2.32443,5.64027
57594,0.580684,10.7093,29.3993
57595,0.702614,8.81419,24.2095
57596,0.0951053,-0.464432,-1.27586
57597,1.15506,-0.19708,-0.890472
57598,0.454547,13.6074,36.7281
57599,0.646545,7.7919,20.8397
