sec,signed_vol,volume,mid
34200,2348.0,11820.0,192.99
34201,-2538.0,4644.0,192.965
34202,14558.0,16792.0,192.985
34203,-6236.0,7798.0,192.98
34204,1080.0,2154.0,192.985
34205,5.0,5075.0,192.965
34206,-277.0,2805.0,192.97
34207,-3446.0,4250.0,192.945
34208,-915.0,1645.0,192.96
34209,-133.0,1175.0,192.955
34210,-4506.0,7726.0,192.925
34211,319.0,571.0,192.925
34212,6157.0,6495.0,192.98
34213,-1151.0,1529.0,192.95
34214,424.0,524.0,192.96
34215,6837.0,15179.0,193.045
34216,2021.0,2823.0,193.035
34217,1002.0,1002.0,193.045
34218,159.0,315.0,193.035
34219,274.0,618.0,193.025
34220,1488.0,1888.0,193.065
34221,554.0,674.0,193.055
34222,979.0,1141.0,193.055
34223,23.0,1657.0,193.015
34224,2505.0,2789.0,193.16
34225,4822.0,14792.0,193.195
34226,-1126.0,3182.0,193.065
34227,2174.0,3530.0,193.01
34228,2269.0,3487.0,193.04
34229,77.0,77.0,193.065
34230,12.0,886.0,193.09
34231,50.0,50.0,193.095
34232,536.0,600.0,193.14
34233,516.0,986.0,193.185
34234,527.0,969.0,193.185
34235,-61.0,403.0,193.185
34236,538.0,544.0,193.25
34237,610.0,972.0,193.27
34238,1668.0,1990.0,193.32
34239,-3240.0,3240.0,193.22
34240,273.0,425.0,193.225
34241,-782.0,4226.0,193.085
34242,-302.0,4836.0,192.99
34243,3783.0,11069.0,193.08
34244,848.0,3280.0,193.125
34245,249.0,507.0,193.1
34246,698.0,1206.0,193.16
34247,301.0,717.0,193.155
34248,0.0,0.0,193.16
34249,828.0,2040.0,193.16
34250,-212.0,444.0,193.085
34251,1381.0,2359.0,193.11
34252,613.0,613.0,193.115
34253,1206.0,1566.0,193.185
34254,1100.0,1302.0,193.295
34255,-351.0,2419.0,193.27
34256,1104.0,1822.0,193.26
34257,252.0,652.0,193.275
34258,982.0,994.0,193.305
34259,-33.0,825.0,193.315
34260,657.0,1047.0,193.28
34261,9799.0,10499.0,193.355
34262,1247.0,1999.0,193.265
34263,-2411.0,2467.0,193.18
34264,4592.0,6014.0,193.245
34265,158.0,1640.0,193.175
34266,909.0,909.0,193.23
34267,-2094.0,6776.0,193.3
34268,60.0,418.0,193.305
34269,-603.0,821.0,193.295
34270,509.0,795.0,193.37
34271,402.0,862.0,193.345
34272,-204.0,218.0,193.335
34273,525.0,925.0,193.345
34274,13.0,13.0,193.33
34275,121.0,121.0,193.33
34276,-1846.0,1852.0,193.225
34277,786.0,1668.0,193.265
34278,858.0,1562.0,193.335
34279,386.0,388.0,193.33
34280,-270.0,380.0,193.305
34281,119.0,119.0,193.305
34282,90.0,506.0,193.255
34283,199.0,1149.0,193.245
34284,563.0,669.0,193.26
34285,423.0,423.0,193.27
34286,351.0,949.0,193.285
34287,-48.0,152.0,193.295
34288,-100.0,100.0,193.265
34289,-10.0,10.0,193.255
34290,-608.0,1674.0,193.22
34291,-511.0,1907.0,193.205
34292,316.0,1316.0,193.21
34293,-4126.0,5540.0,193.145
34294,-1982.0,4670.0,193.02
34295,22.0,848.0,193.015
34296,984.0,1384.0,193.02
34297,187.0,387.0,193.025
34298,-321.0,383.0,193.025
34299,97.0,213.0,193.02
34300,-2176.0,2808.0,192.93
34301,-900.0,900.0,192.825
34302,1247.0,3287.0,192.85
34303,622.0,1348.0,192.81
34304,-790.0,1698.0,192.75
34305,-945.0,6003.0,192.685
34306,-175.0,4439.0,192.635
34307,827.0,7405.0,192.595
34308,2417.0,3271.0,192.59
34309,1317.0,2801.0,192.64
34310,0.0,0.0,192.645
34311,-607.0,807.0,192.635
34312,2280.0,2480.0,192.685
34313,299.0,899.0,192.695
34314,50.0,50.0,192.695
34315,4234.0,4634.0,192.75
34316,0.0,0.0,192.75
34317,-117.0,1313.0,192.72
34318,355.0,747.0,192.795
34319,216.0,550.0,192.785
34320,134.0,134.0,192.795
34321,107.0,311.0,192.785
34322,-28.0,880.0,192.765
34323,-1059.0,2867.0,192.735
34324,419.0,1981.0,192.72
34325,225.0,1417.0,192.73
34326,-441.0,891.0,192.725
34327,-2378.0,4862.0,192.585
34328,604.0,604.0,192.58
34329,1494.0,3124.0,192.58
34330,1394.0,1562.0,192.72
34331,-175.0,179.0,192.685
34332,-162.0,238.0,192.71
34333,349.0,2689.0,192.665
34334,-45.0,71.0,192.625
34335,179.0,303.0,192.655
34336,165.0,315.0,192.67
34337,2646.0,4838.0,192.715
34338,-77.0,77.0,192.7
34339,-845.0,867.0,192.625
34340,528.0,1128.0,192.655
34341,123.0,123.0,192.695
34342,-26.0,26.0,192.69
34343,80.0,80.0,192.69
34344,-746.0,1394.0,192.615
34345,-1049.0,1737.0,192.59
34346,14.0,282.0,192.57
34347,-1314.0,2820.0,192.555
34348,1168.0,1188.0,192.59
34349,805.0,1195.0,192.615
34350,-4.0,104.0,192.62
34351,892.0,1308.0,192.665
34352,-60.0,166.0,192.67
34353,-1091.0,1747.0,192.595
34354,371.0,1315.0,192.635
34355,99.0,101.0,192.645
34356,-159.0,167.0,192.65
34357,-791.0,2245.0,192.625
34358,746.0,1996.0,192.69
34359,-1712.0,1762.0,192.68
34360,-354.0,354.0,192.65
34361,427.0,1087.0,192.675
34362,452.0,1104.0,192.68
34363,864.0,864.0,192.69
34364,356.0,446.0,192.695
34365,1284.0,1284.0,192.71
34366,4381.0,4963.0,192.865
34367,-472.0,1022.0,192.815
34368,186.0,186.0,192.805
34369,-146.0,1070.0,192.8
34370,-841.0,949.0,192.765
34371,55.0,55.0,192.765
34372,673.0,673.0,192.77
34373,136.0,136.0,192.775
34374,144.0,144.0,192.77
34375,776.0,976.0,192.78
34376,477.0,699.0,192.79
34377,431.0,635.0,192.79
34378,95.0,95.0,192.785
34379,-924.0,1516.0,192.775
34380,11.0,11.0,192.78
34381,681.0,1275.0,192.79
34382,-138.0,432.0,192.795
34383,170.0,170.0,192.805
34384,470.0,510.0,192.805
34385,45.0,91.0,192.8
34386,35.0,129.0,192.8
34387,-184.0,378.0,192.8
34388,-1010.0,5908.0,192.68
34389,537.0,1213.0,192.68
34390,92.0,92.0,192.68
34391,-10.0,690.0,192.655
34392,30.0,138.0,192.675
34393,3166.0,3262.0,192.78
34394,0.0,0.0,192.765
34395,30.0,30.0,192.775
34396,349.0,379.0,192.795
34397,-486.0,668.0,192.75
34398,4.0,4.0,192.75
34399,19.0,19.0,192.75
34400,-782.0,1368.0,192.745
34401,0.0,0.0,192.745
34402,-243.0,459.0,192.705
34403,181.0,201.0,192.72
34404,897.0,927.0,192.755
34405,300.0,300.0,192.76
34406,875.0,875.0,192.795
34407,2813.0,3023.0,192.905
34408,-798.0,1218.0,192.9
34409,-155.0,267.0,192.89
34410,-525.0,977.0,192.915
34411,46.0,3746.0,192.895
34412,1237.0,1491.0,192.915
34413,122.0,122.0,192.955
34414,-275.0,709.0,192.945
34415,147.0,403.0,192.945
34416,-3051.0,3111.0,192.825
34417,995.0,1049.0,192.825
34418,-665.0,887.0,192.8
34419,570.0,604.0,192.825
34420,240.0,526.0,192.82
34421,313.0,399.0,192.82
34422,19.0,19.0,192.815
34423,1047.0,1461.0,192.825
34424,56.0,56.0,192.825
34425,676.0,678.0,192.835
34426,533.0,633.0,192.86
34427,58.0,58.0,192.865
34428,-5.0,5.0,192.855
34429,-44.0,556.0,192.83
34430,80.0,108.0,192.845
34431,-36.0,62.0,192.825
34432,437.0,1851.0,192.84
34433,295.0,511.0,192.825
34434,-2524.0,3548.0,192.75
34435,137.0,137.0,192.75
34436,-196.0,1612.0,192.78
34437,-51.0,255.0,192.76
34438,-361.0,451.0,192.765
34439,620.0,620.0,192.81
34440,105.0,753.0,192.815
34441,-45.0,411.0,192.81
34442,-51.0,51.0,192.8
34443,105.0,115.0,192.805
34444,50.0,50.0,192.82
34445,-16.0,16.0,192.82
34446,1029.0,1251.0,192.86
34447,587.0,1361.0,192.845
34448,-612.0,612.0,192.79
34449,-389.0,389.0,192.775
34450,2014.0,2700.0,192.83
34451,0.0,0.0,192.835
34452,677.0,877.0,192.84
34453,2481.0,2681.0,192.935
34454,-249.0,251.0,192.915
34455,-928.0,952.0,192.87
34456,28.0,28.0,192.89
34457,-22.0,428.0,192.915
34458,2154.0,2408.0,192.94
34459,361.0,365.0,192.985
34460,4356.0,5056.0,193.065
34461,96.0,990.0,193.065
34462,-1810.0,2854.0,193.045
34463,380.0,420.0,193.06
34464,294.0,294.0,193.07
34465,2136.0,2336.0,193.12
34466,-222.0,510.0,193.105
34467,-55.0,303.0,193.11
34468,6.0,6.0,193.11
34469,0.0,0.0,193.11
34470,42.0,858.0,193.11
34471,-131.0,331.0,193.07
34472,1780.0,1940.0,193.095
34473,1385.0,2923.0,193.21
34474,-3053.0,3103.0,193.145
34475,5.0,5.0,193.135
34476,0.0,0.0,193.13
34477,0.0,0.0,193.13
34478,-1907.0,3633.0,193.085
34479,192.0,608.0,193.095
34480,-83.0,633.0,193.13
34481,1664.0,1664.0,193.15
34482,70.0,70.0,193.15
34483,351.0,351.0,193.15
34484,-50.0,50.0,193.15
34485,-630.0,650.0,193.125
34486,12.0,12.0,193.13
34487,0.0,0.0,193.13
34488,0.0,0.0,193.13
34489,0.0,0.0,193.13
34490,1084.0,1084.0,193.16
34491,-99.0,101.0,193.16
34492,0.0,0.0,193.15
34493,4197.0,7735.0,193.125
34494,250.0,250.0,193.135
34495,0.0,0.0,193.12
34496,9.0,9.0,193.125
34497,435.0,435.0,193.145
34498,-299.0,301.0,193.14
34499,5.0,5.0,193.135
34500,14.0,40.0,193.14
34501,-2234.0,2430.0,193.055
34502,-336.0,1936.0,193.03
34503,-1.0,1.0,193.03
34504,-1269.0,1473.0,193.015
34505,-716.0,2090.0,192.99
34506,1084.0,1206.0,192.995
34507,-1.0,1.0,192.985
34508,2.0,2.0,192.985
34509,1529.0,3509.0,193.005
34510,1062.0,1702.0,193.02
34511,-397.0,443.0,193.02
34512,-7.0,13.0,193.02
34513,73.0,73.0,193.02
34514,-3328.0,3598.0,192.915
34515,684.0,924.0,192.935
34516,-100.0,100.0,192.94
34517,-1012.0,1916.0,192.905
34518,-126.0,274.0,192.895
34519,-684.0,684.0,192.875
34520,629.0,765.0,192.885
34521,15.0,15.0,192.88
34522,-1054.0,3042.0,192.875
34523,210.0,210.0,192.885
34524,1703.0,1833.0,192.94
34525,-48.0,196.0,192.92
34526,-436.0,636.0,192.87
34527,0.0,0.0,192.87
34528,208.0,278.0,192.89
34529,15.0,15.0,192.92
34530,-437.0,843.0,192.89
34531,-151.0,151.0,192.88
34532,-203.0,409.0,192.87
34533,16.0,16.0,192.87
34534,1110.0,1190.0,192.9
34535,-52.0,54.0,192.895
34536,-263.0,263.0,192.87
34537,0.0,0.0,192.87
34538,-101.0,101.0,192.86
34539,-24588.0,25828.0,192.725
34540,417.0,701.0,192.735
34541,1231.0,4307.0,192.685
34542,1476.0,1618.0,192.675
34543,570.0,1638.0,192.655
34544,12806.0,13224.0,192.71
34545,0.0,0.0,192.71
34546,4636.0,6314.0,192.76
34547,-58.0,842.0,192.78
34548,341.0,1601.0,192.775
34549,842.0,1170.0,192.775
34550,3013.0,3097.0,192.895
34551,85.0,965.0,192.87
34552,-82.0,362.0,192.845
34553,525.0,745.0,192.875
34554,862.0,1408.0,192.89
34555,1723.0,1763.0,192.95
34556,0.0,2.0,192.955
34557,-301.0,811.0,192.985
34558,21.0,221.0,192.99
34559,397.0,777.0,193.005
34560,595.0,1333.0,193.02
34561,-58.0,162.0,193.02
34562,202.0,2360.0,193.08
34563,-520.0,980.0,193.08
34564,-69.0,131.0,193.085
34565,-4.0,2104.0,193.09
34566,289.0,289.0,193.105
34567,200.0,200.0,193.11
34568,50.0,50.0,193.12
34569,-241.0,1451.0,193.125
34570,347.0,619.0,193.13
34571,65.0,65.0,193.13
34572,1264.0,1670.0,193.185
34573,548.0,1220.0,193.22
34574,-674.0,1778.0,193.225
34575,153.0,1871.0,193.23
34576,-490.0,490.0,193.18
34577,-345.0,345.0,193.2
34578,20.0,20.0,193.205
34579,-61.0,707.0,193.19
34580,265.0,265.0,193.205
34581,692.0,950.0,193.22
34582,883.0,1623.0,193.22
34583,480.0,480.0,193.23
34584,3005.0,3099.0,193.31
34585,-532.0,1370.0,193.3
34586,169.0,169.0,193.305
34587,737.0,1057.0,193.345
34588,2354.0,2558.0,193.39
34589,1622.0,8664.0,193.425
34590,220.0,380.0,193.41
34591,30.0,30.0,193.405
34592,57.0,57.0,193.41
34593,-3998.0,5078.0,193.325
34594,894.0,894.0,193.345
34595,0.0,0.0,193.35
34596,100.0,100.0,193.355
34597,608.0,920.0,193.36
34598,105.0,155.0,193.355
34599,-111.0,831.0,193.36
34600,113.0,1907.0,193.39
34601,371.0,371.0,193.405
34602,97.0,323.0,193.405
34603,-50.0,150.0,193.405
34604,254.0,1528.0,193.39
34605,1692.0,1692.0,193.41
34606,-106.0,698.0,193.405
34607,-578.0,578.0,193.38
34608,526.0,564.0,193.415
34609,6.0,6.0,193.42
34610,243.0,1463.0,193.41
34611,260.0,282.0,193.42
34612,576.0,664.0,193.43
34613,26579.0,27741.0,193.505
34614,-456.0,3912.0,193.52
34615,-682.0,990.0,193.51
34616,22.0,22.0,193.51
34617,-2239.0,4531.0,193.49
34618,0.0,0.0,193.49
34619,1715.0,1715.0,193.505
34620,233.0,687.0,193.52
34621,4037.0,4943.0,193.56
34622,3561.0,4411.0,193.58
34623,294.0,296.0,193.575
34624,0.0,0.0,193.575
34625,6152.0,8274.0,193.63
34626,181.0,575.0,193.635
34627,878.0,1168.0,193.645
34628,247.0,247.0,193.655
34629,268.0,2348.0,193.69
34630,2057.0,2469.0,193.73
34631,-230.0,1338.0,193.71
34632,-3103.0,3103.0,193.57
34633,2327.0,5377.0,193.59
34634,351.0,551.0,193.635
34635,100.0,100.0,193.635
34636,197.0,403.0,193.64
34637,-785.0,1707.0,193.575
34638,129.0,219.0,193.59
34639,-357.0,1099.0,193.56
34640,489.0,489.0,193.575
34641,-73.0,333.0,193.585
34642,253.0,325.0,193.59
34643,-808.0,2022.0,193.56
34644,-292.0,506.0,193.55
34645,0.0,0.0,193.55
34646,-2045.0,4115.0,193.465
34647,-222.0,628.0,193.465
34648,1257.0,4343.0,193.47
34649,200.0,200.0,193.47
34650,-643.0,643.0,193.45
34651,-400.0,400.0,193.455
34652,-456.0,658.0,193.435
34653,0.0,0.0,193.435
34654,0.0,0.0,193.435
34655,2890.0,2952.0,193.545
34656,74.0,1036.0,193.57
34657,5.0,5.0,193.59
34658,324.0,726.0,193.565
34659,-1.0,1.0,193.555
34660,-309.0,519.0,193.56
34661,0.0,0.0,193.555
34662,565.0,635.0,193.595
34663,-333.0,333.0,193.54
34664,-187.0,769.0,193.52
34665,40.0,40.0,193.54
34666,0.0,0.0,193.54
34667,0.0,0.0,193.54
34668,-766.0,1836.0,193.49
34669,-111.0,1231.0,193.445
34670,178.0,362.0,193.44
34671,-510.0,510.0,193.43
34672,0.0,0.0,193.43
34673,431.0,433.0,193.43
34674,550.0,850.0,193.43
34675,83.0,83.0,193.425
34676,65.0,109.0,193.43
34677,-2048.0,5650.0,193.275
34678,923.0,1413.0,193.275
34679,-4.0,4.0,193.28
34680,-357.0,357.0,193.225
34681,343.0,373.0,193.195
34682,-114.0,114.0,193.12
34683,303.0,303.0,193.13
34684,1067.0,1267.0,193.17
34685,-874.0,1394.0,193.09
34686,450.0,450.0,193.105
34687,4718.0,4738.0,193.145
34688,500.0,500.0,193.155
34689,274.0,344.0,193.16
34690,-228.0,228.0,193.13
34691,-80.0,1276.0,193.1
34692,74.0,82.0,193.105
34693,-1.0,1.0,193.095
34694,-346.0,348.0,193.03
34695,229.0,229.0,193.04
34696,3.0,3.0,193.04
34697,728.0,728.0,193.085
34698,119.0,119.0,193.09
34699,609.0,609.0,193.105
34700,1584.0,1804.0,193.125
34701,1324.0,1566.0,193.155
34702,302.0,332.0,193.155
34703,3.0,3.0,193.16
34704,-284.0,426.0,193.13
34705,238.0,238.0,193.13
34706,-456.0,656.0,193.115
34707,-309.0,1033.0,193.1
34708,716.0,716.0,193.135
34709,0.0,0.0,193.14
34710,195.0,195.0,193.15
34711,-641.0,641.0,193.1
34712,495.0,495.0,193.125
34713,436.0,544.0,193.15
34714,400.0,400.0,193.15
34715,219.0,241.0,193.15
34716,-28.0,28.0,193.15
34717,623.0,623.0,193.165
34718,-251.0,719.0,193.14
34719,100.0,100.0,193.14
34720,0.0,0.0,193.14
34721,-642.0,1202.0,193.09
34722,-425.0,3493.0,193.045
34723,157.0,597.0,193.075
34724,4.0,4.0,193.085
34725,97.0,97.0,193.1
34726,69.0,571.0,193.07
34727,-72.0,72.0,193.06
34728,-1232.0,2132.0,192.965
34729,3308.0,3988.0,193.03
34730,300.0,300.0,193.03
34731,100.0,100.0,193.03
34732,289.0,289.0,193.03
34733,0.0,0.0,193.035
34734,-372.0,372.0,193.02
34735,-132.0,218.0,193.01
34736,99.0,99.0,193.01
34737,-181.0,2961.0,192.995
34738,-2606.0,3216.0,192.92
34739,-237.0,1783.0,192.93
34740,-563.0,843.0,192.925
34741,489.0,887.0,192.92
34742,303.0,545.0,192.935
34743,280.0,280.0,192.95
34744,-301.0,327.0,192.935
34745,102.0,102.0,192.95
34746,-1084.0,1584.0,192.905
34747,122.0,1066.0,192.95
34748,500.0,500.0,192.965
34749,200.0,640.0,192.98
34750,100.0,100.0,192.995
34751,201.0,201.0,192.99
34752,-1398.0,1868.0,192.98
34753,200.0,200.0,192.985
34754,-326.0,474.0,192.975
34755,1041.0,1691.0,192.995
34756,-1443.0,1839.0,192.975
34757,-1122.0,2034.0,192.975
34758,-519.0,961.0,192.975
34759,296.0,848.0,193.005
34760,701.0,701.0,193.005
34761,812.0,1014.0,193.03
34762,-2178.0,2578.0,192.99
34763,452.0,644.0,193.01
34764,370.0,510.0,193.07
34765,467.0,467.0,193.07
34766,518.0,758.0,193.105
34767,0.0,0.0,193.11
34768,0.0,0.0,193.11
34769,-308.0,328.0,193.1
34770,190.0,410.0,193.1
34771,0.0,0.0,193.095
34772,-1053.0,1053.0,193.03
34773,406.0,1118.0,193.09
34774,200.0,200.0,193.095
34775,-637.0,1275.0,193.055
34776,-300.0,300.0,193.045
34777,-1081.0,1131.0,193.035
34778,-1311.0,3155.0,193.04
34779,513.0,513.0,193.055
34780,211.0,211.0,193.07
34781,-378.0,1632.0,193.085
34782,558.0,588.0,193.09
34783,1967.0,3615.0,193.17
34784,-1013.0,2411.0,193.175
34785,574.0,930.0,193.17
34786,763.0,1183.0,193.18
34787,610.0,610.0,193.205
34788,11.0,59.0,193.23
34789,22.0,22.0,193.235
34790,6.0,112.0,193.235
34791,-2640.0,3592.0,193.23
34792,1124.0,1354.0,193.23
34793,549.0,919.0,193.23
34794,-969.0,969.0,193.21
34795,-354.0,714.0,193.21
34796,100.0,100.0,193.21
34797,421.0,457.0,193.23
34798,1437.0,1439.0,193.3
34799,156.0,156.0,193.345
34800,120.0,560.0,193.34
34801,-934.0,1874.0,193.29
34802,877.0,1479.0,193.295
34803,-539.0,561.0,193.28
34804,-530.0,1098.0,193.28
34805,-790.0,832.0,193.235
34806,-395.0,545.0,193.22
34807,0.0,0.0,193.22
34808,-272.0,332.0,193.205
34809,-1060.0,1086.0,193.165
34810,15.0,533.0,193.18
34811,-551.0,1421.0,193.16
34812,815.0,815.0,193.19
34813,197.0,217.0,193.185
34814,-661.0,861.0,193.15
34815,230.0,230.0,193.15
34816,384.0,1512.0,193.11
34817,425.0,425.0,193.115
34818,102.0,928.0,193.105
34819,133.0,1113.0,193.12
34820,305.0,305.0,193.15
34821,2649.0,2649.0,193.23
34822,-10.0,10.0,193.22
34823,113.0,113.0,193.25
34824,105.0,105.0,193.23
34825,450.0,464.0,193.28
34826,234.0,234.0,193.31
34827,5.0,255.0,193.305
34828,-1238.0,1252.0,193.235
34829,0.0,0.0,193.23
34830,425.0,425.0,193.275
34831,0.0,0.0,193.275
34832,681.0,681.0,193.32
34833,725.0,725.0,193.35
34834,500.0,548.0,193.4
34835,-332.0,468.0,193.43
34836,-713.0,715.0,193.405
34837,-396.0,396.0,193.385
34838,-399.0,801.0,193.385
34839,709.0,909.0,193.39
34840,17.0,183.0,193.385
34841,-413.0,613.0,193.375
34842,2057.0,2057.0,193.415
34843,-324.0,324.0,193.41
34844,200.0,400.0,193.42
34845,310.0,510.0,193.43
34846,2.0,2.0,193.425
34847,-818.0,2088.0,193.41
34848,198.0,198.0,193.4
34849,-120.0,320.0,193.395
34850,602.0,602.0,193.4
34851,-188.0,242.0,193.365
34852,100.0,100.0,193.37
34853,1030.0,2260.0,193.375
34854,-579.0,1011.0,193.365
34855,-84.0,116.0,193.365
34856,1489.0,1689.0,193.37
34857,781.0,1421.0,193.395
34858,130.0,130.0,193.425
34859,2168.0,3670.0,193.44
34860,0.0,0.0,193.44
34861,201.0,525.0,193.445
34862,-1210.0,1260.0,193.41
34863,500.0,500.0,193.425
34864,0.0,0.0,193.42
34865,575.0,817.0,193.435
34866,-98.0,1192.0,193.39
34867,-168.0,1716.0,193.4
34868,149.0,151.0,193.415
34869,240.0,680.0,193.445
34870,74.0,76.0,193.445
34871,45.0,447.0,193.445
34872,1.0,1.0,193.445
34873,-252.0,852.0,193.425
34874,-276.0,326.0,193.405
34875,0.0,0.0,193.405
34876,710.0,1930.0,193.4
34877,-533.0,1213.0,193.4
34878,-30.0,180.0,193.405
34879,429.0,621.0,193.43
34880,0.0,0.0,193.425
34881,1035.0,2067.0,193.455
34882,400.0,400.0,193.47
34883,-41.0,41.0,193.475
34884,402.0,1002.0,193.485
34885,2009.0,2409.0,193.535
34886,400.0,400.0,193.55
34887,120.0,1760.0,193.545
34888,-2724.0,3326.0,193.545
34889,-300.0,300.0,193.54
34890,-1183.0,1983.0,193.505
34891,-525.0,795.0,193.5
34892,775.0,775.0,193.515
34893,-75.0,77.0,193.515
34894,402.0,402.0,193.525
34895,100.0,100.0,193.525
34896,-162.0,362.0,193.515
34897,504.0,1428.0,193.545
34898,1004.0,1404.0,193.58
34899,75.0,75.0,193.58
34900,-11102.0,13706.0,193.555
34901,751.0,761.0,193.56
34902,98.0,98.0,193.555
34903,101.0,101.0,193.56
34904,-2198.0,3148.0,193.495
34905,0.0,0.0,193.5
34906,-253.0,453.0,193.495
34907,-293.0,497.0,193.485
34908,141.0,141.0,193.49
34909,215.0,465.0,193.49
34910,85.0,85.0,193.49
34911,481.0,1481.0,193.465
34912,300.0,300.0,193.48
34913,306.0,880.0,193.49
34914,544.0,744.0,193.49
34915,259.0,259.0,193.495
34916,696.0,696.0,193.545
34917,75.0,75.0,193.56
34918,0.0,0.0,193.565
34919,0.0,0.0,193.565
34920,215.0,373.0,193.575
34921,885.0,909.0,193.58
34922,103.0,103.0,193.58
34923,937.0,1727.0,193.61
34924,107.0,107.0,193.635
34925,-1515.0,1825.0,193.615
34926,-294.0,540.0,193.6
34927,26.0,384.0,193.585
34928,55.0,57.0,193.59
34929,0.0,0.0,193.59
34930,-10.0,10.0,193.59
34931,340.0,340.0,193.6
34932,0.0,0.0,193.6
34933,-129.0,129.0,193.595
34934,26.0,124.0,193.6
34935,494.0,494.0,193.615
34936,659.0,1089.0,193.64
34937,574.0,720.0,193.66
34938,414.0,2074.0,193.65
34939,15.0,665.0,193.65
34940,-131.0,231.0,193.645
34941,63.0,417.0,193.645
34942,-1610.0,1896.0,193.635
34943,-287.0,513.0,193.64
34944,-8.0,8.0,193.64
34945,-154.0,1162.0,193.64
34946,98.0,102.0,193.64
34947,-100.0,100.0,193.635
34948,42.0,402.0,193.63
34949,-308.0,1032.0,193.615
34950,-31.0,321.0,193.615
34951,1030.0,1100.0,193.645
34952,-276.0,476.0,193.61
34953,650.0,650.0,193.625
34954,384.0,384.0,193.64
34955,0.0,0.0,193.64
34956,-1387.0,1387.0,193.6
34957,-393.0,797.0,193.57
34958,15.0,15.0,193.57
34959,-33.0,33.0,193.565
34960,105.0,105.0,193.57
34961,424.0,424.0,193.575
34962,361.0,601.0,193.6
34963,0.0,0.0,193.59
34964,-229.0,371.0,193.6
34965,-35.0,37.0,193.605
34966,-10.0,10.0,193.6
34967,-430.0,430.0,193.6
34968,835.0,1027.0,193.625
34969,717.0,883.0,193.64
34970,909.0,1909.0,193.655
34971,520.0,520.0,193.665
34972,153.0,153.0,193.665
34973,-1800.0,2250.0,193.655
34974,-1884.0,2284.0,193.62
34975,223.0,1177.0,193.615
34976,5.0,5.0,193.61
34977,43.0,45.0,193.61
34978,115.0,115.0,193.615
34979,0.0,0.0,193.62
34980,1.0,21.0,193.62
34981,-672.0,872.0,193.585
34982,736.0,1050.0,193.625
34983,2869.0,3079.0,193.69
34984,82.0,718.0,193.68
34985,-99.0,703.0,193.675
34986,-520.0,1122.0,193.64
34987,211.0,211.0,193.68
34988,497.0,697.0,193.665
34989,3.0,3.0,193.66
34990,0.0,0.0,193.665
34991,-95.0,307.0,193.655
34992,201.0,201.0,193.66
34993,0.0,0.0,193.66
34994,897.0,897.0,193.67
34995,-13.0,15.0,193.68
34996,100.0,100.0,193.68
34997,-602.0,802.0,193.675
34998,598.0,804.0,193.68
34999,732.0,918.0,193.69
35000,983.0,1183.0,193.725
35001,-36.0,36.0,193.73
35002,-814.0,814.0,193.725
35003,-8.0,8.0,193.725
35004,-1543.0,1745.0,193.68
35005,59.0,59.0,193.68
35006,-199.0,201.0,193.685
35007,-22.0,22.0,193.675
35008,-200.0,200.0,193.665
35009,100.0,100.0,193.665
35010,-212.0,1442.0,193.675
35011,100.0,100.0,193.685
35012,605.0,605.0,193.7
35013,0.0,0.0,193.705
35014,593.0,1001.0,193.715
35015,15.0,15.0,193.72
35016,0.0,0.0,193.725
35017,0.0,0.0,193.73
35018,2496.0,3052.0,193.75
35019,365.0,365.0,193.75
35020,39.0,407.0,193.75
35021,309.0,309.0,193.755
35022,-10.0,10.0,193.755
35023,-2030.0,2032.0,193.745
35024,-2640.0,4064.0,193.715
35025,312.0,312.0,193.715
35026,197.0,197.0,193.73
35027,-22.0,22.0,193.705
35028,100.0,100.0,193.72
35029,162.0,162.0,193.72
35030,664.0,864.0,193.765
35031,-218.0,588.0,193.765
35032,776.0,4398.0,193.71
35033,551.0,551.0,193.72
35034,178.0,578.0,193.72
35035,100.0,100.0,193.715
35036,-735.0,865.0,193.695
35037,492.0,908.0,193.7
35038,-138.0,892.0,193.69
35039,26.0,426.0,193.685
35040,225.0,337.0,193.69
35041,-187.0,615.0,193.7
35042,-200.0,200.0,193.69
35043,-249.0,427.0,193.675
35044,-404.0,1644.0,193.65
35045,-73.0,663.0,193.635
35046,1074.0,1474.0,193.65
35047,1206.0,1606.0,193.665
35048,207.0,207.0,193.67
35049,837.0,1145.0,193.725
35050,-61.0,539.0,193.715
35051,420.0,620.0,193.715
35052,84.0,88.0,193.715
35053,0.0,0.0,193.715
35054,135.0,135.0,193.715
35055,1073.0,1277.0,193.72
35056,648.0,850.0,193.745
35057,830.0,1030.0,193.77
35058,151.0,151.0,193.79
35059,3157.0,3185.0,193.81
35060,-800.0,800.0,193.81
35061,344.0,344.0,193.81
35062,0.0,0.0,193.81
35063,-803.0,803.0,193.81
35064,-329.0,1157.0,193.805
35065,1020.0,1020.0,193.805
35066,101.0,101.0,193.805
35067,111.0,711.0,193.81
35068,151.0,151.0,193.815
35069,-108.0,108.0,193.8
35070,-3534.0,3934.0,193.74
35071,406.0,406.0,193.755
35072,357.0,423.0,193.77
35073,0.0,0.0,193.765
35074,0.0,0.0,193.765
35075,0.0,0.0,193.76
35076,0.0,600.0,193.76
35077,200.0,200.0,193.76
35078,2.0,2.0,193.76
35079,-14.0,14.0,193.76
35080,20.0,20.0,193.765
35081,-20.0,122.0,193.77
35082,95.0,105.0,193.76
35083,6429.0,8731.0,193.81
35084,-572.0,3150.0,193.77
35085,700.0,700.0,193.815
35086,0.0,428.0,193.8
35087,-8.0,294.0,193.79
35088,504.0,718.0,193.795
35089,-216.0,636.0,193.795
35090,-283.0,283.0,193.77
35091,0.0,0.0,193.76
35092,336.0,336.0,193.765
35093,400.0,400.0,193.775
35094,1441.0,1441.0,193.82
35095,5357.0,5997.0,193.875
35096,188.0,188.0,193.875
35097,-701.0,1901.0,193.88
35098,67.0,1141.0,193.865
35099,100.0,100.0,193.865
35100,2657.0,3547.0,193.875
35101,153.0,711.0,193.87
35102,-467.0,2885.0,193.84
35103,546.0,946.0,193.86
35104,-700.0,900.0,193.85
35105,-1205.0,3225.0,193.84
35106,2.0,2.0,193.84
35107,233.0,233.0,193.84
35108,-358.0,734.0,193.835
35109,260.0,1060.0,193.83
35110,49.0,771.0,193.825
35111,-186.0,614.0,193.79
35112,-200.0,400.0,193.785
35113,129.0,805.0,193.795
35114,506.0,506.0,193.805
35115,954.0,1154.0,193.815
35116,596.0,596.0,193.835
35117,682.0,682.0,193.835
35118,89.0,89.0,193.835
35119,809.0,809.0,193.835
35120,197.0,197.0,193.84
35121,1.0,1.0,193.845
35122,395.0,395.0,193.845
35123,0.0,0.0,193.85
35124,0.0,0.0,193.855
35125,2746.0,3282.0,193.925
35126,139.0,1139.0,193.925
35127,84.0,116.0,193.92
35128,91.0,91.0,193.925
35129,100.0,100.0,193.925
35130,-2720.0,3732.0,193.9
35131,510.0,510.0,193.92
35132,0.0,0.0,193.915
35133,1365.0,2297.0,193.9
35134,659.0,659.0,193.92
35135,489.0,889.0,193.935
35136,2108.0,2108.0,193.96
35137,111.0,1135.0,193.975
35138,-906.0,3878.0,193.945
35139,472.0,472.0,193.945
35140,-375.0,551.0,193.95
35141,142.0,142.0,193.955
35142,-569.0,569.0,193.93
35143,-908.0,966.0,193.92
35144,-568.0,1048.0,193.91
35145,-333.0,737.0,193.9
35146,0.0,0.0,193.9
35147,308.0,308.0,193.9
35148,0.0,0.0,193.9
35149,-363.0,1037.0,193.9
35150,170.0,198.0,193.915
35151,654.0,664.0,193.935
35152,17.0,17.0,193.94
35153,182.0,182.0,193.94
35154,85.0,85.0,193.94
35155,0.0,0.0,193.94
35156,136.0,736.0,193.94
35157,233.0,833.0,193.95
35158,435.0,435.0,193.96
35159,330.0,400.0,193.965
35160,612.0,612.0,193.975
35161,2308.0,5586.0,193.985
35162,1468.0,2890.0,193.985
35163,74698.0,85492.0,194.035
35164,1517.0,3561.0,194.09
35165,5167.0,7719.0,194.13
35166,-1917.0,8679.0,194.115
35167,792.0,1472.0,194.115
35168,160.0,1038.0,194.12
35169,-67.0,627.0,194.11
35170,-846.0,1770.0,194.08
35171,348.0,1692.0,194.08
35172,-479.0,2081.0,194.065
35173,-200.0,400.0,194.05
35174,295.0,295.0,194.05
35175,389.0,389.0,194.06
35176,457.0,909.0,194.05
35177,40.0,40.0,194.06
35178,-1994.0,6300.0,194.045
35179,1340.0,1340.0,194.055
35180,0.0,0.0,194.06
35181,1461.0,1461.0,194.115
35182,-10.0,320.0,194.085
35183,-5.0,5.0,194.075
35184,-888.0,1120.0,194.05
35185,-530.0,960.0,194.02
35186,342.0,342.0,194.04
35187,416.0,416.0,194.06
35188,913.0,1349.0,194.08
35189,-98.0,102.0,194.08
35190,-85.0,239.0,194.065
35191,195.0,205.0,194.07
35192,-390.0,840.0,194.035
35193,500.0,500.0,194.05
35194,-100.0,100.0,194.06
35195,-217.0,249.0,194.03
35196,135.0,135.0,194.03
35197,-61.0,315.0,194.005
35198,-1279.0,2391.0,194.045
35199,586.0,906.0,194.065
35200,-229.0,3157.0,194.105
35201,2908.0,3056.0,194.17
35202,-13.0,885.0,194.175
35203,306.0,778.0,194.185
35204,1542.0,1580.0,194.21
35205,-34.0,34.0,194.2
35206,-553.0,837.0,194.195
35207,-73.0,125.0,194.19
35208,-400.0,400.0,194.17
35209,-4.0,1252.0,194.17
35210,169.0,189.0,194.2
35211,103.0,303.0,194.215
35212,-1271.0,1477.0,194.185
35213,-439.0,519.0,194.18
35214,-987.0,1027.0,194.16
35215,-300.0,500.0,194.16
35216,55.0,55.0,194.16
35217,-1421.0,1431.0,194.155
35218,-266.0,1094.0,194.15
35219,100.0,100.0,194.15
35220,-760.0,1160.0,194.145
35221,189.0,1359.0,194.155
35222,-3109.0,3913.0,194.095
35223,200.0,200.0,194.1
35224,285.0,2015.0,194.04
35225,206.0,208.0,194.065
35226,471.0,471.0,194.075
35227,200.0,200.0,194.075
35228,-2077.0,6577.0,194.16
35229,1363.0,1413.0,194.17
35230,-247.0,999.0,194.145
35231,376.0,526.0,194.15
35232,270.0,270.0,194.14
35233,785.0,875.0,194.175
35234,2216.0,3780.0,194.195
35235,201.0,1029.0,194.19
35236,100.0,300.0,194.19
35237,-76.0,276.0,194.18
35238,680.0,760.0,194.195
35239,1667.0,2477.0,194.23
35240,-1345.0,2355.0,194.2
35241,-109.0,509.0,194.19
35242,-1113.0,2285.0,194.195
35243,-741.0,1211.0,194.18
35244,308.0,308.0,194.18
35245,0.0,0.0,194.18
35246,-663.0,1367.0,194.165
35247,316.0,684.0,194.15
35248,-350.0,350.0,194.14
35249,435.0,1135.0,194.16
35250,-182.0,980.0,194.16
35251,-450.0,1030.0,194.145
35252,563.0,867.0,194.16
35253,356.0,1046.0,194.15
35254,261.0,261.0,194.16
35255,220.0,220.0,194.155
35256,141.0,241.0,194.165
35257,1735.0,1753.0,194.195
35258,1467.0,1467.0,194.195
35259,1854.0,2654.0,194.21
35260,25.0,25.0,194.21
35261,400.0,600.0,194.22
35262,401.0,601.0,194.22
35263,3050.0,3850.0,194.28
35264,-123.0,523.0,194.28
35265,0.0,0.0,194.28
35266,-4719.0,6383.0,194.225
35267,287.0,527.0,194.22
35268,59.0,59.0,194.225
35269,320.0,776.0,194.235
35270,688.0,1464.0,194.245
35271,-126.0,526.0,194.255
35272,192.0,1398.0,194.255
35273,422.0,1820.0,194.275
35274,27.0,153.0,194.285
35275,1052.0,2182.0,194.305
35276,570.0,570.0,194.31
35277,-178.0,378.0,194.305
35278,300.0,300.0,194.305
35279,-1705.0,2179.0,194.29
35280,-559.0,635.0,194.275
35281,253.0,253.0,194.29
35282,-632.0,832.0,194.28
35283,149.0,149.0,194.29
35284,-648.0,648.0,194.275
35285,81.0,481.0,194.275
35286,-1108.0,1564.0,194.23
35287,1080.0,1300.0,194.285
35288,-251.0,451.0,194.245
35289,58.0,102.0,194.225
35290,-106.0,1308.0,194.23
35291,250.0,250.0,194.235
35292,20.0,20.0,194.235
35293,-450.0,1664.0,194.235
35294,1637.0,2657.0,194.24
35295,-260.0,666.0,194.22
35296,-1093.0,2277.0,194.135
35297,3024.0,3424.0,194.175
35298,1303.0,1543.0,194.18
35299,697.0,697.0,194.235
35300,-640.0,840.0,194.19
35301,100.0,100.0,194.2
35302,-1020.0,1020.0,194.18
35303,-1054.0,2304.0,194.12
35304,-420.0,3448.0,194.11
35305,1231.0,2129.0,194.14
35306,-310.0,382.0,194.11
35307,-394.0,1434.0,194.08
35308,-346.0,346.0,194.04
35309,1348.0,1398.0,194.075
35310,-386.0,594.0,194.055
35311,351.0,725.0,194.08
35312,972.0,1546.0,194.1
35313,0.0,0.0,194.1
35314,20.0,860.0,194.11
35315,-80.0,412.0,194.09
35316,676.0,1166.0,194.09
35317,-155.0,155.0,194.07
35318,-424.0,842.0,194.05
35319,100.0,100.0,194.065
35320,1227.0,2549.0,194.07
35321,382.0,852.0,194.08
35322,-82.0,620.0,194.09
35323,0.0,0.0,194.09
35324,41.0,159.0,194.085
35325,1528.0,2506.0,194.095
35326,267.0,267.0,194.105
35327,120.0,280.0,194.105
35328,8.0,208.0,194.11
35329,8804.0,9004.0,194.16
35330,1690.0,2190.0,194.19
35331,-117.0,2453.0,194.16
35332,560.0,640.0,194.17
35333,-1220.0,1420.0,194.14
35334,0.0,0.0,194.14
35335,630.0,630.0,194.16
35336,248.0,248.0,194.165
35337,179.0,639.0,194.17
35338,151.0,151.0,194.17
35339,1.0,1.0,194.17
35340,252.0,1052.0,194.19
35341,-50.0,532.0,194.18
35342,-803.0,967.0,194.175
35343,45.0,217.0,194.17
35344,-54.0,1122.0,194.17
35345,730.0,770.0,194.185
35346,-183.0,775.0,194.17
35347,475.0,571.0,194.19
35348,-121.0,131.0,194.18
35349,155.0,155.0,194.185
35350,253.0,1475.0,194.195
35351,243.0,773.0,194.19
35352,255.0,255.0,194.185
35353,300.0,300.0,194.195
35354,-146.0,594.0,194.185
35355,-778.0,1378.0,194.18
35356,120.0,120.0,194.195
35357,582.0,1940.0,194.235
35358,1659.0,2233.0,194.27
35359,-80.0,320.0,194.25
35360,1298.0,1298.0,194.27
35361,0.0,0.0,194.27
35362,541.0,541.0,194.275
35363,-8.0,392.0,194.275
35364,10.0,10.0,194.275
35365,257.0,257.0,194.27
35366,904.0,1104.0,194.31
35367,1653.0,2053.0,194.33
35368,-48.0,1450.0,194.32
35369,32.0,1036.0,194.335
35370,100.0,902.0,194.325
35371,-957.0,1827.0,194.31
35372,295.0,305.0,194.305
35373,407.0,607.0,194.31
35374,23.0,27.0,194.325
35375,-57.0,93.0,194.325
35376,-156.0,418.0,194.32
35377,145.0,145.0,194.325
35378,184.0,402.0,194.32
35379,-861.0,1461.0,194.295
35380,161.0,1039.0,194.295
35381,439.0,439.0,194.295
35382,694.0,694.0,194.31
35383,-174.0,626.0,194.315
35384,-570.0,1808.0,194.325
35385,-628.0,1032.0,194.315
35386,70.0,938.0,194.315
35387,142.0,188.0,194.325
35388,1180.0,1380.0,194.325
35389,1224.0,2024.0,194.33
35390,1183.0,1509.0,194.335
35391,-330.0,996.0,194.33
35392,-168.0,2452.0,194.33
35393,1030.0,1680.0,194.32
35394,451.0,867.0,194.33
35395,1505.0,2141.0,194.335
35396,827.0,1293.0,194.335
35397,4342.0,7668.0,194.38
35398,816.0,816.0,194.385
35399,-1949.0,2649.0,194.325
35400,-112.0,4118.0,194.34
35401,1055.0,1293.0,194.365
35402,2535.0,3041.0,194.42
35403,-178.0,2066.0,194.425
35404,210.0,610.0,194.43
35405,-210.0,1106.0,194.425
35406,-1045.0,2245.0,194.39
35407,427.0,427.0,194.425
35408,2325.0,2527.0,194.455
35409,1159.0,1839.0,194.47
35410,773.0,773.0,194.475
35411,-632.0,1390.0,194.465
35412,523.0,523.0,194.465
35413,-444.0,1260.0,194.465
35414,211.0,711.0,194.465
35415,-650.0,1050.0,194.455
35416,1575.0,2175.0,194.475
35417,0.0,0.0,194.475
35418,16855.0,18899.0,194.555
35419,-954.0,2076.0,194.535
35420,482.0,1882.0,194.525
35421,430.0,490.0,194.525
35422,565.0,1085.0,194.53
35423,1200.0,1698.0,194.545
35424,2892.0,3562.0,194.555
35425,200.0,200.0,194.555
35426,-1459.0,3129.0,194.51
35427,-113.0,1723.0,194.475
35428,483.0,483.0,194.485
35429,259.0,491.0,194.49
35430,490.0,1910.0,194.5
35431,85.0,85.0,194.495
35432,-578.0,1038.0,194.475
35433,-392.0,2642.0,194.405
35434,835.0,1305.0,194.4
35435,-441.0,2231.0,194.39
35436,-654.0,854.0,194.365
35437,811.0,1129.0,194.355
35438,300.0,1100.0,194.355
35439,1094.0,1144.0,194.375
35440,496.0,504.0,194.375
35441,1209.0,1913.0,194.38
35442,62.0,1122.0,194.38
35443,-64.0,64.0,194.36
35444,685.0,685.0,194.395
35445,-724.0,2144.0,194.345
35446,339.0,741.0,194.34
35447,518.0,522.0,194.345
35448,-25.0,103.0,194.345
35449,-888.0,1162.0,194.305
35450,354.0,1686.0,194.245
35451,415.0,455.0,194.265
35452,3086.0,3348.0,194.3
35453,926.0,1166.0,194.31
35454,323.0,323.0,194.31
35455,280.0,742.0,194.335
35456,-124.0,124.0,194.31
35457,0.0,0.0,194.31
35458,460.0,460.0,194.31
35459,-1705.0,2639.0,194.25
35460,-558.0,2252.0,194.22
35461,495.0,495.0,194.25
35462,-523.0,717.0,194.24
35463,233.0,543.0,194.21
35464,717.0,1317.0,194.225
35465,83.0,503.0,194.235
35466,-46.0,46.0,194.215
35467,-360.0,440.0,194.205
35468,229.0,503.0,194.22
35469,104.0,1914.0,194.155
35470,-1493.0,1893.0,194.13
35471,500.0,500.0,194.14
35472,128.0,1212.0,194.165
35473,670.0,780.0,194.18
35474,210.0,210.0,194.175
35475,-404.0,1194.0,194.14
35476,-260.0,560.0,194.13
35477,-521.0,1991.0,194.125
35478,-645.0,2445.0,194.12
35479,1219.0,1219.0,194.155
35480,-866.0,866.0,194.135
35481,-1708.0,1744.0,194.1
35482,257.0,855.0,194.08
35483,1715.0,2435.0,194.1
35484,878.0,1038.0,194.15
35485,357.0,427.0,194.165
35486,44.0,686.0,194.135
35487,-372.0,692.0,194.115
35488,1015.0,1913.0,194.13
35489,0.0,200.0,194.13
35490,44.0,336.0,194.145
35491,660.0,660.0,194.15
35492,692.0,1178.0,194.165
35493,-370.0,860.0,194.14
35494,566.0,1670.0,194.135
35495,-2420.0,4904.0,194.115
35496,-817.0,1827.0,194.11
35497,1004.0,2252.0,194.14
35498,-280.0,702.0,194.135
35499,-1751.0,1793.0,194.12
35500,983.0,1423.0,194.13
35501,393.0,393.0,194.13
35502,243.0,2287.0,194.105
35503,494.0,1186.0,194.095
35504,114.0,3446.0,194.075
35505,22.0,1260.0,194.06
35506,420.0,660.0,194.075
35507,868.0,1414.0,194.04
35508,1430.0,1430.0,194.07
35509,2183.0,2859.0,194.11
35510,359.0,759.0,194.105
35511,-237.0,567.0,194.09
35512,84.0,686.0,194.105
35513,1679.0,1921.0,194.13
35514,491.0,491.0,194.14
35515,440.0,440.0,194.155
35516,1.0,203.0,194.15
35517,289.0,801.0,194.14
35518,200.0,200.0,194.14
35519,310.0,310.0,194.14
35520,-1915.0,2845.0,194.07
35521,689.0,1087.0,194.11
35522,189.0,251.0,194.11
35523,-266.0,1588.0,194.085
35524,210.0,210.0,194.1
35525,200.0,200.0,194.095
35526,64.0,566.0,194.09
35527,-756.0,2046.0,194.08
35528,646.0,646.0,194.075
35529,139.0,1239.0,194.09
35530,-2102.0,3384.0,194.06
35531,314.0,566.0,194.055
35532,577.0,933.0,194.05
35533,1083.0,1083.0,194.075
35534,620.0,820.0,194.08
35535,70.0,70.0,194.08
35536,-333.0,1163.0,194.06
35537,-4556.0,7760.0,193.925
35538,1997.0,2197.0,193.945
35539,643.0,679.0,193.935
35540,523.0,523.0,193.93
35541,-968.0,1812.0,193.915
35542,-18.0,602.0,193.905
35543,730.0,730.0,193.925
35544,445.0,595.0,193.945
35545,209.0,431.0,193.95
35546,1294.0,1364.0,193.965
35547,1089.0,1729.0,193.965
35548,354.0,1386.0,193.945
35549,619.0,821.0,193.94
35550,511.0,731.0,193.95
35551,158.0,1064.0,193.98
35552,-31.0,859.0,193.98
35553,410.0,410.0,193.985
35554,480.0,740.0,193.995
35555,875.0,995.0,193.995
35556,188.0,414.0,193.985
35557,-80.0,480.0,193.98
35558,-1170.0,1412.0,193.89
35559,78.0,1752.0,193.86
35560,425.0,425.0,193.865
35561,-2.0,2.0,193.865
35562,-36.0,36.0,193.86
35563,24.0,632.0,193.855
35564,687.0,733.0,193.84
35565,-161.0,161.0,193.84
35566,0.0,0.0,193.84
35567,1168.0,1660.0,193.85
35568,199.0,199.0,193.87
35569,330.0,950.0,193.87
35570,100.0,100.0,193.88
35571,1520.0,1520.0,193.93
35572,87.0,553.0,193.93
35573,100.0,100.0,193.94
35574,188.0,462.0,193.92
35575,406.0,484.0,193.92
35576,-41.0,1049.0,193.91
35577,220.0,420.0,193.905
35578,421.0,421.0,193.91
35579,-170.0,230.0,193.91
35580,-1258.0,1662.0,193.865
35581,588.0,588.0,193.91
35582,272.0,272.0,193.915
35583,702.0,738.0,193.93
35584,864.0,866.0,193.94
35585,0.0,0.0,193.94
35586,0.0,0.0,193.94
35587,-192.0,838.0,193.93
35588,-137.0,847.0,193.92
35589,257.0,523.0,193.96
35590,480.0,760.0,193.97
35591,2030.0,2456.0,193.99
35592,278.0,1118.0,194.0
35593,187.0,533.0,194.0
35594,-129.0,419.0,194.01
35595,-1549.0,1749.0,194.005
35596,-1097.0,1097.0,194.005
35597,841.0,1081.0,194.01
35598,-1585.0,2975.0,194.01
35599,-1.0,1.0,194.005
35600,-1341.0,1893.0,193.965
35601,300.0,300.0,193.965
35602,-315.0,515.0,193.945
35603,501.0,501.0,193.975
35604,-195.0,595.0,193.985
35605,0.0,0.0,193.985
35606,344.0,394.0,194.0
35607,1215.0,1215.0,194.02
35608,4.0,4.0,194.03
35609,-1107.0,1897.0,194.025
35610,-104.0,744.0,194.025
35611,-357.0,559.0,194.025
35612,158.0,642.0,194.025
35613,-294.0,422.0,194.02
35614,-12.0,12.0,194.02
35615,633.0,1221.0,194.03
35616,1005.0,1389.0,194.03
35617,50.0,740.0,194.005
35618,221.0,421.0,194.01
35619,85.0,85.0,194.02
35620,243.0,243.0,194.02
35621,159.0,441.0,194.02
35622,0.0,0.0,194.025
35623,75.0,445.0,194.025
35624,-4537.0,4637.0,193.975
35625,125.0,775.0,193.975
35626,669.0,669.0,193.985
35627,1176.0,1176.0,194.06
35628,281.0,321.0,194.075
35629,78.0,78.0,194.07
35630,0.0,0.0,194.07
35631,-310.0,1638.0,194.05
35632,360.0,480.0,194.045
35633,-168.0,860.0,194.04
35634,347.0,347.0,194.07
35635,-308.0,308.0,194.055
35636,125.0,125.0,194.07
35637,-99.0,101.0,194.065
35638,0.0,0.0,194.065
35639,-89.0,129.0,194.06
35640,135.0,335.0,194.06
35641,-1081.0,1749.0,194.045
35642,-1678.0,2542.0,194.035
35643,-77.0,513.0,194.045
35644,12.0,228.0,194.04
35645,233.0,633.0,194.065
35646,612.0,1152.0,194.07
35647,285.0,325.0,194.07
35648,1062.0,1062.0,194.09
35649,280.0,572.0,194.1
35650,311.0,311.0,194.11
35651,1374.0,2196.0,194.13
35652,-1137.0,1931.0,194.1
35653,-194.0,206.0,194.09
35654,-1058.0,1850.0,194.075
35655,120.0,120.0,194.075
35656,0.0,0.0,194.07
35657,0.0,0.0,194.07
35658,-289.0,289.0,194.065
35659,-200.0,400.0,194.065
35660,-322.0,322.0,194.055
35661,-410.0,600.0,194.045
35662,320.0,320.0,194.05
35663,5.0,5.0,194.05
35664,0.0,0.0,194.05
35665,1465.0,1465.0,194.09
35666,-78.0,1492.0,194.095
35667,101.0,101.0,194.105
35668,798.0,798.0,194.14
35669,117.0,117.0,194.135
35670,0.0,0.0,194.135
35671,0.0,0.0,194.135
35672,0.0,0.0,194.135
35673,273.0,1303.0,194.145
35674,1438.0,1638.0,194.18
35675,0.0,0.0,194.18
35676,65.0,65.0,194.18
35677,1838.0,3678.0,194.21
35678,0.0,0.0,194.21
35679,-2330.0,2330.0,194.175
35680,1000.0,1000.0,194.2
35681,-98.0,102.0,194.18
35682,11.0,415.0,194.2
35683,0.0,0.0,194.19
35684,-2.0,2.0,194.185
35685,0.0,0.0,194.18
35686,-235.0,535.0,194.18
35687,-191.0,859.0,194.16
35688,0.0,0.0,194.16
35689,-2876.0,3736.0,194.1
35690,0.0,0.0,194.1
35691,-1310.0,1310.0,194.07
35692,0.0,0.0,194.07
35693,0.0,0.0,194.07
35694,732.0,732.0,194.09
35695,1207.0,1511.0,194.105
35696,-135.0,135.0,194.09
35697,-122.0,122.0,194.09
35698,0.0,0.0,194.09
35699,0.0,0.0,194.09
35700,1452.0,3262.0,194.11
35701,0.0,0.0,194.11
35702,900.0,900.0,194.135
35703,77.0,143.0,194.12
35704,1263.0,1263.0,194.15
35705,1113.0,1485.0,194.17
35706,0.0,0.0,194.15
35707,194.0,634.0,194.14
35708,-56.0,56.0,194.14
35709,558.0,1190.0,194.14
35710,0.0,0.0,194.14
35711,663.0,1129.0,194.16
35712,-14.0,14.0,194.15
35713,0.0,0.0,194.15
35714,0.0,0.0,194.15
35715,-18.0,18.0,194.15
35716,2.0,2.0,194.15
35717,2746.0,3386.0,194.19
35718,-681.0,681.0,194.16
35719,10.0,20.0,194.15
35720,0.0,0.0,194.15
35721,-491.0,945.0,194.145
35722,318.0,482.0,194.155
35723,0.0,0.0,194.155
35724,-181.0,181.0,194.145
35725,-167.0,167.0,194.145
35726,200.0,200.0,194.16
35727,293.0,1435.0,194.185
35728,-380.0,380.0,194.17
35729,0.0,0.0,194.17
35730,-110.0,710.0,194.17
35731,210.0,610.0,194.185
35732,25.0,25.0,194.185
35733,0.0,0.0,194.19
35734,502.0,902.0,194.2
35735,0.0,0.0,194.2
35736,-345.0,345.0,194.19
35737,-956.0,1246.0,194.19
35738,-19.0,709.0,194.19
35739,25.0,25.0,194.19
35740,-2877.0,3301.0,194.19
35741,0.0,0.0,194.185
35742,-588.0,638.0,194.185
35743,-302.0,504.0,194.19
35744,-1773.0,1773.0,194.14
35745,-891.0,1403.0,194.13
35746,-658.0,658.0,194.11
35747,0.0,0.0,194.105
35748,-452.0,454.0,194.11
35749,-272.0,368.0,194.105
35750,-790.0,790.0,194.06
35751,1029.0,1519.0,194.07
35752,-100.0,100.0,194.07
35753,164.0,714.0,194.09
35754,320.0,520.0,194.09
35755,-100.0,100.0,194.09
35756,-985.0,1185.0,194.08
35757,-3380.0,3380.0,194.055
35758,-750.0,1090.0,194.015
35759,2374.0,2574.0,194.055
35760,-100.0,100.0,194.05
35761,1175.0,1389.0,194.055
35762,2474.0,3074.0,194.08
35763,1594.0,1596.0,194.085
35764,-775.0,975.0,194.045
35765,218.0,382.0,194.065
35766,175.0,375.0,194.06
35767,-626.0,626.0,194.05
35768,-954.0,1164.0,194.02
35769,-1762.0,1964.0,193.935
35770,-1104.0,1904.0,193.915
35771,-568.0,568.0,193.895
35772,0.0,0.0,193.9
35773,0.0,0.0,193.895
35774,-943.0,943.0,193.885
35775,-1777.0,1777.0,193.885
35776,-1500.0,1500.0,193.885
35777,-1569.0,1569.0,193.885
35778,86.0,286.0,193.88
35779,-922.0,1076.0,193.86
35780,-1235.0,2667.0,193.79
35781,-140.0,140.0,193.785
35782,-141.0,575.0,193.78
35783,62.0,534.0,193.775
35784,-741.0,983.0,193.73
35785,90.0,646.0,193.74
35786,1559.0,2641.0,193.745
35787,3638.0,4244.0,193.79
35788,2374.0,2374.0,193.845
35789,445.0,515.0,193.85
35790,600.0,600.0,193.865
35791,738.0,738.0,193.875
35792,404.0,404.0,193.91
35793,-200.0,200.0,193.91
35794,563.0,563.0,193.93
35795,373.0,373.0,193.96
35796,0.0,0.0,193.965
35797,-65.0,179.0,193.955
35798,444.0,444.0,193.99
35799,-768.0,768.0,193.96
35800,-538.0,538.0,193.93
35801,-172.0,822.0,193.92
35802,-220.0,220.0,193.91
35803,200.0,200.0,193.91
35804,-215.0,215.0,193.905
35805,0.0,0.0,193.9
35806,0.0,0.0,193.895
35807,100.0,100.0,193.9
35808,0.0,0.0,193.9
35809,-261.0,461.0,193.9
35810,208.0,208.0,193.9
35811,418.0,418.0,193.91
35812,422.0,422.0,193.93
35813,14.0,14.0,193.93
35814,-225.0,225.0,193.91
35815,-100.0,100.0,193.915
35816,191.0,591.0,193.915
35817,0.0,0.0,193.91
35818,200.0,200.0,193.925
35819,906.0,906.0,193.955
35820,0.0,0.0,193.96
35821,-201.0,201.0,193.94
35822,3.0,3.0,193.94
35823,40.0,40.0,193.955
35824,600.0,600.0,193.99
35825,34.0,34.0,193.99
35826,101.0,103.0,194.02
35827,728.0,728.0,194.045
35828,-1191.0,2891.0,194.055
35829,-166.0,166.0,194.055
35830,207.0,483.0,194.06
35831,500.0,500.0,194.07
35832,0.0,0.0,194.065
35833,600.0,600.0,194.07
35834,0.0,0.0,194.07
35835,840.0,840.0,194.085
35836,4214.0,4670.0,194.13
35837,0.0,0.0,194.135
35838,0.0,0.0,194.13
35839,6.0,6.0,194.13
35840,762.0,1762.0,194.135
35841,-218.0,1026.0,194.125
35842,113.0,113.0,194.125
35843,0.0,0.0,194.125
35844,1022.0,1326.0,194.13
35845,881.0,881.0,194.13
35846,0.0,0.0,194.135
35847,418.0,418.0,194.135
35848,250.0,250.0,194.135
35849,186.0,386.0,194.135
35850,0.0,0.0,194.135
35851,358.0,772.0,194.135
35852,988.0,1988.0,194.14
35853,898.0,898.0,194.155
35854,200.0,200.0,194.16
35855,0.0,0.0,194.16
35856,0.0,0.0,194.16
35857,694.0,694.0,194.165
35858,204.0,204.0,194.165
35859,-199.0,399.0,194.155
35860,-779.0,779.0,194.135
35861,0.0,0.0,194.135
35862,-100.0,100.0,194.125
35863,908.0,908.0,194.135
35864,154.0,154.0,194.135
35865,746.0,1146.0,194.145
35866,892.0,1292.0,194.15
35867,621.0,621.0,194.16
35868,-50.0,50.0,194.155
35869,101.0,101.0,194.155
35870,0.0,0.0,194.155
35871,691.0,903.0,194.16
35872,0.0,0.0,194.16
35873,0.0,0.0,194.16
35874,-305.0,305.0,194.155
35875,-75.0,75.0,194.15
35876,-108.0,492.0,194.135
35877,0.0,0.0,194.135
35878,717.0,717.0,194.165
35879,0.0,0.0,194.165
35880,308.0,324.0,194.165
35881,3.0,3.0,194.165
35882,328.0,328.0,194.165
35883,400.0,400.0,194.17
35884,10.0,10.0,194.17
35885,1523.0,1523.0,194.19
35886,-693.0,713.0,194.185
35887,0.0,0.0,194.185
35888,-184.0,384.0,194.175
35889,195.0,195.0,194.17
35890,576.0,796.0,194.18
35891,-300.0,300.0,194.155
35892,368.0,1124.0,194.17
35893,-283.0,593.0,194.19
35894,-36.0,236.0,194.185
35895,1837.0,2237.0,194.21
35896,-408.0,608.0,194.2
35897,2656.0,3056.0,194.26
35898,-1742.0,1742.0,194.245
35899,167.0,201.0,194.26
35900,758.0,758.0,194.26
35901,0.0,0.0,194.26
35902,-109.0,109.0,194.245
35903,15.0,187.0,194.26
35904,33.0,33.0,194.26
35905,0.0,0.0,194.26
35906,-798.0,804.0,194.23
35907,190.0,190.0,194.24
35908,1374.0,1594.0,194.26
35909,0.0,0.0,194.265
35910,755.0,955.0,194.31
35911,0.0,0.0,194.31
35912,356.0,756.0,194.32
35913,200.0,200.0,194.325
35914,0.0,0.0,194.32
35915,954.0,954.0,194.35
35916,0.0,0.0,194.35
35917,0.0,0.0,194.35
35918,471.0,471.0,194.35
35919,-780.0,800.0,194.34
35920,0.0,0.0,194.34
35921,0.0,0.0,194.34
35922,625.0,625.0,194.355
35923,350.0,350.0,194.36
35924,0.0,0.0,194.36
35925,17.0,17.0,194.36
35926,0.0,0.0,194.36
35927,0.0,0.0,194.36
35928,595.0,1121.0,194.4
35929,-200.0,200.0,194.38
35930,166.0,434.0,194.37
35931,0.0,0.0,194.37
35932,-1504.0,1504.0,194.32
35933,-891.0,891.0,194.31
35934,600.0,600.0,194.32
35935,0.0,0.0,194.32
35936,-17.0,17.0,194.32
35937,-32.0,32.0,194.315
35938,-449.0,449.0,194.31
35939,0.0,0.0,194.315
35940,0.0,0.0,194.315
35941,-7.0,7.0,194.305
35942,0.0,0.0,194.305
35943,-989.0,989.0,194.3
35944,-2128.0,2128.0,194.26
35945,743.0,1999.0,194.265
35946,1744.0,1744.0,194.3
35947,2399.0,2399.0,194.34
35948,-800.0,800.0,194.3
35949,-100.0,100.0,194.28
35950,-274.0,274.0,194.26
35951,-2.0,2.0,194.26
35952,200.0,200.0,194.275
35953,0.0,0.0,194.275
35954,1991.0,1991.0,194.32
35955,5.0,5.0,194.33
35956,-116.0,136.0,194.33
35957,793.0,937.0,194.335
35958,-22.0,22.0,194.33
35959,250.0,250.0,194.34
35960,6.0,6.0,194.34
35961,394.0,394.0,194.345
35962,-100.0,100.0,194.345
35963,0.0,0.0,194.345
35964,1180.0,1384.0,194.355
35965,1012.0,1012.0,194.385
35966,554.0,554.0,194.4
35967,100.0,100.0,194.39
35968,-20.0,20.0,194.375
35969,282.0,282.0,194.39
35970,111.0,291.0,194.385
35971,0.0,0.0,194.385
35972,0.0,0.0,194.39
35973,0.0,0.0,194.395
35974,0.0,0.0,194.395
35975,-224.0,856.0,194.36
35976,-1.0,1.0,194.36
35977,500.0,500.0,194.39
35978,18.0,18.0,194.39
35979,571.0,571.0,194.395
35980,0.0,0.0,194.39
35981,-643.0,643.0,194.365
35982,899.0,901.0,194.375
35983,173.0,175.0,194.385
35984,54.0,54.0,194.39
35985,1077.0,1077.0,194.405
35986,0.0,0.0,194.405
35987,0.0,0.0,194.405
35988,-400.0,400.0,194.4
35989,-475.0,525.0,194.39
35990,-558.0,708.0,194.35
35991,-510.0,1110.0,194.32
35992,-259.0,259.0,194.3
35993,-297.0,307.0,194.295
35994,399.0,601.0,194.295
35995,-7794.0,10078.0,194.22
35996,48.0,452.0,194.155
35997,-609.0,779.0,194.125
35998,2318.0,2382.0,194.135
35999,958.0,9702.0,194.11
36000,-823.0,10453.0,194.325
36001,-3084.0,7256.0,194.315
36002,-2602.0,4638.0,194.325
36003,3712.0,4136.0,194.38
36004,1452.0,1476.0,194.43
36005,1864.0,3228.0,194.435
36006,-299.0,1511.0,194.435
36007,2510.0,2710.0,194.465
36008,5025.0,5673.0,194.52
36009,-1195.0,2227.0,194.49
36010,-401.0,401.0,194.44
36011,395.0,405.0,194.48
36012,400.0,400.0,194.495
36013,-40.0,2660.0,194.495
36014,953.0,2593.0,194.485
36015,-300.0,502.0,194.49
36016,15.0,1015.0,194.48
36017,0.0,0.0,194.495
36018,-503.0,1297.0,194.475
36019,-2052.0,2402.0,194.465
36020,-519.0,1827.0,194.495
36021,-188.0,212.0,194.485
36022,222.0,664.0,194.475
36023,387.0,387.0,194.485
36024,267.0,933.0,194.49
36025,510.0,512.0,194.5
36026,537.0,2737.0,194.495
36027,413.0,485.0,194.51
36028,319.0,1081.0,194.535
36029,-100.0,100.0,194.54
36030,-491.0,1643.0,194.555
36031,-590.0,1174.0,194.54
36032,-562.0,1688.0,194.525
36033,-381.0,397.0,194.505
36034,326.0,540.0,194.53
36035,-2648.0,3242.0,194.455
36036,-2517.0,2517.0,194.35
36037,2367.0,2367.0,194.415
36038,-1320.0,2232.0,194.37
36039,-868.0,1232.0,194.335
36040,1520.0,1720.0,194.355
36041,776.0,876.0,194.41
36042,-800.0,1420.0,194.38
36043,-100.0,100.0,194.36
36044,-100.0,100.0,194.355
36045,252.0,652.0,194.395
36046,7.0,7.0,194.38
36047,-410.0,410.0,194.365
36048,57.0,159.0,194.355
36049,-1395.0,1395.0,194.33
36050,49.0,159.0,194.325
36051,-1637.0,3861.0,194.315
36052,111.0,789.0,194.31
36053,1651.0,1651.0,194.33
36054,307.0,307.0,194.33
36055,-243.0,843.0,194.305
36056,-63.0,413.0,194.3
36057,-482.0,482.0,194.22
36058,706.0,916.0,194.245
36059,1911.0,2253.0,194.26
36060,532.0,732.0,194.3
36061,-290.0,1112.0,194.3
36062,362.0,446.0,194.315
36063,1084.0,1384.0,194.335
36064,200.0,500.0,194.345
36065,-188.0,188.0,194.33
36066,-2198.0,2438.0,194.305
36067,-417.0,683.0,194.33
36068,220.0,220.0,194.32
36069,-2437.0,2437.0,194.18
36070,-115.0,1519.0,194.155
36071,416.0,1736.0,194.185
36072,-329.0,1329.0,194.135
36073,-464.0,884.0,194.1
36074,1051.0,1251.0,194.135
36075,213.0,493.0,194.155
36076,30.0,232.0,194.13
36077,0.0,0.0,194.125
36078,-41.0,861.0,194.11
36079,594.0,1316.0,194.12
36080,14.0,2520.0,194.07
36081,-152.0,352.0,194.04
36082,827.0,1293.0,194.07
36083,397.0,1987.0,194.115
36084,278.0,778.0,194.12
36085,0.0,400.0,194.08
36086,-151.0,151.0,194.055
36087,-190.0,1370.0,194.055
36088,-194.0,390.0,194.05
36089,311.0,1911.0,194.045
36090,-65.0,359.0,194.045
36091,-162.0,686.0,194.055
36092,1014.0,1014.0,194.115
36093,108.0,108.0,194.12
36094,-351.0,1129.0,194.09
36095,300.0,300.0,194.105
36096,-2588.0,2790.0,194.05
36097,331.0,331.0,194.08
36098,381.0,381.0,194.115
36099,680.0,682.0,194.165
36100,161.0,161.0,194.21
36101,-718.0,1038.0,194.155
36102,491.0,491.0,194.195
36103,0.0,0.0,194.195
36104,-140.0,260.0,194.18
36105,300.0,300.0,194.19
36106,0.0,0.0,194.19
36107,572.0,1106.0,194.2
36108,97.0,337.0,194.2
36109,0.0,0.0,194.2
36110,-129.0,471.0,194.19
36111,144.0,144.0,194.205
36112,-681.0,1679.0,194.205
36113,-172.0,1032.0,194.215
36114,-91.0,1359.0,194.205
36115,498.0,498.0,194.21
36116,100.0,100.0,194.225
36117,-77.0,405.0,194.215
36118,-41.0,853.0,194.19
36119,-1050.0,1882.0,194.17
36120,-1152.0,2114.0,194.145
36121,656.0,1474.0,194.135
36122,-1166.0,2764.0,194.105
36123,-2016.0,3016.0,194.075
36124,115.0,1641.0,194.09
36125,426.0,426.0,194.11
36126,-3374.0,3574.0,194.085
36127,0.0,0.0,194.09
36128,235.0,235.0,194.08
36129,969.0,969.0,194.085
36130,-480.0,1846.0,194.085
36131,577.0,593.0,194.08
36132,188.0,188.0,194.08
36133,-1280.0,1398.0,194.055
36134,532.0,532.0,194.085
36135,672.0,672.0,194.1
36136,1552.0,1552.0,194.16
36137,323.0,783.0,194.155
36138,490.0,490.0,194.165
36139,330.0,330.0,194.185
36140,1041.0,1041.0,194.2
36141,400.0,400.0,194.23
36142,-912.0,1112.0,194.2
36143,161.0,161.0,194.21
36144,302.0,302.0,194.23
36145,267.0,267.0,194.24
36146,0.0,0.0,194.245
36147,646.0,646.0,194.25
36148,443.0,443.0,194.31
36149,404.0,404.0,194.35
36150,101.0,101.0,194.365
36151,429.0,429.0,194.37
36152,0.0,0.0,194.37
36153,-2478.0,2678.0,194.3
36154,626.0,1206.0,194.295
36155,479.0,479.0,194.32
36156,0.0,0.0,194.32
36157,100.0,100.0,194.32
36158,-50.0,150.0,194.315
36159,-567.0,567.0,194.27
36160,100.0,100.0,194.275
36161,29.0,29.0,194.275
36162,401.0,401.0,194.3
36163,-106.0,206.0,194.29
36164,100.0,100.0,194.3
36165,451.0,451.0,194.3
36166,5.0,5.0,194.305
36167,0.0,0.0,194.315
36168,606.0,606.0,194.325
36169,-5.0,5.0,194.32
36170,898.0,898.0,194.355
36171,0.0,0.0,194.36
36172,0.0,0.0,194.36
36173,0.0,0.0,194.36
36174,501.0,501.0,194.37
36175,-711.0,1119.0,194.32
36176,0.0,0.0,194.32
36177,-630.0,908.0,194.32
36178,626.0,626.0,194.35
36179,100.0,100.0,194.345
36180,-863.0,957.0,194.295
36181,-1292.0,1292.0,194.24
36182,-421.0,421.0,194.24
36183,-100.0,100.0,194.22
36184,-695.0,899.0,194.21
36185,-406.0,598.0,194.195
36186,-145.0,145.0,194.145
36187,1021.0,1521.0,194.175
36188,-1005.0,1405.0,194.11
36189,29.0,171.0,194.11
36190,-493.0,493.0,194.095
36191,861.0,979.0,194.135
36192,-290.0,290.0,194.125
36193,246.0,258.0,194.135
36194,1539.0,1583.0,194.16
36195,374.0,892.0,194.195
36196,0.0,0.0,194.195
36197,520.0,520.0,194.21
36198,-324.0,1086.0,194.21
36199,402.0,612.0,194.225
36200,-154.0,354.0,194.225
36201,660.0,660.0,194.255
36202,50.0,50.0,194.27
36203,100.0,100.0,194.275
36204,-47.0,89.0,194.275
36205,181.0,187.0,194.29
36206,13.0,13.0,194.3
36207,734.0,734.0,194.305
36208,-946.0,946.0,194.265
36209,310.0,310.0,194.27
36210,1.0,1.0,194.27
36211,1912.0,2112.0,194.3
36212,243.0,243.0,194.3
36213,-300.0,300.0,194.29
36214,593.0,593.0,194.31
36215,0.0,0.0,194.31
36216,-351.0,351.0,194.275
36217,0.0,0.0,194.28
36218,301.0,301.0,194.3
36219,25.0,25.0,194.295
36220,0.0,0.0,194.3
36221,0.0,0.0,194.295
36222,-5.0,5.0,194.29
36223,0.0,0.0,194.29
36224,0.0,0.0,194.29
36225,-1457.0,1487.0,194.225
36226,-200.0,200.0,194.225
36227,-273.0,1169.0,194.19
36228,404.0,404.0,194.205
36229,7.0,197.0,194.21
36230,600.0,600.0,194.22
36231,1001.0,1001.0,194.255
36232,100.0,200.0,194.265
36233,-693.0,1093.0,194.235
36234,0.0,0.0,194.235
36235,-132.0,132.0,194.23
36236,-269.0,269.0,194.205
36237,670.0,670.0,194.21
36238,300.0,300.0,194.23
36239,0.0,0.0,194.23
36240,0.0,0.0,194.23
36241,194.0,194.0,194.23
36242,2235.0,3695.0,194.35
36243,1608.0,5260.0,194.315
36244,248.0,768.0,194.325
36245,300.0,300.0,194.33
36246,0.0,0.0,194.33
36247,0.0,0.0,194.33
36248,-51.0,51.0,194.315
36249,-503.0,761.0,194.305
36250,150.0,250.0,194.31
36251,573.0,791.0,194.325
36252,209.0,437.0,194.34
36253,100.0,100.0,194.34
36254,100.0,100.0,194.345
36255,-380.0,914.0,194.33
36256,-475.0,555.0,194.33
36257,-265.0,505.0,194.345
36258,193.0,409.0,194.355
36259,289.0,911.0,194.36
36260,2130.0,2130.0,194.405
36261,314.0,314.0,194.42
36262,-238.0,238.0,194.41
36263,-812.0,1642.0,194.4
36264,-400.0,400.0,194.39
36265,-461.0,609.0,194.37
36266,0.0,0.0,194.37
36267,0.0,0.0,194.375
36268,-126.0,326.0,194.375
36269,100.0,100.0,194.375
36270,975.0,1375.0,194.375
36271,0.0,0.0,194.375
36272,-5.0,633.0,194.365
36273,-95.0,105.0,194.37
36274,-594.0,944.0,194.36
36275,-606.0,606.0,194.31
36276,-335.0,335.0,194.295
36277,103.0,217.0,194.27
36278,292.0,906.0,194.275
36279,-348.0,880.0,194.285
36280,76.0,124.0,194.285
36281,1060.0,1484.0,194.3
36282,217.0,817.0,194.305
36283,700.0,700.0,194.32
36284,57.0,143.0,194.325
36285,552.0,666.0,194.33
36286,-417.0,619.0,194.33
36287,0.0,0.0,194.33
36288,-480.0,1408.0,194.33
36289,53.0,155.0,194.325
36290,100.0,100.0,194.33
36291,0.0,0.0,194.33
36292,833.0,833.0,194.335
36293,1291.0,1305.0,194.415
36294,25.0,25.0,194.42
36295,-505.0,905.0,194.415
36296,200.0,200.0,194.42
36297,0.0,0.0,194.42
36298,-500.0,900.0,194.415
36299,0.0,0.0,194.42
36300,124.0,2358.0,194.415
36301,-207.0,407.0,194.415
36302,618.0,1012.0,194.415
36303,613.0,613.0,194.425
36304,419.0,419.0,194.435
36305,20.0,20.0,194.435
36306,1692.0,1732.0,194.46
36307,280.0,320.0,194.46
36308,267.0,677.0,194.465
36309,-185.0,1175.0,194.48
36310,-2775.0,4627.0,194.455
36311,802.0,998.0,194.465
36312,943.0,1157.0,194.49
36313,1302.0,1302.0,194.525
36314,58.0,58.0,194.535
36315,541.0,541.0,194.545
36316,-225.0,625.0,194.515
36317,-716.0,984.0,194.5
36318,0.0,0.0,194.495
36319,-408.0,1008.0,194.49
36320,555.0,555.0,194.505
36321,110.0,110.0,194.505
36322,1133.0,1333.0,194.53
36323,-1045.0,1285.0,194.5
36324,-413.0,2539.0,194.48
36325,810.0,810.0,194.49
36326,-306.0,306.0,194.47
36327,601.0,601.0,194.51
36328,328.0,328.0,194.515
36329,1302.0,1702.0,194.545
36330,50.0,50.0,194.54
36331,0.0,0.0,194.54
36332,-215.0,437.0,194.54
36333,100.0,100.0,194.53
36334,0.0,0.0,194.525
36335,-319.0,533.0,194.52
36336,-873.0,1873.0,194.475
36337,200.0,200.0,194.485
36338,102.0,494.0,194.49
36339,0.0,0.0,194.49
36340,-1298.0,1298.0,194.43
36341,0.0,0.0,194.43
36342,-85.0,185.0,194.43
36343,350.0,350.0,194.43
36344,1249.0,1793.0,194.465
36345,221.0,301.0,194.475
36346,-220.0,420.0,194.465
36347,-251.0,1325.0,194.425
36348,225.0,225.0,194.425
36349,25.0,225.0,194.435
36350,-1540.0,1560.0,194.37
36351,0.0,0.0,194.37
36352,-129.0,329.0,194.37
36353,1249.0,1965.0,194.39
36354,241.0,273.0,194.405
36355,-251.0,451.0,194.37
36356,-50.0,50.0,194.375
36357,0.0,0.0,194.37
36358,0.0,0.0,194.37
36359,-156.0,602.0,194.385
36360,400.0,400.0,194.39
36361,0.0,200.0,194.39
36362,0.0,0.0,194.39
36363,0.0,0.0,194.39
36364,0.0,0.0,194.39
36365,-654.0,800.0,194.37
36366,-129.0,129.0,194.33
36367,748.0,1062.0,194.365
36368,-14.0,262.0,194.375
36369,-306.0,506.0,194.37
36370,0.0,0.0,194.37
36371,1834.0,1878.0,194.485
36372,433.0,433.0,194.49
36373,-149.0,149.0,194.49
36374,5.0,645.0,194.475
36375,200.0,200.0,194.49
36376,-298.0,590.0,194.475
36377,195.0,195.0,194.475
36378,710.0,710.0,194.475
36379,100.0,100.0,194.475
36380,-406.0,558.0,194.475
36381,-200.0,200.0,194.47
36382,336.0,336.0,194.47
36383,0.0,0.0,194.47
36384,0.0,0.0,194.47
36385,131.0,809.0,194.465
36386,-50.0,1038.0,194.475
36387,206.0,206.0,194.47
36388,862.0,1068.0,194.485
36389,81.0,81.0,194.49
36390,-505.0,621.0,194.455
36391,0.0,0.0,194.455
36392,0.0,0.0,194.455
36393,9.0,591.0,194.455
36394,201.0,201.0,194.455
36395,0.0,0.0,194.46
36396,575.0,631.0,194.47
36397,454.0,546.0,194.495
36398,0.0,0.0,194.495
36399,319.0,759.0,194.5
36400,1229.0,1665.0,194.55
36401,100.0,100.0,194.55
36402,-2448.0,2542.0,194.45
36403,-176.0,176.0,194.425
36404,671.0,1481.0,194.42
36405,50.0,50.0,194.42
36406,46.0,46.0,194.42
36407,0.0,0.0,194.42
36408,-216.0,556.0,194.42
36409,100.0,100.0,194.42
36410,8.0,8.0,194.42
36411,181.0,181.0,194.42
36412,0.0,0.0,194.425
36413,0.0,0.0,194.425
36414,-923.0,923.0,194.38
36415,-6.0,6.0,194.38
36416,0.0,0.0,194.38
36417,0.0,0.0,194.38
36418,650.0,752.0,194.385
36419,50.0,50.0,194.385
36420,-600.0,600.0,194.375
36421,2014.0,2028.0,194.425
36422,200.0,200.0,194.425
36423,495.0,507.0,194.425
36424,354.0,354.0,194.435
36425,316.0,316.0,194.44
36426,-1039.0,1039.0,194.41
36427,0.0,0.0,194.41
36428,-1.0,1.0,194.405
36429,-179.0,1231.0,194.375
36430,564.0,588.0,194.4
36431,81.0,151.0,194.405
36432,-420.0,794.0,194.38
36433,-200.0,200.0,194.365
36434,388.0,502.0,194.335
36435,520.0,620.0,194.36
36436,0.0,0.0,194.365
36437,1632.0,1650.0,194.41
36438,0.0,0.0,194.415
36439,109.0,463.0,194.41
36440,0.0,0.0,194.41
36441,100.0,100.0,194.41
36442,-938.0,2166.0,194.41
36443,6.0,6.0,194.41
36444,200.0,200.0,194.41
36445,456.0,456.0,194.45
36446,0.0,0.0,194.45
36447,200.0,258.0,194.45
36448,-116.0,264.0,194.45
36449,324.0,324.0,194.465
36450,805.0,837.0,194.47
36451,-1.0,21.0,194.47
36452,108.0,108.0,194.47
36453,-1200.0,1200.0,194.43
36454,0.0,0.0,194.43
36455,-100.0,300.0,194.435
36456,103.0,103.0,194.435
36457,-4236.0,4494.0,194.41
36458,-1.0,1.0,194.41
36459,200.0,200.0,194.41
36460,453.0,479.0,194.42
36461,-104.0,942.0,194.425
36462,100.0,100.0,194.425
36463,0.0,0.0,194.43
36464,0.0,0.0,194.43
36465,0.0,0.0,194.43
36466,0.0,0.0,194.435
36467,408.0,408.0,194.445
36468,-1393.0,1613.0,194.42
36469,0.0,0.0,194.42
36470,-5.0,5.0,194.42
36471,500.0,500.0,194.43
36472,201.0,201.0,194.44
36473,563.0,563.0,194.45
36474,0.0,0.0,194.455
36475,-2.0,2.0,194.455
36476,445.0,801.0,194.46
36477,-838.0,838.0,194.415
36478,-2.0,2.0,194.415
36479,-379.0,2119.0,194.39
36480,200.0,200.0,194.39
36481,1225.0,1489.0,194.405
36482,-229.0,449.0,194.4
36483,0.0,800.0,194.385
36484,-288.0,288.0,194.385
36485,10.0,26.0,194.38
36486,0.0,0.0,194.375
36487,530.0,1130.0,194.375
36488,805.0,807.0,194.37
36489,-460.0,480.0,194.335
36490,0.0,0.0,194.34
36491,-181.0,619.0,194.325
36492,-746.0,946.0,194.305
36493,-502.0,502.0,194.235
36494,-293.0,311.0,194.22
36495,-346.0,636.0,194.18
36496,570.0,610.0,194.2
36497,1297.0,1337.0,194.21
36498,619.0,815.0,194.23
36499,-2.0,2.0,194.23
36500,-100.0,100.0,194.225
36501,1106.0,1954.0,194.255
36502,400.0,400.0,194.27
36503,-345.0,545.0,194.25
36504,100.0,100.0,194.255
36505,-402.0,402.0,194.245
36506,87.0,111.0,194.245
36507,174.0,276.0,194.25
36508,0.0,0.0,194.25
36509,-353.0,353.0,194.225
36510,1111.0,1163.0,194.29
36511,11.0,11.0,194.29
36512,-283.0,527.0,194.27
36513,0.0,0.0,194.27
36514,0.0,0.0,194.27
36515,0.0,0.0,194.265
36516,1073.0,1239.0,194.29
36517,100.0,100.0,194.285
36518,-100.0,100.0,194.275
36519,-55.0,55.0,194.265
36520,178.0,188.0,194.285
36521,718.0,718.0,194.295
36522,0.0,0.0,194.295
36523,365.0,1611.0,194.285
36524,-413.0,613.0,194.265
36525,-687.0,693.0,194.24
36526,0.0,0.0,194.245
36527,932.0,1352.0,194.275
36528,-666.0,666.0,194.25
36529,0.0,0.0,194.255
36530,-100.0,100.0,194.25
36531,280.0,594.0,194.255
36532,-19.0,43.0,194.26
36533,-1995.0,2215.0,194.245
36534,195.0,195.0,194.245
36535,1.0,1.0,194.245
36536,100.0,100.0,194.245
36537,-1660.0,1860.0,194.245
36538,-100.0,500.0,194.235
36539,-313.0,571.0,194.215
36540,156.0,556.0,194.21
36541,110.0,632.0,194.215
36542,85.0,877.0,194.225
36543,-223.0,423.0,194.215
36544,3.0,3.0,194.215
36545,0.0,0.0,194.215
36546,-863.0,863.0,194.205
36547,600.0,600.0,194.215
36548,100.0,100.0,194.215
36549,0.0,0.0,194.215
36550,634.0,634.0,194.225
36551,509.0,709.0,194.225
36552,100.0,100.0,194.225
36553,-511.0,1111.0,194.215
36554,118.0,118.0,194.225
36555,0.0,0.0,194.225
36556,484.0,500.0,194.23
36557,0.0,0.0,194.225
36558,88.0,1434.0,194.225
36559,0.0,0.0,194.225
36560,343.0,543.0,194.23
36561,-1183.0,1449.0,194.18
36562,192.0,832.0,194.175
36563,183.0,535.0,194.18
36564,98.0,98.0,194.185
36565,1411.0,1411.0,194.195
36566,-726.0,926.0,194.185
36567,-334.0,566.0,194.17
36568,0.0,0.0,194.17
36569,351.0,351.0,194.165
36570,534.0,596.0,194.18
36571,0.0,0.0,194.175
36572,108.0,108.0,194.175
36573,815.0,1211.0,194.225
36574,0.0,0.0,194.22
36575,86.0,140.0,194.235
36576,-113.0,113.0,194.22
36577,100.0,100.0,194.225
36578,-120.0,320.0,194.22
36579,-30.0,30.0,194.215
36580,-198.0,1148.0,194.205
36581,0.0,0.0,194.2
36582,-126.0,336.0,194.185
36583,-816.0,1654.0,194.18
36584,246.0,354.0,194.19
36585,-91.0,109.0,194.19
36586,0.0,0.0,194.19
36587,34.0,174.0,194.185
36588,19.0,19.0,194.185
36589,206.0,206.0,194.19
36590,641.0,641.0,194.205
36591,797.0,813.0,194.23
36592,318.0,318.0,194.23
36593,-51.0,51.0,194.225
36594,-83.0,83.0,194.225
36595,177.0,223.0,194.225
36596,201.0,479.0,194.23
36597,21.0,21.0,194.23
36598,1.0,1.0,194.235
36599,285.0,393.0,194.235
36600,-384.0,416.0,194.225
36601,180.0,180.0,194.225
36602,103.0,103.0,194.235
36603,1265.0,1265.0,194.295
36604,0.0,0.0,194.295
36605,100.0,100.0,194.295
36606,-181.0,629.0,194.295
36607,18.0,542.0,194.295
36608,-63.0,137.0,194.285
36609,-539.0,539.0,194.26
36610,-819.0,819.0,194.245
36611,-1.0,1.0,194.245
36612,0.0,0.0,194.245
36613,-126.0,416.0,194.225
36614,290.0,1106.0,194.235
36615,-217.0,217.0,194.215
36616,-528.0,2328.0,194.2
36617,-199.0,399.0,194.17
36618,-234.0,380.0,194.155
36619,-1064.0,1504.0,194.11
36620,52.0,1252.0,194.115
36621,213.0,517.0,194.125
36622,682.0,808.0,194.13
36623,789.0,811.0,194.15
36624,-20.0,220.0,194.155
36625,0.0,200.0,194.155
36626,9.0,9.0,194.155
36627,0.0,0.0,194.16
36628,146.0,498.0,194.165
36629,306.0,934.0,194.17
36630,1.0,1.0,194.175
36631,818.0,818.0,194.22
36632,0.0,0.0,194.22
36633,0.0,0.0,194.22
36634,0.0,0.0,194.22
36635,254.0,254.0,194.235
36636,215.0,219.0,194.23
36637,100.0,100.0,194.23
36638,93.0,107.0,194.23
36639,-4.0,4.0,194.23
36640,0.0,0.0,194.23
36641,-2565.0,2565.0,194.15
36642,1351.0,2917.0,194.165
36643,-5.0,5.0,194.165
36644,50.0,50.0,194.165
36645,4.0,4.0,194.165
36646,0.0,0.0,194.165
36647,176.0,176.0,194.165
36648,3.0,253.0,194.165
36649,109.0,109.0,194.165
36650,425.0,425.0,194.185
36651,100.0,100.0,194.185
36652,400.0,400.0,194.185
36653,-302.0,302.0,194.185
36654,-558.0,600.0,194.165
36655,495.0,505.0,194.175
36656,298.0,302.0,194.185
36657,98.0,102.0,194.18
36658,372.0,372.0,194.18
36659,0.0,0.0,194.18
36660,0.0,0.0,194.18
36661,-1576.0,2816.0,194.14
36662,839.0,839.0,194.14
36663,523.0,523.0,194.145
36664,-305.0,305.0,194.135
36665,90.0,110.0,194.13
36666,0.0,0.0,194.13
36667,0.0,0.0,194.125
36668,603.0,903.0,194.13
36669,-281.0,331.0,194.12
36670,-577.0,577.0,194.08
36671,299.0,301.0,194.08
36672,56.0,64.0,194.08
36673,650.0,650.0,194.09
36674,0.0,0.0,194.09
36675,-6.0,6.0,194.095
36676,-829.0,2693.0,194.105
36677,195.0,211.0,194.115
36678,47.0,1003.0,194.11
36679,99.0,101.0,194.11
36680,-4.0,4.0,194.1
36681,-5.0,5.0,194.1
36682,-137.0,337.0,194.085
36683,206.0,332.0,194.085
36684,76.0,76.0,194.085
36685,-603.0,655.0,194.06
36686,47.0,1679.0,194.035
36687,-218.0,418.0,194.03
36688,50.0,50.0,194.03
36689,0.0,0.0,194.03
36690,0.0,0.0,194.035
36691,550.0,850.0,194.045
36692,626.0,626.0,194.055
36693,-5.0,5.0,194.045
36694,-217.0,917.0,194.035
36695,0.0,0.0,194.035
36696,100.0,100.0,194.035
36697,744.0,944.0,194.055
36698,0.0,0.0,194.055
36699,558.0,642.0,194.055
36700,-62.0,62.0,194.055
36701,183.0,183.0,194.055
36702,100.0,100.0,194.06
36703,159.0,159.0,194.06
36704,100.0,100.0,194.06
36705,0.0,0.0,194.06
36706,0.0,0.0,194.06
36707,0.0,0.0,194.06
36708,0.0,0.0,194.06
36709,-30.0,30.0,194.06
36710,0.0,0.0,194.065
36711,0.0,0.0,194.065
36712,-107.0,309.0,194.055
36713,772.0,798.0,194.065
36714,203.0,203.0,194.065
36715,242.0,242.0,194.065
36716,0.0,0.0,194.065
36717,0.0,0.0,194.065
36718,-1245.0,1245.0,194.025
36719,60.0,368.0,194.015
36720,0.0,0.0,194.025
36721,-1.0,1.0,194.015
36722,-937.0,1591.0,194.015
36723,253.0,463.0,194.02
36724,-50.0,50.0,194.02
36725,0.0,0.0,194.02
36726,509.0,513.0,194.025
36727,-642.0,1198.0,194.01
36728,300.0,300.0,194.015
36729,335.0,837.0,194.03
36730,205.0,405.0,194.04
36731,120.0,342.0,194.04
36732,-100.0,100.0,194.045
36733,-327.0,527.0,194.045
36734,237.0,237.0,194.055
36735,-125.0,325.0,194.04
36736,0.0,0.0,194.04
36737,-200.0,200.0,194.04
36738,0.0,0.0,194.035
36739,-573.0,933.0,194.04
36740,351.0,1025.0,194.065
36741,290.0,358.0,194.065
36742,21.0,179.0,194.065
36743,240.0,240.0,194.065
36744,-93.0,93.0,194.065
36745,0.0,0.0,194.065
36746,-321.0,321.0,194.05
36747,300.0,300.0,194.06
36748,100.0,100.0,194.065
36749,394.0,394.0,194.065
36750,2.0,2.0,194.07
36751,0.0,0.0,194.07
36752,1422.0,1422.0,194.11
36753,179.0,207.0,194.115
36754,-200.0,400.0,194.105
36755,105.0,105.0,194.115
36756,279.0,321.0,194.135
36757,191.0,231.0,194.16
36758,311.0,311.0,194.16
36759,14.0,46.0,194.165
36760,-376.0,380.0,194.155
36761,-163.0,165.0,194.145
36762,249.0,249.0,194.155
36763,556.0,556.0,194.195
36764,23.0,23.0,194.205
36765,241.0,241.0,194.205
36766,706.0,706.0,194.215
36767,-100.0,100.0,194.205
36768,-313.0,313.0,194.21
36769,122.0,122.0,194.205
36770,0.0,0.0,194.205
36771,-451.0,749.0,194.195
36772,140.0,140.0,194.205
36773,0.0,0.0,194.205
36774,100.0,100.0,194.205
36775,1.0,401.0,194.205
36776,109.0,109.0,194.205
36777,0.0,0.0,194.21
36778,-1919.0,3073.0,194.185
36779,225.0,225.0,194.185
36780,200.0,200.0,194.185
36781,699.0,1115.0,194.19
36782,56.0,56.0,194.195
36783,200.0,200.0,194.195
36784,881.0,881.0,194.215
36785,0.0,0.0,194.215
36786,565.0,565.0,194.235
36787,155.0,223.0,194.235
36788,30.0,30.0,194.235
36789,179.0,561.0,194.245
36790,325.0,325.0,194.265
36791,931.0,981.0,194.275
36792,0.0,0.0,194.275
36793,375.0,425.0,194.275
36794,-600.0,600.0,194.265
36795,274.0,274.0,194.275
36796,0.0,0.0,194.275
36797,0.0,0.0,194.275
36798,1075.0,1423.0,194.295
36799,154.0,646.0,194.3
36800,1170.0,1170.0,194.305
36801,200.0,200.0,194.305
36802,476.0,926.0,194.305
36803,129.0,129.0,194.305
36804,-743.0,743.0,194.295
36805,1307.0,1507.0,194.305
36806,112.0,112.0,194.31
36807,0.0,0.0,194.315
36808,0.0,0.0,194.315
36809,134.0,2620.0,194.285
36810,0.0,0.0,194.285
36811,371.0,571.0,194.29
36812,0.0,0.0,194.29
36813,0.0,0.0,194.29
36814,74.0,74.0,194.29
36815,0.0,0.0,194.295
36816,2157.0,2217.0,194.305
36817,900.0,900.0,194.305
36818,59.0,59.0,194.305
36819,841.0,841.0,194.315
36820,442.0,1042.0,194.335
36821,425.0,425.0,194.335
36822,-276.0,324.0,194.335
36823,720.0,720.0,194.335
36824,0.0,0.0,194.335
36825,639.0,639.0,194.335
36826,562.0,562.0,194.335
36827,1032.0,1032.0,194.345
36828,0.0,0.0,194.345
36829,0.0,0.0,194.345
36830,1961.0,2261.0,194.38
36831,-1019.0,1219.0,194.365
36832,750.0,750.0,194.375
36833,200.0,200.0,194.375
36834,130.0,130.0,194.375
36835,-1461.0,2251.0,194.335
36836,1035.0,1035.0,194.35
36837,0.0,0.0,194.355
36838,9.0,211.0,194.34
36839,0.0,0.0,194.345
36840,100.0,100.0,194.345
36841,729.0,1213.0,194.345
36842,1220.0,1220.0,194.345
36843,100.0,100.0,194.345
36844,278.0,594.0,194.335
36845,2884.0,3172.0,194.38
36846,2203.0,2203.0,194.435
36847,-1196.0,1840.0,194.415
36848,1730.0,1730.0,194.43
36849,-706.0,1366.0,194.41
36850,-744.0,1196.0,194.37
36851,298.0,298.0,194.38
36852,-323.0,323.0,194.365
36853,-80.0,92.0,194.365
36854,0.0,0.0,194.365
36855,344.0,394.0,194.37
36856,0.0,0.0,194.37
36857,100.0,100.0,194.375
36858,72.0,72.0,194.37
36859,377.0,417.0,194.375
36860,708.0,740.0,194.385
36861,725.0,875.0,194.415
36862,200.0,200.0,194.43
36863,-557.0,657.0,194.425
36864,-473.0,473.0,194.405
36865,568.0,632.0,194.4
36866,-526.0,1066.0,194.415
36867,308.0,332.0,194.415
36868,16.0,28.0,194.42
36869,679.0,679.0,194.445
36870,-351.0,399.0,194.435
36871,40.0,40.0,194.435
36872,-978.0,1070.0,194.41
36873,0.0,0.0,194.415
36874,0.0,0.0,194.415
36875,-29.0,33.0,194.405
36876,610.0,610.0,194.435
36877,382.0,418.0,194.435
36878,354.0,354.0,194.435
36879,67.0,67.0,194.44
36880,3152.0,3552.0,194.49
36881,1177.0,2633.0,194.495
36882,0.0,0.0,194.495
36883,428.0,828.0,194.51
36884,80.0,1280.0,194.505
36885,-645.0,645.0,194.485
36886,0.0,0.0,194.485
36887,-281.0,1235.0,194.475
36888,2486.0,2486.0,194.49
36889,360.0,360.0,194.49
36890,1000.0,1000.0,194.5
36891,1176.0,1356.0,194.535
36892,620.0,1020.0,194.525
36893,-145.0,2039.0,194.525
36894,-64.0,64.0,194.525
36895,449.0,601.0,194.535
36896,0.0,0.0,194.535
36897,0.0,0.0,194.535
36898,1843.0,2043.0,194.555
36899,1598.0,1598.0,194.565
36900,1141.0,2541.0,194.585
36901,1976.0,2776.0,194.605
36902,1952.0,2552.0,194.615
36903,2287.0,2665.0,194.645
36904,506.0,506.0,194.645
36905,883.0,883.0,194.655
36906,242.0,1026.0,194.655
36907,349.0,349.0,194.655
36908,1515.0,1695.0,194.675
36909,1221.0,1221.0,194.685
36910,-1484.0,1504.0,194.635
36911,904.0,904.0,194.675
36912,573.0,573.0,194.685
36913,278.0,278.0,194.685
36914,0.0,0.0,194.685
36915,-164.0,836.0,194.665
36916,200.0,200.0,194.675
36917,892.0,1492.0,194.685
36918,1378.0,2580.0,194.715
36919,0.0,0.0,194.715
36920,-18639.0,21635.0,194.645
36921,-210.0,1210.0,194.625
36922,342.0,858.0,194.63
36923,-103.0,103.0,194.62
36924,52.0,148.0,194.625
36925,-18.0,18.0,194.625
36926,121.0,723.0,194.63
36927,0.0,0.0,194.635
36928,50.0,50.0,194.635
36929,26.0,26.0,194.635
36930,226.0,1566.0,194.65
36931,69.0,69.0,194.645
36932,37.0,563.0,194.635
36933,30.0,30.0,194.635
36934,0.0,0.0,194.635
36935,-340.0,2388.0,194.655
36936,-81.0,119.0,194.645
36937,540.0,896.0,194.655
36938,-18.0,1754.0,194.665
36939,480.0,480.0,194.695
36940,1388.0,1596.0,194.735
36941,0.0,0.0,194.735
36942,1839.0,1941.0,194.755
36943,100.0,100.0,194.755
36944,103.0,151.0,194.755
36945,0.0,0.0,194.755
36946,728.0,1232.0,194.755
36947,-1662.0,1862.0,194.745
36948,-41.0,1385.0,194.735
36949,482.0,492.0,194.735
36950,345.0,799.0,194.745
36951,211.0,611.0,194.755
36952,0.0,0.0,194.755
36953,404.0,404.0,194.755
36954,282.0,336.0,194.76
36955,-1393.0,1453.0,194.735
36956,1205.0,1485.0,194.745
36957,2620.0,3186.0,194.775
36958,-1078.0,1678.0,194.735
36959,0.0,0.0,194.735
36960,29.0,413.0,194.735
36961,-85.0,415.0,194.725
36962,255.0,255.0,194.73
36963,1204.0,1208.0,194.735
36964,264.0,466.0,194.735
36965,724.0,924.0,194.75
36966,100.0,100.0,194.755
36967,294.0,1094.0,194.75
36968,386.0,502.0,194.755
36969,0.0,0.0,194.755
36970,-71.0,71.0,194.755
36971,354.0,882.0,194.765
36972,97.0,97.0,194.765
36973,0.0,0.0,194.765
36974,-15.0,285.0,194.765
36975,4963.0,11019.0,194.8
36976,500.0,500.0,194.8
36977,330.0,1136.0,194.805
36978,-186.0,286.0,194.795
36979,250.0,250.0,194.8
36980,-100.0,100.0,194.795
36981,641.0,715.0,194.805
36982,0.0,0.0,194.805
36983,125.0,433.0,194.805
36984,-108.0,508.0,194.8
36985,79.0,121.0,194.805
36986,-1087.0,1637.0,194.755
36987,100.0,100.0,194.755
36988,-3508.0,8050.0,194.655
36989,1000.0,1200.0,194.665
36990,243.0,819.0,194.68
36991,50.0,50.0,194.685
36992,3.0,455.0,194.68
36993,-34.0,226.0,194.665
36994,0.0,0.0,194.665
36995,1873.0,3073.0,194.735
36996,23.0,77.0,194.72
36997,0.0,0.0,194.715
36998,-19.0,19.0,194.715
36999,50.0,50.0,194.715
37000,-152.0,648.0,194.695
37001,0.0,0.0,194.69
37002,378.0,378.0,194.705
37003,0.0,0.0,194.705
37004,-331.0,531.0,194.695
37005,-2.0,2.0,194.695
37006,-769.0,793.0,194.64
37007,0.0,0.0,194.64
37008,20.0,2618.0,194.59
37009,944.0,1384.0,194.61
37010,-20.0,420.0,194.615
37011,182.0,618.0,194.62
37012,0.0,0.0,194.62
37013,499.0,501.0,194.635
37014,100.0,100.0,194.63
37015,0.0,0.0,194.635
37016,-79.0,321.0,194.615
37017,131.0,131.0,194.625
37018,464.0,536.0,194.64
37019,823.0,1977.0,194.625
37020,-987.0,1011.0,194.615
37021,39.0,53.0,194.61
37022,90.0,90.0,194.615
37023,389.0,401.0,194.615
37024,1107.0,1107.0,194.695
37025,-323.0,523.0,194.675
37026,-85.0,185.0,194.67
37027,114.0,122.0,194.67
37028,-307.0,307.0,194.67
37029,-217.0,217.0,194.645
37030,-107.0,107.0,194.645
37031,-100.0,100.0,194.635
37032,131.0,867.0,194.625
37033,373.0,417.0,194.635
37034,416.0,416.0,194.635
37035,-681.0,681.0,194.62
37036,-2.0,2.0,194.625
37037,268.0,268.0,194.635
37038,597.0,997.0,194.645
37039,-5.0,5.0,194.635
37040,114.0,120.0,194.635
37041,-400.0,400.0,194.625
37042,-26.0,976.0,194.615
37043,293.0,433.0,194.625
37044,322.0,582.0,194.625
37045,136.0,200.0,194.63
37046,352.0,352.0,194.645
37047,-101.0,101.0,194.645
37048,-5.0,5.0,194.645
37049,-3.0,3.0,194.645
37050,-283.0,355.0,194.635
37051,-136.0,136.0,194.635
37052,34.0,66.0,194.635
37053,-159.0,159.0,194.635
37054,0.0,0.0,194.635
37055,-1291.0,1291.0,194.61
37056,-946.0,946.0,194.57
37057,80.0,720.0,194.575
37058,900.0,900.0,194.585
37059,565.0,569.0,194.585
37060,25.0,25.0,194.585
37061,1.0,1.0,194.585
37062,-88.0,312.0,194.575
37063,100.0,100.0,194.585
37064,630.0,630.0,194.59
37065,297.0,297.0,194.59
37066,200.0,200.0,194.595
37067,50.0,50.0,194.59
37068,0.0,0.0,194.595
37069,-600.0,600.0,194.58
37070,0.0,0.0,194.575
37071,3.0,841.0,194.555
37072,974.0,1856.0,194.595
37073,705.0,789.0,194.595
37074,0.0,0.0,194.595
37075,67.0,1067.0,194.605
37076,852.0,852.0,194.645
37077,0.0,0.0,194.64
37078,-290.0,310.0,194.61
37079,1.0,1.0,194.61
37080,344.0,344.0,194.635
37081,0.0,0.0,194.635
37082,1921.0,2121.0,194.69
37083,0.0,0.0,194.69
37084,0.0,0.0,194.69
37085,0.0,0.0,194.69
37086,322.0,1122.0,194.69
37087,0.0,0.0,194.69
37088,1.0,1713.0,194.665
37089,0.0,0.0,194.665
37090,249.0,551.0,194.675
37091,0.0,0.0,194.675
37092,377.0,377.0,194.69
37093,-81.0,281.0,194.675
37094,-95.0,95.0,194.665
37095,0.0,0.0,194.665
37096,108.0,234.0,194.69
37097,0.0,0.0,194.69
37098,-252.0,252.0,194.69
37099,588.0,930.0,194.69
37100,356.0,364.0,194.685
37101,122.0,322.0,194.69
37102,170.0,170.0,194.695
37103,0.0,0.0,194.695
37104,0.0,0.0,194.695
37105,172.0,612.0,194.695
37106,-161.0,3511.0,194.705
37107,-47.0,353.0,194.705
37108,-18294.0,23518.0,194.715
37109,839.0,1953.0,194.735
37110,344.0,344.0,194.745
37111,269.0,305.0,194.75
37112,837.0,1041.0,194.77
37113,-631.0,831.0,194.765
37114,216.0,416.0,194.765
37115,471.0,521.0,194.79
37116,-300.0,500.0,194.785
37117,2004.0,2014.0,194.815
37118,758.0,758.0,194.835
37119,618.0,618.0,194.845
37120,210.0,210.0,194.845
37121,294.0,294.0,194.855
37122,1052.0,1052.0,194.865
37123,764.0,764.0,194.865
37124,-526.0,926.0,194.865
37125,19.0,19.0,194.865
37126,-1625.0,1625.0,194.83
37127,976.0,976.0,194.835
37128,415.0,487.0,194.835
37129,500.0,500.0,194.845
37130,1303.0,1717.0,194.855
37131,84.0,84.0,194.855
37132,580.0,720.0,194.855
37133,-200.0,200.0,194.86
37134,0.0,0.0,194.855
37135,-783.0,985.0,194.855
37136,-38.0,50.0,194.845
37137,-19.0,19.0,194.855
37138,673.0,849.0,194.865
37139,217.0,429.0,194.865
37140,603.0,1023.0,194.865
37141,501.0,501.0,194.865
37142,519.0,519.0,194.865
37143,-41.0,645.0,194.865
37144,0.0,0.0,194.865
37145,-102.0,298.0,194.865
37146,2094.0,2094.0,194.885
37147,92.0,108.0,194.885
37148,9196.0,11350.0,194.885
37149,212.0,614.0,194.885
37150,981.0,1381.0,194.905
37151,300.0,300.0,194.905
37152,200.0,200.0,194.91
37153,-15.0,1007.0,194.9
37154,7.0,197.0,194.895
37155,94.0,94.0,194.895
37156,542.0,742.0,194.915
37157,220.0,220.0,194.92
37158,-2090.0,2724.0,194.845
37159,630.0,630.0,194.865
37160,1410.0,1410.0,194.875
37161,397.0,397.0,194.895
37162,200.0,200.0,194.895
37163,240.0,240.0,194.91
37164,596.0,596.0,194.92
37165,100.0,100.0,194.92
37166,0.0,0.0,194.92
37167,307.0,307.0,194.915
37168,-1004.0,1204.0,194.885
37169,-345.0,345.0,194.87
37170,200.0,200.0,194.87
37171,0.0,0.0,194.87
37172,307.0,1507.0,194.885
37173,300.0,300.0,194.89
37174,-33.0,59.0,194.895
37175,-1364.0,1766.0,194.85
37176,120.0,120.0,194.85
37177,105.0,105.0,194.85
37178,642.0,726.0,194.86
37179,-80.0,682.0,194.86
37180,715.0,1135.0,194.875
37181,126.0,126.0,194.875
37182,-700.0,1100.0,194.865
37183,100.0,100.0,194.87
37184,-1.0,1.0,194.875
37185,670.0,880.0,194.89
37186,0.0,0.0,194.89
37187,-300.0,300.0,194.885
37188,100.0,100.0,194.885
37189,247.0,247.0,194.885
37190,323.0,323.0,194.895
37191,390.0,880.0,194.9
37192,0.0,0.0,194.9
37193,100.0,100.0,194.905
37194,0.0,0.0,194.905
37195,-1148.0,1148.0,194.895
37196,0.0,0.0,194.895
37197,0.0,0.0,194.895
37198,974.0,1194.0,194.9
37199,180.0,220.0,194.895
37200,-190.0,1160.0,194.875
37201,415.0,415.0,194.895
37202,1507.0,2731.0,194.895
37203,939.0,1315.0,194.905
37204,219.0,219.0,194.905
37205,94.0,268.0,194.915
37206,301.0,301.0,194.915
37207,264.0,640.0,194.92
37208,-68.0,68.0,194.915
37209,-548.0,598.0,194.905
37210,100.0,100.0,194.905
37211,0.0,0.0,194.905
37212,0.0,0.0,194.905
37213,-1298.0,1396.0,194.875
37214,892.0,892.0,194.875
37215,0.0,0.0,194.875
37216,-445.0,787.0,194.865
37217,405.0,1403.0,194.84
37218,-206.0,416.0,194.825
37219,-635.0,835.0,194.825
37220,361.0,561.0,194.83
37221,1034.0,1550.0,194.855
37222,323.0,323.0,194.86
37223,310.0,910.0,194.865
37224,132.0,456.0,194.875
37225,555.0,1639.0,194.88
37226,69.0,87.0,194.885
37227,0.0,0.0,194.89
37228,49.0,311.0,194.88
37229,81.0,559.0,194.875
37230,-480.0,680.0,194.875
37231,4.0,4.0,194.875
37232,0.0,0.0,194.875
37233,24.0,24.0,194.875
37234,656.0,660.0,194.88
37235,0.0,0.0,194.885
37236,0.0,0.0,194.885
37237,110.0,110.0,194.885
37238,-56.0,2034.0,194.885
37239,-18.0,18.0,194.885
37240,0.0,0.0,194.885
37241,43.0,43.0,194.885
37242,-1132.0,1532.0,194.885
37243,0.0,0.0,194.885
37244,301.0,301.0,194.885
37245,0.0,0.0,194.885
37246,393.0,453.0,194.895
37247,2045.0,2127.0,194.925
37248,100.0,100.0,194.925
37249,764.0,824.0,194.925
37250,4717.0,5063.0,194.965
37251,896.0,2342.0,194.975
37252,1243.0,1243.0,194.975
37253,0.0,0.0,194.975
37254,604.0,604.0,194.985
37255,-119.0,119.0,194.985
37256,2742.0,5890.0,194.98
37257,605.0,605.0,194.985
37258,-2066.0,3890.0,194.965
37259,-194.0,858.0,194.955
37260,3190.0,4954.0,194.985
37261,-1725.0,2501.0,194.925
37262,300.0,300.0,194.925
37263,-1207.0,1207.0,194.915
37264,-143.0,351.0,194.915
37265,0.0,0.0,194.915
37266,-27.0,227.0,194.915
37267,800.0,800.0,194.915
37268,100.0,100.0,194.915
37269,412.0,820.0,194.92
37270,0.0,0.0,194.925
37271,-853.0,853.0,194.905
37272,-79.0,1437.0,194.905
37273,363.0,453.0,194.905
37274,675.0,1313.0,194.905
37275,4055.0,4255.0,194.955
37276,248.0,2252.0,194.935
37277,400.0,400.0,194.935
37278,-417.0,1017.0,194.945
37279,-284.0,484.0,194.935
37280,0.0,0.0,194.935
37281,105.0,105.0,194.935
37282,-14.0,398.0,194.935
37283,-10.0,10.0,194.935
37284,75.0,959.0,194.92
37285,0.0,0.0,194.925
37286,-100.0,102.0,194.92
37287,0.0,0.0,194.92
37288,-615.0,615.0,194.905
37289,-230.0,230.0,194.895
37290,0.0,0.0,194.895
37291,-891.0,1007.0,194.885
37292,-32.0,232.0,194.885
37293,0.0,0.0,194.885
37294,0.0,0.0,194.885
37295,510.0,510.0,194.885
37296,0.0,0.0,194.885
37297,0.0,0.0,194.885
37298,866.0,1966.0,194.905
37299,100.0,100.0,194.905
37300,100.0,100.0,194.905
37301,601.0,601.0,194.92
37302,4.0,4.0,194.915
37303,0.0,0.0,194.915
37304,0.0,0.0,194.915
37305,0.0,0.0,194.915
37306,-685.0,785.0,194.905
37307,-1780.0,2580.0,194.905
37308,154.0,154.0,194.915
37309,0.0,0.0,194.915
37310,-77.0,743.0,194.91
37311,-497.0,497.0,194.9
37312,0.0,0.0,194.9
37313,-400.0,600.0,194.9
37314,69.0,131.0,194.905
37315,-19.0,19.0,194.905
37316,0.0,0.0,194.905
37317,1.0,1.0,194.905
37318,0.0,0.0,194.905
37319,-25.0,25.0,194.905
37320,0.0,0.0,194.905
37321,452.0,452.0,194.925
37322,-109.0,109.0,194.91
37323,-100.0,100.0,194.91
37324,161.0,161.0,194.91
37325,690.0,890.0,194.925
37326,248.0,248.0,194.92
37327,0.0,0.0,194.92
37328,200.0,200.0,194.925
37329,400.0,400.0,194.925
37330,0.0,0.0,194.925
37331,0.0,0.0,194.925
37332,100.0,100.0,194.93
37333,-53.0,53.0,194.925
37334,0.0,0.0,194.925
37335,121.0,121.0,194.925
37336,0.0,0.0,194.925
37337,0.0,0.0,194.925
37338,-392.0,594.0,194.915
37339,0.0,0.0,194.915
37340,202.0,202.0,194.92
37341,-1121.0,1123.0,194.905
37342,0.0,0.0,194.905
37343,0.0,0.0,194.905
37344,-747.0,747.0,194.895
37345,0.0,0.0,194.895
37346,-352.0,352.0,194.885
37347,3.0,403.0,194.875
37348,-518.0,718.0,194.865
37349,100.0,100.0,194.865
37350,-27.0,227.0,194.87
37351,323.0,395.0,194.885
37352,100.0,100.0,194.885
37353,0.0,0.0,194.885
37354,100.0,100.0,194.885
37355,157.0,157.0,194.885
37356,-200.0,210.0,194.885
37357,324.0,324.0,194.885
37358,100.0,100.0,194.885
37359,534.0,550.0,194.895
37360,250.0,1570.0,194.905
37361,500.0,500.0,194.915
37362,87.0,113.0,194.915
37363,0.0,0.0,194.915
37364,0.0,0.0,194.915
37365,270.0,1130.0,194.905
37366,4.0,4.0,194.91
37367,0.0,0.0,194.91
37368,0.0,0.0,194.91
37369,282.0,482.0,194.915
37370,23.0,23.0,194.915
37371,0.0,0.0,194.915
37372,100.0,100.0,194.915
37373,0.0,0.0,194.915
37374,0.0,0.0,194.915
37375,184.0,184.0,194.915
37376,198.0,198.0,194.915
37377,0.0,0.0,194.915
37378,0.0,0.0,194.915
37379,-267.0,569.0,194.925
37380,105.0,111.0,194.925
37381,0.0,0.0,194.925
37382,-980.0,1194.0,194.905
37383,-651.0,951.0,194.885
37384,-907.0,907.0,194.865
37385,34.0,34.0,194.865
37386,502.0,502.0,194.865
37387,100.0,100.0,194.865
37388,688.0,688.0,194.865
37389,200.0,600.0,194.865
37390,-50.0,450.0,194.87
37391,0.0,0.0,194.865
37392,-157.0,755.0,194.87
37393,100.0,300.0,194.865
37394,0.0,0.0,194.865
37395,0.0,0.0,194.865
37396,-1203.0,1203.0,194.865
37397,-1022.0,1712.0,194.855
37398,50.0,50.0,194.855
37399,50.0,50.0,194.855
37400,-4.0,4.0,194.855
37401,0.0,0.0,194.855
37402,2061.0,2405.0,194.875
37403,494.0,894.0,194.875
37404,500.0,500.0,194.875
37405,0.0,400.0,194.885
37406,0.0,0.0,194.885
37407,-200.0,200.0,194.875
37408,400.0,400.0,194.895
37409,327.0,327.0,194.91
37410,-892.0,1276.0,194.895
37411,0.0,0.0,194.895
37412,0.0,0.0,194.895
37413,364.0,364.0,194.895
37414,0.0,0.0,194.895
37415,0.0,0.0,194.895
37416,0.0,0.0,194.895
37417,2451.0,2963.0,194.91
37418,100.0,100.0,194.925
37419,75.0,75.0,194.925
37420,100.0,100.0,194.925
37421,823.0,823.0,194.945
37422,-242.0,442.0,194.945
37423,649.0,829.0,194.955
37424,129.0,129.0,194.955
37425,-675.0,875.0,194.945
37426,-100.0,100.0,194.945
37427,0.0,0.0,194.945
37428,-223.0,1141.0,194.945
37429,0.0,0.0,194.945
37430,-82.0,82.0,194.945
37431,0.0,0.0,194.945
37432,0.0,0.0,194.945
37433,26.0,26.0,194.945
37434,378.0,436.0,194.945
37435,15.0,679.0,194.945
37436,-9.0,9.0,194.945
37437,888.0,888.0,194.945
37438,936.0,936.0,194.945
37439,50.0,50.0,194.945
37440,114.0,114.0,194.945
37441,-90.0,90.0,194.945
37442,-84.0,84.0,194.945
37443,278.0,478.0,194.955
37444,3.0,3.0,194.955
37445,-14.0,74.0,194.955
37446,0.0,0.0,194.955
37447,20.0,20.0,194.955
37448,2.0,2.0,194.955
37449,35.0,35.0,194.955
37450,30.0,30.0,194.955
37451,0.0,0.0,194.955
37452,0.0,0.0,194.955
37453,-210.0,264.0,194.955
37454,58.0,58.0,194.955
37455,0.0,0.0,194.955
37456,0.0,0.0,194.955
37457,0.0,0.0,194.955
37458,-14.0,14.0,194.955
37459,0.0,0.0,194.955
37460,0.0,0.0,194.955
37461,0.0,0.0,194.955
37462,-505.0,1075.0,194.945
37463,841.0,1041.0,194.955
37464,1391.0,1391.0,194.955
37465,292.0,692.0,194.965
37466,-983.0,1161.0,194.955
37467,0.0,0.0,194.955
37468,0.0,0.0,194.955
37469,-7.0,7.0,194.955
37470,-300.0,338.0,194.955
37471,-885.0,885.0,194.945
37472,-385.0,1417.0,194.925
37473,-664.0,1284.0,194.905
37474,-312.0,1834.0,194.905
37475,0.0,0.0,194.905
37476,77.0,977.0,194.905
37477,-189.0,189.0,194.895
37478,0.0,0.0,194.895
37479,-889.0,891.0,194.845
37480,-269.0,269.0,194.815
37481,1503.0,3393.0,194.825
37482,0.0,0.0,194.815
37483,282.0,682.0,194.805
37484,-55.0,1091.0,194.81
37485,100.0,300.0,194.815
37486,373.0,573.0,194.825
37487,-64.0,264.0,194.82
37488,978.0,978.0,194.825
37489,655.0,855.0,194.835
37490,752.0,1152.0,194.84
37491,176.0,176.0,194.845
37492,48.0,152.0,194.835
37493,156.0,356.0,194.84
37494,101.0,101.0,194.84
37495,563.0,563.0,194.845
37496,143.0,143.0,194.845
37497,-1036.0,1036.0,194.825
37498,26.0,26.0,194.825
37499,0.0,0.0,194.825
37500,0.0,0.0,194.825
37501,-117.0,117.0,194.815
37502,2.0,2.0,194.815
37503,0.0,0.0,194.815
37504,-245.0,619.0,194.805
37505,0.0,0.0,194.805
37506,-482.0,482.0,194.755
37507,0.0,0.0,194.755
37508,-538.0,762.0,194.735
37509,0.0,0.0,194.735
37510,0.0,0.0,194.735
37511,-4611.0,4611.0,194.705
37512,3317.0,6323.0,194.71
37513,686.0,1686.0,194.735
37514,-534.0,534.0,194.72
37515,662.0,1062.0,194.74
37516,190.0,210.0,194.735
37517,23.0,23.0,194.735
37518,778.0,778.0,194.77
37519,96.0,404.0,194.76
37520,-200.0,200.0,194.75
37521,101.0,101.0,194.745
37522,0.0,0.0,194.745
37523,13.0,13.0,194.745
37524,165.0,165.0,194.745
37525,1868.0,2468.0,194.805
37526,300.0,300.0,194.825
37527,12.0,490.0,194.825
37528,-547.0,747.0,194.815
37529,481.0,485.0,194.845
37530,954.0,954.0,194.875
37531,-300.0,300.0,194.85
37532,1.0,1.0,194.855
37533,0.0,0.0,194.855
37534,100.0,100.0,194.865
37535,175.0,175.0,194.865
37536,-1252.0,1664.0,194.825
37537,100.0,100.0,194.825
37538,-393.0,593.0,194.815
37539,-362.0,372.0,194.805
37540,200.0,200.0,194.81
37541,188.0,188.0,194.825
37542,200.0,400.0,194.83
37543,220.0,220.0,194.83
37544,0.0,0.0,194.835
37545,184.0,184.0,194.835
37546,52.0,252.0,194.835
37547,-17.0,113.0,194.845
37548,0.0,0.0,194.845
37549,553.0,689.0,194.88
37550,-123.0,123.0,194.85
37551,-610.0,1290.0,194.845
37552,0.0,0.0,194.84
37553,-358.0,500.0,194.84
37554,1.0,1.0,194.84
37555,0.0,0.0,194.845
37556,-17.0,17.0,194.84
37557,-300.0,400.0,194.84
37558,1.0,1.0,194.835
37559,9.0,9.0,194.835
37560,-133.0,945.0,194.825
37561,986.0,1072.0,194.835
37562,-484.0,484.0,194.835
37563,-30.0,30.0,194.835
37564,2297.0,2419.0,194.835
37565,-1443.0,1443.0,194.815
37566,130.0,130.0,194.815
37567,0.0,0.0,194.815
37568,-710.0,710.0,194.81
37569,119.0,121.0,194.81
37570,0.0,0.0,194.81
37571,0.0,0.0,194.815
37572,2227.0,2627.0,194.845
37573,251.0,349.0,194.855
37574,150.0,150.0,194.87
37575,304.0,304.0,194.875
37576,266.0,266.0,194.88
37577,38.0,48.0,194.885
37578,-851.0,851.0,194.84
37579,3.0,3.0,194.835
37580,51.0,51.0,194.84
37581,0.0,0.0,194.84
37582,0.0,0.0,194.84
37583,146.0,146.0,194.84
37584,0.0,0.0,194.84
37585,0.0,0.0,194.84
37586,115.0,937.0,194.845
37587,203.0,203.0,194.85
37588,-402.0,424.0,194.84
37589,2.0,2.0,194.845
37590,0.0,0.0,194.845
37591,418.0,418.0,194.855
37592,100.0,100.0,194.865
37593,4.0,4.0,194.865
37594,7.0,7.0,194.865
37595,526.0,526.0,194.885
37596,-583.0,583.0,194.88
37597,-60.0,60.0,194.875
37598,30.0,30.0,194.875
37599,27.0,27.0,194.88
37600,-361.0,637.0,194.875
37601,7.0,7.0,194.875
37602,2.0,2.0,194.875
37603,0.0,0.0,194.875
37604,367.0,367.0,194.875
37605,214.0,214.0,194.875
37606,0.0,0.0,194.875
37607,-1211.0,1273.0,194.875
37608,103.0,103.0,194.875
37609,0.0,0.0,194.875
37610,0.0,0.0,194.875
37611,0.0,0.0,194.875
37612,232.0,476.0,194.885
37613,55.0,145.0,194.885
37614,-222.0,288.0,194.885
37615,0.0,200.0,194.875
37616,0.0,0.0,194.875
37617,0.0,0.0,194.875
37618,0.0,0.0,194.875
37619,124.0,124.0,194.885
37620,612.0,812.0,194.885
37621,0.0,0.0,194.885
37622,0.0,0.0,194.885
37623,-816.0,816.0,194.885
37624,201.0,651.0,194.885
37625,64.0,64.0,194.885
37626,344.0,750.0,194.895
37627,923.0,923.0,194.905
37628,100.0,100.0,194.905
37629,-13.0,13.0,194.905
37630,0.0,0.0,194.905
37631,0.0,0.0,194.905
37632,87.0,337.0,194.905
37633,0.0,0.0,194.905
37634,650.0,650.0,194.915
37635,0.0,0.0,194.92
37636,0.0,0.0,194.92
37637,18.0,20.0,194.92
37638,-200.0,200.0,194.915
37639,0.0,0.0,194.915
37640,-1057.0,1057.0,194.895
37641,1681.0,1681.0,194.895
37642,100.0,100.0,194.895
37643,102.0,102.0,194.895
37644,0.0,0.0,194.895
37645,0.0,0.0,194.895
37646,139.0,139.0,194.895
37647,46.0,154.0,194.895
37648,0.0,0.0,194.895
37649,959.0,959.0,194.905
37650,-100.0,100.0,194.895
37651,0.0,0.0,194.895
37652,0.0,0.0,194.895
37653,28.0,28.0,194.895
37654,739.0,739.0,194.895
37655,208.0,208.0,194.895
37656,0.0,0.0,194.895
37657,423.0,423.0,194.895
37658,0.0,0.0,194.895
37659,-23.0,23.0,194.895
37660,-2303.0,2303.0,194.865
37661,0.0,0.0,194.865
37662,0.0,0.0,194.865
37663,-547.0,747.0,194.845
37664,100.0,100.0,194.86
37665,0.0,0.0,194.86
37666,39.0,415.0,194.86
37667,1275.0,1275.0,194.875
37668,104.0,104.0,194.875
37669,0.0,0.0,194.875
37670,397.0,397.0,194.88
37671,0.0,0.0,194.88
37672,0.0,0.0,194.875
37673,235.0,235.0,194.88
37674,0.0,0.0,194.885
37675,21.0,21.0,194.88
37676,4.0,4.0,194.88
37677,1.0,1.0,194.875
37678,60.0,60.0,194.88
37679,135.0,135.0,194.885
37680,-669.0,869.0,194.865
37681,-100.0,100.0,194.86
37682,-1349.0,1607.0,194.835
37683,-615.0,635.0,194.825
37684,-393.0,473.0,194.815
37685,-158.0,158.0,194.805
37686,100.0,100.0,194.805
37687,0.0,0.0,194.805
37688,0.0,0.0,194.805
37689,422.0,422.0,194.81
37690,1201.0,1201.0,194.83
37691,955.0,1205.0,194.835
37692,577.0,587.0,194.86
37693,-224.0,224.0,194.83
37694,100.0,100.0,194.85
37695,-727.0,731.0,194.845
37696,48.0,48.0,194.845
37697,0.0,0.0,194.845
37698,216.0,256.0,194.85
37699,95.0,95.0,194.865
37700,0.0,0.0,194.865
37701,0.0,0.0,194.865
37702,0.0,0.0,194.865
37703,240.0,240.0,194.865
37704,1742.0,1744.0,194.905
37705,47.0,47.0,194.915
37706,-53.0,297.0,194.915
37707,0.0,0.0,194.915
37708,504.0,504.0,194.92
37709,0.0,0.0,194.92
37710,45.0,45.0,194.92
37711,204.0,204.0,194.92
37712,92.0,92.0,194.935
37713,200.0,200.0,194.935
37714,-20.0,70.0,194.935
37715,100.0,100.0,194.935
37716,-947.0,947.0,194.925
37717,-450.0,550.0,194.92
37718,3.0,3.0,194.925
37719,2.0,2.0,194.925
37720,491.0,503.0,194.935
37721,50.0,50.0,194.935
37722,-220.0,220.0,194.935
37723,100.0,100.0,194.935
37724,5.0,5.0,194.935
37725,347.0,451.0,194.945
37726,0.0,0.0,194.945
37727,0.0,0.0,194.945
37728,0.0,0.0,194.945
37729,973.0,1133.0,194.965
37730,41.0,99.0,194.965
37731,-624.0,844.0,194.945
37732,-251.0,251.0,194.935
37733,0.0,0.0,194.935
37734,-702.0,828.0,194.925
37735,-179.0,179.0,194.925
37736,-305.0,307.0,194.915
37737,5.0,5.0,194.915
37738,-903.0,1085.0,194.915
37739,5.0,9.0,194.905
37740,-530.0,718.0,194.895
37741,-324.0,516.0,194.885
37742,554.0,968.0,194.865
37743,-48.0,260.0,194.865
37744,-201.0,201.0,194.85
37745,0.0,0.0,194.85
37746,1378.0,2538.0,194.855
37747,0.0,0.0,194.855
37748,1.0,3.0,194.855
37749,0.0,0.0,194.855
37750,0.0,0.0,194.855
37751,815.0,1001.0,194.875
37752,0.0,0.0,194.875
37753,-298.0,502.0,194.865
37754,-150.0,250.0,194.86
37755,-551.0,553.0,194.87
37756,0.0,0.0,194.865
37757,-309.0,309.0,194.865
37758,-1.0,1.0,194.86
37759,0.0,0.0,194.86
37760,-783.0,1143.0,194.85
37761,134.0,1080.0,194.845
37762,300.0,700.0,194.845
37763,50.0,50.0,194.845
37764,0.0,0.0,194.845
37765,0.0,0.0,194.855
37766,100.0,100.0,194.855
37767,0.0,0.0,194.855
37768,464.0,464.0,194.865
37769,0.0,0.0,194.865
37770,-616.0,1048.0,194.86
37771,215.0,217.0,194.865
37772,854.0,1854.0,194.88
37773,-100.0,100.0,194.875
37774,200.0,200.0,194.875
37775,0.0,0.0,194.875
37776,-721.0,809.0,194.86
37777,-100.0,100.0,194.855
37778,-245.0,245.0,194.855
37779,0.0,0.0,194.855
37780,359.0,359.0,194.87
37781,0.0,0.0,194.87
37782,0.0,0.0,194.87
37783,0.0,0.0,194.87
37784,0.0,0.0,194.87
37785,0.0,0.0,194.865
37786,-354.0,356.0,194.865
37787,-26.0,226.0,194.865
37788,0.0,0.0,194.86
37789,70.0,70.0,194.855
37790,12.0,12.0,194.86
37791,0.0,0.0,194.86
37792,0.0,0.0,194.86
37793,0.0,0.0,194.86
37794,-319.0,1391.0,194.845
37795,0.0,0.0,194.845
37796,-200.0,200.0,194.845
37797,-157.0,275.0,194.835
37798,145.0,257.0,194.835
37799,17.0,183.0,194.835
37800,-329.0,1049.0,194.815
37801,1929.0,1929.0,194.84
37802,335.0,335.0,194.84
37803,-98.0,498.0,194.84
37804,320.0,580.0,194.845
37805,120.0,120.0,194.855
37806,207.0,207.0,194.865
37807,0.0,0.0,194.865
37808,-513.0,513.0,194.84
37809,0.0,0.0,194.84
37810,0.0,0.0,194.835
37811,145.0,145.0,194.845
37812,300.0,300.0,194.86
37813,99.0,99.0,194.86
37814,-204.0,204.0,194.855
37815,415.0,415.0,194.865
37816,-79.0,269.0,194.86
37817,-1178.0,1290.0,194.82
37818,0.0,0.0,194.82
37819,-315.0,315.0,194.82
37820,0.0,0.0,194.82
37821,0.0,0.0,194.825
37822,-16.0,204.0,194.815
37823,-366.0,966.0,194.815
37824,401.0,565.0,194.815
37825,0.0,0.0,194.815
37826,-349.0,509.0,194.815
37827,100.0,100.0,194.815
37828,0.0,0.0,194.815
37829,224.0,224.0,194.82
37830,0.0,0.0,194.815
37831,0.0,0.0,194.815
37832,-777.0,827.0,194.805
37833,-1460.0,1460.0,194.795
37834,0.0,0.0,194.795
37835,-82.0,82.0,194.775
37836,0.0,0.0,194.775
37837,0.0,0.0,194.775
37838,1802.0,2602.0,194.785
37839,3759.0,3963.0,194.825
37840,494.0,494.0,194.825
37841,200.0,200.0,194.83
37842,-300.0,500.0,194.82
37843,-300.0,300.0,194.81
37844,40.0,40.0,194.815
37845,0.0,0.0,194.815
37846,131.0,969.0,194.825
37847,100.0,100.0,194.83
37848,100.0,100.0,194.83
37849,-1.0,1.0,194.825
37850,-582.0,582.0,194.805
37851,-222.0,522.0,194.795
37852,-143.0,143.0,194.79
37853,0.0,0.0,194.795
37854,699.0,699.0,194.795
37855,0.0,0.0,194.795
37856,0.0,0.0,194.795
37857,1156.0,1156.0,194.815
37858,98.0,98.0,194.815
37859,-263.0,263.0,194.805
37860,115.0,227.0,194.805
37861,736.0,736.0,194.82
37862,451.0,753.0,194.835
37863,-23.0,221.0,194.81
37864,757.0,1269.0,194.815
37865,106.0,106.0,194.81
37866,115.0,115.0,194.805
37867,572.0,582.0,194.83
37868,0.0,0.0,194.83
37869,0.0,0.0,194.835
37870,151.0,251.0,194.835
37871,255.0,445.0,194.835
37872,0.0,0.0,194.835
37873,-100.0,100.0,194.835
37874,-65.0,385.0,194.835
37875,125.0,125.0,194.835
37876,-702.0,702.0,194.835
37877,69.0,669.0,194.84
37878,92.0,92.0,194.845
37879,0.0,0.0,194.84
37880,200.0,200.0,194.845
37881,313.0,313.0,194.845
37882,132.0,132.0,194.845
37883,212.0,212.0,194.865
37884,556.0,556.0,194.895
37885,0.0,0.0,194.895
37886,0.0,0.0,194.895
37887,472.0,472.0,194.9
37888,440.0,440.0,194.91
37889,-507.0,507.0,194.905
37890,-286.0,486.0,194.89
37891,21.0,21.0,194.89
37892,-851.0,863.0,194.88
37893,-317.0,317.0,194.855
37894,-500.0,700.0,194.855
37895,427.0,1473.0,194.835
37896,149.0,149.0,194.845
37897,602.0,602.0,194.845
37898,100.0,100.0,194.855
37899,-200.0,200.0,194.845
37900,0.0,0.0,194.845
37901,-200.0,200.0,194.845
37902,-100.0,100.0,194.845
37903,0.0,0.0,194.845
37904,0.0,0.0,194.845
37905,0.0,0.0,194.845
37906,0.0,0.0,194.845
37907,-101.0,301.0,194.84
37908,-363.0,363.0,194.825
37909,-1808.0,2378.0,194.795
37910,525.0,725.0,194.805
37911,100.0,100.0,194.795
37912,-50.0,150.0,194.8
37913,-29.0,31.0,194.795
37914,-200.0,200.0,194.795
37915,0.0,0.0,194.795
37916,-1100.0,1100.0,194.785
37917,50.0,50.0,194.785
37918,0.0,0.0,194.785
37919,0.0,0.0,194.785
37920,-363.0,963.0,194.755
37921,0.0,0.0,194.755
37922,-1057.0,1057.0,194.74
37923,-25.0,333.0,194.735
37924,110.0,110.0,194.735
37925,2317.0,2617.0,194.735
37926,-901.0,901.0,194.715
37927,100.0,100.0,194.715
37928,100.0,100.0,194.715
37929,-1210.0,1210.0,194.695
37930,784.0,784.0,194.705
37931,-4120.0,5090.0,194.655
37932,1354.0,1424.0,194.655
37933,2324.0,3524.0,194.685
37934,111.0,111.0,194.685
37935,86.0,86.0,194.685
37936,-49.0,51.0,194.685
37937,2755.0,2957.0,194.735
37938,150.0,150.0,194.735
37939,70.0,70.0,194.735
37940,-300.0,500.0,194.735
37941,-150.0,150.0,194.73
37942,-100.0,100.0,194.735
37943,74.0,900.0,194.725
37944,0.0,0.0,194.725
37945,102.0,102.0,194.725
37946,-949.0,2289.0,194.745
37947,100.0,100.0,194.745
37948,-845.0,1045.0,194.725
37949,-291.0,291.0,194.7
37950,-887.0,1089.0,194.665
37951,1460.0,1500.0,194.705
37952,454.0,454.0,194.71
37953,206.0,206.0,194.73
37954,200.0,200.0,194.745
37955,400.0,400.0,194.77
37956,0.0,0.0,194.76
37957,103.0,103.0,194.755
37958,4.0,204.0,194.745
37959,103.0,103.0,194.765
37960,-51.0,51.0,194.765
37961,546.0,894.0,194.785
37962,206.0,206.0,194.785
37963,1815.0,2777.0,194.785
37964,150.0,150.0,194.785
37965,3.0,3.0,194.785
37966,0.0,0.0,194.785
37967,173.0,803.0,194.785
37968,0.0,0.0,194.785
37969,553.0,953.0,194.785
37970,391.0,791.0,194.8
37971,0.0,0.0,194.805
37972,427.0,427.0,194.805
37973,359.0,359.0,194.83
37974,50.0,50.0,194.825
37975,0.0,0.0,194.825
37976,-157.0,243.0,194.825
37977,-300.0,500.0,194.805
37978,600.0,600.0,194.805
37979,754.0,1354.0,194.815
37980,-578.0,964.0,194.8
37981,0.0,0.0,194.795
37982,-100.0,100.0,194.795
37983,-1785.0,1985.0,194.775
37984,771.0,1529.0,194.785
37985,-400.0,800.0,194.795
37986,0.0,0.0,194.795
37987,293.0,635.0,194.805
37988,0.0,0.0,194.805
37989,0.0,0.0,194.805
37990,-100.0,100.0,194.805
37991,-170.0,170.0,194.78
37992,100.0,100.0,194.78
37993,0.0,0.0,194.785
37994,-1.0,1.0,194.78
37995,-395.0,395.0,194.775
37996,11.0,11.0,194.775
37997,0.0,0.0,194.775
37998,0.0,0.0,194.775
37999,342.0,434.0,194.785
38000,462.0,462.0,194.785
38001,0.0,0.0,194.785
38002,0.0,0.0,194.785
38003,-5.0,5.0,194.785
38004,0.0,0.0,194.785
38005,-509.0,509.0,194.775
38006,-18.0,20.0,194.77
38007,-470.0,770.0,194.76
38008,0.0,0.0,194.755
38009,-550.0,550.0,194.725
38010,-157.0,157.0,194.72
38011,-38.0,38.0,194.72
38012,0.0,0.0,194.72
38013,-1.0,1.0,194.72
38014,0.0,0.0,194.72
38015,0.0,0.0,194.72
38016,0.0,0.0,194.72
38017,100.0,100.0,194.72
38018,245.0,245.0,194.725
38019,-695.0,695.0,194.72
38020,0.0,0.0,194.715
38021,150.0,150.0,194.715
38022,0.0,0.0,194.715
38023,-301.0,301.0,194.715
38024,0.0,0.0,194.715
38025,0.0,0.0,194.715
38026,0.0,0.0,194.715
38027,0.0,0.0,194.715
38028,220.0,1606.0,194.705
38029,200.0,200.0,194.705
38030,0.0,0.0,194.705
38031,0.0,0.0,194.705
38032,-63.0,63.0,194.705
38033,0.0,0.0,194.705
38034,2071.0,2097.0,194.745
38035,0.0,0.0,194.745
38036,0.0,0.0,194.745
38037,-297.0,303.0,194.74
38038,100.0,100.0,194.735
38039,0.0,0.0,194.735
38040,-300.0,300.0,194.715
38041,301.0,305.0,194.715
38042,600.0,600.0,194.725
38043,0.0,0.0,194.725
38044,0.0,0.0,194.725
38045,0.0,0.0,194.725
38046,-300.0,300.0,194.725
38047,-2.0,2.0,194.725
38048,-95.0,301.0,194.715
38049,-100.0,100.0,194.715
38050,-631.0,831.0,194.705
38051,240.0,240.0,194.705
38052,367.0,367.0,194.715
38053,1145.0,1145.0,194.74
38054,102.0,102.0,194.74
38055,0.0,0.0,194.74
38056,0.0,0.0,194.74
38057,0.0,0.0,194.735
38058,5.0,5.0,194.74
38059,0.0,0.0,194.74
38060,0.0,0.0,194.745
38061,-7.0,7.0,194.735
38062,234.0,1556.0,194.765
38063,-1022.0,1422.0,194.735
38064,300.0,310.0,194.755
38065,100.0,100.0,194.75
38066,6.0,6.0,194.75
38067,0.0,0.0,194.75
38068,133.0,133.0,194.755
38069,308.0,308.0,194.755
38070,0.0,0.0,194.755
38071,0.0,0.0,194.755
38072,0.0,0.0,194.755
38073,297.0,297.0,194.755
38074,100.0,100.0,194.755
38075,0.0,0.0,194.755
38076,-1158.0,1520.0,194.735
38077,0.0,0.0,194.735
38078,-248.0,248.0,194.735
38079,-88.0,96.0,194.73
38080,752.0,752.0,194.745
38081,744.0,744.0,194.765
38082,1.0,1.0,194.765
38083,288.0,808.0,194.775
38084,100.0,100.0,194.775
38085,0.0,0.0,194.775
38086,0.0,0.0,194.775
38087,45.0,45.0,194.775
38088,0.0,0.0,194.775
38089,0.0,0.0,194.775
38090,0.0,0.0,194.775
38091,0.0,0.0,194.775
38092,0.0,0.0,194.775
38093,-824.0,1068.0,194.775
38094,0.0,0.0,194.775
38095,1755.0,2055.0,194.835
38096,188.0,212.0,194.825
38097,303.0,303.0,194.835
38098,-1151.0,1583.0,194.805
38099,300.0,300.0,194.81
38100,-617.0,617.0,194.795
38101,-1400.0,1404.0,194.75
38102,3.0,3.0,194.75
38103,2366.0,6262.0,194.735
38104,223.0,1995.0,194.735
38105,-1.0,1.0,194.725
38106,100.0,100.0,194.73
38107,669.0,669.0,194.735
38108,183.0,403.0,194.735
38109,1.0,1.0,194.735
38110,-569.0,569.0,194.725
38111,-874.0,874.0,194.72
38112,5.0,5.0,194.72
38113,0.0,0.0,194.72
38114,336.0,538.0,194.73
38115,0.0,0.0,194.73
38116,0.0,0.0,194.73
38117,-826.0,1036.0,194.715
38118,330.0,330.0,194.725
38119,-770.0,792.0,194.72
38120,-190.0,208.0,194.715
38121,51.0,451.0,194.715
38122,90.0,110.0,194.725
38123,0.0,0.0,194.72
38124,304.0,304.0,194.735
38125,372.0,372.0,194.735
38126,0.0,0.0,194.735
38127,200.0,200.0,194.735
38128,-435.0,435.0,194.725
38129,-277.0,297.0,194.72
38130,0.0,0.0,194.72
38131,0.0,0.0,194.72
38132,0.0,0.0,194.715
38133,200.0,200.0,194.72
38134,305.0,305.0,194.725
38135,376.0,400.0,194.725
38136,0.0,0.0,194.725
38137,193.0,193.0,194.73
38138,0.0,0.0,194.73
38139,0.0,0.0,194.73
38140,0.0,0.0,194.725
38141,2.0,2.0,194.73
38142,29.0,29.0,194.73
38143,0.0,0.0,194.73
38144,-1275.0,1525.0,194.715
38145,-784.0,784.0,194.695
38146,50.0,50.0,194.695
38147,-1515.0,1515.0,194.625
38148,-22.0,464.0,194.595
38149,-208.0,670.0,194.58
38150,237.0,637.0,194.585
38151,1124.0,1364.0,194.595
38152,686.0,686.0,194.605
38153,-246.0,354.0,194.605
38154,61.0,63.0,194.605
38155,-44.0,456.0,194.605
38156,-200.0,400.0,194.59
38157,0.0,0.0,194.59
38158,0.0,0.0,194.59
38159,-1290.0,1310.0,194.56
38160,-556.0,974.0,194.52
38161,591.0,591.0,194.52
38162,5.0,5.0,194.52
38163,400.0,400.0,194.525
38164,801.0,801.0,194.545
38165,200.0,200.0,194.545
38166,387.0,613.0,194.555
38167,200.0,600.0,194.57
38168,0.0,0.0,194.57
38169,0.0,0.0,194.575
38170,-1.0,1.0,194.57
38171,-232.0,368.0,194.56
38172,300.0,300.0,194.575
38173,942.0,942.0,194.585
38174,132.0,136.0,194.585
38175,0.0,0.0,194.585
38176,384.0,388.0,194.585
38177,20.0,20.0,194.595
38178,-3.0,3.0,194.595
38179,132.0,134.0,194.605
38180,259.0,259.0,194.62
38181,-47.0,153.0,194.615
38182,-405.0,405.0,194.61
38183,124.0,124.0,194.61
38184,-627.0,927.0,194.585
38185,-368.0,368.0,194.55
38186,10.0,210.0,194.55
38187,-362.0,438.0,194.535
38188,-1088.0,1436.0,194.5
38189,0.0,200.0,194.505
38190,-1192.0,1192.0,194.48
38191,50.0,50.0,194.48
38192,-217.0,369.0,194.465
38193,824.0,824.0,194.465
38194,-415.0,1195.0,194.455
38195,2211.0,2211.0,194.465
38196,1504.0,1504.0,194.51
38197,528.0,528.0,194.515
38198,1.0,719.0,194.515
38199,625.0,625.0,194.55
38200,967.0,1009.0,194.56
38201,147.0,147.0,194.56
38202,-438.0,1046.0,194.545
38203,0.0,0.0,194.545
38204,0.0,0.0,194.55
38205,-600.0,600.0,194.535
38206,-580.0,580.0,194.53
38207,-10.0,10.0,194.52
38208,-126.0,126.0,194.495
38209,-11.0,11.0,194.495
38210,-992.0,992.0,194.455
38211,10.0,640.0,194.42
38212,479.0,3391.0,194.395
38213,652.0,1346.0,194.38
38214,-620.0,886.0,194.35
38215,-135.0,735.0,194.34
38216,105.0,925.0,194.35
38217,-200.0,200.0,194.33
38218,390.0,590.0,194.335
38219,-176.0,600.0,194.335
38220,286.0,386.0,194.34
38221,-122.0,122.0,194.34
38222,-83.0,83.0,194.34
38223,-98.0,98.0,194.34
38224,-807.0,807.0,194.33
38225,1039.0,4217.0,194.38
38226,-285.0,935.0,194.36
38227,-98.0,1178.0,194.36
38228,130.0,1530.0,194.34
38229,350.0,350.0,194.35
38230,74.0,826.0,194.34
38231,344.0,460.0,194.385
38232,-213.0,213.0,194.345
38233,705.0,705.0,194.345
38234,1055.0,1605.0,194.385
38235,236.0,236.0,194.375
38236,184.0,184.0,194.395
38237,601.0,601.0,194.44
38238,-25.0,625.0,194.44
38239,-307.0,1047.0,194.425
38240,-291.0,293.0,194.42
38241,-60.0,60.0,194.41
38242,0.0,0.0,194.41
38243,0.0,0.0,194.4
38244,44.0,1196.0,194.345
38245,31.0,237.0,194.335
38246,-19.0,19.0,194.33
38247,0.0,0.0,194.325
38248,101.0,101.0,194.325
38249,47.0,47.0,194.335
38250,158.0,300.0,194.335
38251,0.0,0.0,194.335
38252,229.0,229.0,194.345
38253,0.0,0.0,194.345
38254,-170.0,946.0,194.34
38255,0.0,0.0,194.35
38256,-42.0,42.0,194.34
38257,-50.0,50.0,194.35
38258,971.0,2833.0,194.355
38259,304.0,304.0,194.375
38260,-249.0,249.0,194.36
38261,-501.0,501.0,194.35
38262,167.0,167.0,194.35
38263,-523.0,1571.0,194.33
38264,134.0,134.0,194.335
38265,115.0,115.0,194.335
38266,247.0,461.0,194.345
38267,402.0,440.0,194.355
38268,-584.0,1484.0,194.34
38269,125.0,125.0,194.34
38270,175.0,175.0,194.34
38271,500.0,500.0,194.345
38272,125.0,125.0,194.35
38273,-120.0,120.0,194.35
38274,0.0,0.0,194.35
38275,0.0,0.0,194.35
38276,0.0,0.0,194.35
38277,818.0,2038.0,194.345
38278,-18.0,38.0,194.34
38279,310.0,310.0,194.35
38280,526.0,526.0,194.35
38281,101.0,101.0,194.35
38282,0.0,0.0,194.35
38283,0.0,0.0,194.35
38284,2207.0,4419.0,194.375
38285,360.0,1060.0,194.37
38286,300.0,300.0,194.37
38287,-508.0,708.0,194.365
38288,-586.0,1004.0,194.345
38289,-493.0,513.0,194.335
38290,546.0,866.0,194.345
38291,151.0,3667.0,194.355
38292,0.0,400.0,194.36
38293,0.0,0.0,194.365
38294,0.0,0.0,194.365
38295,0.0,0.0,194.365
38296,0.0,0.0,194.365
38297,194.0,194.0,194.365
38298,6.0,6.0,194.365
38299,575.0,575.0,194.365
38300,-999.0,1199.0,194.355
38301,-740.0,1206.0,194.33
38302,0.0,0.0,194.33
38303,0.0,0.0,194.33
38304,0.0,0.0,194.33
38305,0.0,0.0,194.335
38306,-428.0,844.0,194.32
38307,64.0,934.0,194.31
38308,-1744.0,1744.0,194.295
38309,-242.0,642.0,194.275
38310,0.0,0.0,194.275
38311,-504.0,506.0,194.275
38312,-317.0,517.0,194.26
38313,267.0,267.0,194.26
38314,-4.0,4.0,194.265
38315,-107.0,107.0,194.265
38316,1094.0,1294.0,194.28
38317,-100.0,100.0,194.275
38318,10.0,10.0,194.28
38319,0.0,0.0,194.28
38320,0.0,0.0,194.275
38321,-2263.0,4341.0,194.19
38322,1712.0,2352.0,194.225
38323,20.0,180.0,194.22
38324,-141.0,141.0,194.215
38325,0.0,0.0,194.215
38326,1172.0,1528.0,194.26
38327,0.0,0.0,194.26
38328,102.0,102.0,194.26
38329,-27.0,179.0,194.26
38330,-1149.0,3271.0,194.225
38331,103.0,103.0,194.225
38332,5.0,209.0,194.24
38333,13.0,13.0,194.245
38334,51.0,51.0,194.26
38335,-600.0,800.0,194.245
38336,149.0,251.0,194.25
38337,0.0,0.0,194.245
38338,90.0,1310.0,194.27
38339,-338.0,562.0,194.255
38340,-306.0,306.0,194.245
38341,-343.0,345.0,194.235
38342,599.0,599.0,194.255
38343,389.0,389.0,194.275
38344,0.0,0.0,194.27
38345,-488.0,488.0,194.255
38346,-3940.0,3988.0,194.205
38347,-1050.0,1650.0,194.205
38348,-847.0,1319.0,194.19
38349,-100.0,100.0,194.185
38350,-93.0,695.0,194.19
38351,-46.0,1754.0,194.195
38352,0.0,0.0,194.195
38353,-203.0,203.0,194.175
38354,-158.0,242.0,194.185
38355,41.0,41.0,194.185
38356,-22.0,226.0,194.185
38357,-32.0,168.0,194.185
38358,300.0,300.0,194.195
38359,0.0,0.0,194.195
38360,0.0,0.0,194.195
38361,-201.0,201.0,194.18
38362,-97.0,99.0,194.175
38363,847.0,847.0,194.195
38364,-236.0,444.0,194.195
38365,196.0,270.0,194.195
38366,170.0,170.0,194.195
38367,300.0,300.0,194.2
38368,0.0,0.0,194.2
38369,-859.0,1379.0,194.185
38370,-96.0,3898.0,194.2
38371,-311.0,311.0,194.18
38372,-577.0,577.0,194.17
38373,-193.0,1295.0,194.175
38374,318.0,318.0,194.18
38375,140.0,140.0,194.185
38376,3.0,3.0,194.185
38377,-64.0,70.0,194.185
38378,0.0,0.0,194.185
38379,-779.0,1767.0,194.17
38380,-1844.0,2706.0,194.135
38381,0.0,0.0,194.135
38382,0.0,0.0,194.135
38383,456.0,456.0,194.14
38384,208.0,226.0,194.17
38385,0.0,0.0,194.175
38386,1153.0,1959.0,194.26
38387,478.0,484.0,194.265
38388,63.0,187.0,194.275
38389,246.0,438.0,194.285
38390,31.0,37.0,194.295
38391,1180.0,1180.0,194.32
38392,0.0,0.0,194.325
38393,105.0,105.0,194.325
38394,1022.0,1022.0,194.39
38395,52.0,854.0,194.4
38396,-1148.0,1148.0,194.39
38397,0.0,0.0,194.385
38398,0.0,0.0,194.385
38399,-665.0,685.0,194.35
38400,-16.0,220.0,194.36
38401,0.0,0.0,194.355
38402,1.0,1.0,194.36
38403,-100.0,100.0,194.365
38404,-1274.0,1884.0,194.31
38405,-90.0,110.0,194.315
38406,0.0,0.0,194.335
38407,-100.0,100.0,194.33
38408,-301.0,301.0,194.28
38409,-325.0,325.0,194.255
38410,879.0,3889.0,194.265
38411,87.0,87.0,194.29
38412,613.0,643.0,194.345
38413,0.0,0.0,194.345
38414,200.0,200.0,194.36
38415,1200.0,1200.0,194.415
38416,0.0,0.0,194.42
38417,361.0,361.0,194.43
38418,-640.0,640.0,194.41
38419,25.0,25.0,194.41
38420,188.0,454.0,194.41
38421,495.0,495.0,194.425
38422,-170.0,170.0,194.41
38423,0.0,0.0,194.415
38424,910.0,910.0,194.445
38425,70.0,70.0,194.445
38426,-135.0,681.0,194.44
38427,1.0,1.0,194.445
38428,-298.0,462.0,194.445
38429,1183.0,1183.0,194.45
38430,3483.0,3483.0,194.505
38431,1075.0,1077.0,194.56
38432,241.0,247.0,194.55
38433,100.0,100.0,194.55
38434,397.0,823.0,194.55
38435,245.0,365.0,194.59
38436,-1.0,201.0,194.59
38437,0.0,0.0,194.59
38438,189.0,255.0,194.61
38439,-1689.0,1841.0,194.635
38440,821.0,821.0,194.655
38441,-6.0,402.0,194.65
38442,11.0,211.0,194.65
38443,147.0,147.0,194.65
38444,0.0,0.0,194.655
38445,-3689.0,4667.0,194.58
38446,-1616.0,1620.0,194.515
38447,200.0,200.0,194.52
38448,100.0,100.0,194.52
38449,2395.0,4095.0,194.545
38450,101.0,101.0,194.55
38451,712.0,752.0,194.56
38452,204.0,204.0,194.585
38453,588.0,696.0,194.605
38454,1028.0,1028.0,194.675
38455,1466.0,1544.0,194.69
38456,-128.0,222.0,194.69
38457,-314.0,386.0,194.67
38458,-283.0,909.0,194.67
38459,130.0,130.0,194.69
38460,363.0,363.0,194.69
38461,0.0,0.0,194.69
38462,47.0,2715.0,194.69
38463,106.0,106.0,194.695
38464,0.0,0.0,194.695
38465,-437.0,437.0,194.68
38466,700.0,700.0,194.68
38467,-530.0,530.0,194.67
38468,-101.0,101.0,194.675
38469,0.0,0.0,194.675
38470,0.0,0.0,194.675
38471,0.0,0.0,194.675
38472,0.0,0.0,194.675
38473,-200.0,200.0,194.665
38474,-677.0,677.0,194.655
38475,1249.0,1649.0,194.655
38476,-100.0,100.0,194.655
38477,-109.0,109.0,194.645
38478,605.0,605.0,194.655
38479,5070.0,5130.0,194.68
38480,200.0,200.0,194.685
38481,30.0,230.0,194.675
38482,-200.0,200.0,194.67
38483,0.0,0.0,194.675
38484,1.0,1.0,194.675
38485,524.0,524.0,194.68
38486,29.0,29.0,194.68
38487,694.0,1134.0,194.705
38488,109.0,109.0,194.71
38489,1973.0,3123.0,194.78
38490,73.0,277.0,194.78
38491,-281.0,281.0,194.78
38492,100.0,100.0,194.78
38493,0.0,0.0,194.785
38494,-875.0,875.0,194.775
38495,249.0,269.0,194.775
38496,-1098.0,1098.0,194.765
38497,100.0,100.0,194.765
38498,217.0,217.0,194.775
38499,547.0,547.0,194.79
38500,85.0,85.0,194.785
38501,15.0,15.0,194.785
38502,-596.0,1006.0,194.77
38503,0.0,0.0,194.77
38504,-1.0,1.0,194.77
38505,0.0,0.0,194.77
38506,0.0,0.0,194.775
38507,0.0,0.0,194.775
38508,-4.0,4.0,194.775
38509,0.0,0.0,194.775
38510,1163.0,1243.0,194.78
38511,-1023.0,1223.0,194.765
38512,1.0,1.0,194.765
38513,0.0,0.0,194.765
38514,7.0,7.0,194.765
38515,100.0,100.0,194.765
38516,-169.0,985.0,194.765
38517,0.0,200.0,194.765
38518,0.0,0.0,194.765
38519,0.0,0.0,194.765
38520,0.0,0.0,194.765
38521,-4077.0,4077.0,194.685
38522,75.0,325.0,194.68
38523,10.0,10.0,194.68
38524,412.0,632.0,194.695
38525,1230.0,1240.0,194.76
38526,151.0,151.0,194.775
38527,-310.0,310.0,194.74
38528,591.0,889.0,194.74
38529,561.0,561.0,194.75
38530,-177.0,393.0,194.715
38531,96.0,96.0,194.73
38532,456.0,616.0,194.73
38533,628.0,1118.0,194.735
38534,85.0,485.0,194.73
38535,-187.0,187.0,194.73
38536,0.0,0.0,194.725
38537,503.0,503.0,194.745
38538,10.0,10.0,194.75
38539,363.0,363.0,194.755
38540,11.0,11.0,194.755
38541,37.0,363.0,194.755
38542,0.0,0.0,194.76
38543,-697.0,697.0,194.745
38544,100.0,100.0,194.745
38545,352.0,352.0,194.75
38546,27.0,1297.0,194.775
38547,-67.0,67.0,194.77
38548,-17.0,23.0,194.775
38549,7.0,7.0,194.78
38550,1742.0,1756.0,194.815
38551,-551.0,991.0,194.815
38552,-142.0,476.0,194.805
38553,-100.0,100.0,194.805
38554,-337.0,1241.0,194.795
38555,100.0,100.0,194.795
38556,315.0,315.0,194.795
38557,-690.0,962.0,194.79
38558,-490.0,490.0,194.795
38559,4017.0,4217.0,194.845
38560,1786.0,2276.0,194.845
38561,33.0,167.0,194.845
38562,0.0,0.0,194.855
38563,0.0,0.0,194.855
38564,3.0,3.0,194.855
38565,75.0,75.0,194.855
38566,-9.0,9.0,194.855
38567,100.0,100.0,194.855
38568,26.0,26.0,194.855
38569,-777.0,1177.0,194.835
38570,94.0,106.0,194.835
38571,0.0,0.0,194.835
38572,0.0,0.0,194.835
38573,401.0,401.0,194.835
38574,0.0,0.0,194.835
38575,0.0,0.0,194.835
38576,15.0,15.0,194.835
38577,0.0,0.0,194.835
38578,0.0,0.0,194.835
38579,-919.0,919.0,194.815
38580,613.0,613.0,194.835
38581,-129.0,129.0,194.82
38582,0.0,0.0,194.82
38583,0.0,0.0,194.82
38584,0.0,0.0,194.82
38585,0.0,0.0,194.82
38586,0.0,0.0,194.82
38587,0.0,0.0,194.82
38588,-661.0,1003.0,194.805
38589,139.0,139.0,194.805
38590,-346.0,348.0,194.8
38591,-396.0,396.0,194.79
38592,1690.0,2490.0,194.815
38593,-100.0,500.0,194.81
38594,-100.0,100.0,194.805
38595,1125.0,1223.0,194.83
38596,796.0,796.0,194.835
38597,-15.0,15.0,194.835
38598,0.0,0.0,194.835
38599,53.0,53.0,194.835
38600,194.0,194.0,194.835
38601,-537.0,653.0,194.805
38602,1.0,1.0,194.81
38603,0.0,0.0,194.81
38604,-104.0,104.0,194.805
38605,-83.0,83.0,194.805
38606,-1036.0,1320.0,194.785
38607,0.0,0.0,194.785
38608,-852.0,852.0,194.765
38609,730.0,1726.0,194.79
38610,200.0,200.0,194.795
38611,180.0,258.0,194.8
38612,84.0,84.0,194.8
38613,-100.0,100.0,194.8
38614,-872.0,872.0,194.755
38615,-200.0,420.0,194.75
38616,401.0,401.0,194.78
38617,235.0,235.0,194.8
38618,1142.0,1142.0,194.845
38619,500.0,500.0,194.85
38620,997.0,1057.0,194.86
38621,-253.0,253.0,194.86
38622,200.0,200.0,194.855
38623,92.0,92.0,194.86
38624,3498.0,4432.0,194.885
38625,298.0,302.0,194.885
38626,-58.0,58.0,194.875
38627,0.0,0.0,194.875
38628,0.0,0.0,194.875
38629,0.0,0.0,194.875
38630,64.0,136.0,194.875
38631,41.0,41.0,194.875
38632,1.0,1.0,194.875
38633,60.0,60.0,194.875
38634,-2176.0,2176.0,194.825
38635,376.0,576.0,194.825
38636,1119.0,1119.0,194.85
38637,102.0,102.0,194.845
38638,0.0,0.0,194.845
38639,-484.0,484.0,194.81
38640,-300.0,300.0,194.795
38641,0.0,0.0,194.795
38642,172.0,434.0,194.795
38643,110.0,110.0,194.795
38644,-327.0,327.0,194.785
38645,-10.0,10.0,194.785
38646,1898.0,2418.0,194.795
38647,0.0,0.0,194.795
38648,0.0,0.0,194.795
38649,-300.0,300.0,194.785
38650,3.0,3.0,194.79
38651,0.0,0.0,194.785
38652,-143.0,143.0,194.775
38653,1002.0,3038.0,194.795
38654,1737.0,1857.0,194.795
38655,1790.0,1790.0,194.795
38656,0.0,0.0,194.795
38657,-615.0,685.0,194.795
38658,325.0,419.0,194.795
38659,-250.0,256.0,194.795
38660,-1481.0,1539.0,194.775
38661,450.0,1462.0,194.785
38662,377.0,377.0,194.795
38663,0.0,0.0,194.795
38664,-200.0,316.0,194.77
38665,0.0,0.0,194.77
38666,0.0,0.0,194.77
38667,-259.0,383.0,194.75
38668,-10.0,10.0,194.75
38669,-387.0,1207.0,194.71
38670,0.0,0.0,194.715
38671,0.0,0.0,194.715
38672,0.0,0.0,194.715
38673,304.0,344.0,194.72
38674,0.0,0.0,194.72
38675,-55.0,2557.0,194.725
38676,518.0,856.0,194.725
38677,506.0,528.0,194.725
38678,75.0,75.0,194.725
38679,0.0,0.0,194.725
38680,-330.0,334.0,194.705
38681,690.0,690.0,194.725
38682,187.0,443.0,194.73
38683,-397.0,617.0,194.725
38684,-79.0,79.0,194.71
38685,-52.0,52.0,194.715
38686,735.0,735.0,194.73
38687,39.0,39.0,194.73
38688,10.0,10.0,194.73
38689,0.0,0.0,194.73
38690,0.0,0.0,194.73
38691,438.0,934.0,194.735
38692,143.0,143.0,194.735
38693,-314.0,314.0,194.725
38694,-635.0,635.0,194.71
38695,-641.0,641.0,194.69
38696,0.0,0.0,194.685
38697,-428.0,678.0,194.615
38698,-1201.0,1881.0,194.615
38699,167.0,813.0,194.625
38700,563.0,2037.0,194.625
38701,-708.0,988.0,194.6
38702,755.0,1457.0,194.62
38703,-97.0,105.0,194.6
38704,5.0,9.0,194.6
38705,-876.0,1082.0,194.56
38706,98.0,102.0,194.56
38707,0.0,0.0,194.56
38708,3.0,3.0,194.56
38709,25.0,25.0,194.555
38710,562.0,1084.0,194.565
38711,-101.0,307.0,194.56
38712,243.0,243.0,194.575
38713,1192.0,1202.0,194.62
38714,400.0,400.0,194.62
38715,112.0,112.0,194.62
38716,162.0,162.0,194.62
38717,0.0,0.0,194.62
38718,-395.0,395.0,194.6
38719,-360.0,416.0,194.575
38720,51.0,51.0,194.585
38721,-536.0,536.0,194.555
38722,-461.0,461.0,194.51
38723,-120.0,120.0,194.515
38724,0.0,0.0,194.51
38725,0.0,0.0,194.51
38726,0.0,0.0,194.51
38727,0.0,0.0,194.51
38728,0.0,0.0,194.515
38729,1072.0,1078.0,194.54
38730,-161.0,361.0,194.545
38731,-121.0,131.0,194.54
38732,0.0,0.0,194.54
38733,0.0,0.0,194.54
38734,-735.0,735.0,194.525
38735,80.0,120.0,194.54
38736,0.0,0.0,194.54
38737,-450.0,450.0,194.52
38738,192.0,392.0,194.52
38739,-2233.0,3515.0,194.475
38740,-910.0,1114.0,194.44
38741,0.0,0.0,194.44
38742,370.0,370.0,194.46
38743,-48.0,152.0,194.415
38744,357.0,369.0,194.435
38745,1671.0,1671.0,194.475
38746,303.0,303.0,194.47
38747,-420.0,420.0,194.45
38748,-32.0,132.0,194.44
38749,122.0,126.0,194.445
38750,1.0,1.0,194.445
38751,275.0,475.0,194.45
38752,-161.0,259.0,194.45
38753,420.0,420.0,194.455
38754,25.0,25.0,194.47
38755,431.0,431.0,194.48
38756,997.0,1039.0,194.495
38757,245.0,245.0,194.52
38758,396.0,396.0,194.52
38759,-293.0,599.0,194.53
38760,0.0,0.0,194.525
38761,-316.0,770.0,194.49
38762,-161.0,797.0,194.51
38763,-99.0,101.0,194.5
38764,0.0,0.0,194.52
38765,0.0,0.0,194.52
38766,-138.0,138.0,194.52
38767,3.0,3.0,194.53
38768,-335.0,335.0,194.515
38769,284.0,316.0,194.52
38770,-99.0,107.0,194.515
38771,0.0,0.0,194.515
38772,100.0,100.0,194.53
38773,99.0,99.0,194.52
38774,-86.0,114.0,194.52
38775,0.0,0.0,194.52
38776,-678.0,678.0,194.505
38777,-200.0,200.0,194.495
38778,138.0,842.0,194.505
38779,-10.0,10.0,194.5
38780,910.0,910.0,194.505
38781,-35.0,35.0,194.5
38782,-1230.0,3716.0,194.44
38783,-64.0,1374.0,194.445
38784,331.0,555.0,194.455
38785,-1108.0,1108.0,194.39
38786,104.0,104.0,194.39
38787,0.0,0.0,194.385
38788,655.0,1125.0,194.405
38789,0.0,200.0,194.405
38790,120.0,120.0,194.41
38791,50.0,484.0,194.395
38792,210.0,210.0,194.41
38793,1400.0,1400.0,194.465
38794,0.0,0.0,194.46
38795,128.0,128.0,194.46
38796,10.0,10.0,194.465
38797,0.0,0.0,194.465
38798,538.0,538.0,194.47
38799,0.0,0.0,194.465
38800,-400.0,400.0,194.46
38801,199.0,201.0,194.47
38802,-100.0,100.0,194.46
38803,1527.0,1527.0,194.495
38804,200.0,200.0,194.505
38805,227.0,431.0,194.505
38806,-45.0,243.0,194.5
38807,528.0,528.0,194.505
38808,104.0,114.0,194.495
38809,119.0,119.0,194.5
38810,0.0,0.0,194.5
38811,0.0,0.0,194.5
38812,796.0,796.0,194.505
38813,0.0,0.0,194.505
38814,0.0,0.0,194.505
38815,-904.0,958.0,194.485
38816,102.0,102.0,194.485
38817,-618.0,1582.0,194.495
38818,460.0,466.0,194.5
38819,0.0,0.0,194.5
38820,-142.0,158.0,194.49
38821,0.0,0.0,194.49
38822,122.0,122.0,194.5
38823,388.0,388.0,194.505
38824,0.0,0.0,194.505
38825,-10453.0,11109.0,194.47
38826,-352.0,652.0,194.46
38827,404.0,1200.0,194.44
38828,100.0,100.0,194.46
38829,206.0,206.0,194.465
38830,100.0,100.0,194.465
38831,700.0,700.0,194.465
38832,0.0,0.0,194.465
38833,100.0,100.0,194.465
38834,466.0,466.0,194.465
38835,0.0,0.0,194.465
38836,0.0,0.0,194.465
38837,0.0,0.0,194.465
38838,-963.0,963.0,194.445
38839,0.0,0.0,194.44
38840,273.0,473.0,194.44
38841,-1065.0,2303.0,194.455
38842,132.0,132.0,194.455
38843,-67.0,243.0,194.455
38844,-72.0,388.0,194.45
38845,0.0,0.0,194.45
38846,-268.0,708.0,194.43
38847,100.0,100.0,194.43
38848,0.0,0.0,194.43
38849,0.0,0.0,194.43
38850,0.0,0.0,194.43
38851,-1795.0,2049.0,194.37
38852,481.0,681.0,194.375
38853,3676.0,3896.0,194.41
38854,-925.0,1125.0,194.39
38855,25.0,225.0,194.375
38856,28.0,862.0,194.37
38857,200.0,200.0,194.38
38858,1063.0,1263.0,194.41
38859,500.0,500.0,194.425
38860,-10.0,210.0,194.42
38861,0.0,0.0,194.42
38862,0.0,0.0,194.42
38863,0.0,0.0,194.42
38864,0.0,0.0,194.42
38865,0.0,0.0,194.42
38866,539.0,539.0,194.43
38867,383.0,623.0,194.44
38868,687.0,687.0,194.5
38869,554.0,686.0,194.505
38870,-857.0,1681.0,194.515
38871,-594.0,604.0,194.5
38872,100.0,100.0,194.5
38873,-504.0,854.0,194.495
38874,525.0,1525.0,194.485
38875,288.0,802.0,194.46
38876,-151.0,151.0,194.44
38877,550.0,550.0,194.46
38878,-77.0,193.0,194.46
38879,0.0,0.0,194.455
38880,-318.0,318.0,194.44
38881,-1214.0,1460.0,194.4
38882,-137.0,353.0,194.39
38883,626.0,1696.0,194.405
38884,976.0,1304.0,194.38
38885,1838.0,1858.0,194.4
38886,300.0,300.0,194.405
38887,194.0,194.0,194.42
38888,100.0,100.0,194.42
38889,242.0,242.0,194.425
38890,0.0,0.0,194.415
38891,-606.0,606.0,194.395
38892,432.0,832.0,194.405
38893,0.0,0.0,194.405
38894,25.0,25.0,194.415
38895,1566.0,1566.0,194.43
38896,23.0,223.0,194.405
38897,1375.0,1375.0,194.45
38898,600.0,600.0,194.47
38899,0.0,0.0,194.45
38900,-102.0,102.0,194.44
38901,105.0,105.0,194.455
38902,0.0,0.0,194.455
38903,-120.0,120.0,194.45
38904,4.0,4.0,194.445
38905,171.0,171.0,194.465
38906,200.0,200.0,194.48
38907,0.0,0.0,194.475
38908,0.0,0.0,194.48
38909,0.0,0.0,194.48
38910,0.0,0.0,194.475
38911,249.0,249.0,194.485
38912,101.0,101.0,194.485
38913,0.0,0.0,194.485
38914,500.0,500.0,194.485
38915,0.0,0.0,194.485
38916,190.0,634.0,194.485
38917,-760.0,1804.0,194.46
38918,320.0,320.0,194.465
38919,120.0,120.0,194.475
38920,0.0,0.0,194.475
38921,100.0,100.0,194.485
38922,-20.0,20.0,194.475
38923,-200.0,200.0,194.48
38924,-426.0,426.0,194.475
38925,4.0,4.0,194.475
38926,168.0,168.0,194.475
38927,-120.0,122.0,194.465
38928,-380.0,422.0,194.445
38929,40.0,40.0,194.45
38930,0.0,0.0,194.45
38931,2277.0,2277.0,194.465
38932,301.0,301.0,194.475
38933,770.0,1300.0,194.485
38934,-523.0,1367.0,194.48
38935,-182.0,182.0,194.475
38936,-507.0,1227.0,194.475
38937,-1.0,1.0,194.47
38938,-297.0,303.0,194.455
38939,-405.0,597.0,194.445
38940,105.0,305.0,194.44
38941,-196.0,454.0,194.425
38942,535.0,1185.0,194.43
38943,-438.0,438.0,194.405
38944,300.0,300.0,194.415
38945,-624.0,2032.0,194.405
38946,485.0,955.0,194.425
38947,112.0,312.0,194.475
38948,312.0,314.0,194.47
38949,-97.0,303.0,194.475
38950,-92.0,110.0,194.465
38951,0.0,0.0,194.465
38952,-252.0,488.0,194.445
38953,39.0,839.0,194.44
38954,422.0,422.0,194.455
38955,310.0,310.0,194.465
38956,-520.0,570.0,194.445
38957,0.0,0.0,194.45
38958,894.0,894.0,194.475
38959,68.0,708.0,194.485
38960,-18.0,18.0,194.485
38961,-683.0,801.0,194.475
38962,542.0,542.0,194.485
38963,200.0,200.0,194.485
38964,503.0,609.0,194.51
38965,1080.0,1992.0,194.525
38966,0.0,0.0,194.525
38967,-51.0,579.0,194.525
38968,100.0,100.0,194.525
38969,-637.0,637.0,194.515
38970,-300.0,300.0,194.505
38971,0.0,0.0,194.505
38972,-552.0,752.0,194.495
38973,-334.0,334.0,194.475
38974,428.0,428.0,194.485
38975,-237.0,237.0,194.48
38976,100.0,100.0,194.48
38977,390.0,392.0,194.48
38978,205.0,205.0,194.49
38979,-213.0,213.0,194.475
38980,0.0,0.0,194.475
38981,100.0,100.0,194.475
38982,-980.0,1640.0,194.46
38983,-1132.0,1134.0,194.44
38984,500.0,500.0,194.445
38985,1.0,1.0,194.445
38986,0.0,0.0,194.445
38987,322.0,522.0,194.45
38988,0.0,0.0,194.445
38989,720.0,720.0,194.48
38990,-156.0,406.0,194.47
38991,-2.0,4.0,194.48
38992,13.0,13.0,194.465
38993,9.0,9.0,194.47
38994,3.0,3.0,194.47
38995,0.0,0.0,194.475
38996,212.0,212.0,194.485
38997,370.0,370.0,194.485
38998,-241.0,359.0,194.485
38999,-1927.0,1927.0,194.42
39000,-225.0,425.0,194.4
39001,-462.0,462.0,194.37
39002,381.0,395.0,194.345
39003,2046.0,2046.0,194.385
39004,488.0,1112.0,194.395
39005,680.0,680.0,194.395
39006,423.0,423.0,194.395
39007,-206.0,606.0,194.38
39008,152.0,152.0,194.39
39009,225.0,225.0,194.395
39010,327.0,863.0,194.375
39011,95.0,105.0,194.365
39012,132.0,132.0,194.365
39013,2.0,2.0,194.365
39014,37.0,37.0,194.365
39015,436.0,436.0,194.375
39016,438.0,438.0,194.375
39017,664.0,1068.0,194.425
39018,361.0,361.0,194.445
39019,516.0,516.0,194.46
39020,0.0,0.0,194.46
39021,-253.0,253.0,194.455
39022,-299.0,501.0,194.465
39023,-572.0,572.0,194.445
39024,0.0,0.0,194.445
39025,400.0,400.0,194.445
39026,100.0,100.0,194.455
39027,231.0,231.0,194.46
39028,0.0,0.0,194.475
39029,-317.0,359.0,194.46
39030,0.0,0.0,194.46
39031,3.0,3.0,194.46
39032,0.0,0.0,194.46
39033,626.0,626.0,194.475
39034,-285.0,285.0,194.475
39035,-200.0,200.0,194.465
39036,35.0,35.0,194.475
39037,-611.0,811.0,194.47
39038,0.0,0.0,194.47
39039,0.0,0.0,194.465
39040,5.0,5.0,194.465
39041,-1506.0,1508.0,194.425
39042,284.0,284.0,194.425
39043,141.0,401.0,194.445
39044,110.0,110.0,194.455
39045,122.0,122.0,194.465
39046,100.0,100.0,194.46
39047,1.0,1.0,194.465
39048,301.0,301.0,194.46
39049,0.0,0.0,194.45
39050,0.0,0.0,194.455
39051,325.0,325.0,194.465
39052,518.0,518.0,194.475
39053,90.0,90.0,194.475
39054,564.0,564.0,194.495
39055,0.0,0.0,194.495
39056,595.0,1467.0,194.515
39057,-160.0,208.0,194.505
39058,12.0,12.0,194.515
39059,10.0,10.0,194.515
39060,791.0,1391.0,194.52
39061,-517.0,741.0,194.505
39062,4.0,4.0,194.51
39063,246.0,920.0,194.535
39064,204.0,204.0,194.545
39065,210.0,210.0,194.56
39066,483.0,483.0,194.575
39067,100.0,100.0,194.58
39068,-400.0,400.0,194.565
39069,0.0,0.0,194.565
39070,27.0,27.0,194.575
39071,-392.0,586.0,194.555
39072,0.0,0.0,194.555
39073,829.0,829.0,194.555
39074,165.0,165.0,194.555
39075,0.0,0.0,194.555
39076,-1821.0,1867.0,194.535
39077,281.0,281.0,194.535
39078,-102.0,700.0,194.535
39079,-100.0,100.0,194.535
39080,0.0,0.0,194.535
39081,199.0,393.0,194.535
39082,99.0,99.0,194.535
39083,0.0,0.0,194.535
39084,0.0,0.0,194.535
39085,180.0,620.0,194.535
39086,-496.0,496.0,194.53
39087,0.0,0.0,194.535
39088,-201.0,201.0,194.53
39089,-853.0,1205.0,194.51
39090,-322.0,1850.0,194.495
39091,-271.0,1071.0,194.495
39092,615.0,679.0,194.5
39093,-290.0,510.0,194.505
39094,537.0,559.0,194.525
39095,100.0,100.0,194.525
39096,-1.0,1.0,194.52
39097,0.0,0.0,194.52
39098,5.0,5.0,194.52
39099,0.0,0.0,194.515
39100,10.0,10.0,194.515
39101,235.0,1207.0,194.52
39102,15.0,505.0,194.52
39103,345.0,345.0,194.525
39104,0.0,0.0,194.525
39105,100.0,100.0,194.525
39106,258.0,258.0,194.525
39107,0.0,0.0,194.525
39108,0.0,0.0,194.525
39109,2.0,2.0,194.525
39110,-60.0,1562.0,194.5
39111,0.0,0.0,194.495
39112,0.0,0.0,194.5
39113,-189.0,649.0,194.485
39114,-380.0,380.0,194.48
39115,-800.0,840.0,194.48
39116,100.0,100.0,194.48
39117,0.0,0.0,194.48
39118,-304.0,304.0,194.47
39119,0.0,0.0,194.47
39120,-349.0,549.0,194.435
39121,0.0,0.0,194.435
39122,0.0,0.0,194.435
39123,-441.0,441.0,194.415
39124,404.0,404.0,194.415
39125,-421.0,421.0,194.36
39126,412.0,528.0,194.345
39127,50.0,50.0,194.345
39128,36.0,36.0,194.345
39129,0.0,0.0,194.345
39130,-85.0,115.0,194.345
39131,0.0,0.0,194.335
39132,228.0,1428.0,194.34
39133,0.0,0.0,194.335
39134,6.0,6.0,194.335
39135,-201.0,401.0,194.335
39136,204.0,604.0,194.34
39137,245.0,245.0,194.345
39138,0.0,0.0,194.345
39139,-73.0,73.0,194.34
39140,-245.0,555.0,194.32
39141,45.0,45.0,194.32
39142,0.0,0.0,194.32
39143,-560.0,1840.0,194.355
39144,0.0,0.0,194.355
39145,-771.0,871.0,194.355
39146,0.0,0.0,194.355
39147,-2063.0,2063.0,194.355
39148,50.0,50.0,194.355
39149,-1922.0,1922.0,194.355
39150,486.0,1006.0,194.355
39151,50.0,50.0,194.355
39152,-1178.0,1178.0,194.355
39153,0.0,0.0,194.355
39154,0.0,0.0,194.355
39155,50.0,50.0,194.355
39156,0.0,0.0,194.355
39157,0.0,0.0,194.355
39158,679.0,681.0,194.365
39159,339.0,639.0,194.375
39160,0.0,0.0,194.375
39161,150.0,150.0,194.375
39162,1313.0,1357.0,194.375
39163,0.0,0.0,194.38
39164,10.0,210.0,194.38
39165,0.0,0.0,194.38
39166,0.0,0.0,194.38
39167,0.0,0.0,194.375
39168,9.0,9.0,194.375
39169,-1515.0,1715.0,194.32
39170,-19.0,3737.0,194.275
39171,-2824.0,21752.0,194.405
39172,500.0,500.0,194.405
39173,0.0,0.0,194.405
39174,0.0,0.0,194.405
39175,1225.0,1375.0,194.43
39176,-275.0,275.0,194.43
39177,-101.0,101.0,194.42
39178,36.0,36.0,194.435
39179,10.0,10.0,194.435
39180,621.0,2221.0,194.445
39181,505.0,505.0,194.45
39182,-1796.0,3196.0,194.445
39183,-1650.0,1950.0,194.445
39184,-94.0,306.0,194.445
39185,0.0,0.0,194.445
39186,-1294.0,2494.0,194.43
39187,-44.0,228.0,194.395
39188,-48.0,48.0,194.395
39189,474.0,1178.0,194.415
39190,-261.0,401.0,194.405
39191,434.0,726.0,194.405
39192,-250.0,250.0,194.4
39193,-943.0,977.0,194.335
39194,428.0,428.0,194.345
39195,3.0,3.0,194.345
39196,-100.0,100.0,194.33
39197,300.0,300.0,194.345
39198,100.0,100.0,194.345
39199,701.0,701.0,194.345
39200,206.0,206.0,194.345
39201,0.0,0.0,194.345
39202,-600.0,1218.0,194.335
39203,10.0,210.0,194.335
39204,-6.0,6.0,194.32
39205,0.0,0.0,194.325
39206,1.0,1.0,194.335
39207,458.0,458.0,194.345
39208,-800.0,4340.0,194.275
39209,-100.0,700.0,194.285
39210,500.0,500.0,194.32
39211,-8.0,42.0,194.31
39212,-22.0,22.0,194.3
39213,0.0,0.0,194.3
39214,0.0,0.0,194.295
39215,0.0,0.0,194.295
39216,0.0,0.0,194.295
39217,76.0,76.0,194.295
39218,0.0,0.0,194.3
39219,0.0,0.0,194.3
39220,0.0,0.0,194.3
39221,0.0,0.0,194.3
39222,318.0,318.0,194.34
39223,146.0,1054.0,194.315
39224,-136.0,328.0,194.305
39225,50.0,50.0,194.305
39226,0.0,0.0,194.305
39227,0.0,0.0,194.305
39228,0.0,0.0,194.305
39229,161.0,161.0,194.31
39230,0.0,0.0,194.315
39231,4.0,4.0,194.315
39232,0.0,0.0,194.315
39233,-470.0,470.0,194.31
39234,0.0,0.0,194.31
39235,-2627.0,3761.0,194.25
39236,-265.0,285.0,194.225
39237,300.0,300.0,194.23
39238,0.0,0.0,194.23
39239,118.0,118.0,194.245
39240,-71.0,129.0,194.24
39241,-681.0,881.0,194.195
39242,-57.0,263.0,194.185
39243,-182.0,182.0,194.155
39244,-47.0,259.0,194.145
39245,481.0,481.0,194.155
39246,160.0,160.0,194.155
39247,0.0,0.0,194.155
39248,0.0,0.0,194.155
39249,-105.0,105.0,194.155
39250,302.0,302.0,194.155
39251,-695.0,695.0,194.145
39252,706.0,706.0,194.155
39253,298.0,1138.0,194.165
39254,862.0,862.0,194.195
39255,986.0,1102.0,194.215
39256,620.0,620.0,194.22
39257,23.0,227.0,194.23
39258,0.0,0.0,194.23
39259,-105.0,525.0,194.205
39260,596.0,654.0,194.225
39261,101.0,101.0,194.215
39262,-53.0,53.0,194.215
39263,-382.0,1438.0,194.195
39264,2.0,2.0,194.2
39265,0.0,0.0,194.2
39266,0.0,0.0,194.2
39267,0.0,0.0,194.2
39269,-820.0,1472.0,194.155
39270,699.0,699.0,194.2
39271,100.0,100.0,194.195
39272,-410.0,422.0,194.17
39273,50.0,50.0,194.175
39274,-140.0,1152.0,194.155
39275,-324.0,726.0,194.145
39276,-812.0,812.0,194.145
39277,290.0,350.0,194.145
39278,120.0,120.0,194.145
39279,71.0,71.0,194.145
39280,0.0,0.0,194.145
39281,-281.0,329.0,194.14
39282,0.0,0.0,194.14
39283,-182.0,322.0,194.135
39284,0.0,0.0,194.135
39285,-2876.0,3476.0,194.105
39286,0.0,0.0,194.105
39287,0.0,0.0,194.105
39288,-369.0,635.0,194.105
39289,0.0,0.0,194.105
39290,44.0,356.0,194.1
39291,-465.0,1035.0,194.09
39292,0.0,0.0,194.095
39293,0.0,0.0,194.095
39294,-667.0,1069.0,194.065
39295,-51.0,331.0,194.065
39296,0.0,0.0,194.065
39297,-287.0,313.0,194.06
39298,-51.0,51.0,194.06
39299,0.0,0.0,194.06
39300,277.0,277.0,194.06
39301,0.0,0.0,194.055
39302,125.0,137.0,194.06
39303,0.0,0.0,194.06
39304,29.0,29.0,194.065
39305,577.0,863.0,194.065
39306,1.0,401.0,194.07
39307,210.0,1210.0,194.08
39308,0.0,0.0,194.08
39309,0.0,0.0,194.08
39310,-132.0,378.0,194.075
39311,-29.0,29.0,194.065
39312,0.0,0.0,194.065
39313,383.0,383.0,194.075
39314,400.0,400.0,194.085
39315,58.0,58.0,194.075
39316,2.0,2.0,194.075
39317,-356.0,356.0,194.065
39318,343.0,343.0,194.08
39319,4.0,4.0,194.08
39320,0.0,0.0,194.085
39321,-50.0,50.0,194.08
39322,1096.0,1398.0,194.11
39323,-107.0,307.0,194.11
39324,26.0,26.0,194.11
39325,316.0,316.0,194.115
39326,321.0,321.0,194.115
39327,41.0,41.0,194.115
39328,1006.0,1206.0,194.115
39329,200.0,200.0,194.12
39330,0.0,0.0,194.125
39331,147.0,147.0,194.125
39332,923.0,923.0,194.145
39333,1.0,1.0,194.145
39334,0.0,0.0,194.145
39335,712.0,712.0,194.165
39336,109.0,109.0,194.17
39337,-156.0,846.0,194.165
39338,11.0,11.0,194.175
39339,1410.0,1410.0,194.215
39340,200.0,200.0,194.215
39341,-1235.0,1435.0,194.195
39342,78.0,322.0,194.21
39343,100.0,100.0,194.205
39344,-577.0,883.0,194.185
39345,0.0,0.0,194.185
39346,1.0,1.0,194.185
39347,0.0,0.0,194.185
39348,0.0,0.0,194.185
39349,0.0,0.0,194.185
39350,-1311.0,1381.0,194.155
39351,-68.0,718.0,194.155
39352,1041.0,1041.0,194.18
39353,-215.0,215.0,194.16
39354,0.0,0.0,194.165
39355,66.0,66.0,194.17
39356,-145.0,145.0,194.175
39357,1.0,1.0,194.175
39358,-129.0,129.0,194.175
39359,0.0,0.0,194.175
39360,827.0,859.0,194.195
39361,0.0,0.0,194.195
39362,254.0,254.0,194.195
39363,362.0,362.0,194.205
39364,-244.0,356.0,194.2
39365,-95.0,95.0,194.195
39366,2749.0,2749.0,194.205
39367,1385.0,1385.0,194.205
39368,300.0,300.0,194.21
39369,353.0,353.0,194.215
39370,125.0,125.0,194.215
39371,150.0,150.0,194.215
39372,0.0,0.0,194.215
39373,-772.0,2766.0,194.175
39374,299.0,499.0,194.185
39375,0.0,0.0,194.18
39376,-160.0,440.0,194.165
39377,-2.0,2.0,194.16
39378,86.0,86.0,194.16
39379,228.0,228.0,194.175
39380,-197.0,203.0,194.155
39381,0.0,0.0,194.155
39382,-2380.0,3032.0,194.13
39383,480.0,480.0,194.145
39384,0.0,0.0,194.145
39385,1613.0,3851.0,194.21
39386,-75.0,375.0,194.195
39387,170.0,180.0,194.21
39388,2.0,2.0,194.21
39389,63.0,315.0,194.215
39390,186.0,586.0,194.225
39391,-139.0,139.0,194.225
39392,0.0,0.0,194.225
39393,-241.0,331.0,194.225
39394,895.0,1205.0,194.225
39395,0.0,0.0,194.225
39396,-431.0,487.0,194.195
39397,293.0,499.0,194.185
39398,0.0,0.0,194.185
39399,800.0,800.0,194.22
39400,0.0,0.0,194.225
39401,76.0,126.0,194.21
39402,-164.0,164.0,194.205
39403,0.0,0.0,194.205
39404,0.0,0.0,194.205
39405,-64.0,1348.0,194.2
39406,0.0,0.0,194.2
39407,0.0,0.0,194.2
39408,0.0,0.0,194.195
39409,0.0,0.0,194.195
39410,100.0,100.0,194.205
39411,348.0,348.0,194.215
39412,-527.0,809.0,194.185
39413,500.0,500.0,194.22
39414,0.0,0.0,194.22
39415,-492.0,492.0,194.195
39416,265.0,265.0,194.195
39417,135.0,135.0,194.195
39418,-760.0,760.0,194.165
39419,0.0,0.0,194.165
39420,569.0,671.0,194.185
39421,-130.0,734.0,194.165
39422,-2720.0,2924.0,194.12
39423,124.0,132.0,194.12
39424,640.0,936.0,194.13
39425,0.0,0.0,194.13
39426,757.0,1129.0,194.145
39427,0.0,0.0,194.14
39428,333.0,333.0,194.15
39429,0.0,0.0,194.15
39430,200.0,200.0,194.165
39431,-243.0,243.0,194.165
39432,-230.0,230.0,194.165
39433,-597.0,599.0,194.135
39434,-1276.0,1716.0,194.105
39435,5.0,5.0,194.105
39436,714.0,934.0,194.11
39437,0.0,0.0,194.115
39438,0.0,0.0,194.11
39439,-611.0,811.0,194.105
39440,575.0,625.0,194.105
39441,0.0,0.0,194.105
39442,-245.0,245.0,194.105
39443,0.0,0.0,194.105
39444,449.0,449.0,194.12
39445,708.0,708.0,194.15
39446,-100.0,100.0,194.14
39447,0.0,0.0,194.14
39448,0.0,0.0,194.14
39449,0.0,0.0,194.14
39450,0.0,0.0,194.14
39451,-1.0,1.0,194.14
39452,0.0,0.0,194.135
39453,0.0,0.0,194.135
39454,0.0,0.0,194.135
39455,0.0,0.0,194.135
39456,0.0,0.0,194.135
39457,314.0,314.0,194.145
39458,-10.0,10.0,194.14
39459,0.0,0.0,194.14
39460,0.0,0.0,194.14
39461,0.0,0.0,194.145
39462,123.0,123.0,194.145
39463,-697.0,1769.0,194.15
39464,-13.0,13.0,194.145
39465,-236.0,436.0,194.145
39466,0.0,0.0,194.145
39467,0.0,0.0,194.145
39468,-3363.0,5809.0,194.085
39469,-402.0,402.0,194.085
39470,-50.0,550.0,194.075
39471,0.0,0.0,194.075
39472,-760.0,760.0,194.055
39473,600.0,800.0,194.055
39474,-200.0,200.0,194.045
39475,-300.0,300.0,194.035
39476,-2305.0,2305.0,194.025
39477,129.0,129.0,194.025
39478,0.0,0.0,194.025
39479,1414.0,1914.0,194.045
39480,999.0,1001.0,194.065
39481,0.0,0.0,194.065
39482,500.0,500.0,194.075
39483,0.0,0.0,194.075
39484,0.0,0.0,194.075
39485,1029.0,1267.0,194.105
39486,301.0,301.0,194.11
39487,207.0,207.0,194.12
39488,0.0,0.0,194.115
39489,3902.0,4202.0,194.135
39490,0.0,0.0,194.135
39491,23.0,31.0,194.125
39492,100.0,100.0,194.135
39493,0.0,0.0,194.135
39494,8144.0,8344.0,194.14
39495,438.0,1262.0,194.135
39496,-200.0,200.0,194.14
39497,20.0,20.0,194.135
39498,-170.0,370.0,194.13
39499,26.0,26.0,194.135
39500,101.0,101.0,194.14
39501,254.0,254.0,194.15
39502,50.0,182.0,194.135
39503,-227.0,431.0,194.105
39504,431.0,431.0,194.115
39505,162.0,162.0,194.13
39506,2.0,46.0,194.135
39507,-40.0,140.0,194.14
39508,-620.0,620.0,194.12
39509,28.0,28.0,194.115
39510,-100.0,100.0,194.115
39511,-612.0,612.0,194.085
39512,-280.0,280.0,194.08
39513,-604.0,734.0,194.065
39514,406.0,406.0,194.075
39515,19.0,19.0,194.075
39516,-333.0,333.0,194.065
39517,-391.0,391.0,194.045
39518,-319.0,319.0,194.03
39519,99.0,99.0,194.025
39520,47.0,285.0,194.035
39521,219.0,319.0,194.045
39522,0.0,0.0,194.05
39523,204.0,204.0,194.065
39524,-160.0,160.0,194.055
39525,41.0,41.0,194.055
39526,259.0,259.0,194.06
39527,0.0,0.0,194.06
39528,-1.0,1.0,194.055
39529,-416.0,584.0,194.055
39530,193.0,193.0,194.06
39531,931.0,1131.0,194.075
39532,455.0,455.0,194.1
39533,0.0,0.0,194.1
39534,300.0,300.0,194.115
39535,303.0,503.0,194.115
39536,-258.0,258.0,194.11
39537,0.0,0.0,194.105
39538,0.0,0.0,194.105
39539,100.0,100.0,194.115
39540,-200.0,200.0,194.105
39541,-919.0,919.0,194.075
39542,0.0,0.0,194.075
39543,-341.0,343.0,194.065
39544,-200.0,200.0,194.065
39545,0.0,0.0,194.065
39546,-4.0,4.0,194.055
39547,-302.0,308.0,194.045
39548,512.0,796.0,194.065
39549,0.0,0.0,194.065
39550,-30.0,30.0,194.055
39551,0.0,0.0,194.055
39552,91.0,91.0,194.055
39553,510.0,510.0,194.065
39554,2784.0,2784.0,194.065
39555,-330.0,330.0,194.065
39556,0.0,0.0,194.065
39557,0.0,0.0,194.065
39558,-295.0,497.0,194.065
39559,1100.0,1100.0,194.065
39560,-925.0,925.0,194.04
39561,0.0,0.0,194.045
39562,189.0,631.0,194.035
39563,0.0,0.0,194.035
39564,0.0,0.0,194.035
39565,0.0,0.0,194.035
39566,396.0,604.0,194.035
39567,-245.0,245.0,194.025
39568,0.0,0.0,194.025
39569,1.0,1.0,194.035
39570,200.0,200.0,194.045
39571,0.0,0.0,194.045
39572,0.0,0.0,194.045
39573,0.0,0.0,194.045
39574,1.0,1.0,194.045
39575,-622.0,622.0,194.035
39576,0.0,0.0,194.035
39577,0.0,0.0,194.035
39578,0.0,0.0,194.035
39579,-1155.0,1155.0,194.015
39580,0.0,0.0,194.015
39581,297.0,297.0,194.015
39582,0.0,0.0,194.015
39583,573.0,1037.0,194.025
39584,120.0,120.0,194.035
39585,-654.0,654.0,194.015
39586,-629.0,629.0,194.005
39587,105.0,105.0,194.005
39588,38.0,38.0,194.005
39589,5.0,5.0,194.005
39590,614.0,614.0,194.005
39591,-7889.0,8621.0,193.915
39592,1149.0,2291.0,193.915
39593,600.0,800.0,193.925
39594,800.0,800.0,193.94
39595,-312.0,312.0,193.935
39596,-262.0,262.0,193.915
39597,121.0,121.0,193.94
39598,0.0,0.0,193.94
39599,1089.0,1289.0,193.94
39600,0.0,0.0,193.94
39601,-707.0,707.0,193.92
39602,500.0,500.0,193.925
39603,831.0,831.0,193.945
39604,-130.0,130.0,193.94
39605,-100.0,100.0,193.94
39606,-5.0,5.0,193.93
39607,223.0,223.0,193.935
39608,771.0,1031.0,193.955
39609,0.0,0.0,193.96
39610,79.0,321.0,193.96
39611,-264.0,264.0,193.925
39612,38.0,38.0,193.925
39613,-304.0,304.0,193.915
39614,59.0,59.0,193.915
39615,2.0,2.0,193.915
39616,-2706.0,3046.0,193.895
39617,-1488.0,1552.0,193.845
39618,275.0,521.0,193.85
39619,1846.0,1976.0,193.905
39620,167.0,167.0,193.905
39621,-900.0,900.0,193.85
39622,0.0,0.0,193.85
39623,220.0,220.0,193.88
39624,0.0,0.0,193.88
39625,0.0,0.0,193.88
39626,-400.0,400.0,193.875
39627,0.0,0.0,193.875
39628,-100.0,100.0,193.87
39629,0.0,0.0,193.865
39630,89.0,89.0,193.87
39631,0.0,0.0,193.87
39632,-444.0,820.0,193.845
39633,0.0,0.0,193.845
39634,0.0,0.0,193.845
39635,757.0,757.0,193.855
39636,0.0,0.0,193.855
39637,-308.0,308.0,193.845
39638,0.0,0.0,193.845
39639,-208.0,408.0,193.85
39640,25.0,25.0,193.85
39641,0.0,0.0,193.855
39642,0.0,0.0,193.855
39643,0.0,0.0,193.855
39644,506.0,506.0,193.875
39645,303.0,607.0,193.88
39646,0.0,0.0,193.88
39647,1982.0,1982.0,193.915
39648,155.0,397.0,193.9
39649,-400.0,400.0,193.885
39650,100.0,100.0,193.92
39651,355.0,955.0,193.94
39652,300.0,300.0,193.925
39653,764.0,764.0,193.95
39654,278.0,278.0,193.95
39655,200.0,490.0,193.94
39656,-185.0,187.0,193.925
39657,-25.0,27.0,193.93
39658,0.0,0.0,193.935
39659,-128.0,128.0,193.95
39660,0.0,0.0,193.945
39661,-75.0,75.0,193.94
39662,0.0,0.0,193.945
39663,-200.0,200.0,193.945
39664,1044.0,1644.0,193.93
39665,-642.0,642.0,193.925
39666,-648.0,964.0,193.9
39667,327.0,327.0,193.92
39668,203.0,203.0,193.93
39669,0.0,0.0,193.93
39670,0.0,0.0,193.93
39671,0.0,0.0,193.93
39672,0.0,0.0,193.93
39673,1.0,1.0,193.93
39674,0.0,0.0,193.93
39675,3.0,3.0,193.93
39676,0.0,0.0,193.93
39677,554.0,554.0,193.935
39678,94.0,154.0,193.945
39679,0.0,0.0,193.945
39680,264.0,264.0,193.96
39681,713.0,911.0,193.995
39682,-1.0,1.0,193.99
39683,0.0,0.0,193.99
39684,0.0,0.0,193.99
39685,-369.0,369.0,193.99
39686,0.0,0.0,193.99
39687,-101.0,101.0,193.995
39688,745.0,745.0,194.01
39689,98.0,98.0,194.01
39690,338.0,338.0,194.015
39691,-700.0,700.0,194.015
39692,689.0,689.0,194.015
39693,-986.0,986.0,193.995
39694,-23.0,23.0,193.985
39695,0.0,0.0,193.99
39696,-576.0,576.0,193.98
39697,0.0,0.0,193.98
39698,224.0,224.0,193.985
39699,0.0,0.0,193.985
39700,-1298.0,1298.0,193.92
39701,95.0,95.0,193.93
39702,-222.0,228.0,193.915
39703,100.0,100.0,193.915
39704,0.0,0.0,193.915
39705,0.0,0.0,193.915
39706,-303.0,303.0,193.915
39707,-574.0,574.0,193.905
39708,22.0,112.0,193.91
39709,500.0,500.0,193.935
39710,-23.0,23.0,193.935
39711,0.0,0.0,193.935
39712,0.0,0.0,193.935
39713,0.0,0.0,193.935
39714,0.0,0.0,193.935
39715,201.0,445.0,193.935
39716,106.0,542.0,193.935
39717,0.0,0.0,193.935
39718,-100.0,100.0,193.935
39719,3.0,3.0,193.935
39720,-102.0,102.0,193.925
39721,774.0,1186.0,193.97
39722,0.0,0.0,193.975
39723,170.0,570.0,193.985
39724,0.0,0.0,193.985
39725,0.0,0.0,193.985
39726,0.0,0.0,193.985
39727,200.0,200.0,193.985
39728,-175.0,425.0,193.97
39729,-462.0,642.0,193.915
39730,-93.0,757.0,193.94
39731,0.0,0.0,193.93
39732,44.0,44.0,193.96
39733,-194.0,206.0,193.955
39734,0.0,0.0,193.95
39735,0.0,0.0,193.95
39736,-107.0,143.0,193.93
39737,0.0,0.0,193.93
39738,-53.0,53.0,193.925
39739,-103.0,103.0,193.925
39740,-427.0,427.0,193.905
39741,0.0,0.0,193.905
39742,0.0,0.0,193.905
39743,-96.0,1396.0,193.89
39744,-180.0,270.0,193.89
39745,1340.0,1340.0,193.945
39746,0.0,0.0,193.945
39747,0.0,0.0,193.94
39748,0.0,0.0,193.945
39749,6.0,6.0,193.945
39750,0.0,0.0,193.945
39751,-556.0,556.0,193.92
39752,254.0,344.0,193.94
39753,0.0,0.0,193.94
39754,0.0,0.0,193.945
39755,100.0,100.0,193.945
39756,-108.0,108.0,193.945
39757,300.0,300.0,193.95
39758,275.0,275.0,193.965
39759,107.0,107.0,193.965
39760,0.0,0.0,193.965
39761,-2.0,2.0,193.955
39762,0.0,0.0,193.96
39763,0.0,0.0,193.96
39764,0.0,0.0,193.96
39765,0.0,0.0,193.96
39766,0.0,0.0,193.96
39767,184.0,584.0,193.96
39768,100.0,100.0,193.97
39769,0.0,0.0,193.97
39770,0.0,0.0,193.975
39771,275.0,1675.0,193.955
39772,0.0,0.0,193.955
39773,0.0,0.0,193.955
39774,166.0,166.0,193.96
39775,0.0,0.0,193.96
39776,0.0,0.0,193.965
39777,-4.0,4.0,193.96
39778,0.0,0.0,193.965
39779,-6.0,6.0,193.955
39780,-500.0,500.0,193.93
39781,410.0,410.0,193.93
39782,115.0,115.0,193.94
39783,125.0,125.0,193.95
39784,3.0,3.0,193.94
39785,-106.0,106.0,193.935
39786,-300.0,300.0,193.95
39787,0.0,0.0,193.95
39788,0.0,0.0,193.95
39789,3.0,3.0,193.95
39790,0.0,0.0,193.95
39791,0.0,0.0,193.945
39792,0.0,0.0,193.945
39793,0.0,0.0,193.945
39794,0.0,0.0,193.945
39795,0.0,0.0,193.945
39796,-1773.0,1773.0,193.895
39797,0.0,0.0,193.895
39798,201.0,201.0,193.915
39799,2.0,2.0,193.92
39800,-7.0,7.0,193.905
39801,5.0,5.0,193.915
39802,3.0,3.0,193.915
39803,18.0,18.0,193.915
39804,0.0,0.0,193.915
39805,0.0,0.0,193.915
39806,-705.0,705.0,193.88
39807,-492.0,512.0,193.88
39808,0.0,0.0,193.88
39809,-350.0,350.0,193.86
39810,0.0,0.0,193.86
39811,-2800.0,2820.0,193.81
39812,-571.0,719.0,193.79
39813,28.0,28.0,193.79
39814,-678.0,1142.0,193.785
39815,-7.0,393.0,193.785
39816,0.0,0.0,193.785
39817,0.0,0.0,193.785
39818,2.0,2.0,193.785
39819,216.0,416.0,193.79
39820,0.0,0.0,193.79
39821,1492.0,1496.0,193.8
39822,-200.0,200.0,193.79
39823,1660.0,2542.0,193.785
39824,52.0,52.0,193.785
39825,0.0,0.0,193.785
39826,234.0,234.0,193.785
39827,588.0,588.0,193.8
39828,0.0,0.0,193.8
39829,0.0,0.0,193.8
39830,-900.0,900.0,193.785
39831,-1514.0,1514.0,193.755
39832,-876.0,1176.0,193.76
39833,0.0,0.0,193.755
39834,0.0,0.0,193.755
39835,537.0,1361.0,193.755
39836,1.0,1.0,193.755
39837,143.0,993.0,193.755
39838,0.0,0.0,193.75
39839,0.0,0.0,193.745
39840,0.0,0.0,193.745
39841,4.0,4.0,193.755
39842,253.0,779.0,193.765
39843,-200.0,400.0,193.765
39844,725.0,725.0,193.775
39845,292.0,292.0,193.775
39846,0.0,0.0,193.775
39847,0.0,0.0,193.775
39848,-1829.0,2879.0,193.77
39849,0.0,0.0,193.77
39850,-377.0,383.0,193.75
39851,-1380.0,2680.0,193.71
39852,-118.0,296.0,193.705
39853,1.0,1.0,193.705
39854,200.0,200.0,193.72
39855,-501.0,501.0,193.69
39856,701.0,701.0,193.7
39857,0.0,0.0,193.705
39858,0.0,0.0,193.71
39859,0.0,0.0,193.705
39860,-363.0,363.0,193.7
39861,200.0,200.0,193.705
39862,583.0,665.0,193.725
39863,0.0,0.0,193.72
39864,0.0,0.0,193.72
39865,0.0,0.0,193.72
39866,0.0,0.0,193.72
39867,1.0,1.0,193.725
39868,0.0,0.0,193.72
39869,0.0,0.0,193.72
39870,0.0,0.0,193.72
39871,603.0,603.0,193.74
39872,11.0,11.0,193.745
39873,0.0,0.0,193.745
39874,2007.0,2007.0,193.81
39875,-400.0,400.0,193.78
39876,0.0,0.0,193.78
39877,0.0,0.0,193.78
39878,0.0,0.0,193.78
39879,0.0,0.0,193.78
39880,444.0,464.0,193.785
39881,328.0,328.0,193.8
39882,0.0,0.0,193.8
39883,1212.0,1212.0,193.815
39884,200.0,200.0,193.82
39885,100.0,100.0,193.82
39886,0.0,0.0,193.82
39887,0.0,0.0,193.82
39888,0.0,0.0,193.825
39889,0.0,0.0,193.825
39890,185.0,585.0,193.835
39891,0.0,0.0,193.835
39892,-98.0,1136.0,193.835
39893,0.0,0.0,193.835
39894,0.0,0.0,193.835
39895,-100.0,100.0,193.825
39896,0.0,0.0,193.82
39897,4.0,4.0,193.82
39898,43.0,43.0,193.815
39899,0.0,0.0,193.815
39900,-797.0,1213.0,193.825
39901,0.0,0.0,193.825
39902,450.0,750.0,193.83
39903,609.0,609.0,193.86
39904,0.0,0.0,193.86
39905,123.0,787.0,193.85
39906,0.0,0.0,193.85
39907,10.0,10.0,193.85
39908,90.0,280.0,193.85
39909,689.0,1941.0,193.84
39910,-617.0,617.0,193.795
39911,50.0,650.0,193.795
39912,0.0,0.0,193.79
39913,-75.0,75.0,193.79
39914,0.0,0.0,193.79
39915,310.0,400.0,193.805
39916,-26.0,26.0,193.805
39917,0.0,0.0,193.805
39918,117.0,221.0,193.81
39919,356.0,788.0,193.81
39920,85.0,85.0,193.81
39921,-98.0,102.0,193.805
39922,-268.0,268.0,193.795
39923,-514.0,514.0,193.775
39924,0.0,0.0,193.775
39925,6.0,6.0,193.79
39926,0.0,0.0,193.79
39927,0.0,0.0,193.79
39928,300.0,300.0,193.815
39929,400.0,400.0,193.82
39930,0.0,0.0,193.82
39931,0.0,0.0,193.82
39932,95.0,95.0,193.82
39933,-7.0,7.0,193.82
39934,-594.0,594.0,193.79
39935,-204.0,204.0,193.79
39936,-77.0,77.0,193.775
39937,-11.0,685.0,193.765
39938,0.0,0.0,193.76
39939,0.0,0.0,193.76
39940,-742.0,742.0,193.74
39941,0.0,0.0,193.735
39942,-226.0,226.0,193.725
39943,601.0,601.0,193.735
39944,0.0,0.0,193.735
39945,-165.0,165.0,193.73
39946,0.0,0.0,193.73
39947,0.0,0.0,193.735
39948,-183.0,183.0,193.73
39949,3.0,3.0,193.73
39950,0.0,0.0,193.73
39951,1131.0,1131.0,193.76
39952,0.0,0.0,193.76
39953,0.0,0.0,193.755
39954,-374.0,376.0,193.76
39955,0.0,0.0,193.76
39956,501.0,501.0,193.775
39957,100.0,100.0,193.77
39958,0.0,0.0,193.77
39959,-345.0,345.0,193.77
39960,4.0,4.0,193.77
39961,0.0,0.0,193.77
39962,-300.0,300.0,193.755
39963,2.0,2.0,193.755
39964,0.0,0.0,193.755
39965,-1121.0,1171.0,193.735
39966,-230.0,528.0,193.725
39967,-200.0,200.0,193.715
39968,-1.0,1.0,193.715
39969,0.0,0.0,193.715
39970,0.0,0.0,193.715
39971,-409.0,409.0,193.705
39972,85.0,85.0,193.705
39973,-1593.0,2359.0,193.675
39974,520.0,542.0,193.695
39975,0.0,0.0,193.695
39976,0.0,0.0,193.695
39977,0.0,0.0,193.7
39978,3.0,3.0,193.705
39979,1.0,1.0,193.705
39980,-632.0,632.0,193.68
39981,-1013.0,1073.0,193.67
39982,5.0,525.0,193.68
39983,-477.0,1277.0,193.66
39984,100.0,100.0,193.66
39985,0.0,0.0,193.66
39986,0.0,0.0,193.66
39987,0.0,0.0,193.66
39988,0.0,0.0,193.66
39989,1.0,1.0,193.66
39990,-1019.0,1569.0,193.655
39991,-756.0,964.0,193.63
39992,-114.0,114.0,193.62
39993,551.0,551.0,193.635
39994,400.0,400.0,193.655
39995,-100.0,100.0,193.65
39996,-797.0,797.0,193.64
39997,-273.0,273.0,193.61
39998,-851.0,1051.0,193.59
39999,6338.0,6338.0,193.615
40000,-463.0,463.0,193.585
40001,307.0,509.0,193.605
40002,-210.0,210.0,193.6
40003,-12.0,12.0,193.585
40004,393.0,393.0,193.595
40005,202.0,802.0,193.62
40006,889.0,889.0,193.65
40007,0.0,0.0,193.655
40008,-300.0,300.0,193.63
40009,0.0,0.0,193.63
40010,0.0,0.0,193.63
40011,378.0,378.0,193.655
40012,0.0,0.0,193.655
40013,1.0,23.0,193.645
40014,101.0,101.0,193.655
40015,0.0,0.0,193.655
40016,0.0,0.0,193.655
40017,552.0,552.0,193.685
40018,328.0,328.0,193.695
40019,0.0,0.0,193.69
40020,-223.0,223.0,193.69
40021,26.0,26.0,193.69
40022,0.0,0.0,193.69
40023,554.0,1010.0,193.71
40024,298.0,298.0,193.725
40025,603.0,603.0,193.73
40026,0.0,0.0,193.715
40027,-101.0,101.0,193.71
40028,0.0,0.0,193.71
40029,282.0,282.0,193.73
40030,523.0,583.0,193.75
40031,-388.0,1058.0,193.73
40032,0.0,0.0,193.73
40033,0.0,0.0,193.73
40034,0.0,0.0,193.73
40035,0.0,0.0,193.73
40036,0.0,0.0,193.73
40037,0.0,0.0,193.73
40038,66.0,66.0,193.73
40039,0.0,0.0,193.73
40040,0.0,0.0,193.73
40041,0.0,0.0,193.73
40042,0.0,0.0,193.73
40043,197.0,197.0,193.73
40044,753.0,753.0,193.755
40045,-522.0,522.0,193.75
40046,0.0,0.0,193.75
40047,0.0,0.0,193.75
40048,0.0,0.0,193.75
40049,0.0,0.0,193.75
40050,0.0,0.0,193.75
40051,0.0,0.0,193.75
40052,313.0,527.0,193.765
40053,-640.0,680.0,193.73
40054,316.0,316.0,193.73
40055,1.0,1.0,193.735
40056,-219.0,219.0,193.715
40057,566.0,794.0,193.72
40058,200.0,260.0,193.745
40059,0.0,0.0,193.745
40060,1.0,1.0,193.745
40061,0.0,0.0,193.745
40062,0.0,0.0,193.745
40063,864.0,864.0,193.755
40064,0.0,0.0,193.755
40065,0.0,0.0,193.755
40066,300.0,300.0,193.765
40067,635.0,1167.0,193.78
40068,-390.0,452.0,193.76
40069,0.0,0.0,193.76
40070,0.0,0.0,193.76
40071,0.0,0.0,193.76
40072,0.0,0.0,193.76
40073,0.0,0.0,193.76
40074,0.0,0.0,193.76
40075,583.0,583.0,193.77
40076,0.0,0.0,193.765
40077,-400.0,600.0,193.755
40078,12.0,12.0,193.755
40079,0.0,0.0,193.755
40080,3.0,3.0,193.755
40081,0.0,0.0,193.755
40082,0.0,0.0,193.755
40083,301.0,301.0,193.77
40084,0.0,0.0,193.77
40085,0.0,0.0,193.77
40086,0.0,0.0,193.77
40087,0.0,0.0,193.77
40088,0.0,0.0,193.77
40089,1137.0,1777.0,193.77
40090,3.0,3.0,193.775
40091,-634.0,634.0,193.77
40092,500.0,700.0,193.775
40093,654.0,1166.0,193.785
40094,-244.0,576.0,193.79
40095,0.0,0.0,193.79
40096,649.0,687.0,193.815
40097,0.0,0.0,193.805
40098,535.0,535.0,193.815
40099,433.0,433.0,193.825
40100,0.0,0.0,193.825
40101,0.0,0.0,193.825
40102,-500.0,912.0,193.8
40103,110.0,110.0,193.82
40104,588.0,588.0,193.83
40105,712.0,752.0,193.845
40106,-200.0,200.0,193.845
40107,202.0,202.0,193.845
40108,0.0,0.0,193.845
40109,1.0,199.0,193.85
40110,0.0,0.0,193.855
40111,137.0,137.0,193.865
40112,0.0,0.0,193.865
40113,8.0,8.0,193.865
40114,870.0,870.0,193.88
40115,-660.0,660.0,193.88
40116,-35.0,35.0,193.875
40117,20.0,20.0,193.875
40118,0.0,0.0,193.875
40119,100.0,100.0,193.875
40120,0.0,0.0,193.875
40121,0.0,0.0,193.875
40122,0.0,0.0,193.875
40123,585.0,585.0,193.875
40124,-1174.0,1374.0,193.85
40125,-200.0,200.0,193.835
40126,-606.0,606.0,193.825
40127,0.0,0.0,193.825
40128,0.0,0.0,193.835
40129,0.0,0.0,193.835
40130,-400.0,600.0,193.825
40131,0.0,0.0,193.825
40132,462.0,462.0,193.85
40133,-700.0,700.0,193.83
40134,0.0,0.0,193.835
40135,-100.0,300.0,193.825
40136,0.0,0.0,193.825
40137,-601.0,601.0,193.805
40138,-2240.0,2240.0,193.765
40139,-193.0,193.0,193.765
40140,758.0,758.0,193.775
40141,0.0,0.0,193.775
40142,-305.0,305.0,193.755
40143,709.0,2353.0,193.78
40144,0.0,0.0,193.785
40145,-210.0,410.0,193.765
40146,0.0,0.0,193.755
40147,0.0,0.0,193.755
40148,302.0,302.0,193.755
40149,-338.0,774.0,193.745
40150,-576.0,576.0,193.735
40151,0.0,0.0,193.735
40152,0.0,0.0,193.735
40153,-401.0,401.0,193.725
40154,0.0,0.0,193.725
40155,0.0,0.0,193.725
40156,1.0,1.0,193.725
40157,0.0,0.0,193.725
40158,299.0,299.0,193.735
40159,0.0,0.0,193.735
40160,0.0,0.0,193.73
40161,-224.0,224.0,193.725
40162,0.0,0.0,193.725
40163,37.0,37.0,193.725
40164,0.0,0.0,193.73
40165,-418.0,1508.0,193.71
40166,0.0,0.0,193.71
40167,406.0,426.0,193.73
40168,0.0,0.0,193.73
40169,0.0,0.0,193.735
40170,180.0,180.0,193.735
40171,0.0,0.0,193.735
40172,503.0,701.0,193.745
40173,0.0,0.0,193.745
40174,-544.0,544.0,193.735
40175,0.0,0.0,193.735
40176,0.0,0.0,193.735
40177,401.0,401.0,193.745
40178,0.0,0.0,193.745
40179,405.0,999.0,193.75
40180,0.0,0.0,193.755
40181,100.0,100.0,193.765
40182,50.0,50.0,193.765
40183,0.0,0.0,193.765
40184,0.0,0.0,193.765
40186,0.0,0.0,193.765
40187,0.0,0.0,193.765
40188,0.0,0.0,193.765
40189,-1112.0,1112.0,193.745
40190,-226.0,226.0,193.725
40191,282.0,282.0,193.745
40192,304.0,304.0,193.755
40193,0.0,0.0,193.755
40194,0.0,0.0,193.755
40195,-300.0,300.0,193.735
40196,-50.0,50.0,193.735
40197,0.0,0.0,193.735
40198,0.0,0.0,193.735
40199,-222.0,422.0,193.735
40200,237.0,243.0,193.735
40201,769.0,1059.0,193.75
40202,239.0,239.0,193.76
40203,0.0,0.0,193.76
40204,0.0,0.0,193.76
40205,2134.0,2134.0,193.81
40206,100.0,100.0,193.815
40207,0.0,0.0,193.815
40208,30.0,30.0,193.815
40209,-1.0,1.0,193.815
40210,0.0,0.0,193.815
40211,0.0,0.0,193.815
40212,532.0,532.0,193.815
40213,-229.0,429.0,193.815
40214,0.0,0.0,193.815
40215,0.0,0.0,193.815
40216,0.0,0.0,193.815
40217,0.0,0.0,193.815
40218,0.0,0.0,193.815
40219,-111.0,111.0,193.81
40220,7.0,7.0,193.805
40221,6.0,6.0,193.805
40222,10.0,10.0,193.81
40223,462.0,662.0,193.825
40224,388.0,388.0,193.825
40225,93.0,93.0,193.835
40226,164.0,334.0,193.835
40227,0.0,0.0,193.83
40228,300.0,300.0,193.845
40229,0.0,0.0,193.845
40230,604.0,604.0,193.87
40231,-279.0,419.0,193.85
40232,-50.0,150.0,193.85
40233,-55.0,435.0,193.84
40234,0.0,0.0,193.85
40235,0.0,0.0,193.85
40236,210.0,310.0,193.875
40237,0.0,0.0,193.875
40238,0.0,0.0,193.875
40239,0.0,0.0,193.875
40240,101.0,301.0,193.875
40241,0.0,0.0,193.875
40242,2666.0,3382.0,193.92
40243,0.0,0.0,193.92
40244,300.0,500.0,193.91
40245,0.0,0.0,193.91
40246,-152.0,152.0,193.895
40247,0.0,0.0,193.895
40248,-131.0,131.0,193.885
40249,-566.0,566.0,193.875
40250,180.0,180.0,193.88
40251,130.0,130.0,193.895
40252,-135.0,135.0,193.885
40253,-74.0,126.0,193.875
40254,0.0,0.0,193.875
40255,-502.0,502.0,193.865
40256,0.0,0.0,193.865
40257,0.0,0.0,193.865
40258,-376.0,376.0,193.86
40259,0.0,0.0,193.855
40260,-97.0,103.0,193.845
40261,0.0,0.0,193.845
40262,-544.0,544.0,193.825
40263,146.0,834.0,193.85
40264,-250.0,250.0,193.84
40265,50.0,50.0,193.845
40266,177.0,341.0,193.855
40267,-151.0,151.0,193.84
40268,-102.0,102.0,193.83
40269,120.0,120.0,193.84
40270,0.0,0.0,193.835
40271,-120.0,150.0,193.84
40272,0.0,0.0,193.84
40273,0.0,0.0,193.84
40274,2176.0,2576.0,193.845
40275,50.0,50.0,193.845
40276,660.0,660.0,193.845
40277,180.0,180.0,193.845
40278,0.0,0.0,193.845
40279,1.0,1.0,193.845
40280,5.0,5.0,193.845
40281,0.0,0.0,193.845
40282,567.0,567.0,193.845
40283,5.0,5.0,193.845
40284,1065.0,2475.0,193.885
40285,10.0,10.0,193.885
40286,-500.0,500.0,193.86
40287,0.0,0.0,193.86
40288,-70.0,70.0,193.845
40289,0.0,0.0,193.845
40290,71.0,71.0,193.845
40291,32.0,32.0,193.845
40292,0.0,0.0,193.845
40293,505.0,505.0,193.875
40294,-1097.0,1617.0,193.835
40295,0.0,0.0,193.835
40296,30.0,30.0,193.845
40297,-200.0,200.0,193.835
40298,0.0,0.0,193.835
40299,0.0,0.0,193.835
40300,-79.0,339.0,193.845
40301,410.0,410.0,193.845
40302,0.0,0.0,193.845
40303,0.0,0.0,193.845
40304,0.0,0.0,193.845
40305,6.0,6.0,193.845
40306,390.0,398.0,193.855
40307,124.0,616.0,193.845
40308,-949.0,1329.0,193.84
40309,0.0,0.0,193.84
40310,0.0,0.0,193.835
40311,-168.0,168.0,193.84
40312,0.0,0.0,193.845
40313,760.0,760.0,193.88
40314,0.0,0.0,193.88
40315,0.0,0.0,193.88
40316,322.0,322.0,193.89
40317,294.0,294.0,193.895
40318,-286.0,314.0,193.875
40319,-555.0,765.0,193.865
40320,87.0,87.0,193.87
40321,-90.0,112.0,193.875
40322,2.0,2.0,193.875
40323,0.0,0.0,193.875
40324,0.0,0.0,193.875
40325,0.0,0.0,193.875
40326,0.0,0.0,193.875
40327,100.0,100.0,193.875
40328,0.0,0.0,193.875
40329,-912.0,1064.0,193.865
40330,275.0,275.0,193.865
40331,255.0,255.0,193.865
40332,53.0,53.0,193.865
40333,230.0,230.0,193.875
40334,239.0,239.0,193.89
40335,97.0,97.0,193.885
40336,200.0,200.0,193.895
40337,557.0,557.0,193.93
40338,490.0,492.0,193.955
40339,-274.0,726.0,193.955
40340,-189.0,225.0,193.955
40341,100.0,100.0,193.955
40342,-310.0,448.0,193.955
40343,-353.0,1149.0,193.945
40344,0.0,0.0,193.945
40345,-899.0,913.0,193.925
40346,215.0,215.0,193.925
40347,2.0,2.0,193.925
40348,212.0,212.0,193.93
40349,0.0,0.0,193.93
40350,4.0,4.0,193.925
40351,238.0,238.0,193.93
40352,182.0,182.0,193.935
40353,2.0,2.0,193.935
40354,-305.0,305.0,193.935
40355,78.0,78.0,193.935
40356,-185.0,351.0,193.935
40357,0.0,0.0,193.935
40358,-354.0,524.0,193.93
40359,270.0,270.0,193.935
40360,0.0,0.0,193.935
40361,1.0,1.0,193.935
40362,0.0,0.0,193.935
40363,316.0,386.0,193.94
40364,70.0,70.0,193.935
40365,-48.0,84.0,193.925
40366,-160.0,1226.0,193.925
40367,216.0,420.0,193.93
40368,0.0,0.0,193.93
40369,-337.0,341.0,193.915
40370,-175.0,425.0,193.92
40371,125.0,125.0,193.925
40372,-6.0,6.0,193.93
40373,0.0,0.0,193.93
40374,638.0,722.0,193.955
40375,0.0,0.0,193.955
40376,24.0,88.0,193.95
40377,38.0,38.0,193.955
40378,-400.0,400.0,193.945
40379,0.0,0.0,193.945
40380,221.0,827.0,193.95
40381,-430.0,694.0,193.915
40382,-710.0,928.0,193.885
40383,83.0,83.0,193.89
40384,-1517.0,1715.0,193.875
40385,707.0,707.0,193.89
40386,60.0,260.0,193.9
40387,0.0,0.0,193.9
40388,224.0,224.0,193.93
40389,1.0,1.0,193.935
40390,-100.0,100.0,193.925
40391,3.0,7.0,193.93
40392,-3.0,3.0,193.91
40393,-100.0,100.0,193.905
40394,-100.0,106.0,193.89
40395,0.0,0.0,193.89
40396,0.0,0.0,193.89
40397,0.0,0.0,193.89
40398,0.0,0.0,193.89
40399,0.0,0.0,193.89
40400,-1215.0,1867.0,193.86
40401,-22.0,28.0,193.85
40402,-129.0,129.0,193.835
40403,742.0,742.0,193.86
40404,-838.0,1264.0,193.86
40405,0.0,0.0,193.855
40406,0.0,0.0,193.86
40407,0.0,0.0,193.86
40408,0.0,0.0,193.86
40409,0.0,0.0,193.86
40410,0.0,0.0,193.86
40411,-456.0,456.0,193.845
40412,0.0,0.0,193.845
40413,-500.0,500.0,193.84
40414,1.0,1.0,193.835
40415,-731.0,731.0,193.835
40416,0.0,0.0,193.835
40417,-1148.0,1274.0,193.815
40418,0.0,0.0,193.815
40419,0.0,0.0,193.815
40420,223.0,223.0,193.825
40421,-12.0,212.0,193.825
40422,0.0,0.0,193.825
40423,423.0,423.0,193.835
40424,0.0,0.0,193.835
40425,3.0,3.0,193.835
40426,1075.0,1087.0,193.835
40427,3.0,3.0,193.835
40428,0.0,0.0,193.835
40429,-300.0,300.0,193.825
40430,0.0,0.0,193.825
40431,0.0,0.0,193.825
40432,0.0,0.0,193.825
40433,0.0,0.0,193.825
40434,49.0,49.0,193.825
40435,79.0,79.0,193.825
40436,0.0,0.0,193.825
40437,109.0,109.0,193.83
40438,-99.0,101.0,193.825
40439,0.0,0.0,193.825
40440,-397.0,413.0,193.815
40441,226.0,226.0,193.815
40442,0.0,0.0,193.815
40443,303.0,1217.0,193.825
40444,-200.0,200.0,193.825
40445,0.0,0.0,193.82
40446,0.0,0.0,193.81
40447,25.0,25.0,193.81
40448,0.0,0.0,193.81
40449,0.0,0.0,193.815
40450,0.0,0.0,193.815
40451,0.0,0.0,193.815
40452,-614.0,1006.0,193.805
40453,288.0,288.0,193.815
40454,0.0,0.0,193.815
40455,0.0,0.0,193.815
40456,-30.0,430.0,193.815
40457,22.0,22.0,193.815
40458,0.0,0.0,193.815
40459,0.0,0.0,193.815
40460,0.0,0.0,193.815
40461,-822.0,822.0,193.815
40462,0.0,0.0,193.815
40463,-1451.0,1817.0,193.78
40464,3.0,3.0,193.785
40465,-1044.0,1044.0,193.755
40466,-667.0,767.0,193.755
40467,364.0,364.0,193.765
40468,27.0,223.0,193.765
40469,-519.0,659.0,193.75
40470,489.0,909.0,193.77
40471,0.0,0.0,193.77
40472,0.0,0.0,193.775
40473,0.0,0.0,193.775
40474,0.0,0.0,193.775
40475,0.0,0.0,193.775
40476,0.0,0.0,193.775
40477,370.0,370.0,193.785
40478,1.0,1.0,193.785
40479,335.0,335.0,193.8
40480,0.0,0.0,193.805
40481,0.0,0.0,193.805
40482,0.0,0.0,193.805
40483,698.0,698.0,193.825
40484,966.0,1206.0,193.845
40485,-20.0,20.0,193.84
40486,-147.0,653.0,193.845
40487,-100.0,100.0,193.835
40488,-7.0,7.0,193.82
40489,0.0,0.0,193.825
40490,0.0,0.0,193.825
40491,0.0,0.0,193.825
40492,0.0,0.0,193.825
40493,-574.0,774.0,193.815
40494,-2.0,2.0,193.805
40495,-1.0,1.0,193.805
40496,299.0,299.0,193.805
40497,0.0,0.0,193.805
40498,-125.0,505.0,193.805
40499,500.0,500.0,193.835
40500,288.0,288.0,193.855
40501,0.0,0.0,193.855
40502,0.0,0.0,193.855
40503,-601.0,801.0,193.835
40504,-40.0,40.0,193.835
40505,0.0,0.0,193.835
40506,-166.0,566.0,193.835
40507,-301.0,501.0,193.815
40508,99.0,101.0,193.815
40509,0.0,0.0,193.815
40510,0.0,0.0,193.815
40511,780.0,1378.0,193.845
40512,-500.0,700.0,193.82
40513,0.0,0.0,193.825
40514,-206.0,206.0,193.805
40515,-74.0,274.0,193.805
40516,-110.0,110.0,193.8
40517,0.0,0.0,193.805
40518,0.0,0.0,193.805
40519,-111.0,517.0,193.805
40520,0.0,0.0,193.815
40521,-30.0,200.0,193.805
40522,285.0,285.0,193.815
40523,8.0,8.0,193.815
40524,0.0,0.0,193.815
40525,0.0,0.0,193.815
40526,63.0,787.0,193.815
40527,0.0,0.0,193.815
40528,0.0,0.0,193.815
40529,923.0,923.0,193.845
40530,0.0,0.0,193.845
40531,638.0,638.0,193.865
40532,0.0,0.0,193.865
40533,126.0,126.0,193.865
40534,0.0,0.0,193.865
40535,-426.0,626.0,193.84
40536,0.0,0.0,193.84
40537,0.0,0.0,193.84
40538,-476.0,1116.0,193.825
40539,0.0,0.0,193.825
40540,0.0,0.0,193.825
40541,0.0,0.0,193.825
40542,0.0,0.0,193.825
40543,0.0,0.0,193.825
40544,-304.0,304.0,193.815
40545,0.0,0.0,193.815
40546,499.0,499.0,193.825
40547,-301.0,301.0,193.82
40548,-301.0,301.0,193.815
40549,0.0,0.0,193.82
40550,0.0,0.0,193.82
40551,0.0,0.0,193.82
40552,0.0,0.0,193.82
40553,0.0,0.0,193.82
40555,0.0,0.0,193.825
40556,0.0,0.0,193.825
40557,-310.0,312.0,193.815
40558,0.0,0.0,193.815
40559,800.0,800.0,193.835
40560,616.0,616.0,193.855
40561,-150.0,150.0,193.845
40562,0.0,0.0,193.845
40563,0.0,0.0,193.845
40564,200.0,200.0,193.86
40565,0.0,0.0,193.86
40566,570.0,570.0,193.855
40567,297.0,297.0,193.865
40568,0.0,0.0,193.865
40569,1.0,1.0,193.865
40570,277.0,519.0,193.875
40571,0.0,0.0,193.875
40572,0.0,0.0,193.875
40573,700.0,706.0,193.895
40574,0.0,0.0,193.895
40575,406.0,406.0,193.905
40576,0.0,0.0,193.905
40577,0.0,0.0,193.905
40578,100.0,100.0,193.905
40579,868.0,868.0,193.915
40580,-826.0,1226.0,193.905
40581,0.0,0.0,193.905
40582,0.0,0.0,193.905
40583,0.0,0.0,193.905
40584,0.0,0.0,193.905
40585,-1.0,1.0,193.905
40586,0.0,0.0,193.905
40587,0.0,0.0,193.905
40588,0.0,0.0,193.905
40589,0.0,0.0,193.905
40590,-297.0,1059.0,193.905
40591,0.0,0.0,193.905
40592,710.0,710.0,193.905
40593,100.0,100.0,193.915
40594,0.0,0.0,193.915
40595,1673.0,1673.0,193.935
40596,0.0,0.0,193.935
40597,0.0,0.0,193.935
40598,-991.0,1639.0,193.91
40599,0.0,0.0,193.91
40600,0.0,0.0,193.905
40601,0.0,0.0,193.905
40602,0.0,0.0,193.905
40603,596.0,1590.0,193.915
40604,0.0,0.0,193.915
40605,-610.0,610.0,193.895
40606,-175.0,225.0,193.895
40607,0.0,0.0,193.895
40608,275.0,315.0,193.905
40609,164.0,164.0,193.905
40610,-640.0,640.0,193.895
40611,18.0,48.0,193.89
40612,-843.0,843.0,193.855
40613,-430.0,430.0,193.84
40614,0.0,0.0,193.84
40615,0.0,0.0,193.84
40616,0.0,0.0,193.84
40617,0.0,0.0,193.84
40618,0.0,0.0,193.84
40619,-2259.0,2259.0,193.805
40620,0.0,0.0,193.805
40621,0.0,0.0,193.805
40622,3.0,3.0,193.805
40623,712.0,712.0,193.825
40624,1.0,1.0,193.825
40625,0.0,0.0,193.825
40626,0.0,0.0,193.825
40627,-305.0,305.0,193.815
40628,402.0,404.0,193.815
40629,4.0,4.0,193.815
40630,136.0,136.0,193.815
40631,-1.0,19.0,193.815
40632,-100.0,100.0,193.815
40633,0.0,0.0,193.815
40634,0.0,0.0,193.815
40635,-128.0,128.0,193.815
40636,-172.0,172.0,193.805
40637,321.0,1341.0,193.815
40638,0.0,0.0,193.815
40639,1207.0,1207.0,193.815
40640,-258.0,1162.0,193.805
40641,-176.0,176.0,193.795
40642,0.0,0.0,193.795
40643,0.0,0.0,193.805
40644,0.0,0.0,193.805
40645,0.0,0.0,193.805
40646,-1188.0,1388.0,193.795
40647,0.0,0.0,193.795
40648,50.0,50.0,193.795
40649,225.0,225.0,193.805
40650,0.0,0.0,193.805
40651,198.0,530.0,193.8
40652,-442.0,2482.0,193.785
40653,326.0,326.0,193.795
40654,0.0,0.0,193.795
40655,-800.0,800.0,193.775
40656,0.0,0.0,193.775
40657,0.0,0.0,193.775
40658,0.0,0.0,193.775
40659,0.0,0.0,193.775
40660,14.0,14.0,193.775
40661,1.0,1.0,193.775
40662,0.0,0.0,193.775
40663,-1079.0,1079.0,193.755
40664,242.0,1678.0,193.75
40665,0.0,0.0,193.75
40666,0.0,0.0,193.75
40667,0.0,0.0,193.75
40668,-375.0,1615.0,193.76
40669,-264.0,264.0,193.75
40670,73.0,307.0,193.745
40671,177.0,177.0,193.755
40672,-302.0,302.0,193.745
40673,0.0,0.0,193.745
40674,200.0,200.0,193.755
40675,396.0,416.0,193.76
40676,56.0,496.0,193.76
40677,0.0,0.0,193.765
40678,0.0,0.0,193.765
40679,-340.0,344.0,193.755
40680,-801.0,1001.0,193.755
40681,0.0,0.0,193.755
40682,-203.0,203.0,193.745
40683,0.0,0.0,193.745
40684,0.0,0.0,193.745
40685,0.0,0.0,193.745
40686,0.0,0.0,193.745
40687,0.0,0.0,193.745
40688,-171.0,1635.0,193.745
40689,-100.0,300.0,193.745
40690,738.0,738.0,193.745
40691,0.0,0.0,193.745
40692,-569.0,1927.0,193.745
40693,0.0,0.0,193.745
40694,540.0,540.0,193.755
40695,-288.0,288.0,193.755
40696,0.0,0.0,193.745
40697,29.0,1031.0,193.745
40698,100.0,100.0,193.755
40699,289.0,913.0,193.755
40700,38.0,38.0,193.765
40701,132.0,552.0,193.775
40702,107.0,307.0,193.78
40703,580.0,580.0,193.785
40704,125.0,125.0,193.79
40705,901.0,1035.0,193.82
40706,0.0,0.0,193.82
40707,0.0,0.0,193.82
40708,404.0,740.0,193.83
40709,1.0,1.0,193.84
40710,0.0,0.0,193.84
40711,0.0,0.0,193.84
40712,0.0,0.0,193.84
40713,0.0,0.0,193.84
40714,202.0,406.0,193.85
40715,0.0,0.0,193.855
40716,0.0,0.0,193.855
40717,0.0,0.0,193.855
40718,-300.0,300.0,193.845
40719,37.0,37.0,193.845
40720,368.0,368.0,193.845
40721,76.0,76.0,193.845
40722,24.0,24.0,193.85
40723,0.0,0.0,193.85
40724,0.0,0.0,193.845
40725,-421.0,421.0,193.835
40726,-375.0,375.0,193.83
40727,0.0,0.0,193.835
40728,0.0,0.0,193.83
40729,2141.0,2141.0,193.89
40730,0.0,0.0,193.88
40731,0.0,0.0,193.88
40732,-481.0,481.0,193.86
40733,0.0,0.0,193.86
40734,0.0,0.0,193.865
40735,5.0,5.0,193.865
40736,0.0,0.0,193.865
40737,-400.0,400.0,193.85
40738,0.0,0.0,193.85
40739,-564.0,564.0,193.835
40740,0.0,0.0,193.83
40741,0.0,0.0,193.83
40742,0.0,0.0,193.83
40743,-899.0,899.0,193.805
40744,0.0,0.0,193.805
40745,-263.0,263.0,193.79
40746,1215.0,1215.0,193.825
40747,-200.0,200.0,193.82
40748,-166.0,170.0,193.805
40749,0.0,0.0,193.805
40750,141.0,181.0,193.805
40751,160.0,160.0,193.815
40752,600.0,600.0,193.835
40753,16.0,16.0,193.835
40754,0.0,0.0,193.835
40755,0.0,0.0,193.835
40756,6.0,6.0,193.835
40757,15.0,15.0,193.835
40758,-501.0,501.0,193.825
40759,0.0,0.0,193.83
40760,323.0,323.0,193.845
40761,0.0,0.0,193.84
40762,0.0,0.0,193.845
40763,0.0,0.0,193.84
40764,0.0,0.0,193.84
40765,954.0,954.0,193.905
40766,1.0,1.0,193.91
40767,0.0,0.0,193.91
40768,-679.0,679.0,193.895
40769,-100.0,100.0,193.895
40770,-158.0,218.0,193.89
40771,-104.0,104.0,193.885
40772,71.0,71.0,193.89
40773,0.0,0.0,193.89
40774,0.0,0.0,193.89
40775,5.0,5.0,193.89
40776,-2.0,2.0,193.91
40777,0.0,0.0,193.91
40778,0.0,0.0,193.915
40779,-227.0,227.0,193.905
40780,0.0,0.0,193.905
40781,-206.0,406.0,193.89
40782,0.0,0.0,193.885
40783,0.0,0.0,193.885
40784,305.0,305.0,193.895
40785,0.0,0.0,193.895
40786,100.0,100.0,193.895
40787,2.0,2.0,193.895
40788,0.0,0.0,193.895
40789,0.0,0.0,193.895
40790,0.0,0.0,193.895
40791,304.0,304.0,193.915
40792,0.0,0.0,193.915
40793,0.0,0.0,193.915
40794,0.0,0.0,193.91
40795,0.0,0.0,193.91
40796,0.0,0.0,193.915
40797,250.0,250.0,193.915
40798,0.0,0.0,193.915
40799,-329.0,329.0,193.915
40800,654.0,654.0,193.925
40801,328.0,328.0,193.945
40802,0.0,0.0,193.945
40803,492.0,492.0,193.955
40804,0.0,0.0,193.955
40805,293.0,293.0,193.965
40806,-58.0,1620.0,193.98
40807,1.0,1.0,193.985
40808,0.0,0.0,193.985
40809,489.0,889.0,193.985
40810,50.0,50.0,193.985
40811,3605.0,3805.0,193.99
40812,3613.0,6615.0,193.995
40813,1139.0,1439.0,193.995
40814,-149.0,611.0,193.995
40815,891.0,1151.0,194.065
40816,-1900.0,1900.0,194.045
40817,-350.0,350.0,194.035
40818,-2209.0,2357.0,194.015
40819,1028.0,1028.0,194.03
40820,604.0,604.0,194.05
40821,0.0,0.0,194.055
40822,-401.0,401.0,194.025
40823,-301.0,309.0,194.01
40824,644.0,644.0,194.035
40825,-102.0,102.0,194.025
40826,0.0,0.0,194.025
40827,-100.0,100.0,194.015
40828,8.0,8.0,194.015
40829,0.0,0.0,194.015
40830,-200.0,200.0,194.005
40831,0.0,0.0,194.005
40832,7.0,827.0,194.005
40833,0.0,200.0,194.01
40834,0.0,0.0,194.01
40835,-45.0,45.0,194.005
40836,26.0,136.0,194.005
40837,0.0,400.0,194.005
40838,109.0,109.0,194.005
40839,0.0,0.0,194.005
40840,0.0,0.0,194.005
40841,-150.0,150.0,194.0
40842,0.0,0.0,194.0
40843,456.0,456.0,194.025
40844,-250.0,450.0,194.01
40845,0.0,0.0,194.015
40846,-192.0,192.0,194.01
40847,0.0,0.0,194.01
40848,0.0,0.0,194.01
40849,0.0,0.0,194.01
40850,0.0,0.0,194.015
40851,0.0,0.0,194.015
40852,-1169.0,1383.0,193.93
40853,0.0,0.0,193.93
40854,0.0,0.0,193.93
40855,0.0,0.0,193.93
40856,222.0,898.0,193.94
40857,439.0,813.0,193.955
40858,30.0,30.0,193.95
40859,0.0,0.0,193.95
40860,0.0,0.0,193.95
40861,40.0,40.0,193.955
40862,10.0,10.0,193.955
40863,424.0,424.0,193.965
40864,750.0,950.0,193.98
40865,0.0,0.0,193.985
40866,356.0,436.0,193.975
40867,7.0,7.0,193.98
40868,35.0,37.0,193.98
40869,57.0,57.0,193.995
40870,12.0,12.0,194.015
40871,0.0,0.0,194.015
40872,-1400.0,1400.0,193.985
40873,200.0,200.0,193.995
40874,0.0,400.0,193.995
40875,13.0,13.0,194.0
40876,569.0,569.0,194.015
40877,45.0,45.0,194.01
40878,0.0,0.0,194.015
40879,-60.0,400.0,194.01
40880,0.0,0.0,194.015
40881,0.0,0.0,194.01
40882,0.0,0.0,194.015
40883,1.0,1.0,194.015
40884,0.0,0.0,194.015
40885,1197.0,1197.0,194.055
40886,941.0,941.0,194.095
40887,0.0,0.0,194.095
40888,-1229.0,1725.0,194.065
40889,0.0,0.0,194.065
40890,0.0,0.0,194.065
40891,0.0,0.0,194.065
40892,0.0,0.0,194.065
40893,0.0,0.0,194.065
40894,0.0,0.0,194.065
40895,-296.0,2924.0,194.065
40896,0.0,0.0,194.065
40897,0.0,0.0,194.065
40898,90.0,798.0,194.075
40899,0.0,0.0,194.075
40900,0.0,0.0,194.075
40901,0.0,0.0,194.075
40902,100.0,100.0,194.085
40903,0.0,0.0,194.085
40904,0.0,0.0,194.085
40905,-3.0,203.0,194.075
40906,0.0,0.0,194.075
40907,0.0,0.0,194.075
40908,-1103.0,1283.0,194.045
40909,0.0,0.0,194.045
40910,42.0,42.0,194.045
40911,0.0,0.0,194.045
40912,0.0,0.0,194.045
40913,0.0,0.0,194.045
40914,2432.0,2432.0,194.135
40915,-471.0,1159.0,194.135
40916,-10.0,10.0,194.135
40917,0.0,0.0,194.135
40918,0.0,0.0,194.135
40919,461.0,461.0,194.135
40920,-404.0,1204.0,194.135
40921,-3300.0,3500.0,194.125
40922,0.0,0.0,194.125
40923,-126.0,526.0,194.135
40924,-11.0,211.0,194.135
40925,0.0,0.0,194.135
40926,-2047.0,2859.0,194.135
40927,-126.0,138.0,194.135
40928,124.0,462.0,194.14
40929,-1249.0,1449.0,194.115
40930,53.0,53.0,194.115
40931,566.0,566.0,194.135
40932,0.0,0.0,194.135
40933,0.0,0.0,194.135
40934,300.0,300.0,194.145
40935,2503.0,2905.0,194.185
40936,-1096.0,1496.0,194.165
40937,0.0,0.0,194.17
40938,0.0,0.0,194.165
40939,347.0,347.0,194.185
40940,-26.0,626.0,194.18
40941,0.0,0.0,194.185
40942,254.0,1254.0,194.185
40943,0.0,0.0,194.185
40944,0.0,0.0,194.185
40945,0.0,0.0,194.185
40946,0.0,0.0,194.185
40947,-1490.0,2130.0,194.185
40948,-38.0,44.0,194.195
40949,924.0,924.0,194.205
40950,-400.0,600.0,194.2
40951,0.0,0.0,194.205
40952,3.0,3.0,194.205
40953,386.0,386.0,194.215
40954,0.0,0.0,194.215
40955,-1298.0,1586.0,194.215
40956,-160.0,160.0,194.215
40957,-57.0,257.0,194.205
40958,-748.0,748.0,194.195
40959,0.0,0.0,194.195
40960,0.0,0.0,194.195
40961,-58.0,1266.0,194.205
40962,-10.0,310.0,194.2
40963,0.0,0.0,194.2
40964,-1022.0,1222.0,194.195
40965,1.0,1.0,194.195
40966,0.0,0.0,194.195
40967,0.0,0.0,194.195
40968,178.0,178.0,194.195
40969,-5065.0,5465.0,194.175
40970,-302.0,502.0,194.175
40971,-215.0,385.0,194.17
40972,0.0,0.0,194.17
40973,-401.0,401.0,194.165
40974,0.0,0.0,194.165
40975,0.0,0.0,194.165
40976,646.0,646.0,194.175
40977,5.0,5.0,194.175
40978,368.0,1424.0,194.185
40979,-208.0,208.0,194.185
40980,0.0,0.0,194.185
40981,-425.0,425.0,194.185
40982,0.0,0.0,194.185
40983,19.0,19.0,194.185
40984,-6202.0,6602.0,194.16
40985,0.0,0.0,194.16
40986,0.0,0.0,194.165
40987,114.0,734.0,194.165
40988,118.0,118.0,194.175
40989,-110.0,1310.0,194.175
40990,-530.0,530.0,194.155
40991,-157.0,357.0,194.15
40992,-134.0,474.0,194.135
40993,-659.0,859.0,194.105
40994,149.0,549.0,194.115
40995,777.0,2511.0,194.155
40996,1.0,1.0,194.155
40997,0.0,0.0,194.155
40998,0.0,0.0,194.155
40999,322.0,682.0,194.175
41000,0.0,0.0,194.175
41001,208.0,208.0,194.175
41002,0.0,0.0,194.175
41003,-4327.0,4533.0,194.155
41004,0.0,0.0,194.155
41005,-271.0,329.0,194.15
41006,0.0,0.0,194.15
41007,0.0,0.0,194.15
41008,1136.0,1146.0,194.195
41009,1978.0,1978.0,194.225
41010,145.0,145.0,194.225
41011,0.0,0.0,194.225
41012,0.0,0.0,194.225
41013,0.0,0.0,194.225
41014,0.0,0.0,194.225
41015,500.0,500.0,194.24
41016,-7114.0,7114.0,194.225
41017,0.0,0.0,194.225
41018,757.0,763.0,194.245
41019,0.0,0.0,194.245
41020,-8773.0,9769.0,194.225
41021,-1304.0,1500.0,194.185
41022,0.0,0.0,194.185
41023,-2.0,4.0,194.185
41024,0.0,0.0,194.185
41025,840.0,840.0,194.185
41026,21.0,21.0,194.185
41027,195.0,195.0,194.195
41028,0.0,0.0,194.195
41029,0.0,0.0,194.195
41030,-142.0,142.0,194.195
41031,-8.0,208.0,194.185
41032,532.0,972.0,194.21
41033,100.0,100.0,194.215
41034,171.0,571.0,194.235
41035,-106.0,512.0,194.215
41036,447.0,447.0,194.23
41037,340.0,340.0,194.235
41038,820.0,820.0,194.245
41039,-308.0,308.0,194.225
41040,0.0,0.0,194.225
41041,0.0,0.0,194.225
41042,656.0,906.0,194.225
41043,0.0,0.0,194.225
41044,410.0,470.0,194.235
41045,908.0,908.0,194.265
41046,0.0,0.0,194.265
41047,0.0,0.0,194.265
41048,-451.0,553.0,194.265
41049,177.0,191.0,194.265
41050,0.0,0.0,194.265
41051,0.0,0.0,194.265
41052,-311.0,1489.0,194.255
41053,-220.0,220.0,194.25
41054,-227.0,293.0,194.245
41055,0.0,0.0,194.245
41056,210.0,210.0,194.25
41057,0.0,0.0,194.25
41058,288.0,288.0,194.255
41059,5.0,5.0,194.255
41060,100.0,100.0,194.255
41061,0.0,0.0,194.255
41062,280.0,280.0,194.265
41063,-252.0,252.0,194.255
41064,0.0,0.0,194.26
41065,0.0,0.0,194.26
41066,0.0,0.0,194.26
41067,0.0,0.0,194.26
41068,732.0,732.0,194.265
41069,231.0,231.0,194.265
41070,0.0,0.0,194.265
41071,0.0,0.0,194.265
41072,0.0,0.0,194.265
41073,831.0,1031.0,194.265
41074,701.0,1701.0,194.265
41075,0.0,0.0,194.265
41076,3566.0,3966.0,194.32
41077,0.0,0.0,194.325
41078,-400.0,400.0,194.325
41079,-1.0,1.0,194.325
41080,-20.0,252.0,194.315
41081,103.0,103.0,194.325
41082,-36.0,236.0,194.32
41083,-99.0,101.0,194.315
41084,-1056.0,1056.0,194.315
41085,0.0,0.0,194.31
41086,0.0,0.0,194.31
41087,3.0,3.0,194.315
41088,0.0,0.0,194.315
41089,651.0,751.0,194.335
41090,-300.0,300.0,194.325
41091,-200.0,200.0,194.315
41092,0.0,0.0,194.315
41093,-4.0,4.0,194.315
41094,212.0,212.0,194.315
41095,400.0,400.0,194.335
41096,-94.0,94.0,194.335
41097,-8.0,8.0,194.325
41098,0.0,0.0,194.325
41099,1009.0,1009.0,194.355
41100,-1774.0,1774.0,194.335
41101,-62.0,156.0,194.315
41102,0.0,0.0,194.315
41103,354.0,354.0,194.335
41104,393.0,629.0,194.35
41105,0.0,0.0,194.345
41106,0.0,0.0,194.345
41107,2161.0,2179.0,194.385
41108,-297.0,703.0,194.38
41109,-165.0,165.0,194.375
41110,-435.0,435.0,194.375
41111,-126.0,326.0,194.36
41112,100.0,100.0,194.37
41113,0.0,0.0,194.37
41114,0.0,0.0,194.375
41115,504.0,504.0,194.385
41116,-248.0,1278.0,194.39
41117,0.0,0.0,194.39
41118,0.0,0.0,194.39
41119,256.0,256.0,194.41
41120,482.0,486.0,194.425
41121,-783.0,783.0,194.4
41122,-1382.0,1382.0,194.375
41123,403.0,619.0,194.375
41124,-219.0,1111.0,194.355
41125,127.0,5861.0,194.325
41126,2739.0,9365.0,194.325
41127,-318.0,382.0,194.315
41128,-322.0,690.0,194.305
41129,500.0,500.0,194.315
41130,152.0,152.0,194.315
41131,-1.0,1.0,194.315
41132,479.0,479.0,194.315
41133,173.0,427.0,194.315
41134,-9106.0,11120.0,194.305
41135,779.0,779.0,194.325
41136,-100.0,100.0,194.32
41137,0.0,0.0,194.31
41138,0.0,0.0,194.31
41139,0.0,0.0,194.315
41140,307.0,577.0,194.335
41141,3.0,3.0,194.335
41142,-315.0,315.0,194.325
41143,0.0,0.0,194.325
41144,528.0,528.0,194.325
41145,400.0,400.0,194.335
41146,-254.0,2954.0,194.305
41147,303.0,303.0,194.305
41148,0.0,0.0,194.305
41149,517.0,1317.0,194.315
41150,1019.0,1419.0,194.345
41151,-513.0,513.0,194.315
41152,0.0,0.0,194.315
41153,0.0,0.0,194.315
41154,0.0,0.0,194.315
41155,48.0,48.0,194.325
41156,0.0,0.0,194.325
41157,0.0,0.0,194.325
41158,0.0,0.0,194.325
41159,0.0,0.0,194.325
41160,-8041.0,11527.0,194.255
41161,350.0,450.0,194.255
41162,664.0,1136.0,194.255
41163,55.0,145.0,194.255
41164,-291.0,309.0,194.245
41165,100.0,100.0,194.245
41166,0.0,0.0,194.245
41167,407.0,407.0,194.275
41168,0.0,0.0,194.275
41169,239.0,239.0,194.275
41170,0.0,0.0,194.275
41171,649.0,1751.0,194.275
41172,-507.0,507.0,194.25
41173,0.0,0.0,194.25
41174,0.0,0.0,194.25
41175,-1.0,1.0,194.26
41176,0.0,0.0,194.26
41177,0.0,0.0,194.26
41178,-2468.0,2468.0,194.215
41179,200.0,200.0,194.215
41180,-517.0,537.0,194.195
41181,-331.0,331.0,194.165
41182,0.0,0.0,194.17
41183,0.0,0.0,194.17
41184,-571.0,587.0,194.155
41185,0.0,0.0,194.155
41186,6.0,6.0,194.155
41187,229.0,1431.0,194.13
41188,0.0,0.0,194.125
41189,800.0,800.0,194.125
41190,163.0,163.0,194.13
41191,159.0,159.0,194.13
41192,0.0,0.0,194.13
41193,0.0,0.0,194.13
41194,628.0,628.0,194.145
41195,853.0,853.0,194.195
41196,-100.0,100.0,194.18
41197,-112.0,112.0,194.15
41198,-283.0,843.0,194.135
41199,114.0,114.0,194.13
41200,0.0,0.0,194.13
41201,0.0,0.0,194.125
41202,0.0,0.0,194.125
41203,0.0,0.0,194.125
41204,-1950.0,3166.0,194.06
41205,303.0,303.0,194.075
41206,-714.0,714.0,194.055
41207,400.0,600.0,194.065
41208,500.0,500.0,194.075
41209,-100.0,100.0,194.075
41210,400.0,400.0,194.085
41211,316.0,526.0,194.08
41212,0.0,0.0,194.08
41213,0.0,0.0,194.08
41214,-410.0,610.0,194.065
41215,129.0,129.0,194.065
41216,437.0,827.0,194.09
41217,0.0,0.0,194.09
41218,0.0,0.0,194.095
41219,-1.0,1.0,194.09
41220,-901.0,1301.0,194.055
41221,827.0,1027.0,194.075
41222,13.0,13.0,194.075
41223,742.0,742.0,194.095
41224,199.0,199.0,194.105
41225,310.0,310.0,194.115
41226,0.0,0.0,194.115
41227,25.0,25.0,194.115
41228,303.0,303.0,194.125
41229,0.0,0.0,194.125
41230,0.0,0.0,194.125
41231,0.0,0.0,194.125
41232,0.0,0.0,194.125
41233,822.0,1222.0,194.155
41234,200.0,400.0,194.155
41235,18.0,18.0,194.165
41236,-430.0,430.0,194.155
41237,0.0,0.0,194.155
41238,0.0,0.0,194.155
41239,-1518.0,2586.0,194.105
41240,-617.0,3045.0,194.1
41241,-1254.0,7382.0,194.095
41242,-210.0,590.0,194.085
41243,0.0,0.0,194.085
41244,334.0,334.0,194.085
41245,200.0,200.0,194.095
41246,220.0,220.0,194.095
41247,40.0,560.0,194.095
41248,400.0,400.0,194.095
41249,220.0,220.0,194.135
41250,100.0,100.0,194.135
41251,114.0,114.0,194.155
41252,0.0,0.0,194.155
41253,-80.0,538.0,194.155
41254,0.0,0.0,194.155
41255,0.0,0.0,194.155
41256,191.0,409.0,194.145
41257,0.0,0.0,194.145
41258,-725.0,729.0,194.135
41259,-4.0,4.0,194.135
41260,0.0,0.0,194.135
41261,0.0,0.0,194.135
41262,309.0,309.0,194.145
41263,0.0,0.0,194.145
41264,0.0,0.0,194.145
41265,0.0,0.0,194.145
41266,-808.0,1048.0,194.095
41267,0.0,0.0,194.095
41268,218.0,1648.0,194.095
41269,78.0,626.0,194.105
41270,0.0,0.0,194.105
41271,700.0,700.0,194.115
41272,0.0,0.0,194.115
41273,0.0,0.0,194.115
41274,318.0,318.0,194.115
41275,0.0,0.0,194.115
41276,0.0,0.0,194.115
41277,2.0,2.0,194.115
41278,583.0,771.0,194.12
41279,0.0,0.0,194.115
41280,0.0,0.0,194.115
41281,259.0,259.0,194.125
41282,0.0,0.0,194.12
41283,0.0,0.0,194.125
41284,530.0,530.0,194.14
41285,0.0,0.0,194.135
41286,3.0,3.0,194.14
41287,0.0,0.0,194.14
41288,0.0,0.0,194.14
41289,-247.0,247.0,194.125
41290,5.0,5.0,194.125
41291,27.0,33.0,194.135
41292,43.0,43.0,194.135
41293,0.0,0.0,194.135
41294,0.0,0.0,194.135
41295,-534.0,1144.0,194.115
41296,-100.0,200.0,194.115
41297,0.0,0.0,194.115
41298,0.0,0.0,194.115
41299,33.0,433.0,194.105
41300,0.0,0.0,194.105
41301,93.0,307.0,194.095
41302,0.0,0.0,194.095
41303,0.0,0.0,194.095
41304,558.0,558.0,194.105
41305,14.0,14.0,194.105
41306,0.0,0.0,194.105
41307,0.0,0.0,194.105
41308,368.0,368.0,194.115
41309,-2.0,2.0,194.105
41310,126.0,126.0,194.11
41311,0.0,0.0,194.115
41312,0.0,0.0,194.115
41313,0.0,0.0,194.115
41314,-1238.0,1294.0,194.095
41315,0.0,0.0,194.1
41316,0.0,0.0,194.095
41317,0.0,0.0,194.095
41318,0.0,0.0,194.095
41319,430.0,1630.0,194.09
41320,0.0,0.0,194.09
41321,200.0,200.0,194.095
41322,0.0,0.0,194.095
41323,0.0,0.0,194.095
41324,843.0,843.0,194.11
41325,-305.0,505.0,194.095
41326,0.0,0.0,194.095
41327,5.0,5.0,194.105
41328,0.0,0.0,194.1
41329,-109.0,829.0,194.095
41330,100.0,100.0,194.105
41331,0.0,0.0,194.115
41332,0.0,0.0,194.115
41333,319.0,999.0,194.11
41334,-59.0,59.0,194.1
41335,-378.0,728.0,194.105
41336,0.0,0.0,194.105
41337,0.0,0.0,194.105
41338,0.0,0.0,194.1
41339,0.0,0.0,194.1
41340,43.0,43.0,194.105
41341,1034.0,1034.0,194.115
41342,-199.0,221.0,194.115
41343,-221.0,373.0,194.115
41344,-606.0,806.0,194.1
41345,-100.0,100.0,194.1
41346,0.0,0.0,194.105
41347,421.0,421.0,194.115
41348,-1.0,1.0,194.115
41349,-343.0,343.0,194.1
41350,0.0,0.0,194.1
41351,100.0,100.0,194.115
41352,-70.0,80.0,194.11
41353,2069.0,2489.0,194.11
41354,539.0,1599.0,194.125
41355,0.0,0.0,194.125
41356,0.0,0.0,194.125
41357,0.0,0.0,194.125
41358,-392.0,392.0,194.115
41359,-200.0,200.0,194.11
41360,-100.0,100.0,194.115
41361,50.0,50.0,194.12
41362,-14.0,14.0,194.125
41363,0.0,0.0,194.12
41364,70.0,88.0,194.125
41365,0.0,0.0,194.125
41366,1391.0,1405.0,194.16
41367,0.0,0.0,194.16
41368,0.0,0.0,194.16
41369,0.0,0.0,194.16
41370,125.0,325.0,194.155
41371,15.0,15.0,194.155
41372,-266.0,302.0,194.15
41373,-273.0,273.0,194.145
41374,-547.0,547.0,194.12
41375,12.0,12.0,194.125
41376,500.0,500.0,194.135
41377,1.0,1.0,194.14
41378,0.0,0.0,194.14
41379,113.0,113.0,194.145
41380,0.0,0.0,194.145
41381,0.0,0.0,194.15
41382,0.0,0.0,194.15
41383,17.0,283.0,194.14
41384,-26.0,26.0,194.135
41385,0.0,0.0,194.135
41386,0.0,0.0,194.135
41387,-244.0,440.0,194.125
41388,0.0,0.0,194.125
41389,-1.0,1.0,194.125
41390,-178.0,228.0,194.12
41391,0.0,0.0,194.12
41392,0.0,0.0,194.125
41393,362.0,372.0,194.13
41394,-100.0,100.0,194.12
41395,-100.0,100.0,194.125
41396,-75.0,125.0,194.125
41397,295.0,295.0,194.125
41398,57.0,57.0,194.125
41399,124.0,124.0,194.125
41400,-1252.0,1782.0,194.095
41401,0.0,0.0,194.095
41402,0.0,0.0,194.095
41403,362.0,362.0,194.095
41404,3.0,3.0,194.095
41405,106.0,106.0,194.095
41406,0.0,0.0,194.095
41407,0.0,0.0,194.095
41408,1.0,1.0,194.095
41409,11.0,11.0,194.095
41410,785.0,785.0,194.115
41411,0.0,0.0,194.115
41412,987.0,987.0,194.125
41413,0.0,0.0,194.125
41414,4.0,4.0,194.125
41415,0.0,0.0,194.125
41416,0.0,0.0,194.125
41417,0.0,0.0,194.125
41418,514.0,514.0,194.135
41419,0.0,0.0,194.135
41420,0.0,0.0,194.135
41421,0.0,0.0,194.135
41422,0.0,0.0,194.135
41423,-400.0,600.0,194.135
41424,1621.0,1621.0,194.16
41425,0.0,0.0,194.16
41426,150.0,150.0,194.175
41427,0.0,0.0,194.175
41428,19.0,19.0,194.175
41429,-692.0,926.0,194.17
41430,0.0,0.0,194.17
41431,0.0,0.0,194.17
41432,0.0,0.0,194.17
41433,-893.0,1093.0,194.135
41434,403.0,403.0,194.145
41435,100.0,100.0,194.155
41436,-19.0,51.0,194.145
41437,0.0,0.0,194.145
41438,0.0,0.0,194.15
41439,128.0,128.0,194.16
41440,0.0,0.0,194.16
41441,-100.0,100.0,194.15
41442,0.0,0.0,194.15
41443,100.0,100.0,194.165
41444,100.0,100.0,194.17
41445,0.0,0.0,194.17
41446,0.0,0.0,194.17
41447,0.0,0.0,194.17
41448,0.0,0.0,194.175
41449,0.0,0.0,194.175
41450,0.0,0.0,194.175
41451,500.0,506.0,194.185
41452,2710.0,3310.0,194.245
41453,-543.0,543.0,194.245
41454,0.0,0.0,194.245
41455,525.0,525.0,194.245
41456,670.0,940.0,194.275
41457,35.0,35.0,194.275
41458,203.0,203.0,194.275
41459,-298.0,302.0,194.265
41460,37.0,37.0,194.265
41461,-121.0,901.0,194.265
41462,0.0,0.0,194.265
41463,-104.0,766.0,194.255
41464,0.0,0.0,194.255
41465,0.0,0.0,194.255
41466,201.0,201.0,194.265
41467,0.0,0.0,194.265
41468,-106.0,106.0,194.265
41469,375.0,375.0,194.265
41470,30.0,30.0,194.265
41471,87.0,257.0,194.265
41472,0.0,0.0,194.265
41473,75.0,75.0,194.27
41474,-392.0,1474.0,194.25
41475,-200.0,200.0,194.245
41476,7.0,7.0,194.245
41477,-930.0,1436.0,194.235
41478,1.0,1.0,194.235
41479,-1439.0,1639.0,194.225
41480,0.0,0.0,194.225
41481,-425.0,625.0,194.225
41482,79.0,79.0,194.235
41483,-6.0,206.0,194.225
41484,1.0,1.0,194.235
41485,0.0,0.0,194.235
41486,0.0,0.0,194.235
41487,-54.0,54.0,194.235
41488,50.0,50.0,194.235
41489,0.0,0.0,194.235
41490,-600.0,800.0,194.225
41491,-10.0,10.0,194.225
41492,-506.0,706.0,194.215
41493,3.0,3.0,194.215
41494,0.0,0.0,194.215
41495,0.0,0.0,194.215
41496,0.0,0.0,194.215
41497,0.0,0.0,194.215
41498,0.0,0.0,194.215
41499,152.0,152.0,194.215
41500,0.0,0.0,194.215
41501,0.0,0.0,194.215
41502,0.0,0.0,194.215
41503,-1362.0,1562.0,194.18
41504,-100.0,100.0,194.165
41505,-150.0,350.0,194.155
41506,0.0,0.0,194.155
41507,-1099.0,1953.0,194.135
41508,45.0,45.0,194.135
41509,-1373.0,1551.0,194.12
41510,0.0,0.0,194.12
41511,-959.0,1499.0,194.1
41512,0.0,0.0,194.1
41513,0.0,0.0,194.1
41514,0.0,0.0,194.1
41515,0.0,0.0,194.1
41516,0.0,0.0,194.1
41517,2247.0,2747.0,194.14
41518,0.0,0.0,194.14
41519,400.0,400.0,194.145
41520,201.0,201.0,194.155
41521,84.0,316.0,194.155
41522,-497.0,507.0,194.12
41523,0.0,0.0,194.125
41524,0.0,0.0,194.125
41525,148.0,148.0,194.125
41526,0.0,0.0,194.125
41527,0.0,0.0,194.125
41528,-1.0,1.0,194.125
41529,81.0,81.0,194.135
41530,216.0,416.0,194.135
41531,200.0,200.0,194.135
41532,-9.0,451.0,194.135
41533,80.0,80.0,194.135
41534,275.0,903.0,194.14
41535,3.0,3.0,194.145
41536,0.0,0.0,194.14
41537,297.0,297.0,194.145
41538,0.0,0.0,194.145
41539,-704.0,860.0,194.11
41540,7.0,7.0,194.115
41541,1.0,1.0,194.115
41542,-578.0,1078.0,194.09
41543,418.0,418.0,194.105
41544,0.0,0.0,194.105
41545,0.0,0.0,194.105
41546,0.0,0.0,194.105
41547,0.0,0.0,194.105
41548,-864.0,2684.0,194.075
41549,0.0,0.0,194.075
41550,0.0,0.0,194.075
41551,0.0,0.0,194.075
41552,0.0,0.0,194.075
41553,0.0,0.0,194.075
41554,0.0,0.0,194.075
41555,0.0,0.0,194.075
41556,-51.0,51.0,194.065
41557,2.0,2.0,194.07
41558,0.0,0.0,194.07
41559,-8.0,8.0,194.07
41560,660.0,660.0,194.085
41561,298.0,298.0,194.085
41562,3.0,3.0,194.085
41563,0.0,0.0,194.085
41564,0.0,0.0,194.085
41565,52.0,52.0,194.085
41566,1.0,1.0,194.085
41567,232.0,232.0,194.085
41568,-1.0,319.0,194.095
41569,-15.0,15.0,194.09
41570,0.0,0.0,194.085
41571,-815.0,815.0,194.065
41572,239.0,239.0,194.065
41573,110.0,110.0,194.08
41574,0.0,0.0,194.075
41575,3.0,3.0,194.075
41576,-282.0,1034.0,194.045
41577,0.0,0.0,194.045
41578,896.0,896.0,194.07
41579,-201.0,201.0,194.06
41580,0.0,0.0,194.055
41581,0.0,0.0,194.055
41582,0.0,0.0,194.055
41583,0.0,0.0,194.055
41584,1315.0,1357.0,194.08
41585,305.0,305.0,194.075
41586,-243.0,877.0,194.08
41587,0.0,0.0,194.08
41588,-1.0,1.0,194.08
41589,71.0,71.0,194.085
41590,35.0,323.0,194.09
41591,-5.0,5.0,194.075
41592,-1662.0,1662.0,194.06
41593,0.0,0.0,194.055
41594,38.0,38.0,194.07
41595,0.0,0.0,194.07
41596,953.0,1153.0,194.095
41597,397.0,397.0,194.105
41598,326.0,476.0,194.13
41599,64.0,64.0,194.15
41600,0.0,0.0,194.15
41601,0.0,0.0,194.15
41602,503.0,863.0,194.145
41603,406.0,406.0,194.165
41604,100.0,100.0,194.175
41605,0.0,0.0,194.175
41606,267.0,267.0,194.185
41607,-85.0,545.0,194.185
41608,-175.0,265.0,194.165
41609,255.0,655.0,194.185
41610,294.0,1104.0,194.18
41611,67.0,67.0,194.19
41612,-313.0,1199.0,194.185
41613,272.0,512.0,194.195
41614,-912.0,1234.0,194.185
41615,132.0,132.0,194.18
41616,-301.0,301.0,194.155
41617,0.0,0.0,194.155
41618,0.0,0.0,194.155
41619,0.0,0.0,194.155
41620,-350.0,350.0,194.155
41621,-100.0,100.0,194.145
41622,1.0,1.0,194.15
41623,100.0,100.0,194.155
41624,-619.0,619.0,194.145
41625,442.0,442.0,194.145
41626,26.0,26.0,194.155
41627,0.0,0.0,194.155
41628,-89.0,513.0,194.135
41629,-458.0,458.0,194.125
41630,0.0,0.0,194.13
41631,6.0,6.0,194.135
41632,9.0,9.0,194.135
41633,459.0,459.0,194.15
41634,-1028.0,1028.0,194.12
41635,268.0,322.0,194.13
41636,0.0,0.0,194.13
41637,0.0,0.0,194.13
41638,0.0,0.0,194.13
41639,0.0,0.0,194.13
41640,-1056.0,1056.0,194.05
41641,0.0,0.0,194.045
41642,-1018.0,1018.0,194.025
41643,3.0,3.0,194.025
41644,-1101.0,3001.0,193.995
41645,45.0,923.0,193.995
41646,194.0,1038.0,194.005
41647,0.0,0.0,194.005
41648,-583.0,583.0,193.97
41649,0.0,0.0,193.97
41650,223.0,427.0,193.955
41651,0.0,0.0,193.955
41652,0.0,0.0,193.955
41653,-457.0,657.0,193.935
41654,1049.0,1049.0,193.965
41655,-199.0,201.0,193.97
41656,0.0,0.0,193.97
41657,100.0,100.0,193.985
41658,206.0,206.0,193.99
41659,501.0,501.0,194.015
41660,-10.0,10.0,194.005
41661,0.0,0.0,194.01
41662,0.0,0.0,194.01
41663,0.0,0.0,194.01
41664,0.0,0.0,194.015
41665,0.0,0.0,194.015
41666,316.0,316.0,194.03
41667,0.0,0.0,194.03
41668,-33.0,59.0,194.02
41669,0.0,0.0,194.015
41670,-302.0,302.0,194.005
41671,4.0,4.0,194.005
41672,0.0,0.0,194.005
41673,0.0,0.0,194.01
41674,0.0,0.0,194.01
41675,3.0,3.0,194.015
41676,0.0,0.0,194.015
41677,3.0,3.0,194.01
41678,0.0,0.0,194.01
41679,42.0,42.0,194.015
41680,-806.0,1100.0,193.985
41681,-16.0,390.0,193.965
41682,58.0,58.0,193.975
41683,-3.0,3.0,193.97
41684,0.0,0.0,193.97
41685,183.0,183.0,193.975
41686,248.0,248.0,193.975
41687,0.0,0.0,193.975
41688,-33.0,33.0,193.965
41689,856.0,1558.0,193.975
41690,0.0,0.0,193.975
41691,-12.0,40.0,193.97
41692,0.0,0.0,193.975
41693,-2.0,2.0,193.97
41694,0.0,0.0,193.97
41695,-842.0,842.0,193.94
41696,-301.0,301.0,193.925
41697,-410.0,414.0,193.93
41698,0.0,0.0,193.93
41699,334.0,806.0,193.92
41700,-1252.0,2022.0,193.9
41701,-800.0,800.0,193.87
41702,1319.0,1319.0,193.91
41703,0.0,0.0,193.91
41704,408.0,408.0,193.915
41705,600.0,1260.0,193.915
41706,-286.0,286.0,193.91
41707,0.0,0.0,193.91
41708,250.0,350.0,193.92
41709,-190.0,224.0,193.905
41710,0.0,0.0,193.91
41711,0.0,0.0,193.915
41712,0.0,0.0,193.915
41713,701.0,701.0,193.915
41714,0.0,0.0,193.915
41715,926.0,1546.0,193.925
41716,726.0,1806.0,193.93
41717,384.0,384.0,193.95
41718,0.0,0.0,193.95
41719,0.0,0.0,193.955
41720,400.0,400.0,193.98
41721,-426.0,430.0,193.96
41722,0.0,0.0,193.945
41723,4.0,4.0,193.945
41724,0.0,0.0,193.945
41725,-15.0,23.0,193.945
41726,-3.0,3.0,193.945
41727,-404.0,404.0,193.915
41728,-200.0,200.0,193.915
41729,30.0,230.0,193.915
41730,4.0,4.0,193.915
41731,0.0,0.0,193.915
41732,0.0,0.0,193.915
41733,324.0,524.0,193.915
41734,0.0,0.0,193.915
41735,0.0,0.0,193.915
41736,0.0,0.0,193.915
41737,-142.0,280.0,193.915
41738,-114.0,114.0,193.91
41739,0.0,0.0,193.915
41740,0.0,0.0,193.915
41741,-149.0,747.0,193.925
41742,64.0,536.0,193.915
41743,100.0,100.0,193.925
41744,0.0,0.0,193.925
41745,99.0,99.0,193.93
41746,0.0,0.0,193.94
41747,-177.0,177.0,193.94
41748,200.0,200.0,193.955
41749,305.0,305.0,193.98
41750,0.0,0.0,193.985
41751,58.0,58.0,193.99
41752,0.0,0.0,193.995
41753,-10.0,10.0,193.995
41754,-6096.0,10982.0,193.945
41755,1054.0,1514.0,193.99
41756,0.0,0.0,193.99
41757,0.0,0.0,193.985
41758,0.0,0.0,193.99
41759,0.0,0.0,193.995
41760,988.0,1244.0,194.025
41761,3.0,3.0,194.025
41762,0.0,0.0,194.03
41763,0.0,0.0,194.025
41764,0.0,0.0,194.03
41765,320.0,320.0,194.055
41766,0.0,0.0,194.055
41767,43.0,43.0,194.055
41768,-26.0,426.0,194.055
41769,553.0,553.0,194.085
41770,52.0,52.0,194.085
41771,173.0,173.0,194.09
41772,0.0,0.0,194.095
41773,-8.0,208.0,194.085
41774,230.0,230.0,194.105
41775,25.0,25.0,194.11
41776,0.0,0.0,194.11
41777,95.0,95.0,194.115
41778,459.0,459.0,194.125
41779,3.0,3.0,194.125
41780,271.0,271.0,194.13
41781,121.0,121.0,194.145
41782,-253.0,253.0,194.15
41783,2858.0,4478.0,194.265
41784,-99.0,1559.0,194.255
41785,0.0,0.0,194.255
41786,0.0,0.0,194.255
41787,0.0,0.0,194.255
41788,-2320.0,2720.0,194.215
41789,-2120.0,2120.0,194.195
41790,122.0,122.0,194.195
41791,0.0,0.0,194.195
41792,-134.0,886.0,194.185
41793,0.0,0.0,194.185
41794,0.0,0.0,194.185
41795,-51.0,51.0,194.17
41796,-568.0,568.0,194.12
41797,0.0,0.0,194.12
41798,342.0,386.0,194.115
41799,0.0,0.0,194.115
41800,0.0,0.0,194.12
41801,580.0,580.0,194.135
41802,-101.0,101.0,194.125
41803,0.0,0.0,194.125
41804,0.0,0.0,194.125
41805,0.0,0.0,194.125
41806,0.0,0.0,194.125
41807,280.0,280.0,194.135
41808,-603.0,603.0,194.115
41809,-257.0,407.0,194.1
41810,-7.0,7.0,194.095
41811,-232.0,232.0,194.09
41812,-82.0,182.0,194.1
41813,0.0,0.0,194.105
41814,215.0,865.0,194.125
41815,0.0,0.0,194.125
41816,675.0,675.0,194.135
41817,0.0,0.0,194.135
41818,176.0,176.0,194.14
41819,0.0,0.0,194.145
41820,-800.0,800.0,194.135
41821,-83.0,417.0,194.125
41822,0.0,0.0,194.12
41823,0.0,0.0,194.12
41824,0.0,0.0,194.12
41825,240.0,240.0,194.135
41826,-100.0,100.0,194.115
41827,1.0,1.0,194.12
41828,-1.0,1.0,194.125
41829,-449.0,749.0,194.11
41830,0.0,0.0,194.105
41831,719.0,721.0,194.145
41832,398.0,398.0,194.165
41833,0.0,0.0,194.16
41834,0.0,0.0,194.16
41835,0.0,0.0,194.16
41836,448.0,448.0,194.175
41837,0.0,0.0,194.18
41838,0.0,0.0,194.175
41839,0.0,0.0,194.16
41840,74.0,126.0,194.18
41841,100.0,100.0,194.18
41842,0.0,0.0,194.185
41843,720.0,1720.0,194.215
41844,29.0,29.0,194.22
41845,573.0,573.0,194.24
41846,308.0,428.0,194.27
41847,12.0,520.0,194.265
41848,0.0,0.0,194.265
41849,-350.0,350.0,194.25
41850,-1221.0,1421.0,194.215
41851,0.0,0.0,194.215
41852,-53.0,353.0,194.2
41853,0.0,0.0,194.2
41854,202.0,470.0,194.185
41855,294.0,294.0,194.195
41856,0.0,0.0,194.2
41857,0.0,0.0,194.205
41858,0.0,0.0,194.205
41859,0.0,0.0,194.205
41860,0.0,0.0,194.205
41861,0.0,0.0,194.205
41862,0.0,0.0,194.205
41863,0.0,0.0,194.205
41864,241.0,241.0,194.205
41865,500.0,500.0,194.205
41866,0.0,0.0,194.205
41867,-159.0,459.0,194.195
41868,-17.0,33.0,194.195
41869,0.0,0.0,194.195
41870,-456.0,456.0,194.185
41871,-100.0,100.0,194.185
41872,0.0,0.0,194.185
41873,129.0,333.0,194.18
41874,0.0,0.0,194.185
41875,-107.0,513.0,194.17
41876,0.0,0.0,194.17
41877,156.0,156.0,194.18
41878,0.0,0.0,194.18
41879,0.0,0.0,194.185
41880,531.0,731.0,194.19
41881,346.0,346.0,194.2
41882,0.0,0.0,194.2
41883,1.0,1.0,194.205
41884,579.0,579.0,194.205
41885,-202.0,202.0,194.195
41886,-327.0,327.0,194.175
41887,6882.0,8390.0,194.17
41888,-1.0,1.0,194.17
41889,-346.0,346.0,194.15
41890,1245.0,1705.0,194.17
41891,0.0,0.0,194.17
41892,0.0,0.0,194.17
41893,693.0,693.0,194.175
41894,-100.0,100.0,194.165
41895,0.0,0.0,194.165
41896,208.0,208.0,194.17
41897,81.0,119.0,194.17
41898,1109.0,1109.0,194.165
41899,3.0,3.0,194.165
41900,-681.0,681.0,194.165
41901,0.0,0.0,194.16
41902,2504.0,2504.0,194.17
41903,1097.0,1097.0,194.195
41904,0.0,0.0,194.185
41905,0.0,0.0,194.19
41906,-216.0,216.0,194.17
41907,-281.0,281.0,194.165
41908,40.0,40.0,194.17
41909,18.0,232.0,194.16
41910,0.0,0.0,194.165
41911,175.0,175.0,194.17
41912,0.0,0.0,194.175
41913,0.0,0.0,194.175
41914,363.0,363.0,194.175
41915,-306.0,312.0,194.155
41916,-490.0,580.0,194.15
41917,50.0,250.0,194.15
41918,275.0,275.0,194.15
41919,-504.0,504.0,194.145
41920,-1235.0,1623.0,194.14
41921,675.0,675.0,194.16
41922,537.0,673.0,194.18
41923,0.0,0.0,194.17
41924,165.0,215.0,194.155
41925,157.0,157.0,194.165
41926,-102.0,154.0,194.155
41927,0.0,0.0,194.155
41928,4.0,4.0,194.16
41929,0.0,0.0,194.16
41930,-206.0,206.0,194.145
41931,155.0,155.0,194.145
41932,1654.0,1654.0,194.205
41933,500.0,500.0,194.205
41934,-742.0,742.0,194.195
41935,0.0,0.0,194.195
41936,0.0,0.0,194.195
41937,-173.0,173.0,194.175
41938,150.0,150.0,194.19
41939,0.0,0.0,194.185
41940,208.0,1176.0,194.18
41941,0.0,0.0,194.18
41942,565.0,1005.0,194.2
41943,700.0,700.0,194.205
41944,1683.0,1683.0,194.205
41945,0.0,0.0,194.205
41946,0.0,0.0,194.205
41947,-404.0,404.0,194.19
41948,0.0,0.0,194.18
41949,0.0,0.0,194.185
41950,0.0,0.0,194.19
41951,0.0,0.0,194.19
41952,0.0,0.0,194.185
41953,70.0,70.0,194.185
41954,0.0,0.0,194.185
41955,0.0,0.0,194.185
41956,0.0,0.0,194.185
41957,0.0,0.0,194.185
41958,-145.0,267.0,194.185
41959,0.0,0.0,194.185
41960,-691.0,701.0,194.155
41961,100.0,100.0,194.16
41962,-239.0,239.0,194.155
41963,1.0,1.0,194.155
41964,0.0,0.0,194.155
41965,0.0,0.0,194.155
41966,0.0,0.0,194.155
41967,1.0,1.0,194.155
41968,0.0,0.0,194.155
41969,0.0,0.0,194.155
41970,913.0,913.0,194.165
41971,-501.0,501.0,194.155
41972,100.0,100.0,194.155
41973,-427.0,785.0,194.135
41974,-202.0,202.0,194.115
41975,-100.0,100.0,194.105
41976,-182.0,182.0,194.085
41977,0.0,0.0,194.085
41978,0.0,0.0,194.085
41979,0.0,0.0,194.085
41980,-142.0,542.0,194.07
41981,0.0,0.0,194.075
41982,-200.0,200.0,194.065
41983,0.0,0.0,194.065
41984,-105.0,105.0,194.055
41985,305.0,305.0,194.07
41986,1.0,1.0,194.075
41987,4.0,4.0,194.075
41988,520.0,870.0,194.1
41989,-200.0,200.0,194.09
41990,0.0,0.0,194.09
41991,0.0,0.0,194.09
41992,-345.0,345.0,194.065
41993,-105.0,105.0,194.055
41994,0.0,0.0,194.055
41995,0.0,0.0,194.055
41996,0.0,0.0,194.055
41997,0.0,0.0,194.055
41998,0.0,0.0,194.055
41999,-1289.0,1289.0,194.01
42000,100.0,100.0,194.015
42001,-109.0,141.0,194.01
42002,-1230.0,1456.0,193.97
42003,0.0,0.0,193.96
42004,260.0,260.0,193.975
42005,386.0,786.0,193.985
42006,0.0,0.0,193.985
42007,43.0,195.0,193.98
42008,-1.0,1.0,193.985
42009,0.0,0.0,193.985
42010,-270.0,270.0,193.98
42011,-437.0,437.0,193.965
42012,-97.0,103.0,193.955
42013,0.0,0.0,193.96
42014,0.0,0.0,193.955
42015,-206.0,396.0,193.955
42016,90.0,510.0,193.955
42017,1472.0,2420.0,193.995
42018,-225.0,225.0,193.98
42019,562.0,562.0,193.99
42020,121.0,723.0,193.975
42021,-515.0,515.0,193.95
42022,300.0,700.0,193.97
42023,1.0,1.0,193.975
42024,399.0,399.0,193.99
42025,419.0,419.0,194.01
42026,1.0,1.0,194.01
42027,203.0,295.0,194.01
42028,8.0,8.0,194.015
42029,100.0,100.0,194.02
42030,0.0,0.0,194.02
42031,0.0,0.0,194.02
42032,300.0,300.0,194.02
42033,400.0,400.0,194.04
42034,0.0,0.0,194.04
42035,-1.0,1.0,194.035
42036,0.0,0.0,194.035
42037,-473.0,473.0,194.015
42038,-97.0,309.0,194.02
42039,300.0,300.0,194.035
42040,551.0,551.0,194.07
42041,102.0,702.0,194.07
42042,0.0,0.0,194.075
42043,0.0,0.0,194.08
42044,0.0,0.0,194.08
42045,0.0,0.0,194.08
42046,-3.0,3.0,194.08
42047,178.0,178.0,194.085
42048,0.0,0.0,194.08
42049,388.0,588.0,194.1
42050,-300.0,300.0,194.09
42051,0.0,400.0,194.08
42052,0.0,0.0,194.08
42053,-203.0,203.0,194.07
42054,-2.0,2.0,194.07
42055,109.0,109.0,194.09
42056,330.0,330.0,194.105
42057,75.0,125.0,194.11
42058,-108.0,108.0,194.09
42059,0.0,0.0,194.085
42060,0.0,0.0,194.095
42061,121.0,121.0,194.095
42062,-618.0,998.0,194.07
42063,-200.0,400.0,194.06
42064,-222.0,578.0,194.04
42065,-122.0,140.0,194.02
42066,0.0,0.0,194.02
42067,0.0,0.0,194.02
42068,-193.0,885.0,194.015
42069,-796.0,1256.0,194.0
42070,-3.0,3.0,193.995
42071,2.0,2.0,194.005
42072,-502.0,702.0,193.99
42073,-241.0,953.0,193.99
42074,866.0,1066.0,193.99
42075,-6.0,6.0,193.98
42076,100.0,100.0,193.99
42077,1836.0,1836.0,193.99
42078,0.0,0.0,193.995
42079,3356.0,3418.0,193.995
42080,201.0,201.0,193.995
42081,773.0,773.0,193.995
42082,0.0,0.0,193.995
42083,512.0,1312.0,193.995
42084,2696.0,3766.0,194.02
42085,8.0,8.0,194.02
42086,3.0,3.0,194.015
42087,0.0,0.0,194.02
42088,0.0,0.0,194.02
42089,1202.0,1202.0,194.06
42090,442.0,442.0,194.06
42091,0.0,0.0,194.06
42092,907.0,1947.0,194.075
42093,0.0,200.0,194.06
42094,0.0,0.0,194.06
42095,0.0,0.0,194.06
42096,0.0,0.0,194.06
42097,0.0,0.0,194.06
42098,680.0,680.0,194.07
42099,0.0,0.0,194.075
42100,-1030.0,1180.0,194.04
42101,-766.0,766.0,193.99
42102,0.0,0.0,193.995
42103,0.0,0.0,193.995
42104,1180.0,1180.0,194.005
42105,190.0,610.0,194.005
42106,0.0,0.0,194.005
42107,80.0,80.0,194.005
42108,0.0,0.0,194.005
42109,0.0,0.0,194.005
42110,0.0,0.0,194.005
42111,300.0,300.0,194.015
42112,300.0,300.0,194.03
42113,6.0,6.0,194.035
42114,-200.0,200.0,194.04
42115,100.0,100.0,194.04
42116,300.0,300.0,194.06
42117,5.0,5.0,194.065
42118,0.0,0.0,194.065
42119,0.0,0.0,194.065
42120,216.0,216.0,194.075
42121,245.0,245.0,194.085
42122,985.0,985.0,194.16
42123,-110.0,110.0,194.155
42124,561.0,561.0,194.175
42125,-200.0,200.0,194.165
42126,247.0,247.0,194.18
42127,1.0,1.0,194.18
42128,0.0,0.0,194.18
42129,0.0,0.0,194.18
42130,3192.0,3192.0,194.205
42131,0.0,0.0,194.205
42132,212.0,212.0,194.215
42133,206.0,206.0,194.23
42134,-340.0,460.0,194.22
42135,-291.0,531.0,194.215
42136,-39.0,319.0,194.21
42137,2100.0,2100.0,194.215
42138,-215.0,215.0,194.205
42139,-207.0,207.0,194.205
42140,-85.0,85.0,194.175
42141,0.0,0.0,194.17
42142,0.0,0.0,194.17
42143,560.0,560.0,194.185
42144,0.0,0.0,194.185
42145,0.0,0.0,194.185
42146,-75.0,565.0,194.17
42147,0.0,0.0,194.17
42148,-986.0,1426.0,194.12
42149,1.0,1.0,194.12
42150,-245.0,763.0,194.105
42151,400.0,400.0,194.115
42152,0.0,0.0,194.105
42153,-50.0,150.0,194.105
42154,225.0,225.0,194.115
42155,255.0,255.0,194.125
42156,-56.0,56.0,194.12
42157,0.0,0.0,194.12
42158,-106.0,346.0,194.12
42159,1079.0,1079.0,194.135
42160,-220.0,220.0,194.12
42161,0.0,0.0,194.13
42162,0.0,0.0,194.13
42163,99.0,101.0,194.11
42164,251.0,251.0,194.13
42165,100.0,100.0,194.13
42166,-101.0,101.0,194.11
42167,200.0,200.0,194.12
42168,0.0,0.0,194.12
42169,512.0,512.0,194.145
42170,100.0,100.0,194.145
42171,0.0,0.0,194.145
42172,-200.0,400.0,194.135
42173,7.0,7.0,194.14
42174,99.0,101.0,194.12
42175,0.0,0.0,194.12
42176,2.0,2.0,194.13
42177,-3.0,3.0,194.12
42178,130.0,130.0,194.115
42179,0.0,0.0,194.115
42180,208.0,424.0,194.13
42181,80.0,120.0,194.12
42182,783.0,947.0,194.15
42183,-122.0,322.0,194.125
42184,0.0,0.0,194.13
42185,100.0,100.0,194.13
42186,0.0,0.0,194.13
42187,0.0,0.0,194.13
42188,100.0,100.0,194.13
42189,-1.0,1.0,194.135
42190,887.0,887.0,194.19
42191,0.0,0.0,194.19
42192,0.0,0.0,194.19
42193,0.0,0.0,194.19
42194,100.0,100.0,194.19
42195,100.0,100.0,194.19
42196,0.0,0.0,194.19
42197,1206.0,1406.0,194.22
42198,1.0,1.0,194.22
42199,0.0,0.0,194.22
42200,455.0,455.0,194.23
42201,0.0,0.0,194.23
42202,0.0,0.0,194.23
42203,544.0,854.0,194.24
42204,427.0,427.0,194.255
42205,1346.0,1346.0,194.27
42206,201.0,201.0,194.26
42207,0.0,0.0,194.26
42208,1711.0,3571.0,194.305
42209,100.0,100.0,194.305
42210,0.0,0.0,194.305
42211,-268.0,468.0,194.3
42212,0.0,0.0,194.3
42213,125.0,125.0,194.3
42214,0.0,0.0,194.305
42215,965.0,1077.0,194.335
42216,-679.0,693.0,194.335
42217,11.0,11.0,194.335
42218,0.0,0.0,194.335
42219,0.0,0.0,194.335
42220,1.0,1.0,194.335
42221,76.0,76.0,194.335
42222,1.0,1.0,194.335
42223,710.0,710.0,194.335
42224,-446.0,756.0,194.335
42225,0.0,0.0,194.335
42226,-118.0,118.0,194.335
42227,0.0,0.0,194.335
42228,0.0,0.0,194.335
42229,-130.0,130.0,194.335
42230,0.0,0.0,194.335
42231,0.0,0.0,194.335
42232,735.0,1553.0,194.335
42233,1897.0,1923.0,194.335
42234,0.0,0.0,194.335
42235,2084.0,2288.0,194.38
42236,-315.0,345.0,194.37
42237,1825.0,2085.0,194.37
42238,870.0,1130.0,194.37
42239,642.0,642.0,194.38
42240,-33.0,233.0,194.365
42241,-300.0,500.0,194.36
42242,0.0,0.0,194.36
42243,0.0,0.0,194.36
42244,-378.0,1096.0,194.36
42245,10.0,10.0,194.36
42246,6.0,6.0,194.365
42247,0.0,0.0,194.36
42248,-316.0,316.0,194.345
42249,101.0,101.0,194.36
42250,100.0,100.0,194.36
42251,0.0,2.0,194.36
42252,8.0,8.0,194.355
42253,2.0,2.0,194.355
42254,15.0,15.0,194.355
42255,100.0,100.0,194.355
42256,0.0,0.0,194.355
42257,100.0,100.0,194.355
42258,375.0,375.0,194.355
42259,380.0,820.0,194.355
42260,325.0,945.0,194.335
42261,100.0,100.0,194.335
42262,-168.0,438.0,194.325
42263,-229.0,571.0,194.335
42264,0.0,0.0,194.335
42265,-105.0,105.0,194.335
42266,0.0,0.0,194.33
42267,0.0,0.0,194.33
42268,0.0,0.0,194.33
42269,0.0,0.0,194.33
42270,-598.0,1146.0,194.33
42271,426.0,426.0,194.345
42272,-405.0,405.0,194.335
42273,-1153.0,1243.0,194.315
42274,0.0,0.0,194.31
42275,0.0,0.0,194.31
42276,0.0,0.0,194.31
42277,0.0,0.0,194.31
42278,0.0,0.0,194.315
42279,0.0,0.0,194.315
42280,-201.0,201.0,194.31
42281,0.0,0.0,194.31
42282,0.0,0.0,194.305
42283,-2095.0,2095.0,194.22
42284,2322.0,2562.0,194.265
42285,0.0,0.0,194.265
42286,-128.0,288.0,194.245
42287,0.0,0.0,194.245
42288,0.0,0.0,194.245
42289,0.0,0.0,194.245
42290,0.0,0.0,194.245
42291,19.0,19.0,194.26
42292,0.0,0.0,194.26
42293,0.0,0.0,194.255
42294,-75.0,325.0,194.255
42295,0.0,0.0,194.255
42296,0.0,0.0,194.255
42297,0.0,0.0,194.255
42298,984.0,984.0,194.27
42299,0.0,0.0,194.27
42300,-900.0,900.0,194.26
42301,0.0,0.0,194.26
42302,0.0,0.0,194.265
42303,-10.0,10.0,194.255
42304,709.0,709.0,194.275
42305,97.0,97.0,194.3
42306,501.0,501.0,194.325
42307,-32.0,968.0,194.33
42308,-25.0,25.0,194.325
42309,0.0,0.0,194.325
42310,0.0,0.0,194.325
42311,23.0,1839.0,194.355
42312,-294.0,316.0,194.345
42313,0.0,0.0,194.345
42314,0.0,0.0,194.345
42315,0.0,0.0,194.345
42316,-21.0,583.0,194.345
42317,-195.0,395.0,194.335
42318,0.0,0.0,194.335
42319,-200.0,200.0,194.325
42320,-481.0,681.0,194.32
42321,0.0,0.0,194.32
42322,0.0,0.0,194.325
42323,-1.0,1.0,194.325
42324,0.0,0.0,194.325
42325,0.0,0.0,194.325
42326,566.0,566.0,194.335
42327,282.0,282.0,194.335
42328,0.0,0.0,194.335
42329,-1293.0,1615.0,194.315
42330,0.0,0.0,194.315
42331,-273.0,635.0,194.305
42332,-51.0,51.0,194.29
42333,-277.0,279.0,194.255
42334,337.0,337.0,194.26
42335,0.0,0.0,194.26
42336,0.0,0.0,194.26
42337,0.0,0.0,194.26
42338,11.0,11.0,194.255
42339,1.0,1.0,194.255
42340,15.0,913.0,194.26
42341,0.0,0.0,194.26
42342,-169.0,169.0,194.255
42343,53.0,53.0,194.26
42344,0.0,0.0,194.26
42345,0.0,0.0,194.265
42346,0.0,0.0,194.265
42347,-243.0,243.0,194.265
42348,0.0,0.0,194.26
42349,0.0,0.0,194.26
42350,0.0,0.0,194.265
42351,0.0,0.0,194.26
42352,0.0,0.0,194.255
42353,-410.0,410.0,194.22
42354,0.0,0.0,194.215
42355,-267.0,267.0,194.215
42356,700.0,702.0,194.225
42357,-281.0,281.0,194.2
42358,0.0,0.0,194.2
42359,0.0,0.0,194.195
42360,-897.0,937.0,194.15
42361,0.0,0.0,194.15
42362,0.0,0.0,194.15
42363,0.0,0.0,194.145
42364,3.0,3.0,194.145
42365,0.0,0.0,194.145
42366,-470.0,506.0,194.12
42367,-670.0,670.0,194.09
42368,-1300.0,1300.0,194.075
42369,0.0,0.0,194.065
42370,990.0,1490.0,194.08
42371,100.0,100.0,194.095
42372,-100.0,100.0,194.09
42373,25.0,25.0,194.095
42374,20.0,20.0,194.095
42375,0.0,0.0,194.095
42376,0.0,0.0,194.095
42377,0.0,0.0,194.09
42378,-25.0,25.0,194.08
42379,2205.0,2265.0,194.105
42380,-155.0,155.0,194.1
42381,0.0,0.0,194.105
42382,3.0,3.0,194.105
42383,0.0,0.0,194.105
42384,-211.0,211.0,194.09
42385,100.0,100.0,194.1
42386,0.0,0.0,194.1
42387,0.0,0.0,194.1
42388,-420.0,820.0,194.08
42389,-220.0,220.0,194.075
42390,0.0,0.0,194.08
42391,3.0,3.0,194.08
42392,0.0,0.0,194.08
42393,0.0,0.0,194.085
42394,0.0,0.0,194.085
42395,0.0,0.0,194.085
42396,0.0,0.0,194.085
42397,-202.0,202.0,194.065
42398,-203.0,203.0,194.065
42399,51.0,251.0,194.065
42400,0.0,0.0,194.065
42401,0.0,0.0,194.07
42402,0.0,0.0,194.07
42403,-1026.0,1026.0,194.045
42404,-231.0,231.0,194.025
42405,-110.0,110.0,194.01
42406,0.0,0.0,194.01
42407,0.0,0.0,194.015
42408,0.0,0.0,194.01
42409,0.0,0.0,194.015
42410,0.0,0.0,194.015
42411,0.0,0.0,194.015
42412,5.0,5.0,194.015
42413,-181.0,2687.0,193.99
42414,0.0,0.0,193.99
42415,0.0,0.0,193.99
42416,0.0,0.0,193.99
42417,0.0,0.0,193.99
42418,-393.0,417.0,193.965
42419,0.0,0.0,193.96
42420,0.0,0.0,193.96
42421,0.0,0.0,193.96
42422,-202.0,202.0,193.945
42423,570.0,570.0,193.945
42424,0.0,0.0,193.945
42425,404.0,1024.0,193.955
42426,547.0,547.0,193.98
42427,0.0,0.0,193.98
42428,290.0,290.0,193.995
42429,-212.0,212.0,193.99
42430,-1243.0,1243.0,193.96
42431,-195.0,205.0,193.95
42432,0.0,0.0,193.95
42433,0.0,0.0,193.95
42434,3496.0,4376.0,193.98
42435,0.0,0.0,193.98
42436,0.0,0.0,193.98
42437,0.0,0.0,193.98
42438,902.0,902.0,193.995
42439,0.0,0.0,193.995
42440,-156.0,556.0,194.0
42441,0.0,0.0,193.995
42442,0.0,0.0,193.995
42443,0.0,0.0,193.995
42444,0.0,0.0,193.995
42445,-409.0,609.0,193.99
42446,271.0,271.0,194.01
42447,0.0,0.0,194.01
42448,-130.0,330.0,194.01
42449,0.0,0.0,194.01
42450,-666.0,778.0,193.98
42451,0.0,0.0,193.98
42452,-70.0,130.0,193.975
42453,145.0,405.0,193.985
42454,135.0,135.0,194.0
42455,0.0,0.0,194.0
42456,-100.0,300.0,193.99
42457,0.0,0.0,193.995
42458,45.0,45.0,193.995
42459,-510.0,510.0,193.97
42460,100.0,100.0,193.97
42461,-300.0,300.0,193.955
42462,255.0,255.0,193.96
42463,-117.0,161.0,193.945
42464,0.0,0.0,193.945
42465,-178.0,210.0,193.95
42466,0.0,0.0,193.95
42467,0.0,0.0,193.95
42468,170.0,2380.0,194.005
42469,309.0,509.0,194.01
42470,-798.0,1818.0,194.015
42471,0.0,0.0,194.015
42472,0.0,0.0,194.015
42473,-281.0,281.0,194.005
42474,0.0,0.0,194.005
42475,141.0,141.0,194.01
42476,5.0,5.0,194.015
42477,0.0,0.0,194.015
42478,-200.0,200.0,194.005
42479,-1019.0,1679.0,194.005
42480,270.0,330.0,194.005
42481,53.0,53.0,194.015
42482,0.0,0.0,194.015
42483,-108.0,408.0,194.015
42484,259.0,259.0,194.02
42485,222.0,338.0,194.025
42486,0.0,0.0,194.025
42487,0.0,0.0,194.025
42488,-325.0,525.0,194.005
42489,0.0,0.0,194.01
42490,0.0,0.0,194.015
42491,-200.0,200.0,194.005
42492,370.0,370.0,194.025
42493,0.0,0.0,194.025
42494,-2.0,2.0,194.02
42495,132.0,132.0,194.02
42496,-74.0,126.0,194.02
42497,0.0,0.0,194.02
42498,388.0,548.0,194.05
42499,105.0,305.0,194.05
42500,0.0,0.0,194.05
42501,-969.0,969.0,194.03
42502,0.0,0.0,194.03
42503,-1966.0,1966.0,194.015
42504,0.0,0.0,194.015
42505,175.0,225.0,194.02
42506,-227.0,227.0,194.005
42507,200.0,200.0,194.02
42508,-381.0,385.0,194.005
42509,-201.0,359.0,194.0
42510,0.0,0.0,194.0
42511,-374.0,584.0,193.975
42512,1.0,1.0,193.975
42513,0.0,0.0,193.975
42514,-269.0,337.0,193.96
42515,0.0,0.0,193.965
42516,0.0,0.0,193.96
42517,895.0,1961.0,194.005
42518,378.0,992.0,194.02
42519,0.0,0.0,194.02
42520,0.0,0.0,194.02
42521,0.0,0.0,194.02
42522,0.0,0.0,194.02
42523,351.0,849.0,194.02
42524,0.0,0.0,194.02
42525,-100.0,100.0,194.015
42526,-410.0,410.0,194.015
42527,0.0,0.0,194.015
42528,0.0,0.0,194.015
42529,290.0,290.0,194.03
42530,-45.0,45.0,194.02
42531,0.0,0.0,194.025
42532,0.0,0.0,194.02
42533,-920.0,1160.0,194.005
42534,0.0,0.0,194.005
42535,120.0,560.0,194.005
42536,26.0,702.0,194.005
42537,0.0,0.0,194.005
42538,-375.0,375.0,194.005
42539,0.0,0.0,194.005
42540,315.0,615.0,194.015
42541,206.0,206.0,194.035
42542,-45.0,45.0,194.035
42543,136.0,304.0,194.04
42544,-45.0,45.0,194.04
42545,0.0,0.0,194.04
42546,-46.0,46.0,194.035
42547,0.0,0.0,194.035
42548,-201.0,201.0,194.03
42549,2.0,2.0,194.035
42550,-370.0,370.0,194.035
42551,0.0,0.0,194.035
42552,0.0,0.0,194.035
42553,-300.0,300.0,194.03
42554,298.0,298.0,194.045
42555,-123.0,323.0,194.02
42556,0.0,0.0,194.02
42557,-120.0,120.0,194.02
42558,0.0,0.0,194.02
42559,0.0,0.0,194.02
42560,-335.0,335.0,194.015
42561,-100.0,100.0,194.02
42562,0.0,0.0,194.02
42563,-429.0,829.0,194.02
42564,0.0,0.0,194.02
42565,-203.0,203.0,194.01
42566,0.0,0.0,194.01
42567,-429.0,429.0,194.005
42568,60.0,60.0,194.015
42569,-40.0,40.0,194.015
42570,-232.0,232.0,194.01
42571,-148.0,148.0,194.005
42572,-311.0,311.0,194.005
42573,-200.0,200.0,194.0
42574,0.0,0.0,194.005
42575,-126.0,126.0,193.99
42576,-331.0,483.0,193.955
42577,0.0,0.0,193.955
42578,0.0,0.0,193.955
42579,-149.0,295.0,193.945
42580,0.0,0.0,193.945
42581,0.0,0.0,193.945
42582,0.0,0.0,193.945
42583,2212.0,2212.0,193.985
42584,-705.0,705.0,193.97
42585,0.0,0.0,193.975
42586,-976.0,984.0,193.96
42587,0.0,0.0,193.96
42588,-2.0,2.0,193.96
42589,-13.0,13.0,193.955
42590,-20.0,20.0,193.95
42591,20.0,240.0,193.97
42592,-319.0,319.0,193.95
42593,-227.0,227.0,193.93
42594,413.0,627.0,193.93
42595,4.0,4.0,193.925
42596,-341.0,341.0,193.905
42597,306.0,306.0,193.905
42598,69.0,69.0,193.915
42599,-241.0,241.0,193.91
42600,-425.0,425.0,193.905
42601,1.0,1.0,193.905
42602,-259.0,1079.0,193.885
42603,-18.0,168.0,193.89
42604,201.0,201.0,193.895
42605,-393.0,455.0,193.88
42606,-6.0,166.0,193.875
42607,279.0,321.0,193.875
42608,-3.0,3.0,193.87
42609,203.0,205.0,193.875
42610,-47.0,55.0,193.885
42611,-107.0,107.0,193.875
42612,-2.0,246.0,193.86
42613,-2350.0,2350.0,193.805
42614,0.0,0.0,193.805
42615,-184.0,184.0,193.795
42616,0.0,0.0,193.795
42617,-337.0,337.0,193.785
42618,1242.0,1756.0,193.785
42619,-425.0,1025.0,193.78
42620,0.0,0.0,193.78
42621,1667.0,2373.0,193.795
42622,-305.0,305.0,193.79
42623,4.0,4.0,193.79
42624,0.0,0.0,193.795
42625,1424.0,2168.0,193.815
42626,350.0,450.0,193.83
42627,404.0,604.0,193.86
42628,-327.0,327.0,193.84
42629,0.0,0.0,193.835
42630,-133.0,1121.0,193.825
42631,-506.0,518.0,193.83
42632,309.0,309.0,193.845
42633,102.0,102.0,193.865
42634,0.0,0.0,193.865
42635,-100.0,100.0,193.855
42636,-8.0,8.0,193.85
42637,0.0,0.0,193.85
42638,-767.0,1057.0,193.795
42639,393.0,393.0,193.81
42640,0.0,0.0,193.8
42641,0.0,0.0,193.8
42642,40.0,40.0,193.815
42643,0.0,0.0,193.815
42644,0.0,0.0,193.815
42645,612.0,612.0,193.83
42646,0.0,0.0,193.84
42647,-223.0,223.0,193.835
42648,150.0,150.0,193.84
42649,-1624.0,1624.0,193.815
42650,0.0,0.0,193.815
42651,380.0,380.0,193.825
42652,15.0,15.0,193.82
42653,0.0,0.0,193.82
42654,198.0,198.0,193.83
42655,13.0,13.0,193.825
42656,0.0,0.0,193.83
42657,-248.0,248.0,193.805
42658,-200.0,200.0,193.795
42659,-142.0,268.0,193.785
42660,118.0,362.0,193.785
42661,217.0,927.0,193.79
42662,0.0,0.0,193.79
42663,0.0,0.0,193.79
42664,-3450.0,3450.0,193.745
42665,-372.0,604.0,193.715
42666,304.0,3282.0,193.735
42667,-3.0,3.0,193.735
42668,-401.0,601.0,193.725
42669,376.0,460.0,193.73
42670,5.0,5.0,193.725
42671,0.0,0.0,193.725
42672,397.0,397.0,193.735
42673,7.0,7.0,193.735
42674,0.0,0.0,193.735
42675,418.0,418.0,193.745
42676,411.0,631.0,193.75
42677,5651.0,6627.0,193.8
42678,-400.0,400.0,193.79
42679,0.0,0.0,193.79
42681,190.0,410.0,193.805
42682,2.0,2.0,193.805
42683,134.0,1066.0,193.805
42684,-218.0,662.0,193.82
42685,-61.0,61.0,193.805
42686,100.0,100.0,193.815
42687,-511.0,511.0,193.795
42688,0.0,0.0,193.8
42689,0.0,0.0,193.8
42690,0.0,0.0,193.81
42691,318.0,322.0,193.835
42692,-41.0,45.0,193.825
42693,-99.0,99.0,193.82
42694,0.0,0.0,193.82
42695,0.0,0.0,193.8
42696,0.0,0.0,193.8
42697,55.0,55.0,193.82
42698,0.0,0.0,193.82
42699,0.0,0.0,193.825
42700,-120.0,320.0,193.83
42701,148.0,148.0,193.84
42702,0.0,0.0,193.84
42703,0.0,0.0,193.84
42704,0.0,0.0,193.845
42705,303.0,303.0,193.855
42706,97.0,103.0,193.865
42707,410.0,410.0,193.87
42708,-100.0,100.0,193.87
42709,0.0,0.0,193.875
42710,101.0,101.0,193.885
42711,302.0,302.0,193.885
42712,0.0,0.0,193.885
42713,20.0,850.0,193.895
42714,0.0,0.0,193.89
42715,100.0,100.0,193.895
42716,1583.0,1583.0,193.915
42717,10.0,10.0,193.915
42718,0.0,0.0,193.915
42719,-499.0,701.0,193.905
42720,24.0,24.0,193.905
42721,-318.0,320.0,193.885
42722,0.0,0.0,193.895
42723,201.0,201.0,193.905
42724,97.0,97.0,193.905
42725,0.0,0.0,193.905
42726,0.0,0.0,193.905
42727,0.0,0.0,193.905
42728,-102.0,102.0,193.89
42729,0.0,0.0,193.89
42730,0.0,0.0,193.89
42731,0.0,0.0,193.905
42732,0.0,0.0,193.905
42733,0.0,0.0,193.905
42734,676.0,676.0,193.905
42735,0.0,0.0,193.905
42736,-103.0,103.0,193.895
42737,-215.0,215.0,193.865
42738,-329.0,331.0,193.865
42739,1.0,1.0,193.865
42740,0.0,0.0,193.875
42741,460.0,460.0,193.88
42742,17.0,17.0,193.895
42743,0.0,0.0,193.895
42744,0.0,0.0,193.895
42745,-1.0,1.0,193.895
42746,0.0,0.0,193.895
42747,230.0,230.0,193.905
42748,0.0,0.0,193.905
42749,200.0,200.0,193.915
42750,0.0,0.0,193.925
42751,0.0,0.0,193.925
42752,0.0,0.0,193.925
42753,-247.0,247.0,193.915
42754,-65.0,65.0,193.915
42755,125.0,175.0,193.92
42756,364.0,436.0,193.93
42757,0.0,0.0,193.93
42758,0.0,0.0,193.925
42759,0.0,0.0,193.925
42760,8.0,8.0,193.935
42761,138.0,146.0,193.945
42762,-239.0,239.0,193.945
42763,0.0,0.0,193.945
42764,90.0,90.0,193.95
42765,205.0,205.0,193.965
42766,0.0,0.0,193.965
42767,-215.0,215.0,193.965
42768,0.0,0.0,193.965
42769,0.0,0.0,193.965
42770,0.0,0.0,193.965
42771,306.0,306.0,193.975
42772,0.0,0.0,193.97
42773,0.0,0.0,193.97
42774,-400.0,540.0,193.97
42775,-201.0,201.0,193.965
42776,-149.0,149.0,193.965
42777,0.0,0.0,193.965
42778,-83.0,83.0,193.965
42779,-4.0,4.0,193.965
42780,0.0,0.0,193.96
42781,2116.0,2116.0,194.015
42782,0.0,0.0,194.015
42783,-100.0,100.0,194.015
42784,-254.0,574.0,194.015
42785,599.0,635.0,194.015
42786,0.0,0.0,194.015
42787,0.0,0.0,194.015
42788,-1.0,1.0,194.015
42789,0.0,0.0,194.015
42790,0.0,0.0,194.015
42791,-195.0,695.0,194.015
42792,-300.0,700.0,194.01
42793,0.0,0.0,194.01
42794,53.0,727.0,194.0
42795,0.0,0.0,194.0
42796,0.0,0.0,194.005
42797,0.0,0.0,194.01
42798,-458.0,538.0,194.0
42799,-26.0,26.0,194.0
42800,-100.0,100.0,194.0
42801,-68.0,398.0,193.985
42802,0.0,0.0,193.99
42803,0.0,0.0,193.99
42804,0.0,0.0,193.995
42805,-288.0,314.0,193.985
42806,225.0,225.0,193.995
42807,33.0,47.0,193.995
42808,-300.0,300.0,193.98
42809,150.0,350.0,193.975
42810,0.0,0.0,193.97
42811,-388.0,668.0,193.955
42812,0.0,0.0,193.97
42813,129.0,129.0,193.98
42814,-100.0,100.0,193.985
42815,327.0,529.0,194.005
42816,-25.0,25.0,193.995
42817,18.0,1018.0,193.985
42818,90.0,290.0,194.01
42819,-70.0,150.0,194.015
42820,0.0,0.0,194.015
42821,15.0,157.0,194.015
42822,102.0,102.0,194.015
42823,-100.0,100.0,194.005
42824,0.0,0.0,194.01
42825,0.0,0.0,194.01
42826,0.0,0.0,194.01
42827,0.0,0.0,194.01
42828,917.0,917.0,194.015
42829,4578.0,5198.0,194.015
42830,0.0,0.0,194.015
42831,0.0,0.0,194.015
42832,-5.0,405.0,194.015
42833,0.0,0.0,194.015
42834,0.0,0.0,194.01
42835,300.0,300.0,194.005
42836,90.0,90.0,194.01
42837,0.0,0.0,194.01
42838,0.0,0.0,194.01
42839,0.0,0.0,194.01
42840,138.0,138.0,194.015
42841,0.0,0.0,194.015
42842,-519.0,675.0,193.995
42843,-305.0,305.0,193.985
42844,-35.0,165.0,193.985
42845,300.0,300.0,193.99
42846,0.0,0.0,193.995
42847,-27.0,27.0,193.98
42848,0.0,0.0,193.985
42849,-614.0,1264.0,193.985
42850,399.0,411.0,193.995
42851,0.0,0.0,193.995
42852,-249.0,249.0,193.975
42853,-290.0,290.0,193.965
42854,0.0,0.0,193.965
42855,0.0,0.0,193.965
42856,200.0,240.0,193.97
42857,0.0,0.0,193.96
42858,0.0,0.0,193.96
42859,6.0,6.0,193.965
42860,-22.0,62.0,193.955
42861,0.0,0.0,193.955
42862,0.0,0.0,193.955
42863,259.0,259.0,193.965
42864,0.0,0.0,193.96
42865,46.0,46.0,193.96
42866,0.0,0.0,193.96
42867,-325.0,325.0,193.945
42868,57.0,299.0,193.945
42869,-2.0,2.0,193.945
42870,-77.0,379.0,193.945
42871,0.0,0.0,193.945
42872,19.0,397.0,193.945
42873,420.0,620.0,193.955
42874,0.0,0.0,193.955
42875,3.0,3.0,193.955
42876,-20.0,20.0,193.955
42877,-102.0,102.0,193.945
42878,186.0,436.0,193.945
42879,-102.0,102.0,193.94
42880,0.0,0.0,193.935
42881,-246.0,246.0,193.935
42882,0.0,0.0,193.935
42883,-534.0,1416.0,193.92
42884,0.0,0.0,193.925
42885,0.0,0.0,193.925
42886,0.0,0.0,193.925
42887,-103.0,103.0,193.915
42888,0.0,0.0,193.915
42889,-2294.0,2294.0,193.88
42890,0.0,0.0,193.885
42891,-6.0,6.0,193.88
42892,0.0,0.0,193.885
42893,0.0,0.0,193.885
42894,0.0,0.0,193.885
42895,-425.0,425.0,193.88
42896,0.0,0.0,193.885
42897,-2.0,2.0,193.875
42898,-100.0,100.0,193.875
42899,99.0,99.0,193.875
42900,-129.0,129.0,193.875
42901,-71.0,271.0,193.875
42902,0.0,0.0,193.875
42903,775.0,775.0,193.885
42904,0.0,0.0,193.885
42905,-28.0,28.0,193.88
42906,0.0,0.0,193.88
42907,0.0,0.0,193.875
42908,-424.0,424.0,193.865
42909,-614.0,614.0,193.865
42910,1249.0,1249.0,193.885
42911,-125.0,125.0,193.885
42912,0.0,0.0,193.885
42913,0.0,0.0,193.885
42914,643.0,1277.0,193.895
42915,0.0,0.0,193.895
42916,-155.0,155.0,193.88
42917,-36.0,238.0,193.86
42918,0.0,0.0,193.86
42919,58.0,58.0,193.865
42920,151.0,151.0,193.865
42921,0.0,0.0,193.875
42922,0.0,0.0,193.875
42923,0.0,0.0,193.875
42924,0.0,0.0,193.875
42925,384.0,384.0,193.895
42926,-199.0,201.0,193.88
42927,0.0,0.0,193.88
42928,-458.0,458.0,193.865
42929,0.0,0.0,193.865
42930,0.0,0.0,193.865
42931,0.0,0.0,193.865
42932,-214.0,214.0,193.865
42933,-475.0,475.0,193.82
42934,-608.0,630.0,193.805
42935,0.0,0.0,193.805
42936,210.0,210.0,193.83
42937,136.0,136.0,193.84
42938,-101.0,101.0,193.825
42939,0.0,0.0,193.825
42940,0.0,0.0,193.83
42941,0.0,0.0,193.83
42942,0.0,0.0,193.83
42943,0.0,0.0,193.83
42944,0.0,0.0,193.83
42945,0.0,0.0,193.83
42946,0.0,0.0,193.835
42947,-131.0,131.0,193.825
42948,104.0,104.0,193.84
42949,9.0,9.0,193.855
42950,-25.0,25.0,193.835
42951,10.0,10.0,193.835
42952,0.0,0.0,193.825
42953,0.0,0.0,193.825
42954,0.0,0.0,193.825
42955,200.0,200.0,193.84
42956,0.0,0.0,193.84
42957,0.0,0.0,193.84
42958,0.0,0.0,193.845
42959,1.0,1.0,193.845
42960,-100.0,100.0,193.835
42961,-32.0,32.0,193.825
42962,0.0,0.0,193.825
42963,0.0,0.0,193.825
42964,-239.0,643.0,193.805
42965,-1441.0,1859.0,193.79
42966,0.0,0.0,193.79
42967,339.0,961.0,193.785
42968,-101.0,101.0,193.77
42969,-5143.0,5757.0,193.75
42970,1.0,1.0,193.765
42971,-25.0,25.0,193.755
42972,0.0,0.0,193.75
42973,0.0,0.0,193.75
42974,-386.0,386.0,193.73
42975,364.0,378.0,193.755
42976,75.0,125.0,193.75
42977,0.0,0.0,193.75
42978,-23.0,25.0,193.755
42979,-4.0,686.0,193.75
42980,0.0,0.0,193.75
42981,500.0,500.0,193.755
42982,742.0,742.0,193.79
42983,-155.0,155.0,193.765
42984,100.0,100.0,193.775
42985,0.0,0.0,193.775
42986,-120.0,120.0,193.77
42987,0.0,0.0,193.765
42988,-252.0,252.0,193.755
42989,-100.0,100.0,193.75
42990,-721.0,753.0,193.74
42991,0.0,0.0,193.74
42992,0.0,0.0,193.74
42993,-338.0,338.0,193.735
42994,0.0,0.0,193.735
42995,-297.0,303.0,193.725
42996,0.0,0.0,193.725
42997,-242.0,242.0,193.725
42998,0.0,0.0,193.725
42999,-100.0,100.0,193.715
43000,302.0,302.0,193.725
43001,0.0,0.0,193.735
43002,-100.0,100.0,193.72
43003,0.0,0.0,193.72
43004,-52.0,52.0,193.71
43005,0.0,0.0,193.705
43006,-524.0,524.0,193.695
43007,0.0,0.0,193.695
43008,-874.0,874.0,193.675
43009,23.0,293.0,193.675
43010,0.0,0.0,193.675
43011,-301.0,301.0,193.66
43012,0.0,0.0,193.675
43013,-300.0,300.0,193.675
43014,85.0,555.0,193.7
43015,0.0,0.0,193.7
43016,-252.0,258.0,193.68
43017,0.0,0.0,193.685
43018,1.0,1.0,193.715
43019,0.0,0.0,193.715
43020,0.0,0.0,193.715
43021,121.0,121.0,193.72
43022,0.0,0.0,193.725
43023,134.0,174.0,193.72
43024,0.0,0.0,193.725
43025,198.0,198.0,193.745
43026,0.0,0.0,193.745
43027,0.0,0.0,193.745
43028,-1.0,1.0,193.745
43029,0.0,0.0,193.745
43030,-101.0,101.0,193.735
43031,-200.0,200.0,193.72
43032,0.0,0.0,193.72
43033,-370.0,370.0,193.715
43034,1.0,1.0,193.715
43035,8.0,8.0,193.715
43036,285.0,285.0,193.725
43037,0.0,0.0,193.725
43038,713.0,713.0,193.755
43039,2.0,2.0,193.765
43040,0.0,0.0,193.765
43041,18.0,18.0,193.785
43042,0.0,0.0,193.785
43043,49.0,49.0,193.795
43044,54.0,54.0,193.82
43045,0.0,0.0,193.82
43046,205.0,405.0,193.835
43047,-644.0,644.0,193.79
43048,-80.0,520.0,193.78
43049,-540.0,740.0,193.76
43050,-140.0,140.0,193.76
43051,0.0,0.0,193.76
43052,0.0,0.0,193.76
43053,0.0,0.0,193.765
43054,0.0,0.0,193.765
43055,0.0,0.0,193.765
43056,-501.0,501.0,193.755
43057,111.0,111.0,193.765
43058,159.0,159.0,193.775
43059,6.0,6.0,193.775
43060,-369.0,375.0,193.76
43061,-110.0,110.0,193.745
43062,-447.0,973.0,193.75
43063,0.0,0.0,193.75
43064,0.0,0.0,193.745
43065,174.0,224.0,193.755
43066,50.0,50.0,193.79
43067,0.0,0.0,193.79
43068,0.0,0.0,193.785
43069,-126.0,126.0,193.76
43070,5.0,5.0,193.77
43071,0.0,0.0,193.77
43072,0.0,0.0,193.77
43073,0.0,0.0,193.775
43074,0.0,0.0,193.775
43075,3.0,3.0,193.775
43076,0.0,0.0,193.775
43077,0.0,0.0,193.775
43078,183.0,185.0,193.79
43079,0.0,0.0,193.79
43080,0.0,0.0,193.795
43081,0.0,0.0,193.795
43082,0.0,0.0,193.795
43083,0.0,0.0,193.795
43084,0.0,0.0,193.795
43085,0.0,0.0,193.795
43086,-311.0,311.0,193.785
43087,0.0,0.0,193.785
43088,0.0,0.0,193.785
43089,10.0,10.0,193.785
43090,94.0,94.0,193.795
43091,76.0,76.0,193.81
43092,83.0,83.0,193.81
43093,0.0,0.0,193.81
43094,0.0,0.0,193.81
43095,-476.0,476.0,193.785
43096,40.0,40.0,193.795
43097,0.0,0.0,193.805
43098,0.0,0.0,193.805
43099,67.0,67.0,193.805
43100,-318.0,332.0,193.785
43101,-400.0,426.0,193.775
43102,19.0,19.0,193.78
43103,0.0,0.0,193.78
43104,-631.0,711.0,193.745
43105,-159.0,241.0,193.75
43106,1.0,1.0,193.75
43107,0.0,0.0,193.75
43108,49.0,49.0,193.755
43109,55.0,65.0,193.77
43110,0.0,0.0,193.77
43111,0.0,0.0,193.77
43112,0.0,0.0,193.77
43113,0.0,0.0,193.77
43115,0.0,0.0,193.77
43116,-323.0,423.0,193.765
43117,463.0,463.0,193.795
43118,0.0,0.0,193.795
43119,-184.0,464.0,193.78
43120,0.0,0.0,193.78
43121,84.0,84.0,193.79
43122,0.0,0.0,193.79
43123,-30.0,170.0,193.805
43124,0.0,0.0,193.805
43125,0.0,0.0,193.805
43126,0.0,0.0,193.805
43127,0.0,0.0,193.805
43128,354.0,354.0,193.825
43129,-13.0,13.0,193.825
43130,0.0,0.0,193.84
43131,0.0,0.0,193.835
43132,0.0,0.0,193.83
43133,-100.0,100.0,193.835
43134,0.0,0.0,193.835
43135,-200.0,200.0,193.835
43136,250.0,450.0,193.84
43137,2842.0,3862.0,193.895
43138,170.0,170.0,193.895
43139,-400.0,400.0,193.895
43140,0.0,0.0,193.895
43141,2172.0,4022.0,193.975
43142,-1000.0,1200.0,193.965
43143,0.0,0.0,193.965
43144,-200.0,400.0,193.955
43145,0.0,0.0,193.955
43146,244.0,244.0,193.965
43147,-300.0,500.0,193.945
43148,3.0,3.0,193.945
43149,-391.0,1091.0,193.935
43150,210.0,610.0,193.94
43151,101.0,101.0,193.94
43152,0.0,0.0,193.94
43153,0.0,0.0,193.935
43154,0.0,0.0,193.935
43155,-219.0,419.0,193.935
43156,0.0,0.0,193.935
43157,0.0,0.0,193.935
43158,0.0,0.0,193.935
43159,0.0,0.0,193.935
43160,126.0,136.0,193.94
43161,0.0,0.0,193.94
43162,0.0,0.0,193.94
43163,0.0,0.0,193.94
43164,-100.0,100.0,193.94
43165,0.0,0.0,193.945
43166,0.0,0.0,193.945
43167,-355.0,455.0,193.945
43168,0.0,0.0,193.945
43169,-380.0,820.0,193.935
43170,0.0,0.0,193.935
43171,-743.0,1215.0,193.935
43172,-931.0,991.0,193.935
43173,-77.0,277.0,193.935
43174,-92.0,308.0,193.925
43175,4.0,204.0,193.93
43176,0.0,0.0,193.93
43177,41.0,41.0,193.935
43178,-400.0,400.0,193.925
43179,-204.0,204.0,193.92
43180,-101.0,303.0,193.92
43181,-300.0,300.0,193.91
43182,47.0,47.0,193.915
43183,0.0,0.0,193.92
43184,0.0,0.0,193.93
43185,100.0,100.0,193.935
43186,-395.0,395.0,193.935
43187,0.0,0.0,193.935
43188,0.0,0.0,193.935
43189,-301.0,301.0,193.925
43190,0.0,0.0,193.925
43191,0.0,0.0,193.925
43192,0.0,0.0,193.925
43193,0.0,0.0,193.925
43194,0.0,0.0,193.925
43195,1.0,1.0,193.935
43196,0.0,0.0,193.935
43197,-53.0,353.0,193.925
43198,0.0,0.0,193.925
43199,0.0,0.0,193.925
43200,-335.0,475.0,193.925
43201,-194.0,406.0,193.925
43202,501.0,501.0,193.935
43203,0.0,0.0,193.935
43204,0.0,0.0,193.935
43205,107.0,707.0,193.925
43206,-431.0,551.0,193.915
43207,-303.0,305.0,193.915
43208,56.0,256.0,193.935
43209,271.0,273.0,193.935
43210,-200.0,200.0,193.935
43211,538.0,538.0,193.935
43212,0.0,0.0,193.935
43213,0.0,0.0,193.935
43214,0.0,0.0,193.935
43215,0.0,0.0,193.935
43216,37.0,37.0,193.935
43217,-540.0,542.0,193.93
43218,668.0,668.0,193.935
43219,0.0,0.0,193.935
43220,0.0,0.0,193.935
43221,0.0,0.0,193.935
43222,0.0,0.0,193.935
43223,1386.0,2826.0,193.935
43224,0.0,0.0,193.935
43225,0.0,0.0,193.935
43226,0.0,0.0,193.935
43227,0.0,0.0,193.935
43228,0.0,0.0,193.935
43229,0.0,0.0,193.935
43230,-1078.0,1278.0,193.92
43231,0.0,0.0,193.925
43232,-110.0,110.0,193.92
43233,0.0,0.0,193.925
43234,0.0,0.0,193.925
43235,0.0,0.0,193.925
43236,1.0,1.0,193.935
43237,241.0,241.0,193.935
43238,0.0,0.0,193.935
43239,0.0,0.0,193.935
43240,2963.0,3665.0,194.005
43241,18.0,18.0,194.015
43242,524.0,936.0,194.045
43243,10.0,10.0,194.045
43244,12.0,12.0,194.055
43245,53.0,53.0,194.065
43246,-90.0,710.0,194.075
43247,0.0,0.0,194.075
43248,40.0,40.0,194.085
43249,0.0,0.0,194.085
43250,-100.0,100.0,194.075
43251,-415.0,415.0,194.065
43252,-718.0,1032.0,194.06
43253,0.0,0.0,194.06
43254,0.0,0.0,194.06
43255,0.0,0.0,194.06
43256,-130.0,130.0,194.055
43257,0.0,0.0,194.055
43258,1.0,1.0,194.065
43259,0.0,0.0,194.065
43260,-527.0,1281.0,194.055
43261,16.0,184.0,194.05
43262,62.0,438.0,194.06
43263,-161.0,639.0,194.045
43264,155.0,155.0,194.05
43265,-200.0,200.0,194.045
43266,-112.0,112.0,194.045
43267,-1400.0,1400.0,194.02
43268,0.0,0.0,194.02
43269,0.0,0.0,194.02
43270,0.0,0.0,194.02
43271,0.0,0.0,194.02
43272,0.0,0.0,194.02
43273,0.0,0.0,194.02
43274,0.0,0.0,194.015
43275,1.0,1.0,194.015
43276,3.0,3.0,194.015
43277,0.0,0.0,194.02
43278,0.0,0.0,194.02
43279,0.0,0.0,194.02
43280,241.0,241.0,194.035
43281,559.0,559.0,194.035
43282,0.0,0.0,194.035
43283,0.0,0.0,194.035
43284,-402.0,402.0,194.015
43285,-305.0,305.0,194.01
43286,0.0,0.0,194.01
43287,0.0,0.0,194.01
43288,-223.0,223.0,194.005
43289,0.0,0.0,194.005
43290,-600.0,660.0,193.96
43291,0.0,0.0,193.96
43292,0.0,0.0,193.96
43293,0.0,0.0,193.96
43294,90.0,330.0,194.02
43295,-127.0,127.0,193.995
43296,0.0,0.0,194.0
43297,10.0,10.0,194.01
43298,180.0,180.0,194.025
43299,9.0,9.0,194.025
43300,0.0,0.0,194.025
43301,-100.0,100.0,194.005
43302,0.0,0.0,194.005
43303,-100.0,100.0,193.99
43304,1.0,1.0,193.995
43305,0.0,0.0,193.99
43306,-156.0,156.0,193.97
43307,0.0,0.0,193.97
43308,0.0,0.0,193.97
43309,12.0,12.0,193.98
43310,0.0,0.0,193.98
43311,0.0,0.0,193.98
43312,0.0,0.0,193.985
43313,0.0,0.0,193.985
43314,1.0,1.0,193.985
43315,100.0,100.0,193.985
43316,104.0,104.0,193.985
43317,1.0,1.0,193.985
43318,119.0,119.0,193.985
43319,0.0,0.0,193.985
43320,-504.0,504.0,193.985
43321,-2692.0,2718.0,193.965
43322,0.0,0.0,193.965
43323,0.0,0.0,193.965
43324,269.0,269.0,193.965
43325,1.0,1.0,193.965
43326,-304.0,700.0,193.965
43327,-330.0,730.0,193.965
43328,0.0,0.0,193.965
43329,-300.0,300.0,193.955
43330,110.0,110.0,193.965
43331,3.0,3.0,193.975
43332,-100.0,100.0,193.965
43333,10.0,10.0,193.965
43334,73.0,73.0,193.97
43335,-121.0,121.0,193.965
43336,82.0,282.0,193.96
43337,0.0,0.0,193.965
43338,0.0,0.0,193.965
43339,-327.0,355.0,193.955
43340,-302.0,302.0,193.945
43341,-108.0,108.0,193.925
43342,-124.0,324.0,193.92
43343,-1637.0,1657.0,193.835
43344,882.0,1152.0,193.845
43345,522.0,878.0,193.84
43346,-520.0,526.0,193.825
43347,0.0,0.0,193.825
43348,0.0,0.0,193.825
43349,177.0,617.0,193.825
43350,5.0,205.0,193.83
43351,-25.0,381.0,193.825
43352,-1702.0,1702.0,193.78
43353,0.0,0.0,193.78
43354,0.0,0.0,193.78
43355,537.0,1177.0,193.79
43356,0.0,0.0,193.795
43357,0.0,0.0,193.79
43358,-300.0,300.0,193.775
43359,-104.0,104.0,193.775
43360,-77.0,123.0,193.765
43361,200.0,400.0,193.755
43362,204.0,220.0,193.75
43363,-36.0,36.0,193.75
43364,110.0,110.0,193.78
43365,0.0,0.0,193.78
43366,89.0,89.0,193.795
43367,0.0,0.0,193.795
43368,207.0,207.0,193.83
43369,0.0,0.0,193.83
43370,-114.0,426.0,193.83
43371,0.0,0.0,193.83
43372,0.0,0.0,193.835
43373,-225.0,375.0,193.81
43374,-542.0,702.0,193.78
43375,-326.0,326.0,193.76
43376,10.0,10.0,193.77
43377,0.0,0.0,193.77
43378,-201.0,219.0,193.775
43379,0.0,0.0,193.77
43380,6.0,6.0,193.775
43381,56.0,56.0,193.78
43382,437.0,443.0,193.8
43383,17.0,17.0,193.81
43384,-300.0,300.0,193.78
43385,63.0,63.0,193.795
43386,106.0,106.0,193.81
43387,-631.0,631.0,193.8
43388,-1.0,1.0,193.8
43389,0.0,0.0,193.8
43390,0.0,0.0,193.8
43391,0.0,0.0,193.8
43392,0.0,0.0,193.8
43393,-273.0,279.0,193.775
43394,0.0,0.0,193.775
43395,-308.0,308.0,193.765
43396,43.0,43.0,193.78
43397,4.0,4.0,193.79
43398,-1.0,1.0,193.77
43399,40.0,72.0,193.77
43400,-85.0,115.0,193.765
43401,10.0,10.0,193.755
43402,-284.0,316.0,193.75
43403,-361.0,363.0,193.715
43404,0.0,0.0,193.715
43405,4.0,4.0,193.72
43406,0.0,0.0,193.72
43407,158.0,158.0,193.735
43408,3.0,3.0,193.745
43409,539.0,539.0,193.77
43410,9.0,9.0,193.775
43411,199.0,199.0,193.775
43412,10.0,10.0,193.775
43413,0.0,0.0,193.775
43414,13.0,13.0,193.785
43415,437.0,437.0,193.8
43416,287.0,287.0,193.81
43417,-297.0,303.0,193.8
43418,-200.0,200.0,193.78
43419,39.0,39.0,193.79
43420,3.0,3.0,193.8
43421,0.0,0.0,193.805
43422,10.0,10.0,193.805
43423,0.0,0.0,193.805
43424,0.0,0.0,193.805
43425,-315.0,315.0,193.79
43426,0.0,0.0,193.79
43427,0.0,0.0,193.785
43428,-169.0,233.0,193.79
43429,0.0,0.0,193.795
43430,2.0,2.0,193.795
43431,3.0,3.0,193.805
43432,0.0,0.0,193.805
43433,0.0,0.0,193.805
43434,42.0,42.0,193.82
43435,0.0,0.0,193.82
43436,-408.0,408.0,193.795
43437,0.0,0.0,193.795
43438,0.0,0.0,193.805
43439,0.0,0.0,193.805
43440,311.0,311.0,193.835
43441,-215.0,215.0,193.825
43442,-129.0,137.0,193.825
43443,0.0,0.0,193.835
43444,-184.0,210.0,193.835
43445,-40.0,160.0,193.82
43446,1.0,1.0,193.83
43447,51.0,51.0,193.84
43448,-1.0,1.0,193.825
43449,1.0,1.0,193.825
43450,0.0,0.0,193.825
43451,-57.0,71.0,193.83
43452,0.0,0.0,193.835
43453,1.0,1.0,193.84
43454,0.0,0.0,193.84
43455,0.0,0.0,193.84
43456,0.0,0.0,193.84
43457,0.0,0.0,193.84
43458,0.0,0.0,193.855
43459,-140.0,262.0,193.875
43460,-216.0,248.0,193.89
43461,-169.0,571.0,193.905
43462,77.0,77.0,193.905
43463,0.0,0.0,193.905
43464,-110.0,110.0,193.89
43465,0.0,0.0,193.89
43466,245.0,285.0,193.9
43467,173.0,173.0,193.91
43468,587.0,587.0,193.93
43469,-354.0,554.0,193.915
43470,10.0,10.0,193.915
43471,0.0,0.0,193.92
43472,0.0,0.0,193.92
43473,-555.0,555.0,193.91
43474,0.0,0.0,193.915
43475,1.0,1.0,193.895
43476,1.0,1.0,193.895
43477,0.0,0.0,193.9
43478,100.0,100.0,193.91
43479,0.0,0.0,193.92
43480,196.0,196.0,193.93
43481,-110.0,180.0,193.925
43482,0.0,0.0,193.92
43483,0.0,0.0,193.92
43484,329.0,423.0,193.92
43485,256.0,256.0,193.935
43486,1404.0,1404.0,193.935
43487,0.0,0.0,193.935
43488,0.0,0.0,193.935
43489,0.0,0.0,193.935
43490,0.0,0.0,193.935
43491,0.0,0.0,193.935
43492,705.0,705.0,193.935
43493,-266.0,266.0,193.935
43494,-25.0,25.0,193.935
43495,0.0,0.0,193.935
43496,-48.0,450.0,193.925
43497,0.0,0.0,193.925
43498,0.0,0.0,193.925
43499,273.0,881.0,193.935
43500,402.0,402.0,193.935
43501,0.0,0.0,193.935
43502,0.0,0.0,193.935
43503,300.0,300.0,193.935
43504,1499.0,3423.0,193.94
43505,-663.0,693.0,193.96
43506,88.0,88.0,193.98
43507,1070.0,1070.0,194.015
43508,204.0,1404.0,194.015
43509,-387.0,433.0,194.005
43510,-100.0,100.0,193.995
43511,-758.0,858.0,193.985
43512,-117.0,117.0,193.975
43513,11.0,11.0,193.975
43514,3.0,3.0,193.975
43515,205.0,205.0,193.98
43516,0.0,0.0,193.98
43517,-742.0,742.0,193.965
43518,39.0,39.0,193.975
43519,10.0,10.0,193.975
43520,0.0,0.0,193.975
43521,370.0,370.0,193.975
43522,6.0,6.0,193.975
43523,0.0,0.0,193.975
43524,5.0,5.0,193.975
43525,975.0,1047.0,193.99
43526,0.0,0.0,193.99
43527,0.0,0.0,193.99
43529,0.0,0.0,193.995
43530,-500.0,500.0,193.965
43531,-205.0,205.0,193.955
43532,64.0,514.0,193.96
43533,0.0,0.0,193.96
43534,2.0,2.0,193.96
43535,0.0,0.0,193.965
43536,-303.0,303.0,193.955
43537,115.0,655.0,193.945
43538,-500.0,500.0,193.94
43539,0.0,0.0,193.94
43540,53.0,53.0,193.945
43541,-203.0,203.0,193.935
43542,0.0,310.0,193.935
43543,71.0,71.0,193.935
43544,-346.0,406.0,193.925
43545,232.0,232.0,193.915
43546,0.0,0.0,193.925
43547,0.0,0.0,193.92
43548,-97.0,105.0,193.92
43549,-127.0,133.0,193.9
43550,0.0,0.0,193.905
43551,0.0,0.0,193.905
43552,1.0,1.0,193.905
43553,0.0,0.0,193.905
43554,-200.0,200.0,193.895
43555,-134.0,414.0,193.875
43556,0.0,0.0,193.875
43557,177.0,177.0,193.885
43558,105.0,105.0,193.885
43559,3.0,3.0,193.885
43560,206.0,826.0,193.885
43561,110.0,710.0,193.885
43562,0.0,0.0,193.885
43563,0.0,0.0,193.885
43564,-89.0,111.0,193.885
43565,110.0,110.0,193.895
43566,0.0,0.0,193.895
43567,-5.0,5.0,193.885
43568,-170.0,230.0,193.89
43569,0.0,0.0,193.89
43570,0.0,0.0,193.885
43571,-768.0,1208.0,193.885
43572,-726.0,796.0,193.875
43573,-80.0,120.0,193.875
43574,780.0,780.0,193.895
43575,0.0,0.0,193.895
43576,202.0,618.0,193.895
43577,500.0,500.0,193.905
43578,-120.0,120.0,193.9
43579,292.0,292.0,193.905
43580,128.0,128.0,193.9
43581,-130.0,660.0,193.9
43582,131.0,131.0,193.935
43583,5.0,5.0,193.94
43584,-100.0,100.0,193.93
43585,0.0,0.0,193.93
43586,0.0,0.0,193.93
43587,0.0,0.0,193.93
43588,81.0,321.0,193.935
43589,8.0,8.0,193.95
43590,0.0,0.0,193.955
43591,0.0,0.0,193.955
43592,0.0,0.0,193.955
43593,0.0,0.0,193.955
43594,0.0,0.0,193.955
43595,2.0,2.0,193.955
43596,-360.0,360.0,193.945
43597,98.0,98.0,193.95
43598,0.0,0.0,193.955
43599,0.0,0.0,193.955
43600,-425.0,425.0,193.95
43601,0.0,0.0,193.95
43602,0.0,0.0,193.95
43603,339.0,779.0,193.955
43604,0.0,0.0,193.955
43605,0.0,0.0,193.955
43606,3.0,3.0,193.955
43607,-614.0,614.0,193.945
43608,-365.0,365.0,193.94
43609,0.0,0.0,193.94
43610,-201.0,201.0,193.93
43611,-209.0,209.0,193.925
43612,0.0,0.0,193.915
43613,-47.0,47.0,193.905
43614,10.0,10.0,193.905
43615,-281.0,319.0,193.895
43616,-103.0,105.0,193.895
43617,-335.0,335.0,193.875
43618,48.0,48.0,193.885
43619,-161.0,665.0,193.885
43620,162.0,1162.0,193.885
43621,-96.0,324.0,193.88
43622,-503.0,505.0,193.86
43623,-201.0,201.0,193.86
43624,6.0,206.0,193.875
43625,0.0,0.0,193.875
43626,80.0,80.0,193.885
43627,0.0,0.0,193.885
43628,0.0,0.0,193.885
43629,0.0,0.0,193.885
43630,30.0,30.0,193.885
43631,18.0,684.0,193.895
43632,-110.0,630.0,193.885
43633,-98.0,104.0,193.875
43634,0.0,0.0,193.875
43635,-606.0,606.0,193.84
43636,1.0,1.0,193.84
43637,-163.0,839.0,193.815
43638,-36.0,384.0,193.81
43639,25.0,615.0,193.825
43640,300.0,300.0,193.845
43641,-198.0,402.0,193.83
43642,0.0,0.0,193.83
43643,0.0,0.0,193.835
43644,0.0,0.0,193.84
43645,174.0,174.0,193.845
43646,0.0,0.0,193.84
43647,0.0,0.0,193.855
43648,0.0,0.0,193.855
43649,531.0,621.0,193.875
43650,0.0,0.0,193.875
43651,0.0,0.0,193.875
43652,-600.0,606.0,193.865
43653,0.0,0.0,193.86
43654,10.0,240.0,193.86
43655,0.0,0.0,193.855
43656,0.0,0.0,193.855
43657,100.0,100.0,193.855
43658,726.0,726.0,193.875
43659,0.0,0.0,193.86
43660,328.0,524.0,193.87
43661,0.0,0.0,193.87
43662,0.0,0.0,193.87
43663,1.0,1.0,193.87
43664,-270.0,270.0,193.87
43665,0.0,0.0,193.87
43666,244.0,244.0,193.88
43667,695.0,695.0,193.895
43668,0.0,0.0,193.895
43669,0.0,0.0,193.895
43670,82.0,574.0,193.895
43671,100.0,100.0,193.895
43672,-373.0,833.0,193.895
43673,401.0,657.0,193.905
43674,0.0,0.0,193.905
43675,2.0,2.0,193.905
43676,0.0,0.0,193.905
43677,193.0,203.0,193.905
43678,-36.0,236.0,193.905
43679,0.0,0.0,193.905
43680,-1133.0,1333.0,193.905
43681,227.0,227.0,193.905
43682,100.0,100.0,193.905
43683,516.0,1354.0,193.92
43684,254.0,254.0,193.93
43685,400.0,600.0,193.955
43686,0.0,0.0,193.955
43687,100.0,100.0,193.955
43688,99.0,101.0,193.955
43689,-619.0,903.0,193.955
43690,100.0,100.0,193.955
43691,0.0,0.0,193.955
43692,100.0,100.0,193.955
43693,100.0,100.0,193.955
43694,0.0,0.0,193.955
43695,100.0,100.0,193.955
43696,-747.0,947.0,193.945
43697,0.0,0.0,193.945
43698,0.0,0.0,193.945
43699,-323.0,3851.0,193.955
43700,28.0,28.0,193.95
43701,14.0,14.0,193.95
43702,28.0,28.0,193.955
43703,57.0,57.0,193.955
43704,0.0,0.0,193.955
43705,0.0,0.0,193.955
43706,0.0,0.0,193.955
43707,0.0,0.0,193.955
43708,345.0,345.0,193.965
43709,0.0,0.0,193.965
43710,0.0,0.0,193.965
43711,137.0,377.0,193.965
43712,2.0,2.0,193.965
43713,0.0,0.0,193.965
43714,0.0,0.0,193.965
43715,0.0,0.0,193.965
43716,-81.0,349.0,193.96
43717,0.0,0.0,193.965
43718,128.0,396.0,193.975
43719,-155.0,155.0,193.96
43720,-1590.0,1640.0,193.915
43721,550.0,550.0,193.925
43722,0.0,0.0,193.925
43723,0.0,0.0,193.925
43724,0.0,0.0,193.925
43725,0.0,0.0,193.925
43726,-300.0,300.0,193.915
43727,-100.0,100.0,193.905
43728,0.0,0.0,193.905
43729,0.0,0.0,193.905
43730,-23.0,623.0,193.895
43731,205.0,605.0,193.9
43732,0.0,0.0,193.9
43733,9.0,9.0,193.905
43734,385.0,385.0,193.915
43735,-135.0,137.0,193.91
43736,0.0,0.0,193.905
43737,0.0,0.0,193.905
43738,100.0,100.0,193.915
43739,0.0,0.0,193.915
43740,1.0,1.0,193.91
43741,119.0,119.0,193.915
43742,0.0,0.0,193.91
43743,0.0,0.0,193.915
43744,-1050.0,1650.0,193.895
43745,425.0,425.0,193.905
43746,0.0,0.0,193.905
43747,-201.0,201.0,193.9
43748,-159.0,251.0,193.9
43749,3.0,3.0,193.905
43750,0.0,0.0,193.905
43751,0.0,0.0,193.905
43752,300.0,300.0,193.915
43753,-25.0,25.0,193.91
43754,0.0,0.0,193.91
43755,0.0,0.0,193.915
43756,0.0,0.0,193.915
43757,0.0,0.0,193.915
43758,-238.0,238.0,193.91
43759,-1095.0,1105.0,193.895
43760,0.0,0.0,193.895
43761,5.0,595.0,193.89
43762,10.0,10.0,193.895
43763,0.0,0.0,193.895
43764,0.0,0.0,193.895
43765,1007.0,1007.0,193.905
43766,0.0,0.0,193.9
43767,32.0,38.0,193.905
43768,-165.0,165.0,193.9
43769,0.0,0.0,193.9
43770,2.0,2.0,193.9
43771,0.0,0.0,193.9
43772,1612.0,1612.0,193.925
43773,0.0,0.0,193.925
43774,0.0,0.0,193.925
43775,3.0,3.0,193.925
43776,3.0,3.0,193.925
43777,0.0,0.0,193.925
43778,297.0,297.0,193.94
43779,0.0,0.0,193.94
43780,0.0,0.0,193.94
43781,0.0,0.0,193.94
43782,0.0,0.0,193.94
43783,0.0,0.0,193.94
43784,0.0,0.0,193.94
43785,0.0,0.0,193.94
43786,0.0,0.0,193.94
43787,0.0,0.0,193.94
43788,0.0,0.0,193.94
43789,0.0,0.0,193.94
43790,0.0,0.0,193.94
43791,0.0,0.0,193.94
43792,0.0,0.0,193.94
43793,0.0,0.0,193.94
43794,0.0,0.0,193.94
43795,0.0,0.0,193.935
43796,0.0,0.0,193.935
43797,0.0,0.0,193.935
43798,0.0,0.0,193.935
43799,243.0,243.0,193.955
43800,-166.0,466.0,193.955
43801,10.0,10.0,193.955
43802,0.0,0.0,193.955
43803,220.0,220.0,193.955
43804,9.0,9.0,193.955
43805,-100.0,100.0,193.955
43806,311.0,311.0,193.965
43807,1262.0,1262.0,193.985
43808,100.0,100.0,193.995
43809,-1365.0,1665.0,193.965
43810,6.0,6.0,193.965
43811,164.0,266.0,193.965
43812,2.0,2.0,193.965
43813,-2.0,2.0,193.96
43814,1.0,1.0,193.96
43815,100.0,100.0,193.96
43816,0.0,0.0,193.96
43817,21.0,23.0,193.96
43818,1.0,1.0,193.965
43819,0.0,0.0,193.965
43820,0.0,0.0,193.96
43821,0.0,0.0,193.96
43822,0.0,0.0,193.955
43823,-300.0,300.0,193.945
43824,-100.0,100.0,193.945
43825,0.0,0.0,193.945
43826,-201.0,209.0,193.935
43827,0.0,0.0,193.935
43828,16.0,16.0,193.935
43829,-74.0,134.0,193.94
43830,3.0,3.0,193.935
43831,11.0,11.0,193.935
43832,0.0,0.0,193.935
43833,0.0,0.0,193.935
43834,0.0,0.0,193.935
43835,300.0,300.0,193.945
43836,400.0,400.0,193.955
43837,25.0,25.0,193.955
43838,0.0,0.0,193.96
43839,0.0,0.0,193.96
43840,0.0,0.0,193.96
43841,283.0,283.0,193.97
43842,0.0,0.0,193.97
43843,0.0,0.0,193.97
43844,0.0,0.0,193.97
43845,0.0,0.0,193.975
43846,-1096.0,1096.0,193.95
43847,0.0,0.0,193.95
43848,0.0,0.0,193.95
43849,0.0,0.0,193.95
43850,-223.0,903.0,193.935
43851,5.0,205.0,193.93
43852,0.0,0.0,193.93
43853,0.0,0.0,193.93
43854,0.0,0.0,193.93
43855,0.0,0.0,193.93
43856,0.0,0.0,193.93
43857,0.0,0.0,193.93
43858,0.0,0.0,193.93
43859,100.0,100.0,193.93
43860,17.0,19.0,193.925
43861,-204.0,396.0,193.925
43862,31.0,429.0,193.925
43863,160.0,300.0,193.925
43864,102.0,300.0,193.92
43865,0.0,0.0,193.915
43866,100.0,100.0,193.925
43867,10.0,10.0,193.915
43868,-1.0,1.0,193.915
43869,0.0,0.0,193.915
43870,2.0,2.0,193.915
43871,108.0,108.0,193.925
43872,0.0,0.0,193.925
43873,153.0,661.0,193.93
43874,0.0,0.0,193.93
43875,0.0,0.0,193.93
43876,0.0,0.0,193.93
43877,0.0,0.0,193.93
43878,3.0,3.0,193.935
43879,1.0,1.0,193.935
43880,-5.0,5.0,193.93
43881,-104.0,296.0,193.92
43882,-1044.0,1444.0,193.915
43883,300.0,300.0,193.915
43884,0.0,0.0,193.915
43885,-42.0,158.0,193.925
43886,100.0,100.0,193.925
43887,0.0,0.0,193.925
43888,0.0,0.0,193.925
43889,-171.0,641.0,193.935
43890,0.0,0.0,193.935
43891,0.0,0.0,193.935
43892,-217.0,217.0,193.915
43893,-1713.0,3023.0,193.895
43894,56.0,56.0,193.895
43895,0.0,0.0,193.895
43896,0.0,0.0,193.895
43897,1419.0,2103.0,193.905
43898,0.0,0.0,193.905
43899,197.0,417.0,193.915
43900,0.0,0.0,193.915
43901,0.0,0.0,193.915
43902,0.0,0.0,193.915
43903,0.0,0.0,193.915
43904,0.0,0.0,193.915
43905,0.0,0.0,193.915
43906,0.0,0.0,193.915
43907,0.0,0.0,193.915
43908,0.0,0.0,193.915
43909,0.0,0.0,193.915
43910,2.0,2.0,193.915
43911,0.0,0.0,193.915
43912,620.0,620.0,193.925
43913,0.0,0.0,193.925
43914,0.0,0.0,193.925
43915,0.0,0.0,193.925
43916,107.0,107.0,193.935
43917,-10.0,10.0,193.925
43918,-321.0,321.0,193.915
43919,82.0,294.0,193.905
43920,-547.0,947.0,193.895
43921,-70.0,530.0,193.895
43922,-130.0,1270.0,193.895
43923,-1108.0,2394.0,193.89
43924,229.0,631.0,193.89
43925,1081.0,1881.0,193.89
43926,0.0,0.0,193.89
43927,-111.0,111.0,193.89
43928,0.0,0.0,193.89
43929,0.0,0.0,193.89
43930,-624.0,894.0,193.89
43931,-360.0,1562.0,193.875
43932,-200.0,200.0,193.875
43933,0.0,0.0,193.875
43934,-168.0,168.0,193.865
43935,-659.0,659.0,193.82
43936,-185.0,615.0,193.825
43937,1866.0,1926.0,193.835
43938,20.0,20.0,193.835
43939,383.0,383.0,193.845
43940,21.0,21.0,193.845
43941,0.0,0.0,193.845
43942,0.0,0.0,193.845
43943,0.0,0.0,193.845
43944,0.0,0.0,193.845
43945,0.0,0.0,193.845
43946,-500.0,500.0,193.845
43947,-200.0,400.0,193.825
43948,-419.0,427.0,193.815
43949,900.0,900.0,193.82
43950,400.0,600.0,193.825
43951,200.0,202.0,193.82
43952,-1199.0,1389.0,193.795
43953,-529.0,639.0,193.79
43954,-682.0,770.0,193.76
43955,-524.0,698.0,193.735
43956,-29.0,31.0,193.74
43957,-362.0,1442.0,193.715
43958,0.0,0.0,193.715
43959,-3.0,3.0,193.715
43960,137.0,137.0,193.715
43961,321.0,321.0,193.715
43962,100.0,100.0,193.715
43963,106.0,552.0,193.715
43964,55.0,613.0,193.72
43965,333.0,2387.0,193.7
43966,-320.0,720.0,193.7
43967,-432.0,1742.0,193.675
43968,-200.0,400.0,193.665
43969,-136.0,700.0,193.67
43970,-4638.0,5578.0,193.605
43971,-1846.0,2638.0,193.6
43972,-272.0,418.0,193.555
43973,3643.0,3643.0,193.575
43974,2969.0,3509.0,193.58
43975,3.0,3.0,193.565
43976,-769.0,769.0,193.535
43977,284.0,826.0,193.535
43978,577.0,577.0,193.545
43979,0.0,0.0,193.555
43980,-390.0,2290.0,193.52
43981,1734.0,1962.0,193.58
43982,381.0,381.0,193.595
43983,257.0,933.0,193.595
43984,100.0,100.0,193.595
43985,-731.0,819.0,193.565
43986,-1038.0,1658.0,193.54
43987,300.0,500.0,193.545
43988,298.0,500.0,193.54
43989,0.0,0.0,193.54
43990,939.0,1137.0,193.57
43991,0.0,0.0,193.545
43992,95.0,95.0,193.56
43993,0.0,0.0,193.57
43994,0.0,0.0,193.555
43995,0.0,0.0,193.56
43996,-300.0,300.0,193.54
43997,0.0,0.0,193.535
43998,-276.0,324.0,193.51
43999,-3616.0,4942.0,193.445
44000,435.0,435.0,193.445
44001,0.0,0.0,193.445
44002,-457.0,1343.0,193.445
44003,0.0,0.0,193.445
44004,0.0,0.0,193.445
44005,343.0,969.0,193.44
44006,338.0,462.0,193.455
44007,0.0,0.0,193.455
44008,3100.0,3100.0,193.455
44009,0.0,0.0,193.46
44010,-303.0,303.0,193.44
44011,-404.0,404.0,193.415
44012,-5687.0,7687.0,193.345
44013,1792.0,2692.0,193.315
44014,971.0,1483.0,193.305
44015,918.0,918.0,193.315
44016,2417.0,2961.0,193.39
44017,100.0,100.0,193.395
44018,300.0,300.0,193.4
44019,40.0,760.0,193.41
44020,-104.0,104.0,193.4
44021,35.0,35.0,193.395
44022,-303.0,303.0,193.39
44023,1765.0,1765.0,193.46
44024,-1.0,1.0,193.455
44025,3.0,3.0,193.475
44026,-13.0,613.0,193.475
44027,25.0,25.0,193.48
44028,-225.0,225.0,193.465
44029,20.0,20.0,193.485
44030,27.0,27.0,193.525
44031,-282.0,858.0,193.54
44032,-305.0,313.0,193.505
44033,12.0,12.0,193.49
44034,0.0,0.0,193.49
44035,228.0,228.0,193.5
44036,0.0,0.0,193.5
44037,303.0,303.0,193.55
44038,0.0,0.0,193.555
44039,0.0,0.0,193.56
44040,-325.0,325.0,193.55
44041,107.0,107.0,193.55
44042,-677.0,751.0,193.55
44043,0.0,0.0,193.55
44044,8.0,8.0,193.56
44045,3.0,3.0,193.57
44046,0.0,0.0,193.57
44047,0.0,0.0,193.57
44048,-13.0,257.0,193.57
44049,35.0,35.0,193.57
44050,-189.0,535.0,193.57
44051,0.0,0.0,193.57
44052,0.0,0.0,193.57
44053,-319.0,521.0,193.595
44054,0.0,0.0,193.59
44055,406.0,406.0,193.625
44056,3700.0,3700.0,193.64
44057,0.0,0.0,193.64
44058,-485.0,485.0,193.625
44059,13.0,13.0,193.625
44060,-308.0,332.0,193.62
44061,0.0,0.0,193.62
44062,-22.0,22.0,193.6
44063,35.0,35.0,193.62
44064,0.0,0.0,193.615
44065,0.0,0.0,193.615
44066,0.0,0.0,193.62
44067,0.0,0.0,193.62
44068,-205.0,205.0,193.6
44069,0.0,0.0,193.595
44070,1.0,1.0,193.6
44071,0.0,0.0,193.6
44072,16.0,16.0,193.605
44073,22.0,28.0,193.6
44074,0.0,0.0,193.605
44075,0.0,0.0,193.605
44076,0.0,0.0,193.605
44077,127.0,127.0,193.615
44078,0.0,0.0,193.605
44079,-1161.0,1551.0,193.57
44080,0.0,0.0,193.57
44081,-100.0,100.0,193.57
44082,-5.0,5.0,193.57
44083,-258.0,258.0,193.545
44084,-126.0,132.0,193.53
44085,0.0,0.0,193.53
44086,-231.0,231.0,193.52
44087,-598.0,604.0,193.51
44088,-371.0,371.0,193.49
44089,0.0,0.0,193.49
44090,0.0,0.0,193.49
44091,-762.0,1030.0,193.48
44092,375.0,445.0,193.5
44093,-13.0,13.0,193.5
44094,-113.0,113.0,193.49
44095,0.0,0.0,193.5
44096,220.0,220.0,193.51
44097,30.0,30.0,193.53
44098,0.0,0.0,193.535
44099,0.0,0.0,193.53
44100,-6.0,54.0,193.55
44101,-98.0,104.0,193.53
44102,-100.0,100.0,193.53
44103,127.0,127.0,193.55
44104,3.0,3.0,193.55
44105,-210.0,210.0,193.535
44106,14.0,24.0,193.535
44107,0.0,0.0,193.535
44108,-1.0,1.0,193.55
44109,0.0,0.0,193.55
44110,0.0,0.0,193.55
44111,0.0,0.0,193.55
44112,-95.0,1275.0,193.53
44113,-163.0,163.0,193.53
44114,4.0,4.0,193.535
44115,71.0,71.0,193.54
44116,-3.0,3.0,193.52
44117,0.0,0.0,193.52
44118,0.0,0.0,193.52
44119,1.0,1.0,193.525
44120,0.0,0.0,193.52
44121,444.0,444.0,193.53
44122,-410.0,410.0,193.535
44123,1185.0,1221.0,193.6
44124,-900.0,900.0,193.575
44125,0.0,0.0,193.575
44126,0.0,0.0,193.59
44127,164.0,164.0,193.61
44128,1.0,1.0,193.6
44129,0.0,0.0,193.6
44130,0.0,0.0,193.6
44131,-600.0,600.0,193.585
44132,-293.0,307.0,193.565
44133,0.0,0.0,193.565
44134,407.0,407.0,193.585
44135,19.0,19.0,193.58
44136,0.0,0.0,193.58
44137,-229.0,229.0,193.565
44138,0.0,0.0,193.57
44139,-265.0,265.0,193.565
44140,-1.0,1.0,193.565
44141,-52.0,400.0,193.56
44142,3.0,3.0,193.56
44143,-1165.0,1165.0,193.56
44144,-363.0,441.0,193.535
44145,-731.0,1323.0,193.54
44146,-313.0,435.0,193.525
44147,-45.0,45.0,193.52
44148,3.0,3.0,193.52
44149,243.0,243.0,193.54
44150,0.0,0.0,193.535
44151,175.0,175.0,193.555
44152,10.0,10.0,193.555
44153,77.0,77.0,193.565
44154,-160.0,240.0,193.56
44155,4.0,4.0,193.56
44156,0.0,0.0,193.56
44157,0.0,0.0,193.575
44158,-1.0,1.0,193.57
44159,0.0,0.0,193.56
44160,71.0,71.0,193.58
44161,0.0,0.0,193.575
44162,100.0,100.0,193.58
44163,40.0,40.0,193.575
44164,0.0,0.0,193.58
44165,0.0,0.0,193.58
44166,482.0,482.0,193.605
44167,553.0,1153.0,193.61
44168,-334.0,574.0,193.61
44169,0.0,0.0,193.615
44170,50.0,50.0,193.625
44171,0.0,0.0,193.625
44172,0.0,0.0,193.625
44173,0.0,0.0,193.625
44174,0.0,0.0,193.625
44175,774.0,1206.0,193.625
44176,0.0,0.0,193.625
44177,383.0,985.0,193.625
44178,226.0,226.0,193.625
44179,0.0,0.0,193.625
44180,-100.0,302.0,193.62
44181,0.0,0.0,193.625
44182,1683.0,2773.0,193.625
44183,2449.0,2581.0,193.65
44184,0.0,0.0,193.65
44185,0.0,0.0,193.65
44186,0.0,0.0,193.65
44187,-300.0,500.0,193.635
44188,0.0,0.0,193.635
44189,0.0,0.0,193.635
44190,-1184.0,1584.0,193.61
44191,0.0,0.0,193.61
44192,-961.0,1647.0,193.61
44193,50.0,50.0,193.625
44194,-1497.0,1503.0,193.62
44195,-271.0,271.0,193.595
44196,-159.0,159.0,193.59
44197,-35.0,35.0,193.59
44198,-201.0,401.0,193.57
44199,0.0,0.0,193.58
44200,130.0,1354.0,193.6
44201,264.0,1054.0,193.585
44202,1.0,1.0,193.62
44203,0.0,0.0,193.62
44204,-200.0,400.0,193.61
44205,0.0,0.0,193.62
44206,402.0,602.0,193.62
44207,0.0,0.0,193.62
44208,0.0,0.0,193.62
44209,998.0,998.0,193.625
44210,0.0,0.0,193.625
44211,-405.0,405.0,193.6
44212,400.0,400.0,193.625
44213,-50.0,150.0,193.615
44214,0.0,0.0,193.62
44215,0.0,0.0,193.62
44216,0.0,0.0,193.62
44217,1.0,1.0,193.625
44218,474.0,874.0,193.615
44219,0.0,0.0,193.615
44220,0.0,0.0,193.62
44221,0.0,0.0,193.62
44222,0.0,0.0,193.62
44223,0.0,0.0,193.62
44224,0.0,0.0,193.62
44225,0.0,0.0,193.62
44226,0.0,0.0,193.62
44227,576.0,576.0,193.625
44228,0.0,0.0,193.625
44229,2240.0,2240.0,193.625
44230,0.0,0.0,193.625
44231,0.0,0.0,193.625
44232,387.0,387.0,193.625
44233,0.0,0.0,193.625
44234,-394.0,394.0,193.615
44235,-558.0,1158.0,193.595
44236,-418.0,426.0,193.6
44237,-1078.0,1078.0,193.58
44238,-21.0,29.0,193.575
44239,-392.0,416.0,193.555
44240,-460.0,560.0,193.555
44241,-560.0,600.0,193.535
44242,-479.0,487.0,193.51
44243,-505.0,507.0,193.51
44244,0.0,0.0,193.51
44245,599.0,599.0,193.51
44246,400.0,400.0,193.515
44247,0.0,0.0,193.515
44248,-25.0,25.0,193.51
44249,5.0,5.0,193.515
44250,-86.0,156.0,193.51
44251,-200.0,200.0,193.51
44252,0.0,0.0,193.51
44253,92.0,98.0,193.51
44254,178.0,1738.0,193.5
44255,-833.0,1485.0,193.45
44256,0.0,0.0,193.45
44257,-637.0,637.0,193.43
44258,0.0,0.0,193.435
44259,0.0,0.0,193.44
44260,0.0,0.0,193.45
44261,1.0,1.0,193.435
44262,779.0,979.0,193.485
44263,-27.0,43.0,193.47
44264,0.0,0.0,193.47
44265,61.0,753.0,193.445
44266,0.0,0.0,193.445
44267,0.0,0.0,193.445
44268,0.0,0.0,193.445
44269,470.0,470.0,193.47
44270,0.0,0.0,193.47
44271,100.0,100.0,193.49
44272,163.0,163.0,193.515
44273,-645.0,1421.0,193.505
44274,0.0,0.0,193.505
44275,0.0,0.0,193.505
44276,-176.0,202.0,193.5
44277,-132.0,132.0,193.51
44278,0.0,0.0,193.51
44279,0.0,0.0,193.505
44280,0.0,0.0,193.51
44281,-25.0,25.0,193.515
44282,158.0,248.0,193.53
44283,0.0,0.0,193.53
44284,0.0,0.0,193.53
44285,0.0,0.0,193.53
44286,0.0,0.0,193.53
44287,30.0,30.0,193.53
44288,0.0,0.0,193.55
44289,-69.0,111.0,193.555
44290,0.0,0.0,193.56
44291,-408.0,408.0,193.525
44292,-104.0,504.0,193.53
44293,-25.0,25.0,193.515
44294,0.0,0.0,193.52
44295,0.0,0.0,193.52
44296,-104.0,104.0,193.515
44297,-146.0,454.0,193.51
44298,0.0,0.0,193.515
44299,50.0,52.0,193.51
44300,0.0,0.0,193.51
44301,-202.0,202.0,193.505
44302,-109.0,291.0,193.485
44303,0.0,0.0,193.485
44304,60.0,60.0,193.49
44305,-99.0,99.0,193.49
44306,-483.0,483.0,193.47
44307,0.0,0.0,193.47
44308,1.0,1.0,193.47
44309,-68.0,184.0,193.47
44310,2.0,2.0,193.47
44311,-31.0,31.0,193.455
44312,210.0,210.0,193.47
44313,-7.0,7.0,193.455
44314,0.0,0.0,193.465
44315,0.0,0.0,193.47
44316,-242.0,242.0,193.455
44317,10.0,10.0,193.47
44318,0.0,0.0,193.47
44319,0.0,0.0,193.47
44320,-90.0,110.0,193.465
44321,0.0,0.0,193.455
44322,-659.0,659.0,193.415
44323,0.0,0.0,193.415
44324,199.0,199.0,193.425
44325,30.0,30.0,193.44
44326,0.0,0.0,193.44
44327,0.0,0.0,193.44
44328,0.0,0.0,193.44
44329,25.0,277.0,193.46
44330,0.0,0.0,193.46
44331,0.0,0.0,193.46
44332,0.0,0.0,193.46
44333,0.0,0.0,193.46
44334,0.0,0.0,193.455
44335,0.0,0.0,193.455
44336,325.0,325.0,193.47
44337,100.0,100.0,193.49
44338,0.0,0.0,193.485
44339,-134.0,1266.0,193.485
44340,0.0,0.0,193.485
44341,2.0,2.0,193.495
44342,-100.0,100.0,193.47
44343,100.0,100.0,193.485
44344,1.0,1.0,193.49
44345,0.0,2.0,193.485
44346,-366.0,374.0,193.485
44347,-200.0,200.0,193.475
44348,0.0,0.0,193.48
44349,0.0,0.0,193.475
44350,120.0,120.0,193.485
44351,0.0,0.0,193.485
44352,0.0,0.0,193.485
44353,-102.0,102.0,193.475
44354,640.0,640.0,193.48
44355,0.0,0.0,193.48
44356,100.0,100.0,193.485
44357,373.0,373.0,193.5
44358,0.0,0.0,193.49
44359,-97.0,103.0,193.495
44360,0.0,0.0,193.49
44361,13.0,13.0,193.49
44362,5.0,5.0,193.49
44363,155.0,517.0,193.475
44364,0.0,0.0,193.475
44365,-151.0,249.0,193.475
44366,0.0,0.0,193.475
44367,-697.0,823.0,193.45
44368,-204.0,596.0,193.46
44369,131.0,131.0,193.49
44370,0.0,0.0,193.49
44371,0.0,0.0,193.485
44372,-401.0,401.0,193.475
44373,-64.0,64.0,193.46
44374,0.0,0.0,193.465
44375,0.0,0.0,193.465
44376,0.0,0.0,193.47
44377,0.0,0.0,193.47
44378,-37.0,43.0,193.47
44379,0.0,0.0,193.47
44380,0.0,0.0,193.47
44381,-68.0,68.0,193.465
44382,-317.0,325.0,193.45
44383,0.0,0.0,193.45
44384,-206.0,206.0,193.435
44385,20.0,622.0,193.43
44386,0.0,0.0,193.44
44387,0.0,0.0,193.44
44388,5.0,5.0,193.425
44389,-101.0,101.0,193.425
44390,-86.0,118.0,193.415
44391,1.0,1.0,193.42
44392,101.0,101.0,193.425
44393,100.0,100.0,193.45
44394,-205.0,205.0,193.44
44395,-100.0,100.0,193.445
44396,2.0,2.0,193.45
44397,-207.0,207.0,193.425
44398,2.0,2.0,193.425
44399,-23.0,1077.0,193.425
44400,3.0,3.0,193.42
44401,0.0,0.0,193.42
44402,27.0,27.0,193.43
44403,100.0,100.0,193.465
44404,0.0,0.0,193.465
44405,0.0,0.0,193.465
44406,0.0,0.0,193.455
44407,4.0,4.0,193.47
44408,99.0,101.0,193.47
44409,-194.0,206.0,193.48
44410,0.0,0.0,193.485
44411,-1.0,1.0,193.485
44412,0.0,0.0,193.485
44413,477.0,477.0,193.515
44414,-132.0,138.0,193.515
44415,-497.0,503.0,193.5
44416,0.0,0.0,193.5
44417,0.0,0.0,193.505
44418,0.0,0.0,193.505
44419,237.0,237.0,193.505
44420,0.0,0.0,193.505
44421,-211.0,411.0,193.49
44422,0.0,0.0,193.495
44423,0.0,0.0,193.495
44424,0.0,0.0,193.495
44425,0.0,0.0,193.495
44426,0.0,0.0,193.495
44427,0.0,0.0,193.495
44428,453.0,453.0,193.505
44429,-100.0,100.0,193.505
44430,-25.0,25.0,193.495
44431,0.0,0.0,193.495
44432,0.0,0.0,193.495
44433,0.0,0.0,193.495
44434,0.0,0.0,193.495
44435,100.0,100.0,193.505
44436,100.0,100.0,193.505
44437,0.0,0.0,193.505
44438,-50.0,50.0,193.5
44439,0.0,0.0,193.505
44440,88.0,200.0,193.5
44441,1.0,1.0,193.5
44442,0.0,0.0,193.5
44443,6.0,6.0,193.505
44444,-4.0,4.0,193.51
44445,-101.0,109.0,193.495
44446,0.0,0.0,193.495
44447,-308.0,708.0,193.485
44448,49.0,49.0,193.49
44449,-273.0,377.0,193.47
44450,40.0,40.0,193.475
44451,0.0,0.0,193.475
44452,-41.0,41.0,193.475
44453,0.0,0.0,193.475
44454,-207.0,405.0,193.45
44455,0.0,0.0,193.45
44456,0.0,0.0,193.45
44457,5.0,5.0,193.47
44458,-25.0,25.0,193.45
44459,0.0,0.0,193.45
44460,6.0,6.0,193.455
44461,72.0,72.0,193.475
44462,0.0,0.0,193.475
44463,-225.0,225.0,193.45
44464,-162.0,638.0,193.44
44465,-200.0,200.0,193.42
44466,55.0,295.0,193.425
44467,-616.0,916.0,193.41
44468,-449.0,449.0,193.37
44469,-469.0,1169.0,193.34
44470,94.0,94.0,193.37
44471,234.0,274.0,193.375
44472,0.0,0.0,193.375
44473,236.0,236.0,193.43
44474,0.0,0.0,193.435
44475,0.0,0.0,193.435
44476,2.0,2.0,193.435
44477,0.0,0.0,193.435
44478,1.0,1.0,193.435
44479,-381.0,631.0,193.435
44480,211.0,561.0,193.455
44481,-300.0,970.0,193.445
44482,-276.0,276.0,193.44
44483,0.0,0.0,193.44
44484,115.0,315.0,193.43
44485,-700.0,700.0,193.41
44486,-100.0,100.0,193.395
44487,-770.0,1268.0,193.38
44488,118.0,118.0,193.415
44489,0.0,0.0,193.415
44490,0.0,0.0,193.415
44491,226.0,226.0,193.435
44492,0.0,0.0,193.435
44493,-11.0,211.0,193.43
44494,-100.0,100.0,193.42
44495,-301.0,301.0,193.405
44496,-101.0,101.0,193.395
44497,-35.0,35.0,193.38
44498,-156.0,940.0,193.385
44499,107.0,107.0,193.4
44500,0.0,0.0,193.4
44501,-100.0,100.0,193.39
44502,0.0,0.0,193.39
44503,0.0,0.0,193.39
44504,0.0,0.0,193.395
44505,104.0,1128.0,193.435
44506,-58.0,258.0,193.435
44507,135.0,345.0,193.435
44508,0.0,0.0,193.435
44509,19.0,19.0,193.445
44510,-314.0,518.0,193.435
44511,0.0,0.0,193.44
44512,0.0,0.0,193.44
44513,10.0,10.0,193.445
44514,-120.0,320.0,193.445
44515,-107.0,107.0,193.445
44516,-121.0,321.0,193.435
44517,-300.0,300.0,193.435
44518,-385.0,385.0,193.42
44519,-100.0,100.0,193.42
44520,-100.0,100.0,193.42
44521,10.0,10.0,193.425
44522,0.0,0.0,193.425
44523,0.0,0.0,193.425
44524,234.0,234.0,193.445
44525,-301.0,301.0,193.43
44526,-200.0,200.0,193.42
44527,2.0,2.0,193.425
44528,-200.0,200.0,193.42
44529,3.0,3.0,193.42
44530,179.0,389.0,193.435
44531,0.0,0.0,193.435
44532,0.0,0.0,193.435
44533,-200.0,1000.0,193.405
44534,24.0,36.0,193.41
44535,0.0,0.0,193.415
44536,-199.0,251.0,193.415
44537,-1573.0,1573.0,193.37
44538,0.0,0.0,193.37
44539,0.0,0.0,193.37
44540,0.0,0.0,193.37
44541,-673.0,681.0,193.33
44542,6.0,6.0,193.35
44543,23.0,23.0,193.36
44544,0.0,0.0,193.365
44545,5.0,405.0,193.355
44546,0.0,0.0,193.36
44547,-100.0,100.0,193.35
44548,0.0,0.0,193.35
44549,0.0,0.0,193.35
44550,0.0,0.0,193.365
44551,114.0,314.0,193.355
44552,234.0,234.0,193.375
44553,0.0,0.0,193.375
44554,100.0,100.0,193.38
44555,0.0,0.0,193.385
44556,0.0,0.0,193.38
44557,0.0,0.0,193.38
44558,0.0,0.0,193.38
44559,-230.0,230.0,193.385
44560,0.0,0.0,193.38
44561,0.0,0.0,193.385
44562,0.0,0.0,193.385
44563,3.0,3.0,193.395
44564,0.0,0.0,193.395
44565,0.0,0.0,193.39
44566,0.0,0.0,193.375
44567,0.0,0.0,193.375
44568,0.0,0.0,193.385
44569,123.0,123.0,193.41
44570,2.0,2.0,193.41
44571,0.0,0.0,193.41
44572,0.0,0.0,193.415
44573,-400.0,400.0,193.405
44574,-100.0,100.0,193.405
44575,2.0,2.0,193.405
44576,0.0,0.0,193.405
44577,76.0,76.0,193.41
44578,0.0,0.0,193.405
44579,0.0,0.0,193.405
44580,0.0,0.0,193.405
44581,226.0,226.0,193.42
44582,0.0,0.0,193.425
44583,0.0,0.0,193.425
44584,-555.0,593.0,193.405
44585,17.0,17.0,193.415
44586,2569.0,2569.0,193.425
44587,-934.0,934.0,193.39
44588,-1.0,1.0,193.395
44589,-145.0,865.0,193.37
44590,0.0,0.0,193.37
44591,11.0,11.0,193.37
44592,2.0,222.0,193.38
44593,0.0,0.0,193.38
44594,0.0,0.0,193.38
44595,0.0,0.0,193.38
44596,0.0,0.0,193.375
44597,0.0,0.0,193.375
44598,0.0,0.0,193.375
44599,364.0,1320.0,193.375
44600,259.0,261.0,193.37
44601,407.0,407.0,193.37
44602,-494.0,1244.0,193.34
44603,-200.0,200.0,193.35
44604,0.0,0.0,193.345
44605,0.0,0.0,193.345
44606,1056.0,1856.0,193.33
44607,0.0,0.0,193.33
44608,3.0,3.0,193.345
44609,291.0,291.0,193.345
44610,-100.0,100.0,193.335
44611,-211.0,411.0,193.32
44612,-420.0,620.0,193.305
44613,-70.0,330.0,193.315
44614,-50.0,50.0,193.3
44615,-698.0,828.0,193.265
44616,-887.0,1067.0,193.265
44617,0.0,0.0,193.27
44618,-2.0,2.0,193.27
44619,1.0,1.0,193.27
44620,472.0,678.0,193.31
44621,-20.0,20.0,193.295
44622,0.0,0.0,193.295
44623,0.0,0.0,193.295
44624,0.0,0.0,193.295
44625,299.0,299.0,193.315
44626,0.0,0.0,193.315
44627,6.0,6.0,193.33
44628,0.0,0.0,193.325
44629,-225.0,225.0,193.32
44630,0.0,0.0,193.32
44631,44.0,44.0,193.33
44632,0.0,0.0,193.33
44633,-67.0,373.0,193.34
44634,36.0,76.0,193.35
44635,0.0,0.0,193.35
44636,59.0,59.0,193.38
44637,0.0,0.0,193.39
44638,-323.0,323.0,193.385
44639,100.0,100.0,193.39
44640,308.0,308.0,193.42
44641,200.0,400.0,193.415
44642,529.0,529.0,193.42
44643,0.0,0.0,193.425
44644,0.0,0.0,193.42
44645,0.0,0.0,193.425
44646,0.0,0.0,193.42
44647,130.0,130.0,193.42
44648,390.0,390.0,193.42
44649,634.0,634.0,193.425
44650,-835.0,1165.0,193.415
44651,-340.0,660.0,193.415
44652,90.0,390.0,193.41
44653,0.0,0.0,193.41
44654,-832.0,832.0,193.385
44655,-11.0,27.0,193.39
44656,128.0,128.0,193.385
44657,0.0,0.0,193.385
44658,1.0,1.0,193.385
44659,81.0,81.0,193.395
44660,-5.0,5.0,193.385
44661,-912.0,1192.0,193.385
44662,-60.0,60.0,193.38
44663,0.0,0.0,193.38
44664,-411.0,411.0,193.365
44665,-490.0,510.0,193.355
44666,20.0,20.0,193.38
44667,-45.0,45.0,193.37
44668,0.0,0.0,193.38
44669,-200.0,200.0,193.38
44670,-107.0,107.0,193.37
44671,0.0,0.0,193.37
44672,0.0,0.0,193.37
44673,0.0,0.0,193.36
44674,0.0,0.0,193.35
44675,0.0,0.0,193.36
44676,0.0,0.0,193.37
44677,-50.0,50.0,193.36
44678,-4.0,4.0,193.365
44679,-3.0,5.0,193.37
44680,0.0,0.0,193.375
44681,-28.0,28.0,193.355
44682,0.0,0.0,193.355
44683,-253.0,453.0,193.355
44684,-100.0,100.0,193.345
44685,0.0,0.0,193.35
44686,275.0,275.0,193.375
44687,-404.0,404.0,193.375
44688,0.0,0.0,193.37
44689,0.0,0.0,193.37
44690,0.0,0.0,193.365
44691,132.0,132.0,193.385
44692,0.0,0.0,193.385
44693,0.0,0.0,193.38
44694,-142.0,142.0,193.37
44695,0.0,0.0,193.37
44696,3.0,3.0,193.375
44697,0.0,0.0,193.37
44698,0.0,0.0,193.37
44699,0.0,0.0,193.375
44700,98.0,302.0,193.375
44701,-92.0,158.0,193.365
44702,20.0,20.0,193.365
44703,72.0,74.0,193.37
44704,2.0,2.0,193.37
44705,-341.0,461.0,193.35
44706,0.0,0.0,193.35
44707,25.0,25.0,193.36
44708,-131.0,131.0,193.35
44709,0.0,0.0,193.355
44710,-691.0,697.0,193.34
44711,0.0,0.0,193.345
44712,0.0,0.0,193.345
44713,8.0,8.0,193.345
44714,-100.0,100.0,193.345
44715,-177.0,177.0,193.33
44716,0.0,0.0,193.33
44717,3.0,3.0,193.335
44718,-130.0,140.0,193.315
44719,-25.0,25.0,193.305
44720,130.0,130.0,193.315
44721,-278.0,278.0,193.295
44722,17.0,321.0,193.295
44723,0.0,0.0,193.29
44724,-147.0,147.0,193.275
44725,56.0,56.0,193.285
44726,152.0,152.0,193.3
44727,0.0,0.0,193.305
44728,245.0,245.0,193.315
44729,-94.0,106.0,193.32
44730,5.0,5.0,193.325
44731,-260.0,380.0,193.325
44732,0.0,0.0,193.325
44733,0.0,0.0,193.335
44734,-1013.0,1229.0,193.315
44735,1.0,1.0,193.32
44736,0.0,0.0,193.32
44737,120.0,120.0,193.335
44738,332.0,332.0,193.345
44739,272.0,522.0,193.36
44740,-419.0,421.0,193.35
44741,0.0,0.0,193.35
44742,485.0,485.0,193.37
44743,0.0,0.0,193.37
44744,0.0,0.0,193.375
44745,87.0,87.0,193.385
44746,-120.0,120.0,193.37
44747,-239.0,239.0,193.36
44748,3.0,11.0,193.355
44749,-107.0,285.0,193.35
44750,-429.0,429.0,193.325
44751,535.0,935.0,193.335
44752,50.0,50.0,193.35
44753,0.0,0.0,193.345
44754,-120.0,120.0,193.33
44755,0.0,0.0,193.33
44756,13.0,13.0,193.35
44757,-696.0,864.0,193.34
44758,-152.0,154.0,193.34
44759,0.0,0.0,193.345
44760,0.0,0.0,193.35
44761,0.0,0.0,193.345
44762,-100.0,100.0,193.335
44763,5.0,5.0,193.335
44764,2.0,2.0,193.335
44765,2.0,2.0,193.335
44766,0.0,0.0,193.335
44767,0.0,0.0,193.335
44768,-109.0,275.0,193.33
44769,0.0,0.0,193.325
44770,255.0,255.0,193.35
44771,0.0,0.0,193.35
44772,-236.0,236.0,193.345
44773,-205.0,205.0,193.34
44774,0.0,0.0,193.34
44775,0.0,0.0,193.335
44776,0.0,0.0,193.335
44777,-282.0,320.0,193.315
44778,-287.0,359.0,193.305
44779,-51.0,51.0,193.295
44780,9.0,9.0,193.295
44781,-158.0,244.0,193.265
44782,226.0,366.0,193.265
44783,83.0,83.0,193.265
44784,117.0,517.0,193.26
44785,290.0,290.0,193.265
44786,0.0,0.0,193.265
44787,0.0,0.0,193.265
44788,-316.0,1136.0,193.265
44789,1490.0,2102.0,193.295
44790,-407.0,593.0,193.29
44791,208.0,208.0,193.3
44792,-94.0,146.0,193.31
44793,32.0,388.0,193.32
44794,62.0,1062.0,193.3
44795,5.0,5.0,193.315
44796,-120.0,120.0,193.31
44797,0.0,0.0,193.315
44798,-54.0,766.0,193.305
44799,661.0,1061.0,193.305
44800,0.0,0.0,193.3
44801,0.0,0.0,193.31
44802,0.0,0.0,193.31
44803,-260.0,748.0,193.3
44804,229.0,229.0,193.31
44805,209.0,209.0,193.325
44806,601.0,601.0,193.325
44807,0.0,0.0,193.325
44808,0.0,0.0,193.325
44809,0.0,0.0,193.325
44810,0.0,0.0,193.325
44811,0.0,0.0,193.325
44812,0.0,0.0,193.325
44813,0.0,0.0,193.325
44814,1307.0,1307.0,193.325
44815,0.0,0.0,193.325
44816,776.0,776.0,193.325
44817,0.0,0.0,193.325
44818,0.0,0.0,193.325
44819,578.0,578.0,193.325
44820,98.0,98.0,193.325
44821,1306.0,2496.0,193.325
44822,-737.0,4377.0,193.335
44823,1344.0,1570.0,193.42
44824,0.0,0.0,193.415
44825,-96.0,146.0,193.42
44826,-189.0,189.0,193.41
44827,24.0,276.0,193.42
44828,0.0,0.0,193.43
44829,0.0,0.0,193.425
44830,-72.0,72.0,193.425
44831,-7.0,7.0,193.415
44832,600.0,600.0,193.435
44833,-301.0,301.0,193.4
44834,0.0,0.0,193.405
44835,-225.0,225.0,193.39
44836,0.0,0.0,193.39
44837,278.0,278.0,193.405
44838,-108.0,108.0,193.39
44839,0.0,0.0,193.37
44840,-1.0,1.0,193.37
44841,-222.0,222.0,193.36
44842,-198.0,202.0,193.36
44843,0.0,0.0,193.37
44844,-548.0,548.0,193.365
44845,-1.0,1.0,193.355
44846,0.0,0.0,193.355
44847,-202.0,402.0,193.37
44848,-178.0,178.0,193.355
44849,0.0,0.0,193.355
44850,1068.0,2168.0,193.355
44851,600.0,600.0,193.355
44852,0.0,0.0,193.355
44853,511.0,1181.0,193.37
44854,80.0,80.0,193.395
44855,-7.0,13.0,193.4
44856,-255.0,255.0,193.4
44857,0.0,0.0,193.4
44858,0.0,0.0,193.395
44859,298.0,948.0,193.4
44860,-45.0,45.0,193.39
44861,-163.0,163.0,193.39
44862,0.0,0.0,193.37
44863,0.0,0.0,193.37
44864,0.0,0.0,193.37
44865,0.0,0.0,193.37
44866,0.0,0.0,193.375
44867,490.0,490.0,193.395
44868,-55.0,385.0,193.37
44869,0.0,0.0,193.37
44870,-51.0,51.0,193.37
44871,0.0,0.0,193.37
44872,0.0,0.0,193.375
44873,0.0,0.0,193.37
44874,0.0,0.0,193.37
44875,248.0,248.0,193.38
44876,0.0,0.0,193.385
44877,0.0,0.0,193.385
44878,243.0,243.0,193.4
44879,-100.0,100.0,193.38
44880,0.0,0.0,193.38
44881,0.0,0.0,193.385
44882,101.0,101.0,193.39
44883,0.0,0.0,193.4
44884,-25.0,25.0,193.39
44885,0.0,0.0,193.395
44886,-100.0,100.0,193.385
44887,-624.0,624.0,193.37
44888,98.0,102.0,193.385
44889,-1.0,1.0,193.39
44890,31.0,41.0,193.4
44891,-100.0,100.0,193.39
44892,0.0,0.0,193.395
44893,0.0,0.0,193.39
44894,3.0,197.0,193.39
44895,120.0,120.0,193.4
44896,0.0,0.0,193.395
44897,1.0,1.0,193.405
44898,0.0,0.0,193.4
44899,-485.0,485.0,193.38
44900,0.0,0.0,193.38
44901,1.0,1.0,193.38
44902,0.0,0.0,193.38
44903,0.0,0.0,193.38
44904,-492.0,932.0,193.365
44905,0.0,0.0,193.365
44906,0.0,0.0,193.365
44907,0.0,0.0,193.365
44908,0.0,0.0,193.365
44909,-601.0,603.0,193.345
44910,0.0,0.0,193.345
44911,0.0,0.0,193.345
44912,-501.0,501.0,193.325
44913,-318.0,758.0,193.325
44914,-482.0,482.0,193.305
44915,0.0,0.0,193.305
44916,0.0,0.0,193.305
44917,300.0,300.0,193.325
44918,0.0,0.0,193.33
44919,0.0,0.0,193.34
44920,0.0,0.0,193.34
44921,-101.0,101.0,193.32
44922,0.0,0.0,193.315
44923,100.0,100.0,193.32
44924,0.0,0.0,193.32
44925,0.0,0.0,193.32
44926,0.0,0.0,193.32
44927,0.0,0.0,193.32
44928,0.0,0.0,193.32
44929,0.0,0.0,193.32
44930,0.0,0.0,193.32
44931,-120.0,400.0,193.315
44932,0.0,0.0,193.315
44933,103.0,103.0,193.32
44934,0.0,0.0,193.32
44935,-144.0,144.0,193.31
44936,-192.0,192.0,193.295
44937,122.0,122.0,193.315
44938,0.0,0.0,193.325
44939,2.0,2.0,193.325
44940,0.0,0.0,193.325
44941,-202.0,202.0,193.325
44942,0.0,200.0,193.315
44943,278.0,422.0,193.315
44944,25.0,25.0,193.325
44945,109.0,109.0,193.34
44946,0.0,0.0,193.34
44947,441.0,441.0,193.355
44948,137.0,137.0,193.355
44949,0.0,0.0,193.355
44950,-15.0,15.0,193.355
44951,0.0,0.0,193.355
44952,0.0,0.0,193.355
44953,141.0,141.0,193.355
44954,136.0,136.0,193.36
44955,-203.0,203.0,193.35
44956,-551.0,551.0,193.32
44957,0.0,0.0,193.32
44958,0.0,0.0,193.32
44959,-90.0,90.0,193.32
44960,-240.0,300.0,193.305
44961,0.0,0.0,193.305
44962,2.0,2.0,193.305
44963,-241.0,1629.0,193.29
44964,-48.0,68.0,193.28
44965,11.0,11.0,193.285
44966,0.0,0.0,193.285
44967,0.0,0.0,193.29
44968,-50.0,50.0,193.285
44969,383.0,383.0,193.305
44970,1.0,1.0,193.305
44971,543.0,543.0,193.33
44972,-344.0,556.0,193.305
44973,0.0,0.0,193.305
44974,45.0,45.0,193.305
44975,0.0,0.0,193.305
44976,0.0,0.0,193.305
44977,38.0,1094.0,193.305
44978,0.0,0.0,193.305
44979,-140.0,140.0,193.305
44980,0.0,0.0,193.305
44981,-205.0,515.0,193.3
44982,0.0,0.0,193.3
44983,100.0,100.0,193.305
44984,0.0,0.0,193.305
44985,-6.0,6.0,193.3
44986,345.0,345.0,193.3
44987,2096.0,2096.0,193.305
44988,0.0,0.0,193.305
44989,-260.0,340.0,193.3
44990,1125.0,1125.0,193.3
44991,0.0,0.0,193.3
44992,-664.0,1230.0,193.285
44993,-1.0,1.0,193.28
44994,0.0,0.0,193.28
44995,-200.0,200.0,193.28
44996,100.0,100.0,193.28
44997,0.0,0.0,193.28
44998,71.0,71.0,193.28
44999,16.0,16.0,193.28
45000,-575.0,575.0,193.23
45001,-1.0,1.0,193.225
45002,445.0,555.0,193.245
45003,0.0,0.0,193.24
45004,0.0,0.0,193.24
45005,-586.0,586.0,193.215
45006,1391.0,1391.0,193.27
45007,-245.0,245.0,193.24
45008,57.0,57.0,193.25
45009,-216.0,216.0,193.23
45010,285.0,285.0,193.235
45011,119.0,119.0,193.24
45012,0.0,0.0,193.24
45013,400.0,400.0,193.26
45014,0.0,0.0,193.26
45015,64.0,64.0,193.28
45016,-97.0,103.0,193.26
45017,2.0,2.0,193.26
45018,0.0,0.0,193.255
45019,-5.0,5.0,193.245
45020,0.0,0.0,193.255
45021,-25.0,25.0,193.24
45022,0.0,0.0,193.24
45023,-100.0,300.0,193.235
45024,0.0,0.0,193.235
45025,12.0,12.0,193.235
45026,99.0,99.0,193.26
45027,0.0,0.0,193.28
45028,94.0,134.0,193.27
45029,-60.0,140.0,193.275
45030,0.0,0.0,193.28
45031,0.0,0.0,193.285
45032,233.0,283.0,193.3
45033,0.0,0.0,193.28
45034,50.0,50.0,193.28
45035,0.0,0.0,193.285
45036,0.0,0.0,193.285
45037,230.0,230.0,193.29
45038,0.0,0.0,193.285
45039,0.0,0.0,193.29
45040,0.0,0.0,193.29
45041,100.0,100.0,193.305
45042,2571.0,2571.0,193.305
45043,1071.0,1131.0,193.32
45044,0.0,0.0,193.325
45045,-100.0,100.0,193.32
45046,0.0,0.0,193.32
45047,-666.0,666.0,193.305
45048,100.0,100.0,193.32
45049,203.0,203.0,193.335
45050,0.0,0.0,193.335
45051,0.0,2.0,193.33
45052,-333.0,333.0,193.325
45053,0.0,0.0,193.335
45054,73.0,73.0,193.34
45055,42.0,42.0,193.36
45056,0.0,0.0,193.36
45057,-104.0,104.0,193.355
45058,-280.0,680.0,193.36
45059,0.0,0.0,193.345
45060,0.0,0.0,193.345
45061,-302.0,302.0,193.325
45062,0.0,592.0,193.31
45063,-186.0,188.0,193.285
45064,0.0,0.0,193.285
45065,-795.0,901.0,193.265
45066,0.0,0.0,193.28
45067,52.0,252.0,193.3
45068,-195.0,195.0,193.28
45069,21.0,23.0,193.3
45070,27.0,27.0,193.31
45071,0.0,0.0,193.31
45072,-100.0,100.0,193.285
45073,-48.0,48.0,193.28
45074,0.0,0.0,193.275
45075,1.0,1.0,193.28
45076,-300.0,300.0,193.26
45077,-5.0,815.0,193.24
45078,-470.0,576.0,193.235
45079,0.0,0.0,193.24
45080,-110.0,110.0,193.24
45081,-471.0,471.0,193.215
45082,77.0,77.0,193.22
45083,1.0,1.0,193.23
45084,-100.0,100.0,193.22
45085,298.0,844.0,193.195
45086,0.0,0.0,193.195
45087,0.0,0.0,193.205
45088,185.0,185.0,193.21
45089,0.0,0.0,193.215
45090,-100.0,100.0,193.205
45091,0.0,0.0,193.205
45092,-501.0,501.0,193.19
45093,200.0,200.0,193.21
45094,-109.0,109.0,193.21
45095,0.0,0.0,193.21
45096,485.0,485.0,193.21
45097,0.0,0.0,193.215
45098,0.0,0.0,193.215
45099,-25.0,25.0,193.21
45100,0.0,0.0,193.21
45101,0.0,0.0,193.21
45102,0.0,0.0,193.21
45103,-139.0,539.0,193.195
45104,109.0,291.0,193.19
45105,-984.0,1004.0,193.17
45106,-738.0,1138.0,193.14
45107,0.0,0.0,193.145
45108,-49.0,223.0,193.14
45109,0.0,0.0,193.14
45110,0.0,0.0,193.14
45111,0.0,0.0,193.14
45112,-500.0,702.0,193.115
45113,843.0,851.0,193.145
45114,-558.0,642.0,193.145
45115,-304.0,304.0,193.13
45116,-113.0,113.0,193.135
45117,-110.0,110.0,193.12
45118,-203.0,203.0,193.115
45119,164.0,164.0,193.13
45120,0.0,0.0,193.12
45121,49.0,59.0,193.105
45122,400.0,400.0,193.115
45123,462.0,462.0,193.125
45124,-411.0,411.0,193.1
45125,0.0,0.0,193.11
45126,0.0,0.0,193.1
45127,12.0,12.0,193.115
45128,3.0,3.0,193.11
45129,57.0,557.0,193.14
45130,0.0,0.0,193.135
45131,0.0,0.0,193.12
45132,306.0,306.0,193.13
45133,1038.0,1038.0,193.145
45134,232.0,452.0,193.13
45135,0.0,0.0,193.14
45136,600.0,600.0,193.14
45137,0.0,0.0,193.135
45138,0.0,0.0,193.14
45139,1980.0,2180.0,193.145
45140,2800.0,2800.0,193.145
45141,-200.0,200.0,193.145
45142,0.0,0.0,193.145
45143,-230.0,370.0,193.14
45144,0.0,0.0,193.14
45145,0.0,0.0,193.14
45146,-63.0,63.0,193.14
45147,100.0,100.0,193.145
45148,1327.0,1527.0,193.145
45149,-206.0,254.0,193.145
45150,0.0,0.0,193.145
45151,1526.0,1526.0,193.2
45152,0.0,0.0,193.195
45153,0.0,0.0,193.195
45154,0.0,0.0,193.195
45155,0.0,0.0,193.195
45156,0.0,0.0,193.195
45157,0.0,0.0,193.195
45158,0.0,0.0,193.195
45159,200.0,200.0,193.2
45160,0.0,0.0,193.195
45161,0.0,0.0,193.195
45162,-202.0,202.0,193.185
45163,0.0,0.0,193.185
45164,0.0,0.0,193.185
45165,0.0,0.0,193.185
45166,250.0,250.0,193.205
45167,-204.0,204.0,193.17
45168,-440.0,514.0,193.14
45169,3.0,3.0,193.14
45170,0.0,0.0,193.14
45171,100.0,100.0,193.15
45172,0.0,0.0,193.15
45173,0.0,0.0,193.15
45174,-3.0,3.0,193.15
45175,0.0,0.0,193.15
45176,200.0,200.0,193.165
45177,0.0,0.0,193.165
45178,25.0,25.0,193.165
45179,275.0,275.0,193.18
45180,-117.0,167.0,193.18
45181,-655.0,655.0,193.15
45182,0.0,0.0,193.155
45183,0.0,0.0,193.155
45184,-844.0,844.0,193.13
45185,271.0,271.0,193.15
45186,0.0,0.0,193.15
45187,7.0,7.0,193.15
45188,-1.0,1.0,193.15
45189,-419.0,419.0,193.15
45190,-717.0,2243.0,193.16
45191,0.0,0.0,193.16
45192,0.0,0.0,193.165
45193,-12.0,438.0,193.17
45194,0.0,0.0,193.175
45195,32.0,102.0,193.185
45196,-120.0,120.0,193.18
45197,-220.0,220.0,193.18
45198,-145.0,145.0,193.17
45199,0.0,0.0,193.17
45200,0.0,0.0,193.175
45201,-505.0,505.0,193.155
45202,0.0,0.0,193.155
45203,41.0,661.0,193.17
45204,0.0,0.0,193.17
45205,0.0,0.0,193.17
45206,0.0,0.0,193.175
45207,152.0,152.0,193.18
45208,0.0,0.0,193.18
45209,-285.0,727.0,193.17
45210,0.0,0.0,193.175
45211,-220.0,220.0,193.17
45212,0.0,0.0,193.17
45213,1000.0,1380.0,193.17
45214,-270.0,270.0,193.155
45215,-524.0,526.0,193.13
45216,0.0,0.0,193.13
45217,-102.0,102.0,193.13
45218,0.0,0.0,193.13
45219,0.0,0.0,193.13
45220,0.0,0.0,193.13
45221,0.0,0.0,193.13
45222,236.0,616.0,193.135
45223,218.0,218.0,193.155
45224,56.0,56.0,193.165
45225,82.0,82.0,193.17
45226,0.0,0.0,193.17
45227,0.0,0.0,193.17
45228,-42.0,42.0,193.17
45229,0.0,0.0,193.17
45230,-321.0,321.0,193.15
45231,-635.0,715.0,193.125
45232,-210.0,410.0,193.12
45233,0.0,0.0,193.11
45234,-468.0,482.0,193.105
45235,0.0,0.0,193.11
45236,0.0,0.0,193.11
45237,0.0,0.0,193.11
45238,0.0,0.0,193.115
45239,43.0,57.0,193.12
45240,0.0,0.0,193.12
45241,-200.0,200.0,193.105
45242,-493.0,749.0,193.09
45243,0.0,0.0,193.09
45244,0.0,0.0,193.09
45245,-200.0,200.0,193.085
45246,0.0,0.0,193.09
45247,-705.0,705.0,193.06
45248,-412.0,412.0,193.04
45249,-100.0,100.0,193.04
45250,0.0,0.0,193.04
45251,-242.0,256.0,193.025
45252,-7317.0,10137.0,192.98
45253,-221.0,281.0,192.98
45254,-1209.0,1209.0,192.955
45255,-159.0,759.0,192.94
45256,53.0,53.0,192.945
45257,-101.0,501.0,192.95
45258,10586.0,10916.0,192.99
45259,225.0,225.0,193.005
45260,-470.0,500.0,192.995
45261,-10.0,10.0,192.99
45262,0.0,0.0,192.99
45263,776.0,996.0,193.0
45264,0.0,0.0,192.99
45265,0.0,0.0,192.985
45266,-207.0,407.0,192.985
45267,-100.0,100.0,192.97
45268,600.0,600.0,192.99
45269,6.0,6.0,192.99
45270,-96.0,304.0,192.995
45271,-202.0,202.0,192.975
45272,-462.0,462.0,192.955
45273,100.0,100.0,192.96
45274,380.0,380.0,192.975
45275,-100.0,100.0,192.965
45276,0.0,0.0,192.96
45277,-100.0,100.0,192.96
45278,0.0,0.0,192.955
45279,-199.0,201.0,192.95
45280,-300.0,300.0,192.935
45281,0.0,0.0,192.935
45282,48.0,152.0,192.935
45283,0.0,0.0,192.935
45284,-35.0,35.0,192.93
45285,0.0,0.0,192.925
45286,0.0,0.0,192.93
45287,291.0,295.0,192.935
45288,0.0,0.0,192.935
45289,10.0,10.0,192.94
45290,0.0,0.0,192.94
45291,0.0,0.0,192.945
45292,-175.0,375.0,192.925
45293,100.0,100.0,192.94
45294,0.0,0.0,192.94
45295,0.0,0.0,192.94
45296,-11.0,589.0,192.96
45297,0.0,0.0,192.96
45298,1.0,1.0,192.96
45299,1.0,1.0,192.965
45300,1213.0,1313.0,192.99
45301,-99.0,101.0,192.99
45302,569.0,569.0,193.005
45303,6.0,6.0,193.005
45304,8.0,8.0,192.995
45305,0.0,0.0,192.995
45306,14.0,14.0,192.995
45307,-739.0,783.0,192.98
45308,-222.0,228.0,192.975
45309,78.0,78.0,192.975
45310,242.0,242.0,192.99
45311,-135.0,155.0,192.995
45312,0.0,0.0,192.995
45313,0.0,0.0,192.995
45314,2.0,2.0,192.995
45315,1566.0,1566.0,193.005
45316,-35.0,55.0,193.0
45317,10.0,10.0,193.0
45318,210.0,210.0,193.005
45319,8.0,8.0,193.0
45320,44.0,44.0,192.995
45321,292.0,494.0,193.0
45322,963.0,963.0,193.0
45323,-600.0,1000.0,193.0
45324,0.0,0.0,193.0
45325,1119.0,1119.0,193.005
45326,-3712.0,4424.0,192.99
45327,12.0,788.0,192.985
45328,918.0,1328.0,192.995
45329,3.0,3.0,192.995
45330,-781.0,781.0,192.975
45331,100.0,300.0,192.975
45332,-634.0,636.0,192.95
45333,0.0,0.0,192.95
45334,0.0,0.0,192.945
45335,130.0,130.0,192.965
45336,-150.0,150.0,192.95
45337,-426.0,426.0,192.96
45338,200.0,200.0,192.975
45339,200.0,200.0,192.985
45340,-242.0,242.0,192.98
45341,-75.0,75.0,192.97
45342,0.0,0.0,192.97
45343,0.0,0.0,192.975
45344,0.0,0.0,192.97
45345,-603.0,603.0,192.955
45346,-28.0,28.0,192.945
45347,0.0,0.0,192.945
45348,0.0,0.0,192.945
45349,0.0,0.0,192.945
45350,0.0,0.0,192.945
45351,361.0,981.0,192.97
45352,-100.0,100.0,192.96
45353,0.0,0.0,192.96
45354,0.0,0.0,192.96
45355,0.0,0.0,192.96
45356,0.0,0.0,192.96
45357,0.0,0.0,192.955
45358,-1403.0,1603.0,192.945
45359,-1400.0,1400.0,192.955
45360,-818.0,1020.0,192.925
45361,-100.0,300.0,192.93
45362,0.0,0.0,192.935
45363,402.0,402.0,192.955
45364,414.0,414.0,192.98
45365,0.0,0.0,192.98
45366,0.0,0.0,192.98
45367,0.0,0.0,192.98
45368,0.0,0.0,192.98
45369,0.0,0.0,192.98
45370,0.0,0.0,192.98
45371,-309.0,309.0,192.96
45372,0.0,0.0,192.965
45373,112.0,112.0,192.965
45374,207.0,207.0,192.98
45375,0.0,0.0,192.98
45376,0.0,0.0,192.98
45377,0.0,0.0,192.975
45378,-203.0,647.0,192.96
45379,0.0,0.0,192.96
45380,0.0,0.0,192.97
45381,0.0,0.0,192.97
45382,0.0,0.0,192.97
45383,23.0,23.0,192.975
45384,0.0,0.0,192.975
45385,0.0,0.0,192.975
45386,614.0,614.0,193.005
45387,990.0,1790.0,193.005
45388,903.0,903.0,193.005
45389,693.0,779.0,193.055
45390,20.0,20.0,193.055
45391,41.0,41.0,193.065
45392,-17.0,623.0,193.08
45393,0.0,0.0,193.08
45394,-90.0,130.0,193.08
45395,0.0,0.0,193.08
45396,160.0,160.0,193.09
45397,0.0,0.0,193.095
45398,25.0,25.0,193.1
45399,475.0,475.0,193.11
45400,-16.0,16.0,193.11
45401,0.0,0.0,193.11
45402,0.0,0.0,193.11
45403,100.0,100.0,193.105
45404,400.0,400.0,193.11
45405,171.0,371.0,193.12
45406,115.0,115.0,193.125
45407,103.0,103.0,193.145
45408,0.0,0.0,193.145
45409,98.0,98.0,193.155
45410,100.0,100.0,193.15
45411,19.0,19.0,193.15
45412,130.0,130.0,193.17
45413,300.0,300.0,193.175
45414,81.0,81.0,193.18
45415,-62.0,542.0,193.175
45416,-566.0,784.0,193.16
45417,0.0,0.0,193.165
45418,-20.0,100.0,193.16
45419,-246.0,654.0,193.155
45420,56.0,56.0,193.17
45421,-104.0,104.0,193.165
45422,0.0,0.0,193.16
45423,0.0,0.0,193.16
45424,0.0,0.0,193.16
45425,0.0,0.0,193.165
45426,-1696.0,2178.0,193.14
45427,0.0,0.0,193.14
45428,-101.0,101.0,193.135
45429,300.0,500.0,193.14
45430,-301.0,301.0,193.115
45431,-17.0,623.0,193.12
45432,0.0,0.0,193.105
45433,153.0,153.0,193.12
45434,0.0,0.0,193.11
45435,199.0,199.0,193.115
45436,50.0,50.0,193.125
45437,0.0,0.0,193.125
45438,0.0,0.0,193.125
45439,1067.0,1067.0,193.16
45440,0.0,0.0,193.13
45441,0.0,0.0,193.145
45442,114.0,114.0,193.145
45443,366.0,366.0,193.16
45444,-99.0,101.0,193.165
45445,-96.0,104.0,193.165
45446,-324.0,324.0,193.13
45447,166.0,166.0,193.14
45448,40.0,40.0,193.15
45449,0.0,0.0,193.16
45450,0.0,0.0,193.16
45451,95.0,95.0,193.18
45452,0.0,0.0,193.185
45453,1712.0,1956.0,193.18
45454,753.0,1663.0,193.17
45455,0.0,0.0,193.17
45456,87.0,87.0,193.18
45457,33.0,247.0,193.17
45458,100.0,100.0,193.18
45459,700.0,700.0,193.18
45460,0.0,0.0,193.185
45461,190.0,410.0,193.18
45462,4.0,4.0,193.175
45463,0.0,0.0,193.185
45464,62.0,62.0,193.185
45465,4752.0,5012.0,193.22
45466,200.0,200.0,193.23
45467,0.0,0.0,193.23
45468,-310.0,1392.0,193.2
45469,5.0,5.0,193.215
45470,-334.0,334.0,193.2
45471,166.0,234.0,193.185
45472,126.0,126.0,193.185
45473,-3318.0,4494.0,193.12
45474,205.0,205.0,193.14
45475,0.0,0.0,193.13
45476,5.0,5.0,193.135
45477,1.0,1.0,193.135
45478,75.0,75.0,193.16
45479,-104.0,104.0,193.14
45480,-100.0,300.0,193.14
45481,-405.0,405.0,193.105
45482,395.0,395.0,193.115
45483,175.0,175.0,193.15
45484,591.0,591.0,193.175
45485,132.0,132.0,193.165
45486,0.0,0.0,193.165
45487,-395.0,395.0,193.155
45488,-1.0,1.0,193.16
45489,204.0,204.0,193.175
45490,0.0,0.0,193.165
45491,-201.0,201.0,193.15
45492,-5.0,5.0,193.135
45493,0.0,0.0,193.135
45494,0.0,0.0,193.135
45495,385.0,385.0,193.16
45496,0.0,0.0,193.16
45497,2.0,2.0,193.165
45498,1.0,1.0,193.165
45499,1.0,1.0,193.165
45500,0.0,0.0,193.165
45501,0.0,0.0,193.165
45502,-407.0,407.0,193.14
45503,-698.0,698.0,193.135
45504,-402.0,402.0,193.125
45505,-600.0,600.0,193.135
45506,-1120.0,1120.0,193.135
45507,-854.0,854.0,193.135
45508,-590.0,590.0,193.125
45509,-446.0,554.0,193.105
45510,0.0,0.0,193.105
45511,0.0,0.0,193.105
45512,-591.0,993.0,193.075
45513,0.0,0.0,193.075
45514,0.0,0.0,193.07
45515,198.0,802.0,193.07
45516,-6.0,54.0,193.055
45517,-133.0,133.0,193.055
45518,-100.0,100.0,193.06
45519,100.0,100.0,193.08
45520,110.0,110.0,193.085
45521,0.0,0.0,193.085
45522,0.0,0.0,193.08
45523,174.0,174.0,193.1
45524,100.0,100.0,193.12
45525,0.0,0.0,193.12
45526,0.0,0.0,193.12
45527,0.0,0.0,193.12
45528,0.0,0.0,193.115
45529,0.0,0.0,193.115
45530,-103.0,111.0,193.115
45531,0.0,0.0,193.115
45532,-250.0,252.0,193.085
45533,0.0,0.0,193.085
45534,0.0,0.0,193.09
45535,0.0,0.0,193.09
45536,469.0,469.0,193.11
45537,196.0,196.0,193.125
45538,-200.0,200.0,193.13
45539,-95.0,105.0,193.1
45540,0.0,0.0,193.105
45541,-10.0,10.0,193.095
45542,0.0,0.0,193.095
45543,108.0,108.0,193.11
45544,0.0,0.0,193.11
45545,0.0,0.0,193.11
45546,0.0,0.0,193.11
45547,0.0,0.0,193.11
45548,1316.0,1718.0,193.105
45549,0.0,0.0,193.105
45550,258.0,258.0,193.105
45551,0.0,0.0,193.105
45552,0.0,0.0,193.105
45553,-100.0,110.0,193.115
45554,-186.0,186.0,193.105
45555,99.0,99.0,193.105
45556,0.0,0.0,193.105
45557,0.0,0.0,193.105
45558,-81.0,139.0,193.085
45559,19.0,19.0,193.085
45560,10.0,10.0,193.085
45561,42.0,42.0,193.09
45562,0.0,0.0,193.09
45563,301.0,301.0,193.105
45564,0.0,0.0,193.105
45565,499.0,499.0,193.115
45566,1043.0,1045.0,193.115
45567,0.0,0.0,193.115
45568,-344.0,380.0,193.105
45569,0.0,0.0,193.105
45570,2.0,2.0,193.1
45571,0.0,0.0,193.105
45572,0.0,0.0,193.105
45573,-503.0,503.0,193.1
45574,92.0,92.0,193.105
45575,3.0,3.0,193.105
45576,0.0,0.0,193.105
45577,298.0,304.0,193.11
45578,0.0,0.0,193.105
45579,0.0,0.0,193.105
45580,3.0,3.0,193.105
45581,3.0,3.0,193.105
45582,-456.0,656.0,193.095
45583,1346.0,1346.0,193.115
45584,-200.0,200.0,193.105
45585,-1.0,1.0,193.095
45586,-921.0,921.0,193.075
45587,46.0,46.0,193.08
45588,0.0,0.0,193.075
45589,140.0,140.0,193.09
45590,0.0,0.0,193.09
45591,0.0,0.0,193.09
45592,0.0,0.0,193.085
45593,100.0,100.0,193.085
45594,1500.0,1700.0,193.09
45595,300.0,300.0,193.11
45596,0.0,0.0,193.1
45597,1.0,1.0,193.115
45598,0.0,0.0,193.11
45599,0.0,0.0,193.11
45600,-555.0,1055.0,193.11
45601,2122.0,2278.0,193.11
45602,2539.0,3223.0,193.16
45603,0.0,0.0,193.165
45604,0.0,0.0,193.165
45605,-152.0,152.0,193.165
45606,0.0,0.0,193.165
45607,0.0,0.0,193.17
45608,303.0,303.0,193.19
45609,1025.0,1227.0,193.2
45610,0.0,0.0,193.2
45611,0.0,0.0,193.21
45612,-392.0,392.0,193.195
45613,0.0,0.0,193.2
45614,0.0,0.0,193.2
45615,0.0,0.0,193.2
45616,30.0,30.0,193.2
45617,-159.0,159.0,193.195
45618,-151.0,631.0,193.19
45619,-495.0,535.0,193.18
45620,0.0,0.0,193.18
45621,0.0,0.0,193.18
45622,0.0,0.0,193.18
45623,-10.0,10.0,193.175
45624,-924.0,1378.0,193.15
45625,100.0,100.0,193.165
45626,-325.0,325.0,193.15
45627,0.0,0.0,193.14
45628,0.0,0.0,193.14
45629,86.0,88.0,193.125
45630,6.0,6.0,193.125
45631,15.0,15.0,193.125
45632,0.0,0.0,193.125
45633,0.0,0.0,193.125
45634,0.0,0.0,193.125
45635,-310.0,310.0,193.105
45636,-414.0,1096.0,193.08
45637,0.0,0.0,193.09
45638,-370.0,370.0,193.05
45639,0.0,0.0,193.06
45640,-66.0,66.0,193.05
45641,0.0,0.0,193.05
45642,-635.0,1439.0,193.07
45643,0.0,0.0,193.07
45644,0.0,0.0,193.08
45645,0.0,0.0,193.08
45646,0.0,0.0,193.08
45647,0.0,0.0,193.075
45648,-268.0,468.0,193.065
45649,-299.0,301.0,193.095
45650,-158.0,158.0,193.1
45651,-282.0,282.0,193.095
45652,3.0,3.0,193.095
45653,0.0,0.0,193.095
45654,0.0,0.0,193.095
45655,-380.0,580.0,193.075
45656,200.0,200.0,193.09
45657,0.0,0.0,193.09
45658,0.0,0.0,193.09
45659,0.0,0.0,193.1
45660,100.0,100.0,193.115
45661,-697.0,969.0,193.145
45662,0.0,0.0,193.145
45663,-100.0,300.0,193.135
45664,0.0,0.0,193.135
45665,-165.0,435.0,193.135
45666,0.0,0.0,193.135
45667,0.0,0.0,193.135
45668,-109.0,309.0,193.125
45669,120.0,120.0,193.135
45670,0.0,0.0,193.135
45671,271.0,271.0,193.15
45672,0.0,0.0,193.145
45673,3.0,3.0,193.145
45674,47.0,57.0,193.145
45675,245.0,245.0,193.155
45676,0.0,0.0,193.155
45677,0.0,0.0,193.155
45678,0.0,0.0,193.165
45679,0.0,0.0,193.165
45680,0.0,0.0,193.17
45681,0.0,0.0,193.165
45682,-100.0,100.0,193.175
45683,0.0,0.0,193.175
45684,0.0,0.0,193.175
45685,118.0,118.0,193.175
45686,0.0,0.0,193.175
45687,0.0,0.0,193.175
45688,0.0,0.0,193.18
45689,0.0,0.0,193.185
45690,-341.0,541.0,193.175
45691,0.0,0.0,193.175
45692,71.0,379.0,193.185
45693,0.0,0.0,193.185
45694,48.0,48.0,193.185
45695,196.0,196.0,193.185
45696,657.0,657.0,193.19
45697,0.0,0.0,193.19
45698,0.0,0.0,193.195
45699,0.0,0.0,193.195
45700,0.0,0.0,193.195
45701,1.0,1.0,193.195
45702,0.0,0.0,193.205
45703,206.0,206.0,193.235
45704,174.0,174.0,193.245
45705,-455.0,877.0,193.245
45706,50.0,50.0,193.26
45707,0.0,0.0,193.26
45708,0.0,0.0,193.26
45709,0.0,0.0,193.26
45710,0.0,0.0,193.26
45711,0.0,0.0,193.26
45712,0.0,0.0,193.26
45713,0.0,0.0,193.255
45714,0.0,0.0,193.255
45715,342.0,342.0,193.265
45716,-604.0,604.0,193.255
45717,-424.0,624.0,193.25
45718,0.0,0.0,193.245
45719,159.0,209.0,193.25
45720,-1.0,1.0,193.25
45721,-146.0,424.0,193.235
45722,-495.0,985.0,193.22
45723,19.0,19.0,193.22
45724,200.0,200.0,193.23
45725,-120.0,330.0,193.265
45726,-285.0,881.0,193.315
45727,0.0,0.0,193.315
45728,-93.0,173.0,193.315
45729,0.0,0.0,193.315
45730,0.0,0.0,193.315
45731,-406.0,606.0,193.31
45732,-1200.0,1200.0,193.285
45733,0.0,0.0,193.285
45734,0.0,0.0,193.285
45735,300.0,300.0,193.29
45736,0.0,0.0,193.295
45737,0.0,0.0,193.295
45738,0.0,0.0,193.295
45739,0.0,0.0,193.295
45740,0.0,0.0,193.295
45741,0.0,0.0,193.295
45742,0.0,0.0,193.295
45743,286.0,286.0,193.31
45744,0.0,0.0,193.315
45745,100.0,100.0,193.325
45746,-110.0,110.0,193.31
45747,-2.0,2.0,193.31
45748,-120.0,120.0,193.31
45749,0.0,0.0,193.31
45750,69.0,271.0,193.33
45751,8.0,8.0,193.32
45752,10.0,10.0,193.33
45753,0.0,0.0,193.33
45754,31.0,31.0,193.33
45755,0.0,0.0,193.33
45756,0.0,0.0,193.33
45757,0.0,0.0,193.33
45758,0.0,0.0,193.33
45759,5.0,5.0,193.34
45760,50.0,104.0,193.335
45761,-333.0,969.0,193.325
45762,0.0,0.0,193.33
45763,0.0,0.0,193.33
45764,0.0,0.0,193.33
45765,0.0,0.0,193.33
45766,0.0,0.0,193.33
45767,0.0,0.0,193.33
45768,-502.0,702.0,193.325
45769,-141.0,241.0,193.315
45770,-100.0,100.0,193.325
45771,-101.0,501.0,193.34
45772,0.0,0.0,193.32
45773,0.0,0.0,193.32
45774,0.0,0.0,193.32
45775,40.0,40.0,193.32
45776,0.0,0.0,193.32
45777,-650.0,650.0,193.305
45778,3.0,3.0,193.305
45779,-288.0,288.0,193.295
45780,-591.0,1185.0,193.28
45781,-400.0,400.0,193.275
45782,-217.0,229.0,193.255
45783,155.0,205.0,193.26
45784,0.0,0.0,193.25
45785,0.0,0.0,193.255
45786,105.0,105.0,193.265
45787,0.0,0.0,193.265
45788,-25.0,25.0,193.26
45789,0.0,0.0,193.26
45790,0.0,0.0,193.26
45791,0.0,0.0,193.26
45792,0.0,0.0,193.26
45793,100.0,100.0,193.265
45794,0.0,0.0,193.265
45795,-77.0,77.0,193.26
45796,0.0,0.0,193.26
45797,-171.0,913.0,193.255
45798,-562.0,568.0,193.22
45799,0.0,0.0,193.22
45800,0.0,0.0,193.22
45801,900.0,900.0,193.235
45802,-111.0,111.0,193.22
45803,0.0,0.0,193.23
45804,460.0,460.0,193.24
45805,241.0,241.0,193.25
45806,0.0,0.0,193.25
45807,0.0,0.0,193.235
45808,180.0,180.0,193.265
45809,0.0,0.0,193.255
45810,-100.0,100.0,193.245
45811,28.0,28.0,193.25
45812,-41.0,41.0,193.235
45813,-79.0,79.0,193.215
45814,0.0,0.0,193.215
45815,327.0,327.0,193.215
45816,242.0,500.0,193.24
45817,0.0,0.0,193.235
45818,-77.0,77.0,193.23
45819,-77.0,77.0,193.23
45820,0.0,0.0,193.23
45821,0.0,0.0,193.235
45822,0.0,0.0,193.235
45823,-25.0,25.0,193.23
45824,225.0,225.0,193.24
45825,-3.0,3.0,193.23
45826,0.0,0.0,193.23
45827,0.0,0.0,193.23
45828,0.0,0.0,193.24
45829,0.0,0.0,193.24
45830,0.0,0.0,193.24
45831,0.0,0.0,193.24
45832,-7.0,7.0,193.225
45833,-101.0,101.0,193.215
45834,0.0,0.0,193.215
45835,17.0,17.0,193.215
45836,0.0,0.0,193.215
45837,381.0,381.0,193.23
45838,0.0,0.0,193.23
45839,1.0,1.0,193.235
45840,458.0,458.0,193.24
45841,0.0,0.0,193.245
45842,-4.0,4.0,193.235
45843,0.0,0.0,193.235
45844,0.0,0.0,193.235
45845,-262.0,1558.0,193.23
45846,2.0,2.0,193.225
45847,0.0,0.0,193.235
45848,212.0,392.0,193.24
45849,1.0,1.0,193.25
45850,0.0,0.0,193.24
45851,0.0,0.0,193.24
45852,1.0,1.0,193.25
45853,-106.0,106.0,193.23
45854,100.0,100.0,193.255
45855,-70.0,70.0,193.25
45856,0.0,0.0,193.26
45857,0.0,0.0,193.26
45858,103.0,103.0,193.28
45859,0.0,0.0,193.275
45860,142.0,142.0,193.28
45861,1246.0,1246.0,193.295
45862,0.0,0.0,193.295
45863,25.0,25.0,193.295
45864,587.0,713.0,193.31
45865,0.0,0.0,193.31
45866,384.0,384.0,193.3
45867,-206.0,206.0,193.295
45868,-419.0,681.0,193.285
45869,-603.0,603.0,193.27
45870,-281.0,319.0,193.265
45871,0.0,0.0,193.265
45872,0.0,0.0,193.27
45873,0.0,0.0,193.275
45874,300.0,300.0,193.285
45875,300.0,300.0,193.285
45876,0.0,0.0,193.285
45877,479.0,479.0,193.295
45878,17.0,17.0,193.295
45879,4.0,4.0,193.295
45880,100.0,100.0,193.295
45881,3.0,3.0,193.295
45882,3.0,3.0,193.295
45883,245.0,355.0,193.295
45884,100.0,100.0,193.31
45885,85.0,85.0,193.31
45886,85.0,85.0,193.315
45887,4.0,4.0,193.305
45888,0.0,0.0,193.31
45889,0.0,0.0,193.31
45890,0.0,0.0,193.31
45891,185.0,185.0,193.325
45892,-369.0,369.0,193.31
45893,0.0,0.0,193.31
45894,0.0,0.0,193.31
45895,1.0,1.0,193.315
45896,0.0,0.0,193.315
45897,-111.0,111.0,193.305
45898,-818.0,818.0,193.27
45899,-309.0,691.0,193.26
45900,-154.0,154.0,193.25
45901,0.0,0.0,193.25
45902,-200.0,200.0,193.24
45903,0.0,0.0,193.24
45904,-100.0,100.0,193.22
45905,-323.0,323.0,193.195
45906,0.0,0.0,193.195
45907,1158.0,1158.0,193.225
45908,0.0,0.0,193.225
45909,-101.0,101.0,193.215
45910,-81.0,119.0,193.21
45911,3.0,3.0,193.215
45912,559.0,1109.0,193.225
45913,5.0,5.0,193.225
45914,0.0,0.0,193.225
45915,191.0,191.0,193.23
45916,0.0,0.0,193.23
45917,268.0,268.0,193.255
45918,3.0,3.0,193.265
45919,-99.0,101.0,193.255
45920,0.0,0.0,193.265
45921,0.0,0.0,193.265
45922,0.0,0.0,193.265
45923,0.0,0.0,193.265
45924,449.0,449.0,193.27
45925,0.0,0.0,193.275
45926,0.0,0.0,193.275
45927,-252.0,252.0,193.255
45928,0.0,0.0,193.255
45929,0.0,0.0,193.255
45930,0.0,0.0,193.255
45931,0.0,0.0,193.255
45932,0.0,0.0,193.255
45933,-179.0,179.0,193.255
45934,0.0,0.0,193.255
45935,232.0,252.0,193.27
45936,0.0,0.0,193.265
45937,1.0,1.0,193.26
45938,0.0,0.0,193.26
45939,0.0,0.0,193.27
45940,0.0,0.0,193.27
45941,-1.0,1.0,193.26
45942,0.0,0.0,193.26
45943,0.0,0.0,193.265
45944,0.0,0.0,193.265
45945,5.0,5.0,193.265
45946,-110.0,110.0,193.26
45947,0.0,0.0,193.26
45948,0.0,0.0,193.26
45949,0.0,0.0,193.26
45950,0.0,0.0,193.26
45951,0.0,0.0,193.26
45952,0.0,0.0,193.26
45953,-71.0,391.0,193.25
45954,0.0,0.0,193.25
45955,11.0,215.0,193.245
45956,224.0,336.0,193.24
45957,0.0,0.0,193.24
45958,0.0,0.0,193.24
45959,0.0,0.0,193.24
45960,-358.0,934.0,193.205
45961,0.0,0.0,193.205
45962,-303.0,329.0,193.19
45963,0.0,0.0,193.195
45964,-100.0,100.0,193.185
45965,-650.0,854.0,193.165
45966,-2.0,2.0,193.155
45967,100.0,100.0,193.165
45968,256.0,256.0,193.165
45969,0.0,0.0,193.155
45970,25.0,25.0,193.16
45971,75.0,129.0,193.16
45972,938.0,938.0,193.175
45973,600.0,600.0,193.185
45974,310.0,590.0,193.185
45975,423.0,423.0,193.195
45976,0.0,0.0,193.195
45977,-300.0,300.0,193.19
45978,0.0,0.0,193.195
45979,25.0,33.0,193.195
45980,-288.0,312.0,193.185
45981,4.0,4.0,193.19
45982,353.0,1157.0,193.19
45983,0.0,0.0,193.18
45984,-85.0,85.0,193.175
45985,1.0,1.0,193.175
45986,0.0,0.0,193.175
45987,0.0,0.0,193.175
45988,80.0,80.0,193.175
45989,0.0,0.0,193.175
45990,0.0,0.0,193.175
45991,0.0,0.0,193.175
45992,0.0,0.0,193.175
45993,-201.0,201.0,193.165
45994,-1068.0,1186.0,193.135
45995,15.0,15.0,193.13
45996,0.0,0.0,193.135
45997,845.0,845.0,193.155
45998,702.0,702.0,193.175
45999,0.0,0.0,193.175
46000,241.0,241.0,193.195
46001,0.0,0.0,193.195
46002,-200.0,200.0,193.19
46003,0.0,0.0,193.19
46004,340.0,340.0,193.205
46005,-1.0,1.0,193.2
46006,0.0,0.0,193.19
46007,2.0,2.0,193.195
46008,100.0,100.0,193.205
46009,0.0,0.0,193.2
46010,10.0,10.0,193.205
46011,0.0,0.0,193.2
46012,0.0,0.0,193.2
46013,0.0,0.0,193.2
46014,0.0,0.0,193.195
46015,0.0,0.0,193.195
46016,0.0,0.0,193.195
46017,0.0,0.0,193.195
46018,90.0,90.0,193.2
46019,0.0,0.0,193.205
46020,0.0,0.0,193.2
46021,10.0,10.0,193.195
46022,-100.0,108.0,193.195
46023,0.0,0.0,193.195
46024,-412.0,414.0,193.195
46025,0.0,0.0,193.195
46026,0.0,0.0,193.195
46027,335.0,335.0,193.2
46028,0.0,0.0,193.2
46029,0.0,0.0,193.205
46030,251.0,451.0,193.215
46031,510.0,510.0,193.225
46032,200.0,200.0,193.225
46033,100.0,100.0,193.225
46034,452.0,452.0,193.25
46035,-1724.0,1726.0,193.225
46036,270.0,270.0,193.23
46037,200.0,200.0,193.23
46038,169.0,169.0,193.24
46039,0.0,0.0,193.24
46040,-511.0,511.0,193.225
46041,21.0,21.0,193.23
46042,0.0,0.0,193.23
46043,0.0,0.0,193.235
46044,0.0,0.0,193.235
46045,92.0,92.0,193.235
46046,0.0,0.0,193.235
46047,-1096.0,1496.0,193.225
46048,0.0,0.0,193.225
46049,0.0,0.0,193.225
46050,2.0,2.0,193.225
46051,-163.0,163.0,193.225
46052,0.0,0.0,193.225
46053,0.0,0.0,193.225
46054,-649.0,849.0,193.225
46055,0.0,0.0,193.225
46056,0.0,0.0,193.225
46057,0.0,0.0,193.225
46058,0.0,0.0,193.225
46059,0.0,0.0,193.225
46060,0.0,0.0,193.225
46061,0.0,0.0,193.225
46062,0.0,0.0,193.225
46063,400.0,400.0,193.235
46064,-221.0,221.0,193.235
46065,174.0,174.0,193.235
46066,0.0,0.0,193.235
46067,4.0,4.0,193.235
46068,237.0,299.0,193.24
46069,0.0,0.0,193.24
46070,0.0,0.0,193.245
46071,0.0,0.0,193.245
46072,0.0,0.0,193.245
46073,-500.0,500.0,193.235
46074,-578.0,1138.0,193.215
46075,0.0,0.0,193.215
46076,-334.0,1078.0,193.205
46077,56.0,56.0,193.215
46078,1.0,1.0,193.215
46079,0.0,0.0,193.215
46080,-249.0,249.0,193.205
46081,0.0,0.0,193.205
46082,-342.0,1142.0,193.2
46083,-109.0,109.0,193.2
46084,-91.0,511.0,193.205
46085,0.0,0.0,193.195
46086,122.0,122.0,193.215
46087,-521.0,561.0,193.205
46088,-890.0,890.0,193.185
46089,0.0,0.0,193.185
46090,0.0,0.0,193.185
46091,220.0,420.0,193.19
46092,-204.0,204.0,193.165
46093,0.0,0.0,193.17
46094,-200.0,200.0,193.165
46095,257.0,657.0,193.17
46096,-13.0,37.0,193.16
46097,-296.0,556.0,193.165
46098,-378.0,380.0,193.15
46099,0.0,0.0,193.165
46100,308.0,308.0,193.175
46101,10.0,10.0,193.175
46102,-259.0,799.0,193.165
46103,408.0,408.0,193.175
46104,853.0,853.0,193.175
46105,1109.0,1109.0,193.225
46106,202.0,202.0,193.24
46107,-141.0,783.0,193.265
46108,108.0,508.0,193.27
46109,-58.0,142.0,193.28
46110,0.0,0.0,193.275
46111,-46.0,366.0,193.265
46112,-115.0,315.0,193.255
46113,363.0,797.0,193.25
46114,245.0,245.0,193.26
46115,0.0,0.0,193.26
46116,0.0,0.0,193.265
46117,-12.0,12.0,193.26
46118,33.0,167.0,193.27
46119,424.0,424.0,193.295
46120,107.0,131.0,193.3
46121,0.0,0.0,193.295
46122,167.0,167.0,193.31
46123,0.0,0.0,193.315
46124,133.0,133.0,193.325
46125,-11.0,11.0,193.325
46126,0.0,0.0,193.325
46127,19.0,151.0,193.345
46128,0.0,0.0,193.345
46129,-12.0,12.0,193.33
46130,20.0,20.0,193.33
46131,3.0,3.0,193.33
46132,0.0,0.0,193.33
46133,300.0,300.0,193.345
46134,0.0,0.0,193.345
46135,-40.0,40.0,193.345
46136,-144.0,326.0,193.335
46137,9.0,9.0,193.335
46138,-99.0,151.0,193.33
46139,0.0,0.0,193.33
46140,-440.0,984.0,193.31
46141,-513.0,697.0,193.285
46142,0.0,0.0,193.285
46143,-23.0,23.0,193.285
46144,-78.0,78.0,193.275
46145,1.0,1.0,193.28
46146,0.0,0.0,193.28
46147,-2.0,2.0,193.28
46148,39.0,39.0,193.285
46149,0.0,0.0,193.28
46150,14.0,14.0,193.28
46151,0.0,0.0,193.28
46152,-473.0,525.0,193.27
46153,545.0,805.0,193.295
46154,0.0,0.0,193.29
46155,0.0,0.0,193.29
46156,0.0,0.0,193.29
46157,0.0,0.0,193.295
46158,365.0,651.0,193.295
46159,1.0,1.0,193.295
46160,0.0,0.0,193.305
46161,0.0,0.0,193.305
46162,0.0,0.0,193.305
46163,257.0,441.0,193.315
46164,0.0,0.0,193.315
46165,0.0,2.0,193.315
46166,0.0,0.0,193.315
46167,0.0,0.0,193.315
46168,-12.0,12.0,193.31
46169,0.0,0.0,193.31
46170,-1373.0,1373.0,193.29
46171,0.0,0.0,193.29
46172,0.0,0.0,193.29
46173,0.0,0.0,193.29
46174,0.0,0.0,193.29
46175,0.0,0.0,193.29
46176,0.0,0.0,193.29
46177,0.0,0.0,193.29
46178,0.0,0.0,193.295
46179,-220.0,220.0,193.285
46180,-31.0,589.0,193.275
46181,0.0,0.0,193.275
46182,0.0,0.0,193.275
46183,-326.0,326.0,193.265
46184,0.0,0.0,193.255
46185,0.0,0.0,193.255
46186,0.0,0.0,193.255
46187,0.0,0.0,193.255
46188,0.0,0.0,193.255
46189,-233.0,233.0,193.245
46190,0.0,0.0,193.245
46191,0.0,0.0,193.245
46192,-285.0,285.0,193.205
46193,0.0,0.0,193.21
46194,191.0,947.0,193.22
46195,246.0,246.0,193.235
46196,0.0,0.0,193.235
46197,-124.0,128.0,193.23
46198,0.0,0.0,193.225
46199,0.0,0.0,193.225
46200,-355.0,1033.0,193.235
46201,690.0,690.0,193.24
46202,-325.0,325.0,193.23
46203,0.0,0.0,193.24
46204,-6.0,6.0,193.235
46205,-201.0,203.0,193.24
46206,210.0,210.0,193.265
46207,1.0,1.0,193.265
46208,5.0,5.0,193.265
46209,0.0,0.0,193.26
46210,-120.0,120.0,193.24
46211,-79.0,321.0,193.23
46212,113.0,113.0,193.25
46213,125.0,125.0,193.255
46214,456.0,456.0,193.28
46215,0.0,0.0,193.28
46216,0.0,0.0,193.275
46217,0.0,0.0,193.275
46218,105.0,105.0,193.275
46219,3.0,3.0,193.275
46220,-404.0,404.0,193.245
46221,0.0,0.0,193.245
46222,0.0,0.0,193.24
46223,3.0,3.0,193.25
46224,-97.0,97.0,193.245
46225,0.0,0.0,193.245
46226,0.0,0.0,193.245
46227,0.0,0.0,193.245
46228,0.0,0.0,193.245
46229,-393.0,393.0,193.225
46230,0.0,0.0,193.225
46231,-1.0,13.0,193.22
46232,-299.0,501.0,193.205
46233,6.0,208.0,193.185
46234,575.0,825.0,193.2
46235,-25.0,25.0,193.185
46236,10.0,10.0,193.2
46237,0.0,0.0,193.19
46238,11.0,11.0,193.175
46239,405.0,405.0,193.205
46240,658.0,658.0,193.215
46241,11.0,11.0,193.225
46242,0.0,0.0,193.22
46243,-700.0,700.0,193.195
46244,0.0,0.0,193.2
46245,3.0,3.0,193.2
46246,0.0,0.0,193.2
46247,-561.0,843.0,193.205
46248,0.0,0.0,193.2
46249,0.0,0.0,193.19
46250,-121.0,589.0,193.205
46251,0.0,0.0,193.195
46252,-25.0,25.0,193.185
46253,0.0,0.0,193.185
46254,409.0,409.0,193.195
46255,37.0,37.0,193.195
46256,0.0,0.0,193.195
46257,193.0,193.0,193.2
46258,2.0,2.0,193.205
46259,0.0,0.0,193.205
46260,1.0,1.0,193.205
46261,-90.0,106.0,193.195
46262,8.0,8.0,193.2
46263,0.0,0.0,193.195
46264,0.0,0.0,193.2
46265,27.0,27.0,193.205
46266,-120.0,120.0,193.2
46267,0.0,0.0,193.2
46268,0.0,0.0,193.2
46269,-369.0,369.0,193.185
46270,0.0,0.0,193.185
46271,302.0,302.0,193.2
46272,0.0,0.0,193.2
46273,0.0,0.0,193.2
46274,0.0,0.0,193.2
46275,0.0,0.0,193.2
46276,0.0,0.0,193.2
46277,-472.0,912.0,193.17
46278,0.0,0.0,193.17
46279,9.0,9.0,193.165
46280,-151.0,151.0,193.155
46281,-161.0,173.0,193.125
46282,147.0,309.0,193.12
46283,72.0,272.0,193.13
46284,-231.0,231.0,193.105
46285,0.0,0.0,193.105
46286,210.0,210.0,193.105
46287,0.0,0.0,193.105
46288,408.0,592.0,193.13
46289,-616.0,656.0,193.115
46290,227.0,473.0,193.125
46291,0.0,0.0,193.125
46292,0.0,0.0,193.125
46293,0.0,0.0,193.125
46294,1170.0,1170.0,193.185
46295,-650.0,650.0,193.165
46296,0.0,0.0,193.165
46297,-323.0,329.0,193.14
46298,-100.0,100.0,193.13
46299,0.0,0.0,193.13
46300,24.0,26.0,193.13
46301,0.0,0.0,193.125
46302,-197.0,203.0,193.125
46303,654.0,654.0,193.145
46304,0.0,0.0,193.145
46305,421.0,579.0,193.155
46306,0.0,0.0,193.155
46307,4.0,4.0,193.155
46308,0.0,0.0,193.155
46309,3.0,3.0,193.155
46310,-203.0,203.0,193.155
46311,377.0,377.0,193.16
46312,0.0,0.0,193.165
46313,226.0,226.0,193.185
46314,-100.0,100.0,193.185
46315,0.0,0.0,193.185
46316,0.0,0.0,193.185
46317,-63.0,63.0,193.185
46318,-196.0,196.0,193.185
46319,100.0,100.0,193.185
46320,0.0,0.0,193.185
46321,0.0,0.0,193.18
46322,0.0,0.0,193.185
46323,-20.0,20.0,193.18
46324,-284.0,316.0,193.175
46325,-3.0,197.0,193.16
46326,0.0,0.0,193.16
46327,-116.0,116.0,193.135
46328,-248.0,1478.0,193.145
46329,0.0,0.0,193.145
46330,-99.0,101.0,193.13
46331,0.0,0.0,193.13
46332,100.0,100.0,193.155
46333,-125.0,125.0,193.125
46334,-400.0,400.0,193.115
46335,-400.0,400.0,193.12
46336,-334.0,694.0,193.085
46337,0.0,0.0,193.095
46338,6.0,6.0,193.095
46339,0.0,0.0,193.095
46340,705.0,807.0,193.105
46341,24.0,24.0,193.105
46342,3.0,3.0,193.105
46343,-205.0,205.0,193.095
46344,0.0,0.0,193.095
46345,370.0,618.0,193.105
46346,0.0,0.0,193.105
46347,105.0,105.0,193.115
46348,0.0,0.0,193.115
46349,0.0,0.0,193.115
46350,15.0,55.0,193.11
46351,-147.0,147.0,193.105
46352,0.0,0.0,193.105
46353,0.0,0.0,193.105
46354,0.0,0.0,193.105
46355,-360.0,360.0,193.105
46356,-243.0,243.0,193.09
46357,-99.0,105.0,193.08
46358,-99.0,101.0,193.055
46359,-166.0,166.0,193.065
46360,-1.0,1.0,193.055
46361,0.0,0.0,193.055
46362,-97.0,103.0,193.045
46363,102.0,102.0,193.045
46364,100.0,100.0,193.045
46365,-9.0,9.0,193.045
46366,1285.0,1511.0,193.075
46367,0.0,0.0,193.075
46368,0.0,0.0,193.075
46369,3.0,3.0,193.075
46370,-2.0,2.0,193.07
46371,-297.0,303.0,193.065
46372,2.0,6.0,193.065
46373,-307.0,307.0,193.06
46374,0.0,0.0,193.07
46375,0.0,0.0,193.075
46376,972.0,1432.0,193.11
46377,0.0,0.0,193.11
46378,0.0,0.0,193.11
46379,0.0,0.0,193.11
46380,-139.0,139.0,193.09
46381,0.0,0.0,193.09
46382,-328.0,328.0,193.065
46383,-200.0,200.0,193.055
46384,-19.0,19.0,193.045
46385,-13.0,613.0,193.055
46386,-127.0,127.0,193.055
46387,540.0,540.0,193.07
46388,0.0,0.0,193.07
46389,0.0,0.0,193.07
46390,3.0,3.0,193.07
46391,0.0,0.0,193.07
46392,0.0,0.0,193.07
46393,0.0,0.0,193.065
46394,0.0,0.0,193.065
46395,0.0,0.0,193.065
46396,-38.0,598.0,193.06
46397,256.0,544.0,193.065
46398,0.0,0.0,193.06
46399,9.0,9.0,193.06
46400,-1.0,1.0,193.055
46401,3.0,3.0,193.055
46402,613.0,825.0,193.035
46403,-783.0,791.0,193.015
46404,1.0,1.0,193.015
46405,64.0,136.0,193.02
46406,13.0,13.0,193.02
46407,3.0,3.0,193.02
46408,163.0,163.0,193.03
46409,0.0,0.0,193.025
46410,0.0,0.0,193.03
46411,-100.0,100.0,193.03
46412,2.0,2.0,193.02
46413,5.0,5.0,193.025
46414,0.0,0.0,193.025
46415,95.0,725.0,193.02
46416,0.0,0.0,193.02
46417,0.0,0.0,193.025
46418,710.0,710.0,193.02
46419,-380.0,380.0,193.02
46420,110.0,1130.0,193.02
46421,16.0,16.0,193.015
46422,649.0,761.0,193.035
46423,0.0,0.0,193.03
46424,0.0,0.0,193.03
46425,8.0,8.0,193.03
46426,37.0,45.0,193.03
46427,-2.0,2.0,193.035
46428,409.0,471.0,193.06
46429,-1.0,1.0,193.05
46430,-9.0,9.0,193.055
46431,700.0,700.0,193.065
46432,145.0,145.0,193.07
46433,100.0,100.0,193.09
46434,-585.0,785.0,193.08
46435,2.0,2.0,193.07
46436,0.0,0.0,193.075
46437,0.0,0.0,193.07
46438,0.0,0.0,193.07
46439,0.0,0.0,193.07
46440,0.0,0.0,193.075
46441,312.0,312.0,193.095
46442,0.0,0.0,193.095
46443,14.0,14.0,193.095
46444,126.0,796.0,193.085
46445,-100.0,100.0,193.08
46446,0.0,0.0,193.08
46447,9.0,9.0,193.085
46448,0.0,0.0,193.085
46449,-31.0,207.0,193.075
46450,0.0,0.0,193.075
46451,-100.0,100.0,193.065
46452,0.0,0.0,193.065
46453,0.0,0.0,193.065
46454,0.0,0.0,193.065
46455,-429.0,1241.0,193.045
46456,2.0,2.0,193.045
46457,55.0,55.0,193.045
46458,143.0,143.0,193.055
46459,301.0,501.0,193.05
46460,0.0,0.0,193.06
46461,18.0,418.0,193.06
46462,0.0,0.0,193.055
46463,-130.0,130.0,193.06
46464,0.0,0.0,193.06
46465,0.0,0.0,193.065
46466,0.0,0.0,193.065
46467,-18.0,622.0,193.07
46468,-8.0,8.0,193.06
46469,-235.0,235.0,193.045
46470,41.0,41.0,193.05
46471,72.0,72.0,193.055
46472,104.0,104.0,193.065
46473,-911.0,949.0,193.06
46474,-110.0,110.0,193.06
46475,-100.0,100.0,193.05
46476,-221.0,221.0,193.045
46477,5.0,5.0,193.045
46478,315.0,315.0,193.055
46479,0.0,0.0,193.05
46480,0.0,0.0,193.05
46481,0.0,0.0,193.055
46482,0.0,0.0,193.055
46483,-8.0,8.0,193.055
46484,355.0,995.0,193.11
46485,19.0,19.0,193.115
46486,305.0,1039.0,193.125
46487,-200.0,200.0,193.115
46488,-10.0,792.0,193.125
46489,-116.0,316.0,193.11
46490,0.0,0.0,193.11
46491,-486.0,516.0,193.095
46492,0.0,0.0,193.095
46493,-86.0,114.0,193.095
46494,0.0,600.0,193.085
46495,28.0,28.0,193.095
46496,-10.0,210.0,193.085
46497,365.0,565.0,193.11
46498,0.0,0.0,193.11
46499,0.0,0.0,193.11
46500,244.0,600.0,193.13
46501,326.0,326.0,193.15
46502,0.0,0.0,193.15
46503,-101.0,101.0,193.15
46504,82.0,702.0,193.15
46505,-314.0,314.0,193.14
46506,0.0,0.0,193.145
46507,575.0,575.0,193.165
46508,282.0,484.0,193.175
46509,-99.0,99.0,193.165
46510,96.0,110.0,193.175
46511,-683.0,687.0,193.155
46512,98.0,302.0,193.145
46513,0.0,0.0,193.145
46514,-100.0,100.0,193.135
46515,-186.0,414.0,193.125
46516,8.0,418.0,193.125
46517,0.0,0.0,193.125
46518,100.0,100.0,193.135
46519,0.0,0.0,193.135
46520,-980.0,1180.0,193.12
46521,201.0,201.0,193.125
46522,3.0,3.0,193.125
46523,0.0,0.0,193.125
46524,0.0,0.0,193.125
46525,188.0,188.0,193.135
46526,0.0,0.0,193.135
46527,0.0,0.0,193.135
46528,1.0,1.0,193.135
46529,0.0,0.0,193.135
46530,3.0,37.0,193.135
46531,0.0,0.0,193.135
46532,-230.0,430.0,193.13
46533,0.0,0.0,193.13
46534,0.0,0.0,193.13
46535,0.0,0.0,193.13
46536,944.0,944.0,193.16
46537,-25.0,25.0,193.155
46538,200.0,200.0,193.175
46539,-1530.0,3360.0,193.175
46540,-508.0,708.0,193.145
46541,0.0,0.0,193.145
46542,956.0,956.0,193.165
46543,-200.0,200.0,193.155
46544,0.0,0.0,193.155
46545,0.0,0.0,193.155
46546,0.0,0.0,193.155
46547,0.0,0.0,193.155
46548,-445.0,445.0,193.135
46549,-400.0,400.0,193.125
46550,-347.0,347.0,193.125
46551,-219.0,813.0,193.125
46552,-295.0,295.0,193.115
46553,-25.0,381.0,193.1
46554,0.0,0.0,193.105
46555,0.0,0.0,193.105
46556,0.0,0.0,193.105
46557,601.0,601.0,193.115
46558,0.0,0.0,193.115
46559,0.0,0.0,193.115
46560,2388.0,3140.0,193.125
46561,168.0,168.0,193.135
46562,100.0,100.0,193.135
46563,0.0,0.0,193.135
46564,0.0,0.0,193.135
46565,440.0,440.0,193.15
46566,0.0,0.0,193.155
46567,0.0,0.0,193.155
46568,-100.0,300.0,193.145
46569,0.0,0.0,193.14
46570,1.0,1.0,193.145
46571,0.0,0.0,193.135
46572,4.0,4.0,193.135
46573,7.0,7.0,193.135
46574,0.0,0.0,193.135
46575,289.0,289.0,193.15
46576,0.0,0.0,193.15
46577,0.0,0.0,193.15
46578,0.0,0.0,193.15
46579,0.0,0.0,193.155
46580,-108.0,308.0,193.15
46581,0.0,0.0,193.15
46582,34.0,866.0,193.15
46583,0.0,0.0,193.15
46584,0.0,0.0,193.15
46585,1453.0,1653.0,193.16
46586,0.0,0.0,193.16
46587,-200.0,200.0,193.165
46588,0.0,0.0,193.165
46589,-130.0,130.0,193.165
46590,360.0,450.0,193.19
46591,278.0,278.0,193.205
46592,0.0,0.0,193.205
46593,0.0,0.0,193.205
46594,-363.0,463.0,193.195
46595,205.0,205.0,193.2
46596,0.0,0.0,193.2
46597,440.0,440.0,193.22
46598,0.0,0.0,193.22
46599,0.0,0.0,193.22
46600,484.0,684.0,193.235
46601,386.0,476.0,193.24
46602,0.0,0.0,193.24
46603,0.0,0.0,193.24
46604,0.0,0.0,193.24
46605,0.0,0.0,193.24
46606,152.0,152.0,193.255
46607,-330.0,400.0,193.255
46608,0.0,0.0,193.255
46609,130.0,130.0,193.255
46610,242.0,242.0,193.26
46611,0.0,0.0,193.265
46612,0.0,0.0,193.265
46613,200.0,200.0,193.275
46614,102.0,102.0,193.285
46615,0.0,0.0,193.285
46616,1.0,1.0,193.285
46617,100.0,100.0,193.285
46618,172.0,172.0,193.29
46619,0.0,0.0,193.29
46620,0.0,0.0,193.29
46621,0.0,0.0,193.29
46622,-1247.0,3167.0,193.275
46623,10.0,10.0,193.285
46624,4.0,36.0,193.28
46625,-424.0,430.0,193.28
46626,0.0,0.0,193.275
46627,0.0,0.0,193.275
46628,-917.0,1177.0,193.285
46629,0.0,0.0,193.285
46630,0.0,0.0,193.285
46631,-427.0,427.0,193.275
46632,274.0,544.0,193.275
46633,46.0,154.0,193.265
46634,415.0,645.0,193.295
46635,-16.0,16.0,193.29
46636,0.0,0.0,193.29
46637,0.0,0.0,193.295
46638,0.0,0.0,193.295
46639,81.0,321.0,193.285
46640,0.0,0.0,193.29
46641,0.0,0.0,193.29
46642,-434.0,650.0,193.29
46643,347.0,347.0,193.305
46644,0.0,0.0,193.305
46645,-217.0,217.0,193.295
46646,-304.0,324.0,193.295
46647,0.0,0.0,193.295
46648,0.0,0.0,193.295
46649,-419.0,419.0,193.285
46650,-745.0,745.0,193.26
46651,-297.0,757.0,193.255
46652,0.0,0.0,193.25
46653,88.0,1288.0,193.265
46654,483.0,483.0,193.29
46655,1.0,1.0,193.29
46656,0.0,0.0,193.29
46657,0.0,0.0,193.29
46658,-753.0,753.0,193.285
46659,-120.0,120.0,193.27
46660,0.0,0.0,193.27
46661,0.0,0.0,193.275
46662,-5.0,5.0,193.275
46663,4.0,4.0,193.28
46664,0.0,0.0,193.28
46665,-279.0,279.0,193.27
46666,0.0,0.0,193.27
46667,0.0,0.0,193.275
46668,0.0,0.0,193.275
46669,0.0,0.0,193.275
46670,-15.0,215.0,193.27
46671,0.0,0.0,193.275
46672,0.0,0.0,193.275
46673,5.0,43.0,193.265
46674,0.0,0.0,193.265
46675,-143.0,143.0,193.25
46676,0.0,0.0,193.255
46677,-47.0,47.0,193.25
46678,-265.0,267.0,193.235
46679,173.0,433.0,193.235
46680,39.0,231.0,193.25
46681,0.0,0.0,193.25
46682,14.0,16.0,193.235
46683,-311.0,679.0,193.235
46684,488.0,488.0,193.255
46685,0.0,0.0,193.255
46686,-5.0,5.0,193.245
46687,0.0,0.0,193.245
46688,50.0,450.0,193.255
46689,-13.0,17.0,193.255
46690,3.0,3.0,193.255
46691,0.0,0.0,193.255
46692,0.0,0.0,193.255
46693,195.0,195.0,193.265
46694,0.0,0.0,193.265
46695,0.0,0.0,193.265
46696,0.0,0.0,193.265
46697,0.0,0.0,193.265
46698,0.0,0.0,193.265
46699,656.0,750.0,193.29
46700,0.0,0.0,193.29
46701,245.0,245.0,193.295
46702,183.0,183.0,193.315
46703,535.0,535.0,193.34
46704,-542.0,542.0,193.33
46705,0.0,0.0,193.33
46706,0.0,0.0,193.33
46707,-231.0,231.0,193.305
46708,19.0,19.0,193.31
46709,0.0,0.0,193.31
46710,551.0,551.0,193.315
46711,150.0,670.0,193.325
46712,100.0,100.0,193.335
46713,0.0,0.0,193.335
46714,-17.0,17.0,193.325
46715,-211.0,511.0,193.315
46716,115.0,115.0,193.33
46717,0.0,0.0,193.33
46718,0.0,0.0,193.335
46719,0.0,0.0,193.335
46720,-32.0,262.0,193.335
46721,0.0,0.0,193.335
46722,-68.0,68.0,193.325
46723,-15.0,15.0,193.315
46724,0.0,0.0,193.315
46725,-293.0,293.0,193.315
46726,0.0,0.0,193.315
46727,-160.0,200.0,193.315
46728,-62.0,98.0,193.305
46729,0.0,0.0,193.305
46730,3.0,3.0,193.305
46731,-189.0,469.0,193.295
46732,-255.0,315.0,193.295
46733,0.0,0.0,193.295
46734,318.0,346.0,193.295
46735,-31.0,31.0,193.295
46736,0.0,0.0,193.295
46737,-901.0,1001.0,193.295
46738,-316.0,316.0,193.295
46739,-4.0,4.0,193.295
46740,587.0,587.0,193.305
46741,-275.0,331.0,193.295
46742,65.0,65.0,193.305
46743,100.0,100.0,193.305
46744,-97.0,103.0,193.3
46745,0.0,0.0,193.295
46746,0.0,0.0,193.295
46747,0.0,0.0,193.295
46748,142.0,712.0,193.305
46749,-849.0,1055.0,193.285
46750,-325.0,675.0,193.285
46751,1.0,1.0,193.285
46752,-384.0,514.0,193.275
46753,-96.0,98.0,193.285
46754,6.0,6.0,193.275
46755,0.0,0.0,193.28
46756,130.0,330.0,193.275
46757,4.0,4.0,193.275
46758,0.0,0.0,193.275
46759,249.0,249.0,193.28
46760,0.0,0.0,193.275
46761,0.0,0.0,193.28
46762,0.0,0.0,193.28
46763,0.0,0.0,193.28
46764,0.0,0.0,193.28
46765,0.0,0.0,193.28
46766,0.0,0.0,193.275
46767,-794.0,840.0,193.265
46768,3.0,3.0,193.265
46769,201.0,201.0,193.285
46770,0.0,0.0,193.285
46771,0.0,0.0,193.285
46772,0.0,0.0,193.285
46773,1067.0,1269.0,193.295
46774,-524.0,524.0,193.28
46775,0.0,0.0,193.28
46776,3.0,3.0,193.285
46777,1.0,1.0,193.285
46778,-14.0,14.0,193.275
46779,0.0,0.0,193.275
46780,83.0,117.0,193.275
46781,-26.0,26.0,193.265
46782,0.0,0.0,193.265
46783,2.0,2.0,193.265
46784,-17.0,17.0,193.265
46785,162.0,162.0,193.265
46786,17.0,17.0,193.265
46787,-203.0,609.0,193.26
46788,0.0,0.0,193.255
46789,0.0,0.0,193.26
46790,300.0,300.0,193.255
46791,0.0,0.0,193.255
46792,0.0,0.0,193.255
46793,-92.0,92.0,193.255
46794,0.0,0.0,193.255
46795,0.0,0.0,193.255
46796,0.0,0.0,193.255
46797,0.0,0.0,193.255
46798,0.0,0.0,193.255
46799,0.0,0.0,193.255
46800,-773.0,1993.0,193.23
46801,0.0,0.0,193.23
46802,0.0,0.0,193.235
46803,-195.0,207.0,193.225
46804,-967.0,969.0,193.185
46805,107.0,573.0,193.195
46806,0.0,0.0,193.19
46807,124.0,124.0,193.175
46808,0.0,0.0,193.17
46809,3.0,203.0,193.16
46810,190.0,590.0,193.175
46811,139.0,619.0,193.18
46812,-300.0,300.0,193.155
46813,-17.0,17.0,193.135
46814,-8.0,8.0,193.13
46815,0.0,0.0,193.13
46816,0.0,0.0,193.13
46817,0.0,0.0,193.13
46818,-510.0,510.0,193.105
46819,-248.0,252.0,193.095
46820,10.0,10.0,193.095
46821,706.0,996.0,193.105
46822,168.0,168.0,193.105
46823,167.0,167.0,193.115
46824,-151.0,529.0,193.105
46825,70.0,270.0,193.105
46826,0.0,0.0,193.105
46827,-506.0,856.0,193.105
46828,966.0,966.0,193.15
46829,0.0,0.0,193.16
46830,0.0,0.0,193.16
46831,260.0,500.0,193.18
46832,-500.0,500.0,193.17
46833,2.0,8.0,193.185
46834,152.0,248.0,193.19
46835,0.0,0.0,193.19
46836,0.0,0.0,193.19
46837,25.0,25.0,193.19
46838,0.0,0.0,193.195
46839,0.0,0.0,193.195
46840,0.0,0.0,193.195
46841,1.0,1.0,193.195
46842,0.0,0.0,193.195
46843,158.0,158.0,193.21
46844,0.0,0.0,193.215
46845,0.0,0.0,193.21
46846,439.0,439.0,193.23
46847,0.0,0.0,193.22
46848,0.0,0.0,193.23
46849,129.0,129.0,193.245
46850,-90.0,510.0,193.245
46851,108.0,526.0,193.245
46852,0.0,0.0,193.245
46853,0.0,0.0,193.245
46854,390.0,600.0,193.245
46855,14.0,14.0,193.245
46856,-167.0,1315.0,193.25
46857,0.0,0.0,193.25
46858,0.0,0.0,193.25
46859,0.0,0.0,193.25
46860,0.0,0.0,193.25
46861,0.0,0.0,193.25
46862,0.0,0.0,193.25
46863,0.0,0.0,193.25
46864,0.0,0.0,193.25
46865,0.0,0.0,193.25
46866,0.0,0.0,193.25
46867,606.0,606.0,193.255
46868,200.0,200.0,193.265
46869,-6.0,6.0,193.255
46870,0.0,0.0,193.255
46871,0.0,0.0,193.255
46872,4.0,4.0,193.255
46873,-945.0,1001.0,193.215
46874,-196.0,204.0,193.2
46875,-295.0,309.0,193.19
46876,1.0,1.0,193.175
46877,42.0,98.0,193.165
46878,0.0,0.0,193.165
46879,3.0,3.0,193.17
46880,0.0,0.0,193.17
46881,0.0,0.0,193.165
46882,444.0,688.0,193.185
46883,-707.0,707.0,193.17
46884,-9.0,9.0,193.17
46885,11.0,11.0,193.18
46886,0.0,0.0,193.18
46887,0.0,0.0,193.18
46888,400.0,400.0,193.195
46889,216.0,604.0,193.2
46890,-85.0,121.0,193.195
46891,-1451.0,1593.0,193.175
46892,600.0,600.0,193.195
46893,0.0,0.0,193.195
46894,-609.0,809.0,193.19
46895,0.0,0.0,193.19
46896,0.0,0.0,193.195
46897,0.0,0.0,193.195
46898,0.0,0.0,193.195
46899,0.0,0.0,193.195
46900,100.0,100.0,193.205
46901,251.0,251.0,193.23
46902,0.0,0.0,193.235
46903,0.0,0.0,193.235
46904,0.0,0.0,193.235
46905,0.0,0.0,193.235
46906,-217.0,417.0,193.225
46907,0.0,0.0,193.235
46908,33.0,33.0,193.25
46909,0.0,0.0,193.25
46910,-102.0,102.0,193.25
46911,0.0,0.0,193.25
46912,0.0,0.0,193.25
46913,-292.0,292.0,193.25
46914,0.0,0.0,193.25
46915,25.0,29.0,193.25
46916,0.0,0.0,193.25
46917,-152.0,152.0,193.23
46918,-4.0,4.0,193.215
46919,0.0,0.0,193.21
46920,3.0,3.0,193.21
46921,202.0,202.0,193.225
46922,0.0,0.0,193.22
46923,0.0,0.0,193.225
46924,0.0,0.0,193.225
46925,0.0,0.0,193.225
46926,0.0,0.0,193.225
46927,-668.0,668.0,193.2
46928,0.0,0.0,193.2
46929,210.0,210.0,193.215
46930,301.0,301.0,193.225
46931,0.0,0.0,193.225
46932,0.0,0.0,193.225
46933,0.0,0.0,193.225
46934,113.0,387.0,193.225
46935,399.0,399.0,193.255
46936,-326.0,344.0,193.2
46937,-46.0,154.0,193.195
46938,-68.0,210.0,193.2
46939,-115.0,415.0,193.19
46940,-420.0,420.0,193.175
46941,-47.0,799.0,193.165
46942,20.0,220.0,193.165
46943,0.0,0.0,193.165
46944,-250.0,250.0,193.155
46945,0.0,0.0,193.155
46946,0.0,0.0,193.155
46947,1.0,1.0,193.155
46948,0.0,0.0,193.155
46949,305.0,529.0,193.155
46950,-200.0,200.0,193.15
46951,-491.0,491.0,193.1
46952,206.0,206.0,193.105
46953,0.0,0.0,193.105
46954,0.0,0.0,193.105
46955,199.0,199.0,193.115
46956,0.0,0.0,193.115
46957,-104.0,104.0,193.105
46958,0.0,0.0,193.11
46959,0.0,0.0,193.11
46960,0.0,0.0,193.11
46961,-1321.0,1401.0,193.1
46962,1240.0,1240.0,193.14
46963,-10.0,10.0,193.13
46964,0.0,0.0,193.145
46965,0.0,0.0,193.14
46966,0.0,0.0,193.14
46967,1.0,1.0,193.145
46968,0.0,0.0,193.145
46969,11.0,11.0,193.14
46970,0.0,0.0,193.145
46971,0.0,0.0,193.14
46972,3.0,3.0,193.14
46973,-731.0,731.0,193.125
46974,694.0,900.0,193.16
46975,-10.0,10.0,193.14
46976,0.0,0.0,193.14
46977,2.0,2.0,193.14
46978,100.0,100.0,193.16
46979,-100.0,100.0,193.145
46980,-142.0,142.0,193.125
46981,0.0,0.0,193.12
46982,0.0,0.0,193.125
46983,0.0,0.0,193.12
46984,201.0,401.0,193.135
46985,1.0,1.0,193.16
46986,-165.0,165.0,193.15
46987,10.0,10.0,193.165
46988,2.0,4.0,193.165
46989,0.0,0.0,193.165
46990,0.0,0.0,193.165
46991,-320.0,320.0,193.14
46992,0.0,0.0,193.145
46993,0.0,0.0,193.145
46994,0.0,0.0,193.135
46995,0.0,0.0,193.135
46996,0.0,0.0,193.135
46997,-302.0,312.0,193.125
46998,110.0,510.0,193.13
46999,80.0,80.0,193.125
47000,0.0,0.0,193.125
47001,-307.0,307.0,193.105
47002,-100.0,100.0,193.08
47003,0.0,0.0,193.09
47004,0.0,0.0,193.09
47005,0.0,0.0,193.095
47006,0.0,0.0,193.095
47007,528.0,528.0,193.105
47008,-226.0,244.0,193.1
47009,-24.0,26.0,193.105
47010,76.0,76.0,193.105
47011,0.0,0.0,193.105
47012,0.0,0.0,193.105
47013,0.0,0.0,193.105
47014,0.0,0.0,193.105
47015,-578.0,806.0,193.1
47016,0.0,0.0,193.105
47017,0.0,0.0,193.1
47018,-100.0,100.0,193.08
47019,0.0,0.0,193.08
47020,0.0,0.0,193.08
47021,0.0,0.0,193.08
47022,0.0,0.0,193.08
47023,410.0,630.0,193.08
47024,0.0,0.0,193.08
47025,639.0,639.0,193.095
47026,172.0,172.0,193.105
47027,0.0,0.0,193.1
47028,1044.0,1044.0,193.11
47029,-190.0,190.0,193.095
47030,0.0,0.0,193.095
47031,-1.0,1.0,193.095
47032,-148.0,452.0,193.095
47033,400.0,400.0,193.11
47034,0.0,0.0,193.1
47035,90.0,110.0,193.115
47036,0.0,0.0,193.11
47037,-1.0,1.0,193.1
47038,0.0,0.0,193.1
47039,100.0,100.0,193.12
47040,569.0,585.0,193.185
47041,3.0,3.0,193.19
47042,560.0,980.0,193.2
47043,68.0,132.0,193.19
47044,3.0,3.0,193.185
47045,0.0,0.0,193.185
47046,-337.0,337.0,193.16
47047,101.0,101.0,193.17
47048,-1.0,1.0,193.165
47049,-26.0,26.0,193.165
47050,-101.0,101.0,193.155
47051,0.0,0.0,193.155
47052,-425.0,491.0,193.145
47053,-1.0,1.0,193.12
47054,2.0,2.0,193.135
47055,1.0,1.0,193.135
47056,0.0,0.0,193.135
47057,-15.0,15.0,193.135
47058,0.0,0.0,193.135
47059,0.0,0.0,193.135
47060,163.0,163.0,193.145
47061,300.0,300.0,193.145
47062,1.0,1.0,193.15
47063,0.0,0.0,193.15
47064,0.0,0.0,193.145
47065,0.0,0.0,193.145
47066,4.0,4.0,193.15
47067,0.0,0.0,193.145
47068,542.0,542.0,193.17
47069,3.0,3.0,193.175
47070,-1.0,1.0,193.165
47071,-100.0,100.0,193.155
47072,-100.0,100.0,193.15
47073,0.0,0.0,193.145
47074,0.0,0.0,193.145
47075,0.0,0.0,193.145
47076,0.0,0.0,193.145
47077,-33.0,579.0,193.145
47078,0.0,0.0,193.145
47079,200.0,200.0,193.16
47080,0.0,0.0,193.16
47081,-691.0,691.0,193.135
47082,50.0,710.0,193.13
47083,0.0,0.0,193.125
47084,-100.0,100.0,193.115
47085,0.0,0.0,193.115
47086,0.0,0.0,193.125
47087,-200.0,200.0,193.115
47088,355.0,365.0,193.115
47089,0.0,0.0,193.115
47090,2.0,2.0,193.11
47091,0.0,0.0,193.11
47092,0.0,0.0,193.11
47093,0.0,0.0,193.11
47094,0.0,0.0,193.11
47095,0.0,0.0,193.11
47096,0.0,0.0,193.11
47097,0.0,0.0,193.11
47098,0.0,0.0,193.11
47099,0.0,0.0,193.115
47100,-102.0,102.0,193.095
47101,-100.0,100.0,193.09
47102,2.0,2.0,193.095
47103,918.0,1038.0,193.125
47104,241.0,241.0,193.12
47105,0.0,0.0,193.125
47106,0.0,0.0,193.125
47107,829.0,829.0,193.17
47108,0.0,0.0,193.175
47109,760.0,760.0,193.19
47110,0.0,0.0,193.19
47111,-1513.0,1563.0,193.19
47112,0.0,0.0,193.19
47113,0.0,0.0,193.19
47114,0.0,0.0,193.2
47115,0.0,0.0,193.205
47116,0.0,0.0,193.205
47117,-631.0,631.0,193.185
47118,-580.0,780.0,193.175
47119,-553.0,1133.0,193.175
47120,288.0,288.0,193.175
47121,0.0,0.0,193.175
47122,0.0,0.0,193.175
47123,0.0,0.0,193.175
47124,0.0,0.0,193.175
47125,0.0,0.0,193.175
47126,0.0,0.0,193.175
47127,0.0,0.0,193.175
47128,-848.0,1048.0,193.175
47129,-285.0,285.0,193.175
47130,0.0,0.0,193.175
47131,0.0,0.0,193.175
47132,9.0,9.0,193.175
47133,470.0,1130.0,193.185
47134,464.0,744.0,193.185
47135,-38.0,164.0,193.19
47136,2.0,2.0,193.195
47137,198.0,198.0,193.205
47138,0.0,0.0,193.205
47139,1.0,1.0,193.2
47140,-3.0,3.0,193.195
47141,1.0,1.0,193.2
47142,0.0,0.0,193.195
47143,0.0,0.0,193.195
47144,0.0,0.0,193.205
47145,300.0,300.0,193.205
47146,0.0,0.0,193.205
47147,0.0,0.0,193.205
47149,1.0,1.0,193.205
47150,0.0,0.0,193.205
47151,200.0,200.0,193.215
47152,1.0,1.0,193.215
47153,0.0,0.0,193.215
47154,153.0,153.0,193.225
47155,0.0,0.0,193.22
47156,1014.0,1058.0,193.255
47157,0.0,0.0,193.255
47158,0.0,0.0,193.255
47159,14.0,14.0,193.255
47160,106.0,186.0,193.255
47161,-898.0,2072.0,193.225
47162,-228.0,228.0,193.225
47163,0.0,0.0,193.22
47164,0.0,0.0,193.22
47165,-200.0,400.0,193.205
47166,0.0,0.0,193.205
47167,-512.0,512.0,193.195
47168,-1.0,1.0,193.195
47169,351.0,351.0,193.205
47170,0.0,0.0,193.205
47171,-62.0,62.0,193.195
47172,-1.0,1.0,193.205
47173,0.0,0.0,193.205
47174,0.0,0.0,193.205
47175,0.0,0.0,193.205
47176,0.0,0.0,193.205
47177,0.0,0.0,193.205
47178,0.0,0.0,193.205
47179,0.0,0.0,193.205
47180,0.0,0.0,193.205
47181,0.0,0.0,193.205
47182,0.0,0.0,193.205
47183,400.0,518.0,193.215
47184,0.0,0.0,193.215
47185,0.0,0.0,193.215
47186,0.0,0.0,193.215
47187,0.0,0.0,193.215
47188,-79.0,479.0,193.205
47189,248.0,248.0,193.215
47190,0.0,0.0,193.215
47191,0.0,0.0,193.215
47192,0.0,0.0,193.215
47193,0.0,0.0,193.215
47194,0.0,0.0,193.215
47195,412.0,412.0,193.225
47196,-60.0,688.0,193.245
47197,0.0,0.0,193.24
47198,0.0,0.0,193.245
47199,0.0,0.0,193.24
47200,0.0,0.0,193.24
47201,0.0,0.0,193.24
47202,0.0,0.0,193.24
47203,0.0,0.0,193.24
47204,0.0,0.0,193.24
47205,-200.0,200.0,193.23
47206,-1642.0,1642.0,193.215
47207,-274.0,474.0,193.195
47208,-212.0,518.0,193.19
47209,165.0,165.0,193.22
47210,0.0,0.0,193.22
47211,98.0,102.0,193.195
47212,1.0,1.0,193.195
47213,100.0,100.0,193.2
47214,0.0,0.0,193.2
47215,-101.0,101.0,193.19
47216,0.0,0.0,193.19
47217,-100.0,100.0,193.2
47218,195.0,195.0,193.22
47219,-146.0,146.0,193.21
47220,0.0,0.0,193.205
47221,0.0,0.0,193.215
47222,0.0,0.0,193.21
47223,15.0,15.0,193.22
47224,0.0,0.0,193.215
47225,0.0,0.0,193.215
47226,10.0,10.0,193.22
47227,0.0,0.0,193.22
47228,-32.0,32.0,193.215
47229,0.0,0.0,193.22
47230,6.0,6.0,193.215
47231,0.0,0.0,193.215
47232,0.0,0.0,193.215
47233,0.0,0.0,193.215
47234,0.0,0.0,193.215
47235,20.0,460.0,193.21
47236,100.0,100.0,193.205
47237,-24.0,26.0,193.21
47238,471.0,471.0,193.225
47239,172.0,172.0,193.23
47240,3.0,3.0,193.24
47241,778.0,828.0,193.275
47242,100.0,100.0,193.285
47243,223.0,225.0,193.28
47244,0.0,0.0,193.285
47245,0.0,0.0,193.28
47246,-1160.0,2480.0,193.27
47247,-30.0,570.0,193.265
47248,35.0,135.0,193.255
47249,9.0,9.0,193.255
47250,0.0,0.0,193.255
47251,-209.0,359.0,193.25
47252,-63.0,137.0,193.25
47253,0.0,0.0,193.25
47254,-75.0,75.0,193.245
47255,-3.0,3.0,193.245
47256,81.0,683.0,193.24
47257,0.0,0.0,193.24
47258,0.0,0.0,193.24
47259,0.0,0.0,193.245
47260,122.0,122.0,193.235
47261,112.0,408.0,193.235
47262,1.0,1.0,193.235
47263,-97.0,103.0,193.225
47264,96.0,96.0,193.24
47265,864.0,1124.0,193.255
47266,-30.0,30.0,193.24
47267,-249.0,249.0,193.225
47268,0.0,0.0,193.225
47269,-250.0,250.0,193.215
47270,-420.0,460.0,193.205
47271,-86.0,116.0,193.205
47272,0.0,0.0,193.205
47273,0.0,0.0,193.205
47274,0.0,0.0,193.205
47275,0.0,0.0,193.205
47276,-95.0,225.0,193.2
47277,3.0,3.0,193.2
47278,0.0,0.0,193.2
47279,-20.0,710.0,193.2
47280,260.0,460.0,193.2
47281,301.0,301.0,193.205
47282,1.0,1.0,193.21
47283,443.0,443.0,193.23
47284,0.0,0.0,193.23
47285,0.0,0.0,193.23
47286,0.0,0.0,193.235
47287,0.0,0.0,193.23
47288,0.0,0.0,193.225
47289,-3.0,295.0,193.235
47290,0.0,0.0,193.235
47291,0.0,0.0,193.235
47292,-209.0,337.0,193.215
47293,100.0,100.0,193.22
47294,0.0,0.0,193.22
47295,0.0,0.0,193.22
47296,0.0,0.0,193.215
47297,0.0,0.0,193.215
47298,-153.0,1503.0,193.21
47299,-146.0,146.0,193.205
47300,-316.0,804.0,193.2
47301,-47.0,47.0,193.195
47302,-25.0,777.0,193.2
47303,0.0,0.0,193.2
47304,0.0,0.0,193.2
47305,0.0,0.0,193.205
47306,202.0,202.0,193.205
47307,1213.0,3113.0,193.185
47308,725.0,725.0,193.205
47309,205.0,405.0,193.205
47310,0.0,0.0,193.205
47311,0.0,0.0,193.205
47312,3.0,3.0,193.205
47313,29.0,429.0,193.205
47314,35.0,275.0,193.2
47315,0.0,0.0,193.205
47316,0.0,0.0,193.205
47317,0.0,0.0,193.205
47318,3.0,3.0,193.205
47319,598.0,598.0,193.205
47320,432.0,832.0,193.22
47321,0.0,0.0,193.22
47322,0.0,0.0,193.22
47323,0.0,0.0,193.22
47324,0.0,0.0,193.22
47325,-16.0,16.0,193.22
47326,0.0,0.0,193.22
47327,0.0,0.0,193.22
47328,776.0,776.0,193.255
47329,0.0,0.0,193.255
47330,-50.0,1248.0,193.25
47331,0.0,0.0,193.25
47332,0.0,0.0,193.25
47333,110.0,290.0,193.24
47334,0.0,0.0,193.24
47335,10.0,10.0,193.24
47336,3.0,3.0,193.24
47337,0.0,0.0,193.24
47338,-85.0,291.0,193.245
47339,103.0,103.0,193.255
47340,0.0,0.0,193.25
47341,-23.0,23.0,193.245
47342,0.0,0.0,193.24
47343,35.0,35.0,193.25
47344,0.0,0.0,193.255
47345,3.0,3.0,193.25
47346,-107.0,107.0,193.24
47347,-923.0,923.0,193.21
47348,159.0,1951.0,193.215
47349,475.0,475.0,193.23
47350,0.0,0.0,193.23
47351,0.0,0.0,193.225
47352,199.0,199.0,193.245
47353,0.0,0.0,193.245
47354,1.0,1.0,193.25
47355,0.0,0.0,193.255
47356,0.0,0.0,193.255
47357,0.0,0.0,193.255
47358,-147.0,147.0,193.25
47359,-424.0,426.0,193.255
47360,0.0,0.0,193.255
47361,0.0,0.0,193.255
47362,0.0,0.0,193.255
47363,0.0,0.0,193.255
47364,0.0,0.0,193.255
47365,0.0,0.0,193.255
47366,-454.0,684.0,193.245
47367,0.0,0.0,193.245
47368,0.0,0.0,193.245
47369,187.0,187.0,193.255
47370,0.0,0.0,193.255
47371,0.0,0.0,193.25
47372,0.0,0.0,193.255
47373,300.0,300.0,193.255
47374,0.0,0.0,193.255
47375,-627.0,627.0,193.245
47376,1.0,1.0,193.245
47377,0.0,0.0,193.245
47378,1.0,1.0,193.245
47379,149.0,257.0,193.255
47380,0.0,0.0,193.255
47381,-63.0,149.0,193.245
47382,1.0,1.0,193.245
47383,0.0,0.0,193.245
47384,1.0,1.0,193.245
47385,0.0,0.0,193.245
47386,0.0,0.0,193.245
47387,-1.0,1.0,193.245
47388,0.0,0.0,193.245
47389,-1203.0,1971.0,193.215
47390,0.0,0.0,193.215
47391,-156.0,156.0,193.22
47392,0.0,0.0,193.22
47393,0.0,0.0,193.22
47394,0.0,0.0,193.22
47395,0.0,0.0,193.22
47396,0.0,0.0,193.22
47397,0.0,0.0,193.22
47398,276.0,276.0,193.22
47399,0.0,0.0,193.22
47400,0.0,0.0,193.22
47401,0.0,0.0,193.22
47402,-235.0,383.0,193.22
47403,0.0,0.0,193.22
47404,1.0,1.0,193.22
47405,0.0,0.0,193.22
47406,0.0,0.0,193.22
47407,100.0,100.0,193.225
47408,-126.0,126.0,193.215
47409,-404.0,404.0,193.205
47410,0.0,0.0,193.205
47411,-21.0,381.0,193.19
47412,20.0,20.0,193.2
47413,1.0,1.0,193.195
47414,0.0,0.0,193.2
47415,0.0,0.0,193.2
47416,0.0,0.0,193.2
47417,28.0,28.0,193.205
47418,0.0,0.0,193.185
47419,-405.0,405.0,193.15
47420,239.0,239.0,193.155
47421,0.0,0.0,193.155
47422,0.0,0.0,193.15
47423,238.0,238.0,193.155
47424,-338.0,338.0,193.125
47425,-167.0,167.0,193.125
47426,50.0,50.0,193.135
47427,0.0,0.0,193.135
47428,-4.0,4.0,193.125
47429,-25.0,25.0,193.115
47430,-32.0,32.0,193.115
47431,912.0,1352.0,193.135
47432,300.0,300.0,193.145
47433,-200.0,200.0,193.145
47434,0.0,0.0,193.145
47435,-254.0,346.0,193.145
47436,0.0,0.0,193.145
47437,1.0,5.0,193.145
47438,0.0,0.0,193.145
47439,301.0,301.0,193.15
47440,109.0,125.0,193.155
47441,0.0,0.0,193.15
47442,0.0,0.0,193.15
47443,0.0,0.0,193.15
47444,21.0,423.0,193.14
47445,-319.0,329.0,193.125
47446,89.0,89.0,193.135
47447,-5951.0,5951.0,193.035
47448,-2240.0,4262.0,193.025
47449,-466.0,1088.0,193.025
47450,-84.0,196.0,193.02
47451,-292.0,344.0,193.015
47452,-70.0,330.0,193.01
47453,0.0,0.0,193.01
47454,-1702.0,2760.0,192.965
47455,-260.0,540.0,192.955
47456,3.0,3.0,192.955
47457,2495.0,2695.0,192.965
47458,252.0,252.0,192.965
47459,1193.0,1313.0,192.975
47460,-100.0,120.0,192.975
47461,786.0,786.0,192.995
47462,365.0,635.0,193.015
47463,-1.0,1.0,192.995
47464,-700.0,702.0,192.955
47465,-2302.0,3594.0,192.96
47466,-559.0,5513.0,192.96
47467,-2286.0,2662.0,192.945
47468,667.0,2167.0,192.945
47469,0.0,0.0,192.945
47470,239.0,561.0,192.95
47471,0.0,0.0,192.95
47472,-455.0,855.0,192.945
47473,9.0,811.0,192.95
47474,-35.0,35.0,192.94
47475,0.0,0.0,192.94
47476,0.0,0.0,192.94
47477,-926.0,926.0,192.93
47478,2400.0,2550.0,192.96
47479,156.0,856.0,192.965
47480,-398.0,464.0,192.96
47481,0.0,0.0,192.95
47482,-200.0,200.0,192.945
47483,-11.0,11.0,192.925
47484,0.0,0.0,192.925
47485,0.0,0.0,192.925
47486,-185.0,215.0,192.915
47487,-342.0,342.0,192.9
47488,-635.0,641.0,192.885
47489,-1369.0,1929.0,192.865
47490,400.0,400.0,192.865
47491,-117.0,289.0,192.86
47492,0.0,0.0,192.86
47493,689.0,711.0,192.865
47494,-709.0,1309.0,192.86
47495,420.0,1890.0,192.86
47496,11.0,11.0,192.86
47497,0.0,0.0,192.86
47498,390.0,630.0,192.865
47499,8.0,8.0,192.86
47500,-100.0,100.0,192.86
47501,-120.0,320.0,192.85
47502,0.0,0.0,192.85
47503,781.0,1111.0,192.875
47504,-200.0,200.0,192.86
47505,0.0,0.0,192.87
47506,526.0,1476.0,192.91
47507,271.0,731.0,192.9
47508,0.0,0.0,192.9
47509,-208.0,408.0,192.86
47510,0.0,0.0,192.86
47511,510.0,510.0,192.89
47512,0.0,0.0,192.885
47513,-32.0,32.0,192.885
47514,-65.0,65.0,192.89
47515,-60.0,340.0,192.875
47516,0.0,0.0,192.88
47517,0.0,0.0,192.885
47518,0.0,0.0,192.885
47519,0.0,0.0,192.885
47520,-1.0,1.0,192.885
47521,0.0,0.0,192.885
47522,19.0,629.0,192.875
47523,200.0,200.0,192.875
47524,5.0,5.0,192.88
47525,-27.0,177.0,192.86
47526,0.0,0.0,192.865
47527,4.0,4.0,192.885
47528,108.0,464.0,192.89
47529,0.0,0.0,192.895
47530,-100.0,100.0,192.89
47531,-302.0,302.0,192.87
47532,0.0,0.0,192.86
47533,3.0,3.0,192.86
47534,325.0,325.0,192.89
47535,0.0,0.0,192.89
47536,959.0,959.0,192.91
47537,0.0,0.0,192.905
47538,0.0,0.0,192.91
47539,0.0,0.0,192.91
47540,99.0,319.0,192.905
47541,0.0,0.0,192.905
47542,591.0,591.0,192.93
47543,188.0,918.0,192.905
47544,-1473.0,1873.0,192.895
47545,0.0,0.0,192.905
47546,95.0,575.0,192.91
47547,104.0,104.0,192.925
47548,5.0,5.0,192.905
47549,1.0,1.0,192.91
47550,0.0,0.0,192.91
47551,-3.0,3.0,192.915
47552,-1.0,1.0,192.915
47553,0.0,0.0,192.915
47554,1.0,1.0,192.925
47555,-5.0,5.0,192.925
47556,0.0,0.0,192.925
47557,309.0,355.0,192.935
47558,955.0,1015.0,192.935
47559,979.0,1415.0,192.945
47560,51.0,51.0,192.945
47561,676.0,676.0,192.97
47562,0.0,0.0,192.97
47563,0.0,0.0,192.97
47564,0.0,0.0,192.97
47565,0.0,0.0,192.97
47566,0.0,0.0,192.975
47567,306.0,306.0,192.985
47568,125.0,125.0,192.99
47569,1.0,1.0,192.995
47570,-25.0,25.0,192.985
47571,335.0,335.0,193.005
47572,21.0,21.0,193.005
47573,0.0,0.0,193.0
47574,-313.0,313.0,192.995
47575,85.0,85.0,193.0
47576,3.0,3.0,193.005
47577,133.0,133.0,193.01
47578,0.0,0.0,193.01
47579,0.0,0.0,193.01
47580,0.0,0.0,193.01
47581,-10.0,10.0,193.005
47582,0.0,0.0,193.005
47583,0.0,0.0,193.005
47584,179.0,579.0,193.015
47585,0.0,0.0,193.01
47586,-602.0,1492.0,193.0
47587,-1.0,1.0,192.995
47588,0.0,0.0,192.995
47589,0.0,0.0,192.995
47590,-147.0,147.0,192.99
47591,12.0,448.0,192.985
47592,-100.0,100.0,192.985
47593,0.0,0.0,192.985
47594,1.0,1.0,192.985
47595,0.0,0.0,192.985
47596,0.0,0.0,192.985
47597,0.0,0.0,192.985
47598,-158.0,158.0,192.965
47599,-3.0,3.0,192.975
47600,1138.0,1238.0,192.99
47601,0.0,0.0,192.99
47602,0.0,0.0,192.98
47603,0.0,0.0,192.98
47604,-1.0,1.0,192.98
47605,0.0,0.0,192.98
47606,-45.0,45.0,192.985
47607,0.0,0.0,192.985
47608,-2.0,2.0,192.975
47609,-101.0,103.0,192.985
47610,0.0,0.0,192.985
47611,0.0,0.0,192.985
47612,-143.0,143.0,192.98
47613,0.0,0.0,192.98
47614,0.0,0.0,192.98
47615,0.0,0.0,192.985
47616,329.0,329.0,192.995
47617,0.0,0.0,192.995
47618,0.0,0.0,192.995
47619,0.0,0.0,192.995
47620,0.0,0.0,192.995
47621,-100.0,100.0,192.99
47622,294.0,306.0,192.99
47623,0.0,0.0,192.99
47624,0.0,0.0,192.99
47625,0.0,0.0,192.99
47626,317.0,317.0,193.01
47627,0.0,0.0,193.01
47628,0.0,0.0,193.01
47629,0.0,0.0,193.015
47630,0.0,0.0,193.015
47631,692.0,708.0,193.025
47632,0.0,0.0,193.025
47633,217.0,217.0,193.045
47634,0.0,0.0,193.04
47635,0.0,0.0,193.04
47636,0.0,0.0,193.04
47637,0.0,0.0,193.04
47638,0.0,0.0,193.04
47639,75.0,75.0,193.055
47640,400.0,400.0,193.09
47641,84.0,84.0,193.08
47642,-10.0,210.0,193.09
47643,-410.0,410.0,193.075
47644,89.0,111.0,193.075
47645,-89.0,139.0,193.08
47646,0.0,0.0,193.075
47647,-100.0,100.0,193.07
47648,-1.0,1.0,193.075
47649,0.0,0.0,193.075
47650,25.0,25.0,193.075
47651,204.0,204.0,193.085
47652,-1.0,1.0,193.075
47653,-20.0,20.0,193.07
47654,0.0,0.0,193.075
47655,0.0,0.0,193.075
47656,-96.0,306.0,193.065
47657,0.0,0.0,193.065
47658,0.0,0.0,193.065
47659,-107.0,107.0,193.065
47660,302.0,302.0,193.075
47661,0.0,0.0,193.075
47662,-200.0,200.0,193.065
47663,89.0,89.0,193.07
47664,120.0,120.0,193.085
47665,455.0,555.0,193.115
47666,-475.0,1975.0,193.11
47667,0.0,0.0,193.11
47668,0.0,0.0,193.11
47669,0.0,0.0,193.11
47670,691.0,1111.0,193.115
47671,239.0,529.0,193.115
47672,375.0,375.0,193.125
47673,100.0,100.0,193.13
47674,-315.0,315.0,193.135
47675,222.0,222.0,193.135
47676,1.0,1.0,193.135
47677,-384.0,1054.0,193.135
47678,0.0,0.0,193.135
47679,0.0,0.0,193.135
47680,0.0,0.0,193.135
47681,0.0,0.0,193.125
47682,0.0,0.0,193.125
47683,0.0,0.0,193.125
47684,-200.0,200.0,193.105
47685,100.0,100.0,193.125
47686,-330.0,330.0,193.12
47687,0.0,0.0,193.12
47688,0.0,0.0,193.125
47689,0.0,0.0,193.125
47690,-55.0,255.0,193.115
47691,0.0,0.0,193.115
47692,0.0,0.0,193.115
47693,-129.0,131.0,193.115
47694,2.0,2.0,193.11
47695,299.0,299.0,193.125
47696,-110.0,110.0,193.12
47697,0.0,0.0,193.12
47698,0.0,0.0,193.12
47699,0.0,0.0,193.125
47700,-130.0,130.0,193.115
47701,202.0,456.0,193.105
47702,595.0,635.0,193.13
47703,0.0,0.0,193.13
47704,-492.0,1092.0,193.105
47705,43.0,407.0,193.105
47706,-174.0,326.0,193.1
47707,0.0,0.0,193.105
47708,0.0,0.0,193.105
47709,98.0,102.0,193.1
47710,-529.0,529.0,193.075
47711,0.0,0.0,193.08
47712,-148.0,148.0,193.075
47713,0.0,0.0,193.075
47714,100.0,100.0,193.075
47715,202.0,202.0,193.075
47716,-412.0,716.0,193.06
47717,-60.0,480.0,193.06
47718,0.0,0.0,193.065
47719,1.0,201.0,193.06
47720,0.0,0.0,193.065
47721,79.0,319.0,193.08
47722,55.0,365.0,193.08
47723,705.0,705.0,193.095
47724,0.0,0.0,193.095
47725,-100.0,500.0,193.08
47726,227.0,427.0,193.08
47727,125.0,125.0,193.09
47728,0.0,0.0,193.095
47729,0.0,0.0,193.095
47730,0.0,0.0,193.095
47731,0.0,0.0,193.095
47732,174.0,226.0,193.095
47733,0.0,0.0,193.095
47734,0.0,0.0,193.095
47735,595.0,595.0,193.11
47736,0.0,0.0,193.11
47737,100.0,100.0,193.13
47738,0.0,0.0,193.13
47739,19.0,19.0,193.135
47740,0.0,0.0,193.135
47741,0.0,0.0,193.135
47742,193.0,193.0,193.135
47743,188.0,188.0,193.14
47744,0.0,0.0,193.14
47745,0.0,0.0,193.14
47746,0.0,0.0,193.14
47747,350.0,360.0,193.145
47748,0.0,0.0,193.145
47749,0.0,0.0,193.145
47750,-500.0,500.0,193.135
47751,40.0,868.0,193.135
47752,200.0,200.0,193.14
47753,350.0,350.0,193.155
47754,100.0,100.0,193.165
47755,0.0,0.0,193.165
47756,4.0,4.0,193.17
47757,0.0,0.0,193.17
47758,0.0,0.0,193.17
47759,-104.0,304.0,193.165
47760,-476.0,676.0,193.15
47761,100.0,300.0,193.155
47762,1561.0,2557.0,193.17
47763,0.0,0.0,193.17
47764,0.0,0.0,193.165
47765,-168.0,168.0,193.165
47766,0.0,0.0,193.165
47767,1.0,1.0,193.17
47768,74.0,128.0,193.17
47769,312.0,528.0,193.185
47770,200.0,200.0,193.19
47771,0.0,0.0,193.19
47772,0.0,0.0,193.19
47773,0.0,0.0,193.19
47774,0.0,0.0,193.19
47775,-232.0,924.0,193.19
47776,-113.0,129.0,193.19
47777,-85.0,85.0,193.195
47778,297.0,847.0,193.2
47779,1747.0,1747.0,193.23
47780,0.0,0.0,193.235
47781,79.0,2219.0,193.235
47782,639.0,639.0,193.245
47783,-10.0,880.0,193.265
47784,-159.0,1759.0,193.255
47785,11.0,11.0,193.255
47786,828.0,1048.0,193.285
47787,100.0,100.0,193.29
47788,0.0,0.0,193.29
47789,466.0,1260.0,193.325
47790,100.0,100.0,193.325
47791,9.0,9.0,193.315
47792,-777.0,977.0,193.305
47793,797.0,1417.0,193.325
47794,0.0,0.0,193.325
47795,0.0,0.0,193.325
47796,3.0,3.0,193.325
47797,0.0,0.0,193.325
47798,424.0,444.0,193.335
47799,0.0,0.0,193.335
47800,-443.0,883.0,193.325
47801,-283.0,483.0,193.325
47802,0.0,0.0,193.325
47803,-107.0,547.0,193.325
47804,90.0,310.0,193.325
47805,0.0,0.0,193.325
47806,0.0,0.0,193.325
47807,387.0,629.0,193.335
47808,-100.0,100.0,193.335
47809,0.0,0.0,193.335
47810,-301.0,301.0,193.325
47811,196.0,596.0,193.32
47812,0.0,0.0,193.315
47813,60.0,60.0,193.32
47814,0.0,0.0,193.32
47815,0.0,0.0,193.315
47816,745.0,745.0,193.335
47817,-95.0,105.0,193.33
47818,1.0,1.0,193.335
47819,0.0,0.0,193.335
47820,106.0,1446.0,193.34
47821,-370.0,1130.0,193.305
47822,217.0,537.0,193.305
47823,-500.0,500.0,193.3
47824,200.0,400.0,193.315
47825,-50.0,50.0,193.31
47826,204.0,204.0,193.315
47827,399.0,399.0,193.345
47828,-1.0,1.0,193.34
47829,0.0,0.0,193.335
47830,-4.0,6.0,193.335
47831,-39.0,41.0,193.325
47832,-300.0,300.0,193.325
47833,-100.0,100.0,193.315
47834,-620.0,820.0,193.285
47835,525.0,693.0,193.305
47836,1.0,1.0,193.3
47837,0.0,0.0,193.305
47838,0.0,0.0,193.305
47839,133.0,465.0,193.315
47840,0.0,0.0,193.315
47841,-739.0,739.0,193.285
47842,-379.0,439.0,193.285
47843,300.0,300.0,193.285
47844,0.0,0.0,193.285
47845,304.0,304.0,193.295
47846,1.0,1.0,193.305
47847,96.0,96.0,193.305
47848,0.0,0.0,193.305
47849,1010.0,1010.0,193.305
47850,621.0,1073.0,193.325
47851,0.0,0.0,193.325
47852,139.0,139.0,193.335
47853,0.0,0.0,193.33
47854,0.0,0.0,193.335
47855,0.0,0.0,193.335
47856,0.0,0.0,193.335
47857,0.0,0.0,193.335
47858,540.0,540.0,193.355
47859,0.0,0.0,193.355
47860,210.0,210.0,193.365
47861,-100.0,100.0,193.365
47862,-466.0,1116.0,193.34
47863,0.0,0.0,193.335
47864,-455.0,455.0,193.34
47865,345.0,345.0,193.345
47866,79.0,79.0,193.355
47867,0.0,0.0,193.355
47868,0.0,0.0,193.355
47869,0.0,0.0,193.355
47870,1.0,1.0,193.36
47871,0.0,0.0,193.355
47872,-344.0,344.0,193.345
47873,-82.0,106.0,193.335
47874,0.0,0.0,193.335
47875,6.0,6.0,193.335
47876,486.0,486.0,193.36
47877,0.0,0.0,193.365
47878,630.0,1030.0,193.385
47879,3.0,3.0,193.385
47880,-50.0,278.0,193.385
47881,4.0,4.0,193.385
47882,0.0,0.0,193.385
47883,-91.0,309.0,193.39
47884,0.0,0.0,193.395
47885,902.0,902.0,193.435
47886,394.0,394.0,193.455
47887,0.0,0.0,193.455
47888,0.0,0.0,193.455
47889,-444.0,444.0,193.455
47890,-460.0,880.0,193.44
47891,732.0,732.0,193.45
47892,0.0,0.0,193.455
47893,601.0,601.0,193.475
47894,3.0,3.0,193.47
47895,0.0,0.0,193.465
47896,-105.0,105.0,193.465
47897,-312.0,550.0,193.46
47898,-401.0,401.0,193.455
47899,0.0,0.0,193.455
47900,0.0,0.0,193.455
47901,0.0,0.0,193.455
47902,0.0,0.0,193.455
47903,0.0,0.0,193.455
47904,0.0,0.0,193.455
47905,-321.0,379.0,193.445
47906,0.0,0.0,193.445
47907,348.0,548.0,193.455
47908,114.0,114.0,193.455
47909,87.0,487.0,193.465
47910,0.0,0.0,193.465
47911,0.0,0.0,193.465
47912,0.0,16.0,193.465
47913,-205.0,205.0,193.445
47914,105.0,105.0,193.46
47915,0.0,0.0,193.46
47916,0.0,0.0,193.46
47917,0.0,0.0,193.455
47918,0.0,0.0,193.455
47919,0.0,0.0,193.455
47920,49.0,49.0,193.465
47921,3315.0,3963.0,193.505
47922,-728.0,954.0,193.505
47923,175.0,829.0,193.515
47924,0.0,0.0,193.51
47925,0.0,0.0,193.51
47926,443.0,443.0,193.525
47927,0.0,0.0,193.525
47928,-522.0,522.0,193.525
47929,215.0,265.0,193.515
47930,100.0,100.0,193.515
47931,23.0,23.0,193.525
47932,0.0,0.0,193.525
47933,1.0,1.0,193.525
47934,0.0,0.0,193.525
47935,-616.0,616.0,193.495
47936,-141.0,359.0,193.495
47937,98.0,488.0,193.5
47938,-103.0,103.0,193.495
47939,14.0,208.0,193.485
47940,104.0,332.0,193.49
47941,3.0,3.0,193.49
47942,0.0,0.0,193.49
47943,0.0,0.0,193.485
47944,-274.0,342.0,193.475
47945,-542.0,794.0,193.475
47946,0.0,0.0,193.475
47947,0.0,0.0,193.475
47948,0.0,0.0,193.475
47949,466.0,466.0,193.495
47950,-50.0,150.0,193.495
47951,6.0,6.0,193.495
47952,0.0,0.0,193.495
47953,0.0,0.0,193.495
47954,-209.0,409.0,193.485
47955,564.0,1682.0,193.495
47956,0.0,0.0,193.495
47957,-252.0,1044.0,193.5
47958,0.0,0.0,193.5
47959,-3.0,9.0,193.505
47960,0.0,0.0,193.505
47961,0.0,0.0,193.505
47962,15.0,15.0,193.505
47963,0.0,0.0,193.505
47964,0.0,0.0,193.505
47965,0.0,0.0,193.505
47966,0.0,0.0,193.505
47967,374.0,2620.0,193.555
47968,108.0,108.0,193.555
47969,191.0,943.0,193.555
47970,4.0,404.0,193.555
47971,126.0,126.0,193.56
47972,-453.0,563.0,193.545
47973,-400.0,400.0,193.52
47974,213.0,213.0,193.53
47975,267.0,309.0,193.55
47976,0.0,0.0,193.55
47977,-125.0,131.0,193.535
47978,100.0,100.0,193.545
47979,427.0,427.0,193.55
47980,0.0,0.0,193.545
47981,-325.0,325.0,193.525
47982,514.0,514.0,193.545
47983,-80.0,640.0,193.545
47984,101.0,151.0,193.55
47985,0.0,0.0,193.555
47986,0.0,0.0,193.555
47987,0.0,0.0,193.555
47988,281.0,675.0,193.56
47989,-809.0,1737.0,193.565
47990,-3.0,3.0,193.55
47991,0.0,0.0,193.55
47992,14.0,14.0,193.55
47993,9.0,9.0,193.55
47994,175.0,175.0,193.565
47995,253.0,253.0,193.595
47996,0.0,0.0,193.595
47997,-114.0,286.0,193.585
47998,125.0,125.0,193.595
47999,1275.0,1275.0,193.605
48000,190.0,802.0,193.625
48001,63.0,63.0,193.635
48002,-180.0,420.0,193.63
48003,0.0,0.0,193.63
48004,-704.0,704.0,193.62
48005,-287.0,289.0,193.6
48006,-304.0,304.0,193.59
48007,0.0,0.0,193.59
48008,0.0,0.0,193.59
48009,765.0,765.0,193.605
48010,135.0,585.0,193.62
48011,0.0,0.0,193.62
48012,0.0,0.0,193.62
48013,0.0,0.0,193.62
48014,0.0,0.0,193.62
48015,0.0,0.0,193.62
48016,0.0,0.0,193.62
48017,0.0,0.0,193.625
48018,0.0,0.0,193.625
48019,0.0,0.0,193.625
48020,0.0,0.0,193.625
48021,0.0,0.0,193.625
48022,-106.0,706.0,193.625
48023,0.0,0.0,193.625
48024,0.0,0.0,193.625
48025,-138.0,138.0,193.62
48026,-401.0,1105.0,193.59
48027,382.0,628.0,193.625
48028,-227.0,227.0,193.61
48029,225.0,225.0,193.61
48030,0.0,0.0,193.615
48031,0.0,0.0,193.615
48032,1090.0,1510.0,193.615
48033,2201.0,2401.0,193.62
48034,55.0,55.0,193.625
48035,886.0,962.0,193.67
48036,319.0,603.0,193.665
48037,0.0,0.0,193.665
48038,255.0,255.0,193.675
48039,9.0,9.0,193.675
48040,107.0,107.0,193.69
48041,431.0,431.0,193.695
48042,806.0,1278.0,193.705
48043,430.0,430.0,193.715
48044,47.0,337.0,193.7
48045,-58.0,142.0,193.705
48046,0.0,0.0,193.71
48047,0.0,0.0,193.715
48048,-727.0,1777.0,193.685
48049,-336.0,336.0,193.68
48050,0.0,0.0,193.68
48051,0.0,0.0,193.68
48052,44.0,44.0,193.685
48053,0.0,0.0,193.685
48054,99.0,501.0,193.685
48055,-80.0,120.0,193.675
48056,0.0,0.0,193.675
48057,25.0,25.0,193.68
48058,0.0,0.0,193.68
48059,0.0,0.0,193.68
48060,-1592.0,2312.0,193.655
48061,-1317.0,1595.0,193.625
48062,-32.0,32.0,193.62
48063,8.0,8.0,193.615
48064,-130.0,130.0,193.61
48065,-26.0,26.0,193.6
48066,0.0,0.0,193.6
48067,-124.0,144.0,193.58
48068,99.0,101.0,193.585
48069,50.0,50.0,193.585
48070,10.0,10.0,193.585
48071,-733.0,773.0,193.57
48072,0.0,0.0,193.57
48073,-86.0,86.0,193.57
48074,20.0,700.0,193.57
48075,0.0,0.0,193.57
48076,0.0,0.0,193.57
48077,0.0,0.0,193.57
48078,0.0,0.0,193.57
48079,-214.0,1066.0,193.555
48080,0.0,0.0,193.555
48081,-602.0,602.0,193.545
48082,-106.0,106.0,193.535
48083,-130.0,130.0,193.515
48084,1046.0,1646.0,193.535
48085,-87.0,113.0,193.53
48086,0.0,0.0,193.53
48087,0.0,0.0,193.53
48088,400.0,400.0,193.545
48089,0.0,0.0,193.545
48090,300.0,300.0,193.56
48091,-63.0,621.0,193.555
48092,0.0,0.0,193.555
48093,0.0,0.0,193.555
48094,-230.0,230.0,193.555
48095,883.0,885.0,193.565
48096,0.0,0.0,193.58
48097,342.0,342.0,193.625
48098,357.0,1157.0,193.63
48099,-210.0,210.0,193.625
48100,300.0,300.0,193.635
48101,0.0,0.0,193.635
48102,-342.0,342.0,193.625
48103,-200.0,200.0,193.615
48104,-670.0,770.0,193.595
48105,31.0,31.0,193.605
48106,0.0,0.0,193.6
48107,0.0,0.0,193.6
48108,200.0,200.0,193.62
48109,0.0,0.0,193.62
48110,0.0,0.0,193.62
48111,0.0,0.0,193.62
48112,0.0,0.0,193.62
48113,0.0,0.0,193.62
48114,0.0,0.0,193.62
48115,0.0,0.0,193.62
48116,0.0,0.0,193.625
48117,0.0,0.0,193.625
48118,0.0,0.0,193.625
48119,-24.0,24.0,193.615
48120,67.0,67.0,193.62
48121,0.0,0.0,193.62
48122,203.0,399.0,193.63
48123,-906.0,906.0,193.6
48124,17.0,17.0,193.605
48125,352.0,372.0,193.605
48126,105.0,105.0,193.625
48127,0.0,0.0,193.635
48128,104.0,104.0,193.635
48129,70.0,330.0,193.635
48130,-149.0,1251.0,193.635
48131,-55.0,75.0,193.615
48132,-100.0,300.0,193.605
48133,0.0,0.0,193.61
48134,0.0,0.0,193.615
48135,0.0,0.0,193.615
48136,0.0,0.0,193.615
48137,-4.0,6.0,193.61
48138,4.0,4.0,193.615
48139,-302.0,302.0,193.58
48140,-350.0,350.0,193.565
48141,0.0,0.0,193.56
48142,-100.0,100.0,193.56
48143,-390.0,390.0,193.535
48144,501.0,901.0,193.555
48145,0.0,0.0,193.555
48146,-2.0,2.0,193.545
48147,-100.0,100.0,193.535
48148,0.0,0.0,193.545
48149,24.0,24.0,193.55
48150,-200.0,200.0,193.535
48151,44.0,44.0,193.545
48152,-402.0,402.0,193.535
48153,272.0,790.0,193.555
48154,0.0,0.0,193.555
48155,-13.0,13.0,193.555
48156,200.0,200.0,193.565
48157,0.0,0.0,193.565
48158,0.0,0.0,193.565
48159,0.0,0.0,193.565
48160,-263.0,463.0,193.555
48161,266.0,268.0,193.56
48162,0.0,0.0,193.56
48163,0.0,0.0,193.565
48164,0.0,0.0,193.565
48165,-6291.0,8069.0,193.49
48166,-1457.0,2413.0,193.49
48167,-205.0,205.0,193.49
48168,0.0,0.0,193.49
48169,1461.0,1841.0,193.505
48170,95.0,105.0,193.5
48171,0.0,0.0,193.505
48172,1180.0,1580.0,193.525
48173,0.0,0.0,193.52
48174,1445.0,1445.0,193.55
48175,64.0,64.0,193.55
48176,0.0,0.0,193.55
48177,0.0,0.0,193.55
48178,-246.0,1034.0,193.545
48179,0.0,0.0,193.545
48180,0.0,0.0,193.55
48181,0.0,0.0,193.545
48182,35.0,35.0,193.555
48183,170.0,770.0,193.54
48184,0.0,0.0,193.54
48185,405.0,405.0,193.545
48186,104.0,104.0,193.545
48187,-200.0,200.0,193.535
48188,0.0,0.0,193.545
48189,643.0,643.0,193.555
48190,279.0,279.0,193.575
48191,200.0,200.0,193.595
48192,650.0,650.0,193.615
48193,0.0,0.0,193.615
48194,0.0,0.0,193.615
48195,-400.0,400.0,193.595
48196,0.0,0.0,193.595
48197,0.0,0.0,193.595
48198,0.0,0.0,193.595
48199,314.0,1114.0,193.615
48200,-200.0,200.0,193.605
48201,-194.0,504.0,193.595
48202,322.0,322.0,193.595
48203,14.0,386.0,193.59
48204,21.0,21.0,193.595
48205,0.0,0.0,193.595
48206,203.0,203.0,193.605
48207,242.0,242.0,193.605
48208,0.0,0.0,193.605
48209,-546.0,946.0,193.595
48210,2.0,2.0,193.595
48211,-109.0,313.0,193.59
48212,100.0,100.0,193.595
48213,0.0,0.0,193.595
48214,964.0,2244.0,193.605
48215,-48.0,48.0,193.605
48216,0.0,0.0,193.605
48217,5.0,5.0,193.605
48218,-10.0,10.0,193.605
48219,-301.0,301.0,193.595
48220,0.0,0.0,193.595
48221,0.0,0.0,193.595
48222,183.0,183.0,193.605
48223,-100.0,300.0,193.6
48224,543.0,543.0,193.615
48225,705.0,919.0,193.625
48226,0.0,0.0,193.625
48227,-211.0,423.0,193.615
48228,0.0,0.0,193.62
48229,0.0,0.0,193.62
48230,2000.0,2000.0,193.635
48231,-96.0,96.0,193.635
48232,-580.0,580.0,193.625
48233,30.0,30.0,193.625
48234,9.0,9.0,193.635
48235,479.0,479.0,193.645
48236,784.0,784.0,193.675
48237,0.0,0.0,193.675
48238,-943.0,1293.0,193.655
48239,160.0,160.0,193.655
48240,-599.0,625.0,193.64
48241,0.0,0.0,193.64
48242,-21.0,21.0,193.64
48243,0.0,0.0,193.64
48244,0.0,0.0,193.64
48245,98.0,302.0,193.64
48246,-1176.0,1256.0,193.585
48247,-212.0,212.0,193.58
48248,-1.0,1.0,193.58
48249,0.0,0.0,193.58
48250,0.0,0.0,193.58
48251,-378.0,378.0,193.555
48252,-133.0,135.0,193.53
48253,0.0,0.0,193.53
48254,0.0,0.0,193.53
48255,122.0,478.0,193.53
48256,0.0,0.0,193.53
48257,0.0,0.0,193.53
48258,0.0,0.0,193.53
48259,0.0,0.0,193.53
48260,0.0,0.0,193.53
48261,300.0,300.0,193.55
48262,-279.0,1079.0,193.55
48263,-243.0,243.0,193.55
48264,0.0,0.0,193.55
48265,0.0,0.0,193.55
48266,1325.0,2275.0,193.55
48267,-300.0,300.0,193.535
48268,0.0,0.0,193.535
48269,0.0,50.0,193.53
48270,0.0,0.0,193.53
48271,0.0,0.0,193.53
48272,-4006.0,4626.0,193.46
48273,-214.0,634.0,193.46
48274,0.0,0.0,193.46
48275,570.0,810.0,193.47
48276,530.0,530.0,193.505
48277,-124.0,336.0,193.49
48278,0.0,0.0,193.49
48279,1.0,1.0,193.49
48280,320.0,320.0,193.51
48281,0.0,0.0,193.51
48282,5.0,45.0,193.53
48283,125.0,125.0,193.55
48284,-780.0,980.0,193.535
48285,129.0,771.0,193.535
48286,100.0,300.0,193.535
48287,0.0,0.0,193.535
48288,-140.0,200.0,193.525
48289,0.0,0.0,193.525
48290,-28.0,28.0,193.515
48291,-13.0,13.0,193.51
48292,0.0,0.0,193.505
48293,260.0,660.0,193.5
48294,260.0,260.0,193.505
48295,367.0,403.0,193.52
48296,-12.0,12.0,193.51
48297,0.0,0.0,193.515
48298,0.0,0.0,193.51
48299,0.0,0.0,193.51
48300,0.0,0.0,193.51
48301,-200.0,200.0,193.495
48302,197.0,203.0,193.49
48303,0.0,0.0,193.5
48304,0.0,0.0,193.51
48305,0.0,0.0,193.505
48306,400.0,400.0,193.51
48307,2.0,2.0,193.52
48308,0.0,0.0,193.52
48309,100.0,100.0,193.53
48310,0.0,0.0,193.53
48311,0.0,0.0,193.54
48312,1.0,1.0,193.55
48313,0.0,0.0,193.55
48314,0.0,0.0,193.55
48315,0.0,0.0,193.55
48316,-1.0,1.0,193.535
48317,0.0,0.0,193.535
48318,0.0,0.0,193.535
48319,300.0,300.0,193.55
48320,2.0,2.0,193.555
48321,655.0,655.0,193.58
48322,-55.0,725.0,193.57
48323,262.0,264.0,193.575
48324,93.0,93.0,193.575
48325,0.0,0.0,193.565
48326,-274.0,532.0,193.565
48327,0.0,0.0,193.565
48328,-79.0,79.0,193.555
48329,352.0,588.0,193.56
48330,0.0,0.0,193.555
48331,1.0,1.0,193.56
48332,0.0,0.0,193.56
48333,0.0,200.0,193.56
48334,0.0,0.0,193.555
48335,0.0,0.0,193.56
48336,0.0,0.0,193.56
48337,0.0,0.0,193.56
48338,802.0,802.0,193.585
48339,0.0,0.0,193.585
48340,0.0,0.0,193.585
48341,-400.0,800.0,193.58
48342,0.0,0.0,193.58
48343,534.0,696.0,193.595
48344,100.0,300.0,193.595
48345,330.0,330.0,193.595
48346,0.0,0.0,193.595
48347,0.0,0.0,193.595
48348,0.0,0.0,193.595
48349,0.0,0.0,193.595
48350,0.0,0.0,193.595
48351,-396.0,596.0,193.585
48352,-1.0,1.0,193.585
48353,3.0,3.0,193.585
48354,201.0,201.0,193.595
48355,-103.0,103.0,193.595
48356,0.0,0.0,193.595
48357,0.0,0.0,193.595
48358,0.0,0.0,193.595
48359,-962.0,1616.0,193.57
48360,0.0,0.0,193.57
48361,-100.0,300.0,193.555
48362,0.0,0.0,193.555
48363,500.0,500.0,193.565
48364,200.0,200.0,193.575
48365,1.0,403.0,193.59
48366,0.0,0.0,193.59
48367,0.0,0.0,193.59
48368,0.0,0.0,193.59
48369,-290.0,510.0,193.575
48370,0.0,0.0,193.58
48371,0.0,0.0,193.585
48372,0.0,0.0,193.585
48373,0.0,0.0,193.585
48374,322.0,322.0,193.595
48375,0.0,0.0,193.595
48376,112.0,572.0,193.6
48377,0.0,0.0,193.595
48378,-767.0,769.0,193.565
48379,-99.0,101.0,193.56
48380,279.0,279.0,193.56
48381,100.0,100.0,193.58
48382,399.0,399.0,193.59
48383,25.0,25.0,193.59
48384,0.0,600.0,193.6
48385,1638.0,1638.0,193.65
48386,125.0,125.0,193.66
48387,-647.0,647.0,193.645
48388,0.0,0.0,193.645
48389,0.0,200.0,193.645
48390,0.0,0.0,193.645
48391,0.0,0.0,193.645
48392,0.0,0.0,193.645
48393,0.0,0.0,193.645
48394,0.0,0.0,193.645
48395,-969.0,969.0,193.615
48396,-293.0,293.0,193.615
48397,-100.0,100.0,193.595
48398,1.0,1.0,193.6
48399,6.0,6.0,193.595
48400,0.0,0.0,193.595
48401,0.0,0.0,193.595
48402,-150.0,150.0,193.585
48403,0.0,0.0,193.585
48404,-67.0,467.0,193.585
48405,-2114.0,2914.0,193.535
48406,-76.0,1124.0,193.54
48407,400.0,400.0,193.565
48408,300.0,300.0,193.58
48409,0.0,0.0,193.58
48410,0.0,0.0,193.585
48411,-50.0,50.0,193.58
48412,-520.0,520.0,193.56
48413,0.0,0.0,193.56
48414,12.0,12.0,193.575
48415,0.0,0.0,193.575
48416,200.0,200.0,193.585
48417,206.0,206.0,193.59
48418,0.0,0.0,193.58
48419,-30.0,230.0,193.58
48420,0.0,0.0,193.58
48421,0.0,0.0,193.585
48422,594.0,594.0,193.595
48423,-100.0,100.0,193.585
48424,-1.0,1.0,193.58
48425,0.0,0.0,193.59
48426,0.0,0.0,193.59
48427,430.0,812.0,193.595
48428,698.0,698.0,193.595
48429,102.0,102.0,193.595
48430,-161.0,161.0,193.595
48431,-812.0,812.0,193.565
48432,0.0,0.0,193.565
48433,0.0,0.0,193.565
48434,-226.0,396.0,193.54
48435,-300.0,300.0,193.53
48436,0.0,0.0,193.535
48437,225.0,225.0,193.54
48438,400.0,400.0,193.565
48439,413.0,415.0,193.59
48440,1776.0,2060.0,193.605
48441,611.0,629.0,193.63
48442,-574.0,2186.0,193.605
48443,55.0,55.0,193.605
48444,0.0,0.0,193.605
48445,470.0,470.0,193.625
48446,-12.0,12.0,193.62
48447,0.0,0.0,193.62
48448,0.0,0.0,193.62
48449,343.0,543.0,193.63
48450,1.0,1.0,193.63
48451,-101.0,101.0,193.62
48452,3.0,3.0,193.62
48453,-726.0,876.0,193.595
48454,-201.0,201.0,193.595
48455,-141.0,241.0,193.595
48456,77.0,77.0,193.595
48457,0.0,0.0,193.595
48458,0.0,0.0,193.595
48459,90.0,90.0,193.595
48460,500.0,500.0,193.62
48461,11.0,349.0,193.63
48462,0.0,0.0,193.63
48463,0.0,0.0,193.63
48464,-257.0,257.0,193.615
48465,0.0,0.0,193.615
48466,0.0,0.0,193.615
48467,0.0,0.0,193.615
48468,-90.0,90.0,193.605
48469,3.0,3.0,193.605
48470,298.0,504.0,193.62
48471,-13.0,241.0,193.595
48472,25.0,25.0,193.61
48473,-149.0,149.0,193.595
48474,-101.0,101.0,193.59
48475,-100.0,100.0,193.59
48476,-200.0,200.0,193.575
48477,0.0,0.0,193.575
48478,0.0,0.0,193.575
48479,0.0,0.0,193.575
48480,411.0,411.0,193.59
48481,1.0,1.0,193.585
48482,1.0,1.0,193.595
48483,550.0,550.0,193.595
48484,241.0,643.0,193.59
48485,0.0,0.0,193.595
48486,0.0,0.0,193.585
48487,1183.0,1203.0,193.66
48488,-300.0,300.0,193.66
48489,0.0,0.0,193.66
48490,1571.0,1753.0,193.69
48491,0.0,0.0,193.69
48492,14.0,14.0,193.685
48493,60.0,60.0,193.69
48494,2026.0,3502.0,193.745
48495,-735.0,735.0,193.73
48496,0.0,0.0,193.745
48497,290.0,1440.0,193.73
48498,0.0,0.0,193.73
48499,0.0,0.0,193.73
48500,0.0,0.0,193.73
48501,-505.0,505.0,193.705
48502,100.0,100.0,193.705
48503,389.0,789.0,193.715
48504,652.0,652.0,193.725
48505,100.0,100.0,193.735
48506,143.0,143.0,193.735
48507,0.0,0.0,193.735
48508,0.0,0.0,193.735
48509,483.0,483.0,193.765
48510,-1131.0,1131.0,193.745
48511,0.0,0.0,193.745
48512,275.0,475.0,193.765
48513,0.0,200.0,193.765
48514,0.0,0.0,193.765
48515,-1002.0,1002.0,193.745
48516,0.0,0.0,193.745
48517,118.0,232.0,193.745
48518,-300.0,300.0,193.745
48519,0.0,0.0,193.745
48520,0.0,0.0,193.745
48521,341.0,341.0,193.755
48522,0.0,0.0,193.755
48523,87.0,1205.0,193.76
48524,0.0,0.0,193.76
48525,-127.0,303.0,193.745
48526,785.0,785.0,193.77
48527,7.0,7.0,193.775
48528,0.0,0.0,193.775
48529,931.0,1615.0,193.8
48530,-148.0,252.0,193.805
48531,65.0,65.0,193.82
48532,-625.0,625.0,193.8
48533,0.0,0.0,193.8
48534,0.0,0.0,193.8
48535,-28.0,28.0,193.795
48536,-189.0,409.0,193.795
48537,-865.0,1065.0,193.765
48538,63.0,263.0,193.765
48539,-375.0,705.0,193.765
48540,-70.0,200.0,193.755
48541,0.0,0.0,193.765
48542,-148.0,164.0,193.755
48543,-100.0,100.0,193.735
48544,-673.0,673.0,193.72
48545,35.0,105.0,193.715
48546,217.0,441.0,193.715
48547,-100.0,100.0,193.72
48548,-128.0,128.0,193.72
48549,-1.0,1.0,193.72
48550,-99.0,507.0,193.72
48551,170.0,430.0,193.725
48552,-371.0,429.0,193.715
48553,-300.0,300.0,193.715
48554,0.0,0.0,193.715
48555,881.0,1081.0,193.73
48556,0.0,0.0,193.735
48557,0.0,0.0,193.735
48558,-253.0,353.0,193.72
48559,-1.0,1.0,193.725
48560,-200.0,200.0,193.705
48561,0.0,0.0,193.71
48562,0.0,0.0,193.715
48563,0.0,0.0,193.715
48564,26.0,26.0,193.715
48565,2.0,2.0,193.72
48566,0.0,0.0,193.715
48567,0.0,0.0,193.715
48568,0.0,0.0,193.715
48569,1266.0,1586.0,193.715
48570,0.0,0.0,193.715
48571,0.0,0.0,193.715
48572,0.0,0.0,193.715
48573,0.0,0.0,193.715
48574,125.0,125.0,193.715
48575,606.0,606.0,193.715
48576,786.0,786.0,193.715
48577,250.0,550.0,193.735
48578,0.0,0.0,193.735
48579,0.0,0.0,193.735
48580,-61.0,413.0,193.74
48581,0.0,0.0,193.74
48582,0.0,0.0,193.74
48583,0.0,0.0,193.74
48584,893.0,1347.0,193.78
48585,0.0,0.0,193.78
48586,-149.0,155.0,193.745
48587,12.0,12.0,193.755
48588,35.0,35.0,193.76
48589,3.0,3.0,193.75
48590,0.0,0.0,193.76
48591,0.0,0.0,193.76
48592,145.0,145.0,193.77
48593,0.0,0.0,193.77
48594,0.0,0.0,193.77
48595,25.0,25.0,193.765
48596,158.0,158.0,193.765
48597,117.0,117.0,193.78
48598,0.0,0.0,193.78
48599,366.0,444.0,193.77
48600,-642.0,642.0,193.745
48601,109.0,109.0,193.755
48602,202.0,202.0,193.76
48603,-117.0,117.0,193.745
48604,0.0,0.0,193.755
48605,0.0,0.0,193.75
48606,0.0,0.0,193.77
48607,190.0,210.0,193.77
48608,0.0,0.0,193.77
48609,0.0,0.0,193.77
48610,0.0,0.0,193.78
48611,951.0,951.0,193.805
48612,0.0,0.0,193.805
48613,0.0,0.0,193.805
48614,0.0,0.0,193.805
48615,0.0,0.0,193.805
48616,0.0,0.0,193.805
48617,1638.0,1638.0,193.825
48618,218.0,218.0,193.83
48619,-91.0,109.0,193.835
48620,-297.0,303.0,193.825
48621,491.0,899.0,193.845
48622,1.0,1.0,193.845
48623,-344.0,664.0,193.82
48624,0.0,0.0,193.82
48625,-1.0,1.0,193.82
48626,0.0,0.0,193.82
48627,100.0,100.0,193.83
48628,0.0,0.0,193.825
48629,0.0,0.0,193.825
48630,-228.0,228.0,193.815
48631,-805.0,985.0,193.795
48632,0.0,0.0,193.795
48633,-700.0,700.0,193.79
48634,-600.0,600.0,193.77
48635,0.0,0.0,193.77
48636,5.0,5.0,193.77
48637,0.0,0.0,193.77
48638,298.0,298.0,193.77
48639,0.0,0.0,193.77
48640,0.0,0.0,193.775
48641,0.0,0.0,193.775
48642,0.0,0.0,193.775
48643,-355.0,357.0,193.765
48644,-20.0,602.0,193.755
48645,0.0,0.0,193.755
48646,-1693.0,1893.0,193.755
48647,0.0,0.0,193.755
48648,0.0,0.0,193.755
48649,6.0,6.0,193.755
48650,359.0,609.0,193.755
48651,3.0,3.0,193.765
48652,-706.0,706.0,193.755
48653,0.0,0.0,193.755
48654,310.0,310.0,193.765
48655,0.0,0.0,193.765
48656,0.0,0.0,193.765
48657,1.0,1.0,193.765
48658,0.0,0.0,193.765
48659,199.0,199.0,193.765
48660,262.0,362.0,193.775
48661,0.0,0.0,193.775
48662,104.0,304.0,193.785
48663,0.0,0.0,193.78
48664,-90.0,110.0,193.775
48665,25.0,25.0,193.78
48666,-1.0,1.0,193.775
48667,0.0,0.0,193.78
48668,-1.0,1.0,193.785
48669,753.0,797.0,193.82
48670,0.0,0.0,193.825
48671,-100.0,100.0,193.79
48672,0.0,0.0,193.79
48673,0.0,0.0,193.795
48674,0.0,0.0,193.795
48675,-314.0,314.0,193.785
48676,104.0,104.0,193.8
48677,2.0,2.0,193.8
48678,1.0,1.0,193.8
48679,-39.0,99.0,193.785
48680,0.0,0.0,193.79
48681,0.0,0.0,193.81
48682,504.0,504.0,193.825
48683,0.0,0.0,193.82
48684,0.0,0.0,193.82
48685,0.0,0.0,193.82
48686,-241.0,241.0,193.805
48687,20.0,20.0,193.81
48688,0.0,0.0,193.81
48689,405.0,495.0,193.82
48690,310.0,310.0,193.84
48691,-120.0,120.0,193.82
48692,0.0,0.0,193.82
48693,0.0,0.0,193.82
48694,0.0,0.0,193.82
48695,-560.0,560.0,193.795
48696,-311.0,311.0,193.785
48697,50.0,50.0,193.795
48698,3.0,3.0,193.795
48699,0.0,0.0,193.795
48700,21.0,21.0,193.795
48701,602.0,602.0,193.815
48702,-97.0,103.0,193.805
48703,0.0,0.0,193.815
48704,0.0,0.0,193.815
48705,0.0,0.0,193.8
48706,100.0,100.0,193.815
48707,100.0,100.0,193.825
48708,-40.0,40.0,193.82
48709,-112.0,112.0,193.805
48710,0.0,0.0,193.81
48711,1.0,1.0,193.81
48712,0.0,0.0,193.81
48713,0.0,0.0,193.81
48714,0.0,0.0,193.81
48715,199.0,199.0,193.825
48716,-240.0,240.0,193.82
48717,0.0,0.0,193.825
48718,0.0,0.0,193.825
48719,-6.0,206.0,193.825
48720,0.0,0.0,193.82
48721,0.0,0.0,193.82
48722,0.0,0.0,193.82
48723,332.0,532.0,193.84
48724,0.0,0.0,193.835
48725,-476.0,476.0,193.815
48726,-36.0,164.0,193.815
48727,0.0,0.0,193.82
48728,0.0,2.0,193.825
48729,200.0,200.0,193.835
48730,0.0,0.0,193.83
48731,-1.0,1.0,193.82
48732,-331.0,331.0,193.815
48733,0.0,0.0,193.82
48734,100.0,100.0,193.83
48735,0.0,0.0,193.83
48736,522.0,758.0,193.845
48737,0.0,0.0,193.845
48738,0.0,0.0,193.845
48739,-1.0,1.0,193.845
48740,597.0,607.0,193.86
48741,0.0,0.0,193.86
48742,401.0,401.0,193.875
48743,266.0,602.0,193.885
48744,0.0,0.0,193.885
48745,30.0,30.0,193.885
48746,67.0,67.0,193.895
48747,204.0,204.0,193.905
48748,-141.0,141.0,193.905
48749,0.0,0.0,193.905
48750,0.0,0.0,193.905
48751,2928.0,4610.0,193.91
48752,0.0,0.0,193.915
48753,-214.0,214.0,193.905
48754,0.0,0.0,193.91
48755,0.0,0.0,193.915
48756,0.0,0.0,193.915
48757,300.0,300.0,193.915
48758,-9.0,9.0,193.91
48759,-912.0,1312.0,193.875
48760,66.0,1374.0,193.88
48761,311.0,489.0,193.885
48762,5.0,5.0,193.885
48763,189.0,289.0,193.885
48764,905.0,925.0,193.91
48765,125.0,125.0,193.925
48766,519.0,543.0,193.925
48767,0.0,0.0,193.925
48768,0.0,0.0,193.925
48769,0.0,0.0,193.925
48770,288.0,288.0,193.935
48771,2093.0,2765.0,193.945
48772,-450.0,576.0,193.945
48773,1499.0,1499.0,193.945
48774,842.0,842.0,193.945
48775,0.0,0.0,193.945
48776,4674.0,6902.0,193.965
48777,-513.0,713.0,193.965
48778,37.0,37.0,193.965
48779,-207.0,523.0,193.955
48780,-633.0,633.0,193.935
48781,0.0,0.0,193.935
48782,0.0,0.0,193.935
48783,0.0,0.0,193.935
48784,464.0,1230.0,193.945
48785,125.0,125.0,193.945
48786,175.0,375.0,193.955
48787,0.0,0.0,193.955
48788,600.0,602.0,193.965
48789,100.0,100.0,193.965
48790,0.0,0.0,193.965
48791,0.0,0.0,193.965
48792,0.0,0.0,193.965
48793,0.0,0.0,193.965
48794,0.0,0.0,193.965
48795,0.0,0.0,193.965
48796,1387.0,1387.0,193.985
48797,0.0,0.0,193.985
48798,162.0,168.0,193.995
48799,-16.0,16.0,193.985
48800,-70.0,70.0,193.985
48801,4.0,4.0,193.985
48802,0.0,0.0,193.985
48803,0.0,0.0,193.985
48804,0.0,0.0,193.985
48805,-401.0,401.0,193.975
48806,127.0,127.0,193.985
48807,0.0,0.0,193.985
48808,0.0,0.0,193.985
48809,184.0,1058.0,193.995
48810,2.0,2.0,193.995
48811,10630.0,11162.0,194.015
48812,150.0,150.0,194.015
48813,490.0,510.0,194.015
48814,636.0,1286.0,194.04
48815,-19.0,19.0,194.035
48816,0.0,0.0,194.035
48817,169.0,1237.0,194.045
48818,0.0,0.0,194.05
48819,0.0,0.0,194.05
48820,-148.0,184.0,194.05
48821,-11.0,11.0,194.04
48822,188.0,512.0,194.035
48823,-297.0,497.0,194.02
48824,100.0,100.0,194.025
48825,5.0,5.0,194.025
48826,-646.0,646.0,194.015
48827,-136.0,236.0,194.015
48828,-541.0,821.0,194.01
48829,-100.0,100.0,194.015
48830,-100.0,100.0,194.015
48831,0.0,0.0,194.015
48832,-1367.0,1367.0,193.975
48833,-200.0,200.0,193.975
48834,0.0,0.0,193.975
48835,0.0,0.0,193.975
48836,965.0,965.0,193.985
48837,-614.0,674.0,193.965
48838,-106.0,326.0,193.965
48839,-379.0,379.0,193.965
48840,-162.0,162.0,193.965
48841,-49.0,49.0,193.96
48842,20.0,20.0,193.97
48843,0.0,0.0,193.975
48844,0.0,0.0,193.975
48845,928.0,954.0,193.985
48846,-10.0,10.0,193.975
48847,0.0,0.0,193.975
48848,0.0,0.0,193.975
48849,-19.0,19.0,193.965
48850,-112.0,112.0,193.955
48851,0.0,0.0,193.955
48852,0.0,0.0,193.955
48853,323.0,1077.0,193.955
48854,204.0,204.0,193.965
48855,291.0,511.0,193.985
48856,0.0,0.0,193.98
48857,0.0,0.0,193.98
48858,0.0,0.0,193.97
48859,0.0,0.0,193.98
48860,0.0,0.0,193.98
48861,103.0,103.0,193.995
48862,0.0,0.0,193.995
48863,-209.0,209.0,193.985
48864,-16.0,16.0,193.975
48865,-200.0,200.0,193.96
48866,0.0,0.0,193.96
48867,0.0,0.0,193.965
48868,0.0,0.0,193.965
48869,0.0,0.0,193.965
48870,-622.0,622.0,193.945
48871,300.0,300.0,193.95
48872,299.0,299.0,193.965
48873,115.0,115.0,193.975
48874,85.0,85.0,193.98
48875,25.0,25.0,193.995
48876,-100.0,100.0,193.98
48877,10.0,10.0,193.975
48878,3.0,3.0,193.98
48879,5.0,5.0,193.975
48880,0.0,0.0,193.98
48881,0.0,0.0,193.98
48882,0.0,0.0,193.985
48883,0.0,0.0,193.985
48884,0.0,0.0,193.985
48885,0.0,0.0,193.985
48886,3.0,3.0,193.985
48887,0.0,0.0,193.985
48888,0.0,0.0,193.985
48889,-220.0,222.0,193.975
48890,-159.0,375.0,193.97
48891,0.0,0.0,193.97
48892,-2.0,2.0,193.95
48893,0.0,0.0,193.945
48894,-102.0,102.0,193.935
48895,-203.0,403.0,193.935
48896,0.0,0.0,193.935
48897,0.0,0.0,193.935
48898,0.0,0.0,193.935
48899,0.0,0.0,193.935
48900,0.0,0.0,193.935
48901,840.0,840.0,193.945
48902,80.0,80.0,193.945
48903,0.0,0.0,193.945
48904,-200.0,200.0,193.945
48905,-307.0,307.0,193.945
48906,-300.0,300.0,193.935
48907,-177.0,237.0,193.935
48908,0.0,0.0,193.935
48909,1.0,1.0,193.935
48910,1.0,1.0,193.935
48911,0.0,0.0,193.935
48912,101.0,501.0,193.94
48913,0.0,0.0,193.935
48914,0.0,0.0,193.935
48915,-202.0,202.0,193.925
48916,-413.0,417.0,193.905
48917,0.0,0.0,193.905
48918,0.0,0.0,193.905
48919,501.0,501.0,193.905
48920,2.0,2.0,193.905
48921,63.0,63.0,193.905
48922,134.0,134.0,193.905
48923,0.0,0.0,193.905
48924,36.0,36.0,193.905
48925,0.0,0.0,193.91
48926,0.0,0.0,193.91
48927,-161.0,161.0,193.905
48928,0.0,0.0,193.905
48929,-360.0,444.0,193.9
48930,0.0,0.0,193.905
48931,0.0,0.0,193.905
48932,0.0,0.0,193.905
48933,-99.0,99.0,193.905
48934,0.0,0.0,193.905
48935,1.0,1.0,193.905
48936,-400.0,400.0,193.895
48937,0.0,0.0,193.895
48938,0.0,0.0,193.895
48939,-247.0,247.0,193.87
48940,0.0,0.0,193.87
48941,0.0,0.0,193.865
48942,-318.0,318.0,193.855
48943,6.0,6.0,193.855
48944,0.0,0.0,193.855
48945,-511.0,511.0,193.845
48946,-909.0,1533.0,193.835
48947,0.0,0.0,193.84
48948,305.0,305.0,193.855
48949,0.0,0.0,193.855
48950,0.0,0.0,193.845
48951,0.0,0.0,193.845
48952,0.0,0.0,193.845
48953,117.0,117.0,193.855
48954,548.0,548.0,193.865
48955,112.0,112.0,193.87
48956,2398.0,2400.0,193.935
48957,356.0,356.0,193.94
48958,0.0,0.0,193.94
48959,-100.0,100.0,193.94
48960,0.0,0.0,193.945
48961,211.0,211.0,193.955
48962,99.0,885.0,193.955
48963,-252.0,558.0,193.955
48964,1.0,1.0,193.95
48965,0.0,0.0,193.955
48966,0.0,0.0,193.955
48967,0.0,0.0,193.96
48968,-1.0,1.0,193.96
48969,0.0,0.0,193.96
48970,0.0,0.0,193.96
48971,15.0,15.0,193.97
48972,0.0,0.0,193.97
48973,1.0,1.0,193.97
48974,74.0,764.0,193.97
48975,0.0,0.0,193.97
48976,-196.0,1036.0,193.95
48977,0.0,0.0,193.95
48978,-30.0,30.0,193.95
48979,0.0,0.0,193.95
48980,0.0,0.0,193.95
48981,0.0,0.0,193.95
48982,0.0,0.0,193.95
48983,0.0,0.0,193.945
48984,-109.0,109.0,193.945
48985,0.0,0.0,193.945
48986,0.0,200.0,193.935
48987,0.0,0.0,193.935
48988,0.0,0.0,193.935
48989,-141.0,141.0,193.935
48990,-170.0,330.0,193.935
48991,0.0,0.0,193.935
48992,-201.0,201.0,193.925
48993,282.0,736.0,193.935
48994,0.0,0.0,193.93
48995,0.0,0.0,193.935
48996,0.0,0.0,193.935
48997,111.0,111.0,193.945
48998,0.0,0.0,193.945
48999,-1.0,1.0,193.94
49000,0.0,0.0,193.94
49001,0.0,0.0,193.94
49002,-100.0,100.0,193.935
49003,64.0,64.0,193.935
49004,559.0,1213.0,193.945
49005,176.0,176.0,193.955
49006,0.0,0.0,193.955
49007,555.0,795.0,193.965
49008,44.0,44.0,193.96
49009,0.0,0.0,193.96
49010,0.0,0.0,193.96
49011,0.0,0.0,193.96
49012,0.0,0.0,193.96
49013,0.0,0.0,193.96
49014,0.0,0.0,193.96
49015,0.0,0.0,193.96
49016,0.0,0.0,193.96
49017,0.0,0.0,193.96
49018,100.0,100.0,193.96
49019,0.0,0.0,193.96
49020,400.0,400.0,193.985
49021,822.0,1022.0,194.005
49022,0.0,0.0,194.005
49023,-232.0,410.0,194.005
49024,211.0,211.0,194.015
49025,127.0,127.0,194.015
49026,0.0,0.0,194.015
49027,226.0,232.0,194.025
49028,0.0,0.0,194.025
49029,53.0,447.0,194.025
49030,68.0,68.0,194.04
49031,-200.0,200.0,194.04
49032,-1.0,1.0,194.04
49033,0.0,0.0,194.04
49034,0.0,0.0,194.04
49035,0.0,0.0,194.04
49036,0.0,0.0,194.04
49037,50.0,50.0,194.04
49038,-700.0,700.0,194.025
49039,-500.0,500.0,194.015
49040,18.0,382.0,194.025
49041,100.0,100.0,194.025
49042,0.0,0.0,194.025
49043,-213.0,213.0,194.01
49044,-1.0,1.0,194.01
49045,-410.0,410.0,194.005
49046,-148.0,148.0,193.995
49047,0.0,0.0,193.995
49048,0.0,0.0,193.995
49049,0.0,0.0,193.995
49050,-603.0,603.0,193.98
49051,0.0,0.0,193.975
49052,-700.0,700.0,193.935
49053,8.0,10.0,193.925
49054,-310.0,310.0,193.92
49055,-30.0,370.0,193.915
49056,187.0,667.0,193.915
49057,200.0,200.0,193.925
49058,0.0,0.0,193.925
49060,0.0,0.0,193.925
49061,700.0,920.0,193.935
49062,0.0,0.0,193.925
49063,0.0,0.0,193.925
49064,0.0,0.0,193.925
49065,270.0,270.0,193.93
49066,-150.0,150.0,193.935
49067,-176.0,176.0,193.925
49068,0.0,0.0,193.925
49069,0.0,0.0,193.925
49070,0.0,200.0,193.925
49071,-403.0,603.0,193.925
49072,-111.0,111.0,193.915
49073,-400.0,400.0,193.915
49074,0.0,0.0,193.915
49075,0.0,0.0,193.915
49076,322.0,322.0,193.92
49077,0.0,0.0,193.925
49078,544.0,544.0,193.935
49079,0.0,0.0,193.93
49080,0.0,0.0,193.93
49081,131.0,131.0,193.93
49082,0.0,0.0,193.935
49083,0.0,0.0,193.935
49084,278.0,538.0,193.94
49085,0.0,0.0,193.94
49086,0.0,0.0,193.94
49087,1313.0,1313.0,193.965
49088,0.0,0.0,193.965
49089,400.0,400.0,193.98
49090,53.0,53.0,193.98
49091,-176.0,176.0,193.985
49092,0.0,0.0,193.985
49093,-400.0,400.0,193.975
49094,-77.0,123.0,193.975
49095,0.0,0.0,193.97
49096,0.0,0.0,193.97
49097,0.0,0.0,193.965
49098,-199.0,201.0,193.97
49099,0.0,0.0,193.965
49100,0.0,0.0,193.965
49101,0.0,0.0,193.965
49102,0.0,0.0,193.965
49103,0.0,0.0,193.965
49104,-209.0,209.0,193.94
49105,0.0,0.0,193.945
49106,28.0,34.0,193.935
49107,0.0,0.0,193.935
49108,111.0,111.0,193.945
49109,0.0,0.0,193.94
49110,-1143.0,1143.0,193.905
49111,0.0,0.0,193.905
49112,-350.0,800.0,193.905
49113,0.0,0.0,193.905
49114,0.0,0.0,193.905
49115,1102.0,1102.0,193.905
49116,-232.0,232.0,193.905
49117,0.0,0.0,193.905
49118,0.0,0.0,193.905
49119,0.0,0.0,193.905
49120,-24.0,24.0,193.905
49121,1200.0,1400.0,193.905
49122,603.0,603.0,193.905
49123,1011.0,1411.0,193.915
49124,105.0,105.0,193.915
49125,6.0,6.0,193.915
49126,0.0,0.0,193.915
49127,1.0,1.0,193.915
49128,0.0,0.0,193.915
49129,-315.0,697.0,193.905
49130,-102.0,500.0,193.895
49131,0.0,0.0,193.895
49132,0.0,0.0,193.895
49133,4.0,4.0,193.895
49134,0.0,0.0,193.895
49135,0.0,0.0,193.895
49136,0.0,0.0,193.895
49137,6.0,6.0,193.895
49138,296.0,296.0,193.905
49139,-100.0,100.0,193.895
49140,13.0,13.0,193.905
49141,100.0,100.0,193.905
49142,0.0,0.0,193.905
49143,-552.0,996.0,193.885
49144,0.0,0.0,193.885
49145,0.0,0.0,193.885
49146,-101.0,101.0,193.87
49147,0.0,0.0,193.87
49148,-75.0,575.0,193.885
49149,0.0,0.0,193.885
49150,196.0,196.0,193.88
49151,400.0,400.0,193.895
49152,475.0,573.0,193.905
49153,25.0,25.0,193.905
49154,0.0,0.0,193.895
49155,-50.0,50.0,193.885
49156,0.0,0.0,193.885
49157,2.0,4.0,193.885
49158,0.0,0.0,193.885
49159,-466.0,466.0,193.875
49160,0.0,0.0,193.875
49161,-509.0,609.0,193.855
49162,206.0,206.0,193.865
49163,0.0,0.0,193.865
49164,0.0,0.0,193.865
49165,812.0,812.0,193.875
49166,0.0,0.0,193.875
49167,151.0,151.0,193.885
49168,449.0,449.0,193.91
49169,0.0,0.0,193.91
49170,179.0,179.0,193.945
49171,15.0,35.0,193.95
49172,-248.0,248.0,193.935
49173,8.0,8.0,193.935
49174,0.0,0.0,193.935
49175,0.0,0.0,193.935
49176,0.0,0.0,193.935
49177,0.0,0.0,193.935
49178,-995.0,1061.0,193.93
49179,100.0,100.0,193.935
49180,499.0,699.0,193.945
49181,43.0,43.0,193.945
49182,0.0,0.0,193.95
49183,11.0,11.0,193.955
49184,285.0,733.0,193.965
49185,0.0,0.0,193.97
49186,0.0,0.0,193.97
49187,0.0,0.0,193.975
49188,-158.0,158.0,193.965
49189,-10.0,390.0,193.955
49190,0.0,0.0,193.955
49191,0.0,0.0,193.955
49192,-10.0,10.0,193.95
49193,0.0,0.0,193.95
49194,0.0,0.0,193.95
49195,-194.0,474.0,193.945
49196,-7.0,7.0,193.945
49197,0.0,0.0,193.945
49198,0.0,0.0,193.945
49199,-79.0,79.0,193.935
49200,-136.0,162.0,193.915
49201,-99.0,701.0,193.925
49202,-279.0,279.0,193.925
49203,0.0,0.0,193.925
49204,200.0,200.0,193.94
49205,0.0,0.0,193.94
49206,0.0,0.0,193.94
49207,0.0,0.0,193.945
49208,0.0,0.0,193.945
49209,0.0,0.0,193.945
49210,385.0,435.0,193.965
49211,100.0,100.0,193.965
49212,0.0,0.0,193.965
49213,-299.0,301.0,193.955
49214,203.0,203.0,193.96
49215,0.0,0.0,193.965
49216,-103.0,105.0,193.96
49217,-115.0,115.0,193.955
49218,-200.0,200.0,193.95
49219,-198.0,204.0,193.935
49220,-21.0,21.0,193.935
49221,0.0,0.0,193.935
49222,100.0,100.0,193.945
49223,140.0,140.0,193.945
49224,-38.0,160.0,193.955
49225,0.0,0.0,193.955
49226,0.0,0.0,193.955
49227,11.0,11.0,193.96
49228,0.0,0.0,193.96
49229,275.0,627.0,193.965
49230,0.0,0.0,193.965
49231,0.0,0.0,193.965
49232,-270.0,670.0,193.955
49233,-279.0,279.0,193.945
49234,-97.0,103.0,193.94
49235,-300.0,300.0,193.93
49236,0.0,0.0,193.93
49237,201.0,201.0,193.945
49238,0.0,0.0,193.945
49239,-29.0,29.0,193.935
49240,0.0,0.0,193.94
49241,0.0,0.0,193.94
49242,0.0,0.0,193.945
49243,-3.0,3.0,193.935
49244,2.0,2.0,193.935
49245,7.0,7.0,193.94
49246,0.0,0.0,193.94
49247,0.0,0.0,193.94
49248,-139.0,139.0,193.935
49249,-161.0,161.0,193.925
49250,0.0,0.0,193.925
49251,-110.0,110.0,193.925
49252,-324.0,548.0,193.915
49253,9.0,409.0,193.915
49254,0.0,0.0,193.915
49255,0.0,0.0,193.915
49256,0.0,0.0,193.915
49257,0.0,0.0,193.915
49258,0.0,0.0,193.915
49259,0.0,0.0,193.915
49260,-102.0,102.0,193.915
49261,0.0,0.0,193.915
49262,0.0,0.0,193.915
49263,8.0,8.0,193.915
49264,559.0,559.0,193.925
49265,-205.0,205.0,193.925
49266,0.0,0.0,193.925
49267,-100.0,100.0,193.92
49268,6.0,6.0,193.92
49269,0.0,0.0,193.92
49270,-185.0,287.0,193.92
49271,-38.0,278.0,193.915
49272,5.0,5.0,193.915
49273,-140.0,140.0,193.915
49274,0.0,0.0,193.91
49275,0.0,0.0,193.905
49276,0.0,0.0,193.905
49277,0.0,0.0,193.905
49278,0.0,0.0,193.905
49279,0.0,0.0,193.905
49280,0.0,0.0,193.905
49281,0.0,0.0,193.905
49282,1.0,1.0,193.905
49283,0.0,0.0,193.905
49284,252.0,652.0,193.91
49285,0.0,0.0,193.91
49286,0.0,0.0,193.91
49287,-794.0,794.0,193.865
49288,-125.0,125.0,193.855
49289,162.0,1762.0,193.865
49290,-77.0,77.0,193.86
49291,0.0,0.0,193.865
49292,-3.0,3.0,193.86
49293,800.0,800.0,193.865
49294,0.0,0.0,193.855
49295,0.0,0.0,193.855
49296,-313.0,313.0,193.835
49297,-89.0,89.0,193.83
49298,0.0,0.0,193.83
49299,-226.0,226.0,193.815
49300,-3.0,3.0,193.815
49301,-26.0,126.0,193.815
49302,0.0,0.0,193.815
49303,0.0,0.0,193.815
49304,976.0,1036.0,193.835
49305,1918.0,3038.0,193.855
49306,0.0,0.0,193.855
49307,-140.0,140.0,193.845
49308,-100.0,100.0,193.835
49309,0.0,0.0,193.835
49310,0.0,0.0,193.835
49311,250.0,250.0,193.85
49312,0.0,0.0,193.85
49313,0.0,0.0,193.85
49314,0.0,0.0,193.855
49315,0.0,0.0,193.855
49316,0.0,0.0,193.855
49317,0.0,0.0,193.855
49318,205.0,397.0,193.855
49319,-35.0,259.0,193.855
49320,15.0,15.0,193.855
49321,0.0,0.0,193.855
49322,0.0,0.0,193.855
49323,-445.0,445.0,193.835
49324,-200.0,200.0,193.825
49325,0.0,0.0,193.825
49326,0.0,0.0,193.825
49327,-121.0,121.0,193.815
49328,0.0,0.0,193.815
49329,47.0,47.0,193.815
49330,3.0,3.0,193.815
49331,109.0,109.0,193.825
49332,0.0,0.0,193.825
49333,0.0,0.0,193.825
49334,0.0,0.0,193.825
49335,127.0,849.0,193.825
49336,0.0,0.0,193.825
49337,898.0,1198.0,193.86
49338,0.0,0.0,193.86
49339,0.0,0.0,193.865
49340,470.0,530.0,193.865
49341,100.0,100.0,193.875
49342,100.0,100.0,193.915
49343,311.0,311.0,193.925
49344,443.0,443.0,193.935
49345,-107.0,107.0,193.925
49346,0.0,0.0,193.925
49347,0.0,0.0,193.925
49348,160.0,160.0,193.935
49349,-21.0,21.0,193.925
49350,0.0,0.0,193.93
49351,0.0,0.0,193.93
49352,60.0,60.0,193.935
49353,0.0,0.0,193.935
49354,116.0,116.0,193.965
49355,-95.0,305.0,193.955
49356,0.0,0.0,193.955
49357,0.0,0.0,193.955
49358,0.0,0.0,193.955
49359,0.0,0.0,193.955
49360,0.0,0.0,193.955
49361,0.0,0.0,193.955
49362,3.0,3.0,193.955
49363,0.0,0.0,193.955
49364,0.0,0.0,193.955
49365,0.0,0.0,193.955
49366,302.0,1348.0,193.955
49367,100.0,100.0,193.955
49368,0.0,0.0,193.955
49369,100.0,100.0,193.955
49370,-167.0,367.0,193.955
49371,0.0,0.0,193.955
49372,93.0,635.0,193.96
49373,-2.0,2.0,193.96
49374,0.0,0.0,193.955
49375,0.0,0.0,193.955
49376,-91.0,291.0,193.95
49377,0.0,0.0,193.95
49378,0.0,0.0,193.945
49379,0.0,0.0,193.945
49380,44.0,44.0,193.95
49381,0.0,0.0,193.955
49382,200.0,200.0,193.965
49383,0.0,0.0,193.965
49384,-168.0,434.0,193.955
49385,-126.0,126.0,193.95
49386,-346.0,346.0,193.935
49387,-707.0,707.0,193.92
49388,0.0,0.0,193.925
49389,0.0,0.0,193.925
49390,453.0,673.0,193.935
49391,450.0,450.0,193.955
49392,300.0,300.0,193.965
49393,0.0,0.0,193.965
49394,-461.0,939.0,193.975
49395,-1.0,1.0,193.975
49396,-377.0,427.0,193.97
49397,0.0,0.0,193.98
49398,0.0,0.0,193.975
49399,-927.0,927.0,193.965
49400,300.0,300.0,193.975
49401,0.0,0.0,193.975
49402,0.0,0.0,193.975
49403,0.0,0.0,193.975
49404,0.0,0.0,193.975
49405,-172.0,172.0,193.965
49406,222.0,336.0,193.97
49407,0.0,0.0,193.97
49408,381.0,463.0,193.985
49409,130.0,130.0,193.985
49410,-200.0,200.0,193.965
49411,0.0,0.0,193.965
49412,0.0,0.0,193.965
49413,71.0,471.0,193.97
49414,0.0,0.0,193.975
49415,110.0,350.0,193.975
49416,0.0,0.0,193.975
49417,0.0,0.0,193.975
49418,1.0,1.0,193.975
49419,0.0,0.0,193.975
49420,7.0,13.0,193.975
49421,-199.0,797.0,193.975
49422,-317.0,495.0,193.975
49423,10.0,10.0,193.985
49424,-4.0,4.0,193.975
49425,-100.0,350.0,193.97
49426,0.0,0.0,193.97
49427,0.0,0.0,193.975
49428,0.0,0.0,193.975
49429,250.0,450.0,193.995
49430,0.0,0.0,193.995
49431,0.0,0.0,193.995
49432,0.0,0.0,193.995
49433,0.0,0.0,193.995
49434,0.0,0.0,193.995
49435,-433.0,499.0,193.985
49436,-216.0,216.0,193.965
49437,0.0,0.0,193.965
49438,64.0,64.0,193.98
49439,0.0,0.0,193.985
49440,-105.0,105.0,193.965
49441,-130.0,130.0,193.975
49442,32.0,32.0,193.98
49443,0.0,0.0,193.985
49444,-352.0,352.0,193.975
49445,0.0,0.0,193.975
49446,0.0,0.0,193.97
49447,0.0,0.0,193.97
49448,970.0,972.0,193.995
49449,0.0,0.0,193.995
49450,1260.0,1260.0,194.015
49451,235.0,235.0,194.035
49452,-800.0,800.0,194.015
49453,0.0,0.0,194.015
49454,0.0,0.0,194.015
49455,72.0,72.0,194.015
49456,0.0,0.0,194.015
49457,66.0,66.0,194.015
49458,-207.0,207.0,194.005
49459,3.0,3.0,194.005
49460,-904.0,904.0,193.985
49461,-228.0,250.0,193.965
49462,-191.0,631.0,193.965
49463,0.0,0.0,193.965
49464,-172.0,180.0,193.945
49465,6.0,6.0,193.945
49466,-195.0,219.0,193.935
49467,-2.0,2.0,193.93
49468,0.0,0.0,193.93
49469,0.0,0.0,193.93
49470,-125.0,125.0,193.925
49471,-55.0,67.0,193.915
49472,439.0,501.0,193.925
49473,0.0,0.0,193.925
49474,0.0,0.0,193.925
49475,57.0,57.0,193.925
49476,6.0,6.0,193.925
49477,0.0,0.0,193.925
49478,0.0,0.0,193.925
49479,0.0,0.0,193.925
49480,0.0,0.0,193.925
49481,506.0,1706.0,193.925
49482,0.0,0.0,193.925
49483,0.0,0.0,193.925
49484,0.0,0.0,193.925
49485,0.0,0.0,193.925
49486,0.0,0.0,193.925
49487,-298.0,298.0,193.92
49488,0.0,0.0,193.925
49489,0.0,0.0,193.925
49490,70.0,70.0,193.925
49491,-163.0,163.0,193.915
49492,0.0,0.0,193.915
49493,0.0,0.0,193.915
49494,0.0,0.0,193.915
49495,0.0,0.0,193.915
49496,0.0,0.0,193.915
49497,0.0,0.0,193.915
49498,0.0,0.0,193.915
49499,568.0,568.0,193.935
49500,3.0,3.0,193.935
49501,1.0,1.0,193.935
49502,308.0,308.0,193.935
49503,0.0,0.0,193.935
49504,1.0,1.0,193.935
49505,-288.0,438.0,193.92
49506,0.0,0.0,193.92
49507,0.0,0.0,193.92
49508,0.0,0.0,193.915
49509,-144.0,280.0,193.905
49510,0.0,0.0,193.905
49511,200.0,200.0,193.905
49512,788.0,806.0,193.945
49513,209.0,391.0,193.945
49514,-125.0,125.0,193.935
49515,146.0,146.0,193.955
49516,0.0,0.0,193.955
49517,0.0,0.0,193.955
49518,-1.0,1.0,193.955
49519,10.0,10.0,193.965
49520,336.0,336.0,193.99
49521,-334.0,754.0,193.985
49522,0.0,0.0,193.985
49523,0.0,0.0,193.985
49524,0.0,0.0,193.985
49525,-498.0,698.0,193.98
49526,0.0,0.0,193.965
49527,-561.0,561.0,193.945
49528,1157.0,1157.0,193.97
49529,0.0,0.0,193.97
49530,0.0,0.0,193.97
49531,173.0,173.0,193.975
49532,-350.0,350.0,193.965
49533,-108.0,108.0,193.96
49534,-100.0,100.0,193.95
49535,0.0,0.0,193.955
49536,0.0,0.0,193.955
49537,0.0,0.0,193.955
49538,1.0,1.0,193.955
49539,350.0,350.0,193.965
49540,1.0,1.0,193.965
49541,2.0,2.0,193.965
49542,0.0,0.0,193.965
49543,0.0,0.0,193.965
49544,-1017.0,1257.0,193.925
49545,9.0,9.0,193.935
49546,1.0,1.0,193.935
49547,0.0,0.0,193.935
49548,0.0,0.0,193.935
49549,-100.0,100.0,193.925
49550,-225.0,225.0,193.925
49551,1.0,1.0,193.935
49552,-108.0,108.0,193.925
49553,-95.0,111.0,193.92
49554,0.0,0.0,193.925
49555,217.0,417.0,193.935
49556,0.0,0.0,193.935
49557,0.0,0.0,193.935
49558,0.0,0.0,193.935
49559,111.0,589.0,193.945
49560,0.0,0.0,193.945
49561,-201.0,201.0,193.93
49562,0.0,0.0,193.925
49563,0.0,0.0,193.925
49564,-348.0,548.0,193.94
49565,0.0,0.0,193.935
49566,0.0,0.0,193.935
49567,381.0,931.0,193.94
49568,0.0,0.0,193.95
49569,0.0,0.0,193.95
49570,-10.0,10.0,193.95
49571,0.0,0.0,193.95
49572,0.0,0.0,193.95
49573,0.0,0.0,193.95
49574,0.0,0.0,193.95
49575,0.0,0.0,193.95
49576,3.0,3.0,193.955
49577,0.0,0.0,193.955
49578,0.0,0.0,193.955
49579,0.0,0.0,193.955
49580,399.0,599.0,193.955
49581,-20.0,220.0,193.955
49582,-100.0,200.0,193.955
49583,25.0,25.0,193.955
49584,10.0,10.0,193.955
49585,-631.0,729.0,193.955
49586,0.0,0.0,193.95
49587,0.0,0.0,193.955
49588,-487.0,529.0,193.935
49589,69.0,531.0,193.935
49590,26.0,426.0,193.945
49591,105.0,105.0,193.965
49592,0.0,0.0,193.965
49593,-126.0,128.0,193.955
49594,0.0,0.0,193.955
49595,5.0,5.0,193.955
49596,0.0,0.0,193.955
49597,-102.0,102.0,193.94
49598,1.0,401.0,193.94
49599,-150.0,150.0,193.93
49600,0.0,0.0,193.93
49601,0.0,0.0,193.94
49602,0.0,0.0,193.94
49603,0.0,0.0,193.94
49604,400.0,400.0,193.955
49605,200.0,200.0,193.965
49606,0.0,0.0,193.965
49607,-331.0,331.0,193.955
49608,-10.0,10.0,193.94
49609,0.0,0.0,193.94
49610,0.0,0.0,193.945
49611,0.0,0.0,193.945
49612,0.0,0.0,193.945
49613,0.0,0.0,193.945
49614,0.0,0.0,193.935
49615,0.0,0.0,193.935
49616,0.0,0.0,193.935
49617,-258.0,258.0,193.93
49618,0.0,0.0,193.935
49619,-81.0,81.0,193.925
49620,10.0,10.0,193.925
49621,25.0,25.0,193.935
49622,0.0,0.0,193.935
49623,0.0,0.0,193.935
49624,452.0,452.0,193.945
49625,0.0,0.0,193.945
49626,215.0,387.0,193.945
49627,0.0,0.0,193.945
49628,0.0,0.0,193.945
49629,0.0,0.0,193.945
49630,0.0,0.0,193.945
49631,0.0,0.0,193.945
49632,0.0,0.0,193.945
49633,11.0,11.0,193.945
49634,100.0,100.0,193.945
49635,-365.0,643.0,193.94
49636,0.0,0.0,193.945
49637,-61.0,61.0,193.935
49638,0.0,0.0,193.935
49639,-366.0,466.0,193.925
49640,-101.0,101.0,193.925
49641,-381.0,791.0,193.915
49642,-359.0,359.0,193.895
49643,0.0,0.0,193.895
49644,0.0,0.0,193.895
49645,0.0,0.0,193.895
49646,11.0,11.0,193.895
49647,0.0,0.0,193.895
49648,3.0,3.0,193.895
49649,386.0,386.0,193.9
49650,0.0,0.0,193.895
49651,0.0,0.0,193.895
49652,0.0,0.0,193.895
49654,787.0,1191.0,193.895
49655,-262.0,262.0,193.895
49656,106.0,306.0,193.895
49657,-16.0,16.0,193.885
49658,215.0,215.0,193.895
49659,199.0,199.0,193.895
49660,0.0,0.0,193.895
49661,1246.0,1768.0,193.895
49662,-107.0,107.0,193.895
49663,-215.0,375.0,193.885
49664,0.0,0.0,193.885
49665,205.0,205.0,193.895
49666,0.0,0.0,193.895
49667,-198.0,402.0,193.895
49668,0.0,0.0,193.895
49669,712.0,912.0,193.91
49670,0.0,0.0,193.91
49671,0.0,0.0,193.915
49672,0.0,0.0,193.915
49673,-105.0,105.0,193.895
49674,1.0,1.0,193.895
49675,-500.0,500.0,193.885
49676,124.0,124.0,193.885
49677,0.0,0.0,193.885
49678,14.0,14.0,193.885
49679,0.0,0.0,193.885
49680,0.0,0.0,193.885
49681,0.0,0.0,193.885
49682,0.0,0.0,193.885
49683,0.0,0.0,193.885
49684,0.0,0.0,193.885
49685,0.0,0.0,193.885
49686,0.0,0.0,193.885
49687,0.0,0.0,193.885
49688,0.0,0.0,193.885
49689,-323.0,519.0,193.885
49690,1.0,1.0,193.885
49691,0.0,0.0,193.885
49692,100.0,700.0,193.895
49693,0.0,0.0,193.895
49694,0.0,0.0,193.885
49695,0.0,0.0,193.885
49696,0.0,0.0,193.885
49697,0.0,0.0,193.895
49698,0.0,0.0,193.895
49699,0.0,0.0,193.895
49700,0.0,0.0,193.895
49701,-232.0,402.0,193.885
49702,0.0,0.0,193.885
49703,0.0,0.0,193.885
49704,0.0,0.0,193.885
49705,0.0,0.0,193.885
49706,-382.0,982.0,193.855
49707,783.0,899.0,193.88
49708,-245.0,245.0,193.87
49709,0.0,0.0,193.865
49710,-2.0,2.0,193.865
49711,-22.0,22.0,193.86
49712,0.0,0.0,193.855
49713,106.0,110.0,193.85
49714,100.0,100.0,193.855
49715,0.0,0.0,193.855
49716,0.0,0.0,193.85
49717,-906.0,906.0,193.815
49718,25.0,25.0,193.825
49719,7.0,7.0,193.825
49720,0.0,0.0,193.825
49721,103.0,1117.0,193.825
49722,75.0,75.0,193.835
49723,214.0,214.0,193.845
49724,0.0,0.0,193.845
49725,0.0,0.0,193.845
49726,371.0,371.0,193.845
49727,0.0,0.0,193.85
49728,0.0,0.0,193.855
49729,0.0,0.0,193.855
49730,-100.0,100.0,193.85
49731,0.0,0.0,193.845
49732,-553.0,553.0,193.83
49733,0.0,0.0,193.835
49734,0.0,0.0,193.835
49735,4.0,4.0,193.835
49736,200.0,200.0,193.84
49737,0.0,0.0,193.845
49738,300.0,300.0,193.855
49739,-325.0,325.0,193.845
49740,113.0,113.0,193.845
49741,745.0,745.0,193.875
49742,0.0,0.0,193.875
49743,393.0,393.0,193.88
49744,0.0,0.0,193.88
49745,0.0,0.0,193.88
49746,240.0,240.0,193.895
49747,-505.0,505.0,193.89
49748,-86.0,286.0,193.89
49749,0.0,0.0,193.89
49750,345.0,345.0,193.905
49751,0.0,0.0,193.905
49752,0.0,0.0,193.905
49753,2125.0,2125.0,193.905
49754,0.0,0.0,193.905
49755,0.0,0.0,193.905
49756,0.0,0.0,193.905
49757,146.0,604.0,193.905
49758,0.0,0.0,193.905
49759,0.0,0.0,193.905
49760,-113.0,547.0,193.89
49761,0.0,0.0,193.89
49762,-698.0,698.0,193.86
49763,0.0,0.0,193.86
49764,420.0,1180.0,193.845
49765,0.0,0.0,193.845
49766,0.0,0.0,193.845
49767,-144.0,144.0,193.845
49768,418.0,618.0,193.845
49769,0.0,0.0,193.845
49770,0.0,0.0,193.845
49771,161.0,161.0,193.855
49772,2.0,2.0,193.855
49773,0.0,0.0,193.855
49774,0.0,0.0,193.855
49775,0.0,0.0,193.855
49776,0.0,0.0,193.855
49777,219.0,419.0,193.855
49778,0.0,0.0,193.855
49779,0.0,0.0,193.855
49780,179.0,179.0,193.855
49781,0.0,0.0,193.855
49782,0.0,0.0,193.855
49783,-572.0,634.0,193.85
49784,0.0,0.0,193.85
49785,0.0,0.0,193.85
49786,0.0,0.0,193.845
49787,-429.0,633.0,193.845
49788,26.0,26.0,193.845
49789,0.0,0.0,193.845
49790,0.0,0.0,193.845
49791,-534.0,534.0,193.845
49792,478.0,478.0,193.845
49793,0.0,0.0,193.855
49794,0.0,0.0,193.855
49795,0.0,0.0,193.855
49796,0.0,0.0,193.855
49797,59.0,499.0,193.855
49798,0.0,0.0,193.855
49799,3.0,3.0,193.855
49800,0.0,0.0,193.855
49801,100.0,100.0,193.855
49802,0.0,0.0,193.855
49803,0.0,0.0,193.855
49804,58.0,58.0,193.86
49805,0.0,0.0,193.86
49806,501.0,501.0,193.875
49807,0.0,0.0,193.875
49808,0.0,0.0,193.875
49809,245.0,455.0,193.865
49810,200.0,200.0,193.865
49811,0.0,0.0,193.865
49812,0.0,0.0,193.865
49813,0.0,0.0,193.865
49814,-1248.0,1248.0,193.845
49815,-500.0,500.0,193.815
49816,0.0,0.0,193.815
49817,0.0,0.0,193.815
49818,0.0,0.0,193.815
49819,-3.0,597.0,193.84
49820,0.0,0.0,193.845
49821,-350.0,350.0,193.835
49822,110.0,110.0,193.835
49823,-428.0,428.0,193.815
49824,0.0,0.0,193.815
49825,0.0,0.0,193.815
49826,0.0,0.0,193.815
49827,-200.0,600.0,193.82
49828,0.0,0.0,193.815
49829,0.0,0.0,193.815
49830,0.0,0.0,193.82
49831,-1079.0,1179.0,193.795
49832,-50.0,1274.0,193.785
49833,693.0,693.0,193.795
49834,20.0,20.0,193.795
49835,0.0,0.0,193.795
49836,-414.0,414.0,193.785
49837,0.0,0.0,193.79
49838,0.0,0.0,193.795
49839,0.0,0.0,193.795
49840,0.0,0.0,193.795
49841,-74.0,1638.0,193.785
49842,510.0,510.0,193.795
49843,0.0,0.0,193.795
49844,0.0,0.0,193.795
49845,-207.0,319.0,193.78
49846,0.0,0.0,193.78
49847,0.0,0.0,193.78
49848,-1040.0,1042.0,193.75
49849,-334.0,364.0,193.75
49850,0.0,0.0,193.75
49851,-816.0,1120.0,193.74
49852,0.0,0.0,193.74
49853,0.0,0.0,193.74
49854,0.0,0.0,193.74
49855,212.0,212.0,193.75
49856,0.0,0.0,193.75
49857,97.0,97.0,193.755
49858,-151.0,151.0,193.755
49859,0.0,0.0,193.755
49860,1107.0,1107.0,193.775
49861,-100.0,100.0,193.775
49862,0.0,0.0,193.775
49863,0.0,0.0,193.775
49864,391.0,391.0,193.785
49865,0.0,0.0,193.785
49866,0.0,0.0,193.785
49867,0.0,0.0,193.785
49868,-399.0,441.0,193.785
49869,-527.0,527.0,193.775
49870,-968.0,968.0,193.765
49871,135.0,135.0,193.765
49872,0.0,0.0,193.765
49873,0.0,0.0,193.765
49874,0.0,0.0,193.765
49875,-172.0,172.0,193.755
49876,0.0,0.0,193.755
49877,-336.0,386.0,193.745
49878,-1.0,1.0,193.745
49879,-199.0,199.0,193.735
49880,0.0,0.0,193.74
49881,50.0,50.0,193.745
49882,214.0,384.0,193.745
49883,-157.0,157.0,193.745
49884,0.0,0.0,193.745
49885,-758.0,758.0,193.705
49886,0.0,0.0,193.705
49887,-429.0,429.0,193.7
49888,0.0,0.0,193.695
49889,0.0,0.0,193.695
49890,0.0,0.0,193.695
49891,-137.0,137.0,193.695
49892,0.0,0.0,193.695
49893,-889.0,889.0,193.685
49894,-3.0,3.0,193.675
49895,-107.0,107.0,193.665
49896,-76.0,76.0,193.655
49897,66.0,66.0,193.665
49898,0.0,0.0,193.665
49899,0.0,0.0,193.665
49900,0.0,0.0,193.665
49901,754.0,754.0,193.665
49902,0.0,0.0,193.665
49903,0.0,0.0,193.665
49904,0.0,0.0,193.665
49905,-486.0,486.0,193.655
49906,62.0,62.0,193.655
49907,1458.0,1458.0,193.685
49908,248.0,648.0,193.685
49909,-61.0,61.0,193.685
49910,0.0,0.0,193.685
49911,-14.0,14.0,193.685
49912,0.0,0.0,193.685
49913,337.0,377.0,193.695
49914,-370.0,570.0,193.68
49915,235.0,245.0,193.68
49916,78.0,78.0,193.685
49917,88.0,688.0,193.685
49918,0.0,0.0,193.685
49919,-268.0,268.0,193.685
49920,-725.0,725.0,193.675
49921,159.0,159.0,193.68
49922,0.0,0.0,193.68
49923,0.0,0.0,193.68
49924,-1112.0,1112.0,193.635
49925,413.0,417.0,193.645
49926,-459.0,543.0,193.635
49927,0.0,0.0,193.635
49928,171.0,375.0,193.645
49929,0.0,0.0,193.645
49930,295.0,295.0,193.655
49931,308.0,308.0,193.675
49932,199.0,801.0,193.685
49933,-299.0,299.0,193.67
49934,-100.0,100.0,193.66
49935,0.0,0.0,193.66
49936,-150.0,150.0,193.65
49937,0.0,0.0,193.65
49938,0.0,0.0,193.645
49939,301.0,301.0,193.66
49940,461.0,461.0,193.67
49941,-864.0,864.0,193.625
49942,0.0,0.0,193.625
49943,0.0,0.0,193.625
49944,-361.0,361.0,193.615
49945,190.0,210.0,193.615
49946,0.0,0.0,193.615
49947,1093.0,1095.0,193.625
49948,885.0,1323.0,193.635
49949,0.0,0.0,193.635
49950,0.0,0.0,193.635
49951,401.0,401.0,193.645
49952,0.0,0.0,193.645
49953,0.0,0.0,193.645
49954,0.0,0.0,193.645
49955,0.0,0.0,193.645
49956,513.0,713.0,193.655
49957,0.0,0.0,193.655
49958,252.0,252.0,193.66
49959,0.0,0.0,193.66
49960,0.0,0.0,193.665
49961,0.0,0.0,193.665
49962,100.0,100.0,193.675
49963,132.0,132.0,193.675
49964,-481.0,631.0,193.665
49965,0.0,0.0,193.67
49967,367.0,367.0,193.7
49968,0.0,0.0,193.695
49969,0.0,0.0,193.695
49970,0.0,0.0,193.695
49971,0.0,0.0,193.695
49972,0.0,0.0,193.695
49973,-33.0,33.0,193.695
49974,0.0,0.0,193.695
49975,-326.0,526.0,193.685
49976,0.0,0.0,193.685
49977,431.0,431.0,193.695
49978,40.0,160.0,193.705
49979,-227.0,427.0,193.695
49980,1.0,1.0,193.7
49981,-5.0,5.0,193.685
49982,-1016.0,1022.0,193.65
49983,0.0,0.0,193.655
49984,0.0,0.0,193.655
49985,-101.0,101.0,193.64
49986,0.0,0.0,193.64
49987,0.0,0.0,193.64
49988,-109.0,109.0,193.62
49989,-396.0,396.0,193.605
49990,-148.0,168.0,193.595
49991,410.0,410.0,193.61
49992,201.0,683.0,193.61
49993,-31.0,31.0,193.61
49994,0.0,0.0,193.61
49995,655.0,761.0,193.625
49996,0.0,0.0,193.625
49997,0.0,0.0,193.625
49998,0.0,0.0,193.625
49999,-430.0,430.0,193.605
50000,-6.0,6.0,193.605
50001,0.0,0.0,193.605
50002,1000.0,1000.0,193.62
50003,0.0,0.0,193.62
50004,370.0,370.0,193.645
50005,315.0,315.0,193.655
50006,955.0,955.0,193.695
50007,414.0,836.0,193.705
50008,439.0,439.0,193.705
50009,16.0,340.0,193.705
50010,239.0,239.0,193.705
50011,-200.0,1400.0,193.685
50012,-565.0,765.0,193.685
50013,600.0,600.0,193.685
50014,519.0,805.0,193.685
50015,2411.0,2411.0,193.715
50016,723.0,723.0,193.73
50017,0.0,0.0,193.73
50018,0.0,0.0,193.735
50019,0.0,0.0,193.735
50020,-507.0,507.0,193.735
50021,0.0,0.0,193.735
50022,101.0,101.0,193.735
50023,0.0,0.0,193.735
50024,0.0,0.0,193.735
50025,0.0,0.0,193.735
50026,0.0,0.0,193.735
50027,1327.0,1423.0,193.765
50028,125.0,125.0,193.775
50029,50.0,50.0,193.79
50030,-675.0,675.0,193.775
50031,0.0,0.0,193.775
50032,295.0,295.0,193.775
50033,0.0,0.0,193.775
50034,-917.0,1317.0,193.76
50035,0.0,0.0,193.765
50036,0.0,0.0,193.765
50037,0.0,0.0,193.765
50038,300.0,300.0,193.775
50039,-551.0,551.0,193.77
50040,201.0,201.0,193.775
50041,0.0,0.0,193.775
50042,-502.0,702.0,193.765
50043,-300.0,300.0,193.765
50044,0.0,0.0,193.765
50045,0.0,0.0,193.765
50046,0.0,0.0,193.765
50047,0.0,0.0,193.765
50048,0.0,0.0,193.765
50049,0.0,0.0,193.765
50050,257.0,545.0,193.775
50051,-120.0,120.0,193.775
50052,0.0,0.0,193.775
50053,0.0,0.0,193.775
50054,0.0,0.0,193.775
50055,0.0,0.0,193.775
50058,0.0,0.0,193.775
50059,0.0,0.0,193.775
50060,0.0,0.0,193.775
50061,0.0,0.0,193.775
50062,0.0,0.0,193.775
50063,-380.0,644.0,193.765
50064,0.0,0.0,193.765
50065,0.0,0.0,193.765
50066,0.0,0.0,193.765
50067,-303.0,303.0,193.765
50068,0.0,0.0,193.765
50069,-182.0,618.0,193.755
50070,0.0,0.0,193.755
50071,-900.0,900.0,193.745
50072,0.0,0.0,193.745
50073,-204.0,204.0,193.745
50074,0.0,0.0,193.745
50075,0.0,0.0,193.745
50076,0.0,0.0,193.745
50077,0.0,0.0,193.745
50078,-375.0,409.0,193.74
50079,0.0,0.0,193.74
50080,0.0,0.0,193.74
50081,97.0,97.0,193.745
50082,301.0,301.0,193.755
50083,0.0,0.0,193.755
50084,0.0,0.0,193.755
50085,0.0,0.0,193.755
50086,0.0,0.0,193.755
50087,785.0,855.0,193.755
50088,3.0,3.0,193.765
50089,25.0,25.0,193.765
50090,-546.0,756.0,193.755
50091,0.0,0.0,193.755
50092,0.0,0.0,193.755
50093,0.0,0.0,193.755
50094,0.0,0.0,193.755
50095,442.0,902.0,193.775
50096,0.0,0.0,193.775
50097,0.0,0.0,193.775
50098,0.0,0.0,193.775
50099,0.0,0.0,193.775
50100,0.0,0.0,193.775
50101,-300.0,300.0,193.765
50102,0.0,0.0,193.765
50103,106.0,106.0,193.775
50104,-47.0,47.0,193.775
50105,-97.0,103.0,193.77
50106,2.0,2.0,193.765
50107,979.0,1379.0,193.785
50108,328.0,688.0,193.795
50109,-714.0,914.0,193.785
50110,0.0,0.0,193.785
50111,290.0,290.0,193.785
50112,-160.0,380.0,193.785
50113,0.0,0.0,193.785
50114,-2176.0,2176.0,193.755
50115,-305.0,305.0,193.74
50116,0.0,0.0,193.735
50117,0.0,0.0,193.735
50118,0.0,0.0,193.735
50119,0.0,0.0,193.735
50120,-429.0,429.0,193.725
50121,0.0,0.0,193.725
50122,0.0,0.0,193.725
50123,0.0,0.0,193.725
50124,0.0,0.0,193.725
50125,0.0,0.0,193.725
50126,0.0,0.0,193.725
50127,-408.0,608.0,193.715
50128,1.0,1.0,193.715
50129,0.0,0.0,193.715
50130,0.0,0.0,193.715
50131,0.0,0.0,193.715
50132,-204.0,204.0,193.705
50133,-801.0,801.0,193.67
50134,0.0,0.0,193.67
50135,0.0,0.0,193.67
50136,0.0,0.0,193.675
50137,0.0,0.0,193.675
50138,-597.0,597.0,193.65
50139,0.0,0.0,193.645
50140,0.0,0.0,193.64
50141,10.0,10.0,193.64
50142,0.0,0.0,193.645
50143,-200.0,356.0,193.64
50144,27.0,53.0,193.64
50145,0.0,0.0,193.64
50146,0.0,0.0,193.64
50147,0.0,0.0,193.64
50148,-442.0,462.0,193.615
50149,0.0,0.0,193.615
50150,502.0,502.0,193.625
50151,476.0,1304.0,193.625
50152,117.0,117.0,193.625
50153,-91.0,91.0,193.615
50154,0.0,0.0,193.625
50155,-100.0,100.0,193.615
50156,0.0,0.0,193.625
50157,517.0,563.0,193.63
50158,550.0,550.0,193.64
50159,0.0,0.0,193.64
50160,0.0,0.0,193.64
50161,0.0,0.0,193.64
50162,0.0,0.0,193.64
50163,-608.0,608.0,193.605
50164,76.0,76.0,193.605
50165,200.0,200.0,193.615
50166,451.0,551.0,193.635
50167,190.0,190.0,193.64
50168,0.0,0.0,193.635
50169,0.0,0.0,193.635
50170,0.0,0.0,193.635
50171,-302.0,302.0,193.63
50172,1.0,1.0,193.63
50173,54.0,54.0,193.64
50174,-106.0,106.0,193.605
50175,20.0,20.0,193.61
50176,0.0,0.0,193.61
50177,0.0,0.0,193.605
50178,0.0,0.0,193.61
50179,0.0,0.0,193.61
50180,-205.0,305.0,193.61
50181,-264.0,290.0,193.59
50182,-100.0,100.0,193.575
50183,-447.0,553.0,193.565
50184,0.0,0.0,193.565
50185,-394.0,394.0,193.545
50186,155.0,455.0,193.55
50187,0.0,0.0,193.555
50188,0.0,0.0,193.555
50189,-195.0,195.0,193.545
50190,0.0,0.0,193.545
50191,-502.0,702.0,193.535
50192,0.0,0.0,193.535
50193,1732.0,1732.0,193.535
50194,0.0,0.0,193.535
50195,-388.0,412.0,193.53
50196,-95.0,95.0,193.53
50197,0.0,0.0,193.53
50198,200.0,200.0,193.53
50199,1000.0,1000.0,193.535
50200,42.0,42.0,193.535
50201,0.0,0.0,193.535
50202,0.0,0.0,193.535
50203,0.0,0.0,193.535
50204,0.0,0.0,193.535
50205,0.0,0.0,193.535
50206,-348.0,468.0,193.525
50207,416.0,416.0,193.535
50208,-1.0,1.0,193.535
50209,-1811.0,1811.0,193.52
50210,1186.0,1434.0,193.545
50211,0.0,0.0,193.545
50212,341.0,615.0,193.565
50213,450.0,450.0,193.585
50214,3.0,3.0,193.585
50215,1.0,1.0,193.585
50216,82.0,282.0,193.59
50217,0.0,0.0,193.595
50218,0.0,0.0,193.595
50219,0.0,0.0,193.595
50220,0.0,0.0,193.595
50221,0.0,0.0,193.595
50222,0.0,0.0,193.595
50223,0.0,0.0,193.595
50224,0.0,0.0,193.595
50225,0.0,0.0,193.595
50226,-415.0,415.0,193.585
50227,3.0,3.0,193.595
50228,104.0,434.0,193.6
50229,206.0,206.0,193.605
50230,94.0,94.0,193.62
50231,0.0,0.0,193.6
50232,0.0,0.0,193.61
50233,0.0,0.0,193.595
50234,0.0,0.0,193.595
50235,0.0,0.0,193.595
50236,0.0,0.0,193.595
50237,-300.0,300.0,193.585
50238,-26.0,412.0,193.585
50239,1.0,1.0,193.575
50240,200.0,200.0,193.585
50241,0.0,0.0,193.585
50242,0.0,0.0,193.585
50243,-2.0,2.0,193.585
50244,0.0,0.0,193.585
50245,1468.0,1468.0,193.595
50246,0.0,0.0,193.595
50247,308.0,308.0,193.61
50248,0.0,0.0,193.61
50249,0.0,0.0,193.61
50250,0.0,0.0,193.615
50251,477.0,477.0,193.64
50252,0.0,0.0,193.645
50253,-258.0,258.0,193.62
50254,-198.0,198.0,193.6
50255,0.0,0.0,193.6
50256,0.0,0.0,193.605
50257,0.0,0.0,193.605
50258,0.0,0.0,193.605
50259,0.0,0.0,193.605
50260,100.0,100.0,193.605
50261,0.0,0.0,193.605
50262,0.0,0.0,193.605
50263,0.0,0.0,193.605
50264,0.0,0.0,193.605
50265,180.0,340.0,193.605
50266,-81.0,119.0,193.61
50267,0.0,0.0,193.61
50268,0.0,0.0,193.61
50269,-3.0,3.0,193.615
50270,190.0,190.0,193.625
50271,4.0,4.0,193.625
50272,0.0,0.0,193.625
50273,-431.0,431.0,193.615
50274,0.0,0.0,193.615
50275,0.0,0.0,193.62
50276,0.0,0.0,193.62
50277,-218.0,218.0,193.615
50278,0.0,0.0,193.615
50279,-2844.0,2844.0,193.585
50280,98.0,98.0,193.585
50281,0.0,0.0,193.585
50282,-277.0,737.0,193.585
50283,59.0,141.0,193.585
50284,0.0,0.0,193.575
50285,-508.0,508.0,193.565
50286,-42.0,42.0,193.555
50287,-503.0,503.0,193.555
50288,-301.0,301.0,193.545
50289,1.0,1.0,193.55
50290,0.0,0.0,193.55
50291,0.0,0.0,193.55
50292,0.0,0.0,193.55
50293,0.0,0.0,193.55
50294,350.0,350.0,193.565
50295,0.0,0.0,193.565
50296,204.0,204.0,193.575
50297,300.0,300.0,193.585
50298,0.0,0.0,193.585
50299,3.0,3.0,193.585
50300,0.0,0.0,193.585
50301,128.0,294.0,193.595
50302,0.0,0.0,193.595
50303,0.0,0.0,193.595
50304,568.0,568.0,193.605
50305,300.0,300.0,193.615
50306,101.0,101.0,193.625
50307,0.0,0.0,193.625
50308,599.0,599.0,193.635
50309,1.0,1.0,193.64
50310,0.0,0.0,193.63
50311,0.0,0.0,193.635
50312,0.0,0.0,193.635
50313,0.0,0.0,193.635
50314,0.0,0.0,193.635
50315,300.0,300.0,193.64
50316,0.0,0.0,193.64
50317,0.0,0.0,193.64
50318,0.0,0.0,193.64
50319,200.0,200.0,193.67
50320,-300.0,300.0,193.645
50321,0.0,0.0,193.645
50322,-220.0,220.0,193.635
50323,-253.0,255.0,193.63
50324,0.0,0.0,193.625
50325,100.0,100.0,193.635
50326,0.0,0.0,193.63
50327,0.0,0.0,193.635
50328,0.0,0.0,193.635
50329,6.0,6.0,193.635
50330,291.0,291.0,193.645
50331,0.0,0.0,193.635
50332,0.0,0.0,193.64
50333,0.0,0.0,193.635
50334,0.0,0.0,193.635
50335,-339.0,339.0,193.625
50336,-335.0,335.0,193.62
50337,0.0,0.0,193.62
50338,437.0,437.0,193.625
50339,115.0,271.0,193.635
50340,-70.0,70.0,193.63
50341,0.0,0.0,193.625
50342,0.0,0.0,193.625
50343,0.0,0.0,193.625
50344,0.0,0.0,193.625
50345,0.0,0.0,193.625
50346,0.0,0.0,193.625
50347,378.0,378.0,193.635
50348,208.0,212.0,193.635
50349,0.0,0.0,193.635
50350,0.0,0.0,193.635
50351,0.0,0.0,193.635
50352,0.0,0.0,193.635
50353,0.0,0.0,193.635
50354,0.0,0.0,193.635
50355,0.0,0.0,193.635
50356,347.0,347.0,193.645
50357,203.0,203.0,193.65
50358,0.0,0.0,193.655
50359,166.0,194.0,193.66
50360,28.0,28.0,193.665
50361,0.0,0.0,193.67
50362,0.0,0.0,193.67
50363,0.0,0.0,193.67
50364,0.0,0.0,193.665
50365,0.0,0.0,193.67
50366,-1040.0,1040.0,193.635
50367,-575.0,775.0,193.635
50368,0.0,0.0,193.635
50369,0.0,0.0,193.635
50370,400.0,400.0,193.645
50371,205.0,205.0,193.645
50372,0.0,0.0,193.645
50373,0.0,0.0,193.645
50374,0.0,0.0,193.645
50375,0.0,0.0,193.645
50376,0.0,0.0,193.645
50377,0.0,0.0,193.645
50378,966.0,966.0,193.645
50379,0.0,0.0,193.645
50380,0.0,0.0,193.645
50381,399.0,399.0,193.645
50382,0.0,0.0,193.645
50383,0.0,0.0,193.645
50384,3.0,3.0,193.645
50385,0.0,0.0,193.645
50386,-376.0,576.0,193.635
50387,0.0,0.0,193.635
50388,-360.0,360.0,193.625
50389,-259.0,461.0,193.625
50390,-1444.0,1444.0,193.585
50391,300.0,300.0,193.595
50392,0.0,0.0,193.595
50393,0.0,0.0,193.595
50394,200.0,800.0,193.6
50395,0.0,0.0,193.6
50396,-201.0,201.0,193.6
50397,-231.0,231.0,193.585
50398,300.0,300.0,193.6
50399,350.0,550.0,193.61
50400,-44.0,542.0,193.575
50401,201.0,201.0,193.575
50402,0.0,0.0,193.575
50403,100.0,100.0,193.59
50404,-7.0,7.0,193.58
50405,150.0,150.0,193.615
50406,-2.0,2.0,193.61
50407,75.0,115.0,193.59
50408,0.0,0.0,193.61
50409,-50.0,50.0,193.6
50410,0.0,0.0,193.61
50411,755.0,755.0,193.61
50412,0.0,0.0,193.61
50413,-106.0,106.0,193.6
50414,0.0,0.0,193.595
50415,-1.0,1.0,193.585
50416,0.0,0.0,193.585
50417,0.0,0.0,193.585
50418,-205.0,405.0,193.575
50419,-124.0,126.0,193.565
50420,14.0,310.0,193.57
50421,2611.0,2611.0,193.585
50422,0.0,0.0,193.585
50423,1103.0,1103.0,193.595
50424,274.0,274.0,193.625
50425,610.0,734.0,193.635
50426,230.0,430.0,193.635
50427,-324.0,324.0,193.6
50428,0.0,0.0,193.605
50429,0.0,0.0,193.61
50430,693.0,693.0,193.64
50431,3.0,3.0,193.64
50432,449.0,1089.0,193.655
50433,-479.0,479.0,193.64
50434,-55.0,55.0,193.63
50435,200.0,200.0,193.63
50436,120.0,120.0,193.64
50437,0.0,0.0,193.64
50438,0.0,0.0,193.64
50439,0.0,0.0,193.64
50440,-401.0,401.0,193.615
50441,-195.0,395.0,193.605
50442,0.0,0.0,193.605
50443,-55.0,55.0,193.595
50444,0.0,0.0,193.595
50445,0.0,0.0,193.595
50446,0.0,0.0,193.595
50447,-412.0,412.0,193.585
50448,0.0,0.0,193.585
50449,0.0,0.0,193.585
50450,0.0,0.0,193.585
50451,-276.0,428.0,193.575
50452,0.0,0.0,193.575
50453,-650.0,850.0,193.565
50454,0.0,0.0,193.565
50455,-254.0,454.0,193.565
50456,-138.0,138.0,193.535
50457,-211.0,211.0,193.525
50458,0.0,0.0,193.525
50459,0.0,0.0,193.525
50460,710.0,710.0,193.555
50461,200.0,200.0,193.555
50462,0.0,0.0,193.555
50463,-100.0,100.0,193.53
50464,0.0,0.0,193.535
50465,-128.0,128.0,193.53
50466,0.0,0.0,193.53
50467,0.0,0.0,193.53
50468,-156.0,156.0,193.515
50469,56.0,86.0,193.505
50470,229.0,229.0,193.505
50471,192.0,192.0,193.515
50472,20.0,220.0,193.515
50473,-100.0,100.0,193.505
50474,100.0,100.0,193.515
50475,0.0,0.0,193.515
50476,22.0,22.0,193.515
50477,0.0,0.0,193.515
50478,-7.0,7.0,193.51
50479,-653.0,653.0,193.485
50480,196.0,196.0,193.485
50481,-3.0,11.0,193.475
50482,0.0,0.0,193.475
50483,505.0,505.0,193.495
50484,0.0,0.0,193.495
50485,0.0,0.0,193.495
50486,215.0,531.0,193.505
50487,0.0,0.0,193.505
50488,698.0,698.0,193.53
50489,200.0,200.0,193.535
50490,1002.0,1202.0,193.565
50491,55.0,55.0,193.57
50492,55.0,795.0,193.57
50493,0.0,0.0,193.565
50494,0.0,0.0,193.565
50495,0.0,0.0,193.56
50496,0.0,0.0,193.56
50497,0.0,0.0,193.56
50498,0.0,0.0,193.56
50499,0.0,0.0,193.56
50500,-118.0,118.0,193.565
50501,603.0,603.0,193.575
50502,0.0,0.0,193.575
50503,1.0,1.0,193.57
50504,0.0,0.0,193.57
50505,-461.0,493.0,193.545
50506,0.0,0.0,193.545
50507,-50.0,50.0,193.535
50508,140.0,140.0,193.54
50509,0.0,0.0,193.54
50510,0.0,0.0,193.54
50511,0.0,0.0,193.54
50512,0.0,0.0,193.54
50513,0.0,0.0,193.54
50514,846.0,846.0,193.57
50515,0.0,0.0,193.57
50516,0.0,0.0,193.57
50518,0.0,0.0,193.565
50519,0.0,0.0,193.565
50520,0.0,0.0,193.565
50521,-105.0,105.0,193.55
50522,-1.0,1.0,193.535
50523,100.0,100.0,193.535
50524,0.0,0.0,193.535
50525,0.0,0.0,193.535
50526,0.0,0.0,193.535
50527,0.0,0.0,193.535
50528,-609.0,609.0,193.535
50529,-100.0,100.0,193.535
50530,-101.0,101.0,193.535
50531,0.0,0.0,193.535
50532,7.0,243.0,193.535
50533,0.0,0.0,193.535
50534,0.0,0.0,193.535
50535,0.0,0.0,193.535
50536,-40.0,40.0,193.525
50537,-404.0,404.0,193.525
50538,25.0,125.0,193.525
50539,-175.0,175.0,193.52
50540,0.0,0.0,193.515
50541,-50.0,50.0,193.515
50542,-20.0,20.0,193.51
50543,0.0,0.0,193.51
50544,-339.0,339.0,193.5
50545,0.0,0.0,193.5
50546,0.0,0.0,193.5
50547,0.0,0.0,193.5
50548,0.0,0.0,193.5
50549,4.0,4.0,193.505
50550,-102.0,102.0,193.5
50551,0.0,0.0,193.5
50552,198.0,300.0,193.505
50553,0.0,0.0,193.505
50554,-50.0,50.0,193.495
50555,-898.0,1174.0,193.455
50556,-487.0,487.0,193.44
50557,0.0,0.0,193.445
50558,0.0,0.0,193.445
50559,-285.0,285.0,193.435
50560,256.0,256.0,193.445
50561,0.0,0.0,193.445
50562,0.0,0.0,193.445
50563,120.0,120.0,193.445
50564,-292.0,292.0,193.44
50565,0.0,0.0,193.44
50566,0.0,0.0,193.44
50567,0.0,0.0,193.44
50568,0.0,0.0,193.44
50569,-160.0,360.0,193.445
50570,-46.0,1596.0,193.42
50571,0.0,0.0,193.425
50572,0.0,0.0,193.425
50573,0.0,0.0,193.425
50574,0.0,0.0,193.425
50575,0.0,0.0,193.425
50576,0.0,0.0,193.425
50577,1695.0,2575.0,193.43
50578,-200.0,200.0,193.425
50579,-355.0,377.0,193.425
50580,-289.0,609.0,193.425
50581,0.0,0.0,193.425
50582,0.0,0.0,193.425
50583,1722.0,1722.0,193.44
50584,0.0,0.0,193.445
50585,3.0,3.0,193.445
50586,77.0,1257.0,193.445
50587,0.0,0.0,193.445
50588,-1.0,1.0,193.445
50589,0.0,0.0,193.445
50590,0.0,0.0,193.445
50591,240.0,440.0,193.455
50592,211.0,211.0,193.465
50593,-840.0,1240.0,193.445
50594,100.0,100.0,193.445
50595,100.0,100.0,193.46
50596,0.0,0.0,193.46
50597,0.0,0.0,193.455
50598,0.0,0.0,193.455
50599,0.0,0.0,193.455
50600,20.0,20.0,193.455
50601,0.0,0.0,193.455
50602,361.0,361.0,193.465
50603,0.0,0.0,193.465
50604,0.0,0.0,193.465
50605,0.0,0.0,193.465
50606,68.0,332.0,193.47
50607,0.0,0.0,193.47
50608,0.0,0.0,193.47
50609,0.0,0.0,193.47
50610,0.0,0.0,193.47
50611,-1.0,1.0,193.465
50612,-253.0,453.0,193.465
50613,0.0,0.0,193.465
50614,0.0,0.0,193.465
50615,0.0,0.0,193.465
50616,-684.0,684.0,193.445
50617,0.0,0.0,193.445
50618,0.0,0.0,193.445
50619,0.0,0.0,193.445
50620,0.0,0.0,193.445
50621,-838.0,838.0,193.445
50622,-78.0,578.0,193.44
50623,0.0,0.0,193.44
50624,0.0,0.0,193.445
50625,0.0,0.0,193.445
50626,0.0,0.0,193.445
50627,300.0,700.0,193.445
50628,-100.0,100.0,193.435
50629,100.0,580.0,193.435
50630,-90.0,530.0,193.43
50631,0.0,0.0,193.43
50632,0.0,0.0,193.43
50633,268.0,268.0,193.445
50634,0.0,0.0,193.445
50635,0.0,0.0,193.445
50636,0.0,0.0,193.445
50637,419.0,421.0,193.455
50638,-74.0,74.0,193.445
50639,-330.0,330.0,193.44
50640,0.0,0.0,193.44
50641,0.0,0.0,193.435
50642,-100.0,100.0,193.435
50643,0.0,0.0,193.435
50644,2.0,2.0,193.44
50645,0.0,0.0,193.44
50646,0.0,0.0,193.44
50647,100.0,100.0,193.44
50648,761.0,761.0,193.455
50649,0.0,0.0,193.455
50650,0.0,0.0,193.455
50651,495.0,695.0,193.455
50652,15.0,139.0,193.465
50653,0.0,0.0,193.465
50654,0.0,0.0,193.465
50655,0.0,0.0,193.465
50656,-100.0,100.0,193.455
50657,0.0,0.0,193.455
50658,0.0,0.0,193.455
50659,640.0,640.0,193.48
50660,0.0,0.0,193.48
50661,-126.0,126.0,193.455
50662,0.0,0.0,193.46
50663,0.0,0.0,193.465
50664,0.0,0.0,193.465
50665,0.0,0.0,193.465
50666,200.0,200.0,193.48
50667,0.0,0.0,193.48
50668,-110.0,110.0,193.465
50669,-264.0,264.0,193.46
50670,0.0,0.0,193.46
50671,0.0,0.0,193.46
50672,-353.0,353.0,193.445
50673,0.0,0.0,193.445
50674,0.0,0.0,193.445
50675,-163.0,163.0,193.445
50676,-5.0,5.0,193.435
50677,4.0,4.0,193.435
50678,-346.0,358.0,193.425
50679,447.0,447.0,193.445
50680,0.0,0.0,193.435
50681,0.0,0.0,193.435
50682,0.0,200.0,193.44
50683,0.0,0.0,193.44
50684,-338.0,1510.0,193.42
50685,0.0,0.0,193.425
50686,0.0,0.0,193.425
50687,0.0,0.0,193.42
50688,0.0,0.0,193.42
50689,0.0,0.0,193.42
50690,0.0,0.0,193.42
50691,74.0,126.0,193.42
50692,-100.0,100.0,193.42
50693,195.0,605.0,193.415
50694,0.0,0.0,193.425
50695,0.0,0.0,193.425
50696,-197.0,197.0,193.415
50697,0.0,0.0,193.42
50698,0.0,0.0,193.415
50699,3.0,3.0,193.415
50700,-201.0,401.0,193.415
50701,-129.0,679.0,193.405
50702,98.0,98.0,193.405
50703,0.0,0.0,193.405
50704,-719.0,719.0,193.385
50705,-835.0,835.0,193.375
50706,-52.0,52.0,193.375
50707,0.0,0.0,193.375
50708,0.0,0.0,193.375
50709,0.0,0.0,193.375
50710,-213.0,689.0,193.37
50711,0.0,0.0,193.365
50712,-100.0,100.0,193.36
50713,0.0,0.0,193.36
50714,-83.0,83.0,193.355
50715,126.0,126.0,193.365
50716,600.0,600.0,193.375
50717,0.0,0.0,193.375
50718,200.0,200.0,193.38
50719,0.0,0.0,193.38
50720,0.0,0.0,193.38
50721,-170.0,170.0,193.37
50722,0.0,0.0,193.375
50723,0.0,0.0,193.375
50724,0.0,0.0,193.37
50725,0.0,0.0,193.37
50726,0.0,0.0,193.36
50727,40.0,40.0,193.37
50728,0.0,0.0,193.375
50729,0.0,0.0,193.375
50730,400.0,600.0,193.385
50731,0.0,0.0,193.385
50732,0.0,0.0,193.385
50733,-50.0,50.0,193.38
50734,100.0,100.0,193.38
50735,11.0,11.0,193.375
50736,-447.0,461.0,193.375
50737,0.0,0.0,193.375
50738,0.0,0.0,193.375
50739,0.0,0.0,193.375
50740,-600.0,1000.0,193.365
50741,98.0,98.0,193.365
50742,-86.0,286.0,193.355
50743,528.0,528.0,193.375
50744,0.0,0.0,193.375
50745,1200.0,1200.0,193.375
50746,0.0,0.0,193.375
50747,-210.0,210.0,193.375
50748,-196.0,196.0,193.375
50749,0.0,0.0,193.375
50750,-143.0,143.0,193.36
50751,-122.0,346.0,193.355
50752,0.0,0.0,193.35
50753,0.0,0.0,193.355
50754,0.0,0.0,193.355
50755,-50.0,50.0,193.35
50756,101.0,101.0,193.355
50757,802.0,802.0,193.375
50758,-154.0,154.0,193.365
50759,48.0,152.0,193.36
50760,2674.0,3324.0,193.405
50761,-99.0,101.0,193.4
50762,100.0,100.0,193.405
50763,0.0,0.0,193.405
50764,1487.0,1487.0,193.42
50765,112.0,112.0,193.425
50766,0.0,0.0,193.425
50767,200.0,200.0,193.425
50768,237.0,237.0,193.425
50769,0.0,0.0,193.425
50770,90.0,90.0,193.425
50771,0.0,0.0,193.425
50772,200.0,400.0,193.435
50773,0.0,0.0,193.435
50774,0.0,0.0,193.435
50775,0.0,0.0,193.435
50776,0.0,0.0,193.435
50777,-250.0,250.0,193.425
50778,-443.0,443.0,193.415
50779,0.0,0.0,193.415
50780,0.0,0.0,193.415
50781,630.0,630.0,193.445
50782,0.0,0.0,193.445
50783,2.0,2.0,193.445
50784,0.0,0.0,193.44
50785,0.0,0.0,193.44
50786,0.0,0.0,193.44
50787,0.0,0.0,193.44
50788,0.0,0.0,193.44
50789,-12.0,12.0,193.435
50790,0.0,0.0,193.44
50791,0.0,0.0,193.435
50792,-43.0,527.0,193.435
50793,-3.0,3.0,193.43
50794,0.0,0.0,193.425
50795,105.0,105.0,193.435
50796,0.0,0.0,193.435
50797,-165.0,165.0,193.425
50798,-577.0,577.0,193.415
50799,-147.0,147.0,193.41
50800,2.0,2.0,193.415
50801,40.0,40.0,193.415
50802,0.0,0.0,193.415
50803,411.0,411.0,193.425
50804,0.0,0.0,193.42
50805,0.0,0.0,193.42
50806,0.0,0.0,193.415
50807,-1.0,1.0,193.41
50808,0.0,0.0,193.41
50809,100.0,100.0,193.415
50810,0.0,0.0,193.415
50811,0.0,0.0,193.415
50812,0.0,0.0,193.415
50813,0.0,0.0,193.415
50814,0.0,0.0,193.415
50815,501.0,501.0,193.425
50816,626.0,626.0,193.45
50817,0.0,0.0,193.45
50818,0.0,0.0,193.45
50819,0.0,0.0,193.455
50820,-22.0,22.0,193.44
50821,0.0,0.0,193.44
50822,0.0,0.0,193.44
50823,0.0,0.0,193.435
50824,-327.0,333.0,193.425
50825,-133.0,139.0,193.425
50826,0.0,0.0,193.425
50827,-65.0,65.0,193.42
50828,0.0,0.0,193.42
50829,0.0,0.0,193.42
50830,0.0,0.0,193.42
50831,149.0,149.0,193.44
50832,0.0,0.0,193.44
50833,0.0,0.0,193.44
50834,0.0,0.0,193.44
50835,0.0,0.0,193.445
50836,0.0,0.0,193.445
50837,-6.0,6.0,193.435
50838,10.0,10.0,193.435
50839,1.0,1.0,193.435
50840,0.0,0.0,193.435
50841,169.0,169.0,193.445
50842,100.0,100.0,193.445
50843,0.0,0.0,193.445
50844,9.0,9.0,193.445
50845,0.0,0.0,193.445
50846,347.0,347.0,193.455
50847,-134.0,134.0,193.445
50848,-1251.0,1253.0,193.435
50849,153.0,153.0,193.44
50850,0.0,0.0,193.44
50851,0.0,0.0,193.44
50852,0.0,0.0,193.435
50853,0.0,0.0,193.435
50854,-236.0,436.0,193.435
50855,103.0,117.0,193.435
50856,0.0,0.0,193.44
50857,0.0,0.0,193.435
50858,0.0,0.0,193.435
50859,0.0,0.0,193.435
50860,90.0,90.0,193.445
50861,3.0,3.0,193.445
50862,0.0,0.0,193.445
50863,282.0,712.0,193.455
50864,0.0,0.0,193.455
50865,0.0,0.0,193.455
50866,0.0,0.0,193.455
50867,0.0,0.0,193.455
50868,-394.0,394.0,193.455
50869,-155.0,155.0,193.445
50870,-200.0,200.0,193.445
50871,0.0,0.0,193.44
50872,0.0,0.0,193.44
50873,0.0,0.0,193.44
50874,0.0,0.0,193.44
50875,0.0,0.0,193.44
50876,0.0,0.0,193.44
50877,17.0,17.0,193.445
50878,0.0,0.0,193.445
50879,-135.0,135.0,193.435
50880,0.0,0.0,193.435
50881,0.0,0.0,193.435
50882,0.0,0.0,193.435
50883,0.0,0.0,193.435
50884,0.0,0.0,193.435
50885,-20.0,236.0,193.435
50886,-338.0,338.0,193.435
50887,160.0,240.0,193.445
50888,0.0,0.0,193.44
50889,0.0,0.0,193.44
50890,1123.0,1123.0,193.485
50891,4.0,4.0,193.485
50892,2782.0,2782.0,193.5
50893,0.0,0.0,193.505
50894,-225.0,1089.0,193.505
50895,-900.0,900.0,193.505
50896,0.0,0.0,193.505
50897,-300.0,300.0,193.495
50898,-1135.0,1265.0,193.505
50899,-20.0,20.0,193.505
50900,-481.0,481.0,193.495
50901,-20.0,20.0,193.495
50902,0.0,0.0,193.495
50903,-483.0,483.0,193.495
50904,-154.0,154.0,193.485
50905,6.0,6.0,193.485
50906,0.0,0.0,193.485
50907,-277.0,793.0,193.475
50908,9.0,369.0,193.475
50909,0.0,0.0,193.465
50910,200.0,200.0,193.47
50911,-8.0,8.0,193.475
50912,-142.0,142.0,193.475
50913,0.0,0.0,193.475
50914,0.0,0.0,193.475
50915,0.0,0.0,193.475
50916,323.0,1479.0,193.475
50917,-125.0,125.0,193.475
50918,0.0,0.0,193.475
50919,-227.0,227.0,193.465
50920,0.0,0.0,193.465
50921,0.0,0.0,193.465
50922,-206.0,206.0,193.465
50923,3.0,203.0,193.465
50924,-102.0,102.0,193.46
50925,0.0,0.0,193.46
50926,-465.0,465.0,193.445
50927,200.0,200.0,193.455
50928,100.0,100.0,193.465
50929,0.0,0.0,193.465
50930,0.0,0.0,193.465
50931,-1303.0,1589.0,193.445
50932,673.0,673.0,193.455
50933,-78.0,78.0,193.455
50934,-222.0,222.0,193.445
50935,0.0,0.0,193.445
50936,0.0,0.0,193.445
50937,0.0,0.0,193.445
50938,0.0,0.0,193.445
50939,0.0,0.0,193.445
50940,-251.0,251.0,193.435
50941,0.0,0.0,193.435
50942,-243.0,243.0,193.43
50943,0.0,0.0,193.435
50944,38.0,38.0,193.435
50945,272.0,272.0,193.465
50946,-200.0,200.0,193.445
50947,0.0,0.0,193.45
50948,0.0,0.0,193.445
50949,0.0,0.0,193.435
50950,229.0,229.0,193.45
50951,300.0,300.0,193.465
50952,0.0,0.0,193.465
50953,0.0,0.0,193.465
50954,0.0,0.0,193.465
50955,250.0,250.0,193.47
50956,0.0,0.0,193.47
50957,0.0,0.0,193.47
50958,0.0,0.0,193.47
50959,0.0,0.0,193.475
50960,430.0,430.0,193.475
50961,0.0,0.0,193.475
50962,0.0,0.0,193.475
50963,26.0,26.0,193.475
50964,0.0,0.0,193.475
50965,0.0,0.0,193.475
50966,24.0,24.0,193.475
50967,0.0,0.0,193.475
50968,254.0,1178.0,193.485
50969,10.0,10.0,193.485
50970,290.0,290.0,193.495
50971,0.0,0.0,193.495
50972,0.0,0.0,193.495
50973,0.0,0.0,193.495
50974,0.0,0.0,193.495
50975,110.0,110.0,193.495
50976,0.0,0.0,193.495
50977,0.0,0.0,193.495
50978,-407.0,407.0,193.485
50979,0.0,0.0,193.485
50980,0.0,0.0,193.485
50981,3.0,3.0,193.485
50982,0.0,0.0,193.485
50983,-311.0,321.0,193.485
50984,467.0,467.0,193.49
50985,0.0,0.0,193.495
50986,-100.0,100.0,193.495
50987,270.0,270.0,193.5
50988,0.0,0.0,193.505
50989,0.0,0.0,193.505
50990,396.0,396.0,193.515
50991,0.0,0.0,193.52
50992,0.0,0.0,193.515
50993,0.0,0.0,193.515
50994,100.0,100.0,193.525
50995,123.0,337.0,193.535
50996,0.0,0.0,193.535
50997,6.0,10.0,193.53
50998,0.0,0.0,193.53
50999,0.0,0.0,193.53
51000,0.0,0.0,193.535
51001,0.0,0.0,193.535
51002,0.0,0.0,193.535
51003,205.0,407.0,193.55
51004,0.0,0.0,193.55
51005,0.0,0.0,193.545
51006,-414.0,414.0,193.535
51007,100.0,100.0,193.54
51008,0.0,0.0,193.545
51009,154.0,174.0,193.545
51010,-354.0,374.0,193.535
51011,0.0,0.0,193.535
51012,139.0,301.0,193.535
51013,-736.0,1086.0,193.525
51014,-91.0,91.0,193.525
51015,-152.0,192.0,193.525
51016,0.0,0.0,193.525
51017,-20.0,20.0,193.525
51018,0.0,0.0,193.525
51019,111.0,111.0,193.525
51020,25.0,25.0,193.525
51021,0.0,0.0,193.525
51022,-477.0,517.0,193.525
51023,0.0,0.0,193.525
51024,-118.0,118.0,193.515
51025,0.0,0.0,193.515
51026,0.0,0.0,193.515
51027,3.0,3.0,193.515
51028,0.0,0.0,193.515
51029,913.0,913.0,193.545
51030,0.0,0.0,193.545
51031,-843.0,1659.0,193.525
51032,14.0,14.0,193.535
51033,0.0,0.0,193.535
51034,0.0,0.0,193.535
51035,0.0,0.0,193.525
51036,-100.0,100.0,193.525
51037,0.0,0.0,193.53
51038,0.0,0.0,193.535
51039,0.0,0.0,193.535
51040,0.0,0.0,193.535
51041,0.0,0.0,193.535
51042,0.0,0.0,193.535
51043,0.0,0.0,193.535
51044,0.0,0.0,193.535
51045,-342.0,342.0,193.53
51046,0.0,0.0,193.535
51047,0.0,0.0,193.535
51048,0.0,0.0,193.535
51049,-36.0,36.0,193.535
51050,387.0,387.0,193.54
51051,6.0,6.0,193.535
51052,0.0,0.0,193.535
51053,-24.0,24.0,193.535
51054,212.0,212.0,193.545
51055,25.0,425.0,193.555
51056,0.0,0.0,193.555
51057,413.0,413.0,193.565
51058,0.0,0.0,193.565
51059,0.0,0.0,193.565
51060,0.0,0.0,193.565
51061,0.0,0.0,193.565
51062,0.0,0.0,193.565
51063,0.0,0.0,193.565
51064,-192.0,898.0,193.565
51065,-4.0,4.0,193.56
51066,0.0,0.0,193.56
51067,0.0,0.0,193.56
51068,-470.0,470.0,193.535
51069,-1132.0,1132.0,193.515
51070,0.0,0.0,193.515
51071,0.0,0.0,193.515
51072,-1100.0,1100.0,193.505
51073,-1754.0,1754.0,193.455
51074,0.0,0.0,193.455
51075,0.0,0.0,193.455
51076,0.0,0.0,193.455
51077,0.0,0.0,193.455
51078,-314.0,314.0,193.445
51079,-3.0,3.0,193.435
51080,-111.0,489.0,193.455
51081,0.0,0.0,193.45
51082,-145.0,145.0,193.44
51083,210.0,210.0,193.455
51084,0.0,0.0,193.455
51085,0.0,0.0,193.455
51086,0.0,0.0,193.455
51087,520.0,520.0,193.465
51088,-100.0,100.0,193.455
51089,0.0,0.0,193.455
51090,-266.0,266.0,193.44
51091,468.0,468.0,193.445
51092,0.0,0.0,193.445
51093,-100.0,100.0,193.445
51094,-222.0,222.0,193.435
51095,81.0,81.0,193.435
51096,0.0,0.0,193.435
51097,616.0,636.0,193.445
51098,0.0,0.0,193.44
51099,0.0,0.0,193.44
51100,0.0,0.0,193.44
51101,0.0,0.0,193.44
51102,0.0,0.0,193.44
51103,-498.0,498.0,193.435
51104,-234.0,904.0,193.425
51105,-392.0,392.0,193.39
51106,0.0,0.0,193.39
51107,0.0,0.0,193.39
51108,0.0,0.0,193.39
51109,0.0,0.0,193.39
51110,0.0,0.0,193.385
51111,0.0,0.0,193.385
51112,1283.0,1683.0,193.395
51113,0.0,0.0,193.395
51114,0.0,200.0,193.395
51115,300.0,300.0,193.395
51116,0.0,0.0,193.395
51117,0.0,0.0,193.395
51118,0.0,0.0,193.395
51119,-100.0,100.0,193.395
51120,0.0,0.0,193.395
51121,0.0,0.0,193.395
51122,-656.0,916.0,193.385
51123,0.0,0.0,193.38
51124,0.0,0.0,193.38
51125,3.0,3.0,193.385
51126,0.0,0.0,193.385
51127,0.0,0.0,193.38
51128,-853.0,911.0,193.34
51129,0.0,0.0,193.34
51130,940.0,940.0,193.37
51131,0.0,0.0,193.37
51132,0.0,0.0,193.37
51133,0.0,0.0,193.365
51134,0.0,0.0,193.365
51135,-145.0,145.0,193.365
51136,276.0,524.0,193.37
51137,0.0,0.0,193.37
51138,0.0,0.0,193.37
51139,0.0,0.0,193.37
51140,0.0,0.0,193.37
51141,0.0,0.0,193.375
51142,1932.0,1932.0,193.375
51144,0.0,0.0,193.375
51145,0.0,0.0,193.375
51146,-375.0,375.0,193.365
51147,-504.0,904.0,193.335
51148,0.0,0.0,193.335
51149,301.0,301.0,193.335
51150,0.0,0.0,193.335
51151,0.0,0.0,193.335
51152,142.0,452.0,193.34
51153,0.0,0.0,193.34
51154,3.0,3.0,193.34
51155,0.0,0.0,193.345
51156,3.0,3.0,193.345
51157,-100.0,100.0,193.345
51158,-101.0,101.0,193.345
51159,-600.0,600.0,193.335
51160,0.0,0.0,193.335
51161,325.0,325.0,193.335
51162,0.0,0.0,193.335
51163,-3281.0,3281.0,193.265
51164,802.0,1598.0,193.265
51165,1070.0,1270.0,193.275
51166,-241.0,241.0,193.265
51167,-639.0,1071.0,193.245
51168,389.0,611.0,193.245
51169,-322.0,322.0,193.235
51170,581.0,581.0,193.245
51171,200.0,200.0,193.255
51172,0.0,0.0,193.255
51173,-1.0,1.0,193.245
51174,694.0,914.0,193.245
51175,0.0,600.0,193.255
51176,0.0,0.0,193.25
51177,0.0,0.0,193.25
51178,0.0,0.0,193.245
51179,200.0,200.0,193.245
51180,27.0,1073.0,193.225
51181,-943.0,2067.0,193.205
51182,-410.0,1210.0,193.195
51183,0.0,0.0,193.195
51184,821.0,1021.0,193.2
51185,-850.0,950.0,193.185
51186,969.0,1601.0,193.155
51187,1994.0,2044.0,193.185
51188,-321.0,321.0,193.185
51189,402.0,402.0,193.205
51190,214.0,214.0,193.21
51191,0.0,0.0,193.21
51192,0.0,0.0,193.21
51193,0.0,0.0,193.21
51194,0.0,0.0,193.21
51195,0.0,0.0,193.21
51196,0.0,0.0,193.21
51197,-476.0,1476.0,193.195
51198,-413.0,589.0,193.185
51199,-102.0,102.0,193.185
51200,910.0,1310.0,193.185
51201,227.0,629.0,193.175
51202,0.0,0.0,193.18
51203,0.0,0.0,193.175
51204,-120.0,320.0,193.165
51205,380.0,380.0,193.185
51206,125.0,125.0,193.195
51207,-1504.0,2632.0,193.135
51208,763.0,1813.0,193.145
51209,916.0,1144.0,193.15
51210,0.0,0.0,193.145
51211,0.0,0.0,193.145
51212,1743.0,1743.0,193.15
51213,1419.0,1419.0,193.155
51214,473.0,473.0,193.165
51215,653.0,1155.0,193.185
51216,-150.0,150.0,193.185
51217,221.0,221.0,193.19
51218,-300.0,300.0,193.185
51219,0.0,0.0,193.185
51220,0.0,0.0,193.185
51221,-13.0,13.0,193.185
51222,-260.0,260.0,193.185
51223,154.0,354.0,193.175
51224,0.0,0.0,193.175
51225,500.0,500.0,193.18
51226,0.0,0.0,193.18
51227,3760.0,3760.0,193.26
51228,0.0,0.0,193.26
51229,190.0,330.0,193.27
51230,0.0,0.0,193.27
51231,0.0,0.0,193.27
51232,0.0,0.0,193.27
51233,-73.0,73.0,193.265
51234,0.0,0.0,193.265
51235,401.0,401.0,193.275
51236,228.0,288.0,193.275
51237,-327.0,327.0,193.275
51238,-703.0,703.0,193.265
51239,-596.0,1112.0,193.255
51240,0.0,0.0,193.255
51241,0.0,0.0,193.255
51242,0.0,0.0,193.255
51243,-381.0,585.0,193.255
51244,0.0,0.0,193.255
51245,-119.0,119.0,193.255
51246,-170.0,432.0,193.25
51247,-1061.0,1061.0,193.225
51248,-1295.0,1295.0,193.225
51249,-123.0,123.0,193.205
51250,-110.0,110.0,193.195
51251,-301.0,501.0,193.185
51252,396.0,396.0,193.195
51253,0.0,0.0,193.195
51254,0.0,0.0,193.195
51255,0.0,0.0,193.195
51256,0.0,0.0,193.195
51257,0.0,0.0,193.195
51258,10.0,10.0,193.195
51259,20.0,20.0,193.195
51260,0.0,0.0,193.195
51261,0.0,0.0,193.195
51262,-460.0,460.0,193.195
51263,1257.0,1441.0,193.205
51264,0.0,0.0,193.205
51265,-497.0,503.0,193.195
51266,-100.0,500.0,193.195
51267,-10.0,10.0,193.195
51268,-640.0,942.0,193.17
51269,0.0,0.0,193.175
51270,534.0,534.0,193.185
51271,-476.0,476.0,193.165
51272,-201.0,201.0,193.155
51273,-1046.0,1046.0,193.125
51274,664.0,664.0,193.125
51275,100.0,100.0,193.13
51276,-64.0,64.0,193.13
51277,0.0,0.0,193.135
51278,365.0,365.0,193.125
51279,-306.0,306.0,193.125
51280,0.0,0.0,193.125
51281,0.0,0.0,193.125
51282,0.0,0.0,193.125
51283,16.0,16.0,193.125
51284,0.0,0.0,193.125
51285,-218.0,1294.0,193.12
51286,0.0,0.0,193.12
51287,0.0,0.0,193.125
51288,0.0,0.0,193.125
51289,-150.0,150.0,193.115
51290,0.0,0.0,193.115
51291,1561.0,1781.0,193.125
51292,1179.0,1471.0,193.14
51293,0.0,0.0,193.14
51294,0.0,0.0,193.14
51295,-275.0,275.0,193.125
51296,-446.0,446.0,193.135
51297,32.0,32.0,193.145
51298,-202.0,202.0,193.14
51299,374.0,374.0,193.15
51300,-235.0,235.0,193.15
51301,0.0,0.0,193.155
51302,0.0,0.0,193.155
51303,0.0,0.0,193.155
51304,321.0,321.0,193.165
51305,0.0,0.0,193.165
51306,346.0,608.0,193.215
51307,-334.0,334.0,193.21
51308,271.0,271.0,193.24
51309,0.0,0.0,193.235
51310,0.0,0.0,193.235
51311,-487.0,487.0,193.21
51312,95.0,195.0,193.22
51313,3.0,3.0,193.215
51314,0.0,0.0,193.215
51315,478.0,478.0,193.225
51316,0.0,0.0,193.22
51317,-500.0,648.0,193.205
51318,3.0,3.0,193.205
51319,270.0,270.0,193.22
51320,100.0,100.0,193.235
51321,-100.0,100.0,193.225
51322,0.0,0.0,193.225
51323,0.0,0.0,193.225
51324,0.0,0.0,193.225
51325,300.0,300.0,193.225
51326,511.0,511.0,193.235
51327,0.0,0.0,193.225
51328,100.0,100.0,193.225
51329,0.0,0.0,193.23
51330,0.0,0.0,193.23
51331,-352.0,352.0,193.225
51332,-370.0,370.0,193.205
51333,0.0,0.0,193.205
51334,0.0,0.0,193.205
51335,-825.0,1025.0,193.195
51336,0.0,0.0,193.195
51337,0.0,0.0,193.195
51338,-300.0,500.0,193.185
51339,-500.0,700.0,193.17
51340,509.0,509.0,193.185
51341,0.0,0.0,193.185
51342,-100.0,100.0,193.185
51343,0.0,0.0,193.185
51344,0.0,0.0,193.185
51345,10.0,10.0,193.185
51346,-185.0,375.0,193.195
51347,-93.0,895.0,193.18
51348,0.0,0.0,193.18
51349,562.0,1040.0,193.19
51350,0.0,0.0,193.19
51351,-90.0,90.0,193.18
51352,0.0,0.0,193.185
51353,238.0,238.0,193.195
51354,0.0,0.0,193.195
51355,0.0,0.0,193.195
51356,0.0,0.0,193.195
51357,877.0,923.0,193.205
51358,-95.0,95.0,193.2
51359,542.0,542.0,193.215
51360,10.0,10.0,193.215
51361,150.0,150.0,193.215
51362,0.0,0.0,193.215
51363,0.0,0.0,193.215
51364,0.0,0.0,193.215
51365,200.0,200.0,193.225
51366,717.0,717.0,193.23
51367,20.0,20.0,193.25
51368,0.0,0.0,193.25
51369,-405.0,405.0,193.24
51370,0.0,0.0,193.24
51371,-100.0,100.0,193.24
51372,-228.0,628.0,193.225
51373,0.0,200.0,193.22
51374,0.0,0.0,193.22
51375,-813.0,813.0,193.185
51376,0.0,0.0,193.185
51377,-169.0,1361.0,193.19
51378,0.0,0.0,193.19
51379,0.0,0.0,193.195
51380,0.0,0.0,193.195
51381,0.0,0.0,193.19
51382,0.0,0.0,193.19
51383,659.0,659.0,193.21
51384,0.0,0.0,193.215
51385,0.0,0.0,193.21
51386,0.0,0.0,193.21
51387,0.0,0.0,193.21
51388,0.0,0.0,193.21
51389,-361.0,361.0,193.19
51390,0.0,0.0,193.19
51391,0.0,0.0,193.19
51392,0.0,0.0,193.185
51393,2316.0,2316.0,193.205
51394,0.0,0.0,193.205
51395,0.0,0.0,193.205
51396,0.0,0.0,193.205
51397,0.0,0.0,193.205
51398,378.0,378.0,193.215
51399,134.0,748.0,193.225
51400,-97.0,103.0,193.225
51401,-227.0,427.0,193.225
51402,282.0,282.0,193.225
51403,0.0,0.0,193.225
51404,0.0,0.0,193.225
51405,0.0,0.0,193.225
51406,0.0,0.0,193.225
51407,419.0,575.0,193.225
51408,0.0,0.0,193.225
51409,0.0,0.0,193.225
51410,-300.0,300.0,193.215
51411,-423.0,423.0,193.195
51412,0.0,0.0,193.195
51413,0.0,0.0,193.195
51414,0.0,0.0,193.195
51415,0.0,0.0,193.195
51416,25.0,455.0,193.185
51417,100.0,100.0,193.195
51418,0.0,0.0,193.19
51419,0.0,0.0,193.195
51420,-400.0,400.0,193.185
51421,0.0,0.0,193.185
51422,0.0,0.0,193.185
51423,0.0,0.0,193.185
51424,300.0,1100.0,193.19
51425,44.0,1860.0,193.205
51426,-100.0,100.0,193.195
51427,0.0,0.0,193.195
51428,0.0,0.0,193.195
51429,-325.0,325.0,193.185
51430,0.0,0.0,193.185
51431,0.0,0.0,193.185
51432,-90.0,670.0,193.175
51433,-25.0,25.0,193.175
51434,0.0,0.0,193.175
51435,3.0,3.0,193.175
51436,30.0,30.0,193.175
51437,76.0,76.0,193.185
51438,-100.0,100.0,193.175
51439,0.0,0.0,193.175
51440,0.0,0.0,193.175
51441,-778.0,1598.0,193.165
51442,0.0,0.0,193.165
51443,-400.0,600.0,193.16
51444,-209.0,229.0,193.145
51445,0.0,0.0,193.145
51446,1.0,1.0,193.16
51447,-353.0,353.0,193.145
51448,-206.0,206.0,193.135
51449,-1.0,1.0,193.125
51450,-609.0,609.0,193.115
51451,0.0,0.0,193.115
51452,-167.0,381.0,193.105
51453,607.0,607.0,193.12
51454,0.0,0.0,193.125
51455,0.0,0.0,193.115
51456,0.0,0.0,193.115
51457,1501.0,2145.0,193.125
51458,0.0,0.0,193.125
51459,-301.0,301.0,193.125
51460,889.0,889.0,193.125
51461,13.0,213.0,193.13
51462,0.0,0.0,193.13
51463,231.0,231.0,193.14
51464,0.0,0.0,193.14
51465,0.0,0.0,193.135
51466,5.0,5.0,193.14
51467,0.0,0.0,193.14
51468,0.0,0.0,193.14
51469,-412.0,414.0,193.13
51470,0.0,0.0,193.13
51471,0.0,0.0,193.135
51472,0.0,0.0,193.135
51473,0.0,0.0,193.135
51474,0.0,0.0,193.135
51475,200.0,200.0,193.145
51476,809.0,809.0,193.155
51477,404.0,416.0,193.155
51478,0.0,0.0,193.155
51479,185.0,415.0,193.15
51480,0.0,0.0,193.155
51481,-350.0,350.0,193.145
51482,-301.0,301.0,193.135
51483,1.0,1.0,193.14
51484,0.0,0.0,193.135
51485,0.0,0.0,193.135
51486,0.0,0.0,193.135
51487,0.0,0.0,193.135
51488,-1.0,1.0,193.135
51489,0.0,0.0,193.135
51490,0.0,0.0,193.135
51491,-449.0,549.0,193.125
51492,0.0,0.0,193.125
51493,3.0,3.0,193.125
51494,0.0,0.0,193.125
51495,395.0,395.0,193.13
51496,200.0,200.0,193.135
51497,-400.0,400.0,193.13
51498,1448.0,1448.0,193.175
51499,271.0,271.0,193.185
51500,0.0,0.0,193.185
51501,0.0,0.0,193.185
51502,487.0,487.0,193.195
51503,500.0,500.0,193.21
51504,100.0,100.0,193.22
51505,554.0,554.0,193.25
51506,-77.0,77.0,193.25
51507,0.0,0.0,193.25
51508,-4.0,4.0,193.245
51509,0.0,0.0,193.25
51510,0.0,0.0,193.25
51511,0.0,0.0,193.245
51512,99.0,99.0,193.25
51513,0.0,0.0,193.25
51514,749.0,749.0,193.27
51515,0.0,0.0,193.27
51516,0.0,0.0,193.27
51517,0.0,0.0,193.27
51518,300.0,300.0,193.29
51519,0.0,0.0,193.295
51520,-195.0,205.0,193.295
51521,104.0,104.0,193.31
51522,0.0,0.0,193.305
51523,2.0,2.0,193.305
51524,0.0,0.0,193.305
51525,395.0,395.0,193.31
51526,0.0,0.0,193.31
51527,0.0,0.0,193.31
51528,0.0,0.0,193.31
51529,-575.0,1415.0,193.295
51530,0.0,0.0,193.295
51531,0.0,0.0,193.295
51532,0.0,0.0,193.295
51533,-216.0,216.0,193.295
51534,136.0,136.0,193.295
51535,0.0,0.0,193.295
51536,-200.0,660.0,193.285
51537,300.0,900.0,193.295
51538,0.0,0.0,193.295
51539,0.0,0.0,193.295
51540,149.0,451.0,193.295
51541,25.0,425.0,193.29
51542,0.0,0.0,193.29
51543,0.0,0.0,193.29
51544,0.0,0.0,193.29
51545,0.0,0.0,193.285
51546,-288.0,292.0,193.285
51547,397.0,1119.0,193.295
51548,-316.0,316.0,193.29
51549,0.0,0.0,193.29
51550,0.0,200.0,193.295
51551,0.0,0.0,193.295
51552,0.0,0.0,193.295
51553,-10.0,230.0,193.3
51554,0.0,0.0,193.3
51555,0.0,0.0,193.3
51556,0.0,0.0,193.3
51557,0.0,0.0,193.3
51558,0.0,0.0,193.3
51559,0.0,0.0,193.295
51560,0.0,0.0,193.295
51561,0.0,0.0,193.295
51562,500.0,500.0,193.305
51563,0.0,0.0,193.305
51564,0.0,0.0,193.305
51565,0.0,0.0,193.305
51566,-404.0,404.0,193.3
51567,0.0,0.0,193.3
51568,1380.0,1580.0,193.325
51569,377.0,377.0,193.35
51570,0.0,0.0,193.345
51571,-300.0,300.0,193.335
51572,-700.0,900.0,193.32
51573,-1343.0,1343.0,193.295
51574,1.0,1.0,193.295
51575,604.0,612.0,193.305
51576,0.0,0.0,193.3
51577,1.0,1.0,193.305
51578,283.0,1549.0,193.31
51579,0.0,0.0,193.31
51580,299.0,301.0,193.33
51581,250.0,350.0,193.34
51582,0.0,0.0,193.345
51583,0.0,0.0,193.34
51584,0.0,0.0,193.34
51585,0.0,0.0,193.34
51586,-301.0,301.0,193.325
51587,-1000.0,1000.0,193.315
51588,711.0,711.0,193.335
51589,-100.0,100.0,193.33
51590,0.0,0.0,193.335
51591,2.0,2.0,193.335
51592,-50.0,50.0,193.315
51593,0.0,0.0,193.315
51594,-211.0,211.0,193.305
51595,0.0,0.0,193.305
51596,-152.0,152.0,193.295
51597,0.0,0.0,193.295
51598,1.0,1.0,193.295
51599,0.0,0.0,193.295
51600,-224.0,274.0,193.285
51601,0.0,0.0,193.285
51602,0.0,0.0,193.285
51603,0.0,0.0,193.285
51604,200.0,200.0,193.285
51605,5.0,5.0,193.285
51606,-411.0,411.0,193.285
51607,0.0,0.0,193.285
51608,0.0,0.0,193.285
51609,74.0,326.0,193.285
51610,0.0,0.0,193.285
51611,-58.0,608.0,193.275
51612,0.0,0.0,193.275
51613,300.0,300.0,193.285
51614,0.0,0.0,193.285
51615,239.0,439.0,193.295
51616,3.0,3.0,193.295
51617,1.0,1.0,193.295
51618,-50.0,50.0,193.295
51619,-193.0,207.0,193.29
51620,6.0,6.0,193.295
51621,-75.0,75.0,193.285
51622,0.0,0.0,193.285
51623,0.0,0.0,193.285
51624,0.0,0.0,193.285
51625,0.0,0.0,193.285
51626,200.0,200.0,193.285
51627,-415.0,635.0,193.285
51628,0.0,0.0,193.285
51629,300.0,500.0,193.285
51630,-17.0,617.0,193.285
51631,310.0,310.0,193.29
51632,3.0,3.0,193.285
51633,0.0,0.0,193.285
51634,0.0,0.0,193.285
51635,0.0,0.0,193.285
51636,0.0,0.0,193.285
51637,0.0,0.0,193.285
51638,0.0,0.0,193.285
51639,0.0,0.0,193.285
51640,0.0,0.0,193.285
51641,93.0,307.0,193.285
51642,0.0,0.0,193.285
51643,0.0,0.0,193.285
51644,0.0,0.0,193.285
51645,0.0,0.0,193.285
51646,-589.0,889.0,193.275
51647,0.0,0.0,193.275
51648,447.0,447.0,193.285
51649,0.0,0.0,193.285
51650,0.0,0.0,193.285
51651,0.0,0.0,193.285
51652,0.0,0.0,193.285
51653,-1978.0,1978.0,193.235
51654,0.0,0.0,193.235
51655,473.0,473.0,193.245
51656,0.0,0.0,193.245
51657,0.0,0.0,193.245
51658,0.0,0.0,193.245
51659,0.0,0.0,193.245
51660,0.0,0.0,193.245
51661,0.0,0.0,193.245
51662,1681.0,1681.0,193.28
51663,322.0,662.0,193.295
51664,679.0,679.0,193.305
51665,598.0,598.0,193.325
51666,82.0,82.0,193.335
51667,-176.0,476.0,193.345
51668,50.0,50.0,193.35
51669,0.0,0.0,193.355
51670,0.0,0.0,193.355
51671,266.0,266.0,193.37
51672,0.0,0.0,193.365
51673,-268.0,336.0,193.355
51674,-352.0,352.0,193.345
51675,-249.0,573.0,193.345
51676,-100.0,100.0,193.335
51677,0.0,0.0,193.335
51678,10.0,10.0,193.345
51679,-161.0,161.0,193.335
51680,-488.0,702.0,193.325
51681,-100.0,100.0,193.325
51682,0.0,200.0,193.315
51683,0.0,0.0,193.315
51684,469.0,469.0,193.34
51685,0.0,0.0,193.345
51686,200.0,200.0,193.35
51687,0.0,0.0,193.355
51688,389.0,391.0,193.365
51689,404.0,404.0,193.385
51690,0.0,0.0,193.385
51691,59.0,143.0,193.405
51692,-100.0,100.0,193.405
51693,1.0,1.0,193.405
51694,-213.0,219.0,193.405
51695,110.0,510.0,193.405
51696,-401.0,401.0,193.395
51697,0.0,0.0,193.395
51698,0.0,0.0,193.395
51699,282.0,282.0,193.415
51700,-3.0,9.0,193.405
51701,-67.0,133.0,193.395
51702,0.0,0.0,193.395
51703,-500.0,500.0,193.385
51704,0.0,0.0,193.385
51705,-343.0,343.0,193.365
51706,319.0,319.0,193.375
51707,-27.0,27.0,193.375
51708,0.0,0.0,193.375
51709,0.0,0.0,193.375
51710,0.0,0.0,193.375
51711,0.0,0.0,193.375
51712,0.0,0.0,193.375
51713,0.0,0.0,193.375
51714,410.0,410.0,193.385
51715,1573.0,1833.0,193.395
51716,-786.0,786.0,193.385
51717,-100.0,100.0,193.38
51718,0.0,0.0,193.385
51719,0.0,0.0,193.385
51720,271.0,335.0,193.39
51721,-23.0,23.0,193.375
51722,117.0,117.0,193.38
51723,313.0,313.0,193.395
51724,0.0,0.0,193.395
51725,0.0,0.0,193.395
51726,-38.0,38.0,193.375
51727,0.0,0.0,193.375
51728,-583.0,703.0,193.375
51729,166.0,166.0,193.375
51730,251.0,251.0,193.395
51731,-160.0,160.0,193.385
51732,190.0,390.0,193.385
51733,0.0,0.0,193.385
51734,0.0,0.0,193.385
51735,0.0,0.0,193.385
51736,-256.0,256.0,193.375
51737,-320.0,980.0,193.375
51738,0.0,0.0,193.37
51739,0.0,0.0,193.37
51740,0.0,0.0,193.375
51741,-20.0,20.0,193.37
51742,0.0,0.0,193.375
51743,1.0,1.0,193.375
51744,0.0,0.0,193.375
51745,244.0,546.0,193.38
51746,0.0,0.0,193.38
51747,0.0,0.0,193.385
51748,0.0,0.0,193.385
51749,0.0,0.0,193.385
51750,0.0,0.0,193.37
51751,0.0,0.0,193.375
51752,0.0,0.0,193.37
51753,0.0,0.0,193.37
51754,0.0,0.0,193.37
51755,0.0,0.0,193.37
51756,-547.0,547.0,193.355
51757,0.0,0.0,193.355
51758,0.0,0.0,193.355
51759,0.0,0.0,193.355
51760,0.0,0.0,193.355
51761,-285.0,685.0,193.355
51762,0.0,0.0,193.355
51763,-547.0,1117.0,193.335
51764,-704.0,704.0,193.32
51765,0.0,0.0,193.32
51766,0.0,0.0,193.325
51767,0.0,0.0,193.325
51768,-59.0,141.0,193.325
51769,0.0,0.0,193.325
51770,0.0,0.0,193.325
51771,-440.0,440.0,193.305
51772,-346.0,346.0,193.285
51773,-353.0,353.0,193.265
51774,9.0,11.0,193.265
51775,207.0,793.0,193.275
51776,521.0,521.0,193.285
51777,300.0,300.0,193.3
51778,-140.0,140.0,193.285
51779,-530.0,530.0,193.285
51780,-256.0,256.0,193.265
51781,0.0,0.0,193.265
51782,200.0,200.0,193.275
51783,90.0,110.0,193.28
51784,0.0,0.0,193.285
51785,0.0,0.0,193.285
51786,0.0,0.0,193.285
51787,-2.0,2.0,193.28
51788,0.0,0.0,193.28
51789,100.0,100.0,193.285
51790,306.0,306.0,193.3
51791,0.0,0.0,193.3
51792,0.0,0.0,193.305
51793,0.0,0.0,193.305
51794,0.0,0.0,193.305
51795,-102.0,102.0,193.3
51796,0.0,0.0,193.3
51797,0.0,0.0,193.3
51798,0.0,0.0,193.3
51799,0.0,0.0,193.3
51800,0.0,0.0,193.3
51801,0.0,0.0,193.305
51802,0.0,0.0,193.3
51803,0.0,0.0,193.305
51804,-108.0,108.0,193.3
51805,0.0,0.0,193.305
51806,0.0,0.0,193.305
51807,1709.0,1709.0,193.35
51808,0.0,0.0,193.35
51809,0.0,0.0,193.35
51810,0.0,0.0,193.35
51811,0.0,0.0,193.35
51812,0.0,0.0,193.355
51813,0.0,0.0,193.355
51814,49.0,705.0,193.355
51815,3.0,3.0,193.355
51816,0.0,0.0,193.355
51817,0.0,0.0,193.355
51818,0.0,0.0,193.355
51819,-403.0,403.0,193.35
51820,-37.0,37.0,193.35
51821,-272.0,600.0,193.335
51822,0.0,0.0,193.335
51823,0.0,0.0,193.335
51824,110.0,310.0,193.335
51825,300.0,300.0,193.335
51826,1.0,1.0,193.335
51827,100.0,100.0,193.335
51828,0.0,0.0,193.335
51829,0.0,0.0,193.335
51830,-566.0,766.0,193.33
51831,999.0,1199.0,193.34
51832,401.0,401.0,193.355
51833,0.0,0.0,193.355
51834,595.0,595.0,193.36
51835,0.0,0.0,193.36
51836,0.0,0.0,193.36
51837,0.0,0.0,193.36
51838,400.0,400.0,193.39
51839,0.0,0.0,193.39
51840,0.0,0.0,193.385
51841,-112.0,200.0,193.38
51842,0.0,0.0,193.375
51843,-300.0,300.0,193.36
51844,0.0,0.0,193.36
51845,0.0,0.0,193.36
51846,-400.0,600.0,193.34
51847,0.0,0.0,193.34
51848,-102.0,102.0,193.325
51849,-75.0,175.0,193.33
51850,0.0,0.0,193.325
51851,-521.0,921.0,193.315
51852,0.0,0.0,193.315
51853,0.0,0.0,193.315
51854,0.0,0.0,193.305
51855,110.0,510.0,193.305
51856,3.0,3.0,193.305
51857,-156.0,356.0,193.305
51858,0.0,0.0,193.305
51859,-54.0,212.0,193.305
51860,6.0,6.0,193.305
51861,-103.0,103.0,193.295
51862,-320.0,716.0,193.285
51863,-33.0,33.0,193.285
51864,-40.0,160.0,193.285
51865,1.0,1.0,193.28
51866,-147.0,153.0,193.28
51867,0.0,0.0,193.28
51868,0.0,0.0,193.28
51869,100.0,100.0,193.28
51870,0.0,0.0,193.28
51871,0.0,0.0,193.28
51872,-100.0,100.0,193.28
51873,0.0,0.0,193.285
51874,0.0,0.0,193.28
51875,0.0,0.0,193.28
51876,0.0,0.0,193.285
51877,0.0,0.0,193.285
51878,-150.0,150.0,193.28
51879,-610.0,610.0,193.265
51880,0.0,0.0,193.27
51881,-1.0,1.0,193.255
51882,-317.0,317.0,193.24
51883,-321.0,321.0,193.23
51884,0.0,0.0,193.23
51885,0.0,0.0,193.23
51886,-852.0,852.0,193.215
51887,0.0,0.0,193.215
51888,2075.0,2075.0,193.255
51889,-100.0,100.0,193.255
51890,-300.0,300.0,193.245
51891,-301.0,301.0,193.245
51892,0.0,0.0,193.245
51893,-100.0,100.0,193.245
51894,0.0,0.0,193.245
51895,101.0,101.0,193.255
51896,0.0,0.0,193.255
51897,0.0,0.0,193.255
51898,0.0,0.0,193.255
51899,1104.0,1104.0,193.28
51900,-244.0,356.0,193.27
51901,10.0,10.0,193.275
51902,0.0,0.0,193.285
51903,0.0,0.0,193.285
51904,0.0,0.0,193.285
51905,879.0,879.0,193.31
51906,0.0,0.0,193.31
51907,0.0,0.0,193.31
51908,50.0,50.0,193.325
51909,0.0,0.0,193.325
51910,-308.0,308.0,193.315
51911,0.0,0.0,193.315
51912,200.0,200.0,193.325
51913,150.0,150.0,193.34
51914,0.0,0.0,193.335
51915,0.0,0.0,193.335
51916,0.0,0.0,193.335
51917,0.0,0.0,193.335
51918,0.0,0.0,193.335
51919,-300.0,300.0,193.325
51920,3.0,3.0,193.325
51921,0.0,0.0,193.325
51922,3.0,3.0,193.325
51923,0.0,0.0,193.325
51924,0.0,0.0,193.325
51925,0.0,0.0,193.325
51926,-634.0,1074.0,193.305
51927,0.0,0.0,193.305
51928,0.0,0.0,193.305
51929,590.0,590.0,193.31
51930,192.0,192.0,193.32
51931,0.0,0.0,193.325
51932,0.0,0.0,193.325
51933,0.0,0.0,193.325
51934,0.0,0.0,193.325
51935,0.0,0.0,193.325
51936,0.0,0.0,193.325
51937,0.0,0.0,193.325
51938,0.0,0.0,193.325
51939,0.0,0.0,193.325
51940,0.0,0.0,193.325
51941,-555.0,555.0,193.315
51942,-74.0,672.0,193.3
51943,0.0,0.0,193.305
51944,200.0,200.0,193.315
51945,200.0,200.0,193.325
51946,0.0,0.0,193.325
51947,0.0,0.0,193.315
51948,-200.0,200.0,193.305
51949,0.0,0.0,193.305
51950,0.0,0.0,193.305
51951,-150.0,154.0,193.305
51952,0.0,0.0,193.305
51953,0.0,0.0,193.305
51954,0.0,0.0,193.305
51955,338.0,338.0,193.32
51956,0.0,0.0,193.325
51957,0.0,0.0,193.325
51958,100.0,300.0,193.325
51959,-100.0,100.0,193.315
51960,100.0,100.0,193.315
51961,-471.0,471.0,193.31
51962,0.0,0.0,193.31
51963,0.0,0.0,193.315
51964,100.0,100.0,193.32
51965,0.0,0.0,193.32
51966,200.0,200.0,193.325
51967,12.0,62.0,193.33
51968,0.0,0.0,193.33
51969,4.0,4.0,193.335
51970,451.0,451.0,193.345
51971,0.0,0.0,193.345
51972,53.0,353.0,193.355
51973,22.0,22.0,193.355
51974,278.0,278.0,193.365
51975,216.0,216.0,193.37
51976,-320.0,320.0,193.365
51977,0.0,0.0,193.365
51978,100.0,100.0,193.37
51979,0.0,0.0,193.38
51980,1.0,1.0,193.37
51981,-819.0,819.0,193.355
51982,-190.0,410.0,193.355
51983,0.0,0.0,193.355
51984,1.0,1.0,193.355
51985,3.0,3.0,193.355
51986,-132.0,660.0,193.355
51987,0.0,0.0,193.355
51988,0.0,0.0,193.355
51989,-5.0,5.0,193.35
51990,0.0,0.0,193.35
51991,0.0,0.0,193.355
51992,0.0,0.0,193.355
51993,134.0,704.0,193.355
51994,31.0,31.0,193.355
51995,0.0,0.0,193.355
51996,1.0,1.0,193.355
51997,0.0,0.0,193.355
51998,0.0,0.0,193.355
51999,0.0,0.0,193.355
52000,0.0,0.0,193.355
52001,-1129.0,1129.0,193.335
52002,-282.0,282.0,193.32
52003,0.0,0.0,193.325
52004,0.0,0.0,193.325
52005,-500.0,500.0,193.305
52006,-696.0,740.0,193.305
52007,-200.0,200.0,193.305
52008,-62.0,62.0,193.305
52009,0.0,0.0,193.305
52010,0.0,0.0,193.305
52011,0.0,0.0,193.305
52012,1089.0,1349.0,193.305
52013,-300.0,300.0,193.305
52014,-1309.0,1309.0,193.285
52015,196.0,804.0,193.285
52016,0.0,0.0,193.285
52017,155.0,355.0,193.295
52018,0.0,0.0,193.3
52019,0.0,0.0,193.305
52020,-117.0,317.0,193.285
52021,0.0,0.0,193.285
52022,0.0,0.0,193.285
52023,-409.0,409.0,193.28
52024,0.0,0.0,193.275
52025,190.0,610.0,193.275
52026,-260.0,260.0,193.265
52027,0.0,0.0,193.265
52028,8.0,8.0,193.265
52029,-1.0,1.0,193.265
52030,-601.0,601.0,193.255
52031,-1.0,201.0,193.25
52032,52.0,52.0,193.255
52033,0.0,0.0,193.255
52034,0.0,0.0,193.25
52035,0.0,0.0,193.25
52036,-105.0,305.0,193.245
52037,-105.0,105.0,193.215
52038,-101.0,101.0,193.205
52039,0.0,0.0,193.205
52040,49.0,49.0,193.205
52041,157.0,157.0,193.215
52042,0.0,0.0,193.215
52043,0.0,0.0,193.215
52044,-401.0,401.0,193.205
52045,0.0,0.0,193.205
52046,0.0,0.0,193.205
52047,510.0,510.0,193.215
52048,-692.0,732.0,193.195
52049,-702.0,702.0,193.19
52050,0.0,0.0,193.19
52051,0.0,0.0,193.195
52052,0.0,0.0,193.195
52053,-435.0,635.0,193.175
52054,-500.0,500.0,193.165
52055,305.0,505.0,193.17
52056,299.0,301.0,193.16
52057,334.0,334.0,193.165
52058,266.0,266.0,193.17
52059,0.0,0.0,193.17
52060,-386.0,386.0,193.155
52061,0.0,0.0,193.155
52062,400.0,400.0,193.16
52063,0.0,0.0,193.16
52064,0.0,0.0,193.155
52065,-340.0,694.0,193.155
52066,-494.0,494.0,193.145
52067,-97.0,103.0,193.145
52068,-250.0,250.0,193.135
52069,0.0,0.0,193.135
52070,57.0,57.0,193.145
52071,10.0,10.0,193.15
52072,0.0,0.0,193.155
52073,-100.0,100.0,193.15
52074,0.0,0.0,193.15
52075,0.0,0.0,193.15
52076,900.0,900.0,193.175
52077,600.0,600.0,193.175
52078,0.0,0.0,193.175
52079,0.0,0.0,193.185
52080,-480.0,480.0,193.17
52081,0.0,0.0,193.18
52082,17.0,17.0,193.175
52083,1.0,1.0,193.175
52084,32.0,32.0,193.18
52085,0.0,0.0,193.185
52086,1690.0,2490.0,193.175
52087,0.0,0.0,193.175
52088,0.0,0.0,193.175
52089,0.0,0.0,193.175
52090,0.0,0.0,193.175
52091,0.0,0.0,193.175
52092,0.0,0.0,193.175
52093,0.0,0.0,193.175
52094,400.0,400.0,193.185
52095,0.0,0.0,193.185
52096,2500.0,2500.0,193.185
52097,0.0,0.0,193.185
52098,0.0,0.0,193.185
52099,1170.0,1370.0,193.185
52100,0.0,0.0,193.185
52101,25.0,25.0,193.185
52102,75.0,75.0,193.185
52103,0.0,0.0,193.185
52104,0.0,0.0,193.185
52105,0.0,0.0,193.185
52106,0.0,0.0,193.185
52107,0.0,0.0,193.185
52108,-559.0,559.0,193.175
52109,-5.0,5.0,193.175
52110,-242.0,580.0,193.165
52111,0.0,0.0,193.165
52112,-156.0,444.0,193.155
52113,0.0,0.0,193.155
52114,163.0,163.0,193.165
52115,0.0,0.0,193.165
52116,-100.0,100.0,193.155
52117,0.0,0.0,193.16
52118,0.0,0.0,193.16
52119,0.0,0.0,193.165
52120,-564.0,564.0,193.145
52121,-304.0,504.0,193.145
52122,300.0,300.0,193.16
52123,0.0,0.0,193.155
52124,0.0,0.0,193.155
52125,0.0,0.0,193.155
52126,0.0,0.0,193.155
52127,200.0,200.0,193.165
52128,-100.0,100.0,193.165
52129,0.0,0.0,193.165
52130,-180.0,180.0,193.165
52131,8.0,8.0,193.165
52132,-68.0,68.0,193.16
52133,0.0,0.0,193.16
52134,0.0,0.0,193.16
52135,0.0,0.0,193.16
52136,0.0,0.0,193.16
52137,0.0,0.0,193.16
52138,0.0,0.0,193.16
52139,0.0,0.0,193.16
52140,0.0,0.0,193.16
52141,-178.0,638.0,193.155
52142,2.0,2.0,193.155
52143,534.0,974.0,193.175
52144,0.0,0.0,193.175
52145,304.0,304.0,193.185
52146,0.0,0.0,193.185
52147,901.0,1157.0,193.195
52148,202.0,604.0,193.185
52149,2.0,2.0,193.19
52150,0.0,0.0,193.19
52151,0.0,0.0,193.195
52152,400.0,400.0,193.195
52153,4.0,4.0,193.195
52154,-221.0,227.0,193.185
52155,277.0,277.0,193.19
52156,0.0,0.0,193.19
52157,0.0,0.0,193.19
52158,0.0,0.0,193.185
52159,30.0,250.0,193.19
52160,0.0,0.0,193.19
52161,-359.0,469.0,193.185
52162,0.0,0.0,193.175
52163,100.0,100.0,193.175
52164,6.0,6.0,193.175
52165,0.0,0.0,193.175
52166,454.0,674.0,193.185
52167,0.0,0.0,193.185
52168,-801.0,1001.0,193.165
52169,-432.0,1372.0,193.14
52170,0.0,0.0,193.145
52171,0.0,0.0,193.145
52172,177.0,623.0,193.15
52173,211.0,389.0,193.145
52174,-105.0,105.0,193.14
52175,0.0,0.0,193.14
52176,-997.0,1203.0,193.125
52177,-400.0,402.0,193.115
52178,-198.0,202.0,193.11
52179,-301.0,301.0,193.115
52180,1012.0,1722.0,193.115
52181,1285.0,2245.0,193.125
52182,0.0,0.0,193.125
52183,-105.0,515.0,193.13
52184,0.0,0.0,193.13
52185,0.0,0.0,193.135
52186,536.0,778.0,193.135
52187,0.0,0.0,193.135
52188,0.0,0.0,193.135
52189,200.0,800.0,193.145
52190,240.0,560.0,193.15
52191,-100.0,100.0,193.13
52192,0.0,0.0,193.13
52193,0.0,0.0,193.13
52194,3.0,3.0,193.125
52195,-958.0,1158.0,193.105
52196,0.0,0.0,193.105
52197,-30.0,30.0,193.1
52198,0.0,0.0,193.1
52199,310.0,310.0,193.105
52200,-200.0,400.0,193.1
52201,-420.0,600.0,193.085
52202,0.0,0.0,193.095
52203,-100.0,100.0,193.105
52204,0.0,0.0,193.105
52205,685.0,885.0,193.115
52206,0.0,0.0,193.115
52207,0.0,0.0,193.115
52208,1.0,1.0,193.115
52209,0.0,0.0,193.115
52210,611.0,1285.0,193.135
52211,200.0,200.0,193.145
52212,150.0,150.0,193.155
52213,405.0,405.0,193.155
52214,0.0,0.0,193.155
52215,379.0,379.0,193.165
52216,0.0,0.0,193.165
52217,0.0,0.0,193.165
52218,0.0,0.0,193.165
52219,-201.0,201.0,193.155
52220,0.0,0.0,193.155
52221,0.0,0.0,193.155
52222,0.0,0.0,193.155
52223,50.0,50.0,193.155
52224,50.0,50.0,193.16
52225,0.0,0.0,193.16
52226,0.0,0.0,193.165
52227,100.0,100.0,193.165
52228,0.0,0.0,193.165
52229,0.0,0.0,193.165
52230,0.0,0.0,193.165
52231,-271.0,371.0,193.165
52232,0.0,0.0,193.165
52233,196.0,398.0,193.165
52234,0.0,0.0,193.165
52235,0.0,0.0,193.165
52236,110.0,110.0,193.185
52237,0.0,0.0,193.185
52238,0.0,0.0,193.185
52239,0.0,0.0,193.185
52240,-357.0,557.0,193.18
52241,0.0,0.0,193.18
52242,407.0,407.0,193.19
52243,0.0,0.0,193.19
52244,0.0,0.0,193.19
52245,0.0,0.0,193.195
52246,-60.0,60.0,193.19
52247,631.0,631.0,193.215
52248,0.0,0.0,193.215
52249,14.0,1266.0,193.215
52250,-11.0,11.0,193.215
52251,0.0,0.0,193.225
52252,-13.0,13.0,193.215
52253,101.0,101.0,193.225
52254,0.0,0.0,193.225
52255,-11.0,11.0,193.215
52256,0.0,0.0,193.215
52257,-30.0,30.0,193.215
52258,-14.0,14.0,193.21
52259,-11.0,11.0,193.21
52260,-14.0,14.0,193.21
52261,0.0,0.0,193.21
52262,-12.0,12.0,193.21
52263,0.0,0.0,193.21
52264,0.0,0.0,193.21
52265,302.0,302.0,193.215
52266,-1304.0,1704.0,193.17
52267,1075.0,1535.0,193.195
52268,-16.0,150.0,193.195
52269,0.0,0.0,193.2
52270,0.0,0.0,193.21
52271,-10.0,10.0,193.2
52272,0.0,0.0,193.205
52273,-213.0,213.0,193.205
52274,223.0,223.0,193.215
52275,-113.0,113.0,193.215
52276,323.0,323.0,193.215
52277,0.0,0.0,193.215
52278,100.0,100.0,193.215
52279,370.0,370.0,193.225
52280,103.0,103.0,193.25
52281,334.0,366.0,193.255
52282,0.0,0.0,193.255
52283,0.0,0.0,193.255
52284,0.0,0.0,193.255
52285,148.0,664.0,193.255
52286,25.0,25.0,193.255
52287,0.0,0.0,193.255
52288,350.0,350.0,193.275
52289,3.0,3.0,193.285
52290,321.0,481.0,193.29
52291,0.0,0.0,193.29
52292,0.0,0.0,193.295
52293,-64.0,64.0,193.29
52294,0.0,0.0,193.29
52295,0.0,0.0,193.29
52296,0.0,0.0,193.29
52297,5.0,5.0,193.29
52298,0.0,0.0,193.29
52299,0.0,0.0,193.29
52301,595.0,595.0,193.305
52302,-1270.0,1374.0,193.285
52303,-907.0,1893.0,193.28
52304,0.0,0.0,193.28
52305,-171.0,631.0,193.275
52306,-269.0,1969.0,193.275
52307,0.0,0.0,193.275
52308,0.0,0.0,193.275
52309,-653.0,749.0,193.27
52310,0.0,0.0,193.265
52311,0.0,0.0,193.27
52312,-180.0,180.0,193.27
52313,0.0,0.0,193.27
52314,0.0,0.0,193.27
52315,0.0,0.0,193.27
52316,266.0,746.0,193.285
52317,-130.0,130.0,193.275
52318,0.0,0.0,193.275
52319,0.0,0.0,193.275
52320,-300.0,300.0,193.275
52321,282.0,562.0,193.285
52322,6.0,6.0,193.285
52323,0.0,0.0,193.285
52324,0.0,0.0,193.285
52325,409.0,409.0,193.285
52326,0.0,0.0,193.285
52327,0.0,0.0,193.285
52328,-430.0,630.0,193.275
52329,-235.0,235.0,193.27
52330,0.0,0.0,193.27
52331,0.0,0.0,193.27
52332,0.0,0.0,193.27
52333,310.0,410.0,193.295
52334,0.0,0.0,193.295
52335,0.0,0.0,193.295
52336,-318.0,318.0,193.295
52337,25.0,25.0,193.295
52338,-150.0,150.0,193.295
52339,-231.0,529.0,193.285
52340,0.0,0.0,193.285
52341,150.0,150.0,193.295
52342,883.0,883.0,193.315
52343,0.0,0.0,193.315
52344,8.0,8.0,193.315
52345,10.0,10.0,193.315
52346,290.0,290.0,193.325
52347,0.0,0.0,193.32
52348,0.0,0.0,193.32
52349,0.0,0.0,193.32
52350,-285.0,305.0,193.305
52351,0.0,0.0,193.305
52352,-722.0,722.0,193.285
52353,-121.0,121.0,193.285
52354,-320.0,320.0,193.285
52355,-38.0,38.0,193.28
52356,0.0,0.0,193.28
52357,0.0,0.0,193.28
52359,0.0,0.0,193.28
52360,0.0,0.0,193.28
52361,0.0,0.0,193.275
52362,-501.0,501.0,193.275
52363,1511.0,1511.0,193.285
52364,3.0,3.0,193.285
52365,802.0,802.0,193.285
52366,40.0,40.0,193.285
52367,403.0,1305.0,193.275
52368,-292.0,292.0,193.27
52369,0.0,0.0,193.27
52370,0.0,0.0,193.27
52371,0.0,0.0,193.27
52372,0.0,0.0,193.27
52373,744.0,1344.0,193.275
52374,20.0,20.0,193.275
52375,450.0,1300.0,193.29
52376,368.0,368.0,193.295
52377,-53.0,53.0,193.29
52378,0.0,0.0,193.295
52379,676.0,676.0,193.315
52380,194.0,194.0,193.33
52381,31.0,31.0,193.335
52382,0.0,0.0,193.335
52383,0.0,0.0,193.335
52384,0.0,0.0,193.335
52385,0.0,0.0,193.335
52386,5.0,5.0,193.335
52387,0.0,0.0,193.335
52388,0.0,0.0,193.335
52389,0.0,0.0,193.335
52390,0.0,0.0,193.335
52391,-1316.0,2228.0,193.31
52392,-658.0,658.0,193.295
52393,-405.0,785.0,193.285
52394,0.0,0.0,193.285
52395,665.0,1145.0,193.275
52396,0.0,0.0,193.275
52397,400.0,400.0,193.285
52398,0.0,0.0,193.285
52399,0.0,0.0,193.285
52400,0.0,0.0,193.285
52401,-320.0,320.0,193.285
52402,-250.0,250.0,193.275
52403,-160.0,160.0,193.275
52404,-150.0,250.0,193.275
52405,0.0,0.0,193.275
52406,0.0,0.0,193.27
52407,0.0,0.0,193.275
52408,-734.0,734.0,193.26
52409,0.0,0.0,193.26
52410,0.0,0.0,193.26
52411,100.0,100.0,193.275
52412,-151.0,151.0,193.27
52413,0.0,0.0,193.27
52414,0.0,0.0,193.27
52415,0.0,0.0,193.27
52416,0.0,0.0,193.27
52417,0.0,0.0,193.27
52418,0.0,0.0,193.275
52419,1.0,1.0,193.275
52420,-339.0,353.0,193.26
52421,19.0,19.0,193.265
52422,332.0,332.0,193.27
52423,0.0,0.0,193.27
52424,0.0,0.0,193.27
52425,0.0,0.0,193.27
52426,-323.0,323.0,193.26
52427,0.0,0.0,193.26
52428,0.0,0.0,193.26
52429,0.0,0.0,193.26
52430,2.0,2.0,193.265
52431,50.0,50.0,193.265
52432,412.0,412.0,193.275
52433,-50.0,50.0,193.275
52434,-200.0,200.0,193.27
52435,0.0,0.0,193.27
52436,0.0,0.0,193.27
52437,0.0,0.0,193.27
52438,3.0,3.0,193.27
52439,403.0,403.0,193.275
52440,0.0,0.0,193.275
52441,192.0,392.0,193.28
52442,0.0,0.0,193.275
52443,0.0,0.0,193.275
52444,0.0,0.0,193.275
52445,153.0,1363.0,193.275
52446,-100.0,100.0,193.27
52447,0.0,0.0,193.27
52448,0.0,0.0,193.27
52449,0.0,0.0,193.27
52450,-100.0,100.0,193.27
52451,-890.0,896.0,193.235
52452,0.0,0.0,193.235
52453,0.0,0.0,193.235
52454,0.0,0.0,193.235
52455,-302.0,502.0,193.23
52456,0.0,0.0,193.23
52457,0.0,0.0,193.225
52458,-100.0,100.0,193.225
52459,0.0,0.0,193.225
52460,0.0,0.0,193.225
52461,243.0,443.0,193.225
52462,0.0,0.0,193.225
52463,0.0,0.0,193.225
52464,0.0,0.0,193.225
52465,0.0,0.0,193.225
52466,0.0,0.0,193.225
52467,-903.0,903.0,193.215
52468,100.0,500.0,193.22
52469,1.0,1.0,193.225
52470,-333.0,333.0,193.22
52471,0.0,0.0,193.215
52472,0.0,0.0,193.225
52473,0.0,0.0,193.225
52474,0.0,0.0,193.215
52475,0.0,0.0,193.215
52476,0.0,0.0,193.215
52477,0.0,0.0,193.215
52478,934.0,1194.0,193.235
52479,0.0,0.0,193.235
52480,404.0,404.0,193.235
52481,0.0,0.0,193.24
52482,0.0,0.0,193.245
52483,-118.0,122.0,193.24
52484,0.0,0.0,193.24
52485,1.0,1.0,193.24
52486,0.0,0.0,193.245
52487,47.0,47.0,193.245
52488,-97.0,103.0,193.245
52489,0.0,0.0,193.245
52490,0.0,0.0,193.245
52491,400.0,400.0,193.25
52492,-372.0,472.0,193.245
52493,-105.0,105.0,193.235
52494,1.0,1.0,193.24
52495,0.0,0.0,193.24
52496,-264.0,272.0,193.225
52497,0.0,0.0,193.225
52498,0.0,0.0,193.225
52499,0.0,0.0,193.225
52500,-71.0,771.0,193.215
52501,60.0,700.0,193.205
52502,216.0,216.0,193.225
52503,-70.0,70.0,193.22
52504,11.0,11.0,193.215
52505,-5.0,15.0,193.21
52506,0.0,0.0,193.21
52507,0.0,0.0,193.21
52508,-1.0,1.0,193.215
52509,386.0,586.0,193.22
52510,0.0,0.0,193.225
52511,0.0,0.0,193.225
52512,365.0,365.0,193.245
52513,0.0,0.0,193.245
52514,0.0,0.0,193.245
52515,494.0,494.0,193.26
52516,0.0,0.0,193.26
52517,0.0,0.0,193.26
52518,4029.0,4229.0,193.285
52519,-702.0,702.0,193.275
52520,7.0,7.0,193.275
52521,0.0,0.0,193.275
52522,-441.0,641.0,193.275
52523,0.0,0.0,193.275
52524,0.0,0.0,193.275
52525,-155.0,695.0,193.265
52526,0.0,0.0,193.265
52527,0.0,0.0,193.265
52529,0.0,0.0,193.265
52530,111.0,111.0,193.275
52531,0.0,0.0,193.275
52532,0.0,0.0,193.275
52533,0.0,0.0,193.275
52534,0.0,0.0,193.275
52535,0.0,0.0,193.275
52536,0.0,0.0,193.275
52537,0.0,0.0,193.275
52538,-749.0,949.0,193.255
52539,0.0,0.0,193.255
52540,-125.0,605.0,193.25
52541,0.0,0.0,193.25
52542,-945.0,1065.0,193.21
52543,0.0,0.0,193.21
52544,-169.0,187.0,193.19
52545,214.0,1214.0,193.19
52546,0.0,0.0,193.19
52547,101.0,301.0,193.195
52548,79.0,79.0,193.2
52549,0.0,0.0,193.2
52550,-82.0,82.0,193.2
52551,0.0,0.0,193.2
52552,-156.0,256.0,193.19
52553,0.0,0.0,193.185
52554,0.0,0.0,193.19
52555,-1211.0,1621.0,193.175
52556,432.0,432.0,193.2
52557,190.0,210.0,193.21
52558,200.0,200.0,193.225
52559,0.0,0.0,193.23
52560,-254.0,446.0,193.22
52561,100.0,100.0,193.22
52562,0.0,0.0,193.225
52563,0.0,0.0,193.225
52564,272.0,272.0,193.235
52565,-336.0,536.0,193.23
52566,0.0,0.0,193.24
52567,0.0,0.0,193.24
52568,0.0,200.0,193.24
52569,0.0,0.0,193.24
52570,5.0,5.0,193.245
52571,415.0,415.0,193.255
52572,0.0,0.0,193.255
52573,171.0,171.0,193.255
52574,100.0,100.0,193.255
52575,0.0,0.0,193.255
52576,0.0,0.0,193.255
52577,270.0,270.0,193.275
52578,0.0,0.0,193.275
52579,153.0,153.0,193.285
52580,3.0,3.0,193.285
52581,100.0,100.0,193.295
52582,115.0,115.0,193.305
52583,-414.0,614.0,193.295
52584,0.0,0.0,193.3
52585,0.0,0.0,193.3
52586,0.0,0.0,193.305
52587,-159.0,159.0,193.3
52588,0.0,0.0,193.295
52589,0.0,0.0,193.295
52590,397.0,397.0,193.305
52591,1.0,1.0,193.305
52592,0.0,0.0,193.305
52593,0.0,0.0,193.305
52594,100.0,100.0,193.305
52595,0.0,0.0,193.305
52596,0.0,0.0,193.305
52597,0.0,0.0,193.305
52598,-2186.0,2918.0,193.255
52599,150.0,350.0,193.255
52600,0.0,0.0,193.255
52601,300.0,300.0,193.255
52602,100.0,100.0,193.255
52603,0.0,0.0,193.255
52604,-215.0,615.0,193.255
52605,0.0,0.0,193.255
52606,0.0,0.0,193.255
52607,0.0,0.0,193.255
52608,532.0,532.0,193.265
52609,0.0,0.0,193.265
52610,-201.0,201.0,193.255
52611,110.0,110.0,193.255
52612,0.0,0.0,193.255
52613,210.0,210.0,193.265
52614,-110.0,110.0,193.26
52615,0.0,0.0,193.26
52616,166.0,166.0,193.265
52617,0.0,0.0,193.265
52618,0.0,0.0,193.265
52619,39.0,39.0,193.265
52620,-175.0,1507.0,193.245
52621,-400.0,600.0,193.245
52622,-100.0,100.0,193.235
52623,-343.0,343.0,193.205
52624,51.0,51.0,193.215
52625,-3.0,203.0,193.21
52626,0.0,0.0,193.21
52627,0.0,0.0,193.21
52628,-428.0,688.0,193.2
52629,-51.0,51.0,193.19
52630,370.0,370.0,193.2
52631,0.0,0.0,193.2
52632,0.0,0.0,193.2
52633,1.0,1.0,193.205
52634,0.0,0.0,193.205
52635,0.0,0.0,193.205
52636,0.0,0.0,193.205
52637,321.0,321.0,193.215
52638,-304.0,304.0,193.21
52639,0.0,0.0,193.21
52640,0.0,0.0,193.21
52641,0.0,0.0,193.21
52642,0.0,0.0,193.21
52643,0.0,0.0,193.21
52644,657.0,657.0,193.225
52645,-261.0,261.0,193.21
52646,0.0,0.0,193.21
52647,0.0,0.0,193.205
52648,0.0,0.0,193.21
52649,0.0,0.0,193.21
52650,0.0,0.0,193.21
52651,0.0,0.0,193.21
52652,0.0,0.0,193.21
52653,-2.0,2.0,193.21
52654,0.0,0.0,193.21
52655,-234.0,718.0,193.205
52656,0.0,0.0,193.205
52657,0.0,0.0,193.205
52658,0.0,0.0,193.205
52659,0.0,0.0,193.205
52660,-88.0,512.0,193.205
52661,298.0,298.0,193.205
52662,-38.0,58.0,193.2
52663,0.0,0.0,193.2
52664,0.0,0.0,193.2
52665,0.0,0.0,193.2
52666,0.0,0.0,193.205
52667,335.0,433.0,193.215
52668,0.0,0.0,193.215
52669,200.0,200.0,193.225
52670,0.0,0.0,193.225
52671,0.0,0.0,193.225
52672,0.0,0.0,193.225
52673,0.0,0.0,193.225
52674,46.0,46.0,193.225
52675,0.0,0.0,193.225
52676,0.0,0.0,193.225
52677,0.0,0.0,193.225
52678,200.0,200.0,193.225
52679,546.0,546.0,193.235
52680,-27.0,487.0,193.235
52681,-200.0,200.0,193.23
52682,0.0,0.0,193.23
52683,0.0,0.0,193.24
52684,0.0,0.0,193.24
52685,-315.0,315.0,193.23
52686,1.0,1.0,193.235
52687,0.0,0.0,193.235
52688,50.0,50.0,193.245
52689,0.0,0.0,193.245
52690,304.0,304.0,193.245
52691,-223.0,223.0,193.235
52692,0.0,0.0,193.235
52693,0.0,0.0,193.24
52694,0.0,0.0,193.235
52695,0.0,0.0,193.235
52696,-211.0,211.0,193.225
52697,0.0,0.0,193.225
52698,0.0,0.0,193.225
52699,-621.0,621.0,193.205
52700,0.0,0.0,193.205
52701,1.0,1.0,193.205
52702,1.0,1.0,193.205
52703,0.0,0.0,193.205
52704,-305.0,305.0,193.2
52705,-50.0,50.0,193.205
52706,0.0,0.0,193.2
52707,0.0,0.0,193.2
52708,0.0,0.0,193.2
52709,0.0,0.0,193.2
52710,0.0,0.0,193.2
52711,570.0,570.0,193.21
52712,400.0,400.0,193.225
52713,0.0,0.0,193.225
52714,-400.0,400.0,193.22
52715,0.0,0.0,193.22
52716,0.0,0.0,193.22
52717,0.0,0.0,193.22
52718,0.0,0.0,193.22
52719,0.0,0.0,193.22
52720,-200.0,200.0,193.22
52721,-200.0,200.0,193.22
52722,0.0,0.0,193.225
52723,398.0,598.0,193.225
52724,0.0,0.0,193.225
52725,480.0,480.0,193.235
52726,-165.0,435.0,193.255
52727,0.0,0.0,193.255
52728,0.0,0.0,193.255
52729,300.0,300.0,193.265
52730,0.0,0.0,193.265
52731,9.0,9.0,193.265
52732,26.0,26.0,193.275
52733,9.0,9.0,193.285
52734,0.0,0.0,193.285
52735,100.0,100.0,193.295
52736,0.0,0.0,193.295
52737,100.0,100.0,193.295
52738,100.0,100.0,193.305
52739,0.0,0.0,193.305
52740,210.0,210.0,193.315
52741,-50.0,50.0,193.315
52742,-1145.0,1145.0,193.295
52743,-558.0,870.0,193.285
52744,100.0,500.0,193.28
52745,0.0,0.0,193.275
52746,0.0,0.0,193.275
52748,0.0,0.0,193.275
52749,-91.0,311.0,193.28
52750,0.0,0.0,193.28
52752,0.0,0.0,193.285
52753,0.0,0.0,193.285
52754,-185.0,185.0,193.28
52755,0.0,0.0,193.28
52756,0.0,0.0,193.28
52757,0.0,0.0,193.28
52758,-616.0,910.0,193.27
52759,0.0,0.0,193.27
52760,42.0,42.0,193.27
52761,0.0,0.0,193.27
52762,0.0,0.0,193.27
52763,3.0,3.0,193.275
52764,-160.0,160.0,193.27
52765,0.0,0.0,193.27
52766,-306.0,386.0,193.265
52767,0.0,0.0,193.265
52768,-100.0,100.0,193.265
52769,-300.0,300.0,193.265
52770,0.0,0.0,193.265
52771,0.0,0.0,193.265
52772,0.0,0.0,193.265
52773,-302.0,702.0,193.265
52774,0.0,200.0,193.26
52775,0.0,0.0,193.26
52776,0.0,0.0,193.255
52777,0.0,0.0,193.255
52778,0.0,0.0,193.255
52779,60.0,260.0,193.265
52780,-157.0,163.0,193.265
52781,0.0,0.0,193.265
52782,0.0,0.0,193.265
52783,0.0,0.0,193.265
52784,0.0,0.0,193.265
52785,0.0,0.0,193.265
52786,-202.0,202.0,193.265
52787,-34.0,234.0,193.265
52788,301.0,301.0,193.275
52789,1.0,1.0,193.275
52790,0.0,0.0,193.275
52791,0.0,0.0,193.275
52792,0.0,0.0,193.275
52793,0.0,0.0,193.275
52794,369.0,369.0,193.285
52795,7.0,7.0,193.285
52796,-200.0,200.0,193.285
52797,-1.0,1.0,193.285
52798,0.0,0.0,193.285
52799,0.0,0.0,193.285
52800,-236.0,236.0,193.28
52801,0.0,0.0,193.28
52802,0.0,0.0,193.28
52803,-252.0,452.0,193.265
52804,-201.0,201.0,193.265
52805,0.0,0.0,193.265
52806,-305.0,305.0,193.265
52807,-100.0,100.0,193.265
52808,-28.0,172.0,193.26
52809,-248.0,448.0,193.245
52810,250.0,250.0,193.245
52811,0.0,0.0,193.245
52812,0.0,0.0,193.245
52813,-446.0,446.0,193.245
52814,0.0,0.0,193.245
52815,0.0,0.0,193.245
52816,50.0,350.0,193.245
52817,0.0,0.0,193.245
52818,50.0,650.0,193.235
52819,21.0,21.0,193.235
52820,3.0,3.0,193.235
52821,0.0,0.0,193.235
52822,591.0,991.0,193.25
52823,0.0,0.0,193.25
52824,0.0,0.0,193.25
52825,758.0,758.0,193.295
52826,-400.0,400.0,193.29
52827,0.0,0.0,193.285
52828,-100.0,100.0,193.275
52829,0.0,0.0,193.275
52830,353.0,353.0,193.295
52831,0.0,0.0,193.295
52832,0.0,0.0,193.295
52833,0.0,0.0,193.295
52834,0.0,0.0,193.295
52835,170.0,430.0,193.3
52836,0.0,0.0,193.3
52837,0.0,0.0,193.3
52838,0.0,0.0,193.3
52839,0.0,0.0,193.3
52840,0.0,0.0,193.305
52841,117.0,379.0,193.31
52842,0.0,0.0,193.31
52843,8.0,8.0,193.315
52844,0.0,0.0,193.315
52845,1463.0,2685.0,193.38
52846,561.0,561.0,193.405
52847,-73.0,775.0,193.395
52848,54.0,54.0,193.405
52849,0.0,0.0,193.4
52850,0.0,0.0,193.4
52851,100.0,100.0,193.41
52852,-601.0,1113.0,193.42
52853,0.0,0.0,193.42
52854,0.0,0.0,193.42
52855,0.0,0.0,193.42
52856,0.0,0.0,193.42
52857,100.0,100.0,193.425
52858,0.0,0.0,193.425
52859,267.0,527.0,193.435
52860,103.0,103.0,193.445
52861,0.0,0.0,193.45
52862,0.0,0.0,193.445
52863,1243.0,1243.0,193.495
52864,977.0,977.0,193.515
52865,1010.0,1102.0,193.515
52866,-177.0,577.0,193.51
52867,1.0,1.0,193.515
52868,63.0,63.0,193.515
52869,0.0,0.0,193.515
52870,50.0,50.0,193.515
52871,-686.0,686.0,193.5
52872,-522.0,522.0,193.49
52873,-96.0,96.0,193.495
52874,160.0,240.0,193.495
52875,0.0,0.0,193.495
52876,0.0,0.0,193.495
52877,0.0,0.0,193.495
52878,0.0,0.0,193.495
52879,-380.0,700.0,193.495
52880,0.0,0.0,193.495
52881,-1873.0,2907.0,193.445
52882,0.0,0.0,193.445
52883,18.0,18.0,193.445
52884,418.0,418.0,193.445
52885,-1101.0,1101.0,193.425
52886,439.0,439.0,193.425
52887,390.0,410.0,193.425
52888,-909.0,939.0,193.41
52889,-135.0,135.0,193.4
52890,0.0,0.0,193.4
52891,0.0,0.0,193.4
52892,593.0,593.0,193.405
52893,-198.0,198.0,193.395
52894,-794.0,844.0,193.38
52895,0.0,0.0,193.37
52896,-389.0,481.0,193.365
52897,7.0,7.0,193.365
52898,-1.0,1.0,193.355
52899,-100.0,100.0,193.35
52900,0.0,0.0,193.35
52901,310.0,310.0,193.355
52902,805.0,1005.0,193.365
52903,713.0,713.0,193.37
52904,0.0,0.0,193.37
52905,-138.0,138.0,193.37
52906,0.0,0.0,193.375
52907,1068.0,1336.0,193.385
52908,-128.0,128.0,193.38
52909,0.0,0.0,193.38
52910,115.0,115.0,193.395
52911,0.0,0.0,193.395
52912,444.0,444.0,193.42
52913,0.0,0.0,193.42
52914,200.0,200.0,193.44
52915,0.0,0.0,193.44
52916,3.0,3.0,193.44
52917,0.0,0.0,193.44
52918,0.0,0.0,193.44
52919,0.0,0.0,193.45
52920,206.0,226.0,193.46
52921,0.0,0.0,193.455
52922,-1683.0,1683.0,193.42
52923,0.0,0.0,193.42
52924,0.0,0.0,193.42
52925,-600.0,600.0,193.395
52926,476.0,676.0,193.41
52927,0.0,0.0,193.41
52928,0.0,0.0,193.41
52929,329.0,329.0,193.415
52930,101.0,101.0,193.43
52931,104.0,104.0,193.44
52932,399.0,399.0,193.45
52933,200.0,200.0,193.455
52934,-261.0,341.0,193.455
52935,-410.0,410.0,193.445
52936,0.0,0.0,193.445
52937,0.0,0.0,193.445
52938,-1231.0,1431.0,193.415
52939,-98.0,502.0,193.43
52940,0.0,200.0,193.43
52941,0.0,0.0,193.43
52942,0.0,0.0,193.43
52943,0.0,0.0,193.43
52944,0.0,0.0,193.43
52945,0.0,0.0,193.43
52946,0.0,0.0,193.43
52947,-892.0,892.0,193.405
52948,0.0,0.0,193.405
52949,-257.0,257.0,193.38
52950,0.0,0.0,193.38
52951,0.0,0.0,193.38
52952,0.0,0.0,193.385
52953,-122.0,122.0,193.38
52954,0.0,0.0,193.38
52955,5.0,5.0,193.385
52957,-370.0,370.0,193.365
52958,-1.0,1.0,193.355
52959,420.0,420.0,193.365
52960,0.0,0.0,193.365
52961,0.0,0.0,193.365
52962,-100.0,100.0,193.36
52963,0.0,0.0,193.365
52964,-143.0,757.0,193.365
52965,0.0,0.0,193.365
52966,217.0,217.0,193.365
52967,353.0,353.0,193.375
52968,237.0,237.0,193.375
52969,0.0,0.0,193.375
52970,0.0,0.0,193.375
52971,-638.0,1036.0,193.37
52972,0.0,0.0,193.37
52973,0.0,0.0,193.37
52974,-969.0,1353.0,193.35
52975,0.0,0.0,193.35
52976,500.0,500.0,193.365
52977,1.0,1.0,193.365
52978,-101.0,101.0,193.35
52979,-1488.0,1504.0,193.31
52980,-577.0,583.0,193.255
52981,1620.0,1620.0,193.285
52982,205.0,205.0,193.32
52983,-100.0,100.0,193.3
52984,-241.0,361.0,193.28
52985,-397.0,717.0,193.23
52986,300.0,500.0,193.245
52987,345.0,1185.0,193.24
52988,100.0,300.0,193.245
52989,0.0,0.0,193.23
52990,161.0,161.0,193.25
52991,210.0,410.0,193.265
52992,0.0,0.0,193.27
52993,76.0,76.0,193.27
52994,370.0,370.0,193.28
52995,0.0,0.0,193.285
52996,0.0,0.0,193.3
52997,-101.0,101.0,193.295
52998,0.0,0.0,193.295
52999,0.0,0.0,193.295
53000,672.0,672.0,193.315
53001,99.0,359.0,193.315
53002,0.0,0.0,193.325
53003,35.0,35.0,193.325
53004,0.0,0.0,193.325
53005,80.0,80.0,193.335
53006,-10.0,10.0,193.345
53007,-101.0,101.0,193.325
53008,103.0,103.0,193.345
53009,0.0,0.0,193.345
53010,0.0,0.0,193.34
53011,0.0,0.0,193.34
53012,0.0,0.0,193.345
53013,0.0,0.0,193.345
53014,250.0,250.0,193.345
53015,0.0,0.0,193.345
53016,0.0,0.0,193.345
53017,205.0,205.0,193.345
53018,89.0,89.0,193.355
53019,0.0,0.0,193.355
53020,-17.0,217.0,193.35
53021,-501.0,501.0,193.335
53022,-120.0,120.0,193.325
53023,0.0,0.0,193.33
53024,0.0,0.0,193.33
53025,0.0,0.0,193.335
53026,100.0,300.0,193.34
53027,0.0,0.0,193.34
53028,-500.0,500.0,193.325
53029,0.0,0.0,193.325
53030,0.0,0.0,193.325
53031,-502.0,502.0,193.315
53032,4.0,4.0,193.315
53033,0.0,0.0,193.315
53034,0.0,0.0,193.315
53035,0.0,200.0,193.315
53036,0.0,0.0,193.315
53037,0.0,0.0,193.315
53038,-593.0,901.0,193.305
53039,0.0,0.0,193.305
53040,200.0,200.0,193.315
53041,0.0,0.0,193.31
53042,-100.0,100.0,193.31
53043,-100.0,100.0,193.305
53044,100.0,100.0,193.315
53045,-100.0,100.0,193.31
53046,0.0,0.0,193.31
53047,0.0,0.0,193.31
53048,-300.0,300.0,193.31
53049,0.0,0.0,193.305
53050,292.0,292.0,193.315
53051,-100.0,100.0,193.305
53052,-576.0,876.0,193.3
53053,-200.0,400.0,193.295
53054,0.0,0.0,193.295
53055,190.0,190.0,193.305
53056,-200.0,600.0,193.295
53057,0.0,0.0,193.295
53058,0.0,0.0,193.295
53059,0.0,0.0,193.295
53060,-581.0,619.0,193.28
53061,164.0,656.0,193.305
53062,-202.0,202.0,193.28
53063,0.0,0.0,193.28
53064,0.0,0.0,193.28
53065,0.0,0.0,193.28
53066,0.0,0.0,193.28
53067,0.0,0.0,193.28
53068,0.0,0.0,193.28
53069,0.0,0.0,193.28
53070,0.0,0.0,193.28
53071,0.0,0.0,193.28
53072,-610.0,610.0,193.265
53073,-831.0,1035.0,193.235
53074,-400.0,400.0,193.235
53075,-200.0,700.0,193.235
53076,0.0,0.0,193.235
53077,0.0,0.0,193.235
53078,0.0,0.0,193.235
53079,-7.0,807.0,193.23
53080,2220.0,3930.0,193.235
53081,-100.0,100.0,193.235
53082,0.0,0.0,193.235
53083,554.0,554.0,193.235
53084,0.0,0.0,193.235
53085,-191.0,211.0,193.23
53086,0.0,0.0,193.225
53087,-20.0,40.0,193.23
53088,0.0,0.0,193.23
53089,0.0,0.0,193.23
53090,-775.0,901.0,193.215
53091,121.0,121.0,193.215
53092,30.0,30.0,193.215
53093,159.0,739.0,193.215
53094,200.0,200.0,193.225
53095,673.0,1033.0,193.225
53096,603.0,603.0,193.225
53097,-100.0,100.0,193.225
53098,125.0,675.0,193.225
53099,50.0,250.0,193.225
53100,-140.0,140.0,193.215
53101,-53.0,547.0,193.215
53102,0.0,0.0,193.22
53103,0.0,0.0,193.225
53104,0.0,0.0,193.225
53105,0.0,0.0,193.225
53106,0.0,0.0,193.225
53107,0.0,0.0,193.225
53108,500.0,500.0,193.235
53109,0.0,0.0,193.235
53110,0.0,0.0,193.235
53111,-106.0,106.0,193.235
53112,-145.0,255.0,193.23
53113,0.0,0.0,193.23
53114,0.0,0.0,193.235
53115,1927.0,2327.0,193.235
53116,100.0,100.0,193.235
53117,-299.0,299.0,193.235
53118,100.0,100.0,193.235
53119,3.0,3.0,193.235
53120,106.0,106.0,193.235
53121,140.0,140.0,193.235
53122,0.0,0.0,193.235
53123,0.0,0.0,193.235
53124,-1205.0,1205.0,193.225
53125,0.0,0.0,193.225
53126,-518.0,718.0,193.215
53127,-506.0,506.0,193.205
53128,0.0,0.0,193.205
53129,400.0,400.0,193.215
53130,0.0,0.0,193.215
53131,326.0,326.0,193.225
53132,-100.0,100.0,193.215
53133,-410.0,410.0,193.215
53134,100.0,100.0,193.215
53135,150.0,150.0,193.22
53136,0.0,0.0,193.22
53137,0.0,0.0,193.225
53138,0.0,0.0,193.225
53139,0.0,0.0,193.225
53140,0.0,0.0,193.225
53141,404.0,804.0,193.245
53142,-100.0,100.0,193.235
53143,0.0,0.0,193.235
53144,3.0,3.0,193.235
53145,357.0,357.0,193.245
53146,0.0,0.0,193.24
53147,0.0,0.0,193.24
53148,48.0,48.0,193.245
53149,0.0,0.0,193.245
53150,0.0,0.0,193.245
53151,0.0,0.0,193.245
53152,0.0,0.0,193.245
53153,610.0,610.0,193.265
53154,-100.0,100.0,193.245
53155,-521.0,521.0,193.235
53156,-704.0,704.0,193.225
53157,0.0,0.0,193.225
53158,0.0,0.0,193.225
53159,0.0,0.0,193.225
53160,0.0,0.0,193.225
53161,-17.0,17.0,193.225
53162,-25.0,25.0,193.225
53163,15.0,15.0,193.225
53164,80.0,80.0,193.225
53165,889.0,889.0,193.225
53166,25.0,27.0,193.235
53167,-3.0,3.0,193.225
53168,0.0,0.0,193.225
53169,-561.0,809.0,193.22
53170,0.0,0.0,193.235
53171,200.0,200.0,193.245
53172,-528.0,728.0,193.24
53173,3.0,3.0,193.24
53174,0.0,0.0,193.24
53175,0.0,0.0,193.24
53176,-300.0,300.0,193.225
53177,97.0,103.0,193.23
53178,0.0,0.0,193.23
53179,0.0,0.0,193.235
53180,100.0,100.0,193.24
53181,20.0,20.0,193.245
53182,0.0,0.0,193.245
53183,188.0,412.0,193.255
53184,300.0,300.0,193.265
53185,-4.0,4.0,193.26
53186,0.0,0.0,193.26
53187,0.0,0.0,193.26
53188,0.0,0.0,193.255
53189,0.0,0.0,193.255
53190,0.0,0.0,193.255
53191,-447.0,447.0,193.255
53192,526.0,526.0,193.265
53193,-358.0,358.0,193.255
53194,0.0,0.0,193.255
53195,1.0,1.0,193.255
53196,0.0,0.0,193.255
53197,204.0,204.0,193.26
53198,-282.0,282.0,193.255
53199,0.0,0.0,193.255
53200,0.0,0.0,193.255
53201,0.0,0.0,193.255
53202,8.0,8.0,193.255
53203,0.0,0.0,193.255
53204,0.0,0.0,193.255
53205,352.0,352.0,193.255
53206,0.0,0.0,193.255
53207,0.0,0.0,193.255
53208,0.0,0.0,193.255
53209,0.0,0.0,193.255
53210,3.0,3.0,193.255
53211,-445.0,445.0,193.235
53212,0.0,0.0,193.235
53213,-540.0,1090.0,193.21
53214,-1450.0,1450.0,193.17
53215,-771.0,771.0,193.15
53216,0.0,0.0,193.145
53217,1467.0,1467.0,193.175
53218,0.0,0.0,193.175
53219,-250.0,250.0,193.165
53220,0.0,0.0,193.165
53221,0.0,0.0,193.165
53222,-390.0,450.0,193.17
53223,0.0,0.0,193.175
53224,0.0,0.0,193.175
53225,0.0,0.0,193.175
53226,801.0,801.0,193.195
53227,-523.0,531.0,193.175
53228,192.0,194.0,193.17
53229,0.0,0.0,193.17
53230,-200.0,200.0,193.165
53231,0.0,0.0,193.165
53232,0.0,0.0,193.165
53233,353.0,353.0,193.17
53234,-549.0,631.0,193.16
53235,0.0,0.0,193.155
53236,-100.0,100.0,193.16
53237,0.0,0.0,193.16
53238,0.0,0.0,193.16
53239,0.0,0.0,193.16
53240,0.0,0.0,193.165
53241,3.0,3.0,193.165
53242,0.0,0.0,193.165
53243,0.0,0.0,193.165
53244,-159.0,159.0,193.165
53245,0.0,0.0,193.165
53246,0.0,0.0,193.165
53247,440.0,440.0,193.175
53248,201.0,201.0,193.175
53249,496.0,496.0,193.19
53250,0.0,0.0,193.2
53251,0.0,0.0,193.2
53252,-1.0,1.0,193.195
53253,-165.0,257.0,193.185
53254,-90.0,110.0,193.19
53255,0.0,0.0,193.19
53256,-500.0,500.0,193.18
53257,-811.0,811.0,193.16
53258,0.0,0.0,193.16
53259,0.0,0.0,193.16
53260,-102.0,300.0,193.145
53261,680.0,680.0,193.165
53262,0.0,0.0,193.165
53263,-406.0,406.0,193.16
53264,0.0,0.0,193.16
53265,0.0,0.0,193.165
53266,0.0,0.0,193.165
53267,0.0,0.0,193.165
53268,0.0,0.0,193.165
53269,400.0,1400.0,193.165
53270,1100.0,1300.0,193.165
53271,380.0,380.0,193.165
53272,0.0,0.0,193.165
53273,220.0,220.0,193.165
53274,29.0,29.0,193.165
53275,0.0,0.0,193.165
53276,0.0,0.0,193.165
53277,-438.0,3288.0,193.155
53278,-400.0,400.0,193.145
53279,0.0,0.0,193.14
53280,0.0,0.0,193.145
53281,400.0,400.0,193.15
53282,0.0,0.0,193.15
53283,0.0,0.0,193.15
53284,270.0,1610.0,193.16
53285,100.0,100.0,193.165
53286,0.0,0.0,193.16
53287,0.0,0.0,193.16
53288,-1.0,1.0,193.16
53289,0.0,0.0,193.16
53290,0.0,0.0,193.16
53291,0.0,0.0,193.16
53292,0.0,0.0,193.155
53293,215.0,215.0,193.155
53294,3.0,3.0,193.155
53295,13.0,13.0,193.155
53297,387.0,387.0,193.165
53298,-100.0,100.0,193.16
53299,0.0,0.0,193.16
53300,-908.0,908.0,193.145
53301,-58.0,346.0,193.135
53302,-19.0,19.0,193.125
53303,300.0,300.0,193.135
53304,0.0,0.0,193.135
53305,0.0,0.0,193.135
53306,0.0,0.0,193.135
53307,0.0,0.0,193.135
53308,-765.0,765.0,193.105
53309,-1044.0,1044.0,193.075
53310,204.0,204.0,193.075
53311,1060.0,1460.0,193.095
53312,-36.0,36.0,193.095
53313,-401.0,401.0,193.085
53314,0.0,0.0,193.085
53315,0.0,0.0,193.085
53316,0.0,0.0,193.085
53317,0.0,0.0,193.085
53318,597.0,873.0,193.09
53319,0.0,0.0,193.085
53320,170.0,170.0,193.095
53321,-160.0,160.0,193.09
53322,0.0,0.0,193.085
53323,-542.0,660.0,193.075
53324,110.0,110.0,193.075
53325,0.0,0.0,193.075
53326,95.0,295.0,193.08
53327,0.0,0.0,193.08
53328,-833.0,1053.0,193.05
53329,0.0,0.0,193.045
53330,0.0,0.0,193.045
53331,-26.0,26.0,193.045
53332,475.0,675.0,193.055
53333,500.0,500.0,193.06
53334,-770.0,770.0,193.045
53335,400.0,400.0,193.055
53336,412.0,816.0,193.06
53337,0.0,0.0,193.065
53338,0.0,0.0,193.065
53339,-101.0,101.0,193.06
53340,94.0,94.0,193.065
53341,0.0,0.0,193.06
53342,707.0,1507.0,193.065
53343,-160.0,160.0,193.065
53344,-258.0,258.0,193.06
53345,0.0,0.0,193.065
53346,0.0,0.0,193.065
53347,0.0,0.0,193.065
53348,-1.0,1.0,193.065
53349,0.0,0.0,193.065
53350,0.0,0.0,193.065
53351,-301.0,301.0,193.055
53352,250.0,250.0,193.055
53353,0.0,0.0,193.055
53354,0.0,0.0,193.055
53355,52.0,52.0,193.06
53356,0.0,0.0,193.06
53357,-96.0,104.0,193.06
53358,0.0,0.0,193.055
53359,668.0,668.0,193.06
53360,0.0,0.0,193.065
53361,0.0,0.0,193.065
53362,0.0,0.0,193.065
53363,0.0,0.0,193.065
53364,0.0,0.0,193.065
53365,-482.0,1090.0,193.055
53366,3.0,3.0,193.055
53367,0.0,0.0,193.055
53368,76.0,476.0,193.06
53369,0.0,0.0,193.06
53370,82.0,82.0,193.065
53371,0.0,0.0,193.065
53372,0.0,0.0,193.065
53373,0.0,0.0,193.065
53374,0.0,0.0,193.065
53375,-215.0,215.0,193.055
53376,-1380.0,1770.0,193.045
53377,120.0,720.0,193.045
53378,0.0,0.0,193.045
53379,0.0,0.0,193.045
53380,0.0,0.0,193.045
53381,0.0,0.0,193.045
53382,331.0,749.0,193.045
53383,353.0,353.0,193.065
53384,0.0,0.0,193.065
53385,-24.0,436.0,193.065
53386,128.0,1180.0,193.075
53387,-200.0,200.0,193.07
53388,0.0,0.0,193.065
53389,0.0,0.0,193.065
53390,0.0,0.0,193.065
53391,-75.0,525.0,193.06
53392,0.0,0.0,193.06
53393,5.0,5.0,193.065
53394,200.0,400.0,193.075
53395,0.0,0.0,193.065
53396,0.0,0.0,193.07
53397,0.0,0.0,193.075
53398,0.0,0.0,193.075
53399,460.0,540.0,193.075
53400,98.0,458.0,193.075
53401,140.0,140.0,193.085
53402,0.0,0.0,193.085
53403,0.0,0.0,193.085
53404,0.0,0.0,193.085
53405,0.0,0.0,193.085
53406,0.0,0.0,193.085
53407,0.0,0.0,193.085
53408,357.0,357.0,193.095
53409,83.0,83.0,193.095
53410,109.0,109.0,193.105
53411,-6.0,6.0,193.105
53413,0.0,0.0,193.105
53414,0.0,0.0,193.105
53415,-800.0,800.0,193.095
53416,0.0,0.0,193.095
53417,0.0,0.0,193.095
53418,0.0,0.0,193.095
53419,0.0,0.0,193.095
53420,-400.0,400.0,193.085
53421,-740.0,1084.0,193.065
53422,0.0,0.0,193.065
53423,46.0,46.0,193.065
53424,0.0,0.0,193.065
53425,0.0,0.0,193.065
53426,0.0,0.0,193.065
53427,0.0,0.0,193.065
53428,0.0,0.0,193.065
53429,473.0,1927.0,193.075
53430,-49.0,49.0,193.07
53431,0.0,0.0,193.07
53432,-199.0,199.0,193.065
53433,0.0,0.0,193.065
53434,0.0,0.0,193.065
53435,0.0,0.0,193.065
53436,0.0,0.0,193.065
53437,1257.0,2657.0,193.115
53438,160.0,1260.0,193.105
53439,-217.0,313.0,193.095
53440,0.0,0.0,193.095
53441,400.0,400.0,193.105
53442,0.0,0.0,193.105
53443,-174.0,426.0,193.105
53444,0.0,0.0,193.105
53445,-100.0,100.0,193.1
53446,-100.0,100.0,193.095
53447,-520.0,520.0,193.07
53448,-1208.0,1208.0,193.055
53449,756.0,756.0,193.075
53450,500.0,500.0,193.075
53451,-600.0,600.0,193.065
53452,-100.0,100.0,193.06
53453,138.0,138.0,193.075
53454,0.0,0.0,193.075
53455,262.0,462.0,193.075
53456,0.0,0.0,193.075
53457,178.0,1162.0,193.085
53458,0.0,0.0,193.085
53459,415.0,415.0,193.1
53460,339.0,339.0,193.11
53461,0.0,0.0,193.11
53462,0.0,0.0,193.115
53463,600.0,600.0,193.135
53464,0.0,0.0,193.135
53465,0.0,0.0,193.135
53466,51.0,51.0,193.145
53467,302.0,302.0,193.155
53468,0.0,0.0,193.155
53469,115.0,115.0,193.155
53470,0.0,0.0,193.165
53471,63.0,183.0,193.155
53472,0.0,0.0,193.16
53473,-315.0,315.0,193.145
53474,200.0,200.0,193.155
53475,-69.0,69.0,193.145
53476,200.0,200.0,193.155
53477,0.0,0.0,193.155
53478,200.0,200.0,193.165
53479,0.0,0.0,193.165
53480,0.0,0.0,193.165
53481,100.0,100.0,193.165
53482,190.0,610.0,193.17
53483,0.0,0.0,193.175
53484,0.0,0.0,193.175
53485,85.0,85.0,193.175
53486,315.0,315.0,193.185
53487,0.0,0.0,193.185
53488,0.0,0.0,193.185
53489,0.0,0.0,193.185
53490,103.0,103.0,193.205
53491,0.0,0.0,193.205
53492,-430.0,692.0,193.205
53493,-162.0,162.0,193.205
53494,-78.0,278.0,193.195
53495,-571.0,571.0,193.185
53496,-481.0,731.0,193.18
53497,0.0,0.0,193.18
53498,0.0,0.0,193.18
53499,0.0,0.0,193.185
53500,400.0,400.0,193.2
53501,-100.0,100.0,193.195
53502,-85.0,285.0,193.185
53503,-1057.0,1257.0,193.16
53504,-765.0,765.0,193.145
53505,-200.0,200.0,193.145
53506,0.0,0.0,193.145
53507,-500.0,500.0,193.13
53508,0.0,0.0,193.135
53509,-60.0,60.0,193.13
53510,0.0,0.0,193.13
53511,0.0,0.0,193.13
53512,0.0,0.0,193.13
53513,-551.0,551.0,193.11
53514,0.0,0.0,193.105
53515,0.0,0.0,193.105
53516,94.0,106.0,193.115
53517,1490.0,1490.0,193.125
53518,0.0,0.0,193.125
53519,497.0,497.0,193.135
53520,900.0,900.0,193.14
53521,0.0,0.0,193.145
53522,0.0,0.0,193.14
53523,-105.0,105.0,193.125
53524,50.0,50.0,193.13
53525,0.0,0.0,193.13
53526,0.0,0.0,193.13
53527,-301.0,301.0,193.115
53528,-485.0,491.0,193.105
53529,0.0,0.0,193.105
53530,-580.0,580.0,193.075
53531,210.0,210.0,193.085
53532,0.0,0.0,193.085
53533,276.0,878.0,193.085
53534,90.0,90.0,193.095
53535,142.0,142.0,193.095
53536,162.0,362.0,193.11
53537,240.0,240.0,193.125
53538,-990.0,990.0,193.12
53539,1.0,1.0,193.13
53540,0.0,0.0,193.135
53541,2.0,2.0,193.135
53542,0.0,0.0,193.135
53543,0.0,0.0,193.135
53544,0.0,0.0,193.135
53545,-212.0,612.0,193.14
53546,0.0,0.0,193.14
53547,0.0,0.0,193.145
53548,0.0,0.0,193.145
53549,0.0,0.0,193.145
53550,0.0,0.0,193.145
53551,206.0,206.0,193.155
53552,0.0,0.0,193.155
53553,0.0,0.0,193.155
53554,0.0,0.0,193.155
53555,-490.0,552.0,193.145
53556,66.0,66.0,193.145
53557,0.0,0.0,193.145
53558,-1048.0,1048.0,193.125
53559,0.0,0.0,193.125
53560,-1100.0,1100.0,193.115
53561,-300.0,300.0,193.095
53562,-300.0,300.0,193.085
53563,0.0,0.0,193.085
53564,-156.0,156.0,193.065
53565,0.0,0.0,193.065
53566,200.0,200.0,193.065
53567,0.0,0.0,193.065
53568,160.0,160.0,193.07
53569,0.0,0.0,193.07
53570,0.0,0.0,193.07
53571,0.0,0.0,193.07
53572,0.0,0.0,193.07
53573,88.0,388.0,193.065
53574,-702.0,702.0,193.055
53575,11.0,11.0,193.055
53576,1.0,1.0,193.055
53577,-600.0,600.0,193.045
53578,400.0,400.0,193.045
53579,120.0,120.0,193.055
53580,-200.0,200.0,193.045
53581,220.0,220.0,193.055
53582,-100.0,100.0,193.055
53583,0.0,0.0,193.05
53584,0.0,0.0,193.055
53585,399.0,399.0,193.065
53586,-300.0,300.0,193.045
53587,-521.0,521.0,193.05
53588,-719.0,719.0,193.03
53589,464.0,464.0,193.035
53590,125.0,175.0,193.035
53591,18.0,618.0,193.03
53592,-2814.0,3434.0,192.995
53593,605.0,795.0,193.025
53594,0.0,0.0,193.025
53595,0.0,0.0,193.025
53596,0.0,0.0,193.025
53597,360.0,360.0,193.035
53598,1000.0,1000.0,193.055
53599,-170.0,384.0,193.055
53600,-200.0,260.0,193.04
53601,200.0,200.0,193.045
53602,0.0,0.0,193.045
53603,-100.0,100.0,193.035
53604,129.0,129.0,193.035
53605,0.0,0.0,193.035
53606,-704.0,704.0,193.025
53607,-296.0,296.0,193.02
53608,0.0,0.0,193.02
53609,0.0,0.0,193.02
53610,50.0,50.0,193.015
53611,0.0,0.0,193.015
53612,0.0,0.0,193.015
53613,496.0,696.0,193.025
53614,0.0,0.0,193.02
53615,0.0,0.0,193.02
53616,0.0,0.0,193.015
53617,-501.0,501.0,193.005
53618,-750.0,750.0,192.97
53619,0.0,0.0,192.965
53620,-300.0,300.0,192.955
53621,-387.0,939.0,192.94
53622,500.0,1500.0,192.945
53623,100.0,300.0,192.945
53624,640.0,640.0,192.945
53625,0.0,0.0,192.945
53626,1086.0,1186.0,192.945
53627,100.0,300.0,192.945
53628,0.0,0.0,192.945
53629,0.0,0.0,192.945
53630,-247.0,497.0,192.935
53631,-188.0,884.0,192.935
53632,0.0,0.0,192.94
53633,0.0,0.0,192.935
53634,371.0,1089.0,192.935
53635,2414.0,2734.0,192.95
53636,0.0,0.0,192.955
53637,0.0,0.0,192.955
53638,0.0,0.0,192.955
53639,1600.0,1600.0,192.965
53640,1108.0,1108.0,192.975
53641,0.0,0.0,192.975
53642,0.0,0.0,192.975
53643,-305.0,305.0,192.965
53644,10.0,10.0,192.965
53645,-391.0,409.0,192.955
53646,3.0,3.0,192.955
53647,10.0,10.0,192.955
53648,-1053.0,1053.0,192.925
53649,-1.0,1.0,192.925
53650,-400.0,408.0,192.915
53651,0.0,0.0,192.915
53652,800.0,800.0,192.925
53653,-6.0,206.0,192.925
53654,0.0,0.0,192.925
53655,0.0,0.0,192.925
53656,0.0,0.0,192.925
53657,0.0,0.0,192.925
53658,1884.0,1884.0,192.935
53659,-200.0,200.0,192.93
53660,0.0,0.0,192.93
53661,0.0,0.0,192.925
53662,-353.0,653.0,192.925
53663,0.0,0.0,192.92
53664,0.0,0.0,192.925
53665,0.0,0.0,192.925
53666,523.0,523.0,192.925
53667,0.0,0.0,192.925
53668,0.0,0.0,192.925
53669,5.0,5.0,192.925
53670,50.0,50.0,192.925
53671,7.0,7.0,192.925
53672,17.0,17.0,192.925
53673,0.0,0.0,192.925
53674,-742.0,1086.0,192.915
53675,3.0,3.0,192.915
53676,0.0,0.0,192.915
53677,0.0,0.0,192.915
53678,0.0,0.0,192.915
53679,0.0,0.0,192.915
53680,1.0,1.0,192.915
53681,0.0,0.0,192.915
53682,26.0,1124.0,192.925
53683,0.0,0.0,192.925
53684,0.0,0.0,192.925
53685,54.0,54.0,192.925
53686,0.0,0.0,192.925
53687,0.0,0.0,192.925
53688,0.0,0.0,192.925
53689,0.0,0.0,192.925
53690,0.0,0.0,192.925
53691,-31.0,431.0,192.925
53692,0.0,0.0,192.925
53693,-200.0,200.0,192.915
53694,0.0,0.0,192.915
53695,0.0,0.0,192.915
53696,0.0,0.0,192.915
53697,131.0,131.0,192.915
53698,69.0,69.0,192.925
53699,493.0,929.0,192.94
53700,0.0,0.0,192.935
53701,-301.0,301.0,192.925
53702,0.0,0.0,192.925
53703,110.0,110.0,192.935
53704,1129.0,1129.0,192.955
53705,0.0,0.0,192.955
53706,4.0,4.0,192.955
53707,301.0,301.0,192.965
53708,3.0,3.0,192.975
53709,107.0,107.0,192.99
53710,0.0,0.0,192.99
53711,0.0,0.0,192.99
53712,0.0,0.0,192.99
53713,0.0,0.0,192.985
53714,0.0,0.0,192.985
53715,-481.0,881.0,192.985
53716,377.0,377.0,192.985
53717,0.0,0.0,192.985
53718,-140.0,260.0,192.975
53719,-375.0,625.0,192.965
53720,-367.0,1007.0,192.96
53721,255.0,257.0,192.965
53722,-9.0,9.0,192.965
53723,370.0,670.0,192.975
53724,0.0,0.0,192.975
53725,0.0,0.0,192.975
53726,0.0,0.0,192.975
53727,0.0,0.0,192.975
53728,800.0,800.0,192.985
53729,273.0,473.0,192.99
53730,0.0,0.0,192.995
53731,0.0,0.0,192.995
53732,0.0,0.0,192.995
53733,1.0,1.0,192.995
53734,-613.0,703.0,192.98
53735,303.0,303.0,192.98
53736,-100.0,100.0,192.975
53737,0.0,0.0,192.975
53738,0.0,0.0,192.98
53739,80.0,120.0,192.985
53740,0.0,0.0,192.985
53741,0.0,0.0,192.985
53742,0.0,0.0,192.985
53743,778.0,778.0,192.995
53744,0.0,0.0,192.995
53745,500.0,500.0,193.005
53746,0.0,0.0,193.005
53747,-477.0,477.0,193.0
53748,0.0,0.0,192.995
53749,-130.0,130.0,192.99
53750,0.0,0.0,192.99
53751,0.0,0.0,192.99
53752,0.0,0.0,192.99
53753,0.0,0.0,192.995
53754,-26.0,26.0,192.99
53755,0.0,0.0,192.985
53756,0.0,0.0,192.985
53757,-599.0,611.0,192.975
53758,305.0,305.0,192.975
53759,1.0,1.0,192.975
53760,321.0,321.0,192.985
53761,0.0,0.0,192.985
53762,0.0,0.0,192.985
53763,0.0,0.0,192.985
53764,0.0,0.0,192.985
53765,0.0,0.0,192.985
53766,-54.0,880.0,192.985
53767,-198.0,402.0,192.965
53768,2.0,2.0,192.965
53769,953.0,953.0,192.985
53770,11.0,529.0,192.985
53771,477.0,1325.0,192.985
53772,-30.0,170.0,192.995
53773,-100.0,100.0,192.985
53774,0.0,0.0,192.995
53775,30.0,170.0,193.0
53776,0.0,0.0,192.995
53777,0.0,0.0,192.995
53778,0.0,0.0,192.995
53779,-316.0,370.0,192.985
53780,0.0,0.0,192.985
53781,0.0,0.0,192.985
53782,0.0,0.0,192.985
53783,0.0,0.0,192.985
53784,0.0,0.0,192.985
53785,100.0,100.0,192.985
53786,102.0,102.0,192.995
53787,0.0,0.0,192.985
53788,-426.0,626.0,192.975
53789,0.0,0.0,192.975
53790,198.0,200.0,192.975
53791,0.0,0.0,192.975
53792,0.0,0.0,192.975
53793,0.0,0.0,192.975
53794,0.0,0.0,192.975
53795,-309.0,309.0,192.965
53796,10.0,10.0,192.97
53797,0.0,0.0,192.975
53798,0.0,0.0,192.975
53799,0.0,0.0,192.975
53800,-399.0,401.0,192.965
53801,-396.0,406.0,192.955
53802,-99.0,551.0,192.945
53803,0.0,0.0,192.945
53804,600.0,600.0,192.955
53805,65.0,625.0,192.965
53806,0.0,0.0,192.965
53807,0.0,0.0,192.965
53808,0.0,0.0,192.965
53809,0.0,0.0,192.965
53810,0.0,0.0,192.965
53811,0.0,0.0,192.965
53812,0.0,0.0,192.965
53813,303.0,503.0,192.965
53814,0.0,0.0,192.965
53815,0.0,0.0,192.965
53816,0.0,0.0,192.965
53817,0.0,0.0,192.965
53818,0.0,0.0,192.965
53819,0.0,0.0,192.965
53820,-356.0,364.0,192.965
53821,130.0,130.0,192.965
53822,0.0,0.0,192.965
53823,0.0,0.0,192.965
53824,0.0,0.0,192.965
53825,0.0,0.0,192.965
53826,0.0,0.0,192.965
53827,0.0,0.0,192.965
53829,471.0,483.0,192.97
53830,810.0,810.0,192.98
53831,0.0,0.0,192.975
53832,0.0,0.0,192.975
53833,0.0,0.0,192.975
53834,0.0,0.0,192.975
53835,320.0,520.0,192.975
53836,0.0,0.0,192.975
53837,300.0,300.0,192.975
53838,467.0,467.0,192.995
53839,0.0,0.0,192.995
53840,0.0,0.0,192.995
53841,3.0,3.0,192.995
53842,0.0,0.0,192.995
53843,-401.0,401.0,192.985
53844,13.0,13.0,192.985
53845,0.0,0.0,192.985
53846,-600.0,600.0,192.975
53847,0.0,0.0,192.975
53848,1.0,1.0,192.975
53849,0.0,0.0,192.975
53850,-795.0,795.0,192.965
53851,0.0,0.0,192.965
53852,0.0,0.0,192.965
53853,0.0,0.0,192.965
53854,500.0,500.0,192.975
53855,1.0,1.0,192.975
53856,0.0,0.0,192.975
53857,0.0,0.0,192.975
53858,0.0,0.0,192.975
53859,0.0,0.0,192.975
53860,0.0,0.0,192.975
53861,0.0,0.0,192.975
53862,773.0,773.0,192.985
53863,24.0,24.0,192.985
53864,-420.0,960.0,192.975
53865,13.0,13.0,192.975
53866,0.0,0.0,192.975
53867,0.0,0.0,192.975
53868,0.0,0.0,192.975
53869,0.0,0.0,192.975
53870,321.0,321.0,192.985
53871,0.0,0.0,192.985
53872,-99.0,101.0,192.975
53873,0.0,0.0,192.975
53874,-1009.0,1009.0,192.955
53875,0.0,0.0,192.955
53876,0.0,0.0,192.955
53877,0.0,0.0,192.955
53878,0.0,0.0,192.955
53879,3.0,3.0,192.955
53880,404.0,404.0,192.965
53881,350.0,724.0,192.975
53882,300.0,300.0,192.985
53883,691.0,691.0,192.985
53884,38.0,438.0,192.98
53885,0.0,0.0,192.975
53886,-343.0,483.0,192.97
53887,0.0,0.0,192.97
53888,-263.0,339.0,192.955
53889,-793.0,889.0,192.955
53890,0.0,0.0,192.955
53891,4.0,4.0,192.975
53892,298.0,298.0,192.985
53893,0.0,0.0,192.985
53894,-1.0,1.0,192.975
53895,-102.0,102.0,192.96
53896,60.0,60.0,192.97
53897,0.0,0.0,192.975
53898,-8.0,8.0,192.97
53899,0.0,0.0,192.975
53900,1.0,1.0,192.975
53901,199.0,199.0,192.985
53902,691.0,833.0,192.99
53903,0.0,0.0,192.995
53904,0.0,0.0,192.99
53905,4314.0,4314.0,193.015
53906,-251.0,567.0,193.005
53907,0.0,200.0,193.015
53908,493.0,863.0,193.02
53909,0.0,0.0,193.025
53910,-250.0,250.0,193.025
53911,0.0,0.0,193.025
53912,401.0,401.0,193.035
53913,341.0,341.0,193.045
53914,0.0,0.0,193.045
53915,-234.0,234.0,193.035
53916,-89.0,557.0,193.025
53917,100.0,100.0,193.025
53918,301.0,301.0,193.025
53919,0.0,0.0,193.025
53920,-497.0,503.0,193.015
53921,0.0,0.0,193.015
53922,-400.0,400.0,193.01
53923,-390.0,390.0,193.005
53924,0.0,0.0,193.01
53925,0.0,0.0,193.01
53926,301.0,301.0,193.025
53927,-1.0,393.0,193.035
53928,346.0,546.0,193.05
53929,0.0,0.0,193.05
53930,0.0,0.0,193.04
53931,0.0,0.0,193.04
53932,0.0,0.0,193.05
53933,0.0,0.0,193.04
53934,0.0,0.0,193.04
53935,0.0,0.0,193.04
53936,0.0,0.0,193.04
53937,-577.0,577.0,193.025
53938,-304.0,304.0,193.015
53939,0.0,0.0,193.015
53940,508.0,508.0,193.025
53941,490.0,490.0,193.06
53942,100.0,100.0,193.065
53943,-300.0,500.0,193.045
53944,0.0,0.0,193.045
53945,0.0,0.0,193.045
53946,32.0,32.0,193.055
53947,440.0,440.0,193.075
53948,-350.0,350.0,193.07
53949,0.0,0.0,193.065
53950,0.0,0.0,193.065
53951,3.0,3.0,193.065
53952,10.0,10.0,193.07
53953,0.0,0.0,193.075
53954,0.0,0.0,193.075
53955,-360.0,400.0,193.075
53956,0.0,0.0,193.075
53957,0.0,0.0,193.075
53958,217.0,417.0,193.065
53959,0.0,300.0,193.07
53960,-815.0,817.0,193.055
53961,-200.0,200.0,193.045
53962,0.0,0.0,193.045
53963,74.0,74.0,193.05
53964,10.0,10.0,193.055
53965,0.0,0.0,193.055
53966,0.0,0.0,193.055
53967,401.0,601.0,193.07
53968,0.0,0.0,193.075
53969,-200.0,200.0,193.06
53970,0.0,0.0,193.055
53971,0.0,0.0,193.055
53972,-200.0,200.0,193.045
53973,0.0,0.0,193.045
53974,0.0,0.0,193.045
53975,0.0,0.0,193.045
53976,23.0,577.0,193.05
53977,-364.0,364.0,193.035
53978,0.0,0.0,193.035
53979,205.0,205.0,193.045
53980,-602.0,602.0,193.035
53981,-200.0,200.0,193.035
53982,664.0,664.0,193.035
53983,0.0,0.0,193.035
53984,0.0,0.0,193.035
53985,107.0,107.0,193.035
53986,0.0,0.0,193.035
53987,142.0,342.0,193.045
53988,100.0,100.0,193.045
53989,0.0,0.0,193.04
53990,0.0,0.0,193.04
53991,0.0,0.0,193.04
53992,620.0,620.0,193.045
53993,350.0,550.0,193.045
53994,0.0,0.0,193.045
53995,5.0,5.0,193.045
53996,0.0,0.0,193.045
53997,0.0,0.0,193.045
53998,0.0,0.0,193.045
53999,-476.0,1666.0,193.05
54000,63.0,475.0,193.05
54001,-100.0,300.0,193.045
54002,601.0,801.0,193.07
54003,3.0,3.0,193.08
54004,-100.0,100.0,193.06
54005,-401.0,401.0,193.04
54006,0.0,0.0,193.04
54007,0.0,0.0,193.04
54008,0.0,0.0,193.045
54009,-10.0,10.0,193.045
54010,-509.0,509.0,193.035
54011,150.0,150.0,193.045
54012,0.0,0.0,193.04
54013,0.0,0.0,193.045
54014,149.0,549.0,193.045
54015,0.0,0.0,193.045
54016,0.0,0.0,193.045
54017,-452.0,452.0,193.045
54018,550.0,550.0,193.075
54019,1.0,1.0,193.075
54020,0.0,0.0,193.075
54021,0.0,0.0,193.075
54022,-713.0,737.0,193.045
54023,0.0,0.0,193.045
54024,-337.0,1073.0,193.035
54025,-332.0,332.0,193.01
54026,-22.0,178.0,193.015
54027,0.0,0.0,193.015
54028,0.0,0.0,193.015
54029,0.0,0.0,193.015
54030,-151.0,251.0,193.005
54031,0.0,0.0,193.005
54032,0.0,0.0,193.005
54033,0.0,0.0,193.005
54034,262.0,338.0,193.015
54035,0.0,0.0,193.015
54036,0.0,0.0,193.015
54037,0.0,0.0,193.015
54038,-2114.0,2114.0,192.995
54039,0.0,0.0,192.995
54040,0.0,0.0,192.995
54041,0.0,0.0,192.995
54042,0.0,0.0,192.995
54043,0.0,0.0,192.995
54044,0.0,0.0,192.995
54045,412.0,852.0,193.005
54046,0.0,0.0,193.005
54047,1.0,1.0,193.005
54048,410.0,410.0,193.015
54049,0.0,0.0,193.015
54050,-337.0,473.0,193.0
54051,-101.0,301.0,192.995
54052,0.0,0.0,192.995
54053,0.0,0.0,192.995
54054,-200.0,1000.0,192.995
54055,-300.0,300.0,192.985
54056,30.0,30.0,192.985
54057,100.0,100.0,192.99
54058,0.0,0.0,192.995
54059,383.0,383.0,193.01
54060,29.0,377.0,193.01
54061,0.0,0.0,193.0
54062,445.0,545.0,193.0
54063,0.0,0.0,193.0
54064,500.0,500.0,193.01
54065,1.0,1.0,193.015
54066,399.0,399.0,193.02
54067,0.0,0.0,193.025
54068,-309.0,309.0,193.015
54069,-331.0,331.0,192.995
54070,806.0,806.0,193.015
54071,200.0,200.0,193.025
54072,693.0,869.0,193.04
54073,0.0,0.0,193.045
54074,0.0,0.0,193.045
54075,225.0,225.0,193.05
54076,0.0,0.0,193.06
54077,0.0,0.0,193.06
54078,75.0,75.0,193.08
54079,0.0,0.0,193.08
54080,0.0,0.0,193.08
54081,-1469.0,1469.0,193.04
54082,6.0,6.0,193.045
54083,0.0,0.0,193.045
54084,0.0,0.0,193.045
54085,0.0,0.0,193.045
54086,0.0,0.0,193.045
54087,0.0,0.0,193.045
54088,-100.0,100.0,193.045
54089,230.0,230.0,193.055
54090,-6.0,394.0,193.055
54091,100.0,100.0,193.055
54092,0.0,0.0,193.055
54093,0.0,0.0,193.055
54094,100.0,100.0,193.06
54095,0.0,400.0,193.065
54096,-1608.0,1620.0,193.03
54097,300.0,300.0,193.055
54098,700.0,700.0,193.075
54099,-21.0,21.0,193.08
54100,42.0,744.0,193.095
54101,270.0,270.0,193.105
54102,93.0,93.0,193.105
54103,75.0,75.0,193.105
54104,73.0,73.0,193.105
54105,0.0,0.0,193.105
54106,-754.0,848.0,193.085
54107,-871.0,871.0,193.035
54108,-811.0,1641.0,193.055
54109,125.0,625.0,193.055
54110,-32.0,632.0,193.065
54111,0.0,0.0,193.06
54112,0.0,0.0,193.06
54113,0.0,0.0,193.06
54114,-130.0,130.0,193.04
54115,200.0,200.0,193.04
54116,0.0,0.0,193.045
54117,-100.0,100.0,193.035
54118,-200.0,200.0,193.025
54119,300.0,300.0,193.03
54120,821.0,1099.0,193.075
54121,-100.0,100.0,193.06
54122,0.0,0.0,193.065
54123,-100.0,300.0,193.065
54124,-206.0,206.0,193.055
54125,12.0,12.0,193.06
54126,126.0,126.0,193.065
54127,0.0,0.0,193.065
54128,0.0,0.0,193.065
54129,-1.0,1.0,193.055
54130,0.0,0.0,193.055
54131,-300.0,300.0,193.05
54132,100.0,100.0,193.065
54133,-200.0,200.0,193.045
54134,0.0,0.0,193.045
54135,103.0,103.0,193.065
54136,0.0,0.0,193.065
54137,0.0,0.0,193.065
54138,0.0,0.0,193.055
54139,0.0,0.0,193.06
54140,0.0,0.0,193.06
54141,0.0,0.0,193.055
54142,3.0,3.0,193.055
54143,0.0,0.0,193.055
54144,-458.0,458.0,193.045
54145,-612.0,612.0,193.035
54146,0.0,0.0,193.035
54147,0.0,0.0,193.035
54148,620.0,620.0,193.05
54149,0.0,0.0,193.055
54150,476.0,676.0,193.06
54151,266.0,334.0,193.045
54152,50.0,50.0,193.055
54153,203.0,203.0,193.06
54154,0.0,0.0,193.06
54155,0.0,0.0,193.065
54156,0.0,0.0,193.06
54157,300.0,300.0,193.065
54158,0.0,0.0,193.065
54159,97.0,497.0,193.065
54160,0.0,0.0,193.065
54161,500.0,500.0,193.065
54162,-301.0,301.0,193.065
54163,200.0,400.0,193.065
54164,-1.0,1.0,193.065
54165,0.0,0.0,193.065
54166,0.0,0.0,193.065
54167,-268.0,268.0,193.065
54168,0.0,0.0,193.065
54169,0.0,0.0,193.065
54170,288.0,288.0,193.065
54171,0.0,0.0,193.065
54172,20.0,20.0,193.065
54173,75.0,375.0,193.065
54174,0.0,0.0,193.065
54175,139.0,541.0,193.065
54176,49.0,189.0,193.065
54177,690.0,690.0,193.095
54178,329.0,429.0,193.095
54179,-268.0,268.0,193.095
54180,0.0,0.0,193.095
54181,0.0,0.0,193.095
54182,0.0,0.0,193.095
54183,-34.0,34.0,193.095
54184,0.0,0.0,193.095
54185,300.0,300.0,193.095
54186,-80.0,150.0,193.095
54187,150.0,150.0,193.105
54188,0.0,0.0,193.105
54189,0.0,0.0,193.105
54190,-58.0,60.0,193.105
54191,737.0,1173.0,193.145
54192,357.0,457.0,193.145
54193,0.0,0.0,193.145
54194,-568.0,568.0,193.13
54195,-330.0,330.0,193.13
54196,0.0,0.0,193.13
54197,0.0,0.0,193.13
54198,0.0,0.0,193.13
54199,0.0,0.0,193.13
54200,0.0,0.0,193.13
54201,-721.0,723.0,193.115
54202,0.0,0.0,193.115
54203,229.0,229.0,193.12
54204,-600.0,600.0,193.105
54205,557.0,657.0,193.12
54206,350.0,350.0,193.135
54207,0.0,0.0,193.13
54208,-32.0,32.0,193.125
54209,12.0,48.0,193.125
54210,70.0,70.0,193.13
54211,0.0,0.0,193.13
54212,0.0,0.0,193.13
54213,0.0,0.0,193.135
54214,-309.0,309.0,193.11
54215,0.0,0.0,193.11
54216,3.0,3.0,193.105
54217,-802.0,1862.0,193.09
54218,0.0,0.0,193.095
54219,-676.0,676.0,193.085
54220,-100.0,100.0,193.075
54221,0.0,0.0,193.075
54222,0.0,0.0,193.075
54223,300.0,300.0,193.085
54224,0.0,0.0,193.08
54225,0.0,0.0,193.08
54226,600.0,600.0,193.09
54227,-509.0,809.0,193.055
54228,-63.0,139.0,193.045
54229,3.0,3.0,193.055
54230,-130.0,130.0,193.045
54231,0.0,0.0,193.045
54232,3.0,3.0,193.045
54233,643.0,643.0,193.055
54234,0.0,0.0,193.055
54235,-55.0,255.0,193.045
54236,-227.0,429.0,193.04
54237,0.0,0.0,193.04
54238,0.0,0.0,193.04
54239,0.0,0.0,193.045
54240,1612.0,1612.0,193.065
54241,0.0,0.0,193.065
54242,-200.0,200.0,193.055
54243,-4.0,4.0,193.05
54244,0.0,0.0,193.05
54245,0.0,0.0,193.06
54246,0.0,0.0,193.055
54247,1403.0,1403.0,193.065
54248,0.0,0.0,193.065
54249,0.0,0.0,193.065
54250,0.0,0.0,193.065
54251,1112.0,1112.0,193.065
54252,700.0,700.0,193.065
54253,1436.0,1436.0,193.08
54254,0.0,0.0,193.08
54255,0.0,0.0,193.08
54256,199.0,199.0,193.085
54257,131.0,131.0,193.085
54258,0.0,0.0,193.085
54259,0.0,0.0,193.085
54260,311.0,311.0,193.095
54261,0.0,0.0,193.1
54262,542.0,602.0,193.13
54263,0.0,0.0,193.135
54264,-40.0,760.0,193.135
54265,0.0,0.0,193.135
54266,50.0,50.0,193.14
54267,-1000.0,1000.0,193.125
54268,100.0,100.0,193.125
54269,-638.0,638.0,193.115
54270,-802.0,802.0,193.1
54271,100.0,100.0,193.11
54272,99.0,99.0,193.105
54273,2.0,2.0,193.105
54274,0.0,0.0,193.11
54275,0.0,0.0,193.115
54276,0.0,0.0,193.115
54277,-300.0,300.0,193.105
54278,0.0,0.0,193.105
54279,0.0,0.0,193.105
54280,0.0,0.0,193.105
54281,3.0,413.0,193.105
54282,0.0,0.0,193.105
54283,0.0,0.0,193.105
54284,-300.0,500.0,193.095
54285,0.0,200.0,193.09
54286,0.0,0.0,193.085
54287,0.0,0.0,193.085
54288,-450.0,450.0,193.085
54289,0.0,0.0,193.085
54290,297.0,1871.0,193.07
54291,0.0,0.0,193.07
54292,30.0,30.0,193.07
54293,0.0,0.0,193.075
54294,0.0,0.0,193.07
54295,0.0,0.0,193.075
54296,0.0,0.0,193.075
54297,0.0,0.0,193.075
54298,0.0,0.0,193.075
54299,0.0,0.0,193.075
54300,0.0,0.0,193.075
54301,100.0,100.0,193.075
54302,233.0,233.0,193.075
54303,201.0,201.0,193.085
54304,0.0,0.0,193.08
54305,-1600.0,1678.0,193.035
54306,391.0,791.0,193.03
54307,0.0,0.0,193.035
54308,1.0,1.0,193.035
54309,0.0,0.0,193.035
54310,0.0,0.0,193.035
54311,437.0,437.0,193.045
54312,496.0,504.0,193.045
54313,122.0,122.0,193.045
54314,1789.0,1789.0,193.065
54315,297.0,297.0,193.075
54316,-25.0,39.0,193.08
54317,0.0,0.0,193.085
54318,-97.0,103.0,193.075
54319,917.0,3849.0,193.09
54320,0.0,0.0,193.09
54321,0.0,0.0,193.09
54322,0.0,0.0,193.09
54323,104.0,304.0,193.095
54324,-100.0,300.0,193.095
54325,0.0,0.0,193.095
54326,11.0,11.0,193.095
54327,0.0,0.0,193.095
54328,0.0,0.0,193.095
54329,-1046.0,1246.0,193.055
54330,0.0,0.0,193.055
54331,0.0,0.0,193.055
54332,301.0,701.0,193.055
54333,0.0,0.0,193.055
54334,2.0,2.0,193.055
54335,7.0,7.0,193.055
54336,28.0,28.0,193.055
54337,232.0,492.0,193.055
54338,0.0,0.0,193.055
54339,-137.0,185.0,193.06
54340,259.0,259.0,193.065
54341,-350.0,350.0,193.055
54342,-137.0,2239.0,193.025
54343,-500.0,500.0,193.02
54344,30.0,230.0,193.025
54345,-414.0,814.0,192.985
54346,-118.0,1084.0,192.985
54347,-105.0,905.0,192.975
54348,243.0,643.0,192.975
54349,-300.0,300.0,192.975
54350,84.0,84.0,192.975
54351,0.0,0.0,192.975
54352,658.0,658.0,192.975
54353,1160.0,1600.0,192.975
54354,-430.0,430.0,192.975
54355,100.0,100.0,192.98
54356,3.0,3.0,192.99
54357,0.0,0.0,192.99
54358,0.0,0.0,192.99
54359,0.0,0.0,192.99
54360,-363.0,363.0,192.975
54361,0.0,0.0,192.975
54362,-556.0,656.0,192.955
54363,0.0,0.0,192.955
54364,0.0,0.0,192.955
54365,543.0,967.0,192.955
54366,743.0,743.0,192.965
54367,340.0,628.0,192.985
54368,-1.0,1.0,192.985
54369,0.0,0.0,192.985
54370,100.0,100.0,192.995
54371,388.0,388.0,193.005
54372,-5.0,5.0,193.005
54373,0.0,0.0,193.01
54374,0.0,0.0,193.015
54375,-70.0,70.0,193.0
54376,0.0,0.0,192.995
54377,-200.0,400.0,192.995
54378,0.0,0.0,192.995
54379,0.0,0.0,192.995
54380,-60.0,360.0,192.98
54381,354.0,354.0,192.995
54382,0.0,0.0,192.99
54383,0.0,0.0,192.99
54384,0.0,0.0,192.99
54385,0.0,0.0,192.99
54386,0.0,0.0,192.99
54387,0.0,0.0,192.99
54388,101.0,301.0,193.0
54389,0.0,0.0,193.0
54390,0.0,0.0,193.0
54391,505.0,505.0,193.045
54392,0.0,0.0,193.045
54393,0.0,0.0,193.045
54394,0.0,0.0,193.045
54395,335.0,335.0,193.065
54396,0.0,0.0,193.06
54397,0.0,0.0,193.06
54398,100.0,100.0,193.065
54399,0.0,0.0,193.075
54400,-300.0,300.0,193.065
54401,0.0,0.0,193.065
54402,-1107.0,1355.0,193.03
54403,0.0,0.0,193.03
54404,-301.0,301.0,193.015
54405,101.0,101.0,193.02
54406,0.0,0.0,193.02
54407,0.0,0.0,193.025
54408,0.0,0.0,193.025
54409,3.0,3.0,193.025
54410,0.0,0.0,193.025
54411,-148.0,148.0,193.015
54412,0.0,0.0,193.015
54413,1.0,1.0,193.015
54414,99.0,99.0,193.025
54415,91.0,91.0,193.015
54416,0.0,0.0,193.015
54417,1.0,1.0,193.025
54418,100.0,100.0,193.025
54419,0.0,0.0,193.025
54420,-1.0,1.0,193.015
54421,75.0,75.0,193.025
54422,0.0,0.0,193.015
54423,48.0,474.0,193.005
54424,50.0,50.0,193.015
54425,40.0,440.0,193.015
54426,99.0,99.0,193.025
54427,40.0,40.0,193.02
54428,0.0,0.0,193.02
54429,-500.0,500.0,193.005
54430,-208.0,208.0,192.995
54431,218.0,218.0,192.995
54432,2.0,2.0,192.995
54433,63.0,1585.0,192.985
54434,660.0,760.0,193.0
54435,759.0,759.0,193.02
54436,0.0,0.0,193.02
54437,0.0,0.0,193.015
54438,9.0,9.0,193.015
54439,3.0,3.0,193.015
54440,0.0,0.0,193.02
54441,0.0,0.0,193.02
54442,0.0,0.0,193.02
54443,0.0,0.0,193.025
54444,-362.0,408.0,193.0
54445,0.0,0.0,192.995
54446,118.0,118.0,193.01
54447,13.0,13.0,193.015
54448,11.0,11.0,193.015
54449,0.0,0.0,193.02
54450,0.0,0.0,193.02
54451,0.0,0.0,193.02
54452,0.0,0.0,193.02
54453,0.0,0.0,193.02
54454,1.0,1.0,193.025
54455,100.0,100.0,193.035
54456,0.0,0.0,193.035
54457,56.0,556.0,193.045
54458,0.0,0.0,193.045
54459,132.0,472.0,193.035
54460,-100.0,100.0,193.025
54461,0.0,0.0,193.03
54462,0.0,0.0,193.04
54463,0.0,0.0,193.04
54464,0.0,0.0,193.035
54465,0.0,0.0,193.04
54466,0.0,0.0,193.04
54467,0.0,0.0,193.04
54468,0.0,0.0,193.045
54469,198.0,198.0,193.055
54470,74.0,126.0,193.055
54471,969.0,1331.0,193.06
54472,0.0,0.0,193.06
54473,0.0,0.0,193.06
54474,0.0,0.0,193.065
54475,304.0,304.0,193.075
54476,-325.0,325.0,193.065
54477,103.0,103.0,193.075
54478,0.0,0.0,193.075
54479,0.0,0.0,193.075
54480,-297.0,303.0,193.065
54481,-241.0,371.0,193.055
54482,380.0,380.0,193.065
54483,0.0,0.0,193.065
54484,0.0,0.0,193.065
54485,127.0,127.0,193.075
54486,0.0,0.0,193.075
54487,0.0,0.0,193.075
54488,0.0,0.0,193.075
54489,0.0,0.0,193.075
54490,0.0,0.0,193.075
54491,0.0,0.0,193.075
54492,14.0,14.0,193.075
54493,69.0,1185.0,193.075
54494,-64.0,66.0,193.075
54495,0.0,0.0,193.075
54496,0.0,0.0,193.075
54497,0.0,0.0,193.075
54498,0.0,0.0,193.075
54499,-108.0,738.0,193.065
54500,-121.0,121.0,193.055
54501,30.0,30.0,193.06
54502,25.0,27.0,193.06
54503,0.0,0.0,193.06
54504,0.0,0.0,193.06
54505,0.0,0.0,193.06
54506,0.0,0.0,193.06
54507,0.0,0.0,193.06
54508,0.0,0.0,193.055
54509,25.0,25.0,193.065
54510,0.0,0.0,193.065
54511,0.0,0.0,193.065
54512,0.0,0.0,193.065
54513,100.0,100.0,193.065
54514,-1035.0,1035.0,193.045
54515,-520.0,520.0,193.045
54516,0.0,0.0,193.045
54517,-300.0,300.0,193.045
54518,-618.0,1128.0,193.03
54519,83.0,83.0,193.035
54520,-25.0,25.0,193.025
54521,0.0,0.0,193.025
54522,0.0,0.0,193.025
54523,-336.0,336.0,193.015
54524,-595.0,595.0,193.015
54525,0.0,0.0,193.015
54526,0.0,0.0,193.015
54527,0.0,0.0,193.015
54528,0.0,0.0,193.015
54529,-795.0,795.0,193.015
54530,0.0,0.0,193.015
54531,0.0,0.0,193.015
54532,2801.0,2801.0,193.015
54533,1264.0,1264.0,193.015
54534,0.0,0.0,193.015
54535,0.0,0.0,193.015
54536,1045.0,1555.0,193.015
54537,3.0,3.0,193.015
54538,0.0,0.0,193.015
54539,1623.0,1623.0,193.035
54540,0.0,400.0,193.035
54541,430.0,430.0,193.055
54542,-400.0,400.0,193.04
54543,159.0,159.0,193.05
54544,0.0,0.0,193.05
54545,3.0,3.0,193.035
54546,1.0,1.0,193.04
54547,3.0,3.0,193.04
54548,0.0,0.0,193.045
54549,0.0,0.0,193.045
54550,0.0,0.0,193.045
54551,0.0,0.0,193.04
54552,0.0,0.0,193.04
54553,0.0,0.0,193.04
54554,0.0,0.0,193.035
54555,0.0,0.0,193.035
54556,0.0,0.0,193.035
54557,51.0,651.0,193.03
54558,0.0,0.0,193.03
54559,0.0,0.0,193.035
54560,11.0,11.0,193.035
54561,240.0,350.0,193.045
54562,0.0,0.0,193.045
54563,-6.0,6.0,193.035
54564,1.0,1.0,193.035
54565,-130.0,130.0,193.035
54566,100.0,100.0,193.045
54567,9.0,9.0,193.05
54568,-100.0,100.0,193.055
54569,-258.0,258.0,193.045
54570,100.0,100.0,193.045
54571,-101.0,101.0,193.035
54572,-120.0,120.0,193.025
54573,0.0,0.0,193.025
54574,793.0,793.0,193.035
54575,0.0,400.0,193.035
54576,0.0,0.0,193.045
54577,0.0,0.0,193.04
54578,5.0,5.0,193.05
54579,0.0,0.0,193.05
54580,0.0,0.0,193.05
54581,10.0,10.0,193.055
54582,100.0,100.0,193.045
54583,55.0,55.0,193.055
54584,0.0,0.0,193.05
54585,-100.0,100.0,193.035
54586,-400.0,400.0,193.025
54587,100.0,100.0,193.025
54588,0.0,0.0,193.025
54589,105.0,505.0,193.03
54590,0.0,0.0,193.03
54591,0.0,0.0,193.03
54592,0.0,0.0,193.03
54593,0.0,0.0,193.035
54594,0.0,0.0,193.035
54595,0.0,0.0,193.035
54596,0.0,0.0,193.035
54597,-126.0,128.0,193.025
54598,64.0,64.0,193.025
54599,-693.0,1801.0,193.005
54600,392.0,392.0,193.005
54601,234.0,234.0,193.015
54602,0.0,0.0,193.015
54603,619.0,1181.0,193.015
54604,-487.0,803.0,193.005
54605,0.0,0.0,193.005
54606,0.0,0.0,193.005
54607,-200.0,200.0,193.005
54608,395.0,395.0,193.01
54609,0.0,0.0,193.005
54610,-145.0,145.0,192.995
54611,-216.0,216.0,192.98
54612,0.0,0.0,192.98
54613,0.0,0.0,192.985
54614,0.0,0.0,192.985
54615,220.0,220.0,192.985
54616,626.0,626.0,192.995
54617,18.0,18.0,192.995
54618,194.0,794.0,193.0
54619,0.0,0.0,193.0
54620,0.0,0.0,193.005
54621,10.0,10.0,193.005
54622,0.0,0.0,193.005
54623,357.0,357.0,193.015
54624,0.0,0.0,193.015
54625,0.0,0.0,193.015
54626,0.0,0.0,193.015
54627,0.0,0.0,193.015
54628,0.0,0.0,193.015
54629,0.0,0.0,193.015
54630,0.0,0.0,193.015
54631,0.0,0.0,193.015
54632,0.0,0.0,193.015
54633,0.0,0.0,193.015
54634,0.0,0.0,193.015
54635,483.0,883.0,193.035
54636,-147.0,929.0,193.035
54637,0.0,0.0,193.035
54638,-242.0,242.0,193.035
54639,195.0,195.0,193.045
54640,-156.0,156.0,193.025
54641,193.0,193.0,193.035
54642,20.0,20.0,193.04
54643,3.0,3.0,193.04
54644,0.0,0.0,193.045
54645,0.0,0.0,193.045
54646,159.0,159.0,193.05
54647,9.0,9.0,193.065
54648,-696.0,696.0,193.065
54649,-776.0,776.0,193.05
54650,0.0,0.0,193.055
54651,-20.0,20.0,193.045
54652,-302.0,302.0,193.035
54653,0.0,0.0,193.035
54654,300.0,300.0,193.045
54655,303.0,303.0,193.055
54656,1.0,1.0,193.05
54657,100.0,100.0,193.05
54658,458.0,458.0,193.06
54659,147.0,147.0,193.075
54660,0.0,0.0,193.07
54661,55.0,855.0,193.09
54662,0.0,0.0,193.09
54663,-275.0,675.0,193.075
54664,110.0,110.0,193.085
54665,-28.0,28.0,193.075
54666,-300.0,300.0,193.06
54667,0.0,0.0,193.065
54668,78.0,178.0,193.07
54669,0.0,0.0,193.07
54670,100.0,100.0,193.075
54671,0.0,0.0,193.075
54672,-150.0,150.0,193.065
54673,0.0,0.0,193.065
54674,64.0,354.0,193.065
54675,0.0,0.0,193.065
54676,0.0,0.0,193.065
54677,0.0,0.0,193.065
54678,1093.0,1833.0,193.08
54679,200.0,200.0,193.095
54680,-14.0,1022.0,193.085
54681,-200.0,200.0,193.08
54682,0.0,0.0,193.08
54683,0.0,0.0,193.08
54684,0.0,0.0,193.08
54685,-496.0,516.0,193.075
54686,0.0,0.0,193.075
54687,-176.0,424.0,193.08
54688,-456.0,726.0,193.065
54689,-84.0,84.0,193.075
54690,100.0,100.0,193.075
54691,0.0,0.0,193.07
54692,0.0,0.0,193.07
54693,0.0,0.0,193.075
54694,9.0,449.0,193.08
54695,-3.0,3.0,193.065
54696,-337.0,837.0,193.055
54697,0.0,0.0,193.055
54698,294.0,594.0,193.065
54699,-100.0,100.0,193.06
54700,0.0,0.0,193.06
54701,-332.0,332.0,193.055
54702,-80.0,320.0,193.05
54703,0.0,0.0,193.05
54704,0.0,0.0,193.05
54705,-17.0,267.0,193.05
54706,0.0,0.0,193.05
54707,0.0,0.0,193.05
54708,0.0,0.0,193.05
54709,0.0,0.0,193.05
54710,0.0,0.0,193.055
54711,-16.0,244.0,193.055
54712,0.0,0.0,193.05
54713,-408.0,408.0,193.03
54714,-189.0,213.0,193.015
54715,-260.0,260.0,192.995
54716,0.0,0.0,192.995
54717,0.0,0.0,192.995
54718,0.0,0.0,192.995
54719,35.0,35.0,192.995
54720,-2419.0,2611.0,192.96
54721,1051.0,1611.0,192.975
54722,34.0,34.0,192.975
54723,900.0,900.0,192.995
54724,527.0,527.0,193.025
54725,-55.0,465.0,193.035
54726,325.0,325.0,193.04
54727,0.0,0.0,193.035
54728,2.0,4.0,193.045
54729,-5.0,5.0,193.035
54730,-173.0,573.0,193.04
54731,400.0,400.0,193.055
54732,-187.0,193.0,193.03
54733,0.0,0.0,193.035
54734,0.0,0.0,193.035
54735,0.0,0.0,193.035
54736,-5.0,5.0,193.03
54737,0.0,0.0,193.03
54738,0.0,0.0,193.035
54739,1.0,1.0,193.035
54740,195.0,195.0,193.045
54741,200.0,200.0,193.045
54742,0.0,0.0,193.045
54743,0.0,0.0,193.045
54744,0.0,0.0,193.045
54745,0.0,0.0,193.045
54746,200.0,200.0,193.055
54747,209.0,209.0,193.075
54748,0.0,0.0,193.075
54749,-400.0,400.0,193.07
54750,0.0,0.0,193.065
54751,0.0,0.0,193.075
54752,0.0,0.0,193.075
54753,195.0,195.0,193.085
54754,-366.0,366.0,193.065
54755,-100.0,300.0,193.055
54756,0.0,0.0,193.055
54757,0.0,0.0,193.055
54758,-481.0,531.0,193.045
54759,0.0,0.0,193.045
54760,-401.0,401.0,193.045
54761,-162.0,162.0,193.045
54762,0.0,0.0,193.045
54763,0.0,0.0,193.05
54764,0.0,0.0,193.055
54765,340.0,340.0,193.055
54766,100.0,100.0,193.065
54767,0.0,0.0,193.065
54768,-91.0,297.0,193.065
54769,0.0,0.0,193.065
54770,0.0,0.0,193.065
54771,0.0,0.0,193.065
54772,-100.0,100.0,193.065
54773,445.0,525.0,193.075
54774,-2.0,838.0,193.075
54775,0.0,0.0,193.075
54776,0.0,0.0,193.075
54777,0.0,0.0,193.075
54778,0.0,0.0,193.075
54779,20.0,20.0,193.085
54780,125.0,125.0,193.09
54781,0.0,0.0,193.09
54782,186.0,186.0,193.095
54783,0.0,0.0,193.095
54784,-506.0,506.0,193.085
54785,0.0,200.0,193.08
54786,0.0,0.0,193.075
54787,0.0,0.0,193.075
54788,0.0,0.0,193.075
54789,0.0,0.0,193.075
54790,0.0,0.0,193.075
54791,-265.0,265.0,193.075
54792,-49.0,221.0,193.07
54793,-109.0,115.0,193.075
54794,0.0,0.0,193.075
54795,0.0,0.0,193.075
54796,0.0,0.0,193.075
54797,-300.0,500.0,193.075
54798,0.0,0.0,193.065
54799,91.0,91.0,193.075
54800,15.0,15.0,193.075
54801,582.0,582.0,193.085
54802,110.0,110.0,193.09
54803,0.0,0.0,193.09
54804,-17.0,17.0,193.09
54805,-10.0,10.0,193.095
54806,0.0,0.0,193.095
54807,334.0,508.0,193.105
54808,-340.0,460.0,193.095
54809,-100.0,100.0,193.095
54810,1.0,1.0,193.095
54811,0.0,0.0,193.095
54812,0.0,0.0,193.095
54813,0.0,0.0,193.095
54814,69.0,269.0,193.095
54815,-308.0,758.0,193.09
54816,0.0,0.0,193.095
54817,547.0,1347.0,193.105
54818,0.0,0.0,193.105
54819,0.0,0.0,193.105
54820,0.0,0.0,193.105
54821,8.0,414.0,193.115
54822,-227.0,227.0,193.105
54823,0.0,0.0,193.11
54824,233.0,417.0,193.125
54825,0.0,0.0,193.125
54826,0.0,0.0,193.125
54827,0.0,0.0,193.125
54828,0.0,0.0,193.125
54829,22.0,22.0,193.135
54830,0.0,0.0,193.135
54831,0.0,0.0,193.135
54832,485.0,485.0,193.145
54833,-85.0,1135.0,193.14
54834,0.0,0.0,193.14
54835,0.0,0.0,193.14
54836,-1109.0,1115.0,193.125
54837,0.0,0.0,193.125
54838,1.0,1.0,193.125
54839,0.0,0.0,193.125
54840,253.0,253.0,193.14
54841,-261.0,261.0,193.125
54842,18.0,32.0,193.135
54843,0.0,0.0,193.135
54844,616.0,616.0,193.16
54845,100.0,100.0,193.16
54846,0.0,0.0,193.155
54847,9.0,9.0,193.155
54848,0.0,0.0,193.155
54849,3.0,3.0,193.155
54850,-221.0,287.0,193.155
54851,-205.0,205.0,193.145
54852,100.0,100.0,193.155
54853,0.0,0.0,193.155
54854,-25.0,25.0,193.145
54855,0.0,0.0,193.145
54856,0.0,0.0,193.145
54857,-469.0,469.0,193.125
54858,50.0,50.0,193.125
54859,0.0,0.0,193.13
54860,0.0,0.0,193.13
54861,0.0,0.0,193.13
54862,61.0,61.0,193.135
54863,-111.0,111.0,193.125
54864,-15.0,15.0,193.125
54865,0.0,0.0,193.125
54866,0.0,0.0,193.125
54867,0.0,0.0,193.125
54868,25.0,25.0,193.125
54869,585.0,585.0,193.135
54870,-100.0,100.0,193.13
54871,0.0,0.0,193.13
54872,0.0,0.0,193.13
54873,0.0,0.0,193.13
54874,0.0,0.0,193.13
54875,0.0,0.0,193.13
54876,0.0,0.0,193.13
54877,481.0,481.0,193.145
54878,144.0,544.0,193.15
54879,0.0,0.0,193.15
54880,0.0,0.0,193.15
54881,-118.0,418.0,193.14
54882,0.0,0.0,193.14
54883,0.0,0.0,193.14
54884,0.0,0.0,193.14
54885,0.0,0.0,193.14
54886,50.0,50.0,193.145
54887,0.0,0.0,193.145
54888,0.0,0.0,193.145
54889,-19.0,19.0,193.14
54890,0.0,0.0,193.14
54891,0.0,0.0,193.14
54892,0.0,0.0,193.135
54893,10.0,10.0,193.14
54894,0.0,0.0,193.14
54895,-492.0,510.0,193.125
54896,-291.0,849.0,193.115
54897,-1021.0,1221.0,193.085
54898,0.0,0.0,193.085
54899,-358.0,474.0,193.08
54900,0.0,0.0,193.08
54901,-255.0,2363.0,193.065
54902,70.0,70.0,193.065
54903,1.0,1.0,193.065
54904,0.0,0.0,193.065
54905,528.0,572.0,193.08
54906,0.0,0.0,193.075
54907,-500.0,500.0,193.065
54908,200.0,200.0,193.075
54909,-50.0,50.0,193.07
54910,0.0,0.0,193.075
54911,304.0,304.0,193.075
54912,-79.0,295.0,193.075
54913,25.0,25.0,193.075
54914,75.0,75.0,193.075
54915,220.0,220.0,193.075
54916,503.0,703.0,193.095
54917,20.0,690.0,193.08
54918,9.0,9.0,193.09
54919,0.0,0.0,193.09
54920,0.0,0.0,193.09
54921,0.0,0.0,193.09
54922,0.0,0.0,193.09
54923,0.0,0.0,193.095
54924,-61.0,499.0,193.095
54925,-181.0,505.0,193.095
54926,-91.0,109.0,193.085
54927,0.0,0.0,193.085
54928,0.0,0.0,193.085
54929,1.0,1.0,193.095
54930,0.0,0.0,193.095
54931,1.0,1.0,193.095
54932,0.0,0.0,193.095
54933,459.0,459.0,193.105
54934,330.0,330.0,193.12
54935,0.0,0.0,193.12
54936,45.0,45.0,193.15
54937,0.0,0.0,193.15
54938,315.0,515.0,193.155
54939,300.0,300.0,193.165
54940,110.0,110.0,193.165
54941,-774.0,774.0,193.165
54942,250.0,250.0,193.165
54943,640.0,640.0,193.175
54944,202.0,202.0,193.185
54945,0.0,0.0,193.185
54946,63.0,843.0,193.185
54947,-330.0,330.0,193.17
54948,0.0,0.0,193.17
54949,0.0,0.0,193.17
54950,0.0,0.0,193.17
54951,0.0,0.0,193.17
54952,-10.0,10.0,193.165
54953,0.0,0.0,193.165
54954,0.0,0.0,193.165
54955,0.0,0.0,193.165
54956,0.0,0.0,193.165
54957,0.0,0.0,193.165
54958,0.0,0.0,193.165
54959,0.0,0.0,193.165
54960,562.0,562.0,193.175
54961,100.0,100.0,193.175
54962,22.0,206.0,193.175
54963,0.0,0.0,193.175
54964,100.0,100.0,193.175
54965,-653.0,957.0,193.17
54966,0.0,0.0,193.175
54967,0.0,0.0,193.175
54968,33.0,33.0,193.175
54969,0.0,0.0,193.175
54970,0.0,0.0,193.175
54971,0.0,0.0,193.175
54972,-398.0,600.0,193.17
54973,0.0,0.0,193.17
54974,0.0,0.0,193.17
54976,0.0,0.0,193.175
54977,0.0,0.0,193.175
54978,-388.0,1754.0,193.165
54979,182.0,242.0,193.165
54980,0.0,0.0,193.165
54981,0.0,0.0,193.165
54982,0.0,0.0,193.165
54983,0.0,0.0,193.165
54984,0.0,0.0,193.165
54985,-37.0,37.0,193.165
54986,0.0,0.0,193.165
54987,0.0,0.0,193.165
54988,0.0,0.0,193.165
54989,0.0,0.0,193.165
54990,0.0,0.0,193.165
54991,0.0,0.0,193.165
54992,0.0,0.0,193.165
54993,0.0,0.0,193.165
54994,0.0,0.0,193.165
54995,0.0,0.0,193.165
54996,0.0,0.0,193.165
54997,584.0,1038.0,193.175
54998,99.0,99.0,193.175
54999,0.0,0.0,193.175
55000,-476.0,476.0,193.165
55001,-1035.0,1835.0,193.145
55002,0.0,0.0,193.145
55003,0.0,0.0,193.145
55004,0.0,0.0,193.145
55005,0.0,0.0,193.145
55006,0.0,0.0,193.145
55007,0.0,0.0,193.145
55008,1064.0,1338.0,193.155
55009,0.0,0.0,193.155
55010,-320.0,320.0,193.155
55011,-8.0,208.0,193.155
55012,0.0,0.0,193.155
55013,0.0,0.0,193.155
55014,0.0,0.0,193.155
55015,0.0,0.0,193.155
55016,963.0,1463.0,193.155
55017,401.0,401.0,193.155
55018,161.0,161.0,193.155
55019,0.0,0.0,193.155
55020,100.0,100.0,193.155
55021,1.0,1.0,193.155
55022,0.0,0.0,193.155
55023,430.0,690.0,193.17
55024,0.0,0.0,193.17
55025,0.0,0.0,193.17
55026,0.0,0.0,193.17
55027,0.0,0.0,193.17
55028,654.0,654.0,193.215
55029,0.0,0.0,193.22
55030,0.0,0.0,193.22
55031,-1499.0,1563.0,193.205
55032,0.0,0.0,193.205
55033,958.0,958.0,193.215
55034,50.0,50.0,193.215
55035,209.0,209.0,193.215
55036,-132.0,292.0,193.215
55037,0.0,0.0,193.21
55038,0.0,0.0,193.21
55039,0.0,0.0,193.205
55040,0.0,0.0,193.21
55041,-70.0,348.0,193.205
55042,-469.0,931.0,193.195
55043,-372.0,372.0,193.185
55044,0.0,0.0,193.185
55045,0.0,0.0,193.185
55046,0.0,0.0,193.185
55047,0.0,0.0,193.185
55048,388.0,412.0,193.19
55049,0.0,0.0,193.19
55050,0.0,0.0,193.195
55051,0.0,0.0,193.195
55052,0.0,0.0,193.195
55053,0.0,0.0,193.195
55054,18.0,36.0,193.195
55055,0.0,0.0,193.195
55056,0.0,0.0,193.195
55057,0.0,0.0,193.195
55058,300.0,700.0,193.195
55059,100.0,100.0,193.195
55060,100.0,460.0,193.195
55061,-90.0,310.0,193.2
55062,0.0,0.0,193.2
55063,0.0,0.0,193.2
55064,1559.0,1559.0,193.205
55065,2097.0,2097.0,193.215
55066,80.0,120.0,193.23
55067,102.0,102.0,193.24
55068,283.0,283.0,193.255
55069,-1109.0,1109.0,193.235
55070,0.0,0.0,193.235
55071,0.0,0.0,193.235
55072,-328.0,898.0,193.235
55073,0.0,0.0,193.235
55074,316.0,316.0,193.245
55075,600.0,600.0,193.25
55076,0.0,0.0,193.255
55077,0.0,0.0,193.245
55078,200.0,200.0,193.245
55079,0.0,0.0,193.245
55080,-38.0,302.0,193.255
55081,-200.0,200.0,193.245
55082,-229.0,229.0,193.245
55083,0.0,0.0,193.245
55084,-101.0,701.0,193.245
55085,-200.0,200.0,193.24
55086,0.0,0.0,193.24
55087,0.0,0.0,193.24
55088,-1.0,1.0,193.235
55089,0.0,0.0,193.235
55090,-1282.0,1742.0,193.225
55091,-180.0,180.0,193.225
55092,404.0,404.0,193.23
55093,-100.0,100.0,193.23
55094,0.0,0.0,193.235
55095,0.0,0.0,193.235
55096,0.0,0.0,193.235
55097,-200.0,200.0,193.225
55098,0.0,0.0,193.23
55099,0.0,0.0,193.235
55100,500.0,500.0,193.235
55101,1.0,1.0,193.235
55102,0.0,0.0,193.235
55103,1.0,1.0,193.235
55104,0.0,0.0,193.235
55105,0.0,0.0,193.235
55106,0.0,0.0,193.235
55107,0.0,0.0,193.235
55108,0.0,0.0,193.235
55109,0.0,0.0,193.235
55110,0.0,0.0,193.235
55111,226.0,734.0,193.235
55112,0.0,0.0,193.235
55113,0.0,0.0,193.235
55114,-58.0,542.0,193.245
55115,0.0,0.0,193.245
55116,204.0,204.0,193.255
55117,201.0,201.0,193.255
55118,0.0,0.0,193.255
55119,0.0,0.0,193.255
55120,-291.0,319.0,193.255
55121,0.0,0.0,193.255
55122,0.0,0.0,193.255
55123,0.0,0.0,193.255
55124,0.0,0.0,193.255
55125,0.0,0.0,193.255
55126,498.0,1038.0,193.255
55127,0.0,0.0,193.255
55128,0.0,0.0,193.255
55129,0.0,0.0,193.255
55130,-100.0,300.0,193.265
55131,564.0,564.0,193.27
55132,0.0,0.0,193.27
55133,0.0,0.0,193.27
55134,0.0,0.0,193.27
55135,0.0,0.0,193.265
55136,300.0,300.0,193.27
55137,0.0,0.0,193.27
55138,462.0,462.0,193.285
55139,0.0,0.0,193.285
55140,814.0,814.0,193.315
55141,50.0,50.0,193.315
55142,0.0,0.0,193.315
55143,0.0,0.0,193.315
55144,1.0,1.0,193.315
55145,0.0,0.0,193.315
55146,0.0,0.0,193.315
55147,100.0,1242.0,193.31
55148,0.0,0.0,193.31
55149,0.0,0.0,193.31
55150,0.0,0.0,193.31
55151,-226.0,856.0,193.295
55152,196.0,196.0,193.295
55153,100.0,100.0,193.295
55154,0.0,0.0,193.295
55155,0.0,0.0,193.295
55156,5.0,5.0,193.295
55157,0.0,0.0,193.295
55158,306.0,306.0,193.305
55159,0.0,0.0,193.305
55160,0.0,0.0,193.305
55161,-362.0,782.0,193.295
55162,0.0,0.0,193.295
55163,100.0,100.0,193.295
55164,3.0,3.0,193.295
55165,6.0,6.0,193.295
55166,-1676.0,1676.0,193.285
55167,0.0,0.0,193.285
55168,0.0,0.0,193.285
55169,0.0,0.0,193.285
55170,0.0,0.0,193.285
55171,0.0,0.0,193.285
55172,0.0,0.0,193.285
55173,0.0,0.0,193.285
55174,0.0,0.0,193.285
55175,-1208.0,1208.0,193.275
55176,78.0,78.0,193.275
55177,0.0,0.0,193.275
55178,0.0,0.0,193.275
55179,428.0,428.0,193.285
55180,0.0,0.0,193.285
55181,0.0,0.0,193.285
55182,0.0,0.0,193.285
55183,1.0,1.0,193.285
55184,0.0,0.0,193.285
55185,0.0,0.0,193.285
55187,900.0,900.0,193.29
55188,0.0,0.0,193.29
55189,0.0,0.0,193.29
55190,0.0,0.0,193.295
55191,0.0,0.0,193.295
55192,538.0,718.0,193.3
55193,0.0,0.0,193.3
55194,0.0,0.0,193.305
55195,497.0,497.0,193.305
55196,1.0,1.0,193.305
55197,0.0,0.0,193.31
55198,0.0,0.0,193.31
55199,0.0,0.0,193.31
55200,0.0,0.0,193.31
55201,0.0,0.0,193.31
55202,0.0,0.0,193.31
55203,308.0,1042.0,193.315
55204,5.0,5.0,193.315
55205,-380.0,380.0,193.31
55206,0.0,0.0,193.31
55207,177.0,177.0,193.315
55208,576.0,1886.0,193.325
55209,-1.0,1.0,193.335
55210,0.0,0.0,193.335
55211,0.0,0.0,193.335
55212,74.0,74.0,193.335
55213,300.0,300.0,193.335
55214,0.0,0.0,193.335
55215,500.0,500.0,193.34
55216,0.0,0.0,193.335
55217,-159.0,853.0,193.335
55218,-1677.0,2097.0,193.3
55219,0.0,0.0,193.3
55220,0.0,0.0,193.3
55221,0.0,0.0,193.305
55222,0.0,0.0,193.305
55223,168.0,168.0,193.305
55224,100.0,100.0,193.305
55225,0.0,0.0,193.305
55226,143.0,1109.0,193.305
55227,107.0,107.0,193.305
55228,257.0,257.0,193.31
55229,0.0,0.0,193.31
55230,0.0,0.0,193.31
55231,0.0,0.0,193.31
55232,-221.0,381.0,193.31
55233,0.0,0.0,193.315
55234,1.0,1.0,193.315
55235,470.0,470.0,193.33
55236,-145.0,145.0,193.315
55237,0.0,0.0,193.315
55238,2.0,2.0,193.315
55239,0.0,0.0,193.315
55240,0.0,0.0,193.315
55241,0.0,0.0,193.315
55242,-479.0,479.0,193.31
55243,0.0,0.0,193.305
55244,0.0,0.0,193.305
55245,0.0,0.0,193.305
55246,276.0,1524.0,193.3
55247,-301.0,301.0,193.295
55248,0.0,0.0,193.295
55249,0.0,0.0,193.295
55250,0.0,0.0,193.295
55251,0.0,0.0,193.295
55252,-475.0,935.0,193.285
55253,0.0,0.0,193.285
55254,0.0,0.0,193.285
55255,25.0,435.0,193.285
55256,0.0,0.0,193.285
55257,910.0,910.0,193.285
55258,1101.0,1101.0,193.295
55259,0.0,0.0,193.295
55260,0.0,0.0,193.295
55261,0.0,0.0,193.295
55262,1582.0,1982.0,193.335
55263,53.0,53.0,193.345
55264,0.0,0.0,193.345
55265,-761.0,1359.0,193.335
55266,203.0,203.0,193.345
55267,0.0,0.0,193.345
55268,-232.0,232.0,193.335
55269,196.0,196.0,193.335
55270,144.0,144.0,193.34
55271,0.0,0.0,193.34
55272,0.0,0.0,193.335
55273,-82.0,282.0,193.335
55274,-150.0,150.0,193.325
55275,0.0,0.0,193.325
55276,0.0,0.0,193.325
55277,877.0,1017.0,193.355
55278,-62.0,62.0,193.355
55279,1323.0,1323.0,193.385
55280,-852.0,888.0,193.385
55281,-400.0,600.0,193.375
55282,0.0,0.0,193.375
55283,98.0,98.0,193.375
55284,627.0,627.0,193.385
55285,100.0,100.0,193.385
55286,0.0,0.0,193.385
55287,0.0,0.0,193.385
55288,116.0,1728.0,193.405
55289,0.0,0.0,193.415
55290,-150.0,850.0,193.41
55291,0.0,0.0,193.405
55292,0.0,0.0,193.415
55293,-140.0,140.0,193.41
55294,0.0,0.0,193.41
55295,0.0,0.0,193.41
55296,0.0,0.0,193.41
55297,0.0,0.0,193.415
55298,708.0,708.0,193.435
55299,67.0,67.0,193.44
55300,1843.0,2909.0,193.445
55301,0.0,0.0,193.445
55302,-260.0,1282.0,193.435
55303,-640.0,962.0,193.435
55304,-46.0,46.0,193.435
55305,18.0,330.0,193.425
55306,0.0,0.0,193.425
55307,-1033.0,2015.0,193.415
55308,0.0,0.0,193.415
55309,100.0,100.0,193.415
55310,-400.0,400.0,193.405
55311,119.0,119.0,193.405
55312,11.0,11.0,193.41
55313,400.0,400.0,193.415
55314,0.0,0.0,193.415
55315,0.0,0.0,193.415
55316,-106.0,106.0,193.415
55317,0.0,0.0,193.415
55318,121.0,521.0,193.41
55319,86.0,86.0,193.41
55320,0.0,0.0,193.415
55321,-7.0,193.0,193.41
55322,-624.0,1064.0,193.395
55323,-30.0,32.0,193.395
55324,0.0,0.0,193.395
55325,-158.0,444.0,193.395
55326,-100.0,100.0,193.39
55327,0.0,0.0,193.385
55328,1502.0,1502.0,193.395
55329,199.0,199.0,193.395
55330,0.0,0.0,193.395
55331,-220.0,380.0,193.395
55332,117.0,317.0,193.395
55333,0.0,0.0,193.395
55334,-170.0,330.0,193.395
55335,0.0,0.0,193.385
55336,-406.0,406.0,193.375
55337,-325.0,331.0,193.345
55338,-56.0,56.0,193.325
55339,6.0,6.0,193.325
55340,-343.0,345.0,193.325
55341,470.0,690.0,193.325
55342,-405.0,503.0,193.325
55343,-105.0,109.0,193.32
55344,0.0,0.0,193.32
55345,0.0,0.0,193.32
55346,-39.0,337.0,193.335
55347,0.0,0.0,193.335
55348,-1301.0,1309.0,193.295
55349,53.0,53.0,193.305
55350,563.0,1027.0,193.31
55351,0.0,0.0,193.31
55352,0.0,0.0,193.31
55353,1.0,1.0,193.315
55354,0.0,0.0,193.315
55355,0.0,0.0,193.315
55356,-304.0,304.0,193.31
55357,0.0,0.0,193.315
55358,797.0,997.0,193.325
55359,0.0,0.0,193.325
55360,0.0,0.0,193.325
55361,0.0,0.0,193.325
55362,0.0,0.0,193.325
55363,0.0,0.0,193.325
55364,0.0,0.0,193.325
55365,0.0,0.0,193.325
55366,884.0,884.0,193.335
55367,0.0,0.0,193.335
55368,0.0,0.0,193.335
55369,-56.0,356.0,193.335
55370,91.0,91.0,193.335
55371,0.0,0.0,193.335
55372,503.0,581.0,193.335
55373,464.0,464.0,193.35
55374,7.0,7.0,193.365
55375,-130.0,330.0,193.365
55376,0.0,0.0,193.365
55377,-150.0,250.0,193.355
55378,0.0,0.0,193.355
55379,0.0,0.0,193.355
55380,-488.0,488.0,193.35
55381,-841.0,1403.0,193.315
55382,125.0,125.0,193.32
55383,397.0,397.0,193.325
55384,53.0,253.0,193.325
55385,0.0,0.0,193.325
55386,-200.0,200.0,193.325
55387,-97.0,303.0,193.32
55388,-180.0,820.0,193.315
55389,-130.0,130.0,193.305
55390,0.0,0.0,193.305
55391,-106.0,306.0,193.3
55392,-10.0,10.0,193.3
55393,0.0,0.0,193.3
55394,0.0,0.0,193.3
55395,0.0,0.0,193.3
55396,0.0,0.0,193.3
55397,0.0,0.0,193.3
55398,0.0,0.0,193.3
55399,0.0,0.0,193.305
55400,0.0,0.0,193.305
55401,0.0,0.0,193.305
55402,0.0,0.0,193.305
55403,0.0,0.0,193.305
55404,-204.0,204.0,193.295
55405,264.0,1376.0,193.305
55406,0.0,0.0,193.305
55407,32.0,32.0,193.305
55408,314.0,674.0,193.31
55409,305.0,305.0,193.32
55410,-311.0,311.0,193.315
55411,-227.0,227.0,193.305
55412,10.0,210.0,193.315
55413,-20.0,20.0,193.305
55414,0.0,0.0,193.305
55415,0.0,0.0,193.305
55416,-400.0,400.0,193.295
55417,0.0,0.0,193.295
55418,100.0,100.0,193.295
55419,0.0,0.0,193.295
55420,-512.0,556.0,193.285
55421,0.0,0.0,193.285
55422,-669.0,869.0,193.27
55423,-10.0,10.0,193.265
55424,100.0,100.0,193.265
55425,0.0,0.0,193.265
55426,0.0,0.0,193.265
55427,0.0,0.0,193.265
55428,0.0,0.0,193.265
55429,-437.0,437.0,193.265
55430,0.0,0.0,193.265
55431,-100.0,100.0,193.265
55432,0.0,0.0,193.265
55433,0.0,0.0,193.265
55434,0.0,0.0,193.265
55435,0.0,0.0,193.265
55436,0.0,0.0,193.265
55437,0.0,0.0,193.265
55438,0.0,0.0,193.265
55439,0.0,0.0,193.265
55440,2061.0,2141.0,193.265
55441,0.0,0.0,193.265
55442,-1122.0,1122.0,193.265
55443,0.0,0.0,193.265
55444,0.0,0.0,193.265
55445,125.0,501.0,193.265
55446,-26.0,574.0,193.275
55447,0.0,0.0,193.275
55448,-1.0,1.0,193.275
55449,-276.0,676.0,193.265
55450,0.0,0.0,193.265
55451,0.0,0.0,193.265
55452,0.0,0.0,193.265
55453,0.0,0.0,193.265
55454,5.0,5.0,193.265
55455,0.0,0.0,193.265
55456,0.0,0.0,193.265
55457,6.0,6.0,193.265
55458,0.0,0.0,193.265
55459,0.0,0.0,193.265
55460,495.0,495.0,193.275
55461,0.0,0.0,193.275
55462,100.0,100.0,193.275
55463,-406.0,406.0,193.27
55464,0.0,0.0,193.275
55465,0.0,0.0,193.275
55466,-118.0,118.0,193.265
55467,12.0,12.0,193.27
55468,100.0,100.0,193.275
55469,480.0,480.0,193.285
55470,-140.0,140.0,193.28
55471,1.0,1.0,193.285
55472,0.0,0.0,193.285
55473,900.0,900.0,193.295
55474,232.0,232.0,193.295
55475,-382.0,382.0,193.285
55476,-165.0,165.0,193.285
55477,210.0,210.0,193.295
55478,0.0,0.0,193.295
55479,0.0,0.0,193.295
55480,183.0,183.0,193.305
55481,0.0,0.0,193.305
55482,0.0,0.0,193.305
55483,0.0,0.0,193.305
55484,100.0,100.0,193.305
55485,0.0,0.0,193.305
55486,0.0,0.0,193.305
55487,311.0,311.0,193.325
55488,100.0,100.0,193.325
55489,100.0,100.0,193.325
55490,503.0,503.0,193.335
55491,23.0,23.0,193.335
55492,0.0,0.0,193.335
55493,10.0,10.0,193.335
55494,0.0,0.0,193.335
55495,66.0,66.0,193.335
55496,0.0,0.0,193.335
55497,831.0,1431.0,193.35
55498,100.0,100.0,193.35
55499,714.0,714.0,193.36
55500,184.0,184.0,193.36
55501,7.0,7.0,193.375
55502,100.0,100.0,193.375
55503,199.0,201.0,193.38
55504,-400.0,600.0,193.375
55505,271.0,1169.0,193.365
55506,2.0,2.0,193.365
55507,-28.0,400.0,193.36
55508,-1003.0,1283.0,193.34
55509,0.0,0.0,193.34
55510,100.0,100.0,193.345
55511,92.0,108.0,193.34
55512,-285.0,285.0,193.335
55513,-896.0,1422.0,193.335
55514,0.0,0.0,193.335
55515,100.0,100.0,193.335
55516,101.0,101.0,193.335
55517,0.0,0.0,193.335
55518,-904.0,904.0,193.32
55519,0.0,0.0,193.32
55520,100.0,100.0,193.315
55521,-1097.0,1139.0,193.305
55522,102.0,102.0,193.315
55523,-1249.0,1249.0,193.3
55524,100.0,100.0,193.315
55525,0.0,0.0,193.3
55526,124.0,124.0,193.305
55527,-31.0,1471.0,193.285
55528,220.0,220.0,193.285
55529,73.0,73.0,193.285
55530,97.0,1503.0,193.275
55531,0.0,0.0,193.275
55532,900.0,900.0,193.285
55533,332.0,1906.0,193.295
55534,0.0,0.0,193.295
55535,-500.0,1100.0,193.29
55536,207.0,207.0,193.3
55537,-365.0,385.0,193.29
55538,0.0,0.0,193.3
55539,0.0,0.0,193.3
55540,-401.0,601.0,193.28
55541,0.0,0.0,193.28
55542,401.0,401.0,193.3
55543,-420.0,420.0,193.285
55544,100.0,100.0,193.295
55545,-101.0,101.0,193.29
55546,0.0,0.0,193.29
55547,300.0,300.0,193.3
55548,525.0,645.0,193.325
55549,0.0,0.0,193.325
55550,-400.0,400.0,193.325
55551,-450.0,450.0,193.315
55552,0.0,0.0,193.31
55553,0.0,0.0,193.315
55554,-641.0,1161.0,193.29
55555,-100.0,300.0,193.285
55556,-2.0,198.0,193.275
55557,100.0,100.0,193.28
55558,0.0,0.0,193.28
55559,0.0,0.0,193.28
55560,210.0,210.0,193.295
55561,119.0,391.0,193.31
55562,0.0,0.0,193.31
55563,200.0,200.0,193.325
55564,628.0,628.0,193.345
55565,-302.0,702.0,193.335
55566,24.0,24.0,193.335
55567,-40.0,558.0,193.33
55568,175.0,177.0,193.335
55569,400.0,400.0,193.34
55570,0.0,0.0,193.34
55571,-250.0,492.0,193.33
55572,0.0,0.0,193.335
55573,110.0,110.0,193.34
55574,0.0,0.0,193.335
55575,0.0,0.0,193.335
55576,0.0,0.0,193.335
55577,485.0,485.0,193.36
55578,5.0,5.0,193.365
55579,100.0,100.0,193.375
55580,1.0,1.0,193.375
55581,99.0,99.0,193.375
55582,0.0,0.0,193.375
55583,-298.0,298.0,193.375
55584,-88.0,88.0,193.365
55585,0.0,0.0,193.365
55586,-1322.0,1322.0,193.315
55587,-103.0,703.0,193.31
55588,0.0,0.0,193.31
55589,0.0,0.0,193.305
55590,0.0,0.0,193.305
55591,310.0,310.0,193.315
55592,250.0,250.0,193.325
55593,0.0,0.0,193.325
55594,-277.0,337.0,193.305
55595,7.0,7.0,193.31
55596,-499.0,703.0,193.3
55597,0.0,0.0,193.3
55598,116.0,116.0,193.305
55599,0.0,0.0,193.305
55600,0.0,0.0,193.305
55601,0.0,0.0,193.305
55602,97.0,303.0,193.305
55603,0.0,0.0,193.305
55604,485.0,485.0,193.315
55605,0.0,0.0,193.315
55606,-107.0,311.0,193.315
55607,0.0,0.0,193.315
55608,0.0,0.0,193.315
55609,-195.0,205.0,193.305
55610,0.0,0.0,193.305
55611,0.0,0.0,193.31
55612,0.0,0.0,193.31
55613,418.0,418.0,193.315
55614,13.0,13.0,193.315
55615,0.0,0.0,193.315
55616,260.0,260.0,193.325
55617,0.0,0.0,193.325
55618,400.0,400.0,193.34
55619,0.0,0.0,193.34
55620,0.0,0.0,193.345
55621,0.0,0.0,193.345
55622,0.0,0.0,193.345
55623,45.0,45.0,193.345
55624,170.0,170.0,193.36
55625,0.0,0.0,193.36
55626,205.0,205.0,193.395
55627,0.0,0.0,193.395
55628,199.0,201.0,193.405
55629,449.0,449.0,193.41
55630,352.0,352.0,193.425
55631,0.0,0.0,193.425
55632,109.0,109.0,193.425
55633,0.0,0.0,193.425
55634,-312.0,312.0,193.415
55635,0.0,0.0,193.42
55636,0.0,0.0,193.42
55637,0.0,0.0,193.42
55638,0.0,0.0,193.42
55639,0.0,0.0,193.425
55640,0.0,0.0,193.425
55641,-1992.0,1992.0,193.405
55642,0.0,0.0,193.405
55643,156.0,1632.0,193.395
55644,-139.0,171.0,193.395
55645,-156.0,786.0,193.385
55646,-195.0,195.0,193.385
55647,210.0,210.0,193.395
55648,0.0,0.0,193.395
55649,0.0,0.0,193.395
55650,237.0,637.0,193.4
55651,0.0,0.0,193.4
55652,0.0,0.0,193.4
55653,0.0,0.0,193.4
55654,0.0,0.0,193.4
55655,0.0,0.0,193.4
55656,-471.0,471.0,193.395
55657,147.0,147.0,193.395
55658,0.0,0.0,193.395
55659,52.0,258.0,193.4
55660,-148.0,348.0,193.395
55661,-10.0,192.0,193.385
55662,100.0,100.0,193.39
55663,0.0,0.0,193.39
55664,0.0,0.0,193.39
55665,-1069.0,1073.0,193.35
55666,-129.0,213.0,193.335
55667,3.0,3.0,193.34
55668,384.0,384.0,193.345
55669,65.0,65.0,193.345
55670,345.0,345.0,193.355
55671,367.0,367.0,193.36
55672,0.0,0.0,193.365
55673,-341.0,579.0,193.345
55674,0.0,0.0,193.345
55675,131.0,131.0,193.365
55676,0.0,0.0,193.365
55677,100.0,100.0,193.365
55678,0.0,0.0,193.365
55679,0.0,0.0,193.365
55680,0.0,0.0,193.365
55681,32.0,32.0,193.365
55682,0.0,0.0,193.365
55683,0.0,0.0,193.365
55684,100.0,100.0,193.365
55685,80.0,480.0,193.365
55686,274.0,390.0,193.375
55687,100.0,100.0,193.375
55688,0.0,0.0,193.375
55689,0.0,0.0,193.375
55690,603.0,603.0,193.38
55691,0.0,0.0,193.38
55692,0.0,0.0,193.38
55693,0.0,0.0,193.38
55694,0.0,0.0,193.38
55695,-267.0,267.0,193.365
55696,100.0,100.0,193.365
55697,0.0,0.0,193.365
55698,192.0,192.0,193.365
55699,500.0,500.0,193.37
55700,0.0,0.0,193.375
55701,482.0,482.0,193.385
55702,0.0,0.0,193.385
55703,0.0,0.0,193.38
55704,0.0,0.0,193.385
55705,334.0,334.0,193.385
55706,0.0,0.0,193.385
55707,37.0,39.0,193.385
55708,0.0,0.0,193.385
55709,0.0,0.0,193.385
55710,0.0,0.0,193.385
55711,119.0,119.0,193.385
55712,0.0,0.0,193.385
55713,0.0,0.0,193.385
55714,0.0,0.0,193.385
55715,0.0,0.0,193.385
55716,16.0,674.0,193.395
55717,0.0,0.0,193.395
55718,100.0,100.0,193.4
55719,520.0,520.0,193.405
55720,0.0,0.0,193.405
55721,100.0,100.0,193.405
55722,0.0,0.0,193.405
55723,235.0,235.0,193.405
55724,0.0,0.0,193.405
55725,0.0,0.0,193.405
55726,0.0,0.0,193.405
55727,0.0,0.0,193.405
55728,-149.0,149.0,193.405
55729,0.0,0.0,193.405
55730,0.0,0.0,193.405
55731,0.0,0.0,193.405
55732,346.0,346.0,193.415
55733,0.0,0.0,193.415
55734,100.0,100.0,193.415
55735,0.0,0.0,193.415
55736,0.0,0.0,193.415
55737,3.0,3.0,193.415
55738,-660.0,946.0,193.41
55739,0.0,0.0,193.41
55740,0.0,0.0,193.415
55741,243.0,551.0,193.42
55742,0.0,0.0,193.42
55743,0.0,0.0,193.415
55744,0.0,0.0,193.415
55745,170.0,170.0,193.425
55746,0.0,0.0,193.425
55747,0.0,0.0,193.425
55748,0.0,0.0,193.425
55749,0.0,0.0,193.425
55750,0.0,0.0,193.425
55751,0.0,0.0,193.425
55752,-535.0,535.0,193.415
55753,652.0,652.0,193.415
55754,0.0,0.0,193.415
55755,0.0,0.0,193.415
55756,0.0,0.0,193.415
55757,-390.0,690.0,193.41
55758,6.0,6.0,193.405
55759,0.0,0.0,193.405
55760,0.0,0.0,193.405
55761,0.0,0.0,193.405
55762,0.0,0.0,193.405
55763,0.0,0.0,193.405
55764,0.0,0.0,193.405
55765,0.0,0.0,193.405
55766,0.0,0.0,193.405
55767,-29.0,29.0,193.405
55768,-411.0,977.0,193.405
55769,100.0,146.0,193.395
55770,0.0,0.0,193.395
55771,0.0,0.0,193.395
55772,-100.0,100.0,193.395
55773,0.0,0.0,193.395
55774,0.0,0.0,193.395
55775,0.0,0.0,193.395
55776,1.0,1.0,193.395
55777,-100.0,100.0,193.395
55778,0.0,0.0,193.395
55779,-973.0,1085.0,193.385
55780,0.0,0.0,193.385
55781,0.0,0.0,193.385
55782,0.0,0.0,193.385
55783,40.0,750.0,193.385
55784,-341.0,341.0,193.375
55785,0.0,0.0,193.375
55786,0.0,0.0,193.375
55787,0.0,0.0,193.375
55788,-911.0,911.0,193.355
55789,0.0,0.0,193.355
55790,0.0,0.0,193.355
55791,-171.0,235.0,193.345
55792,0.0,0.0,193.345
55793,51.0,51.0,193.345
55794,600.0,600.0,193.355
55795,0.0,0.0,193.355
55796,2882.0,2882.0,193.355
55797,685.0,685.0,193.355
55798,1309.0,1309.0,193.355
55799,0.0,0.0,193.355
55800,1122.0,1322.0,193.375
55801,200.0,200.0,193.38
55802,0.0,0.0,193.38
55803,0.0,0.0,193.38
55804,100.0,102.0,193.375
55805,0.0,0.0,193.375
55806,-375.0,375.0,193.365
55807,945.0,1369.0,193.4
55808,0.0,0.0,193.395
55809,-2.0,202.0,193.395
55810,0.0,0.0,193.395
55811,-199.0,199.0,193.385
55812,0.0,0.0,193.385
55813,231.0,231.0,193.39
55814,0.0,0.0,193.385
55815,-374.0,1254.0,193.385
55816,100.0,100.0,193.385
55817,0.0,0.0,193.375
55818,-200.0,200.0,193.365
55819,0.0,0.0,193.365
55820,-602.0,808.0,193.355
55821,100.0,100.0,193.365
55822,-51.0,51.0,193.36
55823,0.0,0.0,193.36
55824,-210.0,210.0,193.355
55825,-470.0,1778.0,193.345
55826,400.0,400.0,193.355
55827,0.0,0.0,193.355
55828,290.0,310.0,193.36
55829,0.0,0.0,193.355
55830,0.0,0.0,193.355
55831,0.0,0.0,193.355
55832,-204.0,204.0,193.355
55833,-73.0,739.0,193.345
55834,0.0,0.0,193.345
55835,0.0,0.0,193.345
55836,850.0,1168.0,193.35
55837,-146.0,906.0,193.325
55838,29.0,29.0,193.325
55839,400.0,400.0,193.335
55840,0.0,0.0,193.335
55841,-217.0,217.0,193.325
55842,0.0,0.0,193.325
55843,-4.0,4.0,193.325
55844,-331.0,361.0,193.325
55845,0.0,0.0,193.325
55846,543.0,543.0,193.335
55847,-560.0,1284.0,193.315
55848,0.0,0.0,193.315
55849,0.0,0.0,193.315
55850,0.0,0.0,193.315
55851,0.0,0.0,193.315
55852,14.0,14.0,193.315
55853,5.0,5.0,193.315
55854,327.0,327.0,193.315
55855,284.0,284.0,193.315
55856,-138.0,1104.0,193.325
55857,0.0,0.0,193.325
55858,-100.0,300.0,193.315
55859,0.0,0.0,193.325
55860,0.0,0.0,193.325
55861,0.0,0.0,193.325
55862,-501.0,501.0,193.315
55863,-18.0,18.0,193.315
55864,322.0,322.0,193.325
55865,650.0,650.0,193.355
55866,8.0,8.0,193.36
55867,0.0,0.0,193.36
55868,-107.0,301.0,193.345
55869,-47.0,49.0,193.345
55870,400.0,400.0,193.355
55871,33.0,33.0,193.355
55872,192.0,196.0,193.375
55873,-213.0,213.0,193.375
55874,412.0,412.0,193.385
55875,-200.0,200.0,193.375
55876,0.0,0.0,193.375
55877,0.0,0.0,193.375
55878,0.0,0.0,193.375
55879,508.0,508.0,193.38
55880,100.0,100.0,193.39
55881,3.0,3.0,193.395
55882,100.0,100.0,193.4
55883,0.0,0.0,193.405
55884,1.0,1.0,193.405
55885,145.0,273.0,193.415
55886,-130.0,428.0,193.41
55887,100.0,100.0,193.41
55888,0.0,0.0,193.41
55889,0.0,0.0,193.41
55890,-844.0,1320.0,193.395
55891,-523.0,1027.0,193.375
55892,-296.0,296.0,193.365
55893,-80.0,520.0,193.355
55894,0.0,0.0,193.355
55895,0.0,0.0,193.355
55896,-150.0,390.0,193.345
55897,467.0,613.0,193.365
55898,0.0,0.0,193.365
55899,0.0,0.0,193.365
55900,0.0,0.0,193.365
55901,0.0,0.0,193.365
55902,1.0,1.0,193.365
55903,1213.0,1213.0,193.39
55904,0.0,0.0,193.395
55905,-12.0,12.0,193.39
55906,0.0,0.0,193.39
55907,0.0,0.0,193.39
55908,-107.0,107.0,193.39
55909,0.0,0.0,193.39
55910,0.0,0.0,193.39
55911,0.0,0.0,193.39
55912,0.0,0.0,193.39
55913,0.0,0.0,193.39
55914,-836.0,836.0,193.38
55915,0.0,0.0,193.38
55916,0.0,0.0,193.38
55917,0.0,0.0,193.38
55918,8.0,8.0,193.385
55919,40.0,40.0,193.395
55920,0.0,0.0,193.395
55921,380.0,380.0,193.405
55922,-46.0,46.0,193.405
55923,100.0,100.0,193.405
55924,0.0,0.0,193.405
55925,0.0,0.0,193.405
55926,26.0,26.0,193.405
55927,0.0,0.0,193.405
55928,-6431.0,6431.0,193.385
55929,-326.0,334.0,193.38
55930,0.0,0.0,193.375
55931,300.0,300.0,193.38
55932,-4.0,4.0,193.375
55933,0.0,0.0,193.375
55934,-100.0,102.0,193.375
55935,158.0,158.0,193.385
55936,-144.0,144.0,193.375
55937,3.0,3.0,193.375
55938,0.0,0.0,193.375
55939,0.0,0.0,193.375
55940,119.0,181.0,193.385
55941,1200.0,1200.0,193.385
55942,600.0,600.0,193.395
55943,104.0,104.0,193.405
55944,-42.0,42.0,193.405
55945,-251.0,251.0,193.405
55946,0.0,0.0,193.405
55947,0.0,0.0,193.405
55948,0.0,0.0,193.405
55949,0.0,0.0,193.405
55950,-10.0,10.0,193.405
55951,0.0,0.0,193.405
55952,0.0,0.0,193.405
55953,0.0,0.0,193.405
55954,272.0,732.0,193.405
55955,30.0,30.0,193.405
55956,0.0,0.0,193.405
55957,-1.0,1.0,193.405
55958,2070.0,2070.0,193.415
55959,-400.0,400.0,193.415
55960,0.0,0.0,193.415
55961,0.0,0.0,193.415
55962,-90.0,710.0,193.42
55963,100.0,100.0,193.42
55964,0.0,0.0,193.42
55965,0.0,0.0,193.42
55966,0.0,0.0,193.42
55967,0.0,0.0,193.42
55968,0.0,0.0,193.42
55969,-695.0,695.0,193.415
55970,0.0,0.0,193.415
55971,0.0,0.0,193.415
55972,716.0,1116.0,193.415
55973,0.0,0.0,193.415
55974,0.0,0.0,193.415
55975,100.0,100.0,193.415
55976,0.0,0.0,193.415
55977,8.0,8.0,193.415
55978,100.0,100.0,193.415
55979,0.0,0.0,193.415
55980,0.0,0.0,193.415
55981,0.0,0.0,193.415
55982,1.0,1.0,193.415
55983,0.0,0.0,193.415
55984,-2774.0,3210.0,193.415
55985,220.0,580.0,193.415
55986,0.0,0.0,193.415
55987,-521.0,949.0,193.41
55988,0.0,0.0,193.405
55989,17.0,985.0,193.395
55990,-7.0,7.0,193.385
55991,0.0,0.0,193.385
55992,2271.0,2271.0,193.405
55993,0.0,0.0,193.405
55994,0.0,0.0,193.405
55995,0.0,0.0,193.405
55996,0.0,0.0,193.405
55997,0.0,0.0,193.405
55998,0.0,0.0,193.405
55999,0.0,0.0,193.405
56000,0.0,0.0,193.405
56001,-224.0,592.0,193.375
56002,0.0,0.0,193.375
56003,-217.0,983.0,193.375
56004,0.0,0.0,193.37
56005,762.0,858.0,193.375
56006,-187.0,187.0,193.375
56007,0.0,0.0,193.375
56008,0.0,0.0,193.375
56009,420.0,980.0,193.385
56010,0.0,0.0,193.385
56011,5.0,5.0,193.385
56012,898.0,898.0,193.395
56013,-129.0,471.0,193.385
56014,0.0,0.0,193.385
56015,-14.0,14.0,193.385
56016,0.0,0.0,193.385
56017,0.0,0.0,193.385
56018,29.0,29.0,193.395
56019,0.0,0.0,193.395
56020,-90.0,710.0,193.4
56021,-1231.0,1233.0,193.385
56022,-194.0,194.0,193.375
56023,0.0,0.0,193.375
56024,0.0,0.0,193.375
56025,3.0,3.0,193.375
56026,0.0,0.0,193.375
56027,0.0,0.0,193.375
56028,0.0,0.0,193.375
56029,26.0,26.0,193.375
56030,0.0,0.0,193.375
56031,0.0,0.0,193.375
56032,427.0,1761.0,193.38
56033,-96.0,104.0,193.375
56034,0.0,0.0,193.375
56035,0.0,0.0,193.375
56036,0.0,0.0,193.375
56037,1984.0,1984.0,193.395
56038,213.0,427.0,193.41
56039,-90.0,110.0,193.415
56040,-668.0,872.0,193.405
56041,0.0,0.0,193.405
56042,0.0,0.0,193.405
56043,3.0,3.0,193.405
56044,1109.0,1109.0,193.425
56045,606.0,606.0,193.44
56046,0.0,0.0,193.435
56047,0.0,0.0,193.435
56048,401.0,403.0,193.435
56049,11.0,11.0,193.445
56050,0.0,0.0,193.445
56051,8236.0,8236.0,193.475
56052,160.0,560.0,193.475
56053,493.0,693.0,193.485
56054,444.0,448.0,193.485
56055,1645.0,1645.0,193.505
56056,346.0,346.0,193.505
56057,-103.0,497.0,193.51
56058,0.0,0.0,193.505
56059,0.0,0.0,193.505
56060,-645.0,647.0,193.505
56061,-60.0,966.0,193.515
56062,729.0,729.0,193.525
56063,-705.0,905.0,193.515
56064,-241.0,241.0,193.515
56065,-909.0,909.0,193.515
56066,-1313.0,1413.0,193.505
56067,0.0,0.0,193.505
56068,0.0,0.0,193.505
56069,400.0,400.0,193.515
56070,6.0,6.0,193.515
56071,-393.0,413.0,193.51
56072,0.0,0.0,193.515
56073,0.0,0.0,193.515
56074,0.0,0.0,193.515
56075,354.0,354.0,193.525
56076,0.0,0.0,193.525
56077,0.0,0.0,193.525
56078,-63.0,263.0,193.52
56079,0.0,0.0,193.515
56080,0.0,0.0,193.515
56081,80.0,110.0,193.525
56082,24.0,24.0,193.525
56083,1.0,397.0,193.53
56084,589.0,605.0,193.545
56085,0.0,0.0,193.545
56086,0.0,0.0,193.545
56087,0.0,0.0,193.545
56088,0.0,0.0,193.545
56089,275.0,275.0,193.545
56090,0.0,0.0,193.545
56091,0.0,0.0,193.545
56092,0.0,0.0,193.545
56093,-887.0,943.0,193.545
56094,-25.0,25.0,193.545
56095,0.0,0.0,193.545
56096,173.0,731.0,193.545
56097,-239.0,239.0,193.545
56098,556.0,556.0,193.565
56099,-191.0,235.0,193.565
56100,-627.0,827.0,193.565
56101,-990.0,1090.0,193.565
56102,-3.0,823.0,193.565
56103,-275.0,755.0,193.565
56104,0.0,0.0,193.565
56105,311.0,573.0,193.57
56106,-2134.0,2134.0,193.555
56107,0.0,0.0,193.555
56108,777.0,1185.0,193.555
56109,4.0,4.0,193.555
56110,0.0,0.0,193.555
56111,0.0,0.0,193.555
56112,-1057.0,1751.0,193.555
56113,39.0,783.0,193.54
56114,-1499.0,1987.0,193.515
56115,499.0,499.0,193.525
56116,30.0,30.0,193.525
56117,1.0,1.0,193.525
56118,-250.0,450.0,193.525
56119,0.0,0.0,193.525
56120,0.0,0.0,193.525
56121,-4.0,4.0,193.525
56122,631.0,1451.0,193.535
56123,465.0,465.0,193.54
56124,0.0,0.0,193.545
56125,0.0,0.0,193.545
56126,0.0,0.0,193.545
56127,0.0,0.0,193.545
56128,-121.0,481.0,193.545
56129,0.0,0.0,193.545
56130,0.0,0.0,193.545
56131,-206.0,206.0,193.535
56132,330.0,330.0,193.555
56133,0.0,0.0,193.555
56134,0.0,0.0,193.555
56135,0.0,0.0,193.555
56136,18.0,18.0,193.555
56137,0.0,0.0,193.555
56138,394.0,394.0,193.565
56139,-20.0,20.0,193.565
56140,100.0,100.0,193.565
56141,0.0,0.0,193.565
56142,879.0,879.0,193.575
56143,0.0,0.0,193.575
56144,0.0,0.0,193.575
56145,0.0,0.0,193.575
56146,0.0,0.0,193.575
56147,0.0,0.0,193.575
56148,0.0,0.0,193.575
56149,-2664.0,2746.0,193.535
56150,0.0,0.0,193.535
56151,0.0,0.0,193.535
56152,-307.0,307.0,193.525
56153,104.0,296.0,193.525
56154,408.0,408.0,193.525
56155,0.0,0.0,193.525
56156,0.0,0.0,193.525
56157,0.0,0.0,193.525
56158,-98.0,98.0,193.525
56159,723.0,923.0,193.525
56160,-315.0,315.0,193.52
56161,0.0,0.0,193.52
56162,0.0,0.0,193.515
56163,-324.0,324.0,193.51
56164,-944.0,1144.0,193.485
56165,433.0,767.0,193.485
56166,180.0,220.0,193.495
56167,720.0,720.0,193.515
56168,-150.0,150.0,193.505
56169,50.0,50.0,193.51
56170,0.0,0.0,193.505
56171,0.0,0.0,193.505
56172,0.0,0.0,193.505
56173,0.0,0.0,193.505
56174,-200.0,200.0,193.505
56175,-150.0,250.0,193.5
56176,0.0,0.0,193.495
56177,0.0,0.0,193.495
56178,-200.0,200.0,193.485
56179,12.0,12.0,193.485
56180,-800.0,800.0,193.475
56181,-1840.0,2416.0,193.425
56182,0.0,0.0,193.425
56183,0.0,0.0,193.425
56184,-100.0,100.0,193.425
56185,0.0,0.0,193.425
56186,0.0,0.0,193.425
56187,0.0,0.0,193.425
56188,0.0,0.0,193.425
56189,37.0,867.0,193.41
56190,0.0,0.0,193.415
56191,0.0,0.0,193.41
56192,0.0,0.0,193.405
56193,0.0,0.0,193.405
56194,0.0,0.0,193.405
56195,-311.0,411.0,193.395
56196,-1100.0,1100.0,193.375
56197,700.0,1100.0,193.365
56198,400.0,400.0,193.375
56199,0.0,0.0,193.375
56200,0.0,0.0,193.375
56201,-331.0,401.0,193.37
56202,0.0,0.0,193.365
56203,0.0,0.0,193.365
56204,0.0,0.0,193.365
56205,0.0,0.0,193.365
56206,0.0,0.0,193.365
56207,0.0,0.0,193.365
56208,0.0,0.0,193.365
56209,-247.0,537.0,193.365
56210,581.0,581.0,193.375
56211,0.0,0.0,193.375
56212,-400.0,600.0,193.365
56213,-100.0,100.0,193.365
56214,0.0,0.0,193.365
56215,212.0,788.0,193.365
56216,-200.0,200.0,193.365
56217,0.0,0.0,193.365
56218,0.0,0.0,193.365
56219,0.0,0.0,193.365
56220,-174.0,626.0,193.355
56221,1.0,1.0,193.355
56222,-204.0,610.0,193.355
56223,0.0,0.0,193.355
56224,389.0,449.0,193.365
56225,1512.0,1512.0,193.385
56226,-200.0,200.0,193.38
56227,0.0,0.0,193.375
56228,100.0,100.0,193.38
56229,-1.0,1.0,193.385
56230,0.0,0.0,193.385
56231,0.0,0.0,193.385
56232,0.0,0.0,193.385
56233,0.0,0.0,193.385
56234,346.0,1086.0,193.385
56235,0.0,0.0,193.385
56236,0.0,0.0,193.385
56237,0.0,0.0,193.385
56238,2011.0,2681.0,193.415
56239,0.0,0.0,193.415
56240,2.0,2.0,193.415
56241,-250.0,250.0,193.405
56242,-1488.0,2292.0,193.345
56243,161.0,161.0,193.345
56244,-138.0,346.0,193.335
56245,311.0,511.0,193.315
56246,969.0,1569.0,193.315
56247,0.0,0.0,193.315
56248,10.0,990.0,193.32
56249,0.0,0.0,193.315
56250,-397.0,397.0,193.315
56251,300.0,700.0,193.315
56252,0.0,0.0,193.315
56253,0.0,0.0,193.315
56254,-200.0,800.0,193.315
56255,234.0,674.0,193.32
56256,0.0,0.0,193.32
56257,0.0,0.0,193.32
56258,0.0,0.0,193.315
56259,-242.0,574.0,193.315
56260,1.0,1.0,193.315
56261,0.0,0.0,193.315
56262,0.0,0.0,193.315
56263,0.0,0.0,193.315
56264,0.0,0.0,193.315
56265,416.0,416.0,193.325
56266,-109.0,311.0,193.325
56267,0.0,0.0,193.325
56268,-414.0,414.0,193.315
56269,0.0,0.0,193.315
56270,0.0,0.0,193.315
56271,0.0,0.0,193.315
56272,-1336.0,1536.0,193.285
56273,0.0,0.0,193.285
56274,-63.0,539.0,193.28
56275,0.0,0.0,193.285
56276,0.0,0.0,193.285
56277,0.0,0.0,193.285
56278,0.0,0.0,193.285
56279,-124.0,124.0,193.285
56280,2.0,2.0,193.285
56281,0.0,0.0,193.285
56282,0.0,0.0,193.285
56283,-288.0,330.0,193.285
56284,0.0,0.0,193.285
56285,2519.0,2519.0,193.305
56286,520.0,520.0,193.33
56287,100.0,100.0,193.345
56288,-200.0,200.0,193.345
56289,0.0,0.0,193.345
56290,100.0,100.0,193.345
56291,0.0,0.0,193.345
56292,0.0,0.0,193.345
56293,0.0,0.0,193.345
56294,243.0,2549.0,193.355
56295,0.0,0.0,193.355
56296,100.0,100.0,193.355
56297,0.0,600.0,193.365
56298,0.0,200.0,193.365
56299,0.0,0.0,193.36
56300,100.0,100.0,193.36
56301,0.0,0.0,193.365
56302,0.0,0.0,193.365
56303,712.0,712.0,193.375
56304,350.0,650.0,193.365
56305,0.0,0.0,193.365
56306,0.0,0.0,193.365
56307,0.0,0.0,193.365
56308,0.0,0.0,193.365
56309,0.0,0.0,193.365
56310,-551.0,571.0,193.365
56311,850.0,850.0,193.375
56312,-540.0,540.0,193.365
56313,0.0,0.0,193.365
56314,0.0,0.0,193.365
56315,0.0,0.0,193.365
56316,0.0,0.0,193.365
56317,0.0,0.0,193.365
56318,0.0,0.0,193.365
56320,324.0,324.0,193.385
56321,100.0,100.0,193.385
56322,753.0,753.0,193.395
56323,0.0,0.0,193.395
56324,793.0,879.0,193.395
56325,752.0,952.0,193.435
56326,-400.0,400.0,193.435
56327,-1200.0,1200.0,193.435
56328,-1727.0,2727.0,193.405
56329,0.0,0.0,193.405
56330,1884.0,3136.0,193.415
56331,342.0,1728.0,193.425
56332,0.0,0.0,193.425
56333,77.0,77.0,193.425
56334,100.0,100.0,193.425
56335,0.0,0.0,193.425
56336,0.0,0.0,193.425
56337,0.0,0.0,193.425
56338,671.0,971.0,193.425
56339,0.0,0.0,193.425
56340,-140.0,580.0,193.425
56341,0.0,0.0,193.425
56342,0.0,0.0,193.425
56343,0.0,0.0,193.425
56344,0.0,0.0,193.425
56345,0.0,0.0,193.425
56346,0.0,0.0,193.425
56347,11.0,213.0,193.415
56348,-257.0,459.0,193.405
56349,400.0,400.0,193.415
56350,-1.0,1.0,193.415
56351,0.0,0.0,193.415
56352,0.0,0.0,193.415
56353,310.0,310.0,193.415
56354,261.0,261.0,193.415
56355,0.0,0.0,193.415
56356,0.0,0.0,193.415
56357,0.0,0.0,193.415
56358,0.0,0.0,193.415
56359,0.0,0.0,193.415
56360,-89.0,327.0,193.415
56361,388.0,2512.0,193.43
56362,-567.0,2069.0,193.43
56363,0.0,0.0,193.435
56364,0.0,0.0,193.435
56365,0.0,0.0,193.435
56366,0.0,0.0,193.435
56367,-733.0,859.0,193.405
56368,0.0,0.0,193.405
56369,0.0,0.0,193.405
56370,2.0,2.0,193.405
56371,6.0,6.0,193.405
56372,0.0,0.0,193.405
56373,0.0,0.0,193.405
56374,539.0,539.0,193.415
56375,0.0,0.0,193.415
56376,394.0,594.0,193.425
56377,300.0,300.0,193.425
56378,-1001.0,1201.0,193.415
56379,0.0,0.0,193.415
56380,-1502.0,1702.0,193.395
56381,-62.0,262.0,193.395
56382,0.0,0.0,193.395
56383,0.0,0.0,193.395
56384,60.0,1118.0,193.405
56385,26.0,26.0,193.405
56386,10.0,390.0,193.415
56387,0.0,0.0,193.415
56388,0.0,0.0,193.415
56389,0.0,0.0,193.415
56390,0.0,0.0,193.415
56391,90.0,90.0,193.415
56392,0.0,0.0,193.415
56393,165.0,717.0,193.435
56394,-601.0,601.0,193.425
56395,-2.0,2.0,193.425
56396,0.0,0.0,193.425
56397,0.0,0.0,193.425
56398,0.0,0.0,193.425
56399,0.0,0.0,193.425
56400,736.0,1362.0,193.435
56401,200.0,400.0,193.445
56402,-76.0,734.0,193.455
56403,-32.0,34.0,193.455
56404,50.0,50.0,193.455
56405,23.0,23.0,193.455
56406,-1177.0,1193.0,193.45
56407,19.0,19.0,193.445
56408,-4.0,296.0,193.45
56409,-48.0,150.0,193.455
56410,0.0,0.0,193.455
56411,15.0,15.0,193.455
56412,0.0,0.0,193.455
56413,-548.0,1104.0,193.445
56414,9.0,9.0,193.455
56415,2.0,2.0,193.455
56416,0.0,0.0,193.455
56417,18.0,18.0,193.455
56418,0.0,0.0,193.455
56419,511.0,511.0,193.455
56420,1.0,1.0,193.46
56421,-100.0,100.0,193.46
56422,2.0,2.0,193.465
56423,0.0,14.0,193.465
56424,-595.0,599.0,193.465
56425,-234.0,560.0,193.445
56426,-293.0,505.0,193.445
56427,34.0,34.0,193.445
56428,0.0,0.0,193.445
56429,23.0,23.0,193.445
56430,8.0,8.0,193.445
56431,0.0,0.0,193.445
56432,0.0,0.0,193.445
56433,473.0,473.0,193.45
56434,0.0,0.0,193.445
56435,0.0,0.0,193.445
56436,0.0,0.0,193.445
56437,0.0,0.0,193.445
56438,0.0,0.0,193.445
56439,0.0,0.0,193.445
56440,0.0,0.0,193.445
56441,0.0,0.0,193.445
56442,0.0,0.0,193.445
56443,2.0,2.0,193.445
56444,659.0,659.0,193.455
56445,0.0,0.0,193.455
56446,0.0,0.0,193.455
56447,0.0,0.0,193.455
56448,0.0,0.0,193.455
56449,0.0,0.0,193.455
56450,236.0,1164.0,193.455
56451,306.0,306.0,193.465
56452,810.0,810.0,193.475
56453,-201.0,201.0,193.475
56454,0.0,0.0,193.475
56455,20.0,20.0,193.475
56456,1321.0,1321.0,193.515
56457,0.0,0.0,193.515
56458,350.0,350.0,193.515
56459,0.0,0.0,193.515
56460,0.0,0.0,193.515
56461,-1950.0,1950.0,193.515
56462,-5.0,5.0,193.515
56463,0.0,0.0,193.515
56464,0.0,0.0,193.515
56465,0.0,0.0,193.515
56466,0.0,0.0,193.515
56467,-1343.0,2163.0,193.515
56468,-7.0,403.0,193.515
56469,0.0,0.0,193.515
56470,0.0,0.0,193.515
56471,0.0,0.0,193.515
56472,0.0,0.0,193.515
56473,107.0,107.0,193.515
56474,312.0,312.0,193.525
56475,0.0,0.0,193.525
56476,-400.0,400.0,193.525
56477,0.0,0.0,193.525
56478,0.0,0.0,193.525
56479,703.0,703.0,193.545
56480,0.0,0.0,193.545
56481,1524.0,1524.0,193.575
56482,-413.0,417.0,193.575
56483,-783.0,1417.0,193.565
56484,0.0,0.0,193.565
56485,0.0,0.0,193.565
56486,0.0,0.0,193.565
56487,0.0,0.0,193.565
56488,0.0,0.0,193.565
56489,0.0,0.0,193.565
56490,0.0,0.0,193.565
56491,0.0,0.0,193.565
56492,811.0,909.0,193.575
56493,0.0,0.0,193.575
56494,12.0,12.0,193.575
56495,-415.0,815.0,193.565
56496,0.0,0.0,193.565
56497,0.0,0.0,193.565
56498,0.0,0.0,193.565
56499,3.0,3.0,193.565
56500,395.0,1081.0,193.555
56501,0.0,0.0,193.555
56502,-888.0,1288.0,193.545
56503,-707.0,967.0,193.535
56504,0.0,0.0,193.535
56505,0.0,0.0,193.535
56506,-579.0,579.0,193.53
56507,-105.0,305.0,193.525
56508,0.0,0.0,193.525
56509,-197.0,203.0,193.515
56510,0.0,0.0,193.515
56511,0.0,0.0,193.515
56512,0.0,0.0,193.515
56513,2377.0,2377.0,193.515
56514,100.0,100.0,193.515
56515,-1635.0,2255.0,193.485
56516,-384.0,420.0,193.47
56517,-155.0,155.0,193.455
56518,-4.0,4.0,193.445
56519,0.0,0.0,193.445
56520,0.0,0.0,193.445
56521,-383.0,783.0,193.44
56522,0.0,0.0,193.44
56523,5382.0,6128.0,193.515
56524,0.0,0.0,193.515
56525,400.0,400.0,193.53
56526,0.0,0.0,193.525
56527,0.0,0.0,193.525
56528,0.0,0.0,193.525
56529,0.0,0.0,193.525
56530,0.0,0.0,193.525
56531,0.0,0.0,193.525
56532,0.0,0.0,193.525
56533,0.0,0.0,193.525
56534,0.0,0.0,193.525
56535,-190.0,1812.0,193.525
56536,9.0,9.0,193.525
56537,0.0,0.0,193.525
56538,0.0,0.0,193.525
56539,4.0,4.0,193.525
56540,-486.0,746.0,193.525
56541,0.0,0.0,193.525
56542,0.0,0.0,193.525
56543,-485.0,743.0,193.515
56545,0.0,0.0,193.515
56546,0.0,0.0,193.515
56547,0.0,0.0,193.515
56548,0.0,0.0,193.515
56549,410.0,610.0,193.52
56550,-42.0,42.0,193.52
56551,-58.0,58.0,193.52
56552,0.0,0.0,193.515
56553,0.0,0.0,193.515
56554,0.0,0.0,193.515
56555,0.0,0.0,193.515
56556,0.0,0.0,193.515
56557,-552.0,968.0,193.51
56558,0.0,0.0,193.51
56559,-107.0,507.0,193.505
56560,0.0,0.0,193.505
56561,0.0,0.0,193.505
56562,0.0,0.0,193.505
56563,0.0,0.0,193.505
56564,310.0,310.0,193.515
56565,0.0,0.0,193.515
56566,0.0,0.0,193.515
56567,0.0,0.0,193.515
56568,0.0,0.0,193.515
56569,0.0,0.0,193.515
56570,1221.0,1221.0,193.545
56571,726.0,1190.0,193.555
56572,721.0,721.0,193.565
56573,4.0,4.0,193.565
56574,179.0,179.0,193.575
56575,1.0,1.0,193.575
56576,0.0,0.0,193.575
56577,100.0,100.0,193.575
56578,0.0,0.0,193.575
56579,100.0,100.0,193.575
56580,200.0,200.0,193.575
56581,-4.0,4.0,193.575
56582,200.0,200.0,193.585
56583,1513.0,1513.0,193.605
56584,-2205.0,2247.0,193.59
56585,0.0,0.0,193.585
56586,-522.0,722.0,193.585
56587,0.0,0.0,193.585
56588,850.0,850.0,193.595
56589,271.0,271.0,193.625
56590,113.0,113.0,193.635
56591,232.0,232.0,193.635
56592,577.0,577.0,193.655
56593,0.0,0.0,193.655
56594,0.0,0.0,193.655
56595,-800.0,800.0,193.655
56596,100.0,100.0,193.655
56597,0.0,0.0,193.655
56598,0.0,0.0,193.655
56599,0.0,0.0,193.655
56600,0.0,0.0,193.655
56601,0.0,0.0,193.655
56602,432.0,432.0,193.655
56603,0.0,0.0,193.655
56604,100.0,100.0,193.655
56605,-1228.0,1468.0,193.645
56606,0.0,0.0,193.645
56607,-2150.0,2514.0,193.615
56608,0.0,0.0,193.615
56609,-2290.0,2290.0,193.595
56610,0.0,0.0,193.595
56611,-104.0,104.0,193.58
56612,-28.0,28.0,193.565
56613,1440.0,3040.0,193.585
56614,-1220.0,1434.0,193.585
56615,-1000.0,1400.0,193.585
56616,3.0,3.0,193.585
56617,0.0,0.0,193.585
56618,138.0,3060.0,193.595
56619,350.0,1950.0,193.59
56620,-1900.0,1900.0,193.555
56621,813.0,813.0,193.565
56622,0.0,0.0,193.565
56623,0.0,0.0,193.565
56624,0.0,0.0,193.565
56625,0.0,0.0,193.565
56627,-90.0,144.0,193.565
56628,52.0,62.0,193.555
56629,23.0,23.0,193.56
56630,0.0,0.0,193.56
56631,0.0,0.0,193.56
56632,-7.0,7.0,193.545
56633,0.0,0.0,193.545
56634,0.0,0.0,193.545
56635,0.0,0.0,193.545
56636,441.0,441.0,193.555
56637,0.0,0.0,193.55
56638,0.0,0.0,193.555
56639,65.0,65.0,193.555
56640,916.0,916.0,193.565
56641,17.0,17.0,193.565
56642,289.0,289.0,193.565
56643,76.0,536.0,193.565
56644,-300.0,300.0,193.565
56645,-157.0,157.0,193.565
56646,0.0,0.0,193.565
56647,0.0,0.0,193.565
56648,0.0,0.0,193.565
56649,42.0,42.0,193.565
56650,-11.0,75.0,193.575
56651,-542.0,542.0,193.56
56652,-5.0,5.0,193.56
56653,0.0,0.0,193.565
56654,-179.0,179.0,193.56
56655,0.0,0.0,193.56
56656,0.0,0.0,193.56
56657,0.0,0.0,193.56
56658,0.0,0.0,193.56
56659,0.0,0.0,193.56
56660,0.0,0.0,193.565
56661,0.0,0.0,193.565
56662,-223.0,243.0,193.565
56663,0.0,0.0,193.565
56664,0.0,0.0,193.565
56665,0.0,0.0,193.565
56666,0.0,0.0,193.565
56667,0.0,0.0,193.565
56668,0.0,0.0,193.565
56669,503.0,723.0,193.575
56670,0.0,0.0,193.575
56671,-302.0,308.0,193.565
56672,10.0,10.0,193.565
56673,2.0,2.0,193.565
56674,40.0,40.0,193.57
56675,0.0,0.0,193.57
56676,0.0,0.0,193.565
56677,0.0,0.0,193.565
56678,-411.0,411.0,193.555
56679,435.0,435.0,193.565
56680,-120.0,120.0,193.565
56681,-100.0,100.0,193.555
56682,22.0,22.0,193.555
56683,2.0,2.0,193.555
56684,0.0,0.0,193.555
56685,-74.0,74.0,193.555
56686,0.0,0.0,193.555
56687,0.0,0.0,193.555
56688,-140.0,140.0,193.545
56689,100.0,100.0,193.545
56690,-3626.0,3626.0,193.465
56691,1234.0,1638.0,193.465
56692,-10.0,10.0,193.46
56693,0.0,0.0,193.46
56694,100.0,100.0,193.465
56695,1013.0,1213.0,193.465
56696,-107.0,107.0,193.445
56697,700.0,900.0,193.445
56698,833.0,833.0,193.465
56699,-213.0,849.0,193.475
56700,-717.0,717.0,193.45
56701,1.0,1.0,193.455
56702,1658.0,3390.0,193.46
56703,-35.0,77.0,193.46
56704,-4.0,8.0,193.455
56705,-71.0,289.0,193.46
56706,100.0,500.0,193.465
56707,-343.0,343.0,193.44
56708,-8.0,8.0,193.435
56709,-457.0,457.0,193.425
56710,803.0,803.0,193.445
56711,1.0,1.0,193.455
56712,0.0,0.0,193.45
56713,0.0,0.0,193.45
56714,3.0,3.0,193.455
56715,-5.0,5.0,193.445
56716,0.0,0.0,193.445
56717,0.0,0.0,193.445
56718,674.0,1076.0,193.465
56719,1.0,1.0,193.47
56720,599.0,599.0,193.495
56721,808.0,808.0,193.515
56722,-250.0,250.0,193.505
56723,0.0,0.0,193.505
56724,0.0,0.0,193.495
56725,-206.0,206.0,193.475
56726,0.0,0.0,193.475
56727,-100.0,100.0,193.475
56728,0.0,0.0,193.475
56729,0.0,0.0,193.475
56730,0.0,0.0,193.475
56731,0.0,0.0,193.475
56732,0.0,0.0,193.475
56733,0.0,0.0,193.475
56734,0.0,0.0,193.475
56735,0.0,0.0,193.475
56736,810.0,810.0,193.5
56737,0.0,0.0,193.505
56738,2.0,2.0,193.495
56739,1341.0,1341.0,193.52
56740,-434.0,434.0,193.495
56741,-300.0,300.0,193.475
56742,162.0,562.0,193.475
56743,0.0,0.0,193.475
56744,0.0,0.0,193.475
56745,0.0,0.0,193.475
56746,0.0,0.0,193.475
56747,655.0,1145.0,193.48
56748,-373.0,373.0,193.475
56749,0.0,0.0,193.475
56750,-250.0,250.0,193.455
56751,0.0,0.0,193.455
56752,-99.0,99.0,193.455
56753,0.0,0.0,193.455
56754,-127.0,127.0,193.455
56755,0.0,0.0,193.455
56756,0.0,0.0,193.455
56757,-11.0,11.0,193.455
56758,-154.0,154.0,193.445
56759,3.0,3.0,193.445
56760,2396.0,2596.0,193.465
56761,0.0,0.0,193.465
56762,0.0,0.0,193.465
56763,179.0,179.0,193.465
56764,145.0,381.0,193.465
56765,40.0,360.0,193.47
56766,0.0,0.0,193.47
56767,-100.0,100.0,193.475
56768,3.0,3.0,193.475
56769,0.0,0.0,193.475
56770,0.0,0.0,193.475
56771,-211.0,211.0,193.455
56772,-207.0,207.0,193.435
56773,500.0,500.0,193.455
56774,-51.0,51.0,193.455
56775,-349.0,349.0,193.44
56776,1427.0,1427.0,193.515
56777,-100.0,100.0,193.495
56778,0.0,0.0,193.5
56779,0.0,0.0,193.5
56780,0.0,0.0,193.5
56781,0.0,0.0,193.495
56782,1009.0,2027.0,193.495
56783,610.0,610.0,193.505
56784,-654.0,654.0,193.495
56785,0.0,0.0,193.495
56786,0.0,0.0,193.495
56787,445.0,445.0,193.505
56788,0.0,0.0,193.505
56789,0.0,0.0,193.505
56790,0.0,0.0,193.505
56791,0.0,0.0,193.505
56792,0.0,0.0,193.505
56793,1211.0,1211.0,193.515
56794,0.0,0.0,193.515
56795,0.0,0.0,193.515
56796,0.0,0.0,193.515
56797,101.0,301.0,193.525
56798,0.0,0.0,193.525
56799,0.0,0.0,193.525
56800,1.0,1.0,193.525
56801,1125.0,1125.0,193.55
56802,0.0,0.0,193.545
56803,1.0,1.0,193.545
56804,-123.0,123.0,193.545
56805,209.0,209.0,193.555
56806,17.0,17.0,193.575
56807,102.0,102.0,193.585
56808,312.0,312.0,193.605
56809,375.0,375.0,193.625
56810,0.0,0.0,193.625
56811,0.0,0.0,193.625
56812,34.0,166.0,193.625
56813,5.0,5.0,193.625
56814,0.0,0.0,193.625
56815,0.0,0.0,193.625
56816,717.0,717.0,193.635
56817,0.0,0.0,193.635
56818,0.0,0.0,193.635
56819,-600.0,600.0,193.635
56820,-1306.0,2216.0,193.58
56821,-53.0,553.0,193.545
56822,134.0,134.0,193.54
56823,944.0,1394.0,193.535
56824,-128.0,292.0,193.54
56825,0.0,0.0,193.545
56826,120.0,120.0,193.55
56827,0.0,0.0,193.55
56828,-1.0,1.0,193.54
56829,30.0,30.0,193.535
56830,70.0,70.0,193.545
56831,0.0,0.0,193.545
56832,-300.0,300.0,193.54
56833,0.0,0.0,193.545
56834,900.0,1100.0,193.55
56835,0.0,0.0,193.55
56836,0.0,0.0,193.55
56837,0.0,0.0,193.545
56838,1215.0,1215.0,193.55
56839,0.0,0.0,193.555
56840,0.0,0.0,193.555
56841,-26.0,26.0,193.545
56842,13.0,13.0,193.555
56843,1915.0,1915.0,193.575
56844,289.0,345.0,193.585
56845,-80.0,80.0,193.58
56846,0.0,0.0,193.585
56847,-50.0,50.0,193.585
56848,0.0,0.0,193.585
56849,426.0,446.0,193.59
56850,-314.0,314.0,193.59
56851,0.0,0.0,193.585
56852,0.0,0.0,193.585
56853,0.0,0.0,193.585
56854,0.0,0.0,193.585
56855,241.0,241.0,193.605
56856,0.0,20.0,193.605
56857,0.0,0.0,193.605
56858,0.0,0.0,193.605
56859,0.0,0.0,193.605
56860,0.0,0.0,193.605
56861,318.0,318.0,193.605
56862,588.0,588.0,193.605
56863,0.0,0.0,193.605
56864,-19.0,601.0,193.605
56865,0.0,0.0,193.605
56866,10.0,210.0,193.61
56867,-623.0,1127.0,193.605
56868,0.0,0.0,193.605
56869,-2.0,2.0,193.595
56870,0.0,0.0,193.595
56871,0.0,0.0,193.595
56872,-1314.0,2164.0,193.555
56873,-40.0,40.0,193.555
56874,0.0,0.0,193.555
56875,0.0,0.0,193.555
56876,0.0,0.0,193.555
56877,0.0,0.0,193.555
56878,893.0,893.0,193.555
56879,-714.0,914.0,193.545
56880,1160.0,1360.0,193.545
56881,485.0,485.0,193.545
56882,714.0,954.0,193.565
56883,0.0,0.0,193.565
56884,198.0,198.0,193.575
56885,0.0,0.0,193.57
56886,0.0,0.0,193.575
56887,542.0,542.0,193.585
56888,220.0,322.0,193.6
56889,0.0,0.0,193.585
56890,-12.0,12.0,193.575
56891,0.0,0.0,193.575
56892,0.0,0.0,193.58
56893,0.0,0.0,193.58
56894,1.0,1.0,193.575
56895,653.0,653.0,193.585
56896,0.0,0.0,193.585
56897,0.0,0.0,193.585
56898,0.0,0.0,193.585
56899,0.0,0.0,193.585
56900,0.0,0.0,193.585
56901,502.0,502.0,193.595
56902,-132.0,132.0,193.595
56903,0.0,0.0,193.595
56904,0.0,0.0,193.595
56905,0.0,0.0,193.595
56906,0.0,0.0,193.595
56907,0.0,0.0,193.595
56908,0.0,0.0,193.595
56909,0.0,0.0,193.595
56910,0.0,0.0,193.595
56911,-1091.0,1091.0,193.575
56912,0.0,0.0,193.575
56913,0.0,0.0,193.575
56914,-115.0,115.0,193.565
56915,0.0,0.0,193.565
56916,58.0,210.0,193.565
56917,0.0,0.0,193.565
56918,1233.0,1633.0,193.585
56919,0.0,0.0,193.585
56920,0.0,0.0,193.585
56921,0.0,0.0,193.585
56922,0.0,0.0,193.585
56923,0.0,0.0,193.585
56924,0.0,0.0,193.585
56925,-98.0,104.0,193.58
56926,0.0,0.0,193.585
56927,0.0,0.0,193.585
56928,-5.0,5.0,193.575
56929,0.0,0.0,193.575
56930,52.0,52.0,193.575
56931,-7.0,7.0,193.57
56932,1.0,1.0,193.575
56933,0.0,0.0,193.575
56934,0.0,0.0,193.575
56935,-89.0,211.0,193.575
56936,0.0,0.0,193.575
56937,0.0,0.0,193.575
56938,0.0,0.0,193.575
56939,577.0,623.0,193.585
56940,311.0,311.0,193.595
56941,0.0,0.0,193.595
56942,0.0,0.0,193.595
56943,0.0,0.0,193.595
56944,-255.0,321.0,193.595
56945,0.0,0.0,193.585
56946,0.0,0.0,193.595
56947,526.0,836.0,193.595
56948,56.0,330.0,193.595
56949,-200.0,200.0,193.595
56950,359.0,359.0,193.6
56951,-100.0,100.0,193.605
56952,250.0,250.0,193.615
56953,0.0,0.0,193.615
56954,0.0,0.0,193.615
56955,0.0,0.0,193.615
56956,0.0,0.0,193.615
56957,0.0,0.0,193.615
56958,517.0,517.0,193.625
56959,0.0,0.0,193.625
56960,442.0,442.0,193.635
56961,-100.0,100.0,193.625
56962,354.0,616.0,193.635
56963,-247.0,247.0,193.635
56964,-62.0,62.0,193.63
56965,-6.0,6.0,193.635
56966,0.0,0.0,193.635
56967,-72.0,72.0,193.635
56968,27.0,27.0,193.635
56969,-291.0,291.0,193.625
56970,279.0,633.0,193.635
56971,380.0,1080.0,193.635
56972,-191.0,191.0,193.63
56973,2.0,2.0,193.635
56974,-20.0,832.0,193.625
56975,3049.0,3091.0,193.64
56976,0.0,0.0,193.635
56977,1.0,1.0,193.64
56978,-92.0,110.0,193.635
56979,0.0,0.0,193.635
56980,-579.0,579.0,193.615
56981,0.0,0.0,193.615
56982,-100.0,100.0,193.605
56983,408.0,408.0,193.625
56984,393.0,593.0,193.635
56985,-46.0,354.0,193.635
56986,0.0,0.0,193.635
56987,-10.0,10.0,193.635
56988,1126.0,1946.0,193.635
56989,3.0,3.0,193.635
56990,1.0,1.0,193.635
56991,-104.0,520.0,193.635
56992,0.0,0.0,193.635
56993,0.0,0.0,193.635
56994,-248.0,456.0,193.635
56995,0.0,0.0,193.635
56996,0.0,0.0,193.635
56997,0.0,0.0,193.635
56998,925.0,1445.0,193.635
56999,69.0,69.0,193.635
57000,6021.0,10437.0,193.65
57001,795.0,1017.0,193.65
57002,217.0,613.0,193.65
57003,1645.0,2601.0,193.635
57004,-50.0,1636.0,193.64
57005,-100.0,526.0,193.63
57006,-136.0,386.0,193.63
57007,349.0,511.0,193.645
57008,-2.0,2.0,193.63
57009,-311.0,311.0,193.625
57010,333.0,6443.0,193.605
57011,-2045.0,2819.0,193.565
57012,-32.0,800.0,193.57
57013,-655.0,2421.0,193.565
57014,2.0,2.0,193.565
57015,-135.0,699.0,193.565
57016,-206.0,696.0,193.575
57017,1.0,1.0,193.57
57018,-18.0,18.0,193.565
57019,59.0,161.0,193.56
57020,539.0,1701.0,193.575
57021,-1403.0,3253.0,193.565
57022,0.0,0.0,193.565
57023,1123.0,1135.0,193.565
57024,40.0,40.0,193.575
57025,1403.0,2251.0,193.575
57026,345.0,345.0,193.585
57027,6.0,6.0,193.585
57028,-236.0,662.0,193.585
57029,-714.0,714.0,193.565
57030,-864.0,1336.0,193.565
57031,-369.0,769.0,193.555
57032,30.0,30.0,193.565
57033,0.0,0.0,193.565
57034,41.0,79.0,193.565
57035,0.0,0.0,193.565
57036,-200.0,200.0,193.56
57037,0.0,0.0,193.56
57038,0.0,0.0,193.565
57039,416.0,428.0,193.565
57040,-851.0,1303.0,193.545
57041,-769.0,1673.0,193.53
57042,2476.0,3144.0,193.54
57043,0.0,0.0,193.535
57044,-270.0,270.0,193.525
57045,5142.0,7286.0,193.515
57046,-904.0,904.0,193.505
57047,398.0,1650.0,193.505
57048,0.0,0.0,193.505
57049,0.0,0.0,193.505
57050,2941.0,3799.0,193.515
57051,0.0,0.0,193.515
57052,900.0,900.0,193.525
57053,-104.0,104.0,193.515
57054,-402.0,402.0,193.505
57055,57.0,57.0,193.515
57056,285.0,1767.0,193.515
57057,212.0,266.0,193.515
57058,0.0,0.0,193.515
57059,0.0,0.0,193.515
57060,-1874.0,2482.0,193.455
57061,-236.0,236.0,193.425
57062,-134.0,134.0,193.415
57063,-97.0,97.0,193.405
57064,2046.0,2248.0,193.425
57065,-500.0,500.0,193.415
57066,-1670.0,2304.0,193.365
57067,1460.0,1460.0,193.375
57068,317.0,717.0,193.365
57069,10.0,10.0,193.375
57070,370.0,396.0,193.375
57071,3807.0,4007.0,193.47
57072,-132.0,202.0,193.46
57073,278.0,564.0,193.43
57074,181.0,343.0,193.43
57075,0.0,0.0,193.43
57076,0.0,0.0,193.43
57077,0.0,0.0,193.435
57078,846.0,2616.0,193.45
57079,101.0,101.0,193.465
57080,401.0,401.0,193.48
57081,0.0,0.0,193.475
57082,183.0,183.0,193.495
57083,80.0,80.0,193.49
57084,200.0,200.0,193.495
57085,484.0,938.0,193.5
57086,200.0,200.0,193.51
57087,94.0,94.0,193.53
57088,0.0,0.0,193.525
57089,1472.0,1528.0,193.535
57090,367.0,567.0,193.53
57091,1.0,1.0,193.53
57092,697.0,697.0,193.55
57093,615.0,615.0,193.57
57094,0.0,0.0,193.565
57095,0.0,0.0,193.56
57096,290.0,490.0,193.555
57097,-212.0,212.0,193.545
57098,0.0,0.0,193.545
57099,219.0,219.0,193.55
57100,549.0,867.0,193.555
57101,490.0,490.0,193.565
57102,0.0,0.0,193.565
57103,2216.0,2590.0,193.585
57104,95.0,705.0,193.565
57105,-512.0,544.0,193.56
57106,90.0,110.0,193.555
57107,5.0,5.0,193.555
57108,0.0,0.0,193.555
57109,124.0,124.0,193.555
57110,-454.0,454.0,193.535
57111,0.0,0.0,193.53
57112,-485.0,485.0,193.515
57113,118.0,478.0,193.485
57114,674.0,674.0,193.485
57115,-120.0,498.0,193.49
57116,608.0,608.0,193.505
57117,800.0,800.0,193.505
57118,-268.0,268.0,193.495
57119,92.0,92.0,193.5
57120,-1148.0,1848.0,193.46
57121,100.0,300.0,193.46
57122,0.0,0.0,193.465
57123,704.0,882.0,193.465
57124,-229.0,473.0,193.455
57125,16.0,16.0,193.465
57126,2015.0,2051.0,193.485
57127,-446.0,456.0,193.475
57128,-100.0,100.0,193.465
57129,0.0,0.0,193.465
57130,190.0,200.0,193.46
57131,0.0,0.0,193.465
57132,-365.0,685.0,193.445
57133,-64.0,64.0,193.445
57134,0.0,0.0,193.445
57135,691.0,819.0,193.455
57136,0.0,0.0,193.455
57137,-1.0,1.0,193.455
57138,-120.0,120.0,193.455
57139,912.0,946.0,193.465
57140,507.0,715.0,193.475
57141,45.0,45.0,193.485
57142,-244.0,1616.0,193.485
57143,-257.0,257.0,193.475
57144,212.0,212.0,193.485
57145,290.0,1310.0,193.49
57146,-952.0,952.0,193.465
57147,0.0,0.0,193.465
57148,0.0,0.0,193.465
57149,-1189.0,1189.0,193.435
57150,-975.0,2507.0,193.375
57151,418.0,602.0,193.365
57152,279.0,1499.0,193.365
57153,-560.0,1160.0,193.365
57154,-220.0,220.0,193.355
57155,-547.0,913.0,193.355
57156,-200.0,200.0,193.345
57157,0.0,0.0,193.345
57158,1300.0,1300.0,193.365
57159,372.0,822.0,193.365
57160,-24.0,770.0,193.385
57161,0.0,0.0,193.385
57162,357.0,357.0,193.395
57163,0.0,0.0,193.4
57164,0.0,0.0,193.395
57165,232.0,232.0,193.415
57166,184.0,184.0,193.42
57167,809.0,819.0,193.435
57168,330.0,330.0,193.435
57169,-5.0,5.0,193.425
57170,10.0,10.0,193.43
57171,0.0,0.0,193.425
57172,70.0,130.0,193.43
57173,95.0,95.0,193.43
57174,944.0,1144.0,193.425
57175,0.0,0.0,193.43
57176,589.0,589.0,193.44
57177,0.0,0.0,193.44
57178,0.0,0.0,193.435
57179,-378.0,378.0,193.425
57180,2729.0,3233.0,193.485
57181,60.0,60.0,193.495
57182,810.0,810.0,193.505
57183,0.0,0.0,193.51
57184,7.0,7.0,193.51
57185,1377.0,1405.0,193.52
57186,100.0,100.0,193.52
57187,0.0,0.0,193.52
57188,0.0,0.0,193.52
57189,0.0,0.0,193.52
57190,1655.0,1865.0,193.545
57191,521.0,521.0,193.55
57192,209.0,243.0,193.57
57193,-104.0,104.0,193.565
57194,0.0,0.0,193.565
57195,-91.0,91.0,193.545
57196,0.0,0.0,193.545
57197,100.0,100.0,193.545
57198,-788.0,788.0,193.525
57199,-266.0,266.0,193.49
57200,3235.0,4703.0,193.53
57201,994.0,1962.0,193.545
57202,-55.0,155.0,193.54
57203,350.0,350.0,193.55
57204,0.0,0.0,193.555
57205,791.0,791.0,193.56
57206,0.0,0.0,193.56
57207,0.0,0.0,193.56
57208,-17.0,19.0,193.555
57209,785.0,1949.0,193.56
57210,70.0,70.0,193.565
57211,-47.0,47.0,193.555
57212,90.0,90.0,193.565
57213,-73.0,73.0,193.555
57214,0.0,0.0,193.555
57215,548.0,548.0,193.565
57216,0.0,0.0,193.565
57217,-20.0,20.0,193.555
57218,-3095.0,6135.0,193.565
57219,2777.0,2797.0,193.57
57220,-3262.0,4602.0,193.555
57221,808.0,960.0,193.565
57222,0.0,0.0,193.56
57223,761.0,761.0,193.575
57224,0.0,0.0,193.575
57225,0.0,0.0,193.575
57226,-531.0,531.0,193.56
57227,500.0,500.0,193.575
57228,919.0,1119.0,193.585
57229,0.0,0.0,193.585
57230,0.0,0.0,193.585
57231,0.0,0.0,193.585
57232,-93.0,529.0,193.58
57233,-170.0,170.0,193.585
57234,0.0,0.0,193.585
57235,0.0,0.0,193.585
57236,0.0,0.0,193.585
57237,2965.0,2965.0,193.585
57238,-151.0,151.0,193.585
57239,0.0,0.0,193.585
57240,1947.0,2003.0,193.585
57241,883.0,883.0,193.585
57242,1333.0,1333.0,193.595
57243,962.0,962.0,193.605
57244,0.0,0.0,193.605
57245,823.0,823.0,193.615
57246,-1292.0,1292.0,193.595
57247,56.0,56.0,193.595
57248,0.0,0.0,193.595
57249,-481.0,2169.0,193.595
57250,3568.0,4652.0,193.62
57251,-868.0,868.0,193.615
57252,-270.0,270.0,193.615
57253,-118.0,118.0,193.605
57254,624.0,624.0,193.615
57255,85.0,85.0,193.625
57256,220.0,584.0,193.62
57257,91.0,875.0,193.625
57258,-94.0,318.0,193.625
57259,-8.0,202.0,193.625
57260,1006.0,1006.0,193.64
57261,100.0,100.0,193.645
57262,-20.0,20.0,193.645
57263,202.0,240.0,193.645
57264,970.0,1230.0,193.645
57265,0.0,0.0,193.645
57266,-210.0,210.0,193.64
57267,100.0,100.0,193.655
57268,130.0,502.0,193.655
57269,-153.0,153.0,193.66
57270,-371.0,2381.0,193.635
57271,-428.0,428.0,193.62
57272,-377.0,377.0,193.63
57273,764.0,764.0,193.64
57274,395.0,431.0,193.635
57275,-90.0,90.0,193.625
57276,594.0,594.0,193.64
57277,982.0,982.0,193.665
57278,342.0,518.0,193.665
57279,-29.0,773.0,193.65
57280,430.0,6796.0,193.64
57281,58.0,1958.0,193.645
57282,288.0,548.0,193.65
57283,69.0,163.0,193.65
57284,-329.0,767.0,193.635
57285,210.0,210.0,193.645
57286,-305.0,305.0,193.63
57287,-175.0,1289.0,193.625
57288,0.0,0.0,193.625
57289,-102.0,302.0,193.625
57290,-330.0,14582.0,193.515
57291,-208.0,1640.0,193.49
57292,2523.0,2923.0,193.485
57293,156.0,800.0,193.475
57294,-648.0,2768.0,193.465
57295,3043.0,3079.0,193.5
57296,520.0,520.0,193.515
57297,1638.0,1878.0,193.525
57298,-143.0,183.0,193.515
57299,-148.0,172.0,193.52
57300,2863.0,4831.0,193.59
57301,-671.0,829.0,193.565
57302,945.0,1539.0,193.595
57303,14.0,74.0,193.58
57304,0.0,0.0,193.585
57305,3286.0,3600.0,193.59
57306,2604.0,2938.0,193.6
57307,1297.0,1297.0,193.62
57308,-33.0,33.0,193.605
57309,-33.0,33.0,193.6
57310,-146.0,146.0,193.585
57311,3015.0,3281.0,193.595
57312,1279.0,1293.0,193.605
57313,267.0,267.0,193.62
57314,790.0,790.0,193.635
57315,532.0,532.0,193.66
57316,-100.0,100.0,193.655
57317,-6.0,404.0,193.655
57318,-70.0,248.0,193.65
57319,-98.0,104.0,193.635
57320,207.0,207.0,193.645
57321,1072.0,1428.0,193.655
57322,79.0,155.0,193.66
57323,-1232.0,1232.0,193.635
57324,-573.0,653.0,193.615
57325,-204.0,2106.0,193.615
57326,135.0,421.0,193.625
57327,1753.0,1753.0,193.645
57328,722.0,1522.0,193.655
57329,-267.0,383.0,193.65
57330,835.0,835.0,193.655
57331,0.0,0.0,193.665
57332,4075.0,4553.0,193.675
57333,0.0,0.0,193.675
57334,0.0,0.0,193.675
57335,-1377.0,1581.0,193.655
57336,-408.0,800.0,193.65
57337,943.0,943.0,193.675
57338,3.0,17.0,193.67
57339,330.0,330.0,193.675
57340,783.0,1183.0,193.675
57341,0.0,0.0,193.675
57342,9.0,9.0,193.675
57343,0.0,0.0,193.675
57344,1322.0,1342.0,193.685
57345,0.0,0.0,193.685
57346,314.0,580.0,193.69
57347,0.0,0.0,193.69
57348,0.0,0.0,193.69
57349,0.0,0.0,193.695
57350,188.0,1050.0,193.685
57351,1476.0,2216.0,193.695
57352,570.0,570.0,193.695
57353,581.0,857.0,193.705
57354,-100.0,100.0,193.695
57355,-722.0,1084.0,193.685
57356,-1762.0,1836.0,193.665
57357,0.0,0.0,193.665
57358,620.0,620.0,193.675
57359,-337.0,629.0,193.665
57360,589.0,589.0,193.675
57361,-695.0,2073.0,193.675
57362,195.0,195.0,193.675
57363,0.0,0.0,193.675
57364,635.0,635.0,193.695
57365,855.0,917.0,193.71
57366,-270.0,370.0,193.705
57367,98.0,98.0,193.705
57368,1880.0,1920.0,193.705
57369,286.0,726.0,193.705
57370,5.0,5.0,193.705
57371,134.0,574.0,193.705
57372,8144.0,8144.0,193.735
57373,-900.0,900.0,193.735
57374,-396.0,604.0,193.725
57375,453.0,545.0,193.725
57376,-712.0,1074.0,193.725
57377,100.0,100.0,193.735
57378,0.0,0.0,193.735
57379,0.0,0.0,193.735
57380,324.0,646.0,193.735
57381,91.0,91.0,193.735
57382,1982.0,1982.0,193.745
57383,-356.0,484.0,193.745
57384,2393.0,2481.0,193.775
57385,7.0,7.0,193.775
57386,-42.0,1006.0,193.775
57387,150.0,150.0,193.775
57388,-300.0,380.0,193.765
57389,103.0,103.0,193.765
57390,855.0,855.0,193.775
57391,3047.0,3247.0,193.79
57392,52.0,52.0,193.785
57393,11091.0,11091.0,193.805
57394,1676.0,2076.0,193.83
57395,-1201.0,1201.0,193.83
57396,-390.0,810.0,193.825
57397,385.0,385.0,193.825
57398,856.0,1596.0,193.835
57399,275.0,1837.0,193.835
57400,-263.0,275.0,193.825
57401,107.0,107.0,193.825
57402,3.0,3.0,193.825
57403,513.0,513.0,193.825
57404,-285.0,487.0,193.835
57405,400.0,400.0,193.835
57406,-1890.0,1890.0,193.825
57407,100.0,100.0,193.825
57408,88.0,88.0,193.825
57409,20.0,20.0,193.825
57410,-1283.0,2269.0,193.815
57411,0.0,0.0,193.815
57412,-832.0,984.0,193.805
57413,39.0,253.0,193.805
57414,-199.0,401.0,193.795
57415,-30.0,30.0,193.795
57416,766.0,766.0,193.795
57417,0.0,0.0,193.795
57418,-696.0,896.0,193.795
57419,367.0,1667.0,193.805
57420,1611.0,1611.0,193.805
57421,709.0,709.0,193.815
57422,0.0,0.0,193.815
57423,1172.0,1790.0,193.825
57424,838.0,838.0,193.835
57425,2500.0,2500.0,193.845
57426,300.0,300.0,193.845
57427,2528.0,2928.0,193.86
57428,10.0,10.0,193.855
57429,396.0,396.0,193.865
57430,300.0,300.0,193.865
57431,61.0,61.0,193.865
57432,914.0,922.0,193.875
57433,-1054.0,1054.0,193.875
57434,-656.0,858.0,193.875
57435,0.0,0.0,193.875
57436,400.0,400.0,193.875
57437,0.0,0.0,193.875
57438,529.0,529.0,193.875
57439,0.0,0.0,193.875
57440,-1671.0,2321.0,193.865
57441,-2035.0,2257.0,193.835
57442,86.0,1158.0,193.805
57443,-1722.0,2524.0,193.765
57444,-716.0,1236.0,193.705
57445,665.0,2751.0,193.705
57446,1267.0,1267.0,193.715
57447,4639.0,4787.0,193.755
57448,368.0,368.0,193.755
57449,590.0,590.0,193.755
57450,675.0,1095.0,193.77
57451,-612.0,1020.0,193.765
57452,329.0,329.0,193.775
57453,1222.0,1222.0,193.785
57454,210.0,210.0,193.805
57455,0.0,0.0,193.805
57456,191.0,861.0,193.825
57457,0.0,0.0,193.825
57458,0.0,0.0,193.825
57459,1088.0,1088.0,193.825
57460,-304.0,1106.0,193.825
57461,118.0,118.0,193.825
57462,8.0,8.0,193.825
57463,6.0,6.0,193.825
57464,220.0,220.0,193.825
57465,536.0,536.0,193.825
57466,-1368.0,2772.0,193.815
57467,-949.0,949.0,193.805
57468,-1343.0,1543.0,193.785
57469,-369.0,571.0,193.765
57470,563.0,1615.0,193.775
57471,839.0,839.0,193.775
57472,34.0,34.0,193.775
57473,10.0,10.0,193.775
57474,1240.0,1240.0,193.785
57475,56.0,56.0,193.785
57476,841.0,841.0,193.785
57477,1521.0,1521.0,193.795
57478,0.0,0.0,193.795
57479,0.0,0.0,193.795
57480,2123.0,2783.0,193.805
57481,1114.0,1460.0,193.815
57482,349.0,349.0,193.825
57483,-198.0,202.0,193.815
57484,-337.0,977.0,193.815
57485,606.0,1484.0,193.82
57486,313.0,535.0,193.815
57487,1761.0,1961.0,193.835
57488,460.0,660.0,193.845
57489,310.0,310.0,193.845
57490,-937.0,1499.0,193.825
57491,-774.0,1462.0,193.815
57492,1534.0,1534.0,193.845
57493,-1544.0,1944.0,193.82
57494,539.0,939.0,193.835
57495,-120.0,120.0,193.825
57496,-805.0,805.0,193.805
57497,-2341.0,3191.0,193.825
57498,-381.0,1129.0,193.815
57499,-820.0,820.0,193.805
57500,-411.0,411.0,193.795
57501,-254.0,1964.0,193.785
57502,364.0,784.0,193.795
57503,-1389.0,1389.0,193.785
57504,600.0,800.0,193.785
57505,110.0,710.0,193.785
57506,-1093.0,1193.0,193.79
57507,0.0,0.0,193.79
57508,0.0,0.0,193.785
57509,300.0,300.0,193.79
57510,4285.0,4285.0,193.805
57511,198.0,1576.0,193.805
57512,10.0,10.0,193.805
57513,192.0,192.0,193.805
57514,-416.0,494.0,193.795
57515,-453.0,1419.0,193.79
57516,-473.0,887.0,193.775
57517,-159.0,959.0,193.775
57518,1647.0,1647.0,193.785
57519,-352.0,352.0,193.775
57520,0.0,0.0,193.775
57521,4.0,4.0,193.775
57522,-620.0,620.0,193.775
57523,0.0,0.0,193.775
57524,-85.0,485.0,193.765
57525,0.0,0.0,193.765
57526,4832.0,5058.0,193.805
57527,-942.0,944.0,193.785
57528,1200.0,1200.0,193.805
57529,86.0,1560.0,193.795
57530,-600.0,1976.0,193.795
57531,418.0,838.0,193.785
57532,-2752.0,2752.0,193.775
57533,-287.0,287.0,193.765
57534,1337.0,2045.0,193.775
57535,-508.0,1190.0,193.77
57536,0.0,0.0,193.775
57537,-2496.0,3070.0,193.745
57538,1549.0,3395.0,193.755
57539,2235.0,3035.0,193.785
57540,3032.0,3402.0,193.815
57541,2588.0,2788.0,193.81
57542,394.0,1352.0,193.825
57543,-8.0,520.0,193.815
57544,2784.0,3184.0,193.835
57545,880.0,1966.0,193.835
57546,-19.0,381.0,193.835
57547,718.0,718.0,193.835
57548,1235.0,1635.0,193.845
57549,-1140.0,1198.0,193.835
57550,1230.0,1652.0,193.84
57551,335.0,555.0,193.84
57552,830.0,5198.0,193.855
57553,-429.0,431.0,193.855
57554,340.0,1870.0,193.855
57555,3367.0,3369.0,193.855
57556,4802.0,5358.0,193.885
57557,-408.0,754.0,193.875
57558,293.0,3289.0,193.87
57559,124.0,124.0,193.875
57560,473.0,473.0,193.875
57561,454.0,454.0,193.875
57562,-1720.0,4236.0,193.865
57563,1803.0,2745.0,193.875
57564,493.0,2453.0,193.865
57565,407.0,987.0,193.865
57566,683.0,1145.0,193.87
57567,-3586.0,6946.0,193.835
57568,1648.0,2646.0,193.835
57569,107.0,1301.0,193.835
57570,1639.0,3669.0,193.835
57571,3530.0,3930.0,193.865
57572,932.0,3820.0,193.875
57573,4795.0,4811.0,193.895
57574,2286.0,3672.0,193.915
57575,7352.0,9722.0,193.925
57576,1795.0,3887.0,193.925
57577,2904.0,3114.0,193.925
57578,969.0,5073.0,193.935
57579,-607.0,1825.0,193.925
57580,-1172.0,2178.0,193.915
57581,4064.0,5004.0,193.935
57582,4782.0,6840.0,193.945
57583,-277.0,5563.0,193.945
57584,1481.0,10375.0,193.925
57585,1474.0,6008.0,193.94
57586,8147.0,15711.0,193.955
57587,2255.0,5565.0,193.945
57588,45.0,3639.0,193.95
57589,72.0,874.0,193.945
57590,2696.0,8620.0,193.965
57591,-7040.0,13908.0,193.96
57592,44948.0,47084.0,194.005
57593,10.0,4436.0,194.005
57594,4391.0,5857.0,194.01
57595,-1.0,5423.0,194.01
57596,-7160.0,12424.0,194.0
57597,3915.0,20791.0,194.025
57598,-9103.0,25333.0,194.02
57599,24690.0,39516.0,194.08
