sec,signed_vol,volume,mid
34200,2188.0,3588.0,23.475
34201,25010.0,32058.0,23.495
34202,443.0,603.0,23.505
34203,800.0,800.0,23.525
34204,-902.0,904.0,23.515
34205,7.0,7.0,23.53
34206,-73.0,73.0,23.515
34207,200.0,200.0,23.52
34208,0.0,0.0,23.525
34209,0.0,0.0,23.525
34210,229.0,229.0,23.535
34211,0.0,0.0,23.535
34212,4175.0,4175.0,23.545
34213,511.0,1011.0,23.545
34214,0.0,0.0,23.545
34215,0.0,0.0,23.55
34216,0.0,0.0,23.55
34217,0.0,0.0,23.555
34218,0.0,0.0,23.555
34219,506.0,506.0,23.555
34220,-1415.0,1897.0,23.545
34221,0.0,0.0,23.545
34222,0.0,0.0,23.55
34223,-1463.0,1463.0,23.515
34224,0.0,0.0,23.52
34225,0.0,0.0,23.53
34226,-100.0,100.0,23.525
34227,0.0,0.0,23.535
34228,0.0,0.0,23.535
34229,0.0,0.0,23.535
34230,0.0,0.0,23.535
34231,-5449.0,5449.0,23.51
34232,-900.0,900.0,23.5
34233,0.0,0.0,23.5
34234,200.0,2400.0,23.505
34235,0.0,0.0,23.515
34236,-150.0,150.0,23.505
34237,158.0,158.0,23.505
34238,0.0,0.0,23.51
34239,0.0,0.0,23.505
34240,0.0,0.0,23.505
34241,-92.0,92.0,23.5
34242,150.0,150.0,23.505
34243,1.0,1.0,23.515
34244,16.0,16.0,23.505
34245,-150.0,150.0,23.495
34246,0.0,0.0,23.495
34247,-121.0,121.0,23.485
34248,0.0,0.0,23.485
34249,0.0,0.0,23.485
34250,107.0,107.0,23.5
34251,50.0,550.0,23.49
34252,1373.0,1373.0,23.495
34253,0.0,0.0,23.505
34254,-1253.0,1453.0,23.495
34255,19.0,19.0,23.495
34256,0.0,0.0,23.495
34257,0.0,0.0,23.505
34258,0.0,0.0,23.505
34259,0.0,0.0,23.505
34260,430.0,430.0,23.525
34261,0.0,0.0,23.525
34262,2457.0,2457.0,23.56
34263,-572.0,572.0,23.555
34264,626.0,626.0,23.565
34265,0.0,0.0,23.565
34266,-659.0,659.0,23.545
34267,0.0,0.0,23.55
34268,100.0,100.0,23.555
34269,124.0,596.0,23.555
34270,0.0,0.0,23.555
34271,0.0,0.0,23.56
34272,-63.0,63.0,23.565
34273,0.0,0.0,23.565
34274,0.0,0.0,23.565
34275,0.0,0.0,23.565
34276,0.0,0.0,23.565
34277,0.0,0.0,23.57
34278,0.0,0.0,23.575
34279,4685.0,4685.0,23.615
34280,559.0,559.0,23.625
34281,-587.0,1929.0,23.635
34282,0.0,0.0,23.635
34283,0.0,0.0,23.635
34284,0.0,0.0,23.635
34285,-935.0,935.0,23.625
34286,0.0,0.0,23.625
34287,0.0,0.0,23.625
34288,0.0,0.0,23.625
34289,260.0,260.0,23.645
34290,1735.0,3659.0,23.635
34291,0.0,0.0,23.635
34292,0.0,0.0,23.635
34293,0.0,0.0,23.635
34294,0.0,0.0,23.635
34295,78.0,78.0,23.635
34296,11288.0,11288.0,23.665
34297,0.0,0.0,23.665
34298,-1171.0,1171.0,23.655
34299,59.0,2041.0,23.655
34300,-1475.0,5993.0,23.645
34301,0.0,0.0,23.645
34302,0.0,0.0,23.645
34303,837.0,1897.0,23.685
34304,-234.0,466.0,23.685
34305,0.0,0.0,23.685
34306,5.0,5.0,23.695
34307,6713.0,8773.0,23.695
34308,-1522.0,2120.0,23.685
34309,500.0,500.0,23.695
34310,71.0,71.0,23.695
34311,0.0,0.0,23.695
34312,40.0,40.0,23.695
34313,0.0,0.0,23.695
34314,551.0,795.0,23.705
34315,-146.0,1506.0,23.705
34316,180.0,180.0,23.715
34317,0.0,0.0,23.715
34318,0.0,0.0,23.715
34319,0.0,0.0,23.715
34320,650.0,650.0,23.715
34321,-306.0,1460.0,23.685
34322,150.0,182.0,23.695
34323,0.0,0.0,23.695
34324,-182.0,182.0,23.655
34325,200.0,1200.0,23.665
34326,0.0,0.0,23.655
34327,0.0,0.0,23.655
34328,0.0,0.0,23.655
34329,1366.0,3318.0,23.675
34330,0.0,0.0,23.675
34331,0.0,0.0,23.675
34332,-764.0,764.0,23.675
34333,-392.0,392.0,23.665
34334,0.0,0.0,23.665
34335,0.0,0.0,23.665
34336,1097.0,2501.0,23.675
34337,0.0,0.0,23.675
34338,0.0,0.0,23.675
34339,0.0,0.0,23.675
34340,-994.0,994.0,23.655
34341,183.0,4281.0,23.635
34342,0.0,0.0,23.635
34343,0.0,0.0,23.635
34344,0.0,0.0,23.635
34345,651.0,3695.0,23.635
34346,121.0,121.0,23.63
34347,0.0,0.0,23.63
34348,342.0,342.0,23.65
34349,0.0,0.0,23.645
34350,100.0,100.0,23.655
34351,0.0,0.0,23.655
34352,0.0,0.0,23.655
34353,1.0,1.0,23.655
34354,0.0,0.0,23.655
34355,0.0,0.0,23.65
34356,0.0,0.0,23.655
34357,0.0,0.0,23.655
34358,-25.0,25.0,23.655
34359,-4880.0,5088.0,23.595
34360,264.0,264.0,23.605
34361,362.0,362.0,23.625
34362,0.0,0.0,23.625
34363,615.0,615.0,23.635
34364,0.0,0.0,23.635
34365,64.0,64.0,23.645
34366,3.0,3.0,23.645
34367,-27.0,27.0,23.63
34368,-23.0,23.0,23.61
34369,0.0,0.0,23.615
34370,-100.0,100.0,23.595
34371,0.0,0.0,23.59
34372,-150.0,150.0,23.575
34373,-1579.0,1579.0,23.545
34374,0.0,0.0,23.545
34375,-150.0,150.0,23.535
34376,-1239.0,1677.0,23.515
34377,-927.0,2041.0,23.525
34378,316.0,316.0,23.525
34379,8.0,8.0,23.535
34380,202.0,202.0,23.545
34381,382.0,382.0,23.555
34382,153.0,561.0,23.555
34383,-410.0,410.0,23.55
34384,0.0,0.0,23.555
34385,100.0,100.0,23.56
34386,50.0,50.0,23.565
34387,0.0,0.0,23.565
34388,0.0,0.0,23.565
34389,-295.0,495.0,23.54
34390,2533.0,2533.0,23.565
34391,-822.0,1778.0,23.56
34392,0.0,0.0,23.555
34393,0.0,0.0,23.555
34394,242.0,242.0,23.555
34395,0.0,0.0,23.555
34396,-580.0,580.0,23.54
34397,827.0,827.0,23.565
34398,0.0,0.0,23.565
34399,96.0,96.0,23.575
34400,208.0,208.0,23.585
34401,0.0,0.0,23.585
34402,-463.0,763.0,23.595
34403,68.0,68.0,23.585
34404,0.0,0.0,23.59
34405,600.0,600.0,23.59
34406,71.0,71.0,23.575
34407,-15.0,15.0,23.575
34408,-255.0,255.0,23.575
34409,-621.0,621.0,23.555
34410,-517.0,6121.0,23.555
34411,1027.0,1027.0,23.575
34412,-320.0,320.0,23.565
34413,0.0,0.0,23.565
34414,1354.0,2162.0,23.565
34415,0.0,0.0,23.565
34416,0.0,0.0,23.565
34417,0.0,0.0,23.565
34418,-3687.0,3687.0,23.545
34419,0.0,0.0,23.545
34420,0.0,0.0,23.545
34421,0.0,0.0,23.545
34422,0.0,0.0,23.545
34423,0.0,0.0,23.545
34424,0.0,0.0,23.545
34425,0.0,0.0,23.545
34426,0.0,0.0,23.545
34427,0.0,0.0,23.545
34428,8163.0,11031.0,23.575
34429,0.0,0.0,23.575
34430,0.0,0.0,23.575
34431,625.0,625.0,23.605
34432,-615.0,815.0,23.595
34433,118.0,118.0,23.6
34434,-466.0,466.0,23.585
34435,-50.0,250.0,23.575
34436,0.0,0.0,23.575
34437,-461.0,461.0,23.57
34438,0.0,0.0,23.565
34439,0.0,0.0,23.565
34440,-3778.0,3778.0,23.545
34441,573.0,773.0,23.545
34442,132.0,132.0,23.555
34443,-573.0,573.0,23.555
34444,-150.0,150.0,23.545
34445,0.0,0.0,23.545
34446,0.0,0.0,23.545
34447,-200.0,200.0,23.535
34448,0.0,0.0,23.545
34449,875.0,899.0,23.545
34450,0.0,0.0,23.545
34451,0.0,0.0,23.545
34452,0.0,0.0,23.545
34453,0.0,0.0,23.545
34454,0.0,0.0,23.545
34455,0.0,0.0,23.545
34456,100.0,100.0,23.555
34457,0.0,0.0,23.555
34458,-1298.0,1298.0,23.515
34459,0.0,0.0,23.515
34460,0.0,0.0,23.515
34461,0.0,0.0,23.515
34462,223.0,523.0,23.515
34463,184.0,184.0,23.525
34464,0.0,0.0,23.525
34465,-628.0,638.0,23.515
34466,-310.0,310.0,23.505
34467,5.0,5.0,23.505
34468,-1512.0,1836.0,23.495
34469,0.0,0.0,23.495
34470,0.0,0.0,23.495
34471,0.0,0.0,23.495
34472,-300.0,300.0,23.485
34473,-200.0,200.0,23.485
34474,-870.0,870.0,23.475
34475,-4701.0,4701.0,23.455
34476,0.0,0.0,23.455
34477,401.0,401.0,23.465
34478,-197.0,197.0,23.465
34479,-241.0,241.0,23.455
34480,0.0,0.0,23.455
34481,-1141.0,1141.0,23.445
34482,0.0,0.0,23.445
34483,0.0,0.0,23.445
34484,0.0,0.0,23.445
34485,-403.0,403.0,23.435
34486,0.0,0.0,23.435
34487,-141.0,1841.0,23.445
34488,333.0,333.0,23.465
34489,0.0,0.0,23.47
34490,0.0,0.0,23.475
34491,250.0,250.0,23.485
34492,200.0,200.0,23.495
34493,1310.0,3410.0,23.5
34494,0.0,0.0,23.495
34495,0.0,0.0,23.495
34496,0.0,0.0,23.495
34497,0.0,0.0,23.51
34498,0.0,0.0,23.515
34499,-973.0,1573.0,23.485
34500,0.0,0.0,23.48
34501,-29.0,29.0,23.455
34502,185.0,2067.0,23.445
34503,-7.0,7.0,23.445
34504,-119.0,119.0,23.435
34505,617.0,1265.0,23.445
34506,0.0,0.0,23.445
34507,0.0,0.0,23.445
34508,262.0,914.0,23.445
34509,0.0,0.0,23.435
34510,0.0,0.0,23.435
34511,26.0,26.0,23.425
34512,0.0,0.0,23.425
34513,0.0,0.0,23.425
34514,886.0,886.0,23.435
34515,0.0,0.0,23.435
34516,191.0,1513.0,23.425
34517,350.0,350.0,23.435
34518,-153.0,153.0,23.435
34519,200.0,200.0,23.445
34520,0.0,0.0,23.445
34521,0.0,0.0,23.445
34522,0.0,0.0,23.445
34523,0.0,0.0,23.445
34524,0.0,0.0,23.445
34525,0.0,0.0,23.445
34526,0.0,0.0,23.445
34527,0.0,0.0,23.445
34528,-902.0,902.0,23.425
34529,392.0,392.0,23.435
34530,0.0,0.0,23.425
34531,0.0,0.0,23.425
34532,0.0,0.0,23.425
34533,0.0,0.0,23.425
34534,63.0,2799.0,23.415
34535,0.0,0.0,23.415
34536,4352.0,4952.0,23.435
34537,100.0,100.0,23.435
34538,164.0,164.0,23.445
34539,0.0,0.0,23.445
34540,-2005.0,2005.0,23.43
34541,0.0,0.0,23.43
34542,200.0,200.0,23.435
34543,600.0,600.0,23.445
34544,-1207.0,1207.0,23.435
34545,776.0,776.0,23.445
34546,1738.0,2392.0,23.445
34547,0.0,0.0,23.445
34548,0.0,0.0,23.445
34549,-289.0,289.0,23.435
34550,-250.0,250.0,23.425
34551,1350.0,1350.0,23.435
34552,1150.0,1150.0,23.445
34553,0.0,0.0,23.445
34554,0.0,0.0,23.445
34555,2471.0,2471.0,23.465
34556,0.0,0.0,23.47
34557,0.0,0.0,23.47
34558,0.0,0.0,23.475
34559,0.0,0.0,23.475
34560,-300.0,300.0,23.465
34561,0.0,0.0,23.465
34562,-1403.0,2717.0,23.45
34563,-1.0,1.0,23.445
34564,-401.0,401.0,23.445
34565,0.0,0.0,23.435
34566,0.0,0.0,23.435
34567,0.0,0.0,23.435
34568,0.0,0.0,23.435
34569,0.0,0.0,23.435
34570,0.0,0.0,23.435
34571,0.0,0.0,23.435
34572,314.0,314.0,23.445
34573,233.0,233.0,23.455
34574,0.0,0.0,23.455
34575,0.0,0.0,23.455
34576,-10.0,10.0,23.465
34577,0.0,0.0,23.475
34578,-61.0,61.0,23.465
34579,0.0,0.0,23.465
34580,0.0,0.0,23.465
34581,0.0,0.0,23.465
34582,0.0,0.0,23.465
34583,0.0,0.0,23.465
34584,0.0,0.0,23.465
34585,0.0,0.0,23.465
34586,0.0,0.0,23.465
34587,11.0,11.0,23.465
34588,0.0,0.0,23.465
34589,0.0,0.0,23.465
34590,0.0,0.0,23.465
34591,-82.0,82.0,23.455
34592,-6.0,6.0,23.445
34593,0.0,0.0,23.445
34594,0.0,0.0,23.445
34595,-100.0,100.0,23.435
34596,3616.0,3616.0,23.455
34597,78.0,78.0,23.465
34598,0.0,0.0,23.465
34599,0.0,0.0,23.465
34600,-200.0,200.0,23.455
34601,0.0,0.0,23.455
34602,0.0,0.0,23.455
34603,1225.0,1225.0,23.485
34604,0.0,0.0,23.485
34605,0.0,0.0,23.485
34606,0.0,0.0,23.485
34607,100.0,100.0,23.495
34608,0.0,0.0,23.495
34609,0.0,0.0,23.495
34610,0.0,0.0,23.495
34611,-4500.0,4500.0,23.485
34612,0.0,0.0,23.495
34613,0.0,0.0,23.495
34614,-336.0,336.0,23.485
34615,0.0,0.0,23.485
34616,-507.0,507.0,23.475
34617,0.0,0.0,23.465
34618,0.0,0.0,23.465
34619,0.0,0.0,23.465
34620,0.0,0.0,23.465
34621,489.0,489.0,23.475
34622,0.0,0.0,23.475
34623,0.0,0.0,23.475
34624,0.0,0.0,23.475
34625,761.0,761.0,23.485
34626,0.0,0.0,23.485
34627,0.0,0.0,23.485
34628,0.0,0.0,23.485
34629,-326.0,326.0,23.475
34630,379.0,379.0,23.485
34631,0.0,0.0,23.485
34632,201.0,201.0,23.495
34633,0.0,0.0,23.495
34634,0.0,0.0,23.495
34635,-937.0,937.0,23.485
34636,6667.0,6667.0,23.515
34637,-1570.0,1570.0,23.52
34638,100.0,100.0,23.525
34639,0.0,0.0,23.525
34640,152.0,152.0,23.535
34641,0.0,0.0,23.535
34642,0.0,0.0,23.535
34643,0.0,0.0,23.535
34644,-395.0,399.0,23.525
34645,435.0,435.0,23.535
34646,806.0,806.0,23.545
34647,0.0,0.0,23.545
34648,0.0,0.0,23.545
34649,0.0,0.0,23.545
34650,-100.0,100.0,23.535
34651,0.0,0.0,23.545
34652,-650.0,650.0,23.525
34653,428.0,428.0,23.525
34654,1700.0,3400.0,23.525
34655,298.0,902.0,23.53
34656,0.0,0.0,23.525
34657,-500.0,500.0,23.515
34658,0.0,0.0,23.51
34659,-400.0,400.0,23.495
34660,484.0,2204.0,23.485
34661,0.0,0.0,23.485
34662,0.0,0.0,23.495
34663,0.0,0.0,23.495
34664,300.0,300.0,23.505
34665,0.0,0.0,23.505
34666,0.0,0.0,23.505
34667,0.0,0.0,23.505
34668,0.0,0.0,23.505
34669,745.0,745.0,23.505
34670,-803.0,803.0,23.495
34671,0.0,0.0,23.495
34672,-28.0,326.0,23.485
34673,0.0,0.0,23.485
34674,-856.0,856.0,23.475
34675,100.0,100.0,23.475
34676,0.0,0.0,23.475
34677,-9.0,11.0,23.475
34678,0.0,0.0,23.475
34679,500.0,500.0,23.495
34680,0.0,0.0,23.49
34681,-401.0,401.0,23.475
34682,0.0,0.0,23.475
34683,0.0,0.0,23.475
34684,0.0,0.0,23.475
34685,0.0,0.0,23.475
34686,411.0,411.0,23.485
34687,661.0,661.0,23.495
34688,0.0,0.0,23.495
34689,0.0,0.0,23.495
34690,0.0,0.0,23.495
34691,0.0,0.0,23.495
34692,-276.0,276.0,23.495
34693,-250.0,250.0,23.49
34694,0.0,0.0,23.485
34695,0.0,0.0,23.485
34696,0.0,0.0,23.485
34697,0.0,0.0,23.485
34698,0.0,0.0,23.485
34699,0.0,0.0,23.485
34700,0.0,0.0,23.485
34701,-1500.0,1500.0,23.475
34702,903.0,903.0,23.485
34703,4260.0,4260.0,23.495
34704,0.0,0.0,23.495
34705,0.0,0.0,23.495
34706,0.0,0.0,23.495
34707,-2600.0,2600.0,23.485
34708,0.0,0.0,23.485
34709,0.0,0.0,23.485
34710,-103.0,103.0,23.475
34711,-830.0,830.0,23.465
34712,0.0,0.0,23.465
34713,0.0,0.0,23.465
34714,-634.0,634.0,23.455
34715,702.0,702.0,23.465
34716,0.0,0.0,23.465
34717,-452.0,452.0,23.455
34718,0.0,0.0,23.455
34719,0.0,0.0,23.455
34720,-840.0,840.0,23.435
34721,0.0,0.0,23.435
34722,0.0,0.0,23.435
34723,0.0,0.0,23.435
34724,1.0,1.0,23.435
34725,0.0,0.0,23.435
34726,0.0,0.0,23.435
34727,0.0,0.0,23.435
34728,0.0,0.0,23.435
34729,0.0,0.0,23.435
34730,195.0,195.0,23.435
34731,0.0,0.0,23.435
34732,0.0,0.0,23.435
34733,0.0,0.0,23.435
34734,0.0,0.0,23.435
34735,0.0,0.0,23.435
34736,0.0,0.0,23.435
34737,0.0,0.0,23.435
34738,0.0,0.0,23.435
34739,0.0,0.0,23.435
34740,-258.0,258.0,23.425
34741,0.0,0.0,23.425
34742,601.0,601.0,23.435
34743,0.0,0.0,23.435
34744,-252.0,252.0,23.425
34745,0.0,0.0,23.425
34746,0.0,0.0,23.425
34747,0.0,0.0,23.425
34748,0.0,0.0,23.425
34749,0.0,0.0,23.425
34750,-824.0,824.0,23.415
34751,0.0,0.0,23.415
34752,0.0,0.0,23.415
34753,-220.0,220.0,23.405
34754,0.0,0.0,23.405
34755,0.0,0.0,23.405
34756,0.0,0.0,23.405
34757,633.0,633.0,23.415
34758,0.0,0.0,23.415
34759,0.0,0.0,23.415
34760,0.0,0.0,23.415
34761,0.0,0.0,23.415
34762,1200.0,1200.0,23.425
34763,0.0,0.0,23.425
34764,0.0,0.0,23.425
34765,-436.0,436.0,23.415
34766,0.0,0.0,23.415
34767,0.0,0.0,23.415
34768,0.0,0.0,23.415
34769,0.0,0.0,23.415
34770,-3401.0,3401.0,23.395
34771,-524.0,524.0,23.385
34772,3679.0,3873.0,23.395
34773,0.0,0.0,23.395
34774,0.0,0.0,23.395
34775,0.0,0.0,23.395
34776,0.0,0.0,23.395
34777,0.0,0.0,23.395
34778,451.0,451.0,23.405
34779,0.0,0.0,23.405
34780,-15.0,15.0,23.405
34781,-717.0,717.0,23.405
34782,0.0,0.0,23.405
34783,2153.0,2353.0,23.405
34784,100.0,100.0,23.415
34785,0.0,0.0,23.415
34786,100.0,100.0,23.425
34787,1.0,1.0,23.425
34788,0.0,0.0,23.425
34789,0.0,0.0,23.425
34790,0.0,0.0,23.425
34791,0.0,0.0,23.425
34792,0.0,0.0,23.425
34793,460.0,460.0,23.435
34794,0.0,0.0,23.435
34795,0.0,0.0,23.435
34796,0.0,0.0,23.435
34797,0.0,0.0,23.435
34798,0.0,0.0,23.435
34799,0.0,0.0,23.435
34800,-561.0,561.0,23.395
34801,0.0,0.0,23.395
34802,138.0,486.0,23.405
34803,-156.0,156.0,23.395
34804,0.0,0.0,23.395
34805,400.0,400.0,23.405
34806,0.0,0.0,23.405
34807,0.0,0.0,23.405
34808,0.0,0.0,23.405
34809,-329.0,329.0,23.395
34810,0.0,0.0,23.395
34811,0.0,0.0,23.395
34812,0.0,0.0,23.395
34813,-384.0,384.0,23.385
34814,0.0,0.0,23.385
34815,0.0,0.0,23.385
34816,0.0,0.0,23.385
34817,0.0,0.0,23.385
34818,0.0,0.0,23.385
34819,0.0,0.0,23.385
34820,0.0,0.0,23.385
34821,0.0,0.0,23.385
34822,1524.0,1824.0,23.385
34823,0.0,0.0,23.385
34824,0.0,0.0,23.385
34825,0.0,0.0,23.385
34826,0.0,0.0,23.385
34827,-504.0,504.0,23.385
34828,0.0,0.0,23.385
34829,0.0,0.0,23.385
34830,0.0,0.0,23.385
34831,-3006.0,3006.0,23.375
34832,-350.0,350.0,23.365
34833,0.0,0.0,23.365
34834,0.0,0.0,23.365
34835,-646.0,646.0,23.365
34836,-393.0,393.0,23.355
34837,0.0,0.0,23.355
34838,0.0,0.0,23.355
34839,0.0,0.0,23.355
34840,-1339.0,1339.0,23.345
34841,350.0,350.0,23.355
34842,0.0,0.0,23.355
34843,-583.0,583.0,23.345
34844,0.0,0.0,23.345
34845,654.0,654.0,23.355
34846,0.0,0.0,23.355
34847,0.0,0.0,23.355
34848,0.0,0.0,23.355
34849,0.0,0.0,23.355
34850,0.0,0.0,23.355
34851,0.0,0.0,23.355
34852,-2238.0,3226.0,23.355
34853,0.0,0.0,23.355
34854,-340.0,340.0,23.345
34855,550.0,550.0,23.345
34856,0.0,0.0,23.345
34857,-350.0,350.0,23.345
34858,0.0,0.0,23.345
34859,0.0,0.0,23.345
34860,0.0,0.0,23.345
34861,1157.0,1157.0,23.355
34862,0.0,0.0,23.355
34863,0.0,0.0,23.355
34864,-300.0,300.0,23.345
34865,0.0,0.0,23.345
34866,1479.0,1479.0,23.375
34867,-468.0,468.0,23.365
34868,0.0,0.0,23.365
34869,0.0,0.0,23.365
34870,0.0,0.0,23.365
34871,0.0,0.0,23.365
34872,0.0,0.0,23.365
34873,0.0,0.0,23.365
34874,200.0,200.0,23.375
34875,-368.0,368.0,23.365
34876,0.0,0.0,23.365
34877,0.0,0.0,23.365
34878,-1340.0,1340.0,23.345
34879,-414.0,414.0,23.335
34880,-358.0,358.0,23.325
34881,-1407.0,4249.0,23.305
34882,2557.0,2557.0,23.315
34883,-2250.0,2250.0,23.315
34884,0.0,0.0,23.315
34885,1400.0,1400.0,23.335
34886,0.0,0.0,23.335
34887,200.0,200.0,23.345
34888,0.0,0.0,23.345
34889,-3057.0,3057.0,23.345
34890,0.0,0.0,23.34
34891,0.0,0.0,23.335
34892,0.0,0.0,23.335
34893,0.0,0.0,23.335
34894,0.0,0.0,23.335
34895,300.0,300.0,23.345
34896,-99.0,99.0,23.345
34897,-250.0,250.0,23.335
34898,302.0,302.0,23.345
34899,0.0,0.0,23.345
34900,-650.0,650.0,23.335
34901,200.0,200.0,23.345
34902,0.0,0.0,23.345
34903,-510.0,510.0,23.335
34904,0.0,0.0,23.335
34905,0.0,0.0,23.335
34906,0.0,0.0,23.335
34907,-580.0,580.0,23.325
34908,-610.0,610.0,23.315
34909,0.0,0.0,23.315
34910,0.0,0.0,23.315
34911,0.0,0.0,23.315
34912,0.0,0.0,23.315
34913,0.0,0.0,23.315
34914,0.0,0.0,23.315
34915,0.0,0.0,23.315
34916,953.0,953.0,23.325
34917,-2462.0,2462.0,23.315
34918,0.0,0.0,23.315
34919,0.0,0.0,23.315
34920,0.0,0.0,23.315
34921,0.0,0.0,23.315
34922,0.0,0.0,23.315
34923,0.0,0.0,23.315
34924,0.0,0.0,23.315
34925,0.0,0.0,23.315
34926,0.0,0.0,23.315
34927,-1753.0,1753.0,23.305
34928,0.0,0.0,23.305
34929,-3531.0,3531.0,23.285
34930,-1060.0,1060.0,23.285
34931,-365.0,909.0,23.275
34932,439.0,439.0,23.275
34933,0.0,0.0,23.275
34934,0.0,0.0,23.275
34935,661.0,661.0,23.285
34936,0.0,0.0,23.285
34937,0.0,0.0,23.285
34938,-1081.0,1941.0,23.285
34939,0.0,0.0,23.285
34940,-512.0,512.0,23.275
34941,0.0,0.0,23.275
34942,0.0,0.0,23.275
34943,0.0,0.0,23.275
34944,570.0,570.0,23.285
34945,0.0,0.0,23.285
34946,384.0,384.0,23.285
34947,0.0,0.0,23.285
34948,0.0,0.0,23.285
34949,616.0,616.0,23.285
34950,2001.0,2503.0,23.285
34951,-1012.0,1012.0,23.275
34952,0.0,0.0,23.275
34953,0.0,0.0,23.275
34954,0.0,0.0,23.275
34955,0.0,0.0,23.275
34956,0.0,0.0,23.275
34957,-183.0,183.0,23.265
34958,0.0,0.0,23.265
34959,-636.0,636.0,23.255
34960,0.0,0.0,23.255
34961,-4065.0,4065.0,23.245
34962,0.0,0.0,23.245
34963,410.0,410.0,23.255
34964,0.0,0.0,23.255
34965,0.0,0.0,23.255
34966,2249.0,2249.0,23.265
34967,-1970.0,1970.0,23.265
34968,3126.0,3126.0,23.275
34969,0.0,0.0,23.275
34970,0.0,0.0,23.275
34971,1.0,1.0,23.275
34972,0.0,0.0,23.275
34973,0.0,0.0,23.275
34974,0.0,0.0,23.275
34975,0.0,0.0,23.27
34976,-80.0,80.0,23.275
34977,-15.0,15.0,23.265
34978,-179.0,179.0,23.255
34979,-2300.0,2300.0,23.255
34980,-1265.0,1265.0,23.255
34981,0.0,0.0,23.255
34982,0.0,0.0,23.255
34983,0.0,0.0,23.255
34984,0.0,0.0,23.255
34985,0.0,0.0,23.255
34986,0.0,0.0,23.255
34987,0.0,0.0,23.255
34988,0.0,0.0,23.255
34989,1976.0,2976.0,23.265
34990,0.0,0.0,23.265
34991,2932.0,3932.0,23.295
34992,0.0,0.0,23.295
34993,1014.0,1014.0,23.305
34994,145.0,145.0,23.315
34995,0.0,0.0,23.315
34996,0.0,0.0,23.315
34997,0.0,0.0,23.315
34998,0.0,0.0,23.315
34999,0.0,0.0,23.315
35000,-297.0,297.0,23.305
35001,0.0,0.0,23.305
35002,0.0,0.0,23.305
35003,0.0,0.0,23.305
35004,0.0,0.0,23.305
35005,0.0,0.0,23.305
35006,0.0,0.0,23.305
35007,0.0,0.0,23.305
35008,0.0,0.0,23.305
35009,0.0,0.0,23.305
35010,-4883.0,4883.0,23.305
35011,0.0,0.0,23.305
35012,0.0,0.0,23.305
35013,0.0,0.0,23.305
35014,0.0,0.0,23.305
35015,1999.0,2199.0,23.325
35016,0.0,0.0,23.325
35017,-1061.0,3439.0,23.335
35018,0.0,0.0,23.335
35019,0.0,0.0,23.335
35020,0.0,0.0,23.335
35021,0.0,0.0,23.335
35022,0.0,0.0,23.335
35023,-569.0,3273.0,23.34
35024,0.0,0.0,23.34
35025,0.0,0.0,23.345
35026,0.0,0.0,23.345
35027,21.0,21.0,23.345
35028,1426.0,1426.0,23.355
35029,-150.0,150.0,23.345
35030,1044.0,2656.0,23.345
35031,898.0,1802.0,23.335
35032,170.0,170.0,23.345
35033,-552.0,552.0,23.345
35034,0.0,0.0,23.345
35035,-80.0,80.0,23.345
35036,447.0,553.0,23.355
35037,0.0,0.0,23.355
35038,15.0,2215.0,23.355
35039,0.0,0.0,23.355
35040,150.0,150.0,23.365
35041,-267.0,267.0,23.355
35042,0.0,0.0,23.355
35043,411.0,411.0,23.365
35044,122.0,422.0,23.365
35045,0.0,0.0,23.365
35046,0.0,0.0,23.365
35047,-572.0,572.0,23.355
35048,0.0,0.0,23.355
35049,0.0,0.0,23.355
35050,0.0,0.0,23.355
35051,0.0,0.0,23.355
35052,0.0,0.0,23.355
35053,-1774.0,1774.0,23.345
35054,0.0,0.0,23.345
35055,438.0,438.0,23.355
35056,-172.0,172.0,23.345
35057,0.0,0.0,23.345
35058,-701.0,701.0,23.335
35059,-967.0,967.0,23.315
35060,1928.0,2572.0,23.31
35061,-150.0,150.0,23.305
35062,-122.0,122.0,23.305
35063,-150.0,150.0,23.295
35064,2434.0,3356.0,23.295
35065,100.0,100.0,23.305
35066,-1326.0,3438.0,23.315
35067,-4750.0,4750.0,23.305
35068,0.0,0.0,23.305
35069,0.0,0.0,23.305
35070,0.0,0.0,23.305
35071,0.0,0.0,23.305
35072,0.0,0.0,23.305
35073,0.0,0.0,23.305
35074,301.0,301.0,23.315
35075,-4.0,6.0,23.325
35076,0.0,0.0,23.325
35077,-6386.0,6414.0,23.325
35078,0.0,0.0,23.32
35079,0.0,0.0,23.325
35080,0.0,0.0,23.325
35081,300.0,300.0,23.335
35082,0.0,0.0,23.335
35083,0.0,0.0,23.335
35084,0.0,0.0,23.335
35085,0.0,0.0,23.335
35086,0.0,0.0,23.335
35087,-1.0,1.0,23.325
35088,0.0,0.0,23.325
35089,0.0,0.0,23.325
35090,0.0,0.0,23.325
35091,0.0,0.0,23.325
35092,0.0,0.0,23.325
35093,0.0,0.0,23.325
35094,0.0,0.0,23.325
35095,0.0,0.0,23.325
35096,0.0,0.0,23.325
35097,0.0,0.0,23.325
35098,3352.0,3352.0,23.345
35099,0.0,0.0,23.345
35100,-749.0,749.0,23.325
35101,-1116.0,7416.0,23.305
35102,115.0,315.0,23.315
35103,0.0,0.0,23.315
35104,0.0,0.0,23.315
35105,0.0,0.0,23.315
35106,0.0,0.0,23.315
35107,0.0,0.0,23.315
35108,960.0,960.0,23.335
35109,0.0,0.0,23.335
35110,-1050.0,1050.0,23.335
35111,0.0,0.0,23.335
35112,-300.0,300.0,23.325
35113,0.0,0.0,23.325
35114,0.0,0.0,23.325
35115,0.0,0.0,23.325
35116,1238.0,1238.0,23.335
35117,0.0,0.0,23.335
35118,0.0,0.0,23.335
35119,0.0,0.0,23.335
35120,-1398.0,1398.0,23.305
35121,-900.0,900.0,23.285
35122,-1015.0,1015.0,23.285
35123,0.0,0.0,23.285
35124,-295.0,295.0,23.275
35125,-2101.0,2101.0,23.265
35126,0.0,0.0,23.265
35127,1114.0,1114.0,23.275
35128,0.0,0.0,23.275
35129,-950.0,1498.0,23.275
35130,-286.0,294.0,23.265
35131,-332.0,332.0,23.275
35132,0.0,0.0,23.275
35133,-300.0,300.0,23.265
35134,0.0,0.0,23.265
35135,0.0,0.0,23.265
35136,-1403.0,1403.0,23.255
35137,750.0,750.0,23.265
35138,150.0,150.0,23.275
35139,-407.0,407.0,23.265
35140,0.0,0.0,23.265
35141,948.0,948.0,23.275
35142,0.0,0.0,23.275
35143,-339.0,339.0,23.275
35144,1095.0,1095.0,23.295
35145,0.0,0.0,23.295
35146,0.0,0.0,23.285
35147,400.0,400.0,23.285
35148,0.0,0.0,23.285
35149,0.0,0.0,23.285
35150,0.0,0.0,23.29
35151,0.0,0.0,23.305
35152,0.0,0.0,23.305
35153,0.0,0.0,23.305
35154,700.0,700.0,23.315
35155,-314.0,314.0,23.305
35156,0.0,0.0,23.305
35157,-100.0,100.0,23.305
35158,0.0,0.0,23.305
35159,-100.0,100.0,23.305
35160,1304.0,1304.0,23.325
35161,0.0,0.0,23.325
35162,-301.0,301.0,23.315
35163,0.0,0.0,23.32
35164,-1117.0,3319.0,23.325
35165,-250.0,250.0,23.315
35166,-468.0,468.0,23.295
35167,0.0,0.0,23.295
35168,0.0,0.0,23.295
35169,0.0,0.0,23.295
35170,800.0,800.0,23.305
35171,0.0,0.0,23.305
35172,0.0,0.0,23.305
35173,0.0,0.0,23.305
35174,0.0,0.0,23.305
35175,0.0,0.0,23.305
35176,0.0,0.0,23.305
35177,300.0,300.0,23.315
35178,0.0,0.0,23.315
35179,0.0,0.0,23.315
35180,-659.0,4503.0,23.335
35181,500.0,500.0,23.345
35182,-526.0,526.0,23.335
35183,0.0,0.0,23.335
35184,0.0,0.0,23.335
35185,0.0,0.0,23.335
35186,0.0,0.0,23.335
35187,0.0,0.0,23.335
35188,0.0,0.0,23.335
35189,0.0,0.0,23.335
35190,-6600.0,7048.0,23.325
35191,-572.0,572.0,23.315
35192,0.0,0.0,23.315
35193,0.0,0.0,23.315
35194,500.0,500.0,23.325
35195,0.0,0.0,23.335
35196,300.0,300.0,23.335
35197,0.0,0.0,23.335
35198,0.0,0.0,23.335
35199,0.0,0.0,23.335
35200,0.0,0.0,23.335
35201,0.0,0.0,23.335
35202,0.0,0.0,23.335
35203,-610.0,610.0,23.325
35204,0.0,0.0,23.325
35205,100.0,100.0,23.335
35206,0.0,0.0,23.335
35207,0.0,0.0,23.335
35208,0.0,0.0,23.335
35209,650.0,650.0,23.345
35210,-162.0,162.0,23.345
35211,0.0,0.0,23.345
35212,0.0,0.0,23.345
35213,0.0,0.0,23.345
35214,0.0,0.0,23.345
35215,0.0,0.0,23.345
35216,0.0,0.0,23.345
35217,0.0,0.0,23.345
35218,-588.0,588.0,23.345
35219,-600.0,600.0,23.335
35220,-400.0,400.0,23.325
35221,585.0,885.0,23.325
35222,-24.0,24.0,23.325
35223,-120.0,120.0,23.315
35224,0.0,0.0,23.315
35225,201.0,201.0,23.325
35226,10.0,10.0,23.325
35227,0.0,0.0,23.325
35228,-2414.0,2414.0,23.315
35229,0.0,0.0,23.315
35230,0.0,0.0,23.315
35231,-2902.0,2902.0,23.305
35232,0.0,0.0,23.305
35233,300.0,300.0,23.315
35234,0.0,0.0,23.315
35235,0.0,0.0,23.315
35236,2397.0,2397.0,23.335
35237,0.0,0.0,23.335
35238,0.0,0.0,23.335
35239,-3370.0,3370.0,23.315
35240,0.0,0.0,23.315
35241,0.0,0.0,23.315
35242,1000.0,1000.0,23.325
35243,0.0,0.0,23.325
35244,0.0,0.0,23.325
35245,0.0,0.0,23.325
35246,0.0,0.0,23.325
35247,0.0,0.0,23.325
35248,500.0,500.0,23.345
35249,0.0,0.0,23.345
35250,-400.0,400.0,23.345
35251,0.0,0.0,23.345
35252,0.0,0.0,23.345
35253,0.0,0.0,23.345
35254,-648.0,1048.0,23.335
35255,0.0,0.0,23.335
35256,0.0,0.0,23.335
35257,0.0,0.0,23.335
35258,-206.0,206.0,23.325
35259,0.0,0.0,23.325
35260,-301.0,301.0,23.315
35261,-2497.0,2497.0,23.305
35262,-1538.0,1938.0,23.295
35263,-1594.0,1594.0,23.285
35264,-123.0,123.0,23.275
35265,0.0,0.0,23.275
35266,-814.0,814.0,23.275
35267,-845.0,845.0,23.265
35268,0.0,0.0,23.265
35269,0.0,0.0,23.265
35270,0.0,0.0,23.265
35271,0.0,0.0,23.265
35272,0.0,0.0,23.265
35273,401.0,401.0,23.275
35274,0.0,0.0,23.275
35275,0.0,0.0,23.275
35276,250.0,250.0,23.285
35277,-169.0,169.0,23.275
35278,0.0,0.0,23.275
35279,0.0,0.0,23.265
35280,0.0,0.0,23.265
35281,0.0,0.0,23.265
35282,0.0,0.0,23.265
35283,-105.0,105.0,23.255
35284,0.0,0.0,23.255
35285,0.0,0.0,23.255
35286,0.0,0.0,23.255
35287,0.0,0.0,23.255
35288,799.0,799.0,23.265
35289,0.0,0.0,23.265
35290,0.0,0.0,23.265
35291,0.0,0.0,23.265
35292,0.0,0.0,23.265
35293,400.0,400.0,23.275
35294,0.0,0.0,23.275
35295,-142.0,142.0,23.265
35296,0.0,0.0,23.265
35297,0.0,0.0,23.265
35298,-625.0,625.0,23.255
35299,0.0,0.0,23.255
35300,1100.0,1100.0,23.255
35301,0.0,0.0,23.255
35302,0.0,0.0,23.255
35303,200.0,200.0,23.265
35304,0.0,0.0,23.265
35305,0.0,0.0,23.265
35306,-1.0,1.0,23.255
35307,0.0,0.0,23.255
35308,0.0,0.0,23.255
35309,0.0,0.0,23.255
35310,0.0,0.0,23.255
35311,0.0,0.0,23.255
35312,0.0,0.0,23.255
35313,-4839.0,4839.0,23.245
35314,-296.0,296.0,23.235
35315,0.0,0.0,23.235
35316,1056.0,1056.0,23.245
35317,100.0,100.0,23.255
35318,0.0,0.0,23.255
35319,0.0,0.0,23.255
35320,-586.0,586.0,23.245
35321,-350.0,350.0,23.235
35322,0.0,0.0,23.24
35323,0.0,0.0,23.235
35324,0.0,0.0,23.235
35325,1200.0,1200.0,23.245
35326,0.0,0.0,23.245
35327,0.0,0.0,23.245
35328,0.0,0.0,23.245
35329,0.0,0.0,23.245
35330,-5904.0,9156.0,23.245
35331,0.0,0.0,23.245
35332,3772.0,3772.0,23.275
35333,0.0,0.0,23.275
35334,0.0,0.0,23.275
35335,0.0,0.0,23.275
35336,0.0,0.0,23.275
35337,0.0,0.0,23.275
35338,0.0,0.0,23.275
35339,0.0,0.0,23.275
35340,0.0,0.0,23.275
35341,0.0,0.0,23.275
35342,0.0,0.0,23.275
35343,0.0,0.0,23.275
35344,0.0,0.0,23.275
35345,-484.0,1426.0,23.275
35346,467.0,467.0,23.285
35347,0.0,0.0,23.285
35348,61.0,3661.0,23.305
35349,524.0,524.0,23.315
35350,0.0,0.0,23.315
35351,-364.0,364.0,23.305
35352,0.0,0.0,23.305
35353,0.0,0.0,23.305
35354,1445.0,1445.0,23.325
35355,0.0,0.0,23.325
35356,0.0,0.0,23.325
35357,0.0,0.0,23.325
35358,0.0,0.0,23.325
35359,-422.0,422.0,23.315
35360,-551.0,551.0,23.295
35361,0.0,0.0,23.295
35362,0.0,0.0,23.295
35363,0.0,0.0,23.295
35364,0.0,0.0,23.295
35365,-98.0,700.0,23.295
35366,0.0,0.0,23.295
35367,0.0,0.0,23.295
35368,0.0,0.0,23.295
35369,0.0,0.0,23.295
35370,0.0,0.0,23.295
35371,670.0,670.0,23.305
35372,0.0,0.0,23.305
35373,0.0,0.0,23.305
35374,0.0,0.0,23.305
35375,0.0,0.0,23.305
35376,0.0,0.0,23.305
35377,0.0,0.0,23.305
35378,0.0,0.0,23.305
35379,-205.0,205.0,23.295
35380,-2648.0,2648.0,23.275
35381,348.0,352.0,23.275
35382,0.0,0.0,23.275
35383,1050.0,1050.0,23.285
35384,0.0,0.0,23.285
35385,0.0,0.0,23.285
35386,3544.0,3744.0,23.305
35387,-381.0,381.0,23.295
35388,0.0,0.0,23.295
35389,0.0,0.0,23.295
35390,0.0,0.0,23.295
35391,-1540.0,1540.0,23.285
35392,0.0,0.0,23.285
35393,0.0,0.0,23.285
35394,0.0,0.0,23.285
35395,1137.0,1137.0,23.3
35396,0.0,0.0,23.305
35397,0.0,0.0,23.305
35398,0.0,0.0,23.305
35399,-227.0,227.0,23.295
35400,-1850.0,1850.0,23.275
35401,0.0,0.0,23.275
35402,281.0,281.0,23.285
35403,0.0,0.0,23.285
35404,0.0,0.0,23.285
35405,11.0,91.0,23.285
35406,-150.0,150.0,23.275
35407,0.0,0.0,23.275
35408,0.0,0.0,23.275
35409,0.0,0.0,23.275
35410,0.0,0.0,23.275
35411,0.0,0.0,23.275
35412,0.0,0.0,23.275
35413,-1327.0,1327.0,23.265
35414,100.0,100.0,23.265
35415,0.0,0.0,23.265
35416,431.0,431.0,23.275
35417,-379.0,379.0,23.265
35418,0.0,0.0,23.265
35419,0.0,0.0,23.265
35420,-1.0,1.0,23.255
35421,0.0,0.0,23.255
35422,-28.0,28.0,23.255
35423,0.0,0.0,23.255
35424,0.0,0.0,23.255
35425,0.0,0.0,23.255
35426,-449.0,449.0,23.245
35427,-100.0,100.0,23.245
35428,0.0,0.0,23.245
35429,0.0,0.0,23.245
35430,-809.0,809.0,23.245
35431,-500.0,500.0,23.235
35432,1454.0,1454.0,23.235
35433,-5028.0,11728.0,23.235
35434,450.0,450.0,23.245
35435,0.0,0.0,23.245
35436,-4.0,4.0,23.235
35437,0.0,0.0,23.235
35438,0.0,0.0,23.235
35439,0.0,0.0,23.235
35440,1534.0,1534.0,23.245
35441,0.0,0.0,23.245
35442,0.0,0.0,23.245
35443,0.0,0.0,23.245
35444,-301.0,301.0,23.23
35445,-2476.0,2476.0,23.225
35446,0.0,0.0,23.225
35447,0.0,0.0,23.225
35448,1158.0,1158.0,23.235
35449,-649.0,649.0,23.225
35450,0.0,0.0,23.225
35451,-4237.0,14287.0,23.225
35452,178.0,178.0,23.235
35453,0.0,0.0,23.235
35454,0.0,0.0,23.235
35455,0.0,0.0,23.235
35456,1859.0,1859.0,23.245
35457,0.0,0.0,23.245
35458,0.0,0.0,23.245
35459,0.0,0.0,23.245
35460,6683.0,6683.0,23.255
35461,-2806.0,3822.0,23.25
35462,0.0,0.0,23.255
35463,0.0,0.0,23.255
35464,0.0,0.0,23.255
35465,0.0,0.0,23.255
35466,0.0,0.0,23.255
35467,292.0,3382.0,23.255
35468,-579.0,3479.0,23.255
35469,0.0,0.0,23.255
35470,0.0,0.0,23.255
35471,-2063.0,4675.0,23.245
35472,15.0,15.0,23.245
35473,200.0,200.0,23.255
35474,0.0,0.0,23.255
35475,-943.0,943.0,23.245
35476,0.0,0.0,23.245
35477,0.0,0.0,23.245
35478,0.0,0.0,23.245
35479,0.0,0.0,23.245
35480,0.0,0.0,23.245
35481,-1799.0,1799.0,23.235
35482,0.0,0.0,23.235
35483,0.0,0.0,23.235
35484,100.0,100.0,23.245
35485,0.0,0.0,23.245
35486,500.0,500.0,23.255
35487,0.0,0.0,23.255
35488,0.0,0.0,23.255
35489,0.0,0.0,23.255
35490,0.0,0.0,23.255
35491,1465.0,1465.0,23.265
35492,100.0,100.0,23.265
35493,0.0,0.0,23.265
35494,0.0,0.0,23.265
35495,100.0,100.0,23.265
35496,0.0,0.0,23.265
35497,0.0,0.0,23.265
35498,0.0,0.0,23.265
35499,0.0,0.0,23.265
35500,-790.0,790.0,23.255
35501,694.0,694.0,23.265
35502,0.0,0.0,23.265
35503,0.0,0.0,23.265
35504,0.0,0.0,23.265
35505,0.0,0.0,23.265
35506,0.0,0.0,23.265
35507,0.0,0.0,23.265
35508,0.0,0.0,23.265
35509,0.0,0.0,23.255
35510,0.0,0.0,23.255
35511,0.0,0.0,23.255
35512,0.0,0.0,23.255
35513,0.0,0.0,23.255
35514,0.0,0.0,23.255
35515,0.0,0.0,23.255
35516,-2962.0,2962.0,23.245
35517,-5023.0,5023.0,23.245
35518,0.0,0.0,23.245
35519,0.0,0.0,23.245
35520,973.0,973.0,23.255
35521,845.0,845.0,23.265
35522,0.0,0.0,23.265
35523,0.0,0.0,23.265
35524,0.0,0.0,23.265
35525,0.0,0.0,23.265
35526,0.0,0.0,23.265
35527,-520.0,520.0,23.255
35528,0.0,0.0,23.255
35529,0.0,0.0,23.255
35530,2419.0,2885.0,23.255
35531,0.0,0.0,23.255
35532,0.0,0.0,23.255
35533,0.0,0.0,23.255
35534,0.0,0.0,23.255
35535,-1000.0,1000.0,23.245
35536,0.0,0.0,23.245
35537,-551.0,551.0,23.235
35538,450.0,450.0,23.245
35539,0.0,0.0,23.245
35540,0.0,0.0,23.245
35541,0.0,0.0,23.245
35542,0.0,0.0,23.245
35543,0.0,0.0,23.245
35544,-1238.0,1342.0,23.245
35545,0.0,0.0,23.245
35546,0.0,0.0,23.245
35547,0.0,0.0,23.245
35548,0.0,0.0,23.245
35549,0.0,0.0,23.245
35550,0.0,0.0,23.235
35551,-6353.0,6353.0,23.225
35552,0.0,0.0,23.225
35553,0.0,0.0,23.225
35554,-493.0,493.0,23.225
35555,100.0,100.0,23.225
35556,0.0,0.0,23.215
35557,0.0,0.0,23.215
35558,0.0,0.0,23.215
35559,0.0,0.0,23.215
35560,0.0,0.0,23.215
35561,0.0,0.0,23.215
35562,0.0,0.0,23.215
35563,0.0,0.0,23.215
35564,599.0,599.0,23.225
35565,0.0,0.0,23.225
35566,0.0,0.0,23.225
35567,-150.0,150.0,23.215
35568,0.0,0.0,23.215
35569,0.0,0.0,23.215
35570,0.0,0.0,23.215
35571,0.0,0.0,23.215
35572,-118.0,118.0,23.205
35573,0.0,0.0,23.205
35574,0.0,0.0,23.205
35575,0.0,0.0,23.205
35576,0.0,0.0,23.205
35577,-10337.0,10337.0,23.195
35578,0.0,0.0,23.195
35579,583.0,1133.0,23.185
35580,-5842.0,5842.0,23.185
35581,600.0,600.0,23.185
35582,0.0,0.0,23.185
35583,0.0,0.0,23.185
35584,0.0,0.0,23.185
35585,0.0,0.0,23.185
35586,0.0,0.0,23.185
35587,0.0,0.0,23.185
35588,0.0,0.0,23.185
35589,2440.0,2440.0,23.195
35590,0.0,0.0,23.185
35591,0.0,0.0,23.185
35592,250.0,350.0,23.195
35593,0.0,0.0,23.195
35594,0.0,0.0,23.195
35595,0.0,0.0,23.195
35596,-1150.0,1150.0,23.195
35597,0.0,0.0,23.185
35598,0.0,0.0,23.185
35599,0.0,0.0,23.185
35600,-5418.0,5418.0,23.165
35601,0.0,0.0,23.165
35602,0.0,0.0,23.165
35603,665.0,665.0,23.175
35604,0.0,0.0,23.175
35605,0.0,0.0,23.175
35606,0.0,0.0,23.175
35607,450.0,450.0,23.185
35608,-100.0,100.0,23.185
35609,0.0,0.0,23.185
35610,267.0,1273.0,23.19
35611,0.0,0.0,23.185
35612,0.0,0.0,23.185
35613,0.0,0.0,23.185
35614,1190.0,1190.0,23.195
35615,899.0,899.0,23.205
35616,0.0,0.0,23.205
35617,0.0,0.0,23.205
35618,0.0,0.0,23.205
35619,0.0,0.0,23.205
35620,0.0,0.0,23.205
35621,-1458.0,1458.0,23.195
35622,100.0,100.0,23.195
35623,486.0,486.0,23.205
35624,0.0,0.0,23.205
35625,5273.0,5273.0,23.215
35626,200.0,200.0,23.225
35627,0.0,0.0,23.215
35628,0.0,0.0,23.215
35629,0.0,0.0,23.215
35630,0.0,0.0,23.215
35631,0.0,0.0,23.215
35632,1433.0,1433.0,23.225
35633,0.0,0.0,23.225
35634,1215.0,1215.0,23.235
35635,0.0,0.0,23.235
35636,-2701.0,2701.0,23.225
35637,0.0,0.0,23.225
35638,0.0,0.0,23.225
35639,0.0,0.0,23.225
35640,0.0,0.0,23.225
35641,-20.0,20.0,23.215
35642,0.0,0.0,23.215
35643,-100.0,100.0,23.215
35644,-2770.0,2770.0,23.205
35645,-1040.0,1040.0,23.205
35646,2100.0,2100.0,23.215
35647,0.0,0.0,23.215
35648,0.0,0.0,23.215
35649,0.0,0.0,23.215
35650,0.0,0.0,23.215
35651,-205.0,205.0,23.205
35652,-3183.0,3183.0,23.195
35653,1929.0,3509.0,23.205
35654,1251.0,2149.0,23.205
35655,-200.0,200.0,23.205
35656,0.0,0.0,23.205
35657,-205.0,205.0,23.195
35658,0.0,0.0,23.195
35659,0.0,0.0,23.195
35660,0.0,0.0,23.195
35661,0.0,0.0,23.195
35662,0.0,0.0,23.195
35663,0.0,0.0,23.195
35664,0.0,0.0,23.195
35665,0.0,0.0,23.195
35666,507.0,507.0,23.205
35667,-286.0,430.0,23.205
35668,0.0,0.0,23.205
35669,-4311.0,4311.0,23.205
35670,0.0,0.0,23.205
35671,0.0,0.0,23.205
35672,0.0,0.0,23.205
35673,0.0,0.0,23.205
35674,0.0,0.0,23.205
35675,0.0,0.0,23.205
35676,0.0,0.0,23.205
35677,0.0,0.0,23.205
35678,0.0,0.0,23.205
35679,0.0,0.0,23.205
35680,-2.0,2.0,23.195
35681,0.0,0.0,23.195
35682,0.0,0.0,23.195
35683,0.0,0.0,23.195
35684,0.0,0.0,23.195
35685,0.0,0.0,23.195
35686,-501.0,501.0,23.185
35687,0.0,0.0,23.185
35688,0.0,0.0,23.185
35689,0.0,0.0,23.185
35690,0.0,0.0,23.185
35691,0.0,0.0,23.185
35692,-174.0,174.0,23.185
35693,0.0,0.0,23.185
35694,945.0,1449.0,23.185
35695,-150.0,150.0,23.175
35696,-2930.0,2930.0,23.165
35697,0.0,0.0,23.165
35698,0.0,0.0,23.165
35699,0.0,0.0,23.165
35700,0.0,0.0,23.165
35701,0.0,0.0,23.165
35702,0.0,0.0,23.165
35703,0.0,0.0,23.165
35704,2563.0,2563.0,23.185
35705,1272.0,1272.0,23.195
35706,-13468.0,14068.0,23.175
35707,2309.0,3499.0,23.175
35708,-7396.0,7396.0,23.165
35709,-1957.0,1957.0,23.155
35710,3018.0,4030.0,23.155
35711,693.0,807.0,23.155
35712,11.0,11.0,23.155
35713,702.0,702.0,23.165
35714,0.0,0.0,23.165
35715,1439.0,2261.0,23.165
35716,0.0,0.0,23.165
35717,0.0,0.0,23.165
35718,0.0,0.0,23.165
35719,-6250.0,7850.0,23.175
35720,430.0,430.0,23.185
35721,0.0,0.0,23.185
35722,0.0,0.0,23.185
35723,0.0,0.0,23.185
35724,0.0,0.0,23.185
35725,0.0,0.0,23.185
35726,-880.0,880.0,23.165
35727,0.0,0.0,23.165
35728,0.0,0.0,23.165
35729,0.0,0.0,23.165
35730,0.0,0.0,23.165
35731,0.0,0.0,23.165
35732,0.0,0.0,23.165
35733,-106.0,106.0,23.155
35734,0.0,0.0,23.155
35735,550.0,550.0,23.165
35736,0.0,0.0,23.165
35737,0.0,0.0,23.165
35738,0.0,0.0,23.165
35739,0.0,0.0,23.165
35740,0.0,0.0,23.165
35741,0.0,0.0,23.165
35742,0.0,0.0,23.165
35743,0.0,0.0,23.165
35744,0.0,0.0,23.165
35745,0.0,0.0,23.165
35746,0.0,0.0,23.165
35747,0.0,0.0,23.165
35748,1688.0,1728.0,23.155
35749,451.0,451.0,23.165
35750,0.0,0.0,23.165
35751,-600.0,600.0,23.155
35752,558.0,558.0,23.165
35753,-3432.0,4152.0,23.165
35754,450.0,450.0,23.175
35755,0.0,0.0,23.175
35756,0.0,0.0,23.175
35757,0.0,0.0,23.175
35758,-2200.0,2200.0,23.175
35759,0.0,0.0,23.175
35760,-740.0,1660.0,23.175
35761,-421.0,421.0,23.165
35762,0.0,0.0,23.165
35763,0.0,0.0,23.165
35764,0.0,0.0,23.165
35765,1605.0,1605.0,23.185
35766,9619.0,9819.0,23.215
35767,569.0,1669.0,23.215
35768,0.0,0.0,23.215
35769,-250.0,250.0,23.205
35770,0.0,0.0,23.205
35771,0.0,0.0,23.205
35772,0.0,0.0,23.205
35773,-750.0,750.0,23.195
35774,0.0,0.0,23.195
35775,0.0,0.0,23.195
35776,3980.0,4780.0,23.195
35777,0.0,0.0,23.195
35778,0.0,0.0,23.195
35779,0.0,0.0,23.195
35780,0.0,0.0,23.195
35781,0.0,0.0,23.195
35782,2749.0,2749.0,23.215
35783,-200.0,200.0,23.215
35784,0.0,0.0,23.22
35785,858.0,3142.0,23.215
35786,0.0,0.0,23.215
35787,0.0,0.0,23.215
35788,0.0,0.0,23.215
35789,0.0,0.0,23.215
35790,-181.0,1181.0,23.205
35791,0.0,0.0,23.205
35792,0.0,0.0,23.205
35793,437.0,437.0,23.215
35794,1550.0,1550.0,23.225
35795,1405.0,1405.0,23.235
35796,-1614.0,2614.0,23.225
35797,612.0,612.0,23.245
35798,0.0,0.0,23.245
35799,-560.0,560.0,23.235
35800,0.0,0.0,23.235
35801,0.0,0.0,23.235
35802,0.0,0.0,23.235
35803,0.0,0.0,23.235
35804,0.0,0.0,23.235
35805,0.0,0.0,23.235
35806,0.0,0.0,23.235
35807,0.0,0.0,23.235
35808,-400.0,400.0,23.235
35809,0.0,0.0,23.235
35810,0.0,0.0,23.235
35811,0.0,0.0,23.235
35812,-3881.0,3881.0,23.235
35813,0.0,0.0,23.235
35814,0.0,0.0,23.235
35815,0.0,0.0,23.235
35816,-717.0,717.0,23.235
35817,0.0,0.0,23.235
35818,0.0,0.0,23.235
35819,0.0,0.0,23.235
35820,0.0,0.0,23.235
35821,0.0,0.0,23.235
35822,-1600.0,2000.0,23.235
35823,-300.0,300.0,23.235
35824,-486.0,486.0,23.235
35825,0.0,0.0,23.235
35826,-162.0,162.0,23.235
35827,1761.0,1761.0,23.255
35828,-1140.0,1140.0,23.245
35829,0.0,0.0,23.245
35830,0.0,0.0,23.245
35831,0.0,0.0,23.245
35832,500.0,500.0,23.255
35833,0.0,0.0,23.255
35834,0.0,0.0,23.25
35835,0.0,0.0,23.25
35836,0.0,0.0,23.255
35837,-100.0,100.0,23.255
35838,-3233.0,3233.0,23.235
35839,0.0,0.0,23.235
35840,300.0,300.0,23.245
35841,0.0,0.0,23.245
35842,0.0,0.0,23.245
35843,0.0,0.0,23.245
35844,0.0,0.0,23.245
35845,0.0,0.0,23.245
35846,400.0,400.0,23.255
35847,-1295.0,1295.0,23.255
35848,0.0,0.0,23.255
35849,-390.0,390.0,23.245
35850,0.0,0.0,23.245
35851,0.0,0.0,23.245
35852,-100.0,100.0,23.235
35853,0.0,0.0,23.235
35854,388.0,388.0,23.245
35855,753.0,753.0,23.255
35856,-400.0,400.0,23.245
35857,0.0,0.0,23.245
35858,0.0,0.0,23.245
35859,0.0,0.0,23.245
35860,0.0,0.0,23.245
35861,0.0,0.0,23.245
35862,0.0,0.0,23.245
35863,0.0,0.0,23.245
35864,0.0,0.0,23.245
35865,0.0,0.0,23.245
35866,0.0,0.0,23.245
35867,-2700.0,2700.0,23.245
35868,-800.0,800.0,23.235
35869,0.0,0.0,23.235
35870,0.0,0.0,23.235
35871,0.0,0.0,23.235
35872,-1152.0,1152.0,23.225
35873,0.0,0.0,23.225
35874,2792.0,6612.0,23.225
35875,0.0,0.0,23.225
35876,0.0,0.0,23.225
35877,1063.0,1063.0,23.235
35878,0.0,0.0,23.235
35879,0.0,0.0,23.235
35880,0.0,0.0,23.235
35881,-63.0,63.0,23.225
35882,0.0,0.0,23.225
35883,-186.0,186.0,23.215
35884,-16700.0,16718.0,23.195
35885,3890.0,3890.0,23.205
35886,0.0,0.0,23.205
35887,0.0,0.0,23.205
35888,0.0,0.0,23.205
35889,0.0,0.0,23.205
35890,0.0,0.0,23.205
35891,0.0,0.0,23.205
35892,0.0,0.0,23.205
35893,0.0,0.0,23.205
35894,0.0,0.0,23.205
35895,318.0,2438.0,23.195
35896,0.0,0.0,23.195
35897,263.0,263.0,23.205
35898,0.0,0.0,23.205
35899,-900.0,1100.0,23.2
35900,70.0,70.0,23.2
35901,0.0,0.0,23.195
35902,2302.0,2302.0,23.195
35903,-2557.0,2557.0,23.185
35904,0.0,0.0,23.185
35905,0.0,0.0,23.185
35906,179.0,179.0,23.195
35907,-58.0,58.0,23.195
35908,0.0,0.0,23.195
35909,0.0,0.0,23.195
35910,0.0,0.0,23.195
35911,0.0,0.0,23.195
35912,0.0,0.0,23.195
35913,0.0,0.0,23.195
35914,0.0,0.0,23.195
35915,0.0,0.0,23.195
35916,-12494.0,14166.0,23.195
35917,0.0,0.0,23.195
35918,1529.0,1529.0,23.205
35919,276.0,276.0,23.215
35920,0.0,0.0,23.215
35921,0.0,0.0,23.215
35922,-22047.0,24465.0,23.195
35923,0.0,0.0,23.195
35924,-1837.0,2163.0,23.195
35925,0.0,0.0,23.195
35926,0.0,0.0,23.195
35927,0.0,0.0,23.195
35928,0.0,0.0,23.195
35929,-3973.0,25371.0,23.185
35930,0.0,0.0,23.185
35931,0.0,0.0,23.185
35932,0.0,0.0,23.185
35933,0.0,0.0,23.185
35934,0.0,0.0,23.185
35935,0.0,0.0,23.185
35936,0.0,0.0,23.185
35937,-16097.0,17145.0,23.165
35938,4.0,4.0,23.165
35939,0.0,0.0,23.165
35940,0.0,0.0,23.165
35941,0.0,0.0,23.165
35942,914.0,12700.0,23.165
35943,-3175.0,6313.0,23.155
35944,618.0,618.0,23.165
35945,0.0,0.0,23.165
35946,0.0,0.0,23.165
35947,0.0,0.0,23.165
35948,0.0,0.0,23.165
35949,0.0,0.0,23.165
35950,0.0,0.0,23.165
35951,0.0,0.0,23.165
35953,0.0,0.0,23.165
35954,0.0,0.0,23.165
35955,0.0,0.0,23.165
35956,0.0,0.0,23.165
35957,1347.0,1347.0,23.175
35958,0.0,0.0,23.175
35959,0.0,0.0,23.175
35960,350.0,350.0,23.175
35961,0.0,0.0,23.175
35962,-3063.0,3063.0,23.155
35963,-1355.0,1355.0,23.135
35964,902.0,2398.0,23.135
35965,-1025.0,1249.0,23.135
35966,3690.0,3690.0,23.155
35967,1150.0,1150.0,23.165
35968,0.0,0.0,23.165
35969,0.0,0.0,23.165
35970,0.0,0.0,23.165
35971,0.0,0.0,23.165
35972,0.0,0.0,23.165
35973,0.0,0.0,23.165
35974,0.0,0.0,23.165
35975,0.0,0.0,23.165
35976,-1012.0,1012.0,23.155
35977,0.0,0.0,23.155
35978,819.0,819.0,23.165
35979,-950.0,950.0,23.155
35980,1679.0,1795.0,23.165
35981,0.0,0.0,23.165
35982,707.0,907.0,23.175
35983,0.0,0.0,23.175
35984,0.0,0.0,23.175
35985,0.0,0.0,23.175
35986,5594.0,5994.0,23.175
35987,0.0,0.0,23.18
35988,0.0,0.0,23.185
35989,0.0,0.0,23.18
35990,-2448.0,2448.0,23.175
35991,0.0,0.0,23.175
35992,-1100.0,1100.0,23.165
35993,-214.0,214.0,23.155
35994,0.0,0.0,23.155
35995,-1458.0,1458.0,23.145
35996,0.0,0.0,23.145
35997,1385.0,1385.0,23.155
35998,0.0,0.0,23.155
35999,-309.0,709.0,23.15
36000,0.0,0.0,23.155
36001,-19626.0,22924.0,23.095
36002,467.0,1733.0,23.085
36003,-144.0,1512.0,23.1
36004,1927.0,3413.0,23.16
36005,651.0,46351.0,23.205
36006,75357.0,81859.0,23.255
36007,-179.0,4979.0,23.235
36008,-177.0,177.0,23.225
36009,-503.0,2189.0,23.215
36010,-19.0,945.0,23.205
36011,-230.0,830.0,23.205
36012,810.0,810.0,23.225
36013,60.0,260.0,23.235
36014,705.0,705.0,23.245
36015,290.0,290.0,23.255
36016,801.0,1321.0,23.255
36017,0.0,0.0,23.255
36018,580.0,2902.0,23.26
36019,-794.0,928.0,23.255
36020,-1769.0,2991.0,23.255
36021,2381.0,5039.0,23.295
36022,-683.0,777.0,23.275
36023,-100.0,100.0,23.275
36024,-150.0,150.0,23.265
36025,-1687.0,1687.0,23.255
36026,745.0,1837.0,23.27
36027,0.0,0.0,23.275
36028,350.0,1350.0,23.285
36029,0.0,0.0,23.285
36030,6140.0,7842.0,23.295
36031,850.0,950.0,23.305
36032,-628.0,628.0,23.295
36033,0.0,0.0,23.275
36034,0.0,0.0,23.275
36035,0.0,0.0,23.275
36036,300.0,300.0,23.285
36037,0.0,0.0,23.275
36038,0.0,0.0,23.275
36039,102.0,102.0,23.285
36040,0.0,0.0,23.28
36041,0.0,0.0,23.275
36042,100.0,100.0,23.285
36043,-900.0,1000.0,23.295
36044,0.0,0.0,23.295
36045,0.0,0.0,23.295
36046,0.0,0.0,23.295
36047,0.0,0.0,23.295
36048,-100.0,100.0,23.275
36049,-2457.0,2579.0,23.265
36050,-1429.0,2629.0,23.265
36051,0.0,0.0,23.265
36052,1625.0,1625.0,23.275
36053,1100.0,1100.0,23.28
36054,0.0,0.0,23.28
36055,0.0,0.0,23.275
36056,0.0,0.0,23.275
36057,-132.0,132.0,23.265
36058,0.0,0.0,23.265
36059,0.0,0.0,23.265
36060,-2201.0,5765.0,23.265
36061,0.0,0.0,23.265
36062,-145.0,145.0,23.255
36063,341.0,341.0,23.265
36064,0.0,0.0,23.265
36065,0.0,0.0,23.255
36066,-1354.0,1354.0,23.245
36067,0.0,0.0,23.245
36068,1717.0,2117.0,23.245
36069,399.0,399.0,23.245
36070,0.0,0.0,23.245
36071,-196.0,196.0,23.235
36072,62.0,62.0,23.245
36073,100.0,100.0,23.245
36074,0.0,0.0,23.245
36075,100.0,100.0,23.25
36076,0.0,0.0,23.255
36077,0.0,0.0,23.255
36078,-152.0,152.0,23.25
36079,0.0,0.0,23.25
36080,0.0,0.0,23.245
36081,-718.0,718.0,23.235
36082,0.0,0.0,23.235
36083,750.0,750.0,23.245
36084,0.0,0.0,23.245
36085,-3489.0,3489.0,23.235
36086,259.0,259.0,23.235
36087,0.0,0.0,23.235
36088,0.0,0.0,23.235
36089,0.0,0.0,23.235
36090,100.0,100.0,23.245
36091,4.0,4.0,23.235
36092,100.0,100.0,23.245
36093,1030.0,1030.0,23.255
36094,0.0,0.0,23.255
36095,0.0,0.0,23.255
36096,0.0,0.0,23.255
36097,0.0,0.0,23.255
36098,0.0,0.0,23.255
36099,0.0,0.0,23.255
36100,270.0,270.0,23.265
36101,0.0,0.0,23.265
36102,215.0,415.0,23.265
36103,0.0,0.0,23.265
36104,0.0,0.0,23.265
36105,-1303.0,1303.0,23.245
36106,0.0,0.0,23.245
36107,1374.0,1484.0,23.235
36108,150.0,150.0,23.245
36109,2141.0,2583.0,23.245
36110,-363.0,363.0,23.225
36111,200.0,200.0,23.235
36112,0.0,0.0,23.235
36113,-300.0,300.0,23.23
36114,-676.0,6936.0,23.225
36115,0.0,0.0,23.225
36116,1550.0,1550.0,23.245
36117,0.0,0.0,23.245
36118,4162.0,4162.0,23.255
36119,0.0,0.0,23.255
36120,-125.0,125.0,23.245
36121,0.0,0.0,23.245
36122,205.0,205.0,23.255
36123,626.0,626.0,23.255
36124,-1389.0,1389.0,23.245
36125,-114.0,114.0,23.235
36126,0.0,0.0,23.245
36127,-150.0,150.0,23.235
36128,0.0,0.0,23.235
36129,0.0,0.0,23.235
36130,0.0,0.0,23.235
36131,-1903.0,1903.0,23.215
36132,490.0,490.0,23.225
36133,0.0,0.0,23.225
36134,0.0,0.0,23.225
36135,251.0,251.0,23.235
36136,0.0,0.0,23.235
36137,0.0,0.0,23.235
36138,0.0,0.0,23.235
36139,400.0,400.0,23.245
36140,0.0,0.0,23.245
36141,0.0,0.0,23.245
36142,0.0,0.0,23.245
36143,0.0,0.0,23.245
36144,0.0,0.0,23.245
36145,0.0,0.0,23.235
36146,-152.0,152.0,23.225
36147,0.0,0.0,23.225
36148,0.0,0.0,23.225
36149,5.0,5.0,23.225
36150,0.0,0.0,23.225
36151,2.0,2.0,23.225
36152,0.0,0.0,23.225
36153,-2801.0,2801.0,23.215
36154,-1101.0,1101.0,23.205
36155,136.0,136.0,23.215
36156,-700.0,700.0,23.205
36157,0.0,0.0,23.205
36158,0.0,0.0,23.205
36159,0.0,0.0,23.205
36160,2508.0,2508.0,23.205
36161,0.0,0.0,23.205
36162,-10314.0,10314.0,23.195
36163,0.0,0.0,23.195
36164,0.0,0.0,23.195
36165,500.0,500.0,23.205
36166,0.0,0.0,23.205
36167,0.0,0.0,23.205
36168,0.0,0.0,23.195
36169,0.0,0.0,23.195
36170,0.0,0.0,23.195
36171,0.0,0.0,23.195
36172,0.0,0.0,23.195
36173,0.0,0.0,23.195
36174,0.0,0.0,23.195
36175,-206.0,2132.0,23.215
36176,0.0,0.0,23.215
36177,0.0,0.0,23.215
36178,0.0,0.0,23.215
36179,0.0,0.0,23.215
36180,568.0,568.0,23.225
36181,0.0,0.0,23.225
36182,0.0,0.0,23.225
36183,0.0,0.0,23.225
36184,126.0,2656.0,23.225
36185,0.0,0.0,23.225
36186,-191.0,191.0,23.215
36187,0.0,0.0,23.215
36188,200.0,200.0,23.225
36189,0.0,0.0,23.225
36190,0.0,0.0,23.225
36191,-1023.0,1023.0,23.215
36192,0.0,0.0,23.215
36193,0.0,0.0,23.215
36194,0.0,0.0,23.215
36195,400.0,400.0,23.225
36196,0.0,0.0,23.225
36197,0.0,0.0,23.225
36198,0.0,0.0,23.225
36199,41.0,41.0,23.235
36200,511.0,511.0,23.245
36201,0.0,0.0,23.245
36202,58.0,58.0,23.245
36203,-997.0,997.0,23.245
36204,0.0,0.0,23.245
36205,0.0,0.0,23.245
36206,561.0,561.0,23.255
36207,200.0,200.0,23.255
36208,-850.0,850.0,23.245
36209,0.0,0.0,23.245
36210,-880.0,880.0,23.235
36211,0.0,0.0,23.235
36212,0.0,0.0,23.235
36213,0.0,0.0,23.235
36214,0.0,0.0,23.235
36215,0.0,0.0,23.235
36216,0.0,0.0,23.235
36217,0.0,0.0,23.235
36218,0.0,0.0,23.235
36219,0.0,0.0,23.235
36220,0.0,0.0,23.235
36221,-805.0,805.0,23.225
36222,-2414.0,2714.0,23.225
36223,0.0,0.0,23.225
36224,0.0,0.0,23.225
36225,0.0,0.0,23.225
36226,0.0,0.0,23.225
36227,690.0,690.0,23.235
36228,0.0,0.0,23.235
36229,758.0,758.0,23.245
36230,0.0,0.0,23.245
36231,0.0,0.0,23.245
36232,0.0,0.0,23.245
36233,493.0,493.0,23.255
36234,0.0,0.0,23.255
36235,0.0,0.0,23.255
36236,0.0,0.0,23.255
36237,0.0,0.0,23.255
36238,0.0,0.0,23.255
36239,0.0,0.0,23.255
36240,0.0,0.0,23.255
36241,0.0,0.0,23.255
36242,0.0,0.0,23.255
36243,0.0,0.0,23.255
36244,-1245.0,1245.0,23.235
36245,-1353.0,1353.0,23.235
36246,0.0,0.0,23.235
36247,0.0,0.0,23.235
36248,0.0,0.0,23.235
36249,119.0,281.0,23.235
36250,41.0,59.0,23.235
36251,-100.0,100.0,23.225
36252,605.0,605.0,23.225
36253,0.0,0.0,23.225
36254,300.0,300.0,23.235
36255,100.0,100.0,23.235
36256,0.0,0.0,23.235
36257,0.0,0.0,23.235
36258,2975.0,3175.0,23.225
36259,338.0,338.0,23.235
36260,0.0,0.0,23.235
36261,211.0,2569.0,23.235
36262,-1450.0,1450.0,23.225
36263,0.0,0.0,23.215
36264,0.0,0.0,23.215
36265,0.0,0.0,23.215
36266,0.0,0.0,23.215
36267,0.0,0.0,23.215
36268,0.0,0.0,23.215
36269,0.0,0.0,23.215
36270,0.0,0.0,23.215
36271,1600.0,1600.0,23.225
36272,1.0,1.0,23.225
36273,168.0,168.0,23.235
36274,4411.0,4411.0,23.255
36275,0.0,0.0,23.255
36276,0.0,0.0,23.255
36277,-328.0,328.0,23.255
36278,0.0,0.0,23.255
36279,0.0,0.0,23.255
36280,-817.0,817.0,23.255
36281,0.0,0.0,23.255
36282,-1142.0,1142.0,23.235
36283,0.0,0.0,23.235
36284,802.0,802.0,23.245
36285,0.0,0.0,23.245
36286,0.0,0.0,23.245
36287,0.0,0.0,23.245
36288,0.0,0.0,23.245
36289,257.0,257.0,23.255
36290,664.0,664.0,23.265
36291,0.0,0.0,23.265
36292,0.0,0.0,23.265
36293,0.0,0.0,23.265
36294,0.0,0.0,23.265
36295,0.0,0.0,23.265
36296,0.0,0.0,23.265
36297,0.0,0.0,23.265
36298,-1088.0,1088.0,23.255
36299,0.0,0.0,23.255
36300,-3184.0,3184.0,23.235
36301,3449.0,3621.0,23.235
36302,14.0,14.0,23.245
36303,-10.0,10.0,23.245
36304,-440.0,440.0,23.235
36305,0.0,0.0,23.235
36306,0.0,0.0,23.235
36307,0.0,0.0,23.235
36308,0.0,0.0,23.235
36309,100.0,100.0,23.245
36310,-8857.0,8857.0,23.235
36311,0.0,0.0,23.235
36312,486.0,486.0,23.245
36313,-150.0,150.0,23.235
36314,0.0,0.0,23.235
36315,400.0,400.0,23.245
36316,0.0,0.0,23.245
36317,0.0,0.0,23.245
36318,1.0,1.0,23.255
36319,0.0,0.0,23.255
36320,0.0,0.0,23.255
36321,0.0,0.0,23.255
36322,0.0,0.0,23.255
36323,-450.0,450.0,23.245
36324,0.0,0.0,23.245
36325,100.0,100.0,23.25
36326,-150.0,150.0,23.245
36327,0.0,0.0,23.245
36328,0.0,0.0,23.245
36329,0.0,0.0,23.245
36330,0.0,0.0,23.245
36331,0.0,0.0,23.245
36332,-454.0,454.0,23.235
36333,0.0,0.0,23.235
36334,0.0,0.0,23.235
36335,0.0,0.0,23.235
36336,-10876.0,10876.0,23.225
36337,0.0,0.0,23.215
36338,-2180.0,2180.0,23.215
36339,0.0,0.0,23.215
36340,0.0,0.0,23.215
36341,0.0,0.0,23.215
36342,0.0,0.0,23.215
36343,0.0,0.0,23.215
36344,0.0,0.0,23.215
36345,0.0,0.0,23.215
36346,-119.0,119.0,23.205
36347,0.0,0.0,23.205
36348,0.0,0.0,23.205
36349,0.0,0.0,23.205
36350,2930.0,2930.0,23.205
36351,0.0,0.0,23.205
36352,0.0,0.0,23.205
36353,0.0,0.0,23.205
36354,0.0,0.0,23.205
36355,0.0,0.0,23.205
36356,0.0,0.0,23.205
36357,0.0,0.0,23.205
36358,0.0,0.0,23.205
36359,0.0,0.0,23.205
36360,-4174.0,4192.0,23.195
36361,-500.0,500.0,23.185
36362,-452.0,452.0,23.175
36363,0.0,0.0,23.175
36364,0.0,0.0,23.175
36365,-1853.0,1853.0,23.165
36366,0.0,0.0,23.165
36367,0.0,0.0,23.165
36368,0.0,0.0,23.165
36369,0.0,0.0,23.165
36370,0.0,0.0,23.165
36371,0.0,0.0,23.165
36372,0.0,0.0,23.165
36373,0.0,0.0,23.165
36374,-345.0,345.0,23.165
36375,0.0,0.0,23.165
36376,0.0,0.0,23.165
36377,-201.0,201.0,23.165
36378,0.0,0.0,23.165
36379,2560.0,3618.0,23.165
36380,0.0,0.0,23.165
36381,0.0,0.0,23.165
36382,-700.0,700.0,23.165
36383,0.0,0.0,23.165
36384,0.0,0.0,23.165
36385,-2596.0,2596.0,23.145
36386,627.0,627.0,23.155
36387,0.0,0.0,23.155
36388,200.0,200.0,23.165
36389,0.0,0.0,23.165
36390,0.0,0.0,23.165
36391,0.0,0.0,23.165
36392,0.0,0.0,23.165
36393,0.0,0.0,23.165
36394,0.0,0.0,23.165
36395,-680.0,680.0,23.155
36396,0.0,0.0,23.155
36397,-1900.0,1900.0,23.145
36398,-560.0,560.0,23.135
36399,0.0,0.0,23.135
36400,-2350.0,2650.0,23.135
36401,-260.0,260.0,23.125
36402,0.0,0.0,23.125
36403,2629.0,2629.0,23.125
36404,0.0,0.0,23.125
36405,0.0,0.0,23.125
36406,980.0,980.0,23.135
36407,0.0,0.0,23.135
36408,-4985.0,4985.0,23.125
36409,0.0,0.0,23.125
36410,0.0,0.0,23.125
36411,1092.0,1092.0,23.135
36412,-400.0,400.0,23.125
36413,430.0,430.0,23.135
36414,579.0,579.0,23.145
36415,0.0,0.0,23.145
36416,0.0,0.0,23.145
36417,0.0,0.0,23.145
36418,0.0,0.0,23.145
36419,0.0,0.0,23.135
36420,0.0,0.0,23.135
36421,-10.0,10.0,23.125
36422,0.0,0.0,23.125
36423,0.0,0.0,23.125
36424,-301.0,301.0,23.115
36425,0.0,0.0,23.115
36426,565.0,565.0,23.125
36427,-32.0,32.0,23.115
36428,0.0,0.0,23.115
36429,0.0,0.0,23.115
36430,0.0,0.0,23.115
36431,0.0,0.0,23.115
36432,0.0,0.0,23.115
36433,0.0,0.0,23.115
36434,0.0,0.0,23.115
36435,0.0,0.0,23.115
36436,0.0,0.0,23.115
36437,0.0,0.0,23.115
36438,-1118.0,1118.0,23.105
36439,0.0,0.0,23.105
36440,0.0,0.0,23.105
36441,0.0,0.0,23.105
36442,0.0,0.0,23.105
36443,0.0,0.0,23.105
36444,0.0,0.0,23.105
36445,1554.0,1554.0,23.115
36446,0.0,0.0,23.115
36447,0.0,0.0,23.115
36448,0.0,0.0,23.115
36449,0.0,0.0,23.115
36450,0.0,0.0,23.115
36451,267.0,267.0,23.125
36452,0.0,0.0,23.125
36453,0.0,0.0,23.125
36454,-284.0,284.0,23.115
36455,0.0,0.0,23.115
36456,-498.0,498.0,23.105
36457,0.0,0.0,23.105
36458,-1937.0,1937.0,23.095
36459,0.0,0.0,23.095
36460,-615.0,615.0,23.095
36461,0.0,0.0,23.095
36462,0.0,0.0,23.095
36463,0.0,0.0,23.095
36464,0.0,0.0,23.095
36465,0.0,0.0,23.095
36466,0.0,0.0,23.095
36467,0.0,0.0,23.095
36468,0.0,0.0,23.095
36469,0.0,0.0,23.095
36470,0.0,0.0,23.095
36471,-426.0,588.0,23.085
36472,0.0,0.0,23.085
36473,0.0,0.0,23.085
36474,0.0,0.0,23.085
36475,0.0,0.0,23.085
36476,0.0,0.0,23.085
36477,0.0,0.0,23.085
36478,0.0,0.0,23.085
36479,0.0,0.0,23.085
36480,1420.0,1420.0,23.095
36481,-700.0,700.0,23.085
36482,0.0,0.0,23.085
36483,635.0,635.0,23.095
36484,0.0,0.0,23.095
36485,0.0,0.0,23.095
36486,0.0,0.0,23.095
36487,0.0,0.0,23.095
36488,0.0,0.0,23.095
36489,0.0,0.0,23.095
36490,0.0,0.0,23.095
36491,0.0,0.0,23.095
36492,0.0,0.0,23.095
36493,0.0,0.0,23.095
36494,422.0,1642.0,23.095
36495,231.0,231.0,23.105
36496,0.0,0.0,23.105
36497,0.0,0.0,23.105
36498,0.0,0.0,23.105
36499,0.0,0.0,23.105
36500,0.0,0.0,23.105
36501,900.0,900.0,23.115
36502,-621.0,621.0,23.105
36503,0.0,0.0,23.105
36504,0.0,0.0,23.105
36505,-1800.0,1800.0,23.095
36506,0.0,0.0,23.095
36507,0.0,0.0,23.095
36508,0.0,0.0,23.095
36509,0.0,0.0,23.095
36510,0.0,0.0,23.095
36511,0.0,0.0,23.095
36512,0.0,0.0,23.095
36513,0.0,0.0,23.095
36514,0.0,0.0,23.095
36515,0.0,0.0,23.095
36516,0.0,0.0,23.095
36517,-1789.0,1789.0,23.095
36518,0.0,0.0,23.095
36519,0.0,0.0,23.095
36520,0.0,0.0,23.095
36521,0.0,0.0,23.095
36522,0.0,0.0,23.095
36523,-35.0,35.0,23.095
36524,0.0,0.0,23.095
36525,-4866.0,5466.0,23.095
36526,-233.0,233.0,23.085
36527,2067.0,2067.0,23.095
36528,0.0,0.0,23.095
36529,-327.0,327.0,23.095
36530,0.0,0.0,23.095
36531,0.0,0.0,23.095
36532,-602.0,602.0,23.085
36533,0.0,0.0,23.085
36534,0.0,0.0,23.085
36535,0.0,0.0,23.085
36536,0.0,0.0,23.085
36537,0.0,0.0,23.085
36538,-4533.0,4533.0,23.075
36539,0.0,0.0,23.075
36540,0.0,0.0,23.075
36541,-1520.0,1520.0,23.065
36542,0.0,0.0,23.065
36543,0.0,0.0,23.065
36544,0.0,0.0,23.065
36545,0.0,0.0,23.065
36546,0.0,0.0,23.065
36547,0.0,0.0,23.065
36548,0.0,0.0,23.065
36549,0.0,0.0,23.065
36550,0.0,0.0,23.065
36551,-1367.0,2467.0,23.065
36552,-361.0,543.0,23.065
36553,0.0,0.0,23.065
36554,-11482.0,11482.0,23.045
36555,-3652.0,6252.0,23.045
36556,-2031.0,2143.0,23.035
36557,0.0,0.0,23.035
36558,0.0,0.0,23.035
36559,-1174.0,1174.0,23.035
36560,0.0,0.0,23.035
36561,-1373.0,3291.0,23.015
36562,0.0,0.0,23.015
36563,0.0,0.0,23.015
36564,0.0,0.0,23.015
36565,0.0,0.0,23.015
36566,0.0,0.0,23.015
36567,0.0,0.0,23.015
36568,0.0,0.0,23.015
36569,0.0,0.0,23.015
36570,0.0,0.0,23.015
36571,-14551.0,29769.0,23.015
36572,-692.0,18068.0,23.015
36573,645.0,645.0,23.015
36574,-816.0,816.0,23.015
36575,0.0,0.0,23.015
36576,0.0,0.0,23.015
36577,0.0,0.0,23.015
36578,0.0,0.0,23.015
36579,0.0,0.0,23.015
36580,0.0,0.0,23.015
36581,4534.0,4534.0,23.015
36582,1040.0,2300.0,23.025
36583,-937.0,937.0,23.015
36584,0.0,0.0,23.015
36585,-8087.0,15987.0,23.015
36586,-9405.0,14405.0,23.015
36587,0.0,0.0,23.015
36588,-100739.0,120181.0,22.975
36589,-5779.0,9363.0,22.975
36590,1695.0,1695.0,22.985
36591,-991.0,991.0,22.975
36592,-950.0,950.0,22.975
36593,0.0,0.0,22.975
36594,345.0,2145.0,22.975
36595,-551.0,551.0,22.965
36596,0.0,0.0,22.965
36597,502.0,502.0,22.975
36598,0.0,0.0,22.975
36599,0.0,0.0,22.975
36600,0.0,0.0,22.975
36601,1126.0,1126.0,22.985
36602,798.0,798.0,22.995
36603,2864.0,2864.0,23.005
36604,0.0,0.0,23.005
36605,0.0,0.0,23.005
36606,325.0,325.0,23.015
36607,0.0,0.0,23.015
36608,-3245.0,3245.0,23.005
36609,0.0,0.0,23.005
36610,-1598.0,1598.0,22.995
36611,0.0,0.0,22.995
36612,0.0,0.0,22.995
36613,0.0,0.0,22.995
36614,-388.0,388.0,22.99
36615,0.0,0.0,22.99
36616,0.0,0.0,22.985
36617,1568.0,1568.0,22.985
36618,0.0,0.0,22.985
36619,0.0,0.0,22.985
36620,-303.0,303.0,22.975
36621,0.0,0.0,22.975
36622,0.0,0.0,22.975
36623,-2824.0,2824.0,22.965
36624,0.0,0.0,22.965
36625,0.0,0.0,22.965
36626,27.0,27.0,22.965
36627,0.0,0.0,22.965
36628,0.0,0.0,22.965
36629,0.0,0.0,22.965
36630,0.0,0.0,22.965
36631,-8424.0,8424.0,22.955
36632,3155.0,3155.0,22.965
36633,900.0,900.0,22.975
36634,-677.0,677.0,22.965
36635,0.0,0.0,22.965
36636,0.0,0.0,22.965
36637,512.0,512.0,22.965
36638,0.0,0.0,22.965
36639,0.0,0.0,22.965
36640,0.0,0.0,22.965
36641,-802.0,802.0,22.955
36642,0.0,0.0,22.955
36643,0.0,0.0,22.955
36644,0.0,0.0,22.955
36645,0.0,0.0,22.955
36646,-1663.0,1663.0,22.945
36647,-519.0,5245.0,22.935
36648,628.0,628.0,22.945
36649,0.0,0.0,22.945
36650,0.0,0.0,22.945
36651,-850.0,850.0,22.935
36652,-7497.0,7497.0,22.925
36653,-24970.0,35538.0,22.905
36654,-8013.0,19291.0,22.895
36655,685.0,1111.0,22.895
36656,-3482.0,3482.0,22.895
36657,0.0,0.0,22.895
36658,0.0,0.0,22.895
36659,2962.0,2962.0,22.905
36660,0.0,0.0,22.9
36661,-100.0,100.0,22.895
36662,0.0,0.0,22.895
36663,0.0,0.0,22.895
36664,769.0,1969.0,22.885
36665,-106.0,106.0,22.885
36666,0.0,0.0,22.885
36667,615.0,615.0,22.895
36668,-750.0,750.0,22.895
36669,1146.0,1146.0,22.905
36670,0.0,0.0,22.905
36671,0.0,0.0,22.905
36672,0.0,0.0,22.905
36673,0.0,0.0,22.905
36674,0.0,0.0,22.905
36675,0.0,0.0,22.905
36676,0.0,0.0,22.905
36677,-1950.0,1950.0,22.895
36678,0.0,0.0,22.895
36679,0.0,0.0,22.905
36680,0.0,0.0,22.905
36681,0.0,0.0,22.905
36682,0.0,0.0,22.905
36683,-5474.0,5474.0,22.905
36684,0.0,0.0,22.905
36685,0.0,0.0,22.905
36686,1925.0,2625.0,22.905
36687,0.0,0.0,22.905
36688,0.0,0.0,22.905
36689,-148.0,1000.0,22.895
36690,0.0,0.0,22.895
36691,1251.0,2903.0,22.895
36692,0.0,0.0,22.895
36693,0.0,0.0,22.895
36694,0.0,0.0,22.895
36695,-121.0,121.0,22.885
36696,0.0,0.0,22.885
36697,350.0,350.0,22.895
36698,0.0,0.0,22.895
36699,0.0,0.0,22.895
36700,0.0,0.0,22.895
36701,-95.0,95.0,22.895
36702,-292.0,1292.0,22.885
36703,0.0,0.0,22.885
36704,-6360.0,10394.0,22.875
36705,0.0,0.0,22.875
36706,-2099.0,2099.0,22.865
36707,-499.0,2643.0,22.875
36708,0.0,0.0,22.875
36709,999.0,999.0,22.895
36710,-47.0,47.0,22.895
36711,0.0,0.0,22.895
36712,0.0,0.0,22.895
36713,-813.0,813.0,22.885
36714,0.0,0.0,22.885
36715,0.0,0.0,22.885
36716,0.0,0.0,22.885
36717,0.0,0.0,22.885
36718,0.0,0.0,22.885
36719,0.0,0.0,22.885
36720,0.0,0.0,22.885
36721,0.0,0.0,22.885
36722,0.0,0.0,22.885
36723,0.0,0.0,22.885
36724,0.0,0.0,22.885
36725,-5010.0,5210.0,22.875
36726,-2487.0,2487.0,22.875
36727,0.0,0.0,22.875
36728,-150.0,150.0,22.875
36729,0.0,0.0,22.875
36730,0.0,0.0,22.875
36731,-1349.0,1851.0,22.875
36732,350.0,350.0,22.875
36733,512.0,512.0,22.885
36734,0.0,0.0,22.885
36735,0.0,0.0,22.885
36736,0.0,0.0,22.885
36737,0.0,0.0,22.885
36738,0.0,0.0,22.885
36739,0.0,0.0,22.885
36740,0.0,0.0,22.885
36741,0.0,0.0,22.885
36742,0.0,0.0,22.885
36743,0.0,0.0,22.885
36744,-600.0,600.0,22.885
36745,0.0,0.0,22.885
36746,0.0,0.0,22.885
36747,0.0,0.0,22.885
36748,0.0,0.0,22.885
36749,0.0,0.0,22.885
36750,0.0,0.0,22.885
36751,0.0,0.0,22.885
36752,-1444.0,1444.0,22.875
36753,0.0,0.0,22.875
36754,0.0,0.0,22.875
36755,-651.0,651.0,22.865
36756,0.0,0.0,22.865
36757,0.0,0.0,22.865
36758,0.0,0.0,22.865
36759,0.0,0.0,22.865
36760,0.0,0.0,22.865
36761,0.0,0.0,22.865
36762,0.0,0.0,22.865
36763,7198.0,7198.0,22.875
36764,1809.0,1809.0,22.895
36765,-410.0,410.0,22.885
36766,0.0,0.0,22.885
36767,4806.0,5406.0,22.905
36768,-5196.0,5434.0,22.895
36769,0.0,0.0,22.895
36770,0.0,0.0,22.895
36771,0.0,0.0,22.895
36772,0.0,0.0,22.895
36773,2326.0,2326.0,22.915
36774,537.0,1437.0,22.915
36775,-100.0,900.0,22.915
36776,2153.0,2973.0,22.915
36777,0.0,0.0,22.915
36778,-450.0,450.0,22.905
36779,350.0,350.0,22.895
36780,0.0,0.0,22.895
36781,0.0,0.0,22.895
36782,0.0,0.0,22.895
36783,300.0,300.0,22.905
36784,-1036.0,2136.0,22.905
36785,0.0,0.0,22.905
36786,0.0,0.0,22.905
36787,198.0,202.0,22.915
36788,450.0,450.0,22.925
36789,150.0,150.0,22.935
36790,0.0,0.0,22.94
36791,100.0,100.0,22.94
36792,21.0,21.0,22.94
36793,0.0,0.0,22.94
36794,119.0,119.0,22.945
36795,950.0,950.0,22.955
36796,150.0,150.0,22.955
36797,0.0,0.0,22.955
36798,0.0,0.0,22.955
36799,0.0,0.0,22.955
36800,119.0,1519.0,22.965
36801,-350.0,350.0,22.955
36802,0.0,0.0,22.955
36803,-1367.0,1755.0,22.955
36804,0.0,0.0,22.955
36805,-750.0,750.0,22.955
36806,-750.0,2950.0,22.945
36807,0.0,0.0,22.945
36808,-650.0,650.0,22.935
36809,-5036.0,5236.0,22.915
36810,682.0,682.0,22.925
36811,0.0,0.0,22.925
36812,0.0,0.0,22.925
36813,564.0,564.0,22.935
36814,0.0,0.0,22.935
36815,0.0,0.0,22.935
36816,0.0,0.0,22.935
36817,0.0,0.0,22.935
36818,0.0,0.0,22.935
36819,0.0,0.0,22.935
36820,0.0,0.0,22.935
36821,350.0,350.0,22.945
36822,300.0,300.0,22.955
36823,0.0,0.0,22.955
36824,0.0,0.0,22.955
36825,0.0,0.0,22.955
36826,0.0,0.0,22.955
36827,-1130.0,1130.0,22.935
36828,0.0,0.0,22.935
36829,0.0,0.0,22.935
36830,-1471.0,1471.0,22.925
36831,200.0,200.0,22.925
36832,0.0,0.0,22.925
36833,0.0,0.0,22.92
36834,0.0,0.0,22.915
36835,0.0,0.0,22.915
36836,0.0,0.0,22.915
36837,0.0,0.0,22.915
36838,0.0,0.0,22.915
36839,0.0,0.0,22.915
36840,-4400.0,5000.0,22.915
36841,2331.0,2531.0,22.915
36842,-3472.0,6000.0,22.91
36843,1062.0,1062.0,22.925
36844,0.0,0.0,22.925
36845,-450.0,450.0,22.915
36846,0.0,0.0,22.915
36847,0.0,0.0,22.915
36848,1567.0,1567.0,22.925
36849,251.0,251.0,22.935
36850,0.0,0.0,22.935
36851,0.0,0.0,22.94
36852,107.0,107.0,22.945
36853,0.0,0.0,22.945
36854,0.0,0.0,22.945
36855,0.0,0.0,22.945
36856,0.0,0.0,22.945
36857,0.0,0.0,22.945
36858,0.0,0.0,22.945
36859,-1501.0,1501.0,22.925
36860,-300.0,300.0,22.915
36861,75.0,725.0,22.915
36862,0.0,0.0,22.915
36863,0.0,0.0,22.915
36864,0.0,0.0,22.915
36865,0.0,0.0,22.915
36866,-7565.0,8453.0,22.915
36867,5210.0,7010.0,22.915
36868,0.0,0.0,22.915
36869,0.0,0.0,22.915
36870,801.0,1999.0,22.915
36871,0.0,0.0,22.915
36872,0.0,0.0,22.915
36873,0.0,0.0,22.915
36874,1937.0,2971.0,22.915
36875,0.0,0.0,22.915
36876,-300.0,300.0,22.905
36877,0.0,0.0,22.905
36878,0.0,0.0,22.905
36879,0.0,0.0,22.905
36880,0.0,0.0,22.905
36881,0.0,0.0,22.905
36882,0.0,0.0,22.905
36883,0.0,0.0,22.905
36884,-1748.0,4080.0,22.905
36885,0.0,0.0,22.905
36886,0.0,0.0,22.905
36887,0.0,0.0,22.905
36888,100.0,100.0,22.905
36889,0.0,0.0,22.905
36890,0.0,0.0,22.905
36891,0.0,0.0,22.905
36892,-7283.0,7283.0,22.905
36893,1999.0,2799.0,22.895
36894,0.0,0.0,22.895
36895,435.0,435.0,22.905
36896,3591.0,3591.0,22.925
36897,638.0,638.0,22.925
36898,800.0,800.0,22.925
36899,100.0,100.0,22.925
36900,-254.0,654.0,22.925
36901,0.0,0.0,22.925
36902,-220.0,220.0,22.925
36903,0.0,0.0,22.925
36904,454.0,454.0,22.925
36905,-570.0,570.0,22.915
36906,0.0,0.0,22.915
36907,-1010.0,1010.0,22.905
36908,0.0,0.0,22.905
36909,0.0,0.0,22.905
36910,0.0,0.0,22.905
36911,0.0,0.0,22.905
36912,0.0,0.0,22.905
36913,0.0,0.0,22.905
36914,0.0,0.0,22.905
36915,464.0,464.0,22.905
36916,100.0,100.0,22.915
36917,0.0,0.0,22.915
36918,-380.0,780.0,22.915
36919,300.0,300.0,22.91
36920,0.0,0.0,22.905
36921,0.0,0.0,22.905
36922,-149.0,149.0,22.895
36923,0.0,0.0,22.895
36924,-1114.0,1114.0,22.885
36925,0.0,0.0,22.885
36926,-5489.0,5489.0,22.885
36927,0.0,0.0,22.885
36928,-63.0,237.0,22.875
36929,-2149.0,2149.0,22.865
36930,0.0,0.0,22.865
36931,0.0,0.0,22.865
36932,1773.0,1773.0,22.865
36933,0.0,0.0,22.865
36934,550.0,550.0,22.875
36935,950.0,950.0,22.875
36936,0.0,0.0,22.885
36937,730.0,730.0,22.895
36938,0.0,0.0,22.895
36939,0.0,0.0,22.895
36940,0.0,0.0,22.895
36941,-1023.0,1023.0,22.885
36942,0.0,0.0,22.885
36943,0.0,0.0,22.885
36944,0.0,0.0,22.885
36945,2295.0,2295.0,22.885
36946,0.0,0.0,22.885
36947,0.0,0.0,22.885
36948,-615.0,615.0,22.875
36949,0.0,0.0,22.875
36950,0.0,0.0,22.875
36951,0.0,0.0,22.875
36952,0.0,0.0,22.875
36953,-400.0,400.0,22.865
36954,0.0,0.0,22.865
36955,0.0,0.0,22.865
36956,0.0,0.0,22.865
36957,0.0,0.0,22.865
36958,0.0,0.0,22.865
36959,0.0,0.0,22.865
36960,0.0,0.0,22.865
36961,1209.0,1609.0,22.865
36962,100.0,100.0,22.875
36963,0.0,0.0,22.875
36964,80.0,80.0,22.875
36965,0.0,0.0,22.875
36966,250.0,250.0,22.875
36967,0.0,0.0,22.875
36968,3731.0,3731.0,22.885
36969,0.0,0.0,22.885
36970,0.0,0.0,22.885
36971,0.0,0.0,22.885
36972,0.0,0.0,22.885
36973,0.0,0.0,22.885
36974,0.0,0.0,22.885
36975,0.0,0.0,22.885
36976,0.0,0.0,22.885
36977,-1173.0,1173.0,22.865
36978,0.0,0.0,22.865
36979,0.0,0.0,22.865
36980,0.0,0.0,22.865
36981,0.0,0.0,22.865
36982,0.0,0.0,22.865
36983,3605.0,3605.0,22.875
36984,0.0,0.0,22.875
36985,0.0,0.0,22.875
36986,0.0,0.0,22.875
36987,0.0,0.0,22.875
36988,0.0,0.0,22.875
36989,0.0,0.0,22.875
36990,0.0,0.0,22.875
36991,1535.0,1535.0,22.885
36992,0.0,0.0,22.885
36993,0.0,0.0,22.885
36994,0.0,0.0,22.885
36995,0.0,0.0,22.885
36996,0.0,0.0,22.885
36997,0.0,0.0,22.885
36998,246.0,3154.0,22.875
36999,0.0,0.0,22.875
37000,0.0,0.0,22.875
37001,-1352.0,1352.0,22.865
37002,462.0,462.0,22.875
37003,0.0,0.0,22.875
37004,-450.0,450.0,22.875
37005,0.0,0.0,22.875
37006,-50.0,50.0,22.865
37007,0.0,0.0,22.865
37008,0.0,0.0,22.865
37009,0.0,0.0,22.865
37010,0.0,0.0,22.865
37011,0.0,0.0,22.865
37012,0.0,0.0,22.865
37013,-100.0,100.0,22.865
37014,0.0,0.0,22.865
37015,0.0,0.0,22.865
37016,0.0,0.0,22.865
37017,0.0,0.0,22.865
37018,0.0,0.0,22.865
37019,0.0,0.0,22.865
37020,0.0,0.0,22.865
37021,0.0,0.0,22.865
37022,0.0,0.0,22.865
37023,0.0,0.0,22.865
37024,0.0,0.0,22.865
37025,1105.0,1105.0,22.875
37026,0.0,0.0,22.875
37027,-2290.0,2290.0,22.875
37028,0.0,0.0,22.875
37029,0.0,0.0,22.875
37030,-325.0,325.0,22.865
37031,352.0,352.0,22.875
37032,-150.0,150.0,22.865
37033,0.0,0.0,22.865
37034,1470.0,1470.0,22.865
37035,0.0,0.0,22.865
37036,0.0,0.0,22.875
37037,3652.0,3652.0,22.89
37038,0.0,0.0,22.895
37039,-50.0,50.0,22.885
37040,0.0,0.0,22.885
37041,0.0,0.0,22.885
37042,0.0,0.0,22.885
37043,-702.0,702.0,22.875
37044,-200.0,200.0,22.865
37045,0.0,0.0,22.865
37046,911.0,911.0,22.875
37047,233.0,233.0,22.885
37048,0.0,0.0,22.885
37049,-350.0,350.0,22.875
37050,250.0,250.0,22.885
37051,0.0,0.0,22.885
37052,-400.0,400.0,22.875
37053,-400.0,400.0,22.865
37054,0.0,0.0,22.865
37055,-100.0,100.0,22.865
37056,0.0,0.0,22.865
37057,0.0,0.0,22.865
37058,0.0,0.0,22.865
37059,0.0,0.0,22.865
37060,0.0,0.0,22.865
37061,0.0,0.0,22.865
37062,0.0,0.0,22.865
37063,0.0,0.0,22.865
37064,0.0,0.0,22.865
37065,0.0,0.0,22.865
37066,0.0,0.0,22.865
37067,-61.0,61.0,22.865
37068,0.0,0.0,22.865
37069,0.0,0.0,22.865
37070,0.0,0.0,22.865
37071,-7260.0,7260.0,22.855
37072,0.0,0.0,22.855
37073,0.0,0.0,22.855
37074,-900.0,900.0,22.855
37075,-2349.0,2349.0,22.845
37076,-307.0,1407.0,22.845
37077,650.0,650.0,22.855
37078,-401.0,401.0,22.845
37079,-1300.0,1300.0,22.835
37080,0.0,0.0,22.835
37081,0.0,0.0,22.835
37082,-4500.0,4500.0,22.835
37083,0.0,0.0,22.835
37084,7078.0,7078.0,22.845
37085,220.0,220.0,22.855
37086,22.0,22.0,22.855
37087,2828.0,2828.0,22.865
37088,-700.0,700.0,22.865
37089,394.0,394.0,22.865
37090,0.0,0.0,22.865
37091,-1100.0,1100.0,22.855
37092,810.0,810.0,22.855
37093,0.0,0.0,22.855
37094,0.0,0.0,22.855
37095,-117.0,117.0,22.855
37096,-1083.0,1083.0,22.845
37097,-550.0,550.0,22.835
37098,-2475.0,4389.0,22.835
37099,0.0,0.0,22.835
37100,-247.0,247.0,22.825
37101,0.0,0.0,22.825
37102,0.0,0.0,22.825
37103,2524.0,2524.0,22.825
37104,187.0,187.0,22.835
37105,0.0,0.0,22.835
37106,-1300.0,1300.0,22.825
37107,0.0,0.0,22.825
37108,1.0,1.0,22.825
37109,0.0,0.0,22.825
37110,0.0,0.0,22.825
37111,1.0,1.0,22.825
37112,-95.0,95.0,22.825
37113,0.0,0.0,22.825
37114,0.0,0.0,22.825
37115,0.0,0.0,22.825
37116,0.0,0.0,22.825
37117,0.0,0.0,22.825
37118,0.0,0.0,22.825
37119,13.0,13.0,22.825
37120,0.0,0.0,22.825
37121,0.0,0.0,22.825
37122,1051.0,2597.0,22.835
37123,454.0,454.0,22.845
37124,209.0,1009.0,22.845
37125,0.0,0.0,22.845
37126,0.0,0.0,22.845
37127,-1511.0,1889.0,22.835
37128,0.0,0.0,22.835
37129,0.0,0.0,22.835
37130,0.0,0.0,22.835
37131,0.0,0.0,22.835
37132,0.0,0.0,22.835
37133,0.0,0.0,22.835
37134,-3400.0,3724.0,22.825
37135,0.0,0.0,22.825
37136,0.0,0.0,22.825
37137,2025.0,2025.0,22.835
37138,0.0,0.0,22.835
37139,0.0,0.0,22.835
37140,1444.0,1444.0,22.845
37141,-250.0,250.0,22.845
37142,0.0,0.0,22.845
37143,0.0,0.0,22.845
37144,0.0,0.0,22.845
37145,-408.0,408.0,22.835
37146,0.0,0.0,22.835
37147,0.0,0.0,22.835
37148,2206.0,2206.0,22.855
37149,1111.0,1111.0,22.875
37150,-654.0,654.0,22.865
37151,-5793.0,6953.0,22.865
37152,0.0,0.0,22.865
37153,0.0,0.0,22.865
37154,0.0,0.0,22.865
37155,0.0,0.0,22.855
37156,0.0,0.0,22.855
37157,0.0,0.0,22.855
37158,-4185.0,4185.0,22.845
37159,0.0,0.0,22.845
37160,0.0,0.0,22.845
37161,-1.0,1.0,22.835
37162,-110.0,110.0,22.825
37163,0.0,0.0,22.825
37164,0.0,0.0,22.825
37165,0.0,0.0,22.825
37166,0.0,0.0,22.825
37167,0.0,0.0,22.825
37168,2363.0,2363.0,22.835
37169,-1.0,1.0,22.835
37170,-1787.0,2141.0,22.825
37171,0.0,0.0,22.825
37172,0.0,0.0,22.825
37173,0.0,0.0,22.825
37174,0.0,0.0,22.825
37175,11.0,11.0,22.825
37176,394.0,394.0,22.835
37177,0.0,0.0,22.835
37178,0.0,0.0,22.835
37179,0.0,0.0,22.835
37180,0.0,0.0,22.835
37181,0.0,0.0,22.835
37182,0.0,0.0,22.835
37183,0.0,0.0,22.835
37184,0.0,0.0,22.835
37185,0.0,0.0,22.835
37186,0.0,0.0,22.835
37187,68.0,68.0,22.835
37188,0.0,0.0,22.835
37189,1.0,1.0,22.835
37190,1171.0,1171.0,22.845
37191,0.0,0.0,22.845
37192,0.0,0.0,22.845
37193,0.0,0.0,22.845
37194,3433.0,3433.0,22.845
37195,11.0,11.0,22.845
37196,0.0,0.0,22.845
37197,-310.0,310.0,22.835
37198,0.0,0.0,22.835
37199,0.0,0.0,22.835
37200,0.0,0.0,22.835
37201,0.0,0.0,22.835
37202,0.0,0.0,22.835
37203,4217.0,4217.0,22.845
37204,-848.0,848.0,22.835
37205,0.0,0.0,22.835
37206,2002.0,2002.0,22.835
37207,-6159.0,7917.0,22.845
37208,101.0,101.0,22.845
37209,-3141.0,4977.0,22.845
37210,0.0,0.0,22.845
37211,0.0,0.0,22.845
37212,-400.0,400.0,22.835
37213,-835.0,835.0,22.825
37214,-1688.0,1688.0,22.825
37215,0.0,0.0,22.825
37216,7391.0,11173.0,22.825
37217,-846.0,846.0,22.815
37218,-3506.0,3506.0,22.805
37219,0.0,0.0,22.805
37220,-13538.0,13538.0,22.795
37221,2491.0,2691.0,22.805
37222,0.0,0.0,22.805
37223,0.0,0.0,22.805
37224,0.0,0.0,22.805
37225,0.0,0.0,22.805
37226,-2000.0,2000.0,22.795
37227,0.0,0.0,22.795
37228,0.0,0.0,22.795
37229,0.0,0.0,22.795
37230,518.0,518.0,22.795
37231,0.0,0.0,22.795
37232,11.0,11.0,22.795
37233,0.0,0.0,22.795
37234,0.0,0.0,22.795
37235,0.0,0.0,22.795
37236,-300.0,300.0,22.795
37237,-366.0,366.0,22.785
37238,328.0,328.0,22.795
37239,0.0,0.0,22.795
37240,0.0,0.0,22.795
37241,4.0,4.0,22.785
37242,0.0,0.0,22.785
37243,0.0,0.0,22.785
37244,0.0,0.0,22.785
37245,-2586.0,5226.0,22.785
37246,44.0,44.0,22.785
37247,1101.0,1101.0,22.795
37248,0.0,0.0,22.795
37249,68.0,68.0,22.795
37250,0.0,0.0,22.795
37251,0.0,0.0,22.795
37252,0.0,0.0,22.795
37253,1460.0,1460.0,22.795
37254,-500.0,500.0,22.79
37255,0.0,0.0,22.79
37256,65.0,65.0,22.785
37257,0.0,0.0,22.785
37258,0.0,0.0,22.785
37259,0.0,0.0,22.785
37260,0.0,0.0,22.785
37261,0.0,0.0,22.785
37262,3880.0,3880.0,22.785
37263,4234.0,4234.0,22.795
37264,0.0,0.0,22.795
37265,0.0,0.0,22.795
37266,0.0,0.0,22.795
37267,0.0,0.0,22.795
37268,0.0,0.0,22.79
37269,-5536.0,17998.0,22.795
37270,0.0,0.0,22.795
37271,0.0,0.0,22.795
37272,0.0,0.0,22.795
37273,4583.0,4583.0,22.815
37274,-2600.0,2600.0,22.815
37275,4741.0,4741.0,22.835
37276,25.0,25.0,22.835
37277,0.0,0.0,22.835
37278,0.0,0.0,22.835
37279,1.0,1.0,22.835
37280,0.0,0.0,22.835
37281,12.0,12.0,22.835
37282,759.0,759.0,22.85
37283,-90.0,110.0,22.85
37284,0.0,0.0,22.845
37285,112.0,112.0,22.855
37286,0.0,0.0,22.855
37287,12.0,12.0,22.855
37288,0.0,0.0,22.855
37289,0.0,0.0,22.855
37290,0.0,0.0,22.855
37291,0.0,0.0,22.855
37292,602.0,602.0,22.865
37293,-664.0,988.0,22.855
37294,-248.0,248.0,22.855
37295,61.0,61.0,22.855
37296,427.0,427.0,22.865
37297,0.0,0.0,22.86
37298,322.0,1222.0,22.855
37299,0.0,0.0,22.855
37300,0.0,0.0,22.855
37301,3808.0,3808.0,22.875
37302,67.0,947.0,22.885
37303,0.0,0.0,22.885
37304,0.0,0.0,22.885
37305,0.0,0.0,22.885
37306,13.0,13.0,22.885
37307,1538.0,1538.0,22.895
37308,197.0,197.0,22.905
37309,330.0,330.0,22.91
37310,0.0,0.0,22.915
37311,-8845.0,10857.0,22.895
37312,145.0,145.0,22.895
37313,0.0,0.0,22.895
37314,888.0,1702.0,22.895
37315,0.0,0.0,22.895
37316,1250.0,1250.0,22.905
37317,-2462.0,2462.0,22.895
37318,-2456.0,2456.0,22.885
37319,-1115.0,1115.0,22.885
37320,0.0,0.0,22.885
37321,0.0,0.0,22.885
37322,-3169.0,3169.0,22.875
37323,0.0,0.0,22.875
37324,-1727.0,1727.0,22.865
37325,0.0,0.0,22.865
37326,0.0,0.0,22.865
37327,0.0,0.0,22.865
37328,0.0,0.0,22.865
37329,0.0,0.0,22.865
37330,0.0,0.0,22.865
37331,0.0,0.0,22.865
37332,400.0,400.0,22.875
37333,0.0,0.0,22.875
37334,-409.0,409.0,22.885
37335,0.0,0.0,22.885
37336,0.0,0.0,22.885
37337,0.0,0.0,22.885
37338,0.0,0.0,22.885
37339,0.0,0.0,22.885
37340,0.0,0.0,22.885
37341,0.0,0.0,22.885
37342,0.0,0.0,22.885
37343,-203.0,203.0,22.875
37344,-2184.0,2184.0,22.865
37345,400.0,400.0,22.875
37346,0.0,0.0,22.875
37347,0.0,0.0,22.875
37348,0.0,0.0,22.875
37349,0.0,0.0,22.875
37350,0.0,0.0,22.875
37351,0.0,0.0,22.875
37352,0.0,0.0,22.875
37353,1330.0,1330.0,22.885
37354,571.0,571.0,22.895
37355,0.0,0.0,22.895
37356,-212.0,212.0,22.885
37357,-200.0,200.0,22.875
37358,0.0,0.0,22.875
37359,-253.0,253.0,22.865
37360,953.0,953.0,22.875
37361,0.0,0.0,22.885
37362,0.0,0.0,22.885
37363,0.0,0.0,22.885
37364,0.0,0.0,22.885
37365,0.0,0.0,22.885
37366,0.0,0.0,22.885
37367,0.0,0.0,22.885
37368,0.0,0.0,22.885
37369,1333.0,1333.0,22.895
37370,0.0,0.0,22.895
37371,0.0,0.0,22.895
37372,0.0,0.0,22.895
37373,0.0,0.0,22.895
37374,0.0,0.0,22.895
37375,0.0,0.0,22.895
37376,0.0,0.0,22.895
37377,0.0,0.0,22.895
37378,0.0,0.0,22.895
37379,0.0,0.0,22.895
37380,0.0,0.0,22.895
37381,0.0,0.0,22.895
37382,3.0,3.0,22.895
37383,0.0,0.0,22.895
37384,0.0,0.0,22.895
37385,3175.0,4083.0,22.915
37386,-465.0,465.0,22.905
37387,0.0,0.0,22.905
37388,-257.0,257.0,22.915
37389,0.0,0.0,22.915
37390,-106.0,106.0,22.905
37391,0.0,0.0,22.905
37392,110.0,110.0,22.915
37393,0.0,0.0,22.915
37394,0.0,0.0,22.915
37395,0.0,0.0,22.915
37396,0.0,0.0,22.915
37397,0.0,0.0,22.915
37398,2039.0,2039.0,22.925
37399,0.0,0.0,22.925
37400,0.0,0.0,22.925
37401,225.0,225.0,22.935
37402,0.0,0.0,22.935
37403,0.0,0.0,22.935
37404,0.0,0.0,22.935
37405,0.0,0.0,22.935
37406,0.0,0.0,22.935
37407,0.0,0.0,22.935
37408,0.0,0.0,22.935
37409,17.0,1983.0,22.935
37410,0.0,0.0,22.935
37411,99.0,99.0,22.945
37412,0.0,0.0,22.945
37413,0.0,0.0,22.945
37414,-350.0,350.0,22.935
37415,0.0,0.0,22.935
37416,0.0,0.0,22.935
37417,872.0,872.0,22.945
37418,0.0,0.0,22.945
37419,0.0,0.0,22.945
37420,0.0,0.0,22.945
37421,-403.0,403.0,22.935
37422,0.0,0.0,22.935
37423,0.0,0.0,22.935
37424,0.0,0.0,22.935
37425,0.0,0.0,22.935
37426,0.0,0.0,22.935
37427,-2084.0,2376.0,22.945
37428,0.0,0.0,22.945
37429,0.0,0.0,22.945
37430,0.0,0.0,22.945
37431,0.0,0.0,22.945
37432,0.0,0.0,22.945
37433,0.0,0.0,22.945
37434,-2577.0,2577.0,22.945
37435,-103.0,103.0,22.935
37436,200.0,200.0,22.935
37437,598.0,598.0,22.945
37438,0.0,0.0,22.945
37439,0.0,0.0,22.945
37440,-1361.0,1361.0,22.935
37441,765.0,765.0,22.945
37442,0.0,0.0,22.945
37443,0.0,0.0,22.945
37444,3663.0,3663.0,22.945
37445,0.0,0.0,22.945
37446,-3631.0,3631.0,22.945
37447,0.0,0.0,22.945
37448,0.0,0.0,22.945
37449,-823.0,823.0,22.935
37450,0.0,0.0,22.935
37451,-34.0,34.0,22.925
37452,13.0,13.0,22.925
37453,318.0,318.0,22.935
37454,-81.0,81.0,22.935
37455,-200.0,200.0,22.925
37456,-4.0,4.0,22.925
37457,3904.0,4908.0,22.925
37458,0.0,0.0,22.925
37459,0.0,0.0,22.925
37460,0.0,0.0,22.915
37461,230.0,230.0,22.915
37462,0.0,0.0,22.915
37463,0.0,0.0,22.915
37464,-10419.0,10517.0,22.895
37465,3379.0,4375.0,22.895
37466,0.0,0.0,22.895
37467,0.0,0.0,22.895
37468,0.0,0.0,22.895
37469,0.0,0.0,22.895
37470,-597.0,597.0,22.895
37471,0.0,0.0,22.895
37472,0.0,0.0,22.895
37473,0.0,0.0,22.895
37474,0.0,0.0,22.895
37475,-800.0,800.0,22.895
37476,-800.0,800.0,22.895
37477,0.0,0.0,22.895
37478,1335.0,1335.0,22.905
37479,0.0,0.0,22.905
37480,0.0,0.0,22.905
37481,-363.0,363.0,22.895
37482,0.0,0.0,22.895
37483,0.0,0.0,22.895
37484,0.0,0.0,22.895
37485,0.0,0.0,22.895
37486,0.0,0.0,22.895
37487,-53.0,53.0,22.895
37488,0.0,0.0,22.895
37489,0.0,0.0,22.895
37490,0.0,0.0,22.895
37491,0.0,0.0,22.895
37492,0.0,0.0,22.895
37493,0.0,0.0,22.895
37494,-2162.0,2162.0,22.88
37495,200.0,200.0,22.885
37496,647.0,647.0,22.895
37497,0.0,0.0,22.895
37498,0.0,0.0,22.895
37499,0.0,0.0,22.895
37500,700.0,700.0,22.905
37501,0.0,0.0,22.905
37502,0.0,0.0,22.905
37503,0.0,0.0,22.905
37504,0.0,0.0,22.905
37505,1105.0,1105.0,22.915
37506,0.0,0.0,22.915
37507,0.0,0.0,22.915
37508,-206.0,206.0,22.905
37509,-160.0,160.0,22.895
37510,0.0,0.0,22.895
37511,0.0,0.0,22.895
37512,-110.0,110.0,22.885
37513,0.0,0.0,22.885
37514,0.0,0.0,22.885
37515,0.0,0.0,22.885
37516,316.0,316.0,22.895
37517,-574.0,574.0,22.885
37518,0.0,0.0,22.885
37519,0.0,0.0,22.885
37520,-453.0,453.0,22.875
37521,0.0,0.0,22.875
37522,0.0,0.0,22.875
37523,0.0,0.0,22.875
37524,0.0,0.0,22.875
37525,305.0,305.0,22.885
37526,0.0,0.0,22.885
37527,0.0,0.0,22.885
37528,0.0,0.0,22.885
37529,0.0,0.0,22.885
37530,0.0,0.0,22.885
37531,-1399.0,1399.0,22.875
37532,0.0,0.0,22.875
37533,0.0,0.0,22.875
37534,0.0,0.0,22.875
37535,0.0,0.0,22.875
37536,0.0,0.0,22.875
37537,0.0,0.0,22.875
37538,0.0,0.0,22.875
37539,-1394.0,1434.0,22.865
37540,0.0,0.0,22.865
37541,0.0,0.0,22.865
37542,562.0,562.0,22.875
37543,0.0,0.0,22.875
37544,0.0,0.0,22.875
37545,0.0,0.0,22.875
37546,0.0,0.0,22.875
37547,0.0,0.0,22.875
37548,1064.0,1258.0,22.885
37549,-639.0,639.0,22.875
37550,0.0,0.0,22.875
37551,-100.0,100.0,22.865
37552,0.0,0.0,22.865
37553,0.0,0.0,22.865
37554,0.0,0.0,22.865
37555,-1937.0,9027.0,22.865
37556,0.0,0.0,22.865
37557,0.0,0.0,22.865
37558,0.0,0.0,22.865
37559,-50.0,50.0,22.855
37560,0.0,0.0,22.855
37561,0.0,0.0,22.855
37562,416.0,416.0,22.865
37563,227.0,227.0,22.865
37564,0.0,0.0,22.865
37565,815.0,815.0,22.875
37566,0.0,0.0,22.875
37567,0.0,0.0,22.875
37568,0.0,0.0,22.875
37569,0.0,0.0,22.875
37570,0.0,0.0,22.875
37571,0.0,0.0,22.875
37572,0.0,0.0,22.875
37573,0.0,0.0,22.875
37574,0.0,0.0,22.875
37575,0.0,0.0,22.875
37576,0.0,0.0,22.875
37577,0.0,0.0,22.875
37578,0.0,0.0,22.875
37579,-408.0,408.0,22.865
37580,-350.0,350.0,22.855
37581,-501.0,501.0,22.845
37582,-367.0,367.0,22.835
37583,0.0,0.0,22.835
37584,5280.0,5280.0,22.845
37585,150.0,150.0,22.855
37586,0.0,0.0,22.855
37587,0.0,0.0,22.855
37588,0.0,0.0,22.855
37589,0.0,0.0,22.855
37590,0.0,0.0,22.855
37591,0.0,0.0,22.855
37592,0.0,0.0,22.855
37593,0.0,0.0,22.855
37594,607.0,607.0,22.865
37595,-453.0,453.0,22.855
37596,0.0,0.0,22.855
37597,0.0,0.0,22.855
37598,115.0,115.0,22.865
37599,0.0,0.0,22.865
37600,0.0,0.0,22.865
37601,0.0,0.0,22.865
37602,-4766.0,4766.0,22.855
37603,0.0,0.0,22.855
37604,0.0,0.0,22.855
37605,0.0,0.0,22.855
37606,0.0,0.0,22.855
37607,0.0,0.0,22.855
37608,0.0,0.0,22.855
37609,0.0,0.0,22.855
37610,93.0,93.0,22.865
37611,240.0,240.0,22.875
37612,-87.0,87.0,22.875
37613,0.0,0.0,22.875
37614,-476.0,476.0,22.865
37615,0.0,0.0,22.865
37616,0.0,0.0,22.865
37617,0.0,0.0,22.865
37618,0.0,0.0,22.865
37619,0.0,0.0,22.865
37620,0.0,0.0,22.865
37621,0.0,0.0,22.865
37622,0.0,0.0,22.865
37623,0.0,0.0,22.865
37624,-3008.0,3008.0,22.855
37625,400.0,400.0,22.865
37626,150.0,150.0,22.875
37627,0.0,0.0,22.875
37628,-50.0,50.0,22.875
37629,-550.0,550.0,22.865
37630,-465.0,465.0,22.855
37631,0.0,0.0,22.855
37632,0.0,0.0,22.855
37633,500.0,500.0,22.865
37634,0.0,0.0,22.865
37635,0.0,0.0,22.865
37636,-453.0,453.0,22.865
37637,199.0,201.0,22.855
37638,0.0,0.0,22.855
37639,0.0,0.0,22.855
37640,0.0,0.0,22.855
37641,0.0,0.0,22.855
37642,0.0,0.0,22.855
37643,0.0,0.0,22.855
37644,0.0,0.0,22.855
37645,-1259.0,1259.0,22.845
37646,0.0,0.0,22.845
37647,0.0,0.0,22.845
37648,136.0,136.0,22.845
37649,440.0,440.0,22.855
37650,0.0,0.0,22.855
37651,0.0,0.0,22.855
37652,0.0,0.0,22.855
37653,-6.0,6.0,22.855
37654,-101.0,101.0,22.845
37655,0.0,0.0,22.845
37656,-531.0,531.0,22.835
37657,0.0,0.0,22.835
37658,0.0,0.0,22.835
37659,-1796.0,1996.0,22.835
37660,0.0,0.0,22.835
37661,0.0,0.0,22.835
37662,0.0,0.0,22.835
37663,0.0,0.0,22.835
37664,0.0,0.0,22.835
37665,0.0,0.0,22.835
37666,0.0,0.0,22.835
37667,0.0,0.0,22.835
37668,0.0,0.0,22.835
37669,0.0,0.0,22.835
37670,775.0,775.0,22.845
37671,0.0,0.0,22.845
37672,-2575.0,2575.0,22.835
37673,0.0,0.0,22.835
37674,0.0,0.0,22.835
37675,0.0,0.0,22.835
37676,0.0,0.0,22.835
37677,0.0,0.0,22.835
37678,-1048.0,1048.0,22.825
37679,0.0,0.0,22.825
37680,0.0,0.0,22.825
37681,0.0,0.0,22.825
37682,0.0,0.0,22.825
37683,-813.0,813.0,22.815
37684,-804.0,804.0,22.805
37685,0.0,0.0,22.805
37686,0.0,0.0,22.805
37687,-3455.0,3455.0,22.795
37688,0.0,0.0,22.795
37689,-609.0,609.0,22.785
37690,0.0,0.0,22.785
37691,0.0,0.0,22.785
37692,0.0,0.0,22.785
37693,-950.0,950.0,22.775
37694,-2435.0,2435.0,22.765
37695,0.0,0.0,22.765
37696,0.0,0.0,22.765
37697,0.0,0.0,22.765
37698,0.0,0.0,22.765
37699,2202.0,2202.0,22.775
37700,0.0,0.0,22.775
37701,0.0,0.0,22.775
37702,0.0,0.0,22.775
37703,0.0,0.0,22.775
37704,0.0,0.0,22.775
37705,0.0,0.0,22.775
37706,-3.0,3.0,22.765
37707,0.0,0.0,22.765
37708,-781.0,781.0,22.755
37709,1142.0,1142.0,22.765
37710,0.0,0.0,22.765
37711,0.0,0.0,22.765
37712,0.0,0.0,22.765
37713,0.0,0.0,22.765
37714,0.0,0.0,22.765
37715,0.0,0.0,22.765
37716,0.0,0.0,22.765
37717,0.0,0.0,22.765
37718,0.0,0.0,22.765
37719,0.0,0.0,22.765
37720,0.0,0.0,22.765
37721,0.0,0.0,22.765
37722,0.0,0.0,22.765
37723,-408.0,408.0,22.755
37724,0.0,0.0,22.755
37725,-50.0,50.0,22.755
37726,0.0,0.0,22.755
37727,0.0,0.0,22.755
37728,0.0,0.0,22.755
37729,0.0,0.0,22.755
37730,0.0,0.0,22.755
37731,0.0,0.0,22.755
37732,-9582.0,9782.0,22.745
37733,0.0,0.0,22.745
37734,0.0,0.0,22.745
37735,286.0,1686.0,22.755
37736,0.0,0.0,22.755
37737,0.0,0.0,22.755
37738,0.0,0.0,22.755
37739,0.0,0.0,22.755
37740,0.0,0.0,22.755
37741,-877.0,1243.0,22.755
37742,0.0,0.0,22.755
37743,1371.0,1371.0,22.765
37744,1.0,1.0,22.765
37745,0.0,0.0,22.765
37746,0.0,0.0,22.765
37747,1583.0,1583.0,22.775
37748,0.0,0.0,22.775
37749,0.0,0.0,22.775
37750,0.0,0.0,22.775
37751,0.0,0.0,22.775
37752,0.0,0.0,22.775
37753,-1653.0,1653.0,22.765
37754,0.0,0.0,22.765
37755,0.0,0.0,22.765
37756,0.0,0.0,22.765
37757,0.0,0.0,22.765
37758,0.0,0.0,22.765
37759,-29.0,29.0,22.765
37760,0.0,0.0,22.765
37761,0.0,0.0,22.765
37762,0.0,0.0,22.765
37763,-3132.0,6668.0,22.775
37764,1360.0,1560.0,22.775
37765,798.0,798.0,22.785
37766,652.0,652.0,22.795
37767,0.0,0.0,22.795
37768,0.0,0.0,22.795
37769,2153.0,2153.0,22.805
37770,0.0,0.0,22.805
37771,-313.0,313.0,22.795
37772,0.0,0.0,22.795
37773,-709.0,1109.0,22.785
37774,0.0,0.0,22.785
37775,0.0,0.0,22.785
37776,0.0,0.0,22.785
37777,-100.0,100.0,22.785
37778,0.0,0.0,22.785
37779,-350.0,350.0,22.775
37780,618.0,618.0,22.785
37781,0.0,0.0,22.785
37782,0.0,0.0,22.785
37783,-384.0,384.0,22.775
37784,0.0,0.0,22.775
37785,0.0,0.0,22.775
37786,0.0,0.0,22.775
37787,0.0,0.0,22.775
37788,0.0,0.0,22.775
37789,0.0,0.0,22.775
37790,-10318.0,13498.0,22.775
37791,478.0,1078.0,22.775
37792,577.0,577.0,22.785
37793,30.0,2130.0,22.785
37794,0.0,0.0,22.785
37795,0.0,0.0,22.775
37796,0.0,0.0,22.775
37797,0.0,0.0,22.775
37798,0.0,0.0,22.775
37799,-455.0,455.0,22.765
37800,0.0,0.0,22.765
37801,-2200.0,2200.0,22.765
37802,0.0,0.0,22.765
37803,0.0,0.0,22.765
37804,553.0,553.0,22.775
37805,-304.0,304.0,22.765
37806,7837.0,8737.0,22.755
37807,0.0,0.0,22.755
37808,0.0,0.0,22.755
37809,0.0,0.0,22.755
37810,-1334.0,1934.0,22.745
37811,0.0,0.0,22.745
37812,1710.0,1710.0,22.745
37813,0.0,0.0,22.745
37814,2.0,2.0,22.745
37815,0.0,0.0,22.745
37816,0.0,0.0,22.745
37817,0.0,0.0,22.745
37818,0.0,0.0,22.745
37819,0.0,0.0,22.745
37820,-1471.0,1471.0,22.735
37821,0.0,0.0,22.735
37822,0.0,0.0,22.735
37823,0.0,0.0,22.735
37824,6115.0,7351.0,22.725
37825,0.0,0.0,22.725
37826,1417.0,3017.0,22.725
37827,-4665.0,4665.0,22.715
37828,0.0,0.0,22.715
37829,-162.0,1468.0,22.705
37830,1617.0,1617.0,22.715
37831,300.0,300.0,22.715
37832,311.0,311.0,22.715
37833,22.0,22.0,22.715
37834,1669.0,1669.0,22.725
37835,153.0,153.0,22.725
37836,53.0,53.0,22.735
37837,0.0,0.0,22.735
37838,-900.0,900.0,22.725
37839,109.0,109.0,22.725
37840,-617.0,887.0,22.725
37841,11.0,11.0,22.725
37842,0.0,0.0,22.725
37843,0.0,0.0,22.725
37844,0.0,0.0,22.725
37845,26.0,26.0,22.725
37846,14.0,14.0,22.725
37847,-100.0,100.0,22.725
37848,0.0,0.0,22.725
37849,0.0,0.0,22.725
37850,-442.0,578.0,22.715
37851,454.0,454.0,22.725
37852,-100.0,100.0,22.725
37853,0.0,0.0,22.725
37854,-1067.0,1139.0,22.715
37855,0.0,0.0,22.715
37856,7.0,7.0,22.715
37857,0.0,0.0,22.715
37858,0.0,0.0,22.715
37859,0.0,0.0,22.715
37860,-200.0,200.0,22.715
37861,0.0,0.0,22.715
37862,1850.0,1850.0,22.725
37863,0.0,0.0,22.725
37864,0.0,0.0,22.725
37865,0.0,0.0,22.725
37866,-302.0,302.0,22.715
37867,0.0,0.0,22.715
37868,0.0,0.0,22.715
37869,-1014.0,1014.0,22.715
37870,0.0,0.0,22.715
37871,484.0,484.0,22.725
37872,0.0,0.0,22.725
37873,-9529.0,10665.0,22.715
37874,0.0,0.0,22.715
37875,10.0,10.0,22.715
37876,0.0,0.0,22.715
37877,0.0,0.0,22.715
37878,704.0,1704.0,22.715
37879,0.0,0.0,22.715
37880,-1600.0,1600.0,22.715
37881,0.0,0.0,22.715
37882,0.0,0.0,22.715
37883,0.0,0.0,22.715
37884,0.0,0.0,22.715
37885,0.0,0.0,22.715
37886,-2.0,2.0,22.705
37887,1449.0,1449.0,22.715
37888,1146.0,1146.0,22.725
37889,2002.0,2002.0,22.725
37890,2611.0,3411.0,22.735
37891,0.0,0.0,22.735
37892,2623.0,3423.0,22.745
37893,-550.0,550.0,22.735
37894,-5415.0,5415.0,22.725
37895,0.0,0.0,22.725
37896,0.0,0.0,22.725
37897,0.0,0.0,22.725
37898,0.0,0.0,22.72
37899,-200.0,400.0,22.72
37900,989.0,989.0,22.715
37901,0.0,0.0,22.715
37902,0.0,0.0,22.715
37903,-300.0,300.0,22.715
37904,0.0,0.0,22.715
37905,0.0,0.0,22.715
37906,0.0,0.0,22.715
37907,0.0,0.0,22.715
37908,0.0,0.0,22.715
37909,-578.0,578.0,22.705
37910,-29798.0,36714.0,22.685
37911,1152.0,1452.0,22.675
37912,-147.0,147.0,22.675
37913,-1871.0,10549.0,22.675
37914,0.0,0.0,22.675
37915,0.0,0.0,22.675
37916,3186.0,3186.0,22.685
37917,0.0,0.0,22.685
37918,1.0,1.0,22.685
37919,0.0,0.0,22.685
37920,-984.0,1184.0,22.685
37921,1242.0,10988.0,22.675
37922,1683.0,1683.0,22.685
37923,0.0,0.0,22.685
37924,-3360.0,5862.0,22.695
37925,0.0,0.0,22.695
37926,0.0,0.0,22.695
37927,0.0,0.0,22.695
37928,0.0,0.0,22.695
37929,0.0,0.0,22.695
37930,0.0,0.0,22.695
37931,0.0,0.0,22.695
37932,-1500.0,1500.0,22.685
37933,-561.0,561.0,22.675
37934,1100.0,2498.0,22.685
37935,0.0,0.0,22.685
37936,0.0,0.0,22.685
37937,0.0,0.0,22.685
37938,0.0,0.0,22.685
37939,0.0,0.0,22.685
37940,0.0,0.0,22.685
37941,0.0,0.0,22.685
37942,-12774.0,14540.0,22.675
37943,3525.0,3525.0,22.685
37944,1345.0,1345.0,22.695
37945,-1450.0,1450.0,22.685
37946,0.0,0.0,22.685
37947,-637.0,637.0,22.675
37948,0.0,0.0,22.675
37949,0.0,0.0,22.675
37950,0.0,0.0,22.675
37951,0.0,0.0,22.675
37952,0.0,0.0,22.675
37953,0.0,0.0,22.675
37954,0.0,0.0,22.675
37955,-1.0,1.0,22.675
37956,-3792.0,24002.0,22.675
37957,0.0,0.0,22.675
37958,0.0,0.0,22.675
37959,0.0,0.0,22.675
37960,0.0,0.0,22.675
37961,0.0,0.0,22.675
37962,0.0,0.0,22.675
37963,0.0,0.0,22.675
37964,-820.0,820.0,22.665
37965,2357.0,2357.0,22.675
37966,3799.0,3799.0,22.695
37967,1822.0,1822.0,22.705
37968,52.0,52.0,22.705
37969,0.0,0.0,22.705
37970,0.0,0.0,22.705
37971,3349.0,3355.0,22.725
37972,0.0,0.0,22.725
37973,0.0,0.0,22.725
37974,0.0,0.0,22.725
37975,314.0,314.0,22.735
37976,0.0,0.0,22.735
37977,0.0,0.0,22.735
37978,-299.0,299.0,22.735
37979,0.0,0.0,22.73
37980,1199.0,1199.0,22.735
37981,566.0,566.0,22.74
37982,0.0,0.0,22.735
37983,-3672.0,4872.0,22.735
37984,0.0,0.0,22.735
37985,0.0,0.0,22.735
37986,0.0,0.0,22.735
37987,-200.0,200.0,22.725
37988,0.0,0.0,22.725
37989,-2270.0,2270.0,22.72
37990,0.0,0.0,22.725
37991,0.0,0.0,22.725
37992,601.0,601.0,22.725
37993,0.0,0.0,22.725
37994,0.0,0.0,22.725
37995,-2037.0,3349.0,22.725
37996,2.0,2.0,22.725
37997,10.0,10.0,22.725
37998,-3.0,3.0,22.72
37999,-100.0,100.0,22.715
38000,0.0,0.0,22.715
38001,780.0,780.0,22.725
38002,0.0,0.0,22.725
38003,-1.0,1.0,22.725
38004,-69.0,671.0,22.725
38005,0.0,0.0,22.725
38006,-903.0,903.0,22.715
38007,0.0,0.0,22.715
38008,0.0,0.0,22.715
38009,625.0,625.0,22.725
38010,-890.0,890.0,22.715
38011,850.0,850.0,22.715
38012,0.0,0.0,22.725
38013,0.0,0.0,22.725
38014,0.0,0.0,22.725
38015,0.0,0.0,22.725
38016,0.0,0.0,22.725
38017,0.0,0.0,22.725
38018,1308.0,1308.0,22.735
38019,0.0,0.0,22.735
38020,0.0,0.0,22.735
38021,0.0,0.0,22.735
38022,0.0,0.0,22.735
38023,1100.0,1100.0,22.745
38024,0.0,0.0,22.745
38025,1564.0,1566.0,22.765
38026,1181.0,1181.0,22.775
38027,832.0,832.0,22.785
38028,24.0,24.0,22.785
38029,0.0,0.0,22.785
38030,0.0,0.0,22.785
38031,0.0,0.0,22.785
38032,-340.0,340.0,22.775
38033,0.0,0.0,22.775
38034,-405.0,405.0,22.765
38035,1100.0,1100.0,22.775
38036,300.0,300.0,22.785
38037,0.0,0.0,22.785
38038,0.0,0.0,22.785
38039,-303.0,1303.0,22.775
38040,0.0,0.0,22.775
38041,0.0,0.0,22.775
38042,0.0,0.0,22.775
38043,-400.0,400.0,22.765
38044,-1820.0,1820.0,22.755
38045,0.0,0.0,22.755
38046,680.0,680.0,22.765
38047,0.0,0.0,22.765
38048,-800.0,800.0,22.755
38049,0.0,0.0,22.755
38050,0.0,0.0,22.755
38051,393.0,393.0,22.765
38052,0.0,0.0,22.765
38053,250.0,250.0,22.775
38054,0.0,0.0,22.775
38055,200.0,200.0,22.775
38056,0.0,0.0,22.775
38057,0.0,0.0,22.775
38058,1050.0,1050.0,22.785
38059,0.0,0.0,22.785
38060,0.0,0.0,22.785
38061,2160.0,2160.0,22.795
38062,0.0,0.0,22.795
38063,0.0,0.0,22.79
38064,0.0,0.0,22.785
38065,0.0,0.0,22.785
38066,450.0,450.0,22.795
38067,3259.0,3259.0,22.805
38068,-800.0,800.0,22.795
38069,0.0,0.0,22.795
38070,0.0,0.0,22.795
38071,0.0,0.0,22.795
38072,501.0,501.0,22.805
38073,0.0,0.0,22.805
38074,0.0,0.0,22.805
38075,0.0,0.0,22.805
38076,-3564.0,9530.0,22.805
38077,0.0,0.0,22.805
38078,0.0,0.0,22.805
38079,-600.0,600.0,22.805
38080,0.0,0.0,22.805
38081,1550.0,1550.0,22.815
38082,-300.0,300.0,22.805
38083,-2161.0,2161.0,22.805
38084,0.0,0.0,22.805
38085,0.0,0.0,22.805
38086,0.0,0.0,22.805
38087,477.0,1023.0,22.805
38088,0.0,0.0,22.8
38089,0.0,0.0,22.8
38090,100.0,100.0,22.805
38091,1286.0,1290.0,22.805
38092,0.0,0.0,22.805
38093,950.0,950.0,22.815
38094,-1106.0,1106.0,22.805
38095,0.0,0.0,22.805
38096,-1450.0,1450.0,22.795
38097,0.0,0.0,22.795
38098,800.0,800.0,22.805
38099,8987.0,11099.0,22.815
38100,-2432.0,2432.0,22.795
38101,-3607.0,8689.0,22.785
38102,1006.0,1006.0,22.79
38103,450.0,450.0,22.795
38104,450.0,450.0,22.795
38105,0.0,0.0,22.795
38106,0.0,0.0,22.795
38107,-750.0,750.0,22.785
38108,0.0,0.0,22.785
38109,1250.0,1250.0,22.795
38110,-400.0,400.0,22.795
38111,-835.0,839.0,22.785
38112,15.0,15.0,22.775
38113,0.0,0.0,22.775
38114,0.0,0.0,22.775
38115,0.0,0.0,22.775
38116,0.0,0.0,22.775
38117,0.0,0.0,22.775
38118,0.0,0.0,22.775
38119,0.0,0.0,22.775
38120,0.0,0.0,22.775
38121,0.0,0.0,22.775
38122,2339.0,2339.0,22.775
38123,-1105.0,2005.0,22.775
38124,0.0,0.0,22.775
38125,-454.0,614.0,22.765
38126,0.0,0.0,22.765
38127,0.0,0.0,22.765
38128,0.0,0.0,22.77
38129,0.0,0.0,22.765
38130,-100.0,800.0,22.765
38131,0.0,0.0,22.765
38132,0.0,0.0,22.765
38133,1.0,1.0,22.765
38134,0.0,0.0,22.765
38135,0.0,0.0,22.765
38136,0.0,0.0,22.765
38137,1672.0,1672.0,22.775
38138,0.0,0.0,22.775
38139,0.0,0.0,22.775
38140,0.0,0.0,22.775
38141,0.0,0.0,22.775
38142,0.0,0.0,22.775
38143,-1205.0,1205.0,22.755
38144,0.0,0.0,22.755
38145,0.0,0.0,22.755
38146,310.0,310.0,22.765
38147,0.0,0.0,22.765
38148,0.0,0.0,22.765
38149,0.0,0.0,22.765
38150,0.0,0.0,22.765
38151,0.0,0.0,22.765
38152,0.0,0.0,22.765
38153,0.0,0.0,22.765
38154,0.0,0.0,22.765
38155,0.0,0.0,22.765
38156,0.0,0.0,22.765
38157,0.0,0.0,22.765
38158,0.0,0.0,22.765
38159,0.0,0.0,22.765
38160,28.0,272.0,22.765
38161,0.0,0.0,22.765
38162,0.0,0.0,22.765
38163,0.0,0.0,22.76
38164,-450.0,450.0,22.755
38165,0.0,0.0,22.755
38166,300.0,300.0,22.765
38167,0.0,0.0,22.765
38168,0.0,0.0,22.765
38169,0.0,0.0,22.765
38170,0.0,0.0,22.765
38171,0.0,0.0,22.765
38172,0.0,0.0,22.765
38173,0.0,0.0,22.765
38174,1201.0,1201.0,22.765
38175,0.0,0.0,22.77
38176,-150.0,350.0,22.765
38177,350.0,350.0,22.775
38178,0.0,0.0,22.775
38179,949.0,949.0,22.785
38180,0.0,0.0,22.785
38181,0.0,0.0,22.785
38182,0.0,0.0,22.785
38183,0.0,0.0,22.785
38184,123.0,123.0,22.785
38185,0.0,0.0,22.785
38186,100.0,100.0,22.785
38187,0.0,0.0,22.785
38188,204.0,404.0,22.795
38189,0.0,0.0,22.795
38190,0.0,0.0,22.795
38191,0.0,0.0,22.795
38192,0.0,0.0,22.795
38193,0.0,0.0,22.795
38194,1463.0,1463.0,22.815
38195,0.0,0.0,22.815
38196,0.0,0.0,22.815
38197,-900.0,900.0,22.815
38198,-195.0,195.0,22.815
38199,0.0,0.0,22.805
38200,0.0,0.0,22.805
38201,300.0,300.0,22.815
38202,0.0,0.0,22.815
38203,0.0,0.0,22.815
38204,0.0,0.0,22.815
38205,0.0,0.0,22.815
38206,-900.0,900.0,22.815
38207,100.0,100.0,22.805
38208,0.0,0.0,22.805
38209,0.0,0.0,22.805
38210,0.0,0.0,22.805
38211,-459.0,459.0,22.795
38212,0.0,0.0,22.795
38213,100.0,100.0,22.795
38214,650.0,650.0,22.805
38215,0.0,0.0,22.805
38216,409.0,409.0,22.805
38217,0.0,0.0,22.805
38218,0.0,0.0,22.805
38219,-403.0,403.0,22.795
38220,0.0,0.0,22.795
38221,0.0,0.0,22.795
38222,0.0,0.0,22.795
38223,-400.0,400.0,22.795
38224,0.0,0.0,22.795
38225,0.0,0.0,22.795
38226,51.0,51.0,22.795
38227,459.0,459.0,22.805
38228,2.0,2.0,22.805
38229,0.0,0.0,22.805
38230,0.0,0.0,22.805
38231,0.0,0.0,22.805
38232,0.0,0.0,22.805
38233,0.0,0.0,22.805
38234,-4747.0,4747.0,22.805
38235,0.0,0.0,22.805
38236,609.0,609.0,22.815
38237,0.0,0.0,22.815
38238,0.0,0.0,22.815
38239,0.0,0.0,22.815
38240,3449.0,3449.0,22.825
38241,0.0,0.0,22.825
38242,1064.0,1064.0,22.835
38243,-600.0,600.0,22.825
38244,0.0,0.0,22.825
38245,0.0,0.0,22.825
38246,151.0,151.0,22.825
38247,0.0,0.0,22.825
38248,0.0,0.0,22.825
38249,0.0,0.0,22.825
38250,0.0,0.0,22.825
38251,-571.0,571.0,22.82
38252,200.0,200.0,22.82
38253,0.0,0.0,22.815
38254,0.0,0.0,22.815
38255,-779.0,1081.0,22.815
38256,0.0,0.0,22.815
38257,0.0,0.0,22.815
38258,0.0,0.0,22.815
38259,-1028.0,1028.0,22.795
38260,152.0,152.0,22.805
38261,0.0,0.0,22.805
38262,0.0,0.0,22.805
38263,-500.0,500.0,22.795
38264,0.0,0.0,22.795
38265,0.0,0.0,22.795
38266,0.0,0.0,22.795
38267,1400.0,1400.0,22.805
38268,-1761.0,1763.0,22.785
38269,565.0,1045.0,22.785
38270,51.0,51.0,22.785
38271,0.0,0.0,22.785
38272,403.0,403.0,22.795
38273,100.0,100.0,22.795
38274,0.0,0.0,22.795
38275,0.0,0.0,22.795
38276,1028.0,1028.0,22.805
38277,0.0,0.0,22.805
38278,0.0,0.0,22.805
38279,0.0,0.0,22.805
38280,0.0,0.0,22.805
38281,-565.0,565.0,22.805
38282,0.0,0.0,22.805
38283,0.0,0.0,22.805
38284,0.0,0.0,22.805
38285,-1560.0,7668.0,22.805
38286,0.0,0.0,22.805
38287,0.0,0.0,22.805
38288,-302.0,302.0,22.805
38289,0.0,0.0,22.805
38290,0.0,0.0,22.805
38291,-44.0,1044.0,22.795
38292,-524.0,532.0,22.785
38293,100.0,100.0,22.785
38294,0.0,0.0,22.785
38295,0.0,0.0,22.785
38296,0.0,0.0,22.785
38297,0.0,0.0,22.785
38298,0.0,0.0,22.785
38299,-257.0,257.0,22.775
38300,0.0,0.0,22.775
38301,0.0,0.0,22.775
38302,0.0,0.0,22.775
38303,250.0,250.0,22.785
38304,150.0,150.0,22.795
38305,1637.0,1637.0,22.815
38306,1845.0,1845.0,22.825
38307,0.0,0.0,22.825
38308,0.0,0.0,22.825
38309,0.0,0.0,22.825
38310,0.0,0.0,22.825
38311,0.0,0.0,22.825
38312,0.0,0.0,22.825
38313,0.0,0.0,22.825
38314,0.0,0.0,22.825
38315,0.0,0.0,22.825
38316,0.0,0.0,22.825
38317,0.0,0.0,22.825
38318,0.0,0.0,22.825
38319,0.0,0.0,22.825
38320,0.0,0.0,22.825
38321,0.0,0.0,22.825
38322,0.0,0.0,22.825
38323,-648.0,1550.0,22.815
38324,0.0,0.0,22.815
38325,10.0,190.0,22.815
38326,0.0,0.0,22.815
38327,0.0,0.0,22.815
38328,0.0,0.0,22.815
38329,0.0,0.0,22.815
38330,0.0,0.0,22.815
38331,0.0,0.0,22.815
38332,0.0,0.0,22.815
38333,0.0,0.0,22.815
38334,0.0,0.0,22.815
38335,0.0,0.0,22.815
38336,-400.0,400.0,22.815
38337,0.0,0.0,22.815
38338,0.0,0.0,22.815
38339,100.0,100.0,22.815
38340,0.0,0.0,22.815
38341,0.0,0.0,22.815
38342,0.0,0.0,22.815
38343,586.0,586.0,22.815
38344,150.0,150.0,22.825
38345,0.0,0.0,22.825
38346,0.0,0.0,22.825
38347,0.0,0.0,22.825
38348,0.0,0.0,22.825
38349,0.0,0.0,22.825
38350,0.0,0.0,22.825
38351,0.0,0.0,22.825
38352,0.0,0.0,22.825
38353,0.0,0.0,22.825
38354,0.0,0.0,22.825
38355,0.0,0.0,22.825
38356,2029.0,2029.0,22.835
38357,0.0,0.0,22.835
38358,0.0,0.0,22.835
38359,0.0,0.0,22.835
38360,0.0,0.0,22.835
38361,0.0,0.0,22.835
38362,-1456.0,1456.0,22.825
38363,0.0,0.0,22.825
38364,-1003.0,1003.0,22.815
38365,0.0,0.0,22.815
38366,0.0,0.0,22.815
38367,0.0,0.0,22.815
38368,0.0,0.0,22.815
38369,0.0,0.0,22.815
38370,0.0,0.0,22.815
38371,0.0,0.0,22.815
38372,0.0,0.0,22.815
38373,0.0,0.0,22.815
38374,1817.0,1817.0,22.825
38375,-105.0,105.0,22.815
38376,0.0,0.0,22.815
38377,0.0,0.0,22.815
38378,0.0,0.0,22.815
38379,0.0,0.0,22.815
38380,0.0,0.0,22.815
38381,0.0,0.0,22.815
38382,0.0,0.0,22.815
38383,0.0,0.0,22.815
38384,0.0,0.0,22.815
38385,0.0,0.0,22.815
38386,0.0,0.0,22.815
38387,1709.0,1709.0,22.835
38388,-214.0,214.0,22.835
38389,0.0,0.0,22.835
38390,0.0,0.0,22.835
38391,-480.0,480.0,22.825
38392,-350.0,350.0,22.815
38393,0.0,0.0,22.815
38394,0.0,0.0,22.815
38395,0.0,0.0,22.815
38396,0.0,0.0,22.815
38397,0.0,0.0,22.815
38398,0.0,0.0,22.815
38399,0.0,0.0,22.815
38400,620.0,696.0,22.815
38401,0.0,0.0,22.815
38402,0.0,0.0,22.815
38403,0.0,0.0,22.815
38404,1813.0,1813.0,22.825
38405,-496.0,496.0,22.815
38406,0.0,0.0,22.815
38407,0.0,0.0,22.815
38408,0.0,0.0,22.815
38409,0.0,0.0,22.815
38410,0.0,0.0,22.815
38411,2813.0,2813.0,22.825
38412,-700.0,700.0,22.825
38413,0.0,0.0,22.825
38414,0.0,0.0,22.825
38415,0.0,0.0,22.825
38416,0.0,0.0,22.825
38417,0.0,0.0,22.825
38419,0.0,0.0,22.825
38420,441.0,441.0,22.835
38421,0.0,0.0,22.835
38422,-510.0,510.0,22.835
38423,0.0,0.0,22.835
38424,-708.0,708.0,22.825
38425,-102.0,102.0,22.815
38426,0.0,0.0,22.815
38427,0.0,0.0,22.815
38428,0.0,0.0,22.815
38429,0.0,0.0,22.815
38430,0.0,0.0,22.815
38431,0.0,0.0,22.815
38432,0.0,0.0,22.815
38433,-5141.0,5141.0,22.805
38434,528.0,528.0,22.815
38435,0.0,0.0,22.815
38436,-1360.0,1360.0,22.81
38437,0.0,0.0,22.81
38438,0.0,0.0,22.815
38439,0.0,0.0,22.815
38440,-440.0,440.0,22.805
38441,0.0,0.0,22.805
38442,0.0,0.0,22.805
38443,0.0,0.0,22.805
38444,550.0,550.0,22.815
38445,0.0,0.0,22.815
38446,0.0,0.0,22.815
38447,0.0,0.0,22.815
38448,0.0,0.0,22.815
38449,0.0,0.0,22.815
38450,0.0,0.0,22.815
38451,0.0,0.0,22.815
38452,0.0,0.0,22.815
38453,0.0,0.0,22.815
38454,2749.0,2749.0,22.815
38455,0.0,0.0,22.82
38456,0.0,0.0,22.825
38457,401.0,401.0,22.825
38458,0.0,0.0,22.825
38459,0.0,0.0,22.825
38460,0.0,0.0,22.825
38461,0.0,0.0,22.825
38462,0.0,0.0,22.825
38463,-976.0,976.0,22.825
38464,0.0,0.0,22.825
38465,822.0,822.0,22.835
38466,-2985.0,2985.0,22.835
38467,0.0,0.0,22.835
38468,0.0,0.0,22.835
38469,0.0,0.0,22.835
38470,0.0,0.0,22.835
38471,1648.0,1648.0,22.845
38472,0.0,0.0,22.845
38473,0.0,0.0,22.845
38474,0.0,0.0,22.845
38475,-557.0,557.0,22.845
38476,0.0,0.0,22.845
38477,0.0,0.0,22.845
38478,1627.0,2431.0,22.855
38479,0.0,0.0,22.855
38480,7.0,7.0,22.855
38481,0.0,0.0,22.855
38482,955.0,1857.0,22.865
38483,-700.0,700.0,22.855
38484,79.0,97.0,22.855
38485,712.0,712.0,22.865
38486,-88.0,88.0,22.865
38487,1849.0,1849.0,22.875
38488,0.0,0.0,22.875
38489,0.0,0.0,22.875
38490,-216.0,216.0,22.875
38491,-266.0,266.0,22.865
38492,0.0,0.0,22.865
38493,-3.0,3.0,22.865
38494,0.0,0.0,22.865
38495,0.0,0.0,22.865
38496,-561.0,561.0,22.855
38497,-547.0,547.0,22.845
38498,0.0,0.0,22.845
38499,0.0,0.0,22.855
38500,0.0,0.0,22.855
38501,0.0,0.0,22.855
38502,0.0,0.0,22.855
38503,0.0,0.0,22.855
38504,-450.0,450.0,22.845
38505,0.0,0.0,22.845
38506,0.0,0.0,22.845
38507,0.0,0.0,22.845
38508,0.0,0.0,22.845
38509,0.0,0.0,22.845
38510,0.0,0.0,22.845
38511,216.0,216.0,22.845
38512,0.0,0.0,22.845
38513,0.0,0.0,22.845
38514,0.0,0.0,22.845
38515,-3448.0,3448.0,22.845
38516,0.0,0.0,22.845
38517,-1138.0,1138.0,22.835
38518,0.0,0.0,22.835
38519,0.0,0.0,22.835
38520,0.0,0.0,22.835
38521,400.0,400.0,22.845
38522,0.0,0.0,22.835
38523,2150.0,2150.0,22.845
38524,0.0,0.0,22.845
38525,0.0,0.0,22.845
38526,0.0,0.0,22.845
38527,0.0,0.0,22.845
38528,2674.0,2674.0,22.855
38529,1101.0,3835.0,22.855
38530,0.0,0.0,22.855
38531,0.0,0.0,22.855
38532,0.0,0.0,22.855
38533,-2683.0,2683.0,22.835
38534,-5.0,5.0,22.835
38535,-3.0,3.0,22.835
38536,0.0,0.0,22.835
38537,0.0,0.0,22.835
38538,0.0,0.0,22.835
38539,0.0,0.0,22.835
38540,550.0,550.0,22.835
38541,100.0,100.0,22.835
38542,0.0,0.0,22.835
38543,0.0,0.0,22.835
38544,0.0,0.0,22.84
38545,-100.0,100.0,22.835
38546,0.0,0.0,22.84
38547,0.0,0.0,22.84
38548,0.0,0.0,22.835
38549,0.0,0.0,22.84
38550,0.0,0.0,22.845
38551,0.0,0.0,22.845
38552,0.0,0.0,22.845
38553,-2600.0,2600.0,22.835
38554,3583.0,3583.0,22.845
38555,-422.0,422.0,22.845
38556,0.0,0.0,22.845
38557,0.0,0.0,22.845
38558,0.0,0.0,22.845
38559,0.0,0.0,22.845
38560,0.0,0.0,22.845
38561,0.0,0.0,22.845
38562,0.0,0.0,22.845
38563,-870.0,870.0,22.835
38564,100.0,100.0,22.845
38565,0.0,0.0,22.845
38566,0.0,0.0,22.845
38567,0.0,0.0,22.845
38568,0.0,0.0,22.845
38569,-108.0,108.0,22.845
38570,-1618.0,1618.0,22.835
38571,872.0,872.0,22.835
38572,150.0,150.0,22.845
38573,0.0,0.0,22.845
38574,-103.0,103.0,22.845
38575,0.0,0.0,22.845
38576,-2.0,2.0,22.845
38577,0.0,0.0,22.845
38578,0.0,0.0,22.845
38579,0.0,0.0,22.845
38580,0.0,0.0,22.845
38581,0.0,0.0,22.845
38582,0.0,0.0,22.845
38583,-300.0,300.0,22.845
38584,0.0,0.0,22.845
38585,0.0,0.0,22.845
38586,0.0,0.0,22.845
38587,0.0,0.0,22.845
38588,0.0,0.0,22.845
38589,0.0,0.0,22.845
38590,350.0,350.0,22.845
38591,1273.0,1273.0,22.855
38592,-1900.0,1900.0,22.845
38593,0.0,0.0,22.845
38594,-455.0,455.0,22.835
38595,0.0,0.0,22.835
38596,0.0,0.0,22.835
38597,0.0,0.0,22.835
38598,0.0,0.0,22.835
38599,597.0,597.0,22.835
38600,0.0,0.0,22.835
38601,0.0,0.0,22.835
38602,0.0,0.0,22.835
38603,0.0,0.0,22.835
38604,0.0,0.0,22.835
38605,0.0,0.0,22.835
38606,0.0,0.0,22.835
38607,0.0,0.0,22.835
38608,0.0,0.0,22.835
38609,0.0,0.0,22.835
38610,0.0,0.0,22.835
38611,0.0,0.0,22.835
38612,0.0,0.0,22.835
38613,0.0,0.0,22.835
38614,0.0,0.0,22.835
38615,1495.0,1495.0,22.845
38616,350.0,350.0,22.845
38617,100.0,100.0,22.845
38618,0.0,0.0,22.845
38619,0.0,0.0,22.845
38620,0.0,0.0,22.845
38621,0.0,0.0,22.845
38622,0.0,0.0,22.845
38623,0.0,0.0,22.845
38624,0.0,0.0,22.845
38625,0.0,0.0,22.845
38626,0.0,0.0,22.845
38627,0.0,0.0,22.845
38628,0.0,0.0,22.845
38629,0.0,0.0,22.845
38630,0.0,0.0,22.845
38631,0.0,0.0,22.845
38632,0.0,0.0,22.845
38633,0.0,0.0,22.845
38634,0.0,0.0,22.845
38635,-528.0,10172.0,22.845
38636,-1627.0,1627.0,22.835
38637,0.0,0.0,22.835
38638,-1518.0,1518.0,22.825
38639,0.0,0.0,22.825
38640,-4639.0,4639.0,22.82
38641,0.0,0.0,22.82
38642,0.0,0.0,22.815
38643,2790.0,2790.0,22.825
38644,0.0,0.0,22.825
38645,-387.0,387.0,22.825
38646,-52.0,52.0,22.815
38647,0.0,0.0,22.815
38648,0.0,0.0,22.815
38649,-2815.0,2817.0,22.805
38650,1073.0,1073.0,22.815
38651,-522.0,522.0,22.815
38652,0.0,0.0,22.815
38653,200.0,200.0,22.815
38654,236.0,2136.0,22.815
38655,0.0,0.0,22.815
38656,1471.0,1471.0,22.825
38657,0.0,0.0,22.825
38658,-278.0,278.0,22.825
38659,0.0,0.0,22.825
38660,0.0,0.0,22.825
38661,-445.0,445.0,22.825
38662,-862.0,862.0,22.815
38663,0.0,0.0,22.815
38664,479.0,479.0,22.825
38665,0.0,0.0,22.825
38666,-53.0,53.0,22.825
38667,0.0,0.0,22.825
38668,0.0,0.0,22.825
38669,0.0,0.0,22.825
38670,-462.0,462.0,22.825
38671,0.0,0.0,22.825
38672,0.0,0.0,22.825
38673,0.0,0.0,22.825
38674,0.0,0.0,22.825
38675,0.0,0.0,22.825
38676,0.0,0.0,22.825
38677,0.0,0.0,22.825
38678,0.0,0.0,22.825
38679,0.0,0.0,22.825
38680,0.0,0.0,22.825
38681,0.0,0.0,22.825
38682,0.0,0.0,22.825
38683,0.0,0.0,22.825
38684,0.0,0.0,22.825
38685,0.0,0.0,22.825
38686,0.0,0.0,22.825
38687,0.0,0.0,22.825
38688,0.0,0.0,22.825
38689,0.0,0.0,22.825
38690,5281.0,5281.0,22.835
38691,0.0,0.0,22.835
38692,-343.0,343.0,22.835
38693,-486.0,486.0,22.815
38694,0.0,0.0,22.815
38695,51.0,51.0,22.815
38696,0.0,0.0,22.815
38697,0.0,0.0,22.815
38698,0.0,0.0,22.815
38699,0.0,0.0,22.815
38700,0.0,0.0,22.815
38701,-1634.0,1636.0,22.805
38702,3138.0,3138.0,22.815
38703,0.0,0.0,22.815
38704,0.0,0.0,22.815
38705,0.0,0.0,22.815
38706,0.0,0.0,22.815
38707,0.0,0.0,22.815
38708,0.0,0.0,22.815
38709,0.0,0.0,22.815
38710,0.0,0.0,22.815
38711,0.0,0.0,22.815
38712,0.0,0.0,22.815
38713,0.0,0.0,22.815
38714,0.0,0.0,22.815
38715,0.0,0.0,22.815
38716,-7608.0,7608.0,22.795
38717,0.0,0.0,22.795
38718,0.0,0.0,22.795
38719,1540.0,1540.0,22.795
38720,500.0,500.0,22.805
38721,0.0,0.0,22.805
38722,0.0,0.0,22.805
38723,0.0,0.0,22.805
38724,-704.0,704.0,22.795
38725,0.0,0.0,22.795
38726,0.0,0.0,22.795
38727,0.0,0.0,22.795
38728,-2157.0,2157.0,22.785
38729,0.0,0.0,22.785
38730,0.0,0.0,22.785
38731,0.0,0.0,22.785
38732,0.0,0.0,22.785
38733,138.0,138.0,22.795
38734,0.0,0.0,22.795
38735,0.0,0.0,22.795
38736,0.0,0.0,22.795
38737,300.0,300.0,22.805
38738,0.0,0.0,22.805
38739,0.0,0.0,22.805
38740,0.0,0.0,22.805
38741,-62.0,62.0,22.805
38742,0.0,0.0,22.805
38743,0.0,0.0,22.805
38744,0.0,0.0,22.805
38745,-597.0,597.0,22.795
38746,-900.0,900.0,22.795
38747,0.0,0.0,22.795
38748,0.0,0.0,22.795
38749,0.0,0.0,22.795
38750,0.0,0.0,22.795
38751,0.0,0.0,22.795
38752,0.0,0.0,22.795
38754,-100.0,100.0,22.795
38755,-801.0,803.0,22.785
38756,467.0,467.0,22.795
38757,0.0,0.0,22.795
38758,0.0,0.0,22.795
38759,0.0,0.0,22.795
38760,-101.0,101.0,22.785
38761,0.0,0.0,22.785
38762,0.0,0.0,22.785
38763,397.0,397.0,22.785
38764,0.0,0.0,22.785
38765,0.0,0.0,22.785
38766,0.0,0.0,22.785
38767,0.0,0.0,22.785
38768,0.0,0.0,22.785
38769,0.0,0.0,22.785
38770,0.0,0.0,22.785
38771,0.0,0.0,22.785
38772,0.0,0.0,22.785
38773,0.0,0.0,22.785
38774,0.0,0.0,22.785
38775,923.0,923.0,22.795
38776,591.0,591.0,22.805
38777,0.0,0.0,22.805
38778,0.0,0.0,22.805
38779,0.0,0.0,22.805
38780,100.0,100.0,22.805
38781,0.0,0.0,22.805
38782,-2150.0,2150.0,22.795
38783,0.0,0.0,22.795
38784,0.0,0.0,22.795
38785,1171.0,1171.0,22.805
38786,0.0,0.0,22.805
38787,0.0,0.0,22.805
38788,0.0,0.0,22.805
38789,0.0,0.0,22.805
38790,0.0,0.0,22.805
38791,0.0,0.0,22.805
38792,950.0,950.0,22.815
38793,0.0,0.0,22.815
38794,0.0,0.0,22.815
38795,0.0,0.0,22.815
38796,1325.0,1325.0,22.825
38797,-330.0,330.0,22.815
38798,0.0,0.0,22.815
38799,0.0,0.0,22.815
38800,0.0,0.0,22.815
38801,0.0,0.0,22.815
38802,60.0,60.0,22.825
38803,0.0,0.0,22.825
38804,0.0,0.0,22.825
38805,0.0,0.0,22.825
38806,0.0,0.0,22.825
38807,0.0,0.0,22.825
38808,0.0,0.0,22.825
38809,-2.0,2.0,22.815
38810,0.0,0.0,22.815
38811,0.0,0.0,22.815
38812,0.0,0.0,22.815
38813,0.0,0.0,22.815
38814,0.0,0.0,22.815
38815,-2250.0,2250.0,22.805
38816,0.0,0.0,22.805
38817,0.0,0.0,22.805
38818,0.0,0.0,22.805
38819,0.0,0.0,22.805
38820,0.0,0.0,22.805
38821,-984.0,984.0,22.795
38822,0.0,0.0,22.795
38823,0.0,0.0,22.795
38824,550.0,550.0,22.805
38825,0.0,0.0,22.805
38826,0.0,0.0,22.805
38827,0.0,0.0,22.805
38828,-312.0,312.0,22.795
38829,0.0,0.0,22.795
38830,0.0,0.0,22.795
38831,0.0,0.0,22.795
38832,-367.0,567.0,22.785
38833,0.0,0.0,22.785
38834,0.0,0.0,22.785
38835,0.0,0.0,22.785
38836,729.0,729.0,22.795
38837,0.0,0.0,22.795
38838,0.0,0.0,22.795
38839,0.0,0.0,22.795
38840,0.0,0.0,22.795
38841,0.0,0.0,22.795
38842,0.0,0.0,22.795
38843,0.0,0.0,22.795
38844,913.0,913.0,22.805
38845,0.0,0.0,22.805
38846,0.0,0.0,22.805
38847,0.0,0.0,22.805
38848,0.0,0.0,22.805
38849,0.0,0.0,22.805
38850,0.0,0.0,22.805
38851,0.0,0.0,22.805
38852,0.0,0.0,22.805
38853,0.0,0.0,22.805
38854,0.0,0.0,22.805
38855,0.0,0.0,22.805
38856,0.0,0.0,22.805
38857,0.0,0.0,22.805
38858,0.0,0.0,22.805
38859,0.0,0.0,22.805
38860,0.0,0.0,22.805
38861,0.0,0.0,22.805
38862,0.0,0.0,22.805
38863,0.0,0.0,22.805
38864,0.0,0.0,22.805
38865,0.0,0.0,22.805
38866,0.0,0.0,22.805
38867,0.0,0.0,22.805
38868,0.0,0.0,22.805
38869,1279.0,1279.0,22.815
38870,2035.0,2435.0,22.815
38871,0.0,0.0,22.815
38872,0.0,0.0,22.815
38873,0.0,0.0,22.815
38874,0.0,0.0,22.815
38875,0.0,0.0,22.815
38876,0.0,0.0,22.815
38877,0.0,0.0,22.815
38878,0.0,0.0,22.815
38879,0.0,0.0,22.815
38880,-911.0,911.0,22.805
38881,0.0,0.0,22.805
38882,0.0,0.0,22.805
38883,0.0,0.0,22.805
38884,0.0,0.0,22.805
38885,553.0,553.0,22.815
38886,-400.0,400.0,22.815
38887,-503.0,503.0,22.805
38888,0.0,0.0,22.805
38889,-1984.0,1984.0,22.795
38890,0.0,0.0,22.795
38891,0.0,0.0,22.795
38892,0.0,0.0,22.795
38893,2100.0,2100.0,22.795
38894,0.0,0.0,22.795
38895,0.0,0.0,22.795
38896,0.0,0.0,22.795
38897,0.0,0.0,22.795
38898,1869.0,1869.0,22.805
38899,0.0,0.0,22.805
38900,0.0,0.0,22.805
38901,0.0,0.0,22.805
38902,0.0,0.0,22.805
38903,0.0,0.0,22.805
38904,0.0,0.0,22.805
38905,0.0,0.0,22.805
38906,0.0,0.0,22.805
38907,0.0,0.0,22.805
38908,170.0,170.0,22.815
38909,0.0,0.0,22.815
38910,0.0,0.0,22.815
38911,0.0,0.0,22.815
38912,0.0,0.0,22.815
38913,0.0,0.0,22.815
38914,0.0,0.0,22.815
38915,0.0,0.0,22.815
38916,251.0,251.0,22.825
38917,0.0,0.0,22.825
38918,0.0,0.0,22.825
38919,0.0,0.0,22.825
38920,0.0,0.0,22.825
38921,0.0,0.0,22.825
38922,0.0,0.0,22.825
38923,0.0,0.0,22.825
38924,0.0,0.0,22.825
38925,-869.0,869.0,22.825
38926,-3497.0,8097.0,22.815
38927,-100.0,100.0,22.815
38928,-300.0,300.0,22.815
38929,0.0,0.0,22.815
38930,400.0,400.0,22.815
38931,0.0,0.0,22.815
38932,0.0,0.0,22.815
38933,-150.0,150.0,22.805
38934,0.0,0.0,22.805
38935,0.0,0.0,22.805
38936,0.0,0.0,22.805
38937,0.0,0.0,22.805
38938,0.0,0.0,22.805
38939,913.0,913.0,22.815
38940,0.0,0.0,22.815
38941,850.0,850.0,22.825
38942,0.0,0.0,22.825
38943,0.0,0.0,22.825
38944,0.0,0.0,22.825
38945,0.0,0.0,22.825
38946,0.0,0.0,22.825
38947,0.0,0.0,22.825
38948,0.0,0.0,22.825
38949,0.0,0.0,22.825
38950,0.0,0.0,22.825
38951,0.0,0.0,22.825
38952,0.0,0.0,22.825
38953,0.0,0.0,22.825
38954,0.0,0.0,22.825
38955,0.0,0.0,22.825
38956,0.0,0.0,22.825
38957,0.0,0.0,22.825
38958,0.0,0.0,22.825
38959,-300.0,300.0,22.825
38960,0.0,0.0,22.825
38961,0.0,0.0,22.825
38962,0.0,0.0,22.825
38963,0.0,0.0,22.825
38964,0.0,0.0,22.825
38965,0.0,0.0,22.825
38966,0.0,0.0,22.825
38967,0.0,0.0,22.825
38968,2856.0,2856.0,22.835
38969,0.0,0.0,22.835
38970,0.0,0.0,22.835
38971,-4998.0,4998.0,22.825
38972,681.0,681.0,22.835
38973,0.0,0.0,22.835
38974,-1126.0,1126.0,22.835
38975,-100.0,100.0,22.825
38976,-499.0,499.0,22.815
38977,75.0,1077.0,22.815
38978,0.0,0.0,22.805
38979,0.0,0.0,22.805
38980,990.0,990.0,22.815
38981,0.0,0.0,22.815
38982,0.0,0.0,22.815
38983,-20.0,20.0,22.815
38984,-300.0,300.0,22.815
38985,-887.0,887.0,22.805
38986,0.0,0.0,22.805
38987,0.0,0.0,22.805
38988,0.0,0.0,22.805
38989,0.0,0.0,22.805
38990,0.0,0.0,22.805
38991,0.0,0.0,22.805
38992,0.0,0.0,22.805
38993,1424.0,1522.0,22.815
38994,0.0,0.0,22.815
38995,0.0,0.0,22.815
38996,0.0,0.0,22.815
38997,0.0,0.0,22.815
38998,0.0,0.0,22.815
38999,0.0,0.0,22.815
39000,-1199.0,1199.0,22.815
39001,0.0,0.0,22.815
39002,0.0,0.0,22.815
39003,0.0,0.0,22.815
39004,0.0,0.0,22.815
39005,0.0,0.0,22.815
39006,0.0,0.0,22.815
39007,0.0,0.0,22.815
39008,0.0,0.0,22.815
39009,1330.0,1330.0,22.825
39010,0.0,0.0,22.825
39011,0.0,0.0,22.825
39012,0.0,0.0,22.825
39013,0.0,0.0,22.825
39014,0.0,0.0,22.825
39015,-626.0,626.0,22.815
39016,0.0,0.0,22.815
39017,-140.0,142.0,22.805
39018,-100.0,100.0,22.805
39019,0.0,0.0,22.805
39020,0.0,0.0,22.805
39021,-3498.0,3498.0,22.795
39022,0.0,0.0,22.795
39023,0.0,0.0,22.795
39024,0.0,0.0,22.795
39025,0.0,0.0,22.795
39026,-891.0,891.0,22.785
39027,0.0,0.0,22.785
39028,0.0,0.0,22.785
39029,0.0,0.0,22.785
39030,0.0,0.0,22.785
39031,0.0,0.0,22.785
39032,0.0,0.0,22.785
39033,0.0,0.0,22.785
39034,1076.0,1076.0,22.795
39035,-300.0,300.0,22.795
39036,0.0,0.0,22.795
39037,0.0,0.0,22.795
39038,0.0,0.0,22.795
39039,0.0,0.0,22.795
39040,0.0,0.0,22.795
39041,-1150.0,1150.0,22.785
39042,0.0,0.0,22.785
39043,0.0,0.0,22.785
39044,0.0,0.0,22.785
39045,0.0,0.0,22.785
39046,0.0,0.0,22.785
39047,0.0,0.0,22.785
39048,0.0,0.0,22.785
39049,0.0,0.0,22.785
39050,0.0,0.0,22.785
39051,0.0,0.0,22.785
39052,0.0,0.0,22.785
39053,0.0,0.0,22.785
39054,0.0,0.0,22.785
39055,0.0,0.0,22.785
39056,0.0,0.0,22.785
39057,0.0,0.0,22.785
39058,0.0,0.0,22.785
39059,0.0,0.0,22.785
39060,-1886.0,1886.0,22.775
39061,-1332.0,1332.0,22.765
39062,5162.0,8830.0,22.765
39063,0.0,0.0,22.765
39064,0.0,0.0,22.765
39065,1170.0,1230.0,22.775
39066,0.0,0.0,22.775
39067,2185.0,3415.0,22.775
39068,0.0,0.0,22.775
39069,0.0,0.0,22.775
39070,-1254.0,1254.0,22.765
39071,0.0,0.0,22.765
39072,0.0,0.0,22.765
39073,0.0,0.0,22.765
39074,650.0,650.0,22.775
39075,1750.0,1950.0,22.765
39076,-100.0,100.0,22.765
39077,0.0,0.0,22.765
39078,0.0,0.0,22.765
39079,0.0,0.0,22.765
39080,0.0,0.0,22.765
39081,0.0,0.0,22.765
39082,0.0,0.0,22.765
39083,0.0,0.0,22.765
39084,959.0,959.0,22.775
39085,0.0,0.0,22.775
39086,0.0,0.0,22.775
39087,0.0,0.0,22.775
39088,0.0,0.0,22.775
39089,0.0,0.0,22.775
39090,0.0,0.0,22.775
39091,-725.0,725.0,22.765
39092,0.0,0.0,22.765
39093,0.0,0.0,22.765
39094,0.0,0.0,22.765
39095,584.0,584.0,22.775
39096,0.0,0.0,22.775
39097,0.0,0.0,22.775
39098,0.0,0.0,22.775
39099,301.0,301.0,22.785
39100,0.0,0.0,22.785
39101,0.0,0.0,22.785
39102,0.0,0.0,22.785
39103,0.0,0.0,22.785
39104,0.0,0.0,22.785
39105,0.0,0.0,22.785
39106,0.0,0.0,22.785
39107,0.0,0.0,22.785
39108,-860.0,860.0,22.775
39109,0.0,0.0,22.775
39110,0.0,0.0,22.775
39111,0.0,0.0,22.775
39112,0.0,0.0,22.775
39113,0.0,0.0,22.78
39114,0.0,0.0,22.775
39115,0.0,0.0,22.775
39116,0.0,0.0,22.775
39117,0.0,0.0,22.775
39118,-81.0,81.0,22.775
39119,0.0,0.0,22.775
39120,0.0,0.0,22.775
39121,0.0,0.0,22.775
39122,-2217.0,2217.0,22.765
39123,0.0,0.0,22.765
39124,0.0,0.0,22.765
39125,0.0,0.0,22.765
39126,0.0,0.0,22.765
39127,0.0,0.0,22.765
39128,0.0,0.0,22.765
39129,0.0,0.0,22.765
39130,0.0,0.0,22.765
39131,0.0,0.0,22.765
39132,0.0,0.0,22.765
39133,0.0,0.0,22.765
39134,0.0,0.0,22.765
39135,0.0,0.0,22.765
39136,0.0,0.0,22.765
39137,0.0,0.0,22.765
39138,0.0,0.0,22.765
39139,0.0,0.0,22.765
39140,0.0,0.0,22.765
39141,0.0,0.0,22.765
39142,2059.0,2059.0,22.775
39143,-200.0,200.0,22.765
39144,0.0,0.0,22.765
39145,0.0,0.0,22.765
39146,0.0,0.0,22.765
39147,0.0,0.0,22.765
39148,0.0,0.0,22.765
39149,0.0,0.0,22.765
39150,200.0,200.0,22.765
39151,0.0,0.0,22.765
39152,100.0,100.0,22.765
39153,-3199.0,3199.0,22.745
39154,-334.0,2378.0,22.745
39155,-89.0,89.0,22.735
39156,0.0,0.0,22.735
39157,0.0,0.0,22.735
39158,0.0,0.0,22.735
39159,1700.0,1700.0,22.735
39160,0.0,0.0,22.735
39161,0.0,0.0,22.735
39162,0.0,0.0,22.735
39163,0.0,0.0,22.735
39164,0.0,0.0,22.735
39165,0.0,0.0,22.735
39166,200.0,200.0,22.745
39167,0.0,0.0,22.745
39168,0.0,0.0,22.745
39169,-250.0,250.0,22.745
39170,900.0,900.0,22.755
39171,0.0,0.0,22.755
39172,0.0,0.0,22.755
39173,0.0,0.0,22.755
39174,0.0,0.0,22.755
39175,0.0,0.0,22.755
39176,0.0,0.0,22.765
39177,0.0,0.0,22.765
39178,0.0,0.0,22.765
39179,0.0,0.0,22.765
39180,0.0,0.0,22.765
39181,0.0,0.0,22.765
39182,0.0,0.0,22.765
39183,0.0,0.0,22.765
39184,0.0,0.0,22.765
39185,0.0,0.0,22.765
39186,2555.0,2555.0,22.775
39187,0.0,0.0,22.775
39188,224.0,224.0,22.785
39189,0.0,0.0,22.785
39190,-2000.0,2000.0,22.775
39191,0.0,0.0,22.775
39192,-777.0,777.0,22.765
39193,0.0,0.0,22.765
39194,0.0,0.0,22.765
39195,0.0,0.0,22.765
39196,0.0,0.0,22.765
39197,0.0,0.0,22.765
39198,0.0,0.0,22.765
39199,0.0,0.0,22.765
39200,0.0,0.0,22.765
39201,0.0,0.0,22.765
39202,0.0,0.0,22.765
39203,1492.0,1492.0,22.775
39204,0.0,0.0,22.775
39205,0.0,0.0,22.775
39206,0.0,0.0,22.775
39207,351.0,351.0,22.785
39208,0.0,0.0,22.785
39209,0.0,0.0,22.785
39210,0.0,0.0,22.785
39211,0.0,0.0,22.785
39212,0.0,0.0,22.785
39213,0.0,0.0,22.785
39214,0.0,0.0,22.785
39215,-503.0,503.0,22.775
39216,0.0,0.0,22.775
39217,0.0,0.0,22.775
39218,0.0,0.0,22.775
39219,0.0,0.0,22.775
39220,0.0,0.0,22.775
39221,0.0,0.0,22.775
39222,0.0,0.0,22.775
39223,0.0,0.0,22.775
39224,0.0,0.0,22.775
39225,0.0,0.0,22.775
39226,0.0,0.0,22.775
39227,0.0,0.0,22.775
39228,0.0,0.0,22.775
39229,0.0,0.0,22.775
39230,0.0,0.0,22.775
39231,0.0,0.0,22.775
39232,0.0,0.0,22.775
39233,0.0,0.0,22.775
39234,0.0,0.0,22.775
39235,443.0,443.0,22.775
39236,0.0,0.0,22.775
39237,0.0,0.0,22.775
39238,0.0,0.0,22.775
39239,0.0,0.0,22.775
39240,0.0,0.0,22.775
39241,0.0,0.0,22.775
39242,0.0,0.0,22.775
39243,0.0,0.0,22.775
39244,0.0,0.0,22.775
39245,-5004.0,5004.0,22.765
39246,0.0,0.0,22.765
39247,0.0,0.0,22.765
39248,0.0,0.0,22.765
39249,0.0,0.0,22.765
39250,0.0,0.0,22.765
39251,0.0,0.0,22.765
39252,-2314.0,2314.0,22.755
39253,0.0,0.0,22.755
39254,-330.0,330.0,22.745
39255,2425.0,2425.0,22.745
39256,4962.0,5362.0,22.755
39257,0.0,0.0,22.755
39258,800.0,800.0,22.765
39259,0.0,0.0,22.765
39260,0.0,0.0,22.765
39261,0.0,0.0,22.765
39262,0.0,0.0,22.765
39263,0.0,0.0,22.765
39264,0.0,0.0,22.765
39265,0.0,0.0,22.765
39266,0.0,0.0,22.765
39267,0.0,0.0,22.765
39268,0.0,0.0,22.765
39269,0.0,0.0,22.765
39270,0.0,0.0,22.765
39271,0.0,0.0,22.765
39272,0.0,0.0,22.765
39273,0.0,0.0,22.765
39274,0.0,0.0,22.765
39275,0.0,0.0,22.765
39276,0.0,0.0,22.765
39277,0.0,0.0,22.765
39278,0.0,0.0,22.765
39279,0.0,0.0,22.765
39280,0.0,0.0,22.765
39281,1437.0,1437.0,22.775
39282,0.0,0.0,22.775
39283,700.0,700.0,22.775
39284,-1150.0,1150.0,22.765
39285,0.0,0.0,22.765
39286,0.0,0.0,22.765
39287,0.0,0.0,22.765
39288,0.0,0.0,22.765
39289,-702.0,702.0,22.755
39290,-281.0,281.0,22.755
39291,0.0,0.0,22.755
39292,0.0,0.0,22.755
39293,0.0,0.0,22.755
39294,0.0,0.0,22.755
39295,0.0,0.0,22.755
39296,0.0,0.0,22.755
39297,0.0,0.0,22.755
39298,0.0,0.0,22.755
39299,0.0,0.0,22.755
39300,-408.0,408.0,22.745
39301,0.0,0.0,22.745
39302,0.0,0.0,22.745
39303,0.0,0.0,22.745
39304,621.0,621.0,22.755
39305,0.0,0.0,22.755
39306,500.0,500.0,22.755
39307,0.0,0.0,22.755
39308,0.0,0.0,22.755
39309,0.0,0.0,22.755
39310,0.0,0.0,22.755
39311,0.0,0.0,22.755
39312,1353.0,1353.0,22.765
39313,0.0,0.0,22.765
39314,1600.0,1600.0,22.775
39315,0.0,0.0,22.77
39316,0.0,0.0,22.775
39317,0.0,0.0,22.775
39318,0.0,0.0,22.775
39319,0.0,0.0,22.775
39320,0.0,0.0,22.775
39321,1679.0,1679.0,22.785
39322,300.0,300.0,22.785
39323,0.0,0.0,22.785
39324,1000.0,1000.0,22.785
39325,0.0,0.0,22.785
39326,0.0,0.0,22.785
39327,0.0,0.0,22.785
39328,0.0,0.0,22.785
39329,0.0,0.0,22.785
39330,0.0,0.0,22.785
39331,0.0,0.0,22.785
39332,0.0,0.0,22.785
39333,0.0,0.0,22.785
39334,0.0,0.0,22.785
39335,0.0,0.0,22.785
39336,-306.0,306.0,22.775
39337,0.0,0.0,22.775
39338,50.0,50.0,22.775
39339,150.0,150.0,22.785
39340,0.0,0.0,22.785
39341,0.0,0.0,22.785
39342,0.0,0.0,22.785
39343,0.0,0.0,22.785
39344,0.0,0.0,22.785
39345,-705.0,705.0,22.775
39346,0.0,0.0,22.775
39347,100.0,100.0,22.785
39348,1388.0,1388.0,22.795
39349,0.0,0.0,22.795
39350,0.0,0.0,22.795
39351,0.0,0.0,22.795
39352,0.0,0.0,22.785
39353,400.0,400.0,22.785
39354,-750.0,950.0,22.785
39355,0.0,0.0,22.785
39356,0.0,0.0,22.785
39357,0.0,0.0,22.785
39358,0.0,0.0,22.785
39359,0.0,0.0,22.785
39360,0.0,0.0,22.785
39361,0.0,0.0,22.785
39362,0.0,0.0,22.785
39363,0.0,0.0,22.785
39364,0.0,0.0,22.785
39365,2150.0,2150.0,22.795
39366,0.0,0.0,22.795
39367,0.0,0.0,22.795
39368,0.0,0.0,22.795
39369,0.0,0.0,22.795
39370,0.0,0.0,22.795
39371,0.0,0.0,22.795
39372,0.0,0.0,22.795
39373,0.0,0.0,22.795
39374,0.0,0.0,22.795
39375,0.0,0.0,22.795
39376,-5.0,5.0,22.785
39377,0.0,0.0,22.785
39378,27.0,27.0,22.795
39379,0.0,0.0,22.795
39380,0.0,0.0,22.795
39381,0.0,0.0,22.795
39382,0.0,0.0,22.795
39383,0.0,0.0,22.795
39384,0.0,0.0,22.795
39385,0.0,0.0,22.795
39386,-1281.0,1281.0,22.785
39387,0.0,0.0,22.785
39388,-1848.0,1848.0,22.785
39389,-112.0,112.0,22.775
39390,0.0,0.0,22.775
39391,0.0,0.0,22.775
39392,786.0,786.0,22.785
39393,0.0,0.0,22.785
39394,0.0,0.0,22.785
39395,1200.0,1200.0,22.795
39396,-2547.0,2547.0,22.785
39397,0.0,0.0,22.785
39398,0.0,0.0,22.785
39399,800.0,800.0,22.795
39400,0.0,0.0,22.795
39401,0.0,0.0,22.795
39402,-551.0,551.0,22.785
39403,0.0,0.0,22.785
39404,0.0,0.0,22.785
39405,0.0,0.0,22.785
39406,0.0,0.0,22.785
39407,0.0,0.0,22.785
39408,0.0,0.0,22.785
39409,0.0,0.0,22.785
39410,0.0,0.0,22.785
39411,0.0,0.0,22.785
39412,0.0,0.0,22.785
39413,0.0,0.0,22.785
39414,0.0,0.0,22.785
39415,-4622.0,4622.0,22.775
39416,0.0,0.0,22.775
39417,0.0,0.0,22.775
39418,596.0,596.0,22.785
39419,0.0,0.0,22.785
39420,0.0,0.0,22.785
39421,0.0,0.0,22.785
39422,0.0,0.0,22.785
39423,0.0,0.0,22.785
39424,0.0,0.0,22.785
39425,0.0,0.0,22.785
39426,0.0,0.0,22.785
39427,0.0,0.0,22.785
39428,0.0,0.0,22.785
39429,0.0,0.0,22.785
39430,0.0,0.0,22.785
39431,0.0,0.0,22.785
39432,0.0,0.0,22.785
39433,0.0,0.0,22.785
39434,1415.0,1415.0,22.795
39435,0.0,0.0,22.795
39436,0.0,0.0,22.795
39437,0.0,0.0,22.795
39438,0.0,0.0,22.795
39439,0.0,0.0,22.795
39440,0.0,0.0,22.795
39441,0.0,0.0,22.795
39442,0.0,0.0,22.795
39443,0.0,0.0,22.795
39444,0.0,0.0,22.795
39445,0.0,0.0,22.795
39446,0.0,0.0,22.795
39447,0.0,0.0,22.795
39448,0.0,0.0,22.795
39449,0.0,0.0,22.795
39450,0.0,0.0,22.795
39451,0.0,0.0,22.795
39452,0.0,0.0,22.795
39453,-9377.0,9583.0,22.785
39454,0.0,0.0,22.785
39455,-350.0,350.0,22.775
39456,0.0,0.0,22.775
39457,0.0,0.0,22.775
39458,0.0,0.0,22.775
39459,628.0,628.0,22.785
39460,0.0,0.0,22.785
39461,0.0,0.0,22.785
39462,0.0,0.0,22.785
39463,0.0,0.0,22.785
39464,-100.0,100.0,22.775
39465,0.0,0.0,22.775
39466,0.0,0.0,22.775
39467,0.0,0.0,22.775
39468,0.0,0.0,22.775
39469,0.0,0.0,22.775
39470,0.0,0.0,22.775
39471,-976.0,976.0,22.765
39472,0.0,0.0,22.765
39473,0.0,0.0,22.765
39474,0.0,0.0,22.765
39475,0.0,0.0,22.765
39476,0.0,0.0,22.765
39477,0.0,0.0,22.765
39478,0.0,0.0,22.765
39479,0.0,0.0,22.765
39480,0.0,0.0,22.765
39481,0.0,0.0,22.765
39482,0.0,0.0,22.765
39483,92.0,92.0,22.765
39484,0.0,0.0,22.765
39485,0.0,0.0,22.765
39486,0.0,0.0,22.765
39487,1412.0,1412.0,22.775
39488,0.0,0.0,22.775
39489,0.0,0.0,22.775
39490,0.0,0.0,22.775
39491,100.0,100.0,22.765
39492,0.0,0.0,22.765
39493,0.0,0.0,22.765
39494,100.0,100.0,22.765
39495,0.0,0.0,22.765
39496,27.0,27.0,22.775
39497,0.0,0.0,22.775
39498,0.0,0.0,22.775
39499,0.0,0.0,22.775
39500,0.0,0.0,22.775
39501,-500.0,500.0,22.765
39502,0.0,0.0,22.765
39503,0.0,0.0,22.765
39504,0.0,0.0,22.765
39505,0.0,0.0,22.765
39506,0.0,0.0,22.765
39507,0.0,0.0,22.765
39508,0.0,0.0,22.765
39509,0.0,0.0,22.765
39510,0.0,0.0,22.765
39511,0.0,0.0,22.765
39512,100.0,100.0,22.765
39513,0.0,0.0,22.765
39514,0.0,0.0,22.765
39515,0.0,0.0,22.765
39516,0.0,0.0,22.765
39517,0.0,0.0,22.765
39518,0.0,0.0,22.765
39519,0.0,0.0,22.765
39520,0.0,0.0,22.765
39521,0.0,0.0,22.765
39522,0.0,0.0,22.765
39523,0.0,0.0,22.765
39524,0.0,0.0,22.765
39525,0.0,0.0,22.765
39526,0.0,0.0,22.765
39527,0.0,0.0,22.765
39528,0.0,0.0,22.765
39529,0.0,0.0,22.765
39530,531.0,531.0,22.775
39531,-1242.0,1242.0,22.775
39532,0.0,0.0,22.775
39533,0.0,0.0,22.775
39534,-1752.0,1752.0,22.765
39535,0.0,0.0,22.765
39536,0.0,0.0,22.765
39537,0.0,0.0,22.765
39538,0.0,0.0,22.765
39539,0.0,0.0,22.765
39540,1349.0,1349.0,22.775
39541,872.0,872.0,22.785
39542,0.0,0.0,22.785
39543,0.0,0.0,22.785
39544,0.0,0.0,22.785
39545,0.0,0.0,22.785
39546,0.0,0.0,22.785
39547,-1273.0,1273.0,22.775
39548,0.0,0.0,22.775
39549,0.0,0.0,22.775
39550,0.0,0.0,22.775
39551,0.0,0.0,22.775
39552,0.0,0.0,22.775
39553,-410.0,610.0,22.765
39554,0.0,0.0,22.765
39555,0.0,0.0,22.765
39556,0.0,0.0,22.765
39557,0.0,0.0,22.765
39558,1309.0,1309.0,22.775
39559,0.0,0.0,22.775
39560,0.0,0.0,22.775
39561,1885.0,1885.0,22.785
39562,-1956.0,1956.0,22.775
39563,-954.0,954.0,22.765
39564,0.0,0.0,22.765
39565,0.0,0.0,22.765
39566,0.0,0.0,22.765
39567,0.0,0.0,22.765
39568,0.0,0.0,22.765
39569,0.0,0.0,22.765
39570,0.0,0.0,22.765
39571,0.0,0.0,22.765
39572,0.0,0.0,22.765
39573,0.0,0.0,22.765
39574,0.0,0.0,22.765
39575,0.0,0.0,22.765
39576,0.0,0.0,22.765
39577,9.0,9.0,22.765
39578,7.0,7.0,22.765
39579,2379.0,2379.0,22.765
39580,0.0,0.0,22.765
39581,0.0,0.0,22.765
39582,0.0,0.0,22.765
39583,0.0,0.0,22.765
39584,0.0,0.0,22.765
39585,0.0,0.0,22.765
39586,0.0,0.0,22.765
39587,-1177.0,1177.0,22.765
39588,-861.0,861.0,22.765
39589,-300.0,300.0,22.765
39590,-421.0,421.0,22.755
39591,0.0,0.0,22.755
39592,914.0,914.0,22.765
39593,0.0,0.0,22.765
39594,0.0,0.0,22.765
39595,0.0,0.0,22.765
39596,0.0,0.0,22.765
39597,0.0,0.0,22.765
39598,0.0,0.0,22.765
39599,0.0,0.0,22.765
39600,0.0,0.0,22.765
39601,0.0,0.0,22.765
39602,-1252.0,1252.0,22.765
39603,-450.0,450.0,22.755
39604,770.0,770.0,22.765
39605,0.0,0.0,22.765
39606,0.0,0.0,22.765
39607,0.0,0.0,22.765
39608,0.0,0.0,22.765
39609,-728.0,728.0,22.755
39610,0.0,0.0,22.755
39611,0.0,0.0,22.755
39612,0.0,0.0,22.755
39613,950.0,950.0,22.765
39614,2109.0,2109.0,22.765
39615,49.0,49.0,22.765
39616,-661.0,661.0,22.755
39617,0.0,0.0,22.755
39618,3045.0,3045.0,22.755
39619,0.0,0.0,22.755
39620,0.0,0.0,22.755
39621,0.0,0.0,22.755
39622,-364.0,364.0,22.755
39623,0.0,0.0,22.755
39624,0.0,0.0,22.755
39625,0.0,0.0,22.755
39626,0.0,0.0,22.755
39627,0.0,0.0,22.755
39628,0.0,0.0,22.755
39629,-144.0,144.0,22.755
39630,-1275.0,1275.0,22.745
39631,0.0,0.0,22.745
39632,0.0,0.0,22.745
39633,0.0,0.0,22.745
39634,0.0,0.0,22.745
39635,-4.0,4.0,22.745
39636,0.0,0.0,22.745
39637,0.0,0.0,22.745
39638,0.0,0.0,22.745
39639,0.0,0.0,22.745
39640,0.0,0.0,22.745
39641,0.0,0.0,22.745
39642,0.0,0.0,22.745
39643,0.0,0.0,22.745
39644,0.0,0.0,22.745
39645,0.0,0.0,22.745
39646,0.0,0.0,22.745
39647,0.0,0.0,22.745
39648,0.0,0.0,22.745
39649,0.0,0.0,22.745
39650,0.0,0.0,22.745
39651,0.0,0.0,22.745
39652,-8687.0,8687.0,22.725
39653,0.0,0.0,22.725
39654,0.0,0.0,22.725
39655,0.0,0.0,22.725
39656,0.0,0.0,22.725
39657,0.0,0.0,22.725
39658,0.0,0.0,22.725
39659,0.0,0.0,22.725
39660,0.0,0.0,22.725
39661,0.0,0.0,22.725
39662,1921.0,1921.0,22.735
39663,0.0,0.0,22.735
39664,0.0,0.0,22.725
39665,0.0,0.0,22.725
39666,0.0,0.0,22.725
39667,0.0,0.0,22.725
39668,0.0,0.0,22.725
39669,0.0,0.0,22.725
39670,0.0,0.0,22.725
39671,0.0,0.0,22.725
39672,0.0,0.0,22.725
39673,3133.0,3133.0,22.735
39674,0.0,0.0,22.735
39675,0.0,0.0,22.735
39676,0.0,0.0,22.735
39677,0.0,0.0,22.735
39678,-2400.0,2400.0,22.725
39679,2463.0,2463.0,22.735
39680,0.0,0.0,22.735
39681,0.0,0.0,22.735
39682,463.0,463.0,22.745
39683,0.0,0.0,22.745
39684,620.0,620.0,22.755
39685,0.0,0.0,22.755
39686,0.0,0.0,22.755
39687,0.0,0.0,22.755
39688,0.0,0.0,22.755
39689,0.0,0.0,22.755
39690,481.0,481.0,22.765
39691,-500.0,500.0,22.765
39692,0.0,0.0,22.765
39693,0.0,0.0,22.755
39694,0.0,0.0,22.755
39695,0.0,0.0,22.755
39696,0.0,0.0,22.755
39697,0.0,0.0,22.755
39698,0.0,0.0,22.755
39700,0.0,0.0,22.755
39701,0.0,0.0,22.755
39702,0.0,0.0,22.755
39703,0.0,0.0,22.755
39704,-1.0,1.0,22.755
39705,0.0,0.0,22.755
39706,0.0,0.0,22.755
39707,-403.0,403.0,22.745
39708,0.0,0.0,22.745
39709,0.0,0.0,22.745
39710,0.0,0.0,22.745
39711,-200.0,200.0,22.735
39712,0.0,0.0,22.735
39713,0.0,0.0,22.735
39714,0.0,0.0,22.735
39715,0.0,0.0,22.735
39716,-1253.0,1253.0,22.725
39717,0.0,0.0,22.725
39718,0.0,0.0,22.725
39719,1496.0,1496.0,22.725
39720,0.0,0.0,22.725
39721,1819.0,1819.0,22.725
39722,0.0,0.0,22.725
39723,0.0,0.0,22.725
39724,0.0,0.0,22.725
39725,0.0,0.0,22.725
39726,0.0,0.0,22.725
39727,0.0,0.0,22.725
39728,0.0,0.0,22.725
39729,0.0,0.0,22.725
39730,0.0,0.0,22.725
39731,0.0,0.0,22.725
39732,1638.0,1638.0,22.735
39733,0.0,0.0,22.735
39734,0.0,0.0,22.735
39735,0.0,0.0,22.735
39736,1983.0,1983.0,22.745
39737,5991.0,9191.0,22.745
39738,0.0,0.0,22.745
39739,0.0,0.0,22.745
39740,0.0,0.0,22.745
39741,0.0,0.0,22.745
39742,0.0,0.0,22.745
39743,0.0,0.0,22.745
39744,0.0,0.0,22.745
39745,0.0,0.0,22.745
39746,798.0,3986.0,22.735
39747,-100.0,100.0,22.735
39748,-500.0,500.0,22.725
39749,0.0,0.0,22.725
39750,0.0,0.0,22.725
39751,0.0,0.0,22.725
39752,0.0,0.0,22.725
39753,0.0,0.0,22.725
39754,0.0,0.0,22.725
39755,0.0,0.0,22.725
39756,0.0,0.0,22.725
39757,0.0,0.0,22.725
39758,0.0,0.0,22.725
39759,0.0,0.0,22.725
39760,0.0,0.0,22.725
39761,3050.0,3050.0,22.725
39762,0.0,0.0,22.725
39763,0.0,0.0,22.725
39764,0.0,0.0,22.725
39765,0.0,0.0,22.725
39766,0.0,0.0,22.725
39767,-3654.0,3654.0,22.705
39768,0.0,0.0,22.705
39769,0.0,0.0,22.705
39770,0.0,0.0,22.705
39771,0.0,0.0,22.705
39772,0.0,0.0,22.705
39773,0.0,0.0,22.705
39774,0.0,0.0,22.705
39775,0.0,0.0,22.705
39776,0.0,0.0,22.705
39777,0.0,0.0,22.705
39778,0.0,0.0,22.705
39779,0.0,0.0,22.705
39780,0.0,0.0,22.705
39781,0.0,0.0,22.705
39782,0.0,0.0,22.705
39783,0.0,0.0,22.705
39784,0.0,0.0,22.705
39785,0.0,0.0,22.705
39786,0.0,0.0,22.705
39787,0.0,0.0,22.705
39788,0.0,0.0,22.705
39789,0.0,0.0,22.705
39790,0.0,0.0,22.705
39791,0.0,0.0,22.705
39792,5274.0,5274.0,22.715
39793,0.0,0.0,22.715
39794,0.0,0.0,22.715
39795,0.0,0.0,22.715
39796,0.0,0.0,22.715
39797,0.0,0.0,22.715
39798,0.0,0.0,22.715
39799,-900.0,900.0,22.705
39800,0.0,0.0,22.705
39801,0.0,0.0,22.705
39802,0.0,0.0,22.705
39803,0.0,0.0,22.705
39804,1446.0,1622.0,22.705
39805,-200.0,200.0,22.705
39806,0.0,0.0,22.705
39807,0.0,0.0,22.705
39808,0.0,0.0,22.705
39809,0.0,0.0,22.705
39810,0.0,0.0,22.705
39811,0.0,0.0,22.705
39812,0.0,0.0,22.705
39813,0.0,0.0,22.705
39814,0.0,0.0,22.705
39815,0.0,0.0,22.705
39816,0.0,0.0,22.705
39817,0.0,0.0,22.705
39818,0.0,0.0,22.705
39819,0.0,0.0,22.705
39820,0.0,0.0,22.705
39821,0.0,0.0,22.705
39822,-7344.0,7344.0,22.695
39823,-50.0,50.0,22.695
39824,0.0,0.0,22.695
39825,0.0,0.0,22.695
39826,0.0,0.0,22.695
39827,0.0,0.0,22.695
39828,0.0,0.0,22.695
39829,0.0,0.0,22.695
39830,0.0,0.0,22.695
39831,0.0,0.0,22.695
39832,0.0,0.0,22.695
39833,0.0,0.0,22.695
39834,-200.0,200.0,22.695
39835,-2625.0,2625.0,22.685
39836,0.0,0.0,22.685
39837,-986.0,986.0,22.685
39838,0.0,0.0,22.685
39839,-141.0,141.0,22.685
39840,0.0,0.0,22.685
39841,0.0,0.0,22.685
39842,0.0,0.0,22.685
39843,0.0,0.0,22.685
39844,0.0,0.0,22.685
39845,274.0,274.0,22.695
39846,0.0,0.0,22.695
39847,2288.0,2288.0,22.705
39848,0.0,0.0,22.705
39849,0.0,0.0,22.705
39850,1353.0,1353.0,22.715
39851,0.0,0.0,22.715
39852,0.0,0.0,22.715
39853,0.0,0.0,22.715
39854,0.0,0.0,22.715
39855,0.0,0.0,22.715
39856,0.0,0.0,22.715
39857,0.0,0.0,22.715
39858,0.0,0.0,22.715
39859,-1381.0,1381.0,22.705
39860,0.0,0.0,22.705
39861,566.0,566.0,22.715
39862,-150.0,150.0,22.705
39863,0.0,0.0,22.705
39864,0.0,0.0,22.705
39865,0.0,0.0,22.705
39866,0.0,0.0,22.705
39867,0.0,0.0,22.705
39868,0.0,0.0,22.705
39869,0.0,0.0,22.705
39870,0.0,0.0,22.705
39871,0.0,0.0,22.705
39872,0.0,0.0,22.705
39873,0.0,0.0,22.705
39874,0.0,0.0,22.705
39875,0.0,0.0,22.705
39876,0.0,0.0,22.705
39877,0.0,0.0,22.705
39878,-1907.0,1907.0,22.695
39879,0.0,0.0,22.695
39880,0.0,0.0,22.695
39881,0.0,0.0,22.695
39882,0.0,0.0,22.695
39883,-1083.0,1083.0,22.685
39884,0.0,0.0,22.685
39885,0.0,0.0,22.685
39886,0.0,0.0,22.685
39887,0.0,0.0,22.685
39888,0.0,0.0,22.685
39889,0.0,0.0,22.685
39890,0.0,0.0,22.685
39891,0.0,0.0,22.685
39892,0.0,0.0,22.685
39893,0.0,0.0,22.685
39894,0.0,0.0,22.685
39895,0.0,0.0,22.685
39896,0.0,0.0,22.685
39897,0.0,0.0,22.685
39898,-1614.0,1614.0,22.675
39899,-1475.0,1475.0,22.665
39900,0.0,0.0,22.665
39901,-1734.0,2134.0,22.655
39902,2830.0,2830.0,22.655
39903,0.0,0.0,22.655
39904,-216.0,8652.0,22.655
39905,0.0,0.0,22.655
39906,0.0,0.0,22.655
39907,0.0,0.0,22.655
39908,-7032.0,7032.0,22.645
39909,-5996.0,9642.0,22.655
39910,0.0,0.0,22.65
39911,0.0,0.0,22.645
39912,0.0,0.0,22.645
39913,-69.0,69.0,22.645
39914,-1528.0,1528.0,22.635
39915,0.0,0.0,22.635
39916,0.0,0.0,22.635
39917,0.0,0.0,22.635
39918,0.0,0.0,22.635
39919,0.0,0.0,22.635
39920,0.0,0.0,22.635
39921,3511.0,3511.0,22.635
39922,0.0,0.0,22.635
39923,0.0,0.0,22.635
39924,0.0,0.0,22.635
39925,-2307.0,2307.0,22.625
39926,0.0,0.0,22.625
39927,0.0,0.0,22.625
39928,-14249.0,14249.0,22.615
39929,0.0,0.0,22.615
39930,0.0,0.0,22.615
39931,0.0,0.0,22.615
39932,0.0,0.0,22.615
39933,0.0,0.0,22.615
39934,0.0,0.0,22.615
39935,0.0,0.0,22.615
39936,0.0,0.0,22.615
39937,0.0,0.0,22.615
39938,0.0,0.0,22.615
39939,0.0,0.0,22.615
39940,0.0,0.0,22.615
39941,-430.0,430.0,22.615
39942,0.0,0.0,22.615
39943,0.0,0.0,22.615
39944,0.0,0.0,22.615
39945,0.0,0.0,22.615
39946,0.0,0.0,22.615
39947,0.0,0.0,22.615
39948,0.0,0.0,22.615
39949,0.0,0.0,22.615
39950,0.0,0.0,22.615
39951,0.0,0.0,22.615
39952,0.0,0.0,22.615
39953,0.0,0.0,22.615
39954,0.0,0.0,22.615
39955,0.0,0.0,22.615
39956,0.0,0.0,22.615
39957,0.0,0.0,22.615
39958,0.0,0.0,22.615
39959,0.0,0.0,22.615
39960,0.0,0.0,22.615
39961,0.0,0.0,22.615
39962,0.0,0.0,22.615
39963,0.0,0.0,22.615
39964,0.0,0.0,22.615
39965,0.0,0.0,22.615
39966,0.0,0.0,22.615
39967,0.0,0.0,22.615
39968,0.0,0.0,22.615
39969,0.0,0.0,22.615
39970,4315.0,4315.0,22.625
39971,0.0,0.0,22.625
39972,0.0,0.0,22.625
39973,-9899.0,9899.0,22.605
39974,0.0,0.0,22.605
39975,0.0,0.0,22.605
39976,1329.0,1331.0,22.615
39977,0.0,0.0,22.615
39978,0.0,0.0,22.615
39979,0.0,0.0,22.615
39980,0.0,0.0,22.615
39981,-1457.0,1457.0,22.605
39982,0.0,0.0,22.605
39983,0.0,0.0,22.605
39984,0.0,0.0,22.605
39985,0.0,0.0,22.605
39986,0.0,0.0,22.605
39987,0.0,0.0,22.605
39988,0.0,0.0,22.605
39989,-10678.0,10736.0,22.585
39990,-6475.0,7875.0,22.585
39991,1674.0,1674.0,22.585
39992,6368.0,6368.0,22.605
39993,0.0,0.0,22.605
39994,1104.0,1104.0,22.615
39995,0.0,0.0,22.615
39996,0.0,0.0,22.615
39997,8093.0,8093.0,22.635
39998,0.0,0.0,22.635
39999,0.0,0.0,22.635
40000,0.0,0.0,22.635
40001,-50.0,50.0,22.625
40002,0.0,0.0,22.625
40003,0.0,0.0,22.625
40004,0.0,0.0,22.625
40005,0.0,0.0,22.625
40006,0.0,0.0,22.625
40007,0.0,0.0,22.625
40008,0.0,0.0,22.625
40009,0.0,0.0,22.625
40010,-2971.0,2971.0,22.605
40011,648.0,648.0,22.605
40012,593.0,593.0,22.615
40013,0.0,0.0,22.615
40014,0.0,0.0,22.615
40015,-830.0,830.0,22.605
40016,0.0,0.0,22.605
40017,0.0,0.0,22.605
40018,152.0,152.0,22.605
40019,0.0,0.0,22.605
40020,0.0,0.0,22.605
40021,0.0,0.0,22.605
40022,0.0,0.0,22.605
40023,881.0,881.0,22.615
40024,0.0,0.0,22.615
40025,0.0,0.0,22.615
40026,-50.0,50.0,22.615
40027,0.0,0.0,22.615
40028,0.0,0.0,22.615
40029,0.0,0.0,22.615
40030,0.0,0.0,22.615
40031,0.0,0.0,22.615
40032,100.0,100.0,22.615
40033,0.0,0.0,22.615
40034,0.0,0.0,22.615
40035,1024.0,1024.0,22.615
40036,0.0,0.0,22.615
40037,-100.0,100.0,22.615
40038,0.0,0.0,22.615
40039,89.0,89.0,22.625
40040,0.0,0.0,22.625
40041,410.0,410.0,22.635
40042,0.0,0.0,22.635
40043,0.0,0.0,22.635
40044,0.0,0.0,22.635
40045,0.0,0.0,22.635
40046,0.0,0.0,22.635
40047,0.0,0.0,22.635
40048,0.0,0.0,22.635
40049,0.0,0.0,22.635
40050,0.0,0.0,22.635
40051,0.0,0.0,22.635
40052,0.0,0.0,22.635
40053,0.0,0.0,22.635
40054,0.0,0.0,22.635
40055,0.0,0.0,22.635
40056,0.0,0.0,22.635
40057,291.0,291.0,22.635
40058,0.0,0.0,22.635
40059,0.0,0.0,22.635
40060,0.0,0.0,22.635
40061,0.0,0.0,22.635
40062,0.0,0.0,22.635
40063,0.0,0.0,22.635
40064,0.0,0.0,22.635
40065,0.0,0.0,22.635
40066,-100.0,100.0,22.635
40067,0.0,0.0,22.635
40068,-2887.0,3887.0,22.615
40069,0.0,0.0,22.615
40070,0.0,0.0,22.615
40071,0.0,0.0,22.615
40072,0.0,0.0,22.615
40073,0.0,0.0,22.615
40074,0.0,0.0,22.615
40075,0.0,0.0,22.615
40076,0.0,0.0,22.615
40077,0.0,0.0,22.615
40078,0.0,0.0,22.615
40079,0.0,0.0,22.615
40080,0.0,0.0,22.615
40081,0.0,0.0,22.615
40082,0.0,0.0,22.615
40083,0.0,0.0,22.615
40084,0.0,0.0,22.615
40085,0.0,0.0,22.615
40086,0.0,0.0,22.615
40087,0.0,0.0,22.615
40088,0.0,0.0,22.615
40089,0.0,0.0,22.615
40090,0.0,0.0,22.615
40091,-14112.0,14112.0,22.595
40092,0.0,0.0,22.595
40093,0.0,0.0,22.595
40094,0.0,0.0,22.595
40095,0.0,0.0,22.595
40096,0.0,0.0,22.595
40097,0.0,0.0,22.595
40098,-5608.0,5608.0,22.575
40099,988.0,1012.0,22.575
40100,-2442.0,2442.0,22.565
40101,0.0,0.0,22.565
40102,908.0,908.0,22.575
40103,-250.0,250.0,22.565
40104,0.0,0.0,22.565
40105,0.0,0.0,22.565
40106,1457.0,1457.0,22.575
40107,0.0,0.0,22.575
40108,0.0,0.0,22.575
40109,0.0,0.0,22.575
40110,0.0,0.0,22.575
40111,0.0,0.0,22.575
40112,0.0,0.0,22.575
40113,0.0,0.0,22.575
40114,0.0,0.0,22.575
40115,0.0,0.0,22.575
40116,2823.0,2823.0,22.585
40117,0.0,0.0,22.585
40118,0.0,0.0,22.585
40119,765.0,765.0,22.585
40120,0.0,0.0,22.585
40121,0.0,0.0,22.585
40122,0.0,0.0,22.585
40123,0.0,0.0,22.585
40124,0.0,0.0,22.585
40125,0.0,0.0,22.585
40126,0.0,0.0,22.585
40127,0.0,0.0,22.585
40128,405.0,405.0,22.595
40129,-1670.0,1670.0,22.585
40130,0.0,0.0,22.585
40131,0.0,0.0,22.585
40132,0.0,0.0,22.585
40133,0.0,0.0,22.585
40134,0.0,0.0,22.585
40135,0.0,0.0,22.585
40136,0.0,0.0,22.585
40137,0.0,0.0,22.585
40138,0.0,0.0,22.585
40139,0.0,0.0,22.585
40140,0.0,0.0,22.585
40141,0.0,0.0,22.585
40142,-1788.0,1788.0,22.575
40143,0.0,0.0,22.575
40144,-966.0,966.0,22.565
40145,0.0,0.0,22.565
40146,0.0,0.0,22.565
40147,0.0,0.0,22.565
40148,0.0,0.0,22.565
40149,-9982.0,9982.0,22.555
40150,124.0,2980.0,22.555
40151,-500.0,500.0,22.555
40152,0.0,0.0,22.555
40153,-4949.0,4949.0,22.545
40154,0.0,0.0,22.545
40155,0.0,0.0,22.545
40156,744.0,744.0,22.555
40157,1400.0,1400.0,22.555
40158,0.0,0.0,22.555
40159,0.0,0.0,22.555
40160,100.0,100.0,22.555
40161,0.0,0.0,22.555
40162,0.0,0.0,22.555
40163,0.0,0.0,22.555
40164,0.0,0.0,22.555
40165,-2001.0,2001.0,22.545
40166,0.0,0.0,22.545
40167,-3172.0,3172.0,22.535
40168,74.0,74.0,22.535
40169,-516.0,1534.0,22.535
40170,1063.0,1063.0,22.545
40171,0.0,0.0,22.545
40172,0.0,0.0,22.545
40173,0.0,0.0,22.545
40174,0.0,0.0,22.545
40175,0.0,0.0,22.545
40176,0.0,0.0,22.545
40177,0.0,0.0,22.545
40178,0.0,0.0,22.545
40179,-400.0,400.0,22.545
40180,0.0,0.0,22.545
40181,0.0,0.0,22.545
40182,0.0,0.0,22.545
40183,0.0,0.0,22.545
40184,-1271.0,1271.0,22.535
40185,0.0,0.0,22.535
40186,0.0,0.0,22.535
40187,0.0,0.0,22.535
40188,0.0,0.0,22.535
40189,0.0,0.0,22.535
40190,0.0,0.0,22.535
40191,0.0,0.0,22.535
40192,0.0,0.0,22.535
40193,0.0,0.0,22.535
40194,0.0,0.0,22.535
40195,0.0,0.0,22.535
40196,0.0,0.0,22.535
40197,0.0,0.0,22.535
40198,0.0,0.0,22.535
40199,0.0,0.0,22.535
40200,0.0,0.0,22.535
40201,0.0,0.0,22.535
40202,1156.0,1156.0,22.545
40203,0.0,0.0,22.545
40204,0.0,0.0,22.545
40205,0.0,0.0,22.545
40206,0.0,0.0,22.545
40207,4017.0,7617.0,22.545
40208,-606.0,1394.0,22.535
40209,414.0,414.0,22.545
40210,0.0,0.0,22.545
40211,-338.0,576.0,22.535
40212,0.0,0.0,22.535
40213,46.0,46.0,22.535
40214,0.0,0.0,22.535
40215,0.0,0.0,22.535
40216,0.0,0.0,22.535
40217,-100.0,100.0,22.535
40218,0.0,0.0,22.535
40219,0.0,0.0,22.535
40220,13.0,13.0,22.535
40221,0.0,0.0,22.535
40222,0.0,0.0,22.535
40223,2267.0,2455.0,22.535
40224,0.0,0.0,22.535
40225,333.0,333.0,22.545
40226,0.0,0.0,22.545
40227,0.0,0.0,22.545
40228,0.0,0.0,22.545
40229,0.0,0.0,22.545
40230,0.0,0.0,22.545
40231,0.0,0.0,22.545
40232,0.0,0.0,22.545
40233,0.0,0.0,22.545
40234,1714.0,1714.0,22.555
40235,1072.0,1072.0,22.565
40236,-4095.0,4765.0,22.565
40237,0.0,0.0,22.565
40238,-2200.0,2200.0,22.555
40239,0.0,0.0,22.555
40240,0.0,0.0,22.555
40241,0.0,0.0,22.555
40242,-765.0,765.0,22.545
40243,0.0,0.0,22.545
40244,0.0,0.0,22.545
40245,0.0,0.0,22.545
40246,170.0,170.0,22.545
40247,0.0,0.0,22.545
40248,0.0,0.0,22.545
40249,0.0,0.0,22.545
40250,0.0,0.0,22.545
40251,0.0,0.0,22.545
40252,0.0,0.0,22.545
40253,56.0,56.0,22.545
40254,0.0,0.0,22.545
40255,33.0,33.0,22.545
40256,-7072.0,9140.0,22.545
40257,0.0,0.0,22.545
40258,0.0,0.0,22.545
40259,0.0,0.0,22.545
40260,0.0,0.0,22.545
40261,-990.0,1010.0,22.535
40262,525.0,525.0,22.545
40263,-3072.0,3072.0,22.545
40264,0.0,0.0,22.545
40265,-50.0,50.0,22.545
40266,0.0,0.0,22.545
40267,0.0,0.0,22.545
40268,1361.0,1361.0,22.555
40269,0.0,0.0,22.555
40271,0.0,0.0,22.555
40272,0.0,0.0,22.555
40273,0.0,0.0,22.555
40274,0.0,0.0,22.555
40275,0.0,0.0,22.555
40276,0.0,0.0,22.555
40277,0.0,0.0,22.555
40278,-2625.0,2825.0,22.555
40279,200.0,200.0,22.555
40280,0.0,0.0,22.555
40281,-806.0,806.0,22.545
40282,450.0,450.0,22.555
40283,1601.0,1601.0,22.565
40284,0.0,0.0,22.565
40285,0.0,0.0,22.565
40286,0.0,0.0,22.565
40287,0.0,0.0,22.565
40288,0.0,0.0,22.565
40289,0.0,0.0,22.565
40290,0.0,0.0,22.565
40291,-81.0,81.0,22.565
40292,0.0,0.0,22.565
40293,0.0,0.0,22.565
40294,0.0,0.0,22.565
40295,0.0,0.0,22.565
40296,0.0,0.0,22.565
40297,0.0,0.0,22.565
40298,450.0,2250.0,22.565
40299,0.0,0.0,22.565
40300,0.0,0.0,22.565
40301,0.0,0.0,22.565
40302,-100.0,100.0,22.555
40303,0.0,0.0,22.555
40304,0.0,0.0,22.555
40305,500.0,500.0,22.565
40306,0.0,0.0,22.565
40307,0.0,0.0,22.565
40308,0.0,0.0,22.565
40309,0.0,0.0,22.565
40310,0.0,0.0,22.565
40311,0.0,0.0,22.565
40312,0.0,0.0,22.565
40313,0.0,0.0,22.565
40314,0.0,0.0,22.565
40315,0.0,0.0,22.565
40316,0.0,0.0,22.565
40317,0.0,0.0,22.565
40318,0.0,0.0,22.565
40319,0.0,0.0,22.565
40320,0.0,0.0,22.565
40321,-200.0,200.0,22.565
40322,0.0,0.0,22.565
40323,0.0,0.0,22.565
40324,-774.0,774.0,22.565
40325,0.0,0.0,22.565
40326,0.0,0.0,22.565
40327,0.0,0.0,22.565
40328,-11404.0,11404.0,22.555
40329,0.0,0.0,22.555
40330,0.0,0.0,22.555
40331,0.0,0.0,22.555
40332,0.0,0.0,22.555
40333,653.0,653.0,22.565
40334,0.0,0.0,22.565
40335,0.0,0.0,22.565
40336,0.0,0.0,22.565
40337,0.0,0.0,22.565
40338,0.0,0.0,22.565
40339,0.0,0.0,22.565
40340,0.0,0.0,22.565
40341,0.0,0.0,22.565
40342,0.0,0.0,22.565
40343,0.0,0.0,22.565
40344,0.0,0.0,22.565
40345,0.0,0.0,22.565
40346,0.0,0.0,22.565
40347,0.0,0.0,22.565
40348,0.0,0.0,22.565
40349,0.0,0.0,22.565
40350,0.0,0.0,22.565
40351,0.0,0.0,22.565
40352,0.0,0.0,22.565
40353,0.0,0.0,22.565
40354,0.0,0.0,22.565
40355,0.0,0.0,22.565
40356,0.0,0.0,22.565
40357,0.0,0.0,22.565
40358,0.0,0.0,22.565
40359,0.0,0.0,22.565
40360,0.0,0.0,22.565
40361,0.0,0.0,22.565
40362,0.0,0.0,22.565
40363,0.0,0.0,22.565
40364,0.0,0.0,22.565
40365,0.0,0.0,22.565
40366,0.0,0.0,22.565
40367,0.0,0.0,22.565
40368,0.0,0.0,22.565
40369,0.0,0.0,22.565
40370,3475.0,3475.0,22.575
40371,0.0,0.0,22.575
40372,-3638.0,3638.0,22.575
40373,0.0,0.0,22.575
40374,0.0,0.0,22.575
40375,0.0,0.0,22.575
40376,0.0,0.0,22.575
40377,0.0,0.0,22.575
40378,0.0,0.0,22.575
40379,0.0,0.0,22.575
40380,0.0,0.0,22.575
40381,3731.0,3731.0,22.585
40382,0.0,0.0,22.585
40383,0.0,0.0,22.585
40384,0.0,0.0,22.585
40385,0.0,0.0,22.58
40386,0.0,0.0,22.58
40387,0.0,0.0,22.585
40388,0.0,0.0,22.585
40389,0.0,0.0,22.585
40390,0.0,0.0,22.585
40391,0.0,0.0,22.585
40392,0.0,0.0,22.585
40393,0.0,0.0,22.585
40394,0.0,0.0,22.585
40395,0.0,0.0,22.585
40396,0.0,0.0,22.585
40397,0.0,0.0,22.585
40398,0.0,0.0,22.585
40399,0.0,0.0,22.585
40400,0.0,0.0,22.585
40401,0.0,0.0,22.585
40402,0.0,0.0,22.585
40403,-1729.0,1729.0,22.575
40404,-825.0,825.0,22.575
40405,0.0,0.0,22.575
40406,0.0,0.0,22.575
40407,0.0,0.0,22.575
40408,1037.0,1037.0,22.575
40409,1700.0,1700.0,22.585
40410,0.0,0.0,22.585
40411,0.0,0.0,22.585
40412,0.0,0.0,22.585
40413,-882.0,882.0,22.575
40414,0.0,0.0,22.575
40415,0.0,0.0,22.575
40416,577.0,577.0,22.585
40417,0.0,0.0,22.585
40418,-249.0,249.0,22.585
40419,0.0,0.0,22.585
40420,0.0,0.0,22.585
40421,0.0,0.0,22.585
40422,0.0,0.0,22.585
40423,0.0,0.0,22.585
40424,0.0,0.0,22.585
40425,0.0,0.0,22.585
40426,0.0,0.0,22.585
40427,980.0,980.0,22.595
40428,0.0,0.0,22.595
40429,0.0,0.0,22.595
40430,0.0,0.0,22.595
40431,0.0,0.0,22.595
40432,0.0,0.0,22.595
40433,-621.0,621.0,22.585
40434,0.0,0.0,22.585
40435,-2665.0,2665.0,22.575
40436,0.0,0.0,22.575
40437,0.0,0.0,22.575
40438,0.0,0.0,22.575
40439,0.0,0.0,22.575
40440,0.0,0.0,22.575
40441,-55.0,55.0,22.575
40442,0.0,0.0,22.575
40443,1311.0,1311.0,22.585
40444,0.0,0.0,22.585
40445,0.0,0.0,22.585
40446,0.0,0.0,22.585
40447,0.0,0.0,22.585
40448,0.0,0.0,22.585
40449,0.0,0.0,22.585
40450,0.0,0.0,22.585
40451,-890.0,890.0,22.585
40452,0.0,0.0,22.585
40453,0.0,0.0,22.585
40454,0.0,0.0,22.585
40455,0.0,0.0,22.585
40456,0.0,0.0,22.585
40457,0.0,0.0,22.585
40458,0.0,0.0,22.585
40459,0.0,0.0,22.585
40460,0.0,0.0,22.585
40461,0.0,0.0,22.585
40462,0.0,0.0,22.585
40463,0.0,0.0,22.585
40464,0.0,0.0,22.585
40465,0.0,0.0,22.585
40466,-676.0,676.0,22.575
40467,0.0,0.0,22.575
40468,0.0,0.0,22.575
40469,0.0,0.0,22.575
40470,0.0,0.0,22.575
40471,0.0,0.0,22.575
40472,0.0,0.0,22.575
40473,0.0,0.0,22.575
40474,0.0,0.0,22.575
40475,0.0,0.0,22.575
40476,0.0,0.0,22.575
40477,924.0,924.0,22.575
40478,0.0,0.0,22.575
40479,0.0,0.0,22.575
40480,0.0,0.0,22.575
40481,0.0,0.0,22.575
40482,0.0,0.0,22.575
40483,0.0,0.0,22.575
40484,200.0,200.0,22.575
40485,1350.0,1350.0,22.585
40486,0.0,0.0,22.585
40487,-4265.0,4265.0,22.575
40488,0.0,0.0,22.575
40489,0.0,0.0,22.575
40490,0.0,0.0,22.575
40491,0.0,0.0,22.575
40492,0.0,0.0,22.575
40493,-1730.0,1730.0,22.575
40494,0.0,0.0,22.575
40495,0.0,0.0,22.575
40496,0.0,0.0,22.575
40497,0.0,0.0,22.575
40498,-75.0,75.0,22.565
40499,0.0,0.0,22.565
40500,0.0,0.0,22.565
40501,1825.0,1825.0,22.575
40502,0.0,0.0,22.575
40503,0.0,0.0,22.575
40504,0.0,0.0,22.575
40505,0.0,0.0,22.575
40506,0.0,0.0,22.575
40507,-1050.0,1050.0,22.565
40508,0.0,0.0,22.565
40509,0.0,0.0,22.565
40510,0.0,0.0,22.565
40511,0.0,0.0,22.565
40512,0.0,0.0,22.565
40513,0.0,0.0,22.565
40514,0.0,0.0,22.565
40515,0.0,0.0,22.565
40516,0.0,0.0,22.565
40517,0.0,0.0,22.565
40518,0.0,0.0,22.565
40519,0.0,0.0,22.565
40520,0.0,0.0,22.565
40521,0.0,0.0,22.565
40522,-706.0,706.0,22.555
40523,0.0,0.0,22.555
40524,0.0,0.0,22.555
40525,0.0,0.0,22.555
40526,0.0,0.0,22.555
40527,0.0,0.0,22.555
40528,0.0,0.0,22.555
40529,0.0,0.0,22.555
40530,0.0,0.0,22.555
40531,0.0,0.0,22.555
40532,0.0,0.0,22.555
40533,0.0,0.0,22.555
40534,0.0,0.0,22.555
40535,0.0,0.0,22.555
40536,0.0,0.0,22.555
40537,0.0,0.0,22.555
40538,0.0,0.0,22.555
40539,0.0,0.0,22.555
40540,0.0,0.0,22.555
40541,0.0,0.0,22.555
40542,928.0,1128.0,22.555
40543,0.0,0.0,22.555
40544,0.0,0.0,22.555
40545,0.0,0.0,22.555
40546,0.0,0.0,22.555
40547,0.0,0.0,22.555
40548,1311.0,1311.0,22.565
40549,0.0,0.0,22.565
40550,0.0,0.0,22.565
40551,0.0,0.0,22.565
40552,0.0,0.0,22.565
40553,0.0,0.0,22.565
40554,0.0,0.0,22.565
40555,0.0,0.0,22.565
40556,0.0,0.0,22.565
40557,0.0,0.0,22.565
40558,0.0,0.0,22.565
40559,0.0,0.0,22.565
40560,0.0,0.0,22.565
40561,0.0,0.0,22.565
40562,0.0,0.0,22.565
40563,0.0,0.0,22.565
40564,0.0,0.0,22.565
40565,-2561.0,2561.0,22.555
40566,-183.0,183.0,22.555
40567,0.0,0.0,22.555
40568,0.0,0.0,22.555
40569,0.0,0.0,22.555
40570,1016.0,1016.0,22.565
40571,0.0,0.0,22.565
40572,0.0,0.0,22.565
40573,0.0,0.0,22.565
40574,100.0,100.0,22.565
40575,3054.0,3054.0,22.575
40576,0.0,0.0,22.575
40577,0.0,0.0,22.575
40578,0.0,0.0,22.575
40579,0.0,0.0,22.575
40580,0.0,0.0,22.575
40581,0.0,0.0,22.575
40582,0.0,0.0,22.575
40583,0.0,0.0,22.575
40584,0.0,0.0,22.575
40585,0.0,0.0,22.575
40586,0.0,0.0,22.575
40587,0.0,0.0,22.575
40588,0.0,0.0,22.575
40589,0.0,0.0,22.575
40590,0.0,0.0,22.575
40591,0.0,0.0,22.575
40592,0.0,0.0,22.575
40593,0.0,0.0,22.575
40594,0.0,0.0,22.575
40595,0.0,0.0,22.575
40596,0.0,0.0,22.575
40597,0.0,0.0,22.575
40598,0.0,0.0,22.575
40599,0.0,0.0,22.575
40600,0.0,0.0,22.575
40601,0.0,0.0,22.575
40602,0.0,0.0,22.575
40603,0.0,0.0,22.575
40604,-1722.0,1722.0,22.565
40605,0.0,0.0,22.565
40606,0.0,0.0,22.565
40607,0.0,0.0,22.565
40608,0.0,0.0,22.565
40609,0.0,0.0,22.565
40610,0.0,0.0,22.565
40611,775.0,775.0,22.565
40612,0.0,0.0,22.565
40613,0.0,0.0,22.565
40614,0.0,0.0,22.565
40615,0.0,0.0,22.565
40616,0.0,0.0,22.565
40617,0.0,0.0,22.565
40618,0.0,0.0,22.565
40619,0.0,0.0,22.565
40620,0.0,0.0,22.565
40621,0.0,0.0,22.565
40622,0.0,0.0,22.565
40623,0.0,0.0,22.565
40624,0.0,0.0,22.565
40625,-2880.0,2928.0,22.555
40626,0.0,0.0,22.555
40627,0.0,0.0,22.555
40628,0.0,0.0,22.555
40629,0.0,0.0,22.555
40630,0.0,0.0,22.555
40631,0.0,0.0,22.555
40632,0.0,0.0,22.555
40633,0.0,0.0,22.555
40634,-2001.0,2001.0,22.545
40635,0.0,0.0,22.545
40636,0.0,0.0,22.545
40637,0.0,0.0,22.545
40638,0.0,0.0,22.545
40639,0.0,0.0,22.545
40640,0.0,0.0,22.545
40641,0.0,0.0,22.545
40642,-920.0,1320.0,22.545
40643,-150.0,150.0,22.535
40644,0.0,0.0,22.535
40645,0.0,0.0,22.535
40646,0.0,0.0,22.535
40647,0.0,0.0,22.535
40648,0.0,0.0,22.535
40649,-81.0,81.0,22.535
40650,0.0,0.0,22.535
40651,0.0,0.0,22.535
40652,0.0,0.0,22.535
40653,0.0,0.0,22.535
40654,0.0,0.0,22.535
40655,0.0,0.0,22.535
40656,0.0,0.0,22.535
40657,0.0,0.0,22.535
40658,0.0,0.0,22.535
40659,-88.0,88.0,22.535
40660,0.0,0.0,22.535
40661,4351.0,4351.0,22.545
40662,0.0,0.0,22.545
40663,0.0,0.0,22.545
40664,0.0,0.0,22.545
40665,0.0,0.0,22.545
40666,0.0,0.0,22.545
40667,4275.0,4275.0,22.555
40668,0.0,0.0,22.555
40669,0.0,0.0,22.555
40670,0.0,0.0,22.555
40671,0.0,0.0,22.555
40672,0.0,0.0,22.555
40673,-2637.0,2637.0,22.545
40674,0.0,0.0,22.545
40675,0.0,0.0,22.545
40676,0.0,0.0,22.545
40677,0.0,0.0,22.545
40678,0.0,0.0,22.545
40679,0.0,0.0,22.545
40680,-1315.0,1315.0,22.545
40681,0.0,0.0,22.545
40682,0.0,0.0,22.545
40683,0.0,0.0,22.545
40684,0.0,0.0,22.545
40685,0.0,0.0,22.545
40686,0.0,0.0,22.545
40687,0.0,0.0,22.545
40688,1282.0,1282.0,22.555
40689,-1250.0,1250.0,22.545
40690,-500.0,500.0,22.535
40691,1107.0,1107.0,22.545
40692,0.0,0.0,22.545
40693,0.0,0.0,22.545
40694,0.0,0.0,22.545
40695,220.0,220.0,22.555
40696,850.0,850.0,22.565
40697,0.0,0.0,22.565
40698,-200.0,200.0,22.565
40699,0.0,0.0,22.565
40700,0.0,0.0,22.565
40701,0.0,0.0,22.565
40702,-850.0,1012.0,22.555
40703,0.0,0.0,22.555
40704,0.0,0.0,22.555
40705,0.0,0.0,22.555
40706,0.0,0.0,22.555
40707,0.0,0.0,22.555
40708,0.0,0.0,22.555
40709,0.0,0.0,22.555
40710,0.0,0.0,22.555
40711,0.0,0.0,22.555
40712,45.0,45.0,22.555
40713,592.0,592.0,22.565
40714,0.0,0.0,22.565
40715,0.0,0.0,22.565
40716,0.0,0.0,22.565
40717,0.0,0.0,22.565
40718,0.0,0.0,22.565
40719,0.0,0.0,22.565
40720,0.0,0.0,22.565
40721,-573.0,573.0,22.555
40722,0.0,0.0,22.555
40723,0.0,0.0,22.555
40724,0.0,0.0,22.555
40725,0.0,0.0,22.555
40726,0.0,0.0,22.555
40727,0.0,0.0,22.555
40728,0.0,0.0,22.555
40729,0.0,0.0,22.555
40730,0.0,0.0,22.555
40731,50.0,50.0,22.555
40732,0.0,0.0,22.555
40733,0.0,0.0,22.555
40734,0.0,0.0,22.555
40735,0.0,0.0,22.555
40736,0.0,0.0,22.555
40737,7684.0,7884.0,22.565
40738,-1600.0,1600.0,22.565
40739,0.0,0.0,22.565
40740,-1465.0,1465.0,22.565
40741,-1.0,1.0,22.565
40742,0.0,0.0,22.565
40743,0.0,0.0,22.565
40744,0.0,0.0,22.565
40745,0.0,0.0,22.565
40746,0.0,0.0,22.565
40747,0.0,0.0,22.565
40748,0.0,0.0,22.565
40749,0.0,0.0,22.565
40750,0.0,0.0,22.565
40751,0.0,0.0,22.565
40752,0.0,0.0,22.565
40753,0.0,0.0,22.565
40754,0.0,0.0,22.565
40755,0.0,0.0,22.565
40756,0.0,0.0,22.565
40757,0.0,0.0,22.565
40758,0.0,0.0,22.565
40759,0.0,0.0,22.565
40760,0.0,0.0,22.565
40761,0.0,0.0,22.565
40762,0.0,0.0,22.565
40763,0.0,0.0,22.565
40764,0.0,0.0,22.565
40765,0.0,0.0,22.565
40766,0.0,0.0,22.565
40767,0.0,0.0,22.565
40768,0.0,0.0,22.565
40769,0.0,0.0,22.565
40770,0.0,0.0,22.565
40771,0.0,0.0,22.565
40772,0.0,0.0,22.565
40773,0.0,0.0,22.565
40774,0.0,0.0,22.565
40775,0.0,0.0,22.565
40776,0.0,0.0,22.565
40777,0.0,0.0,22.565
40778,0.0,0.0,22.565
40779,0.0,0.0,22.565
40780,0.0,0.0,22.565
40781,0.0,0.0,22.565
40782,0.0,0.0,22.565
40783,0.0,0.0,22.565
40784,2767.0,3167.0,22.575
40785,0.0,0.0,22.575
40786,0.0,0.0,22.575
40787,0.0,0.0,22.575
40788,184.0,184.0,22.575
40789,0.0,0.0,22.575
40790,0.0,0.0,22.575
40791,0.0,0.0,22.575
40792,0.0,0.0,22.575
40793,0.0,0.0,22.575
40794,0.0,0.0,22.575
40795,0.0,0.0,22.575
40796,0.0,0.0,22.575
40797,0.0,0.0,22.575
40798,-1175.0,4001.0,22.575
40799,0.0,0.0,22.575
40800,0.0,0.0,22.575
40801,0.0,0.0,22.575
40802,0.0,0.0,22.575
40803,0.0,0.0,22.575
40804,0.0,0.0,22.575
40805,0.0,0.0,22.575
40806,1883.0,1883.0,22.585
40807,0.0,0.0,22.585
40808,0.0,0.0,22.585
40809,0.0,0.0,22.585
40810,0.0,0.0,22.585
40811,-2607.0,2607.0,22.575
40812,799.0,799.0,22.585
40813,0.0,0.0,22.585
40814,0.0,0.0,22.585
40815,0.0,0.0,22.585
40816,0.0,0.0,22.585
40817,0.0,0.0,22.585
40818,0.0,0.0,22.585
40819,0.0,0.0,22.585
40820,0.0,0.0,22.585
40821,0.0,0.0,22.585
40822,0.0,0.0,22.585
40823,0.0,0.0,22.585
40824,0.0,0.0,22.585
40825,0.0,0.0,22.585
40826,0.0,0.0,22.585
40827,0.0,0.0,22.585
40828,0.0,0.0,22.585
40829,0.0,0.0,22.585
40830,0.0,0.0,22.585
40831,0.0,0.0,22.585
40832,0.0,0.0,22.585
40833,0.0,0.0,22.585
40834,0.0,0.0,22.585
40835,-2669.0,2837.0,22.575
40836,0.0,0.0,22.575
40837,0.0,0.0,22.575
40838,0.0,0.0,22.575
40839,1951.0,1951.0,22.585
40840,0.0,0.0,22.585
40841,0.0,0.0,22.585
40842,0.0,0.0,22.585
40843,0.0,0.0,22.585
40844,-2399.0,2399.0,22.575
40845,0.0,0.0,22.575
40846,0.0,0.0,22.575
40847,0.0,0.0,22.575
40848,0.0,0.0,22.575
40849,1476.0,1476.0,22.585
40850,0.0,0.0,22.585
40851,0.0,0.0,22.585
40852,0.0,0.0,22.585
40853,0.0,0.0,22.585
40854,0.0,0.0,22.585
40855,0.0,0.0,22.585
40856,0.0,0.0,22.585
40857,0.0,0.0,22.585
40858,0.0,0.0,22.585
40859,0.0,0.0,22.585
40860,0.0,0.0,22.585
40861,0.0,0.0,22.585
40862,0.0,0.0,22.585
40863,0.0,0.0,22.585
40864,0.0,0.0,22.585
40865,0.0,0.0,22.585
40866,0.0,0.0,22.585
40867,-5881.0,5881.0,22.575
40868,0.0,0.0,22.575
40869,0.0,0.0,22.575
40870,0.0,0.0,22.575
40871,-1712.0,1712.0,22.575
40872,-150.0,150.0,22.565
40873,0.0,0.0,22.565
40874,0.0,0.0,22.565
40875,0.0,0.0,22.565
40876,0.0,0.0,22.565
40877,0.0,0.0,22.565
40878,100.0,100.0,22.565
40879,0.0,0.0,22.565
40880,0.0,0.0,22.565
40881,0.0,0.0,22.565
40882,0.0,0.0,22.565
40883,0.0,0.0,22.565
40884,0.0,0.0,22.565
40885,0.0,0.0,22.565
40886,3701.0,3701.0,22.575
40887,0.0,0.0,22.575
40888,0.0,0.0,22.575
40889,0.0,0.0,22.575
40890,0.0,0.0,22.575
40891,0.0,0.0,22.575
40892,0.0,0.0,22.575
40893,-1652.0,1652.0,22.57
40894,0.0,0.0,22.57
40895,200.0,200.0,22.575
40896,0.0,0.0,22.575
40897,0.0,0.0,22.575
40898,0.0,0.0,22.575
40899,0.0,0.0,22.575
40900,0.0,0.0,22.575
40901,0.0,0.0,22.575
40902,0.0,0.0,22.575
40903,0.0,0.0,22.575
40904,0.0,0.0,22.575
40905,0.0,0.0,22.575
40906,1279.0,1279.0,22.585
40907,0.0,0.0,22.585
40908,0.0,0.0,22.585
40909,0.0,0.0,22.585
40910,0.0,0.0,22.585
40911,0.0,0.0,22.585
40912,0.0,0.0,22.585
40913,0.0,0.0,22.585
40914,0.0,0.0,22.585
40915,0.0,0.0,22.585
40916,0.0,0.0,22.585
40917,0.0,0.0,22.585
40918,0.0,0.0,22.585
40919,403.0,403.0,22.585
40920,0.0,0.0,22.585
40921,0.0,0.0,22.585
40922,0.0,0.0,22.585
40923,0.0,0.0,22.585
40924,0.0,0.0,22.585
40925,0.0,0.0,22.585
40926,0.0,0.0,22.585
40927,0.0,0.0,22.585
40928,0.0,0.0,22.585
40929,0.0,0.0,22.585
40930,0.0,0.0,22.585
40931,0.0,0.0,22.585
40932,0.0,0.0,22.585
40933,6759.0,6759.0,22.605
40934,1710.0,1710.0,22.615
40935,0.0,0.0,22.615
40936,0.0,0.0,22.615
40937,0.0,0.0,22.615
40938,0.0,0.0,22.615
40939,0.0,0.0,22.615
40940,0.0,0.0,22.615
40941,0.0,0.0,22.615
40942,0.0,0.0,22.615
40943,0.0,0.0,22.615
40944,0.0,0.0,22.615
40945,0.0,0.0,22.615
40946,0.0,0.0,22.615
40947,0.0,0.0,22.615
40948,0.0,0.0,22.615
40949,0.0,0.0,22.615
40950,0.0,0.0,22.615
40951,0.0,0.0,22.615
40952,0.0,0.0,22.615
40953,0.0,0.0,22.615
40954,0.0,0.0,22.615
40955,-4131.0,4131.0,22.605
40956,975.0,975.0,22.615
40957,0.0,0.0,22.615
40958,0.0,0.0,22.615
40959,0.0,0.0,22.615
40960,0.0,0.0,22.615
40961,0.0,0.0,22.615
40962,0.0,0.0,22.615
40963,0.0,0.0,22.615
40964,1600.0,1600.0,22.625
40965,0.0,0.0,22.625
40966,0.0,0.0,22.625
40967,0.0,0.0,22.625
40968,300.0,300.0,22.635
40969,0.0,0.0,22.635
40970,0.0,0.0,22.635
40971,0.0,0.0,22.635
40972,0.0,0.0,22.635
40973,0.0,0.0,22.635
40974,1340.0,1340.0,22.645
40975,0.0,0.0,22.645
40976,2081.0,2081.0,22.655
40977,0.0,0.0,22.655
40978,0.0,0.0,22.655
40979,0.0,0.0,22.655
40980,-3771.0,4151.0,22.645
40981,0.0,0.0,22.645
40982,0.0,0.0,22.645
40983,0.0,0.0,22.645
40984,0.0,0.0,22.645
40985,0.0,0.0,22.645
40986,0.0,0.0,22.645
40987,0.0,0.0,22.645
40988,933.0,933.0,22.655
40989,0.0,0.0,22.655
40990,0.0,0.0,22.655
40991,0.0,0.0,22.655
40992,0.0,0.0,22.655
40993,0.0,0.0,22.655
40994,0.0,0.0,22.655
40995,0.0,0.0,22.655
40996,0.0,0.0,22.655
40997,0.0,0.0,22.655
40998,-1531.0,1531.0,22.645
40999,0.0,0.0,22.645
41000,0.0,0.0,22.645
41001,0.0,0.0,22.645
41002,0.0,0.0,22.645
41003,0.0,0.0,22.645
41004,0.0,0.0,22.645
41005,0.0,0.0,22.645
41006,0.0,0.0,22.645
41007,0.0,0.0,22.645
41008,0.0,0.0,22.645
41009,0.0,0.0,22.645
41010,0.0,0.0,22.645
41011,0.0,0.0,22.645
41012,0.0,0.0,22.645
41013,0.0,0.0,22.645
41014,0.0,0.0,22.645
41015,0.0,0.0,22.645
41016,1347.0,1347.0,22.655
41017,0.0,0.0,22.655
41018,0.0,0.0,22.655
41019,-12750.0,12750.0,22.635
41020,0.0,0.0,22.635
41021,0.0,0.0,22.635
41022,0.0,0.0,22.635
41023,0.0,0.0,22.635
41024,950.0,950.0,22.635
41025,0.0,0.0,22.635
41026,0.0,0.0,22.635
41027,86.0,86.0,22.635
41028,0.0,0.0,22.635
41029,0.0,0.0,22.635
41030,0.0,0.0,22.635
41031,0.0,0.0,22.635
41032,0.0,0.0,22.635
41033,0.0,0.0,22.635
41034,-2994.0,2994.0,22.625
41035,0.0,0.0,22.625
41036,0.0,0.0,22.625
41037,0.0,0.0,22.625
41038,0.0,0.0,22.625
41039,0.0,0.0,22.625
41040,0.0,0.0,22.625
41041,0.0,0.0,22.625
41042,0.0,0.0,22.625
41043,0.0,0.0,22.625
41044,0.0,0.0,22.625
41045,0.0,0.0,22.625
41046,0.0,0.0,22.625
41047,0.0,0.0,22.625
41048,0.0,0.0,22.625
41049,20.0,20.0,22.625
41050,0.0,0.0,22.625
41051,0.0,0.0,22.625
41052,0.0,0.0,22.625
41053,0.0,0.0,22.625
41054,0.0,0.0,22.625
41055,0.0,0.0,22.625
41056,0.0,0.0,22.625
41057,0.0,0.0,22.625
41058,0.0,0.0,22.625
41059,0.0,0.0,22.625
41060,0.0,0.0,22.625
41061,0.0,0.0,22.625
41062,0.0,0.0,22.625
41063,0.0,0.0,22.625
41064,0.0,0.0,22.625
41065,-1302.0,1302.0,22.615
41066,0.0,0.0,22.615
41067,0.0,0.0,22.615
41068,0.0,0.0,22.615
41069,-286.0,286.0,22.605
41070,0.0,0.0,22.605
41071,0.0,0.0,22.605
41072,0.0,0.0,22.605
41073,0.0,0.0,22.605
41074,3013.0,3013.0,22.605
41075,0.0,0.0,22.605
41076,0.0,0.0,22.605
41077,0.0,0.0,22.605
41078,0.0,0.0,22.605
41079,0.0,0.0,22.605
41080,0.0,0.0,22.605
41081,0.0,0.0,22.605
41082,0.0,0.0,22.605
41083,0.0,0.0,22.605
41084,6700.0,6700.0,22.605
41085,0.0,0.0,22.605
41086,2382.0,2382.0,22.615
41087,-2247.0,2247.0,22.615
41088,0.0,0.0,22.615
41089,0.0,0.0,22.605
41090,0.0,0.0,22.605
41091,100.0,100.0,22.605
41092,0.0,0.0,22.605
41093,0.0,0.0,22.605
41094,0.0,0.0,22.605
41095,0.0,0.0,22.605
41096,0.0,0.0,22.605
41097,0.0,0.0,22.605
41098,0.0,0.0,22.605
41099,0.0,0.0,22.605
41100,0.0,0.0,22.605
41101,0.0,0.0,22.605
41102,0.0,0.0,22.605
41103,0.0,0.0,22.605
41104,0.0,0.0,22.605
41105,0.0,0.0,22.605
41106,0.0,0.0,22.605
41107,1411.0,1411.0,22.615
41108,0.0,0.0,22.615
41109,0.0,0.0,22.615
41110,0.0,0.0,22.615
41111,0.0,0.0,22.615
41112,-100.0,100.0,22.605
41113,0.0,0.0,22.605
41114,0.0,0.0,22.605
41115,0.0,0.0,22.605
41116,787.0,801.0,22.605
41117,0.0,0.0,22.605
41118,0.0,0.0,22.605
41119,0.0,0.0,22.605
41120,0.0,0.0,22.605
41121,0.0,0.0,22.605
41122,0.0,0.0,22.605
41123,705.0,705.0,22.605
41124,0.0,0.0,22.605
41125,0.0,0.0,22.605
41126,0.0,0.0,22.605
41127,0.0,0.0,22.605
41128,0.0,0.0,22.605
41129,0.0,0.0,22.605
41130,0.0,0.0,22.605
41131,0.0,0.0,22.605
41132,0.0,0.0,22.605
41133,0.0,0.0,22.605
41134,0.0,0.0,22.605
41135,0.0,0.0,22.605
41136,0.0,0.0,22.605
41137,0.0,0.0,22.605
41138,0.0,0.0,22.605
41139,0.0,0.0,22.605
41141,1014.0,1014.0,22.615
41142,0.0,0.0,22.615
41143,0.0,0.0,22.615
41144,0.0,0.0,22.615
41145,0.0,0.0,22.615
41146,0.0,0.0,22.615
41147,0.0,0.0,22.615
41148,0.0,0.0,22.615
41149,0.0,0.0,22.615
41150,0.0,0.0,22.615
41151,0.0,0.0,22.615
41152,0.0,0.0,22.615
41153,100.0,100.0,22.615
41154,0.0,0.0,22.615
41155,0.0,0.0,22.615
41156,0.0,0.0,22.615
41157,0.0,0.0,22.615
41158,2449.0,2449.0,22.625
41159,0.0,0.0,22.625
41160,0.0,0.0,22.625
41161,0.0,0.0,22.625
41162,0.0,0.0,22.625
41163,0.0,0.0,22.625
41164,0.0,0.0,22.625
41165,0.0,0.0,22.625
41166,29.0,29.0,22.625
41167,72.0,72.0,22.635
41168,0.0,0.0,22.635
41169,0.0,0.0,22.635
41170,0.0,0.0,22.635
41171,0.0,0.0,22.635
41172,0.0,0.0,22.635
41173,0.0,0.0,22.635
41174,0.0,0.0,22.635
41175,-1862.0,1862.0,22.625
41176,0.0,0.0,22.625
41177,0.0,0.0,22.625
41178,0.0,0.0,22.625
41179,0.0,0.0,22.625
41180,0.0,0.0,22.625
41181,0.0,0.0,22.625
41182,0.0,0.0,22.625
41183,0.0,0.0,22.625
41184,0.0,0.0,22.625
41185,0.0,0.0,22.625
41186,0.0,0.0,22.625
41187,0.0,0.0,22.625
41188,0.0,0.0,22.625
41189,0.0,0.0,22.625
41190,0.0,0.0,22.625
41192,0.0,0.0,22.625
41193,0.0,0.0,22.625
41194,0.0,0.0,22.625
41195,0.0,0.0,22.625
41196,0.0,0.0,22.625
41197,25.0,25.0,22.625
41198,0.0,0.0,22.625
41199,0.0,0.0,22.625
41200,2486.0,2486.0,22.635
41201,0.0,0.0,22.635
41202,0.0,0.0,22.635
41203,0.0,0.0,22.635
41204,0.0,0.0,22.635
41205,0.0,0.0,22.635
41206,2672.0,7772.0,22.645
41207,0.0,0.0,22.645
41208,0.0,0.0,22.645
41209,0.0,0.0,22.645
41210,0.0,0.0,22.645
41211,0.0,0.0,22.645
41212,0.0,0.0,22.645
41213,0.0,0.0,22.645
41214,0.0,0.0,22.645
41215,0.0,0.0,22.645
41216,0.0,0.0,22.645
41217,2360.0,3360.0,22.655
41218,0.0,0.0,22.655
41219,0.0,0.0,22.655
41220,0.0,0.0,22.655
41221,0.0,0.0,22.655
41222,0.0,0.0,22.655
41223,0.0,0.0,22.655
41224,0.0,0.0,22.655
41225,1630.0,1630.0,22.665
41226,334.0,1334.0,22.665
41227,500.0,500.0,22.675
41228,0.0,0.0,22.675
41229,-10972.0,10972.0,22.655
41230,0.0,0.0,22.655
41231,-1436.0,1436.0,22.645
41232,0.0,0.0,22.645
41233,0.0,0.0,22.645
41234,1247.0,1379.0,22.655
41235,-484.0,484.0,22.645
41236,0.0,0.0,22.645
41237,0.0,0.0,22.645
41238,0.0,0.0,22.645
41239,0.0,0.0,22.645
41240,0.0,0.0,22.645
41241,0.0,0.0,22.645
41242,-4745.0,4745.0,22.635
41243,0.0,0.0,22.635
41244,0.0,0.0,22.635
41245,0.0,0.0,22.635
41246,-1907.0,1907.0,22.625
41247,0.0,0.0,22.625
41248,893.0,893.0,22.625
41249,0.0,0.0,22.625
41250,0.0,0.0,22.625
41251,-73.0,73.0,22.625
41252,0.0,0.0,22.625
41253,0.0,0.0,22.625
41254,0.0,0.0,22.625
41255,0.0,0.0,22.625
41256,0.0,0.0,22.625
41257,0.0,0.0,22.625
41258,0.0,0.0,22.625
41259,0.0,0.0,22.625
41260,0.0,0.0,22.625
41261,867.0,867.0,22.635
41262,1350.0,1350.0,22.645
41263,0.0,0.0,22.645
41264,0.0,0.0,22.645
41265,208.0,208.0,22.645
41266,0.0,0.0,22.645
41267,0.0,0.0,22.645
41268,0.0,0.0,22.645
41269,0.0,0.0,22.645
41270,0.0,0.0,22.645
41271,0.0,0.0,22.645
41272,0.0,0.0,22.645
41273,0.0,0.0,22.645
41274,362.0,362.0,22.655
41275,0.0,0.0,22.655
41276,0.0,0.0,22.655
41277,0.0,0.0,22.655
41278,0.0,0.0,22.655
41279,0.0,0.0,22.655
41280,0.0,0.0,22.655
41281,0.0,0.0,22.655
41282,0.0,0.0,22.655
41283,1.0,1.0,22.655
41284,1707.0,1707.0,22.675
41285,0.0,0.0,22.675
41286,0.0,0.0,22.675
41287,0.0,0.0,22.675
41288,0.0,0.0,22.675
41289,0.0,0.0,22.675
41290,0.0,0.0,22.675
41291,0.0,0.0,22.675
41292,222.0,222.0,22.675
41293,0.0,0.0,22.675
41294,0.0,0.0,22.675
41295,0.0,0.0,22.675
41296,100.0,100.0,22.675
41297,0.0,0.0,22.675
41298,0.0,0.0,22.675
41299,0.0,0.0,22.675
41300,0.0,0.0,22.675
41301,0.0,0.0,22.675
41302,0.0,0.0,22.675
41303,-2307.0,2307.0,22.655
41304,0.0,0.0,22.655
41305,0.0,0.0,22.655
41306,0.0,0.0,22.655
41307,0.0,0.0,22.655
41308,0.0,0.0,22.655
41309,0.0,0.0,22.655
41310,0.0,0.0,22.655
41311,0.0,0.0,22.655
41312,0.0,0.0,22.655
41313,0.0,0.0,22.655
41314,842.0,842.0,22.665
41315,1873.0,1873.0,22.675
41316,0.0,0.0,22.675
41317,0.0,0.0,22.675
41318,0.0,0.0,22.675
41319,0.0,0.0,22.675
41320,0.0,0.0,22.675
41321,0.0,0.0,22.675
41322,0.0,0.0,22.675
41323,0.0,0.0,22.675
41324,0.0,0.0,22.675
41325,0.0,0.0,22.675
41326,0.0,0.0,22.675
41327,0.0,0.0,22.675
41328,0.0,0.0,22.675
41329,0.0,0.0,22.675
41330,0.0,0.0,22.675
41331,0.0,0.0,22.675
41332,0.0,0.0,22.675
41333,0.0,0.0,22.675
41334,0.0,0.0,22.675
41335,0.0,0.0,22.675
41336,0.0,0.0,22.675
41337,0.0,0.0,22.675
41338,0.0,0.0,22.675
41339,0.0,0.0,22.675
41340,200.0,200.0,22.675
41341,0.0,0.0,22.675
41342,0.0,0.0,22.675
41343,0.0,0.0,22.675
41344,0.0,0.0,22.675
41345,265.0,265.0,22.675
41346,0.0,0.0,22.675
41347,0.0,0.0,22.675
41348,0.0,0.0,22.675
41349,0.0,0.0,22.675
41350,0.0,0.0,22.675
41351,1150.0,1150.0,22.675
41352,0.0,0.0,22.675
41353,2003.0,2003.0,22.685
41354,0.0,0.0,22.685
41355,0.0,0.0,22.685
41356,0.0,0.0,22.685
41357,0.0,0.0,22.685
41358,599.0,599.0,22.695
41359,0.0,0.0,22.695
41360,-184.0,184.0,22.695
41361,0.0,0.0,22.695
41362,-1700.0,1700.0,22.685
41363,0.0,0.0,22.685
41364,0.0,0.0,22.69
41365,0.0,0.0,22.69
41366,0.0,0.0,22.69
41367,0.0,0.0,22.685
41368,0.0,0.0,22.69
41369,0.0,0.0,22.685
41370,-100.0,100.0,22.685
41371,0.0,0.0,22.685
41372,-3093.0,3093.0,22.685
41373,0.0,0.0,22.685
41374,0.0,0.0,22.685
41375,0.0,0.0,22.695
41376,0.0,0.0,22.695
41377,0.0,0.0,22.695
41378,0.0,0.0,22.695
41379,9333.0,9333.0,22.705
41380,0.0,0.0,22.705
41381,0.0,0.0,22.705
41382,0.0,0.0,22.705
41383,0.0,0.0,22.705
41384,0.0,0.0,22.705
41385,0.0,0.0,22.705
41386,-701.0,701.0,22.695
41387,0.0,0.0,22.695
41388,0.0,0.0,22.695
41389,0.0,0.0,22.695
41390,0.0,0.0,22.695
41391,0.0,0.0,22.695
41392,0.0,0.0,22.695
41393,0.0,0.0,22.695
41394,0.0,0.0,22.695
41395,0.0,0.0,22.695
41396,0.0,0.0,22.695
41397,-70.0,70.0,22.695
41398,0.0,0.0,22.695
41399,0.0,0.0,22.695
41400,-1859.0,1859.0,22.675
41401,-1070.0,1070.0,22.665
41402,0.0,0.0,22.665
41403,-250.0,250.0,22.655
41404,0.0,0.0,22.655
41405,0.0,0.0,22.655
41406,1700.0,1700.0,22.655
41407,0.0,0.0,22.655
41408,1530.0,1530.0,22.665
41409,600.0,600.0,22.665
41410,265.0,265.0,22.675
41411,0.0,0.0,22.675
41412,0.0,0.0,22.675
41413,0.0,0.0,22.675
41414,0.0,0.0,22.675
41415,0.0,0.0,22.675
41416,0.0,0.0,22.675
41417,0.0,0.0,22.675
41418,25.0,25.0,22.675
41419,1095.0,1095.0,22.685
41420,0.0,0.0,22.685
41421,0.0,0.0,22.685
41422,0.0,0.0,22.685
41423,0.0,0.0,22.685
41424,0.0,0.0,22.685
41425,0.0,0.0,22.685
41426,0.0,0.0,22.685
41427,0.0,0.0,22.685
41428,0.0,0.0,22.685
41429,1817.0,1817.0,22.695
41430,0.0,0.0,22.695
41431,0.0,0.0,22.695
41432,0.0,0.0,22.695
41433,0.0,0.0,22.695
41434,0.0,0.0,22.695
41435,0.0,0.0,22.695
41436,0.0,0.0,22.695
41437,-2000.0,2000.0,22.685
41438,0.0,0.0,22.685
41439,-471.0,471.0,22.675
41440,0.0,0.0,22.675
41441,550.0,550.0,22.685
41442,1448.0,1480.0,22.685
41443,0.0,0.0,22.685
41444,0.0,0.0,22.685
41445,0.0,0.0,22.685
41446,0.0,0.0,22.685
41447,0.0,0.0,22.685
41448,0.0,0.0,22.685
41449,0.0,0.0,22.685
41450,0.0,0.0,22.685
41451,0.0,0.0,22.685
41452,0.0,0.0,22.685
41453,0.0,0.0,22.685
41454,0.0,0.0,22.685
41455,0.0,0.0,22.685
41456,0.0,0.0,22.685
41457,0.0,0.0,22.685
41458,0.0,0.0,22.685
41459,-6453.0,6453.0,22.685
41460,0.0,0.0,22.685
41461,0.0,0.0,22.685
41462,0.0,0.0,22.68
41463,0.0,0.0,22.675
41464,200.0,200.0,22.685
41465,0.0,0.0,22.685
41466,-91.0,91.0,22.685
41467,0.0,0.0,22.685
41468,0.0,0.0,22.685
41469,0.0,0.0,22.685
41470,0.0,0.0,22.685
41471,0.0,0.0,22.685
41472,0.0,0.0,22.685
41473,0.0,0.0,22.685
41474,0.0,0.0,22.685
41475,0.0,0.0,22.685
41476,-900.0,900.0,22.68
41477,-221.0,221.0,22.665
41478,2191.0,2191.0,22.675
41479,0.0,0.0,22.675
41480,0.0,0.0,22.675
41481,0.0,0.0,22.675
41482,0.0,0.0,22.675
41483,0.0,0.0,22.675
41484,0.0,0.0,22.675
41485,0.0,0.0,22.675
41486,0.0,0.0,22.675
41487,0.0,0.0,22.675
41488,0.0,0.0,22.675
41489,185.0,225.0,22.685
41490,0.0,0.0,22.685
41491,0.0,0.0,22.685
41492,0.0,0.0,22.685
41493,0.0,0.0,22.685
41494,0.0,0.0,22.685
41495,0.0,0.0,22.685
41496,0.0,0.0,22.685
41497,0.0,0.0,22.685
41498,0.0,0.0,22.685
41499,0.0,0.0,22.685
41500,0.0,0.0,22.685
41501,500.0,500.0,22.695
41502,0.0,0.0,22.695
41503,0.0,0.0,22.695
41504,-28.0,28.0,22.695
41505,0.0,0.0,22.695
41506,0.0,0.0,22.695
41507,0.0,0.0,22.695
41508,1580.0,1580.0,22.705
41509,0.0,0.0,22.705
41510,0.0,0.0,22.705
41511,0.0,0.0,22.705
41512,0.0,0.0,22.705
41513,0.0,0.0,22.705
41514,0.0,0.0,22.705
41515,0.0,0.0,22.705
41516,0.0,0.0,22.705
41517,0.0,0.0,22.705
41518,0.0,0.0,22.705
41519,0.0,0.0,22.705
41520,0.0,0.0,22.705
41521,1319.0,1319.0,22.715
41522,0.0,0.0,22.715
41523,-3100.0,3100.0,22.705
41524,-879.0,879.0,22.695
41525,392.0,1548.0,22.695
41526,-1128.0,1128.0,22.695
41527,-544.0,544.0,22.675
41528,1875.0,1875.0,22.685
41529,0.0,0.0,22.685
41530,0.0,0.0,22.685
41531,0.0,0.0,22.685
41532,0.0,0.0,22.685
41533,0.0,0.0,22.685
41534,0.0,0.0,22.685
41535,0.0,0.0,22.685
41536,0.0,0.0,22.685
41537,0.0,0.0,22.685
41538,-250.0,250.0,22.675
41539,0.0,0.0,22.675
41540,0.0,0.0,22.675
41541,1496.0,1496.0,22.685
41542,0.0,0.0,22.685
41543,0.0,0.0,22.685
41544,0.0,0.0,22.685
41545,0.0,0.0,22.685
41546,0.0,0.0,22.685
41547,-9335.0,13171.0,22.675
41548,0.0,0.0,22.675
41549,0.0,0.0,22.675
41550,777.0,3749.0,22.665
41551,729.0,729.0,22.675
41552,0.0,0.0,22.675
41553,0.0,0.0,22.675
41554,544.0,1542.0,22.685
41555,0.0,0.0,22.685
41556,0.0,0.0,22.685
41557,0.0,0.0,22.685
41558,0.0,0.0,22.685
41559,0.0,0.0,22.685
41560,0.0,0.0,22.685
41561,0.0,0.0,22.685
41562,0.0,0.0,22.685
41563,0.0,0.0,22.685
41564,0.0,0.0,22.685
41565,0.0,0.0,22.685
41566,0.0,0.0,22.685
41567,0.0,0.0,22.685
41568,0.0,0.0,22.685
41569,0.0,0.0,22.685
41570,-10.0,10.0,22.685
41571,0.0,0.0,22.685
41572,-45.0,45.0,22.685
41573,-1.0,1.0,22.685
41574,-803.0,803.0,22.675
41575,0.0,0.0,22.675
41576,700.0,700.0,22.68
41577,0.0,0.0,22.685
41578,0.0,0.0,22.685
41579,0.0,0.0,22.685
41580,0.0,0.0,22.685
41581,0.0,0.0,22.685
41582,0.0,0.0,22.685
41583,0.0,0.0,22.685
41584,0.0,0.0,22.685
41585,0.0,0.0,22.685
41586,0.0,0.0,22.685
41587,0.0,0.0,22.685
41588,0.0,0.0,22.685
41589,0.0,0.0,22.685
41591,-50.0,50.0,22.685
41592,0.0,0.0,22.685
41593,0.0,0.0,22.685
41594,0.0,0.0,22.685
41595,0.0,0.0,22.685
41596,0.0,0.0,22.685
41597,0.0,0.0,22.685
41598,1034.0,1034.0,22.695
41599,0.0,0.0,22.695
41600,0.0,0.0,22.695
41601,0.0,0.0,22.695
41602,0.0,0.0,22.695
41603,0.0,0.0,22.695
41604,0.0,0.0,22.695
41605,0.0,0.0,22.695
41606,0.0,0.0,22.695
41607,0.0,0.0,22.695
41608,0.0,0.0,22.695
41609,0.0,0.0,22.695
41610,0.0,0.0,22.695
41611,0.0,0.0,22.695
41612,1355.0,1355.0,22.705
41613,0.0,0.0,22.705
41614,0.0,0.0,22.705
41615,0.0,0.0,22.705
41616,0.0,0.0,22.705
41617,2100.0,2100.0,22.715
41618,2698.0,2698.0,22.725
41619,-3026.0,3026.0,22.715
41620,0.0,0.0,22.715
41621,0.0,0.0,22.715
41622,0.0,0.0,22.715
41623,0.0,0.0,22.715
41624,0.0,0.0,22.715
41625,0.0,0.0,22.715
41626,0.0,0.0,22.715
41627,576.0,576.0,22.725
41628,0.0,0.0,22.725
41629,0.0,0.0,22.725
41630,0.0,0.0,22.725
41631,-1469.0,1469.0,22.725
41632,0.0,0.0,22.725
41633,0.0,0.0,22.725
41634,0.0,0.0,22.725
41635,0.0,0.0,22.725
41636,0.0,0.0,22.725
41637,0.0,0.0,22.725
41638,0.0,0.0,22.725
41639,0.0,0.0,22.725
41640,0.0,0.0,22.725
41641,0.0,0.0,22.725
41642,0.0,0.0,22.725
41643,0.0,0.0,22.725
41644,0.0,0.0,22.725
41645,0.0,0.0,22.725
41646,0.0,0.0,22.725
41647,0.0,0.0,22.725
41648,0.0,0.0,22.725
41649,100.0,100.0,22.725
41650,0.0,0.0,22.725
41651,0.0,0.0,22.725
41652,0.0,0.0,22.725
41653,0.0,0.0,22.725
41654,0.0,0.0,22.725
41655,0.0,0.0,22.725
41656,0.0,0.0,22.725
41657,0.0,0.0,22.725
41658,1885.0,2473.0,22.735
41659,0.0,0.0,22.735
41660,-1273.0,1325.0,22.735
41661,0.0,0.0,22.735
41662,0.0,0.0,22.735
41663,0.0,0.0,22.735
41664,0.0,0.0,22.735
41665,0.0,0.0,22.735
41666,0.0,0.0,22.735
41667,3413.0,3413.0,22.745
41668,0.0,0.0,22.745
41669,0.0,0.0,22.745
41670,0.0,0.0,22.745
41671,0.0,0.0,22.745
41672,-6211.0,6211.0,22.735
41673,-547.0,547.0,22.725
41674,0.0,0.0,22.725
41675,-509.0,509.0,22.715
41676,0.0,0.0,22.715
41677,0.0,0.0,22.715
41678,0.0,0.0,22.715
41679,0.0,0.0,22.715
41680,0.0,0.0,22.715
41681,0.0,0.0,22.715
41682,0.0,0.0,22.715
41683,0.0,0.0,22.715
41684,0.0,0.0,22.715
41685,0.0,0.0,22.715
41686,0.0,0.0,22.715
41687,0.0,0.0,22.715
41688,0.0,0.0,22.715
41689,0.0,0.0,22.715
41690,0.0,0.0,22.715
41691,0.0,0.0,22.715
41692,0.0,0.0,22.715
41693,0.0,0.0,22.715
41694,0.0,0.0,22.715
41695,0.0,0.0,22.715
41696,0.0,0.0,22.715
41697,0.0,0.0,22.715
41698,0.0,0.0,22.715
41699,0.0,0.0,22.715
41700,-3157.0,3157.0,22.705
41701,0.0,0.0,22.705
41702,-2808.0,2808.0,22.685
41703,3246.0,3246.0,22.705
41704,0.0,0.0,22.705
41705,0.0,0.0,22.705
41706,0.0,0.0,22.705
41707,0.0,0.0,22.705
41708,0.0,0.0,22.705
41709,0.0,0.0,22.705
41710,0.0,0.0,22.705
41711,0.0,0.0,22.705
41712,1710.0,1710.0,22.715
41713,-586.0,586.0,22.705
41714,0.0,0.0,22.705
41715,0.0,0.0,22.705
41716,-21.0,21.0,22.705
41717,0.0,0.0,22.705
41718,0.0,0.0,22.705
41719,0.0,0.0,22.705
41720,0.0,0.0,22.705
41721,750.0,750.0,22.715
41722,0.0,0.0,22.715
41723,0.0,0.0,22.715
41724,2625.0,2625.0,22.715
41725,0.0,0.0,22.715
41726,0.0,0.0,22.715
41727,0.0,0.0,22.715
41728,0.0,0.0,22.715
41729,0.0,0.0,22.715
41730,0.0,0.0,22.715
41731,-1692.0,1692.0,22.705
41732,0.0,0.0,22.705
41733,0.0,0.0,22.705
41734,0.0,0.0,22.705
41735,0.0,0.0,22.705
41736,0.0,0.0,22.705
41737,0.0,0.0,22.705
41738,0.0,0.0,22.705
41739,0.0,0.0,22.705
41740,0.0,0.0,22.705
41741,0.0,0.0,22.705
41742,0.0,0.0,22.705
41743,0.0,0.0,22.705
41744,0.0,0.0,22.705
41745,0.0,0.0,22.705
41746,0.0,0.0,22.705
41747,0.0,0.0,22.705
41748,0.0,0.0,22.705
41749,0.0,0.0,22.705
41750,0.0,0.0,22.705
41751,-1460.0,1460.0,22.695
41752,0.0,0.0,22.695
41753,0.0,0.0,22.695
41754,0.0,0.0,22.695
41755,0.0,0.0,22.695
41756,0.0,0.0,22.695
41757,0.0,0.0,22.695
41758,0.0,0.0,22.695
41759,0.0,0.0,22.695
41760,0.0,0.0,22.695
41761,0.0,0.0,22.695
41762,0.0,0.0,22.695
41763,0.0,0.0,22.695
41764,0.0,0.0,22.695
41765,1290.0,1290.0,22.705
41766,0.0,0.0,22.705
41767,0.0,0.0,22.705
41768,0.0,0.0,22.705
41769,0.0,0.0,22.705
41770,0.0,0.0,22.705
41771,0.0,0.0,22.705
41772,0.0,0.0,22.705
41773,0.0,0.0,22.705
41774,0.0,0.0,22.705
41775,0.0,0.0,22.705
41776,0.0,0.0,22.705
41777,0.0,0.0,22.705
41778,0.0,0.0,22.705
41779,0.0,0.0,22.705
41780,0.0,0.0,22.705
41781,0.0,0.0,22.705
41782,0.0,0.0,22.705
41783,0.0,0.0,22.705
41784,0.0,0.0,22.705
41785,0.0,0.0,22.705
41786,1615.0,1615.0,22.705
41787,0.0,0.0,22.705
41788,0.0,0.0,22.705
41789,0.0,0.0,22.705
41790,-3951.0,3957.0,22.695
41791,-350.0,350.0,22.685
41792,0.0,0.0,22.685
41793,0.0,0.0,22.685
41794,0.0,0.0,22.685
41795,0.0,0.0,22.685
41796,0.0,0.0,22.685
41797,-225.0,225.0,22.675
41798,0.0,0.0,22.675
41799,0.0,0.0,22.675
41800,0.0,0.0,22.675
41801,5508.0,5508.0,22.675
41802,796.0,796.0,22.675
41803,0.0,0.0,22.675
41804,0.0,0.0,22.675
41805,0.0,0.0,22.675
41806,0.0,0.0,22.675
41807,0.0,0.0,22.675
41808,0.0,0.0,22.675
41809,0.0,0.0,22.675
41810,0.0,0.0,22.675
41811,1401.0,1401.0,22.685
41812,0.0,0.0,22.685
41813,0.0,0.0,22.685
41814,0.0,0.0,22.685
41815,0.0,0.0,22.685
41816,0.0,0.0,22.685
41817,0.0,0.0,22.685
41818,0.0,0.0,22.685
41819,0.0,0.0,22.685
41820,0.0,0.0,22.685
41821,614.0,614.0,22.695
41822,0.0,0.0,22.695
41823,0.0,0.0,22.695
41824,0.0,0.0,22.695
41825,0.0,0.0,22.695
41826,0.0,0.0,22.695
41827,-500.0,500.0,22.695
41828,0.0,0.0,22.695
41829,0.0,0.0,22.695
41830,0.0,0.0,22.695
41831,375.0,375.0,22.705
41832,0.0,0.0,22.705
41833,0.0,0.0,22.705
41834,0.0,0.0,22.705
41835,0.0,0.0,22.705
41836,0.0,0.0,22.705
41837,1500.0,1500.0,22.705
41838,0.0,0.0,22.705
41839,0.0,0.0,22.705
41840,0.0,0.0,22.705
41841,0.0,0.0,22.705
41842,0.0,0.0,22.705
41843,640.0,640.0,22.715
41844,0.0,0.0,22.715
41845,0.0,0.0,22.715
41846,0.0,0.0,22.715
41847,0.0,0.0,22.715
41848,0.0,0.0,22.715
41849,0.0,0.0,22.715
41850,0.0,0.0,22.715
41851,0.0,0.0,22.715
41852,501.0,501.0,22.715
41853,0.0,0.0,22.715
41854,0.0,0.0,22.715
41855,363.0,363.0,22.715
41856,0.0,0.0,22.715
41857,-700.0,700.0,22.705
41858,0.0,0.0,22.705
41859,0.0,0.0,22.705
41860,484.0,484.0,22.715
41861,0.0,0.0,22.715
41862,0.0,0.0,22.715
41863,-1390.0,1390.0,22.705
41864,-641.0,641.0,22.695
41865,0.0,0.0,22.695
41867,0.0,0.0,22.695
41868,0.0,0.0,22.695
41869,0.0,0.0,22.695
41870,0.0,0.0,22.695
41871,0.0,0.0,22.695
41872,0.0,0.0,22.695
41873,-1500.0,1500.0,22.685
41874,0.0,0.0,22.685
41875,0.0,0.0,22.685
41876,0.0,0.0,22.685
41877,0.0,0.0,22.685
41878,0.0,0.0,22.685
41879,0.0,0.0,22.685
41880,0.0,0.0,22.685
41881,0.0,0.0,22.685
41882,0.0,0.0,22.685
41883,0.0,0.0,22.685
41884,0.0,0.0,22.685
41885,0.0,0.0,22.685
41886,0.0,0.0,22.685
41887,0.0,0.0,22.685
41888,0.0,0.0,22.685
41889,0.0,0.0,22.685
41890,0.0,0.0,22.685
41891,0.0,0.0,22.685
41892,-1479.0,1479.0,22.675
41893,-6233.0,6233.0,22.675
41894,0.0,0.0,22.675
41895,0.0,0.0,22.675
41896,0.0,0.0,22.675
41897,3440.0,3440.0,22.675
41898,0.0,0.0,22.675
41899,0.0,0.0,22.675
41900,0.0,0.0,22.675
41901,0.0,0.0,22.675
41902,0.0,0.0,22.675
41903,0.0,0.0,22.675
41904,0.0,0.0,22.675
41905,0.0,0.0,22.675
41906,962.0,962.0,22.685
41907,0.0,0.0,22.685
41908,0.0,0.0,22.685
41909,1962.0,1962.0,22.695
41910,0.0,0.0,22.695
41911,0.0,0.0,22.695
41912,0.0,0.0,22.695
41913,0.0,0.0,22.695
41914,92.0,92.0,22.695
41915,0.0,0.0,22.695
41916,0.0,0.0,22.695
41917,0.0,0.0,22.695
41918,591.0,591.0,22.695
41919,0.0,0.0,22.695
41920,85.0,215.0,22.705
41921,0.0,0.0,22.705
41922,0.0,0.0,22.705
41923,0.0,0.0,22.705
41924,0.0,0.0,22.705
41925,0.0,0.0,22.705
41926,0.0,0.0,22.705
41927,0.0,0.0,22.705
41928,0.0,0.0,22.705
41929,0.0,0.0,22.705
41930,0.0,0.0,22.705
41931,0.0,0.0,22.705
41932,0.0,0.0,22.705
41933,0.0,0.0,22.705
41934,0.0,0.0,22.705
41935,0.0,0.0,22.705
41936,0.0,0.0,22.705
41937,0.0,0.0,22.705
41938,0.0,0.0,22.705
41939,0.0,0.0,22.705
41940,0.0,0.0,22.705
41941,0.0,0.0,22.705
41942,0.0,0.0,22.705
41943,0.0,0.0,22.705
41944,0.0,0.0,22.705
41945,0.0,0.0,22.705
41946,0.0,0.0,22.705
41947,1000.0,1000.0,22.705
41948,0.0,0.0,22.705
41949,0.0,0.0,22.705
41950,0.0,0.0,22.705
41951,0.0,0.0,22.705
41952,0.0,0.0,22.705
41953,0.0,0.0,22.705
41954,0.0,0.0,22.705
41955,0.0,0.0,22.705
41956,0.0,0.0,22.705
41957,0.0,0.0,22.705
41958,0.0,0.0,22.705
41959,0.0,0.0,22.705
41960,0.0,0.0,22.705
41961,0.0,0.0,22.705
41962,0.0,0.0,22.705
41964,0.0,0.0,22.705
41965,0.0,0.0,22.705
41966,0.0,0.0,22.705
41967,0.0,0.0,22.705
41968,0.0,0.0,22.705
41969,0.0,0.0,22.705
41970,837.0,837.0,22.715
41971,0.0,0.0,22.715
41972,0.0,0.0,22.715
41973,0.0,0.0,22.715
41974,0.0,0.0,22.715
41975,0.0,0.0,22.715
41976,0.0,0.0,22.715
41977,0.0,0.0,22.715
41978,0.0,0.0,22.715
41979,0.0,0.0,22.715
41980,0.0,0.0,22.715
41981,756.0,756.0,22.715
41982,0.0,0.0,22.715
41983,0.0,0.0,22.715
41984,660.0,660.0,22.725
41985,0.0,0.0,22.725
41986,0.0,0.0,22.725
41987,0.0,0.0,22.725
41988,0.0,0.0,22.725
41989,0.0,0.0,22.725
41990,0.0,0.0,22.725
41991,0.0,0.0,22.725
41992,0.0,0.0,22.725
41993,0.0,0.0,22.725
41994,-2149.0,2149.0,22.715
41995,-98.0,98.0,22.715
41996,0.0,0.0,22.715
41997,0.0,0.0,22.715
41998,0.0,0.0,22.715
41999,0.0,0.0,22.715
42000,547.0,547.0,22.725
42001,0.0,0.0,22.725
42002,0.0,0.0,22.725
42003,357.0,357.0,22.725
42004,0.0,0.0,22.725
42005,0.0,0.0,22.725
42006,150.0,150.0,22.735
42007,0.0,0.0,22.735
42008,-550.0,550.0,22.725
42009,0.0,0.0,22.725
42010,-603.0,603.0,22.715
42011,0.0,0.0,22.715
42012,0.0,0.0,22.715
42013,0.0,0.0,22.715
42014,0.0,0.0,22.715
42015,0.0,0.0,22.715
42016,0.0,0.0,22.715
42017,0.0,0.0,22.715
42018,0.0,0.0,22.715
42019,0.0,0.0,22.715
42020,0.0,0.0,22.715
42021,1202.0,1202.0,22.725
42022,0.0,0.0,22.725
42023,0.0,0.0,22.725
42024,-8470.0,8470.0,22.705
42025,0.0,0.0,22.705
42026,0.0,0.0,22.705
42027,0.0,0.0,22.705
42028,0.0,0.0,22.705
42029,697.0,697.0,22.715
42030,0.0,0.0,22.715
42031,1100.0,1100.0,22.725
42032,0.0,0.0,22.725
42033,0.0,0.0,22.725
42034,0.0,0.0,22.725
42035,0.0,0.0,22.725
42036,0.0,0.0,22.725
42037,0.0,0.0,22.725
42038,420.0,420.0,22.735
42039,0.0,0.0,22.735
42040,0.0,0.0,22.735
42041,0.0,0.0,22.735
42042,2450.0,2850.0,22.735
42043,650.0,650.0,22.745
42044,0.0,0.0,22.745
42045,0.0,0.0,22.745
42046,0.0,0.0,22.745
42047,0.0,0.0,22.745
42048,0.0,0.0,22.745
42049,0.0,0.0,22.745
42050,0.0,0.0,22.745
42051,0.0,0.0,22.745
42052,0.0,0.0,22.745
42053,0.0,0.0,22.745
42054,-1536.0,1536.0,22.735
42055,4321.0,4321.0,22.735
42056,0.0,0.0,22.735
42057,0.0,0.0,22.735
42058,0.0,0.0,22.735
42059,0.0,0.0,22.735
42060,0.0,0.0,22.735
42061,0.0,0.0,22.735
42062,0.0,0.0,22.735
42063,0.0,0.0,22.735
42064,0.0,0.0,22.735
42065,0.0,0.0,22.735
42066,0.0,0.0,22.735
42067,0.0,0.0,22.735
42068,0.0,0.0,22.735
42069,0.0,0.0,22.735
42070,0.0,0.0,22.735
42071,0.0,0.0,22.735
42072,0.0,0.0,22.735
42073,0.0,0.0,22.735
42074,0.0,0.0,22.735
42075,-2415.0,2415.0,22.725
42076,0.0,0.0,22.725
42077,0.0,0.0,22.725
42078,0.0,0.0,22.725
42079,0.0,0.0,22.725
42080,0.0,0.0,22.725
42081,0.0,0.0,22.725
42082,0.0,0.0,22.725
42083,876.0,876.0,22.735
42084,-585.0,585.0,22.735
42085,-289.0,7891.0,22.735
42086,-595.0,595.0,22.735
42087,0.0,0.0,22.735
42088,0.0,0.0,22.735
42089,0.0,0.0,22.735
42090,358.0,358.0,22.745
42091,0.0,0.0,22.745
42092,0.0,0.0,22.745
42093,0.0,0.0,22.745
42094,0.0,0.0,22.745
42095,0.0,0.0,22.745
42096,0.0,0.0,22.745
42097,0.0,0.0,22.745
42098,0.0,0.0,22.745
42099,0.0,0.0,22.745
42100,0.0,0.0,22.745
42101,0.0,0.0,22.745
42102,2696.0,2696.0,22.755
42103,0.0,0.0,22.755
42104,0.0,0.0,22.755
42105,427.0,427.0,22.765
42106,0.0,0.0,22.765
42107,-685.0,5739.0,22.765
42108,0.0,0.0,22.765
42109,0.0,0.0,22.765
42110,0.0,0.0,22.765
42111,0.0,0.0,22.765
42112,0.0,0.0,22.765
42113,0.0,0.0,22.765
42114,0.0,0.0,22.765
42115,0.0,0.0,22.765
42116,-3100.0,3100.0,22.755
42117,3192.0,3192.0,22.765
42118,0.0,0.0,22.765
42119,0.0,0.0,22.765
42120,1110.0,1110.0,22.775
42121,0.0,0.0,22.775
42122,0.0,0.0,22.775
42123,-2886.0,3886.0,22.765
42124,536.0,536.0,22.775
42125,0.0,0.0,22.775
42126,0.0,0.0,22.775
42127,0.0,0.0,22.775
42128,0.0,0.0,22.775
42129,0.0,0.0,22.775
42130,0.0,0.0,22.775
42131,0.0,0.0,22.775
42132,652.0,652.0,22.785
42133,0.0,0.0,22.785
42134,0.0,0.0,22.785
42135,0.0,0.0,22.785
42136,2761.0,2761.0,22.795
42137,0.0,0.0,22.795
42138,-3630.0,3630.0,22.785
42139,0.0,0.0,22.785
42140,273.0,273.0,22.795
42141,-5585.0,12977.0,22.795
42142,-150.0,150.0,22.785
42143,0.0,0.0,22.785
42144,0.0,0.0,22.785
42145,0.0,0.0,22.785
42146,454.0,606.0,22.795
42147,1036.0,1036.0,22.795
42148,0.0,0.0,22.795
42149,0.0,0.0,22.795
42150,0.0,0.0,22.795
42152,3.0,3.0,22.795
42153,0.0,0.0,22.795
42154,0.0,0.0,22.795
42155,0.0,0.0,22.795
42156,0.0,0.0,22.795
42157,0.0,0.0,22.795
42158,0.0,0.0,22.795
42159,0.0,0.0,22.795
42160,0.0,0.0,22.795
42161,0.0,0.0,22.795
42162,0.0,0.0,22.795
42163,-1590.0,1590.0,22.785
42164,0.0,0.0,22.785
42165,0.0,0.0,22.785
42166,0.0,0.0,22.785
42167,590.0,590.0,22.785
42168,0.0,0.0,22.785
42169,0.0,0.0,22.785
42170,584.0,584.0,22.795
42171,0.0,0.0,22.795
42172,0.0,0.0,22.795
42173,0.0,0.0,22.795
42174,0.0,0.0,22.795
42175,850.0,850.0,22.805
42176,-524.0,524.0,22.805
42177,0.0,0.0,22.805
42178,0.0,0.0,22.805
42179,-2711.0,2711.0,22.805
42180,-1647.0,1647.0,22.795
42181,0.0,0.0,22.795
42182,0.0,0.0,22.795
42183,0.0,0.0,22.795
42184,0.0,0.0,22.795
42185,0.0,0.0,22.795
42186,0.0,0.0,22.795
42187,0.0,0.0,22.795
42188,0.0,0.0,22.795
42189,0.0,0.0,22.795
42190,0.0,0.0,22.795
42191,0.0,0.0,22.795
42192,0.0,0.0,22.795
42193,0.0,0.0,22.795
42194,100.0,100.0,22.795
42195,0.0,0.0,22.795
42196,0.0,0.0,22.795
42197,0.0,0.0,22.795
42198,0.0,0.0,22.795
42199,0.0,0.0,22.795
42200,0.0,0.0,22.795
42201,0.0,0.0,22.795
42202,0.0,0.0,22.795
42203,0.0,0.0,22.795
42204,0.0,0.0,22.795
42205,0.0,0.0,22.795
42206,0.0,0.0,22.795
42207,0.0,0.0,22.795
42208,0.0,0.0,22.795
42209,0.0,0.0,22.795
42210,0.0,0.0,22.795
42211,-1834.0,1834.0,22.785
42212,0.0,0.0,22.785
42213,0.0,0.0,22.785
42214,0.0,0.0,22.785
42215,-314.0,314.0,22.775
42216,0.0,0.0,22.775
42217,600.0,600.0,22.785
42218,0.0,0.0,22.785
42219,0.0,0.0,22.785
42220,0.0,0.0,22.785
42221,0.0,0.0,22.785
42222,0.0,0.0,22.785
42223,0.0,0.0,22.785
42224,0.0,0.0,22.785
42225,0.0,0.0,22.785
42226,0.0,0.0,22.785
42227,0.0,0.0,22.785
42228,0.0,0.0,22.785
42229,0.0,0.0,22.785
42230,0.0,0.0,22.785
42231,0.0,0.0,22.785
42232,0.0,0.0,22.785
42233,0.0,0.0,22.785
42234,0.0,0.0,22.785
42235,0.0,0.0,22.785
42236,0.0,0.0,22.785
42237,0.0,0.0,22.785
42238,0.0,0.0,22.785
42239,0.0,0.0,22.785
42240,0.0,0.0,22.785
42241,0.0,0.0,22.785
42242,507.0,507.0,22.785
42243,1150.0,1350.0,22.795
42244,0.0,0.0,22.795
42245,-1713.0,4113.0,22.785
42246,0.0,0.0,22.785
42247,0.0,0.0,22.785
42248,0.0,0.0,22.785
42249,-556.0,556.0,22.775
42250,-1301.0,1301.0,22.765
42251,0.0,0.0,22.765
42252,-10.0,10.0,22.765
42253,-844.0,936.0,22.755
42254,0.0,0.0,22.755
42255,0.0,0.0,22.755
42256,0.0,0.0,22.755
42257,0.0,0.0,22.755
42258,1778.0,8270.0,22.745
42259,-3068.0,5376.0,22.745
42260,0.0,0.0,22.745
42261,0.0,0.0,22.745
42262,0.0,0.0,22.745
42263,0.0,0.0,22.745
42264,0.0,0.0,22.745
42265,0.0,0.0,22.745
42266,-1580.0,1580.0,22.735
42267,0.0,0.0,22.735
42268,0.0,0.0,22.735
42269,0.0,0.0,22.735
42270,0.0,0.0,22.735
42271,0.0,0.0,22.735
42272,0.0,0.0,22.735
42273,0.0,0.0,22.735
42274,0.0,0.0,22.735
42275,0.0,0.0,22.735
42276,0.0,0.0,22.735
42277,0.0,0.0,22.735
42278,700.0,700.0,22.745
42279,0.0,0.0,22.745
42280,0.0,0.0,22.745
42281,0.0,0.0,22.745
42282,0.0,0.0,22.745
42283,0.0,0.0,22.745
42284,683.0,683.0,22.755
42285,0.0,0.0,22.755
42286,0.0,0.0,22.755
42287,0.0,0.0,22.755
42288,0.0,0.0,22.755
42289,-1216.0,1224.0,22.745
42290,1.0,1.0,22.745
42291,100.0,100.0,22.755
42292,0.0,0.0,22.75
42293,-1257.0,1257.0,22.755
42294,0.0,0.0,22.755
42295,0.0,0.0,22.755
42296,0.0,0.0,22.755
42297,0.0,0.0,22.755
42298,0.0,0.0,22.755
42299,0.0,0.0,22.755
42300,-557.0,557.0,22.755
42301,-114.0,114.0,22.745
42302,0.0,0.0,22.755
42303,0.0,0.0,22.755
42304,-3853.0,12033.0,22.74
42305,-25.0,625.0,22.745
42306,0.0,0.0,22.745
42307,0.0,0.0,22.745
42308,0.0,0.0,22.745
42309,-855.0,855.0,22.725
42310,0.0,0.0,22.725
42311,0.0,0.0,22.725
42312,662.0,662.0,22.735
42313,0.0,0.0,22.735
42314,0.0,0.0,22.735
42315,0.0,0.0,22.735
42316,0.0,0.0,22.735
42317,0.0,0.0,22.735
42318,0.0,0.0,22.735
42319,1962.0,2162.0,22.735
42320,350.0,350.0,22.745
42321,0.0,0.0,22.745
42322,0.0,0.0,22.745
42323,0.0,0.0,22.735
42324,0.0,0.0,22.735
42325,0.0,0.0,22.735
42326,0.0,0.0,22.735
42327,0.0,0.0,22.735
42328,0.0,0.0,22.735
42329,0.0,0.0,22.735
42330,1748.0,1748.0,22.745
42331,0.0,0.0,22.745
42332,0.0,0.0,22.745
42333,0.0,0.0,22.745
42334,0.0,0.0,22.745
42335,0.0,0.0,22.745
42336,0.0,0.0,22.745
42337,0.0,0.0,22.745
42338,0.0,0.0,22.745
42339,0.0,0.0,22.745
42340,0.0,0.0,22.745
42341,0.0,0.0,22.745
42342,0.0,0.0,22.745
42343,0.0,0.0,22.745
42344,0.0,0.0,22.745
42345,0.0,0.0,22.745
42346,0.0,0.0,22.745
42347,351.0,351.0,22.745
42348,0.0,0.0,22.745
42349,0.0,0.0,22.745
42350,0.0,0.0,22.745
42351,0.0,0.0,22.745
42352,0.0,0.0,22.745
42353,0.0,0.0,22.745
42354,0.0,0.0,22.745
42355,0.0,0.0,22.745
42356,0.0,0.0,22.745
42357,0.0,0.0,22.745
42358,0.0,0.0,22.745
42359,0.0,0.0,22.745
42360,100.0,100.0,22.745
42361,0.0,0.0,22.745
42362,-512.0,512.0,22.735
42363,0.0,0.0,22.735
42364,0.0,0.0,22.735
42365,0.0,0.0,22.735
42366,0.0,0.0,22.735
42367,0.0,0.0,22.735
42368,-616.0,616.0,22.725
42369,0.0,0.0,22.725
42370,0.0,0.0,22.725
42371,0.0,0.0,22.725
42372,-1506.0,1506.0,22.715
42373,0.0,0.0,22.715
42374,0.0,0.0,22.715
42375,0.0,0.0,22.715
42376,0.0,0.0,22.715
42378,0.0,0.0,22.715
42379,0.0,0.0,22.715
42380,0.0,0.0,22.715
42381,0.0,0.0,22.715
42382,0.0,0.0,22.715
42383,2138.0,2138.0,22.725
42384,-450.0,450.0,22.725
42385,0.0,0.0,22.725
42386,0.0,0.0,22.725
42387,0.0,0.0,22.725
42388,0.0,0.0,22.725
42389,0.0,0.0,22.725
42390,-1100.0,1100.0,22.715
42391,0.0,0.0,22.715
42392,0.0,0.0,22.715
42393,0.0,0.0,22.715
42394,0.0,0.0,22.715
42395,0.0,0.0,22.715
42396,0.0,0.0,22.715
42397,1848.0,1848.0,22.725
42398,0.0,0.0,22.725
42399,0.0,0.0,22.725
42400,0.0,0.0,22.725
42401,0.0,0.0,22.725
42402,-59.0,59.0,22.715
42403,0.0,0.0,22.715
42404,0.0,0.0,22.715
42405,0.0,0.0,22.715
42406,0.0,0.0,22.715
42407,0.0,0.0,22.715
42408,0.0,0.0,22.715
42409,-1768.0,1768.0,22.715
42410,0.0,0.0,22.715
42411,0.0,0.0,22.715
42412,-150.0,150.0,22.705
42413,0.0,0.0,22.705
42414,0.0,0.0,22.705
42415,0.0,0.0,22.705
42416,0.0,0.0,22.705
42417,0.0,0.0,22.705
42418,0.0,0.0,22.705
42419,-2176.0,2176.0,22.695
42420,0.0,0.0,22.695
42421,-2071.0,2071.0,22.685
42422,0.0,0.0,22.685
42423,800.0,800.0,22.695
42424,0.0,0.0,22.685
42425,0.0,0.0,22.685
42426,550.0,550.0,22.695
42427,0.0,0.0,22.695
42428,0.0,0.0,22.695
42429,0.0,0.0,22.695
42430,0.0,0.0,22.695
42431,0.0,0.0,22.695
42432,0.0,0.0,22.695
42433,470.0,470.0,22.705
42434,0.0,0.0,22.705
42435,0.0,0.0,22.705
42436,0.0,0.0,22.705
42437,0.0,0.0,22.705
42438,0.0,0.0,22.705
42439,0.0,0.0,22.705
42440,0.0,0.0,22.705
42441,0.0,0.0,22.705
42442,0.0,0.0,22.705
42443,0.0,0.0,22.705
42444,0.0,0.0,22.705
42445,0.0,0.0,22.705
42446,0.0,0.0,22.705
42447,0.0,0.0,22.705
42448,0.0,0.0,22.705
42449,0.0,0.0,22.705
42450,0.0,0.0,22.705
42451,0.0,0.0,22.705
42452,0.0,0.0,22.705
42453,0.0,0.0,22.705
42454,0.0,0.0,22.705
42455,0.0,0.0,22.705
42456,816.0,816.0,22.715
42457,0.0,0.0,22.715
42458,0.0,0.0,22.715
42459,0.0,0.0,22.715
42460,0.0,0.0,22.715
42461,0.0,0.0,22.715
42462,0.0,0.0,22.715
42463,0.0,0.0,22.715
42464,0.0,0.0,22.715
42465,0.0,0.0,22.715
42467,0.0,0.0,22.715
42468,0.0,0.0,22.715
42469,0.0,0.0,22.715
42470,0.0,0.0,22.715
42471,0.0,0.0,22.715
42472,0.0,0.0,22.715
42473,0.0,0.0,22.715
42474,0.0,0.0,22.715
42475,0.0,0.0,22.715
42476,0.0,0.0,22.715
42477,0.0,0.0,22.715
42478,0.0,0.0,22.715
42479,0.0,0.0,22.715
42480,0.0,0.0,22.715
42481,0.0,0.0,22.715
42482,0.0,0.0,22.715
42483,0.0,0.0,22.715
42484,377.0,377.0,22.725
42485,300.0,300.0,22.735
42486,0.0,0.0,22.735
42487,0.0,0.0,22.735
42488,0.0,0.0,22.735
42489,0.0,0.0,22.735
42490,0.0,0.0,22.735
42491,-401.0,401.0,22.725
42492,-1420.0,1420.0,22.715
42493,0.0,0.0,22.715
42494,0.0,0.0,22.715
42495,0.0,0.0,22.72
42496,0.0,0.0,22.72
42497,0.0,0.0,22.725
42498,0.0,0.0,22.725
42499,0.0,0.0,22.725
42500,0.0,0.0,22.725
42501,0.0,0.0,22.725
42502,0.0,0.0,22.725
42503,0.0,0.0,22.725
42504,0.0,0.0,22.725
42505,0.0,0.0,22.725
42506,0.0,0.0,22.725
42507,0.0,0.0,22.725
42508,0.0,0.0,22.725
42509,0.0,0.0,22.725
42510,0.0,0.0,22.725
42511,0.0,0.0,22.725
42512,0.0,0.0,22.725
42513,0.0,0.0,22.725
42514,0.0,0.0,22.725
42515,0.0,0.0,22.725
42516,0.0,0.0,22.725
42517,0.0,0.0,22.725
42518,0.0,0.0,22.725
42519,0.0,0.0,22.725
42520,0.0,0.0,22.725
42521,1540.0,1540.0,22.735
42522,0.0,0.0,22.735
42523,0.0,0.0,22.735
42524,0.0,0.0,22.735
42525,0.0,0.0,22.735
42526,0.0,0.0,22.735
42527,0.0,0.0,22.735
42528,0.0,0.0,22.735
42529,0.0,0.0,22.735
42530,0.0,0.0,22.735
42531,0.0,0.0,22.735
42532,0.0,0.0,22.735
42533,0.0,0.0,22.735
42534,0.0,0.0,22.735
42535,0.0,0.0,22.735
42536,0.0,0.0,22.735
42537,0.0,0.0,22.735
42538,-1215.0,1215.0,22.725
42539,0.0,0.0,22.725
42540,0.0,0.0,22.725
42541,-4031.0,5503.0,22.725
42542,0.0,0.0,22.725
42543,0.0,0.0,22.725
42544,550.0,550.0,22.735
42545,20.0,20.0,22.735
42546,0.0,0.0,22.735
42547,0.0,0.0,22.735
42548,0.0,0.0,22.735
42549,0.0,0.0,22.735
42550,0.0,0.0,22.735
42551,0.0,0.0,22.735
42552,0.0,0.0,22.735
42553,0.0,0.0,22.735
42554,-1754.0,1754.0,22.735
42555,0.0,0.0,22.735
42556,0.0,0.0,22.735
42557,0.0,0.0,22.735
42558,9396.0,9396.0,22.745
42559,0.0,0.0,22.745
42560,0.0,0.0,22.745
42561,0.0,0.0,22.745
42562,0.0,0.0,22.745
42563,0.0,0.0,22.745
42564,0.0,0.0,22.745
42565,0.0,0.0,22.745
42566,0.0,0.0,22.745
42567,0.0,0.0,22.745
42568,0.0,0.0,22.745
42569,0.0,0.0,22.745
42570,0.0,0.0,22.745
42571,0.0,0.0,22.745
42572,0.0,0.0,22.745
42573,0.0,0.0,22.745
42574,0.0,0.0,22.745
42575,0.0,0.0,22.745
42576,0.0,0.0,22.745
42577,0.0,0.0,22.745
42578,0.0,0.0,22.745
42579,0.0,0.0,22.745
42580,0.0,0.0,22.745
42581,0.0,0.0,22.745
42582,0.0,0.0,22.745
42583,0.0,0.0,22.745
42584,0.0,0.0,22.745
42585,0.0,0.0,22.745
42586,0.0,0.0,22.745
42587,0.0,0.0,22.745
42588,0.0,0.0,22.745
42589,0.0,0.0,22.745
42590,0.0,0.0,22.745
42591,0.0,0.0,22.745
42592,0.0,0.0,22.745
42593,-577.0,577.0,22.735
42594,0.0,0.0,22.735
42595,0.0,0.0,22.735
42596,0.0,0.0,22.735
42597,0.0,0.0,22.735
42598,0.0,0.0,22.735
42599,0.0,0.0,22.735
42600,0.0,0.0,22.735
42601,0.0,0.0,22.735
42602,0.0,0.0,22.735
42603,573.0,573.0,22.745
42604,0.0,0.0,22.745
42605,0.0,0.0,22.745
42606,-200.0,200.0,22.735
42607,0.0,0.0,22.735
42608,186.0,186.0,22.745
42609,0.0,0.0,22.745
42610,0.0,0.0,22.745
42611,0.0,0.0,22.745
42612,0.0,0.0,22.745
42613,-451.0,451.0,22.735
42614,0.0,0.0,22.735
42615,0.0,0.0,22.735
42616,0.0,0.0,22.735
42617,0.0,0.0,22.735
42618,400.0,400.0,22.745
42619,0.0,0.0,22.745
42620,0.0,0.0,22.745
42621,0.0,0.0,22.745
42622,0.0,0.0,22.745
42623,0.0,0.0,22.745
42624,0.0,0.0,22.745
42625,0.0,0.0,22.745
42627,0.0,0.0,22.745
42628,0.0,0.0,22.745
42629,0.0,0.0,22.745
42630,0.0,0.0,22.745
42631,0.0,0.0,22.745
42632,0.0,0.0,22.745
42633,0.0,0.0,22.745
42634,0.0,0.0,22.745
42635,0.0,0.0,22.745
42636,0.0,0.0,22.745
42638,0.0,0.0,22.745
42639,0.0,0.0,22.745
42640,0.0,0.0,22.745
42641,0.0,0.0,22.745
42642,0.0,0.0,22.745
42643,0.0,0.0,22.745
42644,0.0,0.0,22.745
42645,0.0,0.0,22.745
42646,0.0,0.0,22.745
42647,0.0,0.0,22.745
42648,0.0,0.0,22.745
42649,0.0,0.0,22.745
42650,0.0,0.0,22.745
42651,0.0,0.0,22.745
42652,0.0,0.0,22.745
42653,0.0,0.0,22.745
42654,0.0,0.0,22.745
42655,0.0,0.0,22.745
42656,0.0,0.0,22.745
42657,0.0,0.0,22.745
42658,0.0,0.0,22.745
42659,0.0,0.0,22.745
42660,0.0,0.0,22.745
42661,0.0,0.0,22.745
42662,0.0,0.0,22.745
42663,0.0,0.0,22.745
42664,1510.0,1510.0,22.755
42665,0.0,0.0,22.755
42666,0.0,0.0,22.755
42667,0.0,0.0,22.755
42668,0.0,0.0,22.755
42669,0.0,0.0,22.755
42670,0.0,0.0,22.755
42671,3106.0,3106.0,22.765
42672,0.0,0.0,22.765
42673,-546.0,546.0,22.755
42674,0.0,0.0,22.755
42675,0.0,0.0,22.755
42676,0.0,0.0,22.755
42677,0.0,0.0,22.755
42678,0.0,0.0,22.755
42679,0.0,0.0,22.755
42680,0.0,0.0,22.755
42681,0.0,0.0,22.755
42682,0.0,0.0,22.755
42683,0.0,0.0,22.755
42684,0.0,0.0,22.755
42685,0.0,0.0,22.755
42686,0.0,0.0,22.755
42687,0.0,0.0,22.755
42688,0.0,0.0,22.755
42689,0.0,0.0,22.755
42690,0.0,0.0,22.755
42691,0.0,0.0,22.755
42692,0.0,0.0,22.755
42693,0.0,0.0,22.755
42694,0.0,0.0,22.755
42695,100.0,100.0,22.755
42696,0.0,0.0,22.755
42697,0.0,0.0,22.755
42698,600.0,600.0,22.765
42699,0.0,0.0,22.765
42700,0.0,0.0,22.765
42701,0.0,0.0,22.765
42702,0.0,0.0,22.765
42703,0.0,0.0,22.765
42704,0.0,0.0,22.765
42705,0.0,0.0,22.765
42706,0.0,0.0,22.765
42707,0.0,0.0,22.765
42708,0.0,0.0,22.765
42709,0.0,0.0,22.765
42710,0.0,0.0,22.765
42711,0.0,0.0,22.765
42712,0.0,0.0,22.765
42713,0.0,0.0,22.765
42714,0.0,0.0,22.765
42715,0.0,0.0,22.765
42716,-763.0,763.0,22.755
42717,0.0,0.0,22.755
42718,0.0,0.0,22.755
42719,0.0,0.0,22.755
42720,0.0,0.0,22.755
42721,851.0,851.0,22.76
42722,0.0,0.0,22.765
42723,0.0,0.0,22.765
42724,0.0,0.0,22.765
42725,-85.0,85.0,22.765
42726,0.0,0.0,22.765
42727,0.0,0.0,22.765
42728,-747.0,747.0,22.755
42729,0.0,0.0,22.755
42730,0.0,0.0,22.755
42731,0.0,0.0,22.755
42732,0.0,0.0,22.755
42733,0.0,0.0,22.755
42734,0.0,0.0,22.755
42735,0.0,0.0,22.755
42736,0.0,0.0,22.755
42737,-2500.0,2500.0,22.735
42738,0.0,0.0,22.735
42739,0.0,0.0,22.74
42740,0.0,0.0,22.735
42741,0.0,0.0,22.735
42742,0.0,0.0,22.735
42743,0.0,0.0,22.735
42744,0.0,0.0,22.735
42745,0.0,0.0,22.735
42746,0.0,0.0,22.735
42747,0.0,0.0,22.735
42748,0.0,0.0,22.735
42749,0.0,0.0,22.735
42750,0.0,0.0,22.735
42751,0.0,0.0,22.735
42752,0.0,0.0,22.735
42753,0.0,0.0,22.735
42754,0.0,0.0,22.735
42755,0.0,0.0,22.735
42756,0.0,0.0,22.735
42757,0.0,0.0,22.745
42758,0.0,0.0,22.745
42759,0.0,0.0,22.745
42760,0.0,0.0,22.745
42761,0.0,0.0,22.745
42762,0.0,0.0,22.745
42763,0.0,0.0,22.745
42764,0.0,0.0,22.745
42765,0.0,0.0,22.745
42766,0.0,0.0,22.745
42767,0.0,0.0,22.745
42768,0.0,0.0,22.745
42769,0.0,0.0,22.745
42770,0.0,0.0,22.745
42772,0.0,0.0,22.745
42773,0.0,0.0,22.745
42774,0.0,0.0,22.745
42775,0.0,0.0,22.745
42776,-751.0,751.0,22.735
42777,0.0,0.0,22.735
42778,0.0,0.0,22.735
42779,0.0,0.0,22.735
42780,-1948.0,1948.0,22.725
42781,0.0,0.0,22.725
42782,0.0,0.0,22.725
42783,0.0,0.0,22.725
42784,351.0,351.0,22.735
42785,0.0,0.0,22.735
42786,0.0,0.0,22.735
42787,0.0,0.0,22.735
42788,0.0,0.0,22.735
42789,0.0,0.0,22.735
42790,0.0,0.0,22.745
42791,-1651.0,1651.0,22.74
42792,0.0,0.0,22.735
42793,0.0,0.0,22.735
42794,0.0,0.0,22.735
42795,0.0,0.0,22.735
42796,0.0,0.0,22.735
42797,0.0,0.0,22.735
42798,-450.0,450.0,22.725
42799,0.0,0.0,22.725
42800,0.0,0.0,22.725
42801,0.0,0.0,22.725
42802,2232.0,2232.0,22.725
42803,0.0,0.0,22.725
42804,0.0,0.0,22.725
42805,0.0,0.0,22.725
42806,0.0,0.0,22.725
42807,1141.0,1141.0,22.725
42808,0.0,0.0,22.725
42809,-48.0,48.0,22.725
42810,0.0,0.0,22.725
42811,0.0,0.0,22.725
42812,0.0,0.0,22.725
42813,635.0,635.0,22.735
42814,0.0,0.0,22.735
42815,0.0,0.0,22.735
42816,0.0,0.0,22.735
42817,0.0,0.0,22.735
42818,0.0,0.0,22.735
42819,0.0,0.0,22.735
42820,0.0,0.0,22.735
42821,0.0,0.0,22.735
42822,0.0,0.0,22.735
42823,0.0,0.0,22.735
42824,0.0,0.0,22.735
42825,150.0,150.0,22.745
42826,0.0,0.0,22.745
42827,0.0,0.0,22.745
42828,0.0,0.0,22.745
42829,0.0,0.0,22.745
42830,-723.0,723.0,22.735
42831,0.0,0.0,22.735
42832,0.0,0.0,22.735
42833,0.0,0.0,22.735
42834,0.0,0.0,22.735
42835,0.0,0.0,22.735
42836,0.0,0.0,22.735
42837,0.0,0.0,22.735
42838,0.0,0.0,22.735
42839,0.0,0.0,22.735
42840,0.0,0.0,22.735
42841,0.0,0.0,22.735
42842,0.0,0.0,22.735
42843,0.0,0.0,22.735
42844,0.0,0.0,22.735
42845,0.0,0.0,22.735
42846,0.0,0.0,22.735
42847,0.0,0.0,22.735
42848,0.0,0.0,22.735
42849,0.0,0.0,22.735
42850,0.0,0.0,22.735
42851,0.0,0.0,22.735
42852,0.0,0.0,22.735
42853,0.0,0.0,22.735
42854,0.0,0.0,22.735
42855,0.0,0.0,22.735
42856,0.0,0.0,22.735
42857,0.0,0.0,22.735
42858,0.0,0.0,22.735
42859,0.0,0.0,22.735
42860,0.0,0.0,22.735
42861,0.0,0.0,22.735
42862,0.0,0.0,22.735
42863,0.0,0.0,22.735
42864,0.0,0.0,22.735
42865,-420.0,420.0,22.725
42866,0.0,0.0,22.725
42867,0.0,0.0,22.725
42868,0.0,0.0,22.725
42869,0.0,0.0,22.725
42870,0.0,0.0,22.725
42871,-3451.0,3451.0,22.715
42872,0.0,0.0,22.715
42873,0.0,0.0,22.715
42874,0.0,0.0,22.715
42875,300.0,300.0,22.725
42876,0.0,0.0,22.725
42877,0.0,0.0,22.725
42878,0.0,0.0,22.725
42879,0.0,0.0,22.725
42880,0.0,0.0,22.725
42881,0.0,0.0,22.725
42882,0.0,0.0,22.725
42883,-399.0,401.0,22.715
42884,0.0,0.0,22.715
42885,0.0,0.0,22.715
42886,0.0,0.0,22.715
42887,0.0,0.0,22.715
42888,0.0,0.0,22.715
42889,500.0,500.0,22.725
42890,0.0,0.0,22.725
42892,0.0,0.0,22.725
42893,0.0,0.0,22.725
42894,0.0,0.0,22.725
42895,0.0,0.0,22.725
42896,1.0,1.0,22.725
42897,-500.0,500.0,22.715
42898,0.0,0.0,22.715
42899,0.0,0.0,22.715
42900,561.0,561.0,22.715
42901,0.0,0.0,22.715
42902,251.0,651.0,22.715
42903,559.0,559.0,22.715
42904,450.0,450.0,22.725
42905,0.0,0.0,22.725
42906,0.0,0.0,22.725
42907,0.0,0.0,22.725
42908,0.0,0.0,22.725
42909,0.0,0.0,22.725
42910,0.0,0.0,22.725
42911,0.0,0.0,22.725
42912,0.0,0.0,22.725
42913,0.0,0.0,22.725
42914,601.0,601.0,22.725
42915,0.0,0.0,22.725
42916,0.0,0.0,22.725
42917,0.0,0.0,22.725
42918,0.0,0.0,22.725
42919,0.0,0.0,22.725
42920,0.0,0.0,22.725
42921,0.0,0.0,22.725
42922,0.0,0.0,22.725
42923,0.0,0.0,22.725
42924,0.0,0.0,22.725
42925,0.0,0.0,22.725
42926,-1161.0,1161.0,22.715
42927,0.0,0.0,22.715
42928,0.0,0.0,22.715
42929,0.0,0.0,22.715
42930,0.0,0.0,22.715
42931,0.0,0.0,22.715
42932,0.0,0.0,22.715
42933,0.0,0.0,22.715
42934,0.0,0.0,22.715
42935,0.0,0.0,22.715
42936,0.0,0.0,22.715
42937,0.0,0.0,22.715
42938,0.0,0.0,22.715
42939,-687.0,687.0,22.705
42940,0.0,0.0,22.705
42941,0.0,0.0,22.705
42942,0.0,0.0,22.705
42943,0.0,0.0,22.705
42944,0.0,0.0,22.705
42945,0.0,0.0,22.705
42946,0.0,0.0,22.705
42947,0.0,0.0,22.705
42948,0.0,0.0,22.705
42949,0.0,0.0,22.705
42950,0.0,0.0,22.705
42951,0.0,0.0,22.705
42952,0.0,0.0,22.705
42953,0.0,0.0,22.705
42954,0.0,0.0,22.705
42955,0.0,0.0,22.705
42956,0.0,0.0,22.705
42957,0.0,0.0,22.705
42958,0.0,0.0,22.705
42959,0.0,0.0,22.705
42960,0.0,0.0,22.705
42961,0.0,0.0,22.705
42962,0.0,0.0,22.705
42963,-13008.0,13008.0,22.685
42964,0.0,0.0,22.685
42965,799.0,799.0,22.695
42966,0.0,0.0,22.695
42967,0.0,0.0,22.695
42968,0.0,0.0,22.695
42969,0.0,0.0,22.695
42970,0.0,0.0,22.695
42971,0.0,0.0,22.695
42972,-1162.0,1162.0,22.685
42973,0.0,0.0,22.685
42974,0.0,0.0,22.685
42975,0.0,0.0,22.685
42976,0.0,0.0,22.685
42977,0.0,0.0,22.685
42978,65.0,65.0,22.685
42979,500.0,500.0,22.695
42980,0.0,0.0,22.695
42981,0.0,0.0,22.695
42982,0.0,0.0,22.695
42983,0.0,0.0,22.695
42984,0.0,0.0,22.695
42985,0.0,0.0,22.695
42986,0.0,0.0,22.695
42987,-2153.0,2153.0,22.685
42988,0.0,0.0,22.685
42989,0.0,0.0,22.685
42990,0.0,0.0,22.685
42991,0.0,0.0,22.685
42992,0.0,0.0,22.685
42993,0.0,0.0,22.685
42994,0.0,0.0,22.685
42995,0.0,0.0,22.685
42996,0.0,0.0,22.685
42997,0.0,0.0,22.685
42998,0.0,0.0,22.685
42999,0.0,0.0,22.685
43000,0.0,0.0,22.685
43001,0.0,0.0,22.685
43002,0.0,0.0,22.685
43003,0.0,0.0,22.685
43004,0.0,0.0,22.685
43005,0.0,0.0,22.685
43006,-6971.0,7971.0,22.675
43007,0.0,0.0,22.675
43008,0.0,0.0,22.675
43009,0.0,0.0,22.675
43010,0.0,0.0,22.675
43011,-2451.0,2451.0,22.665
43012,0.0,0.0,22.665
43013,0.0,0.0,22.665
43014,0.0,0.0,22.665
43015,0.0,0.0,22.665
43016,0.0,0.0,22.665
43017,0.0,0.0,22.665
43018,0.0,0.0,22.665
43019,0.0,0.0,22.665
43020,0.0,0.0,22.665
43021,0.0,0.0,22.665
43022,0.0,0.0,22.665
43023,0.0,0.0,22.665
43024,0.0,0.0,22.665
43025,0.0,0.0,22.665
43026,0.0,0.0,22.665
43027,0.0,0.0,22.665
43028,0.0,0.0,22.665
43029,0.0,0.0,22.665
43030,0.0,0.0,22.665
43031,1211.0,1211.0,22.675
43032,0.0,0.0,22.675
43033,0.0,0.0,22.675
43034,0.0,0.0,22.675
43035,0.0,0.0,22.675
43036,-2010.0,3010.0,22.665
43037,0.0,0.0,22.665
43038,0.0,0.0,22.665
43039,0.0,0.0,22.665
43040,0.0,0.0,22.665
43041,0.0,0.0,22.665
43042,0.0,0.0,22.665
43043,0.0,0.0,22.665
43044,0.0,0.0,22.665
43045,0.0,0.0,22.665
43046,0.0,0.0,22.665
43047,0.0,0.0,22.665
43048,0.0,0.0,22.665
43049,0.0,0.0,22.665
43050,0.0,0.0,22.665
43051,0.0,0.0,22.665
43052,0.0,0.0,22.665
43053,2531.0,2531.0,22.675
43054,0.0,0.0,22.675
43055,0.0,0.0,22.675
43056,0.0,0.0,22.675
43057,-803.0,803.0,22.665
43058,0.0,0.0,22.665
43059,0.0,0.0,22.665
43060,0.0,0.0,22.665
43061,-2672.0,2672.0,22.655
43062,0.0,0.0,22.655
43063,0.0,0.0,22.655
43064,0.0,0.0,22.655
43065,0.0,0.0,22.655
43066,650.0,650.0,22.665
43067,0.0,0.0,22.665
43068,0.0,0.0,22.665
43069,0.0,0.0,22.665
43070,0.0,0.0,22.665
43071,0.0,0.0,22.665
43072,0.0,0.0,22.665
43073,0.0,0.0,22.665
43074,0.0,0.0,22.665
43075,0.0,0.0,22.665
43076,0.0,0.0,22.665
43077,0.0,0.0,22.665
43078,0.0,0.0,22.665
43079,0.0,0.0,22.665
43080,0.0,0.0,22.665
43081,0.0,0.0,22.665
43082,0.0,0.0,22.665
43083,0.0,0.0,22.665
43084,0.0,0.0,22.665
43085,0.0,0.0,22.665
43086,0.0,0.0,22.665
43087,0.0,0.0,22.665
43088,0.0,0.0,22.665
43089,236.0,500.0,22.655
43090,0.0,0.0,22.655
43091,0.0,0.0,22.655
43092,0.0,0.0,22.655
43093,0.0,0.0,22.655
43094,0.0,0.0,22.655
43095,479.0,479.0,22.655
43096,678.0,678.0,22.655
43097,0.0,0.0,22.655
43098,0.0,0.0,22.655
43099,0.0,0.0,22.655
43100,0.0,0.0,22.655
43101,0.0,0.0,22.655
43102,0.0,0.0,22.655
43103,0.0,0.0,22.655
43104,0.0,0.0,22.655
43105,0.0,0.0,22.655
43106,0.0,0.0,22.655
43107,0.0,0.0,22.655
43108,0.0,0.0,22.655
43109,0.0,0.0,22.655
43110,0.0,0.0,22.655
43111,0.0,0.0,22.655
43112,0.0,0.0,22.655
43113,0.0,0.0,22.655
43114,0.0,0.0,22.655
43115,0.0,0.0,22.655
43116,-6005.0,6005.0,22.645
43117,-1300.0,1300.0,22.645
43118,0.0,0.0,22.645
43119,0.0,0.0,22.645
43120,0.0,0.0,22.645
43121,0.0,0.0,22.645
43122,-936.0,936.0,22.635
43123,0.0,0.0,22.635
43124,86.0,86.0,22.635
43125,0.0,0.0,22.635
43126,0.0,0.0,22.635
43127,0.0,0.0,22.635
43128,-500.0,500.0,22.635
43129,0.0,0.0,22.635
43130,0.0,0.0,22.635
43131,0.0,0.0,22.635
43132,0.0,0.0,22.635
43133,0.0,0.0,22.635
43134,-566.0,566.0,22.635
43135,0.0,0.0,22.635
43136,0.0,0.0,22.635
43137,0.0,0.0,22.635
43138,0.0,0.0,22.635
43139,-1898.0,1898.0,22.625
43140,-1700.0,1700.0,22.625
43141,0.0,0.0,22.625
43142,0.0,0.0,22.625
43143,0.0,0.0,22.625
43144,-2910.0,2910.0,22.615
43145,5161.0,5161.0,22.625
43146,2707.0,3007.0,22.625
43147,0.0,0.0,22.625
43148,0.0,0.0,22.625
43149,0.0,0.0,22.625
43150,0.0,0.0,22.625
43151,0.0,0.0,22.625
43152,0.0,0.0,22.625
43153,0.0,0.0,22.625
43154,0.0,0.0,22.625
43155,0.0,0.0,22.625
43156,0.0,0.0,22.625
43157,0.0,0.0,22.625
43158,1250.0,1250.0,22.635
43159,0.0,0.0,22.635
43160,0.0,0.0,22.635
43161,0.0,0.0,22.635
43162,0.0,0.0,22.635
43163,0.0,0.0,22.635
43164,0.0,0.0,22.635
43165,0.0,0.0,22.635
43166,-25.0,25.0,22.635
43167,0.0,0.0,22.635
43168,-2055.0,2055.0,22.635
43169,-700.0,700.0,22.635
43170,0.0,0.0,22.635
43171,0.0,0.0,22.635
43172,-418.0,418.0,22.63
43173,1.0,1.0,22.63
43174,0.0,0.0,22.63
43175,0.0,0.0,22.625
43176,0.0,0.0,22.625
43177,0.0,0.0,22.625
43178,0.0,0.0,22.625
43179,0.0,0.0,22.625
43180,0.0,0.0,22.625
43181,0.0,0.0,22.625
43182,-1000.0,1000.0,22.625
43183,0.0,0.0,22.625
43184,0.0,0.0,22.625
43185,0.0,0.0,22.625
43186,0.0,0.0,22.625
43187,0.0,0.0,22.625
43188,0.0,0.0,22.625
43189,0.0,0.0,22.625
43190,0.0,0.0,22.625
43191,0.0,0.0,22.625
43192,0.0,0.0,22.625
43193,0.0,0.0,22.625
43194,0.0,0.0,22.625
43195,-1300.0,1300.0,22.625
43196,0.0,0.0,22.625
43197,0.0,0.0,22.625
43198,0.0,0.0,22.625
43199,0.0,0.0,22.625
43200,-1591.0,1591.0,22.615
43201,0.0,0.0,22.615
43202,0.0,0.0,22.615
43203,0.0,0.0,22.615
43204,0.0,0.0,22.615
43205,0.0,0.0,22.615
43206,0.0,0.0,22.615
43207,0.0,0.0,22.615
43208,0.0,0.0,22.615
43209,0.0,0.0,22.615
43210,0.0,0.0,22.615
43211,0.0,0.0,22.615
43212,-50.0,50.0,22.615
43213,-965.0,965.0,22.615
43214,0.0,0.0,22.615
43215,0.0,0.0,22.615
43216,0.0,0.0,22.615
43217,-800.0,800.0,22.605
43218,0.0,0.0,22.605
43219,1052.0,1052.0,22.615
43220,0.0,0.0,22.615
43221,0.0,0.0,22.615
43222,0.0,0.0,22.615
43223,0.0,0.0,22.615
43224,0.0,0.0,22.615
43225,0.0,0.0,22.615
43226,-1400.0,1400.0,22.615
43227,0.0,0.0,22.615
43228,0.0,0.0,22.615
43229,-2700.0,2700.0,22.615
43230,0.0,0.0,22.615
43231,0.0,0.0,22.615
43232,0.0,0.0,22.615
43233,0.0,0.0,22.615
43234,0.0,0.0,22.615
43235,0.0,0.0,22.615
43236,0.0,0.0,22.615
43237,0.0,0.0,22.615
43238,0.0,0.0,22.615
43239,0.0,0.0,22.615
43240,0.0,0.0,22.615
43241,0.0,0.0,22.615
43242,0.0,0.0,22.615
43243,0.0,0.0,22.615
43244,0.0,0.0,22.615
43245,0.0,0.0,22.615
43246,0.0,0.0,22.615
43247,0.0,0.0,22.615
43248,0.0,0.0,22.615
43249,0.0,0.0,22.615
43250,0.0,0.0,22.615
43251,0.0,0.0,22.615
43252,0.0,0.0,22.615
43253,0.0,0.0,22.615
43254,0.0,0.0,22.615
43255,0.0,0.0,22.615
43256,0.0,0.0,22.615
43257,0.0,0.0,22.615
43258,0.0,0.0,22.615
43259,0.0,0.0,22.615
43260,0.0,0.0,22.615
43261,0.0,0.0,22.615
43262,0.0,0.0,22.615
43263,0.0,0.0,22.615
43264,0.0,0.0,22.615
43265,0.0,0.0,22.615
43266,0.0,0.0,22.615
43267,0.0,0.0,22.615
43268,0.0,0.0,22.615
43269,0.0,0.0,22.615
43270,0.0,0.0,22.615
43271,0.0,0.0,22.615
43272,0.0,0.0,22.615
43273,-1000.0,1000.0,22.615
43274,0.0,0.0,22.615
43275,0.0,0.0,22.615
43276,0.0,0.0,22.615
43277,-1300.0,1300.0,22.615
43278,0.0,0.0,22.615
43279,0.0,0.0,22.615
43280,0.0,0.0,22.615
43281,0.0,0.0,22.615
43282,0.0,0.0,22.615
43283,0.0,0.0,22.615
43284,-20.0,20.0,22.615
43285,0.0,0.0,22.615
43286,0.0,0.0,22.615
43287,0.0,0.0,22.615
43288,0.0,0.0,22.615
43289,0.0,0.0,22.615
43290,0.0,0.0,22.615
43291,0.0,0.0,22.615
43292,0.0,0.0,22.615
43293,0.0,0.0,22.615
43294,0.0,0.0,22.615
43296,-1200.0,1200.0,22.615
43297,0.0,0.0,22.615
43298,0.0,0.0,22.615
43299,0.0,0.0,22.615
43300,0.0,0.0,22.615
43301,0.0,0.0,22.615
43302,0.0,0.0,22.615
43303,0.0,0.0,22.615
43304,0.0,0.0,22.615
43305,0.0,0.0,22.615
43306,0.0,0.0,22.615
43307,-1300.0,1300.0,22.615
43308,0.0,0.0,22.615
43309,0.0,0.0,22.615
43310,-100.0,100.0,22.615
43311,0.0,0.0,22.615
43312,0.0,0.0,22.615
43313,0.0,0.0,22.615
43314,-888.0,888.0,22.605
43315,0.0,0.0,22.605
43316,0.0,0.0,22.605
43317,0.0,0.0,22.605
43318,0.0,0.0,22.605
43319,0.0,0.0,22.605
43320,0.0,0.0,22.605
43321,0.0,0.0,22.605
43322,0.0,0.0,22.605
43323,0.0,0.0,22.605
43324,0.0,0.0,22.605
43325,0.0,0.0,22.605
43326,0.0,0.0,22.605
43327,0.0,0.0,22.605
43328,0.0,0.0,22.605
43329,0.0,0.0,22.605
43330,-1300.0,1300.0,22.605
43331,0.0,0.0,22.605
43332,0.0,0.0,22.605
43333,0.0,0.0,22.605
43334,0.0,0.0,22.605
43335,0.0,0.0,22.605
43336,0.0,0.0,22.605
43337,0.0,0.0,22.605
43338,0.0,0.0,22.605
43339,0.0,0.0,22.605
43340,0.0,0.0,22.605
43341,0.0,0.0,22.605
43342,0.0,0.0,22.605
43343,0.0,0.0,22.605
43344,11408.0,11408.0,22.615
43345,0.0,0.0,22.615
43346,0.0,0.0,22.615
43347,0.0,0.0,22.615
43348,0.0,0.0,22.615
43349,-1200.0,1200.0,22.615
43350,0.0,0.0,22.615
43351,0.0,0.0,22.615
43352,0.0,0.0,22.615
43353,0.0,0.0,22.615
43354,2175.0,2175.0,22.625
43355,0.0,0.0,22.625
43356,0.0,0.0,22.625
43357,0.0,0.0,22.625
43358,0.0,0.0,22.625
43359,0.0,0.0,22.625
43360,0.0,0.0,22.625
43361,0.0,0.0,22.625
43362,0.0,0.0,22.625
43363,0.0,0.0,22.625
43364,0.0,0.0,22.625
43365,0.0,0.0,22.625
43366,0.0,0.0,22.625
43367,0.0,0.0,22.625
43368,0.0,0.0,22.625
43369,0.0,0.0,22.625
43370,0.0,0.0,22.625
43371,0.0,0.0,22.625
43372,0.0,0.0,22.625
43373,0.0,0.0,22.625
43374,0.0,0.0,22.625
43375,0.0,0.0,22.625
43376,0.0,0.0,22.625
43377,2499.0,2499.0,22.635
43378,0.0,0.0,22.635
43379,0.0,0.0,22.635
43380,0.0,0.0,22.635
43381,0.0,0.0,22.635
43382,0.0,0.0,22.635
43383,2750.0,2750.0,22.645
43384,0.0,0.0,22.645
43385,0.0,0.0,22.645
43386,0.0,0.0,22.645
43387,0.0,0.0,22.645
43388,0.0,0.0,22.645
43389,3852.0,3852.0,22.645
43390,0.0,0.0,22.645
43391,0.0,0.0,22.645
43392,0.0,0.0,22.645
43393,0.0,0.0,22.645
43394,0.0,0.0,22.645
43395,0.0,0.0,22.645
43396,0.0,0.0,22.645
43397,0.0,0.0,22.645
43398,0.0,0.0,22.645
43399,0.0,0.0,22.645
43400,0.0,0.0,22.645
43401,0.0,0.0,22.645
43402,262.0,262.0,22.645
43403,1910.0,1910.0,22.655
43404,0.0,0.0,22.655
43405,0.0,0.0,22.655
43406,0.0,0.0,22.655
43407,-712.0,712.0,22.645
43408,0.0,0.0,22.645
43409,0.0,0.0,22.645
43410,5711.0,5711.0,22.645
43411,0.0,0.0,22.645
43412,0.0,0.0,22.645
43413,1245.0,1245.0,22.655
43414,0.0,0.0,22.655
43415,0.0,0.0,22.655
43416,0.0,0.0,22.655
43417,1695.0,3295.0,22.655
43418,0.0,0.0,22.655
43419,0.0,0.0,22.655
43420,0.0,0.0,22.655
43421,0.0,0.0,22.655
43422,0.0,0.0,22.655
43423,1503.0,1503.0,22.655
43424,261.0,261.0,22.655
43425,0.0,0.0,22.655
43426,309.0,309.0,22.655
43427,0.0,0.0,22.655
43428,-140.0,140.0,22.655
43429,0.0,0.0,22.655
43430,0.0,0.0,22.655
43431,0.0,0.0,22.655
43432,52.0,52.0,22.655
43433,1049.0,1049.0,22.655
43434,2893.0,3123.0,22.665
43435,0.0,0.0,22.665
43436,0.0,0.0,22.665
43437,0.0,0.0,22.665
43438,0.0,0.0,22.665
43439,0.0,0.0,22.665
43440,563.0,563.0,22.685
43441,0.0,0.0,22.685
43442,0.0,0.0,22.685
43443,0.0,0.0,22.685
43444,405.0,405.0,22.695
43445,0.0,0.0,22.695
43446,0.0,0.0,22.695
43447,90.0,90.0,22.695
43448,0.0,0.0,22.695
43449,575.0,599.0,22.705
43450,0.0,0.0,22.705
43451,0.0,0.0,22.705
43452,0.0,0.0,22.705
43453,0.0,0.0,22.705
43454,-1056.0,1056.0,22.695
43455,0.0,0.0,22.695
43456,0.0,0.0,22.695
43457,0.0,0.0,22.695
43458,0.0,0.0,22.695
43459,0.0,0.0,22.695
43460,0.0,0.0,22.695
43461,0.0,0.0,22.695
43462,0.0,0.0,22.695
43463,0.0,0.0,22.695
43464,0.0,0.0,22.695
43465,0.0,0.0,22.695
43466,0.0,0.0,22.695
43467,0.0,0.0,22.695
43468,0.0,0.0,22.695
43469,0.0,0.0,22.695
43470,0.0,0.0,22.695
43471,0.0,0.0,22.695
43472,0.0,0.0,22.695
43473,0.0,0.0,22.695
43474,0.0,0.0,22.695
43475,0.0,0.0,22.695
43476,0.0,0.0,22.695
43477,0.0,0.0,22.695
43478,0.0,0.0,22.695
43479,0.0,0.0,22.695
43480,748.0,748.0,22.705
43481,0.0,0.0,22.705
43482,0.0,0.0,22.705
43483,0.0,0.0,22.705
43484,0.0,0.0,22.705
43485,0.0,0.0,22.705
43486,0.0,0.0,22.705
43487,0.0,0.0,22.705
43488,-2076.0,2076.0,22.695
43489,0.0,0.0,22.695
43490,0.0,0.0,22.695
43491,0.0,0.0,22.695
43492,0.0,0.0,22.695
43493,0.0,0.0,22.695
43494,0.0,0.0,22.695
43495,0.0,0.0,22.695
43496,0.0,0.0,22.695
43497,0.0,0.0,22.695
43498,0.0,0.0,22.695
43499,0.0,0.0,22.695
43500,0.0,0.0,22.695
43501,0.0,0.0,22.695
43502,0.0,0.0,22.695
43503,0.0,0.0,22.695
43504,0.0,0.0,22.695
43505,0.0,0.0,22.695
43506,0.0,0.0,22.695
43507,0.0,0.0,22.695
43508,0.0,0.0,22.695
43509,0.0,0.0,22.695
43510,0.0,0.0,22.695
43511,0.0,0.0,22.695
43512,0.0,0.0,22.695
43513,0.0,0.0,22.695
43514,0.0,0.0,22.695
43515,0.0,0.0,22.695
43516,0.0,0.0,22.695
43517,0.0,0.0,22.695
43518,0.0,0.0,22.695
43519,0.0,0.0,22.695
43520,0.0,0.0,22.695
43521,0.0,0.0,22.695
43522,0.0,0.0,22.695
43523,0.0,0.0,22.695
43524,0.0,0.0,22.695
43525,0.0,0.0,22.695
43526,590.0,590.0,22.705
43527,406.0,406.0,22.715
43528,0.0,0.0,22.715
43529,0.0,0.0,22.715
43530,0.0,0.0,22.715
43531,0.0,0.0,22.715
43532,0.0,0.0,22.715
43533,0.0,0.0,22.715
43534,0.0,0.0,22.715
43535,0.0,0.0,22.715
43536,0.0,0.0,22.715
43537,0.0,0.0,22.715
43538,0.0,0.0,22.715
43539,0.0,0.0,22.715
43540,0.0,0.0,22.715
43541,0.0,0.0,22.715
43542,0.0,0.0,22.715
43543,-645.0,645.0,22.705
43544,0.0,0.0,22.705
43545,0.0,0.0,22.705
43546,0.0,0.0,22.705
43547,0.0,0.0,22.705
43548,0.0,0.0,22.705
43549,0.0,0.0,22.705
43550,0.0,0.0,22.705
43551,0.0,0.0,22.705
43552,24.0,24.0,22.715
43553,0.0,0.0,22.715
43554,0.0,0.0,22.715
43555,0.0,0.0,22.715
43556,0.0,0.0,22.715
43557,0.0,0.0,22.715
43558,0.0,0.0,22.715
43559,0.0,0.0,22.715
43560,0.0,0.0,22.715
43561,-956.0,956.0,22.715
43562,-995.0,995.0,22.715
43563,-255.0,255.0,22.705
43564,0.0,0.0,22.705
43565,0.0,0.0,22.705
43566,0.0,0.0,22.705
43567,0.0,0.0,22.705
43568,0.0,0.0,22.705
43569,0.0,0.0,22.705
43570,0.0,0.0,22.705
43571,0.0,0.0,22.705
43572,0.0,0.0,22.705
43573,0.0,0.0,22.705
43574,0.0,0.0,22.705
43575,0.0,0.0,22.705
43576,0.0,0.0,22.705
43577,0.0,0.0,22.705
43578,0.0,0.0,22.705
43579,0.0,0.0,22.705
43580,399.0,399.0,22.715
43581,0.0,0.0,22.715
43582,0.0,0.0,22.715
43583,0.0,0.0,22.715
43584,0.0,0.0,22.715
43585,0.0,0.0,22.715
43586,0.0,0.0,22.715
43587,0.0,0.0,22.715
43588,0.0,0.0,22.715
43589,0.0,0.0,22.715
43590,0.0,0.0,22.715
43591,0.0,0.0,22.715
43592,0.0,0.0,22.715
43593,0.0,0.0,22.715
43594,0.0,0.0,22.715
43595,0.0,0.0,22.715
43596,0.0,0.0,22.715
43597,0.0,0.0,22.715
43598,0.0,0.0,22.715
43599,0.0,0.0,22.715
43600,0.0,0.0,22.715
43601,0.0,0.0,22.715
43602,0.0,0.0,22.715
43603,0.0,0.0,22.715
43604,0.0,0.0,22.715
43605,0.0,0.0,22.715
43606,0.0,0.0,22.715
43607,0.0,0.0,22.715
43608,0.0,0.0,22.715
43609,0.0,0.0,22.715
43610,877.0,877.0,22.725
43611,0.0,0.0,22.725
43612,0.0,0.0,22.725
43613,766.0,766.0,22.735
43614,0.0,0.0,22.735
43615,0.0,0.0,22.735
43616,0.0,0.0,22.735
43617,0.0,0.0,22.735
43618,0.0,0.0,22.735
43619,0.0,0.0,22.735
43620,0.0,0.0,22.735
43621,0.0,0.0,22.735
43622,0.0,0.0,22.735
43623,0.0,0.0,22.735
43624,-915.0,915.0,22.725
43625,0.0,0.0,22.725
43626,0.0,0.0,22.725
43627,-100.0,100.0,22.725
43628,0.0,0.0,22.725
43629,0.0,0.0,22.725
43630,0.0,0.0,22.725
43631,0.0,0.0,22.725
43632,0.0,0.0,22.725
43633,0.0,0.0,22.725
43634,0.0,0.0,22.725
43635,0.0,0.0,22.725
43636,0.0,0.0,22.725
43637,0.0,0.0,22.725
43638,0.0,0.0,22.725
43639,0.0,0.0,22.725
43640,0.0,0.0,22.725
43641,0.0,0.0,22.725
43642,0.0,0.0,22.725
43643,0.0,0.0,22.725
43644,0.0,0.0,22.725
43645,0.0,0.0,22.725
43646,0.0,0.0,22.725
43647,0.0,0.0,22.725
43648,0.0,0.0,22.725
43649,0.0,0.0,22.725
43650,0.0,0.0,22.725
43651,1654.0,1654.0,22.735
43652,0.0,0.0,22.735
43653,0.0,0.0,22.735
43655,-600.0,600.0,22.735
43656,0.0,0.0,22.735
43657,0.0,0.0,22.735
43658,0.0,0.0,22.735
43659,0.0,0.0,22.735
43660,0.0,0.0,22.735
43661,0.0,0.0,22.735
43662,0.0,0.0,22.735
43663,0.0,0.0,22.735
43664,0.0,0.0,22.735
43665,0.0,0.0,22.735
43666,-2074.0,2074.0,22.735
43667,0.0,0.0,22.735
43668,-800.0,800.0,22.735
43669,0.0,0.0,22.735
43670,0.0,0.0,22.735
43671,-857.0,857.0,22.725
43672,-5025.0,5025.0,22.72
43673,0.0,0.0,22.715
43674,747.0,747.0,22.725
43675,0.0,0.0,22.725
43676,0.0,0.0,22.725
43677,-600.0,600.0,22.725
43678,0.0,0.0,22.725
43679,0.0,0.0,22.725
43680,0.0,0.0,22.725
43681,0.0,0.0,22.725
43682,0.0,0.0,22.725
43683,-1701.0,1701.0,22.715
43684,0.0,0.0,22.715
43685,0.0,0.0,22.715
43686,0.0,0.0,22.715
43687,0.0,0.0,22.715
43688,0.0,0.0,22.715
43689,0.0,0.0,22.715
43690,0.0,0.0,22.715
43691,0.0,0.0,22.715
43692,0.0,0.0,22.715
43693,0.0,0.0,22.715
43694,0.0,0.0,22.715
43695,828.0,828.0,22.725
43696,0.0,0.0,22.725
43697,0.0,0.0,22.725
43698,0.0,0.0,22.725
43699,0.0,0.0,22.725
43700,0.0,0.0,22.725
43701,0.0,0.0,22.725
43702,-897.0,897.0,22.715
43703,0.0,0.0,22.715
43704,0.0,0.0,22.715
43705,0.0,0.0,22.715
43706,0.0,0.0,22.715
43707,0.0,0.0,22.715
43708,0.0,0.0,22.715
43709,0.0,0.0,22.715
43710,0.0,0.0,22.715
43711,0.0,0.0,22.715
43712,0.0,0.0,22.715
43713,0.0,0.0,22.715
43714,0.0,0.0,22.715
43715,0.0,0.0,22.715
43716,0.0,0.0,22.715
43717,0.0,0.0,22.715
43718,0.0,0.0,22.715
43719,0.0,0.0,22.715
43720,0.0,0.0,22.715
43721,0.0,0.0,22.715
43722,971.0,971.0,22.725
43723,0.0,0.0,22.725
43724,0.0,0.0,22.725
43725,0.0,0.0,22.725
43726,0.0,0.0,22.725
43727,0.0,0.0,22.725
43728,0.0,0.0,22.725
43729,0.0,0.0,22.725
43730,0.0,0.0,22.725
43731,0.0,0.0,22.725
43732,0.0,0.0,22.725
43733,0.0,0.0,22.725
43734,0.0,0.0,22.725
43735,0.0,0.0,22.725
43736,0.0,0.0,22.725
43737,0.0,0.0,22.725
43738,-453.0,453.0,22.715
43739,0.0,0.0,22.715
43740,0.0,0.0,22.715
43741,0.0,0.0,22.715
43742,0.0,0.0,22.715
43743,0.0,0.0,22.715
43744,0.0,0.0,22.715
43745,0.0,0.0,22.715
43746,0.0,0.0,22.715
43747,0.0,0.0,22.715
43748,0.0,0.0,22.715
43749,0.0,0.0,22.715
43750,0.0,0.0,22.715
43751,0.0,0.0,22.715
43752,0.0,0.0,22.715
43753,0.0,0.0,22.715
43754,0.0,0.0,22.715
43755,0.0,0.0,22.715
43756,0.0,0.0,22.715
43757,0.0,0.0,22.715
43758,0.0,0.0,22.715
43759,0.0,0.0,22.715
43760,0.0,0.0,22.715
43761,0.0,0.0,22.715
43762,0.0,0.0,22.715
43763,0.0,0.0,22.715
43764,12.0,12.0,22.715
43765,0.0,0.0,22.715
43766,0.0,0.0,22.715
43767,0.0,0.0,22.715
43768,0.0,0.0,22.715
43769,0.0,0.0,22.715
43770,0.0,0.0,22.715
43771,0.0,0.0,22.715
43772,0.0,0.0,22.715
43773,0.0,0.0,22.715
43774,0.0,0.0,22.715
43775,0.0,0.0,22.715
43776,0.0,0.0,22.715
43777,0.0,0.0,22.715
43779,0.0,0.0,22.715
43780,0.0,0.0,22.715
43781,0.0,0.0,22.715
43782,0.0,0.0,22.715
43783,0.0,0.0,22.715
43784,0.0,0.0,22.715
43785,0.0,0.0,22.715
43786,0.0,0.0,22.715
43787,-561.0,561.0,22.705
43788,0.0,0.0,22.705
43789,0.0,0.0,22.705
43790,0.0,0.0,22.705
43791,0.0,0.0,22.705
43792,0.0,0.0,22.705
43793,0.0,0.0,22.705
43794,0.0,0.0,22.705
43795,0.0,0.0,22.705
43796,2864.0,2864.0,22.715
43797,0.0,0.0,22.715
43798,0.0,0.0,22.715
43799,0.0,0.0,22.715
43800,0.0,0.0,22.715
43801,0.0,0.0,22.715
43802,0.0,0.0,22.715
43803,0.0,0.0,22.715
43804,0.0,0.0,22.715
43805,0.0,0.0,22.715
43806,0.0,0.0,22.715
43807,0.0,0.0,22.715
43808,0.0,0.0,22.715
43809,0.0,0.0,22.715
43810,-7935.0,7935.0,22.705
43811,0.0,0.0,22.705
43812,0.0,0.0,22.705
43813,0.0,0.0,22.705
43814,0.0,0.0,22.705
43815,0.0,0.0,22.705
43816,0.0,0.0,22.705
43817,0.0,0.0,22.705
43818,0.0,0.0,22.705
43819,684.0,684.0,22.715
43820,0.0,0.0,22.715
43821,0.0,0.0,22.715
43822,0.0,0.0,22.715
43823,0.0,0.0,22.715
43824,0.0,0.0,22.715
43825,0.0,0.0,22.715
43826,0.0,0.0,22.715
43827,0.0,0.0,22.715
43828,-34.0,34.0,22.715
43829,0.0,0.0,22.715
43830,0.0,0.0,22.715
43831,0.0,0.0,22.715
43832,0.0,0.0,22.715
43833,3525.0,3525.0,22.725
43834,0.0,0.0,22.725
43835,0.0,0.0,22.725
43836,0.0,0.0,22.725
43837,0.0,0.0,22.725
43838,30.0,30.0,22.735
43839,0.0,0.0,22.735
43840,0.0,0.0,22.735
43841,0.0,0.0,22.735
43842,0.0,0.0,22.735
43843,0.0,0.0,22.735
43844,2250.0,2250.0,22.745
43845,0.0,0.0,22.745
43846,-700.0,700.0,22.735
43847,0.0,0.0,22.735
43848,0.0,0.0,22.735
43849,-1304.0,1304.0,22.725
43850,0.0,0.0,22.725
43851,0.0,0.0,22.725
43852,0.0,0.0,22.725
43853,450.0,450.0,22.735
43854,0.0,0.0,22.735
43855,0.0,0.0,22.735
43856,0.0,0.0,22.735
43857,0.0,0.0,22.735
43858,0.0,0.0,22.735
43859,0.0,0.0,22.735
43860,0.0,0.0,22.735
43861,728.0,728.0,22.745
43862,0.0,0.0,22.745
43863,0.0,0.0,22.745
43864,0.0,0.0,22.745
43865,1.0,1.0,22.745
43866,0.0,0.0,22.745
43867,0.0,0.0,22.745
43868,0.0,0.0,22.745
43869,0.0,0.0,22.745
43870,0.0,0.0,22.745
43871,0.0,0.0,22.745
43872,0.0,0.0,22.745
43873,0.0,0.0,22.745
43874,0.0,0.0,22.745
43876,1095.0,1095.0,22.755
43877,0.0,0.0,22.755
43878,0.0,0.0,22.755
43879,0.0,0.0,22.755
43880,0.0,0.0,22.755
43881,0.0,0.0,22.755
43882,0.0,0.0,22.755
43883,0.0,0.0,22.755
43884,0.0,0.0,22.755
43885,0.0,0.0,22.755
43886,0.0,0.0,22.755
43887,0.0,0.0,22.755
43888,0.0,0.0,22.755
43889,0.0,0.0,22.755
43890,0.0,0.0,22.755
43891,0.0,0.0,22.755
43892,0.0,0.0,22.755
43893,0.0,0.0,22.755
43894,0.0,0.0,22.755
43895,0.0,0.0,22.755
43896,0.0,0.0,22.755
43897,389.0,389.0,22.765
43898,0.0,0.0,22.765
43899,0.0,0.0,22.765
43900,0.0,0.0,22.765
43901,0.0,0.0,22.765
43902,0.0,0.0,22.765
43904,0.0,0.0,22.765
43905,-2007.0,2007.0,22.755
43906,-1554.0,1554.0,22.745
43907,0.0,0.0,22.745
43908,0.0,0.0,22.745
43909,0.0,0.0,22.745
43910,0.0,0.0,22.745
43911,0.0,0.0,22.745
43912,0.0,0.0,22.745
43913,0.0,0.0,22.745
43914,0.0,0.0,22.745
43915,22.0,22.0,22.745
43916,0.0,0.0,22.745
43917,0.0,0.0,22.745
43918,0.0,0.0,22.745
43919,0.0,0.0,22.745
43920,0.0,0.0,22.745
43921,0.0,0.0,22.745
43922,0.0,0.0,22.745
43923,0.0,0.0,22.745
43924,0.0,0.0,22.745
43925,1915.0,1915.0,22.755
43926,0.0,0.0,22.755
43927,-1873.0,1873.0,22.745
43928,0.0,0.0,22.745
43929,0.0,0.0,22.745
43930,0.0,0.0,22.745
43931,0.0,0.0,22.745
43932,0.0,0.0,22.745
43933,0.0,0.0,22.745
43934,0.0,0.0,22.745
43935,-650.0,650.0,22.735
43936,0.0,0.0,22.735
43937,0.0,0.0,22.735
43938,0.0,0.0,22.735
43939,0.0,0.0,22.735
43940,0.0,0.0,22.735
43941,0.0,0.0,22.735
43942,0.0,0.0,22.735
43943,0.0,0.0,22.735
43945,0.0,0.0,22.735
43946,0.0,0.0,22.735
43947,0.0,0.0,22.735
43949,0.0,0.0,22.735
43950,0.0,0.0,22.735
43951,0.0,0.0,22.735
43952,-948.0,948.0,22.715
43953,0.0,0.0,22.715
43954,444.0,444.0,22.715
43955,0.0,0.0,22.715
43956,0.0,0.0,22.715
43957,0.0,0.0,22.715
43958,0.0,0.0,22.715
43959,0.0,0.0,22.715
43960,0.0,0.0,22.715
43961,0.0,0.0,22.715
43962,0.0,0.0,22.715
43963,0.0,0.0,22.715
43964,0.0,0.0,22.715
43965,0.0,0.0,22.715
43966,0.0,0.0,22.715
43967,0.0,0.0,22.715
43968,0.0,0.0,22.715
43969,0.0,0.0,22.715
43970,0.0,0.0,22.715
43971,0.0,0.0,22.715
43972,0.0,0.0,22.715
43973,0.0,0.0,22.715
43974,0.0,0.0,22.715
43975,0.0,0.0,22.715
43976,0.0,0.0,22.715
43977,0.0,0.0,22.715
43978,0.0,0.0,22.715
43979,0.0,0.0,22.715
43980,0.0,0.0,22.715
43981,0.0,0.0,22.715
43982,0.0,0.0,22.715
43983,-913.0,1113.0,22.705
43984,0.0,0.0,22.705
43985,0.0,0.0,22.705
43986,0.0,0.0,22.705
43987,-32.0,32.0,22.705
43988,-1738.0,1738.0,22.695
43989,-905.0,905.0,22.685
43990,3837.0,3837.0,22.695
43991,0.0,0.0,22.695
43992,0.0,0.0,22.695
43993,0.0,0.0,22.695
43994,0.0,0.0,22.695
43995,-514.0,514.0,22.695
43996,0.0,0.0,22.695
43997,0.0,0.0,22.695
43998,0.0,0.0,22.695
43999,0.0,0.0,22.695
44000,0.0,0.0,22.695
44001,0.0,0.0,22.695
44002,0.0,0.0,22.695
44003,0.0,0.0,22.695
44004,0.0,0.0,22.695
44005,1350.0,1350.0,22.705
44006,0.0,0.0,22.705
44007,-143.0,143.0,22.705
44008,-101.0,101.0,22.695
44009,110.0,110.0,22.695
44010,0.0,0.0,22.695
44011,-1011.0,1011.0,22.685
44012,2979.0,3001.0,22.685
44013,1750.0,1750.0,22.695
44014,0.0,0.0,22.695
44015,0.0,0.0,22.695
44016,0.0,0.0,22.695
44017,0.0,0.0,22.695
44018,0.0,0.0,22.695
44019,0.0,0.0,22.695
44020,0.0,0.0,22.695
44021,0.0,0.0,22.695
44022,-625.0,825.0,22.685
44023,0.0,0.0,22.685
44024,0.0,0.0,22.685
44025,0.0,0.0,22.685
44026,0.0,0.0,22.685
44027,0.0,0.0,22.685
44028,0.0,0.0,22.685
44029,0.0,0.0,22.685
44030,0.0,0.0,22.685
44031,0.0,0.0,22.685
44032,0.0,0.0,22.685
44033,0.0,0.0,22.685
44034,0.0,0.0,22.685
44035,-14.0,14.0,22.685
44036,0.0,0.0,22.685
44037,0.0,0.0,22.685
44038,0.0,0.0,22.685
44039,0.0,0.0,22.685
44040,0.0,0.0,22.685
44041,823.0,2081.0,22.675
44042,0.0,0.0,22.675
44043,0.0,0.0,22.675
44044,0.0,0.0,22.675
44045,-255.0,255.0,22.665
44046,0.0,0.0,22.665
44047,0.0,0.0,22.665
44048,0.0,0.0,22.665
44049,0.0,0.0,22.665
44050,719.0,719.0,22.675
44051,0.0,0.0,22.675
44052,-800.0,800.0,22.675
44053,0.0,0.0,22.675
44054,0.0,0.0,22.675
44055,0.0,0.0,22.675
44056,0.0,0.0,22.675
44057,0.0,0.0,22.675
44058,0.0,0.0,22.675
44059,0.0,0.0,22.675
44060,0.0,0.0,22.675
44061,0.0,0.0,22.675
44062,0.0,0.0,22.675
44063,0.0,0.0,22.675
44064,0.0,0.0,22.675
44065,2.0,2.0,22.675
44066,0.0,0.0,22.675
44067,86.0,86.0,22.675
44068,0.0,0.0,22.675
44069,0.0,0.0,22.675
44070,0.0,0.0,22.675
44071,0.0,0.0,22.675
44072,0.0,0.0,22.675
44073,0.0,0.0,22.675
44074,0.0,0.0,22.675
44075,0.0,0.0,22.675
44076,0.0,0.0,22.675
44077,0.0,0.0,22.675
44078,0.0,0.0,22.675
44079,0.0,0.0,22.675
44080,0.0,0.0,22.675
44081,0.0,0.0,22.675
44082,0.0,0.0,22.675
44083,0.0,0.0,22.675
44084,0.0,0.0,22.675
44085,0.0,0.0,22.675
44086,0.0,0.0,22.675
44087,0.0,0.0,22.675
44088,0.0,0.0,22.675
44089,0.0,0.0,22.675
44090,0.0,0.0,22.675
44091,0.0,0.0,22.675
44092,0.0,0.0,22.675
44093,0.0,0.0,22.675
44094,0.0,0.0,22.675
44095,0.0,0.0,22.675
44096,0.0,0.0,22.675
44097,0.0,0.0,22.675
44098,0.0,0.0,22.675
44099,0.0,0.0,22.675
44100,0.0,0.0,22.675
44101,0.0,0.0,22.675
44102,0.0,0.0,22.675
44103,0.0,0.0,22.675
44104,0.0,0.0,22.675
44105,0.0,0.0,22.675
44106,0.0,0.0,22.675
44107,0.0,0.0,22.675
44108,0.0,0.0,22.675
44109,2260.0,2260.0,22.685
44110,0.0,0.0,22.685
44111,0.0,0.0,22.685
44112,0.0,0.0,22.685
44113,0.0,0.0,22.685
44114,0.0,0.0,22.685
44115,-1040.0,1040.0,22.685
44116,0.0,0.0,22.685
44117,300.0,300.0,22.685
44118,0.0,0.0,22.685
44119,-664.0,664.0,22.675
44120,0.0,0.0,22.675
44121,0.0,0.0,22.675
44122,0.0,0.0,22.675
44123,0.0,0.0,22.675
44124,0.0,0.0,22.675
44125,0.0,0.0,22.675
44126,0.0,0.0,22.675
44127,0.0,0.0,22.675
44128,0.0,0.0,22.675
44129,0.0,0.0,22.675
44130,0.0,0.0,22.675
44131,0.0,0.0,22.675
44132,0.0,0.0,22.675
44133,0.0,0.0,22.675
44134,0.0,0.0,22.675
44136,389.0,389.0,22.685
44137,0.0,0.0,22.685
44138,0.0,0.0,22.685
44139,0.0,0.0,22.685
44140,0.0,0.0,22.685
44141,0.0,0.0,22.685
44142,0.0,0.0,22.685
44143,0.0,0.0,22.685
44144,0.0,0.0,22.685
44145,0.0,0.0,22.685
44146,0.0,0.0,22.685
44147,0.0,0.0,22.685
44148,-1136.0,1136.0,22.675
44149,0.0,0.0,22.675
44150,0.0,0.0,22.675
44151,0.0,0.0,22.675
44152,0.0,0.0,22.675
44153,0.0,0.0,22.675
44154,0.0,0.0,22.675
44155,0.0,0.0,22.675
44156,0.0,0.0,22.675
44157,0.0,0.0,22.675
44159,0.0,0.0,22.675
44160,0.0,0.0,22.675
44161,0.0,0.0,22.675
44162,0.0,0.0,22.675
44163,0.0,0.0,22.675
44164,0.0,0.0,22.675
44165,0.0,0.0,22.675
44166,-2375.0,2625.0,22.685
44167,0.0,0.0,22.685
44168,0.0,0.0,22.685
44169,0.0,0.0,22.685
44170,0.0,0.0,22.685
44171,2.0,2.0,22.685
44172,0.0,0.0,22.685
44173,0.0,0.0,22.685
44174,0.0,0.0,22.685
44175,0.0,0.0,22.685
44176,0.0,0.0,22.685
44177,0.0,0.0,22.685
44178,0.0,0.0,22.685
44179,0.0,0.0,22.685
44180,0.0,0.0,22.685
44181,0.0,0.0,22.685
44182,0.0,0.0,22.685
44183,-402.0,402.0,22.675
44184,0.0,0.0,22.675
44185,0.0,0.0,22.675
44186,0.0,0.0,22.675
44187,0.0,0.0,22.675
44188,0.0,0.0,22.675
44189,0.0,0.0,22.675
44190,0.0,0.0,22.675
44191,0.0,0.0,22.675
44192,0.0,0.0,22.675
44193,0.0,0.0,22.675
44194,0.0,0.0,22.675
44195,0.0,0.0,22.675
44196,0.0,0.0,22.675
44197,0.0,0.0,22.675
44198,0.0,0.0,22.675
44199,1551.0,1751.0,22.675
44200,0.0,0.0,22.675
44201,0.0,0.0,22.675
44202,0.0,0.0,22.675
44203,0.0,0.0,22.675
44204,0.0,0.0,22.675
44205,0.0,0.0,22.675
44206,0.0,0.0,22.675
44207,0.0,0.0,22.675
44208,0.0,0.0,22.675
44210,0.0,0.0,22.675
44211,0.0,0.0,22.675
44212,0.0,0.0,22.675
44213,0.0,0.0,22.675
44214,0.0,0.0,22.675
44215,-4286.0,4286.0,22.655
44216,0.0,0.0,22.655
44217,-6778.0,6778.0,22.645
44218,0.0,0.0,22.645
44219,0.0,0.0,22.645
44220,0.0,0.0,22.645
44221,0.0,0.0,22.645
44222,0.0,0.0,22.645
44223,0.0,0.0,22.645
44224,0.0,0.0,22.645
44225,0.0,0.0,22.645
44226,-1379.0,1379.0,22.635
44227,0.0,0.0,22.635
44228,4869.0,4869.0,22.635
44229,0.0,0.0,22.635
44230,0.0,0.0,22.635
44231,0.0,0.0,22.635
44232,113.0,513.0,22.635
44233,0.0,0.0,22.635
44234,0.0,0.0,22.635
44235,0.0,0.0,22.635
44236,0.0,0.0,22.635
44237,0.0,0.0,22.635
44238,0.0,0.0,22.635
44239,0.0,0.0,22.635
44240,0.0,0.0,22.635
44241,0.0,0.0,22.635
44242,0.0,0.0,22.635
44243,0.0,0.0,22.635
44244,0.0,0.0,22.635
44245,0.0,0.0,22.635
44246,0.0,0.0,22.635
44247,0.0,0.0,22.635
44248,0.0,0.0,22.635
44249,1.0,1.0,22.635
44250,0.0,0.0,22.635
44251,0.0,0.0,22.635
44252,0.0,0.0,22.635
44253,0.0,0.0,22.635
44255,0.0,0.0,22.635
44256,0.0,0.0,22.635
44257,0.0,0.0,22.635
44258,0.0,0.0,22.635
44259,0.0,0.0,22.635
44260,0.0,0.0,22.635
44261,0.0,0.0,22.635
44262,0.0,0.0,22.635
44263,0.0,0.0,22.635
44264,0.0,0.0,22.635
44265,0.0,0.0,22.635
44266,0.0,0.0,22.635
44267,0.0,0.0,22.635
44268,0.0,0.0,22.635
44269,0.0,0.0,22.635
44270,0.0,0.0,22.635
44271,0.0,0.0,22.635
44272,0.0,0.0,22.635
44273,0.0,0.0,22.635
44274,0.0,0.0,22.635
44276,0.0,0.0,22.635
44277,0.0,0.0,22.635
44278,0.0,0.0,22.635
44280,0.0,0.0,22.635
44281,-1069.0,1069.0,22.625
44282,0.0,0.0,22.625
44283,-4552.0,4552.0,22.615
44284,0.0,0.0,22.615
44285,0.0,0.0,22.615
44286,0.0,0.0,22.615
44287,0.0,0.0,22.615
44288,0.0,0.0,22.615
44289,0.0,0.0,22.615
44290,0.0,0.0,22.615
44291,0.0,0.0,22.615
44292,0.0,0.0,22.615
44293,0.0,0.0,22.615
44294,-13.0,13.0,22.615
44295,-2338.0,4756.0,22.615
44296,4500.0,4500.0,22.615
44297,0.0,0.0,22.615
44298,0.0,0.0,22.615
44299,0.0,0.0,22.615
44300,0.0,0.0,22.615
44301,0.0,0.0,22.615
44302,0.0,0.0,22.615
44303,0.0,0.0,22.615
44304,0.0,0.0,22.615
44305,0.0,0.0,22.615
44306,385.0,1585.0,22.615
44307,-500.0,500.0,22.615
44308,0.0,0.0,22.615
44309,0.0,0.0,22.615
44310,0.0,0.0,22.615
44311,0.0,0.0,22.615
44312,0.0,0.0,22.615
44313,0.0,0.0,22.615
44314,0.0,0.0,22.615
44315,0.0,0.0,22.615
44316,0.0,0.0,22.615
44317,0.0,0.0,22.615
44318,0.0,0.0,22.615
44319,0.0,0.0,22.615
44320,0.0,0.0,22.615
44321,0.0,0.0,22.615
44322,0.0,0.0,22.615
44323,0.0,0.0,22.615
44324,0.0,0.0,22.615
44325,0.0,0.0,22.615
44326,0.0,0.0,22.615
44327,0.0,0.0,22.615
44328,404.0,1728.0,22.615
44329,0.0,0.0,22.615
44330,0.0,0.0,22.615
44331,0.0,0.0,22.615
44332,764.0,764.0,22.625
44333,0.0,0.0,22.625
44334,0.0,0.0,22.625
44335,0.0,0.0,22.625
44336,0.0,0.0,22.625
44337,0.0,0.0,22.625
44338,0.0,0.0,22.625
44339,0.0,0.0,22.625
44340,0.0,0.0,22.625
44341,0.0,0.0,22.625
44342,0.0,0.0,22.625
44343,0.0,0.0,22.625
44344,0.0,0.0,22.625
44345,0.0,0.0,22.625
44346,0.0,0.0,22.625
44347,0.0,0.0,22.625
44348,0.0,0.0,22.625
44350,0.0,0.0,22.625
44351,0.0,0.0,22.625
44352,0.0,0.0,22.625
44353,0.0,0.0,22.625
44354,0.0,0.0,22.625
44355,0.0,0.0,22.625
44356,0.0,0.0,22.625
44357,0.0,0.0,22.625
44358,0.0,0.0,22.625
44359,0.0,0.0,22.625
44360,0.0,0.0,22.625
44361,0.0,0.0,22.625
44363,0.0,0.0,22.625
44364,0.0,0.0,22.625
44365,1600.0,1600.0,22.635
44366,0.0,0.0,22.635
44367,0.0,0.0,22.635
44368,0.0,0.0,22.635
44369,0.0,0.0,22.635
44370,0.0,0.0,22.635
44371,0.0,0.0,22.635
44372,0.0,0.0,22.635
44373,0.0,0.0,22.635
44374,0.0,0.0,22.635
44375,0.0,0.0,22.635
44376,0.0,0.0,22.635
44377,0.0,0.0,22.635
44378,2919.0,3919.0,22.635
44379,0.0,0.0,22.635
44380,0.0,0.0,22.635
44381,0.0,0.0,22.635
44382,0.0,0.0,22.635
44384,0.0,0.0,22.635
44385,-2563.0,2563.0,22.625
44386,0.0,0.0,22.625
44387,0.0,0.0,22.625
44388,0.0,0.0,22.625
44389,0.0,0.0,22.625
44390,0.0,0.0,22.625
44391,0.0,0.0,22.625
44393,0.0,0.0,22.625
44394,0.0,0.0,22.625
44395,0.0,0.0,22.625
44396,0.0,0.0,22.625
44397,0.0,0.0,22.625
44398,0.0,0.0,22.625
44399,0.0,0.0,22.625
44400,2321.0,2337.0,22.635
44401,0.0,0.0,22.635
44402,0.0,0.0,22.635
44403,0.0,0.0,22.635
44404,0.0,0.0,22.635
44405,0.0,0.0,22.635
44406,0.0,0.0,22.635
44407,0.0,0.0,22.635
44408,0.0,0.0,22.635
44409,0.0,0.0,22.635
44411,0.0,0.0,22.635
44412,0.0,0.0,22.635
44413,0.0,0.0,22.635
44414,0.0,0.0,22.635
44415,0.0,0.0,22.635
44416,0.0,0.0,22.635
44417,0.0,0.0,22.635
44418,0.0,0.0,22.635
44419,0.0,0.0,22.635
44420,1834.0,1836.0,22.645
44421,-700.0,700.0,22.635
44422,0.0,0.0,22.635
44423,0.0,0.0,22.635
44424,0.0,0.0,22.635
44425,0.0,0.0,22.635
44426,0.0,0.0,22.635
44427,0.0,0.0,22.635
44428,0.0,0.0,22.635
44429,0.0,0.0,22.635
44430,0.0,0.0,22.635
44431,0.0,0.0,22.635
44432,0.0,0.0,22.635
44433,0.0,0.0,22.635
44434,0.0,0.0,22.635
44435,0.0,0.0,22.635
44436,0.0,0.0,22.635
44437,0.0,0.0,22.635
44438,0.0,0.0,22.635
44439,0.0,0.0,22.635
44440,0.0,0.0,22.635
44441,0.0,0.0,22.635
44442,0.0,0.0,22.635
44443,0.0,0.0,22.635
44444,0.0,0.0,22.635
44445,0.0,0.0,22.635
44446,0.0,0.0,22.635
44447,0.0,0.0,22.635
44448,0.0,0.0,22.635
44449,0.0,0.0,22.635
44450,0.0,0.0,22.635
44451,0.0,0.0,22.635
44452,0.0,0.0,22.635
44453,0.0,0.0,22.635
44454,0.0,0.0,22.635
44455,0.0,0.0,22.635
44456,0.0,0.0,22.635
44457,0.0,0.0,22.635
44458,0.0,0.0,22.635
44459,0.0,0.0,22.635
44460,0.0,0.0,22.635
44461,0.0,0.0,22.635
44462,0.0,0.0,22.635
44463,0.0,0.0,22.635
44464,0.0,0.0,22.635
44466,0.0,0.0,22.635
44467,-600.0,4324.0,22.645
44468,-2522.0,2522.0,22.635
44469,0.0,0.0,22.635
44470,0.0,0.0,22.635
44471,0.0,0.0,22.635
44472,0.0,0.0,22.635
44473,0.0,0.0,22.635
44474,0.0,0.0,22.635
44475,0.0,0.0,22.635
44476,0.0,0.0,22.635
44477,0.0,0.0,22.635
44478,0.0,0.0,22.635
44479,-8014.0,8014.0,22.625
44480,0.0,0.0,22.625
44481,3909.0,3909.0,22.625
44482,0.0,0.0,22.625
44483,0.0,0.0,22.625
44484,0.0,0.0,22.625
44485,0.0,0.0,22.625
44486,0.0,0.0,22.625
44487,0.0,0.0,22.625
44488,0.0,0.0,22.625
44489,0.0,0.0,22.625
44490,700.0,700.0,22.635
44491,0.0,0.0,22.635
44492,0.0,0.0,22.635
44493,0.0,0.0,22.635
44494,0.0,0.0,22.635
44495,0.0,0.0,22.635
44496,0.0,0.0,22.635
44497,0.0,0.0,22.635
44498,0.0,0.0,22.635
44499,0.0,0.0,22.635
44500,0.0,0.0,22.635
44501,0.0,0.0,22.635
44502,0.0,0.0,22.635
44503,0.0,0.0,22.635
44504,0.0,0.0,22.635
44505,0.0,0.0,22.635
44506,0.0,0.0,22.635
44507,0.0,0.0,22.635
44508,0.0,0.0,22.635
44509,0.0,0.0,22.635
44510,0.0,0.0,22.635
44511,0.0,0.0,22.635
44512,0.0,0.0,22.635
44513,0.0,0.0,22.635
44514,-351.0,1451.0,22.645
44515,-470.0,470.0,22.635
44516,0.0,0.0,22.635
44517,0.0,0.0,22.635
44518,0.0,0.0,22.635
44519,-1501.0,1501.0,22.625
44520,0.0,0.0,22.625
44521,0.0,0.0,22.625
44523,0.0,0.0,22.625
44524,220.0,220.0,22.625
44526,0.0,0.0,22.625
44527,0.0,0.0,22.625
44528,0.0,0.0,22.625
44530,0.0,0.0,22.625
44531,0.0,0.0,22.625
44532,0.0,0.0,22.625
44533,0.0,0.0,22.625
44534,0.0,0.0,22.625
44535,0.0,0.0,22.625
44536,0.0,0.0,22.625
44537,0.0,0.0,22.625
44538,0.0,0.0,22.625
44539,0.0,0.0,22.625
44540,0.0,0.0,22.625
44541,0.0,0.0,22.625
44542,0.0,0.0,22.625
44543,0.0,0.0,22.625
44544,0.0,0.0,22.625
44545,0.0,0.0,22.625
44546,0.0,0.0,22.625
44547,0.0,0.0,22.625
44548,0.0,0.0,22.625
44549,0.0,0.0,22.625
44550,0.0,0.0,22.625
44551,0.0,0.0,22.625
44552,0.0,0.0,22.625
44553,0.0,0.0,22.625
44554,0.0,0.0,22.625
44555,0.0,0.0,22.625
44556,0.0,0.0,22.625
44557,0.0,0.0,22.625
44558,0.0,0.0,22.625
44559,0.0,0.0,22.625
44560,0.0,0.0,22.625
44561,0.0,0.0,22.625
44562,0.0,0.0,22.625
44563,0.0,0.0,22.625
44564,0.0,0.0,22.625
44565,0.0,0.0,22.625
44566,0.0,0.0,22.625
44567,0.0,0.0,22.625
44568,0.0,0.0,22.625
44569,0.0,0.0,22.625
44570,0.0,0.0,22.625
44571,-2884.0,2884.0,22.615
44572,0.0,0.0,22.615
44573,0.0,0.0,22.615
44574,0.0,0.0,22.615
44575,0.0,0.0,22.615
44576,0.0,0.0,22.615
44577,0.0,0.0,22.615
44578,0.0,0.0,22.615
44579,0.0,0.0,22.615
44580,0.0,0.0,22.615
44581,0.0,0.0,22.615
44582,0.0,0.0,22.615
44583,-2135.0,2135.0,22.605
44584,-1.0,1.0,22.605
44585,0.0,0.0,22.605
44586,0.0,0.0,22.605
44587,-6262.0,6262.0,22.595
44588,0.0,0.0,22.595
44589,0.0,0.0,22.595
44590,0.0,0.0,22.595
44591,0.0,0.0,22.595
44592,0.0,0.0,22.595
44593,1244.0,1250.0,22.605
44594,0.0,0.0,22.605
44595,0.0,0.0,22.605
44596,0.0,0.0,22.605
44597,0.0,0.0,22.6
44598,0.0,0.0,22.6
44599,12.0,12.0,22.6
44600,0.0,0.0,22.6
44601,0.0,0.0,22.595
44602,0.0,0.0,22.595
44603,0.0,0.0,22.595
44604,0.0,0.0,22.595
44605,0.0,0.0,22.595
44606,-2800.0,2800.0,22.595
44607,0.0,0.0,22.595
44608,0.0,0.0,22.595
44609,0.0,0.0,22.595
44610,0.0,0.0,22.595
44611,0.0,0.0,22.595
44612,0.0,0.0,22.595
44613,0.0,0.0,22.595
44614,-200.0,200.0,22.585
44615,0.0,0.0,22.585
44616,0.0,0.0,22.585
44617,0.0,0.0,22.585
44618,0.0,0.0,22.585
44619,0.0,0.0,22.585
44620,0.0,0.0,22.585
44621,0.0,0.0,22.585
44622,0.0,0.0,22.585
44623,0.0,0.0,22.585
44624,-4139.0,4139.0,22.575
44625,0.0,0.0,22.575
44626,0.0,0.0,22.575
44627,0.0,0.0,22.575
44628,0.0,0.0,22.575
44629,0.0,0.0,22.575
44630,1800.0,1800.0,22.585
44631,0.0,0.0,22.585
44632,0.0,0.0,22.585
44633,0.0,0.0,22.585
44634,0.0,0.0,22.585
44635,0.0,0.0,22.585
44636,0.0,0.0,22.585
44637,0.0,0.0,22.585
44638,1418.0,1418.0,22.595
44639,0.0,0.0,22.595
44640,0.0,0.0,22.595
44641,0.0,0.0,22.595
44642,0.0,0.0,22.595
44643,0.0,0.0,22.595
44644,0.0,0.0,22.595
44645,0.0,0.0,22.595
44646,0.0,0.0,22.595
44647,0.0,0.0,22.595
44648,0.0,0.0,22.595
44649,0.0,0.0,22.595
44650,0.0,0.0,22.595
44651,0.0,0.0,22.595
44652,0.0,0.0,22.595
44653,-129.0,129.0,22.585
44654,0.0,0.0,22.585
44655,0.0,0.0,22.585
44656,0.0,0.0,22.585
44657,0.0,0.0,22.585
44658,0.0,0.0,22.585
44659,0.0,0.0,22.585
44660,0.0,0.0,22.585
44661,0.0,0.0,22.585
44662,0.0,0.0,22.585
44663,0.0,0.0,22.585
44664,0.0,0.0,22.585
44665,0.0,0.0,22.585
44666,0.0,0.0,22.585
44667,0.0,0.0,22.585
44668,0.0,0.0,22.585
44669,0.0,0.0,22.585
44670,0.0,0.0,22.585
44671,0.0,0.0,22.585
44672,0.0,0.0,22.585
44673,0.0,0.0,22.585
44674,0.0,0.0,22.585
44675,0.0,0.0,22.585
44676,0.0,0.0,22.585
44677,0.0,0.0,22.585
44678,0.0,0.0,22.585
44679,3647.0,3647.0,22.585
44680,0.0,0.0,22.585
44681,0.0,0.0,22.585
44682,0.0,0.0,22.585
44683,0.0,0.0,22.585
44684,0.0,0.0,22.585
44685,0.0,0.0,22.585
44686,0.0,0.0,22.585
44687,0.0,0.0,22.585
44688,0.0,0.0,22.585
44689,0.0,0.0,22.585
44690,0.0,0.0,22.585
44691,0.0,0.0,22.585
44692,0.0,0.0,22.585
44693,0.0,0.0,22.585
44694,0.0,0.0,22.585
44695,0.0,0.0,22.585
44696,0.0,0.0,22.585
44697,2104.0,2104.0,22.595
44698,0.0,0.0,22.595
44699,0.0,0.0,22.595
44700,0.0,0.0,22.595
44701,0.0,0.0,22.595
44702,0.0,0.0,22.595
44703,0.0,0.0,22.595
44704,0.0,0.0,22.595
44705,0.0,0.0,22.595
44706,0.0,0.0,22.595
44707,0.0,0.0,22.595
44708,0.0,0.0,22.595
44709,0.0,0.0,22.595
44710,0.0,0.0,22.595
44711,0.0,0.0,22.595
44712,0.0,0.0,22.595
44713,0.0,0.0,22.595
44714,0.0,0.0,22.595
44715,0.0,0.0,22.595
44716,0.0,0.0,22.595
44717,0.0,0.0,22.595
44718,0.0,0.0,22.595
44719,0.0,0.0,22.595
44720,0.0,0.0,22.595
44721,0.0,0.0,22.595
44722,0.0,0.0,22.595
44723,0.0,0.0,22.595
44724,0.0,0.0,22.595
44725,0.0,0.0,22.595
44726,0.0,0.0,22.595
44727,0.0,0.0,22.595
44728,-4400.0,4400.0,22.595
44729,0.0,0.0,22.595
44730,0.0,0.0,22.595
44731,0.0,0.0,22.595
44732,0.0,0.0,22.595
44733,0.0,0.0,22.595
44734,0.0,0.0,22.595
44735,0.0,0.0,22.595
44736,0.0,0.0,22.595
44737,0.0,0.0,22.595
44738,0.0,0.0,22.595
44739,0.0,0.0,22.595
44740,0.0,0.0,22.595
44741,0.0,0.0,22.595
44742,0.0,0.0,22.595
44743,0.0,0.0,22.595
44744,0.0,0.0,22.595
44746,0.0,0.0,22.595
44747,0.0,0.0,22.595
44748,0.0,0.0,22.595
44749,100.0,100.0,22.595
44750,0.0,0.0,22.595
44751,0.0,0.0,22.595
44752,0.0,0.0,22.595
44753,0.0,0.0,22.595
44754,0.0,0.0,22.595
44755,3292.0,3292.0,22.605
44756,0.0,0.0,22.605
44757,0.0,0.0,22.605
44758,0.0,0.0,22.605
44759,0.0,0.0,22.605
44760,0.0,0.0,22.605
44761,0.0,0.0,22.605
44762,0.0,0.0,22.605
44763,0.0,0.0,22.605
44764,0.0,0.0,22.605
44765,0.0,0.0,22.605
44766,100.0,100.0,22.605
44767,0.0,0.0,22.605
44768,0.0,0.0,22.605
44769,0.0,0.0,22.605
44770,0.0,0.0,22.605
44772,-1787.0,1787.0,22.595
44773,0.0,0.0,22.595
44774,0.0,0.0,22.595
44775,0.0,0.0,22.595
44776,0.0,0.0,22.595
44777,0.0,0.0,22.595
44778,0.0,0.0,22.595
44779,-5.0,5.0,22.595
44780,0.0,0.0,22.595
44781,0.0,0.0,22.595
44782,0.0,0.0,22.595
44783,0.0,0.0,22.595
44784,0.0,0.0,22.595
44785,0.0,0.0,22.595
44786,0.0,0.0,22.595
44787,0.0,0.0,22.595
44788,0.0,0.0,22.595
44789,0.0,0.0,22.595
44790,0.0,0.0,22.595
44791,0.0,0.0,22.595
44792,0.0,0.0,22.595
44793,0.0,0.0,22.595
44794,0.0,0.0,22.595
44795,0.0,0.0,22.595
44796,0.0,0.0,22.595
44797,0.0,0.0,22.595
44798,0.0,0.0,22.595
44799,0.0,0.0,22.595
44800,0.0,0.0,22.595
44801,0.0,0.0,22.595
44802,0.0,0.0,22.595
44803,0.0,0.0,22.595
44804,0.0,0.0,22.595
44805,0.0,0.0,22.595
44806,0.0,0.0,22.595
44807,0.0,0.0,22.595
44808,0.0,0.0,22.595
44809,0.0,0.0,22.595
44810,0.0,0.0,22.595
44811,0.0,0.0,22.595
44812,0.0,0.0,22.595
44813,0.0,0.0,22.595
44814,0.0,0.0,22.595
44815,0.0,0.0,22.595
44816,0.0,0.0,22.595
44817,0.0,0.0,22.595
44818,0.0,0.0,22.595
44819,0.0,0.0,22.595
44820,0.0,0.0,22.595
44821,2665.0,2665.0,22.595
44822,0.0,0.0,22.595
44823,0.0,0.0,22.595
44824,0.0,0.0,22.595
44825,0.0,0.0,22.595
44826,0.0,0.0,22.595
44827,0.0,0.0,22.595
44828,0.0,0.0,22.595
44829,0.0,0.0,22.595
44830,0.0,0.0,22.595
44831,0.0,0.0,22.595
44832,-5808.0,5808.0,22.585
44833,0.0,0.0,22.585
44834,0.0,0.0,22.585
44835,0.0,0.0,22.585
44836,0.0,0.0,22.585
44837,0.0,0.0,22.585
44838,1494.0,1494.0,22.595
44839,0.0,0.0,22.595
44840,0.0,0.0,22.595
44841,0.0,0.0,22.595
44842,0.0,0.0,22.595
44843,-454.0,454.0,22.585
44844,0.0,0.0,22.585
44845,0.0,0.0,22.585
44846,0.0,0.0,22.585
44847,-18934.0,18934.0,22.565
44848,0.0,0.0,22.565
44849,0.0,0.0,22.565
44850,0.0,0.0,22.565
44851,0.0,0.0,22.565
44852,0.0,0.0,22.565
44853,0.0,0.0,22.565
44854,0.0,0.0,22.565
44855,0.0,0.0,22.565
44856,1466.0,1466.0,22.575
44857,0.0,0.0,22.575
44858,0.0,0.0,22.575
44859,0.0,0.0,22.575
44860,0.0,0.0,22.575
44861,0.0,0.0,22.575
44862,0.0,0.0,22.575
44863,-897.0,897.0,22.57
44864,0.0,0.0,22.575
44865,0.0,0.0,22.575
44866,0.0,0.0,22.575
44867,0.0,0.0,22.575
44868,0.0,0.0,22.575
44869,0.0,0.0,22.575
44870,0.0,0.0,22.575
44871,0.0,0.0,22.575
44872,-101.0,101.0,22.565
44873,0.0,0.0,22.565
44874,0.0,0.0,22.565
44875,0.0,0.0,22.565
44876,0.0,0.0,22.565
44877,0.0,0.0,22.565
44878,0.0,0.0,22.565
44879,0.0,0.0,22.565
44880,0.0,0.0,22.565
44881,0.0,0.0,22.565
44882,0.0,0.0,22.565
44883,0.0,0.0,22.565
44884,0.0,0.0,22.565
44885,0.0,0.0,22.565
44886,0.0,0.0,22.565
44887,0.0,0.0,22.565
44888,0.0,0.0,22.565
44889,0.0,0.0,22.565
44890,0.0,0.0,22.565
44891,0.0,0.0,22.565
44892,-662.0,662.0,22.565
44893,0.0,0.0,22.565
44894,0.0,0.0,22.565
44895,0.0,0.0,22.565
44896,0.0,0.0,22.565
44897,0.0,0.0,22.565
44898,0.0,0.0,22.565
44899,0.0,0.0,22.565
44900,0.0,0.0,22.565
44901,0.0,0.0,22.565
44902,0.0,0.0,22.565
44903,0.0,0.0,22.565
44904,0.0,0.0,22.565
44905,0.0,0.0,22.565
44906,0.0,0.0,22.565
44907,0.0,0.0,22.565
44908,0.0,0.0,22.565
44909,0.0,0.0,22.565
44910,0.0,0.0,22.565
44911,3830.0,3830.0,22.575
44912,0.0,0.0,22.575
44913,0.0,0.0,22.575
44914,0.0,0.0,22.575
44915,0.0,0.0,22.575
44916,0.0,0.0,22.575
44917,0.0,0.0,22.575
44918,0.0,0.0,22.575
44919,0.0,0.0,22.575
44920,0.0,0.0,22.575
44921,2098.0,2098.0,22.585
44922,0.0,0.0,22.585
44923,0.0,0.0,22.585
44924,0.0,0.0,22.585
44925,0.0,0.0,22.585
44926,0.0,0.0,22.585
44927,0.0,0.0,22.585
44928,0.0,0.0,22.585
44929,0.0,0.0,22.585
44930,1337.0,1337.0,22.585
44931,759.0,759.0,22.595
44932,0.0,0.0,22.595
44933,0.0,0.0,22.595
44934,0.0,0.0,22.595
44935,0.0,0.0,22.595
44936,0.0,0.0,22.595
44937,0.0,0.0,22.595
44938,0.0,0.0,22.595
44940,0.0,0.0,22.595
44941,-1560.0,1560.0,22.585
44942,-953.0,953.0,22.575
44943,0.0,0.0,22.575
44944,0.0,0.0,22.575
44945,0.0,0.0,22.575
44946,0.0,0.0,22.575
44947,0.0,0.0,22.575
44948,0.0,0.0,22.575
44949,0.0,0.0,22.575
44950,0.0,0.0,22.575
44951,1038.0,1038.0,22.585
44952,0.0,0.0,22.585
44953,0.0,0.0,22.585
44954,0.0,0.0,22.585
44955,0.0,0.0,22.585
44956,0.0,0.0,22.585
44957,266.0,266.0,22.595
44958,0.0,0.0,22.595
44959,0.0,0.0,22.595
44960,0.0,0.0,22.595
44961,0.0,0.0,22.595
44962,0.0,0.0,22.595
44963,0.0,0.0,22.595
44964,0.0,0.0,22.595
44965,0.0,0.0,22.595
44966,0.0,0.0,22.595
44967,0.0,0.0,22.595
44968,0.0,0.0,22.595
44969,0.0,0.0,22.595
44970,0.0,0.0,22.595
44971,0.0,0.0,22.595
44972,0.0,0.0,22.595
44973,0.0,0.0,22.595
44974,0.0,0.0,22.595
44975,0.0,0.0,22.595
44976,0.0,0.0,22.595
44977,0.0,0.0,22.595
44978,0.0,0.0,22.595
44979,0.0,0.0,22.595
44980,0.0,0.0,22.595
44981,0.0,0.0,22.595
44982,0.0,0.0,22.595
44983,0.0,0.0,22.595
44984,0.0,0.0,22.595
44985,0.0,0.0,22.595
44986,0.0,0.0,22.595
44987,0.0,0.0,22.595
44988,-1250.0,1250.0,22.585
44989,0.0,0.0,22.585
44990,0.0,0.0,22.585
44991,0.0,0.0,22.585
44992,0.0,0.0,22.585
44993,0.0,0.0,22.585
44994,0.0,0.0,22.585
44995,0.0,0.0,22.585
44996,0.0,0.0,22.585
44997,-1450.0,1450.0,22.575
44998,0.0,0.0,22.575
44999,0.0,0.0,22.575
45000,0.0,0.0,22.575
45001,0.0,0.0,22.575
45002,0.0,0.0,22.575
45003,0.0,0.0,22.575
45004,0.0,0.0,22.575
45005,0.0,0.0,22.575
45006,0.0,0.0,22.575
45007,0.0,0.0,22.575
45008,0.0,0.0,22.575
45009,0.0,0.0,22.575
45010,0.0,0.0,22.575
45011,0.0,0.0,22.575
45012,1190.0,1190.0,22.575
45013,0.0,0.0,22.575
45014,0.0,0.0,22.575
45015,0.0,0.0,22.575
45016,0.0,0.0,22.575
45017,0.0,0.0,22.575
45018,0.0,0.0,22.575
45019,0.0,0.0,22.575
45020,0.0,0.0,22.575
45021,0.0,0.0,22.575
45022,0.0,0.0,22.575
45023,0.0,0.0,22.575
45024,0.0,0.0,22.575
45025,0.0,0.0,22.575
45026,1242.0,1242.0,22.585
45027,0.0,0.0,22.585
45028,0.0,0.0,22.585
45029,0.0,0.0,22.585
45030,0.0,0.0,22.585
45031,0.0,0.0,22.585
45032,0.0,0.0,22.585
45033,0.0,0.0,22.585
45034,0.0,0.0,22.585
45035,507.0,507.0,22.595
45036,-1764.0,1764.0,22.585
45037,0.0,0.0,22.585
45038,0.0,0.0,22.585
45039,0.0,0.0,22.585
45040,0.0,0.0,22.585
45041,0.0,0.0,22.585
45042,0.0,0.0,22.585
45043,0.0,0.0,22.585
45044,0.0,0.0,22.585
45045,0.0,0.0,22.585
45046,0.0,0.0,22.585
45047,0.0,0.0,22.585
45048,0.0,0.0,22.585
45049,0.0,0.0,22.585
45050,0.0,0.0,22.585
45051,0.0,0.0,22.585
45052,0.0,0.0,22.585
45053,0.0,0.0,22.585
45054,0.0,0.0,22.585
45055,0.0,0.0,22.585
45056,0.0,0.0,22.585
45057,0.0,0.0,22.585
45058,0.0,0.0,22.585
45059,0.0,0.0,22.585
45060,0.0,0.0,22.585
45061,0.0,0.0,22.585
45062,0.0,0.0,22.585
45063,0.0,0.0,22.585
45064,0.0,0.0,22.585
45065,0.0,0.0,22.585
45066,0.0,0.0,22.585
45067,0.0,0.0,22.585
45068,0.0,0.0,22.585
45069,0.0,0.0,22.585
45070,0.0,0.0,22.585
45071,0.0,0.0,22.585
45072,0.0,0.0,22.585
45073,0.0,0.0,22.585
45074,0.0,0.0,22.585
45075,0.0,0.0,22.585
45076,0.0,0.0,22.585
45077,0.0,0.0,22.585
45078,0.0,0.0,22.585
45079,0.0,0.0,22.585
45080,0.0,0.0,22.585
45081,0.0,0.0,22.585
45082,0.0,0.0,22.585
45084,0.0,0.0,22.585
45085,0.0,0.0,22.585
45086,0.0,0.0,22.585
45087,0.0,0.0,22.585
45088,0.0,0.0,22.585
45090,0.0,0.0,22.585
45091,0.0,0.0,22.585
45092,0.0,0.0,22.585
45093,0.0,0.0,22.585
45094,0.0,0.0,22.585
45095,0.0,0.0,22.585
45096,0.0,0.0,22.585
45097,0.0,0.0,22.585
45098,0.0,0.0,22.585
45099,0.0,0.0,22.585
45100,0.0,0.0,22.585
45101,-3634.0,4634.0,22.575
45102,0.0,0.0,22.575
45103,0.0,0.0,22.575
45104,0.0,0.0,22.575
45105,0.0,0.0,22.575
45106,0.0,0.0,22.575
45108,0.0,0.0,22.575
45109,0.0,0.0,22.575
45110,0.0,0.0,22.575
45111,0.0,0.0,22.575
45112,0.0,0.0,22.575
45113,0.0,0.0,22.575
45114,1277.0,1277.0,22.585
45115,-650.0,650.0,22.575
45116,0.0,0.0,22.575
45117,0.0,0.0,22.575
45118,0.0,0.0,22.575
45119,0.0,0.0,22.575
45120,0.0,0.0,22.575
45121,0.0,0.0,22.575
45122,0.0,0.0,22.575
45123,0.0,0.0,22.575
45124,0.0,0.0,22.575
45125,0.0,0.0,22.575
45126,0.0,0.0,22.575
45127,0.0,0.0,22.575
45128,0.0,0.0,22.575
45129,0.0,0.0,22.575
45130,0.0,0.0,22.575
45131,0.0,0.0,22.575
45132,0.0,0.0,22.575
45133,0.0,0.0,22.575
45134,0.0,0.0,22.575
45135,0.0,0.0,22.575
45136,0.0,0.0,22.575
45137,0.0,0.0,22.575
45138,0.0,0.0,22.575
45140,0.0,0.0,22.575
45141,0.0,0.0,22.575
45142,0.0,0.0,22.575
45143,0.0,0.0,22.575
45144,0.0,0.0,22.575
45145,-6094.0,6094.0,22.565
45146,0.0,0.0,22.565
45147,0.0,0.0,22.565
45148,0.0,0.0,22.565
45149,0.0,0.0,22.565
45150,0.0,0.0,22.565
45151,0.0,0.0,22.565
45152,0.0,0.0,22.565
45153,0.0,0.0,22.565
45154,0.0,0.0,22.565
45155,0.0,0.0,22.565
45156,-5652.0,5652.0,22.555
45157,0.0,0.0,22.555
45158,0.0,0.0,22.555
45159,-43.0,43.0,22.555
45160,-12216.0,12216.0,22.535
45161,-3397.0,22515.0,22.525
45162,4296.0,4296.0,22.525
45163,-1037.0,15811.0,22.525
45164,0.0,0.0,22.525
45165,0.0,0.0,22.525
45166,201.0,201.0,22.525
45167,-559.0,559.0,22.515
45168,0.0,0.0,22.515
45169,0.0,0.0,22.515
45170,0.0,0.0,22.515
45171,1150.0,1150.0,22.525
45172,0.0,0.0,22.525
45173,-1880.0,1880.0,22.515
45174,0.0,0.0,22.515
45175,0.0,0.0,22.515
45176,0.0,0.0,22.515
45177,-18224.0,38198.0,22.515
45178,-23.0,23.0,22.515
45179,-96478.0,140484.0,22.475
45180,-577.0,1777.0,22.465
45181,-1851.0,4157.0,22.465
45182,0.0,0.0,22.465
45183,0.0,0.0,22.465
45184,-1465.0,5721.0,22.485
45185,0.0,0.0,22.485
45186,482.0,482.0,22.495
45187,0.0,0.0,22.495
45188,-1100.0,1100.0,22.495
45189,0.0,0.0,22.495
45190,6161.0,6161.0,22.505
45191,0.0,0.0,22.505
45192,0.0,0.0,22.505
45193,-500.0,500.0,22.495
45194,2627.0,4163.0,22.485
45195,200.0,1100.0,22.48
45196,50.0,2450.0,22.475
45197,580.0,580.0,22.475
45198,0.0,0.0,22.475
45199,520.0,520.0,22.485
45200,500.0,500.0,22.495
45201,0.0,0.0,22.495
45202,0.0,0.0,22.495
45203,0.0,0.0,22.495
45204,0.0,0.0,22.495
45205,610.0,610.0,22.505
45206,0.0,0.0,22.505
45207,0.0,0.0,22.505
45208,0.0,0.0,22.505
45209,3275.0,9459.0,22.505
45210,-686.0,686.0,22.495
45211,0.0,0.0,22.495
45212,-1700.0,1700.0,22.495
45213,-50.0,50.0,22.495
45214,0.0,0.0,22.495
45215,0.0,0.0,22.495
45216,0.0,0.0,22.495
45217,0.0,0.0,22.495
45218,0.0,0.0,22.495
45219,500.0,500.0,22.505
45220,0.0,0.0,22.505
45221,0.0,0.0,22.505
45222,0.0,0.0,22.505
45223,0.0,0.0,22.505
45224,-2828.0,4484.0,22.505
45225,0.0,0.0,22.505
45226,0.0,0.0,22.505
45227,0.0,0.0,22.505
45228,0.0,0.0,22.505
45229,0.0,0.0,22.505
45230,0.0,0.0,22.505
45231,0.0,0.0,22.505
45232,0.0,0.0,22.505
45233,0.0,0.0,22.505
45234,0.0,0.0,22.505
45235,0.0,0.0,22.505
45236,0.0,0.0,22.505
45237,-645.0,645.0,22.505
45238,-900.0,900.0,22.495
45239,1006.0,1006.0,22.505
45240,0.0,0.0,22.505
45241,-113.0,113.0,22.505
45242,-110.0,110.0,22.505
45243,0.0,0.0,22.505
45244,-131.0,131.0,22.495
45245,560.0,4852.0,22.495
45246,0.0,0.0,22.495
45247,0.0,0.0,22.495
45248,0.0,0.0,22.495
45249,0.0,0.0,22.495
45250,0.0,0.0,22.495
45251,-1661.0,1661.0,22.485
45252,0.0,0.0,22.485
45253,0.0,0.0,22.485
45254,0.0,0.0,22.485
45255,0.0,0.0,22.485
45256,0.0,0.0,22.485
45257,0.0,0.0,22.485
45258,0.0,0.0,22.485
45259,0.0,0.0,22.485
45260,1037.0,2363.0,22.485
45261,0.0,0.0,22.485
45262,750.0,750.0,22.495
45263,0.0,0.0,22.495
45264,2562.0,2562.0,22.515
45265,-1900.0,1900.0,22.505
45266,-5.0,5.0,22.505
45267,880.0,880.0,22.515
45268,700.0,700.0,22.525
45269,-48.0,48.0,22.515
45270,0.0,0.0,22.515
45271,0.0,0.0,22.515
45272,0.0,0.0,22.515
45273,0.0,0.0,22.505
45274,0.0,0.0,22.505
45275,0.0,0.0,22.505
45276,0.0,0.0,22.505
45277,0.0,0.0,22.505
45278,0.0,0.0,22.505
45279,-801.0,801.0,22.495
45280,0.0,0.0,22.495
45281,0.0,0.0,22.495
45282,3436.0,3436.0,22.505
45283,0.0,0.0,22.505
45284,4567.0,5767.0,22.505
45285,7154.0,9354.0,22.505
45286,0.0,0.0,22.505
45287,0.0,0.0,22.505
45288,0.0,0.0,22.505
45289,-1971.0,1971.0,22.495
45290,0.0,0.0,22.495
45291,0.0,0.0,22.495
45292,0.0,0.0,22.495
45293,0.0,0.0,22.495
45294,0.0,0.0,22.495
45295,0.0,0.0,22.495
45296,0.0,0.0,22.495
45297,-5049.0,5049.0,22.485
45298,0.0,0.0,22.485
45299,0.0,0.0,22.485
45300,0.0,0.0,22.485
45301,1619.0,1819.0,22.495
45302,0.0,0.0,22.495
45303,0.0,0.0,22.495
45304,0.0,0.0,22.495
45305,0.0,0.0,22.495
45306,0.0,0.0,22.495
45307,0.0,0.0,22.495
45308,0.0,0.0,22.495
45309,0.0,0.0,22.495
45310,0.0,0.0,22.495
45311,0.0,0.0,22.495
45312,-179.0,179.0,22.495
45313,0.0,0.0,22.495
45314,310.0,310.0,22.505
45315,0.0,0.0,22.505
45316,0.0,0.0,22.505
45317,4485.0,9247.0,22.495
45318,-100.0,100.0,22.5
45319,-100.0,100.0,22.495
45320,500.0,500.0,22.505
45321,0.0,0.0,22.505
45322,0.0,0.0,22.505
45323,0.0,0.0,22.505
45324,0.0,0.0,22.505
45325,0.0,0.0,22.505
45326,-1284.0,1284.0,22.505
45327,0.0,0.0,22.505
45328,0.0,0.0,22.505
45329,0.0,0.0,22.505
45330,100.0,100.0,22.505
45331,-1443.0,1443.0,22.495
45332,0.0,0.0,22.495
45333,0.0,0.0,22.495
45334,0.0,0.0,22.495
45335,0.0,0.0,22.495
45336,106.0,106.0,22.495
45337,0.0,0.0,22.495
45338,0.0,0.0,22.495
45339,4356.0,4356.0,22.505
45340,0.0,0.0,22.505
45341,0.0,0.0,22.505
45342,0.0,0.0,22.505
45343,0.0,0.0,22.505
45344,0.0,0.0,22.505
45345,0.0,0.0,22.505
45346,0.0,0.0,22.505
45347,0.0,0.0,22.505
45348,0.0,0.0,22.505
45349,0.0,0.0,22.505
45350,0.0,0.0,22.505
45351,0.0,0.0,22.505
45352,0.0,0.0,22.505
45353,0.0,0.0,22.505
45354,0.0,0.0,22.505
45355,0.0,0.0,22.505
45356,0.0,0.0,22.505
45357,-510.0,510.0,22.495
45358,0.0,0.0,22.495
45359,0.0,0.0,22.495
45360,0.0,0.0,22.495
45361,0.0,0.0,22.495
45362,0.0,0.0,22.495
45363,0.0,0.0,22.495
45364,0.0,0.0,22.495
45365,0.0,0.0,22.495
45366,0.0,0.0,22.495
45367,0.0,0.0,22.495
45368,445.0,445.0,22.505
45369,0.0,0.0,22.505
45370,771.0,771.0,22.515
45371,0.0,0.0,22.515
45372,0.0,0.0,22.515
45373,-827.0,827.0,22.505
45374,0.0,0.0,22.505
45375,0.0,0.0,22.505
45376,1051.0,1051.0,22.515
45377,0.0,0.0,22.515
45378,0.0,0.0,22.515
45379,0.0,0.0,22.515
45380,0.0,0.0,22.515
45381,0.0,0.0,22.515
45382,0.0,0.0,22.515
45383,0.0,0.0,22.515
45384,0.0,0.0,22.515
45385,0.0,0.0,22.515
45386,0.0,0.0,22.515
45387,2015.0,5015.0,22.515
45388,0.0,0.0,22.515
45389,0.0,0.0,22.515
45390,700.0,700.0,22.515
45391,0.0,0.0,22.515
45392,0.0,0.0,22.515
45393,0.0,0.0,22.515
45394,0.0,0.0,22.515
45395,0.0,0.0,22.515
45396,0.0,0.0,22.515
45397,0.0,0.0,22.515
45398,0.0,0.0,22.515
45399,0.0,0.0,22.515
45400,0.0,0.0,22.515
45401,0.0,0.0,22.515
45402,0.0,0.0,22.515
45403,0.0,0.0,22.515
45404,0.0,0.0,22.515
45405,0.0,0.0,22.515
45406,0.0,0.0,22.515
45407,0.0,0.0,22.515
45408,-4352.0,4352.0,22.505
45409,0.0,0.0,22.505
45410,0.0,0.0,22.505
45411,0.0,0.0,22.505
45412,0.0,0.0,22.505
45413,0.0,0.0,22.505
45414,0.0,0.0,22.505
45415,0.0,0.0,22.505
45416,0.0,0.0,22.505
45417,0.0,0.0,22.505
45418,0.0,0.0,22.505
45419,0.0,0.0,22.505
45420,0.0,0.0,22.505
45421,-2258.0,2258.0,22.495
45422,2315.0,2315.0,22.505
45423,0.0,0.0,22.505
45424,0.0,0.0,22.505
45425,0.0,0.0,22.505
45426,0.0,0.0,22.505
45427,0.0,0.0,22.505
45428,0.0,0.0,22.505
45429,0.0,0.0,22.505
45430,0.0,0.0,22.505
45431,100.0,100.0,22.505
45432,0.0,0.0,22.505
45433,0.0,0.0,22.505
45434,0.0,0.0,22.505
45435,0.0,0.0,22.505
45436,0.0,0.0,22.505
45437,0.0,0.0,22.505
45438,0.0,0.0,22.505
45439,-2551.0,2551.0,22.495
45440,786.0,7714.0,22.485
45441,1100.0,1100.0,22.495
45442,1911.0,1911.0,22.505
45443,100.0,100.0,22.505
45444,0.0,0.0,22.505
45445,100.0,100.0,22.505
45446,0.0,0.0,22.505
45447,0.0,0.0,22.505
45448,0.0,0.0,22.505
45449,0.0,0.0,22.505
45450,0.0,0.0,22.505
45451,-500.0,500.0,22.495
45452,0.0,0.0,22.495
45453,0.0,0.0,22.495
45454,0.0,0.0,22.495
45455,0.0,0.0,22.495
45456,0.0,0.0,22.495
45457,0.0,0.0,22.495
45458,0.0,0.0,22.495
45459,0.0,0.0,22.495
45460,0.0,0.0,22.495
45461,0.0,0.0,22.495
45462,0.0,0.0,22.495
45463,0.0,0.0,22.495
45464,-4846.0,4846.0,22.495
45465,0.0,0.0,22.495
45466,0.0,0.0,22.495
45467,0.0,0.0,22.495
45468,0.0,0.0,22.495
45469,0.0,0.0,22.495
45470,0.0,0.0,22.495
45471,0.0,0.0,22.495
45472,0.0,0.0,22.495
45473,0.0,0.0,22.495
45474,0.0,0.0,22.495
45476,0.0,0.0,22.495
45477,0.0,0.0,22.495
45478,0.0,0.0,22.495
45479,0.0,0.0,22.495
45480,4126.0,4974.0,22.495
45481,0.0,0.0,22.495
45482,0.0,0.0,22.495
45483,0.0,0.0,22.495
45484,0.0,0.0,22.495
45485,0.0,0.0,22.495
45486,0.0,0.0,22.495
45487,0.0,0.0,22.495
45488,0.0,0.0,22.495
45489,0.0,0.0,22.495
45490,-600.0,600.0,22.495
45491,0.0,0.0,22.495
45492,0.0,0.0,22.495
45493,-3.0,3.0,22.495
45494,0.0,0.0,22.495
45495,0.0,0.0,22.495
45496,0.0,0.0,22.495
45497,-3707.0,3707.0,22.485
45498,0.0,0.0,22.485
45499,0.0,0.0,22.485
45500,0.0,0.0,22.485
45501,0.0,0.0,22.485
45502,0.0,0.0,22.485
45503,0.0,0.0,22.485
45504,0.0,0.0,22.485
45505,0.0,0.0,22.485
45506,0.0,0.0,22.485
45507,0.0,0.0,22.485
45508,0.0,0.0,22.485
45509,-3077.0,3077.0,22.475
45510,0.0,0.0,22.475
45511,-1278.0,1278.0,22.465
45512,0.0,0.0,22.465
45513,1451.0,1451.0,22.475
45514,0.0,0.0,22.475
45515,0.0,0.0,22.475
45516,0.0,0.0,22.465
45517,2815.0,2815.0,22.475
45518,0.0,0.0,22.475
45519,0.0,0.0,22.475
45520,0.0,0.0,22.475
45521,0.0,0.0,22.475
45522,-600.0,600.0,22.475
45523,-379.0,379.0,22.475
45524,0.0,200.0,22.475
45525,-300.0,300.0,22.475
45526,-950.0,950.0,22.47
45527,0.0,0.0,22.465
45528,0.0,0.0,22.465
45529,0.0,0.0,22.465
45530,0.0,0.0,22.465
45531,3956.0,4402.0,22.465
45532,0.0,0.0,22.465
45533,0.0,0.0,22.465
45534,0.0,0.0,22.465
45535,0.0,0.0,22.465
45536,0.0,0.0,22.465
45537,0.0,0.0,22.465
45538,0.0,0.0,22.465
45539,0.0,0.0,22.465
45540,0.0,0.0,22.465
45541,0.0,0.0,22.465
45542,0.0,0.0,22.465
45543,942.0,2542.0,22.475
45544,0.0,0.0,22.475
45545,-200.0,200.0,22.475
45546,-600.0,600.0,22.475
45547,0.0,0.0,22.475
45548,-250.0,250.0,22.475
45549,-750.0,3830.0,22.475
45550,400.0,400.0,22.475
45551,0.0,0.0,22.475
45552,0.0,0.0,22.475
45553,0.0,0.0,22.475
45554,-954.0,954.0,22.465
45555,0.0,0.0,22.465
45556,0.0,0.0,22.465
45557,0.0,0.0,22.465
45558,3213.0,3213.0,22.465
45559,0.0,0.0,22.465
45560,0.0,0.0,22.465
45561,0.0,0.0,22.465
45562,0.0,0.0,22.465
45563,0.0,0.0,22.465
45564,0.0,0.0,22.465
45565,0.0,0.0,22.465
45566,0.0,0.0,22.465
45567,0.0,0.0,22.465
45568,0.0,0.0,22.465
45569,0.0,0.0,22.465
45570,0.0,0.0,22.465
45571,0.0,0.0,22.465
45572,0.0,0.0,22.465
45573,0.0,0.0,22.465
45574,0.0,0.0,22.465
45575,0.0,0.0,22.465
45576,0.0,0.0,22.465
45577,0.0,0.0,22.465
45578,0.0,0.0,22.465
45579,0.0,0.0,22.465
45580,0.0,0.0,22.465
45581,0.0,0.0,22.465
45582,-9420.0,9420.0,22.455
45583,-4110.0,4110.0,22.445
45584,0.0,0.0,22.445
45585,-2132.0,12740.0,22.445
45586,0.0,0.0,22.445
45587,5302.0,5302.0,22.465
45588,0.0,0.0,22.465
45589,0.0,0.0,22.465
45590,0.0,0.0,22.465
45591,0.0,0.0,22.465
45592,0.0,0.0,22.465
45593,0.0,0.0,22.465
45594,0.0,0.0,22.465
45595,0.0,0.0,22.465
45596,2837.0,2837.0,22.475
45597,-1678.0,1678.0,22.465
45598,-9200.0,10600.0,22.465
45599,-800.0,800.0,22.465
45600,-1226.0,1274.0,22.455
45601,0.0,0.0,22.455
45602,1516.0,1516.0,22.465
45603,0.0,0.0,22.465
45604,3799.0,5125.0,22.465
45605,92.0,92.0,22.465
45606,191.0,1991.0,22.475
45607,-1950.0,1950.0,22.475
45608,0.0,0.0,22.475
45609,0.0,0.0,22.475
45610,0.0,0.0,22.475
45611,0.0,0.0,22.475
45612,0.0,0.0,22.475
45613,0.0,0.0,22.475
45614,0.0,0.0,22.475
45615,0.0,0.0,22.475
45616,0.0,0.0,22.475
45617,0.0,0.0,22.475
45618,0.0,0.0,22.475
45619,2582.0,2582.0,22.495
45620,0.0,0.0,22.495
45621,0.0,0.0,22.495
45622,0.0,0.0,22.495
45623,0.0,0.0,22.495
45624,299.0,1107.0,22.495
45625,-500.0,500.0,22.485
45626,0.0,0.0,22.485
45627,0.0,0.0,22.485
45628,0.0,0.0,22.485
45629,0.0,0.0,22.485
45630,0.0,0.0,22.485
45631,4824.0,11492.0,22.485
45632,0.0,0.0,22.485
45633,0.0,0.0,22.485
45634,866.0,866.0,22.495
45635,0.0,0.0,22.495
45636,-15940.0,16740.0,22.485
45637,0.0,0.0,22.485
45638,0.0,0.0,22.485
45639,0.0,0.0,22.485
45640,0.0,0.0,22.485
45641,0.0,0.0,22.485
45642,0.0,0.0,22.485
45643,0.0,0.0,22.485
45644,0.0,0.0,22.485
45645,0.0,0.0,22.485
45646,1063.0,1063.0,22.495
45647,0.0,0.0,22.495
45648,0.0,0.0,22.495
45649,-10700.0,10700.0,22.485
45650,0.0,0.0,22.485
45651,0.0,0.0,22.485
45652,0.0,0.0,22.485
45653,0.0,0.0,22.485
45654,0.0,0.0,22.485
45655,0.0,0.0,22.485
45656,0.0,0.0,22.485
45657,0.0,0.0,22.485
45658,0.0,0.0,22.485
45659,-1915.0,1915.0,22.475
45660,1965.0,1965.0,22.485
45661,0.0,0.0,22.485
45662,0.0,0.0,22.485
45663,0.0,0.0,22.485
45664,0.0,0.0,22.485
45665,3549.0,3549.0,22.495
45666,0.0,0.0,22.495
45667,-975.0,975.0,22.495
45668,0.0,0.0,22.495
45669,0.0,0.0,22.495
45670,-500.0,500.0,22.485
45671,0.0,0.0,22.485
45672,-6159.0,6159.0,22.475
45673,3951.0,3951.0,22.485
45674,0.0,0.0,22.485
45675,0.0,0.0,22.485
45676,0.0,0.0,22.485
45677,0.0,0.0,22.485
45678,0.0,0.0,22.485
45679,0.0,0.0,22.485
45680,0.0,0.0,22.485
45681,0.0,0.0,22.485
45682,0.0,0.0,22.485
45683,0.0,0.0,22.485
45684,0.0,0.0,22.485
45685,0.0,0.0,22.485
45686,0.0,0.0,22.485
45687,0.0,0.0,22.485
45688,3554.0,3554.0,22.495
45689,0.0,0.0,22.495
45690,0.0,0.0,22.495
45691,0.0,0.0,22.495
45692,-852.0,852.0,22.485
45693,0.0,0.0,22.485
45694,0.0,0.0,22.485
45695,0.0,0.0,22.485
45696,0.0,0.0,22.485
45697,0.0,0.0,22.485
45698,3412.0,3412.0,22.495
45699,0.0,0.0,22.495
45700,0.0,0.0,22.495
45701,0.0,0.0,22.495
45702,0.0,0.0,22.495
45703,0.0,0.0,22.495
45704,-484.0,484.0,22.485
45705,0.0,0.0,22.485
45706,0.0,0.0,22.485
45707,0.0,0.0,22.485
45708,0.0,0.0,22.485
45709,0.0,0.0,22.485
45710,0.0,0.0,22.485
45711,0.0,0.0,22.485
45712,0.0,0.0,22.485
45713,0.0,0.0,22.485
45714,0.0,0.0,22.485
45715,0.0,0.0,22.485
45716,0.0,0.0,22.485
45717,0.0,0.0,22.485
45718,0.0,0.0,22.485
45719,0.0,0.0,22.485
45720,0.0,0.0,22.485
45721,0.0,0.0,22.485
45722,0.0,0.0,22.485
45723,0.0,0.0,22.485
45724,0.0,0.0,22.485
45726,-22.0,22.0,22.485
45727,0.0,0.0,22.485
45728,0.0,0.0,22.485
45729,0.0,0.0,22.485
45730,0.0,0.0,22.485
45731,0.0,0.0,22.485
45732,0.0,0.0,22.485
45733,-200.0,200.0,22.485
45734,0.0,0.0,22.485
45735,-2082.0,2986.0,22.485
45736,591.0,4209.0,22.485
45737,0.0,0.0,22.485
45738,-1351.0,1351.0,22.475
45739,0.0,0.0,22.475
45740,1801.0,1803.0,22.485
45741,-1751.0,1751.0,22.485
45742,-810.0,810.0,22.475
45743,0.0,0.0,22.475
45744,0.0,0.0,22.475
45745,1658.0,1658.0,22.485
45746,0.0,0.0,22.485
45747,0.0,0.0,22.485
45748,0.0,0.0,22.485
45749,0.0,0.0,22.485
45750,0.0,0.0,22.485
45751,0.0,0.0,22.485
45752,0.0,0.0,22.485
45753,0.0,0.0,22.485
45754,0.0,0.0,22.485
45755,0.0,0.0,22.485
45756,0.0,0.0,22.485
45757,0.0,0.0,22.485
45758,0.0,0.0,22.485
45759,-605.0,605.0,22.475
45760,-1474.0,1474.0,22.475
45761,0.0,0.0,22.475
45762,0.0,0.0,22.475
45763,0.0,0.0,22.475
45764,0.0,0.0,22.475
45765,0.0,0.0,22.475
45766,0.0,0.0,22.475
45767,0.0,0.0,22.475
45768,0.0,0.0,22.475
45769,0.0,0.0,22.475
45770,0.0,0.0,22.475
45771,0.0,0.0,22.475
45772,0.0,0.0,22.475
45773,0.0,0.0,22.475
45774,0.0,0.0,22.475
45775,0.0,0.0,22.475
45776,0.0,0.0,22.475
45777,0.0,0.0,22.475
45778,0.0,0.0,22.475
45779,0.0,0.0,22.475
45780,-7800.0,7800.0,22.465
45781,0.0,0.0,22.465
45782,0.0,0.0,22.465
45783,650.0,650.0,22.475
45784,0.0,0.0,22.475
45785,0.0,0.0,22.475
45786,0.0,0.0,22.475
45787,0.0,0.0,22.475
45788,0.0,0.0,22.475
45789,0.0,0.0,22.475
45790,0.0,0.0,22.475
45791,-1100.0,1100.0,22.465
45792,0.0,0.0,22.465
45793,-10470.0,10470.0,22.455
45794,0.0,0.0,22.455
45795,0.0,0.0,22.455
45796,0.0,0.0,22.455
45797,0.0,0.0,22.455
45798,0.0,0.0,22.455
45799,0.0,0.0,22.455
45800,0.0,0.0,22.455
45801,0.0,0.0,22.455
45802,0.0,0.0,22.455
45803,0.0,0.0,22.455
45804,0.0,0.0,22.455
45805,0.0,0.0,22.455
45806,-1472.0,1472.0,22.445
45807,0.0,0.0,22.445
45808,0.0,0.0,22.445
45809,0.0,0.0,22.445
45810,0.0,0.0,22.445
45811,0.0,0.0,22.445
45812,0.0,0.0,22.445
45813,0.0,0.0,22.445
45814,0.0,0.0,22.445
45815,0.0,0.0,22.445
45816,0.0,0.0,22.445
45817,0.0,0.0,22.445
45818,0.0,0.0,22.445
45819,0.0,0.0,22.445
45820,-1556.0,1556.0,22.435
45821,-650.0,650.0,22.435
45822,-667.0,667.0,22.435
45823,0.0,0.0,22.435
45824,0.0,0.0,22.435
45825,0.0,0.0,22.435
45826,0.0,0.0,22.435
45827,-509.0,509.0,22.425
45828,0.0,0.0,22.425
45829,0.0,0.0,22.425
45830,2024.0,2024.0,22.425
45831,0.0,0.0,22.425
45832,1776.0,1776.0,22.425
45833,2900.0,2900.0,22.425
45834,0.0,0.0,22.425
45835,0.0,0.0,22.425
45836,0.0,0.0,22.425
45837,0.0,0.0,22.425
45838,0.0,0.0,22.425
45839,0.0,0.0,22.425
45840,0.0,0.0,22.425
45841,0.0,0.0,22.425
45842,-263.0,263.0,22.425
45843,0.0,0.0,22.425
45844,5096.0,12096.0,22.425
45845,0.0,0.0,22.425
45846,0.0,0.0,22.425
45847,0.0,0.0,22.425
45848,0.0,0.0,22.425
45849,2918.0,3918.0,22.425
45850,897.0,897.0,22.435
45851,-824.0,824.0,22.425
45852,0.0,0.0,22.425
45853,1882.0,1882.0,22.435
45854,-811.0,811.0,22.425
45855,0.0,0.0,22.425
45856,0.0,0.0,22.425
45857,0.0,0.0,22.425
45858,0.0,0.0,22.425
45859,0.0,0.0,22.425
45860,0.0,0.0,22.425
45861,0.0,0.0,22.425
45862,0.0,0.0,22.425
45863,0.0,0.0,22.425
45864,0.0,0.0,22.425
45865,0.0,0.0,22.425
45866,0.0,0.0,22.425
45867,0.0,0.0,22.425
45868,0.0,0.0,22.425
45869,0.0,0.0,22.425
45870,-406.0,406.0,22.425
45871,0.0,0.0,22.425
45872,0.0,0.0,22.425
45873,0.0,0.0,22.425
45874,0.0,0.0,22.425
45875,0.0,0.0,22.425
45876,0.0,0.0,22.425
45877,0.0,0.0,22.425
45878,0.0,0.0,22.425
45879,0.0,0.0,22.425
45880,0.0,0.0,22.425
45881,0.0,0.0,22.425
45882,0.0,0.0,22.425
45883,0.0,0.0,22.425
45884,0.0,0.0,22.425
45885,0.0,0.0,22.425
45886,0.0,0.0,22.425
45887,0.0,0.0,22.425
45888,0.0,0.0,22.425
45889,0.0,0.0,22.425
45890,-1853.0,1941.0,22.415
45891,0.0,0.0,22.415
45892,0.0,0.0,22.415
45893,0.0,0.0,22.415
45894,0.0,0.0,22.415
45895,0.0,0.0,22.415
45896,0.0,0.0,22.415
45897,0.0,0.0,22.415
45898,0.0,0.0,22.415
45899,0.0,0.0,22.415
45900,1545.0,1547.0,22.425
45901,0.0,0.0,22.425
45902,0.0,0.0,22.425
45903,0.0,0.0,22.425
45904,0.0,0.0,22.425
45905,0.0,0.0,22.425
45906,0.0,0.0,22.425
45907,0.0,0.0,22.425
45908,0.0,0.0,22.425
45909,0.0,0.0,22.425
45910,0.0,0.0,22.425
45911,0.0,0.0,22.425
45912,0.0,0.0,22.425
45913,0.0,0.0,22.425
45914,0.0,0.0,22.425
45915,0.0,0.0,22.425
45916,0.0,0.0,22.425
45917,-1.0,1.0,22.425
45918,0.0,0.0,22.425
45919,0.0,0.0,22.425
45920,0.0,0.0,22.425
45921,0.0,0.0,22.425
45922,0.0,0.0,22.425
45923,0.0,0.0,22.425
45924,0.0,0.0,22.425
45925,0.0,0.0,22.425
45926,0.0,0.0,22.425
45927,0.0,0.0,22.425
45928,0.0,0.0,22.425
45929,0.0,0.0,22.425
45930,0.0,0.0,22.425
45931,0.0,0.0,22.425
45932,0.0,0.0,22.425
45933,0.0,0.0,22.425
45934,0.0,0.0,22.425
45935,2774.0,2774.0,22.435
45936,2596.0,2596.0,22.445
45937,-17041.0,22353.0,22.435
45938,0.0,0.0,22.435
45939,0.0,0.0,22.435
45940,0.0,0.0,22.435
45941,0.0,0.0,22.435
45942,0.0,0.0,22.435
45943,0.0,0.0,22.435
45944,0.0,0.0,22.435
45945,0.0,0.0,22.435
45946,0.0,0.0,22.435
45947,0.0,0.0,22.435
45948,-2275.0,2275.0,22.425
45949,0.0,0.0,22.425
45950,-571.0,571.0,22.425
45951,0.0,0.0,22.425
45952,0.0,0.0,22.425
45953,-7689.0,7689.0,22.405
45954,0.0,0.0,22.405
45955,0.0,0.0,22.405
45956,0.0,0.0,22.405
45957,0.0,0.0,22.405
45958,0.0,0.0,22.405
45959,0.0,0.0,22.405
45960,0.0,0.0,22.405
45961,0.0,0.0,22.405
45962,0.0,0.0,22.405
45963,6616.0,6616.0,22.405
45964,1623.0,1623.0,22.415
45965,0.0,0.0,22.415
45966,550.0,750.0,22.415
45967,0.0,0.0,22.415
45968,0.0,0.0,22.415
45969,-30.0,30.0,22.415
45970,0.0,0.0,22.415
45971,0.0,0.0,22.415
45972,0.0,0.0,22.415
45973,0.0,0.0,22.415
45974,0.0,0.0,22.415
45975,0.0,0.0,22.415
45976,0.0,0.0,22.415
45977,0.0,0.0,22.415
45978,0.0,0.0,22.415
45979,0.0,0.0,22.415
45980,0.0,0.0,22.415
45981,0.0,0.0,22.415
45982,0.0,0.0,22.415
45983,0.0,0.0,22.415
45984,0.0,0.0,22.415
45985,0.0,0.0,22.415
45986,0.0,0.0,22.415
45987,0.0,0.0,22.415
45988,0.0,0.0,22.415
45989,1048.0,1048.0,22.425
45990,0.0,0.0,22.425
45991,0.0,0.0,22.425
45992,0.0,0.0,22.425
45993,0.0,0.0,22.425
45994,0.0,0.0,22.425
45995,-1958.0,1958.0,22.415
45996,0.0,0.0,22.415
45997,0.0,0.0,22.415
45998,0.0,0.0,22.415
45999,0.0,0.0,22.415
46000,0.0,0.0,22.415
46001,0.0,0.0,22.415
46002,0.0,0.0,22.415
46003,0.0,0.0,22.415
46004,-1156.0,1156.0,22.405
46005,0.0,0.0,22.405
46006,0.0,0.0,22.405
46007,-1.0,1.0,22.405
46008,-4772.0,4772.0,22.395
46009,0.0,0.0,22.395
46010,445.0,4445.0,22.395
46011,-793.0,793.0,22.385
46012,-9088.0,9488.0,22.385
46013,2236.0,2436.0,22.385
46014,-300.0,300.0,22.385
46015,0.0,0.0,22.385
46016,0.0,0.0,22.385
46017,0.0,0.0,22.385
46018,-82.0,82.0,22.385
46019,-1262.0,1262.0,22.375
46020,0.0,0.0,22.375
46021,0.0,0.0,22.375
46022,0.0,0.0,22.375
46023,1755.0,1755.0,22.375
46024,6499.0,6771.0,22.375
46025,0.0,0.0,22.375
46026,0.0,0.0,22.375
46027,0.0,0.0,22.375
46028,0.0,0.0,22.375
46029,-2453.0,3755.0,22.365
46030,45.0,45.0,22.365
46031,0.0,0.0,22.365
46032,0.0,0.0,22.365
46033,0.0,0.0,22.365
46034,0.0,0.0,22.365
46035,0.0,0.0,22.365
46036,0.0,0.0,22.365
46037,0.0,0.0,22.365
46038,0.0,0.0,22.365
46039,0.0,0.0,22.365
46040,-2498.0,3648.0,22.355
46041,550.0,550.0,22.365
46042,-778.0,778.0,22.365
46043,0.0,0.0,22.365
46044,0.0,0.0,22.365
46045,0.0,0.0,22.365
46046,0.0,0.0,22.365
46047,0.0,0.0,22.365
46048,3318.0,3318.0,22.375
46049,100.0,100.0,22.385
46050,11.0,11.0,22.385
46051,1037.0,1037.0,22.395
46052,0.0,0.0,22.395
46053,0.0,0.0,22.395
46054,0.0,0.0,22.395
46055,-5450.0,8422.0,22.395
46056,0.0,0.0,22.395
46057,1003.0,5905.0,22.405
46058,736.0,1736.0,22.405
46059,1373.0,1373.0,22.415
46060,0.0,0.0,22.415
46061,-956.0,956.0,22.405
46062,0.0,0.0,22.405
46063,0.0,0.0,22.405
46064,0.0,0.0,22.405
46065,0.0,0.0,22.405
46066,0.0,0.0,22.405
46067,0.0,0.0,22.405
46068,0.0,0.0,22.405
46069,537.0,537.0,22.405
46070,0.0,0.0,22.405
46071,0.0,0.0,22.405
46072,0.0,0.0,22.405
46073,0.0,0.0,22.405
46074,0.0,0.0,22.405
46075,0.0,0.0,22.405
46076,0.0,0.0,22.405
46077,0.0,0.0,22.405
46078,0.0,0.0,22.405
46079,0.0,0.0,22.405
46080,0.0,0.0,22.405
46081,0.0,0.0,22.405
46082,0.0,0.0,22.405
46083,0.0,0.0,22.405
46084,0.0,0.0,22.405
46085,0.0,0.0,22.405
46086,0.0,0.0,22.405
46087,0.0,0.0,22.405
46088,0.0,0.0,22.405
46089,0.0,0.0,22.405
46090,0.0,0.0,22.405
46091,0.0,0.0,22.405
46092,1747.0,1747.0,22.425
46093,0.0,0.0,22.425
46094,0.0,0.0,22.425
46095,0.0,0.0,22.425
46096,0.0,0.0,22.425
46097,0.0,0.0,22.425
46098,0.0,0.0,22.425
46099,-1252.0,1252.0,22.415
46100,0.0,0.0,22.415
46101,-700.0,700.0,22.415
46102,0.0,0.0,22.415
46103,0.0,0.0,22.415
46104,0.0,0.0,22.415
46105,0.0,0.0,22.415
46106,-141.0,141.0,22.415
46107,0.0,0.0,22.415
46108,0.0,0.0,22.415
46109,0.0,0.0,22.415
46110,0.0,0.0,22.415
46111,-642.0,642.0,22.415
46112,0.0,0.0,22.415
46113,0.0,0.0,22.415
46115,0.0,0.0,22.415
46116,0.0,0.0,22.415
46117,0.0,0.0,22.415
46118,0.0,0.0,22.415
46119,0.0,0.0,22.415
46120,1230.0,1230.0,22.425
46121,0.0,0.0,22.425
46122,1220.0,1220.0,22.435
46123,0.0,0.0,22.435
46124,0.0,0.0,22.435
46125,0.0,0.0,22.435
46126,0.0,0.0,22.435
46127,0.0,0.0,22.435
46128,0.0,0.0,22.435
46129,0.0,0.0,22.435
46130,0.0,0.0,22.435
46131,0.0,0.0,22.435
46132,0.0,0.0,22.435
46133,-1650.0,1650.0,22.425
46134,0.0,0.0,22.425
46135,0.0,0.0,22.425
46136,-2000.0,2000.0,22.415
46137,0.0,0.0,22.415
46138,0.0,0.0,22.415
46139,0.0,0.0,22.415
46140,0.0,0.0,22.415
46141,300.0,900.0,22.425
46142,0.0,0.0,22.425
46143,0.0,0.0,22.425
46144,0.0,0.0,22.425
46145,0.0,0.0,22.425
46146,0.0,0.0,22.425
46147,-100.0,100.0,22.425
46148,-1475.0,1475.0,22.415
46149,0.0,0.0,22.415
46150,0.0,0.0,22.415
46151,0.0,0.0,22.415
46152,0.0,0.0,22.415
46153,0.0,0.0,22.415
46154,0.0,0.0,22.415
46155,0.0,0.0,22.415
46156,0.0,0.0,22.415
46157,0.0,0.0,22.415
46158,0.0,0.0,22.415
46159,0.0,0.0,22.415
46160,0.0,0.0,22.415
46161,0.0,0.0,22.415
46162,0.0,0.0,22.415
46163,0.0,0.0,22.415
46164,0.0,0.0,22.415
46165,0.0,0.0,22.415
46166,0.0,0.0,22.415
46167,0.0,0.0,22.415
46168,0.0,0.0,22.415
46169,0.0,0.0,22.415
46170,0.0,0.0,22.415
46171,0.0,0.0,22.415
46172,0.0,0.0,22.415
46173,0.0,0.0,22.415
46174,0.0,0.0,22.415
46175,0.0,0.0,22.415
46176,0.0,0.0,22.415
46177,0.0,0.0,22.415
46178,0.0,0.0,22.415
46179,0.0,0.0,22.415
46180,0.0,0.0,22.415
46181,0.0,0.0,22.415
46182,0.0,0.0,22.415
46183,0.0,0.0,22.415
46184,0.0,0.0,22.415
46185,0.0,0.0,22.415
46186,0.0,0.0,22.415
46187,0.0,0.0,22.415
46188,0.0,0.0,22.415
46189,0.0,0.0,22.415
46190,0.0,0.0,22.415
46191,0.0,0.0,22.415
46192,0.0,0.0,22.415
46193,0.0,0.0,22.415
46194,0.0,0.0,22.415
46195,-208.0,3992.0,22.415
46196,0.0,0.0,22.415
46197,0.0,0.0,22.415
46198,0.0,0.0,22.415
46199,0.0,0.0,22.415
46200,0.0,0.0,22.415
46201,0.0,0.0,22.415
46202,-1744.0,5764.0,22.415
46203,0.0,0.0,22.415
46204,0.0,0.0,22.415
46205,0.0,0.0,22.415
46206,2285.0,2285.0,22.425
46207,0.0,0.0,22.425
46208,0.0,0.0,22.425
46209,300.0,300.0,22.435
46210,-122.0,1578.0,22.435
46211,0.0,0.0,22.435
46212,0.0,0.0,22.435
46213,0.0,0.0,22.435
46214,0.0,0.0,22.435
46215,0.0,0.0,22.435
46216,0.0,0.0,22.435
46217,0.0,0.0,22.435
46218,0.0,0.0,22.435
46219,3413.0,3413.0,22.445
46220,2594.0,2594.0,22.455
46221,335.0,335.0,22.455
46222,0.0,0.0,22.455
46223,0.0,0.0,22.455
46224,0.0,0.0,22.455
46225,1450.0,1450.0,22.455
46226,0.0,0.0,22.455
46227,0.0,0.0,22.455
46228,0.0,0.0,22.455
46229,0.0,0.0,22.455
46230,0.0,0.0,22.455
46231,0.0,0.0,22.455
46232,0.0,0.0,22.455
46233,0.0,0.0,22.455
46235,0.0,0.0,22.455
46236,-8870.0,8870.0,22.445
46237,0.0,0.0,22.445
46238,0.0,0.0,22.445
46239,-2813.0,2813.0,22.435
46240,0.0,0.0,22.435
46241,0.0,0.0,22.435
46242,0.0,0.0,22.435
46243,0.0,0.0,22.435
46244,0.0,0.0,22.435
46245,0.0,0.0,22.435
46246,0.0,0.0,22.435
46247,2904.0,2904.0,22.435
46248,0.0,0.0,22.435
46249,-1532.0,2468.0,22.445
46250,0.0,0.0,22.445
46251,0.0,0.0,22.445
46252,0.0,0.0,22.445
46253,0.0,0.0,22.445
46254,0.0,0.0,22.445
46255,0.0,0.0,22.445
46256,0.0,0.0,22.445
46257,0.0,0.0,22.445
46258,-1100.0,1100.0,22.435
46259,0.0,0.0,22.435
46260,0.0,0.0,22.435
46261,0.0,0.0,22.435
46262,0.0,0.0,22.435
46263,0.0,0.0,22.435
46264,0.0,0.0,22.435
46265,0.0,0.0,22.435
46266,0.0,0.0,22.435
46267,0.0,0.0,22.435
46268,0.0,0.0,22.435
46269,50.0,50.0,22.435
46270,0.0,0.0,22.435
46271,0.0,0.0,22.435
46272,0.0,0.0,22.435
46273,0.0,0.0,22.435
46274,0.0,0.0,22.435
46275,0.0,0.0,22.435
46276,0.0,0.0,22.435
46277,0.0,0.0,22.435
46278,0.0,0.0,22.435
46279,0.0,0.0,22.435
46280,0.0,0.0,22.435
46281,-6600.0,6600.0,22.435
46282,0.0,0.0,22.435
46283,0.0,0.0,22.435
46284,0.0,0.0,22.435
46285,50.0,50.0,22.435
46286,0.0,0.0,22.435
46287,0.0,0.0,22.435
46288,2947.0,2947.0,22.445
46289,0.0,0.0,22.445
46290,0.0,0.0,22.445
46291,0.0,0.0,22.445
46292,0.0,0.0,22.445
46293,0.0,0.0,22.445
46294,0.0,0.0,22.445
46295,0.0,0.0,22.445
46296,0.0,0.0,22.445
46297,0.0,0.0,22.445
46298,-9.0,9.0,22.445
46299,0.0,0.0,22.445
46300,0.0,0.0,22.445
46301,0.0,0.0,22.445
46302,0.0,0.0,22.445
46303,0.0,0.0,22.445
46304,0.0,0.0,22.445
46305,0.0,0.0,22.445
46306,0.0,0.0,22.445
46307,-1694.0,1694.0,22.435
46308,0.0,0.0,22.435
46309,0.0,0.0,22.435
46310,0.0,0.0,22.435
46311,0.0,0.0,22.435
46312,0.0,0.0,22.435
46313,0.0,0.0,22.435
46314,0.0,0.0,22.435
46315,0.0,0.0,22.435
46316,-137.0,137.0,22.435
46317,0.0,0.0,22.435
46318,2821.0,2821.0,22.435
46319,0.0,0.0,22.435
46320,0.0,0.0,22.435
46321,0.0,0.0,22.435
46322,0.0,0.0,22.435
46323,0.0,0.0,22.435
46324,0.0,0.0,22.435
46325,0.0,0.0,22.435
46326,0.0,0.0,22.435
46327,0.0,0.0,22.435
46328,0.0,0.0,22.435
46329,0.0,0.0,22.435
46330,0.0,0.0,22.435
46331,0.0,0.0,22.435
46332,0.0,0.0,22.435
46333,0.0,0.0,22.435
46334,-9390.0,9390.0,22.425
46335,0.0,0.0,22.425
46336,2899.0,2901.0,22.435
46337,0.0,0.0,22.435
46338,0.0,0.0,22.435
46339,-649.0,649.0,22.425
46340,0.0,0.0,22.425
46341,0.0,0.0,22.425
46342,0.0,0.0,22.425
46343,0.0,0.0,22.425
46344,0.0,0.0,22.425
46345,0.0,0.0,22.425
46346,0.0,0.0,22.425
46347,0.0,0.0,22.425
46348,0.0,0.0,22.425
46349,0.0,0.0,22.425
46350,0.0,0.0,22.425
46351,0.0,0.0,22.425
46352,0.0,0.0,22.425
46353,0.0,0.0,22.425
46354,0.0,0.0,22.425
46355,0.0,0.0,22.425
46356,0.0,0.0,22.425
46357,0.0,0.0,22.425
46358,0.0,0.0,22.425
46359,-2051.0,2051.0,22.415
46360,0.0,0.0,22.415
46361,0.0,0.0,22.415
46362,0.0,0.0,22.415
46363,0.0,0.0,22.415
46364,0.0,0.0,22.415
46365,0.0,0.0,22.415
46366,0.0,0.0,22.415
46367,0.0,0.0,22.415
46368,0.0,0.0,22.415
46369,-5862.0,5862.0,22.405
46370,200.0,200.0,22.405
46371,0.0,0.0,22.405
46372,2630.0,2630.0,22.415
46373,0.0,0.0,22.415
46374,0.0,0.0,22.415
46375,-870.0,870.0,22.41
46376,0.0,0.0,22.41
46377,0.0,0.0,22.41
46378,200.0,200.0,22.41
46379,0.0,1000.0,22.405
46380,0.0,0.0,22.405
46381,0.0,0.0,22.405
46382,0.0,0.0,22.405
46383,0.0,0.0,22.405
46384,0.0,0.0,22.405
46385,4385.0,5785.0,22.415
46386,0.0,0.0,22.415
46387,1700.0,1700.0,22.425
46388,-6302.0,7302.0,22.425
46389,0.0,0.0,22.425
46390,0.0,0.0,22.425
46391,4945.0,5745.0,22.435
46392,0.0,0.0,22.435
46393,0.0,0.0,22.435
46394,0.0,0.0,22.435
46395,0.0,0.0,22.435
46396,0.0,0.0,22.43
46397,0.0,0.0,22.43
46398,300.0,300.0,22.435
46399,0.0,0.0,22.435
46400,0.0,0.0,22.435
46401,0.0,0.0,22.435
46402,0.0,0.0,22.435
46403,0.0,0.0,22.435
46404,0.0,0.0,22.435
46405,0.0,0.0,22.435
46406,0.0,0.0,22.435
46407,0.0,0.0,22.435
46408,0.0,0.0,22.435
46409,0.0,0.0,22.435
46410,0.0,0.0,22.435
46411,6.0,6.0,22.435
46412,69.0,69.0,22.435
46413,1.0,1.0,22.435
46414,2940.0,2940.0,22.435
46415,0.0,0.0,22.435
46416,0.0,0.0,22.435
46417,0.0,0.0,22.435
46418,0.0,0.0,22.435
46419,0.0,0.0,22.435
46420,0.0,0.0,22.435
46421,-633.0,3087.0,22.445
46422,0.0,0.0,22.445
46423,-1100.0,1100.0,22.445
46424,0.0,0.0,22.445
46425,1193.0,2793.0,22.45
46426,0.0,0.0,22.455
46427,1481.0,2681.0,22.465
46428,0.0,0.0,22.465
46429,0.0,0.0,22.465
46430,0.0,0.0,22.465
46431,0.0,0.0,22.465
46432,0.0,0.0,22.465
46433,-415.0,415.0,22.455
46434,0.0,0.0,22.455
46435,0.0,0.0,22.455
46436,0.0,0.0,22.455
46437,0.0,0.0,22.455
46438,0.0,0.0,22.455
46439,0.0,0.0,22.455
46440,0.0,0.0,22.455
46441,0.0,0.0,22.455
46442,0.0,0.0,22.455
46443,0.0,0.0,22.455
46444,0.0,0.0,22.455
46445,0.0,0.0,22.455
46446,1774.0,1774.0,22.465
46447,1394.0,1394.0,22.485
46448,1818.0,1818.0,22.495
46449,0.0,0.0,22.495
46450,0.0,0.0,22.495
46451,0.0,0.0,22.495
46452,0.0,0.0,22.495
46453,0.0,0.0,22.495
46454,0.0,0.0,22.495
46455,4150.0,4150.0,22.505
46456,0.0,0.0,22.505
46457,0.0,0.0,22.505
46458,0.0,0.0,22.505
46459,660.0,660.0,22.515
46460,0.0,0.0,22.515
46461,0.0,0.0,22.515
46462,-1575.0,1575.0,22.515
46463,-1409.0,1409.0,22.515
46464,0.0,0.0,22.515
46465,0.0,0.0,22.515
46466,0.0,0.0,22.515
46467,0.0,0.0,22.515
46468,0.0,0.0,22.515
46469,0.0,0.0,22.515
46470,0.0,0.0,22.515
46471,0.0,0.0,22.515
46472,2083.0,6069.0,22.515
46473,-222.0,222.0,22.505
46474,0.0,0.0,22.505
46475,0.0,0.0,22.505
46476,0.0,0.0,22.505
46477,0.0,0.0,22.505
46478,1046.0,1046.0,22.515
46479,0.0,0.0,22.515
46480,0.0,0.0,22.515
46481,0.0,0.0,22.515
46482,0.0,0.0,22.515
46483,-90.0,90.0,22.515
46484,0.0,0.0,22.515
46485,0.0,0.0,22.515
46486,0.0,0.0,22.515
46487,0.0,0.0,22.515
46488,-515.0,515.0,22.505
46489,0.0,0.0,22.505
46490,0.0,0.0,22.505
46491,0.0,0.0,22.505
46492,0.0,0.0,22.505
46493,0.0,0.0,22.505
46494,-6572.0,6572.0,22.495
46495,0.0,0.0,22.495
46496,4097.0,4097.0,22.495
46497,0.0,0.0,22.495
46498,0.0,0.0,22.495
46499,0.0,0.0,22.495
46500,0.0,0.0,22.495
46501,0.0,0.0,22.495
46502,0.0,0.0,22.495
46503,718.0,718.0,22.505
46504,690.0,690.0,22.515
46505,-2930.0,2930.0,22.515
46506,0.0,0.0,22.515
46507,0.0,0.0,22.515
46510,-258.0,258.0,22.505
46511,0.0,0.0,22.505
46512,0.0,0.0,22.505
46513,0.0,0.0,22.505
46514,0.0,0.0,22.505
46515,0.0,0.0,22.505
46516,0.0,0.0,22.505
46517,-1623.0,1623.0,22.495
46518,0.0,0.0,22.495
46519,0.0,0.0,22.495
46520,0.0,0.0,22.495
46521,0.0,0.0,22.495
46522,0.0,0.0,22.495
46523,-990.0,990.0,22.485
46524,0.0,0.0,22.485
46525,1770.0,1770.0,22.495
46526,0.0,0.0,22.495
46527,0.0,0.0,22.495
46528,0.0,0.0,22.495
46529,0.0,0.0,22.495
46530,0.0,0.0,22.495
46531,0.0,0.0,22.495
46532,0.0,0.0,22.495
46533,0.0,0.0,22.495
46534,0.0,0.0,22.495
46535,-403.0,403.0,22.485
46536,-2547.0,2547.0,22.475
46537,0.0,0.0,22.475
46538,0.0,0.0,22.475
46539,0.0,0.0,22.475
46540,-365.0,365.0,22.465
46541,0.0,0.0,22.465
46542,0.0,0.0,22.465
46543,300.0,800.0,22.465
46544,0.0,0.0,22.465
46545,0.0,0.0,22.465
46546,4750.0,5150.0,22.465
46547,0.0,0.0,22.465
46548,0.0,0.0,22.465
46549,0.0,0.0,22.465
46550,0.0,0.0,22.465
46551,0.0,0.0,22.465
46552,0.0,0.0,22.465
46553,0.0,0.0,22.465
46554,0.0,0.0,22.465
46555,0.0,0.0,22.465
46556,0.0,0.0,22.465
46557,0.0,0.0,22.465
46558,-3619.0,3619.0,22.455
46559,0.0,0.0,22.455
46560,0.0,0.0,22.455
46561,1060.0,1060.0,22.465
46562,0.0,0.0,22.465
46563,0.0,0.0,22.465
46564,0.0,0.0,22.465
46565,0.0,0.0,22.465
46566,-474.0,474.0,22.455
46567,0.0,0.0,22.455
46568,0.0,0.0,22.455
46569,0.0,0.0,22.455
46570,0.0,0.0,22.455
46571,0.0,0.0,22.455
46572,0.0,0.0,22.455
46573,0.0,0.0,22.455
46574,0.0,0.0,22.455
46575,2370.0,2370.0,22.465
46576,0.0,0.0,22.465
46577,0.0,0.0,22.465
46578,0.0,0.0,22.465
46579,0.0,0.0,22.465
46580,0.0,0.0,22.465
46581,-644.0,644.0,22.455
46582,0.0,0.0,22.455
46583,0.0,0.0,22.455
46584,0.0,0.0,22.455
46585,0.0,0.0,22.455
46586,0.0,0.0,22.455
46587,0.0,0.0,22.455
46588,0.0,0.0,22.455
46589,0.0,0.0,22.455
46590,0.0,0.0,22.455
46591,491.0,491.0,22.465
46592,0.0,0.0,22.465
46593,0.0,0.0,22.465
46594,0.0,0.0,22.465
46595,0.0,0.0,22.465
46596,-578.0,578.0,22.455
46597,0.0,0.0,22.455
46598,0.0,0.0,22.455
46599,0.0,0.0,22.455
46600,0.0,0.0,22.455
46601,0.0,0.0,22.455
46602,-1486.0,1486.0,22.435
46603,0.0,0.0,22.435
46604,0.0,0.0,22.435
46605,-1010.0,1010.0,22.425
46606,0.0,0.0,22.425
46607,1628.0,1628.0,22.435
46608,-650.0,650.0,22.425
46609,-853.0,853.0,22.415
46610,300.0,300.0,22.415
46611,-2500.0,2500.0,22.405
46612,0.0,0.0,22.405
46613,0.0,0.0,22.405
46614,4264.0,4264.0,22.415
46615,-838.0,838.0,22.405
46616,0.0,0.0,22.405
46617,0.0,0.0,22.405
46618,0.0,0.0,22.405
46619,0.0,0.0,22.405
46620,1605.0,1605.0,22.415
46621,0.0,0.0,22.415
46622,0.0,0.0,22.415
46623,19165.0,19165.0,22.425
46624,0.0,0.0,22.425
46625,0.0,0.0,22.425
46626,100.0,100.0,22.435
46627,-401.0,401.0,22.435
46628,-50.0,50.0,22.425
46629,0.0,0.0,22.425
46630,0.0,0.0,22.425
46631,0.0,0.0,22.425
46632,0.0,0.0,22.425
46633,0.0,0.0,22.425
46634,0.0,0.0,22.425
46635,0.0,0.0,22.425
46636,0.0,0.0,22.425
46637,0.0,0.0,22.425
46638,0.0,0.0,22.425
46639,0.0,0.0,22.425
46640,0.0,0.0,22.425
46641,0.0,0.0,22.425
46642,0.0,0.0,22.425
46643,0.0,0.0,22.425
46644,0.0,0.0,22.425
46645,0.0,0.0,22.425
46646,0.0,0.0,22.425
46647,0.0,0.0,22.425
46648,0.0,0.0,22.425
46649,0.0,0.0,22.425
46650,0.0,0.0,22.425
46651,0.0,0.0,22.425
46652,0.0,0.0,22.425
46653,0.0,0.0,22.425
46654,-906.0,906.0,22.415
46655,0.0,0.0,22.415
46656,0.0,0.0,22.415
46657,0.0,0.0,22.415
46658,401.0,401.0,22.425
46659,0.0,0.0,22.425
46660,0.0,0.0,22.425
46661,0.0,0.0,22.425
46662,0.0,0.0,22.425
46663,0.0,0.0,22.425
46664,0.0,0.0,22.425
46665,0.0,0.0,22.425
46666,0.0,0.0,22.425
46667,0.0,0.0,22.425
46668,0.0,0.0,22.425
46669,0.0,0.0,22.425
46670,200.0,200.0,22.425
46671,1148.0,1348.0,22.425
46672,705.0,905.0,22.425
46673,0.0,0.0,22.425
46674,445.0,445.0,22.435
46675,0.0,0.0,22.435
46676,0.0,0.0,22.435
46677,0.0,0.0,22.435
46678,0.0,0.0,22.435
46679,-1.0,1.0,22.435
46680,0.0,0.0,22.435
46681,0.0,0.0,22.435
46682,0.0,0.0,22.435
46683,0.0,0.0,22.435
46684,0.0,0.0,22.435
46685,467.0,467.0,22.445
46686,0.0,0.0,22.445
46687,-21.0,21.0,22.445
46688,-100.0,100.0,22.445
46689,0.0,0.0,22.445
46690,0.0,0.0,22.445
46691,0.0,0.0,22.445
46692,0.0,0.0,22.445
46693,0.0,0.0,22.445
46694,0.0,0.0,22.445
46695,0.0,0.0,22.445
46696,0.0,0.0,22.445
46697,0.0,0.0,22.445
46698,0.0,0.0,22.445
46699,0.0,0.0,22.445
46700,-603.0,603.0,22.435
46701,0.0,0.0,22.435
46702,-1000.0,1000.0,22.435
46703,0.0,0.0,22.435
46704,0.0,0.0,22.435
46705,0.0,0.0,22.435
46706,850.0,850.0,22.445
46707,0.0,0.0,22.445
46708,0.0,0.0,22.445
46709,-550.0,550.0,22.435
46710,0.0,0.0,22.435
46711,0.0,0.0,22.435
46712,0.0,0.0,22.435
46713,0.0,0.0,22.435
46714,0.0,0.0,22.435
46715,0.0,0.0,22.435
46716,0.0,0.0,22.435
46717,0.0,0.0,22.435
46718,1164.0,1164.0,22.445
46719,0.0,0.0,22.445
46720,0.0,0.0,22.445
46721,0.0,0.0,22.445
46722,3050.0,3650.0,22.455
46723,1541.0,1541.0,22.475
46724,-500.0,500.0,22.465
46725,0.0,0.0,22.465
46726,-1002.0,2522.0,22.465
46727,0.0,0.0,22.465
46728,-860.0,860.0,22.465
46729,-95.0,95.0,22.465
46730,0.0,0.0,22.465
46731,-2245.0,2245.0,22.455
46732,0.0,0.0,22.455
46733,185.0,185.0,22.465
46734,1964.0,4064.0,22.475
46735,1299.0,1299.0,22.485
46736,0.0,0.0,22.485
46737,0.0,0.0,22.485
46738,-1751.0,1751.0,22.475
46739,0.0,0.0,22.475
46740,-2.0,2.0,22.475
46741,0.0,0.0,22.475
46742,0.0,0.0,22.475
46743,-1772.0,1772.0,22.465
46744,0.0,0.0,22.465
46745,-1040.0,1040.0,22.455
46746,0.0,0.0,22.455
46747,0.0,0.0,22.455
46748,-1240.0,1240.0,22.445
46749,0.0,0.0,22.445
46750,996.0,996.0,22.455
46751,0.0,0.0,22.455
46752,0.0,0.0,22.455
46753,0.0,0.0,22.445
46754,0.0,0.0,22.445
46755,-848.0,848.0,22.435
46756,0.0,0.0,22.435
46757,0.0,0.0,22.445
46758,0.0,0.0,22.445
46759,0.0,0.0,22.445
46760,-7.0,7.0,22.445
46761,0.0,0.0,22.445
46762,-300.0,300.0,22.435
46763,1184.0,1184.0,22.445
46764,0.0,0.0,22.445
46765,0.0,0.0,22.445
46766,0.0,0.0,22.445
46767,0.0,0.0,22.445
46768,0.0,0.0,22.445
46769,0.0,0.0,22.445
46770,0.0,0.0,22.445
46771,-88.0,88.0,22.435
46772,0.0,0.0,22.435
46773,0.0,0.0,22.435
46774,600.0,600.0,22.435
46775,100.0,100.0,22.435
46776,0.0,0.0,22.435
46777,601.0,603.0,22.445
46778,0.0,0.0,22.445
46779,0.0,0.0,22.445
46780,0.0,0.0,22.445
46781,0.0,0.0,22.445
46782,0.0,0.0,22.445
46783,0.0,0.0,22.445
46784,0.0,0.0,22.445
46785,0.0,0.0,22.445
46786,0.0,0.0,22.445
46787,0.0,0.0,22.445
46788,0.0,0.0,22.445
46789,0.0,0.0,22.445
46790,0.0,0.0,22.445
46791,0.0,0.0,22.445
46793,0.0,0.0,22.445
46794,0.0,0.0,22.445
46795,0.0,0.0,22.445
46796,0.0,0.0,22.445
46797,0.0,0.0,22.445
46798,0.0,0.0,22.445
46799,0.0,0.0,22.445
46800,-839.0,839.0,22.435
46801,0.0,0.0,22.435
46802,0.0,0.0,22.435
46803,0.0,0.0,22.435
46804,0.0,0.0,22.435
46805,0.0,0.0,22.435
46806,0.0,0.0,22.435
46807,0.0,0.0,22.435
46808,0.0,0.0,22.435
46809,0.0,0.0,22.435
46810,0.0,0.0,22.435
46811,0.0,0.0,22.435
46812,-1817.0,1817.0,22.425
46813,0.0,0.0,22.425
46814,2928.0,4700.0,22.425
46815,0.0,0.0,22.425
46816,0.0,0.0,22.425
46817,0.0,0.0,22.425
46818,0.0,0.0,22.425
46819,0.0,0.0,22.425
46820,1536.0,1536.0,22.435
46821,0.0,0.0,22.435
46823,0.0,0.0,22.435
46824,0.0,0.0,22.435
46825,0.0,0.0,22.435
46826,0.0,0.0,22.435
46827,0.0,0.0,22.435
46828,0.0,0.0,22.435
46829,0.0,0.0,22.435
46830,0.0,0.0,22.435
46831,0.0,0.0,22.435
46832,0.0,0.0,22.435
46833,0.0,0.0,22.435
46834,2199.0,2199.0,22.445
46835,0.0,0.0,22.445
46836,0.0,0.0,22.445
46837,0.0,0.0,22.445
46838,0.0,0.0,22.445
46839,0.0,0.0,22.445
46840,0.0,0.0,22.445
46841,0.0,0.0,22.445
46842,0.0,0.0,22.445
46843,0.0,0.0,22.445
46844,0.0,0.0,22.445
46845,0.0,0.0,22.445
46846,1834.0,1834.0,22.455
46847,0.0,0.0,22.455
46848,0.0,0.0,22.455
46849,0.0,0.0,22.455
46850,0.0,0.0,22.455
46851,-1250.0,1250.0,22.445
46852,0.0,0.0,22.445
46853,0.0,0.0,22.445
46854,0.0,0.0,22.445
46855,0.0,0.0,22.445
46856,0.0,0.0,22.445
46857,0.0,0.0,22.445
46858,0.0,0.0,22.445
46859,0.0,0.0,22.445
46860,0.0,0.0,22.445
46861,0.0,0.0,22.445
46862,0.0,0.0,22.445
46863,0.0,0.0,22.445
46864,0.0,0.0,22.445
46865,0.0,0.0,22.445
46866,0.0,0.0,22.445
46867,0.0,0.0,22.445
46868,0.0,0.0,22.445
46869,0.0,0.0,22.445
46870,-40.0,40.0,22.445
46871,-329.0,329.0,22.435
46872,0.0,0.0,22.435
46873,0.0,0.0,22.435
46874,0.0,0.0,22.435
46875,-363.0,363.0,22.425
46876,0.0,0.0,22.425
46877,0.0,0.0,22.425
46878,0.0,0.0,22.425
46879,0.0,0.0,22.425
46880,0.0,0.0,22.425
46881,0.0,0.0,22.425
46882,0.0,0.0,22.425
46883,0.0,0.0,22.425
46884,0.0,0.0,22.425
46885,0.0,0.0,22.425
46886,0.0,0.0,22.425
46887,0.0,0.0,22.425
46888,0.0,0.0,22.425
46889,0.0,0.0,22.425
46890,0.0,0.0,22.425
46891,0.0,0.0,22.425
46892,0.0,0.0,22.425
46893,0.0,0.0,22.425
46894,0.0,0.0,22.425
46895,0.0,0.0,22.425
46896,0.0,0.0,22.425
46897,0.0,0.0,22.425
46898,0.0,0.0,22.425
46899,0.0,0.0,22.425
46900,0.0,0.0,22.425
46901,0.0,0.0,22.425
46902,0.0,0.0,22.425
46903,0.0,0.0,22.425
46904,0.0,0.0,22.425
46905,0.0,0.0,22.425
46906,0.0,0.0,22.425
46907,0.0,0.0,22.425
46908,0.0,0.0,22.425
46909,0.0,0.0,22.425
46910,0.0,0.0,22.425
46911,0.0,0.0,22.425
46912,0.0,0.0,22.425
46913,0.0,0.0,22.425
46914,0.0,0.0,22.425
46915,-3056.0,3056.0,22.415
46916,0.0,0.0,22.415
46917,0.0,0.0,22.415
46918,0.0,0.0,22.415
46919,0.0,0.0,22.415
46920,979.0,979.0,22.415
46921,0.0,0.0,22.415
46922,0.0,0.0,22.415
46923,0.0,0.0,22.415
46924,-9814.0,10614.0,22.405
46925,0.0,0.0,22.405
46926,0.0,0.0,22.405
46927,0.0,0.0,22.405
46929,0.0,0.0,22.405
46930,0.0,0.0,22.405
46931,0.0,0.0,22.405
46932,0.0,0.0,22.405
46933,0.0,0.0,22.405
46934,1397.0,1397.0,22.415
46935,0.0,0.0,22.415
46936,0.0,0.0,22.415
46937,0.0,0.0,22.415
46938,0.0,0.0,22.415
46939,0.0,0.0,22.415
46940,0.0,0.0,22.415
46942,0.0,0.0,22.415
46943,0.0,0.0,22.415
46944,-781.0,781.0,22.405
46945,0.0,0.0,22.405
46946,0.0,0.0,22.405
46947,0.0,0.0,22.405
46948,0.0,0.0,22.405
46950,0.0,0.0,22.405
46951,0.0,0.0,22.405
46952,0.0,0.0,22.405
46953,0.0,0.0,22.405
46954,0.0,0.0,22.405
46955,0.0,0.0,22.405
46956,0.0,0.0,22.405
46957,0.0,0.0,22.405
46958,0.0,0.0,22.405
46959,0.0,0.0,22.405
46960,0.0,0.0,22.405
46961,0.0,0.0,22.405
46962,0.0,0.0,22.405
46963,0.0,0.0,22.405
46964,0.0,0.0,22.405
46965,0.0,0.0,22.405
46966,0.0,0.0,22.405
46967,0.0,0.0,22.405
46968,0.0,0.0,22.405
46969,0.0,0.0,22.405
46970,0.0,0.0,22.405
46971,0.0,0.0,22.405
46972,0.0,0.0,22.405
46973,-11.0,11.0,22.405
46974,0.0,0.0,22.405
46975,0.0,0.0,22.405
46977,0.0,0.0,22.405
46978,0.0,0.0,22.405
46979,-400.0,400.0,22.405
46980,0.0,0.0,22.405
46981,0.0,0.0,22.405
46982,0.0,0.0,22.405
46983,1438.0,1438.0,22.415
46984,0.0,0.0,22.415
46985,0.0,0.0,22.415
46986,0.0,0.0,22.415
46987,0.0,0.0,22.415
46988,0.0,0.0,22.415
46989,0.0,0.0,22.415
46990,0.0,0.0,22.415
46991,0.0,0.0,22.415
46992,0.0,0.0,22.415
46993,-6039.0,6039.0,22.405
46994,0.0,0.0,22.405
46995,0.0,0.0,22.405
46996,0.0,0.0,22.405
46997,0.0,0.0,22.405
46998,0.0,0.0,22.405
46999,0.0,0.0,22.405
47000,0.0,0.0,22.405
47001,0.0,0.0,22.405
47002,0.0,0.0,22.405
47003,0.0,0.0,22.405
47004,0.0,0.0,22.405
47005,0.0,0.0,22.405
47006,0.0,0.0,22.405
47007,0.0,0.0,22.405
47008,0.0,0.0,22.405
47009,0.0,0.0,22.405
47010,0.0,0.0,22.405
47011,0.0,0.0,22.405
47012,0.0,0.0,22.405
47013,0.0,0.0,22.405
47014,0.0,0.0,22.405
47015,0.0,0.0,22.405
47016,0.0,0.0,22.405
47017,0.0,0.0,22.405
47018,0.0,0.0,22.405
47019,0.0,0.0,22.405
47020,0.0,0.0,22.405
47021,0.0,0.0,22.405
47022,0.0,0.0,22.405
47023,0.0,0.0,22.405
47024,0.0,0.0,22.405
47025,0.0,0.0,22.405
47026,0.0,0.0,22.405
47027,0.0,0.0,22.405
47028,0.0,0.0,22.405
47029,0.0,0.0,22.405
47030,0.0,0.0,22.405
47031,0.0,0.0,22.405
47032,0.0,0.0,22.405
47033,0.0,0.0,22.405
47034,0.0,0.0,22.405
47035,200.0,200.0,22.405
47036,0.0,0.0,22.405
47037,0.0,0.0,22.405
47038,0.0,0.0,22.405
47039,0.0,0.0,22.405
47040,0.0,0.0,22.405
47041,0.0,0.0,22.405
47042,0.0,0.0,22.405
47043,0.0,0.0,22.405
47044,0.0,0.0,22.405
47045,0.0,0.0,22.405
47046,0.0,0.0,22.405
47047,0.0,0.0,22.405
47048,0.0,0.0,22.405
47049,0.0,0.0,22.405
47050,0.0,0.0,22.405
47051,0.0,0.0,22.405
47052,0.0,0.0,22.405
47053,0.0,0.0,22.405
47054,0.0,0.0,22.405
47055,0.0,0.0,22.405
47056,0.0,0.0,22.405
47057,0.0,0.0,22.405
47058,0.0,0.0,22.405
47059,0.0,0.0,22.405
47060,-2361.0,2361.0,22.405
47061,-7409.0,7409.0,22.395
47062,-2556.0,2556.0,22.385
47063,0.0,0.0,22.385
47064,0.0,0.0,22.385
47065,0.0,0.0,22.385
47066,0.0,0.0,22.385
47067,0.0,0.0,22.385
47068,0.0,0.0,22.385
47069,0.0,0.0,22.385
47070,0.0,0.0,22.385
47071,0.0,0.0,22.385
47072,0.0,0.0,22.385
47073,0.0,0.0,22.385
47075,0.0,0.0,22.385
47076,0.0,0.0,22.385
47077,0.0,0.0,22.385
47078,0.0,0.0,22.385
47079,0.0,0.0,22.385
47080,0.0,0.0,22.385
47081,-4622.0,4622.0,22.375
47082,0.0,0.0,22.375
47083,0.0,0.0,22.375
47084,-295.0,295.0,22.375
47085,0.0,0.0,22.375
47086,0.0,0.0,22.375
47087,0.0,0.0,22.375
47088,0.0,0.0,22.375
47089,0.0,0.0,22.375
47090,0.0,0.0,22.375
47091,0.0,0.0,22.375
47092,0.0,0.0,22.375
47093,0.0,0.0,22.375
47094,-7155.0,7155.0,22.365
47095,868.0,868.0,22.375
47096,-1456.0,2656.0,22.365
47097,0.0,0.0,22.365
47098,600.0,600.0,22.375
47099,0.0,0.0,22.375
47100,0.0,0.0,22.375
47101,1711.0,1711.0,22.385
47102,0.0,0.0,22.385
47103,0.0,0.0,22.385
47104,0.0,0.0,22.385
47105,0.0,0.0,22.385
47106,-1129.0,1329.0,22.375
47107,-1745.0,1745.0,22.365
47108,0.0,0.0,22.365
47109,8400.0,9200.0,22.365
47110,1595.0,2395.0,22.365
47111,-300.0,500.0,22.365
47112,0.0,0.0,22.365
47113,-1328.0,1328.0,22.355
47114,0.0,0.0,22.355
47115,508.0,508.0,22.355
47116,0.0,0.0,22.355
47117,0.0,0.0,22.355
47118,0.0,0.0,22.355
47119,0.0,0.0,22.355
47120,0.0,0.0,22.355
47121,1897.0,1897.0,22.365
47122,0.0,0.0,22.355
47123,0.0,0.0,22.355
47124,0.0,0.0,22.355
47125,0.0,0.0,22.355
47126,0.0,0.0,22.355
47127,0.0,0.0,22.355
47128,0.0,0.0,22.355
47129,0.0,0.0,22.355
47130,0.0,0.0,22.355
47131,0.0,0.0,22.355
47132,-10866.0,12654.0,22.355
47133,0.0,0.0,22.355
47134,0.0,0.0,22.355
47135,-22826.0,36850.0,22.335
47136,0.0,0.0,22.335
47137,0.0,0.0,22.335
47138,0.0,0.0,22.335
47139,1140.0,1140.0,22.345
47140,0.0,0.0,22.345
47141,0.0,0.0,22.345
47142,0.0,0.0,22.345
47143,0.0,0.0,22.345
47144,1799.0,1799.0,22.355
47145,0.0,0.0,22.355
47146,0.0,0.0,22.355
47147,0.0,0.0,22.355
47148,-251.0,251.0,22.345
47149,0.0,0.0,22.345
47150,0.0,0.0,22.345
47151,0.0,0.0,22.345
47152,0.0,0.0,22.345
47153,0.0,0.0,22.345
47154,0.0,0.0,22.345
47155,0.0,0.0,22.345
47156,800.0,800.0,22.355
47157,0.0,0.0,22.355
47158,-75.0,75.0,22.355
47159,-310.0,310.0,22.355
47160,-50.0,50.0,22.355
47161,-220.0,220.0,22.355
47162,-4203.0,4203.0,22.345
47163,0.0,0.0,22.345
47164,0.0,0.0,22.345
47165,0.0,0.0,22.345
47166,-159.0,159.0,22.345
47167,0.0,0.0,22.345
47168,0.0,0.0,22.345
47169,0.0,0.0,22.345
47170,0.0,0.0,22.345
47171,0.0,0.0,22.345
47172,0.0,0.0,22.345
47173,925.0,925.0,22.355
47174,0.0,0.0,22.355
47175,-318.0,2200.0,22.355
47176,-400.0,400.0,22.35
47177,0.0,0.0,22.345
47178,0.0,0.0,22.345
47179,0.0,0.0,22.345
47180,-561.0,561.0,22.335
47181,0.0,0.0,22.335
47182,1217.0,1417.0,22.345
47183,0.0,0.0,22.345
47184,0.0,0.0,22.345
47185,-95.0,95.0,22.335
47186,0.0,0.0,22.335
47187,0.0,0.0,22.335
47188,0.0,0.0,22.335
47189,0.0,0.0,22.335
47190,0.0,0.0,22.335
47191,0.0,0.0,22.335
47192,1187.0,1587.0,22.335
47193,0.0,0.0,22.335
47194,0.0,0.0,22.335
47195,0.0,0.0,22.335
47196,0.0,0.0,22.335
47197,0.0,0.0,22.335
47198,0.0,0.0,22.335
47199,0.0,0.0,22.335
47200,-400.0,400.0,22.335
47201,0.0,0.0,22.335
47202,2317.0,2317.0,22.345
47203,0.0,0.0,22.345
47204,0.0,0.0,22.345
47205,0.0,0.0,22.345
47206,0.0,0.0,22.345
47207,0.0,0.0,22.345
47208,0.0,0.0,22.345
47209,0.0,0.0,22.345
47210,0.0,0.0,22.345
47211,-1621.0,1621.0,22.335
47212,0.0,0.0,22.335
47213,0.0,0.0,22.335
47214,-110.0,110.0,22.335
47215,0.0,0.0,22.335
47216,0.0,0.0,22.335
47217,0.0,0.0,22.335
47218,0.0,0.0,22.335
47219,0.0,0.0,22.335
47220,0.0,0.0,22.335
47221,2397.0,2735.0,22.345
47222,-180.0,180.0,22.345
47223,0.0,0.0,22.345
47225,-1567.0,1567.0,22.335
47226,-200.0,200.0,22.335
47227,-200.0,200.0,22.335
47228,0.0,0.0,22.335
47229,0.0,0.0,22.335
47230,-2823.0,2823.0,22.325
47231,0.0,0.0,22.325
47232,0.0,0.0,22.325
47233,0.0,0.0,22.325
47234,0.0,0.0,22.325
47235,0.0,0.0,22.325
47236,0.0,0.0,22.325
47237,0.0,0.0,22.325
47238,0.0,0.0,22.325
47239,0.0,0.0,22.325
47240,0.0,0.0,22.325
47241,0.0,0.0,22.325
47242,0.0,0.0,22.325
47243,0.0,0.0,22.325
47244,0.0,0.0,22.325
47245,0.0,0.0,22.325
47246,0.0,0.0,22.325
47247,0.0,0.0,22.325
47248,0.0,0.0,22.325
47249,0.0,0.0,22.325
47250,0.0,0.0,22.325
47251,0.0,0.0,22.325
47252,0.0,0.0,22.325
47253,0.0,0.0,22.325
47254,0.0,0.0,22.325
47255,0.0,0.0,22.325
47256,0.0,0.0,22.325
47257,0.0,0.0,22.325
47258,0.0,0.0,22.325
47259,0.0,0.0,22.325
47260,0.0,0.0,22.325
47261,0.0,0.0,22.325
47262,0.0,0.0,22.325
47263,0.0,0.0,22.325
47264,0.0,0.0,22.325
47265,0.0,0.0,22.325
47266,0.0,0.0,22.325
47267,0.0,0.0,22.325
47268,0.0,0.0,22.325
47269,-96.0,96.0,22.325
47270,0.0,0.0,22.325
47271,0.0,0.0,22.325
47272,0.0,0.0,22.325
47273,0.0,0.0,22.325
47274,0.0,0.0,22.325
47275,0.0,0.0,22.325
47276,0.0,0.0,22.325
47277,5176.0,5176.0,22.335
47278,0.0,0.0,22.335
47279,0.0,0.0,22.335
47280,0.0,0.0,22.335
47281,0.0,0.0,22.335
47282,0.0,0.0,22.335
47283,0.0,0.0,22.335
47284,-8433.0,8433.0,22.325
47285,0.0,0.0,22.325
47286,0.0,0.0,22.325
47287,0.0,0.0,22.325
47288,0.0,0.0,22.325
47289,0.0,0.0,22.325
47290,0.0,0.0,22.325
47291,0.0,0.0,22.325
47292,0.0,0.0,22.325
47293,0.0,0.0,22.325
47294,-1.0,1.0,22.325
47295,0.0,0.0,22.325
47296,-14855.0,14855.0,22.32
47297,-19712.0,21112.0,22.295
47298,6162.0,6162.0,22.305
47299,2073.0,2073.0,22.315
47300,400.0,400.0,22.315
47301,511.0,511.0,22.325
47302,3530.0,3530.0,22.335
47303,0.0,0.0,22.335
47304,0.0,0.0,22.335
47305,0.0,0.0,22.335
47306,0.0,0.0,22.335
47307,0.0,0.0,22.335
47308,0.0,0.0,22.335
47309,0.0,0.0,22.335
47310,0.0,0.0,22.335
47311,0.0,0.0,22.335
47312,0.0,0.0,22.335
47313,0.0,0.0,22.335
47314,630.0,630.0,22.345
47315,0.0,0.0,22.345
47316,-513.0,513.0,22.335
47317,0.0,0.0,22.335
47318,0.0,0.0,22.335
47319,0.0,0.0,22.335
47320,0.0,0.0,22.335
47321,0.0,0.0,22.335
47322,-2800.0,2800.0,22.335
47323,0.0,0.0,22.335
47324,0.0,0.0,22.335
47326,0.0,0.0,22.335
47327,0.0,0.0,22.335
47328,0.0,0.0,22.335
47329,0.0,0.0,22.335
47330,-691.0,691.0,22.325
47331,0.0,0.0,22.325
47332,0.0,0.0,22.325
47333,0.0,0.0,22.325
47334,0.0,0.0,22.325
47335,0.0,0.0,22.325
47336,-323.0,2397.0,22.325
47337,0.0,0.0,22.325
47338,0.0,0.0,22.325
47339,0.0,0.0,22.325
47340,0.0,0.0,22.325
47341,0.0,0.0,22.325
47342,0.0,0.0,22.325
47343,0.0,0.0,22.325
47344,0.0,0.0,22.325
47345,0.0,0.0,22.325
47346,0.0,0.0,22.325
47347,0.0,0.0,22.325
47348,627.0,627.0,22.335
47349,0.0,0.0,22.335
47350,0.0,0.0,22.335
47351,0.0,0.0,22.335
47352,0.0,0.0,22.335
47353,-2367.0,2367.0,22.325
47354,0.0,0.0,22.325
47355,0.0,0.0,22.325
47356,0.0,0.0,22.325
47357,0.0,0.0,22.325
47358,0.0,0.0,22.325
47359,0.0,0.0,22.325
47360,3211.0,3211.0,22.325
47361,-11333.0,11333.0,22.325
47362,0.0,0.0,22.325
47363,0.0,0.0,22.325
47364,0.0,0.0,22.325
47365,0.0,0.0,22.325
47366,0.0,0.0,22.325
47367,0.0,0.0,22.325
47368,613.0,613.0,22.325
47369,631.0,631.0,22.335
47370,0.0,0.0,22.335
47371,0.0,0.0,22.335
47372,0.0,0.0,22.335
47373,0.0,0.0,22.335
47374,0.0,0.0,22.335
47375,0.0,0.0,22.335
47376,0.0,0.0,22.335
47377,0.0,0.0,22.335
47378,0.0,0.0,22.335
47379,0.0,0.0,22.335
47380,0.0,0.0,22.335
47381,0.0,0.0,22.335
47382,-100.0,100.0,22.325
47383,-1102.0,1102.0,22.315
47384,0.0,0.0,22.315
47385,0.0,0.0,22.315
47386,-265.0,265.0,22.315
47387,-550.0,550.0,22.305
47388,0.0,0.0,22.305
47389,0.0,0.0,22.305
47390,0.0,0.0,22.305
47391,0.0,0.0,22.305
47392,0.0,0.0,22.305
47393,0.0,0.0,22.305
47394,1599.0,1599.0,22.315
47395,0.0,0.0,22.315
47396,0.0,0.0,22.315
47397,0.0,0.0,22.315
47398,0.0,0.0,22.315
47399,0.0,0.0,22.315
47400,1327.0,1327.0,22.325
47401,0.0,0.0,22.325
47402,280.0,280.0,22.335
47403,0.0,0.0,22.335
47404,0.0,0.0,22.335
47405,0.0,0.0,22.335
47406,0.0,0.0,22.335
47407,0.0,0.0,22.335
47408,0.0,0.0,22.335
47409,0.0,0.0,22.335
47410,0.0,0.0,22.335
47411,-1573.0,1573.0,22.325
47412,0.0,0.0,22.325
47413,0.0,0.0,22.325
47414,0.0,0.0,22.325
47415,0.0,0.0,22.325
47416,-425.0,425.0,22.315
47417,0.0,0.0,22.315
47418,0.0,0.0,22.315
47419,0.0,0.0,22.315
47420,0.0,0.0,22.315
47421,0.0,0.0,22.315
47422,-3750.0,3750.0,22.305
47423,0.0,0.0,22.305
47424,0.0,0.0,22.305
47425,0.0,0.0,22.305
47426,0.0,0.0,22.305
47427,0.0,0.0,22.305
47428,0.0,0.0,22.305
47429,0.0,0.0,22.305
47431,0.0,0.0,22.305
47432,0.0,0.0,22.305
47433,0.0,0.0,22.305
47434,0.0,0.0,22.305
47435,0.0,0.0,22.305
47436,-10747.0,10747.0,22.285
47437,-11997.0,11997.0,22.275
47438,0.0,0.0,22.275
47439,0.0,0.0,22.275
47440,5011.0,5011.0,22.285
47441,0.0,0.0,22.285
47442,0.0,0.0,22.285
47443,0.0,0.0,22.285
47444,0.0,0.0,22.285
47445,0.0,0.0,22.285
47446,0.0,0.0,22.285
47447,0.0,0.0,22.285
47448,0.0,0.0,22.285
47449,0.0,0.0,22.285
47450,0.0,0.0,22.285
47451,0.0,0.0,22.285
47452,0.0,0.0,22.285
47453,0.0,0.0,22.285
47454,0.0,0.0,22.285
47455,0.0,0.0,22.285
47456,0.0,0.0,22.285
47457,0.0,0.0,22.285
47458,0.0,0.0,22.285
47459,-404.0,404.0,22.275
47460,-8983.0,8983.0,22.265
47461,-511.0,3211.0,22.275
47462,0.0,0.0,22.275
47463,0.0,0.0,22.275
47464,-2512.0,2512.0,22.265
47465,0.0,0.0,22.265
47466,0.0,0.0,22.265
47467,0.0,0.0,22.265
47468,-1602.0,1602.0,22.265
47469,0.0,0.0,22.265
47470,0.0,0.0,22.265
47471,8526.0,19744.0,22.265
47472,0.0,0.0,22.265
47473,-261.0,261.0,22.265
47474,0.0,0.0,22.265
47475,0.0,0.0,22.265
47476,0.0,0.0,22.265
47477,553.0,799.0,22.275
47478,0.0,0.0,22.275
47479,0.0,0.0,22.275
47480,0.0,0.0,22.275
47481,0.0,0.0,22.275
47482,0.0,0.0,22.275
47483,0.0,0.0,22.275
47484,2739.0,2739.0,22.285
47485,0.0,0.0,22.285
47486,-3700.0,3700.0,22.285
47487,0.0,0.0,22.285
47488,-3.0,3.0,22.285
47489,0.0,0.0,22.285
47490,0.0,0.0,22.285
47491,0.0,0.0,22.285
47492,0.0,0.0,22.285
47493,0.0,0.0,22.285
47494,0.0,0.0,22.285
47495,-35.0,35.0,22.285
47496,0.0,0.0,22.285
47497,-700.0,700.0,22.285
47498,0.0,0.0,22.285
47499,0.0,0.0,22.285
47500,0.0,0.0,22.285
47501,0.0,0.0,22.285
47502,0.0,0.0,22.285
47503,0.0,0.0,22.285
47504,0.0,0.0,22.285
47505,-678.0,678.0,22.275
47506,0.0,0.0,22.275
47507,0.0,0.0,22.275
47508,0.0,0.0,22.275
47509,0.0,0.0,22.275
47510,0.0,0.0,22.275
47511,0.0,0.0,22.275
47512,0.0,0.0,22.275
47513,0.0,0.0,22.275
47514,0.0,0.0,22.275
47515,0.0,0.0,22.275
47516,0.0,0.0,22.275
47517,0.0,0.0,22.275
47518,0.0,0.0,22.275
47519,0.0,0.0,22.275
47520,0.0,0.0,22.275
47521,1195.0,1195.0,22.285
47522,-3518.0,3518.0,22.275
47523,0.0,0.0,22.275
47524,0.0,0.0,22.275
47525,2033.0,2033.0,22.285
47526,-500.0,500.0,22.275
47527,0.0,0.0,22.275
47528,0.0,0.0,22.275
47529,-2.0,2.0,22.275
47530,0.0,0.0,22.275
47531,0.0,0.0,22.275
47532,0.0,0.0,22.275
47533,-4133.0,4133.0,22.265
47534,0.0,0.0,22.265
47535,0.0,0.0,22.265
47536,0.0,0.0,22.265
47537,0.0,0.0,22.265
47538,0.0,0.0,22.265
47539,4399.0,4399.0,22.275
47540,0.0,0.0,22.275
47541,2705.0,2705.0,22.285
47542,0.0,0.0,22.285
47543,0.0,0.0,22.285
47544,0.0,0.0,22.285
47545,0.0,0.0,22.285
47546,6108.0,6108.0,22.295
47547,0.0,0.0,22.295
47548,0.0,0.0,22.295
47549,0.0,0.0,22.295
47550,0.0,0.0,22.295
47551,2385.0,2385.0,22.315
47552,2463.0,2463.0,22.32
47553,0.0,0.0,22.325
47554,0.0,0.0,22.325
47555,0.0,0.0,22.325
47556,0.0,0.0,22.325
47557,0.0,0.0,22.325
47558,0.0,0.0,22.325
47559,0.0,0.0,22.325
47560,0.0,0.0,22.325
47561,11.0,11.0,22.325
47562,0.0,0.0,22.325
47563,-1504.0,1504.0,22.315
47564,189.0,189.0,22.315
47565,111.0,111.0,22.315
47566,0.0,0.0,22.325
47567,0.0,0.0,22.325
47568,0.0,0.0,22.325
47569,0.0,0.0,22.325
47570,0.0,0.0,22.325
47571,0.0,0.0,22.325
47572,-3.0,3.0,22.325
47573,0.0,0.0,22.325
47574,0.0,0.0,22.325
47575,0.0,0.0,22.325
47576,0.0,0.0,22.325
47577,0.0,0.0,22.325
47578,0.0,0.0,22.325
47579,0.0,0.0,22.325
47580,0.0,0.0,22.325
47581,0.0,0.0,22.325
47582,0.0,0.0,22.325
47583,0.0,0.0,22.325
47584,0.0,0.0,22.325
47585,0.0,0.0,22.325
47586,0.0,0.0,22.325
47587,0.0,0.0,22.325
47588,-6950.0,6950.0,22.315
47589,0.0,0.0,22.325
47590,-200.0,200.0,22.315
47591,0.0,0.0,22.315
47592,0.0,0.0,22.315
47593,0.0,0.0,22.325
47594,1017.0,1017.0,22.335
47595,0.0,0.0,22.335
47596,0.0,0.0,22.335
47597,0.0,0.0,22.335
47598,0.0,0.0,22.335
47599,0.0,0.0,22.335
47600,-1060.0,1060.0,22.325
47601,0.0,0.0,22.325
47602,0.0,0.0,22.325
47603,0.0,0.0,22.325
47604,0.0,0.0,22.325
47605,-850.0,850.0,22.315
47606,0.0,0.0,22.315
47607,0.0,0.0,22.315
47608,0.0,0.0,22.315
47609,0.0,0.0,22.315
47610,0.0,0.0,22.315
47611,0.0,0.0,22.315
47612,0.0,0.0,22.315
47613,0.0,0.0,22.315
47614,-1.0,1.0,22.305
47615,0.0,0.0,22.305
47616,0.0,0.0,22.305
47617,0.0,0.0,22.305
47618,0.0,0.0,22.305
47619,0.0,0.0,22.305
47621,0.0,0.0,22.305
47622,0.0,0.0,22.305
47623,0.0,0.0,22.305
47624,0.0,0.0,22.305
47625,0.0,0.0,22.305
47626,0.0,0.0,22.305
47627,0.0,0.0,22.305
47628,0.0,0.0,22.305
47629,0.0,0.0,22.305
47630,0.0,0.0,22.305
47631,0.0,0.0,22.305
47632,0.0,0.0,22.305
47633,0.0,0.0,22.305
47634,0.0,0.0,22.305
47635,0.0,0.0,22.305
47636,0.0,0.0,22.305
47637,0.0,0.0,22.305
47638,0.0,0.0,22.305
47639,0.0,0.0,22.305
47640,0.0,0.0,22.305
47641,0.0,0.0,22.305
47642,3172.0,3172.0,22.305
47643,0.0,0.0,22.305
47644,0.0,0.0,22.305
47645,0.0,0.0,22.305
47646,0.0,0.0,22.305
47647,0.0,0.0,22.305
47648,0.0,0.0,22.305
47649,0.0,0.0,22.305
47650,0.0,0.0,22.305
47651,0.0,0.0,22.305
47652,-1765.0,1765.0,22.305
47653,0.0,0.0,22.305
47654,0.0,0.0,22.305
47655,0.0,0.0,22.305
47656,0.0,0.0,22.305
47657,0.0,0.0,22.305
47658,-901.0,901.0,22.295
47659,4883.0,4883.0,22.315
47660,0.0,0.0,22.315
47661,0.0,0.0,22.315
47662,0.0,0.0,22.315
47663,0.0,0.0,22.315
47664,0.0,0.0,22.315
47665,0.0,0.0,22.315
47666,0.0,0.0,22.315
47667,-862.0,862.0,22.305
47668,0.0,0.0,22.305
47669,0.0,0.0,22.305
47670,0.0,0.0,22.305
47671,0.0,0.0,22.305
47672,1462.0,1462.0,22.315
47673,0.0,0.0,22.315
47674,0.0,0.0,22.315
47675,0.0,0.0,22.315
47676,-3584.0,3584.0,22.305
47677,0.0,0.0,22.305
47678,1041.0,1041.0,22.315
47679,-1.0,1.0,22.315
47680,-163.0,163.0,22.305
47681,0.0,0.0,22.305
47682,0.0,0.0,22.305
47683,0.0,0.0,22.305
47684,0.0,0.0,22.305
47685,0.0,0.0,22.305
47686,0.0,0.0,22.305
47687,0.0,0.0,22.305
47688,0.0,0.0,22.305
47689,0.0,0.0,22.305
47690,0.0,0.0,22.305
47692,0.0,0.0,22.305
47693,0.0,0.0,22.305
47694,0.0,0.0,22.305
47695,-1.0,1.0,22.305
47696,0.0,0.0,22.305
47697,-15392.0,15392.0,22.295
47698,0.0,0.0,22.295
47699,0.0,0.0,22.295
47700,0.0,0.0,22.295
47701,0.0,0.0,22.295
47702,-769.0,769.0,22.285
47703,0.0,0.0,22.285
47704,0.0,0.0,22.285
47705,0.0,0.0,22.285
47706,0.0,0.0,22.285
47707,0.0,0.0,22.285
47708,0.0,0.0,22.285
47710,0.0,0.0,22.285
47711,0.0,0.0,22.285
47712,0.0,0.0,22.285
47713,-9324.0,9324.0,22.285
47714,-174.0,174.0,22.275
47715,0.0,0.0,22.275
47716,0.0,0.0,22.275
47717,0.0,0.0,22.275
47718,0.0,0.0,22.275
47719,0.0,0.0,22.275
47720,0.0,0.0,22.275
47721,0.0,0.0,22.275
47722,0.0,0.0,22.275
47723,0.0,0.0,22.275
47724,0.0,0.0,22.275
47725,0.0,0.0,22.275
47726,-5492.0,5492.0,22.265
47727,4515.0,4515.0,22.265
47728,1248.0,1248.0,22.275
47729,0.0,0.0,22.275
47730,0.0,0.0,22.275
47731,0.0,0.0,22.275
47732,0.0,0.0,22.275
47733,0.0,0.0,22.275
47734,0.0,0.0,22.275
47735,0.0,0.0,22.275
47736,0.0,0.0,22.275
47737,0.0,0.0,22.275
47738,0.0,0.0,22.275
47739,0.0,0.0,22.275
47740,0.0,0.0,22.275
47741,3417.0,3417.0,22.295
47742,0.0,0.0,22.295
47743,-943.0,943.0,22.285
47744,-600.0,600.0,22.285
47745,0.0,0.0,22.285
47746,0.0,0.0,22.285
47747,300.0,300.0,22.285
47748,0.0,0.0,22.285
47749,0.0,0.0,22.285
47750,0.0,0.0,22.285
47751,0.0,0.0,22.285
47752,0.0,0.0,22.285
47753,0.0,0.0,22.285
47754,100.0,100.0,22.285
47755,0.0,0.0,22.285
47756,0.0,0.0,22.285
47757,0.0,0.0,22.285
47758,0.0,0.0,22.285
47759,-100.0,100.0,22.285
47760,-200.0,200.0,22.285
47761,0.0,0.0,22.285
47762,0.0,0.0,22.285
47763,0.0,0.0,22.285
47764,0.0,0.0,22.285
47765,0.0,0.0,22.285
47766,0.0,0.0,22.285
47767,-700.0,700.0,22.285
47768,-295.0,295.0,22.275
47769,0.0,0.0,22.275
47770,0.0,0.0,22.275
47771,0.0,0.0,22.275
47772,0.0,0.0,22.275
47773,0.0,0.0,22.275
47774,2768.0,2768.0,22.285
47775,0.0,0.0,22.285
47776,0.0,0.0,22.285
47777,1696.0,1696.0,22.295
47778,0.0,0.0,22.295
47779,0.0,0.0,22.295
47780,0.0,0.0,22.295
47781,0.0,0.0,22.295
47782,0.0,0.0,22.295
47783,0.0,0.0,22.295
47784,0.0,0.0,22.295
47785,0.0,0.0,22.295
47786,0.0,0.0,22.295
47787,0.0,0.0,22.295
47788,0.0,0.0,22.295
47789,0.0,0.0,22.295
47790,0.0,0.0,22.295
47791,0.0,0.0,22.295
47792,0.0,0.0,22.295
47793,0.0,0.0,22.295
47794,1058.0,1058.0,22.305
47795,0.0,0.0,22.305
47796,0.0,0.0,22.305
47797,0.0,0.0,22.305
47798,0.0,0.0,22.305
47799,0.0,0.0,22.305
47800,-769.0,1019.0,22.305
47801,0.0,0.0,22.305
47802,-200.0,200.0,22.295
47803,0.0,0.0,22.295
47804,0.0,0.0,22.295
47805,600.0,600.0,22.295
47806,0.0,0.0,22.295
47807,593.0,593.0,22.305
47808,0.0,0.0,22.305
47809,0.0,0.0,22.305
47810,0.0,0.0,22.305
47811,0.0,0.0,22.305
47812,0.0,0.0,22.305
47813,1743.0,1743.0,22.315
47814,560.0,560.0,22.325
47815,0.0,0.0,22.325
47816,0.0,0.0,22.325
47817,0.0,0.0,22.325
47818,0.0,0.0,22.325
47819,0.0,0.0,22.325
47820,0.0,0.0,22.325
47821,0.0,0.0,22.325
47822,0.0,0.0,22.325
47823,0.0,0.0,22.325
47824,-528.0,528.0,22.315
47825,500.0,500.0,22.315
47826,0.0,0.0,22.315
47827,0.0,0.0,22.315
47828,0.0,0.0,22.315
47829,0.0,0.0,22.315
47830,0.0,0.0,22.315
47831,-399.0,399.0,22.315
47832,0.0,0.0,22.315
47833,0.0,0.0,22.315
47834,0.0,0.0,22.315
47835,-753.0,1553.0,22.315
47836,0.0,0.0,22.315
47837,0.0,0.0,22.315
47838,0.0,0.0,22.315
47839,0.0,0.0,22.315
47840,135.0,1999.0,22.325
47841,0.0,0.0,22.325
47842,0.0,0.0,22.325
47843,0.0,0.0,22.325
47844,0.0,0.0,22.325
47845,0.0,0.0,22.325
47846,0.0,0.0,22.325
47847,0.0,0.0,22.325
47848,0.0,0.0,22.325
47849,0.0,0.0,22.325
47850,0.0,0.0,22.325
47851,0.0,0.0,22.325
47852,0.0,0.0,22.325
47853,0.0,0.0,22.325
47854,0.0,0.0,22.325
47855,0.0,0.0,22.325
47856,0.0,0.0,22.325
47857,0.0,0.0,22.325
47858,0.0,0.0,22.325
47859,0.0,0.0,22.325
47860,0.0,0.0,22.325
47861,0.0,0.0,22.325
47862,-3259.0,3259.0,22.315
47863,0.0,0.0,22.315
47864,0.0,0.0,22.315
47865,669.0,669.0,22.325
47866,0.0,0.0,22.325
47867,0.0,0.0,22.325
47868,0.0,0.0,22.325
47869,0.0,0.0,22.325
47870,0.0,0.0,22.325
47871,0.0,0.0,22.325
47872,1923.0,1923.0,22.335
47873,0.0,0.0,22.335
47874,0.0,0.0,22.335
47875,0.0,0.0,22.335
47876,0.0,0.0,22.335
47877,0.0,0.0,22.335
47878,0.0,0.0,22.335
47879,0.0,0.0,22.335
47880,0.0,0.0,22.335
47881,0.0,0.0,22.335
47882,0.0,0.0,22.335
47883,0.0,0.0,22.335
47884,0.0,0.0,22.335
47885,0.0,0.0,22.335
47886,0.0,0.0,22.335
47887,0.0,0.0,22.335
47888,0.0,0.0,22.335
47889,0.0,0.0,22.335
47890,0.0,0.0,22.335
47891,0.0,0.0,22.335
47892,0.0,0.0,22.335
47893,0.0,0.0,22.335
47894,0.0,0.0,22.335
47895,0.0,0.0,22.335
47896,-2641.0,2641.0,22.325
47897,0.0,0.0,22.325
47898,0.0,0.0,22.325
47899,0.0,0.0,22.325
47900,0.0,0.0,22.325
47901,0.0,0.0,22.325
47902,0.0,0.0,22.325
47903,0.0,0.0,22.325
47904,1398.0,1398.0,22.335
47905,0.0,0.0,22.335
47906,0.0,0.0,22.335
47907,0.0,0.0,22.335
47908,0.0,0.0,22.335
47909,0.0,0.0,22.335
47910,0.0,0.0,22.335
47911,0.0,0.0,22.335
47912,0.0,0.0,22.335
47913,0.0,0.0,22.335
47914,0.0,0.0,22.335
47915,0.0,0.0,22.335
47916,0.0,0.0,22.335
47917,0.0,0.0,22.335
47918,0.0,0.0,22.335
47919,0.0,0.0,22.335
47920,-1380.0,1380.0,22.325
47921,0.0,0.0,22.325
47922,0.0,0.0,22.325
47923,442.0,442.0,22.335
47924,0.0,0.0,22.335
47925,0.0,0.0,22.335
47926,0.0,0.0,22.335
47927,0.0,0.0,22.335
47928,0.0,0.0,22.335
47929,0.0,0.0,22.335
47930,0.0,0.0,22.335
47931,0.0,0.0,22.335
47932,0.0,0.0,22.335
47933,0.0,0.0,22.335
47934,0.0,0.0,22.335
47935,0.0,0.0,22.335
47936,0.0,0.0,22.335
47937,0.0,0.0,22.335
47938,0.0,0.0,22.335
47939,0.0,0.0,22.335
47940,0.0,0.0,22.335
47941,0.0,0.0,22.335
47942,-626.0,626.0,22.325
47943,0.0,0.0,22.325
47944,0.0,0.0,22.325
47945,0.0,0.0,22.325
47946,0.0,0.0,22.325
47947,0.0,0.0,22.325
47948,0.0,0.0,22.325
47949,0.0,0.0,22.325
47950,0.0,0.0,22.325
47951,0.0,0.0,22.325
47952,0.0,0.0,22.325
47953,0.0,0.0,22.325
47954,0.0,0.0,22.325
47955,0.0,0.0,22.325
47956,0.0,0.0,22.325
47957,0.0,0.0,22.325
47958,-3806.0,3808.0,22.315
47959,0.0,0.0,22.315
47960,0.0,0.0,22.315
47961,0.0,0.0,22.315
47962,0.0,0.0,22.315
47963,0.0,0.0,22.315
47964,3409.0,5111.0,22.315
47965,0.0,0.0,22.315
47966,0.0,0.0,22.315
47967,0.0,0.0,22.315
47968,0.0,0.0,22.315
47969,0.0,0.0,22.315
47970,-2151.0,2151.0,22.305
47971,-196.0,196.0,22.305
47972,0.0,0.0,22.305
47973,-1199.0,1199.0,22.305
47974,0.0,0.0,22.305
47975,0.0,0.0,22.305
47976,11.0,11.0,22.305
47977,0.0,0.0,22.305
47978,0.0,0.0,22.305
47979,0.0,0.0,22.305
47980,0.0,0.0,22.305
47981,0.0,0.0,22.305
47982,0.0,0.0,22.305
47983,0.0,0.0,22.305
47984,0.0,0.0,22.305
47985,0.0,0.0,22.305
47986,0.0,0.0,22.305
47987,0.0,0.0,22.305
47988,0.0,0.0,22.305
47989,-227.0,1401.0,22.305
47990,0.0,0.0,22.305
47991,0.0,0.0,22.305
47992,0.0,0.0,22.305
47993,0.0,0.0,22.305
47994,0.0,0.0,22.305
47995,0.0,0.0,22.305
47996,0.0,0.0,22.305
47997,0.0,0.0,22.305
47998,0.0,0.0,22.305
47999,0.0,0.0,22.305
48000,0.0,0.0,22.305
48001,0.0,0.0,22.305
48002,1995.0,1995.0,22.315
48003,0.0,0.0,22.315
48004,0.0,0.0,22.315
48005,0.0,0.0,22.315
48006,0.0,0.0,22.315
48007,0.0,0.0,22.315
48008,0.0,0.0,22.315
48009,0.0,0.0,22.315
48010,0.0,0.0,22.315
48011,0.0,0.0,22.315
48012,0.0,0.0,22.315
48013,1800.0,1800.0,22.325
48014,100.0,100.0,22.325
48015,0.0,0.0,22.325
48016,0.0,0.0,22.325
48017,0.0,0.0,22.325
48018,0.0,0.0,22.325
48019,0.0,0.0,22.325
48020,0.0,0.0,22.325
48021,0.0,0.0,22.325
48022,0.0,0.0,22.325
48023,0.0,0.0,22.325
48024,0.0,0.0,22.325
48025,0.0,0.0,22.325
48026,0.0,0.0,22.325
48027,0.0,0.0,22.325
48028,0.0,0.0,22.325
48029,0.0,0.0,22.325
48030,0.0,0.0,22.325
48031,0.0,0.0,22.325
48032,0.0,0.0,22.325
48033,0.0,0.0,22.325
48034,0.0,0.0,22.325
48035,5.0,5.0,22.325
48036,0.0,0.0,22.325
48037,0.0,0.0,22.325
48038,0.0,0.0,22.325
48039,0.0,0.0,22.325
48040,0.0,0.0,22.325
48041,0.0,0.0,22.325
48042,0.0,0.0,22.325
48043,0.0,0.0,22.325
48044,0.0,0.0,22.325
48045,0.0,0.0,22.325
48046,0.0,0.0,22.325
48047,0.0,0.0,22.325
48048,0.0,0.0,22.325
48049,0.0,0.0,22.325
48050,0.0,0.0,22.325
48051,0.0,0.0,22.325
48052,0.0,0.0,22.325
48053,5.0,5.0,22.325
48054,0.0,0.0,22.325
48055,0.0,0.0,22.325
48056,0.0,0.0,22.325
48057,0.0,0.0,22.325
48058,0.0,0.0,22.325
48059,0.0,0.0,22.325
48060,0.0,0.0,22.325
48061,0.0,0.0,22.325
48062,0.0,0.0,22.325
48063,0.0,0.0,22.325
48064,0.0,0.0,22.325
48065,0.0,0.0,22.325
48066,0.0,0.0,22.325
48067,0.0,0.0,22.325
48068,0.0,0.0,22.325
48069,0.0,0.0,22.325
48070,2060.0,2060.0,22.335
48071,0.0,0.0,22.335
48072,0.0,0.0,22.335
48073,1069.0,1069.0,22.345
48074,0.0,0.0,22.345
48075,0.0,0.0,22.345
48076,0.0,0.0,22.345
48077,0.0,0.0,22.345
48078,0.0,0.0,22.345
48079,0.0,0.0,22.345
48080,0.0,0.0,22.345
48081,-5769.0,5969.0,22.345
48082,0.0,0.0,22.345
48083,0.0,0.0,22.345
48084,0.0,0.0,22.345
48085,0.0,0.0,22.345
48086,0.0,0.0,22.345
48087,-1013.0,1013.0,22.335
48088,0.0,0.0,22.335
48089,0.0,0.0,22.335
48090,0.0,0.0,22.335
48091,0.0,0.0,22.335
48092,0.0,0.0,22.335
48093,0.0,0.0,22.335
48094,0.0,0.0,22.335
48095,0.0,0.0,22.335
48096,4324.0,4464.0,22.335
48097,0.0,0.0,22.335
48098,0.0,0.0,22.335
48099,0.0,0.0,22.335
48100,0.0,0.0,22.335
48101,0.0,0.0,22.335
48102,0.0,0.0,22.335
48103,-8556.0,8556.0,22.325
48104,0.0,0.0,22.325
48105,0.0,0.0,22.325
48107,0.0,0.0,22.325
48108,0.0,0.0,22.325
48109,-1158.0,1158.0,22.315
48110,0.0,0.0,22.315
48111,2248.0,4052.0,22.325
48112,0.0,0.0,22.325
48113,-498.0,498.0,22.315
48114,0.0,0.0,22.315
48115,0.0,0.0,22.315
48116,0.0,0.0,22.315
48117,0.0,0.0,22.315
48118,0.0,0.0,22.315
48119,1779.0,1779.0,22.325
48120,0.0,0.0,22.325
48121,0.0,0.0,22.325
48122,0.0,0.0,22.325
48123,0.0,0.0,22.325
48124,0.0,0.0,22.325
48125,0.0,0.0,22.325
48126,-7157.0,7157.0,22.315
48127,0.0,0.0,22.315
48128,0.0,0.0,22.315
48129,1876.0,1876.0,22.325
48130,0.0,0.0,22.325
48131,-1606.0,1606.0,22.315
48132,0.0,0.0,22.315
48133,0.0,0.0,22.315
48134,1310.0,1310.0,22.315
48135,0.0,0.0,22.315
48136,0.0,0.0,22.315
48137,0.0,0.0,22.315
48138,0.0,0.0,22.315
48139,0.0,0.0,22.315
48140,0.0,0.0,22.315
48141,0.0,0.0,22.315
48142,0.0,0.0,22.315
48143,0.0,0.0,22.315
48144,0.0,0.0,22.315
48145,0.0,0.0,22.315
48146,0.0,0.0,22.315
48147,0.0,0.0,22.315
48148,0.0,0.0,22.315
48149,-2798.0,2798.0,22.315
48150,0.0,0.0,22.315
48151,0.0,0.0,22.315
48152,0.0,0.0,22.315
48153,0.0,0.0,22.315
48154,0.0,0.0,22.315
48155,0.0,0.0,22.315
48156,4449.0,4449.0,22.325
48157,0.0,0.0,22.325
48158,273.0,273.0,22.335
48159,0.0,0.0,22.335
48160,0.0,0.0,22.335
48161,0.0,0.0,22.335
48162,0.0,0.0,22.335
48163,0.0,0.0,22.335
48164,0.0,0.0,22.335
48165,0.0,0.0,22.335
48166,0.0,0.0,22.335
48167,200.0,200.0,22.335
48168,-284.0,294.0,22.33
48169,0.0,0.0,22.33
48170,0.0,0.0,22.33
48171,100.0,100.0,22.335
48172,0.0,0.0,22.335
48173,0.0,0.0,22.325
48174,0.0,0.0,22.325
48175,3145.0,3145.0,22.335
48176,0.0,0.0,22.335
48177,0.0,0.0,22.335
48178,809.0,809.0,22.345
48179,0.0,0.0,22.345
48180,0.0,0.0,22.345
48181,0.0,0.0,22.345
48182,0.0,0.0,22.345
48183,0.0,0.0,22.345
48184,0.0,0.0,22.345
48185,-619.0,619.0,22.335
48186,0.0,0.0,22.345
48187,177.0,177.0,22.345
48188,2460.0,2460.0,22.355
48189,0.0,0.0,22.345
48190,100.0,100.0,22.355
48191,0.0,0.0,22.355
48192,-750.0,750.0,22.355
48193,0.0,0.0,22.345
48194,0.0,0.0,22.345
48195,0.0,0.0,22.345
48196,0.0,0.0,22.345
48197,0.0,0.0,22.345
48199,0.0,0.0,22.345
48200,0.0,0.0,22.345
48201,0.0,0.0,22.345
48202,700.0,700.0,22.345
48203,0.0,0.0,22.345
48204,0.0,0.0,22.345
48205,0.0,0.0,22.345
48206,-826.0,826.0,22.335
48207,0.0,0.0,22.335
48208,0.0,0.0,22.335
48209,0.0,0.0,22.335
48210,0.0,0.0,22.335
48211,0.0,0.0,22.335
48212,0.0,0.0,22.335
48213,0.0,0.0,22.335
48214,0.0,0.0,22.335
48215,0.0,0.0,22.335
48216,0.0,0.0,22.335
48217,0.0,0.0,22.335
48218,0.0,0.0,22.335
48219,0.0,0.0,22.335
48220,0.0,0.0,22.335
48221,-254.0,254.0,22.335
48222,0.0,0.0,22.335
48223,0.0,0.0,22.335
48224,0.0,0.0,22.335
48225,0.0,0.0,22.335
48226,0.0,0.0,22.335
48227,0.0,0.0,22.335
48228,0.0,0.0,22.335
48229,0.0,0.0,22.335
48230,0.0,0.0,22.335
48231,0.0,0.0,22.335
48233,0.0,0.0,22.335
48234,-8046.0,8046.0,22.325
48235,0.0,0.0,22.325
48236,6550.0,7350.0,22.335
48237,0.0,0.0,22.335
48238,0.0,0.0,22.335
48239,0.0,0.0,22.335
48240,0.0,0.0,22.335
48241,-1974.0,1974.0,22.325
48242,0.0,0.0,22.325
48243,0.0,0.0,22.325
48244,0.0,0.0,22.335
48245,0.0,0.0,22.335
48246,0.0,0.0,22.335
48247,0.0,0.0,22.335
48248,0.0,0.0,22.335
48249,0.0,0.0,22.335
48250,0.0,0.0,22.335
48251,0.0,0.0,22.335
48252,-740.0,740.0,22.325
48253,0.0,0.0,22.325
48254,0.0,0.0,22.325
48255,0.0,0.0,22.325
48256,0.0,0.0,22.325
48257,0.0,0.0,22.325
48258,0.0,0.0,22.325
48259,0.0,0.0,22.325
48260,0.0,0.0,22.325
48261,0.0,0.0,22.325
48262,0.0,0.0,22.325
48263,0.0,0.0,22.325
48265,0.0,0.0,22.325
48266,0.0,0.0,22.325
48267,0.0,0.0,22.325
48268,0.0,0.0,22.325
48269,0.0,0.0,22.325
48270,827.0,827.0,22.335
48271,0.0,0.0,22.335
48272,-803.0,803.0,22.325
48273,0.0,0.0,22.325
48274,0.0,0.0,22.325
48275,0.0,0.0,22.325
48276,0.0,0.0,22.325
48277,0.0,0.0,22.325
48278,0.0,0.0,22.325
48279,0.0,0.0,22.325
48280,1563.0,1563.0,22.335
48281,0.0,0.0,22.335
48282,0.0,0.0,22.335
48283,0.0,0.0,22.335
48284,-7814.0,7814.0,22.335
48285,0.0,0.0,22.335
48286,0.0,0.0,22.335
48287,0.0,0.0,22.335
48288,168.0,168.0,22.335
48289,0.0,0.0,22.335
48290,0.0,0.0,22.335
48291,0.0,0.0,22.335
48292,0.0,0.0,22.335
48293,0.0,0.0,22.335
48294,0.0,0.0,22.335
48295,0.0,0.0,22.335
48296,0.0,0.0,22.335
48297,0.0,0.0,22.335
48298,0.0,0.0,22.335
48299,0.0,0.0,22.335
48300,0.0,0.0,22.335
48301,0.0,0.0,22.335
48302,0.0,0.0,22.335
48303,0.0,0.0,22.335
48304,0.0,0.0,22.335
48305,0.0,0.0,22.335
48306,0.0,0.0,22.335
48307,-1809.0,1809.0,22.325
48308,0.0,0.0,22.325
48309,0.0,0.0,22.325
48310,0.0,0.0,22.325
48311,0.0,0.0,22.325
48312,0.0,0.0,22.325
48313,1487.0,1487.0,22.335
48314,-55.0,55.0,22.335
48315,0.0,0.0,22.335
48316,0.0,0.0,22.335
48317,0.0,0.0,22.335
48318,0.0,0.0,22.335
48319,0.0,0.0,22.335
48320,0.0,0.0,22.335
48321,3055.0,3055.0,22.345
48322,0.0,0.0,22.345
48323,0.0,0.0,22.345
48324,0.0,0.0,22.345
48325,-3001.0,3001.0,22.345
48326,0.0,0.0,22.345
48327,0.0,0.0,22.345
48328,0.0,0.0,22.345
48329,0.0,0.0,22.345
48330,0.0,0.0,22.345
48331,-100.0,100.0,22.335
48332,4673.0,4673.0,22.345
48333,0.0,0.0,22.345
48334,0.0,0.0,22.345
48335,0.0,0.0,22.345
48336,0.0,0.0,22.345
48337,0.0,0.0,22.345
48338,0.0,0.0,22.345
48339,0.0,0.0,22.345
48340,0.0,0.0,22.345
48341,1609.0,1609.0,22.355
48342,0.0,0.0,22.355
48343,0.0,0.0,22.355
48344,0.0,0.0,22.355
48345,0.0,0.0,22.355
48346,0.0,0.0,22.355
48347,0.0,0.0,22.355
48348,-5779.0,5779.0,22.345
48349,1175.0,1175.0,22.355
48350,0.0,0.0,22.355
48351,0.0,0.0,22.355
48352,0.0,0.0,22.355
48353,0.0,0.0,22.355
48354,0.0,0.0,22.355
48355,0.0,0.0,22.355
48356,0.0,0.0,22.355
48357,0.0,0.0,22.355
48358,0.0,0.0,22.355
48359,2023.0,2023.0,22.365
48360,41.0,41.0,22.365
48361,0.0,0.0,22.365
48362,0.0,0.0,22.365
48363,0.0,0.0,22.365
48364,0.0,0.0,22.365
48365,0.0,0.0,22.365
48366,40.0,40.0,22.365
48367,0.0,0.0,22.365
48368,0.0,0.0,22.365
48369,0.0,0.0,22.365
48370,0.0,0.0,22.365
48371,0.0,0.0,22.365
48372,0.0,0.0,22.365
48373,0.0,0.0,22.365
48374,0.0,0.0,22.365
48375,0.0,0.0,22.365
48376,0.0,0.0,22.365
48377,0.0,0.0,22.365
48378,0.0,0.0,22.365
48379,1.0,1.0,22.365
48380,0.0,0.0,22.365
48381,0.0,0.0,22.365
48382,0.0,0.0,22.365
48383,0.0,0.0,22.365
48384,0.0,0.0,22.365
48385,0.0,0.0,22.365
48386,0.0,0.0,22.365
48387,0.0,0.0,22.365
48388,0.0,0.0,22.365
48389,0.0,0.0,22.365
48390,0.0,0.0,22.365
48391,0.0,0.0,22.365
48392,0.0,0.0,22.365
48393,0.0,0.0,22.365
48394,0.0,0.0,22.365
48395,0.0,0.0,22.365
48396,0.0,0.0,22.365
48397,0.0,0.0,22.365
48398,0.0,0.0,22.365
48399,2762.0,2762.0,22.375
48400,0.0,0.0,22.375
48401,0.0,0.0,22.375
48402,654.0,654.0,22.375
48403,608.0,608.0,22.385
48404,0.0,0.0,22.385
48405,0.0,0.0,22.385
48406,0.0,0.0,22.385
48407,0.0,0.0,22.385
48408,-1097.0,1097.0,22.375
48409,0.0,0.0,22.375
48410,-4367.0,4367.0,22.365
48411,0.0,0.0,22.365
48412,0.0,0.0,22.365
48413,0.0,0.0,22.365
48414,0.0,0.0,22.365
48415,0.0,0.0,22.365
48416,0.0,0.0,22.365
48417,0.0,0.0,22.365
48418,0.0,0.0,22.365
48419,0.0,0.0,22.365
48420,0.0,0.0,22.365
48421,1165.0,1165.0,22.375
48422,0.0,0.0,22.375
48423,0.0,0.0,22.375
48424,0.0,0.0,22.375
48425,0.0,0.0,22.375
48426,0.0,0.0,22.375
48427,0.0,0.0,22.375
48428,0.0,0.0,22.375
48429,0.0,0.0,22.375
48431,0.0,0.0,22.375
48432,0.0,0.0,22.375
48433,0.0,0.0,22.375
48434,0.0,0.0,22.375
48435,0.0,0.0,22.375
48437,0.0,0.0,22.375
48438,0.0,0.0,22.375
48439,0.0,0.0,22.375
48440,0.0,0.0,22.375
48441,0.0,0.0,22.375
48442,0.0,0.0,22.375
48443,0.0,0.0,22.375
48444,0.0,0.0,22.375
48445,0.0,0.0,22.375
48446,0.0,0.0,22.375
48447,0.0,0.0,22.375
48448,0.0,0.0,22.375
48449,0.0,0.0,22.375
48450,0.0,0.0,22.375
48451,0.0,0.0,22.375
48452,0.0,0.0,22.375
48453,0.0,0.0,22.375
48454,0.0,0.0,22.375
48455,0.0,0.0,22.375
48456,0.0,0.0,22.375
48457,-1760.0,1760.0,22.365
48458,0.0,0.0,22.365
48459,0.0,0.0,22.365
48460,383.0,8083.0,22.365
48461,100.0,100.0,22.375
48462,-1200.0,1200.0,22.375
48463,-42.0,42.0,22.365
48464,0.0,0.0,22.365
48465,0.0,0.0,22.365
48466,0.0,0.0,22.365
48467,0.0,0.0,22.365
48468,0.0,0.0,22.365
48469,0.0,0.0,22.365
48470,0.0,0.0,22.365
48471,-4802.0,4804.0,22.355
48472,0.0,0.0,22.355
48473,0.0,0.0,22.355
48474,0.0,0.0,22.355
48475,0.0,0.0,22.355
48476,0.0,0.0,22.355
48477,0.0,0.0,22.355
48478,0.0,0.0,22.355
48479,1273.0,1273.0,22.365
48480,0.0,0.0,22.365
48481,-2.0,2.0,22.365
48482,0.0,0.0,22.365
48484,-639.0,639.0,22.355
48485,0.0,0.0,22.355
48486,0.0,0.0,22.355
48487,-3895.0,3895.0,22.345
48488,1700.0,1700.0,22.355
48489,0.0,0.0,22.355
48490,-10.0,10.0,22.355
48491,-192.0,192.0,22.345
48492,0.0,0.0,22.345
48493,0.0,0.0,22.345
48494,0.0,0.0,22.345
48495,-1351.0,1351.0,22.335
48496,0.0,0.0,22.335
48497,0.0,0.0,22.335
48498,0.0,0.0,22.335
48499,0.0,0.0,22.335
48500,0.0,0.0,22.335
48501,0.0,0.0,22.335
48502,0.0,0.0,22.335
48503,920.0,920.0,22.345
48504,0.0,0.0,22.345
48505,-700.0,700.0,22.335
48506,0.0,0.0,22.335
48507,0.0,0.0,22.335
48508,0.0,0.0,22.335
48509,0.0,0.0,22.335
48510,0.0,0.0,22.335
48511,0.0,0.0,22.335
48512,0.0,0.0,22.335
48513,0.0,0.0,22.335
48514,0.0,0.0,22.335
48515,0.0,0.0,22.335
48516,0.0,0.0,22.335
48517,0.0,0.0,22.335
48518,0.0,0.0,22.335
48519,0.0,0.0,22.335
48520,0.0,0.0,22.335
48521,0.0,0.0,22.335
48522,0.0,0.0,22.335
48523,0.0,0.0,22.335
48524,0.0,0.0,22.335
48525,3734.0,3734.0,22.345
48526,0.0,0.0,22.345
48527,0.0,0.0,22.345
48528,0.0,0.0,22.345
48529,0.0,0.0,22.345
48530,0.0,0.0,22.345
48531,0.0,0.0,22.345
48532,0.0,0.0,22.345
48533,0.0,0.0,22.345
48534,0.0,0.0,22.345
48535,0.0,0.0,22.345
48536,6050.0,6050.0,22.365
48537,0.0,0.0,22.365
48538,0.0,0.0,22.365
48539,0.0,0.0,22.365
48540,0.0,0.0,22.365
48541,0.0,0.0,22.365
48542,0.0,0.0,22.365
48543,0.0,0.0,22.365
48544,-2057.0,2057.0,22.355
48545,0.0,0.0,22.355
48546,0.0,0.0,22.355
48547,0.0,0.0,22.355
48548,-121.0,121.0,22.355
48549,-600.0,600.0,22.345
48550,0.0,0.0,22.345
48551,0.0,0.0,22.345
48552,0.0,0.0,22.345
48553,0.0,0.0,22.345
48554,0.0,0.0,22.345
48555,0.0,0.0,22.345
48556,0.0,0.0,22.345
48557,0.0,0.0,22.345
48558,0.0,0.0,22.345
48559,0.0,0.0,22.345
48560,0.0,0.0,22.345
48561,0.0,0.0,22.345
48562,-1811.0,1811.0,22.335
48563,0.0,0.0,22.335
48564,0.0,0.0,22.335
48565,0.0,0.0,22.335
48566,0.0,0.0,22.335
48567,0.0,0.0,22.335
48568,0.0,0.0,22.335
48569,0.0,0.0,22.335
48570,0.0,0.0,22.335
48571,0.0,0.0,22.335
48572,0.0,0.0,22.335
48573,0.0,0.0,22.335
48574,0.0,0.0,22.335
48575,0.0,0.0,22.335
48576,0.0,0.0,22.335
48577,0.0,0.0,22.335
48578,0.0,0.0,22.335
48579,0.0,0.0,22.335
48580,0.0,0.0,22.335
48581,0.0,0.0,22.335
48582,0.0,0.0,22.335
48584,0.0,0.0,22.335
48585,0.0,0.0,22.335
48586,0.0,0.0,22.335
48587,0.0,0.0,22.335
48588,0.0,0.0,22.335
48589,0.0,0.0,22.335
48590,0.0,0.0,22.335
48591,0.0,0.0,22.335
48592,0.0,0.0,22.335
48593,0.0,0.0,22.335
48594,0.0,0.0,22.335
48595,0.0,0.0,22.335
48596,0.0,0.0,22.335
48597,0.0,0.0,22.335
48598,0.0,0.0,22.335
48599,0.0,0.0,22.335
48600,-3482.0,3482.0,22.325
48601,0.0,0.0,22.325
48602,0.0,0.0,22.325
48603,0.0,0.0,22.325
48604,4901.0,4901.0,22.335
48605,0.0,0.0,22.325
48606,0.0,0.0,22.325
48607,0.0,0.0,22.325
48608,0.0,0.0,22.325
48609,0.0,0.0,22.325
48610,0.0,0.0,22.325
48611,0.0,0.0,22.325
48612,0.0,0.0,22.325
48613,0.0,0.0,22.325
48614,0.0,0.0,22.325
48615,-2559.0,2559.0,22.315
48616,0.0,0.0,22.315
48617,0.0,0.0,22.315
48618,4730.0,4730.0,22.325
48619,0.0,0.0,22.325
48620,0.0,0.0,22.325
48621,0.0,0.0,22.325
48622,0.0,0.0,22.325
48623,0.0,0.0,22.325
48624,0.0,0.0,22.325
48625,1472.0,1472.0,22.335
48626,0.0,0.0,22.335
48627,0.0,0.0,22.335
48628,0.0,0.0,22.335
48629,0.0,0.0,22.335
48630,0.0,0.0,22.335
48631,0.0,0.0,22.335
48632,0.0,0.0,22.335
48633,0.0,0.0,22.335
48634,-1276.0,1276.0,22.325
48635,0.0,0.0,22.325
48636,0.0,0.0,22.325
48637,0.0,0.0,22.325
48638,0.0,0.0,22.325
48639,0.0,0.0,22.325
48640,0.0,0.0,22.325
48641,0.0,0.0,22.325
48642,0.0,0.0,22.325
48643,0.0,0.0,22.325
48644,0.0,0.0,22.325
48645,0.0,0.0,22.325
48646,5097.0,5099.0,22.335
48647,0.0,0.0,22.335
48648,0.0,0.0,22.335
48649,1279.0,1279.0,22.345
48650,-916.0,916.0,22.345
48651,-172.0,172.0,22.335
48652,0.0,0.0,22.335
48653,0.0,0.0,22.335
48654,0.0,0.0,22.335
48655,0.0,0.0,22.335
48656,0.0,0.0,22.335
48657,0.0,0.0,22.335
48658,0.0,0.0,22.335
48659,0.0,0.0,22.335
48660,0.0,0.0,22.335
48661,0.0,0.0,22.335
48662,3268.0,3268.0,22.345
48663,0.0,0.0,22.345
48664,0.0,0.0,22.345
48665,0.0,0.0,22.345
48666,0.0,0.0,22.345
48667,3115.0,3115.0,22.355
48668,1875.0,1875.0,22.375
48669,-439.0,439.0,22.365
48670,-6300.0,6300.0,22.375
48671,0.0,0.0,22.375
48672,352.0,8270.0,22.375
48673,0.0,0.0,22.375
48674,-1900.0,1900.0,22.365
48675,0.0,0.0,22.365
48676,4525.0,4971.0,22.375
48677,-292.0,292.0,22.365
48678,0.0,0.0,22.365
48679,-4912.0,4912.0,22.365
48680,-970.0,970.0,22.355
48681,0.0,0.0,22.355
48682,0.0,0.0,22.355
48683,0.0,0.0,22.355
48684,0.0,0.0,22.355
48685,0.0,0.0,22.355
48686,0.0,0.0,22.355
48687,0.0,0.0,22.355
48688,0.0,0.0,22.355
48689,0.0,0.0,22.355
48690,0.0,0.0,22.355
48691,0.0,0.0,22.355
48692,0.0,0.0,22.355
48693,0.0,0.0,22.355
48694,0.0,0.0,22.355
48695,0.0,0.0,22.355
48696,0.0,0.0,22.355
48697,0.0,0.0,22.355
48698,0.0,0.0,22.355
48699,0.0,0.0,22.355
48700,3403.0,3403.0,22.365
48701,0.0,0.0,22.365
48702,0.0,0.0,22.37
48703,-6049.0,7449.0,22.365
48704,0.0,0.0,22.365
48705,0.0,0.0,22.365
48706,0.0,0.0,22.365
48707,0.0,0.0,22.365
48708,0.0,0.0,22.365
48709,0.0,0.0,22.365
48710,-404.0,404.0,22.355
48711,0.0,0.0,22.355
48712,0.0,0.0,22.355
48713,2486.0,4426.0,22.365
48714,0.0,0.0,22.365
48715,0.0,0.0,22.365
48716,900.0,900.0,22.365
48717,0.0,0.0,22.365
48718,0.0,0.0,22.365
48719,0.0,0.0,22.365
48720,2137.0,2137.0,22.375
48721,0.0,0.0,22.375
48722,0.0,0.0,22.375
48723,-2089.0,2089.0,22.375
48724,-1527.0,2127.0,22.375
48725,0.0,0.0,22.375
48726,-3.0,3.0,22.365
48727,0.0,0.0,22.365
48728,800.0,800.0,22.375
48729,-1082.0,1082.0,22.365
48730,7135.0,7135.0,22.365
48731,3200.0,3200.0,22.375
48732,0.0,0.0,22.375
48733,0.0,0.0,22.375
48734,1400.0,1400.0,22.385
48735,0.0,0.0,22.385
48736,0.0,0.0,22.385
48737,0.0,0.0,22.385
48738,0.0,0.0,22.385
48739,0.0,0.0,22.385
48740,-100.0,100.0,22.375
48741,0.0,0.0,22.375
48742,0.0,0.0,22.385
48743,0.0,0.0,22.385
48744,0.0,0.0,22.385
48745,0.0,0.0,22.385
48746,0.0,0.0,22.385
48747,0.0,0.0,22.385
48748,0.0,0.0,22.385
48749,0.0,0.0,22.385
48750,0.0,0.0,22.385
48751,0.0,0.0,22.385
48752,0.0,0.0,22.385
48753,0.0,0.0,22.385
48754,0.0,0.0,22.385
48755,2286.0,2286.0,22.395
48756,0.0,0.0,22.395
48757,0.0,0.0,22.395
48758,-2100.0,2100.0,22.385
48759,0.0,0.0,22.385
48760,0.0,0.0,22.385
48761,0.0,0.0,22.385
48762,0.0,0.0,22.385
48763,-7.0,7.0,22.375
48764,0.0,0.0,22.375
48765,0.0,0.0,22.375
48766,0.0,0.0,22.375
48767,0.0,0.0,22.375
48768,-205.0,205.0,22.365
48769,-2518.0,2518.0,22.355
48770,0.0,0.0,22.355
48771,0.0,0.0,22.355
48772,0.0,0.0,22.355
48773,0.0,0.0,22.355
48774,0.0,0.0,22.355
48775,0.0,0.0,22.355
48776,0.0,0.0,22.355
48777,0.0,0.0,22.355
48778,3700.0,3700.0,22.355
48779,0.0,0.0,22.355
48780,0.0,0.0,22.355
48781,0.0,0.0,22.355
48782,3461.0,3461.0,22.355
48783,-78.0,78.0,22.355
48784,0.0,0.0,22.355
48785,0.0,0.0,22.355
48786,0.0,0.0,22.355
48787,0.0,0.0,22.355
48788,0.0,0.0,22.355
48789,0.0,0.0,22.355
48790,0.0,0.0,22.355
48791,0.0,0.0,22.355
48792,0.0,0.0,22.355
48793,0.0,0.0,22.355
48794,0.0,0.0,22.355
48795,0.0,0.0,22.355
48796,0.0,0.0,22.355
48797,0.0,0.0,22.355
48798,0.0,0.0,22.355
48799,0.0,0.0,22.355
48800,0.0,0.0,22.355
48801,0.0,0.0,22.355
48802,0.0,0.0,22.355
48803,0.0,0.0,22.355
48804,0.0,0.0,22.355
48805,0.0,0.0,22.355
48806,0.0,0.0,22.355
48807,0.0,0.0,22.355
48808,0.0,0.0,22.355
48809,0.0,0.0,22.355
48810,975.0,2299.0,22.365
48811,1200.0,1876.0,22.375
48812,0.0,0.0,22.375
48813,-1250.0,1250.0,22.365
48814,0.0,0.0,22.365
48815,1300.0,1300.0,22.375
48816,0.0,0.0,22.375
48817,0.0,0.0,22.375
48818,0.0,0.0,22.375
48819,0.0,0.0,22.375
48820,-40.0,40.0,22.37
48821,0.0,0.0,22.365
48822,0.0,0.0,22.365
48823,0.0,0.0,22.365
48824,0.0,0.0,22.365
48825,0.0,0.0,22.365
48826,543.0,543.0,22.375
48827,0.0,0.0,22.375
48828,0.0,0.0,22.375
48829,0.0,0.0,22.375
48830,0.0,0.0,22.375
48831,0.0,0.0,22.375
48832,0.0,0.0,22.375
48833,0.0,0.0,22.375
48834,0.0,0.0,22.375
48835,0.0,0.0,22.375
48836,0.0,0.0,22.375
48837,0.0,0.0,22.375
48838,0.0,0.0,22.375
48839,0.0,0.0,22.375
48840,0.0,0.0,22.375
48841,0.0,0.0,22.375
48842,0.0,0.0,22.375
48843,0.0,0.0,22.375
48844,2.0,2.0,22.375
48845,1857.0,2217.0,22.385
48846,-2197.0,2197.0,22.385
48847,0.0,0.0,22.385
48848,0.0,0.0,22.385
48849,0.0,0.0,22.385
48850,0.0,0.0,22.385
48851,0.0,0.0,22.385
48852,0.0,0.0,22.385
48853,0.0,0.0,22.385
48854,0.0,0.0,22.385
48855,-630.0,630.0,22.375
48856,0.0,0.0,22.375
48857,0.0,0.0,22.375
48858,0.0,0.0,22.375
48859,0.0,0.0,22.375
48860,0.0,0.0,22.375
48861,0.0,0.0,22.375
48862,0.0,0.0,22.375
48863,0.0,0.0,22.375
48864,0.0,0.0,22.375
48865,0.0,0.0,22.375
48866,0.0,0.0,22.375
48867,1333.0,1333.0,22.385
48868,848.0,848.0,22.395
48869,0.0,0.0,22.395
48870,0.0,0.0,22.395
48871,0.0,0.0,22.395
48872,0.0,0.0,22.395
48873,0.0,0.0,22.395
48874,0.0,0.0,22.395
48875,0.0,0.0,22.395
48876,0.0,0.0,22.395
48877,-5953.0,5953.0,22.385
48878,0.0,0.0,22.385
48879,0.0,0.0,22.385
48880,0.0,0.0,22.385
48881,0.0,0.0,22.385
48882,0.0,0.0,22.385
48883,0.0,0.0,22.385
48884,0.0,0.0,22.385
48885,0.0,0.0,22.385
48886,0.0,0.0,22.385
48887,0.0,0.0,22.385
48888,0.0,0.0,22.385
48889,0.0,0.0,22.385
48890,1306.0,2414.0,22.385
48891,0.0,0.0,22.385
48892,0.0,0.0,22.385
48893,0.0,0.0,22.385
48894,545.0,545.0,22.385
48895,0.0,0.0,22.385
48896,0.0,0.0,22.385
48897,0.0,0.0,22.385
48898,0.0,0.0,22.385
48899,0.0,0.0,22.385
48900,-947.0,947.0,22.385
48901,-3360.0,3360.0,22.375
48902,0.0,0.0,22.375
48903,-484.0,484.0,22.365
48904,0.0,0.0,22.365
48905,0.0,0.0,22.365
48906,0.0,0.0,22.365
48907,0.0,0.0,22.365
48908,4886.0,4886.0,22.375
48909,0.0,0.0,22.375
48910,-4407.0,4407.0,22.365
48911,-115.0,115.0,22.355
48912,550.0,550.0,22.365
48913,0.0,0.0,22.365
48914,0.0,0.0,22.365
48915,0.0,0.0,22.365
48916,0.0,0.0,22.365
48917,-134.0,134.0,22.365
48918,0.0,0.0,22.365
48919,0.0,0.0,22.365
48920,0.0,0.0,22.365
48921,0.0,0.0,22.365
48922,0.0,0.0,22.365
48923,0.0,0.0,22.365
48924,0.0,0.0,22.365
48925,-33.0,33.0,22.365
48926,-1556.0,1556.0,22.365
48927,0.0,0.0,22.365
48928,0.0,0.0,22.365
48929,0.0,0.0,22.365
48930,0.0,0.0,22.365
48931,0.0,0.0,22.365
48932,0.0,0.0,22.365
48933,0.0,0.0,22.365
48934,0.0,0.0,22.365
48935,0.0,0.0,22.365
48936,0.0,0.0,22.365
48937,-607.0,607.0,22.355
48938,450.0,450.0,22.355
48939,0.0,0.0,22.355
48940,0.0,0.0,22.355
48941,0.0,0.0,22.355
48942,0.0,0.0,22.355
48943,0.0,0.0,22.355
48944,0.0,0.0,22.355
48945,0.0,0.0,22.355
48946,0.0,0.0,22.355
48947,0.0,0.0,22.355
48948,0.0,0.0,22.355
48949,0.0,0.0,22.355
48950,0.0,0.0,22.355
48951,0.0,0.0,22.355
48952,0.0,0.0,22.355
48953,0.0,0.0,22.355
48954,0.0,0.0,22.355
48955,0.0,0.0,22.355
48956,1100.0,1100.0,22.365
48957,0.0,0.0,22.365
48958,0.0,0.0,22.365
48959,-506.0,506.0,22.365
48960,0.0,0.0,22.365
48961,-3123.0,3123.0,22.355
48962,0.0,0.0,22.355
48963,0.0,0.0,22.355
48964,0.0,0.0,22.355
48965,0.0,0.0,22.355
48966,0.0,0.0,22.355
48967,0.0,0.0,22.355
48968,0.0,0.0,22.355
48969,0.0,0.0,22.355
48970,0.0,0.0,22.355
48971,0.0,0.0,22.355
48972,0.0,0.0,22.355
48973,0.0,0.0,22.355
48974,-194.0,194.0,22.355
48975,-3808.0,3808.0,22.345
48976,0.0,0.0,22.345
48977,3906.0,3906.0,22.345
48978,0.0,0.0,22.345
48979,0.0,0.0,22.345
48980,0.0,0.0,22.345
48981,0.0,0.0,22.345
48982,0.0,0.0,22.345
48983,-22.0,22.0,22.345
48984,0.0,0.0,22.345
48985,0.0,0.0,22.345
48986,-2023.0,2023.0,22.335
48987,0.0,0.0,22.335
48988,0.0,0.0,22.335
48989,0.0,0.0,22.335
48990,0.0,0.0,22.335
48991,0.0,0.0,22.335
48992,-6628.0,6628.0,22.325
48993,0.0,0.0,22.325
48994,1619.0,1619.0,22.335
48995,0.0,0.0,22.335
48996,0.0,0.0,22.335
48997,0.0,0.0,22.335
48998,0.0,0.0,22.335
48999,0.0,0.0,22.335
49000,50.0,50.0,22.335
49001,0.0,0.0,22.335
49002,0.0,0.0,22.335
49003,0.0,0.0,22.335
49004,0.0,0.0,22.335
49005,0.0,0.0,22.335
49006,0.0,0.0,22.335
49007,0.0,0.0,22.335
49008,0.0,0.0,22.335
49009,262.0,262.0,22.335
49010,1399.0,1799.0,22.335
49011,0.0,0.0,22.335
49012,-110.0,110.0,22.335
49013,0.0,0.0,22.335
49014,0.0,0.0,22.335
49015,0.0,0.0,22.335
49016,0.0,0.0,22.335
49017,0.0,0.0,22.335
49018,1650.0,1650.0,22.335
49019,0.0,0.0,22.335
49020,0.0,0.0,22.345
49021,0.0,0.0,22.345
49022,0.0,0.0,22.345
49023,0.0,0.0,22.345
49024,0.0,0.0,22.345
49025,0.0,0.0,22.345
49026,0.0,0.0,22.345
49027,0.0,0.0,22.345
49028,0.0,0.0,22.345
49029,0.0,0.0,22.345
49030,0.0,0.0,22.345
49031,0.0,0.0,22.345
49032,0.0,0.0,22.345
49033,0.0,0.0,22.345
49034,0.0,0.0,22.345
49035,0.0,0.0,22.345
49036,0.0,0.0,22.345
49037,100.0,100.0,22.345
49038,0.0,0.0,22.345
49039,1084.0,1084.0,22.355
49040,0.0,0.0,22.355
49041,0.0,0.0,22.355
49042,0.0,0.0,22.355
49043,0.0,0.0,22.355
49044,-4350.0,5350.0,22.345
49045,0.0,0.0,22.345
49046,0.0,0.0,22.345
49047,0.0,0.0,22.345
49048,0.0,0.0,22.345
49049,0.0,0.0,22.345
49050,0.0,0.0,22.345
49051,0.0,0.0,22.345
49052,0.0,0.0,22.345
49053,0.0,0.0,22.345
49054,0.0,0.0,22.345
49055,0.0,0.0,22.345
49056,0.0,0.0,22.345
49057,0.0,0.0,22.345
49058,0.0,0.0,22.345
49059,0.0,0.0,22.345
49060,0.0,0.0,22.345
49061,0.0,0.0,22.345
49062,0.0,0.0,22.345
49063,0.0,0.0,22.345
49064,0.0,0.0,22.345
49065,0.0,0.0,22.345
49066,-3607.0,3607.0,22.335
49067,-400.0,400.0,22.335
49068,-800.0,800.0,22.335
49069,0.0,0.0,22.335
49070,-2100.0,2100.0,22.33
49071,200.0,200.0,22.335
49072,0.0,0.0,22.325
49073,0.0,0.0,22.325
49074,-200.0,200.0,22.325
49075,0.0,0.0,22.325
49076,0.0,0.0,22.325
49077,0.0,0.0,22.325
49078,0.0,0.0,22.325
49079,0.0,0.0,22.325
49080,-3000.0,3000.0,22.315
49081,0.0,0.0,22.315
49082,-845.0,945.0,22.31
49083,0.0,0.0,22.305
49084,4313.0,4963.0,22.305
49085,0.0,0.0,22.305
49086,0.0,0.0,22.305
49087,2019.0,2419.0,22.315
49088,0.0,0.0,22.315
49089,0.0,0.0,22.315
49090,0.0,0.0,22.315
49091,0.0,0.0,22.315
49092,0.0,0.0,22.315
49093,0.0,0.0,22.315
49094,0.0,0.0,22.315
49095,0.0,0.0,22.315
49096,1070.0,1070.0,22.32
49097,0.0,0.0,22.315
49098,0.0,0.0,22.315
49099,0.0,0.0,22.32
49100,500.0,1500.0,22.325
49101,-2281.0,2281.0,22.325
49102,0.0,0.0,22.315
49103,0.0,0.0,22.315
49104,0.0,0.0,22.315
49105,800.0,800.0,22.325
49106,0.0,0.0,22.325
49107,0.0,0.0,22.325
49108,0.0,0.0,22.325
49109,0.0,0.0,22.325
49110,0.0,0.0,22.325
49111,0.0,0.0,22.325
49112,0.0,0.0,22.325
49113,0.0,0.0,22.325
49114,50.0,3050.0,22.325
49115,0.0,0.0,22.325
49116,1451.0,1451.0,22.325
49117,0.0,0.0,22.325
49118,0.0,0.0,22.325
49119,0.0,0.0,22.325
49120,0.0,0.0,22.325
49121,0.0,0.0,22.325
49122,0.0,0.0,22.325
49123,0.0,0.0,22.325
49124,0.0,0.0,22.325
49126,0.0,0.0,22.325
49127,0.0,0.0,22.325
49128,0.0,0.0,22.325
49129,0.0,0.0,22.325
49130,0.0,0.0,22.325
49131,0.0,0.0,22.325
49132,0.0,0.0,22.325
49133,0.0,0.0,22.325
49134,0.0,0.0,22.325
49135,0.0,0.0,22.325
49136,0.0,0.0,22.325
49137,0.0,0.0,22.325
49138,0.0,0.0,22.325
49139,0.0,0.0,22.325
49140,0.0,0.0,22.325
49141,0.0,0.0,22.325
49142,801.0,801.0,22.335
49143,0.0,0.0,22.335
49144,0.0,0.0,22.335
49145,0.0,0.0,22.335
49146,0.0,0.0,22.335
49147,0.0,0.0,22.335
49148,-1005.0,1005.0,22.325
49149,0.0,0.0,22.325
49150,0.0,0.0,22.325
49151,0.0,0.0,22.325
49152,0.0,0.0,22.325
49153,0.0,0.0,22.325
49154,0.0,0.0,22.325
49155,0.0,0.0,22.325
49156,0.0,0.0,22.325
49157,0.0,0.0,22.325
49158,0.0,0.0,22.325
49159,0.0,0.0,22.325
49160,0.0,0.0,22.325
49161,-16617.0,16617.0,22.305
49162,0.0,0.0,22.305
49163,0.0,0.0,22.305
49164,3484.0,3484.0,22.315
49165,0.0,0.0,22.315
49166,0.0,0.0,22.315
49167,0.0,0.0,22.315
49168,0.0,0.0,22.315
49169,0.0,0.0,22.315
49170,0.0,0.0,22.315
49171,0.0,0.0,22.315
49172,3935.0,3935.0,22.315
49173,0.0,0.0,22.315
49174,0.0,0.0,22.315
49175,0.0,0.0,22.315
49176,0.0,0.0,22.315
49177,-2284.0,2284.0,22.305
49178,0.0,0.0,22.305
49179,0.0,0.0,22.305
49180,369.0,369.0,22.305
49181,1829.0,1829.0,22.305
49182,0.0,0.0,22.305
49184,-100.0,100.0,22.305
49185,100.0,100.0,22.305
49186,0.0,0.0,22.305
49187,0.0,0.0,22.305
49188,3749.0,3749.0,22.315
49189,0.0,0.0,22.315
49190,0.0,0.0,22.315
49191,0.0,0.0,22.315
49192,0.0,0.0,22.315
49193,0.0,0.0,22.315
49194,0.0,0.0,22.315
49195,0.0,0.0,22.315
49196,0.0,0.0,22.315
49197,0.0,0.0,22.315
49198,0.0,0.0,22.315
49199,0.0,0.0,22.315
49200,0.0,0.0,22.315
49201,0.0,0.0,22.315
49202,0.0,0.0,22.315
49203,0.0,0.0,22.315
49204,-138.0,138.0,22.315
49205,0.0,0.0,22.315
49206,0.0,0.0,22.315
49207,0.0,0.0,22.315
49208,0.0,0.0,22.315
49209,0.0,0.0,22.315
49210,0.0,0.0,22.315
49211,0.0,0.0,22.315
49212,0.0,0.0,22.315
49213,0.0,0.0,22.315
49214,0.0,0.0,22.315
49215,0.0,0.0,22.315
49216,0.0,0.0,22.315
49217,0.0,0.0,22.315
49218,0.0,0.0,22.315
49219,0.0,0.0,22.315
49220,0.0,0.0,22.315
49221,0.0,0.0,22.315
49222,0.0,0.0,22.315
49223,0.0,0.0,22.315
49224,0.0,0.0,22.315
49225,0.0,0.0,22.315
49226,0.0,0.0,22.315
49227,0.0,0.0,22.315
49228,0.0,0.0,22.315
49229,0.0,0.0,22.315
49230,0.0,0.0,22.315
49231,-1906.0,1906.0,22.305
49232,0.0,0.0,22.305
49233,0.0,0.0,22.305
49234,0.0,0.0,22.305
49235,0.0,0.0,22.305
49236,0.0,0.0,22.305
49237,0.0,0.0,22.305
49238,2217.0,2217.0,22.315
49239,0.0,0.0,22.315
49240,0.0,0.0,22.315
49241,0.0,0.0,22.315
49242,0.0,0.0,22.315
49243,0.0,0.0,22.315
49244,0.0,0.0,22.315
49245,0.0,0.0,22.315
49246,0.0,0.0,22.315
49247,0.0,0.0,22.315
49248,0.0,0.0,22.315
49249,0.0,0.0,22.315
49250,0.0,0.0,22.315
49251,0.0,0.0,22.315
49252,0.0,0.0,22.315
49253,0.0,0.0,22.315
49254,0.0,0.0,22.315
49255,0.0,0.0,22.315
49256,0.0,0.0,22.315
49257,0.0,0.0,22.315
49258,0.0,0.0,22.315
49259,0.0,0.0,22.315
49260,0.0,0.0,22.315
49261,0.0,0.0,22.315
49262,0.0,0.0,22.315
49263,0.0,0.0,22.315
49264,0.0,0.0,22.315
49265,0.0,0.0,22.315
49266,0.0,0.0,22.315
49267,0.0,0.0,22.315
49268,-1000.0,1000.0,22.315
49269,0.0,0.0,22.315
49270,0.0,0.0,22.315
49271,0.0,0.0,22.315
49272,0.0,0.0,22.315
49273,0.0,0.0,22.315
49274,-1029.0,1029.0,22.305
49275,0.0,0.0,22.305
49276,0.0,0.0,22.305
49277,0.0,0.0,22.305
49278,0.0,0.0,22.305
49279,-2781.0,3111.0,22.315
49280,0.0,0.0,22.315
49281,0.0,0.0,22.315
49282,0.0,0.0,22.315
49283,0.0,0.0,22.315
49284,0.0,0.0,22.315
49285,0.0,0.0,22.315
49286,0.0,0.0,22.315
49287,0.0,0.0,22.315
49288,0.0,0.0,22.315
49289,0.0,0.0,22.315
49290,0.0,0.0,22.315
49291,0.0,0.0,22.315
49292,0.0,0.0,22.315
49293,0.0,0.0,22.315
49294,0.0,0.0,22.315
49295,0.0,0.0,22.315
49296,0.0,0.0,22.315
49297,0.0,0.0,22.315
49298,0.0,0.0,22.315
49299,0.0,0.0,22.315
49300,0.0,0.0,22.315
49301,0.0,0.0,22.315
49302,0.0,0.0,22.315
49303,0.0,0.0,22.315
49304,0.0,0.0,22.315
49305,0.0,0.0,22.315
49306,0.0,0.0,22.315
49307,0.0,0.0,22.315
49308,0.0,0.0,22.315
49309,0.0,0.0,22.315
49310,0.0,0.0,22.315
49311,0.0,0.0,22.315
49312,0.0,0.0,22.315
49313,3004.0,3004.0,22.325
49314,0.0,0.0,22.325
49315,0.0,0.0,22.325
49316,0.0,0.0,22.325
49317,0.0,0.0,22.325
49318,0.0,0.0,22.325
49319,17.0,425.0,22.335
49320,400.0,400.0,22.345
49321,-1956.0,1956.0,22.335
49322,0.0,0.0,22.34
49323,0.0,0.0,22.345
49324,0.0,0.0,22.345
49325,0.0,0.0,22.345
49326,0.0,0.0,22.345
49327,0.0,0.0,22.345
49328,0.0,0.0,22.345
49329,0.0,0.0,22.345
49330,0.0,0.0,22.345
49331,0.0,0.0,22.345
49332,0.0,0.0,22.345
49333,-2700.0,2700.0,22.345
49334,0.0,0.0,22.345
49335,0.0,0.0,22.345
49336,0.0,0.0,22.345
49337,0.0,0.0,22.345
49338,0.0,0.0,22.345
49339,0.0,0.0,22.345
49340,-13.0,13.0,22.345
49341,-1694.0,1694.0,22.335
49342,0.0,0.0,22.335
49343,0.0,0.0,22.335
49344,0.0,0.0,22.335
49345,0.0,0.0,22.335
49346,0.0,0.0,22.335
49347,0.0,0.0,22.335
49348,0.0,0.0,22.335
49349,0.0,0.0,22.335
49350,0.0,0.0,22.335
49351,0.0,0.0,22.335
49352,0.0,0.0,22.345
49353,0.0,0.0,22.345
49354,0.0,0.0,22.345
49355,0.0,0.0,22.345
49356,0.0,0.0,22.345
49357,0.0,0.0,22.345
49358,1852.0,1852.0,22.355
49359,511.0,511.0,22.365
49360,0.0,0.0,22.365
49361,0.0,0.0,22.365
49362,0.0,0.0,22.365
49363,0.0,0.0,22.365
49364,150.0,150.0,22.365
49365,0.0,0.0,22.365
49366,0.0,0.0,22.365
49367,0.0,0.0,22.365
49368,0.0,0.0,22.365
49369,0.0,0.0,22.365
49371,0.0,0.0,22.365
49372,0.0,0.0,22.365
49373,0.0,0.0,22.365
49374,0.0,0.0,22.365
49375,0.0,0.0,22.365
49376,0.0,0.0,22.365
49377,0.0,0.0,22.365
49378,0.0,0.0,22.365
49379,560.0,852.0,22.375
49380,0.0,0.0,22.375
49381,1792.0,1792.0,22.385
49382,0.0,0.0,22.385
49383,-1.0,1.0,22.385
49384,-828.0,1828.0,22.375
49385,0.0,0.0,22.375
49386,0.0,0.0,22.375
49387,0.0,0.0,22.375
49388,0.0,0.0,22.375
49389,0.0,0.0,22.375
49390,0.0,0.0,22.375
49391,118.0,118.0,22.385
49392,0.0,0.0,22.385
49393,0.0,0.0,22.385
49394,0.0,0.0,22.385
49395,0.0,0.0,22.385
49396,1150.0,1150.0,22.395
49397,0.0,0.0,22.395
49398,0.0,0.0,22.395
49399,0.0,0.0,22.395
49400,0.0,0.0,22.395
49401,0.0,0.0,22.395
49402,0.0,0.0,22.395
49404,0.0,0.0,22.395
49405,0.0,0.0,22.395
49406,0.0,0.0,22.395
49407,0.0,0.0,22.395
49409,0.0,0.0,22.395
49410,0.0,0.0,22.395
49411,0.0,0.0,22.395
49412,0.0,0.0,22.395
49413,2151.0,2151.0,22.405
49414,0.0,0.0,22.405
49415,0.0,0.0,22.405
49416,0.0,0.0,22.405
49417,1645.0,1851.0,22.415
49418,0.0,0.0,22.415
49419,0.0,0.0,22.415
49420,0.0,0.0,22.415
49421,65.0,4245.0,22.415
49422,0.0,0.0,22.415
49423,0.0,0.0,22.415
49424,0.0,0.0,22.415
49425,0.0,0.0,22.415
49426,-673.0,673.0,22.415
49427,-1361.0,2361.0,22.405
49428,0.0,0.0,22.405
49429,0.0,0.0,22.405
49430,0.0,0.0,22.405
49431,0.0,0.0,22.405
49432,-756.0,756.0,22.395
49433,0.0,0.0,22.395
49434,0.0,0.0,22.395
49435,0.0,0.0,22.395
49436,0.0,0.0,22.395
49437,0.0,0.0,22.395
49438,0.0,0.0,22.395
49439,0.0,0.0,22.395
49440,0.0,0.0,22.395
49441,0.0,0.0,22.395
49442,0.0,0.0,22.395
49443,0.0,0.0,22.395
49444,0.0,0.0,22.395
49445,0.0,0.0,22.395
49446,0.0,0.0,22.395
49447,0.0,0.0,22.395
49448,0.0,0.0,22.395
49449,0.0,0.0,22.395
49450,0.0,0.0,22.395
49451,0.0,0.0,22.395
49452,0.0,0.0,22.395
49453,0.0,0.0,22.395
49454,0.0,0.0,22.395
49455,0.0,0.0,22.395
49456,0.0,0.0,22.395
49457,105.0,105.0,22.395
49458,0.0,0.0,22.395
49459,1295.0,1295.0,22.405
49460,0.0,0.0,22.405
49461,500.0,500.0,22.415
49462,0.0,0.0,22.415
49463,0.0,0.0,22.415
49464,0.0,0.0,22.415
49465,0.0,0.0,22.415
49466,0.0,0.0,22.415
49467,0.0,0.0,22.415
49468,0.0,0.0,22.415
49469,0.0,0.0,22.415
49470,0.0,0.0,22.415
49471,0.0,0.0,22.415
49472,0.0,0.0,22.415
49473,0.0,0.0,22.415
49474,0.0,0.0,22.415
49475,0.0,0.0,22.415
49476,0.0,0.0,22.415
49477,0.0,0.0,22.415
49478,3256.0,3256.0,22.415
49479,0.0,0.0,22.415
49480,0.0,0.0,22.415
49481,0.0,0.0,22.415
49482,0.0,0.0,22.415
49483,0.0,0.0,22.415
49484,0.0,0.0,22.415
49485,0.0,0.0,22.415
49486,0.0,0.0,22.415
49487,0.0,0.0,22.415
49488,0.0,0.0,22.415
49489,0.0,0.0,22.415
49490,0.0,0.0,22.415
49491,0.0,0.0,22.415
49492,0.0,0.0,22.415
49493,1132.0,1132.0,22.425
49494,0.0,0.0,22.425
49495,0.0,0.0,22.425
49496,0.0,0.0,22.425
49497,0.0,0.0,22.425
49498,0.0,0.0,22.425
49499,-1664.0,1664.0,22.415
49500,0.0,0.0,22.415
49501,172.0,172.0,22.425
49502,-405.0,405.0,22.425
49503,-1441.0,1441.0,22.415
49504,0.0,0.0,22.415
49505,0.0,0.0,22.415
49506,0.0,0.0,22.415
49507,0.0,0.0,22.415
49508,437.0,437.0,22.425
49509,0.0,0.0,22.415
49510,0.0,0.0,22.415
49511,0.0,0.0,22.415
49512,0.0,0.0,22.415
49513,0.0,0.0,22.415
49514,0.0,0.0,22.415
49515,0.0,0.0,22.415
49516,-3622.0,5128.0,22.425
49517,0.0,0.0,22.425
49518,7529.0,7529.0,22.435
49519,0.0,0.0,22.435
49520,0.0,0.0,22.435
49521,0.0,0.0,22.435
49522,0.0,0.0,22.435
49523,0.0,0.0,22.435
49524,0.0,0.0,22.435
49525,0.0,0.0,22.435
49526,0.0,0.0,22.435
49527,0.0,0.0,22.435
49528,0.0,0.0,22.435
49529,0.0,0.0,22.435
49531,0.0,0.0,22.435
49532,0.0,0.0,22.435
49533,0.0,0.0,22.435
49534,0.0,0.0,22.435
49535,-8698.0,8698.0,22.425
49536,0.0,0.0,22.425
49537,260.0,260.0,22.425
49538,0.0,0.0,22.425
49539,0.0,0.0,22.425
49540,500.0,500.0,22.425
49541,0.0,0.0,22.425
49542,0.0,0.0,22.425
49543,0.0,0.0,22.425
49544,0.0,0.0,22.425
49545,0.0,0.0,22.425
49546,0.0,0.0,22.425
49547,0.0,0.0,22.425
49548,0.0,0.0,22.425
49549,-383.0,383.0,22.415
49550,0.0,0.0,22.415
49551,0.0,0.0,22.415
49552,0.0,0.0,22.415
49553,0.0,0.0,22.415
49554,550.0,550.0,22.425
49555,0.0,0.0,22.425
49556,0.0,0.0,22.425
49557,0.0,0.0,22.425
49558,0.0,0.0,22.425
49559,0.0,0.0,22.425
49560,0.0,0.0,22.425
49561,0.0,0.0,22.425
49562,0.0,0.0,22.425
49563,0.0,0.0,22.425
49564,0.0,0.0,22.425
49565,0.0,0.0,22.425
49566,570.0,570.0,22.435
49567,0.0,0.0,22.435
49568,0.0,0.0,22.435
49569,0.0,0.0,22.435
49570,0.0,0.0,22.435
49571,0.0,0.0,22.435
49572,0.0,0.0,22.435
49573,0.0,0.0,22.435
49574,0.0,0.0,22.435
49575,0.0,0.0,22.435
49576,0.0,0.0,22.435
49577,0.0,0.0,22.435
49578,0.0,0.0,22.435
49579,0.0,0.0,22.435
49580,0.0,0.0,22.435
49581,0.0,0.0,22.435
49582,0.0,0.0,22.435
49583,0.0,0.0,22.435
49584,0.0,0.0,22.435
49585,-2368.0,2368.0,22.425
49586,0.0,0.0,22.425
49587,0.0,0.0,22.425
49588,0.0,0.0,22.425
49589,0.0,0.0,22.425
49590,0.0,0.0,22.425
49592,0.0,0.0,22.425
49593,0.0,0.0,22.425
49594,0.0,0.0,22.425
49595,0.0,0.0,22.425
49596,0.0,0.0,22.425
49597,0.0,0.0,22.425
49598,0.0,0.0,22.425
49599,0.0,0.0,22.425
49600,0.0,0.0,22.425
49601,0.0,0.0,22.425
49602,0.0,0.0,22.425
49603,0.0,0.0,22.425
49604,0.0,0.0,22.425
49605,0.0,0.0,22.425
49606,0.0,0.0,22.425
49607,0.0,0.0,22.425
49608,-4738.0,4738.0,22.425
49609,0.0,0.0,22.425
49610,0.0,0.0,22.425
49611,0.0,0.0,22.425
49612,0.0,0.0,22.425
49613,0.0,0.0,22.425
49614,0.0,0.0,22.425
49615,-2520.0,2520.0,22.425
49616,0.0,0.0,22.425
49617,0.0,0.0,22.425
49618,0.0,0.0,22.425
49619,0.0,0.0,22.425
49620,0.0,0.0,22.425
49621,0.0,0.0,22.425
49622,0.0,0.0,22.425
49623,0.0,0.0,22.425
49624,0.0,0.0,22.425
49625,0.0,0.0,22.425
49626,0.0,0.0,22.425
49627,0.0,0.0,22.425
49628,0.0,0.0,22.425
49629,0.0,0.0,22.425
49630,0.0,0.0,22.425
49631,0.0,0.0,22.425
49632,1187.0,1365.0,22.435
49633,0.0,0.0,22.435
49634,0.0,0.0,22.435
49635,0.0,0.0,22.435
49636,0.0,0.0,22.435
49637,0.0,0.0,22.435
49638,0.0,0.0,22.435
49639,0.0,0.0,22.435
49640,0.0,0.0,22.435
49641,0.0,0.0,22.435
49642,0.0,0.0,22.435
49643,0.0,0.0,22.435
49644,0.0,0.0,22.435
49645,0.0,0.0,22.435
49646,0.0,0.0,22.435
49647,0.0,0.0,22.435
49648,-3653.0,4653.0,22.425
49649,0.0,0.0,22.425
49650,0.0,0.0,22.425
49651,0.0,0.0,22.425
49652,0.0,0.0,22.425
49653,0.0,0.0,22.425
49654,0.0,0.0,22.425
49655,0.0,0.0,22.425
49656,500.0,500.0,22.425
49657,0.0,0.0,22.425
49658,0.0,0.0,22.425
49659,0.0,0.0,22.425
49660,0.0,0.0,22.425
49661,0.0,0.0,22.425
49662,0.0,0.0,22.425
49663,0.0,0.0,22.425
49664,0.0,0.0,22.425
49665,161.0,161.0,22.425
49666,0.0,0.0,22.425
49667,0.0,0.0,22.425
49668,0.0,0.0,22.425
49669,0.0,0.0,22.425
49670,0.0,0.0,22.425
49671,0.0,0.0,22.425
49672,0.0,0.0,22.425
49673,0.0,0.0,22.425
49674,0.0,0.0,22.425
49675,0.0,0.0,22.425
49676,0.0,0.0,22.425
49677,0.0,0.0,22.425
49678,0.0,0.0,22.425
49679,0.0,0.0,22.425
49680,0.0,0.0,22.425
49681,0.0,0.0,22.425
49682,0.0,0.0,22.425
49683,0.0,0.0,22.425
49684,0.0,0.0,22.425
49685,0.0,0.0,22.425
49686,0.0,0.0,22.425
49687,0.0,0.0,22.425
49688,7184.0,7184.0,22.435
49689,0.0,0.0,22.435
49690,0.0,0.0,22.435
49691,0.0,0.0,22.435
49692,0.0,0.0,22.435
49693,0.0,0.0,22.435
49694,4231.0,4231.0,22.445
49695,0.0,0.0,22.445
49696,0.0,0.0,22.445
49697,-2055.0,2055.0,22.435
49698,0.0,0.0,22.435
49699,0.0,0.0,22.435
49700,0.0,0.0,22.435
49701,0.0,0.0,22.435
49702,0.0,0.0,22.435
49703,0.0,0.0,22.435
49704,-17000.0,17000.0,22.425
49705,244.0,244.0,22.425
49706,0.0,0.0,22.425
49707,0.0,0.0,22.425
49708,0.0,0.0,22.425
49709,0.0,0.0,22.425
49710,0.0,0.0,22.425
49711,0.0,0.0,22.425
49712,0.0,0.0,22.425
49713,0.0,0.0,22.425
49714,1862.0,1862.0,22.425
49715,0.0,0.0,22.425
49716,0.0,0.0,22.425
49717,0.0,0.0,22.425
49718,0.0,0.0,22.425
49719,0.0,0.0,22.425
49720,0.0,0.0,22.425
49721,0.0,0.0,22.425
49722,-9.0,791.0,22.425
49723,0.0,0.0,22.425
49724,0.0,0.0,22.425
49725,0.0,0.0,22.425
49726,0.0,0.0,22.425
49727,0.0,0.0,22.425
49728,0.0,0.0,22.425
49729,0.0,0.0,22.425
49731,0.0,0.0,22.425
49732,0.0,0.0,22.425
49733,-4166.0,4166.0,22.415
49734,0.0,0.0,22.415
49735,0.0,0.0,22.415
49736,0.0,0.0,22.415
49737,0.0,0.0,22.415
49738,0.0,0.0,22.415
49739,0.0,0.0,22.415
49740,0.0,0.0,22.415
49741,0.0,0.0,22.415
49742,0.0,0.0,22.415
49743,0.0,0.0,22.415
49744,0.0,0.0,22.415
49745,0.0,0.0,22.415
49746,0.0,0.0,22.415
49747,0.0,0.0,22.415
49748,0.0,0.0,22.415
49749,0.0,0.0,22.415
49750,0.0,0.0,22.415
49751,0.0,0.0,22.415
49752,0.0,0.0,22.415
49753,-4902.0,4902.0,22.405
49754,0.0,0.0,22.405
49755,0.0,0.0,22.405
49756,0.0,0.0,22.405
49757,-200.0,200.0,22.395
49758,7238.0,7238.0,22.405
49759,0.0,0.0,22.405
49760,0.0,0.0,22.405
49761,2780.0,2780.0,22.415
49762,0.0,0.0,22.415
49763,0.0,0.0,22.415
49764,0.0,0.0,22.415
49765,0.0,0.0,22.415
49766,0.0,0.0,22.415
49767,0.0,0.0,22.415
49768,200.0,200.0,22.415
49769,0.0,0.0,22.415
49770,0.0,0.0,22.415
49771,0.0,0.0,22.415
49772,-878.0,878.0,22.405
49773,0.0,0.0,22.405
49774,0.0,0.0,22.405
49775,0.0,0.0,22.405
49776,0.0,0.0,22.405
49777,0.0,0.0,22.405
49778,0.0,0.0,22.405
49779,0.0,0.0,22.405
49780,0.0,0.0,22.405
49781,0.0,0.0,22.405
49782,0.0,0.0,22.405
49783,0.0,0.0,22.405
49784,0.0,0.0,22.405
49785,0.0,0.0,22.405
49786,0.0,0.0,22.405
49787,0.0,0.0,22.405
49788,0.0,0.0,22.405
49789,0.0,0.0,22.405
49790,0.0,0.0,22.405
49791,0.0,0.0,22.405
49792,0.0,0.0,22.405
49793,0.0,0.0,22.405
49794,0.0,0.0,22.405
49795,0.0,0.0,22.405
49796,750.0,750.0,22.415
49797,0.0,0.0,22.415
49798,0.0,0.0,22.415
49799,0.0,0.0,22.415
49800,0.0,0.0,22.415
49801,0.0,0.0,22.415
49802,0.0,0.0,22.415
49803,0.0,0.0,22.415
49804,0.0,0.0,22.415
49805,0.0,0.0,22.415
49806,0.0,0.0,22.415
49807,0.0,0.0,22.415
49808,0.0,0.0,22.415
49809,0.0,0.0,22.415
49810,0.0,0.0,22.415
49811,0.0,0.0,22.415
49812,0.0,0.0,22.415
49813,0.0,0.0,22.415
49814,0.0,0.0,22.415
49815,0.0,0.0,22.415
49816,0.0,0.0,22.415
49817,0.0,0.0,22.415
49818,0.0,0.0,22.415
49819,0.0,0.0,22.415
49820,0.0,0.0,22.415
49821,0.0,0.0,22.415
49822,0.0,0.0,22.415
49823,0.0,0.0,22.415
49824,0.0,0.0,22.415
49825,0.0,0.0,22.415
49826,1593.0,1593.0,22.425
49827,0.0,0.0,22.425
49828,0.0,0.0,22.425
49829,0.0,0.0,22.425
49830,0.0,0.0,22.425
49831,0.0,0.0,22.425
49832,0.0,0.0,22.425
49833,0.0,0.0,22.425
49834,0.0,0.0,22.425
49835,0.0,0.0,22.425
49836,0.0,0.0,22.425
49837,0.0,0.0,22.425
49838,0.0,0.0,22.425
49839,0.0,0.0,22.425
49840,0.0,0.0,22.425
49841,0.0,0.0,22.425
49842,0.0,0.0,22.425
49843,0.0,0.0,22.425
49844,0.0,0.0,22.425
49845,0.0,0.0,22.425
49846,0.0,0.0,22.425
49847,0.0,0.0,22.425
49848,0.0,0.0,22.425
49849,42.0,42.0,22.425
49850,2447.0,2447.0,22.435
49851,0.0,0.0,22.435
49852,0.0,0.0,22.435
49853,0.0,0.0,22.435
49854,0.0,0.0,22.435
49855,0.0,0.0,22.435
49856,0.0,0.0,22.435
49857,0.0,0.0,22.435
49858,0.0,0.0,22.435
49859,0.0,0.0,22.435
49860,0.0,0.0,22.435
49861,0.0,0.0,22.435
49862,0.0,0.0,22.435
49863,0.0,0.0,22.435
49864,0.0,0.0,22.435
49865,0.0,0.0,22.435
49866,952.0,952.0,22.445
49867,0.0,0.0,22.445
49868,0.0,0.0,22.445
49869,0.0,0.0,22.445
49870,0.0,0.0,22.445
49871,0.0,0.0,22.445
49872,0.0,0.0,22.445
49873,0.0,0.0,22.445
49874,0.0,0.0,22.445
49875,0.0,0.0,22.445
49876,0.0,0.0,22.445
49877,0.0,0.0,22.445
49878,0.0,0.0,22.445
49879,0.0,0.0,22.445
49880,0.0,0.0,22.445
49881,0.0,0.0,22.445
49882,0.0,0.0,22.445
49883,0.0,0.0,22.445
49884,0.0,0.0,22.445
49885,0.0,0.0,22.445
49886,2249.0,2249.0,22.455
49887,0.0,0.0,22.455
49888,0.0,0.0,22.455
49889,0.0,0.0,22.455
49890,0.0,0.0,22.455
49891,0.0,0.0,22.455
49892,0.0,0.0,22.455
49893,0.0,0.0,22.455
49894,0.0,0.0,22.455
49895,0.0,0.0,22.455
49896,0.0,0.0,22.455
49897,0.0,0.0,22.455
49898,3382.0,3382.0,22.455
49899,0.0,0.0,22.455
49900,0.0,0.0,22.455
49901,0.0,0.0,22.455
49902,0.0,0.0,22.455
49903,0.0,0.0,22.455
49904,0.0,0.0,22.455
49905,0.0,0.0,22.455
49906,0.0,0.0,22.455
49907,0.0,0.0,22.455
49908,0.0,0.0,22.455
49909,0.0,0.0,22.455
49910,0.0,0.0,22.455
49911,0.0,0.0,22.455
49912,0.0,0.0,22.455
49913,0.0,0.0,22.455
49914,0.0,0.0,22.455
49915,0.0,0.0,22.455
49916,-8023.0,8023.0,22.445
49917,3316.0,3316.0,22.455
49918,-3933.0,3933.0,22.455
49919,-1506.0,1506.0,22.455
49920,-640.0,640.0,22.455
49921,0.0,0.0,22.455
49922,0.0,0.0,22.455
49923,0.0,0.0,22.455
49924,0.0,0.0,22.455
49925,0.0,0.0,22.455
49926,0.0,0.0,22.455
49927,0.0,0.0,22.455
49928,0.0,0.0,22.455
49929,0.0,0.0,22.455
49930,-3702.0,3702.0,22.445
49931,0.0,0.0,22.445
49932,0.0,0.0,22.445
49933,0.0,0.0,22.445
49934,0.0,0.0,22.445
49935,0.0,0.0,22.445
49936,0.0,0.0,22.445
49937,0.0,0.0,22.445
49938,0.0,0.0,22.445
49939,0.0,0.0,22.445
49940,0.0,0.0,22.445
49941,0.0,0.0,22.445
49942,0.0,0.0,22.445
49943,0.0,0.0,22.445
49944,0.0,0.0,22.445
49945,0.0,0.0,22.445
49946,0.0,0.0,22.445
49947,0.0,0.0,22.445
49948,0.0,0.0,22.445
49949,0.0,0.0,22.445
49950,0.0,0.0,22.445
49951,0.0,0.0,22.445
49952,1273.0,1273.0,22.455
49953,0.0,0.0,22.455
49954,0.0,0.0,22.455
49955,0.0,0.0,22.455
49956,0.0,0.0,22.455
49957,0.0,0.0,22.455
49958,0.0,0.0,22.455
49959,100.0,100.0,22.455
49960,0.0,0.0,22.455
49961,0.0,0.0,22.455
49962,0.0,0.0,22.455
49963,1250.0,1250.0,22.465
49964,0.0,0.0,22.465
49965,0.0,0.0,22.465
49966,2719.0,11781.0,22.465
49967,0.0,0.0,22.465
49968,0.0,0.0,22.465
49969,0.0,0.0,22.465
49970,0.0,0.0,22.465
49971,0.0,0.0,22.465
49972,0.0,0.0,22.465
49973,0.0,0.0,22.465
49974,0.0,0.0,22.465
49975,-865.0,865.0,22.455
49976,0.0,0.0,22.455
49977,0.0,0.0,22.455
49978,0.0,0.0,22.455
49979,0.0,0.0,22.455
49980,0.0,0.0,22.455
49981,0.0,0.0,22.455
49982,0.0,0.0,22.455
49983,0.0,0.0,22.455
49984,-1904.0,1904.0,22.445
49985,0.0,0.0,22.445
49986,492.0,492.0,22.455
49987,0.0,0.0,22.455
49988,0.0,0.0,22.455
49989,0.0,0.0,22.455
49990,0.0,0.0,22.455
49991,0.0,0.0,22.455
49992,0.0,0.0,22.455
49993,0.0,0.0,22.455
49994,0.0,0.0,22.455
49995,0.0,0.0,22.455
49996,0.0,0.0,22.455
49997,0.0,0.0,22.455
49998,0.0,0.0,22.455
49999,0.0,0.0,22.455
50000,0.0,0.0,22.455
50001,0.0,0.0,22.455
50003,0.0,0.0,22.455
50004,0.0,0.0,22.455
50005,0.0,0.0,22.455
50006,0.0,0.0,22.455
50007,0.0,0.0,22.455
50008,0.0,0.0,22.455
50009,0.0,0.0,22.455
50010,0.0,0.0,22.455
50011,0.0,0.0,22.455
50012,0.0,0.0,22.455
50013,0.0,0.0,22.455
50014,0.0,0.0,22.455
50015,871.0,871.0,22.455
50016,550.0,550.0,22.465
50017,0.0,0.0,22.465
50018,0.0,0.0,22.465
50019,0.0,0.0,22.465
50020,0.0,0.0,22.465
50021,0.0,0.0,22.465
50022,0.0,0.0,22.465
50023,0.0,0.0,22.465
50024,0.0,0.0,22.465
50025,0.0,0.0,22.465
50026,0.0,0.0,22.465
50027,0.0,0.0,22.465
50028,0.0,0.0,22.465
50029,0.0,0.0,22.465
50030,0.0,0.0,22.465
50031,0.0,0.0,22.465
50032,0.0,0.0,22.465
50033,0.0,0.0,22.465
50034,0.0,0.0,22.465
50035,0.0,0.0,22.465
50036,0.0,0.0,22.465
50037,0.0,0.0,22.465
50038,0.0,0.0,22.465
50040,0.0,0.0,22.465
50041,0.0,0.0,22.465
50042,0.0,0.0,22.465
50043,0.0,0.0,22.465
50044,-1376.0,1376.0,22.465
50045,0.0,0.0,22.465
50046,0.0,0.0,22.465
50047,-3466.0,3466.0,22.465
50048,2899.0,2899.0,22.465
50049,3677.0,3677.0,22.465
50050,100.0,100.0,22.465
50051,0.0,0.0,22.465
50052,0.0,0.0,22.465
50053,0.0,0.0,22.465
50054,0.0,0.0,22.465
50055,0.0,0.0,22.465
50056,0.0,0.0,22.465
50057,0.0,0.0,22.465
50058,0.0,0.0,22.465
50059,0.0,0.0,22.465
50060,0.0,0.0,22.465
50061,0.0,0.0,22.465
50062,0.0,0.0,22.465
50063,0.0,0.0,22.465
50064,0.0,0.0,22.465
50065,0.0,0.0,22.465
50066,0.0,0.0,22.465
50067,0.0,0.0,22.465
50068,0.0,0.0,22.465
50069,0.0,0.0,22.465
50070,494.0,494.0,22.465
50071,0.0,0.0,22.465
50072,3304.0,3304.0,22.475
50073,0.0,0.0,22.475
50074,0.0,0.0,22.475
50075,0.0,0.0,22.475
50076,0.0,0.0,22.475
50077,0.0,0.0,22.475
50078,0.0,0.0,22.475
50079,0.0,0.0,22.475
50080,0.0,0.0,22.475
50081,0.0,0.0,22.475
50082,0.0,0.0,22.475
50083,0.0,0.0,22.475
50084,0.0,0.0,22.475
50085,3971.0,3971.0,22.485
50086,0.0,0.0,22.485
50087,0.0,0.0,22.485
50088,0.0,0.0,22.485
50089,0.0,0.0,22.485
50090,0.0,0.0,22.485
50091,0.0,0.0,22.485
50092,0.0,0.0,22.485
50093,0.0,0.0,22.485
50094,0.0,0.0,22.485
50095,0.0,0.0,22.485
50096,0.0,0.0,22.485
50097,0.0,0.0,22.485
50098,0.0,0.0,22.485
50099,700.0,700.0,22.485
50100,0.0,0.0,22.485
50101,0.0,0.0,22.485
50102,2551.0,2551.0,22.495
50103,0.0,0.0,22.495
50104,2097.0,2097.0,22.495
50105,0.0,0.0,22.495
50106,0.0,0.0,22.495
50107,0.0,0.0,22.495
50108,0.0,0.0,22.495
50109,0.0,0.0,22.495
50110,0.0,0.0,22.495
50111,1992.0,1992.0,22.505
50112,0.0,0.0,22.505
50113,0.0,0.0,22.505
50114,0.0,0.0,22.505
50115,0.0,0.0,22.505
50116,0.0,0.0,22.505
50117,0.0,0.0,22.505
50118,4268.0,4754.0,22.515
50119,0.0,0.0,22.515
50120,0.0,0.0,22.515
50121,0.0,0.0,22.515
50122,-5150.0,5150.0,22.505
50123,0.0,0.0,22.505
50124,-11160.0,11160.0,22.495
50125,0.0,0.0,22.495
50126,0.0,0.0,22.495
50128,0.0,0.0,22.495
50129,0.0,0.0,22.495
50130,1250.0,1250.0,22.505
50131,0.0,0.0,22.505
50132,0.0,0.0,22.505
50133,0.0,0.0,22.505
50134,0.0,0.0,22.505
50135,0.0,0.0,22.505
50136,0.0,0.0,22.505
50137,0.0,0.0,22.505
50138,0.0,0.0,22.505
50139,0.0,0.0,22.505
50140,0.0,0.0,22.505
50141,0.0,0.0,22.505
50142,0.0,0.0,22.505
50143,0.0,0.0,22.505
50144,3044.0,3044.0,22.525
50145,0.0,0.0,22.525
50146,0.0,0.0,22.525
50147,0.0,0.0,22.525
50148,42.0,42.0,22.525
50149,1.0,1.0,22.525
50150,0.0,0.0,22.525
50151,0.0,0.0,22.525
50152,0.0,0.0,22.525
50153,0.0,0.0,22.525
50154,0.0,0.0,22.525
50155,0.0,0.0,22.525
50156,0.0,0.0,22.525
50157,0.0,0.0,22.525
50158,0.0,0.0,22.525
50159,0.0,0.0,22.525
50160,0.0,0.0,22.525
50161,199.0,199.0,22.525
50162,0.0,0.0,22.525
50163,0.0,0.0,22.525
50164,0.0,0.0,22.525
50165,0.0,0.0,22.525
50166,0.0,0.0,22.525
50167,1115.0,1115.0,22.535
50168,0.0,0.0,22.535
50169,0.0,0.0,22.535
50170,0.0,0.0,22.535
50171,0.0,0.0,22.535
50172,0.0,0.0,22.535
50173,0.0,0.0,22.535
50174,-1566.0,1566.0,22.525
50175,0.0,0.0,22.525
50176,-2633.0,2833.0,22.525
50177,0.0,0.0,22.525
50178,0.0,0.0,22.525
50179,0.0,0.0,22.525
50180,0.0,0.0,22.525
50181,0.0,0.0,22.525
50182,0.0,0.0,22.525
50183,0.0,0.0,22.525
50184,0.0,0.0,22.525
50185,0.0,0.0,22.525
50186,0.0,0.0,22.525
50187,0.0,0.0,22.525
50188,0.0,0.0,22.525
50189,0.0,0.0,22.525
50190,0.0,0.0,22.525
50191,0.0,0.0,22.525
50192,0.0,0.0,22.525
50193,7323.0,7323.0,22.535
50194,0.0,0.0,22.535
50195,0.0,0.0,22.535
50196,0.0,0.0,22.535
50197,0.0,0.0,22.535
50198,0.0,0.0,22.535
50199,0.0,0.0,22.535
50200,0.0,0.0,22.535
50201,0.0,0.0,22.535
50202,0.0,0.0,22.535
50203,0.0,0.0,22.535
50204,0.0,0.0,22.535
50205,0.0,0.0,22.535
50206,0.0,0.0,22.535
50207,0.0,0.0,22.535
50208,0.0,0.0,22.535
50209,0.0,0.0,22.535
50210,0.0,0.0,22.535
50211,0.0,0.0,22.535
50212,2075.0,2075.0,22.545
50213,0.0,0.0,22.545
50214,0.0,0.0,22.545
50215,0.0,0.0,22.545
50216,0.0,0.0,22.545
50217,0.0,0.0,22.545
50218,0.0,0.0,22.545
50219,0.0,0.0,22.545
50220,0.0,0.0,22.545
50221,0.0,0.0,22.545
50222,0.0,0.0,22.545
50223,0.0,0.0,22.545
50224,-2127.0,2127.0,22.545
50225,-4249.0,4649.0,22.535
50226,0.0,0.0,22.535
50227,0.0,0.0,22.535
50228,0.0,0.0,22.535
50229,0.0,0.0,22.535
50230,0.0,0.0,22.535
50231,0.0,0.0,22.535
50232,0.0,0.0,22.535
50233,0.0,0.0,22.535
50234,0.0,0.0,22.535
50235,0.0,0.0,22.535
50236,0.0,0.0,22.535
50237,0.0,0.0,22.535
50238,0.0,0.0,22.535
50239,1236.0,1236.0,22.545
50240,0.0,0.0,22.545
50241,0.0,0.0,22.545
50242,0.0,0.0,22.545
50243,0.0,0.0,22.545
50244,0.0,0.0,22.545
50245,0.0,0.0,22.545
50246,4103.0,4103.0,22.555
50247,0.0,0.0,22.555
50248,0.0,0.0,22.555
50249,0.0,0.0,22.555
50250,0.0,0.0,22.555
50251,-1011.0,1011.0,22.555
50252,0.0,0.0,22.555
50253,-170.0,170.0,22.545
50254,0.0,0.0,22.545
50255,0.0,0.0,22.545
50256,0.0,0.0,22.545
50257,0.0,0.0,22.545
50258,0.0,0.0,22.545
50259,0.0,0.0,22.545
50260,0.0,0.0,22.545
50261,0.0,0.0,22.545
50262,0.0,0.0,22.545
50263,0.0,0.0,22.545
50264,0.0,0.0,22.545
50265,0.0,0.0,22.545
50266,0.0,0.0,22.545
50267,0.0,0.0,22.545
50268,0.0,0.0,22.545
50269,0.0,0.0,22.545
50270,0.0,0.0,22.545
50273,0.0,0.0,22.545
50274,-10655.0,10655.0,22.535
50275,0.0,0.0,22.535
50276,0.0,0.0,22.535
50277,0.0,0.0,22.535
50278,0.0,0.0,22.535
50279,0.0,0.0,22.535
50280,0.0,0.0,22.535
50281,0.0,0.0,22.535
50282,3399.0,3399.0,22.535
50283,0.0,0.0,22.535
50284,1413.0,1413.0,22.545
50285,0.0,0.0,22.545
50286,0.0,0.0,22.545
50287,0.0,0.0,22.545
50288,0.0,0.0,22.545
50289,0.0,0.0,22.545
50290,0.0,0.0,22.545
50291,0.0,0.0,22.545
50292,0.0,0.0,22.545
50293,0.0,0.0,22.545
50294,0.0,0.0,22.545
50295,7679.0,7679.0,22.555
50296,0.0,0.0,22.555
50297,0.0,0.0,22.555
50298,0.0,0.0,22.555
50299,0.0,0.0,22.555
50300,0.0,0.0,22.555
50301,0.0,0.0,22.555
50302,0.0,0.0,22.555
50303,-426.0,426.0,22.545
50304,0.0,0.0,22.545
50305,0.0,0.0,22.545
50306,0.0,0.0,22.545
50307,0.0,0.0,22.545
50308,0.0,0.0,22.545
50309,0.0,0.0,22.545
50310,0.0,0.0,22.545
50311,0.0,0.0,22.545
50312,0.0,0.0,22.545
50313,0.0,0.0,22.545
50314,0.0,0.0,22.545
50315,0.0,0.0,22.545
50316,0.0,0.0,22.545
50317,0.0,0.0,22.545
50318,0.0,0.0,22.545
50319,0.0,0.0,22.545
50320,0.0,0.0,22.545
50321,0.0,0.0,22.545
50322,0.0,0.0,22.545
50323,0.0,0.0,22.545
50324,708.0,708.0,22.555
50325,0.0,0.0,22.555
50326,0.0,0.0,22.555
50327,0.0,0.0,22.555
50328,0.0,0.0,22.555
50329,0.0,0.0,22.555
50330,0.0,0.0,22.555
50331,0.0,0.0,22.555
50332,0.0,0.0,22.555
50333,0.0,0.0,22.555
50334,0.0,0.0,22.555
50335,0.0,0.0,22.555
50336,0.0,0.0,22.555
50337,0.0,0.0,22.555
50338,0.0,0.0,22.555
50339,0.0,0.0,22.555
50340,0.0,0.0,22.555
50341,0.0,0.0,22.555
50342,-45.0,45.0,22.555
50343,0.0,0.0,22.555
50344,5800.0,5800.0,22.555
50345,0.0,0.0,22.555
50346,0.0,0.0,22.555
50348,0.0,0.0,22.555
50349,0.0,0.0,22.555
50350,0.0,0.0,22.555
50351,0.0,0.0,22.555
50352,0.0,0.0,22.555
50353,0.0,0.0,22.555
50354,0.0,0.0,22.555
50355,0.0,0.0,22.555
50356,0.0,0.0,22.555
50357,266.0,2912.0,22.565
50358,2199.0,2199.0,22.575
50359,-9424.0,9424.0,22.565
50360,0.0,0.0,22.565
50361,0.0,0.0,22.565
50362,-2753.0,14129.0,22.565
50363,0.0,0.0,22.565
50364,0.0,0.0,22.575
50365,0.0,0.0,22.575
50366,0.0,0.0,22.575
50367,0.0,0.0,22.575
50368,0.0,0.0,22.575
50369,0.0,0.0,22.575
50370,0.0,0.0,22.575
50371,0.0,0.0,22.575
50372,0.0,0.0,22.575
50373,0.0,0.0,22.575
50374,0.0,0.0,22.575
50375,1003.0,1003.0,22.575
50376,0.0,0.0,22.575
50377,0.0,0.0,22.575
50378,0.0,0.0,22.575
50379,0.0,0.0,22.575
50380,0.0,0.0,22.575
50381,-2201.0,2201.0,22.565
50382,0.0,0.0,22.565
50383,-715.0,715.0,22.555
50384,0.0,0.0,22.555
50385,0.0,0.0,22.555
50386,995.0,995.0,22.565
50387,0.0,0.0,22.565
50388,0.0,0.0,22.565
50390,0.0,0.0,22.565
50391,0.0,0.0,22.565
50392,0.0,0.0,22.565
50393,550.0,550.0,22.575
50394,-2375.0,2375.0,22.565
50395,0.0,0.0,22.565
50396,0.0,0.0,22.565
50397,0.0,0.0,22.565
50398,0.0,0.0,22.565
50399,0.0,0.0,22.565
50400,0.0,0.0,22.565
50401,0.0,0.0,22.565
50402,0.0,0.0,22.565
50403,5140.0,5140.0,22.575
50404,-757.0,757.0,22.575
50405,0.0,0.0,22.575
50406,-1400.0,1400.0,22.575
50407,0.0,0.0,22.575
50408,0.0,0.0,22.575
50409,0.0,0.0,22.575
50410,0.0,0.0,22.575
50411,3191.0,3191.0,22.585
50412,0.0,0.0,22.585
50413,0.0,0.0,22.585
50414,0.0,0.0,22.585
50415,0.0,0.0,22.585
50416,0.0,0.0,22.585
50417,0.0,0.0,22.585
50418,0.0,0.0,22.585
50419,0.0,0.0,22.585
50420,0.0,0.0,22.585
50421,0.0,0.0,22.585
50422,0.0,0.0,22.585
50423,0.0,0.0,22.585
50424,7958.0,7958.0,22.595
50425,0.0,0.0,22.595
50426,0.0,0.0,22.595
50427,0.0,0.0,22.595
50428,0.0,0.0,22.595
50429,4249.0,4249.0,22.605
50430,0.0,0.0,22.605
50431,0.0,0.0,22.605
50432,0.0,0.0,22.605
50433,0.0,0.0,22.605
50434,0.0,0.0,22.605
50435,0.0,0.0,22.605
50436,-2897.0,2897.0,22.595
50437,0.0,0.0,22.595
50438,0.0,0.0,22.595
50439,0.0,0.0,22.595
50440,0.0,0.0,22.595
50441,2517.0,2517.0,22.605
50442,0.0,0.0,22.605
50443,0.0,0.0,22.605
50444,0.0,0.0,22.605
50445,0.0,0.0,22.605
50446,0.0,0.0,22.605
50447,0.0,0.0,22.605
50448,66.0,66.0,22.605
50449,800.0,800.0,22.605
50450,0.0,0.0,22.605
50451,0.0,0.0,22.605
50452,0.0,0.0,22.605
50453,0.0,0.0,22.605
50454,0.0,0.0,22.605
50455,0.0,0.0,22.605
50456,-9425.0,16061.0,22.575
50457,2262.0,2262.0,22.585
50458,0.0,0.0,22.585
50459,0.0,0.0,22.585
50460,976.0,976.0,22.585
50461,100.0,100.0,22.595
50462,0.0,0.0,22.595
50463,0.0,0.0,22.595
50464,0.0,0.0,22.595
50465,-750.0,750.0,22.585
50466,0.0,0.0,22.585
50467,0.0,0.0,22.585
50468,0.0,0.0,22.585
50469,0.0,0.0,22.585
50470,0.0,0.0,22.585
50471,0.0,0.0,22.585
50472,0.0,0.0,22.585
50473,494.0,494.0,22.595
50474,0.0,0.0,22.595
50475,0.0,0.0,22.595
50476,0.0,0.0,22.595
50477,0.0,0.0,22.595
50479,400.0,400.0,22.595
50480,0.0,0.0,22.595
50481,0.0,0.0,22.595
50482,0.0,0.0,22.595
50483,0.0,0.0,22.595
50484,-700.0,700.0,22.585
50485,0.0,0.0,22.585
50486,0.0,0.0,22.585
50487,0.0,0.0,22.585
50488,0.0,0.0,22.585
50489,0.0,0.0,22.58
50490,0.0,0.0,22.585
50491,-150.0,150.0,22.575
50492,0.0,0.0,22.575
50493,0.0,0.0,22.575
50494,0.0,0.0,22.575
50495,0.0,0.0,22.575
50496,0.0,0.0,22.575
50497,0.0,0.0,22.575
50498,0.0,0.0,22.575
50499,0.0,0.0,22.575
50500,0.0,0.0,22.575
50501,890.0,890.0,22.585
50502,0.0,0.0,22.585
50503,0.0,0.0,22.585
50504,0.0,0.0,22.585
50505,0.0,0.0,22.585
50506,0.0,0.0,22.585
50507,0.0,0.0,22.585
50508,0.0,0.0,22.585
50510,0.0,0.0,22.585
50511,0.0,0.0,22.585
50512,0.0,0.0,22.585
50513,0.0,0.0,22.585
50514,0.0,0.0,22.585
50515,0.0,0.0,22.585
50516,0.0,0.0,22.585
50517,0.0,0.0,22.585
50518,0.0,0.0,22.585
50519,0.0,0.0,22.585
50520,0.0,0.0,22.585
50521,565.0,565.0,22.595
50522,0.0,0.0,22.595
50523,0.0,0.0,22.595
50524,0.0,0.0,22.595
50525,0.0,0.0,22.595
50526,0.0,0.0,22.595
50527,0.0,0.0,22.595
50528,0.0,0.0,22.595
50529,0.0,0.0,22.595
50530,0.0,0.0,22.595
50531,0.0,0.0,22.595
50532,0.0,0.0,22.595
50533,0.0,0.0,22.595
50534,0.0,0.0,22.595
50535,0.0,0.0,22.595
50536,0.0,0.0,22.595
50537,0.0,0.0,22.595
50538,0.0,0.0,22.595
50539,0.0,0.0,22.595
50540,0.0,0.0,22.595
50541,0.0,0.0,22.595
50542,0.0,0.0,22.595
50543,0.0,0.0,22.595
50544,0.0,0.0,22.595
50545,0.0,0.0,22.595
50546,0.0,0.0,22.595
50547,0.0,0.0,22.595
50548,0.0,0.0,22.595
50549,1083.0,1083.0,22.605
50550,4.0,4.0,22.605
50551,505.0,505.0,22.615
50552,0.0,0.0,22.615
50553,0.0,0.0,22.615
50554,0.0,0.0,22.615
50555,0.0,0.0,22.615
50556,0.0,0.0,22.615
50557,0.0,0.0,22.615
50558,0.0,0.0,22.615
50559,0.0,0.0,22.615
50560,0.0,0.0,22.615
50561,6730.0,6730.0,22.625
50562,0.0,0.0,22.625
50563,0.0,0.0,22.625
50564,0.0,0.0,22.625
50565,0.0,0.0,22.625
50566,0.0,0.0,22.625
50567,0.0,0.0,22.625
50568,0.0,0.0,22.625
50569,0.0,0.0,22.625
50570,0.0,0.0,22.625
50571,0.0,0.0,22.625
50572,-2158.0,2158.0,22.615
50573,-5362.0,5362.0,22.605
50574,0.0,0.0,22.605
50575,428.0,428.0,22.615
50576,-1253.0,1253.0,22.605
50577,0.0,0.0,22.605
50578,0.0,0.0,22.605
50579,100.0,100.0,22.605
50580,0.0,0.0,22.61
50581,0.0,0.0,22.605
50582,0.0,0.0,22.605
50583,0.0,0.0,22.605
50584,0.0,0.0,22.605
50585,0.0,0.0,22.605
50586,0.0,0.0,22.605
50587,0.0,0.0,22.605
50588,0.0,0.0,22.605
50589,0.0,0.0,22.605
50590,1128.0,1128.0,22.605
50591,0.0,0.0,22.605
50592,0.0,0.0,22.61
50593,0.0,0.0,22.61
50594,0.0,0.0,22.605
50595,3124.0,3524.0,22.615
50596,0.0,0.0,22.615
50597,-600.0,600.0,22.615
50598,0.0,0.0,22.615
50599,0.0,0.0,22.615
50600,0.0,0.0,22.615
50601,0.0,0.0,22.615
50602,0.0,0.0,22.625
50603,0.0,0.0,22.625
50604,0.0,0.0,22.625
50605,0.0,0.0,22.625
50606,0.0,0.0,22.625
50607,0.0,0.0,22.625
50608,0.0,0.0,22.625
50609,0.0,0.0,22.625
50610,0.0,0.0,22.625
50611,0.0,0.0,22.625
50612,-4258.0,4718.0,22.615
50613,130.0,130.0,22.625
50614,0.0,0.0,22.625
50615,0.0,0.0,22.625
50616,0.0,0.0,22.625
50617,0.0,0.0,22.625
50618,0.0,0.0,22.625
50619,0.0,0.0,22.625
50620,0.0,0.0,22.625
50621,0.0,0.0,22.625
50622,0.0,0.0,22.625
50623,0.0,0.0,22.625
50624,0.0,0.0,22.625
50625,0.0,0.0,22.625
50626,0.0,0.0,22.625
50627,0.0,0.0,22.625
50628,0.0,0.0,22.625
50629,0.0,0.0,22.625
50630,418.0,418.0,22.625
50631,0.0,0.0,22.625
50632,0.0,0.0,22.625
50633,2715.0,2715.0,22.635
50634,0.0,0.0,22.635
50635,0.0,0.0,22.635
50636,-2944.0,2944.0,22.625
50637,160.0,160.0,22.625
50638,0.0,0.0,22.625
50639,0.0,0.0,22.625
50640,0.0,0.0,22.625
50641,0.0,0.0,22.625
50642,0.0,0.0,22.625
50643,0.0,0.0,22.625
50644,0.0,0.0,22.625
50645,0.0,0.0,22.625
50646,0.0,0.0,22.625
50647,0.0,0.0,22.625
50648,0.0,0.0,22.625
50649,0.0,0.0,22.625
50650,0.0,0.0,22.625
50651,0.0,0.0,22.625
50652,3586.0,3586.0,22.625
50653,0.0,0.0,22.635
50654,0.0,0.0,22.635
50655,0.0,0.0,22.635
50656,0.0,0.0,22.635
50657,0.0,0.0,22.635
50658,0.0,0.0,22.635
50659,0.0,0.0,22.635
50660,0.0,0.0,22.635
50661,0.0,0.0,22.635
50662,0.0,0.0,22.635
50663,0.0,0.0,22.635
50664,0.0,0.0,22.635
50665,0.0,0.0,22.635
50666,0.0,0.0,22.635
50667,0.0,0.0,22.635
50668,0.0,0.0,22.635
50669,0.0,0.0,22.635
50670,948.0,948.0,22.645
50671,0.0,0.0,22.645
50672,0.0,0.0,22.645
50673,0.0,0.0,22.645
50674,0.0,0.0,22.645
50675,0.0,0.0,22.645
50676,0.0,0.0,22.645
50677,-1111.0,1111.0,22.635
50678,0.0,0.0,22.635
50679,0.0,0.0,22.635
50680,0.0,0.0,22.635
50681,0.0,0.0,22.635
50682,0.0,0.0,22.635
50683,0.0,0.0,22.635
50684,0.0,0.0,22.635
50685,0.0,0.0,22.635
50686,0.0,0.0,22.635
50687,0.0,0.0,22.635
50688,0.0,0.0,22.635
50689,0.0,0.0,22.635
50690,0.0,0.0,22.635
50691,0.0,0.0,22.635
50692,0.0,0.0,22.635
50693,0.0,0.0,22.635
50694,0.0,0.0,22.635
50695,0.0,0.0,22.635
50696,0.0,0.0,22.635
50697,0.0,0.0,22.635
50698,0.0,0.0,22.635
50699,0.0,0.0,22.635
50700,0.0,0.0,22.635
50701,0.0,0.0,22.635
50702,343.0,343.0,22.645
50703,0.0,0.0,22.645
50704,0.0,0.0,22.645
50705,2199.0,2199.0,22.645
50706,0.0,0.0,22.645
50707,0.0,0.0,22.645
50708,0.0,0.0,22.645
50709,0.0,0.0,22.645
50710,0.0,0.0,22.645
50711,0.0,0.0,22.645
50712,0.0,0.0,22.645
50713,0.0,0.0,22.645
50714,-2030.0,2030.0,22.635
50715,0.0,0.0,22.635
50716,0.0,0.0,22.635
50717,0.0,0.0,22.635
50718,0.0,0.0,22.635
50719,0.0,0.0,22.635
50720,0.0,0.0,22.635
50721,0.0,0.0,22.635
50722,0.0,0.0,22.635
50723,0.0,0.0,22.635
50724,0.0,0.0,22.635
50725,0.0,0.0,22.635
50726,0.0,0.0,22.635
50727,0.0,0.0,22.635
50728,0.0,0.0,22.635
50729,0.0,0.0,22.635
50730,0.0,0.0,22.635
50731,0.0,0.0,22.635
50732,0.0,0.0,22.635
50733,0.0,0.0,22.635
50734,0.0,0.0,22.635
50735,0.0,0.0,22.635
50736,0.0,0.0,22.635
50737,904.0,904.0,22.645
50738,0.0,0.0,22.645
50739,0.0,0.0,22.645
50740,0.0,0.0,22.645
50741,0.0,0.0,22.645
50742,0.0,0.0,22.645
50743,0.0,0.0,22.645
50744,0.0,0.0,22.645
50745,0.0,0.0,22.645
50746,0.0,0.0,22.645
50747,0.0,0.0,22.645
50748,0.0,0.0,22.645
50749,0.0,0.0,22.645
50750,0.0,0.0,22.645
50751,0.0,0.0,22.645
50752,0.0,0.0,22.645
50753,0.0,0.0,22.645
50754,0.0,0.0,22.645
50755,0.0,0.0,22.645
50756,0.0,0.0,22.645
50757,0.0,0.0,22.645
50758,0.0,0.0,22.645
50759,0.0,0.0,22.645
50760,4288.0,4288.0,22.655
50761,0.0,0.0,22.655
50762,0.0,0.0,22.655
50763,0.0,0.0,22.655
50764,74.0,74.0,22.655
50765,0.0,0.0,22.655
50766,0.0,0.0,22.655
50767,146.0,146.0,22.655
50768,0.0,0.0,22.655
50769,0.0,0.0,22.655
50770,1690.0,1690.0,22.665
50771,0.0,0.0,22.665
50772,0.0,0.0,22.665
50773,0.0,0.0,22.665
50774,0.0,0.0,22.665
50775,0.0,0.0,22.665
50776,0.0,0.0,22.665
50777,0.0,0.0,22.665
50778,0.0,0.0,22.665
50779,0.0,0.0,22.665
50780,0.0,0.0,22.665
50781,0.0,0.0,22.665
50782,0.0,0.0,22.665
50783,0.0,0.0,22.665
50784,0.0,0.0,22.665
50785,-3433.0,3433.0,22.655
50786,0.0,0.0,22.655
50787,0.0,0.0,22.655
50788,0.0,0.0,22.655
50789,0.0,0.0,22.655
50790,0.0,0.0,22.655
50791,0.0,0.0,22.655
50792,0.0,0.0,22.655
50793,0.0,0.0,22.655
50794,0.0,0.0,22.655
50795,0.0,0.0,22.655
50796,0.0,0.0,22.655
50797,0.0,0.0,22.655
50798,0.0,0.0,22.655
50799,0.0,0.0,22.655
50800,0.0,0.0,22.655
50801,0.0,0.0,22.655
50802,0.0,0.0,22.655
50803,0.0,0.0,22.655
50804,0.0,0.0,22.655
50805,-5160.0,5160.0,22.645
50806,0.0,0.0,22.645
50807,0.0,0.0,22.645
50808,5101.0,5101.0,22.645
50809,0.0,0.0,22.645
50810,0.0,0.0,22.645
50811,0.0,0.0,22.645
50812,0.0,0.0,22.645
50813,0.0,0.0,22.645
50814,0.0,0.0,22.645
50815,0.0,0.0,22.645
50816,0.0,0.0,22.645
50817,0.0,0.0,22.645
50818,0.0,0.0,22.645
50819,0.0,0.0,22.645
50820,0.0,0.0,22.645
50821,0.0,0.0,22.645
50822,0.0,0.0,22.645
50823,0.0,0.0,22.645
50824,0.0,0.0,22.645
50825,0.0,0.0,22.645
50826,0.0,0.0,22.645
50827,0.0,0.0,22.645
50828,0.0,0.0,22.645
50829,0.0,0.0,22.645
50830,0.0,0.0,22.645
50831,0.0,0.0,22.645
50832,0.0,0.0,22.645
50833,0.0,0.0,22.645
50834,0.0,0.0,22.645
50835,0.0,0.0,22.645
50836,0.0,0.0,22.645
50837,0.0,0.0,22.645
50838,0.0,0.0,22.645
50839,-1447.0,1447.0,22.635
50840,0.0,0.0,22.635
50841,0.0,0.0,22.635
50842,0.0,0.0,22.635
50843,25.0,25.0,22.635
50844,0.0,0.0,22.635
50845,0.0,0.0,22.635
50846,0.0,0.0,22.635
50847,0.0,0.0,22.635
50848,0.0,0.0,22.635
50849,0.0,0.0,22.635
50850,0.0,0.0,22.635
50851,0.0,0.0,22.635
50852,0.0,0.0,22.635
50853,0.0,0.0,22.635
50854,0.0,0.0,22.635
50855,0.0,0.0,22.635
50856,0.0,0.0,22.635
50857,0.0,0.0,22.635
50858,0.0,0.0,22.635
50859,0.0,0.0,22.635
50860,0.0,0.0,22.635
50861,0.0,0.0,22.635
50862,0.0,0.0,22.635
50863,0.0,0.0,22.635
50864,0.0,0.0,22.635
50865,0.0,0.0,22.635
50866,0.0,0.0,22.635
50867,0.0,0.0,22.635
50868,0.0,0.0,22.635
50869,0.0,0.0,22.635
50870,0.0,0.0,22.635
50871,-100.0,100.0,22.635
50872,0.0,0.0,22.635
50873,0.0,0.0,22.635
50874,0.0,0.0,22.635
50875,0.0,0.0,22.635
50876,0.0,0.0,22.635
50877,-100.0,100.0,22.635
50878,6182.0,10720.0,22.625
50879,0.0,0.0,22.625
50880,0.0,0.0,22.625
50881,0.0,0.0,22.625
50882,0.0,0.0,22.625
50883,0.0,0.0,22.625
50884,0.0,0.0,22.625
50885,0.0,0.0,22.625
50886,0.0,0.0,22.625
50887,0.0,0.0,22.625
50888,0.0,0.0,22.625
50889,0.0,0.0,22.625
50890,0.0,0.0,22.625
50891,0.0,0.0,22.625
50892,0.0,0.0,22.625
50893,-8188.0,14880.0,22.625
50894,0.0,0.0,22.625
50895,0.0,0.0,22.625
50896,-2448.0,2908.0,22.625
50897,0.0,0.0,22.625
50898,0.0,0.0,22.625
50899,0.0,0.0,22.625
50900,0.0,0.0,22.625
50901,0.0,0.0,22.625
50902,0.0,0.0,22.625
50903,944.0,944.0,22.635
50904,0.0,0.0,22.635
50905,0.0,0.0,22.635
50906,0.0,0.0,22.635
50907,0.0,0.0,22.635
50908,0.0,0.0,22.635
50909,0.0,0.0,22.635
50910,0.0,0.0,22.635
50911,0.0,0.0,22.635
50912,0.0,0.0,22.635
50913,0.0,0.0,22.635
50914,0.0,0.0,22.635
50915,-3002.0,3002.0,22.625
50916,0.0,0.0,22.625
50917,0.0,0.0,22.625
50918,0.0,0.0,22.625
50919,0.0,0.0,22.625
50920,0.0,0.0,22.625
50921,0.0,0.0,22.625
50922,450.0,450.0,22.635
50923,0.0,0.0,22.635
50924,0.0,0.0,22.635
50925,0.0,0.0,22.635
50926,0.0,0.0,22.635
50927,0.0,0.0,22.635
50928,0.0,0.0,22.635
50929,0.0,0.0,22.635
50930,0.0,0.0,22.635
50931,0.0,0.0,22.635
50932,0.0,0.0,22.635
50933,0.0,0.0,22.635
50934,1371.0,1371.0,22.645
50935,0.0,0.0,22.645
50936,0.0,0.0,22.645
50937,0.0,0.0,22.645
50938,0.0,0.0,22.645
50939,0.0,0.0,22.645
50940,0.0,0.0,22.645
50941,0.0,0.0,22.645
50942,0.0,0.0,22.645
50943,0.0,0.0,22.645
50944,0.0,0.0,22.645
50945,0.0,0.0,22.645
50946,0.0,0.0,22.645
50947,0.0,0.0,22.645
50948,0.0,0.0,22.645
50949,0.0,0.0,22.645
50950,1230.0,1230.0,22.655
50951,0.0,0.0,22.655
50952,0.0,0.0,22.655
50953,0.0,0.0,22.655
50954,0.0,0.0,22.655
50955,0.0,0.0,22.655
50956,0.0,0.0,22.655
50957,0.0,0.0,22.655
50958,0.0,0.0,22.655
50959,0.0,0.0,22.655
50960,1639.0,1639.0,22.665
50961,0.0,0.0,22.665
50962,13.0,13.0,22.665
50963,0.0,0.0,22.665
50964,518.0,518.0,22.675
50965,0.0,0.0,22.675
50966,0.0,0.0,22.675
50967,0.0,0.0,22.675
50968,0.0,0.0,22.675
50969,-5530.0,5530.0,22.665
50970,0.0,0.0,22.665
50971,0.0,0.0,22.665
50972,0.0,0.0,22.665
50973,0.0,0.0,22.665
50974,0.0,0.0,22.665
50975,0.0,0.0,22.665
50976,0.0,0.0,22.665
50977,0.0,0.0,22.665
50978,0.0,0.0,22.665
50979,0.0,0.0,22.665
50980,0.0,0.0,22.665
50981,0.0,0.0,22.665
50982,0.0,0.0,22.665
50983,0.0,0.0,22.665
50984,90.0,90.0,22.665
50985,0.0,0.0,22.665
50986,0.0,0.0,22.665
50987,0.0,0.0,22.665
50988,0.0,0.0,22.665
50989,0.0,0.0,22.665
50990,0.0,0.0,22.665
50991,0.0,0.0,22.665
50992,0.0,0.0,22.665
50993,0.0,0.0,22.665
50994,0.0,0.0,22.665
50995,0.0,0.0,22.665
50996,0.0,0.0,22.665
50997,0.0,0.0,22.665
50998,0.0,0.0,22.665
50999,155.0,155.0,22.665
51000,0.0,0.0,22.665
51001,0.0,0.0,22.67
51002,-200.0,400.0,22.665
51003,0.0,0.0,22.665
51004,0.0,0.0,22.675
51005,0.0,0.0,22.675
51006,0.0,0.0,22.675
51007,0.0,0.0,22.675
51008,0.0,0.0,22.675
51009,0.0,0.0,22.675
51010,0.0,0.0,22.675
51011,0.0,0.0,22.675
51012,0.0,0.0,22.675
51013,-3750.0,3750.0,22.665
51014,0.0,0.0,22.665
51015,-555.0,555.0,22.655
51016,0.0,0.0,22.655
51017,0.0,0.0,22.655
51018,0.0,0.0,22.655
51019,0.0,0.0,22.655
51020,0.0,0.0,22.655
51021,0.0,0.0,22.655
51022,0.0,0.0,22.655
51023,0.0,0.0,22.655
51024,0.0,0.0,22.655
51025,0.0,0.0,22.655
51026,0.0,0.0,22.655
51027,0.0,0.0,22.655
51028,0.0,0.0,22.655
51029,0.0,0.0,22.655
51030,0.0,0.0,22.655
51031,0.0,0.0,22.655
51032,0.0,0.0,22.655
51033,0.0,0.0,22.655
51034,0.0,0.0,22.655
51035,0.0,0.0,22.655
51036,0.0,0.0,22.655
51037,0.0,0.0,22.655
51038,0.0,0.0,22.655
51039,0.0,0.0,22.655
51040,0.0,0.0,22.655
51041,2200.0,2200.0,22.665
51042,0.0,0.0,22.665
51043,0.0,0.0,22.665
51044,0.0,0.0,22.665
51045,0.0,0.0,22.665
51046,0.0,0.0,22.665
51047,0.0,0.0,22.665
51048,0.0,0.0,22.665
51049,0.0,0.0,22.665
51050,0.0,0.0,22.665
51051,0.0,0.0,22.665
51052,0.0,0.0,22.665
51053,0.0,0.0,22.665
51054,0.0,0.0,22.665
51055,0.0,0.0,22.665
51056,0.0,0.0,22.665
51057,0.0,0.0,22.665
51058,0.0,0.0,22.665
51059,0.0,0.0,22.665
51060,0.0,0.0,22.665
51061,0.0,0.0,22.665
51062,0.0,0.0,22.665
51063,-3070.0,3070.0,22.655
51064,0.0,0.0,22.655
51065,0.0,0.0,22.655
51066,0.0,0.0,22.655
51067,0.0,0.0,22.655
51069,0.0,0.0,22.655
51070,0.0,0.0,22.655
51071,0.0,0.0,22.655
51072,0.0,0.0,22.655
51073,0.0,0.0,22.655
51074,0.0,0.0,22.655
51075,0.0,0.0,22.655
51076,0.0,0.0,22.655
51077,0.0,0.0,22.655
51078,0.0,0.0,22.655
51079,0.0,0.0,22.655
51080,0.0,0.0,22.655
51081,0.0,0.0,22.655
51082,0.0,0.0,22.655
51083,0.0,0.0,22.655
51084,0.0,0.0,22.655
51085,0.0,0.0,22.655
51087,0.0,0.0,22.655
51088,795.0,795.0,22.665
51089,0.0,0.0,22.665
51090,0.0,0.0,22.665
51091,0.0,0.0,22.665
51092,0.0,0.0,22.665
51093,0.0,0.0,22.665
51094,0.0,0.0,22.665
51095,0.0,0.0,22.665
51096,0.0,0.0,22.665
51097,0.0,0.0,22.665
51098,0.0,0.0,22.665
51099,0.0,0.0,22.665
51100,0.0,0.0,22.665
51102,0.0,0.0,22.665
51103,0.0,0.0,22.665
51104,0.0,0.0,22.665
51105,5071.0,5071.0,22.675
51106,0.0,0.0,22.675
51107,0.0,0.0,22.675
51108,4065.0,4065.0,22.685
51109,0.0,0.0,22.685
51110,1197.0,3309.0,22.685
51111,0.0,0.0,22.685
51112,0.0,0.0,22.685
51113,0.0,0.0,22.685
51114,0.0,0.0,22.685
51115,0.0,0.0,22.685
51116,0.0,0.0,22.685
51117,0.0,0.0,22.685
51118,-202.0,202.0,22.685
51119,-606.0,606.0,22.675
51120,0.0,0.0,22.675
51121,0.0,0.0,22.675
51122,0.0,0.0,22.675
51123,0.0,0.0,22.675
51125,0.0,0.0,22.675
51126,0.0,0.0,22.675
51127,0.0,0.0,22.675
51128,0.0,0.0,22.675
51129,0.0,0.0,22.675
51130,0.0,0.0,22.675
51131,0.0,0.0,22.675
51132,0.0,0.0,22.675
51133,0.0,0.0,22.675
51135,0.0,0.0,22.675
51136,0.0,0.0,22.675
51137,0.0,0.0,22.675
51138,0.0,0.0,22.675
51139,0.0,0.0,22.675
51140,0.0,0.0,22.675
51141,2583.0,2583.0,22.685
51142,0.0,0.0,22.685
51143,-479.0,479.0,22.685
51144,0.0,0.0,22.685
51145,0.0,0.0,22.685
51146,0.0,0.0,22.685
51149,0.0,0.0,22.685
51150,-401.0,401.0,22.675
51151,0.0,0.0,22.675
51152,0.0,0.0,22.675
51153,0.0,0.0,22.675
51154,0.0,0.0,22.675
51155,0.0,0.0,22.675
51156,0.0,0.0,22.675
51157,0.0,0.0,22.675
51158,0.0,0.0,22.675
51159,2456.0,2456.0,22.685
51160,0.0,0.0,22.685
51161,0.0,0.0,22.685
51162,0.0,0.0,22.685
51163,0.0,0.0,22.685
51164,0.0,0.0,22.685
51165,0.0,0.0,22.685
51166,0.0,0.0,22.685
51167,0.0,0.0,22.685
51168,0.0,0.0,22.685
51169,0.0,0.0,22.685
51170,0.0,0.0,22.685
51171,0.0,0.0,22.685
51172,0.0,0.0,22.685
51173,0.0,0.0,22.685
51174,0.0,0.0,22.685
51175,0.0,0.0,22.685
51176,0.0,0.0,22.685
51177,0.0,0.0,22.685
51178,0.0,0.0,22.685
51179,0.0,0.0,22.685
51180,0.0,0.0,22.685
51181,0.0,0.0,22.685
51182,0.0,0.0,22.685
51183,0.0,0.0,22.685
51184,0.0,0.0,22.685
51185,0.0,0.0,22.685
51186,0.0,0.0,22.685
51187,0.0,0.0,22.685
51188,0.0,0.0,22.685
51189,0.0,0.0,22.685
51190,-2755.0,2755.0,22.675
51191,0.0,0.0,22.675
51192,0.0,0.0,22.675
51193,0.0,0.0,22.675
51194,0.0,0.0,22.675
51195,4070.0,4070.0,22.675
51196,0.0,0.0,22.675
51197,0.0,0.0,22.675
51198,0.0,0.0,22.675
51199,0.0,0.0,22.675
51200,0.0,0.0,22.675
51201,0.0,0.0,22.675
51202,0.0,0.0,22.675
51203,0.0,0.0,22.675
51204,0.0,0.0,22.675
51205,0.0,0.0,22.675
51206,0.0,0.0,22.675
51207,0.0,0.0,22.675
51208,0.0,0.0,22.675
51209,0.0,0.0,22.675
51210,0.0,0.0,22.675
51211,0.0,0.0,22.675
51212,0.0,0.0,22.675
51214,0.0,0.0,22.675
51215,0.0,0.0,22.675
51216,0.0,0.0,22.675
51217,0.0,0.0,22.675
51218,0.0,0.0,22.675
51219,0.0,0.0,22.675
51220,0.0,0.0,22.675
51221,0.0,0.0,22.675
51222,0.0,0.0,22.675
51223,0.0,0.0,22.675
51224,0.0,0.0,22.675
51225,0.0,0.0,22.675
51226,0.0,0.0,22.675
51227,0.0,0.0,22.675
51228,0.0,0.0,22.675
51229,0.0,0.0,22.675
51230,0.0,0.0,22.675
51231,0.0,0.0,22.675
51232,0.0,0.0,22.675
51233,0.0,0.0,22.675
51234,0.0,0.0,22.675
51235,0.0,0.0,22.675
51236,0.0,0.0,22.675
51237,0.0,0.0,22.675
51238,0.0,0.0,22.675
51239,0.0,0.0,22.675
51240,0.0,0.0,22.675
51241,-4609.0,4809.0,22.665
51242,0.0,0.0,22.665
51243,0.0,0.0,22.665
51244,0.0,0.0,22.665
51245,731.0,731.0,22.675
51246,0.0,0.0,22.675
51247,0.0,0.0,22.675
51248,0.0,0.0,22.675
51249,41.0,41.0,22.675
51250,0.0,0.0,22.675
51252,0.0,0.0,22.675
51253,0.0,0.0,22.675
51254,0.0,0.0,22.675
51255,0.0,0.0,22.675
51258,0.0,0.0,22.675
51259,0.0,0.0,22.675
51260,0.0,0.0,22.675
51261,0.0,0.0,22.675
51262,0.0,0.0,22.675
51263,0.0,0.0,22.675
51264,43.0,43.0,22.675
51265,0.0,0.0,22.675
51266,110.0,110.0,22.675
51267,0.0,0.0,22.675
51268,0.0,0.0,22.675
51269,0.0,0.0,22.675
51270,0.0,0.0,22.675
51271,11.0,11.0,22.675
51272,0.0,0.0,22.675
51273,0.0,0.0,22.675
51274,0.0,0.0,22.675
51275,0.0,0.0,22.675
51276,0.0,0.0,22.675
51277,0.0,0.0,22.675
51278,0.0,0.0,22.675
51279,0.0,0.0,22.675
51280,0.0,0.0,22.675
51281,0.0,0.0,22.675
51282,0.0,0.0,22.675
51283,2162.0,2162.0,22.685
51284,0.0,0.0,22.685
51285,0.0,0.0,22.685
51286,0.0,0.0,22.685
51287,0.0,0.0,22.685
51288,0.0,0.0,22.685
51289,0.0,0.0,22.685
51290,0.0,0.0,22.685
51291,7782.0,7782.0,22.705
51292,0.0,0.0,22.705
51293,0.0,0.0,22.705
51294,0.0,0.0,22.705
51295,1.0,1.0,22.705
51296,0.0,0.0,22.705
51297,0.0,0.0,22.705
51298,0.0,0.0,22.705
51299,0.0,0.0,22.705
51300,0.0,0.0,22.705
51301,0.0,0.0,22.705
51302,0.0,0.0,22.705
51303,0.0,0.0,22.705
51304,0.0,0.0,22.705
51305,0.0,0.0,22.705
51306,10241.0,11129.0,22.715
51307,0.0,0.0,22.715
51308,0.0,0.0,22.715
51309,0.0,0.0,22.715
51310,700.0,700.0,22.725
51311,0.0,0.0,22.725
51312,0.0,0.0,22.725
51313,0.0,0.0,22.725
51314,0.0,0.0,22.725
51315,0.0,0.0,22.725
51316,0.0,0.0,22.725
51317,2822.0,2822.0,22.735
51318,0.0,0.0,22.735
51319,0.0,0.0,22.735
51320,0.0,0.0,22.735
51321,0.0,0.0,22.735
51322,0.0,0.0,22.735
51324,0.0,0.0,22.735
51325,0.0,0.0,22.735
51326,-6952.0,7480.0,22.735
51327,0.0,0.0,22.735
51328,0.0,0.0,22.735
51329,0.0,0.0,22.735
51330,0.0,0.0,22.735
51331,0.0,0.0,22.735
51332,0.0,0.0,22.735
51333,-2382.0,2382.0,22.725
51334,-1405.0,1405.0,22.715
51335,0.0,0.0,22.715
51336,0.0,0.0,22.715
51337,0.0,0.0,22.715
51338,0.0,0.0,22.715
51339,-605.0,605.0,22.715
51340,0.0,0.0,22.715
51341,0.0,0.0,22.715
51342,-1.0,1.0,22.715
51343,0.0,0.0,22.715
51344,-3.0,3.0,22.715
51345,-17.0,17.0,22.715
51346,-721.0,4721.0,22.705
51347,822.0,822.0,22.715
51348,0.0,0.0,22.715
51349,0.0,0.0,22.715
51350,0.0,0.0,22.715
51351,0.0,0.0,22.715
51352,0.0,0.0,22.715
51353,10.0,10.0,22.715
51354,0.0,0.0,22.715
51355,0.0,0.0,22.715
51356,10.0,10.0,22.715
51357,0.0,0.0,22.715
51358,11.0,11.0,22.715
51359,0.0,0.0,22.715
51360,0.0,0.0,22.715
51361,0.0,0.0,22.715
51362,0.0,0.0,22.715
51363,0.0,0.0,22.715
51364,381.0,381.0,22.725
51365,0.0,0.0,22.725
51366,0.0,0.0,22.725
51367,0.0,0.0,22.725
51368,0.0,0.0,22.725
51369,0.0,0.0,22.725
51370,0.0,0.0,22.725
51371,0.0,0.0,22.725
51372,0.0,0.0,22.725
51373,0.0,0.0,22.725
51374,0.0,0.0,22.725
51375,1411.0,1411.0,22.735
51376,0.0,0.0,22.735
51377,10.0,10.0,22.735
51378,0.0,0.0,22.735
51379,2154.0,2154.0,22.745
51380,0.0,0.0,22.745
51381,-150.0,150.0,22.735
51382,0.0,0.0,22.735
51383,0.0,0.0,22.735
51384,0.0,0.0,22.735
51385,-50.0,50.0,22.735
51386,0.0,0.0,22.735
51387,0.0,0.0,22.735
51388,0.0,0.0,22.735
51389,-500.0,500.0,22.725
51390,0.0,0.0,22.725
51391,0.0,0.0,22.725
51392,0.0,0.0,22.725
51393,0.0,0.0,22.725
51394,0.0,0.0,22.725
51395,0.0,0.0,22.725
51396,0.0,0.0,22.725
51397,0.0,0.0,22.725
51398,0.0,0.0,22.725
51399,0.0,0.0,22.725
51400,800.0,800.0,22.735
51401,0.0,0.0,22.735
51402,0.0,0.0,22.735
51403,0.0,0.0,22.735
51404,0.0,0.0,22.735
51405,0.0,0.0,22.735
51406,0.0,0.0,22.735
51407,0.0,0.0,22.735
51408,0.0,0.0,22.735
51409,0.0,0.0,22.735
51410,0.0,0.0,22.735
51411,0.0,0.0,22.735
51412,0.0,0.0,22.735
51413,0.0,0.0,22.735
51415,0.0,0.0,22.735
51416,0.0,0.0,22.735
51417,0.0,0.0,22.735
51418,10.0,10.0,22.735
51419,0.0,0.0,22.735
51420,0.0,0.0,22.735
51421,0.0,0.0,22.735
51422,0.0,0.0,22.735
51423,0.0,0.0,22.735
51424,10.0,10.0,22.735
51425,0.0,0.0,22.735
51426,0.0,0.0,22.735
51427,0.0,0.0,22.735
51428,0.0,0.0,22.735
51429,0.0,0.0,22.735
51430,0.0,0.0,22.735
51431,0.0,0.0,22.735
51432,1620.0,1620.0,22.735
51433,900.0,900.0,22.735
51434,0.0,0.0,22.735
51435,0.0,0.0,22.735
51436,0.0,0.0,22.735
51437,-1603.0,2603.0,22.725
51438,0.0,0.0,22.725
51439,0.0,0.0,22.725
51440,0.0,0.0,22.725
51441,0.0,0.0,22.725
51442,0.0,0.0,22.725
51443,0.0,0.0,22.725
51444,0.0,0.0,22.725
51445,-1600.0,1600.0,22.715
51446,0.0,0.0,22.715
51447,0.0,0.0,22.715
51448,0.0,0.0,22.715
51449,0.0,0.0,22.715
51450,0.0,0.0,22.715
51451,0.0,0.0,22.715
51452,0.0,0.0,22.715
51453,0.0,0.0,22.715
51454,0.0,0.0,22.715
51455,0.0,0.0,22.715
51456,0.0,0.0,22.715
51457,1500.0,1500.0,22.715
51458,0.0,0.0,22.715
51459,0.0,0.0,22.715
51460,0.0,0.0,22.715
51461,0.0,0.0,22.715
51462,0.0,0.0,22.715
51463,0.0,0.0,22.715
51464,0.0,0.0,22.715
51465,0.0,0.0,22.715
51466,0.0,0.0,22.715
51467,0.0,0.0,22.715
51468,0.0,0.0,22.715
51469,0.0,0.0,22.715
51470,0.0,0.0,22.715
51471,0.0,0.0,22.715
51472,0.0,0.0,22.715
51473,0.0,0.0,22.715
51474,0.0,0.0,22.715
51475,0.0,0.0,22.715
51476,0.0,0.0,22.715
51477,0.0,0.0,22.715
51478,0.0,0.0,22.715
51480,-9764.0,9764.0,22.705
51481,0.0,0.0,22.705
51482,-2886.0,2886.0,22.695
51483,0.0,0.0,22.695
51484,0.0,0.0,22.695
51485,0.0,0.0,22.695
51486,0.0,0.0,22.695
51487,0.0,0.0,22.695
51488,0.0,0.0,22.695
51489,0.0,0.0,22.695
51490,0.0,0.0,22.695
51491,0.0,0.0,22.695
51492,0.0,0.0,22.695
51493,0.0,0.0,22.695
51494,0.0,0.0,22.695
51495,0.0,0.0,22.695
51496,0.0,0.0,22.695
51497,2863.0,2863.0,22.695
51498,0.0,0.0,22.695
51499,0.0,0.0,22.695
51500,280.0,280.0,22.705
51501,10.0,10.0,22.705
51502,0.0,0.0,22.705
51503,300.0,300.0,22.705
51504,0.0,0.0,22.705
51505,10.0,10.0,22.705
51506,0.0,0.0,22.705
51507,0.0,0.0,22.705
51508,340.0,340.0,22.705
51509,0.0,0.0,22.705
51510,0.0,0.0,22.705
51511,0.0,0.0,22.705
51512,1456.0,1456.0,22.715
51513,0.0,0.0,22.715
51514,0.0,0.0,22.715
51515,0.0,0.0,22.715
51516,0.0,0.0,22.715
51517,0.0,0.0,22.715
51518,20.0,20.0,22.715
51519,10.0,10.0,22.715
51520,0.0,0.0,22.715
51521,0.0,0.0,22.715
51522,0.0,0.0,22.715
51523,0.0,0.0,22.715
51524,0.0,0.0,22.715
51525,0.0,0.0,22.715
51526,0.0,0.0,22.715
51527,0.0,0.0,22.715
51528,0.0,0.0,22.715
51529,0.0,0.0,22.715
51530,0.0,0.0,22.715
51531,0.0,0.0,22.715
51532,-6351.0,6351.0,22.705
51533,0.0,0.0,22.705
51534,0.0,0.0,22.705
51535,0.0,0.0,22.705
51536,0.0,0.0,22.705
51537,0.0,0.0,22.705
51538,0.0,0.0,22.705
51539,0.0,0.0,22.705
51540,0.0,0.0,22.705
51541,10.0,10.0,22.705
51542,0.0,0.0,22.705
51543,0.0,0.0,22.705
51544,0.0,0.0,22.705
51545,691.0,691.0,22.715
51546,10.0,10.0,22.715
51547,0.0,0.0,22.715
51548,0.0,0.0,22.715
51549,0.0,0.0,22.715
51550,0.0,0.0,22.715
51551,10.0,10.0,22.715
51552,0.0,0.0,22.715
51553,0.0,0.0,22.715
51554,1856.0,1856.0,22.725
51555,0.0,0.0,22.725
51556,0.0,0.0,22.725
51557,0.0,0.0,22.725
51558,0.0,0.0,22.725
51559,0.0,0.0,22.725
51560,0.0,0.0,22.725
51561,0.0,0.0,22.725
51562,0.0,0.0,22.725
51563,0.0,0.0,22.725
51564,0.0,0.0,22.725
51565,0.0,0.0,22.725
51566,0.0,0.0,22.725
51567,0.0,0.0,22.725
51568,0.0,0.0,22.725
51569,0.0,0.0,22.725
51570,0.0,0.0,22.725
51571,0.0,0.0,22.725
51572,0.0,0.0,22.725
51573,0.0,0.0,22.725
51574,-994.0,994.0,22.715
51575,-1205.0,1205.0,22.705
51576,0.0,0.0,22.705
51577,0.0,0.0,22.705
51578,0.0,0.0,22.705
51579,0.0,0.0,22.705
51580,0.0,0.0,22.705
51581,0.0,0.0,22.705
51582,0.0,0.0,22.705
51583,0.0,0.0,22.705
51584,0.0,0.0,22.705
51585,0.0,0.0,22.705
51586,0.0,0.0,22.705
51587,0.0,0.0,22.705
51588,0.0,0.0,22.705
51589,0.0,0.0,22.705
51590,209.0,209.0,22.715
51591,0.0,0.0,22.715
51592,-600.0,600.0,22.705
51593,0.0,0.0,22.705
51594,0.0,0.0,22.705
51595,0.0,0.0,22.705
51596,0.0,0.0,22.705
51597,0.0,0.0,22.705
51598,0.0,0.0,22.705
51599,0.0,0.0,22.705
51600,60.0,60.0,22.715
51601,-634.0,634.0,22.705
51602,549.0,551.0,22.715
51603,0.0,0.0,22.715
51604,0.0,0.0,22.715
51605,0.0,0.0,22.715
51606,0.0,0.0,22.715
51607,0.0,0.0,22.715
51608,0.0,0.0,22.715
51609,0.0,0.0,22.715
51610,0.0,0.0,22.715
51611,0.0,0.0,22.715
51612,-650.0,650.0,22.715
51613,0.0,0.0,22.715
51614,0.0,0.0,22.715
51615,0.0,0.0,22.715
51616,0.0,0.0,22.715
51617,0.0,0.0,22.715
51618,0.0,0.0,22.715
51619,0.0,0.0,22.715
51620,0.0,0.0,22.715
51621,0.0,0.0,22.715
51622,0.0,0.0,22.715
51623,0.0,0.0,22.715
51624,0.0,0.0,22.715
51625,0.0,0.0,22.715
51626,0.0,0.0,22.715
51627,0.0,0.0,22.715
51628,0.0,0.0,22.715
51629,-838.0,838.0,22.705
51630,0.0,0.0,22.705
51631,0.0,0.0,22.705
51632,0.0,0.0,22.705
51633,0.0,0.0,22.705
51634,0.0,0.0,22.705
51635,0.0,0.0,22.705
51636,2946.0,2946.0,22.715
51637,0.0,0.0,22.715
51638,0.0,0.0,22.715
51639,0.0,0.0,22.715
51640,0.0,0.0,22.715
51641,401.0,401.0,22.725
51642,3635.0,3635.0,22.735
51643,0.0,0.0,22.735
51644,0.0,0.0,22.735
51645,-1116.0,1116.0,22.725
51646,0.0,0.0,22.725
51647,700.0,700.0,22.735
51648,0.0,0.0,22.735
51649,10.0,10.0,22.735
51650,0.0,0.0,22.735
51651,0.0,0.0,22.735
51652,0.0,0.0,22.735
51653,10.0,10.0,22.735
51654,0.0,0.0,22.735
51655,0.0,0.0,22.735
51656,0.0,0.0,22.735
51657,0.0,0.0,22.735
51658,0.0,0.0,22.735
51659,0.0,0.0,22.735
51660,0.0,0.0,22.735
51661,0.0,0.0,22.735
51662,0.0,0.0,22.735
51663,-1237.0,1237.0,22.725
51664,0.0,0.0,22.725
51666,-500.0,500.0,22.725
51667,0.0,0.0,22.725
51668,-100.0,100.0,22.715
51669,0.0,0.0,22.715
51670,0.0,0.0,22.715
51671,0.0,0.0,22.715
51672,0.0,0.0,22.715
51673,1650.0,1650.0,22.725
51674,0.0,0.0,22.725
51675,0.0,0.0,22.725
51676,0.0,0.0,22.725
51677,0.0,0.0,22.725
51678,0.0,0.0,22.725
51679,0.0,0.0,22.725
51680,0.0,0.0,22.725
51681,0.0,0.0,22.725
51682,0.0,0.0,22.725
51683,0.0,0.0,22.725
51684,0.0,0.0,22.725
51685,0.0,0.0,22.725
51686,535.0,535.0,22.735
51687,0.0,0.0,22.735
51688,0.0,0.0,22.735
51689,-508.0,508.0,22.725
51690,0.0,0.0,22.725
51691,0.0,0.0,22.725
51693,0.0,0.0,22.725
51694,0.0,0.0,22.725
51695,939.0,939.0,22.725
51696,0.0,0.0,22.725
51697,0.0,0.0,22.725
51698,0.0,0.0,22.725
51699,75.0,75.0,22.725
51700,0.0,0.0,22.725
51701,0.0,0.0,22.725
51702,0.0,0.0,22.725
51703,0.0,0.0,22.725
51704,0.0,0.0,22.725
51705,0.0,0.0,22.725
51706,0.0,0.0,22.725
51707,0.0,0.0,22.725
51708,0.0,0.0,22.725
51709,0.0,0.0,22.725
51710,0.0,0.0,22.725
51711,0.0,0.0,22.725
51712,0.0,0.0,22.725
51713,0.0,0.0,22.725
51714,-2272.0,5872.0,22.715
51715,0.0,0.0,22.715
51716,0.0,0.0,22.715
51717,0.0,0.0,22.715
51718,0.0,0.0,22.715
51719,0.0,0.0,22.715
51720,0.0,0.0,22.715
51721,0.0,0.0,22.715
51722,0.0,0.0,22.715
51723,0.0,0.0,22.715
51725,0.0,0.0,22.715
51726,0.0,0.0,22.715
51728,0.0,0.0,22.715
51729,-1302.0,1302.0,22.705
51730,0.0,0.0,22.705
51731,0.0,0.0,22.705
51732,0.0,0.0,22.705
51733,0.0,0.0,22.705
51734,0.0,0.0,22.705
51735,0.0,0.0,22.705
51736,0.0,0.0,22.705
51737,0.0,0.0,22.705
51738,0.0,0.0,22.705
51739,0.0,0.0,22.705
51740,0.0,0.0,22.705
51741,0.0,0.0,22.705
51742,0.0,0.0,22.705
51743,0.0,0.0,22.705
51744,0.0,0.0,22.705
51745,0.0,0.0,22.705
51746,0.0,0.0,22.705
51747,0.0,0.0,22.705
51748,0.0,0.0,22.705
51749,0.0,0.0,22.705
51750,0.0,0.0,22.705
51751,0.0,0.0,22.705
51752,0.0,0.0,22.705
51753,0.0,0.0,22.705
51754,0.0,0.0,22.705
51755,0.0,0.0,22.705
51756,0.0,0.0,22.705
51757,0.0,0.0,22.705
51758,0.0,0.0,22.705
51759,0.0,0.0,22.705
51760,0.0,0.0,22.705
51761,0.0,0.0,22.705
51762,0.0,0.0,22.705
51763,0.0,0.0,22.705
51764,0.0,0.0,22.705
51765,0.0,0.0,22.705
51766,0.0,0.0,22.705
51767,0.0,0.0,22.705
51768,0.0,0.0,22.705
51769,0.0,0.0,22.705
51770,0.0,0.0,22.705
51771,0.0,0.0,22.705
51772,0.0,0.0,22.705
51773,0.0,0.0,22.705
51774,0.0,0.0,22.705
51775,0.0,0.0,22.705
51776,0.0,0.0,22.705
51777,0.0,0.0,22.705
51778,0.0,0.0,22.705
51779,0.0,0.0,22.705
51780,0.0,0.0,22.705
51781,0.0,0.0,22.705
51782,0.0,0.0,22.705
51783,0.0,0.0,22.705
51784,0.0,0.0,22.705
51785,0.0,0.0,22.705
51786,0.0,0.0,22.705
51787,0.0,0.0,22.705
51788,0.0,0.0,22.705
51789,0.0,0.0,22.705
51790,0.0,0.0,22.705
51791,0.0,0.0,22.705
51792,0.0,0.0,22.705
51793,0.0,0.0,22.705
51794,0.0,0.0,22.705
51795,0.0,0.0,22.705
51796,0.0,0.0,22.705
51797,0.0,0.0,22.705
51798,0.0,0.0,22.705
51799,0.0,0.0,22.705
51800,0.0,0.0,22.705
51801,0.0,0.0,22.705
51802,0.0,0.0,22.705
51803,0.0,0.0,22.705
51804,0.0,0.0,22.705
51805,0.0,0.0,22.705
51806,0.0,0.0,22.705
51807,0.0,0.0,22.705
51808,0.0,0.0,22.705
51809,0.0,0.0,22.705
51810,0.0,0.0,22.705
51811,0.0,0.0,22.705
51812,0.0,0.0,22.705
51813,0.0,0.0,22.705
51814,-1355.0,1355.0,22.695
51815,0.0,0.0,22.695
51816,0.0,0.0,22.695
51817,0.0,0.0,22.695
51818,0.0,0.0,22.695
51819,0.0,0.0,22.695
51820,0.0,0.0,22.695
51821,0.0,0.0,22.695
51822,0.0,0.0,22.695
51823,0.0,0.0,22.695
51824,0.0,0.0,22.695
51825,0.0,0.0,22.695
51826,0.0,0.0,22.695
51827,0.0,0.0,22.695
51828,0.0,0.0,22.695
51829,-1057.0,4035.0,22.695
51830,0.0,0.0,22.695
51831,0.0,0.0,22.695
51832,0.0,0.0,22.695
51833,-1150.0,1150.0,22.685
51834,0.0,0.0,22.685
51835,0.0,0.0,22.685
51836,0.0,0.0,22.685
51837,0.0,0.0,22.685
51838,0.0,0.0,22.685
51839,0.0,0.0,22.685
51840,0.0,0.0,22.685
51841,-100.0,100.0,22.685
51842,0.0,0.0,22.685
51843,0.0,0.0,22.685
51844,0.0,0.0,22.685
51845,0.0,0.0,22.685
51846,0.0,0.0,22.685
51847,0.0,0.0,22.685
51848,0.0,0.0,22.685
51849,-2072.0,2072.0,22.685
51850,0.0,0.0,22.685
51851,0.0,0.0,22.685
51852,0.0,0.0,22.685
51853,0.0,0.0,22.685
51854,0.0,0.0,22.685
51856,0.0,0.0,22.685
51857,0.0,0.0,22.685
51858,965.0,965.0,22.695
51859,-283.0,283.0,22.695
51860,0.0,0.0,22.695
51861,0.0,0.0,22.695
51862,0.0,0.0,22.695
51863,-250.0,250.0,22.685
51864,0.0,0.0,22.685
51865,2358.0,2358.0,22.695
51866,0.0,0.0,22.695
51867,0.0,0.0,22.695
51868,-200.0,400.0,22.685
51869,0.0,0.0,22.685
51870,0.0,0.0,22.685
51871,0.0,0.0,22.685
51872,0.0,0.0,22.685
51873,0.0,0.0,22.685
51874,0.0,0.0,22.685
51875,0.0,0.0,22.685
51876,0.0,0.0,22.685
51877,0.0,0.0,22.685
51878,0.0,0.0,22.685
51879,1648.0,1984.0,22.685
51880,-300.0,300.0,22.685
51881,0.0,0.0,22.69
51882,0.0,0.0,22.695
51883,0.0,0.0,22.695
51884,0.0,0.0,22.695
51885,0.0,0.0,22.695
51886,0.0,0.0,22.695
51887,0.0,0.0,22.695
51888,0.0,0.0,22.695
51889,0.0,0.0,22.695
51890,0.0,0.0,22.695
51891,0.0,0.0,22.695
51892,0.0,0.0,22.695
51893,0.0,0.0,22.695
51894,0.0,0.0,22.695
51895,0.0,0.0,22.695
51896,0.0,0.0,22.695
51897,0.0,0.0,22.695
51898,0.0,0.0,22.695
51899,0.0,0.0,22.695
51900,0.0,0.0,22.695
51901,0.0,0.0,22.695
51902,0.0,0.0,22.695
51903,0.0,0.0,22.695
51904,0.0,0.0,22.695
51905,0.0,0.0,22.695
51906,1605.0,1605.0,22.705
51907,0.0,0.0,22.705
51908,0.0,0.0,22.705
51909,0.0,0.0,22.705
51910,0.0,0.0,22.705
51911,0.0,0.0,22.705
51912,0.0,0.0,22.705
51913,0.0,0.0,22.705
51914,0.0,0.0,22.705
51915,0.0,0.0,22.705
51916,0.0,0.0,22.705
51917,0.0,0.0,22.705
51918,0.0,0.0,22.705
51919,0.0,0.0,22.705
51920,0.0,0.0,22.705
51921,-970.0,970.0,22.695
51922,0.0,0.0,22.695
51923,0.0,0.0,22.695
51924,0.0,0.0,22.695
51925,0.0,0.0,22.695
51926,0.0,0.0,22.695
51927,0.0,0.0,22.695
51928,0.0,0.0,22.695
51929,0.0,0.0,22.695
51930,0.0,0.0,22.695
51931,0.0,0.0,22.695
51932,0.0,0.0,22.695
51933,0.0,0.0,22.695
51934,0.0,0.0,22.695
51935,0.0,0.0,22.695
51936,0.0,0.0,22.695
51937,0.0,0.0,22.695
51938,0.0,0.0,22.695
51939,0.0,0.0,22.695
51940,1051.0,1051.0,22.705
51941,0.0,0.0,22.705
51942,0.0,0.0,22.705
51943,327.0,327.0,22.715
51944,0.0,0.0,22.715
51945,0.0,0.0,22.715
51946,0.0,0.0,22.715
51947,0.0,0.0,22.715
51948,0.0,0.0,22.715
51949,0.0,0.0,22.715
51950,0.0,0.0,22.715
51951,0.0,0.0,22.715
51952,0.0,0.0,22.715
51953,0.0,0.0,22.715
51954,0.0,0.0,22.715
51955,0.0,0.0,22.715
51956,2380.0,2380.0,22.725
51957,0.0,0.0,22.725
51958,-405.0,405.0,22.715
51959,0.0,0.0,22.715
51960,0.0,0.0,22.72
51961,0.0,0.0,22.725
51962,0.0,0.0,22.725
51963,0.0,0.0,22.725
51964,0.0,0.0,22.725
51965,0.0,0.0,22.725
51966,0.0,0.0,22.725
51967,0.0,0.0,22.725
51968,0.0,0.0,22.725
51969,0.0,0.0,22.725
51970,0.0,0.0,22.725
51971,0.0,0.0,22.725
51972,0.0,0.0,22.725
51973,0.0,0.0,22.725
51974,0.0,0.0,22.725
51975,0.0,0.0,22.725
51976,0.0,0.0,22.725
51977,0.0,0.0,22.725
51978,0.0,0.0,22.725
51979,0.0,0.0,22.725
51980,1637.0,1637.0,22.735
51981,0.0,0.0,22.735
51982,0.0,0.0,22.735
51983,0.0,0.0,22.735
51984,0.0,0.0,22.735
51985,0.0,0.0,22.735
51986,0.0,0.0,22.735
51987,0.0,0.0,22.735
51988,0.0,0.0,22.735
51989,0.0,0.0,22.735
51990,0.0,0.0,22.735
51991,0.0,0.0,22.735
51992,0.0,0.0,22.735
51993,0.0,0.0,22.735
51994,0.0,0.0,22.735
51995,0.0,0.0,22.735
51996,0.0,0.0,22.735
51997,0.0,0.0,22.735
51998,0.0,0.0,22.735
51999,0.0,0.0,22.735
52000,0.0,0.0,22.735
52001,0.0,0.0,22.735
52002,0.0,0.0,22.735
52003,0.0,0.0,22.735
52004,0.0,0.0,22.735
52005,0.0,0.0,22.735
52006,0.0,0.0,22.735
52007,0.0,0.0,22.735
52008,0.0,0.0,22.735
52009,0.0,0.0,22.735
52010,0.0,0.0,22.735
52011,0.0,0.0,22.735
52012,0.0,0.0,22.735
52013,0.0,0.0,22.735
52014,0.0,0.0,22.735
52015,0.0,0.0,22.735
52016,0.0,0.0,22.735
52018,0.0,0.0,22.735
52019,0.0,0.0,22.735
52020,0.0,0.0,22.735
52021,0.0,0.0,22.735
52022,0.0,0.0,22.735
52023,0.0,0.0,22.735
52024,0.0,0.0,22.735
52025,0.0,0.0,22.735
52026,0.0,0.0,22.735
52027,0.0,0.0,22.735
52028,0.0,0.0,22.735
52029,0.0,0.0,22.735
52030,0.0,0.0,22.735
52032,0.0,0.0,22.735
52033,0.0,0.0,22.735
52034,0.0,0.0,22.735
52035,0.0,0.0,22.735
52036,0.0,0.0,22.735
52037,0.0,0.0,22.735
52038,0.0,0.0,22.735
52039,0.0,0.0,22.735
52040,0.0,0.0,22.735
52041,0.0,0.0,22.735
52042,-2522.0,2522.0,22.725
52043,0.0,0.0,22.725
52044,0.0,0.0,22.725
52045,0.0,0.0,22.725
52046,0.0,0.0,22.725
52047,0.0,0.0,22.725
52048,0.0,0.0,22.725
52049,-604.0,604.0,22.715
52050,0.0,0.0,22.715
52051,0.0,0.0,22.715
52052,0.0,0.0,22.715
52053,0.0,0.0,22.715
52054,0.0,0.0,22.715
52055,0.0,0.0,22.715
52056,0.0,0.0,22.715
52057,0.0,0.0,22.715
52058,0.0,0.0,22.715
52059,0.0,0.0,22.715
52060,0.0,0.0,22.715
52061,0.0,0.0,22.715
52062,0.0,0.0,22.715
52063,0.0,0.0,22.715
52064,0.0,0.0,22.715
52065,0.0,0.0,22.715
52066,0.0,0.0,22.715
52067,0.0,0.0,22.715
52068,0.0,0.0,22.715
52069,0.0,0.0,22.715
52070,0.0,0.0,22.715
52071,0.0,0.0,22.715
52072,0.0,0.0,22.715
52073,0.0,0.0,22.715
52074,0.0,0.0,22.715
52075,0.0,0.0,22.715
52076,0.0,0.0,22.715
52077,0.0,0.0,22.715
52078,0.0,0.0,22.715
52079,0.0,0.0,22.715
52080,0.0,0.0,22.715
52081,0.0,0.0,22.715
52082,20.0,20.0,22.715
52083,0.0,0.0,22.715
52084,0.0,0.0,22.715
52085,0.0,0.0,22.715
52086,0.0,0.0,22.715
52087,0.0,0.0,22.715
52088,0.0,0.0,22.715
52089,0.0,0.0,22.715
52090,0.0,0.0,22.715
52091,0.0,0.0,22.715
52092,0.0,0.0,22.715
52093,0.0,0.0,22.715
52094,0.0,0.0,22.715
52095,0.0,0.0,22.715
52096,0.0,0.0,22.715
52097,0.0,0.0,22.715
52098,0.0,0.0,22.715
52099,0.0,0.0,22.715
52100,0.0,0.0,22.715
52101,0.0,0.0,22.715
52102,0.0,0.0,22.715
52103,0.0,0.0,22.715
52104,0.0,0.0,22.715
52105,0.0,0.0,22.715
52106,0.0,0.0,22.715
52107,0.0,0.0,22.715
52108,0.0,0.0,22.715
52109,0.0,0.0,22.715
52110,0.0,0.0,22.715
52111,0.0,0.0,22.715
52112,0.0,0.0,22.715
52113,0.0,0.0,22.715
52114,0.0,0.0,22.715
52115,0.0,0.0,22.715
52116,0.0,0.0,22.715
52117,0.0,0.0,22.715
52118,0.0,0.0,22.715
52119,0.0,0.0,22.715
52120,0.0,0.0,22.715
52121,0.0,0.0,22.715
52122,0.0,0.0,22.715
52123,0.0,0.0,22.715
52124,0.0,0.0,22.715
52125,0.0,0.0,22.715
52126,0.0,0.0,22.715
52127,0.0,0.0,22.715
52128,0.0,0.0,22.715
52129,0.0,0.0,22.715
52130,0.0,0.0,22.715
52131,0.0,0.0,22.715
52132,0.0,0.0,22.715
52133,0.0,0.0,22.715
52134,0.0,0.0,22.715
52135,0.0,0.0,22.715
52136,0.0,0.0,22.715
52137,0.0,0.0,22.715
52138,0.0,0.0,22.715
52139,0.0,0.0,22.715
52140,0.0,0.0,22.715
52141,-100.0,100.0,22.715
52142,0.0,0.0,22.715
52143,0.0,0.0,22.715
52144,0.0,0.0,22.715
52145,0.0,0.0,22.715
52146,0.0,0.0,22.715
52147,0.0,0.0,22.715
52148,0.0,0.0,22.715
52149,0.0,0.0,22.715
52150,0.0,0.0,22.715
52151,-4.0,4.0,22.715
52152,0.0,0.0,22.715
52153,0.0,0.0,22.715
52154,0.0,0.0,22.715
52155,0.0,0.0,22.715
52156,0.0,0.0,22.715
52157,0.0,0.0,22.715
52158,2635.0,2635.0,22.725
52159,0.0,0.0,22.725
52160,0.0,0.0,22.725
52161,0.0,0.0,22.725
52162,0.0,0.0,22.725
52163,0.0,0.0,22.725
52164,0.0,0.0,22.725
52165,0.0,0.0,22.725
52166,0.0,0.0,22.725
52167,0.0,0.0,22.725
52169,0.0,0.0,22.725
52170,0.0,0.0,22.725
52171,0.0,0.0,22.725
52172,0.0,0.0,22.725
52173,0.0,0.0,22.725
52174,1365.0,1365.0,22.735
52175,0.0,0.0,22.735
52176,0.0,0.0,22.735
52177,0.0,0.0,22.735
52179,0.0,0.0,22.735
52180,0.0,0.0,22.735
52181,0.0,0.0,22.735
52182,0.0,0.0,22.735
52183,0.0,0.0,22.735
52184,0.0,0.0,22.735
52185,0.0,0.0,22.735
52186,0.0,0.0,22.735
52187,0.0,0.0,22.735
52188,0.0,0.0,22.735
52189,0.0,0.0,22.735
52190,0.0,0.0,22.735
52191,0.0,0.0,22.735
52192,0.0,0.0,22.735
52193,0.0,0.0,22.735
52194,0.0,0.0,22.735
52195,0.0,0.0,22.735
52196,0.0,0.0,22.735
52197,0.0,0.0,22.735
52198,0.0,0.0,22.735
52199,0.0,0.0,22.735
52200,0.0,0.0,22.735
52201,0.0,0.0,22.735
52202,0.0,0.0,22.735
52203,0.0,0.0,22.735
52204,0.0,0.0,22.735
52205,0.0,0.0,22.735
52206,0.0,0.0,22.735
52207,0.0,0.0,22.735
52208,0.0,0.0,22.735
52209,7872.0,7872.0,22.745
52210,0.0,0.0,22.745
52211,0.0,0.0,22.745
52212,0.0,0.0,22.745
52213,0.0,0.0,22.745
52214,0.0,0.0,22.745
52215,0.0,0.0,22.745
52216,0.0,0.0,22.745
52217,0.0,0.0,22.745
52218,0.0,0.0,22.745
52219,0.0,0.0,22.745
52220,0.0,0.0,22.745
52221,0.0,0.0,22.745
52222,-6436.0,6436.0,22.735
52223,0.0,0.0,22.735
52224,0.0,0.0,22.735
52225,-991.0,991.0,22.735
52226,0.0,0.0,22.735
52227,0.0,0.0,22.735
52228,0.0,0.0,22.735
52229,0.0,0.0,22.735
52230,0.0,0.0,22.735
52231,0.0,0.0,22.735
52232,0.0,0.0,22.735
52233,0.0,0.0,22.735
52234,0.0,0.0,22.735
52235,0.0,0.0,22.735
52236,-1051.0,1051.0,22.735
52237,-661.0,661.0,22.735
52238,0.0,0.0,22.735
52239,0.0,0.0,22.735
52240,0.0,0.0,22.735
52241,0.0,0.0,22.735
52242,0.0,0.0,22.735
52243,0.0,0.0,22.735
52246,0.0,0.0,22.735
52248,0.0,0.0,22.735
52249,0.0,0.0,22.735
52250,0.0,0.0,22.735
52251,0.0,0.0,22.735
52252,5274.0,5274.0,22.745
52253,0.0,0.0,22.745
52254,0.0,0.0,22.745
52255,0.0,0.0,22.745
52256,0.0,0.0,22.745
52258,0.0,0.0,22.745
52259,0.0,0.0,22.745
52260,0.0,0.0,22.745
52261,0.0,0.0,22.745
52262,0.0,0.0,22.745
52263,0.0,0.0,22.745
52264,0.0,0.0,22.745
52265,0.0,0.0,22.745
52266,0.0,0.0,22.745
52267,0.0,0.0,22.745
52268,0.0,0.0,22.745
52269,0.0,0.0,22.745
52270,0.0,0.0,22.745
52271,0.0,0.0,22.745
52272,0.0,0.0,22.745
52273,0.0,0.0,22.745
52275,0.0,0.0,22.745
52276,0.0,0.0,22.745
52277,0.0,0.0,22.745
52278,0.0,0.0,22.745
52279,1200.0,1200.0,22.745
52280,0.0,0.0,22.745
52281,0.0,0.0,22.745
52282,0.0,0.0,22.745
52283,0.0,0.0,22.745
52284,0.0,0.0,22.745
52285,0.0,0.0,22.745
52286,0.0,0.0,22.745
52287,0.0,0.0,22.745
52288,0.0,0.0,22.745
52289,0.0,0.0,22.745
52290,0.0,0.0,22.745
52291,5365.0,5365.0,22.755
52292,1797.0,1797.0,22.765
52293,0.0,0.0,22.765
52294,0.0,0.0,22.765
52295,0.0,0.0,22.765
52296,100.0,100.0,22.765
52297,0.0,0.0,22.765
52298,0.0,0.0,22.765
52299,0.0,0.0,22.765
52300,0.0,0.0,22.765
52301,0.0,0.0,22.765
52302,0.0,0.0,22.765
52304,0.0,0.0,22.765
52305,0.0,0.0,22.765
52306,0.0,0.0,22.765
52307,0.0,0.0,22.765
52308,0.0,0.0,22.765
52309,0.0,0.0,22.765
52310,0.0,0.0,22.765
52311,0.0,0.0,22.765
52312,0.0,0.0,22.765
52313,0.0,0.0,22.765
52314,0.0,0.0,22.765
52315,0.0,0.0,22.765
52316,0.0,0.0,22.765
52317,0.0,0.0,22.765
52318,0.0,0.0,22.765
52319,-1467.0,1467.0,22.755
52320,0.0,0.0,22.755
52321,0.0,0.0,22.755
52322,0.0,0.0,22.755
52323,0.0,0.0,22.755
52324,0.0,0.0,22.755
52325,0.0,0.0,22.755
52326,0.0,0.0,22.755
52327,0.0,0.0,22.755
52328,0.0,0.0,22.755
52329,0.0,0.0,22.755
52330,922.0,922.0,22.765
52331,0.0,0.0,22.765
52332,-2113.0,2113.0,22.765
52333,0.0,0.0,22.765
52334,0.0,0.0,22.765
52335,0.0,0.0,22.765
52336,0.0,0.0,22.765
52337,0.0,0.0,22.765
52338,0.0,0.0,22.765
52339,0.0,0.0,22.765
52340,0.0,0.0,22.765
52341,0.0,0.0,22.765
52342,0.0,0.0,22.765
52343,-837.0,837.0,22.755
52344,0.0,0.0,22.755
52345,0.0,0.0,22.755
52346,550.0,550.0,22.765
52347,0.0,0.0,22.765
52348,0.0,0.0,22.765
52349,0.0,0.0,22.765
52350,0.0,0.0,22.765
52351,0.0,0.0,22.765
52352,0.0,0.0,22.765
52353,0.0,0.0,22.765
52354,0.0,0.0,22.765
52355,0.0,0.0,22.765
52356,0.0,0.0,22.765
52357,0.0,0.0,22.765
52358,0.0,0.0,22.765
52359,0.0,0.0,22.765
52360,0.0,0.0,22.765
52361,0.0,0.0,22.765
52363,0.0,0.0,22.765
52364,-110.0,110.0,22.765
52365,0.0,0.0,22.765
52366,0.0,0.0,22.765
52367,0.0,0.0,22.765
52368,0.0,0.0,22.765
52369,0.0,0.0,22.765
52370,0.0,0.0,22.765
52371,-85.0,85.0,22.765
52372,0.0,0.0,22.765
52373,0.0,0.0,22.765
52374,0.0,0.0,22.765
52375,-16.0,16.0,22.765
52376,-3.0,3.0,22.765
52377,0.0,0.0,22.765
52378,-2.0,2.0,22.765
52379,0.0,0.0,22.765
52380,-22.0,22.0,22.765
52381,-124.0,124.0,22.765
52382,-1.0,1.0,22.765
52383,0.0,0.0,22.765
52384,0.0,0.0,22.765
52385,0.0,0.0,22.765
52386,0.0,0.0,22.765
52387,0.0,0.0,22.765
52388,0.0,0.0,22.765
52389,0.0,0.0,22.765
52390,0.0,0.0,22.765
52391,0.0,0.0,22.765
52392,-3153.0,3155.0,22.755
52393,0.0,0.0,22.755
52394,0.0,0.0,22.755
52395,0.0,0.0,22.755
52396,0.0,0.0,22.755
52397,0.0,0.0,22.755
52398,6580.0,7520.0,22.755
52399,0.0,0.0,22.755
52400,0.0,0.0,22.755
52401,0.0,0.0,22.755
52402,0.0,0.0,22.755
52403,0.0,0.0,22.755
52405,0.0,0.0,22.755
52406,0.0,0.0,22.755
52407,0.0,0.0,22.755
52408,0.0,0.0,22.755
52409,0.0,0.0,22.755
52410,799.0,801.0,22.765
52411,-722.0,722.0,22.765
52412,0.0,0.0,22.765
52413,0.0,0.0,22.765
52414,0.0,0.0,22.765
52415,0.0,0.0,22.765
52416,0.0,0.0,22.765
52417,0.0,0.0,22.765
52418,0.0,0.0,22.765
52419,0.0,0.0,22.765
52420,0.0,0.0,22.765
52421,0.0,0.0,22.765
52422,0.0,0.0,22.765
52423,-11.0,11.0,22.765
52424,0.0,0.0,22.765
52425,0.0,0.0,22.765
52426,0.0,0.0,22.765
52427,0.0,0.0,22.765
52428,0.0,0.0,22.765
52429,0.0,0.0,22.765
52430,0.0,0.0,22.765
52431,0.0,0.0,22.765
52432,0.0,0.0,22.765
52433,0.0,0.0,22.765
52434,0.0,0.0,22.765
52435,0.0,0.0,22.765
52436,0.0,0.0,22.765
52437,0.0,0.0,22.765
52438,0.0,0.0,22.765
52439,0.0,0.0,22.765
52440,0.0,0.0,22.765
52441,0.0,0.0,22.765
52442,0.0,0.0,22.765
52443,0.0,0.0,22.765
52444,-1333.0,1333.0,22.755
52445,0.0,0.0,22.755
52446,0.0,0.0,22.755
52447,0.0,0.0,22.755
52448,0.0,0.0,22.755
52449,0.0,0.0,22.755
52450,0.0,0.0,22.755
52451,0.0,0.0,22.755
52452,0.0,0.0,22.755
52453,-3382.0,3382.0,22.745
52454,0.0,0.0,22.745
52455,0.0,0.0,22.745
52456,0.0,0.0,22.745
52457,0.0,0.0,22.745
52458,0.0,0.0,22.745
52459,4233.0,4233.0,22.745
52460,0.0,0.0,22.745
52461,0.0,0.0,22.745
52462,950.0,950.0,22.745
52463,-990.0,990.0,22.745
52464,0.0,0.0,22.745
52465,0.0,0.0,22.745
52466,190.0,190.0,22.755
52467,0.0,0.0,22.755
52468,0.0,0.0,22.755
52469,0.0,0.0,22.755
52470,0.0,0.0,22.755
52471,0.0,0.0,22.755
52472,0.0,0.0,22.755
52473,0.0,0.0,22.755
52474,0.0,0.0,22.755
52475,0.0,0.0,22.755
52476,0.0,0.0,22.755
52477,0.0,0.0,22.755
52478,0.0,0.0,22.755
52479,0.0,0.0,22.755
52480,0.0,0.0,22.755
52481,0.0,0.0,22.755
52482,0.0,0.0,22.755
52483,0.0,0.0,22.755
52485,0.0,0.0,22.755
52486,0.0,0.0,22.755
52487,0.0,0.0,22.755
52488,0.0,0.0,22.755
52489,-821.0,821.0,22.745
52490,0.0,0.0,22.745
52491,0.0,0.0,22.745
52492,0.0,0.0,22.745
52493,0.0,0.0,22.745
52494,0.0,0.0,22.745
52495,0.0,0.0,22.745
52496,0.0,0.0,22.745
52497,0.0,0.0,22.745
52498,0.0,0.0,22.745
52499,0.0,0.0,22.745
52500,0.0,0.0,22.745
52501,0.0,0.0,22.745
52502,0.0,0.0,22.745
52503,0.0,0.0,22.745
52504,0.0,0.0,22.745
52505,0.0,0.0,22.745
52506,0.0,0.0,22.745
52507,0.0,0.0,22.745
52508,650.0,650.0,22.755
52509,0.0,0.0,22.755
52510,0.0,0.0,22.755
52511,0.0,0.0,22.755
52512,0.0,0.0,22.755
52513,0.0,0.0,22.755
52514,0.0,0.0,22.755
52515,0.0,0.0,22.755
52516,0.0,0.0,22.755
52517,0.0,0.0,22.755
52518,0.0,0.0,22.755
52519,0.0,0.0,22.755
52520,0.0,0.0,22.755
52521,0.0,0.0,22.755
52522,0.0,0.0,22.755
52523,0.0,0.0,22.755
52524,0.0,0.0,22.755
52525,0.0,0.0,22.755
52526,0.0,0.0,22.755
52527,0.0,0.0,22.755
52528,0.0,0.0,22.755
52529,0.0,0.0,22.755
52530,0.0,0.0,22.755
52531,0.0,0.0,22.755
52532,0.0,0.0,22.755
52533,0.0,0.0,22.755
52534,-901.0,901.0,22.745
52535,0.0,0.0,22.745
52536,0.0,0.0,22.745
52537,0.0,0.0,22.745
52538,0.0,0.0,22.745
52539,0.0,0.0,22.745
52540,0.0,0.0,22.745
52541,0.0,0.0,22.745
52542,728.0,728.0,22.755
52543,0.0,0.0,22.755
52544,0.0,0.0,22.755
52545,0.0,0.0,22.755
52546,0.0,0.0,22.755
52547,0.0,0.0,22.755
52548,0.0,0.0,22.755
52549,0.0,0.0,22.755
52550,0.0,0.0,22.755
52551,0.0,0.0,22.755
52553,0.0,0.0,22.755
52554,0.0,0.0,22.755
52555,0.0,0.0,22.755
52556,-631.0,631.0,22.745
52557,0.0,0.0,22.745
52558,0.0,0.0,22.745
52559,0.0,0.0,22.745
52560,0.0,0.0,22.745
52561,0.0,0.0,22.745
52562,0.0,0.0,22.745
52563,0.0,0.0,22.745
52564,0.0,0.0,22.745
52565,0.0,0.0,22.745
52566,0.0,0.0,22.745
52567,0.0,0.0,22.745
52568,-1842.0,1842.0,22.735
52569,0.0,0.0,22.735
52570,0.0,0.0,22.735
52571,0.0,0.0,22.735
52572,0.0,0.0,22.735
52573,0.0,0.0,22.735
52574,0.0,0.0,22.735
52575,0.0,0.0,22.735
52576,0.0,0.0,22.735
52577,0.0,0.0,22.735
52578,0.0,0.0,22.735
52579,0.0,0.0,22.735
52580,0.0,0.0,22.735
52581,0.0,0.0,22.735
52582,0.0,0.0,22.735
52583,0.0,0.0,22.735
52584,0.0,0.0,22.735
52585,0.0,0.0,22.735
52586,0.0,0.0,22.735
52587,0.0,0.0,22.735
52589,0.0,0.0,22.735
52590,0.0,0.0,22.735
52591,0.0,0.0,22.735
52592,0.0,0.0,22.735
52593,100.0,100.0,22.735
52594,0.0,0.0,22.735
52595,0.0,0.0,22.735
52596,0.0,0.0,22.735
52597,0.0,0.0,22.735
52598,1166.0,1166.0,22.745
52599,0.0,0.0,22.745
52600,0.0,0.0,22.745
52601,0.0,0.0,22.745
52602,0.0,0.0,22.745
52603,0.0,0.0,22.745
52604,0.0,0.0,22.745
52605,0.0,0.0,22.745
52606,0.0,0.0,22.745
52607,0.0,0.0,22.745
52608,0.0,0.0,22.745
52609,0.0,0.0,22.745
52610,0.0,0.0,22.745
52611,0.0,0.0,22.745
52612,0.0,0.0,22.745
52613,0.0,0.0,22.745
52614,0.0,0.0,22.745
52615,0.0,0.0,22.745
52616,805.0,805.0,22.755
52617,0.0,0.0,22.755
52618,0.0,0.0,22.755
52619,0.0,0.0,22.755
52620,0.0,0.0,22.755
52621,0.0,0.0,22.755
52622,0.0,0.0,22.755
52623,0.0,0.0,22.755
52624,0.0,0.0,22.755
52625,0.0,0.0,22.755
52626,0.0,0.0,22.755
52627,0.0,0.0,22.755
52628,0.0,0.0,22.755
52629,0.0,0.0,22.755
52630,0.0,0.0,22.755
52631,0.0,0.0,22.755
52632,0.0,0.0,22.755
52633,0.0,0.0,22.755
52634,0.0,0.0,22.755
52635,0.0,0.0,22.755
52636,0.0,0.0,22.755
52637,0.0,0.0,22.755
52638,0.0,0.0,22.755
52639,0.0,0.0,22.755
52640,0.0,0.0,22.755
52641,0.0,0.0,22.755
52642,0.0,0.0,22.755
52643,0.0,0.0,22.755
52644,0.0,0.0,22.755
52645,0.0,0.0,22.755
52646,0.0,0.0,22.755
52647,-960.0,960.0,22.745
52648,0.0,0.0,22.745
52649,0.0,0.0,22.745
52650,0.0,0.0,22.745
52652,0.0,0.0,22.745
52653,0.0,0.0,22.745
52654,0.0,0.0,22.745
52655,0.0,0.0,22.745
52656,0.0,0.0,22.745
52657,0.0,0.0,22.745
52658,0.0,0.0,22.745
52659,0.0,0.0,22.745
52660,0.0,0.0,22.745
52661,0.0,0.0,22.745
52662,0.0,0.0,22.745
52663,0.0,0.0,22.745
52664,0.0,0.0,22.745
52665,-1642.0,1642.0,22.735
52666,0.0,0.0,22.735
52667,-9969.0,9969.0,22.725
52668,0.0,0.0,22.725
52669,0.0,0.0,22.725
52670,0.0,0.0,22.725
52671,0.0,0.0,22.725
52672,-1.0,1.0,22.725
52673,0.0,0.0,22.725
52674,0.0,0.0,22.725
52675,5987.0,12711.0,22.715
52676,0.0,0.0,22.715
52677,0.0,0.0,22.715
52678,0.0,0.0,22.715
52679,0.0,0.0,22.715
52680,0.0,0.0,22.715
52681,0.0,0.0,22.715
52682,0.0,0.0,22.715
52683,0.0,0.0,22.715
52684,0.0,0.0,22.715
52685,0.0,0.0,22.715
52686,0.0,0.0,22.715
52687,0.0,0.0,22.715
52688,0.0,0.0,22.715
52689,0.0,0.0,22.715
52690,-2755.0,2755.0,22.705
52691,0.0,0.0,22.705
52692,-181.0,181.0,22.705
52693,-930.0,930.0,22.695
52694,0.0,0.0,22.695
52695,-556.0,556.0,22.685
52696,0.0,0.0,22.685
52697,-6474.0,17086.0,22.695
52698,0.0,0.0,22.695
52699,0.0,0.0,22.695
52700,3538.0,3538.0,22.705
52701,0.0,0.0,22.705
52702,0.0,0.0,22.705
52703,0.0,0.0,22.705
52704,0.0,0.0,22.705
52705,0.0,0.0,22.705
52706,0.0,0.0,22.705
52707,0.0,0.0,22.705
52708,0.0,0.0,22.705
52709,0.0,0.0,22.7
52710,28.0,172.0,22.695
52711,0.0,0.0,22.695
52712,0.0,0.0,22.695
52713,0.0,0.0,22.695
52714,0.0,0.0,22.695
52715,0.0,0.0,22.695
52716,0.0,0.0,22.695
52717,0.0,0.0,22.695
52718,0.0,0.0,22.695
52719,0.0,0.0,22.695
52720,0.0,0.0,22.695
52721,207.0,207.0,22.705
52722,0.0,0.0,22.705
52723,0.0,0.0,22.705
52724,0.0,0.0,22.705
52725,529.0,529.0,22.715
52726,0.0,0.0,22.715
52727,-1274.0,1274.0,22.705
52728,0.0,0.0,22.705
52729,0.0,0.0,22.705
52730,-70.0,70.0,22.705
52731,-750.0,750.0,22.695
52732,0.0,0.0,22.695
52733,0.0,0.0,22.695
52734,0.0,0.0,22.695
52735,0.0,0.0,22.695
52736,0.0,0.0,22.695
52737,0.0,0.0,22.695
52738,0.0,0.0,22.695
52739,0.0,0.0,22.695
52740,0.0,0.0,22.695
52741,679.0,679.0,22.705
52742,0.0,0.0,22.705
52743,0.0,0.0,22.705
52744,-550.0,550.0,22.695
52745,0.0,0.0,22.695
52746,0.0,0.0,22.695
52747,0.0,0.0,22.695
52748,0.0,0.0,22.695
52749,-100.0,100.0,22.695
52750,0.0,0.0,22.695
52751,0.0,0.0,22.695
52752,0.0,0.0,22.695
52753,0.0,0.0,22.695
52754,0.0,0.0,22.695
52755,0.0,0.0,22.695
52756,0.0,0.0,22.695
52757,0.0,0.0,22.695
52758,0.0,0.0,22.695
52759,0.0,0.0,22.695
52760,0.0,0.0,22.695
52761,0.0,0.0,22.695
52762,705.0,705.0,22.705
52763,0.0,0.0,22.705
52764,0.0,0.0,22.705
52765,0.0,0.0,22.705
52766,0.0,0.0,22.705
52767,0.0,0.0,22.705
52768,0.0,0.0,22.705
52769,0.0,0.0,22.705
52770,0.0,0.0,22.705
52771,0.0,0.0,22.705
52772,950.0,950.0,22.715
52773,0.0,0.0,22.715
52774,0.0,0.0,22.715
52775,0.0,0.0,22.715
52776,0.0,0.0,22.715
52777,0.0,0.0,22.715
52778,0.0,0.0,22.715
52779,0.0,0.0,22.715
52781,0.0,0.0,22.715
52782,0.0,0.0,22.715
52783,0.0,0.0,22.715
52784,0.0,0.0,22.715
52785,0.0,0.0,22.715
52786,0.0,0.0,22.715
52788,0.0,0.0,22.715
52789,0.0,0.0,22.715
52790,0.0,0.0,22.715
52791,0.0,0.0,22.715
52792,0.0,0.0,22.715
52793,0.0,0.0,22.715
52794,831.0,831.0,22.725
52795,0.0,0.0,22.725
52796,0.0,0.0,22.725
52797,0.0,0.0,22.725
52798,0.0,0.0,22.725
52799,0.0,0.0,22.725
52800,0.0,0.0,22.725
52801,0.0,0.0,22.725
52802,0.0,0.0,22.725
52803,0.0,0.0,22.725
52804,0.0,0.0,22.725
52805,0.0,0.0,22.725
52806,669.0,669.0,22.735
52807,0.0,0.0,22.735
52808,0.0,0.0,22.735
52809,0.0,0.0,22.735
52810,0.0,0.0,22.735
52811,0.0,0.0,22.735
52812,0.0,0.0,22.735
52813,0.0,0.0,22.735
52815,0.0,0.0,22.735
52816,0.0,0.0,22.735
52817,0.0,0.0,22.735
52818,0.0,0.0,22.735
52819,0.0,0.0,22.735
52820,0.0,0.0,22.735
52821,0.0,0.0,22.735
52822,0.0,0.0,22.735
52823,0.0,0.0,22.735
52824,0.0,0.0,22.735
52825,-1717.0,1717.0,22.715
52826,0.0,0.0,22.715
52827,0.0,0.0,22.715
52828,0.0,0.0,22.715
52829,0.0,0.0,22.715
52830,0.0,0.0,22.715
52831,0.0,0.0,22.715
52832,0.0,0.0,22.715
52833,0.0,0.0,22.715
52834,0.0,0.0,22.715
52835,0.0,0.0,22.715
52836,0.0,0.0,22.715
52837,0.0,0.0,22.715
52838,0.0,0.0,22.715
52839,0.0,0.0,22.715
52840,0.0,0.0,22.715
52841,0.0,0.0,22.715
52842,0.0,0.0,22.715
52843,0.0,0.0,22.715
52844,0.0,0.0,22.715
52845,0.0,0.0,22.715
52846,0.0,0.0,22.715
52847,0.0,0.0,22.715
52848,0.0,0.0,22.715
52849,0.0,0.0,22.715
52850,0.0,0.0,22.715
52851,0.0,0.0,22.715
52852,0.0,0.0,22.715
52853,0.0,0.0,22.715
52854,0.0,0.0,22.715
52855,0.0,0.0,22.715
52856,0.0,0.0,22.715
52857,0.0,0.0,22.715
52858,0.0,0.0,22.715
52859,0.0,0.0,22.715
52860,1507.0,1507.0,22.725
52861,0.0,0.0,22.725
52862,0.0,0.0,22.725
52863,0.0,0.0,22.725
52864,0.0,0.0,22.725
52866,0.0,0.0,22.725
52867,0.0,0.0,22.725
52868,0.0,0.0,22.725
52869,0.0,0.0,22.725
52870,0.0,0.0,22.725
52871,0.0,0.0,22.725
52872,-1470.0,1470.0,22.715
52873,0.0,0.0,22.715
52874,0.0,0.0,22.715
52875,0.0,0.0,22.715
52876,0.0,0.0,22.715
52877,0.0,0.0,22.715
52878,0.0,0.0,22.715
52879,0.0,0.0,22.715
52880,0.0,0.0,22.715
52881,0.0,0.0,22.715
52883,0.0,0.0,22.715
52884,0.0,0.0,22.715
52885,0.0,0.0,22.715
52886,0.0,0.0,22.715
52887,0.0,0.0,22.715
52888,0.0,0.0,22.715
52890,0.0,0.0,22.715
52891,0.0,0.0,22.715
52892,0.0,0.0,22.715
52893,0.0,0.0,22.715
52894,0.0,0.0,22.715
52895,-917.0,919.0,22.705
52896,0.0,0.0,22.705
52897,0.0,0.0,22.705
52898,0.0,0.0,22.705
52899,0.0,0.0,22.705
52901,0.0,0.0,22.705
52902,0.0,0.0,22.705
52903,0.0,0.0,22.705
52904,0.0,0.0,22.705
52905,0.0,0.0,22.705
52906,0.0,0.0,22.705
52907,0.0,0.0,22.705
52908,-146.0,146.0,22.705
52909,-1613.0,1613.0,22.695
52910,0.0,0.0,22.695
52911,0.0,0.0,22.695
52912,0.0,0.0,22.695
52913,0.0,0.0,22.695
52914,-2784.0,2784.0,22.685
52915,0.0,0.0,22.685
52916,0.0,0.0,22.685
52917,0.0,0.0,22.685
52918,0.0,0.0,22.685
52919,1452.0,1652.0,22.695
52920,-545.0,545.0,22.685
52921,0.0,0.0,22.685
52922,0.0,0.0,22.685
52923,0.0,0.0,22.685
52924,0.0,0.0,22.685
52925,0.0,0.0,22.685
52926,0.0,0.0,22.685
52927,0.0,0.0,22.685
52928,500.0,500.0,22.685
52929,0.0,0.0,22.685
52930,0.0,0.0,22.685
52931,0.0,0.0,22.685
52932,19826.0,37746.0,22.725
52933,-1650.0,1650.0,22.715
52934,0.0,0.0,22.715
52935,0.0,0.0,22.715
52936,0.0,0.0,22.715
52937,0.0,0.0,22.715
52938,0.0,0.0,22.715
52939,-326.0,1574.0,22.725
52940,-4707.0,4707.0,22.715
52941,0.0,0.0,22.715
52942,0.0,0.0,22.715
52943,0.0,0.0,22.715
52944,0.0,0.0,22.715
52945,0.0,0.0,22.715
52946,0.0,0.0,22.715
52947,0.0,0.0,22.715
52948,0.0,0.0,22.715
52949,0.0,0.0,22.715
52950,0.0,0.0,22.715
52951,0.0,0.0,22.715
52952,0.0,0.0,22.715
52953,0.0,0.0,22.715
52954,0.0,0.0,22.715
52955,0.0,0.0,22.715
52956,0.0,0.0,22.715
52957,0.0,0.0,22.715
52958,0.0,0.0,22.715
52959,-400.0,400.0,22.715
52960,0.0,0.0,22.715
52961,0.0,0.0,22.715
52962,-502.0,502.0,22.705
52963,0.0,0.0,22.705
52964,0.0,0.0,22.705
52965,-171.0,171.0,22.695
52966,-300.0,300.0,22.695
52967,582.0,582.0,22.705
52968,0.0,0.0,22.705
52969,0.0,0.0,22.705
52970,0.0,0.0,22.705
52971,0.0,0.0,22.705
52972,0.0,0.0,22.705
52973,0.0,0.0,22.705
52974,0.0,0.0,22.705
52975,0.0,0.0,22.705
52976,0.0,0.0,22.705
52977,0.0,0.0,22.705
52978,0.0,0.0,22.705
52979,0.0,0.0,22.705
52980,-1453.0,1453.0,22.705
52981,0.0,0.0,22.705
52982,0.0,0.0,22.705
52983,0.0,0.0,22.705
52984,0.0,0.0,22.705
52985,0.0,0.0,22.705
52986,0.0,0.0,22.705
52987,0.0,0.0,22.705
52988,0.0,0.0,22.705
52989,0.0,0.0,22.705
52990,0.0,0.0,22.705
52991,0.0,0.0,22.705
52992,-350.0,350.0,22.705
52993,0.0,0.0,22.705
52994,0.0,0.0,22.705
52995,0.0,0.0,22.705
52996,0.0,0.0,22.705
52997,1516.0,1516.0,22.715
52998,800.0,800.0,22.725
52999,0.0,0.0,22.725
53000,0.0,0.0,22.725
53001,445.0,445.0,22.735
53002,0.0,0.0,22.735
53003,0.0,0.0,22.735
53004,0.0,0.0,22.735
53005,0.0,0.0,22.735
53006,0.0,0.0,22.735
53007,0.0,0.0,22.735
53008,0.0,0.0,22.735
53009,0.0,0.0,22.735
53010,0.0,0.0,22.735
53011,0.0,0.0,22.735
53012,-2301.0,3309.0,22.735
53013,901.0,901.0,22.745
53014,0.0,0.0,22.745
53015,0.0,0.0,22.745
53016,0.0,0.0,22.745
53017,0.0,0.0,22.745
53018,0.0,0.0,22.745
53019,0.0,0.0,22.745
53020,0.0,0.0,22.745
53021,0.0,0.0,22.745
53022,6218.0,7038.0,22.745
53023,0.0,0.0,22.745
53024,0.0,0.0,22.745
53025,0.0,0.0,22.745
53026,0.0,0.0,22.745
53028,0.0,0.0,22.745
53029,0.0,0.0,22.745
53032,0.0,0.0,22.745
53033,0.0,0.0,22.745
53035,0.0,0.0,22.745
53036,0.0,0.0,22.745
53037,0.0,0.0,22.745
53038,0.0,0.0,22.745
53039,0.0,0.0,22.745
53040,0.0,0.0,22.745
53041,0.0,0.0,22.745
53042,0.0,0.0,22.745
53043,0.0,0.0,22.745
53044,0.0,0.0,22.745
53045,0.0,0.0,22.745
53046,0.0,0.0,22.745
53047,0.0,0.0,22.745
53048,0.0,0.0,22.745
53049,0.0,0.0,22.745
53050,0.0,0.0,22.745
53051,0.0,0.0,22.745
53052,0.0,0.0,22.745
53053,0.0,0.0,22.745
53054,-1065.0,1065.0,22.735
53055,0.0,0.0,22.735
53056,0.0,0.0,22.735
53057,0.0,0.0,22.735
53058,0.0,0.0,22.735
53059,0.0,0.0,22.735
53060,0.0,0.0,22.735
53061,0.0,0.0,22.735
53062,0.0,0.0,22.735
53063,0.0,0.0,22.735
53064,0.0,0.0,22.735
53065,0.0,0.0,22.735
53066,0.0,0.0,22.735
53067,0.0,0.0,22.735
53068,0.0,0.0,22.735
53069,0.0,0.0,22.735
53070,0.0,0.0,22.735
53071,0.0,0.0,22.735
53072,600.0,600.0,22.745
53073,0.0,0.0,22.745
53074,0.0,0.0,22.745
53075,0.0,0.0,22.745
53076,0.0,0.0,22.745
53077,0.0,0.0,22.745
53079,0.0,0.0,22.745
53080,0.0,0.0,22.745
53081,0.0,0.0,22.745
53082,-2604.0,2604.0,22.735
53083,0.0,0.0,22.735
53084,0.0,0.0,22.735
53085,0.0,0.0,22.735
53086,0.0,0.0,22.735
53087,0.0,0.0,22.735
53088,0.0,0.0,22.735
53089,0.0,0.0,22.735
53090,0.0,0.0,22.735
53091,0.0,0.0,22.735
53092,0.0,0.0,22.735
53093,0.0,0.0,22.735
53094,0.0,0.0,22.735
53095,0.0,0.0,22.735
53096,0.0,0.0,22.735
53097,0.0,0.0,22.735
53098,0.0,0.0,22.735
53099,0.0,0.0,22.735
53100,560.0,560.0,22.745
53101,0.0,0.0,22.745
53102,0.0,0.0,22.745
53103,0.0,0.0,22.745
53104,0.0,0.0,22.745
53106,0.0,0.0,22.745
53107,0.0,0.0,22.745
53108,0.0,0.0,22.745
53109,0.0,0.0,22.745
53110,0.0,0.0,22.745
53111,0.0,0.0,22.745
53112,0.0,0.0,22.745
53113,0.0,0.0,22.745
53114,0.0,0.0,22.745
53115,0.0,0.0,22.745
53116,0.0,0.0,22.745
53117,0.0,0.0,22.745
53118,0.0,0.0,22.745
53119,0.0,0.0,22.745
53120,5234.0,5234.0,22.755
53121,0.0,0.0,22.755
53122,0.0,0.0,22.755
53123,0.0,0.0,22.755
53125,0.0,0.0,22.755
53126,0.0,0.0,22.755
53127,0.0,0.0,22.755
53128,0.0,0.0,22.755
53129,0.0,0.0,22.755
53130,0.0,0.0,22.755
53131,0.0,0.0,22.755
53132,0.0,0.0,22.755
53133,0.0,0.0,22.755
53134,-2329.0,2729.0,22.755
53135,-504.0,504.0,22.745
53136,0.0,0.0,22.745
53137,0.0,0.0,22.745
53138,0.0,0.0,22.745
53139,0.0,0.0,22.745
53140,0.0,0.0,22.745
53141,0.0,0.0,22.745
53142,0.0,0.0,22.745
53143,0.0,0.0,22.745
53144,0.0,0.0,22.745
53145,0.0,0.0,22.745
53146,0.0,0.0,22.745
53147,0.0,0.0,22.745
53148,0.0,0.0,22.745
53149,-664.0,664.0,22.735
53150,0.0,0.0,22.735
53151,0.0,0.0,22.735
53152,0.0,0.0,22.735
53153,0.0,0.0,22.735
53154,0.0,0.0,22.735
53155,0.0,0.0,22.735
53156,0.0,0.0,22.735
53157,0.0,0.0,22.735
53158,0.0,0.0,22.735
53159,0.0,0.0,22.735
53160,0.0,0.0,22.735
53161,0.0,0.0,22.735
53162,0.0,0.0,22.735
53163,0.0,0.0,22.735
53164,0.0,0.0,22.735
53165,0.0,0.0,22.735
53166,0.0,0.0,22.735
53167,-1367.0,1369.0,22.725
53168,0.0,0.0,22.725
53169,0.0,0.0,22.725
53170,0.0,0.0,22.725
53171,0.0,0.0,22.725
53172,0.0,0.0,22.725
53173,0.0,0.0,22.725
53174,0.0,0.0,22.725
53175,0.0,0.0,22.725
53176,0.0,0.0,22.725
53177,0.0,0.0,22.725
53178,0.0,0.0,22.725
53179,0.0,0.0,22.725
53180,0.0,0.0,22.725
53181,0.0,0.0,22.725
53182,0.0,0.0,22.725
53183,0.0,0.0,22.725
53184,0.0,0.0,22.725
53185,0.0,0.0,22.725
53186,0.0,0.0,22.725
53187,0.0,0.0,22.725
53188,0.0,0.0,22.725
53189,0.0,0.0,22.725
53190,0.0,0.0,22.725
53191,0.0,0.0,22.725
53192,0.0,0.0,22.725
53193,0.0,0.0,22.725
53194,0.0,0.0,22.725
53195,0.0,0.0,22.725
53196,377.0,2333.0,22.735
53197,0.0,0.0,22.735
53198,0.0,0.0,22.735
53199,0.0,0.0,22.735
53200,0.0,0.0,22.735
53201,0.0,0.0,22.735
53202,0.0,0.0,22.735
53203,0.0,0.0,22.735
53204,0.0,0.0,22.735
53205,0.0,0.0,22.735
53206,0.0,0.0,22.735
53207,0.0,0.0,22.735
53208,0.0,0.0,22.735
53209,0.0,0.0,22.735
53210,0.0,0.0,22.735
53211,0.0,0.0,22.735
53212,0.0,0.0,22.735
53213,0.0,0.0,22.735
53214,0.0,0.0,22.735
53215,0.0,0.0,22.735
53216,0.0,0.0,22.735
53217,0.0,0.0,22.735
53218,0.0,0.0,22.735
53219,0.0,0.0,22.735
53220,0.0,0.0,22.735
53221,0.0,0.0,22.735
53222,0.0,0.0,22.735
53223,0.0,0.0,22.735
53224,0.0,0.0,22.735
53225,0.0,0.0,22.735
53226,0.0,0.0,22.735
53227,0.0,0.0,22.735
53228,0.0,0.0,22.735
53229,0.0,0.0,22.735
53230,0.0,0.0,22.735
53231,0.0,0.0,22.735
53232,0.0,0.0,22.735
53233,0.0,0.0,22.735
53234,0.0,0.0,22.735
53235,-2206.0,2206.0,22.725
53236,0.0,0.0,22.725
53237,0.0,0.0,22.725
53238,0.0,0.0,22.725
53239,0.0,0.0,22.725
53240,0.0,0.0,22.725
53241,0.0,0.0,22.725
53242,0.0,0.0,22.725
53243,0.0,0.0,22.725
53244,0.0,0.0,22.725
53245,-1103.0,1103.0,22.715
53246,0.0,0.0,22.715
53247,0.0,0.0,22.715
53248,0.0,0.0,22.715
53249,0.0,0.0,22.715
53250,0.0,0.0,22.715
53251,0.0,0.0,22.715
53252,0.0,0.0,22.715
53253,0.0,0.0,22.715
53254,0.0,0.0,22.715
53255,0.0,0.0,22.715
53256,0.0,0.0,22.715
53257,0.0,0.0,22.715
53258,0.0,0.0,22.715
53259,0.0,0.0,22.715
53260,0.0,0.0,22.715
53261,0.0,0.0,22.715
53262,0.0,0.0,22.715
53263,0.0,0.0,22.715
53264,-6.0,6.0,22.715
53265,0.0,0.0,22.715
53266,0.0,0.0,22.715
53269,0.0,0.0,22.715
53270,0.0,0.0,22.715
53271,0.0,0.0,22.715
53272,0.0,0.0,22.715
53273,0.0,0.0,22.715
53274,-2646.0,2646.0,22.705
53275,0.0,0.0,22.705
53276,0.0,0.0,22.705
53277,0.0,0.0,22.705
53278,0.0,0.0,22.705
53279,0.0,0.0,22.705
53280,0.0,0.0,22.705
53281,0.0,0.0,22.705
53282,0.0,0.0,22.705
53283,0.0,0.0,22.705
53284,0.0,0.0,22.705
53286,0.0,0.0,22.705
53287,0.0,0.0,22.705
53288,0.0,0.0,22.705
53289,0.0,0.0,22.705
53290,3336.0,3336.0,22.715
53291,0.0,0.0,22.715
53292,0.0,0.0,22.715
53293,0.0,0.0,22.715
53294,0.0,0.0,22.715
53295,0.0,0.0,22.715
53296,0.0,0.0,22.715
53297,0.0,0.0,22.715
53298,-403.0,403.0,22.705
53299,0.0,0.0,22.705
53300,0.0,0.0,22.705
53301,0.0,0.0,22.705
53302,1016.0,1016.0,22.705
53303,0.0,0.0,22.705
53304,0.0,0.0,22.705
53305,0.0,0.0,22.705
53306,0.0,0.0,22.705
53307,0.0,0.0,22.705
53308,0.0,0.0,22.705
53309,0.0,0.0,22.705
53310,0.0,0.0,22.705
53311,0.0,0.0,22.705
53312,0.0,0.0,22.705
53314,0.0,0.0,22.705
53315,0.0,0.0,22.705
53316,0.0,0.0,22.705
53318,0.0,0.0,22.705
53320,0.0,0.0,22.705
53321,0.0,0.0,22.705
53322,0.0,0.0,22.705
53323,0.0,0.0,22.705
53324,0.0,0.0,22.705
53325,0.0,0.0,22.705
53326,0.0,0.0,22.705
53327,0.0,0.0,22.705
53328,0.0,0.0,22.705
53329,0.0,0.0,22.705
53330,0.0,0.0,22.705
53331,0.0,0.0,22.705
53332,0.0,0.0,22.705
53333,0.0,0.0,22.705
53334,0.0,0.0,22.705
53335,0.0,0.0,22.705
53336,0.0,0.0,22.705
53337,0.0,0.0,22.705
53338,0.0,0.0,22.705
53339,0.0,0.0,22.705
53340,0.0,0.0,22.705
53341,0.0,0.0,22.705
53342,0.0,0.0,22.705
53343,0.0,0.0,22.705
53344,0.0,0.0,22.705
53346,0.0,0.0,22.705
53347,0.0,0.0,22.705
53348,0.0,0.0,22.705
53349,0.0,0.0,22.705
53351,0.0,0.0,22.705
53352,0.0,0.0,22.705
53353,0.0,0.0,22.705
53354,0.0,0.0,22.705
53355,0.0,0.0,22.705
53356,0.0,0.0,22.705
53357,0.0,0.0,22.705
53358,0.0,0.0,22.705
53359,0.0,0.0,22.705
53360,0.0,0.0,22.705
53361,2836.0,2836.0,22.705
53362,0.0,0.0,22.705
53363,0.0,0.0,22.705
53364,0.0,0.0,22.705
53365,0.0,0.0,22.705
53366,0.0,0.0,22.705
53367,-1429.0,6429.0,22.695
53368,0.0,0.0,22.695
53369,0.0,0.0,22.705
53370,0.0,0.0,22.705
53371,0.0,0.0,22.705
53372,0.0,0.0,22.705
53373,0.0,0.0,22.705
53374,0.0,0.0,22.705
53375,0.0,0.0,22.705
53376,0.0,0.0,22.705
53377,0.0,0.0,22.705
53378,0.0,0.0,22.705
53379,0.0,0.0,22.705
53380,0.0,0.0,22.705
53381,-6710.0,10266.0,22.715
53382,0.0,0.0,22.715
53383,-400.0,400.0,22.705
53384,0.0,0.0,22.705
53385,0.0,0.0,22.705
53386,0.0,0.0,22.705
53387,0.0,0.0,22.705
53388,0.0,0.0,22.705
53389,-501.0,501.0,22.695
53390,0.0,0.0,22.695
53392,0.0,0.0,22.695
53393,0.0,0.0,22.695
53394,0.0,0.0,22.695
53395,0.0,0.0,22.695
53396,0.0,0.0,22.695
53397,0.0,0.0,22.695
53398,0.0,0.0,22.695
53400,800.0,800.0,22.705
53401,0.0,0.0,22.705
53402,0.0,0.0,22.705
53403,0.0,0.0,22.705
53404,0.0,0.0,22.705
53405,0.0,0.0,22.705
53406,0.0,0.0,22.705
53407,0.0,0.0,22.705
53408,0.0,0.0,22.705
53409,0.0,0.0,22.705
53410,0.0,0.0,22.705
53411,-627.0,627.0,22.695
53412,0.0,0.0,22.695
53413,1380.0,1380.0,22.705
53414,0.0,0.0,22.705
53415,0.0,0.0,22.705
53416,0.0,0.0,22.705
53417,0.0,0.0,22.705
53418,0.0,0.0,22.705
53419,0.0,0.0,22.705
53420,0.0,0.0,22.705
53421,0.0,0.0,22.705
53422,6471.0,6471.0,22.715
53423,0.0,0.0,22.715
53424,0.0,0.0,22.715
53425,0.0,0.0,22.715
53426,3511.0,4111.0,22.715
53427,1029.0,1229.0,22.715
53428,0.0,0.0,22.715
53429,0.0,0.0,22.715
53430,0.0,0.0,22.715
53431,0.0,0.0,22.715
53432,0.0,0.0,22.715
53433,0.0,0.0,22.715
53434,0.0,0.0,22.715
53435,0.0,0.0,22.715
53436,0.0,0.0,22.715
53437,0.0,0.0,22.715
53438,0.0,0.0,22.715
53439,0.0,0.0,22.715
53440,0.0,0.0,22.715
53441,0.0,0.0,22.715
53442,0.0,0.0,22.715
53443,0.0,0.0,22.715
53444,0.0,0.0,22.715
53445,0.0,0.0,22.715
53446,0.0,0.0,22.715
53447,0.0,0.0,22.715
53448,0.0,0.0,22.715
53449,0.0,0.0,22.715
53450,0.0,0.0,22.715
53451,0.0,0.0,22.715
53452,0.0,0.0,22.715
53453,0.0,0.0,22.715
53454,0.0,0.0,22.715
53455,0.0,0.0,22.715
53456,0.0,0.0,22.715
53457,0.0,0.0,22.715
53458,0.0,0.0,22.715
53459,0.0,0.0,22.715
53460,0.0,0.0,22.715
53461,0.0,0.0,22.715
53462,0.0,0.0,22.715
53463,391.0,391.0,22.725
53464,0.0,0.0,22.725
53465,0.0,0.0,22.725
53466,0.0,0.0,22.725
53467,0.0,0.0,22.725
53468,0.0,0.0,22.725
53469,0.0,0.0,22.725
53470,0.0,0.0,22.725
53471,-2810.0,2810.0,22.715
53472,0.0,0.0,22.715
53473,744.0,744.0,22.725
53474,0.0,0.0,22.725
53475,0.0,0.0,22.725
53476,0.0,0.0,22.725
53477,0.0,0.0,22.725
53478,0.0,0.0,22.725
53479,0.0,0.0,22.725
53480,0.0,0.0,22.725
53481,0.0,0.0,22.725
53482,0.0,0.0,22.725
53483,0.0,0.0,22.725
53484,0.0,0.0,22.725
53485,0.0,0.0,22.725
53486,-59.0,59.0,22.725
53487,-500.0,500.0,22.725
53488,0.0,0.0,22.725
53489,0.0,0.0,22.725
53490,0.0,0.0,22.725
53491,0.0,0.0,22.725
53492,0.0,0.0,22.725
53493,0.0,0.0,22.725
53494,0.0,0.0,22.725
53495,0.0,0.0,22.725
53496,0.0,0.0,22.725
53497,0.0,0.0,22.725
53498,0.0,0.0,22.725
53499,0.0,0.0,22.725
53500,0.0,0.0,22.725
53501,0.0,0.0,22.725
53502,0.0,0.0,22.725
53503,0.0,0.0,22.725
53504,0.0,0.0,22.725
53505,0.0,0.0,22.725
53506,0.0,0.0,22.725
53507,0.0,0.0,22.725
53508,0.0,0.0,22.725
53509,0.0,0.0,22.725
53510,0.0,0.0,22.725
53511,0.0,0.0,22.725
53513,-1001.0,1001.0,22.715
53514,0.0,0.0,22.715
53515,0.0,0.0,22.715
53516,0.0,0.0,22.715
53517,0.0,0.0,22.715
53518,0.0,0.0,22.715
53519,0.0,0.0,22.715
53520,0.0,0.0,22.715
53521,0.0,0.0,22.715
53522,0.0,0.0,22.715
53523,1200.0,1200.0,22.725
53524,0.0,0.0,22.725
53526,0.0,0.0,22.725
53527,2826.0,2826.0,22.735
53528,0.0,0.0,22.735
53529,0.0,0.0,22.735
53530,0.0,0.0,22.735
53531,0.0,0.0,22.735
53532,0.0,0.0,22.735
53533,0.0,0.0,22.735
53535,0.0,0.0,22.735
53536,0.0,0.0,22.735
53538,0.0,0.0,22.735
53539,-1792.0,1792.0,22.725
53540,0.0,0.0,22.725
53541,0.0,0.0,22.725
53542,0.0,0.0,22.725
53543,0.0,0.0,22.725
53544,0.0,0.0,22.725
53545,-1906.0,1906.0,22.715
53546,0.0,0.0,22.715
53547,0.0,0.0,22.715
53549,0.0,0.0,22.715
53550,0.0,0.0,22.715
53551,0.0,0.0,22.715
53552,0.0,0.0,22.715
53553,0.0,0.0,22.715
53554,0.0,0.0,22.715
53556,0.0,0.0,22.715
53557,0.0,0.0,22.715
53558,-2408.0,2408.0,22.705
53559,0.0,0.0,22.705
53560,0.0,0.0,22.705
53561,0.0,0.0,22.705
53562,0.0,0.0,22.705
53563,0.0,0.0,22.705
53565,0.0,0.0,22.705
53566,0.0,0.0,22.705
53567,0.0,0.0,22.705
53568,0.0,0.0,22.705
53569,-1552.0,1552.0,22.695
53570,0.0,0.0,22.695
53571,0.0,0.0,22.695
53572,0.0,0.0,22.695
53573,0.0,0.0,22.695
53574,0.0,0.0,22.695
53575,0.0,0.0,22.695
53576,0.0,0.0,22.695
53577,2420.0,2420.0,22.695
53578,0.0,0.0,22.695
53579,0.0,0.0,22.695
53580,0.0,0.0,22.695
53581,0.0,0.0,22.695
53582,0.0,0.0,22.695
53583,0.0,0.0,22.695
53584,0.0,0.0,22.695
53585,0.0,0.0,22.695
53586,0.0,0.0,22.695
53587,0.0,0.0,22.695
53589,0.0,0.0,22.695
53590,0.0,0.0,22.695
53591,0.0,0.0,22.695
53592,0.0,0.0,22.695
53593,0.0,0.0,22.695
53594,0.0,0.0,22.695
53595,0.0,0.0,22.695
53596,0.0,0.0,22.695
53597,0.0,0.0,22.695
53598,0.0,0.0,22.695
53599,0.0,0.0,22.695
53600,0.0,0.0,22.695
53601,0.0,0.0,22.695
53602,0.0,0.0,22.695
53603,0.0,0.0,22.695
53604,0.0,0.0,22.695
53605,0.0,0.0,22.695
53606,0.0,0.0,22.695
53608,0.0,0.0,22.695
53609,0.0,0.0,22.695
53610,0.0,0.0,22.695
53611,0.0,0.0,22.695
53612,0.0,0.0,22.695
53613,0.0,0.0,22.695
53614,0.0,0.0,22.695
53616,0.0,0.0,22.695
53617,0.0,0.0,22.695
53618,0.0,0.0,22.695
53619,0.0,0.0,22.695
53620,0.0,0.0,22.695
53622,0.0,0.0,22.695
53623,0.0,0.0,22.695
53624,-1684.0,1684.0,22.685
53625,0.0,0.0,22.685
53626,0.0,0.0,22.685
53627,0.0,0.0,22.685
53628,0.0,0.0,22.685
53629,0.0,0.0,22.685
53630,0.0,0.0,22.685
53631,0.0,0.0,22.685
53632,0.0,0.0,22.685
53633,-971.0,971.0,22.675
53634,-5.0,5.0,22.675
53635,0.0,0.0,22.675
53636,0.0,0.0,22.675
53637,0.0,0.0,22.675
53638,0.0,0.0,22.675
53639,0.0,0.0,22.675
53640,0.0,0.0,22.675
53641,0.0,0.0,22.675
53642,-353.0,353.0,22.665
53643,0.0,0.0,22.665
53644,0.0,0.0,22.665
53645,0.0,0.0,22.665
53646,0.0,0.0,22.665
53647,0.0,0.0,22.665
53648,0.0,0.0,22.665
53649,0.0,0.0,22.665
53650,0.0,0.0,22.665
53651,0.0,0.0,22.665
53652,2488.0,2488.0,22.675
53653,0.0,0.0,22.675
53654,0.0,0.0,22.675
53655,-500.0,500.0,22.665
53656,0.0,0.0,22.665
53657,0.0,0.0,22.665
53658,0.0,0.0,22.665
53659,0.0,0.0,22.665
53660,0.0,0.0,22.665
53661,0.0,0.0,22.665
53662,0.0,0.0,22.665
53663,0.0,0.0,22.665
53664,0.0,0.0,22.665
53665,-853.0,853.0,22.665
53666,-1524.0,1524.0,22.655
53667,0.0,0.0,22.655
53668,-7078.0,9516.0,22.655
53669,0.0,0.0,22.655
53670,0.0,0.0,22.655
53671,0.0,0.0,22.655
53672,0.0,0.0,22.655
53673,0.0,0.0,22.655
53674,0.0,0.0,22.655
53675,2029.0,2029.0,22.665
53676,0.0,0.0,22.665
53677,0.0,0.0,22.665
53678,0.0,0.0,22.665
53679,0.0,0.0,22.665
53680,0.0,0.0,22.665
53681,0.0,0.0,22.665
53682,0.0,0.0,22.665
53683,0.0,0.0,22.665
53684,0.0,0.0,22.665
53685,965.0,965.0,22.675
53686,0.0,0.0,22.675
53687,0.0,0.0,22.675
53688,0.0,0.0,22.675
53689,0.0,0.0,22.675
53690,0.0,0.0,22.675
53691,0.0,0.0,22.675
53692,0.0,0.0,22.675
53693,0.0,0.0,22.675
53694,2000.0,2000.0,22.685
53695,0.0,0.0,22.685
53696,0.0,0.0,22.685
53697,0.0,0.0,22.685
53698,0.0,0.0,22.685
53699,0.0,0.0,22.685
53700,0.0,0.0,22.685
53701,0.0,0.0,22.685
53702,0.0,0.0,22.685
53703,778.0,778.0,22.695
53704,0.0,0.0,22.695
53705,0.0,0.0,22.695
53706,3905.0,3905.0,22.695
53707,0.0,0.0,22.695
53708,0.0,0.0,22.705
53709,0.0,0.0,22.705
53710,0.0,0.0,22.705
53711,0.0,0.0,22.705
53713,0.0,0.0,22.705
53714,0.0,0.0,22.705
53715,0.0,0.0,22.705
53716,0.0,0.0,22.705
53717,626.0,626.0,22.715
53718,0.0,0.0,22.715
53719,0.0,0.0,22.715
53720,0.0,0.0,22.715
53721,0.0,0.0,22.715
53722,0.0,0.0,22.715
53723,-2299.0,2299.0,22.705
53724,0.0,0.0,22.705
53725,0.0,0.0,22.705
53726,0.0,0.0,22.705
53727,0.0,0.0,22.705
53728,0.0,0.0,22.705
53729,0.0,0.0,22.705
53730,0.0,0.0,22.705
53731,0.0,0.0,22.705
53732,0.0,0.0,22.705
53733,0.0,0.0,22.705
53734,0.0,0.0,22.705
53735,792.0,792.0,22.715
53736,0.0,0.0,22.715
53737,0.0,0.0,22.715
53738,0.0,0.0,22.715
53739,0.0,0.0,22.715
53740,0.0,0.0,22.715
53741,0.0,0.0,22.715
53742,0.0,0.0,22.715
53743,1601.0,1601.0,22.725
53744,0.0,0.0,22.725
53745,0.0,0.0,22.725
53746,0.0,0.0,22.725
53747,0.0,0.0,22.725
53748,0.0,0.0,22.725
53749,0.0,0.0,22.725
53750,0.0,0.0,22.725
53751,0.0,0.0,22.725
53752,0.0,0.0,22.725
53753,0.0,0.0,22.725
53754,0.0,0.0,22.725
53755,0.0,0.0,22.725
53756,0.0,0.0,22.725
53757,0.0,0.0,22.725
53758,0.0,0.0,22.725
53759,0.0,0.0,22.725
53760,0.0,0.0,22.725
53761,0.0,0.0,22.725
53762,0.0,0.0,22.725
53763,0.0,0.0,22.725
53764,0.0,0.0,22.725
53765,0.0,0.0,22.725
53766,0.0,0.0,22.725
53767,0.0,0.0,22.725
53768,0.0,0.0,22.725
53769,0.0,0.0,22.725
53770,0.0,0.0,22.725
53771,0.0,0.0,22.725
53772,0.0,0.0,22.725
53773,0.0,0.0,22.725
53774,0.0,0.0,22.725
53775,0.0,0.0,22.725
53776,0.0,0.0,22.725
53777,0.0,0.0,22.725
53778,0.0,0.0,22.725
53779,0.0,0.0,22.725
53780,0.0,0.0,22.725
53782,0.0,0.0,22.725
53783,0.0,0.0,22.725
53785,0.0,0.0,22.725
53786,0.0,0.0,22.725
53787,0.0,0.0,22.725
53788,0.0,0.0,22.725
53790,0.0,0.0,22.725
53791,0.0,0.0,22.725
53792,0.0,0.0,22.725
53793,0.0,0.0,22.725
53794,0.0,0.0,22.725
53795,0.0,0.0,22.725
53796,0.0,0.0,22.725
53798,0.0,0.0,22.725
53799,0.0,0.0,22.725
53800,0.0,0.0,22.725
53801,0.0,0.0,22.725
53802,0.0,0.0,22.725
53803,0.0,0.0,22.725
53805,0.0,0.0,22.725
53806,0.0,0.0,22.725
53807,0.0,0.0,22.725
53808,0.0,0.0,22.725
53809,0.0,0.0,22.725
53810,0.0,0.0,22.725
53811,0.0,0.0,22.725
53812,0.0,0.0,22.725
53813,0.0,0.0,22.725
53814,0.0,0.0,22.725
53815,0.0,0.0,22.725
53816,1699.0,1899.0,22.735
53817,0.0,0.0,22.735
53818,0.0,0.0,22.735
53819,0.0,0.0,22.735
53820,0.0,0.0,22.735
53821,0.0,0.0,22.735
53822,0.0,0.0,22.735
53823,0.0,0.0,22.735
53824,0.0,0.0,22.735
53825,0.0,0.0,22.735
53826,0.0,0.0,22.735
53827,0.0,0.0,22.735
53829,5625.0,5625.0,22.745
53830,0.0,0.0,22.745
53831,0.0,0.0,22.745
53832,0.0,0.0,22.745
53833,0.0,0.0,22.745
53834,0.0,0.0,22.745
53835,0.0,0.0,22.745
53836,0.0,0.0,22.745
53837,0.0,0.0,22.745
53838,0.0,0.0,22.745
53839,0.0,0.0,22.745
53840,0.0,0.0,22.745
53841,0.0,0.0,22.745
53842,0.0,0.0,22.745
53843,0.0,0.0,22.745
53844,0.0,0.0,22.745
53845,0.0,0.0,22.745
53846,0.0,0.0,22.745
53847,0.0,0.0,22.745
53848,0.0,0.0,22.745
53849,0.0,0.0,22.745
53850,0.0,0.0,22.745
53851,0.0,0.0,22.745
53852,0.0,0.0,22.745
53853,0.0,0.0,22.745
53854,0.0,0.0,22.745
53855,0.0,0.0,22.745
53856,0.0,0.0,22.745
53857,0.0,0.0,22.745
53858,0.0,0.0,22.745
53859,0.0,0.0,22.745
53860,0.0,0.0,22.745
53861,0.0,0.0,22.745
53862,0.0,0.0,22.745
53863,0.0,0.0,22.745
53864,0.0,0.0,22.745
53865,0.0,0.0,22.745
53866,0.0,0.0,22.745
53867,0.0,0.0,22.745
53868,0.0,0.0,22.745
53869,0.0,0.0,22.745
53870,0.0,0.0,22.745
53871,0.0,0.0,22.745
53872,0.0,0.0,22.745
53874,0.0,0.0,22.745
53875,0.0,0.0,22.745
53876,0.0,0.0,22.745
53877,0.0,0.0,22.745
53878,0.0,0.0,22.745
53879,0.0,0.0,22.745
53880,0.0,0.0,22.745
53881,0.0,0.0,22.745
53882,0.0,0.0,22.745
53883,0.0,0.0,22.745
53884,0.0,0.0,22.745
53885,0.0,0.0,22.745
53886,0.0,0.0,22.745
53887,0.0,0.0,22.745
53888,0.0,0.0,22.745
53889,0.0,0.0,22.745
53890,0.0,0.0,22.745
53891,0.0,0.0,22.745
53892,0.0,0.0,22.745
53893,0.0,0.0,22.745
53894,-3392.0,7188.0,22.755
53895,0.0,0.0,22.755
53896,-1785.0,1785.0,22.745
53897,0.0,0.0,22.745
53898,0.0,0.0,22.745
53899,0.0,0.0,22.745
53900,0.0,0.0,22.745
53901,0.0,0.0,22.745
53902,-741.0,9941.0,22.745
53903,0.0,0.0,22.745
53904,0.0,0.0,22.745
53905,0.0,0.0,22.745
53906,0.0,0.0,22.745
53907,0.0,0.0,22.745
53908,0.0,0.0,22.745
53909,0.0,0.0,22.745
53910,0.0,0.0,22.745
53912,0.0,0.0,22.745
53913,0.0,0.0,22.745
53914,0.0,0.0,22.745
53915,0.0,0.0,22.745
53916,0.0,0.0,22.745
53917,0.0,0.0,22.745
53918,0.0,0.0,22.745
53919,0.0,0.0,22.745
53920,0.0,0.0,22.745
53921,0.0,0.0,22.745
53922,0.0,0.0,22.745
53923,0.0,0.0,22.745
53924,0.0,0.0,22.745
53925,0.0,0.0,22.745
53926,0.0,0.0,22.745
53927,0.0,0.0,22.745
53928,0.0,0.0,22.745
53929,0.0,0.0,22.745
53930,0.0,0.0,22.745
53931,0.0,0.0,22.745
53932,0.0,0.0,22.745
53933,2.0,2.0,22.745
53934,0.0,0.0,22.745
53935,0.0,0.0,22.745
53936,0.0,0.0,22.745
53937,0.0,0.0,22.745
53938,0.0,0.0,22.745
53939,0.0,0.0,22.745
53940,0.0,0.0,22.745
53941,0.0,0.0,22.745
53942,0.0,0.0,22.745
53943,0.0,0.0,22.745
53944,0.0,0.0,22.745
53945,0.0,0.0,22.745
53946,0.0,0.0,22.745
53947,-2149.0,8507.0,22.745
53948,-13440.0,23540.0,22.745
53949,0.0,0.0,22.745
53950,0.0,0.0,22.745
53951,0.0,0.0,22.745
53952,0.0,0.0,22.745
53953,0.0,0.0,22.745
53954,0.0,0.0,22.745
53955,1.0,1.0,22.745
53956,0.0,0.0,22.745
53957,0.0,0.0,22.745
53958,0.0,0.0,22.745
53959,0.0,0.0,22.745
53960,0.0,0.0,22.745
53961,0.0,0.0,22.745
53962,0.0,0.0,22.745
53963,0.0,0.0,22.745
53965,0.0,0.0,22.745
53966,0.0,0.0,22.745
53967,0.0,0.0,22.745
53968,0.0,0.0,22.745
53969,0.0,0.0,22.745
53971,0.0,0.0,22.745
53972,0.0,0.0,22.745
53973,0.0,0.0,22.745
53974,0.0,0.0,22.745
53975,0.0,0.0,22.745
53976,0.0,0.0,22.745
53977,5878.0,5878.0,22.755
53978,0.0,0.0,22.755
53979,0.0,0.0,22.755
53980,0.0,0.0,22.755
53981,0.0,0.0,22.755
53982,0.0,0.0,22.755
53983,0.0,0.0,22.755
53984,0.0,0.0,22.755
53985,0.0,0.0,22.755
53986,0.0,0.0,22.755
53987,0.0,0.0,22.755
53988,0.0,0.0,22.755
53989,0.0,0.0,22.755
53990,0.0,0.0,22.755
53991,0.0,0.0,22.755
53992,0.0,0.0,22.755
53993,0.0,0.0,22.755
53994,0.0,0.0,22.755
53995,0.0,0.0,22.755
53996,0.0,0.0,22.755
53997,0.0,0.0,22.755
53998,0.0,0.0,22.755
53999,0.0,0.0,22.755
54000,0.0,0.0,22.755
54001,0.0,0.0,22.755
54002,0.0,0.0,22.755
54003,0.0,0.0,22.755
54004,0.0,0.0,22.755
54005,0.0,0.0,22.755
54006,0.0,0.0,22.755
54007,0.0,0.0,22.755
54008,0.0,0.0,22.755
54009,0.0,0.0,22.755
54010,0.0,0.0,22.755
54011,0.0,0.0,22.755
54012,0.0,0.0,22.755
54013,0.0,0.0,22.755
54014,0.0,0.0,22.755
54015,-10467.0,10469.0,22.725
54016,0.0,0.0,22.725
54017,0.0,0.0,22.725
54018,0.0,0.0,22.725
54019,0.0,0.0,22.725
54020,0.0,0.0,22.725
54021,0.0,0.0,22.725
54022,0.0,0.0,22.725
54023,0.0,0.0,22.725
54024,0.0,0.0,22.725
54025,0.0,0.0,22.725
54026,0.0,0.0,22.725
54027,0.0,0.0,22.725
54028,0.0,0.0,22.725
54029,0.0,0.0,22.725
54030,0.0,0.0,22.725
54031,0.0,0.0,22.725
54032,0.0,0.0,22.725
54033,0.0,0.0,22.725
54034,0.0,0.0,22.725
54035,0.0,0.0,22.725
54036,0.0,0.0,22.725
54037,0.0,0.0,22.725
54038,0.0,0.0,22.725
54039,0.0,0.0,22.725
54040,0.0,0.0,22.725
54041,0.0,0.0,22.725
54042,0.0,0.0,22.725
54043,0.0,0.0,22.725
54044,0.0,0.0,22.725
54045,0.0,0.0,22.725
54046,0.0,0.0,22.725
54047,0.0,0.0,22.725
54048,0.0,0.0,22.725
54049,-1236.0,1236.0,22.715
54050,0.0,0.0,22.715
54051,0.0,0.0,22.715
54052,0.0,0.0,22.715
54053,0.0,0.0,22.715
54054,0.0,0.0,22.715
54055,0.0,0.0,22.715
54056,0.0,0.0,22.715
54058,0.0,0.0,22.715
54059,0.0,0.0,22.715
54060,0.0,0.0,22.715
54061,0.0,0.0,22.715
54062,0.0,0.0,22.715
54063,0.0,0.0,22.715
54064,-22.0,22.0,22.715
54065,0.0,0.0,22.715
54066,0.0,0.0,22.715
54067,0.0,0.0,22.715
54068,0.0,0.0,22.715
54069,0.0,0.0,22.715
54070,0.0,0.0,22.715
54071,0.0,0.0,22.715
54072,0.0,0.0,22.715
54073,0.0,0.0,22.715
54074,0.0,0.0,22.715
54075,0.0,0.0,22.715
54076,0.0,0.0,22.715
54077,0.0,0.0,22.715
54078,0.0,0.0,22.715
54079,0.0,0.0,22.715
54080,0.0,0.0,22.715
54081,0.0,0.0,22.715
54082,4977.0,4977.0,22.725
54083,0.0,0.0,22.725
54084,0.0,0.0,22.725
54085,-1400.0,1400.0,22.715
54086,0.0,0.0,22.715
54087,-620.0,620.0,22.705
54088,0.0,0.0,22.705
54089,0.0,0.0,22.705
54090,0.0,0.0,22.705
54091,0.0,0.0,22.705
54092,0.0,0.0,22.705
54093,0.0,0.0,22.705
54094,0.0,0.0,22.705
54095,0.0,0.0,22.705
54096,0.0,0.0,22.705
54097,0.0,0.0,22.705
54098,0.0,0.0,22.705
54099,0.0,0.0,22.705
54100,0.0,0.0,22.705
54101,0.0,0.0,22.705
54102,0.0,0.0,22.705
54103,0.0,0.0,22.705
54104,0.0,0.0,22.705
54105,0.0,0.0,22.705
54106,0.0,0.0,22.705
54107,0.0,0.0,22.705
54108,0.0,0.0,22.705
54109,0.0,0.0,22.705
54110,0.0,0.0,22.705
54111,-830.0,830.0,22.705
54112,0.0,0.0,22.705
54113,0.0,0.0,22.705
54114,0.0,0.0,22.705
54115,0.0,0.0,22.705
54116,0.0,0.0,22.705
54117,0.0,0.0,22.705
54118,0.0,0.0,22.705
54119,0.0,0.0,22.705
54120,0.0,0.0,22.705
54121,0.0,0.0,22.705
54122,0.0,0.0,22.705
54123,0.0,0.0,22.705
54124,0.0,0.0,22.705
54125,0.0,0.0,22.705
54126,0.0,0.0,22.705
54127,0.0,0.0,22.705
54128,0.0,0.0,22.705
54129,0.0,0.0,22.705
54130,0.0,0.0,22.705
54131,-2490.0,2490.0,22.695
54132,0.0,0.0,22.695
54133,0.0,0.0,22.695
54134,0.0,0.0,22.695
54135,0.0,0.0,22.695
54136,0.0,0.0,22.695
54137,0.0,0.0,22.695
54138,0.0,0.0,22.695
54139,0.0,0.0,22.695
54140,0.0,0.0,22.695
54141,0.0,0.0,22.695
54142,0.0,0.0,22.695
54143,0.0,0.0,22.695
54144,0.0,0.0,22.695
54145,0.0,0.0,22.695
54146,5304.0,5304.0,22.705
54147,1.0,1.0,22.705
54148,0.0,0.0,22.705
54149,0.0,0.0,22.705
54150,0.0,0.0,22.705
54152,1400.0,1400.0,22.715
54153,0.0,0.0,22.715
54154,0.0,0.0,22.715
54155,0.0,0.0,22.715
54156,0.0,0.0,22.715
54157,0.0,0.0,22.715
54158,0.0,0.0,22.715
54159,0.0,0.0,22.715
54160,0.0,0.0,22.715
54161,0.0,0.0,22.715
54162,0.0,0.0,22.715
54163,0.0,0.0,22.715
54164,0.0,0.0,22.715
54165,0.0,0.0,22.715
54166,0.0,0.0,22.715
54167,0.0,0.0,22.715
54168,0.0,0.0,22.715
54169,0.0,0.0,22.715
54170,0.0,0.0,22.715
54171,0.0,0.0,22.715
54172,0.0,0.0,22.715
54173,0.0,0.0,22.715
54174,0.0,0.0,22.715
54175,0.0,0.0,22.715
54176,0.0,0.0,22.715
54177,0.0,0.0,22.715
54178,0.0,0.0,22.715
54179,0.0,0.0,22.715
54180,3930.0,3930.0,22.725
54181,0.0,0.0,22.725
54182,0.0,0.0,22.725
54183,0.0,0.0,22.725
54184,0.0,0.0,22.725
54185,0.0,0.0,22.725
54186,0.0,0.0,22.725
54187,0.0,0.0,22.725
54189,-3274.0,3274.0,22.715
54190,0.0,0.0,22.715
54191,0.0,0.0,22.715
54192,0.0,0.0,22.715
54193,0.0,0.0,22.715
54194,0.0,0.0,22.715
54195,4250.0,4250.0,22.725
54196,0.0,0.0,22.725
54197,0.0,0.0,22.725
54198,0.0,0.0,22.725
54199,600.0,600.0,22.735
54200,0.0,0.0,22.735
54201,-1019.0,1019.0,22.735
54202,0.0,0.0,22.735
54203,0.0,0.0,22.735
54204,0.0,0.0,22.735
54205,0.0,0.0,22.735
54206,0.0,0.0,22.735
54207,0.0,0.0,22.735
54208,0.0,0.0,22.735
54209,0.0,0.0,22.735
54210,0.0,0.0,22.735
54211,0.0,0.0,22.735
54212,0.0,0.0,22.735
54213,0.0,0.0,22.735
54214,0.0,0.0,22.735
54215,0.0,0.0,22.735
54216,0.0,0.0,22.735
54217,3.0,3.0,22.735
54218,0.0,0.0,22.735
54219,0.0,0.0,22.735
54220,0.0,0.0,22.735
54221,0.0,0.0,22.735
54222,0.0,0.0,22.735
54224,0.0,0.0,22.735
54226,0.0,0.0,22.735
54227,0.0,0.0,22.735
54229,4042.0,4042.0,22.745
54230,0.0,0.0,22.745
54231,0.0,0.0,22.745
54232,0.0,0.0,22.745
54233,0.0,0.0,22.745
54234,0.0,0.0,22.745
54235,0.0,0.0,22.745
54236,0.0,0.0,22.745
54237,0.0,0.0,22.745
54238,0.0,0.0,22.745
54239,0.0,0.0,22.745
54240,0.0,0.0,22.745
54241,0.0,0.0,22.745
54242,0.0,0.0,22.745
54243,0.0,0.0,22.745
54244,0.0,0.0,22.745
54245,0.0,0.0,22.745
54246,0.0,0.0,22.745
54247,0.0,0.0,22.745
54248,0.0,0.0,22.745
54249,0.0,0.0,22.745
54251,0.0,0.0,22.745
54252,0.0,0.0,22.745
54253,0.0,0.0,22.745
54254,0.0,0.0,22.745
54255,0.0,0.0,22.745
54256,0.0,0.0,22.745
54257,0.0,0.0,22.745
54258,0.0,0.0,22.745
54259,0.0,0.0,22.745
54260,0.0,0.0,22.745
54261,0.0,0.0,22.745
54262,0.0,0.0,22.745
54263,0.0,0.0,22.745
54264,0.0,0.0,22.745
54265,0.0,0.0,22.745
54266,0.0,0.0,22.745
54267,0.0,0.0,22.745
54268,0.0,0.0,22.745
54269,0.0,0.0,22.745
54270,0.0,0.0,22.745
54271,0.0,0.0,22.745
54272,0.0,0.0,22.745
54273,-300.0,300.0,22.745
54274,0.0,0.0,22.745
54275,0.0,0.0,22.745
54276,0.0,0.0,22.745
54277,0.0,0.0,22.745
54279,0.0,0.0,22.745
54280,0.0,0.0,22.745
54281,0.0,0.0,22.745
54283,146.0,146.0,22.745
54284,0.0,0.0,22.745
54285,0.0,0.0,22.745
54286,0.0,0.0,22.745
54287,0.0,0.0,22.745
54289,0.0,0.0,22.745
54290,0.0,0.0,22.745
54292,190.0,190.0,22.745
54293,0.0,0.0,22.745
54294,0.0,0.0,22.745
54295,0.0,0.0,22.745
54296,0.0,0.0,22.745
54297,0.0,0.0,22.745
54298,0.0,0.0,22.745
54299,0.0,0.0,22.745
54300,0.0,0.0,22.745
54301,0.0,0.0,22.745
54302,0.0,0.0,22.745
54303,0.0,0.0,22.745
54304,0.0,0.0,22.745
54305,0.0,0.0,22.745
54306,0.0,0.0,22.745
54307,0.0,0.0,22.745
54308,0.0,0.0,22.745
54309,0.0,0.0,22.745
54310,0.0,0.0,22.745
54311,0.0,0.0,22.745
54312,0.0,0.0,22.745
54313,0.0,0.0,22.745
54314,0.0,0.0,22.745
54315,-4578.0,4578.0,22.725
54316,0.0,0.0,22.725
54317,0.0,0.0,22.725
54318,0.0,0.0,22.725
54319,0.0,0.0,22.725
54320,0.0,0.0,22.725
54321,0.0,0.0,22.725
54322,0.0,0.0,22.725
54323,0.0,0.0,22.725
54324,0.0,0.0,22.725
54325,0.0,0.0,22.725
54326,0.0,0.0,22.725
54327,0.0,0.0,22.725
54328,0.0,0.0,22.725
54329,0.0,0.0,22.725
54330,0.0,0.0,22.725
54331,0.0,0.0,22.725
54332,0.0,0.0,22.725
54333,0.0,0.0,22.725
54334,0.0,0.0,22.725
54335,0.0,0.0,22.725
54336,0.0,0.0,22.725
54337,0.0,0.0,22.725
54338,0.0,0.0,22.725
54339,0.0,0.0,22.725
54340,0.0,0.0,22.725
54341,0.0,0.0,22.725
54342,0.0,0.0,22.725
54343,0.0,0.0,22.725
54344,0.0,0.0,22.725
54345,0.0,0.0,22.725
54346,0.0,0.0,22.725
54347,0.0,0.0,22.725
54348,0.0,0.0,22.725
54349,0.0,0.0,22.725
54350,0.0,0.0,22.725
54351,0.0,0.0,22.725
54352,0.0,0.0,22.725
54353,0.0,0.0,22.725
54354,0.0,0.0,22.725
54355,0.0,0.0,22.725
54356,0.0,0.0,22.725
54357,0.0,0.0,22.725
54358,0.0,0.0,22.725
54359,0.0,0.0,22.725
54360,0.0,0.0,22.725
54361,0.0,0.0,22.725
54362,0.0,0.0,22.725
54363,0.0,0.0,22.725
54364,0.0,0.0,22.725
54365,0.0,0.0,22.725
54366,0.0,0.0,22.725
54367,0.0,0.0,22.725
54368,0.0,0.0,22.725
54369,0.0,0.0,22.725
54370,0.0,0.0,22.725
54371,0.0,0.0,22.725
54372,0.0,0.0,22.725
54373,0.0,0.0,22.725
54374,0.0,0.0,22.725
54375,0.0,0.0,22.725
54376,0.0,0.0,22.725
54377,0.0,0.0,22.725
54378,0.0,0.0,22.725
54379,0.0,0.0,22.725
54380,0.0,0.0,22.725
54381,0.0,0.0,22.725
54382,0.0,0.0,22.725
54383,0.0,0.0,22.725
54384,0.0,0.0,22.725
54385,0.0,0.0,22.725
54386,0.0,0.0,22.725
54387,0.0,0.0,22.725
54388,0.0,0.0,22.725
54389,0.0,0.0,22.725
54390,0.0,0.0,22.725
54391,0.0,0.0,22.725
54392,0.0,0.0,22.725
54393,0.0,0.0,22.725
54394,0.0,0.0,22.725
54395,0.0,0.0,22.725
54396,0.0,0.0,22.725
54397,0.0,0.0,22.725
54398,-3207.0,3207.0,22.715
54399,0.0,0.0,22.715
54400,0.0,0.0,22.715
54401,0.0,0.0,22.715
54402,0.0,0.0,22.715
54403,0.0,0.0,22.715
54404,0.0,0.0,22.715
54405,0.0,0.0,22.715
54406,0.0,0.0,22.715
54407,0.0,0.0,22.715
54408,0.0,0.0,22.715
54409,0.0,0.0,22.715
54410,0.0,0.0,22.715
54411,0.0,0.0,22.715
54412,0.0,0.0,22.715
54413,0.0,0.0,22.715
54414,0.0,0.0,22.715
54415,0.0,0.0,22.715
54416,0.0,0.0,22.715
54417,0.0,0.0,22.715
54418,0.0,0.0,22.715
54419,0.0,0.0,22.715
54420,0.0,0.0,22.715
54421,0.0,0.0,22.715
54422,0.0,0.0,22.715
54423,0.0,0.0,22.715
54424,0.0,0.0,22.715
54425,0.0,0.0,22.715
54426,0.0,0.0,22.715
54427,0.0,0.0,22.715
54428,0.0,0.0,22.715
54430,0.0,0.0,22.715
54431,0.0,0.0,22.715
54432,0.0,0.0,22.715
54433,0.0,0.0,22.715
54434,0.0,0.0,22.715
54436,0.0,0.0,22.715
54437,0.0,0.0,22.715
54438,0.0,0.0,22.715
54439,0.0,0.0,22.715
54440,0.0,0.0,22.715
54441,0.0,0.0,22.715
54442,73.0,73.0,22.715
54443,0.0,0.0,22.715
54444,0.0,0.0,22.715
54445,0.0,0.0,22.715
54446,0.0,0.0,22.715
54447,0.0,0.0,22.715
54448,0.0,0.0,22.715
54449,0.0,0.0,22.715
54450,0.0,0.0,22.715
54452,45.0,45.0,22.715
54453,0.0,0.0,22.715
54454,0.0,0.0,22.715
54455,0.0,0.0,22.715
54456,0.0,0.0,22.715
54457,5653.0,5653.0,22.725
54458,0.0,0.0,22.725
54459,0.0,0.0,22.725
54460,0.0,0.0,22.725
54461,0.0,0.0,22.725
54462,0.0,0.0,22.725
54463,0.0,0.0,22.725
54464,0.0,0.0,22.725
54465,0.0,0.0,22.725
54466,0.0,0.0,22.725
54467,0.0,0.0,22.725
54468,0.0,0.0,22.725
54469,0.0,0.0,22.725
54470,0.0,0.0,22.725
54471,0.0,0.0,22.725
54474,0.0,0.0,22.725
54475,-3803.0,3803.0,22.715
54476,0.0,0.0,22.715
54477,0.0,0.0,22.715
54478,0.0,0.0,22.715
54479,0.0,0.0,22.715
54480,0.0,0.0,22.715
54481,0.0,0.0,22.715
54482,0.0,0.0,22.715
54483,0.0,0.0,22.715
54484,0.0,0.0,22.715
54485,0.0,0.0,22.715
54486,0.0,0.0,22.715
54487,0.0,0.0,22.715
54489,0.0,0.0,22.715
54490,0.0,0.0,22.715
54491,0.0,0.0,22.715
54492,0.0,0.0,22.715
54493,0.0,0.0,22.715
54494,0.0,0.0,22.715
54495,0.0,0.0,22.715
54496,0.0,0.0,22.715
54497,0.0,0.0,22.715
54498,2956.0,2956.0,22.725
54499,0.0,0.0,22.725
54500,0.0,0.0,22.725
54501,0.0,0.0,22.725
54502,0.0,0.0,22.725
54503,0.0,0.0,22.725
54504,0.0,0.0,22.725
54505,0.0,0.0,22.725
54506,0.0,0.0,22.725
54507,0.0,0.0,22.725
54508,0.0,0.0,22.725
54509,0.0,0.0,22.725
54510,0.0,0.0,22.725
54511,0.0,0.0,22.725
54512,0.0,0.0,22.725
54513,0.0,0.0,22.725
54514,0.0,0.0,22.725
54515,3851.0,3851.0,22.735
54516,-1277.0,1277.0,22.725
54517,0.0,0.0,22.725
54518,0.0,0.0,22.725
54519,0.0,0.0,22.725
54520,0.0,0.0,22.725
54521,0.0,0.0,22.725
54522,0.0,0.0,22.725
54523,0.0,0.0,22.725
54524,0.0,0.0,22.725
54525,0.0,0.0,22.725
54526,0.0,0.0,22.725
54528,0.0,0.0,22.725
54529,0.0,0.0,22.725
54530,0.0,0.0,22.725
54532,0.0,0.0,22.725
54533,0.0,0.0,22.725
54534,0.0,0.0,22.725
54535,0.0,0.0,22.725
54536,0.0,0.0,22.725
54537,0.0,0.0,22.725
54538,0.0,0.0,22.725
54539,0.0,0.0,22.725
54540,0.0,0.0,22.725
54541,0.0,0.0,22.725
54542,0.0,0.0,22.725
54543,0.0,0.0,22.725
54544,0.0,0.0,22.725
54545,-3780.0,3780.0,22.715
54546,0.0,0.0,22.715
54547,0.0,0.0,22.715
54548,0.0,0.0,22.715
54549,0.0,0.0,22.715
54550,0.0,0.0,22.715
54551,0.0,0.0,22.715
54552,0.0,0.0,22.715
54553,0.0,0.0,22.715
54554,0.0,0.0,22.715
54555,0.0,0.0,22.715
54556,0.0,0.0,22.715
54557,0.0,0.0,22.715
54558,0.0,0.0,22.715
54559,0.0,0.0,22.715
54560,0.0,0.0,22.715
54561,2201.0,2201.0,22.725
54562,0.0,0.0,22.725
54563,0.0,0.0,22.725
54564,0.0,0.0,22.725
54565,0.0,0.0,22.725
54566,0.0,0.0,22.725
54567,0.0,0.0,22.725
54568,0.0,0.0,22.725
54569,0.0,0.0,22.725
54570,0.0,0.0,22.725
54571,0.0,0.0,22.725
54572,0.0,0.0,22.725
54574,0.0,0.0,22.725
54575,0.0,0.0,22.725
54576,0.0,0.0,22.725
54577,0.0,0.0,22.725
54578,0.0,0.0,22.725
54579,0.0,0.0,22.725
54580,-1359.0,1359.0,22.715
54581,0.0,0.0,22.715
54582,0.0,0.0,22.715
54583,0.0,0.0,22.715
54584,0.0,0.0,22.715
54585,1533.0,1533.0,22.715
54586,0.0,0.0,22.715
54587,0.0,0.0,22.715
54588,0.0,0.0,22.715
54589,0.0,0.0,22.715
54590,0.0,0.0,22.715
54591,0.0,0.0,22.715
54592,0.0,0.0,22.715
54593,0.0,0.0,22.715
54594,0.0,0.0,22.715
54595,0.0,0.0,22.715
54596,0.0,0.0,22.715
54597,0.0,0.0,22.715
54598,0.0,0.0,22.715
54600,0.0,0.0,22.715
54601,0.0,0.0,22.715
54602,0.0,0.0,22.715
54603,0.0,0.0,22.715
54604,0.0,0.0,22.715
54605,0.0,0.0,22.715
54606,0.0,0.0,22.715
54607,0.0,0.0,22.715
54608,0.0,0.0,22.715
54609,0.0,0.0,22.715
54610,0.0,0.0,22.715
54611,0.0,0.0,22.715
54612,0.0,0.0,22.715
54613,0.0,0.0,22.715
54614,0.0,0.0,22.715
54615,0.0,0.0,22.715
54616,0.0,0.0,22.715
54617,0.0,0.0,22.715
54618,0.0,0.0,22.715
54619,0.0,0.0,22.715
54621,0.0,0.0,22.715
54622,0.0,0.0,22.715
54623,0.0,0.0,22.715
54624,0.0,0.0,22.715
54625,0.0,0.0,22.715
54626,0.0,0.0,22.715
54627,0.0,0.0,22.715
54628,0.0,0.0,22.715
54629,0.0,0.0,22.715
54630,0.0,0.0,22.715
54631,0.0,0.0,22.715
54632,0.0,0.0,22.715
54633,0.0,0.0,22.715
54634,0.0,0.0,22.715
54635,0.0,0.0,22.715
54636,0.0,0.0,22.715
54638,0.0,0.0,22.715
54640,0.0,0.0,22.715
54641,0.0,0.0,22.715
54642,0.0,0.0,22.715
54643,0.0,0.0,22.715
54644,0.0,0.0,22.715
54645,0.0,0.0,22.715
54646,0.0,0.0,22.715
54648,0.0,0.0,22.715
54649,0.0,0.0,22.715
54650,0.0,0.0,22.715
54651,0.0,0.0,22.715
54653,0.0,0.0,22.715
54655,0.0,0.0,22.715
54657,0.0,0.0,22.715
54658,0.0,0.0,22.715
54659,0.0,0.0,22.715
54660,0.0,0.0,22.715
54661,0.0,0.0,22.715
54662,0.0,0.0,22.715
54663,0.0,0.0,22.715
54664,0.0,0.0,22.715
54665,0.0,0.0,22.715
54666,-3906.0,3906.0,22.705
54667,0.0,0.0,22.705
54668,0.0,0.0,22.705
54669,0.0,0.0,22.705
54670,0.0,0.0,22.705
54671,-4.0,4.0,22.705
54672,-3960.0,3960.0,22.695
54673,-650.0,650.0,22.685
54674,0.0,0.0,22.685
54675,0.0,0.0,22.685
54676,2484.0,2520.0,22.695
54677,0.0,0.0,22.695
54678,0.0,0.0,22.695
54679,0.0,0.0,22.695
54680,0.0,0.0,22.695
54681,0.0,0.0,22.695
54682,300.0,300.0,22.695
54683,0.0,0.0,22.695
54684,0.0,0.0,22.695
54685,0.0,0.0,22.695
54686,-10.0,10.0,22.685
54687,0.0,0.0,22.685
54688,0.0,0.0,22.685
54689,0.0,0.0,22.685
54690,0.0,0.0,22.685
54691,0.0,0.0,22.685
54692,0.0,0.0,22.685
54693,0.0,0.0,22.685
54694,200.0,200.0,22.695
54695,0.0,0.0,22.695
54696,0.0,0.0,22.695
54697,0.0,0.0,22.695
54698,0.0,0.0,22.695
54699,0.0,0.0,22.695
54700,0.0,0.0,22.695
54701,1350.0,1350.0,22.705
54702,0.0,0.0,22.705
54703,1261.0,1261.0,22.705
54704,150.0,150.0,22.715
54705,0.0,0.0,22.715
54706,0.0,0.0,22.715
54707,0.0,0.0,22.715
54708,0.0,0.0,22.715
54710,0.0,0.0,22.715
54711,0.0,0.0,22.715
54712,0.0,0.0,22.715
54713,0.0,0.0,22.715
54714,0.0,0.0,22.715
54715,0.0,0.0,22.715
54716,0.0,0.0,22.715
54717,0.0,0.0,22.715
54718,0.0,0.0,22.715
54719,0.0,0.0,22.715
54720,0.0,0.0,22.715
54721,0.0,0.0,22.715
54722,1285.0,1285.0,22.725
54723,0.0,0.0,22.725
54724,0.0,0.0,22.725
54725,0.0,0.0,22.725
54726,0.0,0.0,22.725
54727,0.0,0.0,22.725
54728,0.0,0.0,22.725
54729,0.0,0.0,22.725
54730,-1.0,1.0,22.725
54731,-1351.0,1351.0,22.715
54732,0.0,0.0,22.715
54733,0.0,0.0,22.715
54734,0.0,0.0,22.715
54735,0.0,0.0,22.715
54736,0.0,0.0,22.715
54737,0.0,0.0,22.715
54738,0.0,0.0,22.715
54739,0.0,0.0,22.715
54740,0.0,0.0,22.715
54741,0.0,0.0,22.715
54742,0.0,0.0,22.715
54743,0.0,0.0,22.715
54744,0.0,0.0,22.715
54745,-1903.0,1903.0,22.705
54746,0.0,0.0,22.705
54747,0.0,0.0,22.705
54748,0.0,0.0,22.705
54749,0.0,0.0,22.705
54750,0.0,0.0,22.705
54751,0.0,0.0,22.705
54752,0.0,0.0,22.705
54753,0.0,0.0,22.705
54754,0.0,0.0,22.705
54755,0.0,0.0,22.705
54756,0.0,0.0,22.705
54757,0.0,0.0,22.705
54758,0.0,0.0,22.705
54759,0.0,0.0,22.705
54760,0.0,0.0,22.705
54761,0.0,0.0,22.705
54762,0.0,0.0,22.705
54763,0.0,0.0,22.705
54764,0.0,0.0,22.705
54765,0.0,0.0,22.705
54766,0.0,0.0,22.705
54768,0.0,0.0,22.705
54769,0.0,0.0,22.705
54770,0.0,0.0,22.705
54771,0.0,0.0,22.705
54772,0.0,0.0,22.705
54773,0.0,0.0,22.705
54774,0.0,0.0,22.705
54775,0.0,0.0,22.705
54776,0.0,0.0,22.705
54777,0.0,0.0,22.705
54778,0.0,0.0,22.705
54779,626.0,626.0,22.715
54780,0.0,0.0,22.715
54781,0.0,0.0,22.715
54782,0.0,0.0,22.715
54783,0.0,0.0,22.715
54784,0.0,0.0,22.715
54785,0.0,0.0,22.715
54786,0.0,0.0,22.715
54787,0.0,0.0,22.715
54788,0.0,0.0,22.715
54789,0.0,0.0,22.715
54790,0.0,0.0,22.715
54791,0.0,0.0,22.715
54792,0.0,0.0,22.715
54793,0.0,0.0,22.715
54794,0.0,0.0,22.715
54795,0.0,0.0,22.715
54796,0.0,0.0,22.715
54797,-2341.0,2341.0,22.705
54798,0.0,0.0,22.705
54799,0.0,0.0,22.705
54800,0.0,0.0,22.705
54801,0.0,0.0,22.705
54802,0.0,0.0,22.705
54803,0.0,0.0,22.705
54804,0.0,0.0,22.705
54805,0.0,0.0,22.705
54806,0.0,0.0,22.705
54807,0.0,0.0,22.705
54808,0.0,0.0,22.705
54809,0.0,0.0,22.705
54810,0.0,0.0,22.705
54811,-400.0,400.0,22.705
54812,0.0,0.0,22.705
54813,0.0,0.0,22.705
54814,0.0,0.0,22.705
54815,0.0,0.0,22.705
54816,0.0,0.0,22.705
54817,0.0,0.0,22.705
54818,0.0,0.0,22.705
54819,0.0,0.0,22.705
54820,0.0,0.0,22.705
54821,0.0,0.0,22.705
54822,0.0,0.0,22.705
54823,0.0,0.0,22.705
54824,0.0,0.0,22.705
54825,0.0,0.0,22.705
54826,0.0,0.0,22.705
54827,0.0,0.0,22.705
54828,0.0,0.0,22.705
54829,659.0,659.0,22.715
54830,0.0,0.0,22.715
54831,0.0,0.0,22.715
54832,0.0,0.0,22.715
54833,0.0,0.0,22.715
54834,0.0,0.0,22.715
54835,0.0,0.0,22.715
54836,0.0,0.0,22.715
54837,0.0,0.0,22.715
54838,0.0,0.0,22.715
54839,0.0,0.0,22.715
54840,0.0,0.0,22.715
54841,0.0,0.0,22.715
54842,0.0,0.0,22.715
54843,0.0,0.0,22.715
54844,0.0,0.0,22.715
54845,300.0,300.0,22.715
54846,0.0,0.0,22.715
54847,0.0,0.0,22.715
54848,0.0,0.0,22.715
54849,0.0,0.0,22.715
54850,0.0,0.0,22.715
54851,0.0,0.0,22.715
54852,222.0,222.0,22.725
54853,0.0,0.0,22.725
54854,0.0,0.0,22.725
54855,0.0,0.0,22.725
54856,0.0,0.0,22.725
54857,0.0,0.0,22.725
54858,0.0,0.0,22.725
54859,0.0,0.0,22.725
54860,0.0,0.0,22.725
54861,0.0,0.0,22.725
54862,0.0,0.0,22.725
54863,0.0,0.0,22.725
54864,0.0,0.0,22.725
54865,0.0,0.0,22.725
54866,0.0,0.0,22.725
54867,0.0,0.0,22.725
54868,0.0,0.0,22.725
54869,0.0,0.0,22.725
54870,0.0,0.0,22.725
54871,0.0,0.0,22.725
54872,0.0,0.0,22.725
54873,0.0,0.0,22.725
54874,0.0,0.0,22.725
54875,0.0,0.0,22.725
54876,-100.0,100.0,22.725
54877,0.0,0.0,22.725
54878,0.0,0.0,22.725
54879,0.0,0.0,22.725
54880,0.0,0.0,22.725
54881,0.0,0.0,22.725
54882,0.0,0.0,22.725
54883,0.0,0.0,22.725
54884,0.0,0.0,22.725
54885,0.0,0.0,22.725
54886,0.0,0.0,22.725
54887,0.0,0.0,22.725
54888,0.0,0.0,22.725
54889,0.0,0.0,22.725
54890,0.0,0.0,22.725
54891,0.0,0.0,22.725
54892,0.0,0.0,22.725
54894,0.0,0.0,22.725
54895,0.0,0.0,22.725
54896,0.0,0.0,22.725
54897,3653.0,3653.0,22.735
54898,0.0,0.0,22.735
54899,0.0,0.0,22.735
54900,0.0,0.0,22.735
54901,-7.0,7.0,22.735
54902,-1204.0,1204.0,22.725
54903,0.0,0.0,22.725
54904,0.0,0.0,22.725
54905,0.0,0.0,22.725
54906,0.0,0.0,22.725
54907,0.0,0.0,22.725
54908,0.0,0.0,22.725
54909,624.0,624.0,22.735
54910,0.0,0.0,22.735
54911,0.0,0.0,22.735
54912,0.0,0.0,22.735
54913,0.0,0.0,22.735
54914,0.0,0.0,22.735
54915,0.0,0.0,22.735
54916,0.0,0.0,22.735
54917,0.0,0.0,22.735
54918,0.0,0.0,22.735
54919,0.0,0.0,22.735
54920,0.0,0.0,22.735
54921,0.0,0.0,22.735
54922,0.0,0.0,22.735
54923,0.0,0.0,22.735
54924,0.0,0.0,22.735
54925,0.0,0.0,22.735
54926,0.0,0.0,22.735
54927,0.0,0.0,22.735
54928,0.0,0.0,22.735
54929,0.0,0.0,22.735
54930,0.0,0.0,22.735
54931,0.0,0.0,22.735
54932,-2.0,2.0,22.735
54933,0.0,0.0,22.735
54934,0.0,0.0,22.735
54935,-715.0,715.0,22.725
54936,0.0,0.0,22.725
54937,-1626.0,1626.0,22.715
54938,0.0,0.0,22.715
54939,0.0,0.0,22.715
54940,0.0,0.0,22.715
54941,0.0,0.0,22.715
54942,0.0,0.0,22.715
54943,0.0,0.0,22.715
54944,0.0,0.0,22.715
54945,0.0,0.0,22.715
54946,0.0,0.0,22.715
54947,0.0,0.0,22.715
54948,0.0,0.0,22.715
54949,0.0,0.0,22.715
54950,0.0,0.0,22.715
54951,0.0,0.0,22.715
54952,0.0,0.0,22.715
54953,0.0,0.0,22.715
54954,0.0,0.0,22.715
54955,0.0,0.0,22.715
54956,0.0,0.0,22.715
54957,0.0,0.0,22.715
54958,0.0,0.0,22.715
54959,0.0,0.0,22.715
54961,0.0,0.0,22.715
54962,0.0,0.0,22.715
54963,0.0,0.0,22.715
54964,0.0,0.0,22.715
54965,0.0,0.0,22.715
54966,0.0,0.0,22.715
54967,3779.0,3779.0,22.725
54968,0.0,0.0,22.725
54969,0.0,0.0,22.725
54970,0.0,0.0,22.725
54971,0.0,0.0,22.725
54972,0.0,0.0,22.725
54973,-15.0,15.0,22.725
54974,0.0,0.0,22.725
54975,0.0,0.0,22.725
54976,-501.0,501.0,22.715
54977,0.0,0.0,22.715
54978,0.0,0.0,22.715
54979,0.0,0.0,22.715
54980,0.0,0.0,22.715
54981,0.0,0.0,22.715
54982,0.0,0.0,22.715
54983,0.0,0.0,22.715
54984,0.0,0.0,22.715
54985,0.0,0.0,22.715
54986,0.0,0.0,22.715
54987,-2667.0,2667.0,22.705
54988,0.0,0.0,22.705
54989,0.0,0.0,22.705
54990,0.0,0.0,22.705
54991,0.0,0.0,22.705
54992,0.0,0.0,22.705
54993,0.0,0.0,22.705
54994,0.0,0.0,22.705
54995,0.0,0.0,22.705
54996,0.0,0.0,22.705
54997,0.0,0.0,22.705
54998,0.0,0.0,22.705
54999,0.0,0.0,22.705
55000,0.0,0.0,22.705
55001,0.0,0.0,22.705
55002,0.0,0.0,22.705
55003,0.0,0.0,22.705
55004,0.0,0.0,22.705
55005,0.0,0.0,22.705
55006,0.0,0.0,22.705
55007,0.0,0.0,22.705
55008,0.0,0.0,22.705
55009,0.0,0.0,22.705
55010,0.0,0.0,22.705
55011,0.0,0.0,22.705
55012,0.0,0.0,22.705
55013,0.0,0.0,22.705
55014,-1749.0,1749.0,22.695
55015,0.0,0.0,22.695
55016,0.0,0.0,22.695
55017,0.0,0.0,22.695
55018,0.0,0.0,22.695
55019,0.0,0.0,22.695
55020,0.0,0.0,22.695
55021,0.0,0.0,22.695
55022,0.0,0.0,22.695
55023,1854.0,1854.0,22.705
55024,0.0,0.0,22.705
55025,3215.0,3215.0,22.715
55026,0.0,0.0,22.715
55027,0.0,0.0,22.715
55029,0.0,0.0,22.715
55030,0.0,0.0,22.715
55033,0.0,0.0,22.715
55034,0.0,0.0,22.715
55035,270.0,5270.0,22.715
55036,0.0,0.0,22.715
55038,0.0,0.0,22.715
55039,0.0,0.0,22.715
55040,0.0,0.0,22.715
55041,0.0,0.0,22.715
55042,0.0,0.0,22.715
55043,0.0,0.0,22.715
55044,0.0,0.0,22.715
55045,0.0,0.0,22.715
55046,0.0,0.0,22.715
55047,0.0,0.0,22.715
55048,0.0,0.0,22.715
55049,0.0,0.0,22.715
55051,0.0,0.0,22.715
55052,0.0,0.0,22.715
55054,0.0,0.0,22.715
55055,0.0,0.0,22.715
55056,0.0,0.0,22.715
55057,0.0,0.0,22.715
55058,0.0,0.0,22.715
55060,0.0,0.0,22.715
55061,0.0,0.0,22.715
55062,0.0,0.0,22.715
55063,2158.0,2158.0,22.725
55064,0.0,0.0,22.725
55065,0.0,0.0,22.725
55066,-2.0,2.0,22.725
55067,-921.0,921.0,22.715
55068,0.0,0.0,22.715
55069,0.0,0.0,22.715
55070,0.0,0.0,22.715
55071,4697.0,4697.0,22.725
55072,0.0,0.0,22.725
55073,2480.0,2480.0,22.725
55074,0.0,0.0,22.725
55075,0.0,0.0,22.725
55076,0.0,0.0,22.725
55077,0.0,0.0,22.725
55078,0.0,0.0,22.725
55079,0.0,0.0,22.725
55080,0.0,0.0,22.725
55081,0.0,0.0,22.725
55082,0.0,0.0,22.725
55083,0.0,0.0,22.725
55084,0.0,0.0,22.725
55085,1.0,1.0,22.735
55086,0.0,0.0,22.735
55087,-700.0,700.0,22.725
55088,0.0,0.0,22.725
55089,0.0,0.0,22.725
55090,0.0,0.0,22.725
55091,0.0,0.0,22.725
55092,0.0,0.0,22.725
55093,0.0,0.0,22.725
55094,-1550.0,1550.0,22.715
55095,0.0,0.0,22.715
55096,0.0,0.0,22.715
55097,0.0,0.0,22.715
55098,0.0,0.0,22.715
55099,0.0,0.0,22.715
55100,0.0,0.0,22.715
55101,0.0,0.0,22.715
55102,0.0,0.0,22.715
55103,0.0,0.0,22.715
55104,0.0,0.0,22.715
55105,0.0,0.0,22.715
55107,0.0,0.0,22.715
55108,629.0,629.0,22.725
55109,0.0,0.0,22.725
55110,0.0,0.0,22.725
55111,0.0,0.0,22.725
55112,0.0,0.0,22.725
55113,0.0,0.0,22.725
55114,1050.0,1050.0,22.735
55115,0.0,0.0,22.735
55116,0.0,0.0,22.735
55117,0.0,0.0,22.735
55118,0.0,0.0,22.735
55119,0.0,0.0,22.735
55120,0.0,0.0,22.735
55121,0.0,0.0,22.735
55122,0.0,0.0,22.735
55123,0.0,0.0,22.735
55124,0.0,0.0,22.735
55125,0.0,0.0,22.735
55126,0.0,0.0,22.735
55127,-200.0,200.0,22.735
55129,0.0,0.0,22.735
55130,0.0,0.0,22.735
55131,0.0,0.0,22.735
55132,-907.0,907.0,22.725
55133,0.0,0.0,22.725
55135,-300.0,300.0,22.725
55136,0.0,0.0,22.725
55137,0.0,0.0,22.725
55139,0.0,0.0,22.725
55140,-400.0,400.0,22.725
55141,-202.0,202.0,22.725
55142,0.0,0.0,22.725
55143,0.0,0.0,22.725
55144,0.0,0.0,22.725
55145,0.0,0.0,22.725
55146,0.0,0.0,22.725
55147,0.0,0.0,22.725
55148,0.0,0.0,22.725
55149,0.0,0.0,22.725
55150,0.0,0.0,22.725
55151,0.0,0.0,22.725
55152,0.0,0.0,22.725
55153,0.0,0.0,22.725
55155,0.0,0.0,22.725
55156,0.0,0.0,22.725
55157,0.0,0.0,22.725
55158,0.0,0.0,22.725
55159,0.0,0.0,22.725
55160,0.0,0.0,22.725
55161,474.0,526.0,22.735
55162,0.0,0.0,22.735
55163,0.0,0.0,22.735
55164,0.0,0.0,22.735
55165,0.0,0.0,22.735
55166,0.0,0.0,22.735
55167,0.0,0.0,22.735
55168,0.0,0.0,22.735
55169,0.0,0.0,22.735
55171,0.0,0.0,22.735
55172,0.0,0.0,22.735
55173,0.0,0.0,22.735
55174,0.0,0.0,22.735
55175,0.0,0.0,22.735
55176,0.0,0.0,22.735
55177,0.0,0.0,22.735
55178,0.0,0.0,22.735
55179,0.0,0.0,22.735
55180,0.0,0.0,22.735
55181,0.0,0.0,22.735
55182,0.0,0.0,22.735
55183,0.0,0.0,22.735
55184,0.0,0.0,22.735
55186,0.0,0.0,22.735
55187,0.0,0.0,22.735
55188,0.0,0.0,22.735
55189,0.0,0.0,22.735
55190,0.0,0.0,22.735
55191,0.0,0.0,22.735
55192,0.0,0.0,22.735
55194,0.0,0.0,22.735
55195,0.0,0.0,22.735
55196,0.0,0.0,22.735
55197,0.0,0.0,22.735
55198,0.0,0.0,22.735
55199,0.0,0.0,22.735
55200,0.0,0.0,22.735
55201,0.0,0.0,22.735
55202,0.0,0.0,22.735
55203,0.0,0.0,22.735
55204,0.0,0.0,22.735
55205,0.0,0.0,22.735
55206,0.0,0.0,22.735
55207,0.0,0.0,22.735
55208,0.0,0.0,22.735
55209,0.0,0.0,22.735
55210,0.0,0.0,22.735
55211,0.0,0.0,22.735
55212,0.0,0.0,22.735
55213,0.0,0.0,22.735
55214,0.0,0.0,22.735
55215,0.0,0.0,22.735
55216,0.0,0.0,22.735
55217,0.0,0.0,22.735
55218,0.0,0.0,22.735
55219,3360.0,3360.0,22.745
55220,0.0,0.0,22.745
55221,0.0,0.0,22.745
55222,0.0,0.0,22.745
55223,0.0,0.0,22.745
55224,0.0,0.0,22.745
55225,0.0,0.0,22.745
55226,0.0,0.0,22.745
55227,5358.0,5358.0,22.755
55228,0.0,0.0,22.755
55229,0.0,0.0,22.755
55230,0.0,0.0,22.755
55231,0.0,0.0,22.755
55232,0.0,0.0,22.755
55233,0.0,0.0,22.755
55234,0.0,0.0,22.755
55236,0.0,0.0,22.755
55237,0.0,0.0,22.755
55238,0.0,0.0,22.755
55239,0.0,0.0,22.755
55240,0.0,0.0,22.755
55241,0.0,0.0,22.755
55242,2579.0,2579.0,22.765
55243,0.0,0.0,22.765
55244,0.0,0.0,22.765
55245,0.0,0.0,22.765
55246,0.0,0.0,22.765
55247,0.0,0.0,22.765
55248,0.0,0.0,22.765
55249,0.0,0.0,22.765
55250,0.0,0.0,22.765
55251,0.0,0.0,22.765
55252,0.0,0.0,22.765
55253,0.0,0.0,22.765
55254,0.0,0.0,22.765
55255,0.0,0.0,22.765
55256,-1593.0,1593.0,22.755
55257,0.0,0.0,22.755
55258,0.0,0.0,22.755
55259,0.0,0.0,22.755
55260,0.0,0.0,22.755
55261,0.0,0.0,22.755
55262,0.0,0.0,22.755
55263,0.0,0.0,22.755
55264,0.0,0.0,22.755
55265,0.0,0.0,22.755
55266,0.0,0.0,22.755
55267,0.0,0.0,22.755
55269,0.0,0.0,22.755
55270,0.0,0.0,22.755
55271,0.0,0.0,22.755
55272,0.0,0.0,22.755
55273,0.0,0.0,22.755
55274,0.0,0.0,22.755
55275,0.0,0.0,22.755
55276,0.0,0.0,22.755
55277,0.0,0.0,22.755
55278,0.0,0.0,22.755
55279,0.0,0.0,22.755
55280,762.0,762.0,22.765
55281,0.0,0.0,22.765
55282,0.0,0.0,22.765
55283,0.0,0.0,22.765
55284,0.0,0.0,22.765
55285,0.0,0.0,22.765
55287,0.0,0.0,22.765
55290,0.0,0.0,22.765
55291,0.0,0.0,22.765
55292,0.0,0.0,22.765
55293,0.0,0.0,22.765
55294,0.0,0.0,22.765
55295,0.0,0.0,22.765
55296,0.0,0.0,22.765
55297,0.0,0.0,22.765
55298,0.0,0.0,22.765
55299,0.0,0.0,22.765
55300,0.0,0.0,22.765
55301,0.0,0.0,22.765
55302,0.0,0.0,22.765
55303,0.0,0.0,22.765
55304,0.0,0.0,22.765
55305,0.0,0.0,22.765
55306,0.0,0.0,22.765
55307,0.0,0.0,22.765
55308,12159.0,12159.0,22.765
55309,11902.0,11902.0,22.775
55310,2976.0,2976.0,22.775
55311,0.0,0.0,22.775
55312,0.0,0.0,22.775
55313,0.0,0.0,22.775
55314,1150.0,1150.0,22.785
55315,0.0,0.0,22.785
55316,0.0,0.0,22.785
55317,0.0,0.0,22.785
55318,0.0,0.0,22.785
55319,0.0,0.0,22.785
55320,0.0,0.0,22.785
55321,0.0,0.0,22.785
55322,0.0,0.0,22.785
55323,0.0,0.0,22.785
55324,0.0,0.0,22.785
55325,0.0,0.0,22.785
55326,-4152.0,18794.0,22.775
55327,0.0,0.0,22.775
55328,-2136.0,2136.0,22.765
55329,-2727.0,6371.0,22.765
55330,0.0,0.0,22.765
55331,0.0,0.0,22.765
55332,0.0,0.0,22.765
55333,90.0,90.0,22.775
55334,0.0,0.0,22.775
55335,0.0,0.0,22.775
55336,0.0,0.0,22.775
55337,0.0,0.0,22.775
55338,0.0,0.0,22.775
55339,0.0,0.0,22.775
55340,-1027.0,1027.0,22.765
55341,0.0,0.0,22.765
55342,0.0,0.0,22.765
55343,0.0,0.0,22.765
55344,0.0,0.0,22.765
55345,0.0,0.0,22.765
55346,0.0,0.0,22.765
55347,0.0,0.0,22.765
55348,0.0,0.0,22.765
55349,1446.0,1446.0,22.775
55350,2705.0,2705.0,22.785
55351,0.0,0.0,22.785
55352,0.0,0.0,22.785
55353,0.0,0.0,22.785
55354,-488.0,488.0,22.775
55355,0.0,0.0,22.775
55356,0.0,0.0,22.775
55357,0.0,0.0,22.775
55358,0.0,0.0,22.775
55359,0.0,0.0,22.775
55360,0.0,0.0,22.775
55361,0.0,0.0,22.775
55362,0.0,0.0,22.775
55363,0.0,0.0,22.775
55364,0.0,0.0,22.775
55365,0.0,0.0,22.775
55366,630.0,630.0,22.785
55367,-706.0,1206.0,22.775
55368,0.0,0.0,22.775
55369,0.0,0.0,22.775
55370,0.0,0.0,22.775
55371,0.0,0.0,22.775
55372,0.0,0.0,22.775
55373,0.0,0.0,22.775
55374,0.0,0.0,22.775
55375,0.0,0.0,22.775
55376,0.0,0.0,22.775
55377,0.0,0.0,22.775
55378,0.0,0.0,22.775
55379,0.0,0.0,22.775
55380,0.0,0.0,22.775
55381,0.0,0.0,22.775
55382,0.0,0.0,22.775
55383,0.0,0.0,22.775
55384,0.0,0.0,22.775
55385,0.0,0.0,22.775
55386,0.0,0.0,22.775
55387,0.0,0.0,22.775
55388,0.0,0.0,22.775
55389,0.0,0.0,22.775
55390,0.0,0.0,22.775
55391,0.0,0.0,22.775
55392,0.0,0.0,22.775
55393,0.0,0.0,22.775
55394,-5933.0,5933.0,22.765
55395,0.0,0.0,22.765
55396,0.0,0.0,22.765
55397,0.0,0.0,22.765
55398,0.0,0.0,22.765
55399,0.0,0.0,22.765
55400,-778.0,778.0,22.755
55401,0.0,0.0,22.755
55402,0.0,0.0,22.755
55403,0.0,0.0,22.755
55404,0.0,0.0,22.755
55405,0.0,0.0,22.755
55406,0.0,0.0,22.755
55407,0.0,0.0,22.755
55408,0.0,0.0,22.755
55409,0.0,0.0,22.755
55410,0.0,0.0,22.755
55411,0.0,0.0,22.755
55412,0.0,0.0,22.755
55413,3488.0,3488.0,22.765
55414,0.0,0.0,22.765
55415,0.0,0.0,22.765
55416,0.0,0.0,22.765
55417,0.0,0.0,22.765
55418,-4419.0,4419.0,22.765
55419,0.0,0.0,22.765
55420,0.0,0.0,22.765
55421,0.0,0.0,22.765
55422,0.0,0.0,22.765
55423,0.0,0.0,22.765
55424,-4.0,4.0,22.765
55425,0.0,0.0,22.765
55426,0.0,0.0,22.765
55427,-6.0,6.0,22.765
55428,-88.0,88.0,22.765
55429,0.0,0.0,22.765
55430,0.0,0.0,22.765
55431,0.0,0.0,22.765
55432,0.0,0.0,22.765
55433,0.0,0.0,22.765
55434,0.0,0.0,22.765
55435,0.0,0.0,22.765
55436,0.0,0.0,22.765
55437,0.0,0.0,22.765
55438,0.0,0.0,22.765
55439,0.0,0.0,22.765
55440,0.0,0.0,22.765
55441,0.0,0.0,22.765
55442,0.0,0.0,22.765
55443,0.0,0.0,22.765
55444,0.0,0.0,22.765
55445,637.0,637.0,22.765
55446,0.0,0.0,22.765
55447,0.0,0.0,22.765
55449,0.0,0.0,22.765
55450,0.0,0.0,22.765
55451,0.0,0.0,22.765
55452,0.0,0.0,22.765
55453,0.0,0.0,22.765
55454,0.0,0.0,22.765
55455,0.0,0.0,22.765
55456,0.0,0.0,22.765
55457,0.0,0.0,22.765
55458,0.0,0.0,22.765
55459,0.0,0.0,22.765
55460,0.0,0.0,22.765
55461,0.0,0.0,22.765
55462,0.0,0.0,22.765
55463,0.0,0.0,22.765
55464,0.0,0.0,22.765
55465,0.0,0.0,22.765
55466,100.0,100.0,22.765
55467,0.0,0.0,22.765
55468,0.0,0.0,22.765
55469,0.0,0.0,22.765
55470,0.0,0.0,22.765
55471,0.0,0.0,22.765
55472,0.0,0.0,22.765
55473,0.0,0.0,22.765
55474,0.0,0.0,22.765
55475,0.0,0.0,22.765
55476,0.0,0.0,22.765
55477,0.0,0.0,22.765
55478,0.0,0.0,22.765
55479,0.0,0.0,22.765
55480,0.0,0.0,22.765
55481,0.0,0.0,22.765
55482,0.0,0.0,22.765
55483,0.0,0.0,22.765
55484,0.0,0.0,22.765
55485,-495.0,2225.0,22.765
55486,965.0,965.0,22.765
55487,0.0,0.0,22.765
55488,0.0,0.0,22.765
55489,-745.0,753.0,22.765
55490,-400.0,600.0,22.755
55491,0.0,0.0,22.755
55492,0.0,0.0,22.755
55493,0.0,0.0,22.755
55494,0.0,0.0,22.755
55495,0.0,0.0,22.755
55496,0.0,0.0,22.755
55497,0.0,0.0,22.755
55498,0.0,0.0,22.755
55499,0.0,0.0,22.755
55500,0.0,0.0,22.755
55501,-2234.0,2234.0,22.755
55502,-601.0,601.0,22.745
55503,0.0,0.0,22.745
55504,0.0,0.0,22.745
55505,0.0,0.0,22.745
55507,0.0,0.0,22.745
55508,0.0,0.0,22.745
55509,193.0,193.0,22.745
55510,0.0,0.0,22.745
55511,0.0,0.0,22.745
55512,0.0,0.0,22.745
55513,0.0,0.0,22.745
55514,0.0,0.0,22.745
55515,0.0,0.0,22.745
55516,0.0,0.0,22.745
55517,0.0,0.0,22.745
55518,0.0,0.0,22.745
55519,0.0,0.0,22.745
55520,0.0,0.0,22.745
55521,0.0,0.0,22.745
55522,0.0,0.0,22.745
55523,5185.0,5185.0,22.755
55524,0.0,0.0,22.755
55525,0.0,0.0,22.755
55526,0.0,0.0,22.755
55528,0.0,0.0,22.755
55529,0.0,0.0,22.755
55530,0.0,0.0,22.755
55531,9697.0,9697.0,22.775
55532,0.0,0.0,22.775
55533,0.0,0.0,22.775
55534,0.0,0.0,22.775
55535,0.0,0.0,22.775
55536,0.0,0.0,22.775
55537,0.0,0.0,22.775
55538,0.0,0.0,22.775
55539,0.0,0.0,22.775
55540,0.0,0.0,22.775
55541,0.0,0.0,22.775
55542,0.0,0.0,22.775
55543,0.0,0.0,22.775
55544,0.0,0.0,22.775
55545,0.0,0.0,22.775
55547,0.0,0.0,22.775
55548,0.0,0.0,22.775
55549,0.0,0.0,22.775
55550,0.0,0.0,22.775
55551,0.0,0.0,22.775
55552,0.0,0.0,22.775
55553,0.0,0.0,22.775
55554,0.0,0.0,22.775
55555,0.0,0.0,22.775
55556,0.0,0.0,22.775
55557,0.0,0.0,22.775
55558,0.0,0.0,22.775
55559,0.0,0.0,22.775
55560,1.0,1.0,22.775
55561,0.0,0.0,22.775
55562,2843.0,2843.0,22.785
55563,0.0,0.0,22.785
55564,0.0,0.0,22.785
55565,0.0,0.0,22.785
55566,-2306.0,2306.0,22.775
55567,0.0,0.0,22.775
55568,0.0,0.0,22.775
55569,0.0,0.0,22.775
55570,0.0,0.0,22.775
55571,0.0,0.0,22.775
55572,0.0,0.0,22.775
55573,0.0,0.0,22.775
55574,0.0,0.0,22.775
55575,0.0,0.0,22.775
55576,0.0,0.0,22.775
55577,0.0,0.0,22.775
55578,0.0,0.0,22.775
55579,0.0,0.0,22.775
55580,0.0,0.0,22.775
55581,0.0,0.0,22.775
55582,0.0,0.0,22.775
55583,0.0,0.0,22.775
55584,0.0,0.0,22.775
55585,-1595.0,1595.0,22.765
55586,0.0,0.0,22.765
55587,0.0,0.0,22.765
55588,0.0,0.0,22.765
55589,0.0,0.0,22.765
55590,0.0,0.0,22.765
55591,0.0,0.0,22.765
55592,0.0,0.0,22.765
55593,0.0,0.0,22.765
55594,1691.0,1691.0,22.765
55595,0.0,0.0,22.765
55596,0.0,0.0,22.765
55597,0.0,0.0,22.765
55598,0.0,0.0,22.765
55599,0.0,0.0,22.765
55600,0.0,0.0,22.765
55601,0.0,0.0,22.765
55602,0.0,0.0,22.765
55603,0.0,0.0,22.765
55604,-1107.0,1107.0,22.755
55605,0.0,0.0,22.755
55606,1623.0,1623.0,22.765
55607,0.0,0.0,22.765
55608,0.0,0.0,22.765
55609,0.0,0.0,22.765
55610,0.0,0.0,22.765
55611,0.0,0.0,22.765
55612,0.0,0.0,22.765
55613,0.0,0.0,22.765
55614,0.0,0.0,22.765
55615,0.0,0.0,22.765
55616,0.0,0.0,22.765
55617,0.0,0.0,22.765
55618,0.0,0.0,22.765
55619,0.0,0.0,22.765
55620,0.0,0.0,22.765
55621,0.0,0.0,22.765
55622,0.0,0.0,22.765
55623,0.0,0.0,22.765
55624,0.0,0.0,22.765
55625,0.0,0.0,22.765
55626,0.0,0.0,22.765
55627,0.0,0.0,22.765
55628,-8999.0,8999.0,22.755
55629,0.0,0.0,22.755
55630,0.0,0.0,22.755
55631,0.0,0.0,22.755
55632,0.0,0.0,22.755
55633,0.0,0.0,22.755
55634,0.0,0.0,22.755
55635,0.0,0.0,22.755
55636,-1100.0,1100.0,22.755
55637,-451.0,451.0,22.755
55638,200.0,200.0,22.755
55639,0.0,0.0,22.755
55640,0.0,0.0,22.755
55641,0.0,0.0,22.755
55642,0.0,0.0,22.755
55643,0.0,0.0,22.755
55644,0.0,0.0,22.755
55645,0.0,0.0,22.755
55646,0.0,0.0,22.755
55647,0.0,0.0,22.755
55648,0.0,0.0,22.755
55649,0.0,0.0,22.755
55650,0.0,0.0,22.755
55651,0.0,0.0,22.755
55652,0.0,0.0,22.755
55653,0.0,0.0,22.755
55654,0.0,0.0,22.755
55655,0.0,0.0,22.755
55656,1087.0,1087.0,22.765
55657,0.0,0.0,22.765
55658,0.0,0.0,22.765
55659,0.0,0.0,22.765
55660,0.0,0.0,22.765
55661,0.0,0.0,22.765
55662,0.0,0.0,22.765
55663,0.0,0.0,22.765
55665,0.0,0.0,22.765
55666,0.0,0.0,22.765
55667,0.0,0.0,22.765
55668,0.0,0.0,22.765
55670,0.0,0.0,22.765
55671,0.0,0.0,22.765
55672,874.0,874.0,22.775
55673,0.0,0.0,22.775
55674,0.0,0.0,22.775
55675,0.0,0.0,22.775
55676,0.0,0.0,22.775
55677,0.0,0.0,22.775
55678,0.0,0.0,22.775
55679,0.0,0.0,22.775
55680,0.0,0.0,22.775
55681,0.0,0.0,22.775
55682,0.0,0.0,22.775
55683,0.0,0.0,22.775
55684,0.0,0.0,22.775
55685,0.0,0.0,22.775
55686,0.0,0.0,22.775
55687,-58.0,58.0,22.775
55688,0.0,0.0,22.775
55689,0.0,0.0,22.775
55690,0.0,0.0,22.775
55691,0.0,0.0,22.775
55692,0.0,0.0,22.775
55693,0.0,0.0,22.775
55694,0.0,0.0,22.775
55695,0.0,0.0,22.775
55696,0.0,0.0,22.775
55697,0.0,0.0,22.775
55700,0.0,0.0,22.775
55701,0.0,0.0,22.775
55702,0.0,0.0,22.775
55703,0.0,0.0,22.775
55704,0.0,0.0,22.775
55705,0.0,0.0,22.775
55706,0.0,0.0,22.775
55707,0.0,0.0,22.775
55708,0.0,0.0,22.775
55709,0.0,0.0,22.775
55710,0.0,0.0,22.775
55711,0.0,0.0,22.775
55712,-3480.0,3480.0,22.765
55713,0.0,0.0,22.765
55714,0.0,0.0,22.765
55715,0.0,0.0,22.765
55716,0.0,0.0,22.765
55717,0.0,0.0,22.765
55718,0.0,0.0,22.765
55719,0.0,0.0,22.765
55720,0.0,0.0,22.765
55721,0.0,0.0,22.765
55722,0.0,0.0,22.765
55723,0.0,0.0,22.765
55724,0.0,0.0,22.765
55725,0.0,0.0,22.765
55726,0.0,0.0,22.765
55727,0.0,0.0,22.765
55728,0.0,0.0,22.765
55729,0.0,0.0,22.765
55730,0.0,0.0,22.765
55731,0.0,0.0,22.765
55732,0.0,0.0,22.765
55734,0.0,0.0,22.765
55735,0.0,0.0,22.765
55736,0.0,0.0,22.765
55737,0.0,0.0,22.765
55738,0.0,0.0,22.765
55739,0.0,0.0,22.765
55740,0.0,0.0,22.765
55741,0.0,0.0,22.765
55742,0.0,0.0,22.765
55743,0.0,0.0,22.765
55744,889.0,889.0,22.775
55745,0.0,0.0,22.775
55746,0.0,0.0,22.775
55747,0.0,0.0,22.775
55748,0.0,0.0,22.775
55749,0.0,0.0,22.775
55750,5336.0,5336.0,22.775
55751,0.0,0.0,22.775
55752,0.0,0.0,22.775
55753,0.0,0.0,22.775
55754,0.0,0.0,22.775
55755,0.0,0.0,22.775
55756,0.0,0.0,22.775
55757,0.0,0.0,22.775
55758,0.0,0.0,22.775
55759,-2709.0,2709.0,22.765
55760,0.0,0.0,22.765
55761,0.0,0.0,22.765
55762,0.0,0.0,22.765
55763,0.0,0.0,22.765
55764,0.0,0.0,22.765
55765,0.0,0.0,22.765
55766,0.0,0.0,22.765
55767,0.0,0.0,22.765
55768,0.0,0.0,22.765
55769,0.0,0.0,22.765
55770,0.0,0.0,22.765
55771,0.0,0.0,22.765
55772,0.0,0.0,22.765
55773,0.0,0.0,22.765
55774,0.0,0.0,22.765
55775,1861.0,1985.0,22.775
55776,0.0,0.0,22.775
55777,0.0,0.0,22.775
55778,0.0,0.0,22.775
55779,0.0,0.0,22.775
55780,0.0,0.0,22.775
55781,0.0,0.0,22.775
55782,0.0,0.0,22.775
55783,0.0,0.0,22.775
55784,0.0,0.0,22.775
55785,0.0,0.0,22.775
55786,0.0,0.0,22.775
55787,0.0,0.0,22.775
55788,0.0,0.0,22.775
55789,0.0,0.0,22.775
55790,0.0,0.0,22.775
55791,0.0,0.0,22.775
55792,0.0,0.0,22.775
55793,0.0,0.0,22.775
55794,0.0,0.0,22.775
55795,0.0,0.0,22.775
55796,0.0,0.0,22.775
55797,0.0,0.0,22.775
55798,0.0,0.0,22.775
55799,0.0,0.0,22.775
55800,-1930.0,1930.0,22.765
55801,0.0,0.0,22.765
55802,0.0,0.0,22.765
55803,0.0,0.0,22.765
55804,0.0,0.0,22.765
55805,0.0,0.0,22.765
55806,0.0,0.0,22.765
55807,0.0,0.0,22.765
55809,-1364.0,1364.0,22.76
55810,0.0,0.0,22.765
55811,-1000.0,1000.0,22.755
55812,0.0,0.0,22.755
55813,0.0,0.0,22.755
55814,0.0,0.0,22.755
55815,0.0,0.0,22.755
55816,-1326.0,1326.0,22.755
55817,0.0,0.0,22.755
55818,0.0,0.0,22.755
55819,0.0,0.0,22.755
55820,0.0,0.0,22.755
55821,-476.0,476.0,22.755
55822,0.0,0.0,22.755
55823,0.0,0.0,22.755
55824,0.0,0.0,22.755
55825,0.0,0.0,22.755
55826,0.0,0.0,22.755
55827,0.0,0.0,22.755
55828,0.0,0.0,22.755
55829,0.0,0.0,22.755
55831,0.0,0.0,22.755
55832,0.0,0.0,22.755
55833,0.0,0.0,22.755
55836,0.0,0.0,22.755
55837,-2.0,2.0,22.755
55838,0.0,0.0,22.755
55840,0.0,0.0,22.755
55841,0.0,0.0,22.755
55842,0.0,0.0,22.755
55844,0.0,0.0,22.755
55845,0.0,0.0,22.755
55846,0.0,0.0,22.755
55848,0.0,0.0,22.755
55849,0.0,0.0,22.755
55850,0.0,0.0,22.755
55851,0.0,0.0,22.755
55852,0.0,0.0,22.755
55853,0.0,0.0,22.755
55854,0.0,0.0,22.755
55855,0.0,0.0,22.755
55856,0.0,0.0,22.755
55857,-31436.0,31436.0,22.745
55858,-300.0,300.0,22.735
55859,2370.0,2370.0,22.735
55860,100.0,300.0,22.735
55861,0.0,0.0,22.735
55862,0.0,0.0,22.735
55863,0.0,0.0,22.735
55864,0.0,0.0,22.735
55865,0.0,0.0,22.735
55866,0.0,0.0,22.735
55867,0.0,0.0,22.735
55868,0.0,0.0,22.735
55869,0.0,0.0,22.735
55870,0.0,0.0,22.735
55871,0.0,0.0,22.735
55872,-310.0,310.0,22.735
55873,0.0,0.0,22.735
55874,0.0,0.0,22.735
55875,0.0,0.0,22.735
55876,0.0,0.0,22.735
55877,0.0,0.0,22.735
55878,0.0,0.0,22.735
55879,0.0,0.0,22.735
55880,0.0,0.0,22.735
55881,0.0,0.0,22.735
55882,0.0,0.0,22.735
55883,-501.0,501.0,22.735
55884,0.0,0.0,22.735
55885,-400.0,400.0,22.735
55886,0.0,0.0,22.735
55887,0.0,0.0,22.735
55888,0.0,0.0,22.735
55889,0.0,0.0,22.735
55890,0.0,0.0,22.735
55891,0.0,0.0,22.735
55892,0.0,0.0,22.735
55893,0.0,0.0,22.735
55894,-1603.0,1603.0,22.725
55895,0.0,0.0,22.725
55896,-729.0,729.0,22.725
55897,0.0,0.0,22.725
55898,0.0,0.0,22.725
55899,0.0,0.0,22.725
55900,0.0,0.0,22.725
55901,0.0,0.0,22.725
55902,0.0,0.0,22.725
55903,-5202.0,5602.0,22.715
55904,0.0,0.0,22.715
55905,0.0,0.0,22.715
55906,0.0,0.0,22.715
55907,0.0,0.0,22.715
55908,0.0,0.0,22.715
55909,0.0,0.0,22.715
55910,-1163.0,1163.0,22.715
55911,-3384.0,3384.0,22.705
55912,0.0,0.0,22.705
55913,0.0,0.0,22.705
55914,0.0,0.0,22.705
55915,0.0,0.0,22.705
55916,0.0,0.0,22.705
55917,-4263.0,4263.0,22.695
55918,0.0,0.0,22.695
55919,0.0,0.0,22.695
55920,0.0,0.0,22.695
55921,0.0,0.0,22.695
55922,0.0,0.0,22.695
55923,0.0,0.0,22.695
55924,0.0,0.0,22.695
55925,-5887.0,5887.0,22.685
55926,0.0,0.0,22.685
55927,-217.0,217.0,22.685
55928,0.0,0.0,22.685
55929,-41.0,41.0,22.685
55930,-2417.0,2417.0,22.675
55931,0.0,0.0,22.675
55932,0.0,0.0,22.675
55933,0.0,0.0,22.675
55934,200.0,200.0,22.675
55935,0.0,0.0,22.675
55936,-683.0,883.0,22.67
55937,-100.0,100.0,22.665
55938,0.0,0.0,22.665
55939,0.0,0.0,22.665
55940,-1159.0,1159.0,22.665
55941,0.0,0.0,22.665
55942,-52.0,52.0,22.665
55943,-1862.0,1862.0,22.655
55944,0.0,0.0,22.655
55945,0.0,0.0,22.655
55946,0.0,0.0,22.655
55947,0.0,0.0,22.655
55948,0.0,0.0,22.655
55949,9815.0,9919.0,22.665
55950,0.0,0.0,22.665
55951,0.0,0.0,22.665
55952,6339.0,6339.0,22.675
55953,0.0,0.0,22.675
55954,0.0,0.0,22.675
55955,-652.0,652.0,22.665
55956,0.0,0.0,22.665
55957,9017.0,9017.0,22.675
55958,0.0,0.0,22.675
55959,0.0,0.0,22.675
55960,0.0,0.0,22.675
55961,0.0,0.0,22.675
55962,0.0,0.0,22.675
55963,0.0,0.0,22.675
55964,0.0,0.0,22.675
55965,-1168.0,1168.0,22.665
55966,0.0,0.0,22.665
55967,0.0,0.0,22.665
55968,0.0,0.0,22.665
55969,0.0,0.0,22.665
55970,0.0,0.0,22.665
55971,0.0,0.0,22.665
55972,0.0,0.0,22.665
55973,0.0,0.0,22.665
55974,0.0,0.0,22.665
55975,0.0,0.0,22.665
55976,0.0,0.0,22.665
55977,-1503.0,1503.0,22.655
55978,0.0,0.0,22.655
55979,0.0,0.0,22.655
55980,0.0,0.0,22.655
55981,0.0,0.0,22.655
55982,0.0,0.0,22.655
55983,0.0,0.0,22.655
55984,0.0,0.0,22.655
55985,0.0,0.0,22.655
55986,0.0,0.0,22.655
55987,0.0,0.0,22.655
55989,-100.0,100.0,22.655
55990,0.0,0.0,22.655
55991,0.0,0.0,22.655
55992,0.0,0.0,22.655
55994,0.0,0.0,22.655
55995,0.0,0.0,22.655
55996,0.0,0.0,22.655
55997,0.0,0.0,22.655
55998,0.0,0.0,22.655
55999,-6348.0,6348.0,22.645
56000,0.0,0.0,22.645
56001,-1051.0,1051.0,22.635
56002,0.0,0.0,22.635
56003,0.0,0.0,22.635
56004,0.0,0.0,22.635
56005,0.0,0.0,22.635
56006,0.0,0.0,22.635
56007,0.0,0.0,22.635
56008,0.0,0.0,22.635
56009,0.0,0.0,22.635
56010,0.0,0.0,22.635
56011,0.0,0.0,22.635
56012,0.0,0.0,22.635
56013,0.0,0.0,22.635
56014,-8449.0,8449.0,22.625
56015,4300.0,4300.0,22.635
56016,-100.0,100.0,22.635
56017,-404.0,404.0,22.625
56018,0.0,0.0,22.625
56019,2271.0,2271.0,22.635
56020,0.0,0.0,22.635
56021,0.0,0.0,22.635
56022,-3500.0,3500.0,22.635
56023,300.0,300.0,22.635
56024,0.0,0.0,22.635
56025,-270.0,270.0,22.635
56026,-1280.0,1320.0,22.625
56027,29.0,29.0,22.625
56028,5638.0,5638.0,22.635
56029,0.0,0.0,22.635
56030,0.0,0.0,22.635
56031,0.0,0.0,22.635
56032,0.0,0.0,22.635
56033,0.0,0.0,22.635
56034,0.0,0.0,22.635
56035,0.0,0.0,22.635
56036,0.0,0.0,22.635
56037,0.0,0.0,22.635
56038,0.0,0.0,22.635
56039,0.0,0.0,22.635
56040,-1012.0,1012.0,22.625
56041,-1565.0,1565.0,22.625
56042,0.0,0.0,22.625
56043,0.0,0.0,22.625
56044,0.0,0.0,22.625
56045,0.0,0.0,22.625
56046,0.0,0.0,22.625
56047,0.0,0.0,22.625
56048,0.0,0.0,22.625
56049,0.0,0.0,22.625
56050,0.0,0.0,22.625
56051,-200.0,200.0,22.625
56052,0.0,0.0,22.625
56053,-400.0,400.0,22.625
56054,-1563.0,1563.0,22.615
56055,0.0,0.0,22.615
56056,0.0,0.0,22.615
56057,200.0,200.0,22.615
56058,4289.0,5451.0,22.615
56059,5273.0,7173.0,22.615
56060,0.0,0.0,22.615
56061,0.0,0.0,22.615
56062,0.0,0.0,22.615
56063,0.0,0.0,22.615
56064,0.0,0.0,22.615
56065,0.0,0.0,22.615
56066,0.0,0.0,22.615
56067,0.0,0.0,22.615
56068,0.0,0.0,22.615
56069,0.0,0.0,22.615
56070,0.0,0.0,22.615
56071,-203.0,203.0,22.615
56072,-293.0,293.0,22.615
56073,0.0,0.0,22.615
56074,-10465.0,10465.0,22.595
56075,0.0,0.0,22.595
56076,0.0,0.0,22.595
56077,0.0,0.0,22.595
56078,0.0,0.0,22.595
56079,0.0,0.0,22.595
56080,0.0,0.0,22.595
56081,0.0,0.0,22.595
56082,0.0,0.0,22.595
56083,0.0,0.0,22.595
56084,0.0,0.0,22.595
56085,6179.0,6179.0,22.605
56086,0.0,0.0,22.605
56087,0.0,0.0,22.605
56088,0.0,0.0,22.605
56089,0.0,0.0,22.605
56090,0.0,0.0,22.605
56091,0.0,0.0,22.605
56093,0.0,0.0,22.605
56094,0.0,0.0,22.605
56095,0.0,0.0,22.605
56096,-2510.0,2510.0,22.595
56097,0.0,0.0,22.595
56098,0.0,0.0,22.595
56099,0.0,0.0,22.595
56100,0.0,0.0,22.595
56101,0.0,0.0,22.595
56102,0.0,0.0,22.595
56103,0.0,0.0,22.595
56104,0.0,0.0,22.595
56105,0.0,0.0,22.595
56106,969.0,969.0,22.605
56107,0.0,0.0,22.605
56108,0.0,0.0,22.605
56109,0.0,0.0,22.605
56110,0.0,0.0,22.605
56111,0.0,0.0,22.605
56112,0.0,0.0,22.605
56113,0.0,0.0,22.605
56114,-1984.0,1984.0,22.595
56115,0.0,0.0,22.595
56116,0.0,0.0,22.595
56117,0.0,0.0,22.595
56118,-2441.0,2441.0,22.585
56119,-1500.0,1500.0,22.585
56120,0.0,0.0,22.585
56121,-10815.0,11877.0,22.585
56122,0.0,0.0,22.585
56123,0.0,0.0,22.585
56124,0.0,0.0,22.585
56125,0.0,0.0,22.585
56126,-3500.0,3500.0,22.58
56127,-629.0,629.0,22.585
56128,200.0,200.0,22.585
56129,0.0,0.0,22.585
56130,-371.0,371.0,22.575
56131,0.0,0.0,22.575
56132,0.0,0.0,22.575
56133,0.0,0.0,22.575
56134,5713.0,5713.0,22.585
56135,-3400.0,3400.0,22.575
56136,0.0,0.0,22.575
56137,0.0,0.0,22.575
56138,0.0,0.0,22.575
56139,0.0,0.0,22.575
56141,0.0,0.0,22.575
56142,0.0,0.0,22.575
56143,0.0,0.0,22.575
56144,-2601.0,2601.0,22.565
56145,0.0,0.0,22.565
56146,0.0,0.0,22.565
56147,0.0,0.0,22.565
56148,0.0,0.0,22.565
56149,0.0,0.0,22.565
56150,0.0,0.0,22.565
56151,0.0,0.0,22.565
56152,-4264.0,4264.0,22.555
56153,0.0,0.0,22.555
56154,0.0,0.0,22.555
56155,-2852.0,7076.0,22.555
56156,0.0,0.0,22.555
56157,-951.0,951.0,22.545
56158,0.0,0.0,22.545
56159,0.0,0.0,22.545
56160,2482.0,2482.0,22.555
56161,-550.0,550.0,22.545
56162,0.0,0.0,22.545
56163,0.0,0.0,22.545
56164,0.0,0.0,22.545
56165,0.0,0.0,22.545
56166,0.0,0.0,22.545
56167,0.0,0.0,22.545
56168,0.0,0.0,22.545
56169,0.0,0.0,22.545
56170,0.0,0.0,22.545
56171,0.0,0.0,22.545
56172,0.0,0.0,22.545
56173,0.0,0.0,22.545
56174,2297.0,2297.0,22.545
56175,0.0,0.0,22.545
56176,0.0,0.0,22.545
56177,0.0,0.0,22.545
56178,2725.0,2725.0,22.555
56179,0.0,0.0,22.555
56180,0.0,0.0,22.555
56181,0.0,0.0,22.555
56182,0.0,0.0,22.555
56183,0.0,0.0,22.555
56184,0.0,0.0,22.555
56185,0.0,0.0,22.555
56186,1050.0,1050.0,22.575
56187,0.0,0.0,22.575
56188,0.0,0.0,22.575
56189,0.0,0.0,22.575
56190,0.0,0.0,22.575
56191,0.0,0.0,22.575
56192,0.0,0.0,22.575
56193,0.0,0.0,22.575
56194,0.0,0.0,22.575
56195,0.0,0.0,22.575
56196,0.0,0.0,22.575
56197,0.0,0.0,22.575
56198,0.0,0.0,22.575
56199,1382.0,1382.0,22.585
56200,0.0,0.0,22.585
56201,0.0,0.0,22.585
56202,0.0,0.0,22.585
56203,0.0,0.0,22.585
56204,0.0,0.0,22.585
56205,0.0,0.0,22.585
56206,332.0,332.0,22.595
56207,0.0,0.0,22.595
56208,0.0,0.0,22.595
56209,0.0,0.0,22.595
56210,0.0,0.0,22.595
56212,0.0,0.0,22.595
56213,0.0,0.0,22.595
56214,0.0,0.0,22.595
56215,0.0,0.0,22.595
56216,0.0,0.0,22.595
56217,-2432.0,2432.0,22.585
56218,0.0,0.0,22.585
56219,0.0,0.0,22.585
56220,0.0,0.0,22.585
56221,0.0,0.0,22.585
56222,0.0,0.0,22.585
56223,0.0,0.0,22.585
56224,0.0,0.0,22.585
56225,0.0,0.0,22.585
56226,0.0,0.0,22.585
56227,94.0,94.0,22.585
56228,0.0,0.0,22.585
56229,0.0,0.0,22.585
56230,0.0,0.0,22.585
56231,0.0,0.0,22.585
56232,0.0,0.0,22.585
56233,0.0,0.0,22.585
56234,-1965.0,2165.0,22.575
56235,0.0,0.0,22.575
56236,0.0,0.0,22.575
56237,0.0,0.0,22.575
56238,0.0,0.0,22.575
56239,0.0,0.0,22.575
56240,0.0,0.0,22.575
56241,0.0,0.0,22.575
56242,0.0,0.0,22.575
56243,0.0,0.0,22.575
56244,0.0,0.0,22.575
56245,0.0,0.0,22.575
56246,0.0,0.0,22.575
56247,0.0,0.0,22.575
56248,0.0,0.0,22.575
56249,0.0,0.0,22.575
56250,-361.0,561.0,22.565
56251,0.0,0.0,22.565
56252,0.0,0.0,22.565
56253,0.0,0.0,22.565
56254,0.0,0.0,22.565
56255,-2259.0,2259.0,22.555
56256,0.0,0.0,22.555
56257,0.0,0.0,22.555
56258,0.0,0.0,22.555
56259,5420.0,5420.0,22.565
56260,0.0,0.0,22.565
56261,0.0,0.0,22.565
56262,0.0,0.0,22.565
56263,-900.0,900.0,22.565
56264,0.0,0.0,22.565
56265,0.0,0.0,22.565
56266,0.0,0.0,22.565
56267,0.0,0.0,22.565
56268,0.0,0.0,22.565
56270,0.0,0.0,22.565
56271,0.0,0.0,22.565
56272,0.0,0.0,22.565
56273,0.0,0.0,22.565
56274,0.0,0.0,22.565
56275,0.0,0.0,22.565
56276,-93.0,93.0,22.565
56277,0.0,0.0,22.565
56278,0.0,0.0,22.565
56279,0.0,0.0,22.565
56280,0.0,0.0,22.565
56281,0.0,0.0,22.565
56282,0.0,0.0,22.565
56283,0.0,0.0,22.565
56284,0.0,0.0,22.565
56285,0.0,0.0,22.565
56286,0.0,0.0,22.565
56287,0.0,0.0,22.565
56288,-1699.0,1699.0,22.555
56289,0.0,0.0,22.555
56290,-2.0,2.0,22.555
56291,0.0,0.0,22.555
56292,0.0,0.0,22.555
56293,0.0,0.0,22.555
56294,0.0,0.0,22.555
56295,0.0,0.0,22.555
56296,0.0,0.0,22.555
56297,0.0,0.0,22.555
56298,0.0,0.0,22.555
56299,0.0,0.0,22.555
56300,0.0,0.0,22.555
56301,0.0,0.0,22.555
56302,0.0,0.0,22.555
56303,0.0,0.0,22.555
56304,0.0,0.0,22.555
56305,0.0,0.0,22.555
56306,6210.0,6210.0,22.565
56307,0.0,0.0,22.565
56308,0.0,0.0,22.565
56309,0.0,0.0,22.565
56310,0.0,0.0,22.565
56311,0.0,0.0,22.565
56312,0.0,0.0,22.565
56313,0.0,0.0,22.565
56314,-889.0,889.0,22.555
56315,0.0,0.0,22.555
56316,0.0,0.0,22.555
56317,0.0,0.0,22.555
56318,0.0,0.0,22.555
56319,0.0,0.0,22.555
56320,0.0,0.0,22.555
56321,0.0,0.0,22.555
56322,0.0,0.0,22.555
56323,0.0,0.0,22.555
56324,0.0,0.0,22.555
56325,0.0,0.0,22.555
56326,0.0,0.0,22.555
56327,0.0,0.0,22.555
56328,0.0,0.0,22.555
56329,0.0,0.0,22.555
56330,19.0,19.0,22.555
56331,0.0,0.0,22.555
56332,0.0,0.0,22.555
56333,0.0,0.0,22.555
56334,0.0,0.0,22.555
56336,0.0,0.0,22.555
56337,0.0,0.0,22.555
56338,0.0,0.0,22.555
56339,0.0,0.0,22.555
56340,5815.0,5815.0,22.565
56341,0.0,0.0,22.565
56342,2526.0,2526.0,22.575
56343,0.0,0.0,22.575
56344,0.0,0.0,22.575
56345,0.0,0.0,22.575
56346,535.0,535.0,22.575
56347,100.0,100.0,22.575
56348,0.0,0.0,22.575
56349,2112.0,2112.0,22.585
56350,0.0,0.0,22.585
56351,0.0,0.0,22.585
56352,0.0,0.0,22.585
56353,0.0,0.0,22.585
56354,0.0,0.0,22.585
56355,0.0,0.0,22.585
56356,0.0,0.0,22.585
56357,0.0,0.0,22.585
56358,0.0,0.0,22.585
56359,0.0,0.0,22.585
56360,0.0,0.0,22.585
56361,0.0,0.0,22.585
56362,0.0,0.0,22.585
56363,0.0,0.0,22.585
56364,0.0,0.0,22.585
56365,0.0,0.0,22.585
56366,0.0,0.0,22.585
56367,0.0,0.0,22.585
56368,0.0,0.0,22.585
56369,0.0,0.0,22.585
56370,-3996.0,4996.0,22.575
56371,0.0,0.0,22.575
56372,0.0,0.0,22.575
56373,0.0,0.0,22.575
56374,0.0,0.0,22.575
56375,-96.0,96.0,22.575
56376,0.0,0.0,22.575
56377,0.0,0.0,22.575
56378,0.0,0.0,22.575
56379,0.0,0.0,22.575
56380,0.0,0.0,22.575
56381,0.0,0.0,22.575
56382,-1202.0,1202.0,22.565
56383,0.0,0.0,22.565
56384,0.0,0.0,22.565
56385,0.0,0.0,22.565
56386,43.0,43.0,22.565
56387,374.0,374.0,22.575
56388,0.0,0.0,22.575
56389,0.0,0.0,22.575
56390,0.0,0.0,22.575
56391,0.0,0.0,22.575
56392,0.0,0.0,22.575
56393,-827.0,827.0,22.565
56394,0.0,0.0,22.565
56395,0.0,0.0,22.565
56396,0.0,0.0,22.565
56397,0.0,0.0,22.565
56398,0.0,0.0,22.565
56399,0.0,0.0,22.565
56400,0.0,0.0,22.565
56401,0.0,0.0,22.565
56402,6435.0,6435.0,22.575
56403,350.0,350.0,22.585
56404,0.0,0.0,22.585
56405,0.0,0.0,22.585
56406,0.0,0.0,22.585
56407,0.0,0.0,22.585
56408,0.0,0.0,22.585
56409,0.0,0.0,22.585
56410,0.0,0.0,22.585
56411,0.0,0.0,22.585
56412,0.0,0.0,22.585
56413,1940.0,1940.0,22.595
56414,4590.0,4590.0,22.605
56415,0.0,0.0,22.605
56416,0.0,0.0,22.605
56417,0.0,0.0,22.605
56418,0.0,0.0,22.605
56419,45.0,45.0,22.605
56420,168.0,168.0,22.615
56421,0.0,0.0,22.615
56422,0.0,0.0,22.615
56423,0.0,0.0,22.615
56424,0.0,0.0,22.615
56425,0.0,0.0,22.615
56426,0.0,0.0,22.615
56427,0.0,0.0,22.615
56428,0.0,0.0,22.615
56429,0.0,0.0,22.615
56430,0.0,0.0,22.615
56431,0.0,0.0,22.615
56432,0.0,0.0,22.615
56433,0.0,0.0,22.615
56434,0.0,0.0,22.615
56435,0.0,0.0,22.615
56436,0.0,0.0,22.615
56437,0.0,0.0,22.615
56438,0.0,0.0,22.615
56439,0.0,0.0,22.615
56440,0.0,0.0,22.615
56441,0.0,0.0,22.615
56442,0.0,0.0,22.615
56443,0.0,0.0,22.615
56444,0.0,0.0,22.615
56445,0.0,0.0,22.615
56446,0.0,0.0,22.615
56447,0.0,0.0,22.615
56448,0.0,0.0,22.615
56449,0.0,0.0,22.615
56450,0.0,0.0,22.615
56451,0.0,0.0,22.615
56452,0.0,0.0,22.615
56453,0.0,0.0,22.615
56454,0.0,0.0,22.615
56455,0.0,0.0,22.615
56456,0.0,0.0,22.615
56457,0.0,0.0,22.615
56458,0.0,0.0,22.615
56459,0.0,0.0,22.615
56460,0.0,0.0,22.615
56461,0.0,0.0,22.615
56462,0.0,0.0,22.615
56463,0.0,0.0,22.615
56464,0.0,0.0,22.615
56465,0.0,0.0,22.615
56466,0.0,0.0,22.615
56467,0.0,0.0,22.615
56468,0.0,0.0,22.615
56469,0.0,0.0,22.615
56470,0.0,0.0,22.615
56471,0.0,0.0,22.615
56472,0.0,0.0,22.615
56473,0.0,0.0,22.615
56474,0.0,0.0,22.615
56475,0.0,0.0,22.615
56476,-3814.0,5814.0,22.605
56477,0.0,0.0,22.605
56478,0.0,0.0,22.605
56479,0.0,0.0,22.605
56480,0.0,0.0,22.605
56481,-8710.0,8710.0,22.595
56482,0.0,0.0,22.595
56483,0.0,0.0,22.595
56484,0.0,0.0,22.595
56485,0.0,0.0,22.595
56486,0.0,0.0,22.595
56487,0.0,0.0,22.595
56488,15581.0,15581.0,22.605
56489,0.0,0.0,22.605
56490,0.0,0.0,22.605
56491,0.0,0.0,22.605
56492,0.0,0.0,22.605
56493,0.0,0.0,22.605
56494,0.0,0.0,22.605
56495,-100.0,100.0,22.605
56496,-2903.0,2903.0,22.595
56497,0.0,0.0,22.595
56498,0.0,0.0,22.595
56499,0.0,0.0,22.595
56500,0.0,0.0,22.595
56501,0.0,0.0,22.595
56502,0.0,0.0,22.595
56503,0.0,0.0,22.595
56504,0.0,0.0,22.595
56505,0.0,0.0,22.595
56506,0.0,0.0,22.595
56507,0.0,0.0,22.595
56508,0.0,0.0,22.595
56509,-1454.0,1454.0,22.585
56510,0.0,0.0,22.585
56511,0.0,0.0,22.585
56512,0.0,0.0,22.585
56513,0.0,0.0,22.585
56514,0.0,0.0,22.585
56515,0.0,0.0,22.585
56516,0.0,0.0,22.585
56517,0.0,0.0,22.585
56518,0.0,0.0,22.585
56519,767.0,767.0,22.595
56520,0.0,0.0,22.595
56521,0.0,0.0,22.595
56522,1356.0,1356.0,22.595
56523,0.0,0.0,22.595
56524,0.0,0.0,22.595
56525,0.0,0.0,22.595
56526,0.0,0.0,22.595
56527,0.0,0.0,22.595
56528,0.0,0.0,22.595
56529,0.0,0.0,22.595
56530,0.0,0.0,22.595
56531,0.0,0.0,22.595
56532,0.0,0.0,22.595
56533,0.0,0.0,22.595
56534,0.0,0.0,22.595
56535,0.0,0.0,22.595
56536,0.0,0.0,22.595
56537,0.0,0.0,22.595
56538,0.0,0.0,22.595
56539,0.0,0.0,22.595
56540,0.0,0.0,22.595
56541,0.0,0.0,22.595
56542,0.0,0.0,22.595
56543,0.0,0.0,22.595
56544,0.0,0.0,22.595
56546,0.0,0.0,22.595
56547,0.0,0.0,22.595
56548,0.0,0.0,22.595
56549,0.0,0.0,22.595
56551,0.0,0.0,22.595
56552,0.0,0.0,22.595
56553,0.0,0.0,22.595
56554,0.0,0.0,22.595
56555,0.0,0.0,22.595
56556,0.0,0.0,22.595
56557,0.0,0.0,22.595
56558,0.0,0.0,22.595
56559,0.0,0.0,22.595
56560,0.0,0.0,22.595
56561,0.0,0.0,22.595
56562,0.0,0.0,22.595
56563,0.0,0.0,22.595
56564,0.0,0.0,22.595
56565,0.0,0.0,22.595
56566,0.0,0.0,22.595
56567,0.0,0.0,22.595
56568,0.0,0.0,22.595
56569,0.0,0.0,22.595
56570,0.0,0.0,22.595
56571,0.0,0.0,22.595
56572,0.0,0.0,22.595
56573,0.0,0.0,22.595
56574,0.0,0.0,22.595
56575,75.0,75.0,22.595
56576,0.0,0.0,22.595
56577,0.0,0.0,22.595
56578,0.0,0.0,22.595
56579,0.0,0.0,22.595
56580,0.0,0.0,22.595
56581,0.0,0.0,22.595
56582,0.0,0.0,22.595
56584,0.0,0.0,22.595
56585,0.0,0.0,22.595
56586,0.0,0.0,22.595
56587,0.0,0.0,22.595
56588,0.0,0.0,22.595
56589,0.0,0.0,22.595
56590,-4613.0,4613.0,22.585
56591,0.0,0.0,22.585
56592,0.0,0.0,22.585
56593,0.0,0.0,22.585
56594,0.0,0.0,22.585
56595,0.0,0.0,22.585
56596,5220.0,5220.0,22.595
56597,0.0,0.0,22.595
56598,0.0,0.0,22.595
56599,0.0,0.0,22.595
56600,0.0,0.0,22.595
56601,0.0,0.0,22.595
56602,0.0,0.0,22.595
56603,0.0,0.0,22.595
56604,0.0,0.0,22.595
56605,0.0,0.0,22.595
56606,0.0,0.0,22.595
56607,0.0,0.0,22.595
56608,7980.0,7980.0,22.605
56609,0.0,0.0,22.605
56610,0.0,0.0,22.605
56611,0.0,0.0,22.605
56612,0.0,0.0,22.605
56613,3336.0,3336.0,22.615
56614,2261.0,2261.0,22.625
56615,0.0,0.0,22.625
56616,0.0,0.0,22.625
56617,0.0,0.0,22.625
56618,0.0,0.0,22.625
56619,0.0,0.0,22.625
56620,0.0,0.0,22.625
56621,0.0,0.0,22.625
56622,-3885.0,3885.0,22.615
56623,0.0,0.0,22.615
56624,0.0,0.0,22.615
56625,0.0,0.0,22.615
56626,0.0,0.0,22.615
56627,0.0,0.0,22.615
56628,0.0,0.0,22.615
56629,0.0,0.0,22.615
56630,0.0,0.0,22.615
56631,0.0,0.0,22.615
56632,0.0,0.0,22.615
56634,-484.0,1924.0,22.605
56635,0.0,0.0,22.605
56636,3800.0,3800.0,22.605
56637,0.0,0.0,22.605
56638,0.0,0.0,22.605
56639,0.0,0.0,22.605
56640,704.0,704.0,22.615
56641,0.0,0.0,22.615
56642,0.0,0.0,22.615
56643,0.0,0.0,22.615
56644,0.0,0.0,22.615
56645,0.0,0.0,22.615
56646,0.0,0.0,22.615
56647,0.0,0.0,22.615
56648,0.0,0.0,22.615
56649,0.0,0.0,22.615
56650,-1950.0,1950.0,22.605
56651,0.0,0.0,22.605
56652,-2369.0,2569.0,22.595
56653,0.0,0.0,22.595
56654,-821.0,821.0,22.595
56655,100.0,100.0,22.595
56656,103.0,103.0,22.595
56657,100.0,100.0,22.595
56658,0.0,0.0,22.595
56659,0.0,0.0,22.595
56660,0.0,0.0,22.595
56661,0.0,0.0,22.595
56662,0.0,0.0,22.595
56663,0.0,0.0,22.595
56664,0.0,0.0,22.595
56665,3.0,3.0,22.595
56666,0.0,0.0,22.595
56667,0.0,0.0,22.595
56668,-16270.0,16270.0,22.575
56669,0.0,0.0,22.575
56670,7440.0,7440.0,22.585
56671,0.0,0.0,22.585
56672,0.0,0.0,22.585
56673,0.0,0.0,22.585
56674,2865.0,2865.0,22.595
56675,0.0,0.0,22.595
56676,0.0,0.0,22.595
56677,0.0,0.0,22.595
56678,0.0,0.0,22.595
56679,0.0,0.0,22.595
56680,0.0,0.0,22.595
56681,0.0,0.0,22.595
56682,0.0,0.0,22.595
56683,0.0,0.0,22.595
56684,0.0,0.0,22.595
56685,0.0,0.0,22.595
56686,0.0,0.0,22.595
56687,0.0,0.0,22.595
56688,23.0,23.0,22.595
56689,0.0,0.0,22.595
56690,0.0,0.0,22.595
56691,18711.0,18711.0,22.605
56692,0.0,0.0,22.605
56693,0.0,0.0,22.605
56694,0.0,0.0,22.605
56695,0.0,0.0,22.605
56696,-1530.0,1530.0,22.595
56697,0.0,0.0,22.595
56698,0.0,0.0,22.595
56699,0.0,0.0,22.595
56700,0.0,0.0,22.595
56701,0.0,0.0,22.595
56702,-2495.0,2495.0,22.585
56703,0.0,0.0,22.585
56704,0.0,0.0,22.585
56705,0.0,0.0,22.585
56706,-1789.0,2951.0,22.585
56707,500.0,500.0,22.585
56708,0.0,0.0,22.585
56709,0.0,0.0,22.585
56710,0.0,0.0,22.585
56711,0.0,0.0,22.585
56712,-1754.0,1754.0,22.575
56713,0.0,0.0,22.575
56714,650.0,650.0,22.585
56715,0.0,0.0,22.585
56716,0.0,0.0,22.585
56717,0.0,0.0,22.585
56718,0.0,0.0,22.585
56719,0.0,0.0,22.585
56720,0.0,0.0,22.585
56721,0.0,0.0,22.585
56722,0.0,0.0,22.585
56723,0.0,0.0,22.585
56724,0.0,0.0,22.585
56725,0.0,0.0,22.585
56726,0.0,0.0,22.585
56727,0.0,0.0,22.585
56728,-877.0,1077.0,22.575
56729,3421.0,3421.0,22.585
56730,0.0,0.0,22.585
56731,0.0,0.0,22.585
56732,0.0,0.0,22.585
56733,0.0,0.0,22.585
56734,0.0,0.0,22.585
56735,0.0,0.0,22.585
56736,0.0,0.0,22.585
56737,0.0,0.0,22.585
56738,0.0,0.0,22.585
56739,0.0,0.0,22.585
56740,0.0,0.0,22.585
56741,0.0,0.0,22.585
56742,-2504.0,2504.0,22.575
56743,2829.0,15071.0,22.565
56744,1828.0,2074.0,22.575
56745,0.0,0.0,22.575
56746,3011.0,3011.0,22.575
56747,3029.0,3029.0,22.585
56748,0.0,0.0,22.585
56749,0.0,0.0,22.585
56750,0.0,0.0,22.585
56751,0.0,0.0,22.585
56752,0.0,0.0,22.585
56753,0.0,0.0,22.585
56754,0.0,0.0,22.585
56755,0.0,0.0,22.585
56756,0.0,0.0,22.585
56757,0.0,0.0,22.585
56758,0.0,0.0,22.585
56759,0.0,0.0,22.585
56760,0.0,0.0,22.585
56761,0.0,0.0,22.585
56762,0.0,0.0,22.585
56763,0.0,0.0,22.585
56764,0.0,0.0,22.585
56765,0.0,0.0,22.585
56766,0.0,0.0,22.585
56767,0.0,0.0,22.585
56768,0.0,0.0,22.585
56769,0.0,0.0,22.585
56770,0.0,0.0,22.585
56771,0.0,0.0,22.585
56772,0.0,0.0,22.585
56773,0.0,0.0,22.585
56774,0.0,0.0,22.585
56775,0.0,0.0,22.585
56776,0.0,0.0,22.585
56777,97.0,97.0,22.585
56778,19.0,19.0,22.585
56779,0.0,0.0,22.585
56780,0.0,0.0,22.585
56781,0.0,0.0,22.585
56782,0.0,0.0,22.585
56783,0.0,0.0,22.585
56784,0.0,0.0,22.585
56785,0.0,0.0,22.585
56786,0.0,0.0,22.585
56787,0.0,0.0,22.585
56788,-4217.0,4217.0,22.575
56789,0.0,0.0,22.575
56790,0.0,0.0,22.575
56791,0.0,0.0,22.575
56792,0.0,0.0,22.575
56793,0.0,0.0,22.575
56794,0.0,0.0,22.575
56795,-800.0,800.0,22.575
56796,0.0,0.0,22.575
56797,0.0,0.0,22.575
56798,0.0,0.0,22.575
56799,0.0,0.0,22.575
56800,0.0,0.0,22.575
56801,2.0,2.0,22.575
56802,0.0,0.0,22.575
56803,0.0,0.0,22.575
56804,0.0,0.0,22.575
56805,0.0,0.0,22.575
56806,0.0,0.0,22.575
56807,0.0,0.0,22.575
56808,0.0,0.0,22.575
56809,0.0,0.0,22.575
56810,0.0,0.0,22.575
56811,0.0,0.0,22.575
56813,0.0,0.0,22.575
56814,0.0,0.0,22.575
56815,4507.0,4507.0,22.585
56816,0.0,0.0,22.585
56817,0.0,0.0,22.585
56818,0.0,0.0,22.585
56819,0.0,0.0,22.585
56820,-3960.0,3960.0,22.585
56821,238.0,238.0,22.585
56822,0.0,0.0,22.585
56823,0.0,0.0,22.585
56824,0.0,0.0,22.585
56825,-930.0,930.0,22.575
56826,0.0,0.0,22.575
56827,0.0,0.0,22.575
56828,0.0,0.0,22.575
56829,0.0,0.0,22.575
56830,2083.0,2117.0,22.585
56831,0.0,0.0,22.585
56832,0.0,0.0,22.585
56833,-1780.0,1780.0,22.575
56834,0.0,0.0,22.575
56835,0.0,0.0,22.575
56836,0.0,0.0,22.575
56837,0.0,0.0,22.575
56838,0.0,0.0,22.575
56839,-1600.0,1600.0,22.575
56840,0.0,0.0,22.575
56841,-169.0,169.0,22.575
56842,0.0,200.0,22.575
56843,0.0,0.0,22.575
56844,0.0,0.0,22.575
56845,0.0,0.0,22.575
56846,0.0,0.0,22.575
56848,0.0,0.0,22.575
56849,0.0,0.0,22.575
56850,0.0,0.0,22.575
56851,0.0,0.0,22.575
56852,0.0,0.0,22.575
56853,0.0,0.0,22.575
56854,0.0,0.0,22.575
56855,0.0,0.0,22.575
56856,0.0,0.0,22.575
56857,0.0,0.0,22.575
56858,0.0,0.0,22.575
56859,0.0,0.0,22.575
56860,0.0,0.0,22.575
56861,0.0,0.0,22.575
56862,0.0,0.0,22.575
56863,0.0,0.0,22.575
56864,-1205.0,1205.0,22.565
56865,0.0,0.0,22.565
56866,3800.0,3800.0,22.565
56867,1447.0,1447.0,22.575
56868,0.0,0.0,22.575
56869,0.0,0.0,22.575
56870,0.0,0.0,22.575
56871,0.0,0.0,22.575
56872,0.0,0.0,22.575
56873,0.0,0.0,22.575
56874,0.0,0.0,22.575
56875,0.0,0.0,22.575
56876,0.0,0.0,22.575
56877,0.0,0.0,22.575
56878,0.0,0.0,22.575
56879,0.0,0.0,22.575
56880,0.0,0.0,22.575
56881,0.0,0.0,22.575
56882,0.0,0.0,22.575
56883,0.0,0.0,22.575
56884,0.0,0.0,22.575
56885,0.0,0.0,22.575
56886,0.0,0.0,22.575
56887,0.0,0.0,22.575
56888,0.0,0.0,22.575
56889,0.0,0.0,22.575
56890,0.0,0.0,22.575
56891,0.0,0.0,22.575
56892,0.0,0.0,22.575
56893,0.0,0.0,22.575
56894,0.0,0.0,22.575
56895,0.0,0.0,22.575
56896,0.0,0.0,22.575
56897,0.0,0.0,22.575
56898,0.0,0.0,22.575
56899,0.0,0.0,22.575
56900,0.0,0.0,22.575
56901,0.0,0.0,22.575
56902,31162.0,31162.0,22.585
56903,0.0,0.0,22.585
56904,0.0,0.0,22.585
56905,0.0,0.0,22.585
56906,0.0,0.0,22.585
56907,0.0,0.0,22.585
56908,0.0,0.0,22.585
56909,-972.0,1172.0,22.575
56910,0.0,0.0,22.575
56911,0.0,0.0,22.575
56912,0.0,0.0,22.575
56913,0.0,0.0,22.575
56914,0.0,0.0,22.575
56915,0.0,0.0,22.575
56916,0.0,0.0,22.575
56917,0.0,0.0,22.575
56918,-1517.0,2537.0,22.585
56919,0.0,0.0,22.585
56920,0.0,0.0,22.585
56921,0.0,0.0,22.585
56922,0.0,0.0,22.585
56923,0.0,0.0,22.585
56924,0.0,0.0,22.585
56925,0.0,0.0,22.585
56926,0.0,0.0,22.585
56927,0.0,0.0,22.585
56928,0.0,0.0,22.585
56929,0.0,0.0,22.585
56930,0.0,0.0,22.585
56931,0.0,0.0,22.585
56932,-809.0,1809.0,22.575
56933,0.0,0.0,22.575
56934,0.0,0.0,22.575
56935,0.0,0.0,22.575
56936,0.0,0.0,22.575
56937,0.0,0.0,22.575
56938,0.0,0.0,22.575
56939,0.0,0.0,22.575
56940,0.0,0.0,22.575
56941,0.0,0.0,22.575
56942,0.0,0.0,22.575
56943,0.0,0.0,22.575
56944,3340.0,3340.0,22.585
56945,0.0,0.0,22.585
56946,0.0,0.0,22.585
56947,0.0,0.0,22.585
56948,0.0,0.0,22.585
56949,0.0,0.0,22.585
56950,0.0,0.0,22.585
56951,-746.0,1146.0,22.575
56952,0.0,0.0,22.575
56953,0.0,0.0,22.575
56954,0.0,0.0,22.575
56955,0.0,0.0,22.575
56956,0.0,0.0,22.575
56957,0.0,0.0,22.575
56958,0.0,0.0,22.575
56959,0.0,0.0,22.575
56960,-6490.0,6490.0,22.565
56961,0.0,0.0,22.565
56962,0.0,0.0,22.565
56963,0.0,0.0,22.565
56964,0.0,0.0,22.565
56965,0.0,0.0,22.565
56966,0.0,0.0,22.565
56967,0.0,0.0,22.565
56968,0.0,0.0,22.565
56969,0.0,0.0,22.565
56970,0.0,0.0,22.565
56971,0.0,0.0,22.565
56972,0.0,0.0,22.565
56973,0.0,0.0,22.565
56974,-7054.0,7054.0,22.555
56975,-4760.0,5360.0,22.545
56976,0.0,0.0,22.545
56977,2912.0,2912.0,22.555
56978,0.0,0.0,22.555
56979,-4372.0,4374.0,22.545
56980,0.0,0.0,22.545
56981,0.0,0.0,22.545
56982,0.0,0.0,22.545
56983,0.0,0.0,22.545
56984,0.0,0.0,22.545
56985,0.0,0.0,22.545
56986,0.0,0.0,22.545
56987,0.0,0.0,22.545
56988,0.0,0.0,22.545
56989,0.0,0.0,22.545
56990,0.0,0.0,22.545
56991,0.0,0.0,22.545
56992,0.0,0.0,22.545
56993,0.0,0.0,22.545
56994,0.0,0.0,22.545
56995,0.0,0.0,22.545
56996,0.0,0.0,22.545
56997,0.0,0.0,22.545
56998,0.0,0.0,22.545
56999,0.0,0.0,22.545
57000,23352.0,33246.0,22.575
57001,350.0,350.0,22.585
57002,0.0,0.0,22.585
57003,4010.0,4010.0,22.595
57004,-7317.0,7317.0,22.585
57005,0.0,0.0,22.585
57006,-1874.0,1874.0,22.575
57007,5271.0,5271.0,22.585
57008,0.0,0.0,22.585
57009,0.0,0.0,22.585
57010,1306.0,1306.0,22.595
57011,1408.0,1408.0,22.605
57012,-341.0,341.0,22.605
57013,-1601.0,1601.0,22.605
57014,-100.0,100.0,22.605
57015,0.0,0.0,22.605
57016,-3514.0,3514.0,22.595
57017,0.0,0.0,22.595
57018,0.0,0.0,22.595
57019,0.0,0.0,22.595
57020,0.0,0.0,22.595
57021,1419.0,1419.0,22.605
57022,0.0,0.0,22.605
57023,0.0,0.0,22.605
57024,0.0,0.0,22.605
57025,0.0,0.0,22.605
57026,0.0,0.0,22.605
57027,5846.0,5846.0,22.615
57028,0.0,0.0,22.615
57029,0.0,0.0,22.615
57030,0.0,0.0,22.615
57031,0.0,0.0,22.615
57032,266.0,266.0,22.615
57033,0.0,0.0,22.615
57034,0.0,0.0,22.615
57035,0.0,0.0,22.615
57036,0.0,0.0,22.615
57037,0.0,0.0,22.615
57038,0.0,0.0,22.615
57039,0.0,0.0,22.615
57040,-6853.0,7053.0,22.605
57041,1300.0,1300.0,22.615
57042,0.0,0.0,22.615
57043,0.0,0.0,22.615
57044,0.0,0.0,22.615
57045,0.0,0.0,22.615
57046,0.0,0.0,22.615
57047,0.0,0.0,22.615
57048,0.0,0.0,22.615
57049,0.0,0.0,22.615
57050,0.0,0.0,22.615
57051,-4221.0,5221.0,22.615
57052,-1000.0,1200.0,22.615
57053,0.0,0.0,22.615
57054,0.0,0.0,22.615
57055,0.0,0.0,22.615
57056,0.0,0.0,22.615
57057,12560.0,12560.0,22.625
57058,13326.0,13326.0,22.635
57059,2446.0,2446.0,22.645
57060,0.0,0.0,22.645
57061,-1506.0,1506.0,22.635
57062,-1731.0,1731.0,22.635
57063,-1825.0,8819.0,22.635
57064,0.0,0.0,22.635
57065,0.0,0.0,22.635
57066,0.0,0.0,22.635
57067,0.0,0.0,22.635
57068,0.0,0.0,22.635
57069,0.0,0.0,22.635
57070,0.0,0.0,22.635
57071,0.0,0.0,22.635
57072,2564.0,6270.0,22.645
57073,0.0,0.0,22.645
57074,0.0,0.0,22.645
57075,0.0,0.0,22.645
57076,0.0,0.0,22.645
57077,0.0,0.0,22.645
57078,0.0,0.0,22.645
57079,0.0,0.0,22.645
57080,0.0,0.0,22.645
57081,0.0,0.0,22.645
57082,0.0,0.0,22.645
57083,0.0,0.0,22.645
57084,0.0,0.0,22.645
57085,0.0,0.0,22.645
57086,0.0,0.0,22.645
57087,0.0,0.0,22.645
57088,0.0,0.0,22.645
57089,1500.0,1500.0,22.645
57090,0.0,0.0,22.645
57091,0.0,0.0,22.645
57092,0.0,0.0,22.645
57093,-6.0,6.0,22.645
57094,-1016.0,1016.0,22.645
57095,-2511.0,2511.0,22.635
57096,0.0,0.0,22.635
57097,0.0,0.0,22.635
57098,0.0,0.0,22.635
57099,0.0,0.0,22.635
57100,-1560.0,1560.0,22.625
57101,0.0,0.0,22.625
57102,0.0,0.0,22.625
57103,0.0,0.0,22.625
57104,0.0,0.0,22.625
57105,0.0,0.0,22.625
57106,0.0,0.0,22.625
57107,0.0,0.0,22.625
57108,0.0,0.0,22.625
57109,0.0,0.0,22.625
57110,0.0,0.0,22.625
57111,0.0,0.0,22.625
57112,0.0,0.0,22.625
57113,0.0,0.0,22.625
57114,-26154.0,27754.0,22.605
57115,0.0,0.0,22.605
57116,0.0,0.0,22.605
57117,2344.0,2456.0,22.615
57118,1200.0,1200.0,22.625
57119,0.0,0.0,22.625
57120,0.0,0.0,22.625
57121,0.0,0.0,22.625
57122,8759.0,8759.0,22.625
57123,0.0,0.0,22.625
57124,0.0,0.0,22.625
57125,0.0,0.0,22.625
57126,0.0,0.0,22.625
57127,0.0,0.0,22.625
57129,-2909.0,2909.0,22.625
57130,0.0,0.0,22.625
57131,0.0,0.0,22.625
57132,0.0,0.0,22.625
57133,0.0,0.0,22.625
57134,0.0,0.0,22.625
57135,0.0,0.0,22.625
57136,0.0,0.0,22.625
57137,0.0,0.0,22.625
57138,0.0,0.0,22.625
57139,0.0,0.0,22.625
57140,0.0,0.0,22.625
57141,0.0,0.0,22.625
57142,0.0,0.0,22.625
57143,0.0,0.0,22.625
57144,0.0,0.0,22.625
57145,0.0,0.0,22.625
57146,577.0,577.0,22.625
57147,0.0,0.0,22.625
57148,0.0,0.0,22.625
57149,0.0,0.0,22.625
57150,0.0,0.0,22.625
57151,0.0,0.0,22.625
57152,0.0,0.0,22.625
57153,848.0,848.0,22.625
57154,11975.0,11975.0,22.635
57155,0.0,0.0,22.635
57156,0.0,0.0,22.635
57157,0.0,0.0,22.635
57158,0.0,0.0,22.635
57159,0.0,0.0,22.635
57160,0.0,0.0,22.635
57161,0.0,0.0,22.635
57162,7909.0,7909.0,22.645
57163,0.0,0.0,22.645
57164,0.0,0.0,22.645
57165,0.0,0.0,22.645
57166,0.0,0.0,22.645
57167,0.0,0.0,22.645
57168,0.0,0.0,22.645
57169,0.0,0.0,22.645
57170,0.0,0.0,22.645
57171,0.0,0.0,22.645
57172,0.0,0.0,22.645
57174,0.0,0.0,22.645
57175,0.0,0.0,22.645
57176,0.0,0.0,22.645
57177,21603.0,21603.0,22.655
57178,1713.0,1713.0,22.665
57179,204.0,204.0,22.665
57180,1041.0,1041.0,22.675
57181,0.0,0.0,22.675
57182,655.0,1855.0,22.675
57183,-4283.0,5317.0,22.685
57184,1619.0,5541.0,22.675
57185,0.0,0.0,22.685
57186,-7.0,7.0,22.685
57187,-4453.0,4653.0,22.675
57188,-861.0,861.0,22.665
57189,0.0,0.0,22.665
57190,-379.0,379.0,22.66
57191,0.0,0.0,22.665
57192,0.0,0.0,22.665
57193,0.0,0.0,22.66
57194,0.0,0.0,22.655
57195,0.0,0.0,22.655
57196,0.0,0.0,22.655
57197,0.0,0.0,22.655
57198,0.0,0.0,22.655
57199,0.0,0.0,22.655
57200,5181.0,5181.0,22.665
57201,0.0,0.0,22.665
57202,0.0,0.0,22.665
57203,0.0,0.0,22.665
57204,0.0,0.0,22.665
57205,0.0,0.0,22.665
57206,0.0,0.0,22.665
57207,0.0,0.0,22.665
57208,0.0,0.0,22.665
57209,0.0,0.0,22.665
57210,0.0,0.0,22.665
57211,0.0,0.0,22.665
57212,-5305.0,5305.0,22.655
57213,0.0,0.0,22.655
57214,355.0,355.0,22.655
57215,0.0,0.0,22.655
57216,0.0,0.0,22.655
57217,100.0,100.0,22.655
57218,2123.0,2123.0,22.665
57219,746.0,746.0,22.665
57220,0.0,0.0,22.665
57221,0.0,0.0,22.665
57222,0.0,0.0,22.665
57223,0.0,0.0,22.665
57224,0.0,0.0,22.665
57225,0.0,0.0,22.665
57226,0.0,0.0,22.665
57227,0.0,0.0,22.665
57228,0.0,0.0,22.665
57229,0.0,0.0,22.665
57230,0.0,0.0,22.665
57231,0.0,0.0,22.665
57232,-2989.0,2989.0,22.655
57233,0.0,0.0,22.655
57234,0.0,0.0,22.655
57235,0.0,0.0,22.655
57236,0.0,0.0,22.655
57237,0.0,0.0,22.655
57238,6224.0,6224.0,22.665
57239,0.0,0.0,22.665
57240,-4513.0,4513.0,22.645
57241,3132.0,3132.0,22.645
57242,100.0,100.0,22.655
57243,0.0,0.0,22.655
57244,0.0,0.0,22.655
57245,0.0,0.0,22.655
57246,0.0,0.0,22.655
57247,-13321.0,13321.0,22.645
57248,200.0,200.0,22.645
57249,0.0,0.0,22.645
57250,9671.0,9671.0,22.655
57251,100.0,100.0,22.655
57252,0.0,0.0,22.655
57253,0.0,0.0,22.655
57254,0.0,0.0,22.655
57255,0.0,0.0,22.655
57256,0.0,0.0,22.655
57257,0.0,0.0,22.655
57258,0.0,0.0,22.655
57259,0.0,0.0,22.655
57260,-865.0,865.0,22.655
57261,-562.0,562.0,22.655
57262,0.0,0.0,22.655
57263,-800.0,800.0,22.645
57264,0.0,0.0,22.645
57265,0.0,0.0,22.645
57266,0.0,0.0,22.645
57267,2957.0,3735.0,22.645
57268,0.0,0.0,22.645
57269,0.0,0.0,22.645
57270,0.0,0.0,22.645
57271,0.0,0.0,22.645
57272,0.0,0.0,22.645
57273,-55.0,55.0,22.645
57274,0.0,0.0,22.645
57275,0.0,0.0,22.645
57276,0.0,0.0,22.645
57277,0.0,0.0,22.645
57278,0.0,0.0,22.645
57279,0.0,0.0,22.645
57280,3484.0,14854.0,22.645
57281,1065.0,1065.0,22.655
57282,-4406.0,4406.0,22.645
57283,0.0,0.0,22.645
57284,0.0,0.0,22.645
57285,0.0,0.0,22.645
57286,0.0,0.0,22.645
57287,0.0,0.0,22.645
57288,0.0,0.0,22.645
57289,0.0,0.0,22.645
57290,15403.0,16803.0,22.655
57291,0.0,0.0,22.655
57292,0.0,0.0,22.655
57293,0.0,0.0,22.655
57294,0.0,0.0,22.655
57295,0.0,0.0,22.655
57296,0.0,0.0,22.655
57297,1701.0,1701.0,22.665
57298,0.0,0.0,22.665
57299,0.0,0.0,22.665
57300,34207.0,70135.0,22.735
57301,-5269.0,31427.0,22.745
57302,-30208.0,62054.0,22.755
57303,0.0,0.0,22.755
57304,-72646.0,121086.0,22.755
57305,-30827.0,43017.0,22.755
57306,-82.0,82.0,22.755
57307,-72.0,72.0,22.755
57308,0.0,0.0,22.755
57309,0.0,0.0,22.755
57310,-8264.0,13580.0,22.765
57311,0.0,0.0,22.765
57312,100.0,100.0,22.765
57313,289.0,289.0,22.765
57314,-335.0,29765.0,22.775
57315,-24877.0,27077.0,22.775
57316,0.0,0.0,22.775
57317,0.0,0.0,22.775
57318,-9137.0,25779.0,22.765
57319,0.0,0.0,22.765
57320,300.0,300.0,22.765
57321,0.0,0.0,22.765
57322,0.0,0.0,22.765
57323,82.0,82.0,22.765
57324,0.0,0.0,22.765
57325,0.0,0.0,22.765
57326,0.0,0.0,22.765
57327,0.0,0.0,22.765
57328,0.0,0.0,22.765
57329,0.0,0.0,22.765
57330,0.0,0.0,22.765
57331,0.0,0.0,22.765
57332,404.0,1404.0,22.775
57333,0.0,0.0,22.775
57334,0.0,0.0,22.775
57335,0.0,0.0,22.775
57336,4263.0,4263.0,22.785
57337,0.0,0.0,22.785
57338,0.0,0.0,22.785
57339,75.0,75.0,22.785
57340,3283.0,3293.0,22.785
57341,-46464.0,46464.0,22.775
57342,0.0,0.0,22.775
57343,0.0,0.0,22.775
57344,-4902.0,4902.0,22.765
57345,0.0,0.0,22.765
57346,0.0,0.0,22.765
57347,0.0,0.0,22.765
57348,0.0,0.0,22.765
57349,0.0,0.0,22.765
57350,0.0,0.0,22.765
57351,0.0,0.0,22.765
57352,0.0,0.0,22.765
57353,0.0,0.0,22.765
57354,1334.0,1334.0,22.775
57355,0.0,0.0,22.775
57356,0.0,0.0,22.775
57357,0.0,0.0,22.775
57358,0.0,0.0,22.775
57359,552.0,552.0,22.785
57360,0.0,0.0,22.785
57361,0.0,0.0,22.785
57362,-57095.0,60295.0,22.77
57363,750.0,750.0,22.775
57364,497.0,497.0,22.775
57365,0.0,0.0,22.775
57366,0.0,0.0,22.775
57367,3351.0,3551.0,22.785
57368,0.0,0.0,22.785
57369,0.0,0.0,22.785
57370,0.0,0.0,22.785
57371,-9200.0,9400.0,22.775
57372,0.0,0.0,22.775
57373,0.0,0.0,22.775
57374,0.0,0.0,22.775
57375,0.0,0.0,22.775
57376,2402.0,2402.0,22.785
57377,0.0,0.0,22.785
57378,0.0,0.0,22.785
57379,0.0,0.0,22.785
57380,0.0,0.0,22.785
57381,2785.0,2785.0,22.785
57382,10.0,10.0,22.785
57383,0.0,0.0,22.785
57384,100.0,100.0,22.785
57385,0.0,0.0,22.785
57386,4400.0,4400.0,22.785
57387,1550.0,1550.0,22.795
57388,0.0,0.0,22.795
57389,-530.0,530.0,22.795
57390,-4700.0,4700.0,22.795
57391,-7363.0,7363.0,22.795
57392,0.0,0.0,22.795
57393,0.0,0.0,22.795
57394,0.0,0.0,22.795
57395,-8216.0,8216.0,22.785
57396,200.0,200.0,22.785
57397,100.0,100.0,22.785
57398,0.0,0.0,22.785
57399,0.0,0.0,22.785
57400,0.0,0.0,22.785
57401,0.0,0.0,22.785
57402,0.0,0.0,22.785
57403,-11290.0,11290.0,22.775
57404,0.0,0.0,22.775
57405,0.0,0.0,22.775
57406,0.0,0.0,22.775
57407,0.0,0.0,22.775
57408,0.0,0.0,22.775
57409,0.0,0.0,22.775
57410,0.0,0.0,22.775
57411,4850.0,4850.0,22.775
57412,0.0,0.0,22.775
57413,0.0,0.0,22.775
57414,200.0,200.0,22.775
57415,0.0,0.0,22.775
57416,0.0,0.0,22.775
57417,0.0,0.0,22.775
57418,0.0,0.0,22.775
57419,0.0,0.0,22.775
57420,0.0,0.0,22.775
57421,0.0,0.0,22.775
57422,0.0,0.0,22.775
57423,8352.0,9352.0,22.785
57424,0.0,0.0,22.785
57425,1442.0,27956.0,22.775
57426,0.0,0.0,22.775
57427,0.0,0.0,22.775
57428,0.0,0.0,22.775
57429,0.0,0.0,22.775
57430,0.0,0.0,22.775
57431,0.0,0.0,22.775
57432,0.0,0.0,22.775
57433,-10097.0,10097.0,22.765
57434,-10116.0,10116.0,22.755
57435,-1016.0,1016.0,22.755
57436,0.0,0.0,22.755
57437,0.0,0.0,22.755
57438,0.0,0.0,22.755
57439,5787.0,6787.0,22.765
57440,0.0,0.0,22.765
57441,0.0,0.0,22.765
57442,0.0,0.0,22.765
57443,0.0,0.0,22.765
57444,0.0,0.0,22.765
57445,0.0,0.0,22.765
57446,0.0,0.0,22.765
57447,0.0,0.0,22.765
57448,0.0,0.0,22.765
57449,0.0,0.0,22.765
57450,0.0,0.0,22.765
57451,0.0,0.0,22.765
57452,0.0,0.0,22.765
57453,0.0,0.0,22.765
57454,0.0,0.0,22.765
57455,0.0,0.0,22.765
57456,0.0,0.0,22.765
57457,0.0,0.0,22.765
57458,0.0,0.0,22.765
57459,0.0,0.0,22.765
57460,0.0,0.0,22.765
57461,6822.0,6822.0,22.775
57462,-20.0,20.0,22.775
57463,-6.0,6.0,22.775
57464,0.0,0.0,22.775
57465,-18736.0,18736.0,22.765
57466,0.0,0.0,22.765
57467,0.0,0.0,22.765
57468,0.0,0.0,22.765
57469,0.0,0.0,22.765
57470,0.0,0.0,22.765
57471,0.0,0.0,22.765
57472,0.0,0.0,22.765
57473,0.0,0.0,22.765
57474,0.0,0.0,22.765
57475,-40.0,40.0,22.765
57476,-24735.0,24735.0,22.755
57477,0.0,0.0,22.755
57478,0.0,0.0,22.755
57479,0.0,0.0,22.755
57480,0.0,0.0,22.755
57481,0.0,0.0,22.755
57482,0.0,0.0,22.755
57483,0.0,0.0,22.755
57484,0.0,0.0,22.755
57485,-799.0,799.0,22.755
57486,0.0,0.0,22.755
57487,0.0,0.0,22.755
57488,0.0,0.0,22.755
57489,-63.0,63.0,22.755
57490,-4560.0,4560.0,22.755
57491,23916.0,25940.0,22.755
57492,1484.0,9834.0,22.765
57493,-799.0,799.0,22.765
57494,-501.0,501.0,22.765
57495,0.0,0.0,22.765
57496,0.0,0.0,22.765
57497,0.0,0.0,22.765
57498,0.0,0.0,22.765
57499,-100.0,100.0,22.765
57500,0.0,0.0,22.765
57501,0.0,0.0,22.765
57502,0.0,0.0,22.765
57503,-19.0,19.0,22.765
57504,-2195.0,2195.0,22.765
57505,-6326.0,6326.0,22.755
57506,-16.0,16.0,22.755
57507,-15.0,15.0,22.755
57508,0.0,0.0,22.755
57509,-4.0,4.0,22.755
57510,-2803.0,2803.0,22.755
57511,200.0,200.0,22.755
57512,-2549.0,6449.0,22.745
57513,0.0,0.0,22.745
57514,3170.0,9432.0,22.745
57515,1128.0,1128.0,22.755
57516,0.0,0.0,22.755
57517,0.0,0.0,22.755
57518,0.0,0.0,22.755
57519,0.0,0.0,22.755
57520,0.0,0.0,22.755
57521,0.0,0.0,22.755
57522,-2428.0,2428.0,22.755
57523,0.0,0.0,22.755
57524,0.0,0.0,22.755
57525,0.0,0.0,22.755
57526,0.0,0.0,22.755
57527,0.0,0.0,22.755
57528,0.0,0.0,22.755
57529,0.0,0.0,22.755
57530,-1.0,1.0,22.755
57531,-7084.0,7084.0,22.745
57532,0.0,0.0,22.745
57533,0.0,0.0,22.745
57534,-136.0,136.0,22.745
57535,-117.0,117.0,22.745
57536,-1.0,1.0,22.745
57537,-1.0,1.0,22.745
57538,-19217.0,21017.0,22.745
57539,3936.0,3936.0,22.745
57540,-32430.0,34674.0,22.735
57541,-384.0,384.0,22.735
57542,-154.0,154.0,22.735
57543,0.0,0.0,22.735
57544,-931.0,931.0,22.735
57545,-27599.0,27799.0,22.725
57546,9827.0,18127.0,22.715
57547,0.0,0.0,22.715
57548,-16373.0,16373.0,22.705
57549,-7.0,7.0,22.705
57550,0.0,0.0,22.705
57551,0.0,0.0,22.705
57552,-9549.0,9549.0,22.705
57553,-39819.0,39819.0,22.695
57554,0.0,0.0,22.695
57555,-115.0,115.0,22.695
57556,-302.0,302.0,22.695
57557,-10606.0,49066.0,22.685
57558,65071.0,65071.0,22.685
57559,16601.0,16601.0,22.685
57560,0.0,0.0,22.685
57561,0.0,0.0,22.685
57562,0.0,0.0,22.685
57563,10193.0,10193.0,22.685
57564,46836.0,46836.0,22.685
57565,4663.0,4663.0,22.685
57566,29653.0,29653.0,22.685
57567,-1768.0,20458.0,22.695
57568,0.0,0.0,22.695
57569,0.0,0.0,22.695
57570,737.0,737.0,22.695
57571,316.0,316.0,22.695
57572,60.0,60.0,22.695
57573,0.0,0.0,22.695
57574,0.0,0.0,22.695
57575,0.0,0.0,22.695
57576,48275.0,48275.0,22.695
57577,1699.0,1699.0,22.695
57578,0.0,0.0,22.695
57579,0.0,0.0,22.695
57580,0.0,0.0,22.695
57581,-36645.0,36645.0,22.685
57582,8768.0,18188.0,22.685
57583,-37449.0,62963.0,22.685
57584,-38394.0,38394.0,22.685
57585,7264.0,15558.0,22.685
57586,19102.0,45644.0,22.675
57587,0.0,0.0,22.675
57588,1510.0,1510.0,22.675
57589,-37460.0,71874.0,22.675
57590,19309.0,19309.0,22.675
57591,9778.0,9778.0,22.675
57592,-69687.0,69687.0,22.675
57593,-8375.0,53025.0,22.675
57594,-32.0,32.0,22.675
57595,-3326.0,3326.0,22.675
57596,-352742.0,533592.0,22.635
57597,40659.0,40863.0,22.675
57598,9657.0,9657.0,22.675
57599,48410.0,49554.0,22.675
