sign,shares,n_fills,t_start,t_end,mid_start,mid_end
1.0,846,23,14437.13212546,14601.952642689,23.36,23.43
-1.0,298,5,14668.725606697,14673.840734454,23.435,23.43
1.0,400,4,14793.155324989,14805.522399203,23.43,23.455
-1.0,400,5,14843.236157012,14862.677363818,23.455,23.445
1.0,400,3,15020.000065577,15020.000065577,23.455,23.465
-1.0,712,8,15063.485712809,15136.619118072,23.48,23.445
1.0,23,2,15147.739507719,15147.747954643,23.44,23.45
-1.0,3200,4,15309.47310029,15311.64074069,23.455,23.445
1.0,58,2,15427.489239354,15461.884086512,23.42,23.42
-1.0,205,4,15769.373618579,15862.728151474,23.42,23.415
1.0,432,5,15865.968272368,15865.971406966,23.415,23.43
-1.0,32,1,15865.973928478,15865.973928478,23.435,23.43
1.0,300,3,15868.440551377,15868.443405805,23.425,23.43
-1.0,100,1,15894.700688952,15894.700688952,23.42,23.42
1.0,500,6,16205.507685031,16644.115500265,23.425,23.445
-1.0,511,8,16651.116567025,16651.116787552,23.47,23.445
1.0,25,1,16693.727700256,16693.727700256,23.455,23.455
-1.0,79,1,16824.373175532,16824.373175532,23.47,23.47
1.0,3,1,16853.937301105,16853.937301105,23.46,23.46
-1.0,1445,19,16862.380373354,18141.948177134,23.46,23.39
1.0,550,8,18162.571622878,18367.078841952,23.385,23.395
-1.0,43,1,18485.08928725,18485.08928725,23.4,23.395
1.0,128,3,18592.343214991,18709.442138077,23.395,23.395
-1.0,550,7,18946.177270561,19021.681367609,23.41,23.395
1.0,203,3,19239.895385996,19286.543229287,23.39,23.39
-1.0,117,2,19333.981765996,19383.501018588,23.41,23.4
1.0,3,2,19893.095546889,19896.950831067,23.385,23.385
-1.0,390,7,19900.298524607,20121.323014599,23.39,23.39
1.0,343,5,20146.102404291,21015.814717029,23.39,23.415
-1.0,650,12,21154.474659309,21781.992778276,23.415,23.4
1.0,424,4,21855.133210947,22012.869943111,23.405,23.41
-1.0,601,9,22023.763173205,22308.861813293,23.41,23.395
1.0,100,1,22322.822229095,22322.822229095,23.405,23.405
-1.0,100,1,22323.826806662,22323.826806662,23.405,23.405
1.0,301,7,22424.89157673,22778.72446924,23.405,23.41
-1.0,255,8,23113.074877729,24372.780382173,23.41,23.415
1.0,4652,19,24387.49209635,25141.564905881,23.415,23.485
-1.0,1697,15,25176.896249044,25247.523052591,23.485,23.43
1.0,350,5,25516.092766311,25595.484455568,23.44,23.45
-1.0,200,2,25672.915488052,25672.915488052,23.46,23.455
1.0,1,1,25757.81745236,25757.81745236,23.455,23.455
-1.0,149,2,25822.579643504,25822.579643504,23.455,23.455
1.0,200,2,26291.548566796,26291.548566796,23.425,23.43
-1.0,3768,18,26479.887682864,26653.15708477,23.425,23.34
1.0,594,6,26776.512753054,26813.65724037,23.34,23.44
-1.0,200,2,26880.196180835,26880.196180835,23.445,23.44
1.0,200,2,26968.821401884,26968.821401884,23.42,23.435
-1.0,678,7,27162.012081397,27295.509303435,23.44,23.4
1.0,200,2,27362.479459646,27362.479459646,23.36,23.365
-1.0,201,1,27684.832938281,27684.832938281,23.38,23.375
1.0,459,1,27709.261386481,27709.261386481,23.365,23.375
-1.0,168,2,27827.333787594,27860.965470978,23.365,23.365
1.0,450,1,28016.473067408,28016.473067408,23.365,23.365
-1.0,155,2,28046.685723695,28046.685723695,23.365,23.365
1.0,50,1,28061.854901903,28061.854901903,23.365,23.365
-1.0,80,2,28073.716564474,28073.716564474,23.365,23.365
1.0,113,2,28341.233021288,28341.233021288,23.365,23.375
-1.0,100,2,28692.942754906,28852.757068962,23.39,23.39
1.0,378,2,28885.413725901,28903.991171169,23.395,23.4
-1.0,106,1,29002.11720435,29002.11720435,23.435,23.43
1.0,100,1,29052.735608184,29052.735608184,23.435,23.44
-1.0,200,2,29078.3223878,29078.3223878,23.445,23.44
1.0,623,5,29129.761798868,29159.23217878,23.44,23.465
-1.0,1350,13,29169.359731914,29262.693214561,23.48,23.455
1.0,250,4,29358.538313682,29481.419285227,23.44,23.45
-1.0,50,1,29536.162873284,29536.162873284,23.445,23.445
1.0,323,5,29548.675021445,29708.475813276,23.44,23.445
-1.0,1400,6,29753.092971023,29762.20728931,23.44,23.42
1.0,84,1,29771.968993361,29771.968993361,23.435,23.435
-1.0,382,5,29810.443915557,29829.51079563,23.435,23.42
1.0,200,2,29856.736126901,29856.736126901,23.415,23.425
-1.0,200,2,29910.694362876,29910.694362876,23.415,23.4
1.0,1383,11,29910.948725084,30077.456477323,23.395,23.445
-1.0,10,1,30121.790332651,30121.790332651,23.45,23.45
1.0,701,11,30124.98262777,30437.540407605,23.445,23.485
-1.0,482,6,30574.93338119,30842.655570949,23.485,23.435
1.0,911,6,30873.707395253,30994.729631892,23.415,23.405
-1.0,49,2,31027.602702713,31027.602702713,23.405,23.395
1.0,2384,7,31172.991190891,31348.016090674,23.39,23.425
-1.0,200,3,31490.354958438,31577.237973316,23.415,23.41
1.0,2329,12,31655.060136625,31817.652329173,23.405,23.45
-1.0,403,4,31819.980069826,31923.84816631,23.455,23.445
1.0,200,2,31936.817026771,31936.817026771,23.445,23.465
-1.0,200,2,31997.559292116,31997.559292116,23.475,23.47
1.0,120,2,32043.438006981,32043.438006981,23.455,23.455
-1.0,400,4,32102.55703751,32160.509881404,23.465,23.455
1.0,104,3,32180.323948252,32209.590855881,23.455,23.46
-1.0,11,2,32281.913069903,32281.913069903,23.455,23.455
1.0,1,1,32305.347637595,32305.347637595,23.455,23.455
-1.0,194,2,32359.444977331,32359.444977331,23.455,23.45
1.0,200,2,32360.556117246,32360.556117246,23.445,23.45
-1.0,354,5,32433.081134062,32433.081142744,23.445,23.43
1.0,797,5,32453.677992934,32511.750224475,23.43,23.43
-1.0,300,3,32518.495631144,32518.80080685,23.43,23.4
1.0,302,3,32528.885607525,32528.885607525,23.4,23.405
-1.0,260,4,32584.693333266,32610.622572322,23.41,23.39
1.0,752,4,32625.973318571,32627.434126427,23.39,23.395
-1.0,202,4,32723.072000335,32802.096741897,23.395,23.39
1.0,1141,6,32883.250144721,32883.250267925,23.395,23.4
-1.0,400,4,32883.385826442,32883.389214746,23.395,23.39
1.0,78,1,32894.892688453,32894.892688453,23.385,23.385
-1.0,108,3,32908.727614171,32908.727614171,23.385,23.385
1.0,148,4,33116.877993406,33243.902899384,23.385,23.385
-1.0,430,9,33254.330253769,33345.138547662,23.385,23.33
1.0,5186,15,33377.195443413,33509.427056712,23.33,23.37
-1.0,402,6,33527.530467453,33527.532977682,23.375,23.36
1.0,807,7,33541.929819602,33567.58461329,23.365,23.375
-1.0,200,2,33611.912530653,33635.893344136,23.375,23.375
1.0,6773,22,33714.191131821,34092.243738845,23.375,23.44
-1.0,1084,6,34110.756979259,34125.002025971,23.465,23.435
1.0,1854,6,34179.044808016,34200.153557121,23.44,23.47
-1.0,200,2,34200.156564515,34200.156564515,23.47,23.465
1.0,1597,9,34200.951083441,34200.952555946,23.465,23.48
-1.0,500,5,34200.956017951,34200.956027874,23.48,23.475
1.0,100,1,34200.966967612,34200.966967612,23.475,23.475
-1.0,2073,49,34201.094022815,34201.199384585,23.475,23.46
1.0,28534,66,34201.390449432,34201.716049986,23.465,23.51
-1.0,1451,18,34201.719075592,34201.918827633,23.52,23.5
1.0,523,8,34202.349356952,34202.675010303,23.495,23.505
-1.0,80,1,34202.696406983,34202.696406983,23.51,23.51
1.0,800,4,34203.133945869,34203.453391896,23.505,23.53
-1.0,150,1,34204.346923507,34204.346923507,23.525,23.52
1.0,1,1,34204.734065591,34204.734065591,23.525,23.525
-1.0,753,6,34204.735046944,34204.828063661,23.535,23.52
1.0,7,1,34205.839750274,34205.839750274,23.515,23.515
-1.0,73,1,34206.23897657,34206.23897657,23.525,23.52
1.0,4604,18,34207.937082954,34212.435413553,23.515,23.55
-1.0,250,2,34213.266005699,34213.71770034,23.545,23.54
1.0,1267,11,34213.717921782,34219.689175338,23.535,23.56
-1.0,1656,10,34220.695789816,34220.695967563,23.555,23.55
1.0,241,3,34220.696777226,34220.696790504,23.545,23.55
-1.0,7912,39,34223.97247742,34232.138836889,23.55,23.51
1.0,950,2,34234.97949341,34234.97949341,23.505,23.51
-1.0,1100,3,34234.979521306,34234.979625194,23.51,23.505
1.0,350,3,34234.979764105,34234.979764105,23.505,23.51
-1.0,150,1,34236.635845614,34236.635845614,23.515,23.51
1.0,158,1,34237.257434403,34237.257434403,23.505,23.505
-1.0,92,3,34241.253818946,34241.253928076,23.505,23.5
1.0,167,3,34242.278996473,34244.499861641,23.5,23.505
-1.0,271,4,34245.656355182,34247.586887692,23.505,23.49
1.0,107,3,34250.618024798,34250.618060742,23.485,23.485
-1.0,250,2,34251.761045831,34251.761045831,23.505,23.5
1.0,1673,17,34251.872851373,34252.877102768,23.485,23.5
-1.0,1353,6,34254.421999083,34254.421999083,23.505,23.5
1.0,3006,21,34254.422107499,34262.354985944,23.5,23.57
-1.0,572,3,34263.425539452,34263.425539452,23.565,23.56
1.0,626,5,34264.7761515,34264.7761515,23.555,23.56
-1.0,659,4,34266.534320986,34266.608607467,23.565,23.55
1.0,100,1,34268.16101461,34268.16101461,23.545,23.545
-1.0,236,3,34269.779568826,34269.779568826,23.555,23.55
1.0,360,4,34269.798082455,34269.798108352,23.545,23.55
-1.0,63,1,34272.824898952,34272.824898952,23.565,23.565
1.0,5244,28,34279.116779824,34280.920948659,23.575,23.62
-1.0,1258,8,34281.159683344,34281.159711224,23.625,23.62
1.0,671,5,34281.160042356,34281.160332863,23.625,23.63
-1.0,935,6,34285.064874169,34285.065255095,23.635,23.63
1.0,260,3,34289.072586807,34289.075425959,23.625,23.64
-1.0,962,10,34290.072343582,34290.072405637,23.645,23.64
1.0,14063,31,34290.072689832,34296.180585873,23.635,23.67
-1.0,1171,9,34298.247414068,34298.247983821,23.665,23.66
1.0,1050,7,34299.534567756,34299.534838624,23.655,23.66
-1.0,1441,14,34299.536120816,34300.567671889,23.665,23.64
1.0,521,3,34300.567787004,34300.567787004,23.635,23.64
-1.0,503,3,34300.567842952,34300.567845791,23.645,23.64
1.0,213,3,34300.567880764,34300.567933784,23.635,23.64
-1.0,700,8,34300.568013752,34300.568463148,23.645,23.64
1.0,713,4,34300.568677547,34300.568702274,23.635,23.64
-1.0,31,2,34300.569277946,34300.601394419,23.645,23.64
1.0,812,9,34300.601688764,34300.602427705,23.645,23.65
-1.0,2050,8,34300.607696889,34300.607792734,23.655,23.65
1.0,690,6,34303.166851633,34303.166883146,23.645,23.65
-1.0,530,6,34303.166977713,34303.166988412,23.655,23.655
1.0,677,10,34303.167053306,34303.80629526,23.655,23.68
-1.0,350,3,34304.081743276,34304.081766148,23.685,23.68
1.0,7864,31,34304.516828757,34307.630543316,23.675,23.705
-1.0,1030,7,34307.728199754,34307.728251185,23.705,23.7
1.0,149,2,34308.350191566,34308.350191566,23.695,23.7
-1.0,1610,12,34308.350444781,34308.732476397,23.705,23.69
1.0,150,1,34308.742417061,34308.742417061,23.685,23.69
-1.0,211,6,34308.842963552,34308.908039964,23.695,23.69
1.0,671,7,34309.291968351,34314.109712252,23.685,23.695
-1.0,122,5,34314.132500941,34314.132519871,23.695,23.69
1.0,613,5,34314.132575814,34314.948229366,23.69,23.7
-1.0,826,6,34315.020414604,34315.020525812,23.705,23.7
1.0,1521,14,34315.020712985,34321.600408298,23.7,23.715
-1.0,611,5,34321.774760159,34321.8136161,23.715,23.7
1.0,566,4,34321.813677038,34321.813677038,23.7,23.7
-1.0,272,3,34321.813746276,34321.984985786,23.705,23.69
1.0,166,3,34322.039056645,34322.065607,23.685,23.69
-1.0,198,5,34322.113701803,34324.981463491,23.705,23.66
1.0,700,3,34325.019084901,34325.019084901,23.655,23.66
-1.0,976,9,34325.019490082,34329.039676031,23.665,23.65
1.0,1942,12,34329.039738337,34329.040148812,23.65,23.655
-1.0,500,1,34329.040400845,34329.040400845,23.66,23.66
1.0,400,4,34329.040511014,34329.040565733,23.655,23.66
-1.0,1556,16,34332.337201158,34336.774511863,23.675,23.66
1.0,566,5,34336.774636268,34336.77466937,23.66,23.665
-1.0,302,3,34336.774698612,34336.775019965,23.665,23.665
1.0,1233,13,34336.77525815,34336.775940128,23.665,23.67
-1.0,2166,26,34340.429630125,34341.971540366,23.675,23.62
1.0,2232,4,34341.971889387,34341.972001867,23.625,23.63
-1.0,877,1,34341.976960546,34341.976960546,23.635,23.635
1.0,2115,12,34345.022068056,34345.023651673,23.635,23.65
-1.0,1017,6,34345.241807106,34345.754887233,23.655,23.64
1.0,58,1,34345.755148147,34345.755148147,23.635,23.635
-1.0,505,9,34345.832782589,34345.858916829,23.635,23.635
1.0,564,7,34346.008919721,34353.742295286,23.625,23.655
-1.0,3951,39,34358.550301629,34359.449297796,23.655,23.61
1.0,104,2,34359.826540019,34359.826540019,23.605,23.61
-1.0,1058,10,34359.88813004,34359.91044445,23.605,23.6
1.0,1308,10,34360.428923065,34366.542799461,23.595,23.645
-1.0,3329,29,34367.062503272,34376.98177429,23.645,23.51
1.0,100,1,34376.981825106,34376.981825106,23.515,23.515
-1.0,158,2,34376.981868429,34376.991195882,23.515,23.51
1.0,119,2,34376.991266889,34376.991266889,23.505,23.51
-1.0,1484,7,34377.032049571,34377.03237856,23.515,23.51
1.0,1465,18,34377.032903497,34381.81928559,23.51,23.55
-1.0,204,3,34382.460068062,34382.460068062,23.565,23.56
1.0,357,3,34382.460303573,34382.464623467,23.56,23.555
-1.0,410,3,34383.489176527,34383.489176527,23.555,23.55
1.0,150,2,34385.345576093,34386.525544964,23.56,23.56
-1.0,51,2,34389.065496601,34389.065496601,23.565,23.56
1.0,100,1,34389.579913469,34389.579913469,23.555,23.555
-1.0,344,3,34389.580563487,34389.61664521,23.565,23.55
1.0,2911,11,34390.755275936,34391.568155449,23.545,23.57
-1.0,1300,5,34391.568556866,34391.568563559,23.575,23.57
1.0,342,5,34391.568738818,34394.800103198,23.57,23.56
-1.0,580,7,34396.304626737,34396.539712122,23.565,23.55
1.0,1131,12,34397.194012829,34400.80803038,23.545,23.585
-1.0,513,7,34402.327050135,34402.359547005,23.585,23.585
1.0,150,1,34402.418972344,34402.418972344,23.575,23.58
-1.0,100,1,34402.435419432,34402.435419432,23.59,23.59
1.0,739,7,34403.920407664,34406.886743332,23.585,23.575
-1.0,3128,14,34407.720854834,34410.26173514,23.575,23.55
1.0,2282,9,34410.26221451,34410.26682562,23.545,23.55
-1.0,1082,3,34410.641466222,34410.641466222,23.555,23.55
1.0,1547,10,34410.642546452,34411.892667272,23.545,23.58
-1.0,724,7,34412.384519239,34414.795653068,23.585,23.56
1.0,1758,8,34414.79667317,34414.79667317,23.555,23.56
-1.0,5121,14,34418.006857746,34428.30735388,23.565,23.545
1.0,10322,24,34428.31785727,34432.241627191,23.545,23.61
-1.0,715,6,34432.241704239,34432.503496834,23.615,23.6
1.0,118,2,34433.871043584,34433.871043584,23.595,23.6
-1.0,466,3,34434.281049571,34434.281049571,23.595,23.59
1.0,100,1,34435.827268976,34435.827268976,23.58,23.58
-1.0,4489,21,34435.82734505,34441.412021553,23.585,23.54
1.0,805,8,34441.424420226,34442.297764787,23.535,23.55
-1.0,935,11,34443.980723581,34449.21845248,23.555,23.54
1.0,987,9,34449.399528367,34456.453094424,23.535,23.55
-1.0,1298,14,34458.706265618,34458.736873898,23.555,23.52
1.0,373,5,34462.817516163,34462.817516163,23.515,23.52
-1.0,150,1,34462.845055437,34462.845055437,23.52,23.52
1.0,184,3,34463.560053502,34463.560053502,23.515,23.52
-1.0,633,2,34465.152088506,34465.152110161,23.525,23.525
1.0,5,1,34465.450831912,34465.450831912,23.515,23.515
-1.0,310,4,34466.682355631,34466.682355631,23.515,23.51
1.0,5,1,34467.321924112,34467.321924112,23.505,23.505
-1.0,1674,12,34468.595094438,34468.595160886,23.505,23.5
1.0,162,1,34468.596677007,34468.596677007,23.495,23.495
-1.0,6071,35,34472.285842302,34475.847179554,23.495,23.46
1.0,401,4,34477.420300127,34477.821339413,23.455,23.47
-1.0,2518,37,34478.720031021,34487.294057891,23.465,23.43
1.0,811,7,34487.311750824,34487.328840424,23.43,23.435
-1.0,155,2,34487.329086798,34487.329086798,23.435,23.435
1.0,11,1,34487.329749116,34487.329749116,23.435,23.44
-1.0,300,5,34487.333664633,34487.333664633,23.445,23.445
1.0,3171,16,34487.480248776,34493.090392004,23.445,23.51
-1.0,1050,5,34493.098385291,34493.098429911,23.515,23.51
1.0,300,3,34499.747721816,34499.747721816,23.515,23.515
-1.0,1403,18,34499.74783335,34502.723193465,23.515,23.45
1.0,1126,7,34502.72372724,34502.723752776,23.445,23.45
-1.0,966,11,34502.782522693,34504.843573681,23.455,23.44
1.0,855,8,34505.154138066,34505.155629745,23.435,23.445
-1.0,324,5,34505.175539248,34505.175539248,23.445,23.44
1.0,674,8,34505.948284313,34508.554812262,23.435,23.455
-1.0,326,4,34508.836655489,34508.836655489,23.455,23.45
1.0,912,6,34511.199433682,34514.620473247,23.425,23.425
-1.0,661,3,34516.354855436,34516.354855436,23.435,23.43
1.0,1202,10,34516.355222764,34517.974120386,23.425,23.43
-1.0,153,2,34518.090692574,34518.090692574,23.435,23.435
1.0,200,1,34519.932610535,34519.932610535,23.435,23.44
-1.0,902,12,34528.282719518,34528.486257712,23.445,23.43
1.0,392,4,34529.01066604,34529.010693181,23.425,23.43
-1.0,900,22,34534.107075989,34534.122431185,23.425,23.41
1.0,1431,10,34534.385712751,34534.866358155,23.405,23.41
-1.0,468,5,34534.949804192,34534.949804192,23.415,23.41
1.0,3352,20,34536.373269522,34536.785046761,23.415,23.425
-1.0,300,2,34536.811238302,34536.811238302,23.435,23.43
1.0,1564,7,34536.837525789,34538.470653441,23.425,23.44
-1.0,2005,10,34540.14502849,34540.651952167,23.445,23.435
1.0,800,5,34542.739435145,34543.620217157,23.43,23.445
-1.0,1207,9,34544.635167377,34544.635826524,23.445,23.445
1.0,1141,10,34545.879143718,34546.977238235,23.435,23.44
-1.0,327,3,34546.977296777,34546.977336234,23.445,23.44
1.0,1700,4,34546.977419162,34546.977489492,23.435,23.44
-1.0,539,6,34549.531561931,34550.591955499,23.445,23.43
1.0,4971,25,34551.416921985,34555.405415148,23.42,23.455
-1.0,300,2,34560.410078814,34560.410078814,23.475,23.47
1.0,457,3,34562.207151643,34562.264220805,23.465,23.47
-1.0,2060,7,34562.905426493,34562.911927286,23.465,23.45
1.0,200,1,34562.951949227,34562.951949227,23.445,23.445
-1.0,402,5,34563.260840872,34564.963181914,23.455,23.44
1.0,547,4,34572.789298014,34573.462661827,23.435,23.45
-1.0,71,3,34576.733829293,34578.923483381,23.465,23.47
1.0,11,1,34587.455101279,34587.455101279,23.465,23.465
-1.0,188,6,34591.43430592,34595.69093284,23.465,23.44
1.0,3694,16,34596.189884636,34597.213566666,23.435,23.46
-1.0,200,2,34600.2567709,34600.2567709,23.465,23.46
1.0,1325,14,34603.550314767,34607.914028331,23.455,23.49
-1.0,5343,17,34611.070779986,34616.998224419,23.495,23.48
1.0,1250,8,34621.292895342,34625.614484946,23.465,23.48
-1.0,326,4,34629.966373465,34629.966398248,23.485,23.48
1.0,580,10,34630.58975939,34632.421820748,23.475,23.49
-1.0,937,8,34635.406086135,34635.406743402,23.495,23.49
1.0,6667,15,34636.678053327,34636.959638337,23.485,23.51
-1.0,1570,9,34637.970796819,34637.971246775,23.525,23.52
1.0,252,4,34638.973627571,34640.936077443,23.515,23.53
-1.0,397,4,34644.427215598,34644.427232285,23.535,23.53
1.0,1243,10,34644.623058866,34646.153727837,23.525,23.54
-1.0,750,6,34650.862084739,34652.914558427,23.545,23.53
1.0,1428,9,34653.910970465,34654.411764786,23.515,23.52
-1.0,850,7,34654.479701278,34654.479782611,23.525,23.52
1.0,2150,8,34654.482623809,34655.096137387,23.515,23.53
-1.0,1762,16,34655.509623746,34660.332990592,23.535,23.49
1.0,277,4,34660.510512054,34660.510547865,23.485,23.49
-1.0,300,2,34660.611869765,34660.611869765,23.495,23.49
1.0,2112,15,34660.929838838,34669.035657539,23.485,23.505
-1.0,980,9,34670.509655758,34672.229645803,23.505,23.49
1.0,149,3,34672.237208907,34672.237208907,23.485,23.49
-1.0,856,5,34674.291198748,34674.291613694,23.485,23.48
1.0,100,2,34675.987601892,34675.987971823,23.465,23.47
-1.0,10,1,34677.580367705,34677.580367705,23.475,23.475
1.0,501,4,34677.983634453,34679.218737506,23.475,23.49
-1.0,401,4,34681.083829859,34681.886177054,23.49,23.48
1.0,1072,11,34686.542786543,34687.426313507,23.475,23.49
-1.0,2026,16,34692.202048113,34701.351264234,23.495,23.485
1.0,5163,11,34702.468473724,34703.440538693,23.475,23.49
-1.0,4167,15,34707.526452524,34714.811259928,23.495,23.46
1.0,702,6,34715.800287941,34715.800320518,23.455,23.46
-1.0,1292,14,34717.964424718,34720.967194359,23.465,23.44
1.0,196,5,34724.001260337,34730.361065155,23.435,23.435
-1.0,258,5,34740.633380247,34740.633380247,23.435,23.43
1.0,601,5,34742.791572636,34742.791607242,23.425,23.43
-1.0,1296,9,34744.756603588,34753.78329254,23.435,23.41
1.0,1833,10,34757.430497512,34762.461866028,23.405,23.42
-1.0,4411,66,34765.210724538,34772.20733882,23.425,23.38
1.0,2706,14,34772.2076339,34772.2076397,23.38,23.385
-1.0,47,1,34772.207815656,34772.207815656,23.385,23.385
1.0,1521,16,34772.208037371,34778.983787538,23.385,23.4
-1.0,832,7,34780.801219688,34783.672147671,23.405,23.405
1.0,2914,26,34783.719608593,34793.091523363,23.395,23.43
-1.0,561,8,34800.119408387,34800.911487623,23.435,23.4
1.0,312,3,34802.149083416,34802.149111044,23.395,23.4
-1.0,330,4,34802.289939669,34803.290227722,23.405,23.4
1.0,400,2,34805.284969813,34805.284969813,23.395,23.4
-1.0,713,10,34809.490218492,34813.623505768,23.405,23.39
1.0,1674,8,34822.580781558,34822.580803617,23.385,23.39
-1.0,6388,56,34822.939932034,34840.246887541,23.395,23.35
1.0,350,3,34841.645301883,34841.645301883,23.345,23.35
-1.0,583,6,34843.419529599,34843.419572128,23.355,23.35
1.0,654,6,34845.938532169,34845.938605965,23.345,23.35
-1.0,2042,15,34852.133424745,34852.133603584,23.355,23.35
1.0,247,1,34852.135147435,34852.135147435,23.355,23.355
-1.0,690,5,34852.135188793,34852.135188793,23.355,23.35
1.0,247,1,34852.136691338,34852.136691338,23.355,23.355
-1.0,340,2,34854.731220946,34854.731220946,23.355,23.35
1.0,550,3,34855.278432532,34855.278451426,23.345,23.35
-1.0,350,4,34857.632117402,34857.638736198,23.345,23.345
1.0,1157,8,34861.354900417,34861.354975495,23.345,23.35
-1.0,300,5,34864.546324363,34864.54662941,23.355,23.35
1.0,1479,10,34866.544914945,34866.547473473,23.345,23.355
-1.0,468,4,34867.798356761,34867.798356761,23.375,23.37
1.0,200,3,34874.029803456,34874.029818782,23.365,23.37
-1.0,3208,38,34875.018394642,34881.359967467,23.375,23.31
1.0,1421,9,34881.927774485,34881.927777771,23.305,23.31
-1.0,2100,5,34881.927804919,34881.928054678,23.31,23.305
1.0,2557,8,34882.071778633,34882.0911535,23.305,23.315
-1.0,2250,8,34883.100808282,34883.101067607,23.325,23.32
1.0,1600,10,34885.416811693,34887.474567034,23.315,23.34
-1.0,3057,13,34889.801466762,34889.802602782,23.355,23.35
1.0,300,3,34895.321951516,34895.321951516,23.335,23.34
-1.0,349,4,34896.275534157,34897.243109384,23.345,23.34
1.0,302,5,34898.478153889,34898.478382644,23.335,23.34
-1.0,650,5,34900.613661503,34900.990473921,23.345,23.335
1.0,200,4,34901.898278828,34901.898304492,23.335,23.34
-1.0,1700,12,34903.477387229,34908.595256171,23.345,23.32
1.0,953,9,34916.905392939,34916.905682555,23.315,23.32
-1.0,9443,78,34917.358088478,34931.83536953,23.325,23.27
1.0,1372,11,34931.846815912,34935.898832183,23.265,23.275
-1.0,1511,4,34938.060358842,34938.060358842,23.285,23.28
1.0,430,3,34938.717004974,34938.717029295,23.275,23.28
-1.0,512,3,34940.322192589,34940.322192589,23.285,23.28
1.0,1570,11,34944.158610155,34949.941399147,23.275,23.29
-1.0,251,3,34950.481532546,34950.481532546,23.285,23.28
1.0,2252,11,34950.498332967,34950.498548249,23.275,23.28
-1.0,5896,42,34951.152602829,34961.873201144,23.285,23.25
1.0,2659,12,34963.769176673,34966.085241439,23.245,23.26
-1.0,1970,10,34967.037836926,34967.038651643,23.265,23.26
1.0,3127,4,34968.542335752,34971.807318357,23.265,23.275
-1.0,3839,22,34976.720245758,34980.127948784,23.275,23.255
1.0,2476,14,34989.974376296,34989.974425077,23.255,23.26
-1.0,500,2,34989.974716371,34989.974716371,23.26,23.26
1.0,696,5,34991.611115408,34991.611115408,23.265,23.27
-1.0,500,1,34991.611324007,34991.611324007,23.275,23.275
1.0,3895,19,34991.750051148,34994.784489305,23.275,23.31
-1.0,5180,14,35000.43037952,35010.864170655,23.315,23.305
1.0,1299,10,35015.337470087,35015.338618085,23.305,23.32
-1.0,100,1,35015.338778533,35015.338778533,23.32,23.32
1.0,1250,7,35015.604384866,35017.38673842,23.315,23.33
-1.0,2250,4,35017.708001807,35017.708001807,23.335,23.33
1.0,2091,11,35017.827416919,35023.602686321,23.325,23.34
-1.0,1921,7,35023.666939771,35023.667047811,23.345,23.34
1.0,1447,7,35027.223929222,35028.549305396,23.345,23.35
-1.0,956,8,35029.396167588,35030.69442588,23.355,23.34
1.0,1850,10,35030.694883681,35030.696656879,23.335,23.34
-1.0,150,1,35031.165778465,35031.165778465,23.345,23.34
1.0,1350,6,35031.527820704,35031.528000812,23.335,23.34
-1.0,302,3,35031.587405714,35031.587405714,23.345,23.34
1.0,170,2,35032.321166791,35032.321166791,23.335,23.34
-1.0,632,7,35033.644359169,35035.322263071,23.345,23.345
1.0,500,5,35036.250534057,35036.250569771,23.345,23.35
-1.0,53,1,35036.476395983,35036.476395983,23.355,23.355
1.0,1115,5,35038.312279674,35038.312279674,23.355,23.36
-1.0,1100,3,35038.331413685,35038.331425386,23.365,23.36
1.0,150,1,35040.524827959,35040.524827959,23.355,23.36
-1.0,267,3,35041.251269642,35041.251269642,23.365,23.36
1.0,411,5,35043.223155968,35043.223155968,23.355,23.36
-1.0,150,1,35044.31624944,35044.31624944,23.365,23.36
1.0,272,3,35044.840444541,35044.840444541,23.355,23.36
-1.0,2346,6,35047.424727657,35053.429427329,23.365,23.35
1.0,438,8,35055.854667799,35055.855042525,23.345,23.35
-1.0,2162,13,35056.325876697,35060.491781827,23.355,23.31
1.0,2250,6,35060.492240303,35060.492240303,23.305,23.31
-1.0,883,7,35061.014287259,35064.264860712,23.31,23.29
1.0,3145,18,35064.265931404,35066.70529607,23.285,23.31
-1.0,2382,15,35066.705824966,35066.706246775,23.315,23.31
1.0,906,3,35066.709495779,35066.709495779,23.305,23.305
-1.0,4750,6,35067.923789728,35067.923813037,23.315,23.31
1.0,302,6,35074.157709659,35075.351857856,23.305,23.315
-1.0,5,1,35075.396883295,35075.396883295,23.32,23.32
1.0,14,1,35077.023421938,35077.023421938,23.325,23.325
-1.0,6400,10,35077.857867075,35077.858214069,23.335,23.33
1.0,300,4,35081.408537534,35081.408584491,23.325,23.33
-1.0,1,1,35087.545632957,35087.545632957,23.335,23.33
1.0,3352,9,35098.195917457,35098.196314005,23.325,23.34
-1.0,2032,22,35100.356437912,35101.014661446,23.345,23.31
1.0,850,7,35101.044036581,35101.044101069,23.305,23.31
-1.0,2983,12,35101.044811131,35101.536815811,23.315,23.3
1.0,2300,5,35101.537331291,35101.537406698,23.295,23.3
-1.0,100,1,35102.225489973,35102.225489973,23.305,23.305
1.0,1175,9,35102.679636857,35108.469348071,23.305,23.33
-1.0,1350,6,35110.432688537,35112.208323728,23.335,23.33
1.0,1238,6,35116.79954722,35116.79957168,23.325,23.33
-1.0,5709,26,35120.098848074,35125.630566022,23.335,23.27
1.0,1114,6,35127.005244946,35127.005776756,23.265,23.265
-1.0,1200,2,35129.204508042,35129.204515625,23.275,23.27
1.0,174,2,35129.743659332,35129.743659332,23.265,23.27
-1.0,24,1,35129.805881716,35129.805881716,23.275,23.27
1.0,100,1,35129.806044055,35129.806044055,23.27,23.27
-1.0,290,2,35130.207286793,35130.207286793,23.275,23.27
1.0,4,1,35130.720748175,35130.720748175,23.265,23.265
-1.0,2035,8,35131.732694907,35136.172256941,23.275,23.26
1.0,900,7,35137.142135036,35138.174280882,23.255,23.27
-1.0,407,4,35139.912763672,35139.912804391,23.275,23.27
1.0,948,8,35141.796200765,35141.796217661,23.265,23.27
-1.0,339,3,35143.772555588,35143.781067529,23.275,23.275
1.0,2195,14,35144.46206016,35154.401238041,23.275,23.31
-1.0,514,4,35155.292556826,35159.500155553,23.315,23.305
1.0,1304,8,35160.32603035,35160.814659142,23.305,23.32
-1.0,301,4,35162.358333379,35162.358333379,23.325,23.32
1.0,1101,11,35164.287121522,35164.287331232,23.325,23.33
-1.0,2936,17,35164.288195596,35166.891210835,23.335,23.3
1.0,3022,19,35170.079750963,35180.67670028,23.295,23.34
-1.0,2581,7,35180.929219344,35180.92926468,23.345,23.34
1.0,500,3,35181.550875055,35181.550910264,23.335,23.34
-1.0,1789,15,35182.735127246,35190.309754083,23.345,23.33
1.0,124,3,35190.555551305,35190.55557552,23.325,23.33
-1.0,5461,11,35190.572911013,35190.572920462,23.335,23.33
1.0,100,1,35190.573156931,35190.573156931,23.33,23.33
-1.0,672,6,35190.573352461,35191.643867991,23.335,23.325
1.0,800,6,35194.89472554,35196.924955907,23.315,23.33
-1.0,610,4,35203.927807353,35203.927829759,23.335,23.33
1.0,750,7,35205.861499887,35209.63602689,23.325,23.34
-1.0,1750,11,35210.908301723,35220.09728569,23.345,23.33
1.0,735,7,35221.807054347,35221.807054347,23.325,23.33
-1.0,294,5,35221.916883559,35223.826638138,23.325,23.32
1.0,211,3,35225.232302619,35226.254592256,23.315,23.325
-1.0,5316,12,35228.30077234,35231.073609185,23.325,23.31
1.0,2697,10,35233.819085435,35236.615853836,23.305,23.33
-1.0,3370,11,35239.011537567,35239.019569752,23.335,23.32
1.0,1500,4,35242.797156288,35248.313160812,23.315,23.33
-1.0,1248,9,35250.706464241,35254.32787156,23.345,23.34
1.0,200,2,35254.456161113,35254.841648565,23.33,23.33
-1.0,4742,13,35258.869279337,35262.301875177,23.335,23.3
1.0,200,1,35262.522862699,35262.522862699,23.295,23.295
-1.0,3376,28,35263.331054274,35267.050763388,23.295,23.27
1.0,651,7,35273.4267505,35276.284437349,23.265,23.28
-1.0,274,7,35277.122744045,35283.356366678,23.285,23.26
1.0,1199,13,35288.13852178,35293.387188484,23.255,23.27
-1.0,767,5,35295.834390223,35298.457562019,23.275,23.26
1.0,1300,14,35300.035637232,35303.575208634,23.255,23.26
-1.0,5136,20,35306.884102621,35314.650464272,23.265,23.235
1.0,1156,9,35316.017880692,35317.697776202,23.235,23.25
-1.0,936,6,35320.856449302,35321.416974465,23.255,23.24
1.0,1200,2,35325.14090713,35325.14090713,23.235,23.24
-1.0,7180,11,35330.25542713,35330.25542713,23.245,23.24
1.0,1626,6,35330.255478539,35330.255716325,23.245,23.245
-1.0,350,2,35330.27576543,35330.27576543,23.245,23.245
1.0,4243,24,35332.47594091,35345.323341654,23.245,23.28
-1.0,955,4,35345.551132344,35345.551472028,23.285,23.28
1.0,2328,17,35346.163890521,35348.591949389,23.275,23.31
-1.0,1800,9,35348.59752739,35348.597960301,23.315,23.31
1.0,524,6,35349.332863045,35349.332929752,23.305,23.31
-1.0,364,3,35351.601906662,35351.601906662,23.315,23.315
1.0,1445,7,35354.338359107,35354.354543402,23.305,23.32
-1.0,1372,14,35359.448926007,35365.782033043,23.325,23.29
1.0,971,7,35365.995389606,35371.567231894,23.285,23.3
-1.0,2855,8,35379.1759988,35381.085625391,23.305,23.27
1.0,5044,26,35381.803452212,35386.368632606,23.265,23.295
-1.0,2021,15,35386.368725122,35391.731697177,23.3,23.285
1.0,1137,8,35395.98463246,35395.987825931,23.285,23.3
-1.0,2077,9,35399.776318032,35400.914307796,23.305,23.28
1.0,332,5,35402.386306525,35405.110578317,23.275,23.29
-1.0,1517,10,35405.43290724,35413.429436223,23.295,23.27
1.0,531,5,35414.096265633,35416.144088904,23.265,23.27
-1.0,2266,20,35417.205983987,35431.296806793,23.275,23.24
1.0,1454,6,35432.939581613,35432.939581613,23.235,23.24
-1.0,8378,19,35433.787502691,35433.788057742,23.235,23.23
1.0,3800,8,35433.788992076,35434.70483325,23.235,23.24
-1.0,4,1,35436.987946013,35436.987946013,23.245,23.24
1.0,1534,6,35440.354691671,35440.354691671,23.235,23.24
-1.0,2777,4,35444.019290416,35445.022928321,23.245,23.225
1.0,1158,5,35448.507713955,35448.507713955,23.225,23.23
-1.0,9411,28,35449.506995896,35451.651989518,23.235,23.21
1.0,4425,18,35451.652528928,35451.652667519,23.21,23.215
-1.0,500,1,35451.652750761,35451.652750761,23.215,23.215
1.0,9320,16,35451.652843047,35460.031774385,23.215,23.25
-1.0,3314,4,35461.370715772,35461.371125514,23.255,23.25
1.0,508,3,35461.653973559,35461.653973559,23.245,23.25
-1.0,1545,5,35467.393953076,35467.393953076,23.255,23.25
1.0,1837,10,35467.407840476,35467.421457557,23.245,23.245
-1.0,2029,12,35468.238851,35468.53234036,23.255,23.25
1.0,1450,10,35468.622001924,35468.644330832,23.245,23.245
-1.0,451,3,35471.532557116,35471.533190744,23.255,23.25
1.0,1306,10,35471.542986271,35471.555247891,23.245,23.245
-1.0,2918,5,35471.664947535,35471.66496331,23.255,23.25
1.0,215,3,35472.984840806,35473.958739697,23.245,23.25
-1.0,2742,11,35475.695008987,35481.510793229,23.255,23.24
1.0,2265,18,35484.595345537,35495.954085118,23.235,23.265
-1.0,790,4,35500.145887794,35500.145896448,23.265,23.26
1.0,694,3,35501.560609943,35501.560609943,23.255,23.26
-1.0,7985,17,35516.12823267,35517.386234256,23.255,23.245
1.0,1818,10,35520.981190911,35521.940985902,23.245,23.26
-1.0,753,8,35527.438026617,35530.491659715,23.265,23.25
1.0,2652,14,35530.570328081,35530.833416454,23.245,23.25
-1.0,1551,12,35535.775553416,35537.136136102,23.255,23.24
1.0,450,4,35538.938260798,35538.938288544,23.235,23.24
-1.0,1290,7,35544.247971434,35544.269886989,23.245,23.245
1.0,52,1,35544.697022611,35544.697022611,23.245,23.245
-1.0,6846,13,35551.842609124,35554.35370554,23.235,23.22
1.0,699,7,35555.322768584,35564.103209072,23.225,23.22
-1.0,10705,47,35567.455308793,35579.198843113,23.225,23.19
1.0,858,5,35579.44069055,35579.440951696,23.185,23.19
-1.0,6017,21,35579.470613091,35580.496058373,23.185,23.185
1.0,3040,11,35581.721868667,35589.209013616,23.175,23.19
-1.0,50,1,35592.617452648,35592.617452648,23.185,23.185
1.0,300,1,35592.978926452,35592.978926452,23.185,23.19
-1.0,6568,18,35596.697775733,35600.758196734,23.195,23.17
1.0,1115,7,35603.652770602,35607.448304651,23.165,23.18
-1.0,100,1,35608.147540529,35608.147540529,23.185,23.185
1.0,770,6,35610.059486778,35610.059486778,23.185,23.19
-1.0,503,4,35610.963078764,35610.963078764,23.195,23.19
1.0,2089,13,35614.93768251,35615.567229204,23.185,23.2
-1.0,1458,8,35621.411061898,35621.411657296,23.205,23.2
1.0,8707,22,35622.191444951,35634.577645396,23.195,23.23
-1.0,6631,23,35636.25371776,35645.502176211,23.235,23.205
1.0,2100,8,35646.618652482,35646.618971113,23.205,23.21
-1.0,3388,10,35651.626047687,35652.366280094,23.215,23.2
1.0,2719,19,35653.402243262,35653.402701514,23.19,23.2
-1.0,1233,13,35653.590144277,35654.026095102,23.205,23.205
1.0,800,2,35654.026853799,35654.026853799,23.195,23.2
-1.0,6,1,35654.481535606,35654.481535606,23.205,23.205
1.0,900,4,35654.991462799,35654.991749113,23.195,23.2
-1.0,405,3,35655.301887547,35657.325102795,23.205,23.205
1.0,507,4,35666.119939657,35666.119939657,23.195,23.2
-1.0,358,3,35667.385940459,35667.385940459,23.205,23.2
1.0,72,1,35667.908473084,35667.908473084,23.205,23.205
-1.0,5240,19,35669.027357136,35694.848988147,23.205,23.18
1.0,1197,7,35694.912906896,35694.913203546,23.175,23.18
-1.0,3080,8,35695.325917043,35696.994115298,23.185,23.17
1.0,3835,22,35704.108771901,35705.186604042,23.165,23.19
-1.0,11471,24,35706.857009381,35706.881983948,23.195,23.175
1.0,200,2,35706.88304495,35706.883470274,23.175,23.175
-1.0,1861,7,35706.899538902,35706.899823507,23.175,23.17
1.0,100,1,35706.900111876,35706.900111876,23.17,23.17
-1.0,436,9,35706.9170017,35706.997852989,23.175,23.175
1.0,100,1,35707.002544744,35707.002544744,23.175,23.175
-1.0,495,3,35707.154460351,35707.154483449,23.175,23.165
1.0,2804,10,35707.15551047,35707.155549384,23.165,23.17
-1.0,9959,30,35707.228965064,35710.938767752,23.175,23.15
1.0,3524,17,35710.940190415,35710.942479504,23.145,23.15
-1.0,57,1,35711.208328969,35711.208328969,23.155,23.15
1.0,3313,27,35711.524614101,35715.340674357,23.145,23.165
-1.0,411,2,35715.341617894,35715.341617894,23.175,23.17
1.0,800,9,35719.64633002,35719.646765511,23.165,23.17
-1.0,7050,22,35719.647624928,35719.772568464,23.175,23.175
1.0,430,3,35720.661313373,35720.661637553,23.175,23.18
-1.0,986,10,35726.352804358,35733.0153008,23.185,23.16
1.0,550,3,35735.194939992,35735.194939992,23.155,23.16
-1.0,20,3,35748.474975484,35748.474975484,23.165,23.16
1.0,2159,14,35748.485845516,35749.636131166,23.155,23.16
-1.0,600,3,35751.064419754,35751.064419754,23.165,23.16
1.0,918,7,35752.755381419,35753.280003097,23.155,23.17
-1.0,3792,6,35753.663506332,35753.663506332,23.175,23.17
1.0,450,3,35754.09397531,35754.094018642,23.165,23.17
-1.0,3400,15,35758.396169964,35760.324297842,23.175,23.175
1.0,460,3,35760.698173397,35760.698194357,23.165,23.17
-1.0,421,4,35761.109553851,35761.110839367,23.175,23.165
1.0,11324,51,35765.042341987,35766.722275577,23.165,23.215
-1.0,650,4,35766.935508447,35767.298881848,23.215,23.21
1.0,1119,4,35767.524614811,35767.524614811,23.205,23.21
-1.0,1400,8,35769.13089033,35776.84199285,23.215,23.19
1.0,7129,25,35776.842315196,35782.988765379,23.185,23.21
-1.0,963,7,35783.611629113,35785.587944379,23.215,23.21
1.0,2000,6,35785.588289829,35785.590308067,23.21,23.215
-1.0,1060,6,35785.693845458,35790.440283753,23.215,23.21
1.0,3892,21,35790.440629826,35795.101008749,23.205,23.235
-1.0,1714,8,35796.231987253,35796.231990393,23.235,23.23
1.0,500,2,35796.23231048,35796.23231048,23.23,23.23
-1.0,400,3,35796.234296293,35796.234318373,23.235,23.23
1.0,612,3,35797.029010602,35797.697695007,23.225,23.24
-1.0,7358,32,35799.44516684,35822.317043705,23.245,23.23
1.0,200,3,35822.317413503,35822.317413503,23.23,23.23
-1.0,948,9,35823.985689744,35826.694632007,23.235,23.235
1.0,1761,14,35827.757291338,35827.815873142,23.235,23.25
-1.0,1140,4,35828.894719586,35828.894719586,23.255,23.25
1.0,500,5,35832.303642515,35832.303670742,23.245,23.25
-1.0,3333,10,35837.429938054,35838.572739252,23.255,23.24
1.0,700,6,35840.143549331,35846.840176092,23.235,23.25
-1.0,1785,7,35847.641965729,35852.868826178,23.255,23.245
1.0,1141,10,35854.857164629,35855.494040529,23.235,23.25
-1.0,5052,17,35856.16921175,35872.507752409,23.255,23.23
1.0,4702,15,35874.251062052,35874.254817257,23.225,23.24
-1.0,1910,6,35874.258748844,35874.683764965,23.235,23.23
1.0,1063,5,35877.432050584,35877.432089296,23.225,23.23
-1.0,16958,14,35881.492968783,35884.46333475,23.235,23.2
1.0,3899,9,35884.466051468,35885.016956026,23.2,23.2
-1.0,1060,4,35895.163191098,35895.163721468,23.205,23.2
1.0,1641,8,35895.168152787,35897.490574146,23.195,23.2
-1.0,1000,2,35899.340260388,35899.340260388,23.205,23.2
1.0,2472,9,35899.959565636,35902.26955249,23.2,23.195
-1.0,2557,7,35903.6315485,35903.631551637,23.195,23.195
1.0,179,5,35906.61299624,35906.613280668,23.185,23.19
-1.0,5350,11,35907.073228496,35916.039702654,23.195,23.19
1.0,836,5,35916.039974658,35916.039999745,23.185,23.19
-1.0,8038,11,35916.058355301,35916.815922674,23.195,23.195
1.0,1805,17,35918.350150964,35919.180283533,23.195,23.21
-1.0,14940,30,35922.352685394,35922.406493853,23.215,23.19
1.0,1064,4,35922.406867151,35922.406949226,23.185,23.19
-1.0,8316,21,35922.414021627,35922.438235754,23.195,23.18
1.0,145,1,35922.720171007,35922.720171007,23.185,23.19
-1.0,1813,6,35924.168645168,35924.168647936,23.195,23.195
1.0,100,1,35924.190843888,35924.190843888,23.185,23.19
-1.0,187,3,35924.197432872,35924.207858478,23.195,23.19
1.0,63,1,35924.218773738,35924.218773738,23.185,23.19
-1.0,920,5,35929.376051815,35929.376051815,23.195,23.19
1.0,1963,6,35929.39971442,35929.39971442,23.175,23.18
-1.0,115,2,35929.40965397,35929.40965397,23.185,23.18
1.0,875,4,35929.409923206,35929.409923206,23.175,23.18
-1.0,3703,7,35929.424062651,35929.424062651,23.185,23.18
1.0,917,2,35929.458130127,35929.458149424,23.175,23.175
-1.0,714,5,35929.464677851,35929.464677851,23.185,23.18
1.0,800,1,35929.477599313,35929.477599313,23.175,23.18
-1.0,806,4,35929.483120226,35929.49060007,23.185,23.18
1.0,866,2,35929.49569106,35929.495714865,23.175,23.175
-1.0,66,1,35929.515158225,35929.515158225,23.175,23.175
1.0,750,4,35929.515374491,35929.515374491,23.175,23.175
-1.0,5783,15,35929.515532023,35929.515541105,23.175,23.17
1.0,3691,7,35929.515563467,35929.517391293,23.17,23.18
-1.0,2565,8,35929.538503688,35929.563467862,23.185,23.175
1.0,837,7,35929.569829247,35929.569946152,23.175,23.18
-1.0,446,6,35937.805115273,35937.824796597,23.185,23.17
1.0,150,4,35937.824930115,35937.824950107,23.165,23.17
-1.0,11360,22,35937.837758361,35937.874169338,23.175,23.16
1.0,300,1,35937.874571962,35937.874571962,23.165,23.165
-1.0,2907,7,35937.917701307,35937.952676842,23.165,23.16
1.0,74,2,35937.952922998,35937.952929989,23.155,23.16
-1.0,1908,7,35937.964723396,35937.973640975,23.165,23.165
1.0,4,1,35938.917016029,35938.917016029,23.165,23.165
-1.0,947,13,35942.904328399,35942.94327031,23.165,23.15
1.0,4255,15,35942.94348358,35942.943854445,23.15,23.155
-1.0,3786,11,35942.973111799,35942.983915603,23.165,23.16
1.0,1101,4,35942.983971185,35942.984012981,23.155,23.16
-1.0,190,2,35942.990914812,35942.990914812,23.165,23.16
1.0,1451,4,35942.991087942,35942.991152821,23.155,23.16
-1.0,1491,5,35942.998481233,35943.031766599,23.165,23.15
1.0,200,1,35943.040899665,35943.040899665,23.155,23.155
-1.0,1515,4,35943.049613764,35943.049613764,23.155,23.15
1.0,1021,2,35943.060993299,35943.061132815,23.145,23.15
-1.0,49,1,35943.069777772,35943.069777772,23.155,23.15
1.0,217,4,35943.07022447,35943.07022447,23.145,23.15
-1.0,1661,6,35943.083063913,35943.092427454,23.155,23.15
1.0,131,2,35943.092485497,35943.095185391,23.145,23.155
-1.0,998,4,35943.100272671,35943.113555206,23.155,23.15
1.0,2315,21,35944.526351896,35960.17944231,23.155,23.175
-1.0,5166,28,35962.058760457,35964.40750714,23.175,23.13
1.0,1650,7,35964.424388929,35964.424649545,23.125,23.13
-1.0,1137,8,35965.003643992,35965.013316761,23.135,23.13
1.0,4952,19,35965.020084035,35967.312451848,23.13,23.16
-1.0,1012,5,35976.105062099,35976.350674417,23.165,23.16
1.0,819,7,35978.779540923,35978.779577879,23.155,23.16
-1.0,950,3,35979.270030569,35979.800455247,23.165,23.16
1.0,1337,13,35980.277047668,35980.277147486,23.155,23.16
-1.0,58,1,35980.277187913,35980.277187913,23.16,23.16
1.0,500,3,35980.277403662,35982.268047345,23.155,23.17
-1.0,100,1,35982.578749305,35982.578749305,23.175,23.175
1.0,6352,22,35982.579176691,35986.028426853,23.165,23.185
-1.0,150,1,35986.033757226,35986.033757226,23.195,23.19
1.0,149,2,35986.03392091,35986.043869138,23.19,23.185
-1.0,5270,19,35986.323087679,35995.255731944,23.185,23.15
1.0,1585,10,35997.197695657,35999.376323548,23.145,23.16
-1.0,10989,48,35999.844250029,36001.102304177,23.165,23.11
1.0,526,6,36001.107400843,36001.154627236,23.105,23.11
-1.0,10433,51,36001.414178773,36001.584424117,23.105,23.09
1.0,900,6,36001.585633629,36001.586263798,23.085,23.09
-1.0,362,2,36001.627844999,36001.627844999,23.095,23.09
1.0,973,4,36001.627908999,36002.310642562,23.085,23.1
-1.0,400,1,36002.312569492,36002.312569492,23.105,23.1
1.0,350,3,36002.317035079,36002.394415432,23.095,23.095
-1.0,1061,18,36002.888377983,36003.01533386,23.095,23.075
1.0,1436,17,36003.291172582,36004.336650531,23.075,23.13
-1.0,151,3,36004.517989905,36004.518028356,23.135,23.13
1.0,773,7,36004.518259376,36004.518283145,23.125,23.13
-1.0,589,4,36004.518690267,36004.519607164,23.135,23.135
1.0,1120,13,36004.687558935,36004.883220134,23.135,23.16
-1.0,3,1,36004.971443411,36004.971443411,23.165,23.165
1.0,1551,7,36004.972369073,36005.031836666,23.155,23.17
-1.0,200,2,36005.032094828,36005.032172521,23.17,23.165
1.0,322,3,36005.032192535,36005.032192535,23.165,23.17
-1.0,300,3,36005.03226025,36005.032420238,23.165,23.165
1.0,100,1,36005.032504746,36005.032504746,23.165,23.17
-1.0,100,1,36005.032520164,36005.032520164,23.17,23.17
1.0,68,1,36005.034036788,36005.034036788,23.165,23.17
-1.0,600,2,36005.034088994,36005.03435213,23.175,23.17
1.0,200,2,36005.035474178,36005.035647475,23.165,23.17
-1.0,2325,8,36005.035770496,36005.046941035,23.17,23.16
1.0,822,6,36005.09239825,36005.102553959,23.165,23.18
-1.0,590,3,36005.102955233,36005.102955233,23.185,23.18
1.0,130,3,36005.10354634,36005.10354634,23.175,23.18
-1.0,63,2,36005.103756649,36005.103999296,23.185,23.18
1.0,207,5,36005.104432257,36005.104725875,23.175,23.18
-1.0,13,1,36005.105768896,36005.105768896,23.185,23.18
1.0,400,10,36005.105972756,36005.106149374,23.175,23.18
-1.0,639,7,36005.106240615,36005.107063111,23.185,23.18
1.0,196,4,36005.107105847,36005.107721992,23.175,23.18
-1.0,156,2,36005.108274514,36005.108287602,23.185,23.185
1.0,221,2,36005.109784887,36005.109784887,23.175,23.18
-1.0,500,3,36005.110025952,36005.110721043,23.185,23.18
1.0,1258,5,36005.110947937,36005.110974724,23.175,23.18
-1.0,173,2,36005.111171874,36005.111273667,23.185,23.18
1.0,573,3,36005.111506271,36005.111528745,23.175,23.18
-1.0,973,4,36005.111728072,36005.111856825,23.185,23.18
1.0,500,2,36005.112085956,36005.112085956,23.175,23.18
-1.0,837,4,36005.112572563,36005.112572563,23.185,23.18
1.0,678,4,36005.112802091,36005.11283931,23.175,23.18
-1.0,188,2,36005.12586028,36005.12586028,23.185,23.18
1.0,409,2,36005.126524283,36005.126524283,23.175,23.18
-1.0,64,3,36005.126868914,36005.126868914,23.185,23.18
1.0,937,5,36005.127176818,36005.127198374,23.175,23.18
-1.0,14,2,36005.130164838,36005.134719027,23.185,23.18
1.0,149,6,36005.170192915,36005.170192915,23.175,23.18
-1.0,499,4,36005.170260537,36005.170838149,23.185,23.18
1.0,88,1,36005.378796037,36005.378796037,23.175,23.18
-1.0,444,4,36005.378843152,36005.378924709,23.185,23.18
1.0,731,3,36005.378976118,36005.379241323,23.175,23.18
-1.0,500,1,36005.379305696,36005.379305696,23.185,23.18
1.0,573,2,36005.379368976,36005.379368976,23.175,23.18
-1.0,500,1,36005.37944968,36005.37944968,23.185,23.18
1.0,869,3,36005.379480541,36005.379985341,23.18,23.18
-1.0,158,3,36005.394215265,36005.400156821,23.185,23.185
1.0,940,4,36005.422340498,36005.422340498,23.185,23.19
-1.0,444,2,36005.423147427,36005.432386231,23.195,23.19
1.0,2710,11,36005.432724996,36005.472899626,23.185,23.19
-1.0,473,2,36005.473680392,36005.473691056,23.195,23.19
1.0,100,1,36005.534324779,36005.534324779,23.185,23.19
-1.0,373,2,36005.534385502,36005.534826434,23.195,23.19
1.0,300,1,36005.534881489,36005.534881489,23.185,23.19
-1.0,300,1,36005.534945775,36005.534945775,23.195,23.19
1.0,248,3,36005.53515124,36005.535153512,23.185,23.19
-1.0,300,1,36005.535214803,36005.535214803,23.195,23.19
1.0,609,8,36005.535280448,36005.53538034,23.185,23.19
-1.0,566,9,36005.535634704,36005.535869563,23.195,23.19
1.0,300,1,36005.536299099,36005.536299099,23.185,23.19
-1.0,300,1,36005.536352273,36005.536352273,23.195,23.19
1.0,400,2,36005.536412097,36005.53641911,23.185,23.19
-1.0,860,6,36005.53647634,36005.537554307,23.195,23.19
1.0,200,2,36005.539382735,36005.539454065,23.185,23.19
-1.0,533,3,36005.539694146,36005.539971716,23.195,23.19
1.0,760,4,36005.540068323,36005.540117305,23.185,23.19
-1.0,1176,10,36005.541202943,36005.560461443,23.195,23.18
1.0,100,1,36005.620642261,36005.620642261,23.175,23.18
-1.0,1241,8,36005.625566821,36005.634163699,23.185,23.18
1.0,395,4,36005.655478098,36005.684010387,23.175,23.19
-1.0,100,2,36005.684745273,36005.684770922,23.195,23.19
1.0,300,1,36005.684976967,36005.684976967,23.185,23.19
-1.0,315,2,36005.685063789,36005.686523486,23.195,23.19
1.0,46,1,36005.718955663,36005.718955663,23.185,23.19
-1.0,329,5,36005.7190212,36005.721851754,23.195,23.19
1.0,530,7,36005.742044558,36005.742044558,23.195,23.2
-1.0,150,1,36005.747657247,36005.747657247,23.215,23.21
1.0,189,2,36005.758025545,36005.758025545,23.205,23.21
-1.0,210,1,36005.758087488,36005.758087488,23.215,23.21
1.0,100,1,36005.760654393,36005.760654393,23.205,23.21
-1.0,169,2,36005.760708039,36005.761808112,23.215,23.21
1.0,400,3,36005.76611686,36005.76611686,23.205,23.21
-1.0,50,1,36005.766177038,36005.766177038,23.215,23.21
1.0,300,2,36005.76642941,36005.76642941,23.205,23.21
-1.0,250,2,36005.782556597,36005.782583297,23.215,23.21
1.0,685,6,36005.861577875,36005.871287368,23.205,23.21
-1.0,470,2,36005.871352005,36005.871393829,23.215,23.21
1.0,750,5,36005.87175483,36005.87175483,23.205,23.21
-1.0,450,4,36005.872393051,36005.872498131,23.215,23.21
1.0,800,3,36005.87291991,36005.872961461,23.205,23.21
-1.0,556,6,36005.873096496,36005.873466971,23.21,23.21
1.0,100,1,36005.873572708,36005.873572708,23.205,23.21
-1.0,1200,9,36005.873697315,36005.873950987,23.215,23.215
1.0,200,2,36005.873961617,36005.873987108,23.215,23.215
-1.0,100,1,36005.87409925,36005.87409925,23.215,23.21
1.0,100,1,36005.874217619,36005.874217619,23.21,23.21
-1.0,282,2,36005.874487494,36005.874487494,23.215,23.215
1.0,5,1,36005.874583809,36005.874583809,23.205,23.21
-1.0,682,7,36005.874978809,36005.877574588,23.215,23.21
1.0,288,4,36005.88060183,36005.881295823,23.205,23.21
-1.0,285,4,36005.881421227,36005.881421227,23.215,23.21
1.0,405,3,36005.881615798,36005.881615798,23.205,23.21
-1.0,200,1,36005.881676611,36005.881676611,23.215,23.21
1.0,48,1,36005.882706512,36005.882706512,23.205,23.21
-1.0,63,2,36005.899490689,36005.905147768,23.205,23.205
1.0,170,2,36005.933707907,36005.933707907,23.205,23.21
-1.0,277,3,36005.933800908,36005.933912963,23.215,23.21
1.0,66,1,36005.948660895,36005.948660895,23.205,23.21
-1.0,310,3,36005.9487361,36005.948863968,23.215,23.21
1.0,1280,7,36006.018496941,36006.049681199,23.205,23.22
-1.0,169,3,36006.168665271,36006.288115477,23.225,23.225
1.0,550,6,36006.357501585,36006.444035145,23.225,23.24
-1.0,982,8,36006.444317003,36006.483328624,23.245,23.24
1.0,72658,21,36006.50184846,36006.503220289,23.24,23.26
-1.0,109,1,36006.503276489,36006.503276489,23.26,23.26
1.0,4041,2,36006.503488936,36006.503488936,23.255,23.26
-1.0,1991,17,36006.503717111,36006.504681885,23.265,23.25
1.0,179,4,36006.583184702,36007.32332262,23.245,23.26
-1.0,326,3,36007.323651659,36007.323673351,23.265,23.26
1.0,800,11,36007.328163166,36007.344216473,23.255,23.255
-1.0,104,2,36007.35217074,36007.352661667,23.265,23.26
1.0,300,4,36007.353331112,36007.353331112,23.255,23.255
-1.0,73,1,36007.354060888,36007.354060888,23.265,23.26
1.0,1200,14,36007.365713484,36007.38634082,23.255,23.255
-1.0,2699,17,36007.42322095,36009.755233331,23.255,23.21
1.0,743,7,36009.755290145,36009.755323306,23.205,23.21
-1.0,900,4,36009.755846145,36009.755846145,23.215,23.215
1.0,100,1,36009.831638492,36009.831638492,23.215,23.215
-1.0,482,6,36010.100420317,36010.235497133,23.215,23.205
1.0,763,9,36010.346348017,36011.499786136,23.185,23.21
-1.0,530,3,36011.761616027,36011.761616027,23.215,23.21
1.0,970,5,36012.021106042,36013.754621184,23.205,23.23
-1.0,100,1,36013.755471877,36013.755471877,23.245,23.24
1.0,995,12,36014.194654265,36015.305759165,23.235,23.25
-1.0,260,3,36016.266485076,36016.266485076,23.255,23.25
1.0,2784,12,36016.267350216,36018.193889312,23.245,23.27
-1.0,1161,11,36018.194894071,36018.569819643,23.275,23.26
1.0,85,5,36018.930583378,36019.880554537,23.255,23.26
-1.0,861,7,36019.882142558,36019.882142558,23.265,23.26
1.0,611,7,36020.706217141,36020.832602317,23.255,23.265
-1.0,2380,6,36020.833590394,36020.833590394,23.265,23.26
1.0,2556,12,36021.013122903,36021.051868269,23.255,23.28
-1.0,1095,8,36021.182199309,36021.189307521,23.285,23.285
1.0,650,4,36021.836672147,36021.836691627,23.285,23.29
-1.0,234,1,36021.836991457,36021.836991457,23.29,23.29
1.0,504,3,36021.837145774,36021.837145774,23.285,23.29
-1.0,730,2,36022.594513111,36022.594513111,23.295,23.29
1.0,47,1,36022.921803768,36022.921803768,23.275,23.275
-1.0,1937,12,36023.429918924,36025.912322788,23.275,23.265
1.0,791,4,36026.024888942,36026.024888942,23.255,23.26
-1.0,546,2,36026.025230789,36026.093534835,23.26,23.265
1.0,1350,4,36026.796422815,36028.720453505,23.265,23.28
-1.0,500,3,36028.720722716,36028.720722716,23.28,23.28
1.0,6591,20,36030.728879594,36030.806914503,23.285,23.3
-1.0,851,4,36030.904439303,36030.904439303,23.305,23.3
1.0,1300,6,36030.904915921,36031.036016252,23.295,23.3
-1.0,678,3,36031.799231855,36032.924026711,23.305,23.3
1.0,552,5,36036.200715815,36043.253116027,23.275,23.29
-1.0,2621,16,36043.453394034,36049.590376354,23.295,23.27
1.0,61,1,36049.596323423,36049.596323423,23.27,23.27
-1.0,2976,12,36049.620167431,36050.505231008,23.275,23.26
1.0,3325,10,36050.973006493,36053.983363892,23.255,23.28
-1.0,4115,6,36057.007576717,36060.402452176,23.275,23.25
1.0,1782,10,36060.530994216,36060.534028352,23.245,23.26
-1.0,145,1,36062.581044041,36062.581044041,23.265,23.26
1.0,341,4,36063.931248722,36063.931281563,23.255,23.26
-1.0,1354,6,36066.587948071,36066.587948071,23.255,23.255
1.0,1917,10,36068.731203681,36068.731210302,23.245,23.245
-1.0,200,3,36068.732587862,36068.732587862,23.25,23.25
1.0,399,3,36069.962358886,36069.962763446,23.245,23.245
-1.0,196,2,36071.439210513,36071.484895065,23.245,23.24
1.0,262,7,36072.637484461,36075.616600254,23.235,23.25
-1.0,870,12,36078.436453988,36081.904751647,23.255,23.24
1.0,750,4,36083.010212851,36083.010212851,23.235,23.24
-1.0,3489,12,36085.365289143,36085.368184278,23.245,23.235
1.0,2078,18,36086.141888792,36102.395876843,23.225,23.27
-1.0,1458,7,36102.737144202,36107.206059807,23.275,23.24
1.0,1579,8,36107.927431558,36108.537907454,23.235,23.24
-1.0,221,2,36109.273014959,36109.273035106,23.245,23.24
1.0,2362,7,36109.273391465,36109.273391465,23.235,23.24
-1.0,363,4,36110.062647028,36110.526275396,23.245,23.23
1.0,200,1,36111.187877494,36111.187877494,23.225,23.23
-1.0,300,4,36113.97913422,36113.97913422,23.235,23.235
1.0,100,1,36114.930386578,36114.930386578,23.23,23.23
-1.0,2822,3,36114.971956726,36114.971956726,23.225,23.22
1.0,3030,14,36114.972868518,36114.974402241,23.215,23.22
-1.0,984,2,36114.995658228,36114.995658228,23.225,23.225
1.0,5712,24,36116.081380082,36118.514373945,23.225,23.25
-1.0,125,2,36120.118473161,36120.118473161,23.255,23.25
1.0,831,10,36122.069007786,36123.692270989,23.245,23.255
-1.0,3556,21,36124.246945614,36131.252325124,23.255,23.22
1.0,1141,9,36132.128577064,36139.972883556,23.215,23.24
-1.0,152,3,36146.886441222,36146.886843088,23.235,23.23
1.0,7,4,36149.976197328,36151.356127852,23.225,23.225
-1.0,3902,7,36153.657934627,36154.919544044,23.225,23.21
1.0,136,1,36155.31034693,36155.31034693,23.205,23.205
-1.0,700,3,36156.442170395,36156.442170395,23.215,23.21
1.0,2508,14,36160.436019529,36160.436835587,23.205,23.205
-1.0,10314,11,36162.881912192,36162.882447903,23.205,23.2
1.0,1463,16,36165.892324973,36175.471364511,23.195,23.21
-1.0,1169,6,36175.99021576,36175.99021576,23.215,23.215
1.0,568,5,36180.949743503,36180.94977878,23.215,23.22
-1.0,1265,5,36184.00486464,36184.00486464,23.225,23.22
1.0,1391,7,36184.005114768,36184.861048409,23.215,23.22
-1.0,191,2,36186.185819258,36186.606389567,23.225,23.22
1.0,200,2,36188.78984638,36188.78984638,23.215,23.22
-1.0,1023,8,36191.108009315,36191.839486459,23.225,23.215
1.0,1010,14,36195.923585817,36202.012016916,23.215,23.245
-1.0,997,6,36203.758713225,36203.758713225,23.245,23.245
1.0,761,9,36206.873757025,36207.441747611,23.245,23.255
-1.0,4041,21,36208.24156119,36222.182026845,23.255,23.225
1.0,150,1,36222.182317516,36222.182317516,23.225,23.225
-1.0,1058,5,36222.351058552,36222.373513821,23.225,23.225
1.0,1941,17,36227.454591326,36233.642914526,23.225,23.255
-1.0,2671,23,36244.101700119,36249.135072329,23.255,23.235
1.0,100,1,36249.202637989,36249.202637989,23.235,23.235
-1.0,8,1,36249.588608664,36249.588608664,23.235,23.235
1.0,100,1,36249.60360234,36249.60360234,23.23,23.23
-1.0,6,1,36250.015876321,36250.015876321,23.235,23.235
1.0,50,1,36250.262172698,36250.262172698,23.235,23.235
-1.0,103,2,36250.278111437,36251.369045615,23.235,23.23
1.0,1005,7,36252.81460107,36255.334920931,23.225,23.235
-1.0,100,1,36258.129508876,36258.129508876,23.235,23.23
1.0,4803,17,36258.130137562,36261.380418505,23.225,23.24
-1.0,2629,21,36261.483914662,36262.972377699,23.245,23.22
1.0,6180,30,36271.964480682,36274.424391852,23.215,23.25
-1.0,2287,35,36277.830006624,36282.434470244,23.255,23.24
1.0,1723,19,36284.98882366,36290.515162155,23.235,23.26
-1.0,4272,18,36298.75831429,36300.951631868,23.265,23.24
1.0,3535,15,36301.748218118,36301.74829996,23.235,23.24
-1.0,86,1,36301.867125913,36301.867125913,23.235,23.235
1.0,14,1,36302.233709863,36302.233709863,23.235,23.24
-1.0,450,3,36303.022093863,36304.693269218,23.245,23.24
1.0,100,2,36309.150283715,36309.15075374,23.235,23.24
-1.0,8857,12,36310.860478168,36310.863837287,23.245,23.245
1.0,486,3,36312.066791451,36312.066791451,23.235,23.24
-1.0,150,1,36313.371990627,36313.371990627,23.245,23.245
1.0,401,3,36315.203702461,36318.823890478,23.235,23.25
-1.0,450,3,36323.872552517,36323.872552517,23.255,23.25
1.0,100,1,36325.713103629,36325.713103629,23.245,23.25
-1.0,13779,38,36326.506339766,36346.817608468,23.245,23.21
1.0,2930,14,36350.10582843,36350.106461936,23.205,23.21
-1.0,4183,9,36360.774549619,36360.774578163,23.205,23.2
1.0,9,1,36360.775099753,36360.775099753,23.195,23.195
-1.0,3351,28,36361.356787301,36377.891591883,23.195,23.165
1.0,2600,16,36379.539353815,36379.539364715,23.165,23.165
-1.0,529,4,36379.53945693,36379.53945693,23.17,23.17
1.0,489,1,36379.540278199,36379.540278199,23.165,23.165
-1.0,3296,23,36382.68494691,36385.892997479,23.165,23.15
1.0,827,7,36386.929439408,36388.052352622,23.145,23.16
-1.0,5240,15,36395.670473874,36400.192056288,23.165,23.135
1.0,150,1,36400.192250707,36400.192250707,23.135,23.135
-1.0,660,6,36400.194195751,36401.959491291,23.135,23.135
1.0,3609,18,36403.924213035,36406.494450409,23.125,23.13
-1.0,4985,7,36408.637732968,36408.63776194,23.135,23.13
1.0,1092,8,36411.639283599,36411.63928691,23.125,23.13
-1.0,400,2,36412.88746845,36412.88746845,23.135,23.135
1.0,1009,9,36413.467507272,36414.887970904,23.125,23.14
-1.0,311,6,36421.192449406,36424.088506417,23.135,23.12
1.0,565,5,36426.823538123,36426.823538123,23.115,23.12
-1.0,1150,8,36427.426321422,36438.977128949,23.125,23.11
1.0,1821,12,36445.225787976,36451.027294381,23.105,23.12
-1.0,3841,32,36454.899905723,36471.237636351,23.125,23.09
1.0,1501,11,36471.238117515,36480.8367812,23.085,23.09
-1.0,700,2,36481.754338257,36481.754338257,23.095,23.095
1.0,1667,16,36483.718278637,36494.466429303,23.085,23.1
-1.0,610,2,36494.83037068,36494.83037068,23.105,23.1
1.0,1131,12,36495.274158414,36501.072525119,23.095,23.11
-1.0,9411,21,36502.418836468,36525.964151159,23.115,23.09
1.0,300,3,36525.980310947,36525.980310947,23.095,23.095
-1.0,233,3,36526.34599794,36526.358661126,23.095,23.095
1.0,2067,16,36527.71940901,36527.720643554,23.085,23.085
-1.0,8899,40,36529.038366261,36551.230371048,23.095,23.06
1.0,550,3,36551.236719789,36551.236719789,23.065,23.065
-1.0,452,3,36552.064913009,36552.064913009,23.065,23.06
1.0,91,1,36552.242347362,36552.242347362,23.065,23.065
-1.0,16434,44,36554.118416356,36555.72902526,23.065,23.04
1.0,1300,9,36555.730441188,36555.730610042,23.035,23.04
-1.0,2087,3,36556.810882911,36556.810882911,23.045,23.04
1.0,56,1,36556.811146497,36556.811146497,23.035,23.035
-1.0,1174,6,36559.482840247,36559.482840247,23.035,23.035
1.0,300,2,36561.265149814,36561.265149814,23.025,23.025
-1.0,1002,8,36561.289037343,36561.303741654,23.025,23.025
1.0,659,7,36561.308303449,36561.442184093,23.015,23.02
-1.0,15959,38,36561.452967343,36571.412594947,23.025,23.01
1.0,7609,8,36571.412635536,36571.412635536,23.01,23.01
-1.0,15731,11,36571.413200058,36572.784044348,23.015,23.01
1.0,8688,16,36572.784234181,36572.784239245,23.005,23.01
-1.0,1180,8,36572.784310091,36572.789163616,23.015,23.015
1.0,645,5,36573.310401396,36573.310618093,23.015,23.015
-1.0,816,4,36574.233228655,36574.241106616,23.015,23.015
1.0,6204,39,36581.628414488,36582.282653115,23.015,23.02
-1.0,13604,15,36582.282999622,36585.300802907,23.025,23.01
1.0,3950,10,36585.300870464,36585.300870464,23.01,23.01
-1.0,7857,4,36586.095585227,36586.09563438,23.015,23.01
1.0,2500,3,36586.095703522,36586.095703522,23.01,23.01
-1.0,12950,17,36586.095709796,36588.464510836,23.015,23.01
1.0,2300,4,36588.464515208,36588.464515208,23.01,23.01
-1.0,88137,482,36588.464519471,36588.814686635,23.015,23.0
1.0,100,1,36588.814701377,36588.814701377,23.005,23.005
-1.0,253,2,36588.814715225,36588.814715225,23.005,23.0
1.0,50,1,36588.814793692,36588.814793692,23.005,23.005
-1.0,322,5,36588.814893453,36588.816097766,23.005,23.0
1.0,4233,14,36588.817975101,36588.818793123,22.995,22.995
-1.0,12711,61,36588.822705801,36588.839500074,22.995,22.96
1.0,840,3,36588.841702759,36588.841702759,22.955,22.955
-1.0,35,1,36588.847735624,36588.847735624,22.955,22.955
1.0,2198,12,36588.904380933,36588.908024788,22.955,22.97
-1.0,7021,29,36588.913296359,36589.080451903,22.975,22.965
1.0,1792,11,36589.137083658,36589.14039292,22.965,22.98
-1.0,650,5,36589.219782235,36589.227424662,22.985,22.975
1.0,1695,11,36590.184844153,36590.185858824,22.975,22.98
-1.0,1941,6,36591.800082238,36592.208395177,22.985,22.975
1.0,100,1,36594.098759891,36594.098759891,22.97,22.97
-1.0,900,4,36594.402677174,36594.402677174,22.975,22.97
1.0,1145,8,36594.452227891,36594.452253608,22.965,22.97
-1.0,551,4,36595.180400869,36595.180400869,22.975,22.97
1.0,5615,43,36597.81876697,36606.966356767,22.965,23.01
-1.0,5231,16,36608.195496734,36614.180501989,23.015,22.995
1.0,1568,5,36617.28057132,36617.280573734,22.985,22.99
-1.0,3127,14,36620.455332733,36623.721862668,22.985,22.97
1.0,27,1,36626.060855207,36626.060855207,22.965,22.965
-1.0,8424,7,36631.15272856,36631.153222744,22.965,22.96
1.0,4055,17,36632.693353924,36633.599675804,22.955,22.97
-1.0,677,4,36634.494935452,36634.507012365,22.975,22.97
1.0,512,4,36637.522360928,36637.522360928,22.965,22.97
-1.0,5224,29,36641.806205501,36647.441035431,22.965,22.94
1.0,2363,5,36647.441506893,36647.444539062,22.935,22.935
-1.0,123,3,36647.685283265,36647.685283265,22.935,22.935
1.0,628,6,36648.907858975,36648.907858975,22.935,22.935
-1.0,30671,38,36651.421566552,36653.466919232,22.945,22.91
1.0,2347,6,36653.473176263,36653.473176263,22.91,22.91
-1.0,101,1,36653.480609666,36653.480609666,22.91,22.91
1.0,100,1,36653.480695092,36653.480695092,22.91,22.91
-1.0,4715,45,36653.550707657,36653.604480167,22.905,22.9
1.0,587,5,36653.617621848,36653.617672404,22.895,22.905
-1.0,1744,7,36653.625989176,36653.646917066,22.905,22.9
1.0,2250,9,36653.649782395,36653.649849806,22.895,22.905
-1.0,1370,9,36653.850226381,36653.861733942,22.905,22.905
1.0,1059,7,36654.056024467,36654.056732572,22.895,22.9
-1.0,1338,5,36654.062046668,36654.062046668,22.905,22.9
1.0,1000,3,36654.069137037,36654.074468631,22.905,22.905
-1.0,2880,3,36654.075370038,36654.075370038,22.905,22.9
1.0,4,1,36654.081845746,36654.081845746,22.905,22.905
-1.0,300,2,36654.083246699,36654.083246699,22.905,22.9
1.0,350,3,36654.160515498,36654.160660035,22.895,22.9
-1.0,7710,26,36654.165526766,36654.825282109,22.905,22.89
1.0,3226,11,36654.828196678,36654.952360726,22.885,22.9
-1.0,1424,5,36654.959415528,36654.959415528,22.905,22.9
1.0,898,3,36655.72139427,36655.72139427,22.895,22.9
-1.0,3695,6,36655.72680292,36656.730316799,22.905,22.89
1.0,2962,9,36659.425535639,36659.425860054,22.895,22.9
-1.0,700,4,36661.39014092,36664.072322435,22.905,22.89
1.0,1369,7,36664.429164391,36664.447359117,22.885,22.885
-1.0,106,1,36665.477140446,36665.477140446,22.885,22.885
1.0,615,5,36667.79389854,36667.79389854,22.885,22.89
-1.0,750,4,36668.81886989,36668.81886989,22.895,22.895
1.0,1146,7,36669.49183905,36669.491842885,22.895,22.9
-1.0,7424,16,36677.01243655,36683.986582947,22.905,22.905
1.0,2275,12,36686.085342169,36686.085927012,22.905,22.91
-1.0,924,7,36686.855707542,36689.40221139,22.915,22.9
1.0,426,2,36689.402858198,36689.402885072,22.895,22.895
-1.0,826,4,36691.12203084,36691.12203084,22.895,22.89
1.0,2077,12,36691.688787524,36691.817769697,22.885,22.89
-1.0,121,3,36695.357963546,36695.357963546,22.895,22.89
1.0,350,2,36697.107153953,36697.107153953,22.885,22.89
-1.0,887,6,36701.504962483,36702.300867532,22.895,22.89
1.0,500,2,36702.301226312,36702.301226312,22.89,22.89
-1.0,7260,24,36704.134210637,36704.134275897,22.885,22.88
1.0,1917,8,36704.148584339,36704.45555498,22.875,22.875
-1.0,1117,6,36704.467222707,36704.773365232,22.885,22.88
1.0,100,1,36704.809766487,36704.809766487,22.875,22.875
-1.0,3670,20,36706.002985319,36707.007997689,22.875,22.865
1.0,2071,13,36707.611571395,36709.880582419,22.865,22.89
-1.0,5220,23,36710.922876396,36725.212685395,22.895,22.87
1.0,100,1,36725.23066988,36725.23066988,22.875,22.875
-1.0,3387,12,36725.250798618,36728.81634571,22.875,22.87
1.0,251,3,36731.625189276,36731.625189276,22.875,22.88
-1.0,1600,3,36731.867758609,36731.867758609,22.885,22.885
1.0,862,6,36732.054071119,36733.754164653,22.875,22.88
-1.0,2695,20,36744.531401364,36755.41569145,22.885,22.87
1.0,9007,28,36763.004365084,36764.949050756,22.865,22.895
-1.0,410,2,36765.706483894,36765.706483894,22.895,22.89
1.0,4216,18,36767.25501949,36767.601932821,22.885,22.895
-1.0,300,2,36767.602361609,36767.602361609,22.9,22.9
1.0,890,2,36767.613805619,36767.613805619,22.895,22.9
-1.0,1965,7,36768.461070783,36768.461074031,22.905,22.9
1.0,110,2,36768.461274265,36768.48361947,22.905,22.905
-1.0,1416,6,36768.490556398,36768.490556398,22.905,22.905
1.0,9,1,36768.525122029,36768.525122029,22.905,22.905
-1.0,1934,7,36768.550755657,36768.573736148,22.905,22.9
1.0,2326,13,36773.281795811,36773.408658937,22.895,22.91
-1.0,450,3,36774.282206065,36774.282227878,22.915,22.91
1.0,987,7,36774.360625074,36774.366982518,22.905,22.91
-1.0,500,3,36775.166645959,36775.166645959,22.915,22.915
1.0,2963,12,36775.645758239,36776.101521896,22.905,22.915
-1.0,860,5,36776.664687643,36778.190536773,22.925,22.91
1.0,650,5,36779.35046104,36783.432635203,22.895,22.9
-1.0,1551,5,36784.276615912,36784.291999945,22.905,22.9
1.0,550,3,36784.503313714,36784.503313714,22.895,22.9
-1.0,35,1,36784.517275151,36784.517275151,22.905,22.905
1.0,200,2,36787.640040021,36787.640040021,22.905,22.91
-1.0,2,1,36787.899197225,36787.899197225,22.915,22.915
1.0,2759,21,36788.045185933,36800.351351195,22.915,22.96
-1.0,2611,12,36800.433183684,36803.022427192,22.975,22.955
1.0,194,2,36803.320587317,36803.320587317,22.955,22.955
-1.0,1350,12,36805.31986785,36806.01540393,22.955,22.95
1.0,400,4,36806.016433593,36806.017854264,22.955,22.955
-1.0,750,6,36806.024168401,36806.0243073,22.955,22.955
1.0,400,4,36806.025134245,36806.026201937,22.955,22.955
-1.0,500,5,36806.588642058,36806.588773677,22.955,22.95
1.0,300,2,36806.589369668,36806.589369668,22.945,22.945
-1.0,2846,18,36808.780777481,36809.180478948,22.945,22.92
1.0,100,1,36809.451902698,36809.451902698,22.92,22.92
-1.0,2940,4,36809.460721832,36809.460721832,22.925,22.92
1.0,1896,12,36810.493133161,36822.324538412,22.915,22.95
-1.0,2601,15,36827.027715168,36830.386317863,22.955,22.93
1.0,500,3,36831.26825358,36840.531017635,22.925,22.92
-1.0,4800,7,36840.900109058,36841.493986417,22.925,22.91
1.0,2431,12,36841.900915815,36841.901209477,22.905,22.91
-1.0,4736,5,36842.430352904,36842.430352904,22.915,22.91
1.0,2326,11,36842.879697317,36843.884542676,22.905,22.92
-1.0,450,2,36845.296310996,36845.296310996,22.925,22.92
1.0,1925,17,36848.919269428,36852.091164599,22.915,22.945
-1.0,2126,15,36859.424455371,36861.027130184,22.945,22.91
1.0,844,7,36861.408690371,36866.644623875,22.905,22.92
-1.0,8309,12,36866.645513712,36867.36230333,22.925,22.91
1.0,5360,19,36867.686199757,36867.69344103,22.91,22.92
-1.0,600,4,36867.694364846,36867.694364846,22.925,22.92
1.0,750,6,36867.698162499,36867.699308768,22.915,22.92
-1.0,599,4,36870.363613849,36870.363613849,22.915,22.91
1.0,1400,10,36870.364718633,36870.368563676,22.905,22.905
-1.0,517,2,36874.739334248,36874.739334248,22.915,22.91
1.0,2454,13,36874.885495771,36874.886018244,22.905,22.905
-1.0,3214,14,36876.778857678,36884.497762446,22.915,22.9
1.0,1266,10,36884.574727238,36888.710633833,22.895,22.905
-1.0,7683,19,36892.999956333,36893.000921765,22.905,22.9
1.0,7963,43,36893.028164055,36899.799989609,22.895,22.925
-1.0,454,3,36900.130793913,36900.130793913,22.925,22.92
1.0,200,1,36900.133102035,36900.133102035,22.915,22.915
-1.0,220,1,36902.912149345,36902.912149345,22.925,22.925
1.0,454,3,36904.726305328,36904.726305328,22.925,22.925
-1.0,1580,8,36905.809598698,36907.197322745,22.925,22.915
1.0,564,4,36915.397072001,36916.124232735,22.905,22.91
-1.0,580,4,36918.440907435,36918.441336244,22.915,22.91
1.0,500,6,36918.613563726,36919.159383483,22.91,22.91
-1.0,6752,18,36922.466424345,36926.292409712,22.905,22.885
1.0,87,1,36928.458844591,36928.458844591,22.88,22.88
-1.0,2299,10,36928.609549072,36929.922241198,22.885,22.87
1.0,4003,21,36932.010821923,36937.59066106,22.865,22.89
-1.0,1023,6,36941.523537853,36941.523569972,22.895,22.89
1.0,2295,9,36945.00402947,36945.00402947,22.885,22.885
-1.0,1015,6,36948.798503159,36953.088955559,22.885,22.87
1.0,1409,8,36961.29395618,36961.293959693,22.865,22.87
-1.0,200,2,36961.293989298,36961.293989298,22.87,22.87
1.0,4161,12,36962.225193987,36968.591952945,22.865,22.88
-1.0,1173,10,36977.191297596,36977.232844716,22.885,22.87
1.0,5140,12,36983.682598314,36991.878180074,22.865,22.88
-1.0,1454,6,36998.078010384,36998.078014099,22.885,22.88
1.0,1700,6,36998.078239934,36998.078297906,22.88,22.875
-1.0,1352,7,37001.870648304,37001.871006411,22.875,22.87
1.0,462,3,37002.969565613,37002.969565613,22.865,22.87
-1.0,600,7,37004.572349004,37013.758070243,22.875,22.865
1.0,1105,8,37025.2338534,37025.2338534,22.865,22.87
-1.0,2615,11,37027.148479975,37030.929594201,22.875,22.87
1.0,352,4,37031.587038772,37031.58708028,22.865,22.87
-1.0,150,1,37032.859633152,37032.859633152,22.875,22.87
1.0,5122,18,37034.174908201,37037.961141326,22.865,22.89
-1.0,952,5,37039.846537209,37044.535138311,22.895,22.87
1.0,1144,9,37046.841475856,37047.267773181,22.865,22.88
-1.0,350,2,37049.402284056,37049.402284056,22.885,22.88
1.0,250,2,37050.031754447,37050.031754447,22.875,22.88
-1.0,12327,80,37052.188649413,37076.598246505,22.885,22.845
1.0,1200,8,37076.740290442,37077.967318769,22.835,22.85
-1.0,6201,18,37078.474444576,37082.409153878,22.855,22.835
1.0,10148,61,37084.292356122,37087.231161661,22.835,22.86
-1.0,700,1,37088.97848959,37088.97848959,22.865,22.865
1.0,394,5,37089.147715397,37089.160477699,22.855,22.855
-1.0,1100,2,37091.962535837,37091.962535837,22.865,22.86
1.0,810,6,37092.242083117,37092.334914517,22.855,22.855
-1.0,1750,10,37095.902639193,37097.988644121,22.855,22.84
1.0,668,9,37098.001567163,37098.100673283,22.835,22.835
-1.0,3432,5,37098.686790236,37098.686790236,22.835,22.835
1.0,289,5,37098.697647421,37098.721947328,22.835,22.835
-1.0,247,3,37100.638884027,37100.639007148,22.835,22.83
1.0,2711,22,37103.783569615,37104.613320788,22.825,22.83
-1.0,1300,3,37106.108154786,37106.108179479,22.835,22.83
1.0,2,2,37108.162707843,37111.163744119,22.825,22.825
-1.0,95,1,37112.689512919,37112.689512919,22.825,22.825
1.0,1837,13,37119.353853456,37122.606932994,22.825,22.83
-1.0,773,5,37122.673753489,37122.96356352,22.835,22.835
1.0,454,10,37123.475018491,37123.630678695,22.835,22.84
-1.0,400,2,37124.08120163,37124.08120163,22.845,22.84
1.0,609,20,37124.476422305,37124.95899365,22.835,22.835
-1.0,1700,2,37127.682402195,37127.682402195,22.845,22.84
1.0,189,4,37127.768576266,37127.800159434,22.835,22.835
-1.0,1110,8,37134.412894061,37134.412894061,22.835,22.83
1.0,34,3,37134.42220392,37134.433770279,22.825,22.825
-1.0,2452,20,37134.707460684,37134.707472435,22.825,22.825
1.0,3597,29,37134.82064972,37140.874071449,22.825,22.84
-1.0,658,4,37141.364135176,37145.7204571,22.845,22.84
1.0,3317,22,37148.671479993,37149.89006004,22.835,22.87
-1.0,654,5,37150.947211417,37150.947236135,22.875,22.87
1.0,580,3,37151.298656182,37151.298656182,22.865,22.87
-1.0,10669,22,37151.478257619,37162.561486472,22.875,22.825
1.0,2363,11,37168.494983908,37168.647745081,22.825,22.83
-1.0,1965,9,37169.113158477,37170.559411894,22.835,22.825
1.0,5266,84,37170.591381042,37195.132815741,22.825,22.845
-1.0,310,2,37197.32873921,37197.32873921,22.845,22.84
1.0,4217,68,37203.72808422,37203.846448814,22.835,22.845
-1.0,848,10,37204.423253222,37204.424294973,22.845,22.84
1.0,2867,89,37206.033371492,37207.395159276,22.835,22.84
-1.0,6521,23,37207.395452702,37207.395632094,22.845,22.84
1.0,14,1,37207.411959159,37207.411959159,22.845,22.845
-1.0,517,4,37207.412014087,37207.663973773,22.845,22.845
1.0,101,9,37208.212671985,37208.668341834,22.845,22.845
-1.0,4059,10,37209.131172002,37209.131252069,22.845,22.84
1.0,918,9,37209.354751406,37209.35509994,22.835,22.84
-1.0,2923,13,37212.905420812,37214.72242449,22.845,22.825
1.0,2162,7,37216.140912446,37216.141872215,22.825,22.825
-1.0,200,1,37216.1479914,37216.1479914,22.825,22.825
1.0,875,7,37216.387113712,37216.387477906,22.825,22.83
-1.0,1691,9,37216.391786967,37216.393288417,22.835,22.83
1.0,6245,37,37216.393343391,37216.935836443,22.825,22.825
-1.0,17890,116,37217.614757803,37220.577231945,22.825,22.805
1.0,2574,16,37221.098628831,37221.110579759,22.795,22.81
-1.0,100,1,37221.650701365,37221.650701365,22.815,22.815
1.0,17,2,37221.676643528,37221.686135752,22.805,22.805
-1.0,2000,7,37226.21331574,37226.220515118,22.805,22.8
1.0,529,11,37230.556396369,37232.656554261,22.795,22.795
-1.0,666,8,37236.980014154,37237.020119588,22.795,22.795
1.0,1262,16,37238.111835099,37245.096457314,22.785,22.795
-1.0,3906,4,37245.878579187,37245.878930067,22.795,22.79
1.0,3063,21,37245.959403604,37253.217446811,22.785,22.79
-1.0,500,2,37254.987274741,37254.987274741,22.795,22.79
1.0,8179,48,37256.277509225,37263.31722074,22.785,22.795
-1.0,11767,25,37269.482385955,37269.482804168,22.785,22.78
1.0,10814,32,37269.726975332,37273.619721212,22.775,22.815
-1.0,2600,8,37274.233463408,37274.233466405,22.815,22.815
1.0,5538,33,37275.720362298,37282.232969064,22.815,22.84
-1.0,100,1,37283.85776536,37283.85776536,22.85,22.85
1.0,736,14,37283.869932746,37292.813489107,22.845,22.86
-1.0,826,6,37293.023427421,37293.023427421,22.865,22.86
1.0,162,2,37293.293633207,37293.293633207,22.855,22.855
-1.0,248,1,37294.880863404,37294.880863404,22.855,22.855
1.0,1167,10,37295.08998319,37298.209305929,22.855,22.855
-1.0,450,3,37298.289676351,37298.289676351,22.86,22.86
1.0,4408,20,37298.30187013,37302.463587865,22.855,22.88
-1.0,440,2,37302.733399536,37302.733399536,22.885,22.885
1.0,2078,34,37306.220511268,37309.642142129,22.885,22.91
-1.0,9851,20,37311.46008612,37311.751773129,22.915,22.89
1.0,2446,9,37311.79528816,37314.000887513,22.885,22.9
-1.0,407,4,37314.403561625,37314.403561625,22.905,22.9
1.0,1250,7,37316.020995739,37316.021035912,22.895,22.9
-1.0,10929,26,37317.57114847,37324.14124619,22.905,22.87
1.0,400,2,37332.2177437,37332.2177437,22.865,22.87
-1.0,2796,9,37334.769351542,37344.39831592,22.885,22.87
1.0,2301,11,37345.891297356,37354.545841915,22.865,22.89
-1.0,665,9,37356.862786199,37359.035829669,22.895,22.87
1.0,5918,24,37360.356974664,37385.854975495,22.865,22.905
-1.0,1282,9,37385.993562706,37390.881243885,22.915,22.91
1.0,3374,15,37392.272658642,37409.499620368,22.905,22.94
-1.0,983,7,37409.919217502,37409.91924908,22.945,22.94
1.0,99,2,37411.470291504,37411.470554062,22.935,22.94
-1.0,350,3,37414.178812364,37414.178812364,22.945,22.94
1.0,872,5,37417.522222999,37417.522222999,22.935,22.94
-1.0,2633,14,37421.205307897,37427.200618812,22.945,22.93
1.0,146,2,37427.770031272,37427.770031272,22.935,22.94
-1.0,2680,8,37434.065254554,37435.935260752,22.945,22.94
1.0,798,6,37436.829420368,37437.117960841,22.935,22.94
-1.0,1361,7,37440.175933651,37440.17593846,22.945,22.94
1.0,4428,17,37441.436704264,37444.55445684,22.935,22.945
-1.0,4488,43,37446.692122186,37451.800040576,22.945,22.93
1.0,331,3,37452.015287692,37453.911040197,22.925,22.93
-1.0,787,12,37454.20950331,37457.135023496,22.935,22.92
1.0,4636,18,37457.138287672,37461.601914004,22.915,22.915
-1.0,8217,23,37464.504219423,37464.506442817,22.915,22.9
1.0,49,1,37464.507662891,37464.507662891,22.9,22.9
-1.0,2251,14,37464.507750806,37464.528811454,22.905,22.895
1.0,2529,10,37465.865506691,37465.865512593,22.895,22.9
-1.0,498,3,37465.865561051,37465.865561051,22.9,22.9
1.0,1348,6,37465.866310753,37465.866310753,22.895,22.895
-1.0,2197,20,37470.408902384,37476.661469355,22.895,22.895
1.0,1335,4,37478.529186402,37478.529209327,22.895,22.9
-1.0,2578,31,37481.580939839,37494.862289604,22.905,22.88
1.0,2652,15,37495.229585155,37505.778837764,22.885,22.91
-1.0,476,7,37508.049830395,37512.336289859,22.915,22.89
1.0,316,2,37516.309001518,37516.309001518,22.885,22.89
-1.0,1027,6,37517.48980112,37520.545888864,22.895,22.88
1.0,305,5,37525.473410591,37525.473410591,22.875,22.88
-1.0,2813,9,37531.258393255,37539.378820509,22.885,22.87
1.0,1743,14,37539.379095647,37548.040416556,22.865,22.88
-1.0,836,8,37548.041603311,37551.588164336,22.885,22.87
1.0,2838,12,37555.214266789,37555.21448793,22.865,22.87
-1.0,3100,9,37555.247452776,37555.247504768,22.875,22.87
1.0,707,2,37555.248194584,37555.248194584,22.865,22.865
-1.0,2432,12,37555.547651973,37559.950879828,22.865,22.86
1.0,1458,8,37562.35405203,37565.108037086,22.855,22.87
-1.0,1626,24,37579.154613677,37582.578597744,22.875,22.84
1.0,6037,35,37584.63290374,37594.48708975,22.835,22.86
-1.0,453,3,37595.635874877,37595.635874877,22.865,22.86
1.0,115,2,37598.409924511,37598.409924511,22.855,22.86
-1.0,4766,5,37602.235231659,37602.235231659,22.865,22.86
1.0,333,3,37610.519095253,37611.454947517,22.855,22.87
-1.0,3571,14,37612.140775015,37624.130901352,22.875,22.86
1.0,550,4,37625.592507151,37626.10125319,22.855,22.87
-1.0,1065,10,37628.537082649,37630.902955425,22.875,22.855
1.0,500,4,37633.920326223,37633.920336825,22.855,22.86
-1.0,453,3,37636.571623537,37636.571623537,22.865,22.86
1.0,200,1,37637.010007551,37637.010007551,22.865,22.865
-1.0,1260,10,37637.980317234,37645.136634755,22.865,22.85
1.0,576,5,37648.299188528,37649.007047234,22.845,22.85
-1.0,2534,22,37653.189872227,37659.475795965,22.855,22.83
1.0,875,7,37659.613899642,37670.759234323,22.835,22.84
-1.0,12689,100,37672.450752296,37694.675727867,22.845,22.77
1.0,2202,9,37699.674004604,37699.67401404,22.765,22.77
-1.0,784,14,37706.532473613,37708.987507067,22.775,22.76
1.0,1142,8,37709.301371238,37709.301375799,22.755,22.76
-1.0,10140,67,37723.330488414,37732.862330002,22.765,22.75
1.0,1086,7,37732.992158669,37735.15781108,22.745,22.75
-1.0,1760,13,37735.863761402,37741.022514466,22.755,22.75
1.0,3138,23,37741.285523586,37747.203696785,22.745,22.77
-1.0,6582,32,37753.675713259,37763.453584399,22.775,22.765
1.0,3228,17,37763.547107295,37764.076414663,22.755,22.78
-1.0,100,1,37764.107659494,37764.107659494,22.775,22.775
1.0,3603,17,37765.765629604,37769.625085227,22.775,22.8
-1.0,1222,12,37771.377202168,37773.826509623,22.805,22.795
1.0,200,2,37773.827716918,37773.827716918,22.785,22.785
-1.0,450,4,37777.528232139,37779.949672192,22.785,22.78
1.0,618,6,37780.496408763,37780.497478685,22.775,22.78
-1.0,2553,11,37783.563920803,37790.254352039,22.785,22.77
1.0,100,1,37790.254548928,37790.254548928,22.775,22.775
-1.0,9739,23,37790.254614809,37790.258055212,22.775,22.755
1.0,1490,12,37790.665459128,37790.870659284,22.755,22.77
-1.0,300,2,37791.42413552,37791.42413552,22.775,22.77
1.0,1355,9,37791.904909707,37792.768346131,22.765,22.78
-1.0,1050,5,37793.160063557,37793.160063557,22.785,22.78
1.0,1080,4,37793.333688223,37793.333688223,22.775,22.78
-1.0,2655,10,37799.805155617,37801.445497544,22.775,22.765
1.0,553,5,37804.067467246,37804.067479183,22.765,22.77
-1.0,754,5,37805.961183855,37806.049249231,22.775,22.76
1.0,8287,31,37806.091605255,37806.61261596,22.755,22.755
-1.0,1634,12,37810.159972278,37810.160025397,22.755,22.75
1.0,2012,16,37810.795692565,37814.536711068,22.745,22.745
-1.0,1989,19,37820.125152643,37824.114607558,22.745,22.73
1.0,5941,14,37824.11519011,37824.115199701,22.725,22.73
-1.0,100,1,37824.115433644,37824.115433644,22.73,22.73
1.0,792,3,37824.136576976,37824.136576976,22.725,22.725
-1.0,800,2,37826.792975493,37826.792975493,22.725,22.725
1.0,2217,15,37826.865322364,37826.906989953,22.725,22.725
-1.0,5230,18,37827.888562112,37829.011318609,22.725,22.71
1.0,554,3,37829.016633973,37829.016633973,22.705,22.705
-1.0,250,6,37829.020603602,37829.020648972,22.705,22.705
1.0,4224,112,37829.032968558,37836.217185658,22.705,22.73
-1.0,900,3,37838.27998726,37838.280082569,22.735,22.73
1.0,109,4,37839.076374198,37839.098599787,22.725,22.725
-1.0,752,4,37840.266932777,37840.266932777,22.725,22.725
1.0,186,11,37840.419927544,37846.04973567,22.725,22.725
-1.0,610,6,37847.784307588,37850.33835499,22.725,22.725
1.0,522,7,37850.441566751,37851.877171514,22.715,22.72
-1.0,1203,5,37852.621626867,37854.678491163,22.725,22.72
1.0,43,5,37854.690410908,37856.988869277,22.715,22.715
-1.0,200,1,37860.692785484,37860.692785484,22.715,22.715
1.0,1850,13,37862.92892967,37862.930338316,22.715,22.72
-1.0,1316,10,37866.40038792,37869.4258717,22.725,22.715
1.0,484,5,37871.624045334,37871.624045334,22.715,22.72
-1.0,498,4,37873.389824885,37873.389824885,22.725,22.72
1.0,358,4,37873.493887078,37873.493887078,22.715,22.72
-1.0,3350,8,37873.501387918,37873.501387918,22.725,22.72
1.0,200,1,37873.505457507,37873.505457507,22.725,22.725
-1.0,450,2,37873.514264755,37873.514264755,22.725,22.72
1.0,10,1,37873.514954674,37873.514954674,22.725,22.725
-1.0,5799,18,37873.528431146,37873.889766981,22.725,22.72
1.0,10,1,37875.371739984,37875.371739984,22.715,22.715
-1.0,500,2,37878.41174295,37878.41174295,22.715,22.71
1.0,1204,9,37878.923282668,37878.923288991,22.705,22.71
-1.0,1602,7,37880.564918113,37886.06720925,22.715,22.71
1.0,5623,43,37887.145141876,37890.23642534,22.705,22.73
-1.0,400,1,37890.409472114,37890.409472114,22.735,22.735
1.0,5008,39,37890.882832431,37892.962938433,22.725,22.745
-1.0,6365,13,37892.965018401,37894.269262815,22.745,22.73
1.0,100,1,37899.469662794,37899.469662794,22.72,22.72
-1.0,300,1,37899.741150364,37899.741150364,22.725,22.725
1.0,989,6,37900.07049466,37900.17460957,22.715,22.715
-1.0,20636,60,37903.59850311,37910.615657263,22.715,22.7
1.0,1,1,37910.616236616,37910.616236616,22.695,22.695
-1.0,2332,17,37910.618254467,37910.623344055,22.695,22.685
1.0,3234,14,37910.655878209,37910.68421206,22.685,22.69
-1.0,100,1,37910.763623753,37910.763623753,22.695,22.695
1.0,223,3,37910.768302625,37910.780726718,22.685,22.685
-1.0,11066,25,37910.97789938,37910.996899947,22.685,22.68
1.0,10,1,37911.007190704,37911.007190704,22.685,22.685
-1.0,150,1,37911.863643082,37911.863643082,22.685,22.68
1.0,1292,7,37911.876674578,37911.908018884,22.675,22.675
-1.0,6222,11,37912.859678327,37913.023560599,22.675,22.67
1.0,4339,18,37913.085670216,37913.086391909,22.665,22.67
-1.0,135,3,37913.092978358,37913.105142702,22.675,22.675
1.0,3187,16,37916.245388712,37918.470944673,22.675,22.685
-1.0,1084,5,37920.828646616,37920.828646616,22.685,22.68
1.0,100,1,37920.874649883,37920.874649883,22.68,22.68
-1.0,4873,7,37921.91298618,37921.912989233,22.675,22.67
1.0,9049,38,37921.91372896,37924.239620305,22.665,22.69
-1.0,6672,22,37924.240741497,37933.793594568,22.695,22.68
1.0,1799,8,37934.180366682,37934.180589058,22.675,22.68
-1.0,3937,11,37934.188080038,37942.983389223,22.685,22.68
1.0,883,5,37942.983614174,37942.983614174,22.685,22.685
-1.0,10419,21,37942.984504166,37942.985733419,22.685,22.67
1.0,4870,29,37943.011548906,37944.593028775,22.675,22.69
-1.0,10996,36,37945.82352932,37956.100449115,22.695,22.66
1.0,5286,10,37956.100981117,37956.100981117,22.655,22.66
-1.0,4949,13,37956.124667187,37956.138627332,22.665,22.665
1.0,1257,3,37956.148473946,37956.148504115,22.665,22.665
-1.0,40,1,37956.321083594,37956.321083594,22.665,22.665
1.0,3562,30,37956.652231892,37956.67519634,22.665,22.67
-1.0,820,4,37964.48073318,37964.481047757,22.675,22.67
1.0,10461,57,37965.456987646,37971.027948242,22.665,22.71
-1.0,2,1,37971.097199626,37971.097199626,22.705,22.705
1.0,921,8,37971.735757894,37971.906038765,22.705,22.72
-1.0,1,1,37971.90631789,37971.90631789,22.725,22.725
1.0,314,2,37975.447729547,37975.447729547,22.725,22.73
-1.0,299,1,37978.482068451,37978.482068451,22.735,22.735
1.0,2365,14,37980.120952456,37983.451615118,22.725,22.74
-1.0,6742,26,37983.506471022,37989.583546002,22.745,22.72
1.0,601,5,37992.153171126,37992.80748254,22.72,22.72
-1.0,2683,9,37995.071148522,37995.07115215,22.725,22.72
1.0,656,4,37995.224519033,37995.250884051,22.725,22.725
-1.0,10,1,37995.500401856,37995.500401856,22.725,22.725
1.0,12,2,37996.911652861,37997.403338944,22.72,22.72
-1.0,103,3,37998.691107602,37999.280907308,22.725,22.72
1.0,780,5,38001.261149396,38001.261461315,22.715,22.72
-1.0,371,4,38003.045673614,38004.263310554,22.725,22.72
1.0,301,3,38004.436855333,38004.436927013,22.715,22.715
-1.0,903,4,38006.517424377,38006.517424377,22.725,22.72
1.0,625,3,38009.030998524,38009.030998524,22.715,22.72
-1.0,890,4,38010.975507574,38010.975507574,22.725,22.72
1.0,4823,31,38011.532008211,38025.61271984,22.715,22.76
-1.0,1,1,38025.613520911,38025.613520911,22.765,22.765
1.0,2037,17,38026.48022131,38028.240054412,22.765,22.785
-1.0,745,6,38032.324396105,38034.33060344,22.785,22.77
1.0,1400,6,38035.497347845,38036.799079644,22.765,22.78
-1.0,803,4,38039.988087028,38039.988087028,22.785,22.78
1.0,500,4,38039.988432292,38039.988432292,22.78,22.78
-1.0,2220,8,38043.082076993,38044.620647806,22.775,22.76
1.0,680,5,38046.847882711,38046.847882711,22.755,22.76
-1.0,800,3,38048.849544354,38048.849544354,22.765,22.76
1.0,7762,33,38051.493394096,38067.869242704,22.755,22.805
-1.0,800,4,38068.728763496,38068.728786522,22.805,22.8
1.0,501,2,38072.245567864,38072.248310255,22.795,22.8
-1.0,6547,10,38076.392891219,38076.395133183,22.805,22.79
1.0,2983,13,38076.395484941,38076.446492381,22.785,22.8
-1.0,600,4,38079.473542286,38079.473542286,22.805,22.805
1.0,1550,4,38081.388513951,38081.575377542,22.805,22.81
-1.0,2734,18,38082.702720086,38087.768202754,22.815,22.8
1.0,850,4,38087.983252403,38090.0185934,22.795,22.8
-1.0,2,1,38091.3300289,38091.3300289,22.805,22.8
1.0,2238,11,38091.481589598,38093.508505635,22.795,22.81
-1.0,2556,14,38094.986962917,38096.760990859,22.815,22.795
1.0,10843,35,38098.288549725,38099.04231085,22.795,22.82
-1.0,3788,16,38099.906712896,38101.861580429,22.825,22.79
1.0,1500,6,38101.872031232,38101.872031232,22.785,22.79
-1.0,5848,11,38101.872381392,38101.872451599,22.795,22.79
1.0,2947,10,38101.872686315,38104.952921183,22.785,22.79
-1.0,750,4,38107.885937765,38107.885937765,22.795,22.79
1.0,1250,4,38109.219357684,38109.219357684,22.785,22.79
-1.0,1237,9,38110.797760146,38111.267690905,22.795,22.78
1.0,2356,8,38111.361017078,38122.2559392,22.775,22.775
-1.0,1555,7,38123.013451179,38123.013474485,22.775,22.77
1.0,450,2,38123.685676503,38123.685676503,22.765,22.77
-1.0,534,2,38125.739497138,38125.739497138,22.775,22.77
1.0,430,3,38125.740645384,38130.339306278,22.765,22.77
-1.0,450,2,38130.688912499,38130.688912499,22.775,22.77
1.0,1673,9,38133.473237605,38137.077891197,22.765,22.77
-1.0,1205,10,38143.398533937,38143.876962244,22.775,22.76
1.0,310,2,38146.555053349,38146.555085116,22.755,22.76
-1.0,122,2,38160.378866641,38160.378866641,22.765,22.76
1.0,150,1,38160.79695921,38160.79695921,22.755,22.76
-1.0,450,2,38164.410309491,38164.410309491,22.765,22.76
1.0,1501,10,38166.676978288,38174.816873394,22.755,22.77
-1.0,250,2,38176.891078318,38176.891078318,22.77,22.77
1.0,1726,16,38176.891353809,38188.034813021,22.765,22.79
-1.0,100,1,38188.152151121,38188.152151121,22.79,22.79
1.0,1663,16,38188.152408026,38194.850838716,22.785,22.81
-1.0,1095,9,38197.112666264,38198.271428679,22.815,22.815
1.0,300,3,38201.277030543,38201.277057662,22.805,22.81
-1.0,900,8,38206.230484526,38206.231387587,22.815,22.815
1.0,100,1,38207.651924511,38207.651924511,22.815,22.815
-1.0,459,7,38211.942681261,38211.942707748,22.805,22.8
1.0,1159,5,38213.17656959,38216.051900698,22.795,22.805
-1.0,803,5,38219.96646565,38223.588998574,22.805,22.795
1.0,512,7,38226.18095031,38228.174475954,22.795,22.805
-1.0,4747,8,38234.205735171,38234.205735171,22.805,22.805
1.0,5122,28,38236.306479735,38242.301712343,22.805,22.83
-1.0,600,4,38243.343607074,38243.343631392,22.835,22.83
1.0,151,2,38246.201867725,38246.507737077,22.825,22.825
-1.0,571,4,38251.277791619,38251.936593768,22.825,22.82
1.0,351,3,38252.009197625,38255.372514034,22.82,22.815
-1.0,1958,13,38255.424299034,38259.952753374,22.825,22.8
1.0,152,2,38260.374592294,38260.375129364,22.795,22.8
-1.0,500,1,38263.514699549,38263.514699549,22.805,22.8
1.0,1400,11,38267.742840238,38267.7432745,22.795,22.795
-1.0,1762,12,38268.331423318,38268.969450602,22.805,22.79
1.0,806,4,38268.970375917,38269.659086617,22.785,22.79
-1.0,240,2,38269.879622662,38269.879622662,22.795,22.79
1.0,1582,10,38270.621014873,38276.539222888,22.785,22.8
-1.0,565,4,38281.170587301,38281.170587301,22.805,22.805
1.0,200,1,38285.645635598,38285.645635598,22.805,22.805
-1.0,2887,15,38285.999348627,38285.999582462,22.805,22.8
1.0,2854,7,38285.999623306,38285.999737055,22.795,22.8
-1.0,2573,9,38285.999761255,38291.109478501,22.805,22.8
1.0,500,1,38291.109586061,38291.109586061,22.795,22.795
-1.0,528,6,38292.046709129,38292.046908593,22.795,22.79
1.0,104,2,38292.802802088,38293.160034326,22.785,22.785
-1.0,257,6,38299.581981369,38299.581998429,22.785,22.78
1.0,3882,22,38303.833071816,38306.692546399,22.775,22.82
-1.0,1099,7,38323.019374123,38323.019391633,22.825,22.82
1.0,451,5,38323.904808184,38323.912907985,22.815,22.815
-1.0,90,1,38325.193752079,38325.193752079,22.815,22.815
1.0,100,1,38325.194031464,38325.194031464,22.815,22.815
-1.0,400,2,38336.136668872,38336.136668872,22.815,22.815
1.0,2865,19,38339.949141667,38356.940959167,22.815,22.83
-1.0,2459,10,38362.117257324,38364.433108671,22.835,22.82
1.0,1817,7,38374.332155826,38374.332155826,22.815,22.82
-1.0,105,3,38375.926168502,38375.926197818,22.825,22.82
1.0,1709,18,38387.911802533,38387.951097595,22.815,22.83
-1.0,1044,8,38388.209430591,38392.379710094,22.835,22.82
1.0,658,6,38400.366085746,38400.42320078,22.815,22.82
-1.0,38,1,38400.85551398,38400.85551398,22.825,22.82
1.0,1813,10,38404.200764181,38404.201172902,22.815,22.82
-1.0,496,4,38405.649522493,38405.649522493,22.825,22.82
1.0,2813,5,38411.61839419,38411.618415553,22.815,22.82
-1.0,700,2,38412.061064586,38412.061064586,22.825,22.825
1.0,441,8,38420.403837892,38420.403981963,22.825,22.83
-1.0,6461,21,38422.149941442,38433.322771413,22.835,22.81
1.0,528,4,38434.519343408,38434.519365008,22.805,22.81
-1.0,1800,7,38436.696200547,38440.09822972,22.815,22.81
1.0,3700,13,38444.189984161,38457.15365957,22.805,22.825
-1.0,976,7,38463.324991997,38463.434238447,22.825,22.825
1.0,822,4,38465.042642923,38465.042642923,22.825,22.83
-1.0,2985,22,38466.057187235,38466.103807738,22.835,22.835
1.0,1648,6,38471.3165958,38471.3165958,22.835,22.84
-1.0,944,7,38475.890752941,38478.130204852,22.845,22.845
1.0,2029,10,38478.948814263,38478.948841727,22.845,22.85
-1.0,15,1,38478.950250768,38478.950250768,22.855,22.855
1.0,1413,7,38480.179453188,38482.323938246,22.855,22.86
-1.0,1160,12,38482.466289625,38484.350093415,22.865,22.855
1.0,800,3,38484.971205416,38485.73062879,22.855,22.86
-1.0,88,2,38486.430921333,38486.443681445,22.865,22.865
1.0,1849,11,38487.679194282,38487.679460167,22.865,22.87
-1.0,2043,30,38490.26603597,38504.670475216,22.875,22.85
1.0,216,1,38511.783271007,38511.783271007,22.845,22.845
-1.0,4586,17,38515.463967251,38517.806627033,22.845,22.84
1.0,7692,24,38521.55407561,38529.32546122,22.835,22.855
-1.0,4058,20,38529.380186098,38535.629240745,22.855,22.835
1.0,650,5,38540.712105471,38541.464134764,22.835,22.835
-1.0,2700,7,38545.543305783,38553.024311112,22.835,22.84
1.0,3583,9,38554.960758464,38554.996093356,22.835,22.845
-1.0,1292,11,38555.775317293,38563.097564309,22.845,22.84
1.0,100,1,38564.591119867,38564.591119867,22.835,22.835
-1.0,1726,19,38569.386715791,38570.029227138,22.845,22.835
1.0,1022,5,38571.009157495,38572.075842887,22.835,22.84
-1.0,405,5,38574.831854629,38583.14563339,22.845,22.845
1.0,1623,15,38590.442194027,38591.247595903,22.845,22.85
-1.0,2355,12,38592.39764792,38594.544852082,22.855,22.84
1.0,4901,31,38599.870835736,38635.470043574,22.835,22.85
-1.0,5350,12,38635.471307596,38635.47156707,22.855,22.85
1.0,2463,7,38635.484834755,38635.485230766,22.845,22.845
-1.0,7784,67,38636.243032504,38640.725618804,22.845,22.825
1.0,2790,11,38643.25698294,38643.258242034,22.815,22.82
-1.0,3255,15,38645.06143282,38649.270818827,22.825,22.81
1.0,1074,8,38649.272542696,38650.977692743,22.805,22.81
-1.0,522,3,38651.650636742,38651.660936517,22.815,22.815
1.0,1386,7,38653.214503983,38654.594920451,22.815,22.82
-1.0,950,7,38654.614402482,38654.783896017,22.825,22.82
1.0,1471,7,38656.095950312,38656.096270352,22.815,22.82
-1.0,1585,23,38658.032644849,38662.703715028,22.825,22.815
1.0,479,3,38664.117617101,38664.117617101,22.815,22.82
-1.0,515,11,38666.378611234,38670.538843451,22.825,22.825
1.0,5281,16,38690.175042565,38690.176062265,22.825,22.83
-1.0,829,11,38692.993960041,38693.104862823,22.835,22.82
1.0,51,2,38695.825226291,38695.825338099,22.815,22.815
-1.0,1635,13,38701.069180445,38701.075903323,22.815,22.81
1.0,3139,13,38701.076208168,38702.197751958,22.805,22.81
-1.0,7608,32,38716.12436133,38716.776037751,22.815,22.8
1.0,2040,7,38719.987576589,38720.001558324,22.795,22.8
-1.0,2861,13,38724.425843419,38728.151717095,22.805,22.79
1.0,438,5,38733.087518444,38737.082355564,22.785,22.8
-1.0,2461,20,38741.833826582,38755.645233414,22.805,22.79
1.0,468,6,38755.645316969,38756.857140523,22.785,22.79
-1.0,101,2,38760.855008025,38760.855008025,22.795,22.79
1.0,2011,18,38763.118045177,38780.493680926,22.785,22.805
-1.0,2150,4,38782.59179104,38782.59179104,22.805,22.8
1.0,3446,28,38785.533365051,38796.382281332,22.795,22.82
-1.0,330,5,38797.962466003,38797.962466003,22.825,22.82
1.0,60,1,38802.361767584,38802.361767584,22.815,22.82
-1.0,3236,19,38809.480801835,38821.694907254,22.825,22.8
1.0,550,4,38824.864280873,38824.865299231,22.795,22.8
-1.0,779,8,38828.290369875,38832.736168521,22.805,22.79
1.0,5256,32,38832.737488004,38870.557071055,22.785,22.815
-1.0,1111,6,38870.557226873,38880.644516414,22.815,22.81
1.0,553,7,38885.139343215,38885.140992732,22.805,22.81
-1.0,2887,22,38886.563254881,38889.758295287,22.815,22.8
1.0,4390,24,38893.556292098,38916.443109015,22.795,22.82
-1.0,4512,17,38925.667799734,38926.563503403,22.825,22.81
1.0,2300,8,38926.563771413,38926.563920861,22.815,22.815
-1.0,2554,11,38926.566097941,38928.660990287,22.815,22.815
1.0,400,3,38930.600942974,38930.882683397,22.815,22.815
-1.0,150,1,38933.50478551,38933.50478551,22.815,22.81
1.0,1763,8,38939.465294449,38941.620494398,22.805,22.82
-1.0,300,3,38959.855813123,38959.855813123,22.825,22.825
1.0,2856,17,38968.064977029,38968.064987834,22.825,22.83
-1.0,4998,9,38971.992848036,38971.992872422,22.835,22.83
1.0,681,4,38972.958022736,38972.958022736,22.825,22.83
-1.0,2226,19,38974.837267567,38977.620871223,22.835,22.81
1.0,1566,6,38977.980937285,38980.944031432,22.805,22.81
-1.0,1207,8,38983.770546098,38985.818211983,22.815,22.805
1.0,1473,11,38993.365238621,38993.365247809,22.805,22.81
-1.0,1248,2,38993.377080632,39000.542785897,22.815,22.815
1.0,1330,9,39009.861957754,39009.862003565,22.815,22.82
-1.0,767,7,39015.648534895,39017.699102142,22.825,22.81
1.0,1,1,39017.699489803,39017.699489803,22.805,22.805
-1.0,4489,25,39018.631912627,39026.519171618,22.805,22.79
1.0,1076,7,39034.605356341,39034.655516716,22.785,22.79
-1.0,6502,45,39035.190421497,39062.946426029,22.795,22.76
1.0,8146,24,39062.946904671,39065.133217943,22.755,22.765
-1.0,30,1,39065.137390872,39065.137390872,22.765,22.765
1.0,50,1,39065.23578326,39065.23578326,22.765,22.77
-1.0,615,4,39067.463848451,39067.463848451,22.775,22.77
1.0,2800,8,39067.598740502,39067.598744189,22.77,22.77
-1.0,1254,7,39070.571283421,39070.571283421,22.775,22.775
1.0,2500,10,39074.00953889,39075.742071996,22.765,22.77
-1.0,200,2,39075.970837374,39076.214237171,22.765,22.765
1.0,959,6,39084.969710156,39084.969710156,22.765,22.77
-1.0,725,4,39091.685856641,39091.685936036,22.775,22.775
1.0,885,9,39095.380875592,39099.00396519,22.765,22.78
-1.0,3158,17,39108.891372492,39122.278409743,22.785,22.77
1.0,2059,9,39142.016762058,39142.017087931,22.765,22.77
-1.0,200,2,39143.475126958,39143.476005028,22.775,22.77
1.0,300,3,39150.531717242,39152.091570721,22.765,22.765
-1.0,4555,50,39153.50430487,39154.230303895,22.765,22.74
1.0,1022,5,39154.849024656,39154.849024656,22.735,22.74
-1.0,89,1,39155.822940808,39155.822940808,22.745,22.74
1.0,1900,8,39159.029927199,39166.178171608,22.735,22.74
-1.0,250,1,39169.144463407,39169.144463407,22.745,22.745
1.0,3679,16,39170.327491692,39188.828394963,22.745,22.78
-1.0,2777,7,39190.729249799,39192.392033243,22.785,22.77
1.0,1843,15,39203.956534657,39207.182543736,22.765,22.78
-1.0,503,3,39215.292501479,39215.992962692,22.785,22.78
1.0,443,7,39235.947041417,39235.950262686,22.775,22.775
-1.0,7648,27,39245.303404991,39254.016225174,22.775,22.75
1.0,7587,27,39255.738051364,39256.298638186,22.745,22.76
-1.0,200,1,39256.33063955,39256.33063955,22.755,22.755
1.0,2937,15,39258.145554368,39283.983433935,22.755,22.77
-1.0,2541,17,39284.227133388,39300.987488508,22.775,22.75
1.0,7053,34,39304.144159764,39324.545535311,22.745,22.785
-1.0,306,2,39336.053327197,39336.053327197,22.785,22.78
1.0,200,3,39338.513598279,39339.844586506,22.775,22.78
-1.0,705,3,39345.216297644,39345.216297644,22.785,22.78
1.0,1888,10,39347.046470473,39353.818800552,22.775,22.79
-1.0,850,6,39354.498387978,39354.498387978,22.79,22.79
1.0,2250,4,39354.498675459,39365.160120974,22.785,22.79
-1.0,5,2,39376.639205456,39376.639205456,22.795,22.79
1.0,27,1,39378.736883103,39378.736883103,22.785,22.79
-1.0,3241,19,39386.02614145,39389.09689451,22.795,22.78
1.0,1986,12,39392.066984702,39395.983119954,22.775,22.785
-1.0,2547,11,39396.480400393,39396.961981731,22.795,22.79
1.0,800,4,39399.86138314,39399.861465476,22.785,22.79
-1.0,5173,11,39402.043237194,39415.510477273,22.795,22.78
1.0,2011,9,39418.778783029,39434.737762706,22.775,22.79
-1.0,3795,11,39453.204255319,39453.204266502,22.795,22.79
1.0,103,1,39453.20476737,39453.20476737,22.785,22.785
-1.0,6035,15,39453.335764011,39455.076331242,22.785,22.78
1.0,628,5,39459.889267973,39459.889267973,22.775,22.78
-1.0,1076,10,39464.859311253,39471.990005514,22.785,22.77
1.0,1731,13,39483.968971741,39496.243936432,22.765,22.77
-1.0,500,4,39501.030422825,39501.030451241,22.775,22.77
1.0,631,8,39512.937960538,39530.5072775,22.765,22.77
-1.0,2994,11,39531.629926174,39534.960505431,22.775,22.77
1.0,2221,11,39540.259864161,39541.757955277,22.765,22.78
-1.0,1783,9,39547.538997979,39553.882322301,22.785,22.77
1.0,3294,20,39553.882425889,39561.117153122,22.765,22.78
-1.0,2910,15,39562.483753308,39563.665066763,22.785,22.77
1.0,2395,9,39577.342669158,39579.714559611,22.765,22.765
-1.0,2759,31,39587.633185289,39590.039097391,22.765,22.76
1.0,914,6,39592.890351918,39592.89061173,22.755,22.76
-1.0,1702,13,39602.316727884,39603.750627862,22.765,22.76
1.0,770,6,39604.6329939,39604.633243585,22.755,22.76
-1.0,728,5,39609.671858,39609.671858,22.765,22.76
1.0,3108,10,39613.095447626,39615.526447859,22.755,22.765
-1.0,661,5,39616.864394909,39616.864394909,22.765,22.76
1.0,3045,9,39618.895815954,39618.895891351,22.755,22.755
-1.0,10474,47,39622.136140329,39652.900948874,22.755,22.73
1.0,5054,22,39662.838664829,39673.609841676,22.725,22.73
-1.0,2400,6,39678.126024978,39678.799129429,22.735,22.73
1.0,4027,28,39679.842377302,39690.085254322,22.725,22.76
-1.0,2357,18,39691.26324515,39716.009232541,22.765,22.73
1.0,6936,41,39719.320668042,39736.041408366,22.725,22.74
-1.0,1300,4,39737.962160909,39737.962160909,22.745,22.74
1.0,7591,20,39737.965237087,39737.966144368,22.735,22.745
-1.0,1594,13,39737.968686703,39746.101452943,22.745,22.74
1.0,2392,8,39746.104143088,39746.10655924,22.735,22.74
-1.0,900,7,39746.290251436,39748.066812155,22.735,22.73
1.0,3050,13,39761.709923354,39761.709930714,22.725,22.725
-1.0,3654,31,39767.140551741,39767.649637526,22.725,22.71
1.0,5274,11,39792.438226352,39792.438594412,22.705,22.71
-1.0,900,3,39799.463107695,39799.463107695,22.715,22.71
1.0,1421,5,39804.537036419,39804.537036419,22.705,22.71
-1.0,88,1,39804.634031161,39804.634031161,22.705,22.705
1.0,113,2,39804.634234525,39804.634234525,22.705,22.705
-1.0,11546,92,39805.305210511,39839.343232011,22.705,22.685
1.0,3915,25,39845.162442773,39850.52538627,22.685,22.71
-1.0,1381,6,39859.579814196,39859.57986298,22.715,22.71
1.0,566,6,39861.574217419,39861.574217419,22.705,22.71
-1.0,7613,57,39862.118721011,39901.194807886,22.715,22.66
1.0,200,1,39901.400243697,39901.400243697,22.665,22.665
-1.0,550,2,39901.918538079,39901.918538079,22.665,22.66
1.0,2830,8,39902.126090955,39902.126113786,22.655,22.66
-1.0,4434,44,39904.091678543,39904.095629397,22.655,22.655
1.0,4218,15,39904.295901634,39904.309834064,22.645,22.65
-1.0,7032,21,39908.572190241,39908.573090226,22.655,22.65
1.0,1823,11,39909.465779538,39909.466254105,22.645,22.645
-1.0,9416,22,39909.467008351,39914.162143669,22.655,22.64
1.0,3511,16,39921.393328055,39921.393728019,22.635,22.64
-1.0,16986,35,39925.815875817,39941.10147138,22.635,22.615
1.0,4315,19,39970.494100753,39970.494222995,22.615,22.615
-1.0,9899,32,39973.614474149,39973.810491722,22.625,22.61
1.0,1330,7,39976.379191842,39976.379191842,22.605,22.61
-1.0,12165,114,39976.379696961,39989.405178039,22.615,22.585
1.0,29,1,39989.407456264,39989.407456264,22.585,22.585
-1.0,6065,18,39990.407005257,39990.407057054,22.585,22.58
1.0,500,3,39990.407339304,39990.407339304,22.585,22.585
-1.0,600,3,39990.407843812,39990.419849698,22.585,22.585
1.0,100,1,39990.427931595,39990.427931595,22.585,22.585
-1.0,510,4,39990.429084055,39990.441078721,22.585,22.585
1.0,17339,95,39990.720911111,39997.628789196,22.585,22.63
-1.0,3021,10,40001.388986873,40010.89215285,22.635,22.61
1.0,1241,11,40011.454618805,40012.396380755,22.605,22.61
-1.0,830,4,40015.393584575,40015.393610406,22.615,22.61
1.0,1033,5,40018.005660054,40023.731591258,22.605,22.61
-1.0,50,1,40026.195541558,40026.195541558,22.615,22.615
1.0,1124,9,40032.476352037,40035.355628017,22.615,22.62
-1.0,100,1,40037.79118769,40037.79118769,22.615,22.615
1.0,790,8,40039.864167959,40057.822130803,22.615,22.635
-1.0,2107,10,40066.120562518,40068.050600362,22.635,22.63
1.0,500,3,40068.050907633,40068.050907633,22.63,22.63
-1.0,21112,94,40068.073638009,40099.692446169,22.625,22.575
1.0,1000,2,40099.928370394,40099.928370394,22.575,22.575
-1.0,2442,13,40100.85991784,40100.860542628,22.575,22.57
1.0,908,6,40102.602815586,40102.603009136,22.565,22.57
-1.0,250,3,40103.201208708,40103.573862607,22.575,22.57
1.0,5450,33,40106.186803464,40128.239574173,22.565,22.59
-1.0,14406,39,40129.955957825,40149.818114073,22.595,22.56
1.0,1552,13,40150.009890323,40150.179938616,22.555,22.56
-1.0,6877,41,40150.714101798,40153.868966029,22.565,22.55
1.0,2244,20,40156.487434568,40160.02093802,22.545,22.555
-1.0,5173,23,40165.194718417,40167.948665921,22.555,22.535
1.0,583,6,40168.728787526,40169.078539607,22.535,22.54
-1.0,1025,6,40169.243617334,40169.930999726,22.545,22.545
1.0,1063,6,40170.945869619,40170.946137009,22.535,22.54
-1.0,1671,6,40179.278591064,40184.425750455,22.545,22.54
1.0,1156,13,40202.977894813,40202.977963341,22.535,22.54
-1.0,1700,3,40207.237159419,40207.237159419,22.545,22.54
1.0,5051,62,40207.248668929,40207.570273998,22.535,22.54
-1.0,100,1,40207.576061545,40207.576061545,22.545,22.545
1.0,766,4,40207.576169328,40207.576169328,22.545,22.545
-1.0,1000,3,40208.245191573,40208.261423877,22.545,22.54
1.0,808,6,40208.274811446,40209.387889001,22.535,22.54
-1.0,457,3,40211.072442062,40211.072470327,22.545,22.54
1.0,165,7,40211.083264465,40213.097017265,22.535,22.535
-1.0,100,1,40217.927020966,40217.927020966,22.535,22.535
1.0,2252,10,40220.015371764,40223.054636207,22.535,22.535
-1.0,94,1,40223.080563476,40223.080563476,22.535,22.535
1.0,3241,30,40223.080833922,40235.789854294,22.535,22.56
-1.0,4430,10,40236.001409744,40236.004451126,22.565,22.56
1.0,335,5,40236.065098978,40236.080728382,22.555,22.555
-1.0,2965,9,40238.307776175,40242.314341157,22.565,22.55
1.0,259,9,40246.712437966,40255.405379553,22.545,22.545
-1.0,8106,10,40256.543817404,40256.543822375,22.545,22.54
1.0,1044,8,40256.885828599,40261.359586065,22.545,22.545
-1.0,1000,3,40261.360031155,40261.360053685,22.545,22.54
1.0,525,3,40262.335995662,40262.335995662,22.535,22.54
-1.0,3122,9,40263.520470702,40265.968242826,22.545,22.545
1.0,1361,7,40268.140548038,40268.140855148,22.545,22.55
-1.0,2720,7,40278.047652021,40278.047652021,22.555,22.555
1.0,100,1,40278.420264596,40278.420264596,22.555,22.555
-1.0,5,1,40278.472495635,40278.472495635,22.555,22.555
1.0,200,1,40279.518310473,40279.518310473,22.555,22.555
-1.0,806,2,40281.289878696,40281.289987993,22.555,22.55
1.0,2051,12,40282.788427077,40283.106128233,22.545,22.56
-1.0,981,5,40291.39052639,40298.702071082,22.565,22.565
1.0,1350,5,40298.950232536,40298.950438591,22.555,22.56
-1.0,100,2,40302.623168848,40302.623192834,22.565,22.56
1.0,500,3,40305.289728347,40305.289728347,22.555,22.56
-1.0,12378,30,40321.848726941,40328.540932671,22.565,22.55
1.0,4128,20,40333.864098115,40370.622431906,22.555,22.57
-1.0,3638,10,40372.002615075,40372.00262,22.575,22.575
1.0,3731,22,40381.487087563,40381.502899305,22.575,22.58
-1.0,2554,17,40403.964343847,40404.531334611,22.585,22.575
1.0,2737,9,40408.664393335,40409.535854085,22.575,22.58
-1.0,882,5,40413.902776422,40413.904485224,22.585,22.575
1.0,577,4,40416.427884462,40416.427884462,22.575,22.58
-1.0,249,3,40418.28535859,40418.437347915,22.585,22.585
1.0,980,7,40427.627059624,40427.62706564,22.585,22.59
-1.0,3341,19,40433.817403533,40441.213513992,22.595,22.575
1.0,1311,7,40443.322865979,40443.322889949,22.575,22.58
-1.0,1566,11,40451.268915393,40466.655283166,22.585,22.58
1.0,2474,11,40477.247449059,40485.091559544,22.575,22.58
-1.0,6070,30,40487.085688479,40498.368798017,22.585,22.57
1.0,1825,7,40501.081116663,40501.081663932,22.565,22.57
-1.0,1756,19,40507.800744394,40522.380627035,22.575,22.56
1.0,1028,7,40542.872623037,40542.872626857,22.555,22.56
-1.0,100,1,40542.883421526,40542.883421526,22.555,22.555
1.0,1311,4,40548.785770209,40548.785770209,22.555,22.56
-1.0,2744,17,40565.124270535,40566.414076788,22.565,22.555
1.0,4170,15,40570.423008014,40575.282534817,22.555,22.57
-1.0,1722,4,40604.013741729,40604.013741729,22.575,22.57
1.0,775,7,40611.505011095,40611.505724553,22.565,22.565
-1.0,2354,12,40625.305950618,40625.306477317,22.565,22.56
1.0,24,2,40625.309068275,40625.410450648,22.565,22.565
-1.0,3671,30,40625.816133859,40642.637843075,22.565,22.54
1.0,200,1,40642.640664421,40642.640664421,22.545,22.545
-1.0,319,5,40643.028569913,40659.227502067,22.545,22.535
1.0,8626,28,40661.060454364,40667.194247615,22.535,22.55
-1.0,3952,17,40673.016495883,40680.143728225,22.555,22.54
1.0,1282,7,40688.678978375,40688.678994247,22.545,22.55
-1.0,1750,6,40689.93695441,40690.992675432,22.555,22.54
1.0,2177,12,40691.157010685,40696.595077235,22.535,22.56
-1.0,1131,12,40698.688625723,40702.735815171,22.565,22.56
1.0,718,8,40702.738119479,40713.678769214,22.555,22.56
-1.0,573,2,40721.932246564,40721.932246564,22.565,22.56
1.0,6624,10,40731.94283394,40737.840541947,22.555,22.56
-1.0,100,1,40737.840730846,40737.840730846,22.555,22.555
1.0,1210,3,40737.841354036,40737.844231759,22.555,22.56
-1.0,3066,12,40738.700560354,40741.171542767,22.565,22.565
1.0,2967,20,40784.862782165,40784.862815357,22.565,22.57
-1.0,200,1,40784.863375555,40784.863375555,22.575,22.575
1.0,1597,8,40788.553094217,40798.037539081,22.575,22.58
-1.0,2588,6,40798.363264318,40798.406013228,22.585,22.58
1.0,1883,8,40806.851021884,40806.851025927,22.575,22.58
-1.0,2607,9,40811.007813696,40811.008556899,22.585,22.585
1.0,799,5,40812.99530627,40812.99530627,22.575,22.58
-1.0,2753,8,40835.479540806,40835.479569753,22.585,22.58
1.0,2035,5,40835.482680162,40839.13539252,22.575,22.58
-1.0,2399,6,40844.158420038,40844.158602634,22.585,22.585
1.0,1476,3,40849.646938021,40849.646938021,22.575,22.58
-1.0,7743,21,40867.57683852,40872.000139114,22.585,22.57
1.0,3801,12,40878.280864754,40886.154563346,22.565,22.57
-1.0,1652,5,40893.599078276,40893.599078276,22.575,22.57
1.0,10351,49,40895.956979945,40934.840398266,22.575,22.61
-1.0,4131,13,40955.360449216,40955.360457891,22.615,22.61
1.0,6296,31,40956.957730407,40976.563083561,22.605,22.65
-1.0,3961,20,40980.338654741,40980.339109304,22.655,22.65
1.0,1123,6,40980.341401871,40988.774492073,22.645,22.65
-1.0,1531,8,40998.321565262,40998.321567728,22.655,22.65
1.0,1347,7,41016.096833783,41016.096840867,22.645,22.65
-1.0,12750,12,41019.084021482,41019.085542225,22.655,22.64
1.0,1036,4,41024.089791714,41027.831033877,22.635,22.635
-1.0,2994,16,41034.480530427,41034.480886253,22.635,22.63
1.0,20,1,41049.701391046,41049.701391046,22.625,22.625
-1.0,1588,18,41065.018599978,41069.944185813,22.625,22.61
1.0,12095,38,41074.774578904,41086.936373083,22.605,22.61
-1.0,2247,12,41087.603582165,41087.60588719,22.615,22.615
1.0,1511,16,41091.442441536,41107.596556838,22.605,22.61
-1.0,100,1,41112.891345134,41112.891345134,22.615,22.61
1.0,794,5,41116.917562312,41116.918200949,22.605,22.61
-1.0,7,1,41116.920832912,41116.920832912,22.615,22.615
1.0,4369,21,41123.551460243,41167.48580558,22.605,22.63
-1.0,1862,13,41175.798032103,41175.798290318,22.635,22.63
1.0,5425,20,41197.357692172,41206.285411906,22.625,22.64
-1.0,1500,3,41206.285744987,41206.286368889,22.635,22.635
1.0,100,1,41206.286427391,41206.286427391,22.635,22.635
-1.0,500,2,41206.286460344,41206.286460344,22.635,22.635
1.0,1658,9,41206.286927139,41206.329063857,22.635,22.635
-1.0,50,1,41206.345316773,41206.345316773,22.635,22.635
1.0,550,3,41206.345549296,41206.819921022,22.635,22.64
-1.0,500,2,41206.820243523,41206.820243523,22.645,22.645
1.0,1860,8,41217.306169985,41217.306299221,22.645,22.65
-1.0,500,1,41217.306639834,41217.306639834,22.645,22.645
1.0,3464,14,41217.306764161,41226.86679431,22.645,22.67
-1.0,500,2,41226.867047719,41226.867047719,22.67,22.67
1.0,500,5,41227.368526614,41227.445622552,22.665,22.67
-1.0,12408,44,41229.502374189,41231.715992913,22.675,22.655
1.0,1113,6,41234.805230615,41234.976164196,22.645,22.65
-1.0,66,1,41234.978374815,41234.978374815,22.645,22.645
1.0,200,2,41234.978573739,41234.979062779,22.645,22.645
-1.0,7136,31,41235.812685472,41246.947415807,22.655,22.63
1.0,893,7,41248.523564734,41248.535243951,22.625,22.625
-1.0,73,1,41251.751000152,41251.751000152,22.625,22.625
1.0,4817,29,41261.92299661,41296.637385821,22.625,22.675
-1.0,2307,11,41303.072120509,41303.535748,22.675,22.66
1.0,6932,37,41314.28207504,41358.649114686,22.655,22.695
-1.0,5077,28,41360.178500816,41372.962405061,22.695,22.685
1.0,9333,19,41379.808285879,41379.852413719,22.695,22.7
-1.0,3950,41,41386.06001125,41403.758708671,22.705,22.66
1.0,7032,25,41406.039768432,41429.590845917,22.655,22.69
-1.0,2471,11,41437.060473596,41439.101216611,22.695,22.68
1.0,550,2,41441.963464426,41441.963464426,22.675,22.68
-1.0,16,1,41442.191402854,41442.191402854,22.685,22.685
1.0,1464,3,41442.97963115,41442.97963115,22.685,22.685
-1.0,6453,11,41459.365951022,41459.366153946,22.685,22.685
1.0,200,2,41464.063097848,41464.063121446,22.675,22.68
-1.0,1212,9,41466.421396702,41477.67159052,22.685,22.67
1.0,2396,9,41478.831201916,41489.725509615,22.665,22.68
-1.0,20,1,41489.725920648,41489.725920648,22.685,22.685
1.0,500,3,41501.628084909,41501.628084909,22.685,22.69
-1.0,28,1,41504.030918098,41504.030918098,22.695,22.695
1.0,2899,13,41508.016749817,41521.662890954,22.695,22.71
-1.0,4557,33,41523.869928503,41525.51400304,22.715,22.69
1.0,970,4,41525.938973842,41525.939534677,22.685,22.69
-1.0,1672,14,41526.6285467,41527.909940049,22.695,22.685
1.0,1875,9,41528.295746979,41528.302922041,22.675,22.675
-1.0,250,5,41538.072160983,41538.539313318,22.685,22.68
1.0,2062,11,41541.694561433,41547.090075112,22.675,22.685
-1.0,11253,42,41547.374522044,41547.680184796,22.685,22.665
1.0,1352,8,41547.731277914,41547.731291886,22.665,22.67
-1.0,1186,10,41550.399602682,41550.60974885,22.675,22.675
1.0,2263,10,41550.647766889,41550.647773963,22.665,22.67
-1.0,300,1,41550.647803922,41550.647803922,22.67,22.67
1.0,1772,9,41551.361485753,41554.56272746,22.665,22.68
-1.0,1358,17,41554.77412115,41574.442923182,22.685,22.68
1.0,700,4,41576.999567838,41576.999567838,22.675,22.68
-1.0,50,1,41591.085652255,41591.085652255,22.685,22.685
1.0,7187,32,41598.070436778,41618.275730215,22.685,22.72
-1.0,3026,10,41619.490673679,41619.490699551,22.725,22.72
1.0,576,4,41627.527723518,41627.527733037,22.715,22.72
-1.0,1469,6,41631.823637055,41631.823668872,22.725,22.725
1.0,2279,16,41649.122430758,41658.007692893,22.725,22.73
-1.0,1593,9,41658.008237046,41660.117241787,22.735,22.73
1.0,3439,12,41660.770403736,41667.787167767,22.735,22.74
-1.0,13232,70,41672.208885371,41702.896032871,22.745,22.685
1.0,4956,21,41703.116066094,41712.443213744,22.685,22.71
-1.0,607,7,41713.453624896,41716.545299869,22.715,22.705
1.0,3375,16,41721.16727663,41724.900817275,22.705,22.715
-1.0,3152,17,41731.622973296,41751.932751918,22.715,22.7
1.0,2905,15,41765.463164024,41786.91201007,22.695,22.705
-1.0,3954,16,41790.27721342,41790.277224485,22.705,22.7
1.0,3,1,41790.277560098,41790.277560098,22.695,22.695
-1.0,575,6,41791.361466778,41797.35658923,22.695,22.68
1.0,8319,36,41801.923340855,41821.476236545,22.675,22.69
-1.0,500,5,41827.605939624,41827.770452514,22.695,22.695
1.0,3379,25,41831.038451243,41855.392216318,22.695,22.715
-1.0,700,4,41857.732887425,41857.732887425,22.715,22.71
1.0,484,4,41860.244197096,41860.244197096,22.705,22.71
-1.0,11243,39,41863.056962887,41893.156643329,22.715,22.675
1.0,7047,30,41897.181750581,41918.238931527,22.675,22.7
-1.0,65,1,41920.431599129,41920.431599129,22.695,22.695
1.0,3403,23,41920.843335869,41984.471743927,22.695,22.72
-1.0,2247,10,41994.376009439,41995.690478762,22.725,22.715
1.0,1054,10,42000.119884333,42006.120194289,22.715,22.73
-1.0,1153,8,42008.474981782,42010.266663646,22.735,22.72
1.0,1202,8,42021.335201694,42021.335208436,22.715,22.72
-1.0,8470,77,42024.221196831,42024.620399892,22.725,22.705
1.0,4867,25,42029.507793695,42042.517280118,22.705,22.74
-1.0,200,1,42042.943985671,42042.943985671,22.735,22.735
1.0,650,6,42043.788789794,42043.792772076,22.735,22.74
-1.0,1536,7,42054.368121918,42054.368124894,22.745,22.74
1.0,4321,19,42055.523154975,42055.60553671,22.735,22.74
-1.0,2415,12,42075.106570561,42075.106852402,22.735,22.73
1.0,876,6,42083.144129295,42083.144129295,22.725,22.73
-1.0,4575,33,42084.988092914,42085.119600677,22.735,22.735
1.0,3801,12,42085.263554796,42085.263561126,22.735,22.74
-1.0,695,7,42085.592102456,42086.036719155,22.735,22.735
1.0,6008,30,42090.550280718,42107.014683052,22.735,22.77
-1.0,6312,20,42107.065257189,42116.06864908,22.775,22.76
1.0,4302,17,42117.037540484,42120.592027617,22.755,22.77
-1.0,2986,9,42123.244538314,42123.244567146,22.775,22.77
1.0,500,1,42123.244878479,42123.244878479,22.77,22.77
-1.0,400,1,42123.245246816,42123.245246816,22.775,22.77
1.0,3949,20,42124.435323872,42136.792489693,22.765,22.795
-1.0,3630,7,42138.682394554,42138.682394554,22.795,22.79
1.0,3969,22,42140.783982448,42141.123775676,22.785,22.8
-1.0,9431,41,42141.130056791,42142.172651152,22.805,22.79
1.0,530,5,42146.514052295,42146.534283698,22.785,22.79
-1.0,76,3,42146.666861441,42146.677768418,22.795,22.795
1.0,1039,7,42147.546675414,42152.140734814,22.795,22.795
-1.0,1590,6,42163.264664959,42163.264671528,22.795,22.79
1.0,2024,14,42167.508553928,42175.491489367,22.785,22.8
-1.0,4882,17,42176.022119473,42180.102924351,22.805,22.8
1.0,100,2,42194.333689897,42194.333689897,22.795,22.795
-1.0,2148,16,42211.88086659,42215.196321714,22.795,22.78
1.0,1207,10,42217.517022064,42243.132946415,22.775,22.785
-1.0,100,1,42243.505427391,42243.505427391,22.785,22.785
1.0,1150,4,42243.90884289,42243.90884289,22.785,22.79
-1.0,2913,8,42245.293800025,42245.294238236,22.795,22.79
1.0,1200,2,42245.665891672,42245.665953569,22.785,22.785
-1.0,2757,25,42249.936670659,42253.273352229,22.785,22.76
1.0,5070,16,42253.275903476,42258.251469766,22.755,22.755
-1.0,6817,24,42258.54016375,42259.273147482,22.755,22.745
1.0,1154,6,42259.630328677,42259.630499464,22.745,22.75
-1.0,2231,14,42259.904587887,42266.185488238,22.755,22.74
1.0,1383,9,42278.824492061,42284.459142534,22.735,22.75
-1.0,1220,11,42289.126377729,42289.550033402,22.755,22.75
1.0,105,3,42289.745906463,42291.433909026,22.745,22.75
-1.0,9532,53,42293.674919945,42304.125897562,22.755,22.74
1.0,3500,13,42304.210066403,42304.21821434,22.735,22.74
-1.0,199,1,42304.306453571,42304.306453571,22.735,22.735
1.0,590,4,42304.439225156,42304.439225156,22.735,22.74
-1.0,140,2,42304.946107603,42304.946107603,22.745,22.745
1.0,300,3,42305.088099163,42305.088129937,22.74,22.745
-1.0,1180,16,42305.097857408,42309.799575113,22.745,22.73
1.0,2574,14,42312.290508689,42319.220613886,22.725,22.735
-1.0,100,1,42319.224089858,42319.224089858,22.735,22.735
1.0,2699,11,42319.85816054,42360.572837852,22.735,22.745
-1.0,2634,18,42362.852670343,42372.597783072,22.745,22.72
1.0,2138,10,42383.5478218,42383.547831866,22.715,22.72
-1.0,1550,6,42384.256711119,42390.494480421,22.725,22.72
1.0,1848,15,42397.335889489,42397.336064244,22.715,22.72
-1.0,6224,49,42402.713973064,42421.202236326,22.725,22.69
1.0,3313,23,42423.187539121,42485.768401067,22.685,22.73
-1.0,1821,11,42491.592780745,42492.563206699,22.735,22.72
1.0,1540,5,42521.672191466,42521.672191466,22.725,22.73
-1.0,1215,8,42538.758725794,42538.75872851,22.735,22.73
1.0,736,4,42541.17755609,42541.17755609,22.725,22.73
-1.0,4767,17,42541.707457664,42541.707991848,22.735,22.73
1.0,570,3,42544.148672937,42545.462414389,22.725,22.735
-1.0,1754,3,42554.449994364,42554.449994364,22.735,22.735
1.0,9396,15,42558.507534594,42558.509811593,22.735,22.74
-1.0,577,8,42593.099076557,42593.099112042,22.745,22.74
1.0,573,3,42603.796502823,42603.796502823,22.735,22.74
-1.0,200,2,42606.608982769,42606.608982769,22.745,22.745
1.0,186,3,42608.053263074,42608.053549292,22.735,22.735
-1.0,451,3,42613.553119858,42613.553119858,22.745,22.74
1.0,5016,18,42618.348363959,42671.339015195,22.735,22.76
-1.0,546,6,42673.360293989,42673.377387421,22.765,22.765
1.0,700,5,42695.032802971,42698.403438175,22.755,22.76
-1.0,763,10,42716.252157671,42716.296841513,22.765,22.765
1.0,851,7,42721.736937723,42721.73697888,22.755,22.76
-1.0,6031,51,42725.029508797,42780.286605085,22.765,22.73
1.0,351,3,42784.830959854,42784.830959854,22.725,22.73
-1.0,2101,16,42791.676292398,42798.907822317,22.745,22.73
1.0,3373,17,42802.563303059,42807.19238346,22.725,22.725
-1.0,48,1,42809.47959672,42809.47959672,22.725,22.725
1.0,785,5,42813.769289213,42825.980870984,22.725,22.74
-1.0,4594,20,42830.506574148,42871.221113576,22.745,22.72
1.0,300,3,42875.030336443,42875.030359426,22.715,22.72
-1.0,400,2,42883.723095945,42883.723095945,22.725,22.72
1.0,502,5,42883.724108904,42896.274355824,22.715,22.725
-1.0,500,3,42897.538400674,42897.538400674,22.725,22.725
1.0,1012,9,42900.9216209,42902.061466306,22.715,22.715
-1.0,200,2,42902.069008197,42902.069008197,22.715,22.715
1.0,1610,12,42903.574598672,42914.580168517,22.715,22.725
-1.0,14856,49,42926.872253254,42963.991651652,22.725,22.69
1.0,799,6,42965.088069854,42965.088069854,22.685,22.69
-1.0,1162,6,42972.209117976,42972.209117976,22.695,22.69
1.0,565,3,42978.720763199,42979.218162633,22.685,22.69
-1.0,8624,29,42987.196081427,43006.712544286,22.695,22.68
1.0,500,2,43006.712711905,43006.712711905,22.68,22.68
-1.0,3451,13,43006.712922223,43011.23013967,22.685,22.67
1.0,1211,7,43031.817381752,43031.820446015,22.665,22.67
-1.0,2510,10,43036.252362062,43036.2523708,22.675,22.67
1.0,3031,14,43036.252521489,43053.508652543,22.67,22.67
-1.0,3475,23,43057.663184116,43061.174180589,22.675,22.66
1.0,650,4,43066.64331815,43066.643343737,22.655,22.66
-1.0,132,3,43089.668692511,43089.669167997,22.665,22.66
1.0,1525,11,43089.672900411,43096.918555427,22.655,22.655
-1.0,8241,34,43116.274622402,43122.021772933,22.655,22.64
1.0,86,1,43124.614443551,43124.614443551,22.635,22.635
-1.0,7574,31,43128.525721093,43144.790059538,22.635,22.62
1.0,8018,34,43145.951110408,43146.325598729,22.615,22.63
-1.0,150,1,43146.510230978,43146.510230978,22.625,22.625
1.0,1250,4,43158.875661924,43158.875661924,22.625,22.63
-1.0,3198,16,43166.948397537,43172.977826689,22.635,22.63
1.0,1,1,43173.25669627,43173.25669627,22.63,22.63
-1.0,5706,30,43182.689799049,43217.54924292,22.625,22.61
1.0,1052,7,43219.345312274,43219.345312274,22.605,22.61
-1.0,11208,53,43226.801619046,43330.498684846,22.615,22.605
1.0,11408,14,43344.769050379,43344.769073049,22.605,22.61
-1.0,1200,6,43349.478330813,43349.478330813,22.615,22.615
1.0,13448,91,43354.644095121,43403.015943244,22.615,22.65
-1.0,712,6,43407.375352192,43407.375352192,22.655,22.65
1.0,9451,29,43410.139505309,43417.536314703,22.645,22.655
-1.0,800,4,43417.539538364,43417.539778638,22.655,22.655
1.0,2073,16,43423.431157161,43426.185677954,22.655,22.66
-1.0,140,2,43428.192117349,43428.192117349,22.655,22.655
1.0,4085,25,43432.368366579,43434.535062142,22.655,22.67
-1.0,15,1,43434.563260963,43434.563260963,22.665,22.665
1.0,24,2,43434.615159373,43434.615159373,22.665,22.665
-1.0,100,1,43434.637299651,43434.637299651,22.665,22.665
1.0,1645,19,43440.153594973,43449.195014959,22.665,22.7
-1.0,1068,9,43449.425955871,43454.484344535,22.705,22.7
1.0,748,6,43480.135544264,43480.135544264,22.695,22.7
-1.0,2076,13,43488.396472311,43488.396565531,22.705,22.7
1.0,996,11,43526.800998533,43527.338296705,22.695,22.71
-1.0,645,8,43543.19817311,43543.198201074,22.715,22.71
1.0,24,2,43552.160305404,43552.160305404,22.705,22.71
-1.0,2206,18,43561.957007209,43563.452779725,22.715,22.71
1.0,2042,17,43580.212156204,43613.862649387,22.705,22.73
-1.0,1015,7,43624.726873679,43627.503003677,22.735,22.725
1.0,1654,13,43651.559889272,43651.559899263,22.725,22.73
-1.0,9356,54,43655.784637636,43672.535609043,22.735,22.725
1.0,747,5,43674.462737711,43674.462737711,22.715,22.72
-1.0,2301,9,43677.218058764,43683.598834995,22.725,22.715
1.0,828,6,43695.531543189,43695.531543189,22.715,22.72
-1.0,897,5,43702.280880262,43702.280880262,22.725,22.72
1.0,971,9,43722.501030479,43722.501292802,22.715,22.72
-1.0,453,5,43738.025697209,43738.025697209,22.725,22.72
1.0,12,1,43764.279815634,43764.279815634,22.715,22.715
-1.0,561,9,43787.763377982,43787.763385447,22.715,22.71
1.0,2864,21,43796.774191068,43796.774838815,22.705,22.705
-1.0,7935,33,43810.834814424,43810.841333298,22.715,22.7
1.0,684,6,43819.065497672,43819.065787093,22.705,22.71
-1.0,34,1,43828.309665894,43828.309665894,22.715,22.715
1.0,5805,11,43833.852493405,43844.305139151,22.715,22.74
-1.0,2004,17,43846.805180383,43849.822452538,22.745,22.735
1.0,2663,24,43853.831966402,43897.704953491,22.725,22.76
-1.0,3561,19,43905.133182361,43906.800964377,22.765,22.75
1.0,1937,6,43915.738192456,43925.756658256,22.745,22.75
-1.0,3471,24,43927.605687462,43952.601191661,22.755,22.72
1.0,444,3,43954.328207897,43954.328207897,22.715,22.715
-1.0,1013,11,43983.6886299,43983.689277282,22.715,22.71
1.0,100,1,43983.992710665,43983.992710665,22.705,22.705
-1.0,2675,24,43987.490565088,43989.046609171,22.705,22.685
1.0,3837,14,43990.13183848,43990.323198124,22.685,22.69
-1.0,514,6,43995.584060119,43995.635139487,22.695,22.695
1.0,1350,6,44005.12933655,44005.12933655,22.695,22.7
-1.0,244,5,44007.724804239,44008.857999682,22.705,22.7
1.0,110,2,44009.069822982,44009.206618643,22.695,22.695
-1.0,1022,10,44011.761438967,44012.012978387,22.695,22.685
1.0,4740,16,44012.875549949,44013.074504575,22.685,22.685
-1.0,725,6,44022.045240653,44022.081056071,22.695,22.685
1.0,100,1,44022.403719903,44022.403719903,22.685,22.685
-1.0,643,13,44035.668980207,44041.56602146,22.685,22.68
1.0,1452,3,44041.566833205,44041.566833205,22.675,22.675
-1.0,255,5,44045.114760938,44045.114760938,22.675,22.67
1.0,719,7,44050.09468484,44050.09468484,22.665,22.67
-1.0,800,5,44052.084420687,44052.084420687,22.675,22.675
1.0,2348,12,44065.174574439,44109.917274871,22.675,22.68
-1.0,1040,6,44115.480373504,44115.480375421,22.685,22.68
1.0,300,3,44117.094045679,44117.094045679,22.685,22.685
-1.0,664,4,44119.514623922,44119.514623922,22.685,22.68
1.0,389,4,44136.951607264,44136.951607264,22.675,22.68
-1.0,1136,11,44148.028134541,44148.028683761,22.685,22.68
1.0,125,3,44166.540884625,44166.540884625,22.675,22.68
-1.0,2500,9,44166.71285672,44166.712859851,22.685,22.685
1.0,2,1,44171.622281477,44171.622281477,22.685,22.685
-1.0,402,4,44183.787246391,44183.787509049,22.685,22.68
1.0,1651,12,44199.371703196,44199.37236724,22.675,22.68
-1.0,12543,42,44199.375948856,44226.154619772,22.675,22.64
1.0,5182,20,44228.926658971,44232.205642896,22.635,22.64
-1.0,200,2,44232.262163353,44232.262198583,22.635,22.635
1.0,1,1,44249.7230589,44249.7230589,22.635,22.635
-1.0,8891,42,44281.928127237,44295.067848936,22.635,22.61
1.0,1209,5,44295.221021729,44295.221021729,22.605,22.61
-1.0,290,2,44295.22134697,44295.221967014,22.61,22.615
1.0,5485,25,44296.699780631,44306.487211499,22.615,22.62
-1.0,1762,14,44306.509695899,44328.877776919,22.615,22.61
1.0,6849,29,44328.950726214,44378.778757553,22.605,22.64
-1.0,3063,15,44378.780189898,44385.071471387,22.635,22.63
1.0,2329,12,44400.689295152,44400.690178239,22.625,22.625
-1.0,8,1,44400.691496304,44400.691496304,22.635,22.635
1.0,1835,12,44420.980998453,44420.98239338,22.635,22.645
-1.0,701,6,44420.982540551,44421.922268973,22.645,22.64
1.0,1862,12,44467.653738436,44467.654294675,22.635,22.64
-1.0,12998,24,44467.654669137,44479.809538191,22.645,22.63
1.0,5159,21,44481.303615584,44514.294544405,22.625,22.64
-1.0,2872,10,44514.684857185,44519.12980226,22.645,22.63
1.0,220,3,44524.263794507,44524.592610618,22.625,22.625
-1.0,11282,76,44571.018700544,44587.899048948,22.625,22.6
1.0,1247,5,44593.181192774,44593.181357994,22.595,22.595
-1.0,3,1,44593.444181852,44593.444181852,22.605,22.605
1.0,12,1,44599.682983008,44599.682983008,22.6,22.6
-1.0,7139,38,44606.395538779,44624.791186716,22.595,22.58
1.0,3218,28,44630.627053572,44638.362032554,22.575,22.59
-1.0,129,3,44653.671522673,44653.671522673,22.595,22.59
1.0,5751,39,44679.635662832,44697.374870824,22.585,22.59
-1.0,4400,11,44728.00066755,44728.000673899,22.595,22.595
1.0,3492,15,44749.488572312,44766.70810932,22.595,22.605
-1.0,1792,15,44772.031575796,44779.939001173,22.605,22.595
1.0,2665,16,44821.420752694,44821.421130131,22.595,22.6
-1.0,5808,21,44832.082549128,44832.082786746,22.595,22.59
1.0,1494,9,44838.041819254,44838.041827319,22.585,22.59
-1.0,19388,36,44843.930169634,44847.636346202,22.595,22.57
1.0,1466,13,44856.264772489,44856.265583014,22.565,22.57
-1.0,1660,21,44863.009523773,44892.126126661,22.575,22.565
1.0,8024,47,44911.648887906,44931.852911907,22.565,22.59
-1.0,2513,19,44941.53061454,44942.679735446,22.595,22.58
1.0,1304,11,44951.994602977,44957.888823744,22.575,22.595
-1.0,2700,11,44988.662423271,44997.15280433,22.595,22.58
1.0,2939,23,45012.949835665,45035.449128554,22.575,22.59
-1.0,5898,23,45036.514815165,45101.060318063,22.595,22.58
1.0,1777,8,45101.06069739,45114.112084509,22.58,22.58
-1.0,35105,166,45115.185531492,45161.063660817,22.585,22.52
1.0,100,1,45161.064223793,45161.064223793,22.525,22.525
-1.0,1400,9,45161.064418903,45161.102274119,22.525,22.525
1.0,200,2,45161.104466399,45161.104539848,22.525,22.525
-1.0,225,3,45161.106009335,45161.106009335,22.525,22.52
1.0,3640,8,45161.106615559,45161.106653104,22.515,22.52
-1.0,881,8,45161.106777878,45161.106788735,22.525,22.52
1.0,9915,41,45161.906318651,45162.221839531,22.515,22.525
-1.0,4492,21,45163.500758244,45163.510361742,22.525,22.52
1.0,2299,9,45163.510750549,45163.511074827,22.515,22.52
-1.0,300,4,45163.511175004,45163.511184502,22.515,22.515
1.0,600,2,45163.511289319,45163.511781607,22.515,22.515
-1.0,109,1,45163.513380848,45163.513380848,22.515,22.515
1.0,50,1,45163.513590986,45163.513590986,22.515,22.52
-1.0,100,1,45163.521558514,45163.521558514,22.515,22.515
1.0,150,1,45163.575846004,45163.575846004,22.515,22.52
-1.0,1469,9,45163.584851314,45163.591494906,22.525,22.52
1.0,1100,4,45163.630059657,45163.630059657,22.515,22.52
-1.0,1050,3,45163.64590599,45163.64590599,22.525,22.52
1.0,503,5,45163.688178273,45163.688727533,22.515,22.52
-1.0,904,8,45163.705683237,45163.722632194,22.525,22.52
1.0,2886,11,45163.759665002,45166.09157417,22.515,22.525
-1.0,559,4,45167.525552398,45167.525552398,22.525,22.52
1.0,1150,5,45171.094203256,45171.094223161,22.515,22.52
-1.0,13380,42,45173.525060471,45177.82837553,22.525,22.51
1.0,4661,9,45177.828484156,45177.828490604,22.51,22.51
-1.0,16711,14,45177.828607161,45177.829828177,22.515,22.51
1.0,5326,7,45177.829896199,45177.830332182,22.505,22.51
-1.0,3514,6,45178.024772416,45179.090349317,22.515,22.51
1.0,1820,6,45179.090400744,45179.090400744,22.51,22.51
-1.0,10880,7,45179.090480644,45179.10182839,22.515,22.51
1.0,2300,5,45179.102118595,45179.102118595,22.51,22.51
-1.0,3700,1,45179.102687159,45179.102687159,22.515,22.51
1.0,13706,10,45179.102973905,45179.105497328,22.505,22.515
-1.0,2560,6,45179.263722858,45179.263727981,22.515,22.51
1.0,2770,5,45179.263827259,45179.263827259,22.515,22.515
-1.0,89954,444,45179.284397208,45179.426959974,22.515,22.5
1.0,95,1,45179.432199293,45179.432199293,22.495,22.495
-1.0,2338,15,45179.452874185,45179.458787725,22.495,22.49
1.0,1,1,45179.47102495,45179.47102495,22.485,22.485
-1.0,5458,37,45179.778476214,45179.923614627,22.485,22.47
1.0,1311,8,45179.934264563,45179.93462625,22.465,22.47
-1.0,1255,13,45179.936312409,45180.361099824,22.475,22.475
1.0,600,5,45180.819831945,45180.820055115,22.465,22.465
-1.0,3026,28,45180.948671211,45181.622762558,22.465,22.46
1.0,1153,8,45181.630923367,45181.996260967,22.455,22.46
-1.0,3593,13,45184.204740434,45184.210644788,22.465,22.46
1.0,2610,12,45184.87748013,45186.521464571,22.465,22.49
-1.0,1100,8,45188.791911352,45188.791918761,22.495,22.495
1.0,6161,14,45190.062753273,45190.081876039,22.495,22.5
-1.0,874,6,45193.730663786,45194.832946013,22.505,22.48
1.0,3395,8,45194.883876938,45194.88397664,22.475,22.48
-1.0,394,1,45194.884277175,45194.884277175,22.485,22.485
1.0,650,3,45195.597142844,45195.597142844,22.475,22.48
-1.0,1650,7,45195.877278775,45196.473085432,22.485,22.47
1.0,6048,23,45196.996865302,45209.182837846,22.465,22.51
-1.0,3092,8,45209.243097957,45209.292952389,22.515,22.51
1.0,3779,9,45209.37445539,45209.527764651,22.505,22.505
-1.0,2436,10,45210.171570804,45213.602820248,22.505,22.495
1.0,1328,9,45219.002706301,45224.126356628,22.495,22.51
-1.0,5201,13,45224.482364338,45238.608313059,22.515,22.5
1.0,1006,5,45239.194469731,45239.194469731,22.495,22.5
-1.0,354,9,45241.598593958,45244.660790928,22.505,22.5
1.0,2706,10,45245.242742612,45245.242760829,22.495,22.5
-1.0,4470,23,45245.599762855,45260.415243786,22.505,22.48
1.0,5012,25,45260.526006633,45264.902509193,22.475,22.51
-1.0,1905,8,45265.143338201,45266.279411892,22.515,22.505
1.0,1580,10,45267.06259955,45268.299162863,22.505,22.52
-1.0,849,8,45269.1795476,45279.142131701,22.525,22.5
1.0,8196,22,45282.634051329,45284.643992184,22.495,22.51
-1.0,400,2,45284.646340693,45284.646340693,22.505,22.505
1.0,256,2,45284.646368597,45284.646570351,22.505,22.505
-1.0,200,1,45284.64706166,45284.64706166,22.505,22.505
1.0,4444,17,45284.657674951,45285.26931333,22.505,22.51
-1.0,400,2,45285.270119362,45285.270119362,22.505,22.505
1.0,3961,9,45285.270153814,45285.311754833,22.505,22.51
-1.0,7720,22,45285.346175001,45297.768930761,22.505,22.49
1.0,1719,6,45301.422123161,45301.422123161,22.485,22.49
-1.0,279,2,45301.735184078,45312.74546724,22.495,22.495
1.0,310,3,45314.556625114,45314.556625114,22.495,22.5
-1.0,1081,6,45317.533265068,45317.533265068,22.505,22.5
1.0,6066,14,45317.534434566,45317.633368576,22.495,22.5
-1.0,1200,1,45317.6568849,45317.6568849,22.495,22.495
1.0,800,2,45317.779213723,45317.779213723,22.495,22.5
-1.0,300,3,45317.983351462,45319.211276446,22.5,22.495
1.0,500,2,45320.135787632,45320.135787632,22.495,22.5
-1.0,1284,10,45326.754801704,45326.755327274,22.505,22.505
1.0,100,1,45330.701152122,45330.701152122,22.505,22.505
-1.0,1443,7,45331.502968273,45331.86453698,22.505,22.5
1.0,4462,12,45336.892086424,45339.554344196,22.495,22.5
-1.0,510,7,45357.426603118,45357.426603118,22.505,22.5
1.0,1216,9,45368.985517966,45370.502917505,22.495,22.505
-1.0,827,7,45373.703744274,45373.703782909,22.515,22.51
1.0,4566,15,45376.050169015,45387.587936158,22.505,22.515
-1.0,1500,3,45387.862478727,45387.862540521,22.515,22.515
1.0,700,3,45390.462428349,45390.462428349,22.515,22.515
-1.0,6610,26,45408.09253699,45421.76068567,22.515,22.5
1.0,2415,11,45422.045920055,45431.691774579,22.495,22.505
-1.0,6015,17,45439.077382315,45440.417397332,22.505,22.49
1.0,7461,41,45440.971224173,45445.867665906,22.485,22.505
-1.0,5346,14,45451.835881103,45464.582769152,22.505,22.495
1.0,4550,13,45480.005078176,45480.005113891,22.495,22.5
-1.0,9089,56,45480.985216241,45511.50683271,22.505,22.465
1.0,4266,18,45513.735213143,45517.908747727,22.465,22.475
-1.0,979,10,45522.443980834,45523.891049169,22.475,22.475
1.0,100,1,45524.187360336,45524.187360336,22.475,22.475
-1.0,1350,8,45524.375216646,45526.950608526,22.475,22.475
1.0,4179,13,45531.557221887,45531.557230135,22.465,22.47
-1.0,223,2,45531.560424555,45531.560424555,22.465,22.465
1.0,1742,11,45543.224163825,45543.224586695,22.465,22.47
-1.0,3010,17,45543.260428796,45549.376455777,22.475,22.47
1.0,1540,6,45549.603866705,45549.603988308,22.465,22.47
-1.0,1130,4,45549.925467398,45549.925467398,22.475,22.47
1.0,400,3,45550.904923047,45550.904923047,22.475,22.475
-1.0,954,5,45554.803881326,45554.804498339,22.475,22.47
1.0,3213,18,45558.635790299,45558.636018345,22.465,22.465
-1.0,13530,54,45582.846714756,45583.339172074,22.465,22.45
1.0,5204,23,45585.062208052,45585.251791547,22.445,22.45
-1.0,2,1,45585.475221788,45585.475221788,22.445,22.445
1.0,100,1,45585.475436596,45585.475436596,22.445,22.445
-1.0,7434,15,45585.624108828,45585.624122881,22.445,22.445
1.0,8139,32,45587.583110184,45596.953298761,22.445,22.47
-1.0,11578,13,45597.021907367,45598.665957883,22.475,22.465
1.0,700,1,45598.759765388,45598.759765388,22.465,22.465
-1.0,800,4,45599.835794008,45599.835794008,22.465,22.465
1.0,24,1,45600.001202436,45600.001202436,22.465,22.465
-1.0,1250,5,45600.810903029,45600.81113796,22.465,22.46
1.0,5978,27,45602.496048507,45604.063170364,22.455,22.465
-1.0,663,3,45604.427728952,45604.427728952,22.465,22.465
1.0,1183,7,45605.868461834,45606.899740573,22.465,22.465
-1.0,2850,9,45606.900038396,45607.303799536,22.475,22.475
1.0,2582,20,45619.485395477,45619.805692296,22.475,22.49
-1.0,404,2,45624.200546608,45624.200546608,22.495,22.49
1.0,703,4,45624.287088566,45624.636350627,22.495,22.495
-1.0,3834,15,45625.372744644,45631.300219583,22.495,22.485
1.0,9024,28,45631.335280768,45634.504626812,22.475,22.49
-1.0,16340,33,45636.515558913,45636.647389046,22.495,22.485
1.0,1463,9,45636.765724331,45646.695090879,22.485,22.49
-1.0,12615,34,45649.318650067,45659.43560965,22.495,22.48
1.0,5514,17,45660.165271208,45665.049592986,22.475,22.49
-1.0,7634,22,45667.320523971,45672.829874234,22.495,22.48
1.0,7505,19,45673.766761092,45688.41814206,22.475,22.49
-1.0,852,6,45692.039356177,45692.224102183,22.495,22.49
1.0,3412,11,45698.007545102,45698.007693375,22.485,22.49
-1.0,3200,23,45704.12683701,45735.370624323,22.495,22.485
1.0,452,4,45735.371082464,45735.376269483,22.485,22.485
-1.0,1849,3,45735.687365377,45736.159104263,22.485,22.48
1.0,2400,7,45736.364961987,45736.365041933,22.475,22.48
-1.0,1351,7,45738.343143196,45738.343461284,22.485,22.48
1.0,1802,11,45740.232738356,45740.233252939,22.475,22.48
-1.0,2562,12,45740.233606317,45742.876825432,22.485,22.48
1.0,1658,7,45745.478457515,45745.478457515,22.475,22.48
-1.0,9879,29,45759.971415243,45780.047450882,22.485,22.465
1.0,650,3,45783.312346891,45783.312354785,22.465,22.47
-1.0,16424,64,45791.069940401,45827.030705392,22.475,22.43
1.0,6700,15,45830.326100697,45833.3259091,22.425,22.425
-1.0,263,3,45842.766548453,45842.766548453,22.425,22.425
1.0,6490,13,45844.08790821,45844.088664261,22.425,22.43
-1.0,3500,10,45844.089298728,45844.090000931,22.425,22.425
1.0,5524,22,45844.099545863,45849.803345193,22.425,22.43
-1.0,500,2,45849.803614904,45849.803614904,22.425,22.425
1.0,897,4,45850.136744894,45850.137292967,22.425,22.43
-1.0,824,4,45851.172920747,45851.172920747,22.435,22.43
1.0,1882,7,45853.190544009,45853.190547131,22.425,22.43
-1.0,3114,20,45854.99429242,45890.377473807,22.435,22.42
1.0,1590,8,45890.380239257,45900.241686094,22.42,22.42
-1.0,2,2,45900.242243159,45917.784761745,22.425,22.425
1.0,8026,39,45935.873228797,45937.438256083,22.425,22.45
-1.0,30232,75,45937.439088791,45953.411602949,22.455,22.415
1.0,8889,44,45963.531145578,45966.254303557,22.405,22.42
-1.0,130,2,45966.790920423,45969.444170912,22.415,22.415
1.0,1048,6,45989.322894903,45989.322894903,22.415,22.42
-1.0,7887,79,45995.059019224,46008.859934087,22.425,22.4
1.0,2445,6,46010.023707951,46010.023713053,22.395,22.4
-1.0,12081,50,46010.026323711,46012.082317852,22.395,22.385
1.0,2536,17,46012.106916048,46013.314282472,22.385,22.385
-1.0,1744,16,46013.576443057,46019.841369689,22.385,22.38
1.0,8375,43,46023.628792,46024.21844226,22.375,22.375
-1.0,136,2,46024.89864748,46024.89864748,22.375,22.375
1.0,15,2,46024.911127798,46024.921394095,22.375,22.375
-1.0,2997,28,46029.323432119,46029.350428273,22.375,22.37
1.0,639,8,46029.379394363,46029.397303,22.365,22.365
-1.0,100,1,46029.783495889,46029.783495889,22.365,22.365
1.0,12,3,46029.784077824,46029.79985427,22.365,22.365
-1.0,7,1,46029.916167547,46029.916167547,22.365,22.365
1.0,45,2,46030.986105744,46030.995785337,22.365,22.365
-1.0,3073,15,46040.63032278,46040.630669564,22.365,22.36
1.0,1125,9,46040.752844168,46041.934507521,22.355,22.36
-1.0,778,5,46042.867286814,46042.88496804,22.365,22.365
1.0,5952,36,46048.603779707,46055.412969793,22.365,22.4
-1.0,6936,15,46055.413306933,46055.413530895,22.405,22.4
1.0,2811,21,46057.146955713,46057.147594186,22.395,22.4
-1.0,2451,7,46057.15896903,46057.163050177,22.405,22.4
1.0,643,5,46057.248211317,46057.273322795,22.4,22.405
-1.0,500,2,46058.306691702,46058.306691702,22.405,22.4
1.0,2609,15,46058.637434087,46059.276734465,22.395,22.415
-1.0,956,6,46061.702958754,46061.702963455,22.415,22.41
1.0,2284,15,46069.817680998,46092.250670022,22.405,22.42
-1.0,2735,18,46099.310430988,46111.270059842,22.425,22.41
1.0,2450,19,46120.032404213,46122.643428662,22.415,22.43
-1.0,3650,13,46133.485155969,46136.364280628,22.435,22.42
1.0,600,3,46141.598938549,46141.598938549,22.415,22.42
-1.0,1875,11,46141.695550044,46148.71983635,22.425,22.42
1.0,1788,11,46195.106818428,46195.107447313,22.415,22.42
-1.0,950,1,46195.108607868,46195.108607868,22.415,22.415
1.0,79,1,46195.108628208,46195.108628208,22.415,22.415
-1.0,1150,3,46195.108714223,46195.109361065,22.415,22.415
1.0,1535,7,46195.124806884,46202.158981071,22.415,22.415
-1.0,3254,13,46202.17936896,46202.19375296,22.425,22.42
1.0,500,1,46202.193890729,46202.193890729,22.425,22.425
-1.0,500,4,46202.193943581,46202.194181611,22.425,22.42
1.0,3313,21,46206.958792235,46210.269911191,22.415,22.44
-1.0,850,4,46210.462129216,46210.462129216,22.445,22.44
1.0,7792,29,46219.272973616,46225.122921831,22.435,22.455
-1.0,11683,26,46236.534138335,46239.677632544,22.455,22.44
1.0,3372,6,46247.262583547,46249.531772352,22.435,22.44
-1.0,3100,12,46249.532612708,46258.331839722,22.445,22.44
1.0,50,1,46269.029376178,46269.029376178,22.435,22.435
-1.0,6600,12,46281.069737377,46281.069745587,22.435,22.435
1.0,2997,7,46285.072112827,46288.883520061,22.435,22.44
-1.0,1840,16,46298.52281046,46316.535778289,22.445,22.435
1.0,2821,6,46318.625624055,46318.625624055,22.435,22.435
-1.0,9390,22,46334.081260622,46334.16670566,22.435,22.425
1.0,2900,12,46336.07878649,46336.080547951,22.425,22.43
-1.0,8563,37,46336.080850403,46369.945149332,22.435,22.41
1.0,2830,8,46370.123539016,46372.432482819,22.405,22.41
-1.0,870,4,46375.894546081,46375.894546081,22.415,22.41
1.0,700,5,46378.202489617,46379.157123496,22.41,22.415
-1.0,500,2,46379.620640992,46379.620640992,22.415,22.41
1.0,4442,19,46385.834520671,46385.834990885,22.405,22.405
-1.0,700,3,46385.837486559,46385.848000506,22.405,22.405
1.0,2343,12,46385.852551268,46387.728584309,22.405,22.42
-1.0,6802,20,46388.998821795,46388.998828312,22.425,22.42
1.0,4845,19,46388.998890798,46391.823622184,22.425,22.43
-1.0,400,2,46391.825194805,46391.826471672,22.425,22.425
1.0,5356,27,46391.945606575,46421.11284556,22.425,22.44
-1.0,600,2,46421.115484317,46421.115484317,22.435,22.435
1.0,187,1,46421.11565781,46421.11565781,22.435,22.435
-1.0,2360,14,46421.117800289,46423.069017476,22.445,22.445
1.0,1993,17,46425.764159779,46425.765767627,22.445,22.45
-1.0,800,3,46425.833035679,46425.944732912,22.45,22.45
1.0,2081,11,46427.78640233,46427.786918636,22.455,22.46
-1.0,1015,6,46427.789196017,46433.802657027,22.465,22.46
1.0,9796,37,46446.744885285,46459.209253658,22.455,22.51
-1.0,4977,21,46462.741442799,46472.165129138,22.515,22.51
1.0,4076,14,46472.190285415,46472.191046716,22.505,22.51
-1.0,222,2,46473.971431054,46473.971431054,22.515,22.51
1.0,1046,6,46478.437382713,46478.437635488,22.505,22.51
-1.0,7177,30,46483.74573163,46494.506780842,22.515,22.5
1.0,5505,16,46496.218325608,46504.020732212,22.495,22.51
-1.0,5801,37,46505.248493379,46523.46029053,22.515,22.49
1.0,1770,6,46525.947124271,46525.94746259,22.485,22.49
-1.0,3565,18,46535.840742474,46543.910455116,22.495,22.46
1.0,5500,14,46543.960291368,46546.39170261,22.455,22.47
-1.0,3819,11,46546.661659286,46558.841738791,22.465,22.465
1.0,1060,3,46561.311770282,46561.311770282,22.455,22.46
-1.0,474,3,46566.684325773,46566.684325773,22.465,22.46
1.0,2370,10,46575.922764242,46575.922790834,22.455,22.46
-1.0,644,7,46581.715481844,46581.717829546,22.465,22.455
1.0,491,2,46591.345137099,46591.345137099,22.455,22.46
-1.0,3074,23,46596.079010182,46605.132494671,22.465,22.43
1.0,1628,10,46607.726053463,46607.726109564,22.425,22.43
-1.0,1503,10,46608.965990561,46609.724199625,22.435,22.42
1.0,300,1,46610.11326551,46610.11326551,22.415,22.415
-1.0,2500,7,46611.695511699,46611.695852011,22.415,22.41
1.0,4264,10,46614.656348101,46614.704336931,22.405,22.415
-1.0,838,5,46615.717954781,46615.718659979,22.415,22.41
1.0,20870,15,46620.17434979,46626.614272596,22.405,22.43
-1.0,1357,11,46627.12209793,46654.109603292,22.435,22.42
1.0,1849,11,46658.540619435,46671.094844065,22.415,22.43
-1.0,200,2,46671.860136823,46672.430791519,22.425,22.425
1.0,1250,6,46672.430822725,46674.675869796,22.425,22.43
-1.0,1,1,46679.881789316,46679.881789316,22.435,22.435
1.0,467,5,46685.901813847,46685.901813847,22.435,22.44
-1.0,1724,11,46687.277324252,46702.810229755,22.445,22.435
1.0,850,4,46706.6842971,46706.684395239,22.435,22.435
-1.0,550,2,46709.497768881,46709.497768881,22.445,22.44
1.0,4514,12,46718.126740482,46722.745985182,22.435,22.45
-1.0,300,1,46722.746279734,46722.746279734,22.45,22.45
1.0,1541,9,46723.017737014,46723.290426976,22.455,22.47
-1.0,500,2,46724.589972474,46724.589972474,22.475,22.47
1.0,760,3,46726.488128904,46726.488128904,22.465,22.47
-1.0,4962,15,46726.510051669,46731.603284845,22.475,22.46
1.0,2099,10,46733.761872897,46734.555889054,22.455,22.47
-1.0,1050,6,46734.597935742,46734.598209092,22.475,22.475
1.0,2399,11,46734.711328977,46735.61749234,22.465,22.48
-1.0,5805,26,46738.407760529,46748.251794827,22.485,22.45
1.0,996,7,46750.883271518,46750.883271518,22.445,22.45
-1.0,1155,8,46755.782725284,46762.915389937,22.445,22.44
1.0,1184,6,46763.338518664,46763.338518664,22.435,22.44
-1.0,88,2,46771.534668767,46771.534668767,22.445,22.44
1.0,1302,9,46774.46879204,46777.291375568,22.435,22.44
-1.0,2657,18,46777.294295858,46812.09265583,22.435,22.43
1.0,3814,12,46814.054485271,46814.05449135,22.425,22.425
-1.0,886,8,46814.627968977,46814.699012817,22.435,22.43
1.0,5569,15,46820.231010175,46846.489419229,22.425,22.45
-1.0,5038,36,46851.937895395,46915.580164811,22.455,22.415
1.0,979,6,46920.125623248,46920.125626087,22.415,22.415
-1.0,10214,17,46924.164815063,46924.164835998,22.415,22.41
1.0,1797,9,46924.165725846,46934.011205799,22.405,22.41
-1.0,1192,23,46944.886746413,46979.378461215,22.415,22.405
1.0,1438,10,46983.395622188,46983.395627609,22.405,22.41
-1.0,6039,16,46993.089541592,46993.089779681,22.415,22.41
1.0,200,1,47035.756689377,47035.756689377,22.405,22.405
-1.0,24398,82,47060.263422092,47094.840068161,22.405,22.37
1.0,868,8,47095.012503694,47095.012818198,22.365,22.37
-1.0,2056,11,47096.476196015,47096.82134592,22.375,22.37
1.0,2911,16,47096.826908847,47101.699938633,22.37,22.38
-1.0,579,6,47106.250518272,47106.250869201,22.385,22.385
1.0,100,1,47106.858404863,47106.858404863,22.385,22.385
-1.0,2395,11,47106.909363807,47107.262005644,22.385,22.375
1.0,8800,10,47109.158117401,47109.158150233,22.365,22.37
-1.0,400,1,47109.158541979,47109.158541979,22.365,22.365
1.0,1700,8,47110.257967958,47110.258114384,22.365,22.37
-1.0,400,3,47110.258190138,47110.258190138,22.365,22.365
1.0,295,2,47110.258557917,47110.258557917,22.365,22.365
-1.0,400,2,47111.267681505,47111.267681505,22.365,22.365
1.0,100,1,47111.271043978,47111.271043978,22.365,22.365
-1.0,1328,8,47113.055023705,47113.163053643,22.365,22.36
1.0,2405,10,47115.045524471,47121.646904187,22.355,22.355
-1.0,6510,36,47132.717554129,47132.717873557,22.355,22.35
1.0,94,1,47132.722099122,47132.722099122,22.355,22.355
-1.0,750,4,47132.724233645,47132.725374885,22.355,22.35
1.0,200,3,47132.735907792,47132.736024663,22.355,22.355
-1.0,4500,2,47132.785398104,47132.785398104,22.355,22.35
1.0,600,4,47132.786343395,47132.809862437,22.355,22.35
-1.0,23440,48,47135.11976101,47135.234859863,22.355,22.33
1.0,600,3,47135.235945995,47135.237282891,22.335,22.335
-1.0,5446,12,47135.24009795,47135.248543539,22.335,22.33
1.0,6412,20,47135.301588363,47135.349036777,22.325,22.34
-1.0,952,4,47135.430327322,47135.431035172,22.345,22.34
1.0,2939,14,47139.050866251,47144.307550946,22.335,22.35
-1.0,251,2,47148.458041983,47148.458115742,22.355,22.35
1.0,800,3,47156.066930268,47156.066930268,22.345,22.35
-1.0,5017,38,47158.850371758,47166.459742642,22.355,22.345
1.0,925,4,47173.613789431,47173.613789431,22.345,22.35
-1.0,1259,9,47175.912494278,47175.91251876,22.355,22.35
1.0,941,3,47175.917813186,47175.919380088,22.355,22.355
-1.0,961,6,47176.415352904,47180.279032275,22.355,22.34
1.0,1317,7,47182.347090801,47182.347097035,22.335,22.34
-1.0,195,3,47182.347203468,47185.77569947,22.34,22.34
1.0,1290,8,47192.089551428,47192.089583872,22.335,22.34
-1.0,200,1,47192.420832729,47192.420832729,22.335,22.335
1.0,97,2,47192.421017545,47192.421397554,22.335,22.335
-1.0,400,2,47200.112363268,47200.112363268,22.335,22.335
1.0,2317,8,47202.770210595,47202.770216503,22.335,22.34
-1.0,1731,13,47211.31901199,47214.81143458,22.345,22.335
1.0,2566,8,47221.661535588,47221.661570394,22.335,22.34
-1.0,5235,34,47221.711291334,47269.355295867,22.345,22.325
1.0,5176,11,47277.817542161,47277.8181621,22.325,22.33
-1.0,38824,139,47284.41573232,47297.301533505,22.335,22.3
1.0,500,2,47297.302621645,47297.302621645,22.3,22.3
-1.0,4877,29,47297.443984769,47297.444384019,22.295,22.29
1.0,13506,55,47297.466312436,47314.166794603,22.295,22.34
-1.0,4004,15,47316.556408619,47330.582971114,22.345,22.33
1.0,1037,3,47336.944085542,47336.944085542,22.325,22.33
-1.0,1360,10,47336.952165295,47336.952169878,22.335,22.33
1.0,627,4,47348.244488385,47348.244488385,22.325,22.33
-1.0,2367,8,47353.935452884,47353.935473065,22.335,22.33
1.0,3211,15,47360.880497178,47360.880819105,22.325,22.33
-1.0,11333,26,47361.264619607,47361.264637496,22.325,22.325
1.0,1244,14,47368.299907215,47369.512507603,22.325,22.33
-1.0,2017,10,47382.318771075,47387.091012103,22.335,22.31
1.0,3206,18,47394.890422034,47402.425242787,22.305,22.33
-1.0,28492,58,47411.349883635,47437.395826557,22.335,22.28
1.0,5011,14,47440.047842596,47440.0479649,22.275,22.28
-1.0,9387,31,47459.649606258,47460.792107582,22.285,22.265
1.0,1350,4,47461.341290434,47461.341545304,22.265,22.27
-1.0,7934,25,47461.788074428,47471.616914617,22.275,22.26
1.0,12524,37,47471.630609383,47471.642344787,22.255,22.27
-1.0,3650,10,47471.643724742,47471.64385737,22.27,22.265
1.0,1611,8,47471.644224059,47471.652517882,22.265,22.265
-1.0,261,3,47473.431364466,47473.446992418,22.265,22.265
1.0,537,6,47477.589884625,47477.590633331,22.265,22.27
-1.0,123,1,47477.5933873,47477.5933873,22.27,22.27
1.0,2878,15,47477.595572627,47484.315248896,22.265,22.28
-1.0,5116,26,47486.332986221,47505.922747371,22.285,22.28
1.0,1195,7,47521.658987455,47521.659032482,22.275,22.28
-1.0,3518,11,47522.965941816,47522.965948087,22.285,22.28
1.0,2033,8,47525.843784647,47525.844316702,22.275,22.28
-1.0,4635,16,47526.960293976,47533.359122875,22.285,22.27
1.0,18071,74,47539.11266787,47561.566901108,22.265,22.325
-1.0,1504,6,47563.891537339,47563.89155986,22.325,22.32
1.0,300,6,47564.65940313,47565.164354694,22.315,22.315
-1.0,7153,22,47572.134967868,47590.578056797,22.325,22.32
1.0,1017,5,47594.660032876,47594.660032876,22.325,22.33
-1.0,1911,12,47600.976633705,47614.190713919,22.335,22.31
1.0,3172,9,47642.129372976,47642.129378847,22.305,22.305
-1.0,2666,13,47652.63297337,47658.589021325,22.305,22.3
1.0,4883,13,47659.832606809,47659.841266939,22.295,22.31
-1.0,862,6,47667.420404637,47667.420404637,22.315,22.31
1.0,1462,7,47672.095985417,47672.862029741,22.305,22.315
-1.0,3584,10,47676.160138716,47676.160144956,22.315,22.31
1.0,1041,3,47678.762700412,47678.762700412,22.305,22.31
-1.0,31316,72,47679.54620965,47726.092594111,22.315,22.265
1.0,9180,30,47727.585687894,47741.448921654,22.265,22.29
-1.0,1543,6,47743.276999797,47744.131518931,22.295,22.285
1.0,400,4,47747.742768189,47754.500393095,22.285,22.285
-1.0,1295,16,47759.748740163,47768.937763617,22.285,22.28
1.0,5522,30,47774.051138913,47794.727011335,22.275,22.305
-1.0,894,7,47800.613297452,47800.613297452,22.305,22.3
1.0,125,1,47800.785043265,47800.785043265,22.305,22.305
-1.0,200,2,47802.007962992,47802.007962992,22.305,22.3
1.0,3496,28,47805.079938319,47814.07925701,22.295,22.32
-1.0,528,4,47824.740482513,47824.740482513,22.325,22.32
1.0,500,2,47825.682375812,47825.682375812,22.315,22.315
-1.0,1552,12,47831.255749482,47835.238692494,22.315,22.315
1.0,1467,11,47835.238994903,47840.133681059,22.315,22.32
-1.0,4191,16,47840.433275595,47862.354984227,22.325,22.32
1.0,2592,22,47865.705655758,47872.711759752,22.315,22.33
-1.0,2641,10,47896.403831345,47896.403956603,22.335,22.33
1.0,1398,10,47904.19140047,47904.191412726,22.325,22.33
-1.0,1380,6,47920.831047989,47920.831047989,22.335,22.33
1.0,442,3,47923.015801417,47923.015801417,22.325,22.33
-1.0,4433,15,47942.62588779,47958.077495982,22.335,22.32
1.0,4047,14,47958.078005345,47964.429142391,22.315,22.32
-1.0,200,2,47964.429532069,47964.429532069,22.32,22.32
1.0,214,3,47964.42972063,47964.429725626,22.315,22.32
-1.0,4197,22,47964.470492037,47973.636657989,22.325,22.305
1.0,11,1,47976.860198454,47976.860198454,22.305,22.305
-1.0,814,3,47989.352908588,47989.352908588,22.305,22.3
1.0,7621,49,47989.710433922,48073.682012572,22.295,22.34
-1.0,5869,28,48081.072196211,48081.635120418,22.345,22.34
1.0,100,1,48081.951942804,48081.951942804,22.345,22.345
-1.0,1013,17,48087.706258899,48087.706689988,22.345,22.34
1.0,1220,8,48096.327376065,48096.594044029,22.335,22.335
-1.0,70,1,48096.756312557,48096.756312557,22.335,22.335
1.0,3174,4,48096.756362343,48096.756362343,22.335,22.335
-1.0,9714,20,48103.207192329,48109.766499676,22.335,22.32
1.0,3150,5,48111.216496956,48111.216496956,22.315,22.32
-1.0,1400,12,48111.216883603,48113.494873134,22.325,22.32
1.0,1779,8,48119.999286311,48119.999841958,22.315,22.32
-1.0,7157,13,48126.715106563,48126.71633383,22.325,22.315
1.0,1876,7,48129.206422582,48129.209231062,22.315,22.315
-1.0,1606,10,48131.240838908,48131.264742151,22.325,22.325
1.0,1310,6,48134.880923327,48134.881775528,22.315,22.315
-1.0,2798,14,48149.334634032,48149.341496705,22.315,22.315
1.0,4927,18,48156.45725962,48168.283585898,22.315,22.335
-1.0,289,1,48168.988748352,48168.988748352,22.335,22.335
1.0,4054,13,48171.621324245,48178.643398658,22.33,22.34
-1.0,619,6,48185.019144299,48185.020920496,22.345,22.34
1.0,2737,13,48187.048679907,48190.611940081,22.345,22.35
-1.0,750,5,48192.138094388,48192.138116134,22.355,22.35
1.0,700,4,48202.429152381,48202.429152381,22.345,22.345
-1.0,9126,13,48206.589519515,48234.960615033,22.345,22.33
1.0,5550,12,48236.222443773,48236.2285926,22.325,22.325
-1.0,400,2,48236.229422345,48236.229422345,22.325,22.325
1.0,1400,9,48236.229524061,48236.745306316,22.325,22.33
-1.0,2714,12,48241.672186061,48252.312113618,22.335,22.33
1.0,827,4,48270.747679219,48270.747739428,22.325,22.33
-1.0,803,6,48272.21999967,48272.21999967,22.335,22.33
1.0,1563,9,48280.248581455,48280.248586845,22.325,22.33
-1.0,7814,21,48284.459602702,48284.87558329,22.335,22.33
1.0,168,1,48288.797459189,48288.797459189,22.335,22.335
-1.0,1809,11,48307.574840432,48307.575197558,22.335,22.33
1.0,1487,7,48313.496499277,48313.496501617,22.325,22.33
-1.0,55,1,48314.077384497,48314.077384497,22.335,22.335
1.0,3055,13,48321.939655006,48321.939690596,22.335,22.34
-1.0,3101,5,48325.043606905,48331.841512174,22.345,22.34
1.0,6282,15,48332.8469769,48341.004858261,22.335,22.35
-1.0,5779,6,48348.212213084,48348.212213084,22.355,22.35
1.0,7304,35,48349.383466127,48403.177795544,22.345,22.38
-1.0,5464,19,48408.64075995,48410.17698828,22.385,22.37
1.0,1165,7,48421.228152995,48421.228152995,22.365,22.37
-1.0,1760,10,48457.512023332,48457.51202812,22.375,22.37
1.0,1100,5,48460.246087894,48460.246614476,22.365,22.37
-1.0,3850,12,48460.246916953,48460.247040728,22.365,22.365
1.0,3233,6,48460.247094536,48461.473800943,22.365,22.37
-1.0,6045,18,48462.419797866,48471.612708788,22.375,22.36
1.0,1274,10,48471.613106121,48479.679751638,22.355,22.36
-1.0,4536,21,48481.877629043,48487.532255645,22.365,22.35
1.0,1700,6,48488.509654805,48488.666166261,22.345,22.35
-1.0,1553,12,48490.105819042,48495.049523738,22.355,22.34
1.0,920,6,48503.708155804,48503.708638296,22.335,22.335
-1.0,700,4,48505.58476659,48505.58476659,22.345,22.34
1.0,9784,13,48525.238276996,48536.992804623,22.335,22.36
-1.0,8071,40,48544.550156021,48600.852654552,22.365,22.33
1.0,4901,17,48604.846892104,48604.846907584,22.325,22.33
-1.0,2559,14,48615.727554843,48615.728171279,22.325,22.32
1.0,6202,12,48618.198601569,48625.980940104,22.315,22.33
-1.0,1276,6,48634.469944003,48634.528920805,22.335,22.33
1.0,5098,8,48646.235748868,48646.23578457,22.325,22.33
-1.0,1,1,48646.23612194,48646.23612194,22.335,22.335
1.0,1279,4,48649.426108562,48649.426108562,22.335,22.34
-1.0,1088,7,48650.955972338,48651.053554945,22.345,22.34
1.0,8258,23,48662.186347867,48668.387144915,22.335,22.37
-1.0,6739,12,48669.223540385,48670.318631732,22.375,22.37
1.0,4311,15,48672.068149184,48672.075096883,22.375,22.38
-1.0,5859,28,48672.391020909,48674.050114885,22.385,22.37
1.0,4598,23,48676.752050997,48676.759807533,22.365,22.37
-1.0,223,2,48676.760388187,48676.760388187,22.365,22.365
1.0,150,2,48676.760715218,48676.760715218,22.365,22.37
-1.0,6174,10,48677.754550524,48680.48041238,22.375,22.36
1.0,3403,8,48700.616932404,48700.616973353,22.355,22.36
-1.0,4050,8,48703.645614227,48703.646298855,22.375,22.37
1.0,400,1,48703.646769355,48703.646769355,22.375,22.375
-1.0,400,1,48703.647140217,48703.647140217,22.375,22.375
1.0,200,1,48703.647386768,48703.647386768,22.375,22.375
-1.0,442,4,48703.64740366,48703.647520454,22.375,22.375
1.0,100,1,48703.647528164,48703.647528164,22.375,22.375
-1.0,2261,14,48703.647555932,48710.033085551,22.375,22.36
1.0,3456,9,48713.475737522,48713.624484352,22.355,22.365
-1.0,970,4,48713.818826897,48713.818826897,22.365,22.365
1.0,3037,14,48716.94926549,48720.772506088,22.365,22.37
-1.0,2089,6,48723.873925768,48723.873925768,22.375,22.37
1.0,300,2,48724.303979394,48724.303979394,22.375,22.375
-1.0,1830,12,48724.628758913,48726.78650292,22.375,22.37
1.0,800,4,48728.974618918,48728.974618918,22.365,22.37
-1.0,1082,6,48729.802971683,48729.80358169,22.375,22.37
1.0,11735,29,48730.779045047,48734.139584287,22.365,22.38
-1.0,100,1,48740.504809757,48740.504809757,22.385,22.38
1.0,2286,12,48755.21612347,48755.216446373,22.385,22.39
-1.0,4830,19,48758.106504173,48769.937885811,22.395,22.36
1.0,7161,17,48778.309719892,48782.243224887,22.355,22.355
-1.0,78,1,48783.966627106,48783.966627106,22.355,22.355
1.0,1637,7,48810.098925056,48810.099357158,22.355,22.36
-1.0,662,4,48810.099701538,48810.123171616,22.365,22.365
1.0,1538,4,48811.561620671,48811.645099162,22.365,22.37
-1.0,1588,9,48811.645680994,48813.663740328,22.375,22.375
1.0,1300,5,48815.834435342,48815.837991521,22.365,22.37
-1.0,40,2,48820.943993323,48820.944062787,22.375,22.37
1.0,2582,13,48826.091734868,48845.330398544,22.365,22.38
-1.0,3007,20,48845.332491609,48855.966331064,22.38,22.375
1.0,2181,9,48867.231496191,48868.545941349,22.375,22.39
-1.0,5953,8,48877.133793632,48877.133816969,22.395,22.395
1.0,1860,8,48890.266668167,48890.267173736,22.385,22.39
-1.0,554,2,48890.428846921,48890.428846921,22.395,22.395
1.0,545,3,48894.135949306,48894.135949306,22.385,22.385
-1.0,4791,13,48900.161543237,48903.623815942,22.385,22.37
1.0,4886,16,48908.661044695,48908.661169941,22.365,22.37
-1.0,4522,19,48910.627833177,48911.073661005,22.375,22.36
1.0,550,2,48912.285578696,48912.285578696,22.355,22.36
-1.0,2330,22,48917.112178664,48937.938163735,22.365,22.355
1.0,1550,5,48938.769917603,48956.465900144,22.355,22.36
-1.0,7631,38,48959.758137959,48975.866860708,22.365,22.35
1.0,3906,9,48977.94165247,48977.941702836,22.345,22.345
-1.0,8673,17,48983.908759718,48992.935720165,22.345,22.33
1.0,3530,19,48994.157132716,49010.396672375,22.325,22.34
-1.0,310,2,49010.420178264,49012.430508197,22.335,22.335
1.0,2834,13,49018.191990771,49039.889493496,22.335,22.35
-1.0,1950,11,49044.14303046,49044.143038242,22.355,22.35
1.0,500,1,49044.143361503,49044.143361503,22.35,22.35
-1.0,9807,28,49044.150547793,49070.106033206,22.355,22.335
1.0,200,1,49071.063287529,49071.063287529,22.335,22.335
-1.0,4095,20,49074.425088956,49082.321349817,22.325,22.31
1.0,4688,13,49082.651189772,49084.953898461,22.31,22.31
-1.0,325,3,49084.953937644,49084.953937644,22.31,22.31
1.0,2219,10,49087.490610405,49087.490860592,22.305,22.305
-1.0,200,1,49087.500170981,49087.500170981,22.315,22.315
1.0,1070,6,49096.677990448,49096.677990448,22.315,22.32
-1.0,100,1,49100.820152249,49100.820152249,22.315,22.315
1.0,1000,3,49100.820206572,49100.820206572,22.315,22.32
-1.0,2681,9,49100.820989521,49101.765710893,22.325,22.32
1.0,1700,4,49105.100276887,49114.532321529,22.315,22.33
-1.0,500,4,49114.532590613,49114.532590613,22.33,22.33
1.0,650,3,49114.532679946,49114.532679946,22.325,22.33
-1.0,1000,4,49114.533212551,49114.533333651,22.325,22.325
1.0,2252,9,49116.265410911,49142.518260823,22.325,22.335
-1.0,17622,50,49148.70675027,49161.884527289,22.335,22.31
1.0,7419,18,49164.450691087,49172.812541717,22.305,22.315
-1.0,2284,11,49177.796848143,49177.797849236,22.315,22.31
1.0,2198,12,49180.20753472,49181.276543807,22.305,22.31
-1.0,100,1,49184.081941469,49184.081941469,22.305,22.305
1.0,3849,10,49185.219900318,49188.066313662,22.305,22.31
-1.0,2044,10,49204.396570077,49231.761841282,22.315,22.31
1.0,2217,9,49238.75649802,49238.778533748,22.305,22.31
-1.0,2029,9,49268.212825421,49274.48327999,22.315,22.31
1.0,165,5,49279.245302324,49279.245302324,22.305,22.31
-1.0,2946,2,49279.245816708,49279.245816708,22.315,22.315
1.0,3225,16,49313.217054966,49319.48990787,22.315,22.33
-1.0,204,2,49319.49085188,49319.491823872,22.335,22.335
1.0,400,2,49320.29959172,49320.29959172,22.335,22.34
-1.0,6363,14,49321.383977099,49341.318547644,22.345,22.34
1.0,3219,13,49358.294313833,49379.968971466,22.345,22.37
-1.0,146,1,49379.969398094,49379.969398094,22.375,22.375
1.0,1792,5,49381.744036354,49381.744036354,22.375,22.38
-1.0,1329,9,49383.865285444,49384.291109352,22.385,22.38
1.0,5667,24,49384.291443938,49417.206759534,22.375,22.41
-1.0,2193,8,49417.20719924,49421.92073243,22.415,22.41
1.0,2155,13,49421.921071274,49421.924369449,22.41,22.415
-1.0,2534,9,49426.921360187,49427.538860298,22.415,22.415
1.0,500,4,49427.539183354,49427.539183354,22.41,22.41
-1.0,756,5,49432.658794863,49432.659021952,22.405,22.4
1.0,6288,28,49457.236232776,49493.937476109,22.395,22.42
-1.0,1664,8,49499.687281813,49499.687285031,22.425,22.42
1.0,172,2,49501.349418273,49501.349418273,22.415,22.42
-1.0,1846,13,49502.559830199,49503.952824921,22.425,22.415
1.0,1190,6,49508.063978762,49516.120927253,22.415,22.42
-1.0,4375,8,49516.121948416,49516.122201902,22.42,22.425
1.0,7529,14,49518.194308014,49518.194590391,22.425,22.43
-1.0,8698,11,49535.602936417,49535.602969345,22.435,22.43
1.0,760,2,49537.498266964,49540.177922764,22.425,22.425
-1.0,383,6,49549.820714732,49549.820718065,22.425,22.42
1.0,1120,7,49554.010843307,49566.360206133,22.415,22.43
-1.0,9626,50,49585.572416358,49615.236152818,22.435,22.425
1.0,1276,11,49632.694396772,49632.694442357,22.425,22.43
-1.0,1919,13,49632.701085015,49648.080920558,22.435,22.43
1.0,500,2,49648.081294093,49648.081294093,22.43,22.43
-1.0,2323,4,49648.086487622,49648.086487622,22.425,22.425
1.0,12076,55,49656.72325218,49694.442182822,22.425,22.44
-1.0,19055,20,49697.322763015,49704.368602559,22.445,22.43
1.0,2497,10,49705.996488177,49722.205360328,22.425,22.425
-1.0,9668,46,49722.207723175,49757.775433051,22.425,22.4
1.0,10218,26,49758.110183715,49768.946404222,22.395,22.415
-1.0,878,5,49772.20846843,49772.20846843,22.415,22.41
1.0,11415,39,49796.307474923,49898.46309516,22.405,22.455
-1.0,8023,10,49916.662508981,49916.662530468,22.455,22.45
1.0,3316,10,49917.629235321,49917.644596468,22.445,22.455
-1.0,9781,61,49918.818447126,49930.325785109,22.455,22.445
1.0,2623,15,49952.498531722,49963.258818004,22.445,22.455
-1.0,1441,8,49966.373669589,49966.373984518,22.465,22.465
1.0,7250,13,49966.37400317,49966.37400317,22.465,22.465
-1.0,5859,22,49966.374028241,49984.053862784,22.465,22.45
1.0,1913,12,49986.620189538,50016.122839493,22.445,22.46
-1.0,4842,13,50044.171773387,50047.51523533,22.465,22.465
1.0,24396,75,50048.997199532,50118.085913248,22.465,22.505
-1.0,143,2,50118.323314152,50118.323314152,22.505,22.505
1.0,100,1,50118.32364625,50118.32364625,22.505,22.505
-1.0,100,1,50118.723428683,50118.723428683,22.505,22.505
1.0,1800,5,50118.723708708,50118.723759797,22.505,22.51
-1.0,16310,22,50122.22028746,50124.985979783,22.515,22.5
1.0,5651,26,50130.548301279,50167.70293836,22.495,22.53
-1.0,4299,28,50174.041409163,50176.696166933,22.535,22.525
1.0,9498,30,50176.726837065,50212.589560682,22.525,22.54
-1.0,5008,27,50224.996706864,50225.031371825,22.545,22.545
1.0,100,1,50225.282911568,50225.282911568,22.545,22.545
-1.0,11,2,50225.294379823,50225.303597747,22.545,22.545
1.0,100,1,50225.587720404,50225.587720404,22.545,22.545
-1.0,1557,9,50225.596674708,50225.638841841,22.545,22.54
1.0,5339,15,50239.551908053,50246.168316127,22.535,22.55
-1.0,11836,40,50251.463300121,50274.707019696,22.555,22.535
1.0,12491,30,50282.004244137,50295.340242306,22.535,22.55
-1.0,426,5,50303.690102238,50303.690102238,22.555,22.55
1.0,708,4,50324.222756419,50324.597646836,22.545,22.55
-1.0,45,1,50342.312052014,50342.312052014,22.555,22.555
1.0,7389,19,50344.870139951,50357.355700617,22.555,22.56
-1.0,1323,7,50357.357171931,50357.357274293,22.565,22.565
1.0,2199,10,50358.576678568,50358.977698076,22.565,22.575
-1.0,9424,32,50359.426229793,50359.427660912,22.575,22.565
1.0,300,2,50362.968045279,50362.968045279,22.565,22.57
-1.0,7941,13,50362.968767948,50362.968767948,22.575,22.57
1.0,5288,10,50362.968829634,50362.968829634,22.57,22.57
-1.0,500,2,50362.969741675,50362.970449208,22.575,22.57
1.0,1103,7,50362.976278803,50375.880376674,22.565,22.575
-1.0,2916,16,50381.987424696,50383.477010236,22.575,22.56
1.0,1545,8,50386.134086764,50393.90191388,22.555,22.57
-1.0,2375,8,50394.529279195,50394.529327085,22.575,22.57
1.0,5140,17,50403.089599459,50403.094913753,22.565,22.57
-1.0,2157,16,50404.013738085,50406.106782351,22.575,22.57
1.0,15398,50,50411.116919269,50429.028664372,22.575,22.6
-1.0,2897,5,50436.278790302,50436.278814725,22.605,22.6
1.0,3383,13,50441.801278726,50449.03474983,22.595,22.605
-1.0,12743,56,50456.076111253,50456.210701244,22.605,22.58
1.0,6656,17,50456.249117971,50461.768209581,22.575,22.59
-1.0,750,5,50465.738473732,50465.73850088,22.595,22.59
1.0,894,5,50473.61452059,50479.850877481,22.585,22.595
-1.0,850,7,50484.909024299,50491.235811759,22.595,22.58
1.0,9777,33,50501.707373541,50561.633353369,22.575,22.62
-1.0,7520,18,50572.246164315,50573.51819939,22.625,22.61
1.0,428,2,50575.910564625,50575.910564625,22.605,22.61
-1.0,1253,5,50576.208181532,50576.208702466,22.615,22.61
1.0,1228,4,50579.333231703,50590.857338911,22.605,22.605
-1.0,200,1,50595.499740203,50595.499740203,22.605,22.605
1.0,3324,9,50595.502830688,50595.74111689,22.605,22.61
-1.0,5088,13,50597.416126359,50612.065554374,22.615,22.62
1.0,3493,20,50612.117315038,50633.045382998,22.615,22.63
-1.0,2944,11,50636.746545488,50636.746841598,22.635,22.63
1.0,4694,24,50637.349983278,50670.786216919,22.625,22.64
-1.0,1111,7,50677.726791375,50677.726797221,22.645,22.64
1.0,2542,18,50702.485214699,50705.081905749,22.635,22.645
-1.0,2030,10,50714.981929561,50714.98193442,22.645,22.64
1.0,7102,30,50737.840574684,50770.627649382,22.635,22.66
-1.0,8593,40,50785.820024478,50805.848932306,22.665,22.65
1.0,5101,11,50808.009765786,50808.010178491,22.645,22.65
-1.0,1447,17,50839.159088129,50839.526676005,22.645,22.635
1.0,25,1,50843.385448847,50843.385448847,22.635,22.635
-1.0,2469,25,50871.929399684,50878.266835411,22.635,22.63
1.0,11797,27,50878.267133464,50893.619317505,22.625,22.63
-1.0,14212,38,50893.896811302,50896.428728851,22.635,22.62
1.0,1174,9,50896.433814453,50903.289779901,22.625,22.63
-1.0,3002,6,50915.406631245,50915.414077168,22.635,22.63
1.0,5221,33,50922.113880982,50964.689268289,22.625,22.67
-1.0,5530,14,50969.717700847,50969.717712102,22.675,22.67
1.0,245,4,50984.91726801,50999.784908975,22.665,22.665
-1.0,300,1,51002.036119642,51002.036119642,22.665,22.665
1.0,100,1,51002.037811653,51002.037811653,22.665,22.665
-1.0,4305,15,51013.411682575,51015.657598095,22.675,22.66
1.0,2200,5,51041.765173156,51041.765178285,22.655,22.66
-1.0,3070,14,51063.813072707,51063.813500234,22.665,22.66
1.0,12184,31,51088.128483949,51110.119361413,22.655,22.69
-1.0,1864,15,51110.97067627,51119.534177423,22.695,22.68
1.0,2583,4,51141.229896389,51141.230189282,22.675,22.68
-1.0,880,5,51143.39037861,51150.567642814,22.685,22.68
1.0,2456,3,51159.276236792,51159.276236792,22.675,22.68
-1.0,2755,11,51190.405934773,51190.405957769,22.685,22.68
1.0,4070,11,51195.095565208,51195.095570223,22.675,22.675
-1.0,4709,13,51241.464525578,51241.464546439,22.675,22.67
1.0,21666,74,51241.465661933,51306.450727165,22.665,22.72
-1.0,444,1,51306.538746705,51306.538746705,22.715,22.715
1.0,3786,17,51310.297666649,51326.260080869,22.715,22.74
-1.0,13055,57,51326.288900049,51346.746356813,22.745,22.71
1.0,500,2,51346.746649476,51346.746649476,22.71,22.71
-1.0,45,1,51346.747166442,51346.747166442,22.715,22.71
1.0,1500,7,51346.747249504,51346.748885989,22.71,22.715
-1.0,1250,5,51346.757875352,51346.778264503,22.715,22.715
1.0,4809,35,51347.977037283,51379.87517204,22.705,22.74
-1.0,700,6,51381.704602228,51389.01241284,22.745,22.73
1.0,3340,21,51400.409680805,51433.477447458,22.725,22.74
-1.0,1803,12,51437.540282271,51437.540537395,22.735,22.73
1.0,500,2,51437.540625486,51437.540625486,22.73,22.73
-1.0,1900,11,51437.540770671,51445.913362288,22.735,22.72
1.0,1500,4,51457.610623382,51457.610623382,22.715,22.715
-1.0,12650,24,51480.775551308,51482.948198573,22.715,22.695
1.0,5289,24,51497.88340332,51519.833866923,22.695,22.715
-1.0,6351,22,51532.455945389,51532.455959073,22.715,22.71
1.0,2577,16,51541.246908888,51554.024022561,22.705,22.72
-1.0,2199,18,51574.100396073,51575.951701508,22.725,22.715
1.0,209,4,51590.265564631,51590.265574001,22.705,22.71
-1.0,600,3,51592.88346364,51592.88346553,22.715,22.71
1.0,60,1,51600.229753462,51600.229753462,22.705,22.71
-1.0,634,3,51601.514986409,51601.514986409,22.715,22.71
1.0,550,2,51602.064790895,51602.064790895,22.705,22.71
-1.0,1489,14,51602.065340441,51629.967447731,22.715,22.71
1.0,6982,13,51636.395898077,51642.536506424,22.705,22.73
-1.0,1116,4,51645.395647012,51645.395647012,22.735,22.73
1.0,720,5,51647.608186815,51653.055216936,22.725,22.735
-1.0,1837,14,51663.407961859,51668.331149432,22.735,22.72
1.0,2185,11,51673.48553077,51686.756693171,22.715,22.735
-1.0,508,4,51689.417648948,51689.417952827,22.735,22.73
1.0,1014,5,51695.842306121,51699.789440212,22.725,22.725
-1.0,4072,25,51714.750106942,51714.750777859,22.725,22.72
1.0,1800,2,51714.751367364,51714.751367364,22.715,22.715
-1.0,5203,30,51729.491630388,51829.527595137,22.715,22.69
1.0,1489,12,51829.579410465,51829.579464461,22.685,22.69
-1.0,3322,10,51833.551590448,51849.658443508,22.695,22.685
1.0,965,7,51858.140565191,51858.140595553,22.685,22.69
-1.0,533,4,51859.012698853,51863.487988115,22.695,22.69
1.0,2458,13,51865.6176251,51868.908929268,22.685,22.69
-1.0,300,1,51868.909449828,51868.909449828,22.695,22.69
1.0,1816,8,51879.340950414,51879.341235773,22.685,22.69
-1.0,468,3,51879.438189999,51880.954308587,22.685,22.685
1.0,1605,10,51906.929538854,51906.929606597,22.695,22.7
-1.0,970,7,51921.197675185,51921.197675185,22.705,22.7
1.0,3758,13,51940.925671361,51956.694217766,22.695,22.72
-1.0,405,3,51958.863759124,51958.863759124,22.725,22.72
1.0,1637,8,51980.609542264,51980.609592984,22.725,22.73
-1.0,3126,23,52042.515149528,52049.923535525,22.735,22.72
1.0,20,1,52082.035381665,52082.035381665,22.715,22.715
-1.0,104,2,52141.779983906,52151.734345448,22.715,22.715
1.0,11872,34,52158.969588739,52209.360262445,22.715,22.74
-1.0,9139,37,52222.01847044,52237.89245661,22.745,22.735
1.0,13736,32,52252.201391788,52296.201948084,22.735,22.765
-1.0,1467,7,52319.513378188,52319.513381418,22.765,22.76
1.0,922,5,52330.912587178,52330.913287485,22.755,22.76
-1.0,2950,22,52332.838073649,52343.858763808,22.765,22.76
1.0,550,2,52346.739940246,52346.739940246,22.755,22.76
-1.0,3517,26,52364.758868473,52392.500090475,22.765,22.76
1.0,3601,9,52392.535121418,52398.245827279,22.755,22.76
-1.0,270,2,52398.273653159,52398.308099123,22.755,22.755
1.0,3450,5,52398.308151382,52398.308151382,22.755,22.76
-1.0,200,1,52398.659386376,52398.659386376,22.755,22.755
1.0,800,2,52410.714123578,52410.714123578,22.755,22.76
-1.0,5449,35,52410.714451335,52453.392126986,22.765,22.745
1.0,5183,18,52459.338457695,52462.685122329,22.745,22.75
-1.0,990,4,52463.441922547,52463.441963992,22.745,22.745
1.0,190,2,52466.482708592,52466.482708592,22.745,22.75
-1.0,821,9,52489.387647689,52489.387726326,22.755,22.75
1.0,650,4,52508.946216503,52508.946216503,22.745,22.75
-1.0,901,9,52534.10785419,52534.108902656,22.755,22.75
1.0,728,5,52542.588890197,52542.588890197,22.745,22.75
-1.0,2473,17,52556.457472043,52568.646844225,22.755,22.74
1.0,2071,13,52593.032814656,52616.565021978,22.735,22.75
-1.0,15828,56,52647.143709184,52675.195904062,22.755,22.72
1.0,9349,18,52675.19605082,52675.197642082,22.715,22.715
-1.0,4528,38,52675.290034196,52695.92245318,22.715,22.69
1.0,2306,23,52697.47207115,52697.472551781,22.685,22.69
-1.0,9480,16,52697.473444795,52697.473960361,22.695,22.695
1.0,2800,3,52697.474461275,52697.474461275,22.695,22.695
-1.0,2300,4,52697.474865664,52697.474865664,22.695,22.695
1.0,3838,10,52697.475353063,52710.507921869,22.69,22.7
-1.0,72,3,52710.561186224,52710.565298943,22.695,22.695
1.0,736,8,52721.025637215,52725.863714308,22.695,22.71
-1.0,2094,14,52727.244417499,52731.101275773,22.715,22.7
1.0,679,5,52741.093948982,52741.093948982,22.695,22.7
-1.0,650,4,52744.888484136,52749.758074021,22.705,22.695
1.0,3155,24,52762.745441199,52806.325889722,22.695,22.73
-1.0,1717,13,52825.324303972,52825.524317272,22.735,22.72
1.0,1507,11,52860.484565062,52860.48457784,22.715,22.72
-1.0,2388,15,52872.702035293,52895.309464547,22.725,22.71
1.0,1,1,52895.310080086,52895.310080086,22.705,22.705
-1.0,4543,18,52908.940039954,52914.084681994,22.705,22.69
1.0,1552,7,52919.739107611,52919.73948926,22.685,22.69
-1.0,645,5,52919.976122186,52920.314274158,22.695,22.695
1.0,21008,63,52928.230699352,52932.354087938,22.685,22.73
-1.0,4312,13,52932.354511972,52932.355915745,22.735,22.73
1.0,8278,24,52932.364522062,52932.375448874,22.725,22.74
-1.0,6298,26,52932.376639068,52933.06131545,22.74,22.725
1.0,124,2,52939.575674981,52939.575674981,22.715,22.72
-1.0,950,2,52939.579570239,52939.579570239,22.715,22.715
1.0,500,3,52939.905434059,52939.905445158,22.715,22.72
-1.0,6080,23,52940.508781946,52966.99416849,22.725,22.695
1.0,582,4,52967.218591774,52967.218860306,22.695,22.7
-1.0,1803,10,52980.056644097,52992.168506823,22.705,22.705
1.0,3265,21,52997.712490584,53012.181982537,22.705,22.74
-1.0,2805,11,53012.200945252,53012.201208397,22.745,22.74
1.0,901,8,53013.513337371,53013.513409178,22.735,22.735
-1.0,410,3,53022.830912105,53022.830912105,22.745,22.74
1.0,6628,16,53022.83109373,53022.831094531,22.735,22.74
-1.0,1065,8,53054.206687294,53054.207320048,22.745,22.74
1.0,600,3,53072.868504241,53072.868504241,22.735,22.74
-1.0,2604,9,53082.88034533,53082.880350621,22.745,22.74
1.0,5794,12,53100.774408812,53120.164533469,22.735,22.75
-1.0,2529,10,53134.028702515,53134.029240674,22.755,22.75
1.0,200,1,53134.432346012,53134.432346012,22.755,22.755
-1.0,2536,25,53135.341011116,53167.888788173,22.755,22.73
1.0,1356,11,53167.914814567,53196.45966291,22.725,22.725
-1.0,6939,47,53196.460381683,53274.583939649,22.735,22.71
1.0,3336,10,53290.103311458,53290.103325414,22.705,22.71
-1.0,403,4,53298.057470001,53298.05751257,22.715,22.71
1.0,3852,23,53302.042115472,53361.261718764,22.705,22.71
-1.0,3929,20,53367.687756668,53367.687771866,22.705,22.7
1.0,4078,14,53367.688002161,53381.78907438,22.695,22.71
-1.0,8488,15,53381.789968936,53381.791113685,22.715,22.715
1.0,200,1,53381.796062361,53381.796062361,22.715,22.715
-1.0,901,5,53383.148770201,53389.151162037,22.715,22.7
1.0,800,3,53400.728863605,53400.728863605,22.695,22.7
-1.0,627,4,53411.059046922,53411.059046922,22.705,22.7
1.0,11662,36,53413.267750243,53426.595826826,22.695,22.715
-1.0,400,4,53426.654205985,53427.365575702,22.715,22.715
1.0,1520,12,53427.36561482,53463.048529896,22.715,22.72
-1.0,2810,15,53471.051516758,53471.052125461,22.725,22.72
1.0,744,6,53473.673776201,53473.673776201,22.715,22.72
-1.0,1560,16,53486.049720522,53513.370770091,22.725,22.72
1.0,4026,17,53523.615614275,53527.79103095,22.715,22.73
-1.0,7658,33,53539.010413278,53569.68101963,22.735,22.705
1.0,2420,4,53577.085662114,53577.085662114,22.695,22.695
-1.0,3013,28,53624.971937975,53642.949688233,22.695,22.67
1.0,2488,10,53652.894451211,53652.894485123,22.665,22.67
-1.0,2877,15,53655.266500538,53666.203505266,22.675,22.66
1.0,1219,10,53668.082705773,53668.082733405,22.655,22.66
-1.0,8297,16,53668.082911192,53668.08291207,22.665,22.66
1.0,10303,46,53675.820824745,53717.008480331,22.655,22.71
-1.0,2299,11,53723.625780823,53723.625809246,22.715,22.71
1.0,4192,19,53735.95262649,53816.03413,22.705,22.73
-1.0,100,1,53816.035926763,53816.035926763,22.735,22.735
1.0,5625,12,53829.523981882,53829.524033663,22.735,22.74
-1.0,5190,8,53894.415444381,53894.415444381,22.745,22.74
1.0,100,1,53894.416190227,53894.416190227,22.745,22.745
-1.0,100,2,53894.416236951,53894.416236951,22.745,22.745
1.0,1798,11,53894.931818609,53894.931874911,22.745,22.75
-1.0,7126,10,53896.085102264,53902.905902523,22.755,22.745
1.0,4602,13,53902.906623715,53933.467304376,22.745,22.745
-1.0,5328,13,53947.50313111,53947.503141411,22.745,22.74
1.0,3179,6,53947.56596861,53947.569302711,22.735,22.74
-1.0,7314,18,53948.722204817,53948.722973624,22.745,22.74
1.0,3000,6,53948.744547979,53948.744547979,22.735,22.74
-1.0,2000,7,53948.744901542,53948.745349596,22.735,22.735
1.0,2050,5,53948.746100465,53948.749308882,22.735,22.74
-1.0,9176,14,53948.764453779,53948.764453882,22.745,22.745
1.0,5879,12,53955.018247964,53977.355599438,22.745,22.75
-1.0,10468,52,54015.520373243,54015.927332329,22.755,22.73
1.0,1,1,54015.92751015,54015.92751015,22.725,22.725
-1.0,1258,13,54049.19188502,54064.265116434,22.725,22.715
1.0,4977,14,54082.60532754,54082.60543055,22.715,22.72
-1.0,5340,34,54085.779666335,54131.150970251,22.725,22.7
1.0,10635,24,54146.685666441,54180.657781187,22.695,22.72
-1.0,3274,9,54189.259005889,54189.25903626,22.725,22.72
1.0,4850,10,54195.184988402,54199.609696927,22.715,22.73
-1.0,1019,9,54201.598873543,54201.607135213,22.735,22.735
1.0,4045,11,54217.743668472,54229.302058966,22.735,22.74
-1.0,300,2,54273.21948473,54273.21948473,22.745,22.745
1.0,336,2,54283.73285937,54292.816385637,22.745,22.745
-1.0,7785,65,54315.398724628,54398.137808104,22.745,22.72
1.0,5771,13,54442.964603297,54457.621714557,22.715,22.72
-1.0,3803,24,54475.37537418,54475.375740805,22.725,22.72
1.0,6807,14,54498.630289151,54515.771819299,22.715,22.73
-1.0,5057,32,54516.354071795,54545.848239702,22.735,22.72
1.0,2201,6,54561.509968038,54561.509998897,22.715,22.72
-1.0,1359,12,54580.054184387,54580.054208186,22.725,22.72
1.0,1533,4,54585.273563675,54585.273563675,22.715,22.715
-1.0,8520,49,54666.855127091,54673.42643334,22.715,22.69
1.0,2502,7,54676.5774351,54676.5774351,22.685,22.69
-1.0,18,1,54676.578147744,54676.578147744,22.695,22.695
1.0,300,1,54682.099455743,54682.099455743,22.695,22.695
-1.0,10,3,54686.652044035,54686.652641711,22.695,22.69
1.0,4246,24,54694.409430276,54722.503372432,22.685,22.715
-1.0,3255,11,54730.093962846,54745.701495158,22.725,22.71
1.0,626,5,54779.730522186,54779.730522186,22.705,22.71
-1.0,2741,18,54797.26402505,54811.996139696,22.715,22.705
1.0,1181,8,54829.673586975,54852.479469692,22.705,22.72
-1.0,100,1,54876.952159466,54876.952159466,22.725,22.725
1.0,3653,13,54897.136499112,54897.136719071,22.725,22.73
-1.0,1211,11,54901.266476018,54902.200337042,22.735,22.73
1.0,624,2,54909.843091544,54909.843093694,22.725,22.73
-1.0,2343,21,54932.356704282,54937.489606622,22.735,22.72
1.0,3779,9,54967.128246496,54967.128271005,22.715,22.72
-1.0,4932,34,54973.442528891,55014.596947351,22.725,22.7
1.0,7639,30,55023.823815919,55035.047733784,22.695,22.72
-1.0,2500,6,55035.048646442,55035.049579569,22.715,22.715
1.0,2358,15,55035.052868053,55063.23545593,22.715,22.72
-1.0,923,6,55066.162408101,55067.74476979,22.725,22.72
1.0,7178,16,55071.989734876,55085.625992871,22.715,22.73
-1.0,2250,10,55087.301393549,55094.752663914,22.735,22.72
1.0,1679,9,55108.7554589,55114.172802824,22.715,22.73
-1.0,2009,17,55127.36457379,55141.594440696,22.735,22.725
1.0,500,3,55161.32916598,55161.329188482,22.725,22.73
-1.0,26,1,55161.331681679,55161.331681679,22.735,22.735
1.0,11297,32,55219.963853027,55242.536883342,22.735,22.76
-1.0,1593,15,55256.050171749,55256.382046654,22.765,22.76
1.0,28949,44,55280.095620195,55314.756539335,22.755,22.78
-1.0,5679,13,55326.386736956,55326.386746194,22.785,22.78
1.0,7221,9,55326.386843975,55326.386843975,22.78,22.78
-1.0,2400,7,55326.387099928,55326.387498354,22.785,22.785
1.0,100,1,55326.387592574,55326.387592574,22.785,22.785
-1.0,10079,35,55326.397812552,55329.221712493,22.785,22.765
1.0,1912,4,55329.466681352,55333.283101425,22.765,22.765
-1.0,1027,8,55340.052738668,55340.053237987,22.775,22.77
1.0,4151,20,55349.885995782,55350.920786833,22.765,22.775
-1.0,488,3,55354.331567939,55354.331590879,22.785,22.78
1.0,630,6,55366.45165632,55366.45165632,22.775,22.78
-1.0,256,5,55367.450978815,55367.450978815,22.785,22.78
1.0,250,2,55367.545195482,55367.545195482,22.78,22.78
-1.0,7411,24,55367.75529326,55400.842276465,22.785,22.76
1.0,3488,9,55413.777465114,55413.79266573,22.755,22.76
-1.0,4517,19,55418.530896504,55428.005939676,22.765,22.765
1.0,737,7,55445.778048945,55466.234025708,22.765,22.765
-1.0,1360,16,55485.029473373,55485.029609923,22.765,22.76
1.0,1830,4,55485.742456572,55486.700429237,22.765,22.765
-1.0,749,3,55489.26524717,55489.26524717,22.765,22.76
1.0,4,1,55489.355641089,55489.355641089,22.76,22.76
-1.0,500,2,55490.131600043,55490.131600043,22.765,22.76
1.0,100,1,55490.418754011,55490.418754011,22.76,22.76
-1.0,2835,26,55501.359352542,55502.728014609,22.755,22.755
1.0,17919,55,55509.42651547,55562.763237618,22.745,22.78
-1.0,3901,23,55566.21391023,55585.082526669,22.785,22.77
1.0,1691,10,55594.521517795,55594.521566467,22.765,22.765
-1.0,1107,11,55604.135442943,55604.156802333,22.765,22.76
1.0,1623,7,55606.766898386,55606.767181973,22.755,22.76
-1.0,10550,37,55628.317825335,55637.7765812,22.765,22.75
1.0,2161,11,55638.999065013,55672.034178989,22.755,22.765
-1.0,3538,19,55687.260412683,55712.301078419,22.775,22.77
1.0,6225,17,55744.963942514,55750.071684816,22.765,22.775
-1.0,2709,17,55759.885245925,55759.886036756,22.775,22.77
1.0,1723,6,55775.496786475,55775.496786475,22.765,22.77
-1.0,62,1,55775.498774292,55775.498774292,22.765,22.765
1.0,200,2,55775.498924721,55775.805250773,22.765,22.77
-1.0,37834,58,55800.120940749,55858.185175979,22.775,22.74
1.0,2370,6,55859.460722977,55859.46079166,22.735,22.74
-1.0,100,1,55860.497699839,55860.497699839,22.735,22.735
1.0,200,2,55860.497862223,55860.498254679,22.735,22.735
-1.0,7545,38,55872.015211846,55903.00307286,22.735,22.72
1.0,200,1,55903.003788846,55903.003788846,22.725,22.725
-1.0,18772,67,55903.768849875,55930.519241707,22.725,22.68
1.0,200,1,55934.516811498,55934.516811498,22.675,22.675
-1.0,783,8,55936.654968867,55936.655007234,22.675,22.67
1.0,100,1,55936.655891559,55936.655891559,22.67,22.67
-1.0,3173,15,55937.638305013,55943.353884838,22.675,22.66
1.0,9867,14,55949.319604585,55949.319621685,22.655,22.66
-1.0,52,1,55949.337403226,55949.337403226,22.665,22.665
1.0,6339,13,55952.810049718,55952.81013712,22.665,22.67
-1.0,652,3,55955.039997438,55955.039997438,22.675,22.67
1.0,9017,6,55957.519220343,55957.519220343,22.665,22.67
-1.0,18619,58,55965.7902881,56014.756760691,22.675,22.63
1.0,4300,18,56015.433619428,56015.433684552,22.625,22.63
-1.0,504,3,56016.4118406,56017.890722094,22.635,22.63
1.0,2271,8,56019.474624029,56019.474627684,22.625,22.63
-1.0,3500,7,56022.896515605,56022.896515605,22.635,22.635
1.0,300,1,56023.950922401,56023.950922401,22.635,22.635
-1.0,1570,7,56025.888873257,56026.986950389,22.635,22.63
1.0,5687,16,56026.988843705,56028.293091344,22.625,22.625
-1.0,4740,27,56040.596195833,56054.431441051,22.635,22.62
1.0,4870,17,56057.398057757,56058.469733792,22.615,22.615
-1.0,81,1,56058.474842373,56058.474842373,22.615,22.615
1.0,100,1,56058.477607872,56058.477607872,22.615,22.615
-1.0,500,1,56058.498391053,56058.498391053,22.615,22.615
1.0,6123,18,56058.498533359,56059.360518996,22.615,22.615
-1.0,500,2,56059.364854208,56059.364854208,22.615,22.615
1.0,200,3,56059.364971958,56059.36520269,22.615,22.615
-1.0,11411,48,56059.365209727,56074.864553485,22.615,22.6
1.0,6179,13,56085.752519444,56085.752719861,22.595,22.6
-1.0,2510,9,56096.367470179,56096.367526298,22.605,22.6
1.0,969,7,56106.297120843,56106.297129435,22.595,22.6
-1.0,5925,33,56114.117908248,56119.067731554,22.605,22.585
1.0,531,3,56121.460418872,56121.460418872,22.585,22.59
-1.0,15475,24,56121.461580703,56127.328621415,22.595,22.585
1.0,200,2,56128.282543749,56128.746819639,22.585,22.585
-1.0,371,1,56130.820415491,56130.820415491,22.585,22.58
1.0,5713,9,56134.040190213,56134.040587249,22.575,22.58
-1.0,15229,29,56135.011168989,56155.582876237,22.585,22.55
1.0,2112,9,56155.948578459,56155.948834301,22.545,22.55
-1.0,951,2,56157.806976139,56157.807301757,22.555,22.55
1.0,2482,13,56160.906249145,56160.906319538,22.545,22.545
-1.0,550,3,56161.167503905,56161.167535878,22.555,22.55
1.0,7786,33,56174.032455777,56206.397048977,22.545,22.59
-1.0,2432,14,56217.288695007,56217.522483846,22.595,22.585
1.0,94,1,56227.427671726,56227.427671726,22.585,22.585
-1.0,2065,17,56234.542023186,56234.542074036,22.585,22.58
1.0,100,1,56234.543019328,56234.543019328,22.575,22.575
-1.0,436,7,56250.763941272,56250.764634033,22.575,22.57
1.0,100,1,56250.764823173,56250.764823173,22.575,22.575
-1.0,2284,7,56250.767063478,56255.995542267,22.575,22.56
1.0,5420,10,56259.351625586,56259.351921817,22.555,22.56
-1.0,2694,19,56263.906005973,56290.271987217,22.565,22.555
1.0,6210,15,56306.434050921,56306.434353467,22.555,22.56
-1.0,889,7,56314.096059092,56314.096062983,22.565,22.56
1.0,11107,44,56330.141776706,56349.539066866,22.555,22.58
-1.0,4427,15,56370.384153266,56370.384188192,22.585,22.58
1.0,500,5,56370.384357772,56370.384357772,22.58,22.58
-1.0,1367,16,56370.384682357,56382.348815216,22.585,22.57
1.0,417,3,56386.60669892,56387.490733149,22.565,22.57
-1.0,827,8,56393.270587934,56393.355666336,22.575,22.565
1.0,13528,30,56402.476751168,56420.54150873,22.565,22.61
-1.0,4814,37,56476.288785645,56476.288814676,22.615,22.61
1.0,1000,3,56476.288981525,56476.289161826,22.61,22.61
-1.0,8710,20,56481.370994248,56481.371166292,22.605,22.605
1.0,15581,15,56488.203048389,56488.203302781,22.595,22.6
-1.0,4457,24,56495.951633612,56509.82494497,22.605,22.59
1.0,2198,11,56519.178512716,56575.200176915,22.585,22.595
-1.0,4613,23,56590.639236966,56590.639654828,22.595,22.59
1.0,18797,44,56596.778231861,56614.973799953,22.585,22.62
-1.0,5089,29,56622.539693848,56634.434415508,22.625,22.61
1.0,5224,14,56634.435451459,56640.892814851,22.61,22.61
-1.0,4419,28,56650.023490678,56652.751784886,22.615,22.6
1.0,100,1,56652.752546569,56652.752546569,22.595,22.595
-1.0,821,6,56654.898107043,56654.898107043,22.595,22.59
1.0,306,5,56655.036910733,56665.66086274,22.595,22.595
-1.0,16270,30,56668.822993649,56668.826134125,22.595,22.58
1.0,29039,42,56670.893112614,56691.815814056,22.575,22.6
-1.0,5979,33,56696.296236202,56706.510424066,22.605,22.58
1.0,328,4,56706.511884749,56706.530596564,22.585,22.585
-1.0,416,4,56706.532280505,56706.532280505,22.585,22.585
1.0,753,6,56706.532328628,56707.748236514,22.585,22.585
-1.0,1754,15,56712.198344569,56712.200861426,22.585,22.58
1.0,650,4,56714.866308111,56714.866335258,22.575,22.58
-1.0,977,6,56728.756950797,56728.758066832,22.585,22.58
1.0,3521,7,56728.75869751,56729.753313821,22.575,22.58
-1.0,8302,24,56742.041580477,56743.210439807,22.585,22.57
1.0,8950,9,56743.211531114,56743.211541608,22.565,22.57
-1.0,424,4,56743.212466849,56744.298597773,22.565,22.565
1.0,1951,8,56744.46333782,56744.463340857,22.565,22.57
-1.0,22,1,56744.464974881,56744.464974881,22.575,22.575
1.0,6156,24,56746.948875272,56778.205691889,22.575,22.585
-1.0,5017,27,56788.316286837,56795.982771118,22.585,22.575
1.0,4509,12,56801.108932633,56815.163306401,22.575,22.58
-1.0,3960,19,56820.267449963,56820.267457962,22.585,22.58
1.0,238,2,56821.144055443,56821.590151681,22.585,22.585
-1.0,930,8,56825.321084179,56825.612860343,22.585,22.58
1.0,1501,6,56830.115964754,56830.117302475,22.575,22.575
-1.0,17,1,56830.118501028,56830.118501028,22.575,22.575
1.0,599,3,56830.231810604,56830.231810604,22.575,22.58
-1.0,3649,28,56833.608440752,56842.274364415,22.585,22.575
1.0,100,1,56842.45032383,56842.45032383,22.575,22.575
-1.0,1205,7,56864.081642915,56864.081926322,22.575,22.57
1.0,36409,43,56866.007549274,56902.626522515,22.565,22.58
-1.0,1072,10,56909.438594968,56909.438608559,22.585,22.58
1.0,610,4,56909.439469522,56918.236191075,22.575,22.58
-1.0,3336,14,56918.236760381,56932.314469219,22.585,22.58
1.0,3840,9,56932.314804618,56944.505863738,22.58,22.58
-1.0,946,8,56951.851087206,56951.98388249,22.585,22.58
1.0,200,2,56951.984498504,56951.984981226,22.58,22.58
-1.0,16592,54,56960.888025646,56975.338014548,22.575,22.55
1.0,100,1,56975.340770403,56975.340770403,22.555,22.555
-1.0,1200,5,56975.478299209,56975.478299209,22.555,22.555
1.0,100,1,56975.505798924,56975.505798924,22.555,22.555
-1.0,150,1,56975.57158005,56975.57158005,22.555,22.555
1.0,100,1,56975.6728556,56975.6728556,22.555,22.555
-1.0,662,6,56975.784968901,56975.956087736,22.555,22.545
1.0,2912,12,56977.603633442,56977.603885237,22.545,22.55
-1.0,4373,4,56979.661016171,56979.661066432,22.555,22.55
1.0,19894,45,56979.661393071,57000.058263565,22.545,22.565
-1.0,697,1,57000.061693337,57000.061693337,22.575,22.575
1.0,7350,5,57000.078817059,57000.078817059,22.575,22.58
-1.0,4250,6,57000.119584583,57000.119584583,22.585,22.58
1.0,5416,16,57000.16680957,57003.686098098,22.575,22.59
-1.0,9191,32,57004.398539774,57006.012283087,22.595,22.58
1.0,7985,27,57007.069603133,57011.24528274,22.575,22.6
-1.0,5556,15,57012.345551042,57016.408186851,22.605,22.6
1.0,7531,15,57021.923043698,57032.917250233,22.595,22.615
-1.0,6553,23,57040.449655074,57040.455119254,22.615,22.61
1.0,100,1,57040.457283662,57040.457283662,22.615,22.615
-1.0,400,1,57040.457497036,57040.457497036,22.615,22.615
1.0,1300,4,57041.502328322,57041.502363317,22.605,22.61
-1.0,4721,19,57051.058039544,57051.768923819,22.615,22.615
1.0,500,5,57051.769753204,57051.884307067,22.615,22.615
-1.0,1100,4,57052.00952402,57052.00952402,22.615,22.61
1.0,28432,28,57052.038320344,57059.295458114,22.615,22.64
-1.0,8559,24,57061.202916782,57063.279617515,22.645,22.63
1.0,7814,18,57063.303217383,57072.084676861,22.625,22.64
-1.0,1853,5,57072.662140198,57072.662840698,22.645,22.645
1.0,1600,2,57072.66350395,57089.027332585,22.645,22.645
-1.0,18608,73,57093.255357182,57114.612119386,22.645,22.625
1.0,100,1,57114.612383269,57114.612383269,22.625,22.625
-1.0,13089,33,57114.612767201,57114.623094981,22.625,22.6
1.0,500,2,57114.623475816,57114.623475816,22.605,22.605
-1.0,350,4,57114.623688648,57114.625635213,22.605,22.605
1.0,2600,12,57114.645597404,57117.085304859,22.605,22.61
-1.0,56,1,57117.088082761,57117.088082761,22.615,22.615
1.0,9959,15,57118.124537222,57122.901734714,22.615,22.625
-1.0,2909,7,57129.923970431,57129.933367387,22.625,22.625
1.0,47125,71,57146.767941743,57182.025701287,22.625,22.68
-1.0,600,1,57182.406149427,57182.406149427,22.675,22.675
1.0,517,3,57183.041959609,57183.042749113,22.675,22.68
-1.0,6761,18,57183.346902778,57184.366118613,22.685,22.68
1.0,3580,5,57184.370634599,57184.370634599,22.675,22.675
-1.0,4160,13,57186.546623501,57187.46349236,22.685,22.68
1.0,100,1,57187.463514924,57187.463514924,22.68,22.68
-1.0,1640,13,57187.463724876,57190.563325274,22.685,22.66
1.0,5181,12,57200.042757393,57200.043042841,22.655,22.66
-1.0,5305,13,57212.90796139,57212.90797127,22.665,22.66
1.0,3324,14,57214.429960697,57219.30639306,22.655,22.665
-1.0,2989,18,57232.093550209,57232.094144406,22.665,22.66
1.0,6224,20,57238.478349885,57238.984208002,22.655,22.66
-1.0,4513,24,57240.049869585,57240.802122072,22.665,22.65
1.0,3232,13,57241.095704445,57242.02236425,22.645,22.645
-1.0,13321,26,57247.923298808,57247.926356496,22.655,22.64
1.0,9971,25,57248.128937041,57251.037881355,22.645,22.655
-1.0,2616,20,57260.842827264,57267.300761361,22.655,22.64
1.0,3346,10,57267.942698164,57267.942708264,22.635,22.64
-1.0,1597,12,57273.289818168,57280.021273534,22.645,22.645
1.0,6300,7,57280.022558469,57280.022558901,22.64,22.64
-1.0,416,5,57280.023620213,57280.024430068,22.645,22.645
1.0,130,7,57280.062216184,57280.062237765,22.64,22.64
-1.0,3721,16,57280.062300152,57280.086542505,22.645,22.63
1.0,2739,8,57280.358766412,57280.359609658,22.635,22.64
-1.0,6,1,57280.376538642,57280.376538642,22.645,22.645
1.0,1065,7,57281.13994638,57281.139954606,22.645,22.65
-1.0,4406,8,57282.924859662,57282.924864682,22.655,22.65
1.0,12591,17,57290.100575269,57290.100585347,22.645,22.65
-1.0,600,2,57290.100625461,57290.100625461,22.65,22.65
1.0,230,2,57290.100635344,57290.10069464,22.645,22.645
-1.0,100,1,57290.101316606,57290.101316606,22.65,22.65
1.0,4983,29,57290.120935785,57297.071365242,22.645,22.66
-1.0,110,7,57300.018197197,57300.029273052,22.665,22.665
1.0,26601,36,57300.035994242,57300.036089473,22.665,22.68
-1.0,600,1,57300.036416683,57300.036416683,22.68,22.68
1.0,2100,2,57300.036525074,57300.036525074,22.665,22.68
-1.0,2139,1,57300.037937877,57300.037937877,22.695,22.695
1.0,10783,24,57300.038508585,57300.050441038,22.695,22.71
-1.0,4500,9,57300.052199606,57300.075139823,22.71,22.705
1.0,7809,15,57300.096927947,57300.10541027,22.705,22.725
-1.0,10307,14,57300.126995204,57300.19851967,22.725,22.715
1.0,1299,7,57300.208152145,57300.208190177,22.715,22.72
-1.0,288,3,57300.223102389,57300.341137146,22.725,22.725
1.0,3579,4,57300.34377043,57300.344149,22.725,22.73
-1.0,20,1,57300.667046256,57300.667046256,22.735,22.735
1.0,4200,13,57301.01228354,57301.012823911,22.735,22.735
-1.0,8124,24,57301.052070623,57301.054795949,22.735,22.73
1.0,5714,10,57301.171738338,57301.546461344,22.725,22.74
-1.0,10224,10,57301.546975343,57301.742551189,22.745,22.74
1.0,3165,5,57301.953890467,57301.953890467,22.735,22.74
-1.0,23995,8,57302.006931951,57302.007097054,22.745,22.74
1.0,7600,8,57302.007143842,57302.007143842,22.74,22.74
-1.0,12904,5,57302.007729804,57302.007729804,22.745,22.74
1.0,1412,4,57302.007780298,57302.007780298,22.745,22.745
-1.0,670,3,57302.007799257,57302.008009441,22.745,22.745
1.0,6911,8,57302.237929523,57302.237937339,22.745,22.75
-1.0,8562,10,57302.238435822,57302.239033978,22.755,22.755
1.0,6342,5,57304.041015478,57304.041015478,22.755,22.76
-1.0,32873,21,57304.042013962,57304.248526191,22.765,22.75
1.0,7100,8,57304.248576564,57304.248576564,22.75,22.75
-1.0,12282,5,57304.248576564,57304.248580923,22.755,22.75
1.0,1100,1,57304.248627501,57304.248627501,22.755,22.755
-1.0,19581,7,57304.248736155,57304.248749762,22.755,22.75
1.0,4349,6,57304.248793084,57304.248793084,22.755,22.755
-1.0,30503,12,57304.248797844,57304.248935402,22.755,22.75
1.0,4827,6,57304.248985092,57304.248985092,22.745,22.75
-1.0,1227,2,57304.249047054,57304.24911695,22.75,22.745
1.0,502,5,57304.859522817,57304.859842611,22.745,22.75
-1.0,16029,11,57304.860081992,57305.583839728,22.755,22.755
1.0,1695,2,57305.583860077,57305.583860077,22.75,22.75
-1.0,14100,12,57305.583879045,57305.583964676,22.755,22.75
1.0,4400,5,57305.584004191,57305.584004191,22.75,22.75
-1.0,7347,12,57305.584028437,57307.023477749,22.755,22.755
1.0,2658,7,57310.997146445,57310.997149123,22.755,22.755
-1.0,10922,14,57310.997768643,57310.997768643,22.765,22.765
1.0,5804,22,57312.998214761,57314.771467839,22.765,22.77
-1.0,6863,7,57314.822234032,57314.822234032,22.775,22.77
1.0,9300,9,57314.822277929,57314.822277929,22.77,22.77
-1.0,28889,24,57314.82241985,57315.0333345,22.775,22.77
1.0,1100,1,57315.033349025,57315.033349025,22.775,22.775
-1.0,16714,20,57315.03335286,57318.621874725,22.775,22.77
1.0,8321,13,57318.621917322,57318.621917322,22.77,22.77
-1.0,6019,9,57318.621930071,57318.62348419,22.775,22.77
1.0,1286,10,57320.989990299,57332.664333274,22.765,22.77
-1.0,500,1,57332.66461983,57332.66461983,22.77,22.77
1.0,7626,30,57336.357389802,57340.150306156,22.775,22.79
-1.0,51371,77,57340.161174964,57344.360276295,22.785,22.77
1.0,2081,13,57354.360437542,57362.118084619,22.765,22.785
-1.0,45429,28,57362.164675533,57362.16485593,22.785,22.78
1.0,943,2,57362.164899315,57362.164899315,22.78,22.78
-1.0,13266,19,57362.165344389,57362.176297482,22.785,22.77
1.0,4536,16,57362.209480774,57367.034414586,22.775,22.775
-1.0,100,1,57367.059598768,57367.059598768,22.775,22.775
1.0,624,4,57367.351699718,57367.351703574,22.775,22.775
-1.0,9300,17,57371.503980222,57371.504513435,22.785,22.78
1.0,11347,45,57371.504860793,57387.519993848,22.775,22.785
-1.0,20809,55,57389.584190931,57395.585675078,22.795,22.79
1.0,300,3,57396.847124766,57397.019881612,22.785,22.785
-1.0,11290,35,57403.523846495,57403.534143834,22.785,22.78
1.0,13102,26,57411.334034948,57423.124120819,22.775,22.78
-1.0,500,2,57423.124394623,57423.124394623,22.775,22.775
1.0,800,2,57423.124441135,57423.124483354,22.775,22.78
-1.0,13257,26,57425.723993494,57425.724346192,22.785,22.785
1.0,14699,16,57425.724664417,57425.838196479,22.775,22.775
-1.0,21229,66,57433.26995231,57435.055338754,22.775,22.755
1.0,6287,17,57439.489924356,57439.48996111,22.755,22.76
-1.0,500,1,57439.49025138,57439.49025138,22.76,22.76
1.0,6822,42,57461.281015849,57461.281706426,22.765,22.77
-1.0,49961,160,57462.204558701,57491.028708221,22.775,22.755
1.0,23406,35,57491.919678376,57491.922834032,22.755,22.76
-1.0,10,1,57491.936092264,57491.936092264,22.755,22.755
1.0,7181,31,57491.936231345,57492.90018189,22.755,22.76
-1.0,16953,95,57492.937232224,57510.447792453,22.765,22.75
1.0,700,4,57511.427936635,57512.087277333,22.755,22.755
-1.0,3069,6,57512.208829562,57512.208829562,22.755,22.755
1.0,1350,2,57512.209564119,57512.219955982,22.75,22.755
-1.0,1430,4,57512.222467722,57512.222467722,22.755,22.75
1.0,4801,12,57512.222589492,57514.289642717,22.745,22.745
-1.0,2931,8,57514.291380372,57514.301164119,22.745,22.745
1.0,1400,4,57514.66748295,57514.66748295,22.745,22.75
-1.0,200,2,57514.681111513,57514.681111513,22.745,22.745
1.0,1328,8,57514.681232414,57515.037428966,22.745,22.75
-1.0,29785,95,57522.418777644,57538.013616662,22.755,22.74
1.0,100,1,57538.068330623,57538.068330623,22.745,22.745
-1.0,100,1,57538.151751171,57538.151751171,22.745,22.745
1.0,4736,12,57538.538043213,57539.960767954,22.745,22.745
-1.0,33552,20,57540.001324376,57540.505685383,22.745,22.74
1.0,1122,3,57540.506288197,57540.506288197,22.735,22.735
-1.0,29168,56,57541.336543562,57545.084677623,22.735,22.73
1.0,100,1,57545.084838752,57545.084838752,22.735,22.735
-1.0,2150,4,57546.018793602,57546.018793602,22.725,22.72
1.0,13119,18,57546.040391515,57546.04039532,22.715,22.72
-1.0,2000,7,57546.04044788,57546.042579465,22.715,22.715
1.0,858,6,57546.051525515,57546.051641238,22.715,22.715
-1.0,96001,88,57548.030082396,57557.041488009,22.715,22.69
1.0,201291,178,57557.266759013,57567.011104622,22.685,22.69
-1.0,11113,19,57567.011354052,57567.019202072,22.69,22.69
1.0,51388,65,57567.110980976,57577.087112031,22.695,22.695
-1.0,36645,76,57581.918931036,57581.919068988,22.695,22.69
1.0,13478,19,57582.022132686,57582.02225783,22.685,22.685
-1.0,54916,38,57582.023048891,57583.070585755,22.685,22.685
1.0,12757,24,57583.118536434,57583.118546385,22.685,22.69
-1.0,42535,47,57584.070434768,57585.075499777,22.685,22.68
1.0,11411,18,57585.109923128,57585.110083644,22.675,22.68
-1.0,6,1,57585.11514719,57585.11514719,22.685,22.685
1.0,24121,41,57586.068129064,57586.069026726,22.685,22.685
-1.0,11871,21,57586.069737682,57586.069991298,22.685,22.68
1.0,2551,3,57586.070215182,57586.078848885,22.685,22.685
-1.0,1400,3,57586.079160417,57586.079782161,22.685,22.68
1.0,7211,59,57586.635096022,57588.085241648,22.675,22.675
-1.0,54667,35,57589.047898012,57589.06854098,22.675,22.665
1.0,46294,55,57589.10953569,57591.10926448,22.665,22.675
-1.0,72207,34,57592.034069801,57593.06279217,22.675,22.67
1.0,3100,3,57593.063119539,57593.063119539,22.665,22.665
-1.0,16400,8,57593.064791744,57593.066979616,22.665,22.66
1.0,17525,19,57593.067070572,57593.067698144,22.66,22.67
-1.0,11780,8,57593.068074278,57593.068082473,22.675,22.67
1.0,1700,4,57593.068408656,57593.072875851,22.665,22.67
-1.0,44368,28,57594.562034537,57596.060764684,22.675,22.67
1.0,6277,25,57596.06225684,57596.082276667,22.67,22.665
-1.0,11250,15,57596.082439852,57596.082449341,22.665,22.66
1.0,3175,5,57596.082657831,57596.083993918,22.66,22.655
-1.0,18532,20,57596.085782687,57596.085801053,22.655,22.65
1.0,100,1,57596.087128861,57596.087128861,22.645,22.645
-1.0,12860,7,57596.08957311,57596.089578544,22.645,22.64
1.0,17926,7,57596.089881943,57596.091714404,22.635,22.64
-1.0,194479,29,57596.093607276,57596.101301041,22.645,22.62
1.0,12600,6,57596.102087395,57596.102135543,22.615,22.62
-1.0,79523,10,57596.1040098,57596.109304904,22.625,22.615
1.0,5288,5,57596.109367216,57596.114426979,22.61,22.615
-1.0,6283,1,57596.114622391,57596.114622391,22.615,22.615
1.0,5050,7,57596.1196409,57596.119950794,22.615,22.62
-1.0,600,2,57596.131874315,57596.131874315,22.62,22.62
1.0,8750,6,57596.132290781,57596.141983224,22.615,22.63
-1.0,551,1,57596.142466852,57596.142466852,22.63,22.63
1.0,23109,18,57596.142883711,57596.283506076,22.635,22.655
-1.0,11810,3,57596.423393433,57596.423393433,22.665,22.66
1.0,3000,1,57596.423809555,57596.423809555,22.655,22.655
-1.0,66269,17,57596.425534482,57596.437547927,22.655,22.625
1.0,43711,41,57596.491047164,57597.405642246,22.625,22.675
-1.0,102,2,57597.406061319,57597.406986003,22.675,22.675
1.0,18799,19,57597.60072047,57599.205700256,22.675,22.675
-1.0,572,1,57599.2061348,57599.2061348,22.675,22.675
1.0,65484,43,57599.40152495,57650.146333108,22.675,22.775
-1.0,900,5,57650.375093929,57653.112608771,22.775,22.685
1.0,100,3,57653.643639773,57653.65250092,22.765,22.77
-1.0,300,1,57657.089961854,57657.089961854,22.765,22.685
1.0,606,6,57660.924599156,57669.392615222,22.71,22.75
-1.0,4169,6,57670.952033209,57691.986319038,22.75,22.68
1.0,2881,23,57694.605633225,57828.906118951,22.67,22.785
-1.0,800,4,57835.911407997,57837.733743321,22.785,22.73
1.0,800,2,57856.124122728,57856.956651717,22.735,22.77
-1.0,300,1,57866.415787609,57866.415787609,22.79,22.79
1.0,718,4,57866.423570232,57866.424250156,22.785,22.79
-1.0,2400,9,57866.598091778,57900.398199888,22.795,22.735
1.0,1100,3,57927.552174466,57931.518753397,22.77,22.78
-1.0,300,1,57936.815089768,57936.815089768,22.795,22.78
1.0,2700,1,57937.51165631,57937.51165631,22.775,22.78
-1.0,300,1,57937.919333941,57937.919333941,22.79,22.785
1.0,300,1,57954.154850495,57954.154850495,22.78,22.785
-1.0,600,3,57991.749309714,57997.309421817,22.785,22.745
1.0,49,4,58020.340050058,58020.35644614,22.755,22.755
-1.0,188,2,58087.830046282,58089.153323788,22.755,22.755
1.0,1398,5,58113.956958909,58113.983836379,22.755,22.77
-1.0,458,6,58133.901978496,58195.60172047,22.765,22.72
1.0,647,3,58211.305695695,58211.305695695,22.74,22.74
-1.0,100,1,58236.876739156,58236.876739156,22.76,22.75
1.0,330,2,58239.437077418,58239.437787978,22.75,22.765
-1.0,300,3,58255.567199541,58267.526965464,22.765,22.75
1.0,300,1,58300.576368192,58300.576368192,22.735,22.74
-1.0,370,3,58316.060613407,58318.226771217,22.735,22.735
1.0,300,1,58366.166148568,58366.166148568,22.735,22.74
-1.0,185,5,58381.520469855,58406.971086163,22.745,22.735
1.0,300,2,58408.752203229,58426.340921595,22.735,22.74
-1.0,835,4,58478.738351808,58542.753921676,22.735,22.725
1.0,700,3,58542.754565129,58545.095299402,22.72,22.725
-1.0,500,2,58683.302957163,58683.302957163,22.735,22.73
1.0,1,1,58683.321214594,58683.321214594,22.725,22.725
-1.0,12408,12,58713.738332748,58979.686416883,22.725,22.71
1.0,300,1,59028.34427746,59028.34427746,22.71,22.715
-1.0,100,2,59033.745286727,59038.336636847,22.725,22.715
1.0,15,1,59072.262514066,59072.262514066,22.71,22.715
-1.0,3473,10,59075.400478198,59278.604557955,22.725,22.71
1.0,238,6,59339.124773518,59391.355169285,22.705,22.705
-1.0,1369,10,59434.100137344,59598.407481729,22.705,22.68
1.0,557,4,59610.409270738,59676.364209256,22.675,22.685
-1.0,50,1,59748.286577744,59748.286577744,22.685,22.685
1.0,43,2,59752.95526435,59760.185910931,22.685,22.69
-1.0,296,1,59873.690075837,59873.690075837,22.68,22.68
1.0,661,2,59947.053624797,59947.053624797,22.665,22.675
-1.0,300,1,59999.962755885,59999.962755885,22.68,22.675
1.0,501,8,60023.59022677,60110.33850847,22.665,22.665
-1.0,1925,20,60111.235228453,60238.675560689,22.675,22.66
1.0,226,1,60329.182436071,60329.182436071,22.66,22.66
-1.0,499,6,60410.942223141,60520.591453567,22.66,22.64
1.0,1400,8,60608.865344013,61004.458964173,22.64,22.685
-1.0,610,2,61026.990950529,61090.156829853,22.685,22.68
1.0,23,1,61266.694594804,61266.694594804,22.675,22.675
-1.0,290,3,61366.02410441,61374.423303299,22.675,22.665
1.0,277,1,61463.778737562,61463.778737562,22.665,22.67
-1.0,300,2,61488.415787181,61493.515503459,22.675,22.665
1.0,100,1,61493.516489932,61493.516489932,22.655,22.665
-1.0,6,1,61495.799430337,61495.799430337,22.665,22.66
1.0,300,3,61634.648028137,61657.171746099,22.66,22.665
-1.0,2285,4,61716.259032254,61716.262267334,22.655,22.64
1.0,637,3,61814.694951495,61814.694951495,22.65,22.655
-1.0,1398,16,61992.062440549,62187.973143595,22.65,22.615
1.0,900,3,62205.499802433,62221.501573527,22.615,22.65
-1.0,913,8,62221.501655453,62694.048292312,22.65,22.63
1.0,5,2,62725.971858618,62734.979644687,22.63,22.63
-1.0,1,1,62776.731792572,62776.731792572,22.63,22.63
1.0,7,3,62835.100080602,62939.526102601,22.625,22.625
-1.0,98,1,62940.60519956,62940.60519956,22.625,22.625
1.0,904,8,63018.123705081,63073.623237929,22.625,22.65
-1.0,299,3,63115.233150059,63190.271506173,22.65,22.65
1.0,230,5,63319.033648854,64112.642877936,22.63,22.63
-1.0,210,2,64148.869298247,64148.869298247,22.63,22.625
1.0,1171,9,64509.434694163,65869.019219731,22.63,22.62
-1.0,2,2,66189.080112679,66189.080112679,22.615,22.61
1.0,1,1,66253.84846954,66253.84846954,22.61,22.61
-1.0,129,5,66476.695520886,66484.958717102,22.605,22.6
1.0,1377,10,66488.002490499,67325.486893525,22.595,22.61
-1.0,246,4,67335.143651641,67491.845288041,22.62,22.61
1.0,9,2,67491.84690776,67491.867238229,22.6,22.6
-1.0,13,3,67658.295142846,67718.978695737,22.6,22.59
1.0,2000,2,67913.322423826,67913.322423826,22.59,22.59
-1.0,1,1,68105.538566482,68105.538566482,22.59,22.59
1.0,69,1,68144.785369997,68144.785369997,22.59,22.61
-1.0,19,1,68841.289048025,68841.289048025,22.61,22.6
1.0,649,10,69165.96069116,70950.358325014,22.59,22.575
-1.0,607,5,71280.911145076,71291.132380046,22.58,22.575
1.0,5,1,71458.824399702,71458.824399702,22.565,22.565
-1.0,6,1,71611.085037093,71611.085037093,22.575,22.565
1.0,8340,6,71934.007208753,71993.693358416,22.565,22.565
