sign,shares,n_fills,t_start,t_end,mid_start,mid_end
-1.0,15,3,14405.648460992,14407.618455494,400.555,400.33
1.0,69,4,14408.698797819,14434.42459792,399.885,400.255
-1.0,299,6,14449.699488582,14468.139690077,400.405,400.24
1.0,1,1,14468.227567872,14468.227567872,400.06,400.23
-1.0,140,17,14468.268834173,14482.880241801,400.23,400.15
1.0,4,1,14502.404751033,14502.404751033,400.175,400.215
-1.0,100,3,14506.67159142,14515.343140722,400.24,400.215
1.0,16,1,14517.281313029,14517.281313029,400.175,400.215
-1.0,107,9,14517.281708562,14554.79850633,400.275,399.92
1.0,260,6,14563.74940003,14570.159201168,399.92,399.985
-1.0,35,1,14571.093548357,14571.093548357,399.965,399.965
1.0,120,3,14571.810227326,14572.347030604,399.965,400.04
-1.0,116,2,14572.970102239,14602.568903186,400.045,400.025
1.0,23,1,14602.589206917,14602.589206917,400.025,400.07
-1.0,60,4,14621.878530757,14627.775892491,400.075,400.055
1.0,6,1,14627.887492409,14627.887492409,400.055,400.075
-1.0,1016,23,14628.020893576,14673.835360529,400.12,399.86
1.0,10,1,14684.953711527,14684.953711527,399.86,399.895
-1.0,20,8,14691.877438626,14705.29239659,399.865,399.65
1.0,317,6,14712.594782107,14718.485768219,399.525,399.745
-1.0,4,2,14757.8828282,14757.8828282,399.715,399.69
1.0,10,1,14757.883052277,14757.883052277,399.505,399.69
-1.0,601,16,14767.145535331,14804.196126757,399.695,399.6
1.0,2,1,14837.579360056,14837.579360056,399.605,399.675
-1.0,1005,8,14840.712261735,14859.807280089,399.675,399.55
1.0,16,2,14859.80750298,14871.573801839,399.435,399.58
-1.0,5,1,14893.311349524,14893.311349524,399.62,399.59
1.0,20,1,14912.844717787,14912.844717787,399.535,399.59
-1.0,123,16,14928.052289639,14984.090874782,399.635,399.52
1.0,5,1,14990.086616176,14990.086616176,399.46,399.51
-1.0,1,1,14997.937007866,14997.937007866,399.52,399.51
1.0,41,5,14997.937037316,15056.282567649,399.43,399.63
-1.0,1,1,15078.169226957,15078.169226957,399.74,399.635
1.0,20,1,15080.44857807,15080.44857807,399.66,399.7
-1.0,111,5,15198.264087016,15262.183729926,399.705,399.57
1.0,38,4,15314.420611067,15415.902609155,399.58,399.87
-1.0,269,18,15428.961250172,15622.663451081,399.885,399.75
1.0,639,15,15660.168406854,15670.657032071,399.83,399.985
-1.0,7,2,15678.020677736,15683.782277819,400.025,399.985
1.0,28,1,15716.592573717,15716.592573717,400.025,400.08
-1.0,48,8,15738.286640862,15762.711768125,400.145,399.98
1.0,97,2,15768.449469525,15768.609823593,399.83,399.95
-1.0,1,1,15815.252734047,15815.252734047,400.09,400.025
1.0,218,6,15938.786743605,15957.216048109,400.095,400.255
-1.0,40,1,15968.025939192,15968.025939192,400.33,400.315
1.0,28,3,15994.14688221,16030.961476818,400.24,400.415
-1.0,6,2,16040.929539367,16060.578537205,400.49,400.395
1.0,62,5,16061.803583356,16136.163305135,400.395,400.63
-1.0,7,1,16142.711779848,16142.711779848,400.755,400.635
1.0,77,6,16157.457885569,16214.369612663,400.585,400.7
-1.0,14,1,16214.371402804,16214.371402804,400.825,400.7
1.0,177,15,16229.611964753,16310.90267207,400.745,400.9
-1.0,25,4,16316.823539761,16339.793451113,400.9,400.855
1.0,86,2,16339.919804244,16351.416781976,400.775,400.855
-1.0,34,3,16358.160438082,16374.891237029,400.855,400.825
1.0,1,1,16462.151359587,16462.151359587,400.915,400.94
-1.0,183,8,16462.151848062,16667.933964459,400.94,400.84
1.0,40,2,16717.910167687,16720.854507164,400.79,400.825
-1.0,2,1,16784.35552484,16784.35552484,400.87,400.825
1.0,1,1,16795.472951446,16795.472951446,400.755,400.81
-1.0,566,12,16830.434703716,16870.003890923,400.755,400.56
1.0,20,1,16877.179128392,16877.179128392,400.56,400.595
-1.0,1,1,16906.960385996,16906.960385996,400.61,400.6
1.0,162,4,16942.702618379,16942.702658947,400.64,400.74
-1.0,7,3,16952.37751221,17037.663834182,400.78,400.745
1.0,15,2,17048.795018372,17056.195646467,400.665,400.73
-1.0,637,13,17057.770266399,17151.021812076,400.815,400.525
1.0,3,2,17151.7193559,17151.849872731,400.495,400.495
-1.0,1,1,17156.038210561,17156.038210561,400.495,400.495
1.0,66,2,17215.000133599,17215.000163688,400.45,400.5
-1.0,5,4,17225.179693335,17225.179693335,400.5,400.49
1.0,1,1,17346.09960604,17346.09960604,400.5,400.5
-1.0,32,3,17479.124206361,17578.557646547,400.5,400.5
1.0,32,1,17598.818673953,17598.818673953,400.525,400.63
-1.0,245,6,17713.531831742,17829.615682387,400.64,400.605
1.0,1,1,17849.63290481,17849.63290481,400.525,400.6
-1.0,370,20,17922.273139691,18009.389135422,400.625,400.385
1.0,4,1,18154.376846228,18154.376846228,400.375,400.49
-1.0,200,1,18306.813493278,18306.813493278,400.65,400.615
1.0,66,1,18306.815969812,18306.815969812,400.605,400.605
-1.0,234,5,18365.356420553,18378.446968582,400.69,400.655
1.0,254,9,18413.019510737,18485.148030039,400.575,400.63
-1.0,6,2,18654.945553089,18654.945553089,400.77,400.74
1.0,42,3,18698.31298904,18818.63054196,400.7,400.805
-1.0,2,1,18825.597506335,18825.597506335,400.805,400.805
1.0,190,8,18843.098309002,18843.152991905,400.805,400.81
-1.0,3,3,18843.529923922,18843.529923922,400.81,400.8
1.0,145,3,18843.959942513,18876.756997617,400.76,400.81
-1.0,65,10,18923.658267759,19020.406901653,400.805,400.655
1.0,1080,14,19036.185306866,19345.49778729,400.585,400.93
-1.0,7,5,19409.390542615,19421.716143992,400.9,400.83
1.0,85,4,19423.915969678,19452.797473091,400.815,400.86
-1.0,413,2,19452.797919252,19468.153017762,400.995,400.945
1.0,357,8,19468.224170221,19468.385011782,400.935,401.475
-1.0,910,3,19468.385125674,19501.320896628,401.925,401.625
1.0,1,1,19525.510800503,19525.510800503,401.345,401.345
-1.0,201,2,19534.577866678,19534.57799174,401.29,401.13
1.0,2,1,19534.817582413,19534.817582413,401.085,401.085
-1.0,6,3,19583.834918797,19596.869547753,401.13,401.08
1.0,199,4,19662.572884468,19682.699361423,401.09,401.165
-1.0,187,4,19682.700906707,19722.861418711,401.24,401.285
1.0,112,1,19756.487572582,19756.487572582,401.155,401.305
-1.0,200,1,19786.660373023,19786.660373023,401.33,401.305
1.0,130,6,19786.660407881,19792.222408064,401.16,401.24
-1.0,295,14,19799.57230965,19865.211597486,401.325,401.15
1.0,1,1,19881.143983883,19881.143983883,401.07,401.07
-1.0,285,2,19950.15967824,20013.253135002,401.12,401.235
1.0,90,4,20193.604425597,20432.083472958,401.095,401.445
-1.0,10,1,20432.083500862,20432.083500862,401.505,401.505
1.0,20,1,20432.083563268,20432.083563268,401.505,401.545
-1.0,5,1,20432.083928105,20432.083928105,401.545,401.485
1.0,100,4,20459.646729865,20467.608770314,401.545,401.65
-1.0,200,4,20476.281266892,20476.281400271,401.625,401.565
1.0,1,1,20603.860875143,20603.860875143,401.63,401.68
-1.0,344,15,20611.862110838,20693.968665252,401.73,401.615
1.0,402,10,20761.267974982,20863.578680446,401.455,401.455
-1.0,28,6,20866.580830831,20866.580906927,401.455,401.345
1.0,18,5,20880.952058164,20992.284308141,401.35,401.35
-1.0,398,19,21021.010772528,21021.013967797,401.375,401.17
1.0,1251,18,21021.016118303,21022.84447452,400.995,400.995
-1.0,20,3,21025.052881468,21063.622008878,400.995,400.925
1.0,167,4,21106.663472863,21106.663640922,400.925,401.02
-1.0,3,2,21223.772922326,21252.436311223,401.145,401.155
1.0,386,3,21357.780912126,21452.351166197,401.23,401.29
-1.0,216,4,21538.046212058,21543.544916991,401.32,401.29
1.0,31,3,21551.416810477,21561.557460237,401.29,401.34
-1.0,2322,14,21564.968174192,21648.676263867,401.34,401.34
1.0,28,2,21728.638278161,21728.638424581,401.35,401.4
-1.0,1,1,21802.442647109,21802.442647109,401.485,401.45
1.0,20,2,21806.008741423,21808.830543524,401.425,401.45
-1.0,10,6,21848.970267333,21923.731856116,401.42,401.37
1.0,63,3,21987.118966494,21987.127185136,401.405,401.435
-1.0,38,2,22017.600946782,22023.946924054,401.45,401.39
1.0,153,7,22024.447301254,22053.606748133,401.385,401.48
-1.0,736,3,22053.606782429,22055.581037765,401.545,401.515
1.0,10,2,22138.729479393,22138.729479393,401.535,401.535
-1.0,133,9,22197.888178698,22200.395056196,401.59,401.495
1.0,25,3,22221.591374871,22228.864263626,401.36,401.46
-1.0,103,9,22270.818327278,22423.611656788,401.465,401.57
1.0,5,1,22425.667959138,22425.667959138,401.495,401.57
-1.0,23,3,22435.169887762,22459.746410986,401.57,401.57
1.0,18,4,22479.421769604,22500.060139707,401.57,401.605
-1.0,1,1,22505.824565587,22505.824565587,401.685,401.605
1.0,238,9,22558.886323729,22579.401163634,401.68,402.03
-1.0,10,1,22581.408001587,22581.408001587,402.03,401.905
1.0,39,6,22585.599957282,22700.03274957,401.905,402.165
-1.0,45,1,22765.263387971,22765.263387971,402.27,402.235
1.0,46,5,22786.88121752,22811.895347122,402.21,402.36
-1.0,144,6,22853.840011904,22857.585844951,402.4,402.255
1.0,404,3,22864.634168833,22866.75750544,402.23,402.275
-1.0,100,2,22867.593928605,22867.697493076,402.295,402.255
1.0,251,3,22883.700431413,22885.480959786,402.295,402.37
-1.0,1,1,22904.286472809,22904.286472809,402.485,402.42
1.0,19,1,22915.527775043,22915.527775043,402.41,402.42
-1.0,3,3,22924.452717576,22943.456611258,402.415,402.37
1.0,7,3,22947.517479395,22974.232894259,402.37,402.495
-1.0,46,16,23023.62158375,23122.747321873,402.59,402.065
1.0,231,2,23130.896292652,23131.116695447,401.865,401.99
-1.0,97,3,23135.500087142,23161.91833613,401.975,402.04
1.0,28,2,23195.804397288,23233.050129479,402.03,402.26
-1.0,1,1,23285.171848477,23285.171848477,402.36,402.295
1.0,3,1,23297.633827332,23297.633827332,402.285,402.285
-1.0,121,24,23322.600021766,23595.644222555,402.3,401.63
1.0,10,2,23626.103978177,23628.269618511,401.51,401.64
-1.0,1,1,23713.272800306,23713.272800306,401.65,401.63
1.0,26,2,23751.475463678,23791.565138332,401.585,401.7
-1.0,4,4,23857.112644734,23857.117270371,401.745,401.685
1.0,1,1,23980.559989271,23980.559989271,401.635,401.635
-1.0,3501,30,23982.815458068,24114.695691788,401.635,401.455
1.0,78,2,24114.714933922,24114.714949073,401.255,401.445
-1.0,1,1,24136.832889745,24136.832889745,401.4,401.38
1.0,1,1,24168.741119596,24168.741119596,401.265,401.345
-1.0,84,14,24193.722632817,24312.630363954,401.475,401.305
1.0,25,1,24339.462881996,24339.462881996,401.14,401.33
-1.0,20,5,24412.422298062,24501.573849943,401.41,401.365
1.0,8,2,24503.024704763,24505.101252335,401.365,401.435
-1.0,188,3,24539.234686678,24539.234686678,401.44,401.425
1.0,10,1,24544.796013984,24544.796013984,401.335,401.425
-1.0,272,8,24570.076765005,24660.239938549,401.515,401.355
1.0,1375,10,24660.240214114,24660.240915369,401.215,401.215
-1.0,2276,10,24664.197979515,24714.522339622,401.355,401.375
1.0,137,6,24771.748940414,24771.749086949,401.375,401.53
-1.0,205,14,24805.37903259,24853.096982963,401.47,401.415
1.0,27,2,24929.606418032,24936.980240122,401.435,401.515
-1.0,20,2,24938.866102243,25000.544004154,401.515,401.565
1.0,2,2,25015.273229501,25036.131701202,401.565,401.605
-1.0,72,15,25053.089338313,25170.088212825,401.605,401.415
1.0,99,4,25186.812933529,25186.812965123,401.225,401.325
-1.0,417,25,25200.064991927,25248.742869085,401.475,401.21
1.0,80,1,25251.672601675,25251.672601675,401.125,401.21
-1.0,109,15,25304.656356488,25357.135154034,401.2,401.12
1.0,2,1,25367.693486603,25367.693486603,401.065,401.065
-1.0,1,1,25387.355173566,25387.355173566,401.08,401.065
1.0,173,2,25401.095322923,25401.095322923,401.095,401.165
-1.0,216,6,25404.323765962,25484.305275297,401.15,401.23
1.0,54,7,25495.580526544,25525.222495661,401.23,401.255
-1.0,399,9,25534.392125436,25664.760609876,401.255,401.16
1.0,112,6,25675.242450383,25747.909063264,401.26,401.28
-1.0,441,35,25814.052736429,25934.537761296,401.24,401.13
1.0,1,1,25934.730604856,25934.730604856,400.995,400.995
-1.0,2,2,25935.1144072,25935.1144072,400.995,400.99
1.0,3,2,25935.155196129,25936.011457868,400.99,401.0
-1.0,141,19,25939.317467234,26012.113445274,400.985,400.855
1.0,10,2,26013.525656638,26014.116930417,400.8,400.9
-1.0,290,32,26095.57997202,26517.400915624,400.96,400.83
1.0,1,1,26562.035088691,26562.035088691,400.935,400.935
-1.0,105,3,26575.713928482,26594.965610298,400.935,400.865
1.0,12,2,26626.357347922,26626.358941351,400.835,400.86
-1.0,3,2,26647.836748493,26650.571421308,400.99,400.95
1.0,39,4,26685.587736186,26693.180822573,400.975,401.05
-1.0,111,4,26727.466036181,26727.476357032,401.055,401.025
1.0,20,5,26788.207388017,26802.08652657,400.995,401.045
-1.0,18,7,26807.200912118,26870.181827115,401.05,400.9
1.0,55,2,26870.181857775,26870.973272103,400.855,400.95
-1.0,239,5,26906.673140814,26909.433318311,400.975,400.925
1.0,55,3,26949.173255695,27063.208715206,400.9,400.855
-1.0,58,11,27099.92692598,27211.125282633,400.925,400.805
1.0,25,1,27262.623755988,27262.623755988,400.765,400.81
-1.0,2,2,27264.025225426,27276.112020834,400.865,400.765
1.0,76,3,27281.65957748,27318.343698333,400.765,400.765
-1.0,1,1,27446.222856047,27446.222856047,400.765,400.765
1.0,200,1,27503.105547246,27503.105547246,400.745,400.745
-1.0,32,8,27510.801858218,27519.766443234,400.745,400.72
1.0,2,1,27532.122601259,27532.122601259,400.695,400.695
-1.0,639,21,27532.200385783,27622.909352072,400.695,400.65
1.0,813,18,27663.277008585,27774.482360934,400.735,400.99
-1.0,1,1,27819.39536839,27819.39536839,400.985,400.955
1.0,190,11,27851.076847256,27851.080580303,400.96,401.265
-1.0,2,1,27864.942460676,27864.942460676,401.34,401.34
1.0,5,1,27865.034368728,27865.034368728,401.345,401.345
-1.0,40,1,27869.093964462,27869.093964462,401.345,401.315
1.0,121,7,27889.810377547,27956.390154007,401.185,401.565
-1.0,187,7,27956.441693381,28172.262718349,401.625,401.375
1.0,20,1,28211.743671456,28211.743671456,401.28,401.35
-1.0,132,11,28244.705207761,28519.419264643,401.405,401.135
1.0,21,3,28521.880313145,28529.274585651,401.135,401.175
-1.0,1,1,28578.034605332,28578.034605332,401.225,401.225
1.0,333,4,28600.153761479,28613.25816418,401.21,401.225
-1.0,450,12,28613.636673698,28800.561380058,401.225,401.15
1.0,124,2,28860.557933285,28861.967421022,401.15,401.2
-1.0,75,2,28910.573433467,28944.23741014,401.225,401.2
1.0,1,1,28989.239481151,28989.239481151,401.045,401.115
-1.0,190,15,28995.95389921,29029.975433519,401.16,400.935
1.0,1,1,29034.322496241,29034.322496241,400.875,400.935
-1.0,20,5,29041.212494824,29044.327714064,400.935,400.865
1.0,347,3,29044.340635488,29044.340672108,400.735,400.865
-1.0,604,10,29130.631561945,29143.169175646,400.93,400.805
1.0,130,2,29152.20860595,29172.315601974,400.85,400.81
-1.0,882,3,29184.804829069,29184.808536269,400.845,400.845
1.0,1,1,29190.126591765,29190.126591765,400.845,400.845
-1.0,20,2,29195.792629705,29195.982632726,400.845,400.81
1.0,199,1,29200.66311388,29200.66311388,400.84,400.86
-1.0,85,3,29201.353039327,29203.526681757,400.88,400.86
1.0,530,2,29245.570679083,29261.461742645,400.855,400.91
-1.0,400,7,29267.939070268,29328.407180618,400.945,400.895
1.0,7,1,29330.959366912,29330.959366912,400.805,400.805
-1.0,3,1,29331.983643228,29331.983643228,400.805,400.785
1.0,41,1,29332.682905665,29332.682905665,400.785,400.875
-1.0,764,7,29332.969775513,29414.164718453,400.92,400.85
1.0,7,2,29425.592351481,29429.506684307,400.805,400.84
-1.0,242,16,29437.713971364,29553.68318021,400.86,400.685
1.0,1,1,29554.117703826,29554.117703826,400.645,400.645
-1.0,2,2,29558.264838926,29558.264838926,400.645,400.625
1.0,1,1,29558.64661733,29558.64661733,400.625,400.625
-1.0,50,1,29564.145543177,29564.145543177,400.625,400.575
1.0,5,1,29618.003853932,29618.003853932,400.55,400.565
-1.0,66,6,29675.680367507,29687.081461106,400.54,400.475
1.0,401,5,29713.40306605,29758.32525827,400.54,400.505
-1.0,100,3,29774.499828766,29778.510433245,400.595,400.525
1.0,1,1,29789.937136148,29789.937136148,400.45,400.505
-1.0,42,4,29789.995005971,29789.995011463,400.505,400.46
1.0,25,1,29789.99503997,29789.99503997,400.365,400.365
-1.0,89,1,29789.995240334,29789.995240334,400.46,400.455
1.0,35,2,29789.995367038,29810.146267963,400.355,400.61
-1.0,257,5,29812.757424655,29821.256512963,400.61,400.395
1.0,37,1,29821.542204522,29821.542204522,400.285,400.44
-1.0,72,7,29847.961942381,29888.565875771,400.475,400.36
1.0,177,3,29894.179290496,29898.70642067,400.395,400.46
-1.0,8,3,29960.763213538,29960.763213538,400.475,400.455
1.0,148,4,29965.174038003,29973.220625778,400.425,400.495
-1.0,100,1,29975.530048629,29975.530048629,400.525,400.525
1.0,21,2,29975.601307377,29997.489977311,400.525,400.57
-1.0,2669,23,30032.306452297,30115.626599667,400.605,400.525
1.0,275,6,30119.642539725,30136.008201552,400.49,400.5
-1.0,17,2,30166.47585932,30166.47585932,400.49,400.47
1.0,4,4,30182.756644614,30205.980765218,400.47,400.47
-1.0,30,2,30273.175421467,30273.185874165,400.425,400.435
1.0,2254,46,30285.312297254,30382.920249256,400.46,400.59
-1.0,5,1,30383.051305034,30383.051305034,400.615,400.615
1.0,164,4,30400.622412512,30494.839337587,400.585,400.765
-1.0,1,1,30554.726669953,30554.726669953,400.79,400.775
1.0,1030,28,30569.610601933,30701.444732701,400.775,401.235
-1.0,50,1,30703.330842908,30703.330842908,401.225,401.225
1.0,30,1,30714.174577248,30714.174577248,401.345,401.345
-1.0,732,24,30715.997852311,30882.988957349,401.28,400.855
1.0,2,1,30882.993053954,30882.993053954,400.795,400.855
-1.0,11,3,30883.03704045,30901.152396457,400.875,400.77
1.0,255,6,30914.720805945,30977.358128608,400.815,401.155
-1.0,94,8,31017.387026075,31017.387965201,401.39,401.19
1.0,189,8,31045.986642183,31105.680639568,401.225,401.37
-1.0,9,1,31118.569632975,31118.569632975,401.34,401.34
1.0,275,8,31119.433532661,31135.97344034,401.34,401.53
-1.0,1,1,31138.309424841,31138.309424841,401.605,401.525
1.0,662,23,31189.316829461,31214.345456373,401.385,401.81
-1.0,54,1,31214.345566722,31214.345566722,401.85,401.85
1.0,182,9,31214.345663185,31214.347524581,401.69,401.77
-1.0,2,1,31214.370629938,31214.370629938,401.82,401.65
1.0,122,11,31214.424792552,31250.126029857,401.635,401.735
-1.0,40,5,31250.126069128,31264.105780995,401.78,401.66
1.0,2,1,31266.266256335,31266.266256335,401.6,401.645
-1.0,135,5,31272.536129695,31272.536169313,401.645,401.485
1.0,606,8,31272.537457267,31285.502376466,401.435,401.46
-1.0,2,1,31294.382341584,31294.382341584,401.49,401.415
1.0,50,1,31294.563092237,31294.563092237,401.415,401.48
-1.0,3,3,31301.550368465,31301.550374773,401.66,401.57
1.0,54,1,31301.550464143,31301.550464143,401.37,401.535
-1.0,11,5,31306.122592881,31325.24176926,401.66,401.4
1.0,24,1,31335.041629918,31335.041629918,401.35,401.375
-1.0,7,4,31341.302894783,31341.302894783,401.34,401.315
1.0,307,8,31341.305189227,31397.397871377,401.275,401.515
-1.0,1,1,31404.190417535,31404.190417535,401.56,401.535
1.0,241,5,31405.654416057,31487.334087005,401.53,401.59
-1.0,106,15,31491.404442271,31520.649387194,401.59,401.48
1.0,148,3,31527.247740915,31528.980923208,401.47,401.49
-1.0,865,16,31538.376944296,31610.164500962,401.625,401.61
1.0,76,3,31645.075440577,31679.209009547,401.595,401.695
-1.0,19,1,31679.984390887,31679.984390887,401.735,401.695
1.0,21,2,31683.651614443,31704.918794417,401.695,401.7
-1.0,15,2,31731.056565606,31731.056565606,401.74,401.715
1.0,30,2,31734.143278787,31734.143640346,401.715,401.74
-1.0,189,5,31761.532722607,31783.722138766,401.765,401.475
1.0,74,2,31788.473562206,31788.473924228,401.46,401.505
-1.0,100,1,31793.272941614,31793.272941614,401.575,401.505
1.0,74,1,31800.815160543,31800.815160543,401.46,401.465
-1.0,11,2,31801.365228188,31801.365228188,401.46,401.395
1.0,269,11,31805.761571572,31883.818098932,401.385,401.605
-1.0,2,2,31892.357470445,31894.155497737,401.695,401.575
1.0,18,4,31942.270231957,31956.899346889,401.475,401.475
-1.0,111,5,31961.990371797,31961.992736382,401.44,401.34
1.0,243,2,31961.99276971,31961.992950048,401.295,401.365
-1.0,6,2,31964.961315238,31964.961315238,401.4,401.36
1.0,49,2,31969.564664345,31969.564683416,401.335,401.475
-1.0,1,1,31973.87439625,31973.87439625,401.505,401.455
1.0,100,1,31993.592677061,31993.592677061,401.48,401.5
-1.0,100,2,31993.592702387,31993.592732069,401.575,401.53
1.0,30,3,31993.592749182,31997.272830751,401.455,401.575
-1.0,6,3,31998.506743645,32070.845402224,401.51,401.35
1.0,110,6,32082.169147307,32163.166797,401.315,401.545
-1.0,11,3,32171.727317243,32179.740274754,401.575,401.575
1.0,206,4,32204.128603645,32204.128685471,401.575,401.74
-1.0,98,2,32204.128760276,32204.128907884,401.805,401.775
1.0,875,21,32204.129347848,32266.846242225,401.72,401.84
-1.0,154,6,32283.794111152,32283.797638979,401.83,401.445
1.0,474,10,32283.799273536,32287.759740591,401.445,401.575
-1.0,67,2,32287.768171375,32343.131546011,401.635,401.59
1.0,26,2,32353.637412019,32353.637774137,401.555,401.595
-1.0,256,7,32356.236381671,32474.606212004,401.585,401.66
1.0,159,6,32481.467090978,32546.126926808,401.625,401.705
-1.0,10,1,32563.055453901,32563.055453901,401.765,401.715
1.0,239,18,32564.357274297,32584.784477742,401.715,401.805
-1.0,15,2,32595.629279981,32595.629811251,401.735,401.68
1.0,62,3,32624.680036362,32624.680433415,401.6,401.615
-1.0,122,25,32638.367857531,32672.240921366,401.66,401.18
1.0,124,2,32675.194216422,32675.194237493,401.14,401.175
-1.0,2,1,32679.428481664,32679.428481664,401.305,401.245
1.0,150,2,32692.469002906,32692.469002906,401.385,401.6
-1.0,6,4,32696.74900564,32696.759296025,401.51,401.125
1.0,119,4,32696.769518839,32698.461751962,401.08,401.165
-1.0,98,3,32708.573439461,32764.727266293,401.26,401.15
1.0,67,2,32768.288884733,32768.289247066,401.11,401.12
-1.0,369,3,32789.318312688,32789.322670951,401.09,401.065
1.0,29,2,32790.362479897,32795.595755727,401.035,401.065
-1.0,389,19,32805.67879043,32805.80560174,401.14,400.94
1.0,189,3,32821.143496599,32821.145010984,400.865,400.89
-1.0,144,10,32822.042794277,32870.94848451,400.885,400.85
1.0,377,10,32876.412585455,32950.096932373,400.85,401.14
-1.0,3,1,32970.301338142,32970.301338142,401.15,401.105
1.0,108,1,32970.301814268,32970.301814268,401.045,401.105
-1.0,1,1,32984.566706618,32984.566706618,401.15,401.105
1.0,16,4,32987.463932722,33006.684529224,401.105,401.155
-1.0,5,4,33045.884452528,33079.338509204,401.155,401.07
1.0,55,4,33079.379962352,33090.033341998,401.07,401.12
-1.0,1,1,33115.002702177,33115.002702177,401.135,401.12
1.0,130,5,33152.298284639,33163.973855415,401.145,401.235
-1.0,39,2,33163.973865915,33163.973889841,401.35,401.3
1.0,82,3,33180.262373215,33180.264597043,401.235,401.355
-1.0,1,1,33180.297665909,33180.297665909,401.39,401.285
1.0,1,1,33188.404771361,33188.404771361,401.305,401.355
-1.0,19,1,33191.246190383,33191.246190383,401.45,401.355
1.0,55,1,33216.128143627,33216.128143627,401.42,401.45
-1.0,100,1,33221.551668792,33221.551668792,401.475,401.45
1.0,15,1,33221.901791283,33221.901791283,401.475,401.525
-1.0,104,2,33235.619733748,33235.654774837,401.6,401.5
1.0,39,2,33235.818372001,33236.404085984,401.485,401.485
-1.0,5,1,33242.550593199,33242.550593199,401.51,401.485
1.0,25,2,33243.416069111,33254.555961325,401.485,401.565
-1.0,1,1,33273.329749711,33273.329749711,401.65,401.6
1.0,150,5,33282.068522902,33294.565149214,401.55,401.705
-1.0,696,5,33294.565687807,33324.752169412,401.765,401.7
1.0,117,6,33324.804488039,33345.921224969,401.665,401.665
-1.0,1,1,33347.683670965,33347.683670965,401.685,401.665
1.0,185,8,33355.292774335,33370.875635113,401.69,401.725
-1.0,10,5,33380.636471566,33385.721545044,401.715,401.675
1.0,60,1,33392.569366178,33392.569366178,401.64,401.695
-1.0,2,2,33411.473583394,33413.203843138,401.755,401.755
1.0,100,4,33436.630313227,33441.919185699,401.675,401.705
-1.0,52,3,33467.385688592,33467.385708392,401.66,401.65
1.0,302,12,33469.809412006,33482.58045009,401.655,401.8
-1.0,1069,7,33485.318887131,33492.032130672,401.865,401.725
1.0,440,4,33492.852282343,33494.73269105,401.715,401.725
-1.0,2,1,33495.690929352,33495.690929352,401.785,401.725
1.0,40,1,33501.090262352,33501.090262352,401.77,401.77
-1.0,8,2,33503.755115356,33506.134565913,401.77,401.74
1.0,171,5,33515.705092911,33527.759852516,401.74,401.75
-1.0,138,2,33547.151666637,33550.068607919,401.77,401.745
1.0,163,2,33552.746247858,33558.632432131,401.745,401.805
-1.0,15,2,33561.613084997,33561.613084997,401.745,401.74
1.0,15,1,33561.790257075,33561.790257075,401.725,401.725
-1.0,117,5,33578.504965376,33597.320728297,401.745,401.665
1.0,209,2,33597.763204984,33597.763204984,401.66,401.75
-1.0,100,1,33598.275017872,33598.275017872,401.77,401.735
1.0,37,2,33612.234443272,33612.234802619,401.7,401.77
-1.0,1,1,33633.287130349,33633.287130349,401.82,401.795
1.0,1,1,33657.534902589,33657.534902589,401.72,401.72
-1.0,14,2,33667.315650085,33667.315650085,401.72,401.69
1.0,127,3,33667.31629454,33667.39334063,401.685,401.695
-1.0,11,2,33687.979909803,33710.206658203,401.77,401.7
1.0,346,5,33723.296390594,33723.299074952,401.705,401.73
-1.0,43,7,33725.086017015,33728.515653864,401.725,401.54
1.0,509,13,33729.144623829,33730.327385562,401.535,401.625
-1.0,101,6,33736.667150009,33746.562875362,401.645,401.585
1.0,181,4,33748.981052494,33805.826437169,401.625,401.55
-1.0,700,17,33832.304179317,33839.046005506,401.545,401.47
1.0,83,4,33841.489518624,33844.822159818,401.47,401.495
-1.0,195,4,33845.252931476,33846.061932357,401.5,401.42
1.0,1077,29,33848.30037783,33900.03949061,401.37,401.725
-1.0,148,2,33900.039541699,33900.040242419,401.995,401.995
1.0,310,12,33900.040432323,33944.77059209,401.995,401.98
-1.0,31,1,33944.975388732,33944.975388732,402.115,402.06
1.0,169,3,33957.552824207,33958.140324294,402.02,402.105
-1.0,100,2,33960.036822478,33960.03692592,402.105,401.905
1.0,98,2,33960.233470146,33960.853041797,401.715,401.805
-1.0,1706,28,33990.029284379,34059.391595628,401.92,401.185
1.0,25,1,34059.512218583,34059.512218583,401.145,401.175
-1.0,833,12,34060.027247461,34060.049949199,401.165,401.045
1.0,409,13,34060.058467474,34073.241870943,401.035,401.945
-1.0,8,1,34078.420906395,34078.420906395,401.845,401.795
1.0,313,16,34080.41343954,34142.725800221,401.795,402.245
-1.0,52,2,34144.019491029,34148.250045529,402.245,402.21
1.0,25,1,34148.664841141,34148.664841141,402.22,402.245
-1.0,483,1,34148.664871208,34148.664871208,402.385,402.275
1.0,27,2,34149.690685209,34150.19831466,402.165,402.245
-1.0,1402,9,34150.804058641,34169.600977546,402.245,402.07
1.0,100,1,34169.970907477,34169.970907477,402.07,402.07
-1.0,336,5,34170.324662556,34175.297525825,402.07,402.04
1.0,100,1,34177.431751794,34177.431751794,402.04,402.18
-1.0,785,10,34181.048780675,34194.444218546,402.16,402.175
1.0,72,2,34195.001176607,34195.015577088,401.985,401.985
-1.0,48,1,34198.109638199,34198.109638199,401.89,401.89
1.0,2197,43,34199.847240759,34200.45576469,401.92,402.14
-1.0,5,1,34200.460019317,34200.460019317,402.155,402.155
1.0,148,5,34200.464092395,34200.472911176,402.155,402.17
-1.0,295,3,34200.479593402,34200.479627292,402.17,402.155
1.0,377,12,34200.501021957,34200.529735672,402.135,402.21
-1.0,200,2,34200.531387746,34200.531387746,402.205,402.2
1.0,143,4,34200.536718151,34200.53796914,402.22,402.22
-1.0,500,4,34200.538409578,34200.538409578,402.215,402.215
1.0,36,1,34200.538413004,34200.538413004,402.215,402.26
-1.0,613,6,34200.538585519,34200.556629078,402.26,402.235
1.0,147,1,34200.577738074,34200.577738074,402.2,402.25
-1.0,1131,19,34200.655210624,34200.656380913,402.235,402.095
1.0,25,1,34200.658728025,34200.658728025,402.095,402.1
-1.0,259,4,34200.65874425,34200.659246604,402.13,402.155
1.0,654,15,34200.681027112,34200.777421365,402.09,402.305
-1.0,55,1,34200.942219943,34200.942219943,402.295,402.295
1.0,50,7,34201.057104499,34201.232635259,402.295,402.385
-1.0,326,6,34201.304870069,34201.304870069,402.41,402.395
1.0,225,4,34201.318490482,34201.318886456,402.385,402.445
-1.0,790,16,34201.319261572,34201.330171516,402.455,402.365
1.0,25,1,34201.337421453,34201.337421453,402.335,402.34
-1.0,633,10,34201.515123998,34201.648982454,402.425,402.395
1.0,12,2,34201.652258241,34201.727513075,402.385,402.43
-1.0,13,2,34201.727587067,34201.727587067,402.455,402.43
1.0,12,5,34201.728097546,34201.732329087,402.45,402.515
-1.0,155,4,34201.732470939,34201.741045174,402.605,402.62
1.0,125,3,34201.749394395,34201.776777685,402.655,402.66
-1.0,491,12,34201.779326735,34202.200300431,402.7,402.48
1.0,123,5,34202.200583285,34202.205608761,402.48,402.505
-1.0,27,2,34202.42271295,34202.422735328,402.54,402.525
1.0,285,8,34202.428255757,34202.95604464,402.55,402.535
-1.0,80,1,34202.956067688,34202.956067688,402.535,402.535
1.0,50,1,34202.95607152,34202.95607152,402.535,402.565
-1.0,241,7,34202.956089905,34202.956309817,402.565,402.535
1.0,2,1,34203.005612791,34203.005612791,402.525,402.535
-1.0,702,11,34203.126944976,34203.281637039,402.64,402.525
1.0,223,5,34203.389449254,34203.38951,402.525,402.55
-1.0,622,10,34203.390119221,34203.494611281,402.565,402.52
1.0,3,1,34203.530768092,34203.530768092,402.505,402.505
-1.0,597,9,34203.673871242,34203.674189752,402.52,402.505
1.0,25,1,34203.674679893,34203.674679893,402.475,402.48
-1.0,300,3,34203.674750888,34203.674750888,402.505,402.49
1.0,150,4,34203.674881418,34203.676528049,402.49,402.54
-1.0,44,3,34203.676597117,34203.676623228,402.54,402.525
1.0,200,5,34204.23869802,34204.238703385,402.55,402.565
-1.0,454,8,34204.23943156,34204.241074357,402.6,402.525
1.0,26,3,34204.275148063,34204.276677717,402.53,402.56
-1.0,100,2,34204.277155183,34204.277175929,402.595,402.56
1.0,246,4,34204.379823335,34204.379823335,402.575,402.595
-1.0,100,1,34204.379881287,34204.379881287,402.655,402.61
1.0,186,2,34204.379913741,34204.381610968,402.61,402.685
-1.0,720,17,34204.381756377,34204.393110402,402.695,402.65
1.0,19,1,34204.403019259,34204.403019259,402.635,402.635
-1.0,2117,46,34204.490513271,34204.947756417,402.64,402.295
1.0,200,2,34205.005929658,34205.088750069,402.265,402.305
-1.0,741,5,34205.088776401,34205.089252495,402.385,402.295
1.0,9,1,34205.126396487,34205.126396487,402.195,402.22
-1.0,100,1,34205.126836389,34205.126836389,402.21,402.21
1.0,555,10,34205.15110802,34205.435674206,402.16,402.245
-1.0,100,1,34205.534417989,34205.534417989,402.3,402.23
1.0,471,11,34205.856983082,34205.867797287,402.255,402.58
-1.0,215,7,34206.434649337,34206.435996861,402.615,402.49
1.0,100,1,34206.436348293,34206.436348293,402.355,402.365
-1.0,100,1,34206.436543314,34206.436543314,402.51,402.4
1.0,30,3,34206.898567897,34206.899491678,402.435,402.5
-1.0,350,7,34207.23521363,34207.244268812,402.56,402.405
1.0,94,2,34207.244277525,34207.244277525,402.405,402.41
-1.0,66,1,34207.244289728,34207.244289728,402.41,402.41
1.0,165,3,34207.244386002,34207.244435788,402.42,402.44
-1.0,109,2,34207.351773441,34207.352940773,402.465,402.33
1.0,650,8,34207.529082493,34207.529083771,402.33,402.355
-1.0,78,1,34207.52913585,34207.52913585,402.425,402.385
1.0,250,6,34207.529167922,34207.529223144,402.375,402.47
-1.0,102,2,34207.529258573,34207.529277718,402.47,402.425
1.0,252,7,34207.529314978,34207.529473639,402.42,402.47
-1.0,100,3,34207.529519829,34207.529698503,402.495,402.49
1.0,225,8,34207.529698503,34207.529892568,402.455,402.5
-1.0,25,1,34207.530281136,34207.530281136,402.51,402.505
1.0,100,1,34207.530354094,34207.530354094,402.46,402.49
-1.0,125,2,34207.530969425,34207.530969425,402.49,402.48
1.0,949,15,34207.533180605,34207.534046422,402.48,402.71
-1.0,100,1,34207.534050338,34207.534050338,402.71,402.63
1.0,59,1,34207.534080445,34207.534080445,402.63,402.64
-1.0,700,9,34207.534701836,34207.536106779,402.72,402.6
1.0,400,4,34207.553768239,34207.554415341,402.67,402.745
-1.0,125,4,34207.588250895,34207.58832579,402.745,402.735
1.0,66,1,34207.63658447,34207.63658447,402.695,402.695
-1.0,2,2,34207.904534825,34207.904568638,402.735,402.73
1.0,23,1,34208.330047338,34208.330047338,402.73,402.74
-1.0,100,1,34208.534938359,34208.534938359,402.75,402.74
1.0,100,1,34208.535065604,34208.535065604,402.71,402.74
-1.0,154,3,34208.535269924,34208.535283989,402.74,402.735
1.0,100,3,34208.54212491,34208.542251189,402.73,402.745
-1.0,7,1,34208.543619536,34208.543619536,402.76,402.76
1.0,100,2,34208.552671492,34208.552697845,402.76,402.765
-1.0,7,1,34208.553042509,34208.553042509,402.78,402.765
1.0,127,5,34208.553149947,34208.553777547,402.775,402.835
-1.0,444,9,34208.619022014,34208.902681012,402.86,402.835
1.0,583,9,34209.011099337,34209.016926053,402.855,402.925
-1.0,250,4,34209.142358797,34209.142622339,402.935,402.89
1.0,5,1,34209.142803059,34209.142803059,402.88,402.89
-1.0,200,2,34209.142827891,34209.143018707,402.89,402.89
1.0,10,1,34209.216744147,34209.216744147,402.885,402.885
-1.0,25,2,34209.315477164,34209.319397363,402.91,402.9
1.0,23,1,34209.351677004,34209.351677004,402.89,402.905
-1.0,767,17,34209.942832974,34210.610418364,402.88,402.705
1.0,206,3,34210.61554334,34211.042305207,402.7,402.76
-1.0,427,8,34211.485715327,34211.870666268,402.885,402.855
1.0,123,3,34211.871024667,34211.871140355,402.805,402.83
-1.0,722,12,34211.871230728,34212.973689274,402.83,402.71
1.0,25,1,34212.974411531,34212.974411531,402.67,402.68
-1.0,118,4,34213.055624939,34213.259678386,402.745,402.71
1.0,206,7,34214.530094756,34214.647948613,402.69,402.825
-1.0,320,4,34214.798583415,34214.921190057,402.855,402.78
1.0,150,3,34214.921359346,34215.089981343,402.745,402.77
-1.0,300,4,34215.367135272,34215.564192831,402.73,402.72
1.0,268,8,34216.050026551,34217.285751273,402.695,402.805
-1.0,87,2,34217.286427209,34217.286747138,402.835,402.745
1.0,70,6,34217.286767611,34218.382335074,402.745,402.965
-1.0,78,1,34218.383125626,34218.383125626,402.98,402.965
1.0,375,24,34218.383185044,34218.38343457,402.96,402.885
-1.0,6,2,34218.387897889,34218.9814198,402.98,402.95
1.0,5,1,34219.334818992,34219.334818992,402.955,402.97
-1.0,759,25,34220.180843413,34223.195523874,402.975,402.665
1.0,100,1,34223.201374847,34223.201374847,402.665,402.67
-1.0,677,18,34224.370627395,34224.37239356,402.66,402.565
1.0,41,1,34224.377635001,34224.377635001,402.555,402.555
-1.0,777,19,34224.377767541,34225.422605117,402.62,402.255
1.0,79,1,34225.437324713,34225.437324713,402.225,402.26
-1.0,227,6,34225.446116675,34225.936048507,402.26,402.255
1.0,440,8,34226.566608734,34226.778125065,402.225,402.3
-1.0,123,3,34226.778144411,34227.833665249,402.305,402.21
1.0,17,1,34227.833767781,34227.833767781,402.165,402.21
-1.0,979,33,34227.834861974,34228.2104015,402.18,402.06
1.0,200,2,34228.210418597,34228.210440619,402.01,402.06
-1.0,104,2,34228.210527292,34228.212823064,402.065,402.025
1.0,217,3,34230.181707602,34230.181720166,402.045,402.085
-1.0,12,1,34230.181790366,34230.181790366,402.105,402.105
1.0,192,2,34230.232303922,34230.232332432,402.075,402.08
-1.0,9,5,34230.384556674,34230.385341909,402.045,401.97
1.0,25,1,34230.387112926,34230.387112926,401.965,401.97
-1.0,926,27,34230.388242427,34231.748262624,402.015,401.855
1.0,118,2,34231.748897268,34231.749476798,401.815,401.875
-1.0,4,1,34231.763959561,34231.763959561,401.945,401.88
1.0,548,5,34232.20414249,34232.204258209,401.975,402.02
-1.0,206,4,34232.204266271,34233.062604692,402.02,401.98
1.0,780,17,34233.681415377,34235.352215643,401.97,402.22
-1.0,100,1,34235.352320763,34235.352320763,402.22,402.205
1.0,236,5,34235.35258681,34235.41145239,402.2,402.265
-1.0,360,12,34235.852339005,34236.01202857,402.28,402.26
1.0,10,1,34236.045566262,34236.045566262,402.24,402.26
-1.0,3,1,34236.094425618,34236.094425618,402.265,402.26
1.0,329,9,34236.382014542,34237.430939317,402.25,402.365
-1.0,256,7,34237.528098883,34237.528743899,402.37,402.295
1.0,369,5,34238.198360987,34239.493223002,402.29,402.42
-1.0,201,7,34240.940962011,34240.941312857,402.49,402.405
1.0,95,5,34240.942403305,34241.122266869,402.235,402.335
-1.0,426,9,34241.719164751,34241.723692843,402.36,402.325
1.0,255,4,34242.520932668,34242.520993233,402.335,402.375
-1.0,132,5,34242.528924521,34243.548251919,402.445,402.405
1.0,444,10,34244.47317413,34244.473198606,402.31,402.38
-1.0,100,1,34244.473580598,34244.473580598,402.445,402.435
1.0,441,8,34244.47372632,34244.476268335,402.4,402.445
-1.0,3,1,34244.532618054,34244.532618054,402.47,402.445
1.0,101,2,34245.014699216,34245.014699216,402.495,402.51
-1.0,421,6,34245.014767955,34245.603901059,402.525,402.32
1.0,529,12,34246.172067288,34247.364102341,402.275,402.54
-1.0,156,4,34247.516304906,34247.516881441,402.59,402.525
1.0,265,7,34247.516939627,34247.881921263,402.525,402.62
-1.0,166,6,34248.78609674,34249.521374845,402.65,402.49
1.0,72,3,34250.139939384,34250.139966705,402.435,402.49
-1.0,100,1,34250.13997499,34250.13997499,402.49,402.44
1.0,26,2,34250.141228018,34250.141228018,402.435,402.45
-1.0,571,16,34250.557715823,34252.729998499,402.42,402.195
1.0,325,5,34252.867624008,34252.867684139,402.185,402.25
-1.0,268,7,34253.496944485,34254.47228028,402.19,402.075
1.0,200,1,34254.701502308,34254.701502308,402.06,402.065
-1.0,213,7,34255.842980336,34255.996543175,402.11,402.045
1.0,100,2,34256.139178891,34256.139201713,402.04,402.055
-1.0,100,2,34256.139265152,34256.142479645,402.095,402.07
1.0,520,6,34256.963049859,34256.96404255,402.09,402.155
-1.0,615,17,34257.560357226,34259.382834131,402.135,402.005
1.0,346,8,34259.828549029,34260.725628065,401.965,401.995
-1.0,6,2,34261.615874356,34261.615900604,402.03,402.02
1.0,361,4,34262.31089683,34262.39719753,401.995,402.02
-1.0,324,7,34262.418262758,34262.522022606,402.03,401.985
1.0,934,14,34262.522864663,34263.450529442,401.985,402.05
-1.0,100,1,34263.450609441,34263.450609441,402.045,402.025
1.0,700,9,34264.003226618,34264.141573816,402.015,402.07
-1.0,100,5,34264.141596486,34264.142396768,402.075,402.065
1.0,25,1,34265.461138981,34265.461138981,402.045,402.05
-1.0,39,6,34266.299924719,34266.840602036,402.06,402.025
1.0,101,3,34266.86174285,34266.903194635,402.005,402.015
-1.0,606,12,34267.55255894,34267.553397562,402.005,401.97
1.0,125,2,34267.560067975,34267.560102185,401.97,401.985
-1.0,205,1,34268.245233818,34268.245233818,402.035,402.035
1.0,1157,19,34268.568056709,34271.475590729,402.04,402.195
-1.0,130,3,34271.765178789,34271.83381072,402.285,402.265
1.0,104,5,34272.353480283,34272.451631395,402.195,402.315
-1.0,1,1,34272.731278018,34272.731278018,402.43,402.355
1.0,112,2,34272.754630714,34272.754630714,402.415,402.42
-1.0,173,8,34272.820938512,34274.741368442,402.445,402.32
1.0,800,18,34275.407233529,34277.338390362,402.33,402.565
-1.0,103,2,34277.464678676,34277.46492496,402.6,402.59
1.0,24,1,34277.465076013,34277.465076013,402.59,402.6
-1.0,2,1,34277.465119081,34277.465119081,402.62,402.6
1.0,102,4,34277.465295289,34277.465692945,402.59,402.62
-1.0,2,1,34277.4688552,34277.4688552,402.625,402.62
1.0,3,2,34278.308993953,34278.316528605,402.645,402.675
-1.0,561,10,34278.497358822,34278.856011861,402.755,402.69
1.0,1,1,34280.333027203,34280.333027203,402.715,402.72
-1.0,4,2,34280.49952839,34280.49952839,402.745,402.735
1.0,14,6,34280.524792918,34281.02491712,402.72,402.78
-1.0,100,1,34281.370026146,34281.370026146,402.81,402.8
1.0,3,1,34281.517414424,34281.517414424,402.805,402.81
-1.0,122,3,34281.517474307,34281.624026683,402.815,402.795
1.0,720,15,34281.627269847,34282.190995905,402.795,402.895
-1.0,424,6,34282.191017988,34282.3778994,402.93,402.86
1.0,116,2,34282.377921409,34282.438442845,402.83,402.865
-1.0,66,1,34282.456390853,34282.456390853,402.9,402.865
1.0,1,1,34282.686473706,34282.686473706,402.86,402.87
-1.0,65,1,34282.686494796,34282.686494796,402.905,402.87
1.0,1,1,34283.036106407,34283.036106407,402.855,402.87
-1.0,100,1,34283.251737488,34283.251737488,402.89,402.88
1.0,2,1,34283.25374436,34283.25374436,402.855,402.87
-1.0,2,1,34283.32163073,34283.32163073,402.9,402.88
1.0,117,5,34283.526197477,34283.578722174,402.89,402.905
-1.0,104,3,34284.090293416,34284.508057099,402.94,402.865
1.0,107,3,34285.25627523,34285.267890322,402.85,402.9
-1.0,86,2,34285.268667452,34285.268670164,402.96,402.925
1.0,3,1,34285.285476493,34285.285476493,402.92,402.93
-1.0,400,6,34285.736759693,34286.064273633,402.865,402.845
1.0,79,1,34286.065037581,34286.065037581,402.84,402.845
-1.0,2,1,34286.065284659,34286.065284659,402.855,402.855
1.0,78,4,34286.065301166,34286.065345314,402.855,402.87
-1.0,98,1,34286.065368208,34286.065368208,402.87,402.87
1.0,175,2,34286.065408123,34286.065784444,402.875,402.905
-1.0,202,3,34286.146553635,34286.147409506,402.94,402.915
1.0,106,3,34286.158738707,34287.432291477,402.91,402.94
-1.0,2,1,34287.693347606,34287.693347606,402.95,402.945
1.0,552,12,34289.0985637,34289.099307106,402.945,402.99
-1.0,100,2,34289.099327917,34289.099351192,402.99,402.985
1.0,2864,44,34289.09938992,34289.099591606,402.98,403.02
-1.0,167,3,34289.099607136,34289.109686156,403.02,402.98
1.0,258,10,34289.190461025,34289.62625572,402.975,403.09
-1.0,200,2,34289.626583275,34289.626599605,403.12,403.115
1.0,100,1,34289.626778193,34289.626778193,403.09,403.115
-1.0,103,2,34289.62695612,34289.629787627,403.12,403.09
1.0,132,9,34289.640056268,34289.649333464,403.08,403.18
-1.0,127,3,34289.649941341,34289.649979296,403.19,403.18
1.0,205,4,34289.657476385,34289.658196092,403.165,403.175
-1.0,101,2,34289.90715112,34289.907200043,403.205,403.185
1.0,210,5,34290.130171517,34290.130247579,403.195,403.22
-1.0,250,1,34290.294838487,34290.294838487,403.25,403.235
1.0,200,2,34290.628536621,34290.967080012,403.19,403.235
-1.0,200,3,34290.967249223,34290.96763848,403.245,403.24
1.0,100,1,34290.967693349,34290.967693349,403.22,403.24
-1.0,120,3,34290.967752174,34291.034536204,403.245,403.185
1.0,70,1,34291.12790922,34291.12790922,403.21,403.21
-1.0,933,22,34291.539412282,34295.156925862,403.195,403.04
1.0,245,9,34295.549267427,34295.549305519,403.04,403.065
-1.0,893,12,34295.549570929,34296.958500578,403.085,403.055
1.0,190,4,34297.565719837,34297.565738439,403.06,403.075
-1.0,105,2,34298.086507571,34298.408094369,403.07,403.045
1.0,896,14,34298.600571314,34298.962043719,403.06,403.21
-1.0,110,1,34298.963230848,34298.963230848,403.275,403.225
1.0,580,15,34299.399926271,34300.74331636,403.165,403.275
-1.0,57,2,34301.967156211,34302.278441661,403.29,403.28
1.0,14,3,34302.705131849,34302.705703705,403.275,403.295
-1.0,200,1,34303.068775144,34303.068775144,403.325,403.3
1.0,102,4,34303.068782923,34303.068810182,403.3,403.315
-1.0,103,3,34303.085185336,34303.249260139,403.345,403.31
1.0,394,10,34303.308161153,34304.318276458,403.32,403.405
-1.0,100,1,34304.328496684,34304.328496684,403.395,403.36
1.0,376,5,34304.339701666,34304.343903397,403.36,403.43
-1.0,227,8,34304.562558383,34304.937828756,403.435,403.305
1.0,126,2,34305.032428047,34307.121667555,403.285,403.315
-1.0,459,9,34307.95246173,34309.735352703,403.415,403.325
1.0,797,15,34311.092890241,34313.869459456,403.355,403.405
-1.0,8,1,34314.078903038,34314.078903038,403.45,403.43
1.0,3793,56,34314.53540555,34317.173728965,403.43,403.68
-1.0,205,3,34317.413405039,34317.413710948,403.685,403.675
1.0,1015,15,34317.438677361,34317.552914596,403.67,403.75
-1.0,404,6,34317.640191564,34317.679202105,403.825,403.775
1.0,809,12,34317.845128152,34319.37632009,403.765,403.89
-1.0,106,2,34319.386518867,34319.386555161,403.9,403.89
1.0,313,5,34319.451630038,34320.305017853,403.875,403.88
-1.0,130,9,34320.517805239,34320.623407818,403.905,403.88
1.0,200,3,34320.649890689,34320.866318792,403.88,403.885
-1.0,253,12,34320.866383413,34321.262368982,403.92,403.89
1.0,6,1,34321.71527085,34321.71527085,403.895,403.895
-1.0,328,5,34321.780560699,34321.780581212,403.91,403.89
1.0,571,10,34321.780619688,34322.525040411,403.875,403.935
-1.0,4,1,34322.525128428,34322.525128428,403.935,403.935
1.0,140,5,34322.525295603,34322.525686905,403.935,403.94
-1.0,100,1,34322.525745916,34322.525745916,403.94,403.94
1.0,100,1,34322.525958717,34322.525958717,403.935,403.94
-1.0,96,1,34322.531035994,34322.531035994,403.945,403.935
1.0,114,2,34322.56179609,34322.563011839,403.94,403.965
-1.0,1,1,34322.565797941,34322.565797941,403.97,403.97
1.0,6527,61,34322.66385454,34322.775935129,403.965,404.02
-1.0,242,10,34322.777228864,34322.778712645,404.02,403.96
1.0,5,1,34322.77904927,34322.77904927,403.955,403.995
-1.0,562,7,34322.779139477,34322.782157578,403.99,403.94
1.0,917,13,34323.45590721,34324.028395074,403.955,404.06
-1.0,3,1,34324.161624703,34324.161624703,404.08,404.06
1.0,657,11,34324.538399063,34324.560123586,404.06,404.095
-1.0,811,13,34325.186075127,34325.988409087,404.125,404.045
1.0,125,1,34326.092788895,34326.092788895,404.045,404.045
-1.0,100,2,34327.348087949,34327.348087949,404.05,404.035
1.0,2,1,34328.055234675,34328.055234675,404.05,404.065
-1.0,1945,32,34328.243816651,34328.602946144,404.075,403.71
1.0,401,5,34328.843271353,34328.84334743,403.71,403.775
-1.0,18,1,34329.238380067,34329.238380067,403.785,403.76
1.0,105,3,34330.383291741,34330.539353867,403.815,403.82
-1.0,164,4,34331.350703245,34331.350826143,403.84,403.815
1.0,140,2,34331.614482337,34331.614482337,403.745,403.75
-1.0,100,1,34331.614550812,34331.614550812,403.795,403.75
1.0,518,6,34331.617194143,34331.682334274,403.76,403.885
-1.0,128,3,34331.84427605,34331.849769506,403.93,403.84
1.0,906,16,34332.316907777,34332.38358205,403.865,404.01
-1.0,200,2,34332.431771991,34332.431793311,403.98,403.975
1.0,100,1,34333.094644435,34333.094644435,403.89,403.895
-1.0,100,1,34333.094701644,34333.094701644,403.96,403.91
1.0,2447,44,34333.095103765,34333.839523121,403.91,404.125
-1.0,2,1,34333.84823919,34333.84823919,404.145,404.135
1.0,1057,14,34336.16870982,34336.170199354,404.125,404.24
-1.0,1187,39,34336.216868021,34339.438583328,404.235,404.0
1.0,295,5,34340.099103098,34340.099147625,404.025,404.035
-1.0,11,1,34340.099173562,34340.099173562,404.055,404.055
1.0,215,4,34340.099627551,34340.563428794,404.045,404.085
-1.0,399,16,34341.092124513,34343.034089987,404.13,403.975
1.0,1,1,34343.034215025,34343.034215025,403.97,403.98
-1.0,88,4,34343.034218385,34343.100679508,404.005,403.95
1.0,7,1,34343.101677613,34343.101677613,403.96,403.96
-1.0,2180,42,34343.102819232,34344.509728906,403.96,403.655
1.0,474,7,34344.649880275,34344.6509573,403.655,403.68
-1.0,1000,14,34344.97421235,34344.984031316,403.68,403.635
1.0,314,7,34345.057229233,34345.058838667,403.63,403.675
-1.0,2626,44,34345.552259646,34346.215911443,403.65,403.57
1.0,906,14,34346.787497801,34346.788494194,403.57,403.64
-1.0,9,1,34346.788536695,34346.788536695,403.655,403.64
1.0,300,4,34346.922572791,34346.922648583,403.645,403.67
-1.0,525,8,34347.540229473,34348.076089618,403.7,403.665
1.0,400,6,34348.967459042,34348.967606094,403.66,403.715
-1.0,579,12,34349.088292363,34350.264544563,403.695,403.635
1.0,100,2,34350.818091697,34350.81810104,403.63,403.635
-1.0,2199,33,34351.023206189,34351.335261009,403.64,403.56
1.0,100,1,34351.458983256,34351.458983256,403.565,403.57
-1.0,100,1,34351.45950302,34351.45950302,403.595,403.58
1.0,649,7,34351.462078923,34352.040327899,403.57,403.605
-1.0,3,1,34352.203849992,34352.203849992,403.63,403.62
1.0,42,1,34352.203902149,34352.203902149,403.59,403.62
-1.0,103,3,34353.041904358,34353.604034575,403.64,403.615
1.0,271,5,34353.723707812,34353.777152354,403.57,403.715
-1.0,392,7,34353.985320305,34353.985320305,403.71,403.675
1.0,27,2,34353.986182856,34353.98622101,403.685,403.705
-1.0,52,3,34353.986261512,34353.986387093,403.72,403.72
1.0,1,1,34353.986565625,34353.986565625,403.715,403.72
-1.0,213,1,34353.986604929,34353.986604929,403.72,403.72
1.0,100,1,34353.986698199,34353.986698199,403.715,403.72
-1.0,736,5,34353.987791214,34353.987947203,403.72,403.635
1.0,2,1,34353.988102091,34353.988102091,403.635,403.635
-1.0,100,1,34353.988147176,34353.988147176,403.715,403.635
1.0,429,10,34353.988657427,34354.133519082,403.635,403.77
-1.0,242,4,34354.499045479,34354.499045479,403.79,403.77
1.0,421,6,34354.854919642,34354.855263355,403.74,403.79
-1.0,121,3,34354.858862526,34355.433655022,403.805,403.73
1.0,780,7,34356.030882163,34358.183568521,403.725,403.86
-1.0,5,1,34358.444005292,34358.444005292,403.87,403.86
1.0,580,3,34359.244473382,34359.245513194,403.855,403.955
-1.0,103,3,34359.246924154,34359.345771853,403.97,403.915
1.0,400,7,34360.039642445,34360.040413669,403.915,404.005
-1.0,105,3,34361.179894325,34361.179915453,404.015,403.985
1.0,100,1,34361.49868841,34361.49868841,403.945,403.96
-1.0,1586,16,34361.775854645,34362.839616876,403.975,403.73
1.0,37,1,34362.896787661,34362.896787661,403.755,403.755
-1.0,267,7,34363.350823511,34363.364662266,403.725,403.655
1.0,100,2,34364.310968865,34364.310983281,403.66,403.67
-1.0,778,10,34364.311447988,34364.627204486,403.69,403.625
1.0,102,2,34364.740136916,34364.740136916,403.625,403.645
-1.0,143,5,34364.740234159,34364.744531214,403.655,403.58
1.0,193,4,34364.747557978,34364.747688127,403.575,403.61
-1.0,1289,28,34364.892519921,34366.464238494,403.605,403.485
1.0,100,1,34366.464250549,34366.464250549,403.485,403.515
-1.0,321,6,34367.060015116,34367.389092383,403.51,403.48
1.0,607,4,34367.389533833,34367.484806293,403.485,403.515
-1.0,1299,20,34367.63883226,34367.886845723,403.5,403.465
1.0,467,5,34367.90858857,34368.414301354,403.465,403.505
-1.0,2,1,34368.518876673,34368.518876673,403.595,403.565
1.0,642,12,34369.023144835,34371.856407054,403.55,403.69
-1.0,689,19,34372.169433138,34374.292112877,403.7,403.585
1.0,200,2,34374.495909657,34374.49670074,403.55,403.6
-1.0,406,16,34375.786073845,34377.403997789,403.67,403.49
1.0,130,4,34377.407823734,34377.410270847,403.5,403.57
-1.0,300,3,34377.411980948,34377.412729043,403.625,403.575
1.0,200,1,34377.613577939,34377.613577939,403.61,403.635
-1.0,103,2,34378.962949558,34378.963228209,403.645,403.6
1.0,100,1,34378.963400814,34378.963400814,403.54,403.565
-1.0,28,2,34379.112901212,34379.113628397,403.635,403.605
1.0,140,2,34380.115205171,34380.115205171,403.61,403.63
-1.0,100,1,34380.115285872,34380.115285872,403.645,403.63
1.0,742,13,34380.118595981,34381.717682813,403.64,403.83
-1.0,21,2,34382.124615252,34382.710415107,403.855,403.815
1.0,10,1,34383.741795933,34383.741795933,403.865,403.88
-1.0,100,1,34383.741883252,34383.741883252,403.89,403.885
1.0,2130,36,34383.753066925,34385.221069964,403.885,404.125
-1.0,107,3,34385.298113445,34385.298865996,404.13,404.11
1.0,8,1,34385.568482845,34385.568482845,404.11,404.115
-1.0,100,1,34385.889698073,34385.889698073,404.17,404.14
1.0,124,2,34386.323428829,34386.953684484,404.16,404.19
-1.0,128,9,34387.091231861,34387.238627942,404.21,404.175
1.0,105,5,34387.828578883,34387.82922398,404.22,404.25
-1.0,100,1,34387.83087041,34387.83087041,404.26,404.25
1.0,540,10,34387.833023731,34387.849316556,404.255,404.355
-1.0,513,7,34387.852130741,34388.317612031,404.375,404.335
1.0,100,1,34388.317647208,34388.317647208,404.29,404.325
-1.0,5,1,34388.318173998,34388.318173998,404.35,404.325
1.0,652,10,34388.522001222,34388.522008393,404.345,404.36
-1.0,100,1,34388.52203532,34388.52203532,404.415,404.39
1.0,200,2,34388.527533053,34388.538328464,404.375,404.4
-1.0,120,2,34388.554882706,34388.555727243,404.4,404.39
1.0,642,8,34388.788877637,34389.035150762,404.39,404.43
-1.0,10,2,34389.502911027,34389.50332884,404.465,404.45
1.0,576,18,34389.913233,34389.933076144,404.45,404.525
-1.0,5,1,34390.14952517,34390.14952517,404.505,404.495
1.0,299,7,34390.534634346,34391.255490359,404.455,404.59
-1.0,500,4,34391.358015808,34391.358257391,404.64,404.615
1.0,45,4,34391.913105095,34391.913143506,404.615,404.625
-1.0,5,1,34391.960636142,34391.960636142,404.66,404.62
1.0,637,10,34391.960669129,34392.062276511,404.625,404.69
-1.0,103,3,34392.279060876,34392.279449192,404.695,404.66
1.0,52,3,34393.270678882,34393.270678882,404.685,404.69
-1.0,1246,24,34393.445917917,34393.499623492,404.685,404.595
1.0,100,1,34393.499689245,34393.499689245,404.595,404.6
-1.0,151,2,34393.499720504,34393.499720504,404.6,404.6
1.0,100,1,34393.499731473,34393.499731473,404.6,404.615
-1.0,129,2,34393.669823372,34393.669823372,404.63,404.62
1.0,789,15,34393.692816977,34396.432908308,404.615,404.74
-1.0,305,5,34396.432935477,34396.433256876,404.74,404.68
1.0,100,1,34396.433338464,34396.433338464,404.685,404.685
-1.0,372,16,34396.433441347,34396.790396496,404.685,404.65
1.0,117,3,34397.142403825,34397.616369753,404.61,404.635
-1.0,100,1,34397.61666549,34397.61666549,404.68,404.655
1.0,315,8,34397.752962381,34398.035820564,404.65,404.755
-1.0,100,1,34398.67282491,34398.67282491,404.765,404.735
1.0,16,4,34398.707574366,34398.910883969,404.735,404.79
-1.0,708,12,34399.32427106,34399.324824054,404.8,404.715
1.0,1,1,34399.493632611,34399.493632611,404.76,404.765
-1.0,100,1,34399.68583267,34399.68583267,404.785,404.765
1.0,100,1,34399.827275588,34399.827275588,404.75,404.76
-1.0,300,4,34399.827311426,34400.452605813,404.81,404.69
1.0,505,6,34400.538708566,34402.267803333,404.745,404.78
-1.0,3,1,34402.268108112,34402.268108112,404.825,404.8
1.0,100,1,34402.268143644,34402.268143644,404.795,404.8
-1.0,225,7,34402.268840355,34402.269532297,404.795,404.75
1.0,204,4,34402.574377515,34403.40669541,404.77,404.785
-1.0,535,14,34403.570597123,34404.273173997,404.775,404.745
1.0,1,1,34404.653537968,34404.653537968,404.75,404.76
-1.0,178,2,34404.758333457,34404.867127173,404.785,404.76
1.0,196,5,34405.136851439,34405.136871369,404.725,404.75
-1.0,30,3,34405.247629765,34405.258320896,404.74,404.685
1.0,83,3,34405.492444916,34406.100498801,404.765,404.79
-1.0,200,4,34406.188809752,34406.188856969,404.79,404.76
1.0,25,1,34406.887542445,34406.887542445,404.75,404.765
-1.0,62,6,34407.287025269,34407.453111984,404.765,404.735
1.0,128,4,34407.65328898,34407.913983982,404.73,404.77
-1.0,45,2,34407.913999522,34408.263192592,404.77,404.695
1.0,302,5,34408.296970807,34408.29738404,404.675,404.695
-1.0,222,4,34409.063970677,34409.2780613,404.755,404.74
1.0,102,3,34409.912214458,34409.914606906,404.735,404.76
-1.0,3,1,34410.264863785,34410.264863785,404.785,404.76
1.0,100,1,34411.774164891,34411.774164891,404.69,404.74
-1.0,103,4,34411.861497821,34411.861897233,404.725,404.65
1.0,100,1,34411.861904298,34411.861904298,404.65,404.67
-1.0,1299,21,34411.862223867,34411.903025247,404.65,404.55
1.0,332,5,34411.903123339,34411.90325166,404.545,404.555
-1.0,406,6,34411.903314726,34411.903357937,404.555,404.545
1.0,302,5,34411.917332998,34412.917255587,404.545,404.725
-1.0,1096,22,34412.917327583,34415.166318127,404.745,404.56
1.0,439,4,34415.925241204,34415.925292786,404.595,404.66
-1.0,3,1,34415.940359299,34415.940359299,404.67,404.64
1.0,4,1,34416.491505452,34416.491505452,404.595,404.605
-1.0,430,8,34416.491799058,34417.340222327,404.64,404.555
1.0,100,1,34417.340456612,34417.340456612,404.535,404.555
-1.0,96,1,34417.341212781,34417.341212781,404.555,404.555
1.0,710,16,34417.491780267,34418.013911223,404.555,404.68
-1.0,297,9,34419.007424804,34419.903486374,404.655,404.67
1.0,531,8,34419.903526908,34419.903561576,404.665,404.69
-1.0,2816,20,34419.903588925,34421.412526624,404.715,404.57
1.0,210,3,34422.048456784,34422.048490597,404.57,404.575
-1.0,8,1,34422.048541674,34422.048541674,404.6,404.6
1.0,100,1,34422.048858598,34422.048858598,404.605,404.63
-1.0,358,10,34422.614607261,34423.305398671,404.68,404.59
1.0,100,1,34423.305445351,34423.305445351,404.535,404.59
-1.0,428,11,34423.305450654,34423.305922392,404.595,404.61
1.0,705,12,34424.722203178,34425.49211962,404.63,404.745
-1.0,203,4,34425.492418175,34425.494013131,404.75,404.74
1.0,400,3,34425.629365885,34425.62937758,404.735,404.74
-1.0,527,9,34425.833390829,34426.534489809,404.75,404.71
1.0,100,3,34426.534815009,34426.534849563,404.695,404.71
-1.0,803,18,34426.535020319,34428.703791475,404.715,404.695
1.0,400,7,34428.966521446,34428.967630894,404.72,404.765
-1.0,200,2,34428.968467732,34428.974808746,404.775,404.73
1.0,163,2,34429.941519122,34429.941519122,404.725,404.745
-1.0,108,4,34429.958371656,34430.191622612,404.755,404.74
1.0,667,14,34431.094166792,34431.107119822,404.76,404.775
-1.0,3,1,34432.221746107,34432.221746107,404.785,404.77
1.0,293,5,34432.303125392,34432.303587552,404.77,404.795
-1.0,100,1,34432.303657184,34432.303657184,404.805,404.79
1.0,1217,17,34432.731330857,34432.776929798,404.79,404.855
-1.0,1427,14,34432.776990791,34432.966604722,404.855,404.825
1.0,719,9,34432.994437625,34433.648500076,404.81,404.865
-1.0,105,3,34433.648682697,34433.648796161,404.88,404.88
1.0,523,7,34433.648812808,34433.648835733,404.88,404.885
-1.0,95,1,34433.648853044,34433.648853044,404.895,404.895
1.0,174,2,34433.649481937,34433.649538944,404.895,404.9
-1.0,104,3,34433.652074645,34433.654111169,404.9,404.89
1.0,143,5,34434.891126116,34434.96999173,404.85,404.915
-1.0,679,9,34434.970788817,34435.010527413,404.915,404.885
1.0,886,13,34435.27045431,34435.804266026,404.87,404.98
-1.0,930,14,34435.813950718,34436.058909197,404.98,404.92
1.0,23,2,34436.222683766,34436.223157793,404.925,404.95
-1.0,100,1,34436.257575646,34436.257575646,404.955,404.95
1.0,205,2,34436.538460805,34436.90149254,404.96,404.965
-1.0,20,1,34437.011930873,34437.011930873,404.965,404.965
1.0,10814,133,34437.510709287,34438.036680816,404.97,404.995
-1.0,100,1,34438.036850945,34438.036850945,405.0,404.995
1.0,1339,12,34438.036872737,34438.039193183,404.985,405.05
-1.0,503,7,34438.041061943,34438.042357037,405.06,405.025
1.0,125,2,34438.052956992,34438.052956992,405.035,405.055
-1.0,9,1,34438.061569172,34438.061569172,405.095,405.08
1.0,115,3,34438.339624804,34438.412118244,405.05,405.07
-1.0,1,1,34438.614858271,34438.614858271,405.075,405.06
1.0,93,1,34438.614894519,34438.614894519,405.055,405.055
-1.0,318,13,34438.675560223,34439.741258749,405.05,404.99
1.0,103,3,34439.741724191,34439.849837712,404.985,404.99
-1.0,933,12,34440.037913024,34440.205452271,404.99,404.93
1.0,92,2,34440.205712859,34440.205733016,404.935,404.935
-1.0,2001,26,34440.370103571,34440.916222287,404.965,404.875
1.0,355,6,34441.048890674,34441.619519331,404.855,404.88
-1.0,480,18,34443.12236544,34443.19565192,404.91,404.685
1.0,100,1,34443.51538062,34443.51538062,404.71,404.715
-1.0,602,18,34443.825534101,34445.286712087,404.72,404.55
1.0,325,6,34445.291517519,34445.291558344,404.545,404.55
-1.0,170,4,34445.426005044,34445.426028744,404.535,404.53
1.0,492,8,34445.669211876,34445.840921102,404.515,404.56
-1.0,103,2,34446.034841155,34446.034841155,404.565,404.545
1.0,747,9,34446.511198869,34447.631034509,404.555,404.625
-1.0,216,6,34447.989207824,34447.989394607,404.6,404.565
1.0,130,3,34448.026706571,34448.026954174,404.58,404.595
-1.0,8,2,34448.597343633,34448.741257148,404.63,404.615
1.0,209,3,34448.741751584,34448.742560235,404.62,404.675
-1.0,1468,32,34448.889591013,34450.830872164,404.68,404.51
1.0,100,1,34450.831035104,34450.831035104,404.495,404.505
-1.0,195,2,34450.831310416,34450.835414604,404.515,404.525
1.0,517,3,34451.124313946,34451.715682496,404.525,404.55
-1.0,100,4,34452.541559257,34452.541588548,404.545,404.54
1.0,764,10,34453.675186479,34453.7906499,404.545,404.62
-1.0,9,1,34453.790706137,34453.790706137,404.64,404.62
1.0,303,6,34453.790722443,34453.945809342,404.62,404.69
-1.0,18,1,34454.197003957,34454.197003957,404.7,404.675
1.0,1096,10,34454.58065586,34454.589672019,404.67,404.76
-1.0,5,1,34454.755027181,34454.755027181,404.78,404.77
1.0,56,1,34455.789791486,34455.789791486,404.775,404.775
-1.0,3,1,34455.897287989,34455.897287989,404.77,404.76
1.0,991,27,34456.061799639,34456.434377777,404.76,404.955
-1.0,1031,32,34456.88790298,34462.431366369,404.98,404.68
1.0,2,1,34462.583772842,34462.583772842,404.665,404.685
-1.0,144,4,34462.730697701,34462.73551571,404.715,404.66
1.0,340,12,34463.711191328,34463.832312463,404.685,404.72
-1.0,178,3,34463.937229027,34463.937229027,404.73,404.715
1.0,100,1,34463.937286678,34463.937286678,404.68,404.7
-1.0,235,2,34464.278111472,34464.497439464,404.695,404.65
1.0,59,1,34464.498336334,34464.498336334,404.605,404.605
-1.0,300,4,34464.506799824,34464.506844186,404.64,404.61
1.0,10,1,34465.167913498,34465.167913498,404.605,404.605
-1.0,245,6,34465.522001003,34465.67017411,404.6,404.565
1.0,140,4,34465.784620028,34465.78486983,404.56,404.565
-1.0,211,6,34466.07109461,34466.07138894,404.56,404.525
1.0,100,1,34466.071603288,34466.071603288,404.52,404.525
-1.0,1261,20,34467.165842974,34467.167097057,404.535,404.5
1.0,19,1,34467.167358629,34467.167358629,404.5,404.5
-1.0,111,3,34467.167361766,34467.168276304,404.5,404.49
1.0,255,2,34467.703563636,34467.703563636,404.515,404.52
-1.0,200,2,34467.703593222,34467.703593222,404.55,404.53
1.0,700,9,34467.703644423,34467.703779316,404.535,404.555
-1.0,100,1,34467.704216518,34467.704216518,404.55,404.54
1.0,863,17,34467.704324713,34468.928985411,404.525,404.52
-1.0,5,2,34469.298717908,34469.302982738,404.53,404.52
1.0,1335,21,34469.411476398,34470.232439482,404.525,404.56
-1.0,954,14,34470.678141869,34471.26483201,404.56,404.515
1.0,100,1,34471.264900984,34471.264900984,404.475,404.505
-1.0,440,7,34471.264990978,34471.360617275,404.51,404.485
1.0,241,4,34472.071541349,34472.071541349,404.49,404.515
-1.0,663,12,34473.500363916,34474.656268851,404.53,404.46
1.0,605,8,34474.656314973,34475.514396589,404.445,404.54
-1.0,100,3,34475.514425691,34475.57891712,404.54,404.52
1.0,2028,25,34475.579140433,34476.754641093,404.49,404.655
-1.0,100,1,34476.768917622,34476.768917622,404.635,404.605
1.0,800,10,34476.76896432,34476.770050986,404.6,404.655
-1.0,162,4,34477.838654712,34477.838727156,404.655,404.595
1.0,100,3,34477.838945768,34477.838947893,404.585,404.61
-1.0,27,3,34478.163219598,34478.468805793,404.59,404.56
1.0,382,6,34478.468933024,34478.469035367,404.595,404.63
-1.0,4,1,34478.469451986,34478.469451986,404.685,404.67
1.0,1381,14,34478.469644289,34478.496656285,404.66,404.72
-1.0,200,4,34478.669618249,34478.669624468,404.76,404.75
1.0,75,1,34478.66971884,34478.66971884,404.715,404.715
-1.0,325,8,34478.886409466,34480.488106646,404.765,404.66
1.0,303,8,34480.508428736,34481.049117383,404.64,404.835
-1.0,6,2,34481.13660254,34482.041034434,404.835,404.83
1.0,221,3,34482.070603913,34482.070755186,404.83,404.845
-1.0,269,9,34482.071739294,34482.27324672,404.84,404.775
1.0,1471,13,34482.33659926,34482.860525496,404.755,404.88
-1.0,96,2,34482.86092129,34482.861032966,404.925,404.895
1.0,484,4,34482.861245366,34482.865580132,404.885,404.9
-1.0,78,4,34482.88381742,34483.779489743,404.9,404.85
1.0,43,2,34483.781852906,34484.366058013,404.825,404.855
-1.0,166,6,34484.518408178,34485.508892447,404.865,404.8
1.0,100,1,34485.510880795,34485.510880795,404.805,404.81
-1.0,398,15,34485.511210894,34486.364564634,404.81,404.715
1.0,192,4,34486.628926547,34486.962538232,404.7,404.73
-1.0,106,2,34486.962669755,34486.963025075,404.77,404.745
1.0,100,1,34487.061236286,34487.061236286,404.745,404.76
-1.0,3,1,34487.381445359,34487.381445359,404.77,404.76
1.0,5476,27,34488.357611937,34490.164763329,404.76,404.955
-1.0,10,1,34491.074365995,34491.074365995,404.97,404.96
1.0,2088,30,34491.109637871,34491.11601692,404.975,405.055
-1.0,112,2,34491.189513049,34491.247151205,405.075,405.075
1.0,136,4,34491.303924241,34491.304601831,405.085,405.15
-1.0,1307,23,34491.30700164,34492.241978602,405.17,405.065
1.0,43,1,34492.252736108,34492.252736108,405.045,405.045
-1.0,330,10,34493.41724766,34494.553609592,405.1,404.995
1.0,541,12,34495.784867237,34497.429984312,405.025,405.2
-1.0,100,1,34497.430610112,34497.430610112,405.215,405.21
1.0,5,1,34497.43084835,34497.43084835,405.21,405.22
-1.0,27,2,34497.432058561,34497.434043877,405.225,405.22
1.0,64,6,34497.469414992,34497.470749613,405.215,405.26
-1.0,9,2,34497.472638548,34497.552461714,405.265,405.235
1.0,157,4,34498.13453454,34498.134926725,405.23,405.255
-1.0,118,8,34498.195673483,34499.984577586,405.26,405.24
1.0,242,5,34500.020096874,34500.020966594,405.25,405.28
-1.0,212,6,34500.022736292,34500.337011234,405.285,405.265
1.0,557,7,34500.389218638,34500.689240967,405.25,405.315
-1.0,410,9,34500.695648148,34501.184717432,405.305,405.265
1.0,2408,43,34501.316044295,34501.317151729,405.23,405.4
-1.0,4,1,34501.317239994,34501.317239994,405.415,405.37
1.0,865,13,34501.319674088,34501.323305195,405.395,405.45
-1.0,300,4,34501.32375152,34501.32393214,405.485,405.44
1.0,45,1,34501.324056037,34501.324056037,405.45,405.45
-1.0,100,1,34501.324096713,34501.324096713,405.45,405.44
1.0,316,6,34501.327321045,34501.340647488,405.42,405.475
-1.0,295,5,34501.340760477,34501.357100716,405.485,405.375
1.0,635,7,34501.357273213,34502.338892229,405.375,405.405
-1.0,103,2,34502.469069167,34502.482796203,405.45,405.425
1.0,100,1,34502.482853262,34502.482853262,405.375,405.4
-1.0,575,12,34502.762414866,34502.943287098,405.4,405.325
1.0,111,2,34503.391338047,34503.391338047,405.32,405.32
-1.0,452,11,34503.982850633,34505.49029358,405.33,405.15
1.0,400,4,34505.490369722,34505.490674157,405.155,405.165
-1.0,100,1,34505.490860226,34505.490860226,405.205,405.19
1.0,100,1,34505.491315674,34505.491315674,405.16,405.165
-1.0,49,1,34506.509451071,34506.509451071,405.17,405.17
1.0,382,9,34506.726719811,34506.727215196,405.165,405.215
-1.0,42,3,34507.474943014,34507.475410783,405.24,405.215
1.0,5,1,34507.516729398,34507.516729398,405.17,405.205
-1.0,778,17,34507.516750904,34509.767517575,405.24,404.975
1.0,3290,42,34509.767766682,34516.319593563,404.965,405.505
-1.0,25,1,34516.319641127,34516.319641127,405.505,405.505
1.0,400,3,34516.319671557,34516.319671557,405.505,405.51
-1.0,893,15,34516.320155341,34516.455050454,405.515,405.48
1.0,102,3,34516.45507623,34516.627438491,405.44,405.475
-1.0,268,3,34516.833444453,34517.536579161,405.51,405.48
1.0,175,2,34518.007519488,34518.007519488,405.5,405.505
-1.0,1779,26,34518.007581456,34519.035035994,405.52,405.44
1.0,169,3,34519.172293925,34519.315697302,405.45,405.465
-1.0,3057,46,34520.038876701,34520.845077999,405.445,405.4
1.0,340,4,34520.845105972,34520.845105972,405.4,405.425
-1.0,401,10,34520.845135688,34521.363002215,405.44,405.42
1.0,28,2,34521.444039113,34521.445323347,405.39,405.42
-1.0,112,2,34521.81057948,34521.81307185,405.43,405.425
1.0,72,1,34521.814852533,34521.814852533,405.38,405.41
-1.0,6854,38,34521.815117074,34522.39113857,405.415,405.285
1.0,300,3,34522.731230239,34522.731237897,405.275,405.285
-1.0,100,1,34522.731530482,34522.731530482,405.33,405.32
1.0,300,5,34523.010006551,34523.010674249,405.325,405.355
-1.0,87,3,34523.107469019,34523.107469019,405.385,405.385
1.0,398,8,34524.454856342,34524.907993865,405.385,405.55
-1.0,607,5,34525.122822073,34525.45954653,405.545,405.485
1.0,101,3,34525.65475751,34525.656361511,405.42,405.47
-1.0,191,5,34526.632169807,34528.354359853,405.365,405.32
1.0,553,9,34529.310201975,34532.850814374,405.31,405.335
-1.0,904,24,34533.177975801,34533.178865842,405.33,405.265
1.0,567,8,34533.180085805,34533.755765924,405.26,405.33
-1.0,100,2,34533.760594917,34533.760620544,405.325,405.32
1.0,257,5,34534.654673966,34534.667830476,405.305,405.34
-1.0,108,2,34534.931596059,34535.020242356,405.375,405.35
1.0,100,1,34535.020310363,34535.020310363,405.325,405.35
-1.0,26,1,34535.032239717,34535.032239717,405.365,405.35
1.0,130,2,34536.417366316,34536.417419456,405.345,405.39
-1.0,75,2,34536.417532675,34536.417884678,405.395,405.4
1.0,160,4,34536.47171903,34536.471789274,405.405,405.435
-1.0,100,1,34536.47217409,34536.47217409,405.435,405.41
1.0,401,3,34536.472320293,34536.475274076,405.39,405.43
-1.0,100,1,34536.475348654,34536.475348654,405.465,405.445
1.0,356,7,34536.475353287,34536.480015828,405.445,405.505
-1.0,30,1,34536.480128817,34536.480128817,405.51,405.51
1.0,100,1,34536.480153491,34536.480153491,405.51,405.53
-1.0,170,2,34536.480186752,34536.480186752,405.53,405.51
1.0,1,1,34536.483755618,34536.483755618,405.495,405.52
-1.0,49,2,34536.648552874,34536.648552874,405.545,405.54
1.0,403,12,34536.889237661,34537.059393629,405.545,405.635
-1.0,190,6,34537.128677969,34538.658273132,405.64,405.565
1.0,50,3,34538.747196407,34538.747238899,405.515,405.535
-1.0,200,4,34539.868798403,34539.868818286,405.54,405.52
1.0,100,1,34539.868924939,34539.868924939,405.49,405.49
-1.0,221,8,34540.237089366,34541.024204947,405.495,405.435
1.0,209,6,34542.208199448,34542.208416159,405.445,405.48
-1.0,100,1,34542.208448044,34542.208448044,405.485,405.48
1.0,1,1,34542.977237464,34542.977237464,405.465,405.475
-1.0,100,2,34543.308563347,34543.308599955,405.5,405.475
1.0,1238,12,34543.400856078,34543.410115309,405.48,405.65
-1.0,250,3,34543.824103049,34543.824115461,405.62,405.605
1.0,168,2,34544.884145744,34544.884165537,405.56,405.585
-1.0,115,3,34544.884431788,34545.025487459,405.62,405.63
1.0,106,4,34545.131176004,34545.131461124,405.63,405.68
-1.0,437,8,34545.132628083,34545.994657772,405.685,405.645
1.0,726,18,34545.994816607,34547.19737703,405.595,405.8
-1.0,45,1,34547.203532842,34547.203532842,405.795,405.795
1.0,113,4,34547.783279139,34547.841580042,405.78,405.82
-1.0,983,28,34547.841727371,34548.667758644,405.86,405.725
1.0,99,2,34549.224488456,34549.578240235,405.74,405.75
-1.0,2120,28,34549.712493335,34551.364140375,405.73,405.595
1.0,100,1,34551.736068701,34551.736068701,405.595,405.605
-1.0,100,1,34551.736143016,34551.736143016,405.635,405.62
1.0,149,6,34551.763429366,34551.827391218,405.625,405.71
-1.0,1234,21,34552.692530029,34554.726447829,405.74,405.635
1.0,140,3,34554.728143524,34554.728168198,405.625,405.635
-1.0,415,12,34554.835261977,34554.913214743,405.645,405.585
1.0,550,8,34554.975360509,34554.975404595,405.595,405.61
-1.0,100,1,34554.975478032,34554.975478032,405.64,405.62
1.0,1754,46,34554.975488095,34557.327784753,405.62,405.955
-1.0,332,2,34557.352790657,34557.352885556,405.965,405.955
1.0,2471,70,34558.043739312,34558.175630077,405.94,406.03
-1.0,29,1,34558.175648788,34558.175648788,406.055,406.03
1.0,2,1,34558.300314521,34558.300314521,406.02,406.03
-1.0,25,1,34558.6305618,34558.6305618,406.04,406.04
1.0,165,3,34558.656641072,34558.870164647,406.03,406.07
-1.0,225,1,34558.920526644,34558.920526644,406.08,406.08
1.0,201,3,34558.978468033,34558.978499279,406.08,406.105
-1.0,904,12,34559.48456413,34559.486941028,406.1,406.04
1.0,55,2,34559.547343364,34560.029328201,405.99,406.02
-1.0,540,11,34561.587640932,34561.591571749,406.035,406.005
1.0,16,1,34561.591612158,34561.591612158,406.005,406.03
-1.0,690,7,34561.591618758,34561.989969279,406.03,405.97
1.0,56,2,34561.99171134,34561.991741295,405.965,405.97
-1.0,400,4,34562.094645186,34562.094738958,405.995,405.95
1.0,100,1,34562.094812907,34562.094812907,405.955,405.955
-1.0,874,13,34562.094939434,34564.214228934,405.955,405.85
1.0,600,6,34564.575402195,34564.593594527,405.88,406.0
-1.0,500,2,34565.089340646,34565.089472606,405.96,405.945
1.0,532,9,34565.089574083,34565.539727955,405.905,406.03
-1.0,1262,21,34565.681572229,34565.897601506,406.06,405.95
1.0,365,4,34567.251868224,34567.345120923,405.945,406.065
-1.0,511,5,34567.935916528,34567.936689204,406.09,406.025
1.0,300,4,34567.93759345,34567.937662064,406.02,406.03
-1.0,280,3,34568.21329633,34568.217490413,406.07,406.035
1.0,1036,13,34568.638274495,34570.824767469,406.03,406.14
-1.0,89,1,34570.824832838,34570.824832838,406.175,406.175
1.0,164,7,34570.825918514,34570.826596024,406.17,406.225
-1.0,7,1,34570.827122847,34570.827122847,406.225,406.205
1.0,27,2,34570.84152114,34570.846588393,406.18,406.215
-1.0,173,5,34570.953580076,34570.954004268,406.22,406.185
1.0,60,2,34571.037753239,34571.037778888,406.195,406.21
-1.0,118,3,34571.260246326,34571.261097034,406.21,406.21
1.0,226,9,34572.119792073,34572.387599434,406.215,406.24
-1.0,200,2,34572.387709079,34572.387874395,406.265,406.245
1.0,3,2,34572.775383211,34572.984613024,406.245,406.25
-1.0,19,4,34573.23021328,34573.261574818,406.24,406.24
1.0,113,4,34573.287491572,34573.287491572,406.24,406.255
-1.0,4,1,34573.439794126,34573.439794126,406.245,406.245
1.0,1,1,34573.647499307,34573.647499307,406.235,406.245
-1.0,1810,16,34574.425411255,34575.256679169,406.255,406.155
1.0,331,8,34577.826476734,34577.826492186,406.155,406.175
-1.0,153,4,34577.827135198,34578.450591819,406.185,406.17
1.0,101,2,34578.855582773,34578.855582773,406.185,406.2
-1.0,6286,122,34578.855826559,34587.972577007,406.215,405.43
1.0,101,3,34588.189924484,34588.189924484,405.43,405.445
-1.0,40,1,34588.189972957,34588.189972957,405.46,405.46
1.0,412,6,34588.189990659,34588.190818016,405.46,405.495
-1.0,231,5,34588.932713604,34588.932775857,405.465,405.405
1.0,100,1,34588.932846753,34588.932846753,405.405,405.445
-1.0,184,4,34588.933136775,34588.962073127,405.445,405.43
1.0,333,5,34590.223556667,34590.223583439,405.43,405.445
-1.0,100,1,34590.223703059,34590.223703059,405.48,405.455
1.0,1554,20,34590.793260607,34591.007703362,405.51,405.665
-1.0,5,1,34592.396044655,34592.396044655,405.63,405.605
1.0,646,11,34592.396191429,34592.566747192,405.6,405.635
-1.0,500,6,34593.184812793,34593.187229702,405.635,405.595
1.0,2394,31,34593.794531509,34595.409501804,405.615,406.035
-1.0,887,19,34595.476225809,34596.483968829,406.07,405.97
1.0,145,4,34597.296702436,34598.112747172,405.96,405.97
-1.0,723,12,34598.679356818,34598.680048592,405.97,405.925
1.0,3,2,34599.147957387,34599.1643755,405.935,405.97
-1.0,100,1,34599.968923512,34599.968923512,405.945,405.94
1.0,758,9,34600.352449707,34601.072790436,405.935,406.005
-1.0,1008,19,34601.558917609,34602.10985916,405.96,405.915
1.0,100,2,34602.630058516,34602.630080165,405.9,405.915
-1.0,713,14,34603.001342968,34604.130371525,405.92,405.72
1.0,240,5,34605.316937137,34605.316961135,405.64,405.665
-1.0,1081,13,34606.629919791,34607.641725856,405.69,405.49
1.0,440,6,34608.522438859,34608.522518675,405.535,405.58
-1.0,100,1,34608.522543209,34608.522543209,405.58,405.58
1.0,150,2,34608.52293883,34608.522954105,405.575,405.615
-1.0,200,2,34608.527704148,34608.527704148,405.615,405.61
1.0,723,14,34611.492832665,34612.031053433,405.6,405.7
-1.0,200,3,34613.035299438,34613.035441362,405.66,405.625
1.0,26,1,34613.036713218,34613.036713218,405.61,405.61
-1.0,100,2,34614.678256953,34614.678294617,405.625,405.61
1.0,261,5,34614.679377239,34615.601800036,405.585,405.64
-1.0,1104,15,34615.709386152,34615.709960379,405.62,405.535
1.0,166,2,34615.710054943,34615.710054943,405.515,405.54
-1.0,94,2,34615.710059551,34615.710091607,405.54,405.53
1.0,14,1,34615.710188613,34615.710188613,405.525,405.525
-1.0,450,10,34615.710459314,34615.871840184,405.525,405.53
1.0,8,1,34616.437856836,34616.437856836,405.525,405.54
-1.0,24,2,34617.066185808,34617.501554008,405.565,405.535
1.0,502,7,34617.758906342,34617.761203219,405.525,405.61
-1.0,1609,39,34617.761868159,34618.877286023,405.645,405.275
1.0,891,15,34619.051600186,34620.101911683,405.275,405.36
-1.0,100,1,34620.102109307,34620.102109307,405.36,405.36
1.0,200,2,34620.109927682,34620.205021812,405.37,405.41
-1.0,90,1,34620.930596913,34620.930596913,405.515,405.465
1.0,731,10,34621.517048589,34623.430150549,405.49,405.59
-1.0,564,8,34623.757849249,34623.7578505,405.645,405.63
1.0,50,1,34623.757885696,34623.757885696,405.56,405.585
-1.0,839,13,34623.757919434,34623.758040826,405.585,405.525
1.0,273,6,34623.778570728,34624.998870096,405.54,405.655
-1.0,683,13,34626.452021397,34628.875515406,405.685,405.505
1.0,340,5,34629.014284125,34629.01432908,405.47,405.485
-1.0,6,1,34629.316833879,34629.316833879,405.58,405.525
1.0,221,4,34629.663308992,34629.728670579,405.5,405.575
-1.0,100,1,34629.728672872,34629.728672872,405.575,405.525
1.0,100,1,34629.72892534,34629.72892534,405.565,405.58
-1.0,28,1,34630.657018526,34630.657018526,405.545,405.53
1.0,300,2,34630.657023413,34630.657085362,405.53,405.55
-1.0,103,3,34631.156743388,34631.156768807,405.55,405.53
1.0,240,4,34631.968649159,34631.968649159,405.495,405.505
-1.0,11,2,34632.109508421,34634.405568297,405.52,405.465
1.0,1889,27,34635.813465951,34636.161231332,405.485,405.71
-1.0,651,13,34636.698927194,34638.165669735,405.7,405.53
1.0,405,7,34638.877535408,34638.878353486,405.53,405.565
-1.0,382,6,34640.509631431,34641.527481178,405.625,405.535
1.0,100,1,34641.527697001,34641.527697001,405.53,405.535
-1.0,2,1,34641.527774853,34641.527774853,405.555,405.535
1.0,252,4,34641.527984405,34641.528418052,405.535,405.6
-1.0,389,9,34641.533394225,34643.365710403,405.615,405.58
1.0,704,9,34643.497094945,34643.621764538,405.58,405.665
-1.0,1114,18,34644.019770176,34646.131520761,405.675,405.575
1.0,100,1,34646.172839337,34646.172839337,405.565,405.58
-1.0,668,21,34646.480289594,34648.961286069,405.64,405.49
1.0,194,3,34649.281698952,34649.281725752,405.495,405.51
-1.0,587,3,34649.392019433,34651.573018623,405.535,405.525
1.0,1214,13,34652.627263492,34653.448280921,405.515,405.74
-1.0,103,2,34653.448602363,34653.448609944,405.745,405.715
1.0,200,1,34653.448674307,34653.448674307,405.695,405.71
-1.0,200,3,34654.102224936,34654.10418439,405.645,405.535
1.0,342,7,34654.33387703,34654.334405703,405.51,405.535
-1.0,54,2,34657.029071754,34657.029071754,405.71,405.685
1.0,264,3,34658.010161129,34658.010186251,405.685,405.705
-1.0,500,5,34661.111831525,34661.111918677,405.715,405.66
1.0,150,3,34661.11196361,34661.112013905,405.66,405.66
-1.0,230,3,34661.575536843,34661.575536843,405.66,405.65
1.0,100,1,34661.575861363,34661.575861363,405.625,405.635
-1.0,101,3,34661.849625304,34662.079097336,405.665,405.675
1.0,288,7,34664.217170695,34664.258316118,405.655,405.74
-1.0,100,1,34664.456804522,34664.456804522,405.75,405.72
1.0,200,3,34664.456909043,34664.456934909,405.69,405.71
-1.0,1127,26,34664.820098002,34669.154275806,405.69,405.47
1.0,140,3,34669.193654851,34669.193661531,405.47,405.48
-1.0,2698,56,34670.11842952,34671.203790978,405.495,405.41
1.0,460,9,34671.610152368,34671.610297571,405.41,405.45
-1.0,100,1,34672.705869222,34672.705869222,405.485,405.465
1.0,14,2,34672.705934638,34672.70597024,405.43,405.43
-1.0,140,4,34673.400804976,34674.53762668,405.44,405.425
1.0,958,13,34674.662534797,34675.300427502,405.41,405.535
-1.0,915,9,34675.968666993,34676.516469937,405.535,405.375
1.0,100,1,34676.516522565,34676.516522565,405.375,405.375
-1.0,5,1,34676.516534273,34676.516534273,405.375,405.36
1.0,25,1,34676.516692242,34676.516692242,405.365,405.365
-1.0,6,1,34676.517053309,34676.517053309,405.38,405.365
1.0,364,5,34676.535163032,34677.421958666,405.36,405.41
-1.0,624,17,34678.487962654,34679.179564542,405.395,405.335
1.0,110,2,34679.179667419,34679.179667419,405.335,405.345
-1.0,329,8,34679.179722188,34680.551220723,405.365,405.38
1.0,581,13,34681.015644573,34681.350215895,405.38,405.53
-1.0,1002,13,34682.016967864,34682.518949022,405.535,405.425
1.0,1,1,34682.519281408,34682.519281408,405.42,405.42
-1.0,522,14,34682.563636132,34683.438902439,405.425,405.36
1.0,200,3,34684.512363312,34684.512363312,405.345,405.35
-1.0,267,6,34684.839394654,34685.106893133,405.355,405.32
1.0,510,10,34685.107267548,34686.799306258,405.305,405.44
-1.0,200,2,34687.155088948,34687.155484963,405.455,405.455
1.0,283,6,34687.429923095,34687.458965564,405.455,405.555
-1.0,100,1,34688.292825527,34688.292825527,405.555,405.55
1.0,7,1,34688.29288559,34688.29288559,405.52,405.52
-1.0,100,4,34688.293568225,34688.293593483,405.535,405.51
1.0,202,6,34688.96960065,34689.509397856,405.56,405.645
-1.0,15,1,34689.511232242,34689.511232242,405.68,405.67
1.0,729,12,34689.930255255,34692.238194556,405.655,405.84
-1.0,148,1,34692.447692721,34692.447692721,405.845,405.845
1.0,2546,36,34692.448034019,34692.890477802,405.825,405.975
-1.0,6,1,34692.890711426,34692.890711426,405.99,405.99
1.0,504,6,34692.891009522,34692.89113994,405.99,406.005
-1.0,20,1,34692.891190995,34692.891190995,406.01,406.01
1.0,27,1,34692.891638453,34692.891638453,406.01,406.03
-1.0,100,1,34692.893865899,34692.893865899,406.045,406.045
1.0,344,6,34692.894281419,34693.273262132,405.995,406.03
-1.0,400,3,34693.447706514,34693.447783075,406.03,406.02
1.0,317,5,34693.447816459,34693.934150025,405.985,406.03
-1.0,100,1,34693.934197626,34693.934197626,406.075,406.03
1.0,271,5,34693.935340445,34694.325099592,406.03,406.11
-1.0,100,1,34694.325299764,34694.325299764,406.13,406.115
1.0,226,9,34694.447978141,34694.740926497,406.075,406.18
-1.0,600,7,34694.744463517,34695.102359045,406.18,406.155
1.0,5,1,34695.447995624,34695.447995624,406.145,406.155
-1.0,200,2,34695.618932511,34695.618932511,406.16,406.145
1.0,1,1,34695.618960365,34695.618960365,406.115,406.115
-1.0,200,2,34695.744472773,34695.744558243,406.15,406.105
1.0,100,1,34695.744587382,34695.744587382,406.105,406.115
-1.0,700,10,34695.744751948,34695.952642433,406.12,406.075
1.0,10,1,34696.335964453,34696.335964453,405.995,406.0
-1.0,570,13,34696.919759932,34697.593879065,406.005,405.86
1.0,240,4,34699.473263958,34699.473271923,405.895,405.905
-1.0,100,1,34699.473562985,34699.473562985,405.93,405.91
1.0,200,2,34699.473877263,34699.49569773,405.91,405.91
-1.0,100,1,34699.524850823,34699.524850823,405.91,405.885
1.0,328,6,34699.566214392,34700.17327786,405.885,405.895
-1.0,737,14,34700.893920864,34702.003066394,405.915,405.84
1.0,21,2,34702.417142226,34702.417160477,405.8,405.83
-1.0,2,1,34703.118380312,34703.118380312,405.935,405.925
1.0,108,4,34703.118407682,34703.11842765,405.925,405.95
-1.0,300,4,34703.118484836,34703.118612207,405.95,405.935
1.0,2,1,34703.135436731,34703.135436731,405.88,405.91
-1.0,198,2,34703.781952025,34704.955206915,405.92,405.91
1.0,5,1,34704.961075419,34704.961075419,405.895,405.91
-1.0,3,1,34704.967964845,34704.967964845,405.93,405.915
1.0,919,6,34704.988088987,34705.012182707,405.915,405.98
-1.0,100,1,34705.012309526,34705.012309526,405.985,405.975
1.0,66,6,34705.012696254,34705.18407931,405.975,406.02
-1.0,200,2,34706.009517324,34706.009538942,406.025,406.01
1.0,2,1,34706.458352109,34706.458352109,405.945,405.945
-1.0,748,15,34706.872115668,34708.720676733,405.955,405.73
1.0,149,5,34711.337291753,34711.337320797,405.655,405.67
-1.0,428,7,34711.337403231,34714.792360323,405.7,405.605
1.0,353,7,34715.025347379,34715.315503816,405.585,405.655
-1.0,1,1,34717.855536947,34717.855536947,405.67,405.64
1.0,679,12,34718.489322252,34718.489921531,405.64,405.715
-1.0,4,1,34718.489968698,34718.489968698,405.765,405.725
1.0,306,5,34718.508246665,34720.574770795,405.745,405.805
-1.0,100,2,34720.970590283,34720.970621663,405.82,405.81
1.0,1,1,34720.983268584,34720.983268584,405.77,405.79
-1.0,4,1,34720.983327958,34720.983327958,405.81,405.79
1.0,53,1,34721.873627891,34721.873627891,405.775,405.81
-1.0,505,8,34721.873648562,34721.873694299,405.81,405.785
1.0,53,1,34721.873699217,34721.873699217,405.755,405.755
-1.0,1326,18,34721.873882267,34723.099525816,405.755,405.665
1.0,672,14,34723.275795389,34724.640881294,405.665,405.76
-1.0,12,1,34724.640981329,34724.640981329,405.76,405.76
1.0,339,6,34724.653698558,34724.658464497,405.815,405.885
-1.0,3,1,34724.658781195,34724.658781195,405.92,405.885
1.0,211,4,34724.659801039,34724.686132404,405.89,405.945
-1.0,50,2,34724.68618529,34724.68618529,405.96,405.945
1.0,2,1,34724.689893002,34724.689893002,405.935,405.95
-1.0,233,3,34724.919554266,34724.98406014,405.945,405.92
1.0,100,1,34724.984387444,34724.984387444,405.87,405.885
-1.0,100,2,34725.686190067,34725.686226253,405.885,405.87
1.0,200,3,34725.724575362,34725.724575362,405.865,405.88
-1.0,4,1,34725.724636874,34725.724636874,405.91,405.88
1.0,172,11,34726.612379788,34727.140204985,405.91,406.09
-1.0,700,6,34727.665812529,34727.717918789,406.07,406.02
1.0,2,1,34727.754061746,34727.754061746,405.99,405.995
-1.0,702,11,34728.227364814,34729.984399121,406.025,405.87
1.0,105,3,34730.302793099,34730.302820969,405.865,405.87
-1.0,100,1,34730.302885379,34730.302885379,405.9,405.87
1.0,446,12,34731.283247582,34731.318039489,405.875,405.955
-1.0,1225,11,34731.374972547,34735.374020826,405.965,405.83
1.0,105,2,34735.493264859,34735.4933003,405.825,405.84
-1.0,100,1,34735.493348283,34735.493348283,405.865,405.84
1.0,200,2,34735.493372688,34735.493388115,405.835,405.84
-1.0,100,2,34735.49340363,34735.49340363,405.865,405.84
1.0,1763,22,34735.494352012,34735.853590251,405.83,405.885
-1.0,40,1,34736.14156439,34736.14156439,405.905,405.885
1.0,198,4,34736.141581567,34736.14168042,405.885,405.94
-1.0,408,7,34736.285031141,34739.056732542,405.955,405.885
1.0,202,4,34739.153957358,34739.153972001,405.86,405.87
-1.0,2,1,34739.295584215,34739.295584215,405.895,405.88
1.0,492,7,34739.949675398,34741.139765735,405.9,405.875
-1.0,201,4,34741.547138281,34741.547614959,405.875,405.87
1.0,104,2,34741.658051964,34741.658051964,405.85,405.87
-1.0,324,6,34742.309526776,34742.30972278,405.895,405.86
1.0,4,1,34742.38461297,34742.38461297,405.845,405.865
-1.0,967,29,34742.461133428,34744.439573069,405.86,405.645
1.0,1726,29,34745.179694808,34749.139503518,405.635,405.865
-1.0,134,3,34749.25036262,34749.250373841,405.865,405.85
1.0,427,8,34749.250395884,34749.782885285,405.81,405.91
-1.0,802,11,34750.884098927,34751.004722186,405.91,405.815
1.0,8,2,34752.245253385,34752.2456998,405.885,405.895
-1.0,450,20,34752.921296208,34758.726842608,405.9,405.71
1.0,30,1,34758.881151285,34758.881151285,405.685,405.73
-1.0,4,1,34758.983812125,34758.983812125,405.755,405.735
1.0,452,14,34759.139308356,34761.140464438,405.755,405.87
-1.0,714,19,34761.523666198,34765.824109559,405.93,405.745
1.0,166,8,34766.804427036,34766.947826815,405.725,405.77
-1.0,150,3,34766.947928637,34766.948025662,405.805,405.765
1.0,288,5,34766.948065571,34766.948266667,405.765,405.765
-1.0,61,5,34767.204130574,34767.223818995,405.76,405.72
1.0,669,8,34767.313823419,34769.251775577,405.67,405.735
-1.0,5,1,34769.252258482,34769.252258482,405.74,405.73
1.0,300,1,34769.252353704,34769.252353704,405.745,405.77
-1.0,162,4,34769.252580253,34769.253697536,405.775,405.715
1.0,203,4,34769.468455855,34769.912385516,405.7,405.76
-1.0,300,2,34770.098415548,34770.098415548,405.735,405.72
1.0,952,16,34770.357649657,34771.238215379,405.71,405.825
-1.0,498,6,34771.238768515,34771.238855884,405.805,405.79
1.0,1121,23,34771.617372314,34775.903896651,405.78,405.945
-1.0,515,9,34776.006632643,34776.608517856,405.955,405.865
1.0,2,2,34776.786203565,34776.787180506,405.86,405.87
-1.0,1217,18,34777.00355135,34779.205648824,405.865,405.735
1.0,100,1,34779.20569776,34779.20569776,405.735,405.75
-1.0,100,1,34779.205801599,34779.205801599,405.755,405.75
1.0,509,11,34780.172923889,34782.43319108,405.765,405.895
-1.0,5,1,34782.969432548,34782.969432548,405.865,405.85
1.0,101,2,34783.966291594,34783.966326961,405.865,405.89
-1.0,100,1,34783.966583187,34783.966583187,405.92,405.905
1.0,100,2,34784.27315529,34784.788268483,405.905,405.93
-1.0,102,4,34785.870095246,34786.219060766,405.925,405.885
1.0,244,7,34786.455635635,34786.470168777,405.905,405.935
-1.0,1057,19,34786.569778929,34790.075048553,405.945,405.845
1.0,88,2,34790.075206438,34790.075206438,405.835,405.835
-1.0,508,10,34790.515253367,34791.080116418,405.835,405.765
1.0,25,1,34792.047583179,34792.047583179,405.765,405.785
-1.0,150,5,34792.380456723,34792.380909971,405.75,405.74
1.0,355,7,34792.389343591,34792.648317621,405.74,405.84
-1.0,848,10,34793.617251114,34794.980300358,405.795,405.765
1.0,852,19,34795.076551333,34800.008642652,405.79,405.935
-1.0,100,1,34800.00896208,34800.00896208,405.945,405.94
1.0,2,1,34800.009155537,34800.009155537,405.93,405.94
-1.0,2,1,34800.009413891,34800.009413891,405.955,405.945
1.0,13,4,34800.009421571,34800.009632916,405.945,405.96
-1.0,1298,21,34800.009924939,34802.6824235,405.96,405.75
1.0,512,8,34802.684363188,34802.894024893,405.74,405.78
-1.0,336,4,34803.526936396,34804.83391365,405.84,405.775
1.0,240,4,34804.985173255,34804.985218238,405.775,405.79
-1.0,1750,37,34806.616610572,34808.949088172,405.82,405.745
1.0,269,6,34808.950909441,34809.110208262,405.72,405.77
-1.0,1624,38,34809.216373773,34811.960089326,405.775,405.645
1.0,147,3,34811.96099534,34812.179801832,405.645,405.67
-1.0,429,9,34813.515483303,34815.202323227,405.665,405.615
1.0,301,3,34815.775877848,34815.775877848,405.615,405.615
-1.0,851,11,34815.776543738,34816.366926224,405.62,405.58
1.0,100,1,34816.68224502,34816.68224502,405.59,405.605
-1.0,8,1,34816.68227176,34816.68227176,405.62,405.62
1.0,3666,44,34816.788343905,34817.347567755,405.605,405.875
-1.0,2,1,34817.499311451,34817.499311451,405.875,405.865
1.0,102,2,34817.499360741,34817.49936919,405.84,405.855
-1.0,100,1,34818.067272731,34818.067272731,405.85,405.845
1.0,100,1,34818.067337752,34818.067337752,405.825,405.85
-1.0,1252,23,34818.067357887,34821.119984032,405.85,405.745
1.0,2568,47,34821.223195613,34821.285106277,405.77,406.005
-1.0,100,1,34821.285118055,34821.285118055,406.005,406.005
1.0,12,1,34821.285709488,34821.285709488,406.01,406.015
-1.0,200,3,34821.291875694,34821.292333363,406.01,405.97
1.0,245,3,34821.29947288,34821.300931683,405.95,405.97
-1.0,1608,19,34821.381859595,34826.260270818,405.97,405.69
1.0,1076,10,34827.072603859,34828.547021276,405.69,405.785
-1.0,101,2,34830.596763317,34830.596763317,405.815,405.81
1.0,100,1,34830.596824441,34830.596824441,405.76,405.785
-1.0,151,3,34830.596991616,34830.606724408,405.78,405.74
1.0,50,1,34831.548987086,34831.548987086,405.715,405.715
-1.0,5,1,34833.193307365,34833.193307365,405.73,405.715
1.0,390,6,34833.997251642,34833.997339094,405.73,405.785
-1.0,200,2,34833.997363076,34833.997556747,405.785,405.785
1.0,34,1,34833.998128846,34833.998128846,405.74,405.805
-1.0,20,2,34835.673263092,34835.673275826,405.81,405.79
1.0,140,2,34836.953762527,34836.953762527,405.81,405.82
-1.0,630,13,34837.468747383,34842.400774185,405.895,405.84
1.0,304,4,34843.476338559,34843.476390027,405.84,405.86
-1.0,118,1,34844.505184616,34844.505184616,405.885,405.85
1.0,28,1,34844.613584745,34844.613584745,405.85,405.85
-1.0,34,3,34845.906872237,34845.906872237,405.84,405.84
1.0,648,7,34846.682160257,34846.793876276,405.845,405.89
-1.0,594,15,34849.482541368,34850.407271601,405.89,405.83
1.0,181,6,34850.407861215,34850.408266939,405.83,405.855
-1.0,450,12,34850.410611079,34852.849776721,405.855,405.725
1.0,282,7,34852.849932224,34853.422751687,405.735,405.8
-1.0,1113,17,34853.889962969,34854.263938518,405.815,405.79
1.0,559,8,34854.28291496,34854.283568028,405.815,405.845
-1.0,704,10,34854.944479767,34856.006729489,405.84,405.795
1.0,364,15,34856.939814224,34857.677281248,405.835,405.925
-1.0,100,1,34857.686279021,34857.686279021,405.93,405.925
1.0,100,3,34858.364223872,34858.364377121,405.91,405.93
-1.0,700,7,34858.630815206,34861.069820956,405.965,405.855
1.0,290,5,34861.244810252,34861.244838104,405.855,405.86
-1.0,415,9,34861.246508743,34861.594807202,405.915,405.79
1.0,23,3,34862.556125843,34862.614706041,405.8,405.815
-1.0,996,22,34862.871530815,34864.023431257,405.825,405.7
1.0,465,7,34865.39487706,34865.537502203,405.72,405.74
-1.0,100,1,34865.537558931,34865.537558931,405.77,405.75
1.0,726,12,34867.857544193,34869.131946113,405.735,405.77
-1.0,100,2,34869.315714332,34869.315740474,405.835,405.815
1.0,1675,36,34871.502932007,34871.502999219,405.8,405.885
-1.0,23,1,34871.503841276,34871.503841276,405.965,405.94
1.0,466,14,34871.504171211,34871.504537248,405.97,405.99
-1.0,101,3,34871.505304753,34871.506071158,406.01,405.975
1.0,480,11,34871.509302006,34871.509309124,405.96,406.015
-1.0,65,2,34871.509336665,34871.509394044,406.045,406.03
1.0,7,1,34871.509852846,34871.509852846,405.985,406.04
-1.0,100,1,34871.509871941,34871.509871941,406.04,406.04
1.0,10,1,34871.510052363,34871.510052363,406.005,406.045
-1.0,100,1,34871.511599512,34871.511599512,405.97,405.94
1.0,39,1,34871.512089802,34871.512089802,405.935,405.935
-1.0,379,5,34871.516175451,34871.587808211,405.97,405.88
1.0,1034,9,34871.587835793,34871.643868674,405.855,405.885
-1.0,75,2,34871.734154566,34871.921355311,405.9,405.885
1.0,268,4,34873.700160236,34873.703361731,405.87,405.885
-1.0,243,6,34874.277527883,34876.611818172,405.875,405.805
1.0,546,9,34876.817429884,34877.26010324,405.795,405.845
-1.0,350,3,34877.261117815,34878.195258411,405.895,405.845
1.0,1,1,34878.41245577,34878.41245577,405.8,405.82
-1.0,10,4,34879.170538247,34882.169364507,405.88,405.855
1.0,65,2,34882.266556755,34882.266556755,405.86,405.865
-1.0,1595,34,34883.094407418,34890.214382876,405.915,405.665
1.0,149,4,34890.217596497,34890.280356083,405.65,405.685
-1.0,1263,22,34890.330531249,34890.66834598,405.72,405.57
1.0,100,1,34890.769156636,34890.769156636,405.565,405.58
-1.0,302,6,34891.394432589,34892.905077493,405.59,405.545
1.0,934,16,34892.905733792,34895.509151523,405.55,405.675
-1.0,109,2,34895.825439886,34895.958268815,405.695,405.685
1.0,1781,23,34896.651802455,34896.651956117,405.67,405.78
-1.0,100,2,34896.652236415,34896.652236415,405.78,405.78
1.0,1047,8,34896.65273458,34896.65493244,405.78,405.78
-1.0,1192,21,34896.690270628,34898.885396732,405.785,405.635
1.0,352,5,34900.192734775,34900.193276654,405.615,405.67
-1.0,720,15,34901.23261223,34906.680706833,405.705,405.54
1.0,100,1,34906.680755143,34906.680755143,405.535,405.545
-1.0,202,2,34906.68075711,34906.680781253,405.545,405.54
1.0,2,1,34906.681178556,34906.681178556,405.53,405.54
-1.0,201,3,34906.682367527,34906.682367527,405.54,405.535
1.0,302,4,34906.683232,34906.693103821,405.515,405.55
-1.0,2685,47,34906.694075276,34907.291928253,405.555,405.45
1.0,140,3,34907.374647274,34907.374647274,405.43,405.44
-1.0,200,6,34908.149907165,34908.243494216,405.42,405.39
1.0,50,1,34908.24705041,34908.24705041,405.38,405.39
-1.0,4,2,34908.492480038,34908.492638693,405.375,405.335
1.0,1179,19,34908.908446335,34909.754690566,405.34,405.485
-1.0,6,1,34910.530744364,34910.530744364,405.465,405.45
1.0,100,1,34910.552184423,34910.552184423,405.41,405.44
-1.0,251,4,34910.736899966,34910.737609725,405.435,405.39
1.0,584,8,34910.741334022,34914.349188755,405.355,405.46
-1.0,15,2,34914.43059269,34914.902040419,405.455,405.405
1.0,392,3,34914.905911874,34914.905934522,405.415,405.43
-1.0,25,1,34915.007546534,34915.007546534,405.445,405.445
1.0,7,1,34915.00783974,34915.00783974,405.425,405.44
-1.0,1019,25,34916.204609426,34921.31079701,405.44,405.355
1.0,172,6,34922.305106145,34922.305459823,405.335,405.35
-1.0,1057,21,34922.305861001,34925.399830118,405.355,405.26
1.0,440,8,34926.088392025,34926.101780193,405.265,405.33
-1.0,112,3,34926.490027889,34926.712220205,405.305,405.225
1.0,18,3,34926.712264943,34926.713479395,405.205,405.225
-1.0,129,4,34926.718621608,34927.635547604,405.26,405.245
1.0,2301,29,34928.072667964,34930.033050611,405.235,405.48
-1.0,41,2,34930.166514183,34930.16651804,405.475,405.46
1.0,1149,17,34931.942027938,34932.915684441,405.465,405.49
-1.0,100,1,34932.932021717,34932.932021717,405.47,405.465
1.0,976,22,34932.939810108,34934.907515108,405.46,405.655
-1.0,1266,14,34934.974933055,34936.803065439,405.715,405.595
1.0,3,1,34936.843768952,34936.843768952,405.585,405.585
-1.0,57,1,34936.901345487,34936.901345487,405.65,405.61
1.0,271,4,34937.385694376,34937.392104018,405.6,405.655
-1.0,3,1,34937.392630515,34937.392630515,405.725,405.715
1.0,121,3,34937.569741636,34937.578035143,405.72,405.76
-1.0,892,17,34937.707774099,34941.625463404,405.805,405.685
1.0,390,5,34941.917437718,34941.920991861,405.685,405.72
-1.0,7,1,34941.921164482,34941.921164482,405.75,405.72
1.0,8,1,34941.957352097,34941.957352097,405.72,405.745
-1.0,709,14,34943.714329975,34945.601759572,405.73,405.56
1.0,659,9,34945.637647741,34947.922050765,405.565,405.65
-1.0,250,4,34948.947727953,34948.947770196,405.65,405.635
1.0,311,5,34949.135403438,34949.135435807,405.61,405.62
-1.0,740,13,34949.136047017,34951.344592324,405.665,405.58
1.0,257,6,34952.105721399,34952.110539262,405.55,405.59
-1.0,19,1,34952.753024187,34952.753024187,405.61,405.6
1.0,637,14,34953.20951245,34957.163821842,405.63,405.74
-1.0,1112,19,34957.163889783,34960.383939861,405.77,405.54
1.0,1141,15,34960.403544792,34963.469751763,405.535,405.72
-1.0,50,1,34965.255382558,34965.255382558,405.75,405.725
1.0,385,10,34966.645724677,34968.003156658,405.745,405.79
-1.0,823,24,34970.735990197,34972.328251512,405.79,405.62
1.0,432,10,34972.392156494,34977.510135104,405.6,405.7
-1.0,406,10,34978.37245193,34980.721628976,405.745,405.68
1.0,100,1,34980.791151587,34980.791151587,405.675,405.68
-1.0,71,3,34981.502422156,34983.012880547,405.675,405.655
1.0,1405,24,34983.14589525,34983.825878819,405.655,405.745
-1.0,10,1,34983.826131383,34983.826131383,405.78,405.78
1.0,101,2,34983.83038489,34983.83038489,405.775,405.795
-1.0,1245,18,34984.575983035,34987.705769648,405.795,405.655
1.0,205,5,34988.296173334,34988.403010189,405.67,405.705
-1.0,715,17,34989.132184423,34989.50321881,405.69,405.555
1.0,100,2,34989.995617013,34989.995621332,405.565,405.585
-1.0,251,5,34990.859171049,34991.970230103,405.65,405.61
1.0,390,5,34991.970311952,34993.231802741,405.565,405.67
-1.0,1600,49,34994.064115719,34999.982168896,405.705,405.475
1.0,100,1,35000.751265968,35000.751265968,405.38,405.395
-1.0,12,1,35000.751332532,35000.751332532,405.39,405.38
1.0,334,9,35000.891539672,35004.252319979,405.38,405.415
-1.0,1,1,35005.494146406,35005.494146406,405.445,405.435
1.0,749,13,35008.018616398,35011.2267932,405.425,405.535
-1.0,200,3,35011.230049746,35011.230109161,405.52,405.51
1.0,198,2,35012.061302149,35013.249926108,405.52,405.54
-1.0,862,17,35014.190498084,35014.699112781,405.53,405.425
1.0,185,4,35016.356134556,35016.356167583,405.45,405.46
-1.0,322,8,35017.00355361,35019.988334447,405.53,405.45
1.0,100,1,35019.988408234,35019.988408234,405.435,405.465
-1.0,1125,34,35019.988426144,35021.346059357,405.46,405.31
1.0,112,2,35022.219203552,35022.219346745,405.33,405.34
-1.0,38,1,35022.390412741,35022.390412741,405.385,405.385
1.0,164,4,35022.751264189,35022.751627108,405.385,405.4
-1.0,6,1,35023.077937988,35023.077937988,405.43,405.41
1.0,75,3,35024.088733713,35024.088733713,405.385,405.405
-1.0,359,11,35024.09073524,35026.398667224,405.42,405.32
1.0,191,4,35026.859258491,35028.549081699,405.32,405.33
-1.0,3,1,35028.549085925,35028.549085925,405.33,405.33
1.0,467,5,35028.556480547,35028.557024833,405.34,405.355
-1.0,153,6,35029.350722527,35029.351032306,405.34,405.295
1.0,240,4,35029.353671401,35029.714988706,405.29,405.305
-1.0,471,5,35029.964314792,35029.966268162,405.32,405.27
1.0,180,5,35029.969411992,35030.022069809,405.27,405.28
-1.0,180,5,35030.05499446,35030.082462736,405.28,405.26
1.0,22,1,35030.082478852,35030.082478852,405.26,405.26
-1.0,28,1,35030.082498633,35030.082498633,405.26,405.255
1.0,1,1,35030.082694492,35030.082694492,405.245,405.245
-1.0,31,5,35030.090826315,35031.374237148,405.255,405.23
1.0,108,2,35031.565867178,35031.566487231,405.225,405.235
-1.0,227,8,35031.675188259,35031.979381913,405.225,405.205
1.0,100,3,35031.979433477,35031.979465164,405.19,405.2
-1.0,411,7,35031.996785366,35032.667143873,405.195,405.16
1.0,74,2,35032.667390284,35032.66741624,405.155,405.16
-1.0,1230,8,35032.671050376,35032.757985809,405.16,405.105
1.0,1,1,35032.780141539,35032.780141539,405.085,405.125
-1.0,2438,88,35032.805742238,35033.633427728,405.11,405.025
1.0,617,11,35033.633986215,35034.133430244,404.99,405.06
-1.0,961,10,35034.149608781,35034.152910288,405.1,405.04
1.0,4,1,35034.152971229,35034.152971229,405.0,405.04
-1.0,100,1,35034.153507287,35034.153507287,405.035,405.02
1.0,875,7,35034.156134455,35034.211160508,404.985,405.005
-1.0,22,4,35034.220496125,35034.565788569,405.005,404.985
1.0,616,15,35034.655866454,35038.159230568,404.98,405.115
-1.0,20,3,35041.271426789,35041.271426789,405.125,405.12
1.0,72,2,35041.622306223,35041.622306223,405.12,405.125
-1.0,2,1,35041.622328005,35041.622328005,405.15,405.125
1.0,240,2,35041.622875398,35041.622875398,405.135,405.135
-1.0,100,2,35041.887503191,35041.887503191,405.12,405.105
1.0,12,2,35042.264981637,35042.268248115,405.085,405.1
-1.0,202,3,35042.496876339,35042.533055967,405.115,405.065
1.0,102,2,35042.533126825,35042.533148859,405.035,405.045
-1.0,606,8,35042.533736496,35043.311892029,405.055,405.0
1.0,752,15,35043.916295012,35044.96912782,404.985,405.11
-1.0,4,1,35044.969170646,35044.969170646,405.135,405.115
1.0,8812,50,35045.374049023,35051.864567552,405.105,405.545
-1.0,1114,9,35053.460569314,35055.596804262,405.54,405.495
1.0,100,2,35055.596827801,35055.596862473,405.495,405.51
-1.0,524,7,35056.241354525,35059.131773747,405.575,405.465
1.0,194,3,35060.548387112,35060.548477443,405.44,405.495
-1.0,306,4,35060.548529889,35063.023636442,405.495,405.42
1.0,100,4,35063.292873373,35063.350743567,405.42,405.43
-1.0,319,9,35063.564396149,35063.565462112,405.45,405.36
1.0,553,9,35064.813053086,35066.609829431,405.415,405.43
-1.0,107,4,35068.624071018,35070.506281692,405.42,405.425
1.0,641,11,35071.737527402,35071.737652394,405.42,405.46
-1.0,100,1,35071.737955374,35071.737955374,405.46,405.45
1.0,160,3,35071.747109582,35071.748950142,405.44,405.465
-1.0,939,13,35071.787562879,35076.470344317,405.475,405.355
1.0,794,18,35076.470414167,35084.37666363,405.35,405.525
-1.0,540,19,35087.520684649,35089.995815876,405.52,405.455
1.0,142,3,35090.424970774,35090.425328216,405.44,405.465
-1.0,50,1,35090.425985558,35090.425985558,405.495,405.485
1.0,1,1,35090.925862566,35090.925862566,405.445,405.48
-1.0,184,7,35090.925926414,35092.523296446,405.465,405.455
1.0,139,8,35093.787339875,35094.16984996,405.48,405.615
-1.0,800,7,35094.768870445,35094.769490852,405.605,405.535
1.0,41,1,35095.063807865,35095.063807865,405.535,405.535
-1.0,51,2,35095.390840983,35095.610235403,405.54,405.505
1.0,50,1,35095.65484421,35095.65484421,405.49,405.495
-1.0,247,16,35099.606883411,35100.075282085,405.525,405.405
1.0,1,1,35100.342281413,35100.342281413,405.38,405.385
-1.0,1974,43,35100.342302441,35105.82899141,405.43,405.13
1.0,804,14,35106.778029733,35107.045608727,405.13,405.315
-1.0,69,2,35107.066017038,35107.066039016,405.36,405.325
1.0,73,1,35107.079344981,35107.079344981,405.31,405.31
-1.0,61,1,35107.19298259,35107.19298259,405.31,405.31
1.0,675,18,35107.503114418,35110.893444666,405.295,405.36
-1.0,25,1,35110.893774431,35110.893774431,405.365,405.365
1.0,469,9,35110.906592833,35114.571937586,405.33,405.435
-1.0,268,6,35114.889738434,35115.837649127,405.435,405.385
1.0,142,3,35116.247718682,35116.884149914,405.39,405.375
-1.0,108,5,35118.420743559,35118.684445453,405.42,405.38
1.0,150,2,35118.887488839,35118.887488839,405.355,405.365
-1.0,247,5,35119.989400524,35119.990422528,405.38,405.325
1.0,261,4,35120.886577345,35121.98216043,405.315,405.365
-1.0,11,1,35122.220358961,35122.220358961,405.365,405.36
1.0,26,3,35122.236971808,35124.053566612,405.31,405.435
-1.0,252,4,35124.059494668,35124.609998632,405.455,405.44
1.0,391,7,35126.237970912,35126.249515235,405.435,405.475
-1.0,525,11,35126.295092782,35127.33990772,405.475,405.335
1.0,100,1,35127.339950661,35127.339950661,405.335,405.345
-1.0,10,1,35127.339952191,35127.339952191,405.345,405.345
1.0,116,3,35127.339987145,35127.340169078,405.345,405.4
-1.0,259,6,35128.088862332,35128.089978742,405.42,405.375
1.0,170,1,35128.237582885,35128.237582885,405.35,405.355
-1.0,398,10,35128.264886855,35128.339846364,405.365,405.345
1.0,160,3,35128.362083161,35128.362083161,405.315,405.32
-1.0,5,1,35129.392019837,35129.392019837,405.315,405.315
1.0,1,1,35129.392158618,35129.392158618,405.315,405.335
-1.0,309,6,35129.678436205,35129.678967366,405.32,405.29
1.0,268,7,35129.681346941,35130.853522859,405.26,405.305
-1.0,157,3,35132.650257276,35132.650611665,405.305,405.25
1.0,540,9,35132.671901113,35133.20306954,405.25,405.325
-1.0,51,2,35133.714940757,35134.726453975,405.36,405.345
1.0,31,2,35134.859130689,35134.961674881,405.295,405.31
-1.0,106,2,35134.961719674,35135.478761674,405.355,405.34
1.0,109,4,35135.566907953,35135.583388663,405.265,405.285
-1.0,1376,32,35136.14488169,35142.306780949,405.315,405.04
1.0,233,5,35142.384240967,35142.643340899,405.04,405.09
-1.0,100,1,35143.182896517,35143.182896517,405.075,405.065
1.0,500,14,35143.458088546,35146.180872178,405.075,405.39
-1.0,50,2,35146.54339428,35146.54371898,405.465,405.445
1.0,703,17,35146.85153985,35147.047924097,405.42,405.615
-1.0,150,4,35147.139525925,35147.139547233,405.62,405.61
1.0,102,3,35147.495892343,35147.519904823,405.58,405.59
-1.0,543,14,35147.913571859,35151.247800476,405.595,405.4
1.0,608,6,35151.24782386,35151.482818268,405.365,405.45
-1.0,108,3,35151.663529267,35152.135901562,405.425,405.41
1.0,500,2,35152.239080166,35152.23910158,405.415,405.43
-1.0,10,1,35154.094651912,35154.094651912,405.455,405.44
1.0,2454,27,35154.563869044,35157.125837623,405.445,405.735
-1.0,2,1,35157.13377184,35157.13377184,405.765,405.745
1.0,136,3,35157.141547735,35157.145461697,405.755,405.775
-1.0,5,1,35157.57745282,35157.57745282,405.8,405.775
1.0,366,6,35157.646297886,35157.646406292,405.785,405.805
-1.0,50,1,35158.03635934,35158.03635934,405.82,405.815
1.0,393,8,35159.578017223,35160.584037463,405.795,405.875
-1.0,100,1,35160.749765035,35160.749765035,405.87,405.86
1.0,20,1,35161.176488292,35161.176488292,405.82,405.845
-1.0,100,2,35161.232272564,35161.232272564,405.83,405.81
1.0,19,1,35161.232414532,35161.232414532,405.785,405.785
-1.0,149,2,35161.24408016,35161.274729694,405.79,405.785
1.0,50,1,35161.739104832,35161.739104832,405.795,405.8
-1.0,175,4,35166.123558559,35166.189345325,405.815,405.78
1.0,50,1,35166.25809064,35166.25809064,405.785,405.79
-1.0,70,6,35167.12517349,35168.332870253,405.8,405.76
1.0,110,2,35168.99588934,35169.782928134,405.75,405.775
-1.0,10,3,35170.794858651,35170.829633785,405.76,405.72
1.0,590,4,35170.836758922,35170.847879303,405.71,405.745
-1.0,349,7,35172.222637766,35172.418714796,405.745,405.625
1.0,476,5,35172.618182001,35172.676542535,405.625,405.695
-1.0,50,1,35173.166882034,35173.166882034,405.745,405.735
1.0,347,6,35173.59847138,35174.261988418,405.73,405.78
-1.0,157,3,35174.354218013,35175.585034592,405.75,405.675
1.0,395,7,35177.023196116,35180.743668441,405.685,405.79
-1.0,4,1,35182.144758923,35182.144758923,405.82,405.81
1.0,53,2,35182.218228211,35182.218228211,405.805,405.81
-1.0,322,19,35183.045952879,35185.553376591,405.83,405.62
1.0,6,1,35185.562094605,35185.562094605,405.595,405.66
-1.0,100,3,35185.56216717,35185.562272032,405.675,405.665
1.0,5,1,35185.603521349,35185.603521349,405.595,405.615
-1.0,435,11,35185.612194343,35185.662091178,405.595,405.495
1.0,154,3,35185.670599815,35185.67116741,405.475,405.51
-1.0,251,4,35185.690917115,35185.697181863,405.52,405.51
1.0,7,1,35185.709224774,35185.709224774,405.49,405.51
-1.0,100,1,35185.717153992,35185.717153992,405.53,405.515
1.0,6,1,35185.729325245,35185.729325245,405.505,405.545
-1.0,418,12,35185.744349698,35186.564808639,405.55,405.355
1.0,140,3,35187.113950198,35187.113958164,405.375,405.385
-1.0,204,5,35187.609608276,35187.748319427,405.385,405.35
1.0,611,9,35188.85736264,35190.006658281,405.34,405.42
-1.0,4,3,35190.020124443,35192.398544295,405.47,405.44
1.0,194,5,35194.298504157,35194.299048946,405.415,405.45
-1.0,207,10,35194.325564686,35197.65536435,405.455,405.395
1.0,159,3,35200.144916924,35200.144954193,405.405,405.42
-1.0,63,4,35200.1454841,35200.145625087,405.455,405.42
1.0,48,1,35200.145762791,35200.145762791,405.435,405.455
-1.0,11,3,35200.209532117,35200.209532117,405.455,405.445
1.0,102,2,35200.211499089,35200.253248062,405.425,405.45
-1.0,100,1,35200.253608374,35200.253608374,405.48,405.48
1.0,5,2,35200.253734147,35200.256405423,405.48,405.505
-1.0,20,2,35200.256757078,35200.256757078,405.535,405.525
1.0,305,8,35200.256864765,35201.568992424,405.53,405.575
-1.0,194,3,35201.824797995,35201.824947936,405.575,405.53
1.0,233,6,35202.033855339,35205.374139286,405.565,405.77
-1.0,9,2,35205.529235947,35206.51453432,405.77,405.76
1.0,260,7,35206.574817231,35207.469401236,405.745,405.79
-1.0,626,17,35208.39716283,35208.398318167,405.75,405.7
1.0,10,1,35208.39986633,35208.39986633,405.705,405.71
-1.0,100,1,35208.399980942,35208.399980942,405.735,405.735
1.0,35,1,35209.104275688,35209.104275688,405.76,405.765
-1.0,309,8,35209.456219705,35210.105452411,405.795,405.705
1.0,124,3,35210.119026924,35210.119062976,405.725,405.75
-1.0,126,6,35210.119120045,35212.449350501,405.76,405.765
1.0,143,3,35212.449607313,35213.172350099,405.76,405.855
-1.0,115,3,35213.172597301,35215.902582307,405.85,405.83
1.0,75,3,35217.42287044,35217.422907203,405.745,405.76
-1.0,68,6,35218.977022447,35223.69729937,405.725,405.63
1.0,175,3,35224.104240994,35224.104299229,405.62,405.63
-1.0,50,2,35224.120830669,35224.121043152,405.66,405.65
1.0,3,1,35224.122700703,35224.122700703,405.6,405.615
-1.0,578,16,35224.12271672,35225.463006225,405.615,405.525
1.0,55,2,35225.468647399,35225.468647399,405.51,405.525
-1.0,212,4,35225.469485568,35225.471026673,405.53,405.525
1.0,100,2,35225.486478474,35225.486478474,405.52,405.525
-1.0,150,5,35225.490584407,35225.490783973,405.53,405.525
1.0,54,2,35225.491271769,35225.491271769,405.525,405.54
-1.0,25,4,35226.055537708,35226.792003761,405.565,405.51
1.0,240,4,35226.804748122,35226.804802072,405.505,405.52
-1.0,101,3,35228.008744918,35228.008781827,405.535,405.53
1.0,1011,11,35228.036348754,35228.03637066,405.525,405.54
-1.0,200,2,35228.036382876,35228.036421473,405.57,405.55
1.0,1016,16,35228.036501503,35228.594975842,405.56,405.67
-1.0,151,5,35229.1858616,35230.294095303,405.66,405.575
1.0,190,4,35230.590140415,35230.590177951,405.585,405.595
-1.0,100,3,35230.590248226,35230.590277198,405.635,405.595
1.0,52,2,35231.01486758,35231.01486758,405.62,405.625
-1.0,58,4,35231.93198635,35232.479464023,405.56,405.535
1.0,412,7,35232.513746615,35232.635397237,405.52,405.57
-1.0,100,2,35233.737258625,35233.737258625,405.605,405.605
1.0,360,4,35234.391131461,35234.52806685,405.565,405.64
-1.0,103,3,35234.711078197,35234.711078197,405.64,405.635
1.0,850,12,35234.711133519,35236.826043033,405.61,405.725
-1.0,54,1,35236.826305296,35236.826305296,405.715,405.715
1.0,308,3,35236.827151397,35236.829189333,405.715,405.715
-1.0,886,18,35237.183599518,35242.748641713,405.725,405.55
1.0,738,9,35242.793344835,35244.976440146,405.535,405.62
-1.0,102,3,35245.257097543,35246.399813982,405.65,405.635
1.0,114,5,35246.790410627,35247.268179422,405.645,405.665
-1.0,4,1,35247.268511179,35247.268511179,405.695,405.68
1.0,203,3,35247.268597055,35247.276808175,405.675,405.715
-1.0,204,6,35247.763903905,35248.248586981,405.715,405.685
1.0,198,3,35248.518452274,35248.51847648,405.7,405.72
-1.0,201,3,35248.519846379,35249.305486286,405.73,405.715
1.0,693,10,35250.565604403,35251.59767013,405.695,405.785
-1.0,204,5,35252.215525534,35252.215574225,405.8,405.78
1.0,1464,8,35252.499141837,35252.500618295,405.795,405.875
-1.0,166,3,35252.726591865,35252.726632566,405.875,405.87
1.0,247,9,35254.070366312,35254.542804545,405.865,405.92
-1.0,902,12,35254.71388031,35256.507185244,405.93,405.82
1.0,535,12,35257.938709512,35262.892080128,405.79,405.89
-1.0,257,5,35263.3610782,35264.723928488,405.895,405.855
1.0,32,1,35268.345279089,35268.345279089,405.86,405.86
-1.0,166,6,35269.199753171,35271.537544716,405.83,405.755
1.0,585,14,35271.875401177,35275.922363856,405.76,405.85
-1.0,68,5,35276.608060836,35278.068537721,405.855,405.845
1.0,668,10,35280.139921642,35280.692923115,405.85,405.905
-1.0,101,3,35281.275836031,35282.314714299,405.915,405.855
1.0,157,4,35283.80219985,35283.832765789,405.88,405.91
-1.0,4,1,35284.478695921,35284.478695921,405.915,405.9
1.0,261,4,35284.516562857,35284.516648808,405.915,405.93
-1.0,101,3,35284.517228064,35284.517358045,405.94,405.93
1.0,125,1,35285.212938191,35285.212938191,405.925,405.935
-1.0,101,2,35285.213386762,35285.21522493,405.94,405.93
1.0,78,2,35285.215654242,35285.215654242,405.92,405.93
-1.0,51,2,35285.502998372,35285.502998372,405.92,405.91
1.0,6823,63,35286.537961334,35286.596682854,405.91,406.01
-1.0,204,4,35286.596747004,35286.596747004,406.01,405.96
1.0,590,5,35286.596770527,35286.597924256,405.94,406.015
-1.0,2,1,35286.598342618,35286.598342618,406.025,406.02
1.0,622,15,35286.599372069,35286.604337135,405.965,406.06
-1.0,131,4,35286.604535423,35286.618001239,406.125,406.075
1.0,135,3,35286.622030723,35286.63267793,406.075,406.1
-1.0,110,2,35286.63641901,35286.636433048,406.105,406.105
1.0,259,2,35287.08267116,35287.08267116,406.09,406.105
-1.0,585,12,35287.082691446,35287.678113093,406.12,406.055
1.0,20,1,35288.303949706,35288.303949706,406.05,406.05
-1.0,488,10,35288.574182181,35289.803830847,406.055,406.015
1.0,210,4,35289.80739696,35289.807404727,406.02,406.025
-1.0,44,2,35289.807938374,35289.807938374,406.045,406.04
1.0,372,7,35289.919351502,35291.14583945,406.045,406.125
-1.0,55,1,35291.183578519,35291.183578519,406.115,406.11
1.0,6,2,35291.183675436,35291.183675436,406.105,406.135
-1.0,587,3,35291.200267483,35291.200287702,406.16,406.135
1.0,320,4,35291.212153831,35291.212905441,406.115,406.15
-1.0,200,2,35291.250564408,35291.250564408,406.165,406.16
1.0,211,3,35291.25076112,35291.275282055,406.11,406.115
-1.0,81,5,35291.715057993,35292.124079263,406.08,406.04
1.0,220,3,35293.229657878,35293.229657878,406.04,406.055
-1.0,100,1,35293.229719474,35293.229719474,406.09,406.065
1.0,73,1,35293.434151544,35293.434151544,406.085,406.085
-1.0,6,1,35293.434171452,35293.434171452,406.105,406.085
1.0,86,2,35293.434183138,35293.434183138,406.085,406.105
-1.0,831,20,35293.476010126,35297.859567732,406.13,405.99
1.0,134,3,35297.95052962,35297.950562334,405.985,405.985
-1.0,153,5,35299.153256854,35299.153489069,406.025,405.985
1.0,5,1,35300.560138464,35300.560138464,405.91,405.935
-1.0,234,7,35300.701650839,35301.29728645,405.905,405.88
1.0,347,2,35301.29730697,35301.328258587,405.85,405.88
-1.0,642,6,35301.39444579,35303.888881411,405.94,405.9
1.0,608,8,35303.891503276,35303.89761207,405.925,405.965
-1.0,1,1,35305.181950982,35305.181950982,405.975,405.96
1.0,126,4,35305.390724704,35305.391161065,405.97,406.005
-1.0,164,13,35305.686749214,35309.064149876,406.02,405.865
1.0,353,8,35309.087999072,35310.654056754,405.865,405.96
-1.0,849,23,35311.254362177,35313.457864791,405.96,405.78
1.0,73,3,35315.428896823,35315.428896823,405.81,405.815
-1.0,45,1,35315.447809091,35315.447809091,405.82,405.815
1.0,446,7,35316.467974494,35316.468998531,405.815,405.91
-1.0,230,4,35316.469021142,35316.469050588,405.91,405.91
1.0,100,2,35316.469202122,35316.469211601,405.895,405.925
-1.0,1149,34,35316.813084828,35326.079040916,405.925,405.64
1.0,1,1,35328.306089631,35328.306089631,405.65,405.66
-1.0,256,8,35329.5337387,35330.118254921,405.7,405.66
1.0,159,2,35332.489612989,35332.489642451,405.66,405.67
-1.0,161,3,35332.744199004,35332.744199004,405.685,405.675
1.0,75,1,35333.244990596,35333.244990596,405.625,405.65
-1.0,430,9,35336.895928954,35336.896299813,405.68,405.64
1.0,116,3,35337.597837781,35339.806185379,405.635,405.66
-1.0,752,25,35341.884598233,35341.884950881,405.67,405.6
1.0,240,6,35341.887107093,35343.499203428,405.585,405.61
-1.0,263,9,35344.467136745,35344.46783489,405.645,405.57
1.0,100,1,35344.467931127,35344.467931127,405.545,405.565
-1.0,2140,18,35344.46862668,35345.361962681,405.57,405.51
1.0,2,1,35345.36197464,35345.36197464,405.51,405.52
-1.0,517,1,35345.36199591,35345.36199591,405.52,405.52
1.0,300,4,35345.362013063,35345.362035143,405.51,405.525
-1.0,380,3,35345.362035143,35345.362049522,405.52,405.505
1.0,400,8,35345.36212087,35345.362632036,405.51,405.54
-1.0,67,4,35345.362808735,35345.362822285,405.54,405.535
1.0,445,6,35345.363037642,35345.378464701,405.53,405.635
-1.0,200,6,35345.807386691,35346.023177668,405.64,405.62
1.0,784,11,35346.023254933,35346.477313995,405.6,405.75
-1.0,401,4,35347.439123607,35347.827606297,405.755,405.73
1.0,65,3,35347.834609903,35347.874910962,405.695,405.705
-1.0,165,5,35348.583682585,35348.590599467,405.725,405.71
1.0,274,8,35349.792720018,35350.541365273,405.705,405.82
-1.0,864,10,35351.932935765,35355.053279274,405.855,405.765
1.0,75,3,35355.302152224,35355.54618253,405.75,405.775
-1.0,110,4,35355.687105321,35356.39780384,405.84,405.785
1.0,215,5,35357.033384145,35357.036684706,405.815,405.845
-1.0,100,1,35357.399342228,35357.399342228,405.865,405.855
1.0,510,7,35357.399398624,35360.910474538,405.845,405.96
-1.0,20,2,35361.579509369,35361.579515823,405.965,405.96
1.0,32,1,35361.737718897,35361.737718897,405.93,405.93
-1.0,445,14,35362.452488694,35365.993101265,405.93,405.855
1.0,35,2,35367.334679633,35367.958757957,405.825,405.875
-1.0,101,3,35368.512167739,35368.693881158,405.93,405.895
1.0,217,6,35370.786633597,35371.066945301,405.885,405.905
-1.0,505,7,35371.359787318,35371.391701097,405.93,405.885
1.0,173,3,35372.823071073,35372.823092002,405.865,405.89
-1.0,207,9,35375.006078982,35376.900658171,405.88,405.855
1.0,760,17,35377.66983147,35377.995146402,405.88,405.995
-1.0,100,1,35378.256870807,35378.256870807,406.025,406.015
1.0,607,10,35379.218601001,35379.239728201,406.04,406.1
-1.0,50,2,35379.273975068,35379.273996059,406.095,406.075
1.0,501,6,35379.27404013,35379.365630323,406.07,406.16
-1.0,5,1,35379.365648906,35379.365648906,406.16,406.12
1.0,1082,17,35379.366273297,35379.368710118,406.11,406.19
-1.0,27,4,35379.368886844,35379.36895203,406.19,406.19
1.0,100,1,35379.369416153,35379.369416153,406.175,406.18
-1.0,160,4,35379.373615961,35379.974251361,406.185,406.13
1.0,164,2,35381.266143929,35381.266168525,406.115,406.125
-1.0,100,1,35381.266446428,35381.266446428,406.15,406.14
1.0,940,17,35381.465776089,35382.17847785,406.15,406.195
-1.0,154,3,35382.179059114,35382.179175563,406.21,406.19
1.0,2,1,35382.179371887,35382.179371887,406.17,406.17
-1.0,171,6,35382.179455085,35382.181322889,406.17,406.1
1.0,175,3,35382.182799034,35382.182799034,406.1,406.105
-1.0,5,1,35382.187953091,35382.187953091,406.12,406.11
1.0,100,1,35382.188140516,35382.188140516,406.095,406.105
-1.0,49,2,35382.188241838,35382.188266028,406.1,406.1
1.0,255,5,35382.189720683,35382.192115267,406.095,406.115
-1.0,450,5,35382.253631218,35382.32762055,406.13,406.095
1.0,130,3,35383.584726386,35383.584754033,406.11,406.125
-1.0,101,2,35384.246667886,35384.246667886,406.135,406.13
1.0,50,1,35384.254943333,35384.254943333,406.115,406.115
-1.0,151,4,35384.261889195,35384.868299228,406.125,406.09
1.0,31,1,35385.724148928,35385.724148928,406.145,406.155
-1.0,121,3,35386.572130596,35386.572146809,406.165,406.16
1.0,3,1,35386.572467333,35386.572467333,406.13,406.13
-1.0,251,3,35386.572815159,35386.572815159,406.13,406.125
1.0,40,2,35386.580199129,35386.580214113,406.095,406.105
-1.0,845,9,35388.3389255,35389.273243037,406.15,406.04
1.0,3,1,35389.273671312,35389.273671312,406.0,406.015
-1.0,203,5,35389.279248249,35389.838730876,406.0,405.995
1.0,636,8,35389.875913823,35389.889220679,406.03,406.085
-1.0,300,6,35389.889315979,35389.889388267,406.085,406.07
1.0,211,4,35389.889444557,35389.889555796,406.07,406.07
-1.0,1117,17,35390.13848041,35391.383686392,406.07,406.025
1.0,585,6,35391.631626587,35391.77600093,406.025,406.035
-1.0,635,11,35391.778808879,35391.975276797,406.02,405.955
1.0,2,1,35393.058957701,35393.058957701,405.94,405.955
-1.0,100,2,35394.654779375,35394.654802404,405.955,405.95
1.0,452,7,35394.99846089,35395.653097006,405.975,405.995
-1.0,100,1,35395.65319867,35395.65319867,406.005,405.985
1.0,400,6,35395.653455283,35395.752636844,405.98,406.02
-1.0,366,7,35396.48490856,35396.797618447,405.985,405.925
1.0,35,1,35398.210196664,35398.210196664,405.92,405.945
-1.0,369,13,35398.668021926,35399.212637409,405.94,405.86
1.0,238,4,35400.014626357,35400.014681012,405.885,405.905
-1.0,10,1,35400.015262403,35400.015262403,405.935,405.935
1.0,50,1,35401.102001215,35401.102001215,405.86,405.865
-1.0,58,4,35401.102463359,35401.316130235,405.885,405.85
1.0,400,6,35401.373128362,35401.380965557,405.85,405.865
-1.0,100,1,35401.381367163,35401.381367163,405.89,405.87
1.0,304,6,35401.382529587,35401.79413011,405.865,405.88
-1.0,31,1,35405.834290994,35405.834290994,405.95,405.935
1.0,1742,14,35406.008590349,35406.433469663,405.935,405.935
-1.0,201,3,35406.812541691,35406.906364442,405.925,405.905
1.0,897,16,35407.283249463,35408.979205191,405.89,405.995
-1.0,110,4,35408.979486286,35410.786264206,405.99,405.965
1.0,90,2,35411.083993857,35411.083993857,405.96,405.96
-1.0,109,4,35412.701252157,35412.701345796,405.94,405.92
1.0,790,13,35413.816209884,35414.904697937,405.92,405.995
-1.0,200,3,35414.904819527,35414.904852229,405.995,405.985
1.0,321,4,35414.90704276,35417.158575645,405.955,405.965
-1.0,100,1,35417.173191162,35417.173191162,405.98,405.975
1.0,2764,44,35417.173439655,35417.412730939,405.97,406.1
-1.0,802,8,35417.444555218,35417.444670125,406.11,406.1
1.0,65,2,35417.764917125,35418.882000541,406.1,406.07
-1.0,1301,23,35419.744760082,35422.730323674,406.105,405.875
1.0,391,8,35422.925118722,35423.029431048,405.875,405.885
-1.0,730,17,35423.906784248,35427.252387358,405.895,405.84
1.0,307,7,35427.326066596,35427.634393842,405.835,405.905
-1.0,332,3,35428.371941946,35428.801245322,405.89,405.83
1.0,70,1,35428.808691254,35428.808691254,405.81,405.825
-1.0,1,1,35429.430532685,35429.430532685,405.865,405.845
1.0,753,11,35430.089479166,35430.728586459,405.84,406.01
-1.0,156,4,35430.844529311,35432.134316043,406.035,406.025
1.0,209,4,35434.261832975,35434.261879252,406.04,406.05
-1.0,3,1,35434.262120487,35434.262120487,406.065,406.055
1.0,4,1,35434.440611048,35434.440611048,406.035,406.055
-1.0,104,3,35434.440672777,35434.440811089,406.045,406.035
1.0,200,2,35434.440945951,35434.441181961,406.03,406.045
-1.0,677,14,35434.588465881,35439.279405215,406.055,405.9
1.0,565,7,35439.279435059,35439.2937332,405.885,405.92
-1.0,130,1,35439.385360416,35439.385360416,405.96,405.96
1.0,532,11,35439.723663126,35440.298792534,405.955,406.01
-1.0,420,2,35440.359200436,35440.555556957,406.015,406.01
1.0,159,4,35440.967947068,35441.264746263,406.015,406.04
-1.0,1193,26,35443.335278295,35450.320341225,406.03,405.905
1.0,40,2,35450.737517566,35450.737843815,405.905,405.91
-1.0,419,9,35452.247236276,35453.728846601,405.935,405.875
1.0,3,1,35453.72916108,35453.72916108,405.855,405.875
-1.0,11,1,35453.729417563,35453.729417563,405.865,405.855
1.0,230,9,35453.729519652,35455.235156551,405.85,405.885
-1.0,407,9,35456.444882951,35456.446012638,405.85,405.79
1.0,290,6,35456.44688902,35457.183735968,405.795,405.84
-1.0,1335,27,35457.183836815,35460.371572311,405.86,405.71
1.0,1,1,35460.458736887,35460.458736887,405.71,405.715
-1.0,249,6,35460.458822747,35460.458916971,405.745,405.71
1.0,85,1,35460.459882061,35460.459882061,405.7,405.7
-1.0,4,1,35460.617776723,35460.617776723,405.72,405.72
1.0,200,2,35460.72570988,35460.72570988,405.72,405.725
-1.0,337,8,35460.725795749,35463.406258611,405.74,405.66
1.0,2,1,35463.406497337,35463.406497337,405.655,405.66
-1.0,9,3,35463.407524911,35463.415724606,405.665,405.64
1.0,140,2,35463.573147492,35463.573147492,405.66,405.67
-1.0,10,1,35463.78350065,35463.78350065,405.685,405.67
1.0,240,3,35464.057947838,35464.057975985,405.67,405.685
-1.0,150,4,35465.078881882,35465.079023911,405.675,405.665
1.0,318,6,35468.405593536,35468.405627315,405.685,405.695
-1.0,273,6,35468.74849127,35479.186848859,405.745,405.675
1.0,140,2,35479.820963937,35479.820996235,405.665,405.685
-1.0,26,2,35480.568961989,35480.568961989,405.68,405.68
1.0,624,13,35481.310046415,35481.310946468,405.675,405.74
-1.0,2,2,35483.078785368,35483.079502629,405.7,405.655
1.0,260,6,35483.079648205,35483.083312244,405.635,405.66
-1.0,575,9,35483.169351128,35485.898136,405.675,405.615
1.0,561,10,35487.695050685,35490.146826566,405.6,405.67
-1.0,458,16,35492.033219381,35494.785755575,405.65,405.525
1.0,140,2,35494.882064068,35494.882064068,405.525,405.53
-1.0,1406,9,35495.359721138,35495.751489229,405.54,405.505
1.0,2,1,35495.751561142,35495.751561142,405.505,405.515
-1.0,80,1,35495.751600809,35495.751600809,405.515,405.515
1.0,461,6,35495.751654089,35495.751706287,405.515,405.52
-1.0,1566,10,35495.751751465,35495.751790211,405.52,405.515
1.0,610,14,35495.751908084,35495.774641402,405.515,405.605
-1.0,3,2,35495.775144594,35495.775230845,405.61,405.595
1.0,417,9,35495.800718228,35497.967784441,405.58,405.7
-1.0,329,8,35497.973645023,35499.609637327,405.745,405.74
1.0,223,4,35499.617028647,35500.05370297,405.73,405.805
-1.0,69,1,35500.053888716,35500.053888716,405.815,405.815
1.0,201,6,35501.310761775,35504.283068437,405.78,405.84
-1.0,353,5,35504.858644747,35504.858731269,405.88,405.83
1.0,100,1,35504.858748226,35504.858748226,405.83,405.86
-1.0,147,3,35504.858831511,35504.859346653,405.85,405.835
1.0,749,10,35507.909220017,35507.909227197,405.805,405.85
-1.0,727,14,35509.302088447,35512.684257466,405.855,405.74
1.0,100,1,35512.690883419,35512.690883419,405.73,405.735
-1.0,285,3,35512.691409262,35513.004016023,405.79,405.785
1.0,294,7,35516.388536849,35516.38858513,405.785,405.805
-1.0,100,1,35517.236862772,35517.236862772,405.835,405.825
1.0,326,3,35519.26344737,35520.096200865,405.83,405.895
-1.0,141,4,35520.68637018,35522.716299725,405.915,405.885
1.0,93,2,35522.716310402,35522.716310402,405.885,405.89
-1.0,333,4,35522.716360294,35522.717248265,405.9,405.86
1.0,140,3,35523.263676521,35523.263715286,405.84,405.86
-1.0,500,9,35524.894303334,35524.894793909,405.875,405.835
1.0,2536,2,35524.901175129,35524.901196936,405.82,405.825
-1.0,63,2,35527.086936794,35527.086991033,405.875,405.865
1.0,356,6,35528.146895668,35528.147265171,405.865,405.91
-1.0,175,2,35528.206325864,35529.193632106,405.92,405.9
1.0,100,2,35529.408121586,35529.408134389,405.905,405.92
-1.0,100,1,35529.408196872,35529.408196872,405.945,405.92
1.0,589,17,35529.417998881,35529.422525506,405.96,406.005
-1.0,350,6,35529.560718048,35529.97934826,405.995,405.885
1.0,422,3,35529.979363312,35530.286801213,405.885,405.89
-1.0,1128,32,35530.336912745,35535.666239043,405.925,405.775
1.0,41,3,35536.963136198,35536.963164518,405.745,405.76
-1.0,250,6,35538.320348593,35538.814251915,405.76,405.735
1.0,503,7,35538.820259646,35539.221973258,405.735,405.81
-1.0,209,7,35539.869196252,35540.856309381,405.78,405.74
1.0,300,3,35540.862548506,35541.378508069,405.745,405.81
-1.0,469,6,35542.711222728,35544.295237942,405.8,405.74
1.0,674,13,35544.302727643,35545.968253893,405.735,405.89
-1.0,258,6,35547.76844103,35549.122116203,405.87,405.835
1.0,538,6,35550.74264531,35550.743380844,405.855,405.915
-1.0,119,4,35551.876695696,35554.279825292,405.9,405.815
1.0,1,1,35554.579370587,35554.579370587,405.725,405.725
-1.0,680,22,35554.691768539,35555.070610507,405.725,405.61
1.0,142,4,35556.019290955,35556.0193474,405.615,405.63
-1.0,722,14,35558.438458181,35560.275777567,405.67,405.565
1.0,100,2,35560.340169577,35560.35367569,405.54,405.545
-1.0,175,4,35560.500995582,35560.562161164,405.565,405.55
1.0,506,8,35561.182860935,35561.18393391,405.56,405.645
-1.0,323,7,35561.238544115,35562.699764493,405.645,405.645
1.0,935,16,35564.052582275,35566.692564616,405.655,405.86
-1.0,645,14,35570.78873327,35572.751124255,405.86,405.715
1.0,290,7,35572.810822343,35572.810948675,405.715,405.74
-1.0,116,4,35573.864744176,35575.271264615,405.74,405.71
1.0,373,7,35576.489310555,35576.702549973,405.715,405.745
-1.0,245,5,35579.126944236,35579.59653671,405.75,405.73
1.0,388,6,35581.54171279,35581.541772375,405.74,405.785
-1.0,148,4,35581.767173958,35585.156026879,405.795,405.77
1.0,40,1,35587.266164461,35587.266164461,405.77,405.775
-1.0,50,2,35587.342827712,35587.342876744,405.79,405.78
1.0,129,2,35588.368674713,35588.368674713,405.77,405.775
-1.0,1150,30,35588.368698482,35595.796271669,405.8,405.575
1.0,50,2,35595.797104632,35595.797131422,405.56,405.565
-1.0,352,4,35595.797160711,35595.797160711,405.575,405.56
1.0,107,3,35595.797355728,35595.797355728,405.555,405.57
-1.0,1198,12,35595.797777726,35595.818980268,405.57,405.49
1.0,207,4,35596.441996293,35596.853086681,405.48,405.485
-1.0,51,2,35596.87192938,35596.890663854,405.52,405.5
1.0,741,11,35596.941331418,35599.712134129,405.48,405.515
-1.0,231,9,35606.003986982,35606.005034024,405.49,405.45
1.0,145,3,35606.44382126,35606.757237836,405.445,405.495
-1.0,1204,36,35607.986379411,35610.015072644,405.445,405.22
1.0,240,5,35610.015415631,35610.015537606,405.19,405.205
-1.0,133,5,35610.016052083,35610.295646368,405.205,405.19
1.0,100,2,35610.397864552,35610.397885425,405.19,405.2
-1.0,392,7,35610.40133885,35611.489483584,405.2,405.16
1.0,450,8,35611.490323062,35613.02068224,405.18,405.27
-1.0,1318,21,35614.844226224,35614.867552651,405.32,405.15
1.0,2,1,35614.867571632,35614.867571632,405.13,405.15
-1.0,818,14,35614.868185647,35614.87443418,405.16,405.115
1.0,4,1,35614.874487317,35614.874487317,405.105,405.115
-1.0,171,6,35614.877411477,35614.877411477,405.105,405.1
1.0,4,2,35614.877434668,35614.877450102,405.1,405.11
-1.0,396,7,35614.878655891,35614.883283829,405.115,405.08
1.0,106,3,35614.884418807,35614.884418807,405.08,405.1
-1.0,126,4,35614.884690149,35614.884715848,405.09,405.08
1.0,2,1,35614.884952301,35614.884952301,405.075,405.08
-1.0,170,6,35614.885474446,35614.888779578,405.09,405.09
1.0,2,1,35614.889082673,35614.889082673,405.085,405.09
-1.0,2,1,35614.890983268,35614.890983268,405.13,405.125
1.0,3,1,35614.893251254,35614.893251254,405.09,405.1
-1.0,301,4,35614.893971826,35614.897046613,405.11,405.07
1.0,2,1,35614.897291414,35614.897291414,405.07,405.07
-1.0,320,7,35614.900115765,35614.904747241,405.08,405.045
1.0,83,2,35614.905005825,35614.905005825,405.045,405.045
-1.0,509,14,35614.907236743,35614.91125549,405.045,405.025
1.0,66,5,35614.911640725,35614.925560178,405.02,405.01
-1.0,1472,66,35614.928658119,35614.930690045,405.01,404.945
1.0,250,3,35614.934383893,35614.934383893,404.95,404.965
-1.0,1000,4,35614.935826176,35615.014433323,405.005,404.955
1.0,206,3,35615.01486745,35615.014930573,404.935,404.955
-1.0,41,3,35615.014963979,35615.015092123,404.955,404.955
1.0,350,4,35615.019015074,35615.020142626,404.955,404.99
-1.0,71,1,35615.020191277,35615.020191277,405.02,404.99
1.0,200,2,35615.020543295,35615.025216351,404.975,404.995
-1.0,4,2,35615.026313896,35615.027437232,405.01,404.975
1.0,185,2,35615.031992654,35615.033191924,404.975,405.015
-1.0,30,1,35615.033393691,35615.033393691,405.015,405.015
1.0,1023,16,35615.06356426,35625.655677575,404.975,405.315
-1.0,257,5,35626.392878233,35627.514900679,405.315,405.23
1.0,441,7,35627.986260475,35627.986617119,405.24,405.295
-1.0,150,2,35627.98680622,35627.98687382,405.265,405.245
1.0,536,11,35627.98728053,35635.257126951,405.245,405.285
-1.0,621,12,35636.422377052,35639.376909467,405.27,405.205
1.0,105,2,35639.391128388,35639.53672442,405.195,405.22
-1.0,152,4,35640.040033728,35641.713753455,405.255,405.24
1.0,1604,11,35641.716508497,35641.721768248,405.235,405.31
-1.0,4,1,35641.722137547,35641.722137547,405.305,405.295
1.0,693,13,35641.722762152,35642.793551172,405.27,405.325
-1.0,235,5,35643.545133125,35643.54518522,405.345,405.325
1.0,298,7,35646.137108989,35646.13712936,405.355,405.365
-1.0,881,29,35647.100671266,35648.81771641,405.355,405.165
1.0,393,7,35649.909292337,35649.916482912,405.195,405.26
-1.0,200,3,35649.917367187,35649.917691977,405.27,405.22
1.0,410,7,35652.854119093,35652.891493881,405.24,405.285
-1.0,340,4,35652.891856505,35652.980819184,405.3,405.255
1.0,1050,5,35653.142900398,35653.164140189,405.235,405.255
-1.0,1,1,35653.609188483,35653.609188483,405.3,405.27
1.0,193,5,35656.78931103,35657.086438126,405.285,405.38
-1.0,178,4,35660.48718776,35660.853588413,405.395,405.335
1.0,301,5,35663.080814937,35663.080931517,405.305,405.33
-1.0,1232,16,35663.557027813,35666.236483678,405.335,405.185
1.0,140,4,35668.289589842,35668.289618029,405.175,405.18
-1.0,100,1,35668.289671576,35668.289671576,405.205,405.19
1.0,102,5,35669.195114495,35670.192781791,405.225,405.27
-1.0,55,1,35670.192861498,35670.192861498,405.28,405.28
1.0,243,5,35670.773547567,35672.16823284,405.295,405.39
-1.0,230,7,35673.377445949,35673.914031933,405.4,405.35
1.0,187,16,35677.696563094,35678.023345525,405.4,405.58
-1.0,6,1,35678.023380697,35678.023380697,405.58,405.56
1.0,1601,28,35678.023630782,35679.482738678,405.56,405.64
-1.0,541,7,35680.384777815,35685.925416471,405.67,405.59
1.0,1,1,35688.00019084,35688.00019084,405.545,405.55
-1.0,626,17,35689.110611194,35700.371567277,405.57,405.44
1.0,377,7,35700.502156441,35700.706068059,405.455,405.495
-1.0,131,4,35700.865252357,35701.179217318,405.52,405.49
1.0,32,2,35701.58310313,35701.900864883,405.47,405.48
-1.0,106,6,35702.327995636,35702.473806873,405.445,405.385
1.0,327,5,35703.153922624,35705.514858467,405.4,405.49
-1.0,4,2,35706.552757681,35706.552773583,405.475,405.465
1.0,18,1,35706.553566978,35706.553566978,405.455,405.465
-1.0,107,2,35706.553591987,35706.553840195,405.49,405.46
1.0,100,2,35707.384766867,35707.384766867,405.455,405.46
-1.0,75,1,35709.214496137,35709.214496137,405.46,405.445
1.0,221,4,35709.581895315,35709.634541606,405.44,405.45
-1.0,102,2,35709.634837618,35709.640217203,405.485,405.46
1.0,414,9,35710.288597966,35711.450073845,405.465,405.655
-1.0,70,3,35711.939794457,35711.984169777,405.655,405.63
1.0,61,1,35712.097437142,35712.097437142,405.665,405.675
-1.0,734,5,35712.097505219,35712.82272869,405.69,405.64
1.0,281,7,35714.502129711,35714.609088763,405.605,405.68
-1.0,106,2,35714.609281857,35714.909002407,405.7,405.665
1.0,2,1,35714.909473534,35714.909473534,405.665,405.68
-1.0,82,2,35715.455622091,35715.466073482,405.7,405.68
1.0,45,2,35717.648649302,35717.648649302,405.65,405.66
-1.0,60,3,35717.761368719,35717.762345954,405.675,405.635
1.0,150,2,35718.102506739,35718.102506739,405.665,405.675
-1.0,100,1,35718.102535636,35718.102535636,405.715,405.675
1.0,479,7,35718.106136639,35718.120394909,405.695,405.77
-1.0,152,3,35718.120423272,35718.122226687,405.8,405.775
1.0,372,6,35718.128242544,35718.145865146,405.76,405.825
-1.0,627,8,35718.150597703,35720.804835397,405.855,405.74
1.0,48,3,35722.270173109,35722.314196495,405.795,405.795
-1.0,1337,31,35722.383426232,35730.674023108,405.79,405.515
1.0,291,7,35731.204594104,35731.205393937,405.51,405.575
-1.0,158,5,35731.322266372,35732.846229492,405.57,405.535
1.0,20,1,35734.925230874,35734.925230874,405.555,405.56
-1.0,28,1,35735.068799745,35735.068799745,405.57,405.57
1.0,213,5,35735.069094273,35737.249832209,405.53,405.575
-1.0,304,7,35737.870815015,35741.929301843,405.635,405.615
1.0,1,1,35741.937956868,35741.937956868,405.56,405.57
-1.0,421,16,35742.822802577,35747.128244617,405.59,405.485
1.0,240,5,35747.514186528,35747.537690395,405.475,405.495
-1.0,116,3,35748.640900144,35748.640900144,405.54,405.525
1.0,243,4,35751.525088864,35752.448250416,405.475,405.48
-1.0,230,11,35754.56026642,35755.717634932,405.47,405.39
1.0,245,4,35756.160829784,35756.470200552,405.345,405.36
-1.0,380,15,35759.836022284,35759.840546703,405.365,405.29
1.0,17,1,35759.840883272,35759.840883272,405.29,405.295
-1.0,83,4,35759.840912048,35760.836033823,405.315,405.31
1.0,140,2,35761.718232725,35761.718232725,405.31,405.32
-1.0,804,21,35761.763608931,35763.942924795,405.365,405.225
1.0,241,5,35763.963163253,35765.142182607,405.21,405.31
-1.0,51,2,35765.238192444,35765.276907725,405.31,405.275
1.0,1223,21,35767.174643173,35771.123090224,405.27,405.47
-1.0,21,1,35771.469979355,35771.469979355,405.475,405.47
1.0,248,5,35771.586726608,35777.549829714,405.455,405.56
-1.0,190,3,35779.321299224,35783.763857473,405.57,405.57
1.0,558,5,35784.454972539,35784.456027195,405.575,405.63
-1.0,460,5,35784.470852811,35784.477416152,405.655,405.58
1.0,1300,8,35784.477720774,35784.739207591,405.58,405.61
-1.0,200,3,35786.560228039,35786.560403871,405.595,405.565
1.0,905,10,35788.527413249,35788.554933255,405.575,405.68
-1.0,100,1,35788.558297627,35788.558297627,405.685,405.68
1.0,737,8,35788.558551072,35788.817402458,405.66,405.72
-1.0,150,3,35788.877976646,35788.878024322,405.745,405.725
1.0,83,2,35790.091054257,35790.256630991,405.705,405.71
-1.0,300,4,35792.169512543,35792.256546054,405.71,405.64
1.0,287,5,35793.192326761,35793.213230975,405.615,405.64
-1.0,55,4,35795.976609421,35795.976832684,405.67,405.65
1.0,340,5,35800.315319344,35800.315363033,405.605,405.615
-1.0,366,8,35801.143485544,35802.44037318,405.625,405.55
1.0,240,3,35802.934502703,35802.934502703,405.56,405.565
-1.0,278,2,35802.934896111,35802.935898104,405.595,405.605
1.0,145,2,35802.943232768,35802.94329492,405.585,405.59
-1.0,413,7,35807.04436778,35807.044374129,405.57,405.56
1.0,100,1,35807.044427511,35807.044427511,405.535,405.56
-1.0,129,7,35807.364652326,35807.616791064,405.545,405.545
1.0,308,6,35808.46996586,35810.26414446,405.555,405.59
-1.0,111,4,35811.467030644,35812.53550969,405.62,405.58
1.0,199,3,35812.535799365,35812.910235553,405.565,405.545
-1.0,305,9,35813.650882498,35816.418407086,405.585,405.495
1.0,126,4,35816.939349846,35819.117590777,405.485,405.52
-1.0,36,3,35819.488163954,35819.488207177,405.52,405.51
1.0,414,7,35819.793987727,35820.14574094,405.5,405.52
-1.0,4,1,35820.828128243,35820.828128243,405.52,405.51
1.0,50,1,35820.899127413,35820.899127413,405.515,405.52
-1.0,102,2,35821.480420424,35821.480433969,405.535,405.53
1.0,70,1,35821.886217334,35821.886217334,405.5,405.5
-1.0,102,5,35822.572801035,35822.697855969,405.535,405.515
1.0,722,11,35823.723991937,35824.005645202,405.535,405.57
-1.0,3,1,35824.008114278,35824.008114278,405.585,405.585
1.0,60,1,35824.954666969,35824.954666969,405.535,405.535
-1.0,94,3,35825.021062334,35825.045791054,405.535,405.535
1.0,20,1,35825.938497881,35825.938497881,405.535,405.535
-1.0,237,7,35826.456211667,35827.127910368,405.53,405.5
1.0,109,4,35827.201334063,35829.197292524,405.5,405.54
-1.0,3,1,35829.758073548,35829.758073548,405.59,405.575
1.0,15,2,35829.887138112,35830.11796727,405.585,405.63
-1.0,680,9,35831.395049785,35835.037780559,405.645,405.525
1.0,194,4,35835.043921077,35835.152039791,405.535,405.57
-1.0,8,3,35836.351133073,35836.969408829,405.61,405.58
1.0,103,2,35836.969663227,35836.969663227,405.58,405.58
-1.0,264,7,35837.661142762,35839.750996643,405.58,405.515
1.0,167,4,35839.812250237,35841.362744691,405.48,405.54
-1.0,130,3,35842.090434119,35842.612504051,405.545,405.51
1.0,198,4,35842.714520852,35842.714523322,405.535,405.545
-1.0,103,3,35842.714553066,35842.714553066,405.545,405.525
1.0,2,1,35843.095334507,35843.095334507,405.525,405.53
-1.0,6,2,35843.097899462,35844.032854241,405.55,405.545
1.0,305,6,35844.03800952,35844.673151264,405.53,405.575
-1.0,364,6,35845.388380011,35846.922439763,405.575,405.49
1.0,100,3,35847.405236507,35847.405726693,405.455,405.47
-1.0,569,10,35848.204379902,35848.227788354,405.455,405.415
1.0,140,2,35849.129366978,35849.129366978,405.39,405.4
-1.0,61,3,35850.680501763,35850.731041759,405.41,405.36
1.0,913,15,35851.523514567,35855.477334442,405.39,405.55
-1.0,200,2,35857.065396084,35857.644305961,405.56,405.54
1.0,479,13,35858.411852223,35858.441925542,405.545,405.605
-1.0,100,2,35860.091170101,35860.091172909,405.575,405.555
1.0,1,1,35860.488038365,35860.488038365,405.55,405.57
-1.0,307,6,35861.260832567,35861.261211167,405.535,405.51
1.0,313,9,35863.50997046,35865.166026823,405.525,405.57
-1.0,189,6,35865.166244237,35866.975384304,405.59,405.495
1.0,317,5,35867.635874045,35868.171674225,405.465,405.485
-1.0,100,2,35868.172009199,35868.172030047,405.495,405.49
1.0,300,3,35868.55525838,35868.56643927,405.48,405.51
-1.0,500,6,35868.566755723,35868.566793557,405.505,405.495
1.0,578,8,35868.590156895,35868.709064239,405.48,405.49
-1.0,8,1,35868.814732519,35868.814732519,405.49,405.48
1.0,483,6,35868.814753951,35871.264899302,405.47,405.53
-1.0,260,5,35872.432979803,35878.33947817,405.425,405.44
1.0,826,14,35878.909340398,35882.676945164,405.43,405.515
-1.0,332,7,35882.709573298,35882.799225773,405.515,405.455
1.0,16,1,35882.802577036,35882.802577036,405.445,405.445
-1.0,210,5,35883.793737932,35886.284008757,405.46,405.405
1.0,1,1,35888.30262417,35888.30262417,405.385,405.385
-1.0,383,12,35888.519033682,35889.345647175,405.385,405.28
1.0,78,2,35890.149633416,35890.150094347,405.28,405.285
-1.0,693,4,35890.198315014,35890.201307707,405.28,405.225
1.0,140,3,35890.201338578,35890.201405334,405.205,405.24
-1.0,135,2,35890.201805528,35890.201829284,405.24,405.24
1.0,10,1,35891.594506287,35891.594506287,405.27,405.27
-1.0,4,1,35892.296030903,35892.296030903,405.265,405.26
1.0,33,2,35893.101302123,35894.831560495,405.24,405.26
-1.0,50,1,35894.919262847,35894.919262847,405.255,405.245
1.0,5,1,35895.000520055,35895.000520055,405.21,405.21
-1.0,1314,11,35895.136107352,35898.063358277,405.245,405.155
1.0,245,4,35898.070725072,35898.082916879,405.145,405.165
-1.0,203,6,35900.343505313,35901.773740949,405.16,405.125
1.0,1351,33,35902.619576089,35913.819823908,405.13,405.43
-1.0,50,1,35914.684070344,35914.684070344,405.445,405.445
1.0,342,12,35914.684118879,35920.619004967,405.44,405.49
-1.0,51,3,35921.769609763,35923.631239045,405.51,405.52
1.0,461,10,35925.540156735,35926.955474904,405.525,405.645
-1.0,859,17,35927.248131003,35932.451830745,405.675,405.595
1.0,486,7,35932.76955564,35934.95268344,405.585,405.61
-1.0,579,21,35940.032304077,35941.16617901,405.66,405.615
1.0,40,1,35941.553118267,35941.553118267,405.605,405.605
-1.0,160,5,35942.305218649,35942.678285813,405.635,405.62
1.0,201,3,35943.418295151,35943.418606562,405.63,405.65
-1.0,69,2,35944.361773727,35944.361773727,405.67,405.67
1.0,100,1,35944.60195713,35944.60195713,405.68,405.685
-1.0,100,1,35944.602000046,35944.602000046,405.7,405.685
1.0,108,4,35944.602411945,35944.701469921,405.695,405.715
-1.0,100,2,35944.716188397,35944.716221772,405.715,405.705
1.0,556,12,35944.98952697,35944.992437974,405.7,405.75
-1.0,1167,27,35945.059037399,35952.92358881,405.75,405.65
1.0,442,9,35953.12148477,35954.067953205,405.64,405.665
-1.0,305,7,35954.898149373,35954.899224616,405.64,405.595
1.0,106,3,35954.899759775,35956.07205435,405.59,405.655
-1.0,10,2,35957.32739307,35957.413372736,405.66,405.655
1.0,640,3,35957.430544353,35958.16151574,405.62,405.665
-1.0,210,4,35958.161932699,35959.256553719,405.68,405.64
1.0,50,1,35959.789088746,35959.789088746,405.645,405.645
-1.0,100,1,35960.592467172,35960.592467172,405.68,405.67
1.0,159,6,35960.717280802,35960.717280802,405.685,405.71
-1.0,154,3,35961.24827605,35961.333885142,405.72,405.71
1.0,206,4,35963.6750423,35963.680239028,405.72,405.765
-1.0,654,18,35963.710442643,35965.876068997,405.78,405.615
1.0,210,4,35965.876911441,35966.498649909,405.61,405.62
-1.0,206,5,35966.84978637,35966.861466817,405.62,405.6
1.0,100,1,35966.87234818,35966.87234818,405.61,405.62
-1.0,21,1,35966.875649153,35966.875649153,405.63,405.63
1.0,38,1,35967.372462972,35967.372462972,405.665,405.665
-1.0,100,1,35969.073639485,35969.073639485,405.71,405.695
1.0,98,2,35970.550472723,35970.550472723,405.7,405.705
-1.0,500,2,35971.415736564,35971.415763028,405.765,405.76
1.0,1203,10,35971.416801428,35973.477565451,405.725,405.82
-1.0,100,1,35974.037925637,35974.037925637,405.835,405.825
1.0,346,5,35974.446537906,35974.59996351,405.81,405.86
-1.0,2,1,35974.600400998,35974.600400998,405.875,405.87
1.0,167,5,35975.258716882,35975.25874797,405.865,405.87
-1.0,202,3,35975.393736697,35975.399276662,405.88,405.87
1.0,92,8,35975.946591604,35975.979786132,405.865,405.905
-1.0,150,2,35976.806475532,35976.850710373,405.89,405.85
1.0,380,7,35977.872952257,35977.985555009,405.845,405.875
-1.0,150,3,35978.547822599,35978.547871389,405.895,405.88
1.0,215,4,35978.755596052,35979.050063444,405.855,405.895
-1.0,100,1,35980.161187889,35980.161187889,405.905,405.895
1.0,60,2,35980.418317095,35980.873152877,405.865,405.895
-1.0,212,6,35981.264519053,35982.483645265,405.91,405.875
1.0,590,8,35982.774290382,35982.774290382,405.84,405.86
-1.0,314,7,35983.330566737,35983.72956472,405.845,405.79
1.0,302,2,35983.907608358,35983.907634811,405.78,405.8
-1.0,510,9,35983.90799683,35985.065236066,405.81,405.73
1.0,46,1,35985.362244249,35985.362244249,405.73,405.73
-1.0,1,1,35985.449248501,35985.449248501,405.73,405.72
1.0,561,6,35987.016769091,35987.017096029,405.715,405.775
-1.0,450,10,35987.504216419,35987.50867202,405.755,405.695
1.0,100,1,35987.612392721,35987.612392721,405.69,405.69
-1.0,1984,17,35987.786038972,35988.400502817,405.7,405.64
1.0,100,1,35988.854753253,35988.854753253,405.64,405.65
-1.0,1,1,35989.404119902,35989.404119902,405.71,405.7
1.0,278,5,35991.07329032,35991.073298477,405.77,405.77
-1.0,3,1,35992.483075857,35992.483075857,405.79,405.785
1.0,802,3,35993.487008048,35993.487035242,405.81,405.815
-1.0,405,8,35993.487643653,35994.370375071,405.85,405.765
1.0,526,10,35994.424789044,35995.939660399,405.775,405.85
-1.0,15,1,35995.939942828,35995.939942828,405.885,405.885
1.0,135,2,35995.939962975,35995.939962975,405.885,405.885
-1.0,85,1,35995.939964431,35995.939964431,405.885,405.875
1.0,210,3,35995.939966519,35995.940192814,405.875,405.885
-1.0,50,2,35995.940556025,35995.951643417,405.9,405.89
1.0,94,2,35997.109557634,35997.109557634,405.875,405.885
-1.0,100,3,35997.162673351,35997.162770398,405.905,405.895
1.0,854,13,35997.62943898,35998.835338309,405.88,405.945
-1.0,206,3,35998.836363994,35998.836385652,405.95,405.945
1.0,404,5,35998.836646237,35999.052182932,405.925,405.975
-1.0,564,7,35999.052568199,35999.054238828,405.99,405.965
1.0,1484,36,35999.054976231,35999.451300447,405.965,405.965
-1.0,130,2,35999.51874769,35999.519338926,405.96,405.95
1.0,166,3,35999.627929066,35999.627929066,405.915,405.925
-1.0,100,1,35999.628224763,35999.628224763,405.965,405.95
1.0,500,5,35999.62849323,35999.629666035,405.93,405.975
-1.0,100,1,35999.629728496,35999.629728496,405.99,405.985
1.0,715,10,35999.630235896,35999.651368487,405.975,405.98
-1.0,6377,99,36000.000851312,36000.071695776,405.98,405.45
1.0,111,3,36000.086339499,36000.108945118,405.315,405.37
-1.0,707,11,36000.126370286,36000.135603984,405.44,405.305
1.0,157,5,36000.137617279,36000.187996945,405.255,405.4
-1.0,200,2,36000.189421982,36000.191849202,405.44,405.34
1.0,34,2,36000.192097723,36000.192365427,405.29,405.34
-1.0,2,1,36000.245620435,36000.245620435,405.42,405.34
1.0,50,1,36000.247908663,36000.247908663,405.305,405.34
-1.0,538,6,36000.255979272,36000.309804135,405.43,405.375
1.0,112,3,36000.330916042,36000.331635177,405.36,405.425
-1.0,100,1,36000.331845101,36000.331845101,405.52,405.52
1.0,150,2,36000.334608878,36000.382145694,405.37,405.425
-1.0,320,3,36000.3928543,36000.428680207,405.465,405.42
1.0,90,1,36000.429632144,36000.429632144,405.38,405.38
-1.0,100,1,36000.433899874,36000.433899874,405.395,405.395
1.0,85,2,36000.436434846,36000.436467327,405.375,405.41
-1.0,100,3,36000.436663918,36000.436733801,405.43,405.425
1.0,100,1,36000.44164575,36000.44164575,405.365,405.42
-1.0,100,1,36000.558667226,36000.558667226,405.435,405.42
1.0,553,8,36000.57417279,36000.575713144,405.42,405.45
-1.0,100,1,36000.57575659,36000.57575659,405.47,405.445
1.0,450,12,36000.575940161,36000.57946186,405.445,405.52
-1.0,50,2,36000.584156704,36000.584991525,405.555,405.47
1.0,100,1,36000.58519304,36000.58519304,405.56,405.59
-1.0,25,1,36000.585220296,36000.585220296,405.59,405.5
1.0,246,3,36000.585857354,36000.590106961,405.55,405.535
-1.0,25,1,36000.590146656,36000.590146656,405.585,405.535
1.0,554,7,36000.590180137,36000.591750201,405.535,405.605
-1.0,25,1,36000.59178958,36000.59178958,405.63,405.615
1.0,112,2,36000.593011315,36000.593011315,405.565,405.59
-1.0,43,3,36000.593104312,36000.599317236,405.625,405.565
1.0,50,1,36000.69777915,36000.69777915,405.455,405.48
-1.0,50,1,36000.720739862,36000.720739862,405.515,405.475
1.0,1226,15,36000.724547798,36001.116120912,405.475,405.63
-1.0,150,2,36001.477688989,36001.477688989,405.71,405.705
1.0,771,13,36001.478151204,36001.567373232,405.66,405.73
-1.0,100,1,36001.567419,36001.567419,405.795,405.77
1.0,496,6,36001.677076077,36002.050234228,405.785,405.77
-1.0,150,2,36002.050297487,36002.050395548,405.84,405.785
1.0,376,6,36002.050806698,36002.057313112,405.76,405.805
-1.0,56,3,36002.072481053,36002.123173522,405.755,405.68
1.0,240,3,36002.381016547,36002.381016547,405.64,405.66
-1.0,598,4,36002.381036126,36002.381152128,405.74,405.67
1.0,104,3,36002.442765895,36002.443016868,405.675,405.68
-1.0,20,1,36005.011596537,36005.011596537,405.75,405.73
1.0,100,2,36005.012512514,36005.012512514,405.735,405.735
-1.0,250,4,36005.012756734,36005.014406571,405.73,405.69
1.0,39,1,36005.014819574,36005.014819574,405.68,405.68
-1.0,341,6,36005.016915289,36005.017736004,405.71,405.68
1.0,28,1,36005.018215608,36005.018215608,405.64,405.68
-1.0,188,4,36005.018670535,36005.018670535,405.7,405.69
1.0,312,6,36005.018772459,36005.019451132,405.65,405.7
-1.0,107,3,36005.019694623,36005.020119123,405.675,405.655
1.0,298,4,36005.020124615,36005.020572482,405.655,405.685
-1.0,5,1,36005.076140862,36005.076140862,405.735,405.705
1.0,507,3,36006.018090312,36006.018117698,405.71,405.725
-1.0,134,1,36006.018186412,36006.018186412,405.765,405.75
1.0,353,5,36006.032374228,36006.075145063,405.755,405.82
-1.0,100,1,36006.255218235,36006.255218235,405.855,405.84
1.0,143,5,36006.462138668,36006.611589251,405.8,405.9
-1.0,258,6,36006.611874935,36006.948738066,405.925,405.835
1.0,10,1,36007.576100832,36007.576100832,405.815,405.85
-1.0,29,2,36007.981951991,36008.135969776,405.91,405.89
1.0,76,3,36009.252417062,36009.36902972,405.865,405.885
-1.0,306,8,36009.442504862,36010.045110009,405.89,405.81
1.0,1,1,36010.056559523,36010.056559523,405.775,405.775
-1.0,722,11,36010.290791462,36010.871652369,405.775,405.575
1.0,190,3,36011.163558934,36011.164089674,405.535,405.59
-1.0,396,12,36011.165144857,36012.207886758,405.62,405.57
1.0,100,1,36012.207909183,36012.207909183,405.56,405.57
-1.0,287,8,36012.208473205,36012.209636633,405.56,405.495
1.0,560,12,36014.378147654,36015.214923551,405.575,405.72
-1.0,113,3,36015.297290032,36015.29765642,405.815,405.775
1.0,446,11,36015.298314068,36016.210607387,405.775,405.865
-1.0,111,2,36016.963062527,36017.126777082,405.93,405.865
1.0,562,7,36017.423593215,36017.425753684,405.875,405.99
-1.0,205,5,36017.425848797,36017.553760568,406.005,405.875
1.0,333,7,36017.555492175,36019.083160535,405.88,405.92
-1.0,330,7,36019.528516508,36019.67991675,405.93,405.75
1.0,14,2,36019.872724911,36020.821390614,405.7,405.645
-1.0,16,1,36020.82421814,36020.82421814,405.635,405.635
1.0,6,2,36021.103065454,36022.573436362,405.67,405.635
-1.0,190,7,36023.602950361,36023.603499668,405.6,405.57
1.0,100,3,36024.029458862,36024.029487179,405.55,405.555
-1.0,742,4,36024.342176122,36024.437031773,405.655,405.6
1.0,301,11,36024.59744862,36025.247452302,405.595,405.635
-1.0,280,5,36025.997034,36027.750323561,405.685,405.595
1.0,329,10,36028.636796406,36028.902790605,405.61,405.65
-1.0,200,1,36029.003438901,36029.003438901,405.695,405.64
1.0,433,7,36029.192925653,36031.021272524,405.69,405.725
-1.0,481,10,36031.666683607,36035.549630377,405.755,405.75
1.0,152,7,36036.156748737,36036.682416048,405.725,405.775
-1.0,720,20,36037.136863223,36038.204216854,405.74,405.63
1.0,3,1,36040.07669866,36040.07669866,405.635,405.635
-1.0,6696,35,36041.592514306,36041.612022806,405.625,405.475
1.0,367,9,36041.615128166,36041.711449444,405.485,405.615
-1.0,725,2,36042.142361777,36042.142544926,405.63,405.6
1.0,483,9,36042.191096461,36044.101452008,405.6,405.675
-1.0,300,3,36044.593177534,36044.593226445,405.67,405.655
1.0,1788,23,36046.241448014,36054.754978345,405.635,405.955
-1.0,6,1,36054.755623936,36054.755623936,405.985,405.98
1.0,157,3,36054.770863581,36054.770891026,405.945,405.95
-1.0,1207,19,36056.096234552,36056.267297756,405.94,405.865
1.0,781,13,36057.482030087,36060.002454129,405.885,405.95
-1.0,4,1,36061.017619313,36061.017619313,405.97,405.955
1.0,44,3,36061.248054429,36061.329547753,405.965,405.97
-1.0,100,1,36061.338073122,36061.338073122,405.98,405.97
1.0,830,16,36061.7570896,36062.316984516,405.96,406.02
-1.0,100,1,36062.317250442,36062.317250442,406.03,406.025
1.0,2,1,36062.317720399,36062.317720399,406.005,406.03
-1.0,53,2,36062.323088605,36062.323101116,406.055,406.055
1.0,2538,47,36062.474949153,36063.698659994,406.05,406.255
-1.0,100,2,36063.704547662,36063.704568805,406.26,406.255
1.0,438,15,36063.704829415,36063.706461572,406.24,406.28
-1.0,190,6,36063.709025249,36063.710274394,406.295,406.265
1.0,1920,26,36063.710549787,36063.732558679,406.27,406.325
-1.0,100,1,36063.732836594,36063.732836594,406.33,406.325
1.0,342,5,36063.746165074,36063.760657525,406.305,406.295
-1.0,6,2,36063.760868733,36063.761251641,406.33,406.29
1.0,124,4,36063.789465719,36063.791222581,406.3,406.305
-1.0,140,5,36063.794347486,36063.794470693,406.35,406.33
1.0,634,17,36063.79481493,36063.825620232,406.305,406.4
-1.0,152,3,36063.831690295,36063.831789119,406.43,406.41
1.0,63,1,36063.831975486,36063.831975486,406.395,406.395
-1.0,135,3,36063.832108566,36063.832299867,406.395,406.37
1.0,242,6,36063.832565202,36063.833320484,406.37,406.39
-1.0,12,1,36063.835833918,36063.835833918,406.39,406.37
1.0,110,2,36064.062126672,36064.062126672,406.375,406.375
-1.0,182,2,36064.092764983,36064.092823417,406.385,406.385
1.0,328,8,36064.17955763,36064.181036767,406.38,406.44
-1.0,4,1,36064.182825251,36064.182825251,406.465,406.45
1.0,1,1,36064.183012468,36064.183012468,406.455,406.46
-1.0,192,4,36064.183358032,36064.183714497,406.475,406.475
1.0,51,3,36064.183899479,36064.183899479,406.465,406.47
-1.0,18,1,36064.183961274,36064.183961274,406.485,406.475
1.0,1754,41,36064.185218764,36064.190077492,406.47,406.535
-1.0,102,2,36064.190126561,36064.190792454,406.54,406.53
1.0,715,27,36064.191917472,36064.197009101,406.52,406.635
-1.0,569,3,36064.197106219,36064.197106219,406.63,406.625
1.0,99,2,36064.197243383,36064.197243383,406.605,406.625
-1.0,37,1,36064.197271597,36064.197271597,406.635,406.635
1.0,64,2,36064.197420295,36064.197420295,406.63,406.645
-1.0,76,2,36064.197690762,36064.197797578,406.635,406.63
1.0,173,5,36064.197912407,36064.198041115,406.625,406.64
-1.0,334,7,36064.198379143,36064.198440071,406.63,406.615
1.0,197,2,36064.198515168,36064.198515168,406.615,406.64
-1.0,52,2,36064.198567967,36064.198690497,406.655,406.64
1.0,9,3,36064.199023408,36064.199023408,406.62,406.64
-1.0,172,5,36064.199336063,36064.199477164,406.645,406.61
1.0,19,2,36064.200274779,36064.200274779,406.59,406.605
-1.0,7,3,36064.200461683,36064.200520858,406.62,406.59
1.0,400,4,36064.201548159,36064.202932042,406.555,406.645
-1.0,14,2,36064.203173538,36064.203387657,406.665,406.665
1.0,404,7,36064.204408681,36064.205526515,406.585,406.69
-1.0,93,1,36064.205900108,36064.205900108,406.69,406.69
1.0,1050,23,36064.207597137,36064.212951331,406.67,406.75
-1.0,102,2,36064.213002231,36064.213050171,406.765,406.74
1.0,302,5,36064.213509386,36064.214020471,406.735,406.75
-1.0,2,1,36064.214073093,36064.214073093,406.765,406.75
1.0,203,4,36064.21435134,36064.217116544,406.74,406.74
-1.0,238,6,36064.225204808,36064.227636822,406.715,406.57
1.0,4,1,36064.227688045,36064.227688045,406.545,406.565
-1.0,299,6,36064.227696326,36064.228154573,406.565,406.55
1.0,325,5,36064.236400306,36064.245641711,406.555,406.635
-1.0,725,14,36064.245872723,36064.303102017,406.65,406.505
1.0,100,1,36064.320788031,36064.320788031,406.51,406.53
-1.0,94,2,36064.320867556,36064.331759297,406.55,406.55
1.0,146,2,36064.401205685,36064.401205685,406.595,406.595
-1.0,536,6,36064.612914335,36064.613114209,406.605,406.6
1.0,243,4,36064.753416637,36064.906836633,406.575,406.61
-1.0,200,1,36064.906858323,36064.906858323,406.645,406.61
1.0,100,1,36064.995260292,36064.995260292,406.625,406.63
-1.0,600,1,36064.995281919,36064.995281919,406.66,406.63
1.0,984,13,36065.040710286,36065.308559493,406.625,406.775
-1.0,400,6,36065.318950165,36065.319215826,406.78,406.72
1.0,315,5,36065.346998457,36065.369767053,406.725,406.74
-1.0,261,6,36065.43373357,36065.434300052,406.755,406.75
1.0,151,3,36065.563069699,36065.56312023,406.75,406.81
-1.0,100,3,36065.563131928,36065.563150247,406.81,406.77
1.0,75,2,36065.563233573,36065.563233573,406.79,406.8
-1.0,4,1,36065.563285853,36065.563285853,406.84,406.805
1.0,7,1,36065.657397481,36065.657397481,406.805,406.81
-1.0,136,2,36065.668031724,36065.66807294,406.825,406.82
1.0,330,11,36065.669886421,36065.823277574,406.82,406.88
-1.0,237,6,36065.823307738,36065.823437842,406.88,406.88
1.0,30,2,36065.824304484,36065.824334343,406.885,406.9
-1.0,336,11,36065.82479932,36065.979914954,406.905,406.86
1.0,297,9,36066.179295966,36066.180948583,406.885,406.93
-1.0,425,7,36066.226933192,36066.23637783,406.94,406.92
1.0,8,2,36066.238122187,36066.238686528,406.905,406.935
-1.0,1171,18,36066.238735603,36066.463541604,406.95,406.915
1.0,3913,103,36066.482605991,36066.657967227,406.93,407.02
-1.0,332,8,36066.658557098,36066.660774261,407.025,407.005
1.0,589,12,36066.667865083,36066.783843447,406.985,407.0
-1.0,108,2,36066.784567001,36066.78468947,407.02,406.995
1.0,337,6,36067.078856973,36067.193663504,406.955,407.01
-1.0,78,3,36067.196145567,36067.196173298,407.055,407.055
1.0,500,2,36067.197221829,36067.197221829,407.05,407.065
-1.0,236,6,36067.304622696,36067.354803827,407.03,407.015
1.0,601,9,36067.525284602,36067.525291224,406.98,407.015
-1.0,67,2,36067.525879075,36067.620367161,407.065,407.065
1.0,223,6,36067.686030459,36067.686030459,407.065,407.08
-1.0,204,5,36067.688991706,36068.053431321,407.12,407.06
1.0,153,4,36068.075998772,36068.096228311,407.05,407.05
-1.0,1448,5,36068.096254729,36068.09672464,407.095,407.055
1.0,100,1,36068.097000138,36068.097000138,407.05,407.055
-1.0,910,7,36068.097026646,36068.103027444,407.095,407.12
1.0,1,1,36068.114313426,36068.114313426,407.095,407.12
-1.0,60,1,36068.128521134,36068.128521134,407.11,407.07
1.0,202,4,36068.217971621,36068.220477912,407.07,407.115
-1.0,191,4,36068.220536063,36068.220720543,407.13,407.065
1.0,64,1,36068.221775923,36068.221775923,407.05,407.05
-1.0,50,1,36068.483042491,36068.483042491,407.03,407.025
1.0,36,1,36068.508794734,36068.508794734,407.015,407.02
-1.0,274,6,36068.50884039,36069.064545305,407.055,406.965
1.0,185,4,36069.13523982,36069.135310492,406.97,407.005
-1.0,700,6,36069.135319959,36069.351858248,407.005,406.98
1.0,191,3,36069.456068843,36069.456648624,406.96,406.965
-1.0,105,3,36069.469382037,36069.469963295,406.99,406.965
1.0,8,1,36069.876045604,36069.876045604,406.965,406.98
-1.0,508,7,36069.876157643,36070.845593487,407.02,406.935
1.0,471,10,36070.877526464,36072.404206925,406.935,406.965
-1.0,658,12,36074.000333133,36074.135855731,406.96,406.925
1.0,954,17,36075.435818534,36075.893608788,406.945,407.07
-1.0,1300,8,36076.017665415,36076.91223827,407.1,406.99
1.0,50,1,36076.913309095,36076.913309095,406.935,406.945
-1.0,391,8,36077.168878177,36077.402475243,406.955,406.915
1.0,6,2,36077.403251704,36077.403251704,406.915,406.92
-1.0,116,2,36077.404386406,36077.404386406,406.92,406.915
1.0,500,6,36077.717241561,36077.987394575,406.94,406.97
-1.0,100,2,36077.987889895,36077.988056394,407.025,406.995
1.0,177,4,36077.988081298,36077.989949316,406.995,407.015
-1.0,70,1,36078.004650974,36078.004650974,407.04,407.025
1.0,50,2,36078.013744294,36078.013788321,407.015,407.02
-1.0,43,2,36078.252054713,36078.252092838,407.025,407.005
1.0,1993,41,36078.861494901,36080.308464885,406.95,407.28
-1.0,71,1,36080.308490124,36080.308490124,407.32,407.28
1.0,2,1,36080.450338205,36080.450338205,407.275,407.28
-1.0,123,1,36080.450361008,36080.450361008,407.32,407.28
1.0,301,4,36081.009213384,36081.691488075,407.225,407.29
-1.0,485,8,36082.448388697,36082.449380683,407.255,407.21
1.0,1363,17,36082.507768072,36082.51186872,407.195,407.295
-1.0,118,2,36082.511973937,36082.512196787,407.315,407.305
1.0,12,1,36083.335778969,36083.335778969,407.26,407.26
-1.0,8,1,36083.335860128,36083.335860128,407.26,407.245
1.0,271,4,36083.338994537,36083.453083212,407.21,407.26
-1.0,50,1,36083.455372418,36083.455372418,407.27,407.265
1.0,153,5,36083.455398418,36084.675204779,407.225,407.315
-1.0,45,1,36084.675545034,36084.675545034,407.315,407.315
1.0,131,4,36084.725700038,36084.725868241,407.315,407.33
-1.0,55,1,36085.049698913,36085.049698913,407.315,407.295
1.0,362,7,36085.495239426,36085.944961175,407.29,407.285
-1.0,533,12,36086.609384052,36087.443980177,407.28,407.2
1.0,100,3,36088.7533968,36088.753458253,407.155,407.165
-1.0,26,1,36088.753562129,36088.753562129,407.18,407.17
1.0,100,1,36089.20415168,36089.20415168,407.175,407.185
-1.0,145,4,36089.204583856,36091.057316681,407.195,407.18
1.0,407,7,36091.579902506,36091.750233574,407.18,407.235
-1.0,102,3,36091.750248213,36091.750275599,407.235,407.215
1.0,468,14,36091.750275599,36092.94264134,407.215,407.24
-1.0,6,3,36093.874527846,36093.986133895,407.24,407.225
1.0,1,1,36094.919910262,36094.919910262,407.195,407.195
-1.0,864,13,36095.073595875,36095.315468778,407.195,407.12
1.0,100,1,36095.315490927,36095.315490927,407.115,407.12
-1.0,24,5,36095.316464389,36095.316897396,407.08,407.055
1.0,614,17,36096.733243261,36101.111808426,407.045,407.13
-1.0,118,3,36101.368371848,36101.368431557,407.13,407.105
1.0,5,1,36101.813169235,36101.813169235,407.055,407.075
-1.0,750,17,36101.814402917,36101.979019638,407.11,407.05
1.0,2,1,36102.205778868,36102.205778868,407.05,407.055
-1.0,50,3,36102.420250953,36102.659099687,407.055,407.04
1.0,100,1,36102.787030403,36102.787030403,406.995,407.02
-1.0,170,5,36102.787198732,36102.787198732,407.035,407.025
1.0,183,3,36103.186960192,36103.431713488,407.015,407.075
-1.0,1,1,36103.431742857,36103.431742857,407.095,407.095
1.0,5,1,36103.431798144,36103.431798144,407.095,407.1
-1.0,1234,28,36103.667601188,36107.681296086,407.11,406.96
1.0,744,19,36108.904824635,36110.206588126,406.95,407.08
-1.0,51,2,36110.685397576,36110.706352794,407.075,407.05
1.0,1,1,36111.511945913,36111.511945913,407.045,407.05
-1.0,100,2,36111.511992549,36111.51199599,407.105,407.05
1.0,473,7,36112.122697444,36112.123052658,407.07,407.115
-1.0,50,1,36112.175270365,36112.175270365,407.125,407.12
1.0,17,3,36112.545493108,36113.005191875,407.09,407.11
-1.0,78,1,36113.849663348,36113.849663348,407.12,407.12
1.0,15,1,36113.904353151,36113.904353151,407.085,407.105
-1.0,91,6,36115.022721238,36119.439977902,407.1,407.05
1.0,260,4,36120.37260929,36120.372968029,407.06,407.07
-1.0,10,1,36120.373255023,36120.373255023,407.095,407.07
1.0,29,4,36120.375002393,36120.82017608,407.06,407.09
-1.0,380,6,36120.820263647,36121.34418855,407.115,407.065
1.0,183,3,36121.678828781,36121.678828781,407.06,407.08
-1.0,100,1,36121.679693372,36121.679693372,407.115,407.11
1.0,50,1,36122.246484459,36122.246484459,407.065,407.07
-1.0,11,1,36122.246806271,36122.246806271,407.095,407.07
1.0,352,5,36122.251366006,36122.255619094,407.065,407.125
-1.0,4,1,36122.256047023,36122.256047023,407.14,407.12
1.0,72,4,36122.257019529,36123.149266739,407.095,407.12
-1.0,3,1,36123.303570734,36123.303570734,407.15,407.125
1.0,374,10,36123.584493298,36123.634279085,407.115,407.22
-1.0,205,3,36123.641850348,36123.643175775,407.25,407.21
1.0,408,15,36123.87870522,36124.378635329,407.22,407.32
-1.0,1160,9,36124.579340168,36124.580816912,407.32,407.285
1.0,644,14,36125.192263182,36125.513701263,407.27,407.385
-1.0,50,1,36125.514301756,36125.514301756,407.38,407.38
1.0,15,2,36125.516208712,36125.517157047,407.375,407.39
-1.0,100,3,36125.522207703,36125.522314037,407.405,407.39
1.0,997,14,36125.613169642,36125.767266261,407.37,407.45
-1.0,601,3,36125.837735875,36125.837758902,407.455,407.44
1.0,2,1,36125.852259648,36125.852259648,407.345,407.375
-1.0,1282,12,36125.874392319,36128.290911033,407.35,407.335
1.0,100,3,36128.331649473,36128.332169595,407.33,407.335
-1.0,635,10,36128.507306094,36131.461256807,407.355,407.295
1.0,244,4,36133.499475681,36133.499752993,407.275,407.295
-1.0,238,2,36134.603192981,36134.603427408,407.3,407.285
1.0,358,6,36134.890319897,36134.891095177,407.315,407.335
-1.0,100,1,36135.087359063,36135.087359063,407.335,407.325
1.0,1798,35,36135.112353566,36135.704231923,407.315,407.495
-1.0,100,2,36135.704237648,36135.704259803,407.495,407.495
1.0,334,15,36135.874359416,36136.662049119,407.485,407.56
-1.0,102,2,36136.73771174,36136.739092489,407.57,407.545
1.0,67,2,36136.785731009,36136.968389217,407.545,407.55
-1.0,201,3,36137.419581845,36137.419608229,407.565,407.55
1.0,25,1,36137.44181328,36137.44181328,407.51,407.51
-1.0,1590,34,36137.649353712,36140.258348565,407.515,407.37
1.0,335,7,36140.258818202,36141.037153001,407.355,407.405
-1.0,65,2,36142.154040183,36142.154282864,407.425,407.415
1.0,627,8,36142.793640712,36143.182226178,407.405,407.46
-1.0,200,3,36143.313104965,36143.31389457,407.47,407.45
1.0,4,1,36143.31443069,36143.31443069,407.42,407.445
-1.0,2894,38,36143.318421297,36145.803902221,407.465,407.12
1.0,1080,16,36145.839504953,36149.176684671,407.11,407.19
-1.0,11,1,36149.569107366,36149.569107366,407.19,407.19
1.0,125,4,36149.966493899,36153.413539824,407.185,407.205
-1.0,1252,29,36154.898821819,36155.394255682,407.21,406.96
1.0,30,2,36155.397417236,36155.397434984,406.94,406.94
-1.0,104,4,36156.005782483,36156.005870054,406.94,406.93
1.0,100,2,36156.328636515,36156.328864343,406.915,406.92
-1.0,1506,13,36156.328943331,36156.685881755,406.935,406.835
1.0,716,19,36156.68675023,36156.73235215,406.845,406.995
-1.0,706,10,36157.00968752,36157.009692513,406.985,406.965
1.0,505,6,36158.238435118,36159.374073208,406.96,407.015
-1.0,105,2,36159.375113055,36159.375113055,407.03,407.02
1.0,203,4,36159.375197351,36160.934026204,407.0,406.965
-1.0,617,14,36161.351135635,36163.147050528,406.965,406.805
1.0,4,1,36163.14710139,36163.14710139,406.79,406.805
-1.0,100,1,36163.780013938,36163.780013938,406.71,406.685
1.0,393,11,36163.887262418,36167.669346909,406.745,406.74
-1.0,736,11,36168.251028989,36169.82052331,406.79,406.61
1.0,1180,16,36169.970736391,36173.049808978,406.64,406.77
-1.0,2,2,36173.669258672,36175.837195794,406.81,406.73
1.0,140,2,36175.888383691,36175.888383691,406.69,406.7
-1.0,10,2,36177.108273986,36177.108336026,406.655,406.635
1.0,1,1,36177.12842524,36177.12842524,406.59,406.59
-1.0,147,6,36177.348990132,36177.354500864,406.575,406.54
1.0,595,12,36177.50100877,36181.213677116,406.545,406.775
-1.0,664,12,36182.095886,36183.567800085,406.82,406.735
1.0,50,1,36185.325129786,36185.325129786,406.77,406.775
-1.0,4,1,36185.325183749,36185.325183749,406.795,406.775
1.0,230,5,36185.344507104,36185.427841075,406.755,406.835
-1.0,840,16,36186.25537949,36191.100533844,406.88,406.8
1.0,70,1,36191.173785447,36191.173785447,406.815,406.815
-1.0,93,5,36191.277658012,36192.291063466,406.82,406.775
1.0,1,1,36192.491175967,36192.491175967,406.77,406.77
-1.0,113,5,36192.81442218,36192.823181171,406.785,406.74
1.0,849,19,36192.823522959,36194.52678859,406.735,406.855
-1.0,5,1,36194.77323653,36194.77323653,406.875,406.86
1.0,100,1,36196.115080202,36196.115080202,406.835,406.85
-1.0,4,1,36196.115496208,36196.115496208,406.87,406.86
1.0,361,2,36196.294481043,36200.560490048,406.835,406.87
-1.0,7,2,36200.560962019,36200.561442917,406.875,406.855
1.0,300,3,36201.044064497,36201.044087304,406.825,406.845
-1.0,4,2,36201.044583421,36201.044583421,406.845,406.84
1.0,40,8,36201.044608852,36201.045301436,406.815,406.815
-1.0,107,1,36201.045476775,36201.045476775,406.815,406.815
1.0,88,1,36201.045493624,36201.045493624,406.815,406.82
-1.0,132,8,36201.045514929,36201.045774831,406.82,406.8
1.0,502,5,36201.047816106,36201.11951082,406.795,406.835
-1.0,160,2,36201.121768671,36201.121768671,406.84,406.835
1.0,500,7,36202.714247942,36202.868086665,406.805,406.87
-1.0,100,1,36203.479960712,36203.479960712,406.855,406.835
1.0,1307,17,36204.020314664,36205.438811715,406.845,407.0
-1.0,114,2,36205.509677831,36205.509677831,406.98,406.975
1.0,1426,25,36205.643167249,36206.610801666,406.955,406.985
-1.0,7,1,36207.027297646,36207.027297646,407.005,406.985
1.0,1358,16,36207.027870163,36208.712725967,406.98,407.05
-1.0,30,3,36209.562400613,36209.562420521,407.06,407.05
1.0,150,3,36209.577244486,36209.577862613,407.035,407.06
-1.0,10,1,36209.582322233,36209.582322233,407.06,407.05
1.0,43,3,36210.028056163,36210.185779591,407.015,407.015
-1.0,1,1,36210.272439261,36210.272439261,407.015,407.005
1.0,480,9,36210.272777437,36210.322075134,406.995,407.115
-1.0,54,2,36210.323997809,36210.324041485,407.13,407.11
1.0,298,8,36210.344914112,36210.360011237,407.105,407.155
-1.0,2226,45,36214.201802706,36217.579093498,407.14,406.725
1.0,95,2,36218.211121812,36218.211162386,406.695,406.71
-1.0,200,1,36220.898309492,36220.898309492,406.755,406.73
1.0,880,22,36221.546828022,36225.749180953,406.75,406.95
-1.0,529,14,36226.625697518,36227.756446798,406.955,406.83
1.0,200,2,36227.762833558,36227.763199077,406.825,406.845
-1.0,50,1,36228.585912669,36228.585912669,406.92,406.895
1.0,709,11,36231.522410909,36233.435198013,406.91,407.01
-1.0,274,4,36233.435536528,36233.435570356,406.99,406.98
1.0,505,8,36234.625644238,36234.679851247,406.975,407.005
-1.0,449,6,36236.237566254,36237.397636581,407.0,406.925
1.0,251,6,36238.515468312,36240.264736012,406.91,406.98
-1.0,401,4,36241.156712994,36243.688923275,407.0,406.94
1.0,5,1,36243.816548181,36243.816548181,406.92,406.93
-1.0,1013,27,36244.359683955,36244.661556839,406.92,406.705
1.0,483,8,36244.667661821,36245.104128213,406.725,406.875
-1.0,156,5,36246.709805554,36250.326451306,406.935,406.905
1.0,342,6,36252.859184036,36253.145292674,406.855,406.945
-1.0,48,4,36253.824134734,36254.9524654,406.96,406.945
1.0,298,10,36255.148273609,36259.584893557,406.925,406.965
-1.0,415,9,36260.207586845,36261.468961623,406.965,406.805
1.0,100,2,36261.469694079,36261.469732481,406.805,406.81
-1.0,107,2,36261.976624922,36261.976624922,406.81,406.805
1.0,25,2,36261.99160427,36261.99160427,406.795,406.795
-1.0,47,5,36262.093829836,36263.126014924,406.805,406.775
1.0,1409,20,36263.916101962,36264.511170028,406.795,406.975
-1.0,150,2,36264.517459196,36264.517459196,407.01,407.0
1.0,244,4,36264.587317812,36264.592375452,406.975,407.01
-1.0,19,1,36264.61160271,36264.61160271,407.01,407.01
1.0,443,11,36264.646686605,36265.102356858,406.995,407.115
-1.0,50,1,36265.103255159,36265.103255159,407.155,407.12
1.0,202,3,36265.152632953,36265.758374076,407.125,407.15
-1.0,1520,25,36265.996576233,36268.70564574,407.15,407.07
1.0,303,5,36269.923875675,36269.923875675,407.02,407.04
-1.0,150,3,36270.132488987,36270.132512572,407.075,407.065
1.0,319,11,36272.151138805,36275.244988601,407.075,407.175
-1.0,100,1,36275.263555625,36275.263555625,407.18,407.175
1.0,1358,1,36275.263576085,36275.263576085,407.16,407.175
-1.0,100,2,36275.827102281,36275.827102281,407.145,407.145
1.0,93,3,36276.501391015,36276.501391015,407.15,407.155
-1.0,768,17,36278.065168185,36283.685523061,407.105,406.94
1.0,14,1,36283.69922917,36283.69922917,406.91,406.91
-1.0,8,1,36283.707366692,36283.707366692,406.94,406.93
1.0,51,2,36284.449692539,36284.449705525,406.915,406.925
-1.0,4,1,36284.449863717,36284.449863717,406.955,406.94
1.0,377,5,36284.883330936,36285.745740467,406.97,407.005
-1.0,300,5,36286.61197589,36287.207629296,407.02,407.005
1.0,129,3,36287.678694438,36287.678724838,407.015,407.015
-1.0,102,2,36287.679328114,36287.679328114,407.03,407.02
1.0,268,6,36288.362711108,36288.631851102,407.075,407.19
-1.0,255,5,36291.105621014,36291.117499088,407.19,407.17
1.0,40,1,36293.078436473,36293.078436473,407.135,407.135
-1.0,109,3,36297.284272998,36297.284300943,407.16,407.15
1.0,51,1,36297.443120001,36297.443120001,407.145,407.15
-1.0,170,4,36297.443172115,36298.964656342,407.185,407.16
1.0,192,5,36299.981264411,36299.981698529,407.105,407.12
-1.0,444,12,36300.015128439,36300.021545341,407.135,407.055
1.0,902,14,36301.770304439,36305.421693143,407.055,407.255
-1.0,100,1,36305.421855304,36305.421855304,407.27,407.265
1.0,99,3,36305.718929486,36306.048239901,407.24,407.26
-1.0,400,5,36306.20263662,36306.211975755,407.26,407.205
1.0,180,3,36306.21206263,36307.196927752,407.195,407.205
-1.0,22,1,36307.197271958,36307.197271958,407.23,407.21
1.0,279,4,36307.283641636,36307.296263183,407.21,407.225
-1.0,10,1,36307.296287159,36307.296287159,407.26,407.225
1.0,145,3,36307.425729692,36307.504191682,407.21,407.225
-1.0,470,4,36307.504223571,36308.053119069,407.26,407.185
1.0,100,1,36308.13883798,36308.13883798,407.175,407.18
-1.0,373,10,36308.86767415,36308.8863039,407.165,407.105
1.0,224,6,36309.374071438,36309.577711098,407.105,407.15
-1.0,65,2,36310.373020098,36310.581637661,407.215,407.175
1.0,254,7,36310.71172883,36311.888404861,407.185,407.14
-1.0,131,3,36312.077911718,36312.622092674,407.14,407.115
1.0,10,1,36312.64707104,36312.64707104,407.07,407.08
-1.0,34,2,36313.194117158,36313.194118824,407.07,407.055
1.0,1,1,36313.633919108,36313.633919108,407.04,407.04
-1.0,286,14,36314.262498992,36314.283178543,407.025,407.025
1.0,73,2,36314.548940496,36314.889884074,407.02,407.05
-1.0,292,3,36315.068111626,36315.068138796,407.05,407.035
1.0,452,6,36316.292349904,36316.30413416,407.025,407.095
-1.0,46,1,36319.672747563,36319.672747563,407.095,407.075
1.0,52,2,36322.373452691,36322.387098628,407.055,407.105
-1.0,2,1,36322.735515586,36322.735515586,407.13,407.115
1.0,48,1,36323.052888062,36323.052888062,407.11,407.12
-1.0,224,5,36323.507919858,36323.78357143,407.12,407.075
1.0,276,9,36324.190778159,36326.107928693,407.055,407.165
-1.0,184,7,36326.107991452,36327.309500536,407.165,407.09
1.0,37,2,36327.481218686,36327.513844464,407.095,407.11
-1.0,100,3,36328.154713704,36328.154784704,407.125,407.115
1.0,1161,16,36328.253247273,36330.650992408,407.105,407.265
-1.0,32,3,36330.80510408,36331.49881064,407.27,407.2
1.0,484,14,36331.590895907,36337.55089192,407.185,407.275
-1.0,52,2,36337.551108214,36337.55126703,407.295,407.285
1.0,711,6,36337.551321756,36337.658235585,407.285,407.295
-1.0,150,2,36337.658316984,36337.659283964,407.3,407.26
1.0,302,1,36337.659299761,36337.659299761,407.26,407.285
-1.0,700,16,36337.659323905,36338.865343124,407.29,407.165
1.0,381,7,36339.14634028,36340.811937135,407.18,407.265
-1.0,100,1,36341.361245866,36341.361245866,407.28,407.27
1.0,1454,10,36342.656633107,36344.108386369,407.295,407.365
-1.0,25,1,36344.108405939,36344.108405939,407.37,407.37
1.0,850,6,36344.108462229,36344.118227077,407.365,407.38
-1.0,100,1,36344.323293552,36344.323293552,407.405,407.4
1.0,100,1,36344.324399955,36344.324399955,407.38,407.39
-1.0,200,3,36344.338020173,36344.338522589,407.39,407.375
1.0,227,7,36344.538961628,36345.739763486,407.34,407.37
-1.0,1,1,36345.73976626,36345.73976626,407.37,407.37
1.0,128,5,36345.751311476,36345.937456683,407.395,407.405
-1.0,100,1,36346.001283558,36346.001283558,407.405,407.385
1.0,263,8,36346.002493499,36346.941219723,407.385,407.43
-1.0,100,1,36346.941286209,36346.941286209,407.45,407.44
1.0,1194,13,36346.946361977,36347.477105024,407.42,407.485
-1.0,4,1,36347.477145632,36347.477145632,407.495,407.49
1.0,448,11,36347.477587858,36347.485337365,407.495,407.565
-1.0,1,1,36347.486072809,36347.486072809,407.555,407.555
1.0,4,1,36347.486129838,36347.486129838,407.555,407.57
-1.0,200,4,36347.486421918,36347.48654429,407.58,407.57
1.0,249,5,36347.486736425,36347.486805446,407.57,407.575
-1.0,50,1,36347.486873564,36347.486873564,407.585,407.585
1.0,257,7,36347.487595951,36347.490222276,407.555,407.57
-1.0,400,4,36347.491988928,36347.747506943,407.56,407.53
1.0,217,7,36348.615742371,36351.38565824,407.5,407.61
-1.0,862,13,36352.973448095,36353.488267052,407.62,407.55
1.0,138,3,36353.757805827,36353.757805827,407.55,407.555
-1.0,10,1,36354.212896995,36354.212896995,407.59,407.575
1.0,250,4,36354.808192987,36354.808220987,407.57,407.575
-1.0,100,1,36355.401051387,36355.401051387,407.61,407.605
1.0,1,1,36355.649577367,36355.649577367,407.58,407.58
-1.0,105,3,36356.419103673,36356.419124534,407.545,407.54
1.0,879,18,36356.509892469,36358.834017614,407.535,407.615
-1.0,634,11,36358.834262651,36359.614246218,407.615,407.49
1.0,137,3,36360.739458202,36360.739458202,407.49,407.5
-1.0,250,4,36360.739546108,36360.739833973,407.505,407.5
1.0,208,5,36361.104347836,36361.122030896,407.5,407.58
-1.0,2,1,36361.16314321,36361.16314321,407.58,407.565
1.0,1,1,36361.346347829,36361.346347829,407.525,407.535
-1.0,643,4,36363.593365135,36363.593537387,407.56,407.525
1.0,4,1,36363.593692147,36363.593692147,407.495,407.525
-1.0,214,4,36363.593760793,36363.593875299,407.525,407.525
1.0,32,1,36363.593888732,36363.593888732,407.51,407.525
-1.0,704,12,36363.593908401,36363.594487695,407.54,407.525
1.0,141,4,36363.594549374,36363.594601335,407.525,407.54
-1.0,300,3,36363.594601335,36363.594684251,407.54,407.535
1.0,657,13,36363.594872315,36363.596856577,407.545,407.565
-1.0,815,11,36363.654038183,36366.018040969,407.58,407.545
1.0,55,1,36366.149021274,36366.149021274,407.515,407.515
-1.0,275,4,36366.265741208,36367.611693008,407.515,407.485
1.0,501,7,36368.804680191,36368.804915851,407.475,407.505
-1.0,4,1,36368.804980459,36368.804980459,407.505,407.49
1.0,588,14,36368.805139188,36369.109701459,407.49,407.505
-1.0,10,1,36369.52952053,36369.52952053,407.495,407.48
1.0,2,1,36369.538093092,36369.538093092,407.45,407.47
-1.0,4,1,36369.538248045,36369.538248045,407.465,407.45
1.0,721,12,36369.616948999,36370.986509562,407.445,407.5
-1.0,419,9,36371.20834817,36375.814070112,407.505,407.36
1.0,654,12,36376.508878623,36378.560239073,407.35,407.465
-1.0,17,1,36379.42041251,36379.42041251,407.485,407.455
1.0,240,5,36380.267259695,36380.267631491,407.465,407.48
-1.0,260,8,36380.634940288,36380.640420615,407.465,407.445
1.0,584,7,36380.912971003,36381.075017417,407.435,407.48
-1.0,451,2,36381.584146826,36381.592044826,407.47,407.47
1.0,116,3,36381.776526992,36381.853400942,407.47,407.475
-1.0,349,5,36382.868793069,36382.869572265,407.475,407.435
1.0,1145,15,36385.607942711,36387.554445045,407.35,407.435
-1.0,140,7,36387.698674971,36388.086243064,407.435,407.365
1.0,1406,19,36388.68330642,36391.758914527,407.37,407.585
-1.0,138,4,36391.786798947,36391.787628111,407.645,407.62
1.0,33,2,36391.831926582,36392.054398718,407.61,407.64
-1.0,124,3,36392.063283751,36392.133255957,407.655,407.625
1.0,877,27,36392.3270652,36392.367280112,407.645,407.795
-1.0,2,1,36392.367339266,36392.367339266,407.81,407.8
1.0,436,11,36392.373293291,36392.374054158,407.78,407.815
-1.0,750,6,36392.462310238,36392.462477543,407.795,407.775
1.0,3,1,36393.082299114,36393.082299114,407.69,407.695
-1.0,1,1,36393.08302844,36393.08302844,407.72,407.705
1.0,100,1,36393.118929133,36393.118929133,407.705,407.72
-1.0,307,9,36393.889605033,36396.619549287,407.705,407.61
1.0,42,2,36396.761143601,36396.761143601,407.6,407.605
-1.0,110,2,36397.038397541,36397.333843486,407.64,407.62
1.0,351,8,36398.117335592,36398.902579558,407.535,407.665
-1.0,380,5,36399.799394801,36400.936876713,407.645,407.595
1.0,482,7,36401.284034052,36401.839264537,407.59,407.63
-1.0,297,9,36402.462065381,36402.573213476,407.61,407.515
1.0,37,2,36403.422085811,36403.422373779,407.51,407.53
-1.0,648,12,36404.240242213,36405.388417722,407.505,407.405
1.0,492,12,36406.47641908,36407.485461116,407.4,407.43
-1.0,736,15,36407.829999205,36409.173827442,407.43,407.37
1.0,1569,16,36409.199764975,36409.20855079,407.365,407.475
-1.0,62,3,36409.640975408,36411.087428246,407.53,407.51
1.0,63,2,36413.473625811,36413.494228456,407.48,407.49
-1.0,1670,19,36413.556107974,36418.931991949,407.495,407.285
1.0,162,4,36418.935334293,36418.93536181,407.27,407.28
-1.0,444,10,36419.986669825,36419.986678622,407.26,407.24
1.0,107,3,36419.989844689,36420.063487494,407.215,407.265
-1.0,54,2,36420.064105952,36420.064105952,407.275,407.275
1.0,100,2,36420.064611844,36420.064632847,407.28,407.295
-1.0,298,1,36420.066852169,36420.066852169,407.28,407.275
1.0,3,1,36420.068764626,36420.068764626,407.275,407.275
-1.0,60,1,36420.140931257,36420.140931257,407.265,407.255
1.0,36,1,36422.39033534,36422.39033534,407.2,407.205
-1.0,316,8,36422.872832573,36424.350181,407.19,407.12
1.0,2315,53,36424.416629075,36432.099743173,407.115,407.385
-1.0,250,5,36433.080653988,36433.081322288,407.405,407.365
1.0,1873,27,36434.067125028,36437.896186279,407.345,407.47
-1.0,100,1,36438.403131392,36438.403131392,407.485,407.465
1.0,30,2,36440.247036678,36441.047188699,407.43,407.445
-1.0,123,7,36442.11618274,36442.117380145,407.435,407.4
1.0,19,1,36443.459692723,36443.459692723,407.38,407.38
-1.0,1006,13,36445.151230551,36445.167185996,407.385,407.31
1.0,3922,44,36445.587816389,36452.759426687,407.335,407.575
-1.0,100,1,36452.759974629,36452.759974629,407.58,407.575
1.0,100,1,36452.760123367,36452.760123367,407.585,407.59
-1.0,8,1,36452.766810898,36452.766810898,407.565,407.565
1.0,31,1,36452.771702949,36452.771702949,407.565,407.58
-1.0,185,3,36452.776931829,36452.827972204,407.585,407.56
1.0,52,4,36454.872072935,36455.212300839,407.515,407.55
-1.0,203,4,36455.383475761,36455.400722233,407.555,407.535
1.0,50,1,36455.687463639,36455.687463639,407.53,407.535
-1.0,202,4,36456.943306052,36456.953829659,407.525,407.5
1.0,36,2,36457.135648898,36457.353220496,407.495,407.52
-1.0,204,4,36458.726255871,36459.921136535,407.555,407.44
1.0,100,2,36460.5444079,36460.5444079,407.42,407.42
-1.0,351,7,36460.737058776,36460.738067111,407.42,407.385
1.0,1431,26,36460.743553378,36462.662273466,407.385,407.57
-1.0,100,2,36463.339308435,36463.339332387,407.575,407.55
1.0,55,3,36463.659054227,36465.240354474,407.555,407.445
-1.0,225,4,36466.386630633,36466.681014603,407.475,407.405
1.0,356,6,36467.287333164,36468.528002276,407.4,407.465
-1.0,3,1,36469.568441706,36469.568441706,407.54,407.53
1.0,633,11,36469.568464556,36472.463924379,407.49,407.57
-1.0,2,1,36475.573440036,36475.573440036,407.56,407.545
1.0,2000,35,36476.037511158,36478.546802887,407.565,407.745
-1.0,73,4,36478.899502675,36478.919445131,407.735,407.725
1.0,79,3,36479.039939248,36479.040190763,407.725,407.75
-1.0,352,7,36479.841179437,36479.841633814,407.73,407.72
1.0,889,8,36479.924409205,36479.924512963,407.745,407.79
-1.0,150,2,36479.924541845,36479.924541845,407.795,407.77
1.0,189,4,36479.924702774,36479.959868959,407.77,407.775
-1.0,100,1,36480.014940707,36480.014940707,407.78,407.77
1.0,149,5,36480.019530519,36480.020011777,407.775,407.825
-1.0,400,6,36480.059816153,36482.889393415,407.835,407.815
1.0,2,1,36483.711252374,36483.711252374,407.815,407.825
-1.0,408,8,36483.711505273,36484.155950651,407.825,407.755
1.0,703,25,36484.228402374,36490.114027678,407.75,407.86
-1.0,16,3,36490.215093037,36490.609389987,407.875,407.815
1.0,54,5,36491.424304915,36492.031038487,407.85,407.905
-1.0,105,3,36492.366915795,36492.457998574,407.905,407.88
1.0,4,1,36492.600760065,36492.600760065,407.865,407.875
-1.0,100,1,36492.600811496,36492.600811496,407.89,407.875
1.0,29,2,36493.026729706,36493.41230626,407.87,407.88
-1.0,100,2,36494.362465958,36494.362486946,407.9,407.885
1.0,24,1,36494.425934688,36494.425934688,407.89,407.89
-1.0,500,3,36494.480345742,36494.960623397,407.895,407.86
1.0,5,1,36495.392671718,36495.392671718,407.86,407.86
-1.0,4,1,36495.392714588,36495.392714588,407.86,407.84
1.0,49,2,36497.225244355,36498.634642585,407.83,407.83
-1.0,196,7,36498.676514943,36499.107116109,407.855,407.805
1.0,32,2,36499.107190495,36499.444738495,407.795,407.825
-1.0,94,4,36500.107128234,36500.488515533,407.82,407.795
1.0,20,1,36501.286451405,36501.286451405,407.785,407.79
-1.0,235,6,36504.223028072,36504.224034856,407.8,407.765
1.0,2,1,36504.329967811,36504.329967811,407.735,407.74
-1.0,104,6,36505.947802198,36508.863032309,407.765,407.685
1.0,833,16,36511.027363173,36512.241735507,407.665,407.74
-1.0,96,3,36513.418433525,36513.418854313,407.77,407.735
1.0,3,1,36513.851513522,36513.851513522,407.7,407.7
-1.0,338,11,36514.468738741,36514.672056097,407.7,407.695
1.0,100,1,36515.392893107,36515.392893107,407.7,407.715
-1.0,471,11,36519.213615909,36519.441313933,407.76,407.72
1.0,180,6,36520.058033451,36520.657223706,407.71,407.725
-1.0,120,3,36520.667166569,36521.02479509,407.765,407.74
1.0,100,2,36521.024846474,36521.024876476,407.735,407.74
-1.0,100,1,36521.63132035,36521.63132035,407.755,407.73
1.0,2191,40,36521.857027532,36530.107153349,407.73,407.845
-1.0,559,13,36531.005467704,36532.16611316,407.835,407.76
1.0,390,7,36532.166248109,36532.16632193,407.76,407.79
-1.0,300,3,36532.166436074,36532.166436074,407.795,407.795
1.0,181,4,36532.166436074,36532.16650367,407.795,407.81
-1.0,400,5,36532.166645229,36532.166645229,407.81,407.8
1.0,520,9,36532.166808252,36532.203457074,407.81,407.89
-1.0,652,5,36532.206089111,36533.339320747,407.89,407.82
1.0,1386,20,36533.50860549,36534.863728803,407.805,407.91
-1.0,105,2,36534.869175104,36535.685123984,407.93,407.905
1.0,201,4,36536.274766486,36536.275488377,407.925,407.95
-1.0,205,7,36536.275832821,36536.499256119,407.955,407.9
1.0,2378,16,36536.66973296,36536.875448437,407.9,407.975
-1.0,200,3,36537.537710492,36537.538005339,407.975,407.965
1.0,70,4,36538.718775858,36539.098205413,407.895,407.935
-1.0,302,5,36539.099035828,36539.538134329,407.94,407.9
1.0,1,1,36539.571035829,36539.571035829,407.9,407.9
-1.0,111,4,36540.010919796,36540.569339789,407.9,407.86
1.0,281,8,36541.128244306,36541.130746737,407.86,407.935
-1.0,322,5,36541.137813307,36541.170044269,407.955,407.91
1.0,29,1,36542.81259124,36542.81259124,407.905,407.91
-1.0,10,1,36544.25494705,36544.25494705,407.93,407.92
1.0,503,6,36544.261866585,36544.423279394,407.905,407.94
-1.0,105,3,36544.431754581,36546.272037918,407.94,407.94
1.0,20,1,36548.129093894,36548.129093894,407.92,407.925
-1.0,816,11,36548.12911405,36551.498808211,407.945,407.855
1.0,385,8,36552.064765708,36552.064798198,407.87,407.875
-1.0,225,3,36552.064989537,36552.064989537,407.88,407.865
1.0,2,1,36552.065223061,36552.065223061,407.875,407.88
-1.0,6,2,36552.065240596,36552.065297416,407.88,407.865
1.0,2,1,36552.0653909,36552.0653909,407.86,407.865
-1.0,7,2,36552.990524205,36552.990838778,407.845,407.83
1.0,139,7,36554.095769495,36555.663954181,407.81,407.83
-1.0,53,4,36556.602330001,36556.602330001,407.82,407.805
1.0,961,17,36558.040786571,36560.193400712,407.83,407.89
-1.0,50,3,36560.411071853,36560.412119816,407.87,407.865
1.0,36,1,36560.915815884,36560.915815884,407.88,407.88
-1.0,150,1,36561.162215882,36561.162215882,407.89,407.88
1.0,182,5,36561.92337861,36561.923412972,407.89,407.89
-1.0,100,2,36562.12540311,36562.125438368,407.9,407.89
1.0,193,3,36563.438586326,36563.438607522,407.865,407.88
-1.0,835,10,36564.011614138,36564.834704968,407.895,407.805
1.0,2,1,36564.835043764,36564.835043764,407.81,407.81
-1.0,4,2,36565.384312364,36565.384736323,407.81,407.785
1.0,76,1,36565.503848513,36565.503848513,407.78,407.78
-1.0,194,4,36566.925164723,36567.481756723,407.77,407.745
1.0,289,9,36568.143089696,36569.280979748,407.74,407.82
-1.0,130,3,36569.692957809,36571.070470287,407.82,407.765
1.0,126,2,36574.971254092,36574.972165183,407.785,407.805
-1.0,206,3,36575.433925925,36575.63521045,407.82,407.78
1.0,129,2,36576.028715342,36576.503908899,407.78,407.79
-1.0,305,8,36577.506921465,36577.565488779,407.785,407.725
1.0,387,7,36578.742439426,36578.743309946,407.74,407.785
-1.0,6,1,36581.879005855,36581.879005855,407.785,407.77
1.0,118,2,36581.879784526,36581.879784526,407.775,407.775
-1.0,21,1,36582.014124401,36582.014124401,407.77,407.765
1.0,380,5,36582.168531635,36582.168652881,407.735,407.755
-1.0,30,2,36583.998055098,36583.998055098,407.76,407.755
1.0,16,1,36583.998076784,36583.998076784,407.735,407.755
-1.0,452,14,36585.908463208,36587.796618345,407.755,407.66
1.0,306,7,36588.403265261,36588.68443312,407.655,407.71
-1.0,125,2,36589.471403937,36589.994611908,407.695,407.7
1.0,103,2,36590.725772125,36590.725772125,407.695,407.705
-1.0,5,1,36590.8112317,36590.8112317,407.72,407.705
1.0,26,1,36590.813722064,36590.813722064,407.715,407.72
-1.0,334,8,36593.231993374,36593.601056513,407.7,407.625
1.0,8,1,36593.855404743,36593.855404743,407.625,407.625
-1.0,706,10,36594.100685144,36596.647704632,407.635,407.55
1.0,29,1,36597.131825446,36597.131825446,407.54,407.545
-1.0,208,9,36598.119350072,36598.148527511,407.565,407.515
1.0,200,4,36598.148562002,36598.277674831,407.51,407.52
-1.0,1544,30,36598.296194932,36599.284734249,407.55,407.5
1.0,160,4,36599.285325569,36599.285810054,407.5,407.51
-1.0,411,8,36599.355545847,36599.397317029,407.51,407.455
1.0,33,1,36599.403566039,36599.403566039,407.435,407.445
-1.0,9,5,36599.994939021,36600.006861121,407.445,407.395
1.0,669,11,36600.093915339,36600.482235253,407.395,407.465
-1.0,62,1,36600.484809945,36600.484809945,407.48,407.48
1.0,345,6,36601.10109633,36601.10111797,407.485,407.495
-1.0,102,2,36601.239692838,36601.239826192,407.49,407.475
1.0,507,8,36602.256972056,36602.430422053,407.475,407.515
-1.0,781,13,36605.22627209,36607.782624371,407.55,407.4
1.0,229,4,36607.957665304,36607.957688454,407.39,407.4
-1.0,130,4,36608.864674691,36609.014873472,407.415,407.405
1.0,31,2,36609.113649863,36609.113674677,407.38,407.39
-1.0,262,4,36609.64264772,36609.646645337,407.405,407.365
1.0,200,3,36609.647142217,36609.647165169,407.355,407.36
-1.0,58,1,36609.688889733,36609.688889733,407.36,407.36
1.0,63,2,36609.848516679,36610.23740877,407.36,407.385
-1.0,831,18,36610.261033785,36612.64228471,407.41,407.275
1.0,1,1,36613.556039463,36613.556039463,407.225,407.23
-1.0,350,12,36614.793122743,36616.26025436,407.24,407.215
1.0,55,3,36616.26157863,36616.319966293,407.195,407.225
-1.0,141,4,36616.433055294,36617.609240347,407.23,407.21
1.0,589,7,36618.712953047,36618.804139109,407.2,407.235
-1.0,150,2,36619.042971396,36620.415696076,407.27,407.25
1.0,69,2,36621.108999063,36621.109026791,407.245,407.265
-1.0,172,4,36621.382736246,36621.506534505,407.325,407.3
1.0,100,4,36622.97652058,36625.342960885,407.28,407.295
-1.0,100,1,36625.351480132,36625.351480132,407.335,407.33
1.0,2915,31,36625.950433046,36627.067767905,407.32,407.54
-1.0,80,2,36628.169436562,36628.412455879,407.55,407.53
1.0,7,1,36628.817291562,36628.817291562,407.46,407.495
-1.0,62,3,36628.913714699,36628.913714699,407.45,407.45
1.0,1,1,36629.072448538,36629.072448538,407.46,407.48
-1.0,684,9,36629.468875858,36630.985207757,407.495,407.43
1.0,669,15,36631.522267404,36640.818559641,407.365,407.435
-1.0,50,1,36640.830337399,36640.830337399,407.445,407.44
1.0,118,3,36643.121114517,36643.12133809,407.455,407.47
-1.0,100,1,36643.12141884,36643.12141884,407.475,407.47
1.0,109,5,36644.32564316,36644.422790194,407.475,407.485
-1.0,7,3,36646.743136404,36646.743292195,407.535,407.515
1.0,70,5,36648.029971115,36648.976135431,407.515,407.55
-1.0,30,2,36651.042096349,36652.512876935,407.55,407.52
1.0,141,4,36653.440159176,36653.440277502,407.535,407.56
-1.0,229,5,36653.857038206,36653.859271143,407.55,407.51
1.0,43,3,36654.862630675,36655.074194206,407.51,407.535
-1.0,1625,25,36655.734201323,36656.548960166,407.525,407.475
1.0,140,3,36656.844206141,36656.844220005,407.485,407.495
-1.0,150,2,36657.022862698,36657.022862698,407.505,407.5
1.0,140,2,36658.027654489,36658.027654489,407.5,407.52
-1.0,599,13,36658.272921158,36662.622296828,407.545,407.475
1.0,389,5,36663.445480126,36664.299873032,407.465,407.48
-1.0,180,13,36665.136667568,36667.748415796,407.48,407.35
1.0,10,1,36668.655614266,36668.655614266,407.35,407.355
-1.0,1548,15,36670.051570395,36671.080007771,407.35,407.29
1.0,580,8,36671.167124817,36671.838308209,407.255,407.275
-1.0,418,10,36672.699716231,36672.701431548,407.265,407.22
1.0,100,1,36672.701532731,36672.701532731,407.215,407.22
-1.0,88,2,36672.701547013,36672.701707223,407.22,407.23
1.0,876,17,36672.702402783,36675.851846081,407.24,407.31
-1.0,75,3,36676.424845315,36680.74877807,407.3,407.265
1.0,245,5,36680.945243371,36681.003265767,407.285,407.27
-1.0,2475,55,36682.337764652,36687.619130167,407.25,407.07
1.0,100,1,36688.029884531,36688.029884531,407.065,407.07
-1.0,5024,65,36688.254932627,36691.036202922,407.085,407.005
1.0,4,1,36691.036204603,36691.036204603,407.005,407.015
-1.0,100,2,36691.036243405,36691.036269656,407.015,407.005
1.0,702,7,36691.036486118,36691.036964465,407.005,407.045
-1.0,1414,23,36691.037121416,36691.35642366,407.045,407.005
1.0,4,1,36691.380452521,36691.380452521,406.98,406.995
-1.0,100,4,36691.390540265,36691.390540265,407.01,407.005
1.0,2,1,36691.3906047,36691.3906047,406.98,407.005
-1.0,131,4,36691.39460265,36691.399721196,407.0,406.98
1.0,247,5,36691.413468454,36691.413485845,406.98,406.985
-1.0,125,3,36693.08654531,36693.736175722,406.98,406.98
1.0,1556,31,36694.92198182,36701.720119348,406.97,407.2
-1.0,413,9,36704.267093612,36707.477816615,407.18,407.06
1.0,140,2,36707.825579397,36707.825579397,407.06,407.07
-1.0,98,1,36710.009052677,36710.009052677,407.085,407.08
1.0,110,3,36711.216638438,36711.592872311,407.05,407.08
-1.0,100,1,36711.592990519,36711.592990519,407.085,407.08
1.0,101,2,36711.593041041,36711.593126998,407.08,407.095
-1.0,584,12,36712.877808312,36713.01188215,407.065,406.99
1.0,37,2,36713.011928302,36713.011928302,406.99,406.99
-1.0,168,8,36714.85316685,36715.738879487,406.985,406.925
1.0,687,9,36716.24892485,36717.284049304,406.925,407.03
-1.0,54,2,36718.136875879,36718.136905574,407.05,407.035
1.0,454,15,36720.523229035,36721.848521367,407.055,407.15
-1.0,5,1,36723.143519976,36723.143519976,407.16,407.15
1.0,621,18,36724.430068431,36730.838267883,407.15,407.21
-1.0,10,1,36730.870326185,36730.870326185,407.215,407.2
1.0,372,7,36731.757145291,36736.042949377,407.18,407.26
-1.0,145,4,36738.386109671,36738.387622723,407.24,407.205
1.0,150,3,36739.740892459,36741.107006119,407.245,407.27
-1.0,987,22,36743.64003139,36746.223028027,407.28,407.12
1.0,570,11,36746.22323203,36746.614353623,407.095,407.17
-1.0,2100,15,36752.254123059,36752.280063941,407.21,407.155
1.0,600,13,36753.698968457,36754.617199924,407.14,407.185
-1.0,190,3,36757.922551341,36758.46485407,407.17,407.12
1.0,83,2,36758.55879314,36759.339083627,407.11,407.11
-1.0,8,1,36759.458182414,36759.458182414,407.11,407.095
1.0,50,1,36759.458573287,36759.458573287,407.085,407.095
-1.0,57,1,36760.615047962,36760.615047962,407.11,407.11
1.0,240,5,36761.092882423,36761.093167813,407.11,407.135
-1.0,1,1,36762.307153471,36762.307153471,407.115,407.105
1.0,191,4,36762.954330143,36762.954395726,407.105,407.155
-1.0,348,4,36763.010054897,36763.699444073,407.18,407.145
1.0,342,8,36765.145979013,36766.170352276,407.13,407.195
-1.0,1,1,36766.87577343,36766.87577343,407.225,407.205
1.0,1736,28,36769.012481141,36769.01250135,407.175,407.23
-1.0,943,10,36769.012972962,36769.012972962,407.245,407.235
1.0,758,9,36769.013368449,36769.013561471,407.215,407.29
-1.0,100,1,36769.013696693,36769.013696693,407.29,407.29
1.0,1765,27,36769.013966546,36769.019629398,407.265,407.355
-1.0,156,3,36769.019971515,36769.023605055,407.38,407.315
1.0,179,3,36769.023712419,36769.023785216,407.29,407.35
-1.0,108,4,36769.024049788,36769.025010871,407.355,407.32
1.0,42,1,36769.025207154,36769.025207154,407.32,407.365
-1.0,4,1,36769.025504325,36769.025504325,407.355,407.355
1.0,17,1,36769.03386562,36769.03386562,407.34,407.36
-1.0,50,1,36769.069463544,36769.069463544,407.3,407.295
1.0,4,1,36769.148687236,36769.148687236,407.275,407.28
-1.0,306,5,36769.148691921,36769.149273669,407.28,407.25
1.0,1075,6,36769.549558968,36769.54972695,407.225,407.255
-1.0,450,6,36769.764303233,36770.980880957,407.265,407.21
1.0,973,12,36773.368489817,36775.077330134,407.27,407.455
-1.0,5,1,36775.280915802,36775.280915802,407.475,407.465
1.0,2261,8,36775.40043828,36775.400489599,407.47,407.475
-1.0,25,1,36775.602253621,36775.602253621,407.505,407.505
1.0,210,3,36775.75083593,36777.253545438,407.47,407.485
-1.0,200,3,36778.790931167,36778.791085496,407.53,407.505
1.0,164,4,36780.583770523,36780.938118184,407.505,407.55
-1.0,794,8,36780.938491714,36785.681753456,407.56,407.485
1.0,513,6,36786.495204296,36786.575265334,407.485,407.51
-1.0,103,2,36787.777282408,36787.777321089,407.515,407.505
1.0,93,1,36788.903471026,36788.903471026,407.49,407.5
-1.0,320,5,36789.460432268,36789.461108394,407.505,407.49
1.0,279,4,36790.377748104,36790.383327792,407.52,407.54
-1.0,106,6,36792.822689803,36792.822806143,407.525,407.5
1.0,4,1,36792.822831255,36792.822831255,407.5,407.515
-1.0,1608,13,36792.822886955,36793.109509327,407.505,407.475
1.0,3,2,36793.109544238,36793.109544238,407.475,407.475
-1.0,1,1,36793.109611363,36793.109611363,407.485,407.475
1.0,193,3,36793.149099157,36793.149099157,407.48,407.49
-1.0,130,7,36794.135318991,36797.016691593,407.525,407.46
1.0,140,2,36797.227847202,36797.227874002,407.45,407.46
-1.0,110,3,36797.371674188,36799.330251654,407.49,407.44
1.0,182,4,36799.353988094,36799.353988094,407.445,407.45
-1.0,1,1,36799.996774929,36799.996774929,407.455,407.445
1.0,10,1,36800.055358676,36800.055358676,407.43,407.445
-1.0,910,2,36800.653502416,36800.697689174,407.44,407.435
1.0,342,6,36804.111028152,36808.666552867,407.435,407.54
-1.0,725,16,36811.159966555,36814.815992122,407.495,407.43
1.0,190,4,36815.096578027,36815.096645239,407.435,407.45
-1.0,128,4,36816.798655374,36819.78405694,407.47,407.44
1.0,342,4,36820.31591603,36821.012286364,407.45,407.485
-1.0,13,2,36821.72482418,36824.228589387,407.525,407.415
1.0,24,1,36824.98341357,36824.98341357,407.43,407.43
-1.0,520,10,36825.101215199,36829.783285032,407.45,407.415
1.0,126,3,36830.481820048,36830.514988386,407.41,407.415
-1.0,2192,24,36830.577888323,36834.159085534,407.43,407.345
1.0,31,2,36834.826915524,36835.468043004,407.32,407.34
-1.0,879,18,36835.468713721,36839.124358259,407.345,407.295
1.0,1201,24,36840.101638035,36849.154696392,407.295,407.355
-1.0,1,1,36849.75185374,36849.75185374,407.395,407.385
1.0,896,25,36851.032537786,36858.133577654,407.4,407.495
-1.0,97,2,36858.133911188,36858.133937206,407.51,407.51
1.0,2697,24,36859.98952548,36867.794556875,407.5,407.6
-1.0,520,14,36868.76470257,36868.769225369,407.585,407.535
1.0,2059,27,36871.316165459,36873.760165662,407.56,407.715
-1.0,50,1,36873.764509929,36873.764509929,407.745,407.735
1.0,359,4,36874.255463031,36874.936707871,407.74,407.795
-1.0,105,2,36877.767340381,36877.767724251,407.77,407.755
1.0,46,4,36877.768520811,36877.769752828,407.765,407.79
-1.0,48,1,36877.775157593,36877.775157593,407.78,407.78
1.0,447,11,36877.949594764,36877.950777493,407.795,407.855
-1.0,100,1,36878.080024396,36878.080024396,407.86,407.855
1.0,27,2,36879.269128382,36879.461279055,407.84,407.84
-1.0,323,10,36882.524995959,36885.052475868,407.85,407.805
1.0,87,5,36885.660743723,36888.124810511,407.775,407.775
-1.0,8,3,36888.618249885,36888.62069688,407.78,407.745
1.0,430,8,36888.661683472,36889.04382706,407.725,407.765
-1.0,1151,14,36889.382452295,36892.901550942,407.78,407.66
1.0,11,2,36893.029369775,36893.035430444,407.655,407.655
-1.0,132,10,36893.074094361,36895.233363303,407.655,407.555
1.0,368,5,36897.515798682,36897.541914917,407.555,407.625
-1.0,205,4,36899.049405185,36900.045838077,407.645,407.595
1.0,484,11,36900.198739127,36901.118021425,407.605,407.695
-1.0,502,8,36903.424583743,36904.398964837,407.665,407.605
1.0,39,3,36907.564358996,36907.564358996,407.595,407.6
-1.0,201,3,36907.565508769,36907.588923502,407.645,407.62
1.0,131,2,36910.050594758,36910.050814872,407.605,407.645
-1.0,1796,35,36910.054501884,36913.12120769,407.66,407.51
1.0,18,1,36913.227738372,36913.227738372,407.515,407.515
-1.0,822,26,36913.504791626,36917.021659192,407.535,407.365
1.0,545,12,36917.888166092,36922.264101204,407.355,407.51
-1.0,159,5,36922.582219721,36923.408448587,407.52,407.43
1.0,51,2,36923.418390216,36923.914882469,407.44,407.45
-1.0,85,6,36924.394937442,36925.572118661,407.465,407.395
1.0,117,3,36925.99947337,36925.999505845,407.38,407.38
-1.0,150,2,36926.984403316,36926.984403316,407.395,407.39
1.0,94,2,36926.984418281,36927.133608956,407.39,407.39
-1.0,212,6,36928.311483403,36928.4096815,407.405,407.36
1.0,2,1,36929.150617064,36929.150617064,407.33,407.34
-1.0,299,4,36929.151491703,36929.152594689,407.35,407.35
1.0,67,2,36929.506567546,36929.506567546,407.345,407.345
-1.0,62,2,36929.903474662,36929.903514568,407.345,407.325
1.0,2,1,36929.904235662,36929.904235662,407.32,407.325
-1.0,1413,30,36929.91042065,36936.247900967,407.315,407.09
1.0,100,1,36936.994126478,36936.994126478,407.065,407.08
-1.0,300,4,36937.073926067,36937.073926067,407.105,407.1
1.0,171,3,36937.317033133,36937.317033133,407.11,407.12
-1.0,386,12,36937.660311505,36941.431721522,407.195,407.12
1.0,1356,10,36943.353968702,36943.358112179,407.195,407.25
-1.0,482,19,36943.537417257,36949.103068766,407.255,407.065
1.0,242,4,36950.09926311,36950.099291939,407.07,407.075
-1.0,2351,18,36951.004939673,36952.114192124,407.12,407.04
1.0,90,2,36952.300467512,36952.300467512,407.035,407.045
-1.0,1922,33,36953.102352677,36955.940299212,407.055,406.99
1.0,110,4,36955.944204609,36955.947263972,406.985,406.995
-1.0,5,2,36955.957650976,36955.957650976,406.985,406.98
1.0,152,4,36956.222995114,36956.223608651,406.955,406.98
-1.0,1,1,36956.611443826,36956.611443826,406.985,406.98
1.0,340,4,36957.008419899,36957.008735871,406.975,406.99
-1.0,200,2,36957.008805755,36957.008826122,407.0,407.0
1.0,34,1,36957.009764146,36957.009764146,407.005,407.005
-1.0,2,1,36958.675059115,36958.675059115,406.97,406.96
1.0,50,1,36958.680136024,36958.680136024,406.945,406.95
-1.0,184,8,36960.988665069,36961.007571278,406.965,406.915
1.0,200,1,36961.011445444,36961.011445444,406.895,406.915
-1.0,316,8,36961.011448706,36961.045557043,406.915,406.885
1.0,140,3,36961.093685195,36961.093693427,406.89,406.895
-1.0,8,5,36961.217378831,36961.219371548,406.9,406.89
1.0,830,11,36961.618511156,36961.731028932,406.885,406.975
-1.0,5,1,36962.385703464,36962.385703464,407.0,406.985
1.0,10,1,36962.475867549,36962.475867549,406.965,406.97
-1.0,150,2,36964.916224097,36964.916224097,407.0,406.995
1.0,2,1,36965.34747607,36965.34747607,406.995,406.995
-1.0,401,7,36966.053486597,36967.704056016,406.985,406.945
1.0,50,1,36967.704464126,36967.704464126,406.925,406.935
-1.0,300,3,36967.70547468,36967.70547468,406.955,406.945
1.0,337,5,36969.00870958,36969.160341536,406.945,406.98
-1.0,1,1,36970.611467221,36970.611467221,406.975,406.96
1.0,1,1,36971.596870092,36971.596870092,406.955,406.96
-1.0,9,7,36972.285916908,36974.404387112,406.975,406.88
1.0,2,1,36974.404450451,36974.404450451,406.875,406.88
-1.0,3357,47,36974.405459067,36975.963852592,406.91,406.73
1.0,158,3,36976.130180932,36976.130972691,406.74,406.78
-1.0,1135,10,36976.997666745,36977.907056156,406.785,406.705
1.0,196,6,36978.59039441,36981.486096992,406.77,406.85
-1.0,23,3,36983.433007387,36984.354364249,406.805,406.785
1.0,65,1,36984.354557943,36984.354557943,406.785,406.785
-1.0,100,1,36984.35474142,36984.35474142,406.8,406.785
1.0,100,2,36984.356090411,36984.356209225,406.78,406.8
-1.0,100,1,36984.356430403,36984.356430403,406.805,406.8
1.0,105,2,36984.356469779,36984.356837511,406.785,406.805
-1.0,110,2,36984.356854906,36984.356854906,406.805,406.785
1.0,289,4,36984.356882152,36984.552662735,406.785,406.805
-1.0,107,4,36984.927614387,36986.519874564,406.8,406.755
1.0,640,4,36986.520106624,36986.52061345,406.755,406.77
-1.0,55,3,36986.521168103,36986.523325876,406.745,406.69
1.0,101,1,36986.523667677,36986.523667677,406.685,406.7
-1.0,40,1,36986.530739348,36986.530739348,406.71,406.705
1.0,673,8,36986.926137807,36988.483606178,406.73,406.895
-1.0,5,1,36989.878683724,36989.878683724,406.925,406.91
1.0,67,2,36992.213481047,36992.234386897,406.91,406.92
-1.0,50,1,36993.08794432,36993.08794432,406.945,406.925
1.0,154,2,36995.192455875,36995.192612445,406.905,406.915
-1.0,1079,10,36997.775071772,36998.124492424,406.92,406.905
1.0,1396,30,36998.275473,37000.655737504,406.91,406.985
-1.0,2549,22,37002.202011503,37006.278572925,406.97,406.87
1.0,235,3,37006.744392207,37006.744485452,406.885,406.9
-1.0,14,1,37007.145898307,37007.145898307,406.915,406.895
1.0,328,9,37011.005401324,37012.198908145,406.915,406.995
-1.0,768,11,37012.200521271,37012.689212859,406.985,406.905
1.0,721,12,37013.330161653,37013.701639824,406.905,406.99
-1.0,919,8,37013.846785284,37016.05765812,406.99,406.925
1.0,640,10,37016.147928847,37018.544965839,406.925,406.93
-1.0,54,3,37019.034188694,37020.665598433,406.945,406.91
1.0,541,6,37026.598151216,37026.598422078,406.92,406.935
-1.0,100,1,37026.792450093,37026.792450093,406.965,406.96
1.0,168,2,37028.247875866,37028.247962953,406.965,406.975
-1.0,507,11,37028.248356038,37028.249077405,406.98,406.945
1.0,50,1,37028.249263148,37028.249263148,406.935,406.94
-1.0,141,3,37028.249401683,37028.249743279,406.94,406.94
1.0,24,1,37028.24982882,37028.24982882,406.94,406.95
-1.0,2258,19,37028.24982882,37028.95039109,406.975,406.84
1.0,590,8,37029.414103301,37029.415818066,406.815,406.86
-1.0,4272,52,37031.292632658,37034.857050673,406.855,406.59
1.0,368,7,37034.857084808,37035.37347988,406.585,406.66
-1.0,1138,11,37035.589645566,37043.396718609,406.66,406.615
1.0,22,2,37043.398102998,37043.398102998,406.615,406.625
-1.0,2828,15,37045.695352309,37046.655762873,406.635,406.59
1.0,270,6,37048.218653566,37048.219290804,406.575,406.595
-1.0,165,7,37051.067589336,37055.724935816,406.61,406.57
1.0,252,6,37055.726345875,37055.964410179,406.585,406.615
-1.0,206,4,37056.237411493,37058.389331718,406.615,406.585
1.0,354,7,37058.43739147,37058.437408672,406.59,406.615
-1.0,244,8,37063.571049846,37067.460258112,406.63,406.575
1.0,131,2,37067.586250362,37067.586250362,406.6,406.6
-1.0,1772,24,37068.71484167,37072.870378516,406.59,406.515
1.0,115,5,37072.872242596,37072.877203357,406.515,406.535
-1.0,2106,11,37073.700824763,37074.228353365,406.535,406.53
1.0,1127,18,37074.370421256,37078.260324083,406.53,406.62
-1.0,100,1,37079.211558566,37079.211558566,406.635,406.63
1.0,492,13,37081.798390019,37081.839914488,406.63,406.705
-1.0,99,1,37081.872802751,37081.872802751,406.72,406.7
1.0,408,7,37085.227009703,37085.25985182,406.68,406.765
-1.0,250,3,37090.466037367,37091.861396808,406.92,406.91
1.0,418,10,37093.055771474,37093.117632015,406.9,406.97
-1.0,2219,28,37093.370915269,37098.901335304,406.955,406.775
1.0,50,1,37099.075831937,37099.075831937,406.735,406.74
-1.0,34,2,37100.18835746,37102.657763549,406.745,406.69
1.0,1039,18,37103.535710927,37111.358334781,406.69,406.925
-1.0,294,8,37112.677842776,37112.757737234,406.93,406.94
1.0,210,4,37113.045192385,37113.045198262,406.945,406.95
-1.0,299,4,37113.045474074,37113.045708461,406.965,406.945
1.0,110,2,37113.045712988,37113.793814378,406.945,406.935
-1.0,50,1,37114.732311678,37114.732311678,406.96,406.955
1.0,560,8,37116.520855752,37119.296270075,406.985,406.97
-1.0,100,1,37120.466742859,37120.466742859,406.97,406.96
1.0,98,2,37120.545657416,37120.545657416,406.95,406.955
-1.0,637,10,37121.127827232,37123.045866516,406.99,406.955
1.0,140,2,37123.273552696,37123.273552696,406.96,406.97
-1.0,5,1,37123.834988106,37123.834988106,407.005,406.995
1.0,166,3,37124.481493707,37124.481501871,406.995,407.0
-1.0,2374,16,37124.511628578,37127.317526539,407.0,406.82
1.0,50,1,37127.317834049,37127.317834049,406.81,406.815
-1.0,150,2,37127.318716693,37127.318740719,406.835,406.815
1.0,84,3,37130.176057981,37130.177492725,406.835,406.87
-1.0,402,6,37131.44601039,37136.774778922,406.885,406.805
1.0,350,4,37137.027122854,37137.027122854,406.785,406.8
-1.0,1948,22,37138.328573822,37141.442561434,406.82,406.7
1.0,5,1,37142.006995605,37142.006995605,406.69,406.69
-1.0,33,2,37142.302395974,37143.897732639,406.72,406.72
1.0,674,11,37144.123428095,37147.4055279,406.725,406.82
-1.0,210,4,37147.406016496,37148.644298591,406.825,406.77
1.0,763,10,37148.76188872,37152.743710117,406.76,406.88
-1.0,2,1,37153.422532019,37153.422532019,406.905,406.9
1.0,2,1,37153.805745179,37153.805745179,406.89,406.89
-1.0,17,3,37153.837860425,37153.838170616,406.89,406.885
1.0,145,2,37153.923680313,37153.923680313,406.87,406.885
-1.0,158,6,37157.391270328,37158.409391443,406.865,406.795
1.0,1,1,37158.956368101,37158.956368101,406.795,406.8
-1.0,158,10,37159.686195062,37164.176461367,406.82,406.8
1.0,23,1,37170.67049996,37170.67049996,406.845,406.845
-1.0,4,1,37170.670637515,37170.670637515,406.86,406.845
1.0,342,5,37170.670741577,37171.771151772,406.845,406.87
-1.0,328,7,37179.289152233,37180.323007768,406.84,406.79
1.0,84,2,37180.786333196,37180.786353449,406.785,406.79
-1.0,608,24,37182.251300603,37189.486462037,406.795,406.69
1.0,4,1,37189.487148524,37189.487148524,406.685,406.695
-1.0,53,7,37190.766534813,37192.022206174,406.69,406.63
1.0,2,1,37192.069758995,37192.069758995,406.625,406.63
-1.0,2,1,37192.417803349,37192.417803349,406.645,406.64
1.0,86,2,37192.432125093,37192.432175742,406.655,406.665
-1.0,324,10,37192.508681606,37196.796814745,406.705,406.65
1.0,638,9,37196.995632254,37200.664824337,406.63,406.71
-1.0,1,1,37201.730662638,37201.730662638,406.715,406.705
1.0,129,2,37201.730912173,37201.730912173,406.69,406.705
-1.0,473,17,37202.283761721,37207.927736405,406.745,406.615
1.0,2,1,37208.292686196,37208.292686196,406.61,406.61
-1.0,2016,10,37209.451764665,37209.726294286,406.61,406.555
1.0,230,3,37209.894997231,37213.334788961,406.545,406.575
-1.0,3,2,37215.55147002,37215.749780824,406.565,406.55
1.0,274,4,37216.322365983,37216.323043992,406.56,406.585
-1.0,96,1,37217.003259341,37217.003259341,406.58,406.58
1.0,447,11,37218.173056637,37219.897053586,406.58,406.63
-1.0,110,3,37220.810562588,37222.090578939,406.615,406.56
1.0,100,2,37222.183644472,37222.1837078,406.545,406.555
-1.0,1042,33,37222.687520591,37230.877068036,406.565,406.415
1.0,293,4,37230.878126787,37230.878493427,406.42,406.45
-1.0,2738,39,37232.02322686,37233.050653457,406.435,406.305
1.0,24,1,37233.058317572,37233.058317572,406.31,406.31
-1.0,426,3,37233.058506431,37233.058506431,406.31,406.3
1.0,50,1,37233.067110785,37233.067110785,406.3,406.32
-1.0,99,2,37233.071802193,37233.075137962,406.355,406.31
1.0,4,1,37233.075182141,37233.075182141,406.31,406.33
-1.0,165,3,37233.07713021,37233.085862613,406.375,406.33
1.0,100,1,37233.113749513,37233.113749513,406.325,406.33
-1.0,595,8,37233.144426217,37233.146740203,406.37,406.345
1.0,157,3,37233.172344528,37233.172542425,406.365,406.395
-1.0,227,5,37233.187588439,37233.189455666,406.38,406.345
1.0,13,1,37233.383661397,37233.383661397,406.375,406.4
-1.0,300,3,37233.493463738,37233.737747393,406.41,406.38
1.0,254,5,37233.978336851,37234.138569581,406.41,406.38
-1.0,100,1,37234.556400277,37234.556400277,406.425,406.4
1.0,54,3,37234.670306288,37235.074170183,406.365,406.38
-1.0,253,9,37236.28358812,37238.320365345,406.41,406.385
1.0,163,4,37238.695914115,37238.695986695,406.39,406.395
-1.0,153,4,37239.039200053,37239.039200053,406.4,406.38
1.0,230,8,37239.281587695,37239.283044909,406.4,406.445
-1.0,99,2,37239.289374291,37239.289374291,406.45,406.42
1.0,50,2,37240.969849951,37240.969849951,406.41,406.41
-1.0,1350,3,37241.559356587,37242.106450066,406.385,406.39
1.0,2,1,37242.973952916,37242.973952916,406.39,406.405
-1.0,800,8,37242.980926489,37245.294218565,406.415,406.32
1.0,554,8,37245.472626598,37247.101963355,406.32,406.37
-1.0,317,8,37247.425278062,37249.545613888,406.38,406.325
1.0,100,2,37249.726805001,37249.824193634,406.315,406.33
-1.0,254,11,37250.195901647,37252.774802516,406.32,406.29
1.0,5,1,37252.839556246,37252.839556246,406.29,406.295
-1.0,108,4,37253.195808222,37253.745686853,406.32,406.3
1.0,109,6,37253.970315634,37256.428852468,406.275,406.37
-1.0,185,2,37256.441182693,37257.310754063,406.375,406.355
1.0,136,9,37259.322670152,37259.904075138,406.355,406.39
-1.0,789,23,37261.979828295,37265.397197221,406.4,406.215
1.0,430,7,37266.459872745,37266.600591501,406.17,406.235
-1.0,150,4,37266.884343362,37269.706416958,406.235,406.175
1.0,100,2,37269.848394721,37269.848415576,406.15,406.16
-1.0,1061,6,37270.587655128,37270.675015073,406.155,406.12
1.0,14,2,37270.681743325,37270.692981272,406.115,406.125
-1.0,50,2,37270.841675731,37270.953632742,406.135,406.13
1.0,317,6,37271.030342233,37271.813689525,406.125,406.185
-1.0,525,6,37272.481721513,37274.382067868,406.19,406.155
1.0,773,14,37275.020728623,37283.890832181,406.195,406.315
-1.0,25,1,37283.891647857,37283.891647857,406.34,406.315
1.0,100,3,37283.891844044,37284.873331062,406.3,406.325
-1.0,66,4,37286.103475219,37286.103487683,406.315,406.3
1.0,104,2,37286.103927523,37286.103927523,406.285,406.29
-1.0,42,5,37286.103933338,37290.629181266,406.29,406.235
1.0,50,2,37290.940640504,37290.940640504,406.185,406.185
-1.0,1277,17,37292.158799625,37298.400201276,406.22,406.025
1.0,206,11,37298.671950991,37302.445324252,406.02,406.065
-1.0,3049,43,37304.589694022,37304.607817365,406.035,406.005
1.0,4,1,37304.608198048,37304.608198048,405.995,405.995
-1.0,258,6,37304.608576972,37304.611822264,405.995,405.96
1.0,25,1,37304.61313897,37304.61313897,405.935,405.945
-1.0,6,2,37304.613228504,37304.613228504,405.96,405.95
1.0,50,1,37304.613310716,37304.613310716,405.935,405.95
-1.0,3,2,37304.613800534,37304.613800534,405.975,405.97
1.0,1,1,37304.640612402,37304.640612402,405.99,405.995
-1.0,50,1,37304.662587283,37304.662587283,406.01,406.005
1.0,2,1,37304.662987732,37304.662987732,405.995,406.0
-1.0,6,2,37304.952542603,37305.06888351,406.01,405.975
1.0,140,2,37305.095627591,37305.095633589,405.975,405.98
-1.0,205,8,37305.608454896,37306.598316133,405.985,405.895
1.0,150,3,37306.59857773,37306.598608287,405.885,405.89
-1.0,189,2,37306.598844992,37306.598893003,405.895,405.895
1.0,150,6,37307.105155077,37307.449710549,405.89,405.9
-1.0,435,14,37307.541723421,37307.60245768,405.89,405.84
1.0,1056,18,37307.655729565,37308.113579147,405.84,405.965
-1.0,57,1,37308.827722705,37308.827722705,405.97,405.955
1.0,724,11,37309.088550315,37312.694387037,405.95,406.035
-1.0,50,2,37312.698492364,37312.698492364,406.03,406.03
1.0,5,2,37312.698508086,37312.698528218,406.03,406.035
-1.0,102,2,37312.698528218,37312.698528218,406.035,406.025
1.0,93,5,37312.698548365,37313.561336575,406.01,406.07
-1.0,710,16,37314.273813705,37315.727097521,406.06,405.965
1.0,62,2,37315.910229424,37315.910229424,405.945,405.95
-1.0,200,4,37316.927290546,37317.245885045,405.96,405.94
1.0,9,3,37317.346273422,37317.492142654,405.935,405.96
-1.0,1,1,37317.496463228,37317.496463228,405.96,405.96
1.0,409,10,37320.052890665,37328.693957396,405.905,405.995
-1.0,310,10,37328.791993002,37328.81109049,405.98,405.91
1.0,6,2,37329.013538061,37329.301016332,405.89,405.905
-1.0,500,6,37329.569325337,37329.664708196,405.89,405.875
1.0,258,6,37330.21473543,37330.286822584,405.86,405.875
-1.0,14,2,37331.933020928,37331.933708591,405.86,405.84
1.0,238,6,37332.528634006,37333.111678002,405.84,405.89
-1.0,39,1,37333.78459958,37333.78459958,405.88,405.88
1.0,336,5,37333.786228432,37333.786726929,405.88,405.89
-1.0,633,10,37333.786804753,37333.793630955,405.895,405.845
1.0,427,6,37333.814290875,37337.167628426,405.845,405.905
-1.0,365,12,37337.16809631,37338.929590844,405.91,405.855
1.0,695,11,37340.347307886,37345.977568177,405.875,405.98
-1.0,16,2,37346.723147205,37347.857964035,406.01,405.99
1.0,417,10,37349.719080669,37351.465792724,405.945,405.995
-1.0,250,3,37351.46586168,37351.466593488,405.995,405.975
1.0,1721,10,37352.848250153,37353.053954648,405.98,406.015
-1.0,102,3,37353.053954648,37353.056785292,406.015,405.99
1.0,18,1,37353.124919318,37353.124919318,405.985,405.985
-1.0,810,10,37353.514905165,37358.218884096,406.015,405.92
1.0,607,14,37359.585033792,37362.647330285,405.92,406.01
-1.0,916,9,37362.662044467,37364.497493767,405.995,405.905
1.0,4,1,37364.497987495,37364.497987495,405.895,405.905
-1.0,200,4,37364.498791247,37368.184286393,405.915,405.965
1.0,350,7,37368.454943942,37370.160566906,405.96,406.03
-1.0,2,1,37370.441674312,37370.441674312,406.05,406.045
1.0,221,3,37370.442016472,37370.956832658,406.05,406.085
-1.0,312,6,37373.274264707,37374.177925829,406.075,406.01
1.0,470,7,37374.731087775,37374.771297114,405.985,406.04
-1.0,50,3,37374.772977449,37374.772977449,406.025,406.025
1.0,2,1,37374.772988344,37374.772988344,406.025,406.045
-1.0,94,3,37374.772994717,37374.773245587,406.045,406.015
1.0,102,2,37375.320011261,37375.320011261,406.02,406.03
-1.0,2275,9,37377.059731783,37379.889095309,406.025,405.985
1.0,301,5,37380.799265911,37380.807180646,405.99,406.02
-1.0,6,1,37382.231549151,37382.231549151,406.03,406.005
1.0,242,5,37383.064144964,37383.064144964,406.0,406.015
-1.0,30,1,37383.070319861,37383.070319861,406.02,406.0
1.0,6,2,37383.873191559,37384.213451997,406.005,406.02
-1.0,80,4,37385.451925315,37385.45203478,406.02,406.005
1.0,140,2,37385.838324976,37385.838324976,405.99,406.005
-1.0,50,1,37386.502846118,37386.502846118,406.03,406.005
1.0,268,4,37386.64068925,37386.683700232,406.005,406.04
-1.0,3,1,37387.205946693,37387.205946693,406.07,406.06
1.0,100,1,37389.920618456,37389.920618456,406.07,406.08
-1.0,60,1,37390.132189526,37390.132189526,406.095,406.095
1.0,1905,27,37390.229571941,37394.409961312,406.07,406.235
-1.0,100,1,37395.329845305,37395.329845305,406.25,406.24
1.0,175,2,37395.329865915,37396.142181131,406.21,406.235
-1.0,198,3,37396.142493827,37399.005657068,406.26,406.26
1.0,580,11,37399.47281324,37401.96562817,406.25,406.315
-1.0,615,13,37401.973081819,37402.41077975,406.295,406.31
1.0,1308,19,37402.566636101,37406.816574289,406.29,406.395
-1.0,51,2,37406.874733585,37406.874759115,406.415,406.395
1.0,924,4,37407.140609766,37408.900069734,406.38,406.42
-1.0,3,1,37408.985408047,37408.985408047,406.445,406.41
1.0,5,1,37411.190809053,37411.190809053,406.43,406.44
-1.0,379,7,37411.266321361,37413.438594456,406.43,406.4
1.0,60,2,37413.605425244,37413.998907627,406.405,406.435
-1.0,200,1,37414.36882655,37414.36882655,406.45,406.435
1.0,1028,19,37417.270266771,37418.474340461,406.46,406.555
-1.0,338,10,37419.061629573,37420.000054884,406.53,406.445
1.0,71,1,37420.533496589,37420.533496589,406.43,406.43
-1.0,110,4,37420.695234252,37420.696272779,406.44,406.405
1.0,100,1,37420.696496508,37420.696496508,406.4,406.405
-1.0,335,6,37420.69668901,37422.127600893,406.42,406.415
1.0,352,9,37422.257596557,37425.855819368,406.415,406.565
-1.0,25,7,37427.072806989,37428.692162162,406.53,406.485
1.0,21,1,37429.603811599,37429.603811599,406.465,406.48
-1.0,110,2,37429.603838402,37429.603838402,406.485,406.48
1.0,408,8,37430.282703894,37431.068253116,406.48,406.585
-1.0,400,7,37432.088251122,37433.489528184,406.63,406.58
1.0,29,1,37434.770370771,37434.770370771,406.555,406.555
-1.0,22,1,37434.771142044,37434.771142044,406.575,406.565
1.0,58,4,37436.940781845,37436.945013259,406.55,406.57
-1.0,2371,11,37438.161396855,37441.393050843,406.585,406.51
1.0,239,6,37446.560213807,37449.479058576,406.52,406.525
-1.0,416,13,37450.440228971,37452.530950287,406.53,406.445
1.0,3,1,37452.538894012,37452.538894012,406.425,406.44
-1.0,443,8,37453.704078561,37453.772779273,406.445,406.44
1.0,623,11,37454.997212244,37455.675129522,406.435,406.485
-1.0,26,2,37455.891798432,37457.676731715,406.51,406.47
1.0,68,3,37457.677156627,37461.577400658,406.435,406.465
-1.0,100,2,37464.547501026,37464.547536409,406.505,406.5
1.0,782,14,37464.679422586,37469.365689591,406.505,406.63
-1.0,4,1,37470.3144987,37470.3144987,406.63,406.62
1.0,302,8,37470.650325914,37474.779234685,406.61,406.64
-1.0,3068,23,37479.231182055,37479.9915677,406.635,406.575
1.0,100,1,37479.99380715,37479.99380715,406.57,406.575
-1.0,4,1,37479.994101734,37479.994101734,406.59,406.58
1.0,1002,2,37480.286489015,37481.775613346,406.565,406.595
-1.0,648,12,37481.951592287,37485.626117712,406.595,406.5
1.0,973,14,37487.193667017,37488.783022901,406.5,406.595
-1.0,5,1,37489.800732825,37489.800732825,406.615,406.615
1.0,663,10,37494.551759231,37498.597035361,406.585,406.665
-1.0,100,1,37498.597844924,37498.597844924,406.68,406.675
1.0,697,11,37498.598253428,37500.550599859,406.67,406.695
-1.0,87,2,37500.577284961,37500.577284961,406.695,406.695
1.0,702,10,37500.715097791,37500.715877529,406.68,406.725
-1.0,5,1,37501.140455387,37501.140455387,406.72,406.72
1.0,404,10,37502.279078263,37503.024414308,406.715,406.775
-1.0,100,1,37503.911101172,37503.911101172,406.77,406.765
1.0,2,1,37505.133885042,37505.133885042,406.775,406.78
-1.0,100,1,37506.46291973,37506.46291973,406.79,406.77
1.0,2187,34,37507.134942581,37511.902437715,406.77,406.905
-1.0,740,13,37513.323740084,37513.463502167,406.91,406.865
1.0,100,2,37513.463998707,37513.46400162,406.875,406.89
-1.0,500,6,37513.464634936,37514.081358766,406.905,406.87
1.0,100,6,37514.103273913,37514.103450413,406.885,406.89
-1.0,300,5,37514.507290269,37514.569474024,406.895,406.885
1.0,218,4,37515.005851326,37517.742442492,406.895,406.925
-1.0,2067,51,37517.812449294,37519.854301403,406.925,406.805
1.0,302,7,37519.905482082,37519.909760719,406.825,406.87
-1.0,154,4,37519.909840417,37519.913613501,406.875,406.865
1.0,3,2,37519.913960105,37519.91494722,406.845,406.87
-1.0,3,2,37519.915291602,37519.917394956,406.885,406.855
1.0,508,11,37519.917484041,37525.029975253,406.85,406.93
-1.0,2,1,37525.030560439,37525.030560439,406.93,406.93
1.0,125,3,37525.408346002,37525.442743484,406.92,406.93
-1.0,451,7,37526.29658082,37527.570859164,406.95,406.825
1.0,191,6,37528.082816461,37528.451835674,406.805,406.87
-1.0,313,4,37531.730072546,37532.387446795,406.825,406.775
1.0,281,6,37532.529180322,37532.530408343,406.785,406.81
-1.0,158,3,37535.912285212,37539.042977594,406.825,406.81
1.0,414,16,37541.117495875,37542.508780111,406.815,406.835
-1.0,313,6,37543.762728723,37543.773926899,406.8,406.785
1.0,2,1,37545.480657908,37545.480657908,406.77,406.78
-1.0,10,1,37547.959011993,37547.959011993,406.82,406.795
1.0,483,10,37547.959284745,37549.287334578,406.8,406.875
-1.0,571,19,37550.779303356,37561.105532461,406.87,406.67
1.0,202,6,37564.098444715,37564.098481891,406.7,406.715
-1.0,102,4,37564.724691959,37565.207727672,406.72,406.685
1.0,254,7,37566.13817566,37567.192466713,406.68,406.73
-1.0,319,4,37567.246982362,37570.443517873,406.735,406.655
1.0,110,5,37571.660031196,37571.660970048,406.68,406.725
-1.0,105,1,37571.661226376,37571.661226376,406.725,406.715
1.0,190,4,37572.313165738,37578.493635777,406.755,406.75
-1.0,403,2,37578.5163717,37581.63265559,406.805,406.795
1.0,250,6,37583.235687173,37585.733521941,406.8,406.825
-1.0,11,1,37588.149122366,37588.149122366,406.865,406.85
1.0,100,1,37588.149571933,37588.149571933,406.83,406.835
-1.0,100,2,37588.149600179,37588.149620953,406.855,406.835
1.0,100,2,37588.149680529,37588.149724587,406.83,406.84
-1.0,811,14,37590.457077922,37591.930507813,406.87,406.865
1.0,463,4,37591.930576564,37592.162958608,406.865,406.885
-1.0,563,8,37592.169437957,37593.010537323,406.89,406.86
1.0,641,13,37598.323284639,37599.688308505,406.855,406.9
-1.0,285,15,37600.038222488,37602.37637317,406.92,406.795
1.0,391,7,37602.700228974,37607.653516374,406.79,406.835
-1.0,7,3,37608.509309988,37610.343943139,406.85,406.845
1.0,258,6,37610.933453794,37614.924166644,406.855,406.895
-1.0,8,2,37614.939152361,37615.523807403,406.915,406.895
1.0,743,34,37616.248519796,37619.700873904,406.895,407.01
-1.0,15,1,37619.701634852,37619.701634852,407.015,407.015
1.0,102,2,37619.715067351,37619.793978279,406.98,406.985
-1.0,609,10,37619.794076852,37621.179557139,407.005,406.915
1.0,90,1,37621.239958257,37621.239958257,406.915,406.915
-1.0,14,4,37621.503029311,37621.844144985,406.93,406.92
1.0,97,1,37622.520312765,37622.520312765,406.905,406.905
-1.0,229,7,37623.02830898,37623.47122897,406.91,406.845
1.0,270,8,37623.802327818,37630.292328992,406.835,406.88
-1.0,4,1,37630.292391842,37630.292391842,406.895,406.88
1.0,105,3,37630.292490275,37630.292812565,406.885,406.91
-1.0,45,3,37631.815663567,37633.136008862,406.945,406.945
1.0,76,6,37634.356919593,37637.279178359,406.96,407.025
-1.0,326,8,37641.391453911,37641.391772655,407.015,406.96
1.0,190,4,37641.39326361,37641.393651697,406.955,406.97
-1.0,3266,15,37642.30881845,37649.271871019,406.99,406.83
1.0,50,1,37649.273109569,37649.273109569,406.82,406.825
-1.0,122,2,37650.385470502,37650.385698072,406.815,406.8
1.0,947,18,37650.7333452,37660.453446069,406.795,406.985
-1.0,200,1,37661.014527514,37661.014527514,406.95,406.945
1.0,50,1,37661.014725703,37661.014725703,406.93,406.94
-1.0,574,14,37661.014889931,37664.047416372,406.945,406.8
1.0,53,1,37664.076392498,37664.076392498,406.805,406.805
-1.0,4,1,37664.07640037,37664.07640037,406.805,406.795
1.0,34,1,37664.07640674,37664.07640674,406.795,406.795
-1.0,338,7,37664.461782722,37664.908032446,406.8,406.775
1.0,15,1,37668.274763884,37668.274763884,406.795,406.795
-1.0,1437,25,37670.025173737,37671.793477951,406.79,406.7
1.0,200,2,37671.810586564,37671.975749286,406.695,406.705
-1.0,219,6,37671.976516085,37671.979483589,406.715,406.675
1.0,89,1,37673.058551351,37673.058551351,406.71,406.71
-1.0,1007,14,37673.05937305,37674.77130138,406.71,406.625
1.0,701,15,37680.146314797,37680.147963282,406.625,406.675
-1.0,3,1,37680.565438388,37680.565438388,406.76,406.735
1.0,77,3,37680.565507629,37680.565545305,406.745,406.745
-1.0,11,2,37685.691863556,37685.692730948,406.77,406.75
1.0,63,2,37685.692730948,37685.692736785,406.75,406.75
-1.0,197,8,37685.695122321,37687.667094079,406.745,406.71
1.0,1331,38,37689.697919749,37709.376873029,406.695,407.07
-1.0,200,4,37709.646035007,37709.646064063,407.08,407.07
1.0,123,2,37709.856618069,37710.85664521,407.06,407.07
-1.0,480,14,37712.456302575,37713.050651371,407.08,407.015
1.0,72,1,37713.386457511,37713.386457511,406.99,407.0
-1.0,59,3,37713.514639431,37713.522117316,407.01,406.965
1.0,153,5,37713.555055631,37716.712542132,406.965,407.065
-1.0,4041,26,37717.724903223,37722.723307293,407.075,406.765
1.0,152,3,37724.351194597,37725.628344086,406.735,406.78
-1.0,32,4,37725.861048604,37727.336897249,406.825,406.755
1.0,148,4,37727.466826089,37727.681815468,406.76,406.75
-1.0,1,1,37728.546909944,37728.546909944,406.715,406.695
1.0,847,8,37729.043150615,37729.539360247,406.67,406.725
-1.0,362,7,37732.319868169,37738.743767112,406.775,406.73
1.0,26,1,37738.768717043,37738.768717043,406.74,406.74
-1.0,2,1,37738.768738676,37738.768738676,406.74,406.73
1.0,623,16,37738.76877377,37739.162077384,406.73,406.77
-1.0,56,3,37739.527284386,37743.114601564,406.835,406.76
1.0,1028,19,37743.712838269,37745.619636164,406.775,406.865
-1.0,5,1,37747.349675465,37747.349675465,406.885,406.87
1.0,150,2,37747.349778571,37747.35028047,406.87,406.885
-1.0,100,1,37747.351237465,37747.351237465,406.885,406.88
1.0,3,1,37747.351291366,37747.351291366,406.86,406.86
-1.0,100,1,37747.485910962,37747.485910962,406.835,406.82
1.0,98,2,37747.48635127,37747.575777109,406.79,406.815
-1.0,15,3,37749.641482589,37749.670503428,406.795,406.775
1.0,541,12,37751.665722856,37752.548422366,406.77,406.8
-1.0,28,1,37753.485377205,37753.485377205,406.835,406.81
1.0,185,4,37753.931643117,37753.998053769,406.81,406.845
-1.0,2,1,37754.080463757,37754.080463757,406.855,406.845
1.0,102,2,37754.080601278,37754.553293612,406.82,406.835
-1.0,438,10,37754.793515923,37761.844109766,406.845,406.74
1.0,154,7,37761.8915883,37762.268195158,406.725,406.78
-1.0,1,1,37763.108400735,37763.108400735,406.795,406.78
1.0,60,2,37764.443054909,37764.795400023,406.77,406.77
-1.0,369,8,37766.731471066,37768.881531038,406.76,406.715
1.0,1,1,37768.882082341,37768.882082341,406.695,406.705
-1.0,1,1,37769.614637072,37769.614637072,406.69,406.68
1.0,816,12,37769.858223629,37771.710099544,406.675,406.73
-1.0,7,3,37772.099616034,37773.10777981,406.735,406.685
1.0,21,1,37773.493576887,37773.493576887,406.685,406.695
-1.0,98,8,37773.633298373,37775.342068606,406.7,406.65
1.0,270,11,37776.00022331,37779.138661448,406.65,406.69
-1.0,59,3,37779.531056607,37780.236268408,406.68,406.665
1.0,45,4,37786.067990184,37786.068038059,406.67,406.695
-1.0,25,1,37787.220547368,37787.220547368,406.685,406.685
1.0,93,2,37790.732734051,37790.732783636,406.67,406.67
-1.0,401,19,37790.819544856,37792.280551998,406.67,406.605
1.0,1322,28,37794.78440551,37794.94310348,406.61,406.695
-1.0,29,3,37796.495395515,37796.94696134,406.67,406.63
1.0,65,2,37797.177378741,37797.177399213,406.63,406.635
-1.0,43,3,37797.435845794,37798.051284934,406.645,406.62
1.0,327,8,37798.074007336,37798.342906274,406.615,406.655
-1.0,80,2,37798.356926159,37798.356926159,406.655,406.65
1.0,67,2,37798.459864167,37800.050164101,406.63,406.64
-1.0,98,6,37800.463206273,37800.958490997,406.65,406.62
1.0,210,5,37801.047549009,37801.188304741,406.625,406.65
-1.0,751,22,37802.10156056,37804.236560389,406.64,406.51
1.0,491,8,37804.500305188,37804.746121151,406.51,406.655
-1.0,827,22,37805.798675138,37810.908741882,406.67,406.46
1.0,109,2,37811.16444765,37811.164468914,406.45,406.455
-1.0,246,10,37811.16449536,37812.182496523,406.48,406.475
1.0,160,4,37813.020095818,37814.546846887,406.495,406.53
-1.0,60,4,37815.728794825,37817.7050991,406.52,406.52
1.0,8,3,37819.13349293,37819.246097362,406.525,406.56
-1.0,150,2,37820.708672861,37820.708672861,406.595,406.585
1.0,100,1,37820.708720889,37820.708720889,406.545,406.565
-1.0,277,6,37820.708796851,37820.709863797,406.58,406.55
1.0,25,1,37820.73701883,37820.73701883,406.55,406.55
-1.0,73,2,37820.740812451,37820.740812451,406.585,406.555
1.0,298,7,37822.117228924,37825.118398365,406.57,406.72
-1.0,408,7,37826.974019314,37826.974805358,406.78,406.72
1.0,300,5,37826.974870743,37827.97480218,406.715,406.755
-1.0,582,11,37828.129650765,37831.980700895,406.795,406.75
1.0,211,5,37832.793007457,37833.097434801,406.755,406.78
-1.0,479,7,37833.301271053,37834.493305304,406.815,406.775
1.0,150,2,37835.535292859,37835.535292859,406.76,406.765
-1.0,2750,15,37835.603428187,37835.605577555,406.765,406.72
1.0,6,1,37835.695108323,37835.695108323,406.72,406.72
-1.0,257,4,37835.702603887,37835.702717766,406.72,406.69
1.0,35,2,37835.703454899,37835.703775771,406.68,406.675
-1.0,514,12,37835.705233174,37839.986863346,406.675,406.585
1.0,188,7,37842.810021684,37846.023538943,406.64,406.66
-1.0,584,13,37849.507934366,37850.257059813,406.63,406.55
1.0,90,2,37850.257634067,37850.25769908,406.56,406.595
-1.0,58,1,37850.257725194,37850.257725194,406.6,406.6
1.0,50,1,37850.257905714,37850.257905714,406.6,406.62
-1.0,516,11,37850.258514539,37854.402956837,406.63,406.55
1.0,311,5,37855.000772896,37859.050904163,406.535,406.595
-1.0,54,3,37859.090458768,37861.032581259,406.595,406.57
1.0,177,4,37861.035163441,37864.662836791,406.55,406.64
-1.0,904,26,37867.181629325,37877.929520133,406.64,406.53
1.0,851,18,37878.589253546,37885.971292682,406.53,406.76
-1.0,1910,14,37885.973304836,37887.36812166,406.77,406.675
1.0,100,1,37888.341077713,37888.341077713,406.6,406.605
-1.0,374,10,37889.700665606,37890.202664652,406.635,406.55
1.0,150,2,37893.279868064,37893.279868064,406.585,406.595
-1.0,117,3,37894.087202973,37894.09322626,406.62,406.61
1.0,160,4,37895.061643792,37895.192520104,406.6,406.64
-1.0,146,5,37895.412974893,37900.384041121,406.64,406.605
1.0,150,2,37900.870415911,37900.870415911,406.595,406.6
-1.0,147,6,37903.303745146,37907.974463167,406.59,406.565
1.0,470,7,37910.927953036,37912.592056574,406.565,406.62
-1.0,50,1,37913.909992725,37913.909992725,406.63,406.625
1.0,100,1,37913.910497708,37913.910497708,406.59,406.605
-1.0,453,10,37914.417113912,37919.318294514,406.58,406.505
1.0,133,4,37919.38400835,37919.384292129,406.5,406.505
-1.0,2,1,37920.330387913,37920.330387913,406.545,406.535
1.0,118,2,37920.378615036,37920.47198667,406.52,406.53
-1.0,1,1,37921.612461643,37921.612461643,406.545,406.535
1.0,147,5,37923.709351252,37923.710084029,406.52,406.54
-1.0,153,5,37928.248212348,37928.248212348,406.555,406.545
1.0,100,1,37928.24861235,37928.24861235,406.515,406.525
-1.0,83,1,37928.31500686,37928.31500686,406.545,406.545
1.0,225,5,37929.543720303,37931.887283104,406.535,406.57
-1.0,150,2,37932.068364498,37932.068398633,406.62,406.61
1.0,148,5,37932.920268216,37934.203640951,406.61,406.66
-1.0,457,14,37935.467611638,37938.757450927,406.625,406.5
1.0,200,3,37938.75789485,37938.757898009,406.475,406.485
-1.0,2868,6,37939.389432184,37940.447136402,406.495,406.425
1.0,416,13,37941.192077343,37948.309414969,406.43,406.57
-1.0,831,20,37948.567811395,37953.07112575,406.58,406.445
1.0,290,5,37953.587100812,37953.601553598,406.435,406.48
-1.0,53,3,37955.250580386,37955.613226475,406.45,406.43
1.0,214,6,37957.95010301,37959.38838682,406.44,406.525
-1.0,698,15,37959.388769986,37963.514441025,406.54,406.46
1.0,177,3,37964.022539484,37964.023102515,406.48,406.49
-1.0,109,6,37969.012874964,37970.269051226,406.52,406.49
1.0,155,5,37970.926812194,37970.926991017,406.485,406.5
-1.0,413,9,37972.79473398,37979.223784613,406.52,406.475
1.0,125,8,37980.216951888,37984.963376056,406.485,406.635
-1.0,10,3,37985.651050943,37985.68118426,406.65,406.64
1.0,10,1,37988.174032958,37988.174032958,406.635,406.64
-1.0,10,1,37991.706514019,37991.706514019,406.625,406.62
1.0,16,1,37991.706533077,37991.706533077,406.605,406.62
-1.0,501,11,37991.706956558,37991.721891674,406.625,406.565
1.0,207,4,37991.750165006,37994.222943096,406.565,406.63
-1.0,87,3,37994.321692651,37994.586840237,406.64,406.585
1.0,201,3,37995.198287245,37996.712618335,406.59,406.59
-1.0,880,12,37997.266250969,38001.229971458,406.605,406.555
1.0,2,2,38001.49519976,38002.313674314,406.57,406.595
-1.0,14,3,38005.047254106,38006.888819852,406.61,406.575
1.0,155,3,38007.963298461,38007.963319877,406.58,406.59
-1.0,168,6,38008.460276861,38020.414605231,406.595,406.54
1.0,19,1,38020.663128384,38020.663128384,406.545,406.55
-1.0,107,4,38021.769511279,38023.900303014,406.58,406.55
1.0,10,1,38027.56641241,38027.56641241,406.55,406.555
-1.0,318,15,38027.567107774,38033.784285206,406.56,406.5
1.0,2,1,38033.784623376,38033.784623376,406.49,406.495
-1.0,197,11,38034.525366735,38035.124735015,406.495,406.495
1.0,3,1,38035.125959508,38035.125959508,406.48,406.49
-1.0,693,38,38035.344946608,38045.642634291,406.5,406.36
1.0,1,1,38045.643817767,38045.643817767,406.365,406.375
-1.0,209,7,38046.068967506,38048.511191312,406.385,406.325
1.0,4,1,38048.513343342,38048.513343342,406.32,406.325
-1.0,9,2,38049.434057107,38050.581133869,406.335,406.33
1.0,101,5,38050.702848355,38050.743912078,406.33,406.35
-1.0,395,8,38050.743975852,38053.807956651,406.355,406.31
1.0,100,1,38053.808265319,38053.808265319,406.3,406.3
-1.0,159,9,38053.809537346,38055.48241216,406.325,406.275
1.0,356,10,38055.482654621,38055.506753059,406.27,406.34
-1.0,92,6,38057.699625421,38060.701939358,406.31,406.295
1.0,326,6,38061.321014156,38061.615469058,406.305,406.385
-1.0,2989,28,38061.649565327,38071.162280803,406.375,406.27
1.0,100,1,38071.583862612,38071.583862612,406.275,406.285
-1.0,2,1,38074.478539508,38074.478539508,406.285,406.275
1.0,8,3,38074.571165482,38074.572638165,406.275,406.275
-1.0,6,3,38075.448335797,38075.889698535,406.28,406.26
1.0,50,1,38075.896366802,38075.896366802,406.26,406.26
-1.0,99,13,38075.905166719,38076.827367919,406.27,406.205
1.0,1,1,38076.83563628,38076.83563628,406.19,406.195
-1.0,2,1,38076.846796303,38076.846796303,406.2,406.195
1.0,2,1,38076.84893087,38076.84893087,406.19,406.195
-1.0,555,13,38076.88997406,38080.387608836,406.21,406.105
1.0,315,5,38080.432236955,38080.504882378,406.11,406.15
-1.0,24,4,38081.427126305,38085.3231269,406.185,406.11
1.0,51,2,38085.372895073,38085.372895073,406.085,406.09
-1.0,27,3,38085.506671683,38086.215784506,406.09,406.07
1.0,6,2,38086.215839874,38086.21585976,406.06,406.07
-1.0,37,2,38086.351795856,38086.351795856,406.075,406.075
1.0,2,1,38086.382901193,38086.382901193,406.07,406.075
-1.0,102,2,38086.383577074,38086.57051365,406.08,406.07
1.0,19,2,38086.985430545,38087.954987782,406.075,406.085
-1.0,10,1,38088.135621466,38088.135621466,406.085,406.08
1.0,38,2,38088.735011051,38088.735044867,406.07,406.07
-1.0,2,1,38089.135632213,38089.135632213,406.08,406.075
1.0,396,2,38089.675848943,38089.675848943,406.09,406.1
-1.0,82,5,38090.663788795,38092.183580837,406.14,406.05
1.0,2,1,38092.187012,38092.187012,406.045,406.05
-1.0,90,2,38092.211421273,38092.211421273,406.065,406.06
1.0,777,7,38093.192105768,38093.464629473,406.07,406.115
-1.0,45,1,38094.40649701,38094.40649701,406.15,406.14
1.0,100,1,38094.754716463,38094.754716463,406.105,406.115
-1.0,1207,9,38095.035670752,38096.921205696,406.125,406.055
1.0,110,3,38096.921226727,38100.083634484,406.035,406.09
-1.0,269,11,38100.084084099,38101.168144946,406.095,406.025
1.0,13,1,38101.168439443,38101.168439443,406.02,406.03
-1.0,857,21,38103.485383648,38103.487653809,406.045,406.005
1.0,185,3,38103.487747225,38103.487928593,406.0,406.005
-1.0,20,3,38103.488256551,38103.488256551,405.995,405.985
1.0,2,2,38103.488700108,38103.48902852,405.985,405.985
-1.0,10,1,38103.495828175,38103.495828175,406.005,405.995
1.0,290,7,38104.787140543,38106.192597848,405.985,406.015
-1.0,178,11,38106.193452614,38108.770542643,406.04,405.98
1.0,100,2,38108.778428747,38108.778428747,405.97,405.97
-1.0,14,3,38109.306363326,38109.306363326,405.975,405.965
1.0,10,1,38109.426898539,38109.426898539,405.96,405.97
-1.0,11,2,38109.687664264,38112.850018455,405.98,405.97
1.0,85,5,38112.850211306,38115.313290991,405.96,406.01
-1.0,20,5,38117.268425022,38117.411105122,406.015,405.985
1.0,160,4,38118.700003053,38118.700134448,405.985,405.995
-1.0,15,5,38118.70047192,38121.027234625,406.01,405.955
1.0,12,2,38121.028703913,38121.104911283,405.95,405.97
-1.0,87,3,38121.577045436,38122.835684291,405.975,405.95
1.0,7,3,38122.837450515,38123.462857595,405.95,405.97
-1.0,249,5,38124.380865085,38124.58970353,405.98,405.95
1.0,2,1,38124.59200759,38124.59200759,405.95,405.965
-1.0,2,1,38125.077537734,38125.077537734,405.965,405.96
1.0,100,1,38125.100838372,38125.100838372,405.95,405.955
-1.0,209,8,38126.227970284,38126.28692712,405.96,405.905
1.0,85,2,38126.289498328,38126.289498328,405.89,405.895
-1.0,21,5,38127.427397046,38127.64617198,405.89,405.87
1.0,1,1,38129.351957109,38129.351957109,405.86,405.875
-1.0,203,7,38129.563094917,38129.705754363,405.87,405.825
1.0,1,1,38129.706175592,38129.706175592,405.82,405.82
-1.0,151,7,38130.283037886,38131.186801707,405.81,405.815
1.0,774,1,38131.18682245,38131.18682245,405.8,405.815
-1.0,139,8,38131.274721476,38133.567439172,405.82,405.78
1.0,41,1,38134.164880664,38134.164880664,405.775,405.78
-1.0,145,5,38134.212684343,38134.273754075,405.83,405.84
1.0,65,4,38134.274939997,38134.275024011,405.845,405.855
-1.0,230,4,38134.27508216,38135.468604636,405.865,405.83
1.0,89,3,38137.326408589,38137.326588023,405.83,405.86
-1.0,2762,14,38138.008184785,38140.009601836,405.845,405.795
1.0,854,16,38141.329757939,38148.984541076,405.8,405.985
-1.0,177,5,38149.575250891,38150.317360459,405.995,405.98
1.0,2,1,38150.317465675,38150.317465675,405.98,405.99
-1.0,22,1,38150.317623021,38150.317623021,405.995,405.995
1.0,2,1,38150.317794202,38150.317794202,405.985,405.995
-1.0,225,9,38150.318009897,38151.841661598,406.0,405.935
1.0,19,1,38152.086466998,38152.086466998,405.945,405.95
-1.0,328,11,38154.268300192,38157.003124241,405.935,405.88
1.0,311,8,38157.120011007,38160.348070801,405.895,405.945
-1.0,245,4,38160.394528255,38160.396407372,405.95,405.95
1.0,10,1,38161.199700813,38161.199700813,405.95,405.96
-1.0,2,1,38161.709421444,38161.709421444,405.975,405.955
1.0,100,1,38161.709571712,38161.709571712,405.97,405.98
-1.0,1,1,38161.709821139,38161.709821139,405.985,405.985
1.0,6,2,38162.056396723,38162.056396723,405.985,405.99
-1.0,96,2,38164.428234503,38164.428234503,405.99,405.99
1.0,51,3,38166.855366863,38167.35034123,405.97,405.99
-1.0,1,1,38167.4553318,38167.4553318,405.985,405.98
1.0,201,3,38167.455363195,38167.455759607,405.955,405.98
-1.0,150,2,38167.456643526,38167.456643526,405.99,405.985
1.0,490,10,38167.456667825,38170.351638877,405.965,405.975
-1.0,324,9,38170.502527715,38172.300082482,405.975,405.945
1.0,150,4,38172.300133597,38174.208452571,405.93,405.99
-1.0,36,2,38175.935078769,38177.457736253,405.975,405.94
1.0,5,1,38177.650078649,38177.650078649,405.915,405.93
-1.0,21,4,38178.268776085,38178.422744019,405.92,405.89
1.0,404,6,38178.556562687,38178.557769121,405.89,405.935
-1.0,597,9,38178.823658196,38180.942083751,405.935,405.845
1.0,1,1,38180.944724293,38180.944724293,405.84,405.84
-1.0,295,1,38181.50463271,38181.50463271,405.85,405.85
1.0,120,3,38182.497333245,38182.972144974,405.85,405.95
-1.0,15,2,38184.536404239,38184.536404239,405.94,405.935
1.0,479,3,38184.536424048,38184.537160402,405.895,405.895
-1.0,100,1,38184.537209496,38184.537209496,405.895,405.89
1.0,86,2,38184.537453657,38184.537459482,405.88,405.88
-1.0,1,1,38184.800027549,38184.800027549,405.89,405.89
1.0,22,1,38185.134112123,38185.134112123,405.89,405.905
-1.0,4256,47,38185.506474323,38192.120754432,405.88,405.74
1.0,52,3,38192.139274535,38192.140332681,405.73,405.75
-1.0,157,5,38192.141033261,38192.204423719,405.755,405.715
1.0,113,3,38192.421380612,38193.076307354,405.69,405.705
-1.0,200,3,38193.076366623,38194.563230295,405.72,405.745
1.0,102,2,38194.563283184,38195.368183428,405.725,405.735
-1.0,73,3,38195.7974427,38195.7974427,405.75,405.74
1.0,7,1,38196.852705363,38196.852705363,405.71,405.73
-1.0,878,32,38197.559434549,38198.773552792,405.72,405.645
1.0,58,2,38198.775120241,38199.134274076,405.63,405.665
-1.0,45,3,38199.462601071,38199.462601071,405.67,405.66
1.0,78,9,38199.677865619,38199.7591101,405.645,405.695
-1.0,56,2,38200.313058515,38200.313058515,405.705,405.705
1.0,163,2,38200.773882978,38200.773888619,405.705,405.715
-1.0,300,2,38201.364726488,38201.364726488,405.735,405.725
1.0,466,8,38201.36503154,38201.365888569,405.725,405.745
-1.0,95,4,38201.919626541,38201.919626541,405.78,405.77
1.0,22,1,38201.924654729,38201.924654729,405.75,405.75
-1.0,110,7,38202.142786211,38203.374934658,405.75,405.685
1.0,50,1,38204.114333126,38204.114333126,405.685,405.695
-1.0,192,5,38204.11899599,38205.483960396,405.7,405.695
1.0,116,3,38205.484973885,38205.572639712,405.695,405.715
-1.0,29,6,38205.729971072,38206.201168094,405.705,405.685
1.0,100,1,38206.75017943,38206.75017943,405.685,405.685
-1.0,82,6,38207.21102898,38207.211075071,405.695,405.685
1.0,10,1,38207.655513538,38207.655513538,405.68,405.69
-1.0,73,2,38209.302863468,38209.302863468,405.7,405.695
1.0,54,2,38209.333221006,38209.333244032,405.695,405.71
-1.0,282,13,38210.273951922,38211.352453288,405.72,405.71
1.0,101,2,38212.173494099,38212.173948036,405.72,405.74
-1.0,40,2,38212.309945067,38212.309945067,405.755,405.755
1.0,82,4,38215.401559185,38215.402248464,405.785,405.82
-1.0,24,2,38215.421457017,38215.421474204,405.815,405.805
1.0,2,1,38215.4218273,38215.4218273,405.805,405.81
-1.0,27,3,38215.422097296,38216.709008307,405.82,405.805
1.0,63,3,38217.010977977,38217.011105243,405.795,405.81
-1.0,6,2,38217.040377582,38217.040377582,405.82,405.81
1.0,100,2,38218.058357193,38218.058419577,405.8,405.805
-1.0,2,1,38218.765814637,38218.765814637,405.795,405.785
1.0,101,2,38218.768017309,38218.768017309,405.78,405.78
-1.0,2628,6,38220.218903217,38220.218992836,405.78,405.74
1.0,100,2,38220.220827963,38220.226970693,405.74,405.745
-1.0,11,2,38220.29011251,38220.303637965,405.77,405.74
1.0,535,9,38221.347261481,38222.140490759,405.76,405.815
-1.0,65,5,38222.325391693,38223.597472135,405.815,405.75
1.0,250,3,38223.851727343,38223.851924871,405.74,405.755
-1.0,197,6,38223.877748749,38224.949784743,405.75,405.725
1.0,100,1,38224.949832723,38224.949832723,405.705,405.725
-1.0,27,5,38224.966086329,38226.903017143,405.71,405.675
1.0,321,4,38226.903461581,38228.090038483,405.665,405.7
-1.0,160,4,38229.368862577,38230.42627214,405.705,405.66
1.0,157,3,38230.892010817,38230.892060746,405.665,405.695
-1.0,97,1,38231.309667454,38231.309667454,405.705,405.685
1.0,2,1,38231.953278463,38231.953278463,405.695,405.705
-1.0,51,2,38232.453948695,38232.453948695,405.72,405.705
1.0,414,8,38233.082697351,38233.417078766,405.68,405.715
-1.0,174,5,38233.941985716,38234.535451228,405.73,405.69
1.0,100,2,38234.535477522,38234.535507424,405.66,405.68
-1.0,50,1,38235.301429279,38235.301429279,405.67,405.66
1.0,220,5,38237.78670673,38238.11570734,405.63,405.665
-1.0,1,1,38239.28575002,38239.28575002,405.67,405.66
1.0,42,1,38240.270037958,38240.270037958,405.65,405.65
-1.0,189,4,38240.74918559,38240.74918559,405.655,405.655
1.0,100,1,38240.83540254,38240.83540254,405.65,405.655
-1.0,1214,31,38240.850206499,38241.52255208,405.665,405.58
1.0,100,1,38241.531946386,38241.531946386,405.55,405.575
-1.0,100,2,38241.555525287,38241.555544032,405.59,405.575
1.0,400,7,38241.616869316,38241.61723059,405.575,405.58
-1.0,226,4,38242.689242126,38242.934948635,405.57,405.56
1.0,657,11,38242.935920389,38243.343276124,405.56,405.665
-1.0,76,2,38243.95434535,38245.956542571,405.635,405.575
1.0,1,1,38246.757104935,38246.757104935,405.58,405.6
-1.0,406,6,38247.209171228,38250.311158429,405.58,405.565
1.0,14,1,38250.681758502,38250.681758502,405.535,405.54
-1.0,805,21,38252.183966568,38252.545217669,405.535,405.49
1.0,26,2,38253.138982622,38253.139055336,405.49,405.52
-1.0,62,1,38253.397243722,38253.397243722,405.53,405.53
1.0,10,1,38254.009929806,38254.009929806,405.53,405.54
-1.0,123,4,38256.897623845,38257.040771966,405.53,405.5
1.0,50,1,38257.260152418,38257.260152418,405.495,405.5
-1.0,53,2,38257.52637318,38257.527670353,405.505,405.49
1.0,193,6,38258.783800565,38258.784144075,405.46,405.5
-1.0,100,1,38258.784478141,38258.784478141,405.5,405.49
1.0,283,6,38259.341839386,38261.026364296,405.445,405.48
-1.0,100,1,38263.783993305,38263.783993305,405.455,405.45
1.0,100,2,38263.78404091,38263.784067511,405.44,405.45
-1.0,410,7,38264.97655319,38265.038904228,405.43,405.405
1.0,50,2,38266.167602987,38266.167624047,405.37,405.38
-1.0,56,1,38266.300257583,38266.300257583,405.385,405.385
1.0,176,5,38266.365020664,38266.365059631,405.385,405.39
-1.0,225,11,38266.366605219,38272.488204041,405.43,405.35
1.0,418,6,38273.486533914,38273.590893847,405.345,405.42
-1.0,50,1,38273.858640628,38273.858640628,405.415,405.41
1.0,3,1,38273.858770556,38273.858770556,405.395,405.41
-1.0,37,1,38275.1522403,38275.1522403,405.415,405.415
1.0,2,1,38276.339752569,38276.339752569,405.415,405.43
-1.0,13,2,38276.648354025,38276.648354025,405.44,405.435
1.0,419,8,38276.648406862,38278.682939389,405.405,405.49
-1.0,100,1,38278.68312103,38278.68312103,405.49,405.485
1.0,208,5,38278.683154587,38279.780100537,405.465,405.4
-1.0,58,5,38281.142561517,38283.000453465,405.405,405.35
1.0,452,5,38283.001220525,38283.002038429,405.345,405.36
-1.0,2,1,38283.002290835,38283.002290835,405.365,405.36
1.0,102,3,38283.002311835,38283.003820065,405.345,405.345
-1.0,6,2,38283.098553527,38283.098553527,405.345,405.34
1.0,528,8,38283.139763498,38289.655695668,405.34,405.4
-1.0,202,3,38289.994595881,38289.996070689,405.415,405.385
1.0,2,1,38290.152259931,38290.152259931,405.385,405.39
-1.0,404,5,38290.164320729,38291.141604874,405.4,405.38
1.0,62,2,38291.653593607,38291.653596375,405.355,405.365
-1.0,30,4,38294.067342324,38294.068230723,405.355,405.335
1.0,26,1,38294.231967849,38294.231967849,405.325,405.34
-1.0,301,3,38294.47113545,38294.632930783,405.33,405.315
1.0,651,5,38294.709810141,38295.71927002,405.315,405.345
-1.0,228,8,38296.401223148,38297.451331619,405.365,405.31
1.0,269,7,38297.451400143,38299.047166661,405.295,405.375
-1.0,4,1,38299.047228275,38299.047228275,405.39,405.375
1.0,107,2,38299.11719745,38299.121121606,405.38,405.42
-1.0,2,1,38299.657767577,38299.657767577,405.435,405.425
1.0,92,1,38301.125839668,38301.125839668,405.39,405.395
-1.0,252,6,38301.278712005,38301.427654015,405.4,405.38
1.0,500,4,38301.429735373,38301.429990019,405.345,405.36
-1.0,134,2,38303.366687583,38303.366687583,405.385,405.385
1.0,66,1,38303.997030929,38303.997030929,405.39,405.395
-1.0,200,2,38303.997881557,38303.997985315,405.415,405.395
1.0,784,9,38303.999059761,38304.428349663,405.415,405.455
-1.0,210,5,38305.41314756,38305.683726793,405.455,405.4
1.0,50,1,38305.689256371,38305.689256371,405.385,405.39
-1.0,444,7,38306.629199308,38307.925152408,405.435,405.415
1.0,250,4,38309.808662437,38309.808691828,405.41,405.415
-1.0,100,1,38309.808767331,38309.808767331,405.43,405.415
1.0,12,4,38310.505413704,38310.505485841,405.41,405.415
-1.0,100,3,38310.707742147,38310.707742147,405.43,405.43
1.0,600,2,38311.278784014,38311.278808257,405.43,405.435
-1.0,348,10,38311.283420782,38311.434491814,405.445,405.39
1.0,346,6,38311.439540984,38312.114566553,405.375,405.44
-1.0,453,5,38312.243764166,38312.244806692,405.44,405.41
1.0,102,3,38312.929931424,38313.909099017,405.385,405.395
-1.0,350,4,38315.324649691,38315.33659189,405.39,405.385
1.0,87,1,38315.348579539,38315.348579539,405.37,405.37
-1.0,561,15,38315.349547913,38318.854830396,405.375,405.34
1.0,5,1,38319.673637701,38319.673637701,405.325,405.34
-1.0,2700,7,38320.027750114,38320.331602499,405.345,405.33
1.0,569,7,38322.310475189,38322.627454862,405.315,405.33
-1.0,295,8,38322.628180951,38322.632708721,405.33,405.305
1.0,90,1,38322.773363819,38322.773363819,405.305,405.31
-1.0,1349,27,38324.541847671,38326.768634798,405.31,405.255
1.0,127,5,38327.520317085,38327.653003468,405.255,405.28
-1.0,124,5,38327.989379786,38329.006070163,405.29,405.26
1.0,30,1,38329.132092773,38329.132092773,405.26,405.26
-1.0,30,1,38329.157859152,38329.157859152,405.285,405.27
1.0,175,2,38329.176994418,38329.641335496,405.265,405.275
-1.0,327,6,38330.5513089,38330.551311757,405.28,405.265
1.0,100,2,38330.551653589,38330.551674751,405.25,405.26
-1.0,155,4,38330.55327509,38330.623132683,405.26,405.245
1.0,100,2,38330.66595243,38330.665973266,405.25,405.255
-1.0,50,1,38330.692869277,38330.692869277,405.265,405.255
1.0,650,4,38330.878867583,38330.878895831,405.255,405.265
-1.0,100,1,38330.880351752,38330.880351752,405.275,405.27
1.0,1603,14,38331.459524583,38331.928748026,405.28,405.365
-1.0,74,1,38332.088390579,38332.088390579,405.365,405.365
1.0,505,4,38332.489475018,38332.49672043,405.365,405.39
-1.0,1064,17,38333.093423323,38333.446934541,405.395,405.31
1.0,89,3,38333.448840979,38333.448840979,405.31,405.31
-1.0,287,8,38333.44907908,38337.893512073,405.33,405.315
1.0,1,1,38339.139812798,38339.139812798,405.3,405.3
-1.0,59,2,38339.339600189,38339.34393959,405.3,405.285
1.0,368,6,38343.063177854,38343.972380784,405.26,405.285
-1.0,4,1,38343.972672839,38343.972672839,405.295,405.285
1.0,175,5,38343.982639421,38344.7066737,405.285,405.315
-1.0,3,2,38348.306962901,38348.71636042,405.345,405.32
1.0,209,5,38348.717215276,38348.717246644,405.335,405.34
-1.0,114,8,38348.76273188,38354.729414564,405.33,405.265
1.0,346,6,38355.257766571,38360.237612898,405.265,405.285
-1.0,12,1,38361.25692589,38361.25692589,405.305,405.305
1.0,100,1,38361.592125627,38361.592125627,405.305,405.31
-1.0,2,2,38362.493644235,38362.663368736,405.32,405.315
1.0,213,12,38363.859309039,38369.114596477,405.32,405.38
-1.0,8,1,38369.464939787,38369.464939787,405.38,405.38
1.0,164,4,38370.596204721,38371.398680035,405.38,405.395
-1.0,461,7,38371.789239775,38374.54798599,405.395,405.385
1.0,150,3,38374.768795979,38375.033564759,405.38,405.39
-1.0,203,2,38378.950300905,38378.950300905,405.395,405.385
1.0,320,7,38379.042041006,38379.042993719,405.385,405.4
-1.0,400,2,38379.136509495,38379.136994113,405.425,405.405
1.0,2,1,38379.167223018,38379.167223018,405.4,405.41
-1.0,238,9,38379.19509076,38387.553295919,405.42,405.38
1.0,242,5,38387.669035282,38388.823573376,405.38,405.39
-1.0,2791,24,38388.929524775,38390.196884115,405.405,405.375
1.0,235,4,38390.196899838,38390.19732178,405.375,405.385
-1.0,1011,4,38390.203997667,38390.926494005,405.395,405.39
1.0,1360,34,38392.750641854,38394.243157041,405.38,405.6
-1.0,2291,25,38394.356748003,38396.966386611,405.66,405.56
1.0,4,1,38397.131974521,38397.131974521,405.555,405.565
-1.0,577,9,38397.232201567,38397.233114755,405.57,405.485
1.0,1,1,38397.30222301,38397.30222301,405.46,405.47
-1.0,2,1,38397.303450054,38397.303450054,405.48,405.475
1.0,457,14,38397.730353936,38400.670888473,405.475,405.495
-1.0,567,11,38400.674674239,38404.181894696,405.535,405.485
1.0,136,7,38404.672103419,38405.170175648,405.495,405.67
-1.0,286,5,38405.170351334,38406.33872731,405.68,405.615
1.0,50,1,38406.565498346,38406.565498346,405.605,405.615
-1.0,52,2,38406.569768593,38406.569768593,405.62,405.615
1.0,102,3,38406.831783197,38406.965690079,405.6,405.635
-1.0,200,2,38408.172073158,38408.172073158,405.645,405.63
1.0,3,1,38408.1730222,38408.1730222,405.595,405.62
-1.0,1081,17,38408.173428796,38409.978374004,405.645,405.575
1.0,87,8,38410.325500419,38411.007459074,405.58,405.615
-1.0,100,1,38411.356123229,38411.356123229,405.625,405.62
1.0,138,7,38412.49496831,38418.362752396,405.63,405.645
-1.0,26,1,38420.779739467,38420.779739467,405.66,405.645
1.0,425,11,38424.639665546,38424.913742154,405.64,405.775
-1.0,630,6,38428.520716993,38432.345244989,405.775,405.745
1.0,50,1,38437.479430057,38437.479430057,405.735,405.745
-1.0,100,1,38438.594245601,38438.594245601,405.75,405.745
1.0,175,3,38438.594653329,38438.704009821,405.725,405.74
-1.0,1232,19,38438.796444478,38438.818545092,405.735,405.725
1.0,103,2,38438.82049354,38438.82049354,405.725,405.735
-1.0,1309,26,38438.835081738,38441.444402001,405.74,405.73
1.0,860,12,38441.444658009,38443.879584595,405.725,405.755
-1.0,765,15,38445.495525389,38450.109798705,405.755,405.755
1.0,105,4,38450.36266427,38450.363595412,405.755,405.765
-1.0,94,2,38452.399143184,38452.399143184,405.775,405.77
1.0,1,1,38453.091304695,38453.091304695,405.76,405.76
-1.0,101,2,38453.338236078,38453.338236078,405.77,405.765
1.0,10,1,38454.339392805,38454.339392805,405.775,405.785
-1.0,1915,45,38454.376824766,38456.184617845,405.785,405.69
1.0,400,13,38456.910445303,38462.380294124,405.675,405.745
-1.0,273,11,38466.170978141,38469.780310863,405.755,405.65
1.0,50,1,38469.780795276,38469.780795276,405.64,405.65
-1.0,333,5,38469.780820071,38469.78128933,405.66,405.64
1.0,32,1,38469.788049945,38469.788049945,405.655,405.655
-1.0,603,11,38469.789750837,38475.709378662,405.655,405.615
1.0,36,3,38476.483123523,38476.483150937,405.615,405.625
-1.0,453,10,38476.690878497,38476.693588696,405.625,405.575
1.0,50,1,38476.696259982,38476.696259982,405.565,405.57
-1.0,160,3,38477.083529457,38477.34614557,405.56,405.53
1.0,166,5,38478.146854927,38478.146870616,405.525,405.535
-1.0,112,4,38478.576591954,38479.39680192,405.505,405.505
1.0,100,1,38479.396867829,38479.396867829,405.485,405.5
-1.0,1190,20,38479.525087845,38481.321380688,405.495,405.37
1.0,1073,25,38481.323606421,38490.816495557,405.36,405.58
-1.0,3729,18,38491.093064495,38498.695709599,405.575,405.385
1.0,198,4,38499.479203094,38505.590346364,405.375,405.455
-1.0,72,4,38506.458511165,38506.469802271,405.44,405.425
1.0,181,6,38506.90313121,38512.200657691,405.43,405.45
-1.0,300,3,38513.094952309,38513.096102563,405.49,405.465
1.0,194,3,38515.570542782,38515.570583014,405.47,405.485
-1.0,680,13,38516.610424723,38517.10326791,405.465,405.405
1.0,178,6,38517.637884712,38522.141569063,405.41,405.51
-1.0,350,3,38522.250870159,38523.640074817,405.525,405.5
1.0,61,1,38523.640148573,38523.640148573,405.485,405.485
-1.0,100,2,38523.64015158,38523.640153842,405.485,405.475
1.0,39,2,38523.64016325,38523.640177508,405.475,405.49
-1.0,218,8,38523.988326069,38524.881587538,405.465,405.375
1.0,10,1,38527.9229367,38527.9229367,405.37,405.385
-1.0,620,14,38528.73922259,38529.927139517,405.39,405.34
1.0,100,3,38530.114884084,38530.114900732,405.335,405.345
-1.0,223,6,38530.324657785,38530.401142033,405.335,405.28
1.0,20,3,38530.46636091,38530.532560517,405.28,405.31
-1.0,750,4,38530.943753575,38530.943753575,405.305,405.29
1.0,26,2,38531.069350894,38531.099329826,405.275,405.3
-1.0,240,6,38531.283419905,38532.751244572,405.3,405.29
1.0,34,4,38532.983485762,38534.159181724,405.295,405.34
-1.0,157,2,38536.223125737,38537.342095397,405.33,405.305
1.0,498,13,38540.316064576,38545.025031158,405.325,405.405
-1.0,3,1,38545.509733938,38545.509733938,405.405,405.405
1.0,144,5,38546.008708785,38548.845966393,405.405,405.52
-1.0,148,4,38549.615051578,38554.089804414,405.535,405.505
1.0,308,9,38554.417567343,38554.42087796,405.515,405.55
-1.0,2,1,38554.428788972,38554.428788972,405.58,405.58
1.0,102,2,38554.588284632,38554.588284632,405.515,405.52
-1.0,525,7,38555.778213044,38558.026796263,405.52,405.555
1.0,150,2,38559.620176586,38559.620176586,405.56,405.57
-1.0,1223,17,38560.203626017,38565.317232138,405.57,405.55
1.0,100,1,38565.317325151,38565.317325151,405.535,405.54
-1.0,50,1,38565.421683164,38565.421683164,405.545,405.545
1.0,55,3,38569.404599094,38569.404911129,405.55,405.555
-1.0,400,5,38570.242406665,38570.253228963,405.56,405.545
1.0,316,5,38571.60637733,38572.838061712,405.6,405.625
-1.0,52,3,38575.323763139,38575.325799675,405.63,405.625
1.0,110,3,38576.144159515,38576.144182225,405.62,405.625
-1.0,100,2,38576.952989763,38576.953055442,405.635,405.63
1.0,10,1,38579.381033257,38579.381033257,405.63,405.64
-1.0,185,3,38579.612984796,38579.612984796,405.62,405.615
1.0,211,4,38580.829850164,38580.829873187,405.63,405.64
-1.0,668,10,38581.04433455,38581.591961867,405.64,405.6
1.0,37,4,38581.765963986,38581.766010697,405.605,405.615
-1.0,251,4,38583.066415217,38583.070227569,405.62,405.62
1.0,200,9,38583.669142963,38586.03671961,405.625,405.655
-1.0,1403,24,38586.176862768,38595.791800093,405.655,405.56
1.0,50,1,38595.793079877,38595.793079877,405.55,405.56
-1.0,15,1,38597.267286748,38597.267286748,405.56,405.56
1.0,141,4,38597.613930471,38598.084538859,405.56,405.58
-1.0,250,3,38598.551502712,38598.552255905,405.585,405.56
1.0,122,2,38598.552842147,38599.055767388,405.545,405.565
-1.0,154,4,38599.194201139,38599.488811129,405.595,405.56
1.0,50,1,38599.828802747,38599.828802747,405.55,405.555
-1.0,8,1,38600.37562238,38600.37562238,405.58,405.57
1.0,203,4,38600.37572284,38600.376605852,405.565,405.595
-1.0,93,2,38601.77913256,38601.77913256,405.6,405.6
1.0,73,4,38602.721421885,38602.721431153,405.6,405.605
-1.0,1714,32,38603.042997238,38608.319357132,405.6,405.445
1.0,2,1,38610.396602315,38610.396602315,405.435,405.445
-1.0,2,1,38610.39741797,38610.39741797,405.445,405.44
1.0,56,2,38610.397441977,38610.397510229,405.425,405.44
-1.0,776,13,38610.968789401,38622.892093097,405.445,405.315
1.0,600,15,38623.330643688,38623.857788278,405.325,405.41
-1.0,124,2,38624.584001077,38624.584001077,405.425,405.425
1.0,92,4,38630.064429314,38633.012012734,405.44,405.465
-1.0,100,1,38636.095013164,38636.095013164,405.475,405.45
1.0,884,18,38639.024800594,38640.508181383,405.41,405.48
-1.0,110,5,38642.955898952,38642.994276792,405.485,405.47
1.0,495,10,38643.249944315,38644.417109943,405.47,405.58
-1.0,211,6,38645.096405211,38648.691450025,405.62,405.58
1.0,5,1,38649.054737542,38649.054737542,405.59,405.595
-1.0,100,1,38649.799406887,38649.799406887,405.59,405.585
1.0,100,1,38649.799484879,38649.799484879,405.565,405.58
-1.0,100,1,38649.843470802,38649.843470802,405.585,405.58
1.0,105,2,38651.396309631,38652.046001874,405.58,405.58
-1.0,351,6,38657.066530544,38657.835555157,405.595,405.595
1.0,26,4,38660.161622691,38660.161641886,405.595,405.6
-1.0,101,2,38663.963753073,38663.963753073,405.625,405.62
1.0,3657,24,38665.395665079,38665.460806256,405.63,405.67
-1.0,145,2,38666.909925117,38667.294826804,405.665,405.64
1.0,342,7,38670.591385274,38672.074138227,405.66,405.695
-1.0,100,1,38672.364225653,38672.364225653,405.705,405.695
1.0,1,1,38672.364619321,38672.364619321,405.68,405.68
-1.0,150,3,38672.90122481,38672.98472478,405.695,405.68
1.0,10,1,38675.856768506,38675.856768506,405.675,405.68
-1.0,2130,14,38676.231203991,38678.981901427,405.7,405.665
1.0,50,1,38679.016422539,38679.016422539,405.665,405.665
-1.0,1977,18,38679.452333994,38679.764592108,405.665,405.65
1.0,57,2,38680.152718509,38681.048478581,405.65,405.665
-1.0,651,13,38681.102732708,38683.4125173,405.665,405.615
1.0,30,1,38684.74336661,38684.74336661,405.605,405.61
-1.0,1,1,38686.353620899,38686.353620899,405.59,405.58
1.0,78,4,38686.417257264,38686.417303845,405.57,405.57
-1.0,240,9,38690.071311549,38690.239258352,405.58,405.49
1.0,100,2,38690.239452849,38690.239480195,405.475,405.485
-1.0,2,2,38690.736309983,38690.736309983,405.47,405.46
1.0,3,1,38690.845712799,38690.845712799,405.455,405.455
-1.0,14,1,38691.020151204,38691.020151204,405.45,405.45
1.0,398,9,38691.021114637,38691.556873302,405.45,405.485
-1.0,52,2,38693.02609353,38693.175587111,405.5,405.49
1.0,245,6,38693.581640458,38701.423518208,405.485,405.59
-1.0,3,2,38701.561877184,38702.029332739,405.585,405.585
1.0,221,8,38704.80738043,38708.020821531,405.59,405.66
-1.0,220,2,38710.593255707,38710.593255707,405.665,405.66
1.0,7,1,38710.775575226,38710.775575226,405.655,405.655
-1.0,54,2,38710.892419547,38710.892419547,405.67,405.66
1.0,2,1,38711.006500938,38711.006500938,405.655,405.655
-1.0,863,10,38711.841563166,38714.326801761,405.67,405.645
1.0,382,9,38716.471352928,38718.07922404,405.68,405.69
-1.0,250,2,38718.091449406,38718.091449406,405.69,405.685
1.0,21,3,38719.860395763,38719.860395763,405.7,405.71
-1.0,52,2,38719.870597343,38720.248499204,405.715,405.69
1.0,2,1,38721.089427434,38721.089427434,405.685,405.7
-1.0,1010,13,38721.339745407,38721.44728805,405.69,405.635
1.0,381,6,38721.447864795,38721.447913991,405.625,405.635
-1.0,428,16,38721.448039569,38729.208601865,405.645,405.585
1.0,62,4,38731.410294412,38731.410702515,405.58,405.61
-1.0,100,1,38733.391600184,38733.391600184,405.63,405.625
1.0,25,1,38733.393451636,38733.393451636,405.605,405.615
-1.0,466,13,38734.426058778,38740.474397589,405.615,405.44
1.0,239,5,38741.182451017,38741.970478808,405.45,405.495
-1.0,2,1,38741.970493975,38741.970493975,405.495,405.475
1.0,83,2,38741.97050935,38741.97050935,405.475,405.48
-1.0,1097,28,38744.95727429,38753.391833069,405.54,405.33
1.0,873,11,38754.308794786,38758.555623377,405.33,405.405
-1.0,200,4,38758.563701014,38758.760243238,405.42,405.405
1.0,100,1,38758.763318926,38758.763318926,405.395,405.415
-1.0,102,2,38758.7650961,38758.7650961,405.415,405.41
1.0,521,5,38759.824736288,38760.296345985,405.385,405.425
-1.0,6,1,38760.497391575,38760.497391575,405.44,405.425
1.0,472,12,38762.782786764,38766.669555131,405.415,405.485
-1.0,201,4,38767.797709659,38772.253630691,405.51,405.555
1.0,490,4,38772.358630345,38773.263868009,405.55,405.605
-1.0,114,2,38774.142208481,38774.142208481,405.605,405.6
1.0,117,5,38774.250992708,38775.862450533,405.605,405.625
-1.0,179,4,38779.932889946,38779.935923915,405.635,405.61
1.0,20,2,38780.244804458,38780.244804458,405.61,405.62
-1.0,2,1,38781.795929372,38781.795929372,405.655,405.64
1.0,11,2,38781.861493929,38781.861493929,405.64,405.645
-1.0,1598,40,38781.86158832,38787.267360493,405.67,405.52
1.0,751,8,38788.882007028,38788.882357699,405.515,405.545
-1.0,4,1,38788.882440289,38788.882440289,405.56,405.545
1.0,400,6,38790.057087016,38791.109953331,405.575,405.59
-1.0,174,7,38791.634946422,38792.849172697,405.6,405.52
1.0,688,28,38795.893341511,38805.760910144,405.53,405.725
-1.0,50,1,38805.761383793,38805.761383793,405.73,405.725
1.0,198,1,38805.761403993,38805.761403993,405.705,405.725
-1.0,1806,7,38806.443854155,38807.490354326,405.71,405.655
1.0,843,14,38808.293011576,38813.181821934,405.66,405.695
-1.0,100,1,38813.347189417,38813.347189417,405.7,405.695
1.0,450,4,38813.53601365,38814.61338441,405.705,405.695
-1.0,1012,11,38815.8828532,38818.240965457,405.685,405.635
1.0,255,8,38821.245639133,38823.028084423,405.635,405.68
-1.0,67,5,38824.092404816,38824.092800573,405.655,405.65
1.0,20,3,38827.24279561,38827.242844533,405.67,405.675
-1.0,1752,11,38828.453956541,38828.454541935,405.68,405.665
1.0,825,10,38829.044988857,38830.097584599,405.66,405.705
-1.0,111,3,38830.693895814,38830.712725415,405.695,405.66
1.0,200,3,38830.7130699,38831.010828736,405.655,405.665
-1.0,513,13,38832.296494806,38833.884831433,405.66,405.635
1.0,20,1,38836.46553046,38836.46553046,405.665,405.67
-1.0,2,1,38838.301699606,38838.301699606,405.665,405.655
1.0,95,2,38839.54691868,38839.54691868,405.65,405.655
-1.0,1,1,38839.548971153,38839.548971153,405.67,405.66
1.0,737,13,38839.549316177,38844.568747347,405.655,405.705
-1.0,1500,2,38847.405017404,38847.441990137,405.69,405.685
1.0,440,13,38847.984826758,38852.480531678,405.68,405.715
-1.0,2,1,38854.463049115,38854.463049115,405.72,405.71
1.0,210,5,38856.996920747,38856.996949926,405.715,405.72
-1.0,105,2,38856.997365095,38857.016333815,405.725,405.71
1.0,11,2,38858.744263,38858.744263,405.715,405.725
-1.0,50,1,38858.744547574,38858.744547574,405.73,405.725
1.0,250,2,38858.746904023,38858.747184581,405.715,405.725
-1.0,112,3,38858.866644331,38858.868546819,405.725,405.715
1.0,22,2,38859.661301877,38859.661301877,405.715,405.725
-1.0,50,1,38859.661987486,38859.661987486,405.73,405.725
1.0,1202,10,38859.662044109,38865.071410547,405.715,405.715
-1.0,682,14,38865.470352523,38866.111738214,405.715,405.68
1.0,50,1,38866.257067777,38866.257067777,405.66,405.665
-1.0,20,3,38866.363824926,38866.399465807,405.66,405.635
1.0,2,2,38866.40469721,38866.413142707,405.63,405.64
-1.0,1057,20,38867.174194347,38869.798182783,405.635,405.51
1.0,103,3,38870.421873551,38870.421923998,405.495,405.51
-1.0,118,5,38870.424536018,38870.629910014,405.51,405.475
1.0,34,1,38871.187192348,38871.187192348,405.485,405.485
-1.0,1295,24,38875.061953233,38875.89448451,405.505,405.445
1.0,202,7,38877.27391558,38880.899430962,405.425,405.44
-1.0,2049,36,38882.706565184,38889.029607342,405.475,405.23
1.0,622,12,38890.998726128,38894.189962274,405.235,405.265
-1.0,100,1,38898.25127791,38898.25127791,405.305,405.3
1.0,100,1,38898.251636842,38898.251636842,405.275,405.285
-1.0,1987,20,38898.252035358,38899.319846743,405.3,405.185
1.0,50,1,38899.321907489,38899.321907489,405.185,405.19
-1.0,544,12,38899.32192964,38899.329394234,405.205,405.17
1.0,287,9,38899.331706656,38901.189265055,405.165,405.255
-1.0,936,23,38902.678155058,38908.847069006,405.27,405.085
1.0,5,1,38908.848265868,38908.848265868,405.08,405.08
-1.0,1,1,38908.874768653,38908.874768653,405.07,405.065
1.0,4,1,38908.874815109,38908.874815109,405.055,405.065
-1.0,4,2,38908.876225747,38908.877183297,405.055,405.045
1.0,113,5,38909.149327282,38912.504784614,405.035,405.05
-1.0,7,1,38912.619532198,38912.619532198,405.055,405.05
1.0,694,19,38912.685891785,38921.813520092,405.04,405.15
-1.0,702,6,38922.748690238,38931.01829182,405.16,405.105
1.0,27,1,38931.018492454,38931.018492454,405.1,405.1
-1.0,981,5,38931.0187212,38931.028432678,405.095,405.09
1.0,285,5,38932.968936327,38932.968958854,405.12,405.13
-1.0,1062,17,38932.96906529,38937.85757396,405.14,405.015
1.0,3,1,38937.857778007,38937.857778007,405.005,405.005
-1.0,237,10,38937.858116317,38937.858125569,405.005,405.005
1.0,22,1,38937.858125569,38937.858125569,405.005,405.005
-1.0,4029,146,38937.858273643,38937.863644715,405.005,404.9
1.0,50,2,38937.864048351,38937.86423284,404.895,404.9
-1.0,340,6,38937.864342574,38937.865931694,404.925,404.915
1.0,103,4,38937.86600037,38937.866433129,404.89,404.91
-1.0,701,15,38937.866436583,38937.866876224,404.91,404.93
1.0,3,1,38937.866935952,38937.866935952,404.9,404.93
-1.0,881,13,38937.866965126,38937.867220027,404.915,404.905
1.0,200,2,38937.867328352,38937.867328352,404.895,404.9
-1.0,63,1,38937.867517332,38937.867517332,404.905,404.905
1.0,11,2,38937.867665654,38937.867665654,404.895,404.905
-1.0,375,4,38937.867799054,38937.868425381,404.92,404.925
1.0,80,1,38937.868808426,38937.868808426,404.915,404.925
-1.0,50,1,38937.869770051,38937.869770051,404.93,404.93
1.0,3,1,38937.870250285,38937.870250285,404.925,404.93
-1.0,275,6,38937.870316681,38937.87102248,404.935,404.915
1.0,100,1,38937.871873065,38937.871873065,404.935,404.95
-1.0,7,2,38937.871943349,38937.871943349,404.955,404.93
1.0,100,2,38937.877334475,38937.877697533,404.96,404.965
-1.0,261,4,38937.88322197,38937.884101165,404.97,404.94
1.0,9,1,38937.884263978,38937.884263978,404.94,404.96
-1.0,104,1,38937.885529502,38937.885529502,404.96,404.94
1.0,724,20,38937.93202055,38938.952878561,404.93,404.985
-1.0,106,4,38938.952897588,38938.953104164,404.985,404.985
1.0,200,2,38938.953463143,38938.957052584,404.985,404.98
-1.0,2310,28,38938.999924857,38942.953750621,405.0,404.855
1.0,9,2,38943.108928531,38943.186125469,404.86,404.865
-1.0,80,10,38943.704776598,38943.706250135,404.815,404.795
1.0,110,3,38943.715546147,38943.733708471,404.79,404.795
-1.0,69,10,38943.803920944,38943.990771082,404.78,404.71
1.0,383,9,38944.039761016,38944.307590063,404.71,404.8
-1.0,3,1,38944.532846767,38944.532846767,404.805,404.79
1.0,100,3,38944.893755536,38944.893776154,404.76,404.77
-1.0,139,9,38944.965556722,38947.562685634,404.805,404.67
1.0,800,8,38948.593125887,38949.573122843,404.67,404.705
-1.0,563,8,38949.573748529,38949.649907269,404.71,404.695
1.0,2718,49,38949.896231624,38965.721020117,404.705,405.09
-1.0,1000,1,38965.721035104,38965.721035104,405.09,405.07
1.0,319,7,38965.72107605,38965.755274059,405.065,405.145
-1.0,2,1,38965.873383701,38965.873383701,405.14,405.13
1.0,724,13,38966.070341855,38969.37934121,405.1,405.26
-1.0,2083,27,38970.773279393,38971.751457865,405.3,405.125
1.0,449,8,38971.753570283,38982.687971714,405.115,405.125
-1.0,559,15,38984.555573911,38987.573079906,405.12,405.005
1.0,172,4,38988.412018353,38988.465124574,404.965,405.005
-1.0,4,1,38991.166275485,38991.166275485,405.03,405.02
1.0,166,3,38992.882269124,38992.88235056,405.03,405.06
-1.0,403,8,38995.16555044,38995.168197253,405.005,404.925
1.0,7,2,38995.169131206,38995.198800806,404.91,404.92
-1.0,100,6,38999.397181927,38999.397347262,404.915,404.905
1.0,11,3,39000.206645489,39000.221626189,404.9,404.91
-1.0,50,1,39001.43741437,39001.43741437,404.965,404.96
1.0,69,1,39001.437436481,39001.437436481,404.93,404.96
-1.0,3278,19,39003.281309997,39005.06297219,404.935,404.77
1.0,160,4,39005.584280043,39005.901723441,404.76,404.81
-1.0,100,2,39009.163545158,39009.163564886,404.87,404.85
1.0,308,8,39009.477251647,39010.826063574,404.82,404.91
-1.0,6,2,39013.435604275,39013.435821956,404.89,404.875
1.0,104,2,39013.477264217,39013.477264217,404.795,404.8
-1.0,150,2,39013.554770415,39013.647936926,404.805,404.78
1.0,281,4,39014.684402339,39014.684500649,404.77,404.78
-1.0,23,1,39015.769978561,39015.769978561,404.79,404.79
1.0,11,2,39018.220711211,39024.571594561,404.8,404.815
-1.0,10,3,39025.972183124,39027.313813737,404.82,404.795
1.0,10,1,39029.479463734,39029.479463734,404.74,404.745
-1.0,24,4,39032.914250326,39032.915242977,404.755,404.685
1.0,6,2,39032.918497271,39032.918497271,404.685,404.69
-1.0,2,1,39032.938549858,39032.938549858,404.72,404.71
1.0,1098,12,39034.336574962,39037.744959387,404.69,404.81
-1.0,952,17,39038.03808324,39041.244145692,404.82,404.705
1.0,163,4,39042.373141957,39043.821243261,404.7,404.72
-1.0,310,10,39044.431626334,39046.708854225,404.725,404.66
1.0,129,3,39047.012505102,39047.026996781,404.66,404.695
-1.0,7,1,39049.183028078,39049.183028078,404.685,404.68
1.0,168,1,39051.404342649,39051.404342649,404.655,404.67
-1.0,247,12,39052.968500106,39053.233266402,404.675,404.595
1.0,246,4,39053.784084532,39053.786074671,404.6,404.61
-1.0,1304,20,39055.536648166,39055.622376638,404.605,404.535
1.0,319,6,39055.65265481,39055.652677374,404.535,404.54
-1.0,816,31,39055.670630072,39057.337418386,404.565,404.475
1.0,2,1,39057.337527621,39057.337527621,404.475,404.475
-1.0,121,5,39057.340471277,39057.363486878,404.47,404.45
1.0,4,1,39057.363616729,39057.363616729,404.435,404.445
-1.0,372,12,39057.364020504,39060.594183526,404.45,404.36
1.0,396,5,39060.594398983,39062.047345377,404.365,404.415
-1.0,100,1,39062.047360612,39062.047360612,404.415,404.415
1.0,127,3,39062.047370045,39062.047370045,404.415,404.42
-1.0,100,1,39062.047442805,39062.047442805,404.425,404.42
1.0,100,1,39062.047861763,39062.047861763,404.42,404.43
-1.0,50,1,39062.288295129,39062.288295129,404.46,404.46
1.0,100,1,39063.62851468,39063.62851468,404.44,404.455
-1.0,33,2,39064.646735306,39064.658505378,404.445,404.415
1.0,125,3,39065.592120822,39065.592144118,404.385,404.395
-1.0,409,8,39067.597494717,39067.745806865,404.42,404.38
1.0,457,13,39068.369831548,39073.205792159,404.375,404.51
-1.0,4,1,39073.205879202,39073.205879202,404.54,404.51
1.0,410,6,39074.188477787,39076.875779442,404.515,404.62
-1.0,162,7,39083.85794812,39083.858178417,404.685,404.675
1.0,32,1,39083.858361346,39083.858361346,404.665,404.665
-1.0,505,11,39083.858558756,39083.960894051,404.665,404.63
1.0,267,4,39084.331308467,39084.331330255,404.625,404.63
-1.0,100,2,39084.331997594,39084.500202156,404.655,404.65
1.0,106,3,39085.873433732,39086.699015198,404.675,404.7
-1.0,2704,21,39087.475862557,39087.477047682,404.69,404.615
1.0,299,8,39087.565073014,39089.446267694,404.615,404.645
-1.0,292,18,39090.298742121,39100.676999829,404.685,404.58
1.0,107,5,39104.248954588,39104.248996326,404.58,404.595
-1.0,273,3,39112.94069328,39112.940804885,404.635,404.595
1.0,91,3,39113.084347164,39113.084361735,404.595,404.605
-1.0,11,1,39116.669563376,39116.669563376,404.63,404.63
1.0,51,2,39117.038543454,39119.791894475,404.615,404.605
-1.0,820,13,39119.7919866,39119.942225863,404.615,404.55
1.0,168,1,39120.066961997,39120.066961997,404.565,404.57
-1.0,22,4,39121.648682747,39123.266177955,404.59,404.56
1.0,1,1,39125.307849592,39125.307849592,404.555,404.57
-1.0,14,2,39127.163334571,39127.164120211,404.555,404.545
1.0,3,1,39127.164180156,39127.164180156,404.535,404.545
-1.0,540,5,39127.200255065,39127.211643229,404.56,404.56
1.0,264,8,39128.384762039,39128.385580545,404.56,404.575
-1.0,18,3,39128.942484497,39132.69327009,404.615,404.57
1.0,263,5,39132.892496291,39133.849874951,404.56,404.625
-1.0,113,3,39134.397158244,39134.399095019,404.615,404.575
1.0,2,1,39134.39917944,39134.39917944,404.57,404.575
-1.0,152,3,39134.399967084,39134.399967084,404.58,404.575
1.0,15,2,39134.782629295,39134.782629295,404.58,404.595
-1.0,107,2,39136.511810854,39136.511810854,404.575,404.565
1.0,80,4,39136.512460283,39137.122782073,404.555,404.56
-1.0,2,2,39142.18501308,39142.18501308,404.555,404.55
1.0,100,1,39142.185278248,39142.185278248,404.54,404.54
-1.0,16,3,39142.185351315,39143.040082086,404.54,404.525
1.0,297,9,39144.243681129,39147.311800753,404.52,404.655
-1.0,3,1,39151.58416206,39151.58416206,404.665,404.655
1.0,542,8,39151.584954281,39152.08917872,404.645,404.725
-1.0,2071,30,39152.938994083,39159.977455483,404.695,404.56
1.0,53,2,39160.008945579,39161.598371341,404.56,404.58
-1.0,64,1,39163.357591354,39163.357591354,404.58,404.565
1.0,194,7,39163.554410662,39164.466692044,404.555,404.595
-1.0,4,1,39164.879055657,39164.879055657,404.635,404.63
1.0,324,6,39167.281334274,39167.288191873,404.63,404.66
-1.0,1289,1,39167.288958148,39167.288958148,404.685,404.66
1.0,206,4,39167.289371151,39171.186158659,404.665,404.675
-1.0,424,9,39174.517864063,39174.557811109,404.675,404.59
1.0,2,1,39174.558408611,39174.558408611,404.59,404.595
-1.0,50,2,39174.558431203,39174.558474914,404.605,404.595
1.0,100,1,39174.561058183,39174.561058183,404.595,404.61
-1.0,131,7,39177.032297332,39177.748357102,404.6,404.525
1.0,20,1,39178.038927251,39178.038927251,404.525,404.53
-1.0,3,2,39181.131245232,39181.131308398,404.585,404.565
1.0,336,4,39181.13336569,39187.923823845,404.55,404.61
-1.0,100,1,39187.924280949,39187.924280949,404.625,404.62
1.0,513,5,39188.876569719,39189.81790525,404.62,404.625
-1.0,42,1,39189.817924305,39189.817924305,404.655,404.625
1.0,142,3,39189.822854879,39189.82331522,404.62,404.635
-1.0,410,11,39190.463986553,39199.24322554,404.675,404.605
1.0,22,2,39203.044351752,39203.044351752,404.6,404.605
-1.0,104,2,39205.203874987,39206.194377621,404.62,404.605
1.0,28,3,39206.354658198,39206.354658198,404.595,404.605
-1.0,328,8,39212.155957405,39214.54042145,404.59,404.55
1.0,20,2,39214.544759788,39214.544759788,404.545,404.55
-1.0,735,19,39214.544777648,39217.52813599,404.56,404.44
1.0,29,2,39219.160008514,39219.160008514,404.44,404.445
-1.0,1811,21,39219.160029059,39222.321667104,404.46,404.395
1.0,603,10,39223.37905432,39224.116139044,404.4,404.47
-1.0,201,5,39226.798294685,39229.178152998,404.46,404.42
1.0,309,6,39229.430984977,39232.814476537,404.405,404.44
-1.0,79,8,39235.678346991,39235.680573341,404.415,404.38
1.0,52,3,39235.730720221,39236.347897408,404.385,404.375
-1.0,420,20,39236.499695894,39237.462431546,404.38,404.3
1.0,52,1,39238.42278663,39238.42278663,404.295,404.3
-1.0,4,1,39238.765446772,39238.765446772,404.31,404.305
1.0,768,13,39239.454807128,39241.039098195,404.29,404.365
-1.0,43,3,39243.145044384,39243.14510633,404.325,404.305
1.0,4,1,39243.145188293,39243.145188293,404.305,404.305
-1.0,1,1,39244.682527007,39244.682527007,404.32,404.31
1.0,1,1,39245.234181286,39245.234181286,404.305,404.31
-1.0,60,1,39245.568652194,39245.568652194,404.325,404.3
1.0,85,1,39245.664980706,39245.664980706,404.285,404.285
-1.0,10,1,39245.674807017,39245.674807017,404.275,404.27
1.0,4,1,39245.674846523,39245.674846523,404.255,404.265
-1.0,93,4,39245.677631952,39245.831949726,404.265,404.235
1.0,296,5,39245.837571505,39246.271699893,404.235,404.245
-1.0,404,10,39246.289235047,39247.228789506,404.25,404.23
1.0,100,1,39247.444330005,39247.444330005,404.225,404.23
-1.0,1173,23,39247.444530089,39248.506692656,404.25,404.1
1.0,100,1,39248.510939225,39248.510939225,404.085,404.1
-1.0,1,1,39249.054071514,39249.054071514,404.09,404.085
1.0,222,4,39249.091517077,39249.091599403,404.085,404.095
-1.0,5,1,39249.855059702,39249.855059702,404.12,404.11
1.0,24,1,39251.717506467,39251.717506467,404.085,404.09
-1.0,538,6,39251.762721412,39252.563039268,404.09,404.05
1.0,140,4,39253.545885477,39253.545907095,404.045,404.055
-1.0,390,9,39254.009080568,39254.712925003,404.055,404.015
1.0,100,2,39254.719934778,39254.719959753,404.005,404.01
-1.0,2561,98,39254.726464564,39254.727286933,404.005,403.99
1.0,209,5,39254.727841116,39254.728761226,403.975,404.0
-1.0,700,9,39254.728795783,39254.732205709,404.0,403.975
1.0,100,1,39254.732257214,39254.732257214,403.955,403.975
-1.0,230,3,39254.733306552,39254.733306552,403.955,403.95
1.0,4,1,39254.733307945,39254.733307945,403.95,403.97
-1.0,180,2,39254.733344507,39254.734086017,403.98,403.955
1.0,273,4,39254.734128608,39254.762771703,403.955,403.99
-1.0,100,1,39255.593983982,39255.593983982,403.985,403.975
1.0,50,1,39255.594605943,39255.594605943,403.975,403.985
-1.0,102,2,39255.595300889,39255.595300889,403.985,403.975
1.0,2,1,39255.595441038,39255.595441038,403.96,403.975
-1.0,228,7,39258.236189193,39258.2375461,403.93,403.9
1.0,6,1,39258.237565878,39258.237565878,403.9,403.915
-1.0,209,10,39258.376736543,39258.508897695,403.915,403.865
1.0,1026,13,39258.776884237,39259.637365071,403.865,403.955
-1.0,200,2,39259.731416934,39259.731416934,403.95,403.945
1.0,100,1,39260.370460015,39260.370460015,403.9,403.905
-1.0,3,1,39260.370630609,39260.370630609,403.92,403.91
1.0,403,6,39260.629433446,39264.96122796,403.885,403.95
-1.0,493,9,39265.531882935,39266.383243232,403.96,403.885
1.0,155,4,39266.931551485,39266.931614474,403.905,403.915
-1.0,153,3,39267.138117725,39267.153119434,403.95,403.935
1.0,10,1,39267.201290414,39267.201290414,403.935,403.94
-1.0,1800,5,39269.01971143,39269.020645728,403.93,403.885
1.0,483,10,39269.413804466,39271.383727773,403.86,403.91
-1.0,100,1,39272.701710697,39272.701710697,403.915,403.91
1.0,111,3,39272.702141818,39272.755187937,403.885,403.885
-1.0,101,2,39272.76616957,39272.766202492,403.885,403.87
1.0,115,3,39272.766214882,39273.37020964,403.87,403.895
-1.0,203,7,39273.672098549,39273.691815801,403.89,403.845
1.0,107,3,39273.6978649,39273.850437271,403.835,403.835
-1.0,239,9,39273.965732285,39273.967651249,403.82,403.81
1.0,24,2,39274.323505593,39274.323505593,403.825,403.835
-1.0,62,1,39274.545631128,39274.545631128,403.84,403.84
1.0,320,7,39274.629827538,39275.449338911,403.85,403.915
-1.0,25,1,39275.636954732,39275.636954732,403.885,403.875
1.0,100,1,39275.97498775,39275.97498775,403.845,403.855
-1.0,100,1,39276.43419132,39276.43419132,403.855,403.85
1.0,653,12,39276.484114197,39280.259927832,403.84,403.905
-1.0,134,2,39280.259947691,39280.996175612,403.92,403.87
1.0,105,3,39281.689533157,39282.653174362,403.905,403.935
-1.0,437,11,39282.984055032,39284.964823992,403.92,403.81
1.0,200,3,39285.076339952,39286.277458745,403.785,403.855
-1.0,500,8,39286.278795573,39289.07794442,403.885,403.83
1.0,210,4,39289.088971862,39289.088998876,403.835,403.84
-1.0,500,5,39290.166745374,39290.673724011,403.835,403.825
1.0,100,1,39290.674179111,39290.674179111,403.81,403.82
-1.0,200,2,39290.955259367,39290.955286955,403.835,403.82
1.0,110,2,39290.956818329,39293.26362918,403.81,403.85
-1.0,50,1,39294.344320779,39294.344320779,403.875,403.865
1.0,197,6,39299.636238613,39301.986649235,403.89,403.9
-1.0,1,1,39302.009426199,39302.009426199,403.935,403.92
1.0,1092,29,39303.358169433,39310.905781921,403.955,404.235
-1.0,201,4,39310.959747485,39310.959747485,404.235,404.225
1.0,104,3,39310.959880439,39310.960604852,404.195,404.2
-1.0,403,6,39310.960870858,39310.961806071,404.21,404.17
1.0,78,3,39311.963785738,39314.008799608,404.155,404.195
-1.0,289,8,39315.585375804,39318.862483507,404.265,404.125
1.0,56,4,39318.862515511,39318.862693649,404.105,404.12
-1.0,434,10,39319.132312549,39319.133739222,404.125,404.085
1.0,185,9,39321.349742483,39327.442392996,404.035,404.09
-1.0,99,2,39327.769348618,39328.723708152,404.08,404.05
1.0,50,2,39329.553632371,39329.554072276,404.03,404.065
-1.0,50,1,39330.232089788,39330.232089788,404.08,404.075
1.0,246,4,39331.605484199,39331.607973875,404.065,404.08
-1.0,3,1,39332.478245029,39332.478245029,404.095,404.095
1.0,111,3,39333.886500637,39336.745361129,404.09,404.115
-1.0,2306,9,39341.061415837,39341.062429815,404.095,404.055
1.0,25,1,39341.063746247,39341.063746247,404.055,404.055
-1.0,200,3,39341.518696199,39341.565693682,404.065,404.03
1.0,250,5,39342.597311742,39345.012605622,404.015,404.055
-1.0,100,2,39346.677623458,39346.677646339,404.06,404.045
1.0,23,2,39347.967431047,39351.372818453,404.04,404.045
-1.0,375,11,39351.915374369,39351.984563462,404.05,404.005
1.0,4,1,39351.985019521,39351.985019521,403.995,404.0
-1.0,107,2,39352.314021148,39352.31406166,403.995,403.985
1.0,144,3,39352.318437077,39352.570383327,403.98,403.995
-1.0,100,1,39352.570650068,39352.570650068,404.015,404.005
1.0,409,11,39353.461440307,39358.597772601,404.02,404.16
-1.0,100,2,39361.151263982,39361.151284681,404.17,404.16
1.0,790,13,39361.217686057,39365.034100995,404.15,404.17
-1.0,192,7,39368.81136097,39368.897655157,404.175,404.095
1.0,1,1,39368.898550724,39368.898550724,404.085,404.085
-1.0,2,2,39368.940149444,39369.03230155,404.085,404.07
1.0,309,6,39369.084732591,39371.214760464,404.06,404.07
-1.0,107,3,39372.294549989,39372.298255572,404.055,404.02
1.0,7,1,39372.300706195,39372.300706195,404.02,404.025
-1.0,5,2,39373.58018647,39375.470005433,404.09,404.06
1.0,55,1,39375.668585202,39375.668585202,404.03,404.045
-1.0,1404,11,39376.258983292,39379.11971604,404.045,403.995
1.0,202,6,39379.825574787,39379.825930334,404.0,404.015
-1.0,100,1,39380.614503842,39380.614503842,404.015,403.995
1.0,200,2,39381.304381104,39381.304381104,404.01,404.02
-1.0,201,4,39381.380261024,39382.098998187,404.02,403.96
1.0,346,13,39382.343218623,39392.297582491,403.95,404.05
-1.0,296,7,39398.896880648,39398.897740057,404.025,404.005
1.0,63,3,39398.907902253,39401.361114168,403.98,403.995
-1.0,200,7,39402.969262903,39402.969714372,403.99,403.96
1.0,227,6,39403.605934982,39404.43490912,403.945,403.99
-1.0,1205,14,39407.737106888,39411.073755171,403.95,403.865
1.0,300,4,39412.6380064,39412.638029265,403.875,403.88
-1.0,35,1,39412.638255355,39412.638255355,403.89,403.89
1.0,175,6,39412.638325894,39413.20786887,403.885,403.905
-1.0,7,2,39417.089891239,39417.089891239,403.9,403.89
1.0,279,5,39419.322116069,39419.801928002,403.9,403.9
-1.0,541,12,39420.412039193,39423.590530042,403.91,403.83
1.0,210,3,39424.538382619,39424.540318069,403.825,403.85
-1.0,25,1,39424.78067353,39424.78067353,403.825,403.825
1.0,652,13,39425.73275555,39434.21552352,403.825,403.88
-1.0,3,1,39435.200314031,39435.200314031,403.895,403.89
1.0,247,6,39435.200355433,39435.327455694,403.89,403.9
-1.0,150,2,39435.845057136,39435.845057136,403.9,403.89
1.0,112,5,39436.564229081,39437.210158579,403.895,403.91
-1.0,1965,17,39440.402742315,39443.092357464,403.91,403.785
1.0,5,2,39443.093060189,39446.742269319,403.775,403.79
-1.0,110,2,39448.38232952,39448.382370416,403.785,403.77
1.0,306,4,39448.382789907,39449.692672285,403.77,403.765
-1.0,1234,21,39450.606726199,39450.891813213,403.765,403.675
1.0,61,2,39454.04968991,39454.04968991,403.685,403.69
-1.0,26,2,39455.679284713,39455.679284713,403.7,403.695
1.0,1316,33,39455.702664652,39465.890210464,403.675,403.965
-1.0,793,15,39466.652175183,39470.715524706,403.975,403.895
1.0,105,3,39470.724745528,39470.765399539,403.86,403.89
-1.0,400,6,39470.916129186,39473.01164522,403.9,403.87
1.0,343,12,39473.234479292,39473.885684589,403.87,403.94
-1.0,514,15,39474.664350652,39484.340704032,403.955,403.83
1.0,191,6,39486.950178956,39486.950188287,403.825,403.84
-1.0,211,5,39486.950259793,39487.646203508,403.845,403.83
1.0,255,3,39488.569232344,39488.569434322,403.83,403.835
-1.0,1612,8,39488.589266995,39489.101894764,403.845,403.795
1.0,27,1,39490.775033756,39490.775033756,403.795,403.805
-1.0,5,1,39491.670561648,39491.670561648,403.82,403.81
1.0,112,3,39491.670708772,39492.097000235,403.805,403.825
-1.0,50,2,39492.097713742,39492.09805119,403.845,403.84
1.0,135,4,39493.971842455,39495.499625453,403.82,403.805
-1.0,877,18,39496.568216086,39503.479560195,403.81,403.69
1.0,100,2,39503.486626592,39503.486626592,403.69,403.69
-1.0,1207,19,39503.486680514,39503.555209539,403.705,403.625
1.0,2,1,39503.55530846,39503.55530846,403.61,403.625
-1.0,957,19,39503.555734045,39503.601319582,403.62,403.565
1.0,143,5,39503.601825805,39503.601843777,403.55,403.555
-1.0,565,13,39503.614710042,39503.645968643,403.555,403.525
1.0,2,1,39503.646058341,39503.646058341,403.515,403.52
-1.0,319,18,39503.646430758,39504.595106082,403.525,403.525
1.0,496,6,39504.601680972,39504.828536917,403.51,403.545
-1.0,100,2,39504.828583011,39504.82861439,403.565,403.55
1.0,417,8,39505.218662414,39505.319596857,403.53,403.58
-1.0,100,1,39505.319647947,39505.319647947,403.605,403.585
1.0,182,5,39508.628397702,39510.137754181,403.565,403.6
-1.0,100,1,39511.121174701,39511.121174701,403.63,403.625
1.0,100,2,39511.121223457,39511.121248364,403.595,403.62
-1.0,1880,14,39511.535146934,39517.904986131,403.6,403.53
1.0,539,9,39518.737353483,39519.888030242,403.525,403.58
-1.0,101,3,39521.795429622,39521.795469941,403.57,403.56
1.0,100,1,39522.860299156,39522.860299156,403.545,403.555
-1.0,270,3,39523.380756772,39523.381825208,403.53,403.505
1.0,309,6,39523.45311277,39527.955336551,403.505,403.52
-1.0,85,1,39527.970165196,39527.970165196,403.525,403.525
1.0,40,2,39528.553117195,39528.553117195,403.53,403.535
-1.0,972,22,39528.681418297,39529.011719466,403.535,403.435
1.0,623,8,39529.498712954,39531.460091356,403.43,403.46
-1.0,300,5,39533.201282793,39533.310292245,403.52,403.505
1.0,430,7,39533.950699549,39536.584502831,403.48,403.525
-1.0,26,3,39537.530268559,39539.0964433,403.525,403.53
1.0,558,14,39539.10179567,39541.689995811,403.53,403.495
-1.0,210,5,39544.041856152,39544.271464347,403.495,403.45
1.0,100,2,39544.548081751,39544.548081751,403.45,403.45
-1.0,131,10,39545.154290356,39546.747553524,403.44,403.41
1.0,190,3,39546.830744548,39546.830744548,403.39,403.395
-1.0,50,1,39546.980443404,39546.980443404,403.41,403.4
1.0,1771,20,39547.233635954,39560.820228606,403.39,403.64
-1.0,1601,7,39561.584075564,39561.584740462,403.64,403.59
1.0,65,5,39561.587047239,39567.847001842,403.59,403.645
-1.0,354,6,39567.847022539,39568.516779332,403.66,403.635
1.0,207,4,39571.370776611,39571.376839137,403.63,403.675
-1.0,100,1,39571.80611477,39571.80611477,403.675,403.67
1.0,25,2,39571.806720022,39574.874354105,403.63,403.67
-1.0,100,4,39575.900423595,39576.876894403,403.67,403.655
1.0,233,6,39579.475932516,39588.500669836,403.685,403.78
-1.0,380,12,39590.386283392,39592.985397832,403.765,403.695
1.0,185,8,39594.80183911,39600.241410026,403.685,403.685
-1.0,77,6,39600.304196127,39600.304780879,403.685,403.66
1.0,117,2,39600.307971597,39601.414264147,403.63,403.635
-1.0,12,3,39601.637131757,39601.637131757,403.615,403.605
1.0,409,6,39606.374795486,39606.374821187,403.54,403.555
-1.0,42,7,39606.700093886,39607.487128688,403.545,403.495
1.0,100,1,39608.186719535,39608.186719535,403.445,403.45
-1.0,100,1,39608.18716435,39608.18716435,403.475,403.46
1.0,158,2,39608.553478913,39608.553589867,403.455,403.48
-1.0,986,23,39609.47955105,39612.81859982,403.465,403.275
1.0,16,1,39612.85340199,39612.85340199,403.29,403.295
-1.0,83,10,39612.854249822,39612.862066387,403.31,403.305
1.0,441,7,39613.238156307,39616.56540821,403.315,403.4
-1.0,2,2,39620.427339427,39620.427339427,403.385,403.375
1.0,463,6,39624.135688959,39624.384865188,403.35,403.39
-1.0,50,1,39624.386304483,39624.386304483,403.4,403.395
1.0,499,2,39624.473683789,39624.473704371,403.375,403.385
-1.0,1,1,39625.517364759,39625.517364759,403.415,403.395
1.0,598,8,39629.668436869,39630.329031639,403.39,403.445
-1.0,1,1,39630.948041443,39630.948041443,403.47,403.435
1.0,152,3,39633.853949506,39634.024832665,403.45,403.475
-1.0,204,5,39637.502943695,39639.312298706,403.485,403.485
1.0,91,3,39644.657302602,39646.449098409,403.52,403.575
-1.0,2005,27,39650.236904094,39651.689950541,403.59,403.475
1.0,220,3,39652.839728016,39655.448022497,403.48,403.535
-1.0,190,4,39657.117721096,39657.136102493,403.595,403.565
1.0,100,1,39657.136226888,39657.136226888,403.545,403.56
-1.0,15,3,39661.753884581,39661.753997676,403.53,403.525
1.0,626,6,39665.327928979,39666.260818908,403.51,403.54
-1.0,10,1,39667.979748436,39667.979748436,403.535,403.52
1.0,235,3,39670.499896225,39670.499896225,403.57,403.57
-1.0,310,3,39670.866250116,39674.500047667,403.575,403.55
1.0,208,4,39677.03801717,39678.038229868,403.54,403.585
-1.0,31,3,39679.151519195,39679.891436562,403.585,403.54
1.0,367,6,39683.656553431,39683.656704422,403.59,403.61
-1.0,100,1,39684.824858217,39684.824858217,403.615,403.605
1.0,276,11,39688.636502859,39693.706820035,403.575,403.69
-1.0,410,4,39696.329072383,39697.504750108,403.68,403.665
1.0,2,1,39700.22069501,39700.22069501,403.67,403.675
-1.0,338,6,39704.081468486,39707.145478381,403.635,403.55
1.0,746,15,39709.484238442,39709.605842631,403.545,403.605
-1.0,20,1,39710.229069687,39710.229069687,403.615,403.595
1.0,208,4,39715.033574388,39715.453552786,403.615,403.67
-1.0,4,1,39716.022542527,39716.022542527,403.685,403.67
1.0,130,7,39721.44424311,39727.297226714,403.67,403.69
-1.0,350,5,39727.981643931,39731.758360725,403.71,403.7
1.0,11,2,39732.211435896,39732.211435896,403.71,403.715
-1.0,226,9,39734.72433849,39736.471828183,403.725,403.655
1.0,27,3,39738.782868083,39739.740872978,403.66,403.675
-1.0,1,1,39740.691317068,39740.691317068,403.685,403.67
1.0,988,30,39750.406846803,39759.476204635,403.705,403.78
-1.0,1831,17,39761.129830269,39769.827659816,403.775,403.725
1.0,3,1,39770.152737331,39770.152737331,403.705,403.705
-1.0,481,15,39772.513691982,39775.195391887,403.685,403.535
1.0,116,2,39776.771208624,39776.771303198,403.515,403.52
-1.0,135,3,39777.102804584,39777.285403204,403.51,403.5
1.0,201,4,39779.212731184,39779.571155067,403.52,403.55
-1.0,13,1,39780.796566634,39780.796566634,403.59,403.59
1.0,600,5,39781.314693242,39784.256343732,403.555,403.63
-1.0,1,1,39784.498443234,39784.498443234,403.66,403.65
1.0,101,3,39786.904997814,39790.752063353,403.615,403.635
-1.0,38,1,39790.878739847,39790.878739847,403.63,403.625
1.0,8,1,39792.148989444,39792.148989444,403.62,403.62
-1.0,100,2,39793.784550191,39794.190277604,403.62,403.605
1.0,290,5,39794.199836163,39796.421233397,403.585,403.615
-1.0,356,9,39797.092528189,39797.636769599,403.645,403.555
1.0,35,2,39799.313330411,39799.31343622,403.565,403.57
-1.0,352,8,39801.511531755,39802.067674518,403.59,403.545
1.0,1,1,39802.06823987,39802.06823987,403.53,403.535
-1.0,436,10,39802.068538795,39805.531809914,403.545,403.525
1.0,290,5,39807.650619899,39807.65064412,403.54,403.545
-1.0,62,1,39807.650713635,39807.650713635,403.565,403.555
1.0,207,2,39808.897070425,39809.002962632,403.54,403.58
-1.0,1847,8,39811.021034082,39813.013866628,403.615,403.56
1.0,64,2,39813.857935549,39815.035443438,403.54,403.54
-1.0,27,1,39815.559802276,39815.559802276,403.56,403.56
1.0,400,4,39818.700397755,39819.587116754,403.545,403.55
-1.0,450,5,39820.781138874,39822.702444375,403.535,403.485
1.0,280,5,39827.960247846,39828.75133024,403.51,403.56
-1.0,261,9,39828.846935197,39831.30963413,403.56,403.52
1.0,200,2,39832.391662973,39832.391726539,403.52,403.53
-1.0,1118,31,39836.056998963,39847.521094874,403.525,403.38
1.0,635,9,39849.76177595,39851.747274366,403.39,403.46
-1.0,107,5,39853.230161186,39854.794069353,403.44,403.47
1.0,107,3,39856.536717529,39859.454074325,403.47,403.49
-1.0,71,2,39859.454469958,39862.037274826,403.495,403.49
1.0,456,8,39862.646673065,39864.513639889,403.48,403.555
-1.0,537,17,39867.715189308,39871.140971185,403.535,403.4
1.0,83,1,39874.508276898,39874.508276898,403.385,403.39
-1.0,262,7,39877.298427309,39877.810489293,403.4,403.345
1.0,142,3,39877.885938362,39878.077906485,403.34,403.36
-1.0,810,15,39879.716791458,39882.563437016,403.375,403.315
1.0,300,4,39882.603115177,39882.603115177,403.32,403.325
-1.0,511,7,39883.845629984,39884.972381678,403.32,403.275
1.0,120,3,39885.447455767,39887.516017606,403.27,403.28
-1.0,202,4,39888.232183829,39888.232183829,403.285,403.275
1.0,240,4,39888.712285242,39888.712285242,403.265,403.27
-1.0,50,1,39889.674518903,39889.674518903,403.285,403.28
1.0,267,2,39891.290364361,39891.290364361,403.29,403.3
-1.0,1707,35,39892.112034008,39893.636148835,403.31,403.19
1.0,4,1,39893.64270921,39893.64270921,403.185,403.185
-1.0,294,3,39893.64782107,39893.64782107,403.19,403.19
1.0,542,4,39893.661806477,39893.661828837,403.19,403.195
-1.0,140,3,39893.873325913,39893.874694081,403.22,403.195
1.0,6,1,39894.010760842,39894.010760842,403.185,403.185
-1.0,175,6,39895.394964643,39896.448121592,403.205,403.175
1.0,200,2,39896.448266566,39896.448900639,403.175,403.19
-1.0,2,1,39896.449095955,39896.449095955,403.19,403.18
1.0,56,1,39896.475482395,39896.475482395,403.18,403.18
-1.0,9,1,39899.378439732,39899.378439732,403.185,403.185
1.0,471,7,39900.059432293,39901.148348379,403.195,403.28
-1.0,566,20,39904.293745234,39905.478937643,403.23,403.125
1.0,4,1,39905.509170187,39905.509170187,403.13,403.13
-1.0,10,1,39905.656376149,39905.656376149,403.13,403.13
1.0,548,9,39905.688219136,39906.633053534,403.13,403.175
-1.0,52,3,39906.665866805,39906.665866805,403.185,403.175
1.0,230,7,39906.807265569,39909.529187081,403.18,403.28
-1.0,90,6,39914.520485998,39918.076420832,403.28,403.26
1.0,402,4,39918.364411396,39919.095440386,403.24,403.27
-1.0,110,4,39919.983328812,39924.552096556,403.285,403.255
1.0,1435,7,39927.438264289,39927.447680199,403.28,403.31
-1.0,369,11,39927.477757554,39929.002678955,403.315,403.295
1.0,56,4,39930.562199872,39931.254777712,403.31,403.325
-1.0,556,16,39931.254813945,39933.590668575,403.325,403.195
1.0,12,1,39933.736115811,39933.736115811,403.195,403.2
-1.0,1701,11,39934.110394484,39935.108170051,403.215,403.14
1.0,110,3,39935.323746535,39935.374195976,403.135,403.145
-1.0,342,9,39935.825597701,39936.006535073,403.15,403.115
1.0,28,2,39938.391885843,39938.391906797,403.12,403.125
-1.0,992,15,39938.648221765,39941.30257151,403.125,403.045
1.0,342,8,39941.325352641,39942.472617731,403.04,403.055
-1.0,4302,138,39942.508479828,39944.179508108,403.07,403.0
1.0,144,3,39944.179555256,39944.179766816,403.0,403.0
-1.0,31,4,39944.179792856,39944.179792856,403.0,403.0
1.0,58,2,39944.179800414,39944.179800414,403.0,403.005
-1.0,1108,20,39944.179854365,39944.183548833,403.01,402.98
1.0,165,10,39944.192202387,39944.19365189,402.985,402.985
-1.0,1,1,39944.200779181,39944.200779181,402.995,402.985
1.0,337,5,39944.30692889,39944.306958436,402.985,402.99
-1.0,10,2,39944.311385938,39944.311385938,403.005,403.0
1.0,241,3,39944.869796918,39944.869796918,403.0,403.005
-1.0,51,2,39945.282203781,39945.282601738,403.035,403.02
1.0,150,2,39945.637811421,39945.637811421,403.04,403.045
-1.0,2,1,39945.829689973,39945.829689973,403.07,403.07
1.0,100,1,39945.987979554,39945.987979554,403.055,403.07
-1.0,205,6,39945.988209262,39947.102433544,403.065,403.005
1.0,299,7,39950.260251529,39952.96578744,403.015,403.065
-1.0,107,8,39955.833946656,39955.834949646,403.035,403.01
1.0,250,1,39955.834968164,39955.834968164,403.01,403.02
-1.0,61,3,39955.84538359,39957.793196742,403.02,403.0
1.0,50,1,39957.83069897,39957.83069897,403.0,403.005
-1.0,56,4,39957.982592984,39958.511084823,403.015,403.0
1.0,2,1,39958.528677173,39958.528677173,403.005,403.015
-1.0,510,3,39958.546965884,39958.547045601,403.015,403.015
1.0,53,1,39958.806740678,39958.806740678,403.02,403.03
-1.0,65,1,39961.742045615,39961.742045615,403.02,403.02
1.0,771,14,39963.189018617,39968.213972715,403.03,403.12
-1.0,102,2,39968.214048397,39968.315452705,403.135,403.13
1.0,108,3,39972.390002441,39972.454333595,403.16,403.17
-1.0,67,4,39973.226034178,39973.282865546,403.195,403.17
1.0,48,2,39973.312839951,39973.312839951,403.18,403.18
-1.0,250,7,39978.352554891,39978.355175888,403.165,403.125
1.0,294,5,39978.408178661,39979.020596502,403.13,403.165
-1.0,60,3,39979.364999665,39979.365889913,403.18,403.17
1.0,165,3,39979.39277876,39980.86736924,403.165,403.165
-1.0,157,5,39981.654743517,39981.660108308,403.17,403.145
1.0,353,7,39981.749601542,39989.790834906,403.135,403.24
-1.0,2032,11,39990.100885685,39992.455733927,403.25,403.2
1.0,1,1,39993.749134397,39993.749134397,403.195,403.195
-1.0,395,10,39994.055694224,39994.635752709,403.19,403.15
1.0,177,3,39996.534142673,39996.788357324,403.155,403.185
-1.0,1527,24,39998.65477385,39998.656009153,403.185,403.105
1.0,2,1,39998.656193211,39998.656193211,403.085,403.095
-1.0,926,20,39998.656211329,39999.265760778,403.095,403.07
1.0,157,5,39999.30423114,40003.477239863,403.05,403.1
-1.0,100,1,40003.720589141,40003.720589141,403.155,403.155
1.0,10,1,40004.723980384,40004.723980384,403.18,403.195
-1.0,3,1,40005.741948111,40005.741948111,403.21,403.205
1.0,626,10,40006.132758872,40010.918783212,403.21,403.32
-1.0,326,6,40011.331922788,40014.717901785,403.335,403.27
1.0,278,12,40015.711491064,40020.021722221,403.275,403.39
-1.0,996,8,40020.521604644,40020.607937006,403.385,403.36
1.0,462,11,40021.02808182,40024.955375205,403.355,403.41
-1.0,50,1,40024.95599766,40024.95599766,403.42,403.41
1.0,200,5,40026.272798466,40028.297744403,403.39,403.4
-1.0,404,7,40028.63325131,40033.964336691,403.41,403.435
1.0,460,16,40033.985782987,40041.355017558,403.435,403.55
-1.0,100,1,40041.360859098,40041.360859098,403.565,403.56
1.0,200,6,40041.417902613,40041.4587424,403.55,403.555
-1.0,452,15,40041.499002422,40045.347737264,403.57,403.45
1.0,233,5,40046.08743103,40048.995533219,403.455,403.545
-1.0,184,8,40050.011247082,40051.88443596,403.545,403.485
1.0,150,2,40051.884877833,40052.513096741,403.5,403.48
-1.0,100,2,40053.930465395,40053.930650781,403.47,403.455
1.0,2,1,40053.933636112,40053.933636112,403.44,403.455
-1.0,239,8,40054.040293481,40055.713204125,403.445,403.44
1.0,300,2,40055.771478794,40055.771478794,403.43,403.435
-1.0,200,5,40055.892162773,40055.89324557,403.45,403.42
1.0,110,2,40055.897560498,40057.9862971,403.42,403.475
-1.0,78,2,40058.883990074,40059.076647903,403.48,403.47
1.0,100,1,40060.129220013,40060.129220013,403.455,403.46
-1.0,100,3,40061.788872551,40061.789485543,403.47,403.465
1.0,138,3,40061.790396065,40061.79049264,403.45,403.46
-1.0,90,4,40061.805754574,40062.918327526,403.47,403.435
1.0,11,2,40063.755720858,40064.185806104,403.435,403.455
-1.0,410,8,40066.475323196,40066.624225122,403.45,403.425
1.0,1,1,40067.556110383,40067.556110383,403.445,403.45
-1.0,1,1,40068.026124691,40068.026124691,403.475,403.46
1.0,179,5,40068.026652523,40068.068624309,403.455,403.465
-1.0,56,3,40069.467990773,40069.471719653,403.465,403.435
1.0,736,14,40069.471753857,40072.467292883,403.42,403.565
-1.0,4,3,40073.464374572,40073.555460053,403.56,403.515
1.0,10,1,40073.837059414,40073.837059414,403.49,403.5
-1.0,226,5,40074.871217308,40077.044970278,403.51,403.485
1.0,250,2,40077.046736535,40077.095719045,403.485,403.495
-1.0,103,3,40077.095881817,40077.09606307,403.515,403.51
1.0,10,1,40077.104155309,40077.104155309,403.5,403.505
-1.0,50,1,40077.115459006,40077.115459006,403.52,403.515
1.0,456,11,40082.204251909,40088.522607924,403.545,403.59
-1.0,153,3,40088.523026283,40088.523207765,403.61,403.605
1.0,199,5,40088.588143179,40097.67456519,403.585,403.625
-1.0,462,6,40097.902544315,40097.913368422,403.62,403.58
1.0,201,4,40097.93064883,40099.728986027,403.57,403.595
-1.0,78,5,40102.476168106,40105.109066117,403.595,403.54
1.0,578,9,40111.853150192,40111.880235715,403.545,403.565
-1.0,1611,7,40112.895742005,40113.319556699,403.565,403.525
1.0,24,1,40113.322044659,40113.322044659,403.515,403.525
-1.0,1348,25,40113.322526087,40114.065857964,403.525,403.405
1.0,51,2,40114.14712951,40114.14712951,403.395,403.4
-1.0,453,9,40115.423374162,40118.565827194,403.395,403.285
1.0,410,4,40122.41549551,40122.415600389,403.285,403.31
-1.0,836,9,40122.746359213,40124.125444989,403.32,403.255
1.0,60,2,40124.125895714,40124.125895714,403.25,403.255
-1.0,850,13,40124.226664945,40125.147277239,403.25,403.19
1.0,90,1,40125.147332275,40125.147332275,403.17,403.19
-1.0,209,4,40125.450169304,40127.144514211,403.19,403.15
1.0,292,3,40127.14457353,40127.14457353,403.15,403.155
-1.0,388,11,40127.174125703,40130.271195779,403.215,403.175
1.0,2,1,40130.271768637,40130.271768637,403.165,403.175
-1.0,748,25,40130.271951172,40133.826583001,403.185,403.045
1.0,4,1,40133.827052716,40133.827052716,403.045,403.055
-1.0,1063,22,40134.105089729,40137.118258787,403.065,402.985
1.0,150,2,40137.42972483,40137.562586638,402.975,403.0
-1.0,181,8,40139.263577233,40141.570275496,403.005,402.955
1.0,1000,16,40141.763313946,40144.185064321,402.965,403.03
-1.0,100,1,40146.038100276,40146.038100276,403.04,403.035
1.0,244,3,40146.256317905,40146.256325982,403.055,403.06
-1.0,10,1,40146.624170462,40146.624170462,403.09,403.065
1.0,32,5,40147.984105898,40150.701018323,403.03,403.135
-1.0,100,1,40151.879752171,40151.879752171,403.17,403.14
1.0,256,4,40154.889304842,40154.890407549,403.17,403.195
-1.0,6,1,40157.254198834,40157.254198834,403.225,403.205
1.0,22,3,40157.254201934,40158.188186975,403.205,403.24
-1.0,1769,7,40160.561707241,40166.592625682,403.215,403.125
1.0,150,2,40168.063015431,40168.063015431,403.13,403.135
-1.0,323,6,40168.336696893,40169.322198003,403.11,403.05
1.0,100,1,40170.781629504,40170.781629504,403.03,403.04
-1.0,40,1,40171.608342068,40171.608342068,403.025,403.02
1.0,4,1,40171.608673154,40171.608673154,403.005,403.015
-1.0,158,7,40171.741829125,40171.742437434,403.025,402.99
1.0,197,5,40171.95092564,40181.578264539,402.985,403.1
-1.0,213,11,40181.78740614,40185.241327709,403.115,403.02
1.0,97,2,40185.512075695,40185.512075695,403.01,403.01
-1.0,1267,32,40185.749311034,40187.617116,403.015,402.9
1.0,448,5,40187.700127706,40189.362951926,402.91,402.975
-1.0,439,21,40189.467443111,40199.221188988,402.995,402.87
1.0,156,2,40199.577915393,40199.577935631,402.88,402.885
-1.0,61,3,40199.578829994,40199.722718819,402.885,402.87
1.0,501,7,40201.28575246,40201.286019164,402.875,402.895
-1.0,108,5,40203.815763325,40205.188026232,402.89,402.865
1.0,100,1,40205.18841712,40205.18841712,402.855,402.855
-1.0,1,1,40205.189836461,40205.189836461,402.865,402.865
1.0,160,1,40205.207556582,40205.207556582,402.845,402.865
-1.0,353,7,40206.732684701,40209.33109909,402.87,402.845
1.0,4,1,40209.331111704,40209.331111704,402.845,402.845
-1.0,1987,17,40211.244333914,40211.249061889,402.845,402.81
1.0,667,12,40211.517410428,40215.54693415,402.795,402.87
-1.0,54,3,40215.547675669,40215.547696692,402.865,402.85
1.0,106,2,40217.332330707,40217.332653245,402.845,402.865
-1.0,51,2,40218.106862156,40218.106862156,402.875,402.87
1.0,4,1,40218.106933682,40218.106933682,402.845,402.87
-1.0,11,2,40218.118254764,40218.118254764,402.865,402.865
1.0,1082,18,40221.019421339,40221.542457443,402.85,402.965
-1.0,317,7,40226.40766919,40226.410323133,402.95,402.91
1.0,488,16,40226.410542301,40237.034472678,402.89,403.045
-1.0,195,8,40238.879900642,40242.619792905,403.03,402.99
1.0,25,2,40243.218614074,40243.218829766,402.985,402.99
-1.0,212,7,40243.420630071,40247.854704437,403.005,402.935
1.0,29,1,40251.895052119,40251.895052119,402.91,402.94
-1.0,2,1,40257.422074743,40257.422074743,402.935,402.925
1.0,325,4,40260.223903781,40260.223979396,402.92,402.93
-1.0,482,8,40262.597718017,40269.174499797,402.94,402.9
1.0,401,5,40269.911065435,40270.499139064,402.89,402.935
-1.0,163,6,40275.08799225,40279.791381722,402.935,402.92
1.0,147,2,40280.83486556,40280.836325418,402.895,402.895
-1.0,1610,11,40282.018501202,40282.036318589,402.895,402.875
1.0,100,2,40282.043524251,40282.043550666,402.865,402.87
-1.0,72,2,40282.045837197,40282.670410991,402.905,402.91
1.0,667,10,40282.762516149,40293.772740655,402.885,402.895
-1.0,306,5,40296.451211765,40296.589655073,402.89,402.84
1.0,100,1,40297.83125956,40297.83125956,402.85,402.86
-1.0,103,3,40303.450651568,40303.450651568,402.86,402.85
1.0,64,3,40305.938718126,40306.086083978,402.855,402.86
-1.0,1603,3,40306.72158486,40306.721675263,402.86,402.85
1.0,31,3,40314.913662717,40320.573396691,402.9,402.905
-1.0,1193,14,40322.278367413,40325.473887085,402.915,402.875
1.0,242,9,40326.333063923,40327.932123649,402.885,402.88
-1.0,539,12,40329.450278293,40332.816533535,402.88,402.84
1.0,69,4,40332.822670931,40335.643891496,402.825,402.88
-1.0,616,13,40336.468009626,40340.170048423,402.895,402.815
1.0,50,1,40341.602404084,40341.602404084,402.83,402.835
-1.0,27,1,40341.602461605,40341.602461605,402.835,402.82
1.0,1477,25,40344.905497946,40359.35129141,402.825,402.985
-1.0,102,2,40360.275299595,40360.275299595,402.965,402.96
1.0,25,1,40361.001761948,40361.001761948,402.935,402.935
-1.0,205,7,40361.005030633,40364.162355251,402.945,402.93
1.0,201,5,40364.235819216,40365.813194924,402.925,402.95
-1.0,616,21,40366.243669516,40371.31376271,402.965,402.82
1.0,58,1,40371.323495257,40371.323495257,402.82,402.83
-1.0,873,23,40372.630932519,40374.094524845,402.84,402.825
1.0,2,1,40374.336032418,40374.336032418,402.815,402.825
-1.0,1287,19,40375.771957551,40376.74184537,402.825,402.765
1.0,277,4,40376.743476608,40376.743476608,402.765,402.775
-1.0,58,1,40376.743981302,40376.743981302,402.795,402.79
1.0,565,7,40376.745134866,40377.27463674,402.78,402.81
-1.0,132,1,40377.75807509,40377.75807509,402.815,402.815
1.0,585,10,40378.342623508,40381.065460918,402.82,402.915
-1.0,485,3,40382.860549582,40391.995986812,402.91,402.905
1.0,51,2,40393.882512411,40395.158747147,402.91,402.91
-1.0,855,13,40399.890479295,40401.422166726,402.915,402.775
1.0,10,1,40401.901342649,40401.901342649,402.765,402.77
-1.0,209,13,40402.608404943,40402.619644779,402.77,402.72
1.0,200,1,40402.619785555,40402.619785555,402.71,402.71
-1.0,337,8,40402.620095135,40402.620095135,402.72,402.705
1.0,37,2,40402.62014242,40402.620222965,402.68,402.68
-1.0,211,4,40402.620608364,40402.620608364,402.685,402.675
1.0,143,1,40402.620645593,40402.620645593,402.66,402.675
-1.0,977,23,40402.622665728,40402.918914496,402.68,402.595
1.0,282,6,40402.919457629,40403.083823969,402.6,402.665
-1.0,186,3,40403.58889199,40403.58889199,402.665,402.66
1.0,207,11,40403.589577927,40404.857571679,402.645,402.72
-1.0,282,5,40404.858290021,40405.813664477,402.73,402.7
1.0,64,2,40405.857384852,40405.857384852,402.7,402.7
-1.0,100,2,40408.025913397,40408.025934745,402.705,402.7
1.0,774,12,40408.795072111,40412.48094221,402.7,402.75
-1.0,100,3,40412.936113317,40412.93633039,402.75,402.73
1.0,8,1,40412.967537865,40412.967537865,402.715,402.715
-1.0,201,4,40414.93001231,40415.270591323,402.7,402.665
1.0,124,8,40418.21579567,40421.078903767,402.675,402.715
-1.0,210,14,40421.195208328,40427.229570304,402.725,402.69
1.0,39,1,40427.957223534,40427.957223534,402.69,402.69
-1.0,466,14,40428.821068237,40439.01317393,402.7,402.64
1.0,93,1,40439.068856777,40439.068856777,402.635,402.65
-1.0,295,3,40439.069635693,40440.091007989,402.655,402.635
1.0,491,13,40440.778872069,40450.21370343,402.65,402.83
-1.0,5,2,40450.235695343,40452.043842413,402.83,402.815
1.0,7713,7,40453.309319482,40453.716588249,402.84,402.92
-1.0,210,2,40454.487521863,40454.645654068,402.905,402.855
1.0,759,12,40456.564604921,40457.872491081,402.85,402.96
-1.0,4,1,40457.872663441,40457.872663441,402.975,402.965
1.0,939,17,40457.873038858,40457.875531013,402.96,402.995
-1.0,2,1,40457.875976287,40457.875976287,403.005,403.0
1.0,213,5,40457.876054976,40457.876054976,402.995,403.005
-1.0,4,1,40457.87609784,40457.87609784,403.005,402.995
1.0,554,9,40457.876723603,40457.878276902,402.97,403.015
-1.0,200,5,40457.878507131,40459.129928916,403.035,403.01
1.0,331,6,40459.968266805,40460.49626171,403.0,403.02
-1.0,100,1,40460.871832669,40460.871832669,402.995,402.99
1.0,52,3,40461.522277088,40462.198944232,402.98,402.995
-1.0,272,8,40464.028112909,40467.145120854,403.005,402.91
1.0,22,2,40470.630416963,40471.992294715,402.955,402.975
-1.0,745,14,40480.509739008,40493.247194952,402.985,402.755
1.0,641,22,40494.390751607,40501.025151172,402.77,402.86
-1.0,5,1,40501.420149427,40501.420149427,402.855,402.855
1.0,49,1,40501.420149427,40501.420149427,402.855,402.865
-1.0,63,5,40501.64077313,40501.642282331,402.87,402.845
1.0,10,2,40502.934262854,40502.934262854,402.845,402.845
-1.0,250,3,40504.646140218,40504.646239567,402.85,402.83
1.0,188,16,40507.443246857,40519.372969254,402.855,403.0
-1.0,220,4,40521.092272258,40521.092301838,402.995,402.99
1.0,322,7,40524.703040561,40527.752591379,402.985,403.01
-1.0,162,6,40528.65210077,40531.888673921,403.02,402.98
1.0,369,8,40533.722408103,40536.268071627,402.98,403.04
-1.0,1,1,40537.265500547,40537.265500547,403.015,403.015
1.0,139,4,40538.100784077,40539.343178863,403.005,403.02
-1.0,1,1,40540.022414967,40540.022414967,403.02,403.01
1.0,203,5,40541.885286773,40547.226599985,403.02,403.03
-1.0,13,4,40550.311357574,40550.311986508,403.025,403.005
1.0,269,12,40550.31333661,40550.999179189,403.0,403.025
-1.0,630,11,40552.704870223,40555.263916671,403.015,402.985
1.0,197,7,40555.829444652,40559.075479886,402.985,403.01
-1.0,51,2,40559.629874479,40559.629874479,403.025,403.015
1.0,219,7,40559.629895818,40560.625646678,403.0,403.065
-1.0,150,2,40560.784916616,40560.784916616,403.065,403.06
1.0,66,2,40560.784936723,40560.78494471,403.045,403.055
-1.0,400,4,40560.785395512,40560.786314373,403.065,403.055
1.0,202,3,40560.786369754,40560.938495949,403.045,403.045
-1.0,360,12,40561.293105363,40563.058914086,403.045,403.005
1.0,663,11,40563.635917294,40564.463725885,403.005,403.055
-1.0,311,5,40565.316380079,40567.172058581,403.05,403.03
1.0,308,7,40567.905903666,40569.153919287,403.035,403.04
-1.0,648,18,40569.681023302,40573.727685871,403.04,402.975
1.0,27,1,40574.951689449,40574.951689449,402.965,402.97
-1.0,1,1,40575.267114108,40575.267114108,402.985,402.985
1.0,780,17,40576.052688405,40583.879499145,402.985,403.03
-1.0,670,18,40585.089135872,40590.099555363,403.02,402.9
1.0,60,2,40590.369199318,40590.668461346,402.89,402.9
-1.0,286,4,40591.81216197,40591.812280224,402.89,402.875
1.0,224,5,40593.697440263,40594.20994342,402.885,402.935
-1.0,405,6,40598.664673601,40598.664678479,402.95,402.93
1.0,947,1,40598.668812783,40598.668812783,402.89,402.9
-1.0,828,11,40599.905331948,40600.628090398,402.9,402.87
1.0,100,1,40600.628211682,40600.628211682,402.865,402.87
-1.0,579,16,40600.629241208,40602.387311946,402.88,402.83
1.0,180,6,40602.673715366,40606.489142922,402.825,402.85
-1.0,810,17,40606.63225647,40610.308587714,402.865,402.78
1.0,212,3,40610.361137868,40610.361137868,402.78,402.79
-1.0,76,5,40610.434700283,40610.514656478,402.795,402.79
1.0,186,2,40610.663453663,40610.663453663,402.79,402.79
-1.0,660,17,40610.688730725,40613.576763091,402.79,402.785
1.0,857,17,40615.395992126,40622.672650732,402.79,402.87
-1.0,5,1,40625.831936222,40625.831936222,402.95,402.94
1.0,219,3,40627.446156993,40627.446217552,402.925,402.93
-1.0,1966,39,40627.745365871,40636.483804434,402.93,402.745
1.0,192,5,40637.067168633,40637.746222788,402.74,402.775
-1.0,134,4,40637.821167422,40637.821590544,402.765,402.76
1.0,115,2,40637.861021414,40637.861091068,402.75,402.755
-1.0,1081,27,40639.490091535,40639.509571947,402.72,402.65
1.0,18,1,40639.512376496,40639.512376496,402.645,402.645
-1.0,27,1,40639.567702634,40639.567702634,402.66,402.66
1.0,525,9,40641.867976952,40642.425946206,402.66,402.695
-1.0,97,4,40643.691578027,40644.541525096,402.75,402.725
1.0,77,6,40645.897973822,40652.409800743,402.73,402.745
-1.0,129,8,40654.610510404,40655.281523563,402.74,402.66
1.0,300,1,40655.281549509,40655.281549509,402.645,402.655
-1.0,176,5,40655.299999029,40656.677035215,402.675,402.64
1.0,1966,36,40658.085525524,40668.259967469,402.65,402.895
-1.0,210,5,40674.625647975,40676.791666753,402.88,402.82
1.0,931,21,40677.954532489,40688.581345143,402.75,402.925
-1.0,9,1,40689.820759442,40689.820759442,402.955,402.94
1.0,3,1,40690.844366689,40690.844366689,402.915,402.93
-1.0,1126,17,40692.773453273,40693.152381718,402.945,402.925
1.0,1,1,40693.153372143,40693.153372143,402.935,402.935
-1.0,600,12,40693.155506002,40693.181911478,402.95,402.935
1.0,47,1,40693.183046545,40693.183046545,402.935,402.935
-1.0,853,16,40693.183556902,40695.85190217,402.95,402.925
1.0,100,2,40695.852376545,40695.852376545,402.92,402.925
-1.0,884,13,40695.855976714,40700.499755133,402.935,402.795
1.0,28,1,40701.51196444,40701.51196444,402.785,402.785
-1.0,112,5,40702.180329083,40704.802171095,402.785,402.73
1.0,578,5,40705.385280168,40705.390362926,402.73,402.785
-1.0,1,1,40705.843461774,40705.843461774,402.855,402.845
1.0,180,3,40707.839354832,40710.402023017,402.835,402.835
-1.0,153,3,40712.8984496,40712.89867044,402.825,402.81
1.0,321,6,40714.041967642,40716.297665627,402.815,402.89
-1.0,102,2,40717.700593716,40717.922167358,402.925,402.925
1.0,106,3,40718.342950665,40720.695313588,402.925,402.96
-1.0,189,6,40725.75226826,40729.470390886,402.97,402.92
1.0,100,1,40729.539858882,40729.539858882,402.925,402.925
-1.0,2,1,40729.540090003,40729.540090003,402.935,402.925
1.0,14,2,40729.593298507,40729.593298507,402.925,402.93
-1.0,717,14,40731.185854139,40733.067750798,402.96,402.885
1.0,30,2,40736.174109894,40737.246663996,402.875,402.91
-1.0,100,2,40737.813732993,40737.814656682,402.91,402.9
1.0,269,3,40738.19537815,40738.196207439,402.885,402.905
-1.0,100,2,40738.41229235,40738.412333997,402.94,402.925
1.0,337,8,40743.837230539,40743.920104768,402.98,403.03
-1.0,143,4,40745.590865871,40747.378670647,403.06,403.035
1.0,1,1,40748.338492184,40748.338492184,403.025,403.04
-1.0,60,2,40748.338526055,40748.338526055,403.04,403.04
1.0,31,2,40750.03059865,40751.213984843,403.015,403.03
-1.0,3,1,40752.81398988,40752.81398988,403.05,403.045
1.0,241,4,40755.012042792,40755.012136807,403.035,403.05
-1.0,622,11,40755.013735393,40755.067399404,403.06,402.99
1.0,43,2,40755.36198598,40755.823243466,402.985,402.995
-1.0,801,6,40757.068282771,40762.389995611,402.99,402.985
1.0,29,2,40762.392281584,40762.39454371,402.99,403.005
-1.0,914,15,40762.687258201,40762.689794616,402.985,402.975
1.0,851,15,40763.205622379,40773.617807866,402.935,403.025
-1.0,221,5,40774.765279804,40776.008908203,403.015,402.955
1.0,17,3,40777.824275071,40778.966724562,402.935,402.945
-1.0,1,1,40781.109210979,40781.109210979,402.93,402.925
1.0,914,14,40782.16796959,40788.298365144,402.92,402.975
-1.0,1,1,40789.027016735,40789.027016735,402.995,402.98
1.0,277,14,40790.545830079,40793.729614344,402.975,403.025
-1.0,10,1,40794.861902651,40794.861902651,403.01,403.0
1.0,181,2,40795.102846958,40795.102846958,402.99,403.0
-1.0,100,1,40796.775085403,40796.775085403,403.0,402.995
1.0,119,5,40797.688560821,40800.919723652,402.99,403.025
-1.0,292,9,40802.084117601,40802.461440565,403.025,402.98
1.0,196,5,40803.430264757,40803.887317634,402.98,403.0
-1.0,264,10,40804.716944886,40805.85051633,402.975,402.96
1.0,38,1,40806.321239115,40806.321239115,402.96,402.96
-1.0,100,1,40810.394602952,40810.394602952,402.985,402.98
1.0,95,3,40811.642977743,40811.642977743,402.985,402.99
-1.0,5,1,40812.573519357,40812.573519357,402.99,402.98
1.0,272,7,40813.386425425,40816.8816013,402.99,403.045
-1.0,291,1,40817.675798027,40817.675798027,403.055,403.055
1.0,1223,25,40819.521279576,40821.817671156,403.06,403.195
-1.0,329,7,40821.925317247,40824.281214199,403.225,403.135
1.0,101,3,40825.439421206,40825.878908223,403.135,403.16
-1.0,282,7,40827.005020205,40829.659247151,403.155,403.08
1.0,2,1,40830.608715991,40830.608715991,403.08,403.085
-1.0,612,10,40832.284988109,40836.648857671,403.13,403.005
1.0,258,6,40836.948391577,40841.248573785,402.99,403.02
-1.0,100,2,40842.773414152,40842.773456057,403.015,403.01
1.0,62,3,40843.234512854,40843.234540097,403.005,403.015
-1.0,9,2,40845.211248617,40847.946071478,403.0,402.99
1.0,317,7,40848.260883567,40855.482353723,402.975,403.045
-1.0,288,5,40859.095863865,40865.09749783,403.095,403.01
1.0,212,2,40867.359425136,40867.359973836,403.01,403.04
-1.0,10,1,40867.927364056,40867.927364056,403.055,403.055
1.0,10,1,40868.131993799,40868.131993799,403.045,403.05
-1.0,100,1,40871.367443358,40871.367443358,403.095,403.08
1.0,100,1,40871.37869734,40871.37869734,403.07,403.08
-1.0,111,4,40872.411260763,40873.650405185,403.09,403.07
1.0,1951,12,40878.037412787,40881.344962165,403.07,403.15
-1.0,100,1,40883.261198067,40883.261198067,403.16,403.15
1.0,121,4,40885.239757103,40885.254031794,403.145,403.18
-1.0,25,1,40885.256350723,40885.256350723,403.225,403.225
1.0,230,3,40885.268132407,40885.288041677,403.23,403.245
-1.0,100,1,40889.909600856,40889.909600856,403.26,403.255
1.0,11,2,40894.100694163,40894.242609934,403.26,403.285
-1.0,316,8,40894.531966661,40896.854917257,403.285,403.235
1.0,379,12,40897.930535597,40903.755576133,403.22,403.34
-1.0,109,2,40906.072173412,40906.214095751,403.365,403.35
1.0,674,12,40907.101542838,40908.100692117,403.36,403.445
-1.0,102,3,40908.649162634,40912.721509339,403.445,403.465
1.0,50,2,40912.766575083,40912.872126626,403.46,403.48
-1.0,1,1,40913.531455691,40913.531455691,403.485,403.485
1.0,675,21,40913.758275828,40922.027838457,403.485,403.6
-1.0,425,12,40924.589564457,40925.979985367,403.625,403.585
1.0,57,3,40926.069350765,40926.840856477,403.585,403.6
-1.0,43,1,40926.864146827,40926.864146827,403.61,403.61
1.0,306,6,40928.790171708,40930.188268707,403.62,403.645
-1.0,279,7,40930.596580936,40930.59735831,403.645,403.63
1.0,12,1,40932.10190111,40932.10190111,403.64,403.65
-1.0,206,4,40933.397910658,40933.397910658,403.65,403.645
1.0,687,9,40933.838889178,40935.686316794,403.645,403.72
-1.0,5,1,40936.300555836,40936.300555836,403.73,403.72
1.0,20,3,40936.325711373,40936.32662916,403.72,403.745
-1.0,1,1,40938.818676258,40938.818676258,403.76,403.745
1.0,107,3,40939.819801847,40939.941287414,403.725,403.745
-1.0,166,4,40941.565284061,40941.565323055,403.755,403.75
1.0,1019,4,40942.1158611,40942.136112776,403.76,403.81
-1.0,102,3,40942.283685408,40942.808310941,403.82,403.79
1.0,11,2,40944.379767941,40944.379767941,403.795,403.8
-1.0,5229,14,40944.379797173,40945.283995582,403.825,403.765
1.0,210,7,40945.997769386,40948.458145481,403.77,403.81
-1.0,4,3,40948.650111994,40950.820467743,403.83,403.835
1.0,1022,20,40951.798090123,40958.572292283,403.835,403.94
-1.0,218,7,40959.223230091,40959.223271558,403.94,403.935
1.0,110,2,40960.83743387,40960.837520361,403.93,403.95
-1.0,4,1,40960.839884481,40960.839884481,403.96,403.95
1.0,100,1,40961.712736646,40961.712736646,403.96,403.96
-1.0,369,11,40963.707504786,40965.425756694,403.965,403.92
1.0,100,1,40965.425779088,40965.425779088,403.915,403.92
-1.0,624,14,40965.425814383,40965.970348139,403.92,403.86
1.0,227,4,40966.131137739,40968.088526147,403.875,403.9
-1.0,100,1,40970.182448861,40970.182448861,403.9,403.895
1.0,339,6,40971.565190332,40973.401790849,403.895,403.935
-1.0,288,10,40973.401813063,40974.042011494,403.955,403.895
1.0,1,1,40975.655113512,40975.655113512,403.92,403.92
-1.0,351,6,40980.841329065,40980.841352352,403.925,403.91
1.0,283,6,40981.488351741,40981.488354322,403.885,403.895
-1.0,797,13,40982.571112937,40985.452604891,403.89,403.785
1.0,377,8,40986.042289782,40986.79553335,403.775,403.81
-1.0,16,1,40988.067772923,40988.067772923,403.82,403.82
1.0,100,1,40988.624026928,40988.624026928,403.83,403.84
-1.0,150,3,40989.067855635,40989.067941355,403.855,403.85
1.0,100,1,40989.602701986,40989.602701986,403.85,403.855
-1.0,1,1,40989.625377777,40989.625377777,403.88,403.88
1.0,355,2,40990.090550566,40990.216634433,403.88,403.885
-1.0,100,1,40990.216673821,40990.216673821,403.89,403.885
1.0,556,6,40990.451963697,40991.050970966,403.865,403.93
-1.0,100,1,40991.05542763,40991.05542763,403.945,403.94
1.0,5,1,40991.283090748,40991.283090748,403.935,403.935
-1.0,977,23,40993.481323277,41000.167400921,403.94,403.82
1.0,222,3,41002.419119683,41002.41914791,403.82,403.825
-1.0,111,5,41003.802623218,41003.814936961,403.82,403.79
1.0,370,7,41003.981455112,41003.981537944,403.785,403.8
-1.0,363,9,41005.812894967,41008.429454913,403.78,403.71
1.0,432,9,41018.101810376,41019.253670678,403.71,403.82
-1.0,810,10,41019.323347517,41019.33045527,403.835,403.77
1.0,3,2,41019.330572063,41019.330599834,403.735,403.76
-1.0,205,9,41019.330932171,41026.956058527,403.775,403.78
1.0,1,1,41031.3054901,41031.3054901,403.745,403.755
-1.0,2,2,41032.219186742,41032.641743433,403.765,403.765
1.0,211,6,41036.464896016,41040.075035671,403.79,403.85
-1.0,302,10,41043.256593954,41044.369220222,403.855,403.775
1.0,290,5,41045.422173604,41045.546247707,403.75,403.79
-1.0,1,1,41048.094422519,41048.094422519,403.8,403.785
1.0,3,1,41051.441287381,41051.441287381,403.76,403.77
-1.0,109,7,41051.546606805,41051.546881409,403.77,403.745
1.0,54,4,41052.129408062,41061.837595297,403.75,403.76
-1.0,14,1,41062.427000489,41062.427000489,403.765,403.765
1.0,130,2,41063.209878322,41063.209878322,403.765,403.775
-1.0,450,8,41067.284742199,41067.30148034,403.845,403.815
1.0,506,6,41068.176057547,41070.346871872,403.795,403.81
-1.0,212,7,41075.496914564,41077.021986112,403.82,403.75
1.0,205,5,41077.023969722,41078.191568772,403.74,403.795
-1.0,226,6,41080.021259257,41081.780495171,403.755,403.74
1.0,91,2,41083.29456073,41083.2948243,403.755,403.765
-1.0,358,10,41087.269357763,41095.326253348,403.76,403.695
1.0,415,11,41096.50559411,41104.193313469,403.72,403.855
-1.0,404,9,41105.187725599,41108.927726732,403.87,403.845
1.0,410,5,41108.9284834,41108.928502272,403.825,403.835
-1.0,105,3,41109.229981612,41109.230020907,403.835,403.83
1.0,42,1,41109.909634253,41109.909634253,403.82,403.825
-1.0,104,3,41111.969629292,41112.831107985,403.835,403.75
1.0,634,7,41113.458934747,41117.371361262,403.75,403.815
-1.0,119,4,41117.864732392,41122.267373496,403.8,403.745
1.0,390,5,41122.267725958,41122.267824283,403.735,403.745
-1.0,264,4,41122.267947499,41122.268439735,403.76,403.755
1.0,18,1,41122.270153898,41122.270153898,403.74,403.755
-1.0,108,5,41126.041314902,41126.061076421,403.71,403.68
1.0,10,1,41128.11096052,41128.11096052,403.685,403.685
-1.0,72,6,41129.784723469,41130.38891941,403.685,403.66
1.0,425,9,41130.637792465,41130.810575286,403.655,403.68
-1.0,37,3,41137.121276381,41137.214250523,403.71,403.675
1.0,296,13,41137.626083366,41141.473440998,403.665,403.74
-1.0,100,2,41142.060512542,41142.060533909,403.79,403.78
1.0,236,5,41146.709960739,41146.709960739,403.795,403.805
-1.0,700,11,41146.738105825,41149.467220087,403.81,403.72
1.0,92,2,41149.882272907,41149.882272907,403.72,403.72
-1.0,1483,16,41150.554736072,41153.767203119,403.715,403.645
1.0,162,3,41154.259254628,41154.259292347,403.65,403.66
-1.0,579,10,41154.259454095,41157.264909822,403.67,403.595
1.0,1009,11,41157.715882946,41159.947468775,403.58,403.625
-1.0,14,1,41162.416981292,41162.416981292,403.6,403.6
1.0,225,4,41164.65616362,41165.374767437,403.61,403.67
-1.0,137,4,41167.805247513,41168.442870734,403.68,403.65
1.0,320,6,41168.452184792,41168.797220693,403.625,403.645
-1.0,283,4,41168.798036999,41168.801352594,403.665,403.655
1.0,488,7,41169.671554602,41172.27653221,403.66,403.72
-1.0,138,5,41173.451877723,41173.452043183,403.76,403.745
1.0,323,8,41173.826086448,41174.643384341,403.755,403.845
-1.0,230,5,41177.183327752,41181.862437185,403.85,403.795
1.0,11,1,41182.543225983,41182.543225983,403.795,403.8
-1.0,200,4,41183.017422052,41185.434442224,403.845,403.825
1.0,20,5,41185.99306362,41190.0794711,403.825,403.845
-1.0,226,9,41190.741593534,41194.121823732,403.84,403.775
1.0,7,3,41195.874664846,41195.874664846,403.73,403.73
-1.0,92,2,41196.674245534,41196.674286257,403.74,403.73
1.0,45,6,41198.58369688,41199.735066212,403.755,403.795
-1.0,15,1,41202.897506871,41202.897506871,403.79,403.79
1.0,187,10,41203.791993708,41206.233675734,403.78,403.83
-1.0,4,1,41208.363830457,41208.363830457,403.805,403.795
1.0,31,2,41210.148693267,41210.148693267,403.775,403.775
-1.0,122,5,41211.14839056,41212.01799969,403.775,403.74
1.0,115,3,41212.307427846,41212.307779691,403.745,403.765
-1.0,297,11,41215.532040453,41218.345685731,403.76,403.715
1.0,100,1,41218.590945568,41218.590945568,403.71,403.73
-1.0,109,3,41220.094454559,41222.749228951,403.72,403.7
1.0,756,12,41223.9739439,41223.983576828,403.71,403.755
-1.0,1,1,41225.480761067,41225.480761067,403.76,403.75
1.0,194,5,41230.174295577,41234.010072163,403.745,403.8
-1.0,2,1,41237.380654963,41237.380654963,403.795,403.785
1.0,249,15,41239.647813545,41248.017078794,403.79,403.88
-1.0,111,4,41248.018163086,41251.051689464,403.895,403.825
1.0,48,6,41251.702494526,41252.044063255,403.81,403.86
-1.0,108,2,41254.828120493,41255.17760761,403.82,403.78
1.0,168,4,41256.954436997,41264.877677846,403.815,403.87
-1.0,3,2,41265.12782667,41265.417014589,403.87,403.85
1.0,240,3,41267.785507425,41267.785507425,403.815,403.83
-1.0,260,1,41267.785852962,41267.785852962,403.855,403.84
1.0,460,5,41269.585950141,41269.586238467,403.835,403.85
-1.0,114,5,41269.977220678,41270.682471162,403.855,403.805
1.0,11,5,41271.19379293,41274.870516079,403.805,403.815
-1.0,622,18,41280.009858038,41289.568383391,403.83,403.735
1.0,19,2,41290.885652455,41290.885656752,403.74,403.755
-1.0,110,2,41291.810526213,41291.810957672,403.775,403.76
1.0,139,4,41292.60870645,41292.60870645,403.77,403.785
-1.0,1,1,41293.581766865,41293.581766865,403.82,403.805
1.0,10,1,41296.958319626,41296.958319626,403.795,403.8
-1.0,71,6,41301.183448736,41305.630560716,403.795,403.785
1.0,10,1,41306.424532056,41306.424532056,403.755,403.755
-1.0,628,16,41306.425423052,41311.44778443,403.76,403.665
1.0,1040,17,41312.981403797,41317.783326563,403.655,403.745
-1.0,5,1,41319.145053222,41319.145053222,403.75,403.745
1.0,213,6,41319.145100597,41325.94694467,403.745,403.775
-1.0,18,1,41326.031045537,41326.031045537,403.785,403.785
1.0,3,1,41326.031088351,41326.031088351,403.785,403.785
-1.0,40,1,41326.031096732,41326.031096732,403.785,403.78
1.0,11,2,41328.584669741,41329.060786654,403.74,403.77
-1.0,312,9,41330.051863995,41330.475519994,403.755,403.695
1.0,20,6,41330.48751132,41335.077514587,403.69,403.74
-1.0,48,1,41336.97364293,41336.97364293,403.69,403.69
1.0,113,4,41338.109513275,41344.470526934,403.685,403.73
-1.0,313,10,41347.050232648,41347.955021069,403.705,403.725
1.0,10,1,41350.533744993,41350.533744993,403.71,403.72
-1.0,53,2,41352.020381884,41353.375748194,403.75,403.725
1.0,2,2,41353.615240898,41354.409474823,403.715,403.765
-1.0,11,3,41357.031264864,41359.964308827,403.77,403.735
1.0,120,4,41359.97570495,41360.043063431,403.72,403.74
-1.0,100,2,41360.089418815,41360.089499292,403.74,403.735
1.0,162,3,41361.214354422,41361.214385153,403.735,403.75
-1.0,3,2,41364.007045493,41364.007045493,403.75,403.74
1.0,82,6,41364.084405869,41367.248434516,403.735,403.775
-1.0,73,3,41369.527142916,41369.527220644,403.765,403.755
1.0,21,1,41369.600957065,41369.600957065,403.74,403.745
-1.0,4,1,41371.661247979,41371.661247979,403.75,403.75
1.0,533,11,41372.945400911,41376.08118778,403.765,403.835
-1.0,101,2,41376.099061935,41376.099061935,403.835,403.83
1.0,380,13,41376.109127502,41380.480693724,403.82,403.875
-1.0,205,4,41383.99199428,41383.992247372,403.85,403.835
1.0,127,6,41384.123129301,41389.2313859,403.84,403.885
-1.0,255,6,41389.330378768,41389.401225547,403.895,403.88
1.0,1266,22,41390.293775012,41393.21282631,403.885,403.93
-1.0,28,2,41393.375166911,41393.375166911,403.925,403.92
1.0,295,7,41393.71354027,41394.670416315,403.905,403.93
-1.0,157,4,41396.816332263,41397.023487174,403.91,403.875
1.0,1422,19,41397.71646964,41402.143356957,403.86,403.945
-1.0,105,3,41402.725994807,41403.619284888,403.935,403.925
1.0,147,4,41403.646327408,41403.794477633,403.905,403.91
-1.0,1,1,41404.003903463,41404.003903463,403.91,403.91
1.0,3344,33,41405.367717996,41407.431579231,403.915,403.96
-1.0,229,5,41408.132835615,41409.658024913,403.97,403.92
1.0,19,2,41410.359179552,41410.359708634,403.92,403.93
-1.0,20,1,41411.345967577,41411.345967577,403.935,403.935
1.0,50,1,41413.223150325,41413.223150325,403.945,403.95
-1.0,150,3,41415.924293418,41415.933251758,403.97,403.955
1.0,1283,35,41415.933695029,41417.478346697,403.95,404.055
-1.0,13,1,41417.482819558,41417.482819558,404.055,404.055
1.0,438,9,41417.552052395,41417.553584676,404.055,404.09
-1.0,106,5,41417.553917444,41417.557231332,404.085,404.045
1.0,117,6,41417.593202763,41418.729610179,404.045,404.02
-1.0,2,1,41418.72963399,41418.72963399,404.045,404.02
1.0,520,11,41419.748762968,41422.482885512,404.02,404.09
-1.0,483,11,41422.894992602,41424.242044255,404.1,404.015
1.0,20,1,41424.384875626,41424.384875626,404.005,404.01
-1.0,60,6,41424.695899831,41426.625878092,404.0,403.955
1.0,136,4,41426.626684476,41429.615452313,403.95,403.99
-1.0,251,6,41430.695346076,41433.661929557,403.975,403.93
1.0,25,2,41434.581059738,41434.581059738,403.93,403.935
-1.0,100,1,41435.607020822,41435.607020822,403.965,403.96
1.0,8,1,41437.491271315,41437.491271315,403.96,403.965
-1.0,102,2,41438.67603864,41440.469710934,403.955,403.925
1.0,515,11,41441.824778319,41444.286362058,403.935,404.01
-1.0,160,3,41445.054876329,41445.286112279,404.06,404.04
1.0,20,2,41446.964494358,41447.166916118,404.01,404.03
-1.0,293,7,41449.997791651,41451.271534468,403.98,403.95
1.0,126,6,41451.3795785,41452.727047247,403.945,403.965
-1.0,79,1,41452.727068498,41452.727068498,403.985,403.965
1.0,94,3,41452.755209584,41454.978018923,403.98,403.98
-1.0,300,4,41456.607885372,41456.608008985,403.99,403.97
1.0,737,18,41456.642282259,41461.630424532,403.95,404.055
-1.0,23,2,41461.633789342,41461.633832637,404.08,404.08
1.0,6,1,41462.56890893,41462.56890893,404.075,404.08
-1.0,324,13,41463.81076692,41466.868408683,404.11,403.985
1.0,227,5,41469.635211911,41470.49950676,403.98,404.02
-1.0,105,3,41470.709679786,41475.948313173,404.02,404.0
1.0,50,1,41475.987360897,41475.987360897,403.985,403.99
-1.0,1701,4,41478.244389678,41479.215934985,404.025,403.97
1.0,100,1,41479.643501744,41479.643501744,403.93,403.935
-1.0,3,1,41480.975415115,41480.975415115,403.935,403.925
1.0,111,4,41481.681699477,41481.976030861,403.925,403.925
-1.0,218,6,41484.057180432,41486.064046857,403.92,403.89
1.0,423,9,41487.692367654,41497.463190694,403.89,403.965
-1.0,1510,31,41499.818900392,41506.001318143,403.96,403.85
1.0,2849,18,41506.001414454,41506.076922393,403.835,403.85
-1.0,700,8,41508.847902234,41509.799408577,403.84,403.77
1.0,240,4,41511.479763888,41511.479768927,403.755,403.76
-1.0,171,6,41512.84025283,41514.960085282,403.77,403.71
1.0,364,4,41515.58353619,41518.432921683,403.725,403.755
-1.0,250,3,41518.449367909,41518.449367909,403.755,403.74
1.0,597,14,41518.510228681,41531.582630407,403.735,403.83
-1.0,5,2,41534.158752271,41534.158752271,403.83,403.82
1.0,21,1,41535.653489809,41535.653489809,403.795,403.805
-1.0,54,2,41540.096179781,41540.097518582,403.815,403.795
1.0,100,1,41540.098416762,41540.098416762,403.79,403.795
-1.0,366,9,41540.942044868,41545.431379547,403.81,403.715
1.0,714,15,41545.526971058,41551.928827912,403.71,403.86
-1.0,237,9,41553.004998332,41557.622382838,403.915,403.88
1.0,265,7,41559.714797376,41565.26657585,403.87,403.89
-1.0,520,18,41565.475173795,41577.850352843,403.905,403.75
1.0,259,5,41578.219960634,41579.613459675,403.725,403.775
-1.0,100,1,41581.44604294,41581.44604294,403.815,403.81
1.0,6,1,41585.564832174,41585.564832174,403.855,403.865
-1.0,115,6,41585.882477987,41587.419226855,403.89,403.88
1.0,71,4,41587.419889809,41587.420417759,403.87,403.885
-1.0,100,1,41588.038774803,41588.038774803,403.915,403.91
1.0,477,14,41589.866300282,41591.13847,403.96,404.03
-1.0,150,3,41591.139226647,41591.159712715,404.015,403.99
1.0,130,3,41591.159759892,41591.16225824,403.975,404.0
-1.0,100,1,41591.261082112,41591.261082112,404.01,404.005
1.0,3,1,41594.341791848,41594.341791848,403.99,404.005
-1.0,100,1,41595.499167735,41595.499167735,403.995,403.98
1.0,317,9,41597.04241663,41598.566106119,403.985,404.05
-1.0,100,1,41599.543285663,41599.543285663,404.065,404.06
1.0,482,10,41602.89750657,41604.100455875,404.065,404.12
-1.0,5,2,41604.54632472,41604.54632472,404.12,404.115
1.0,293,8,41607.86176356,41609.267448812,404.105,404.155
-1.0,2497,47,41610.108678064,41619.472327698,404.155,403.915
1.0,233,5,41619.565887315,41620.357757382,403.925,403.95
-1.0,270,4,41622.51503933,41624.725282721,403.985,403.96
1.0,170,3,41626.914185784,41627.198774951,403.965,404.0
-1.0,4,1,41627.199562121,41627.199562121,404.015,404.005
1.0,4368,19,41627.199562121,41627.251486185,404.005,404.025
-1.0,55,3,41628.170521717,41629.817409587,404.025,403.97
1.0,141,6,41636.260892527,41636.260919479,403.955,403.965
-1.0,358,12,41638.370320133,41652.435816998,403.99,403.925
1.0,315,7,41654.267812417,41654.267857801,403.94,403.95
-1.0,126,4,41656.317127559,41656.317615143,403.995,403.965
1.0,60,2,41656.318844588,41656.318844588,403.95,403.955
-1.0,64,1,41656.320536619,41656.320536619,403.975,403.96
1.0,170,5,41658.310731319,41658.311273121,404.015,404.035
-1.0,104,5,41658.311309283,41658.311351405,404.04,404.04
1.0,194,4,41658.311455246,41658.870907932,404.035,404.055
-1.0,419,9,41659.492924747,41663.003242579,404.08,403.97
1.0,392,10,41664.196910465,41671.296171164,403.985,404.06
-1.0,150,3,41671.32053401,41671.320546778,404.065,404.06
1.0,180,5,41671.470399869,41677.138480837,404.06,404.085
-1.0,107,3,41678.394257006,41678.394257006,404.065,404.06
1.0,183,3,41678.394337871,41678.394420824,404.04,404.045
-1.0,104,2,41678.404343309,41678.404343309,404.045,404.04
1.0,13,2,41678.404440476,41678.464199646,404.035,404.06
-1.0,642,14,41678.588744826,41683.525394282,404.06,403.985
1.0,251,6,41683.989579952,41685.437942437,403.985,404.035
-1.0,177,6,41685.863309616,41688.682141492,404.06,404.005
1.0,32,3,41690.664479119,41690.664517471,404.015,404.03
-1.0,4,2,41693.9798372,41693.980095206,404.05,404.04
1.0,442,11,41697.870457697,41701.668053524,404.01,404.07
-1.0,894,18,41707.797464301,41708.49395803,404.035,403.96
1.0,214,5,41708.532234475,41708.892307991,403.955,403.98
-1.0,50,1,41716.309459218,41716.309459218,404.01,404.005
1.0,79,3,41719.266097065,41720.12379383,403.99,404.02
-1.0,21,2,41720.355204974,41720.355265959,404.015,404.005
1.0,4,1,41720.715240693,41720.715240693,403.99,404.005
-1.0,102,2,41721.061265897,41721.061265897,403.985,403.97
1.0,51,2,41721.062413883,41721.062949171,403.955,403.975
-1.0,425,13,41722.429480337,41722.951726222,403.97,403.885
1.0,150,2,41722.958315004,41722.958315004,403.885,403.89
-1.0,947,24,41722.958620516,41729.938904093,403.91,403.775
1.0,291,5,41730.789271652,41730.824720943,403.775,403.82
-1.0,10,1,41731.594893008,41731.594893008,403.83,403.82
1.0,372,11,41740.647228786,41743.200345297,403.805,403.855
-1.0,114,4,41750.472353487,41750.476268107,403.86,403.825
1.0,2,2,41752.422195471,41752.422226677,403.825,403.83
-1.0,257,4,41753.955845934,41758.441045869,403.82,403.74
1.0,58,1,41758.447574855,41758.447574855,403.73,403.73
-1.0,521,10,41758.447836102,41761.35733107,403.74,403.66
1.0,61,3,41761.412872545,41761.946180212,403.66,403.695
-1.0,127,6,41766.228998089,41766.229662452,403.685,403.66
1.0,1095,19,41766.230157474,41773.513442791,403.65,403.83
-1.0,164,7,41773.513794077,41780.69624198,403.855,403.795
1.0,216,3,41780.741733439,41782.306301197,403.78,403.81
-1.0,54,2,41783.942537953,41785.174400253,403.845,403.845
1.0,55,1,41785.174421926,41785.174421926,403.83,403.845
-1.0,159,5,41785.554733867,41788.258303347,403.83,403.77
1.0,10,1,41788.542216078,41788.542216078,403.77,403.775
-1.0,327,10,41790.620965262,41793.840991576,403.77,403.71
1.0,23,1,41793.84135175,41793.84135175,403.695,403.695
-1.0,2,1,41793.843223671,41793.843223671,403.69,403.68
1.0,277,7,41793.845082582,41795.179492651,403.675,403.69
-1.0,202,4,41796.147779947,41800.27929686,403.74,403.705
1.0,50,1,41800.279635701,41800.279635701,403.715,403.725
-1.0,200,2,41800.279960855,41800.280287476,403.725,403.705
1.0,201,5,41801.186238707,41804.28446643,403.73,403.75
-1.0,1,1,41806.302519221,41806.302519221,403.745,403.73
1.0,312,4,41808.29105395,41811.673344699,403.735,403.78
-1.0,202,5,41811.675420427,41812.352532717,403.79,403.75
1.0,10,1,41816.425682437,41816.425682437,403.74,403.75
-1.0,151,4,41818.423275102,41818.423297428,403.735,403.72
1.0,38,1,41818.423454335,41818.423454335,403.705,403.705
-1.0,627,8,41819.107181173,41822.975706531,403.705,403.65
1.0,471,12,41823.092127011,41827.650220894,403.645,403.77
-1.0,1,1,41827.980586595,41827.980586595,403.77,403.77
1.0,22,2,41828.606234433,41832.096625462,403.78,403.775
-1.0,361,9,41832.60705501,41838.082591503,403.785,403.745
1.0,100,1,41838.082605134,41838.082605134,403.745,403.755
-1.0,117,3,41838.082614241,41838.082614241,403.755,403.75
1.0,710,17,41839.719146685,41844.65116933,403.73,403.895
-1.0,1513,13,41849.216874445,41849.83514938,403.865,403.815
1.0,302,4,41849.995209126,41849.995240676,403.815,403.825
-1.0,3574,11,41850.245301134,41850.245431927,403.835,403.79
1.0,232,6,41850.914380576,41858.304326798,403.79,403.815
-1.0,380,8,41858.349730655,41863.514127965,403.825,403.78
1.0,121,4,41863.560234134,41863.997602549,403.785,403.825
-1.0,197,5,41864.009620206,41867.024066236,403.825,403.795
1.0,96,4,41867.871499551,41867.871576947,403.81,403.83
-1.0,250,3,41868.207484967,41868.530660678,403.83,403.8
1.0,366,5,41868.582926179,41876.781445391,403.8,403.88
-1.0,575,7,41877.227156155,41883.66509779,403.895,403.79
1.0,371,14,41887.207093452,41902.670014586,403.785,403.925
-1.0,61,1,41902.670037104,41902.670037104,403.94,403.93
1.0,11,4,41908.493628256,41911.349299872,403.935,403.995
-1.0,368,11,41911.349773729,41912.151861811,404.015,403.94
1.0,52,2,41912.226224673,41912.228401625,403.935,403.95
-1.0,150,3,41912.253944768,41912.253971512,403.945,403.94
1.0,18,3,41915.265757212,41920.195017296,403.935,403.98
-1.0,107,5,41922.695368164,41922.696369255,403.98,403.945
1.0,216,6,41939.399145152,41939.400274038,403.965,403.995
-1.0,233,8,41944.505951484,41947.850172864,403.98,403.94
1.0,100,1,41948.527199289,41948.527199289,403.93,403.935
-1.0,1011,3,41949.662666435,41949.663290095,403.94,403.925
1.0,100,1,41953.949100662,41953.949100662,403.945,403.955
-1.0,190,4,41956.567812146,41956.567812146,403.99,403.985
1.0,175,5,41961.843795216,41968.009694157,403.945,403.98
-1.0,342,12,41969.589814419,41980.114149531,404.0,403.94
1.0,405,12,41981.704041595,41983.385276459,403.945,404.01
-1.0,106,3,41983.666121097,41985.015508858,404.015,404.01
1.0,3,2,41985.01786365,41985.01786365,404.0,404.01
-1.0,41,1,41985.1248269,41985.1248269,404.015,404.015
1.0,5,1,41985.61282575,41985.61282575,404.02,404.03
-1.0,100,1,41986.921796953,41986.921796953,404.035,404.03
1.0,363,9,41986.922067107,41990.387998276,404.01,404.025
-1.0,158,5,41991.7552571,41997.012522308,404.03,403.99
1.0,109,3,41997.435168269,41997.924998777,403.985,404.03
-1.0,250,3,41997.926811874,41997.927082342,404.035,404.02
1.0,610,10,41997.927270595,41998.772271606,404.005,404.055
-1.0,121,2,41998.772307948,41998.773002102,404.07,404.055
1.0,100,1,41998.7790708,41998.7790708,404.045,404.05
-1.0,30,1,41999.033019657,41999.033019657,404.045,404.04
1.0,262,7,41999.753935374,42000.645209155,404.04,404.06
-1.0,265,1,42000.645664891,42000.645664891,404.075,404.06
1.0,327,8,42000.646112684,42000.647526774,404.06,404.09
-1.0,10,1,42000.653763587,42000.653763587,404.11,404.09
1.0,100,2,42000.654226578,42000.654975383,404.07,404.095
-1.0,220,3,42000.677177209,42000.706961572,404.085,404.06
1.0,125,7,42000.707386173,42000.749943524,404.055,404.07
-1.0,100,1,42000.800075508,42000.800075508,404.065,404.055
1.0,110,2,42000.857900345,42000.857900345,404.07,404.075
-1.0,13,1,42000.927135771,42000.927135771,404.085,404.085
1.0,1,1,42001.286872359,42001.286872359,404.08,404.09
-1.0,139,1,42001.640944858,42001.640944858,404.1,404.09
1.0,2,1,42002.204688195,42002.204688195,404.085,404.085
-1.0,40,4,42002.86379555,42002.86379555,404.075,404.07
1.0,125,3,42002.867952119,42002.867952119,404.075,404.08
-1.0,252,4,42002.973974318,42003.536249132,404.095,404.06
1.0,29,1,42004.323450212,42004.323450212,404.05,404.05
-1.0,243,7,42006.714501806,42007.616441073,404.045,404.01
1.0,338,10,42007.676168113,42010.110104538,404.015,404.075
-1.0,1,1,42013.689979111,42013.689979111,404.105,404.095
1.0,32,3,42014.757013857,42016.775883584,404.08,404.105
-1.0,263,9,42019.604728205,42020.982784808,404.1,404.025
1.0,739,25,42024.510321116,42034.671206714,404.035,404.06
-1.0,111,3,42043.915650833,42043.949451345,404.055,404.035
1.0,19,1,42046.15042404,42046.15042404,404.025,404.025
-1.0,26,4,42048.821324768,42048.821324768,404.015,404.01
1.0,335,10,42049.512222291,42062.051558104,404.01,404.125
-1.0,100,1,42062.052091606,42062.052091606,404.13,404.125
1.0,24,1,42062.517094773,42062.517094773,404.105,404.11
-1.0,13,1,42062.974507371,42062.974507371,404.14,404.14
1.0,23,1,42063.423538043,42063.423538043,404.115,404.125
-1.0,99,1,42063.796210734,42063.796210734,404.135,404.135
1.0,3,1,42064.766023017,42064.766023017,404.135,404.145
-1.0,608,5,42065.423292553,42065.98435561,404.16,404.125
1.0,23,1,42066.036637789,42066.036637789,404.12,404.125
-1.0,131,4,42068.782814533,42068.783087858,404.12,404.09
1.0,259,5,42068.950034682,42069.873721022,404.075,404.085
-1.0,347,10,42073.307441376,42077.520790207,404.055,404.025
1.0,21,1,42077.564934796,42077.564934796,404.02,404.03
-1.0,271,8,42079.040287666,42079.040416499,404.015,404.005
1.0,143,5,42080.665788132,42080.665788132,403.995,404.01
-1.0,146,10,42082.82006573,42093.349020551,404.015,403.935
1.0,39,1,42096.191921449,42096.191921449,403.905,403.91
-1.0,533,17,42096.232909825,42096.507371023,403.91,403.84
1.0,4752,5,42096.508874567,42096.508931198,403.825,403.84
-1.0,275,6,42096.508931198,42096.775982768,403.84,403.845
1.0,256,3,42097.845473318,42097.845572021,403.84,403.86
-1.0,246,10,42098.32172484,42107.467099002,403.86,403.825
1.0,105,2,42109.160152496,42109.160152496,403.86,403.865
-1.0,10,1,42111.086057404,42111.086057404,403.885,403.875
1.0,57,2,42114.204757836,42114.204757836,403.86,403.865
-1.0,270,6,42116.426750922,42117.17714114,403.895,403.84
1.0,61,3,42120.626486112,42122.970368515,403.875,403.91
-1.0,52,2,42123.275759646,42123.275759646,403.92,403.91
1.0,252,6,42123.709961124,42123.71033437,403.915,403.95
-1.0,100,1,42131.900462699,42131.900462699,403.92,403.91
1.0,166,7,42134.323667772,42144.192049864,403.9,403.945
-1.0,169,6,42144.966857896,42151.111863634,403.95,403.91
1.0,80,1,42151.112042591,42151.112042591,403.905,403.905
-1.0,282,10,42151.117265679,42151.216398202,403.9,403.835
1.0,1,1,42151.218269906,42151.218269906,403.835,403.835
-1.0,1,1,42151.301158023,42151.301158023,403.855,403.845
1.0,5,1,42151.460324589,42151.460324589,403.83,403.835
-1.0,1570,26,42152.114248584,42154.036479921,403.84,403.72
1.0,21,2,42154.042233357,42154.242081296,403.715,403.715
-1.0,150,2,42154.367183676,42156.185433128,403.715,403.69
1.0,7,1,42156.689642971,42156.689642971,403.68,403.68
-1.0,400,4,42159.333425561,42159.499264956,403.68,403.66
1.0,455,5,42159.499289587,42159.63560823,403.645,403.64
-1.0,149,5,42159.857689098,42159.996567938,403.64,403.625
1.0,393,5,42160.354342996,42160.8573836,403.615,403.645
-1.0,100,1,42162.095139762,42162.095139762,403.675,403.67
1.0,368,8,42166.206043045,42166.603957359,403.635,403.735
-1.0,10,1,42171.358294263,42171.358294263,403.745,403.735
1.0,778,12,42174.48113724,42174.481223488,403.7,403.735
-1.0,150,2,42175.18720187,42175.517422623,403.725,403.71
1.0,201,3,42175.517468403,42175.8594776,403.7,403.705
-1.0,6,1,42177.508253348,42177.508253348,403.7,403.69
1.0,112,2,42177.995443612,42177.995443612,403.7,403.705
-1.0,120,2,42178.759558047,42179.155059699,403.71,403.685
1.0,110,2,42180.465398723,42180.465831898,403.705,403.73
-1.0,11,2,42182.514452811,42183.402457368,403.76,403.745
1.0,12,2,42185.715302541,42185.715302541,403.735,403.745
-1.0,106,5,42186.585852993,42186.78340445,403.76,403.745
1.0,18,3,42190.270796226,42190.965348076,403.745,403.76
-1.0,1678,25,42190.974825648,42199.180766024,403.79,403.65
1.0,211,6,42200.491652152,42206.639572412,403.65,403.69
-1.0,465,3,42206.669327915,42207.763762049,403.695,403.675
1.0,158,1,42208.428161708,42208.428161708,403.675,403.685
-1.0,384,7,42209.514856693,42212.004454977,403.685,403.675
1.0,142,8,42215.317962214,42216.463181237,403.68,403.715
-1.0,1,1,42217.689778331,42217.689778331,403.72,403.705
1.0,258,8,42223.137355372,42224.193148332,403.71,403.775
-1.0,421,6,42227.614853705,42233.426089931,403.805,403.745
1.0,3,1,42235.302441117,42235.302441117,403.735,403.735
-1.0,601,4,42239.031168877,42239.031956248,403.735,403.695
1.0,1,1,42240.479887721,42240.479887721,403.68,403.685
-1.0,3,1,42242.967228955,42242.967228955,403.7,403.69
1.0,1,1,42247.876245711,42247.876245711,403.645,403.65
-1.0,64,4,42248.361043792,42249.263351421,403.65,403.65
1.0,187,7,42251.003910524,42258.993979742,403.64,403.755
-1.0,17,1,42259.480655922,42259.480655922,403.775,403.775
1.0,30,1,42259.574599859,42259.574599859,403.78,403.785
-1.0,210,5,42266.475038543,42266.475069488,403.815,403.795
1.0,255,8,42267.324119751,42267.399179283,403.775,403.825
-1.0,481,5,42272.776489986,42272.776558923,403.775,403.765
1.0,335,13,42272.970501482,42281.877112996,403.75,403.845
-1.0,505,4,42284.276067929,42286.29519369,403.875,403.85
1.0,213,8,42286.658483259,42293.171854799,403.84,403.885
-1.0,800,8,42294.754197526,42296.601658504,403.885,403.82
1.0,279,11,42299.634089863,42305.42278238,403.795,403.885
-1.0,1362,7,42306.252955142,42307.231776139,403.895,403.835
1.0,100,1,42312.748895128,42312.748895128,403.775,403.78
-1.0,204,4,42316.787531234,42317.346645319,403.775,403.74
1.0,176,5,42318.597380326,42318.710300025,403.74,403.775
-1.0,1,1,42318.884120288,42318.884120288,403.81,403.795
1.0,411,18,42322.839537597,42334.294261721,403.765,403.965
-1.0,80,3,42334.296016473,42334.358784283,403.97,403.935
1.0,44,2,42334.424840734,42334.426090762,403.93,403.93
-1.0,608,6,42339.898154513,42341.446217585,403.93,403.87
1.0,17,4,42343.065024257,42350.469408606,403.875,403.915
-1.0,365,8,42350.659075637,42359.461011487,403.93,403.805
1.0,117,3,42360.117777425,42360.117783314,403.82,403.83
-1.0,162,5,42362.353018516,42365.045651989,403.84,403.805
1.0,1419,11,42372.251453355,42372.251636963,403.775,403.805
-1.0,624,7,42373.049590161,42382.055737973,403.835,403.82
1.0,50,1,42382.063059794,42382.063059794,403.79,403.795
-1.0,7,5,42382.066326105,42382.833720376,403.815,403.765
1.0,181,6,42382.83588024,42384.247846861,403.755,403.795
-1.0,30,7,42387.086314766,42397.820619883,403.8,403.755
1.0,324,19,42401.323176602,42411.100674661,403.77,403.87
-1.0,100,1,42411.32290308,42411.32290308,403.87,403.865
1.0,89,6,42412.561425594,42413.74332851,403.875,403.905
-1.0,110,4,42414.3902139,42417.581399942,403.915,403.89
1.0,34,1,42418.200926569,42418.200926569,403.875,403.89
-1.0,569,10,42421.591684123,42426.744940108,403.9,403.855
1.0,440,8,42428.774356348,42433.278019981,403.85,403.835
-1.0,116,4,42439.906220131,42442.08049822,403.835,403.795
1.0,300,3,42442.080951965,42442.541515997,403.785,403.8
-1.0,2,2,42443.65438147,42446.8454628,403.815,403.805
1.0,301,13,42448.724293058,42455.284599101,403.79,403.89
-1.0,204,3,42457.757883845,42458.393444266,403.915,403.87
1.0,32,2,42460.31670679,42460.31670679,403.865,403.865
-1.0,1,1,42461.96167431,42461.96167431,403.86,403.845
1.0,14,5,42463.023130655,42472.35630635,403.85,403.85
-1.0,1284,22,42473.687036159,42487.454523407,403.855,403.725
1.0,157,3,42487.736608633,42488.267931184,403.73,403.775
-1.0,102,3,42489.967697292,42494.248412033,403.795,403.76
1.0,526,7,42498.572410752,42500.963084432,403.735,403.77
-1.0,131,3,42503.393187121,42505.869765114,403.81,403.76
1.0,266,13,42507.689393052,42507.689629488,403.755,403.775
-1.0,731,14,42510.915594021,42512.371558713,403.8,403.745
1.0,20,1,42516.019259878,42516.019259878,403.75,403.76
-1.0,156,4,42517.458578251,42519.964542284,403.775,403.73
1.0,117,4,42521.606961973,42532.294971028,403.755,403.775
-1.0,366,15,42532.737762642,42539.188061533,403.775,403.71
1.0,10,1,42539.564457511,42539.564457511,403.74,403.745
-1.0,42,1,42542.011864264,42542.011864264,403.74,403.735
1.0,7,1,42542.966788494,42542.966788494,403.735,403.74
-1.0,138,11,42546.256565615,42546.258532746,403.735,403.695
1.0,410,7,42547.580657916,42547.986848223,403.72,403.765
-1.0,901,10,42549.678733318,42552.046208253,403.765,403.705
1.0,10,1,42554.2796749,42554.2796749,403.7,403.705
-1.0,556,10,42555.06794997,42557.720070649,403.7,403.625
1.0,229,3,42557.72341381,42558.518584844,403.615,403.65
-1.0,311,6,42559.948272915,42565.991574028,403.645,403.65
1.0,131,4,42566.184230675,42566.892999961,403.63,403.69
-1.0,107,2,42573.545764087,42573.545764087,403.67,403.665
1.0,21,4,42575.092501722,42575.973283067,403.665,403.715
-1.0,270,8,42581.073591595,42584.469224495,403.705,403.685
1.0,99,2,42586.145790854,42586.581103435,403.68,403.695
-1.0,49,1,42592.341121454,42592.341121454,403.705,403.705
1.0,1199,26,42593.50836256,42605.751228432,403.7,403.855
-1.0,157,4,42606.018184307,42606.057127921,403.86,403.85
1.0,243,7,42606.167441821,42607.023924968,403.85,403.885
-1.0,1,1,42607.10162656,42607.10162656,403.885,403.885
1.0,238,4,42609.791161819,42610.411582766,403.87,403.89
-1.0,602,4,42611.019015684,42613.543837726,403.89,403.885
1.0,100,1,42613.544535262,42613.544535262,403.895,403.895
-1.0,115,1,42613.544818914,42613.544818914,403.895,403.885
1.0,814,17,42615.297357021,42618.774405059,403.89,403.965
-1.0,600,5,42618.780696639,42620.590218451,403.97,403.93
1.0,100,1,42620.702045062,42620.702045062,403.92,403.93
-1.0,73,5,42621.257351972,42622.514772919,403.92,403.89
1.0,777,15,42624.801668608,42633.00259071,403.905,404.025
-1.0,100,2,42634.179268786,42635.218900238,404.03,404.01
1.0,101,4,42637.908694872,42637.908823267,403.98,403.985
-1.0,3,1,42639.432001906,42639.432001906,404.005,403.995
1.0,154,5,42644.204874677,42644.393052238,403.995,404.005
-1.0,21,2,42646.573569248,42647.419637112,404.02,404.04
1.0,989,16,42649.258391931,42649.349092877,404.035,404.085
-1.0,227,3,42649.38343736,42649.967351034,404.1,404.085
1.0,82,5,42650.214849101,42650.214897289,404.08,404.085
-1.0,153,3,42650.579278891,42650.579613096,404.115,404.1
1.0,331,9,42650.580081803,42653.034602865,404.085,404.13
-1.0,100,2,42653.034749306,42653.034784599,404.135,404.125
1.0,444,11,42653.037054788,42654.969626275,404.12,404.125
-1.0,100,1,42655.127617248,42655.127617248,404.125,404.12
1.0,212,9,42655.540881014,42656.326409672,404.12,404.165
-1.0,565,14,42658.010806414,42661.163230475,404.16,404.115
1.0,145,3,42661.341652239,42661.341674151,404.11,404.115
-1.0,4884,7,42661.814096465,42661.814639328,404.115,404.09
1.0,747,14,42661.828288184,42665.351482925,404.08,404.18
-1.0,88,2,42665.35155076,42665.35155076,404.195,404.195
1.0,111,4,42665.467100636,42665.467100636,404.185,404.19
-1.0,100,1,42665.766977632,42665.766977632,404.215,404.21
1.0,1720,23,42665.982640692,42674.345946159,404.21,404.325
-1.0,100,1,42674.497909873,42674.497909873,404.335,404.33
1.0,170,3,42675.039083278,42675.039083278,404.3,404.305
-1.0,127,4,42675.039129009,42675.039365413,404.33,404.31
1.0,428,9,42675.041525665,42678.616125701,404.31,404.345
-1.0,100,2,42678.679835555,42678.679871505,404.36,404.355
1.0,33,2,42679.128755977,42679.128755977,404.35,404.36
-1.0,1200,7,42679.404466647,42679.904212874,404.355,404.295
1.0,704,15,42679.904835311,42681.9838001,404.265,404.36
-1.0,4,1,42682.192861495,42682.192861495,404.36,404.35
1.0,1,1,42682.19422202,42682.19422202,404.35,404.355
-1.0,2,1,42684.862631263,42684.862631263,404.355,404.345
1.0,220,7,42685.299981588,42695.417502705,404.3,404.28
-1.0,200,3,42695.87731168,42695.87731168,404.28,404.275
1.0,3,2,42695.881423059,42696.006042576,404.265,404.27
-1.0,1485,18,42697.33599344,42702.469352664,404.265,404.115
1.0,265,5,42702.494704817,42704.016993571,404.065,404.145
-1.0,550,4,42706.777948934,42706.781066759,404.175,404.165
1.0,76,1,42708.520730047,42708.520730047,404.17,404.17
-1.0,102,3,42709.672846906,42709.672886018,404.19,404.185
1.0,630,15,42710.85604457,42719.774633201,404.155,404.235
-1.0,265,8,42721.946499835,42728.412344998,404.23,404.165
1.0,136,4,42728.557926496,42728.557957196,404.17,404.18
-1.0,100,1,42731.326254938,42731.326254938,404.22,404.215
1.0,328,4,42731.964179006,42732.919984629,404.215,404.245
-1.0,100,1,42732.968775697,42732.968775697,404.255,404.25
1.0,101,2,42735.835555413,42735.835555413,404.18,404.185
-1.0,400,2,42740.212525831,42740.212547918,404.2,404.19
1.0,32,1,42740.512498917,42740.512498917,404.175,404.185
-1.0,117,2,42740.512581128,42740.742527998,404.19,404.175
1.0,216,6,42742.436048712,42745.895536772,404.21,404.25
-1.0,100,1,42746.549334616,42746.549334616,404.255,404.25
1.0,134,4,42749.057543264,42749.057583748,404.25,404.26
-1.0,105,3,42751.908351609,42751.909506004,404.25,404.22
1.0,10,2,42754.249297875,42754.249297875,404.22,404.23
-1.0,5,1,42758.907131903,42758.907131903,404.235,404.22
1.0,173,6,42759.52607131,42762.609378968,404.21,404.23
-1.0,810,10,42762.824748311,42767.555856925,404.25,404.195
1.0,747,19,42768.017606117,42776.174370112,404.19,404.29
-1.0,142,2,42776.745135181,42777.422017885,404.285,404.255
1.0,125,3,42778.108922771,42778.639501931,404.29,404.335
-1.0,10,1,42778.95964605,42778.95964605,404.375,404.365
1.0,336,6,42779.552846112,42780.917903971,404.355,404.375
-1.0,100,1,42781.477160316,42781.477160316,404.385,404.375
1.0,105,2,42781.646131678,42781.646131678,404.355,404.36
-1.0,20,1,42782.550654011,42782.550654011,404.385,404.375
1.0,110,2,42783.012215483,42785.08130669,404.355,404.365
-1.0,47,1,42785.618348594,42785.618348594,404.385,404.385
1.0,765,9,42789.373004463,42789.548927581,404.385,404.41
-1.0,679,18,42789.551151952,42789.561537537,404.395,404.38
1.0,49,2,42789.87094021,42789.992415816,404.365,404.375
-1.0,50,1,42790.64072184,42790.64072184,404.405,404.395
1.0,83,2,42790.647691927,42790.64801816,404.395,404.395
-1.0,675,8,42790.651134166,42796.650370573,404.4,404.345
1.0,13,1,42797.604069963,42797.604069963,404.36,404.36
-1.0,139,4,42798.68327269,42798.686612829,404.365,404.32
1.0,12,2,42800.179481625,42801.200571319,404.33,404.325
-1.0,521,5,42802.821527956,42803.642937368,404.31,404.255
1.0,619,10,42808.661251374,42809.268847577,404.23,404.27
-1.0,100,2,42809.268884477,42809.269158687,404.29,404.285
1.0,124,3,42809.270595865,42809.862216312,404.275,404.285
-1.0,9,1,42812.690558806,42812.690558806,404.345,404.34
1.0,2,1,42812.691439463,42812.691439463,404.315,404.32
-1.0,100,1,42812.692146408,42812.692146408,404.32,404.315
1.0,273,4,42813.345580348,42817.187476942,404.315,404.36
-1.0,780,6,42819.215916696,42820.211557623,404.365,404.31
1.0,1,1,42820.212432679,42820.212432679,404.28,404.285
-1.0,2,1,42821.489395453,42821.489395453,404.335,404.32
1.0,118,5,42821.490438163,42822.205264573,404.31,404.34
-1.0,24,2,42823.541751348,42823.549730983,404.33,404.325
1.0,100,1,42823.549841518,42823.549841518,404.32,404.335
-1.0,100,1,42823.551019065,42823.551019065,404.345,404.34
1.0,100,3,42826.000105516,42826.006648593,404.36,404.375
-1.0,1482,17,42826.168306295,42828.873637298,404.385,404.305
1.0,193,6,42833.876005081,42834.677555757,404.29,404.3
-1.0,236,8,42838.583595089,42840.012309162,404.305,404.235
1.0,48,2,42840.131308158,42840.141482826,404.235,404.26
-1.0,224,3,42840.142103208,42840.142103208,404.265,404.265
1.0,29,1,42840.486916795,42840.486916795,404.24,404.245
-1.0,100,1,42842.425110666,42842.425110666,404.22,404.215
1.0,137,1,42842.50791678,42842.50791678,404.205,404.215
-1.0,529,7,42842.508235603,42842.709458901,404.22,404.195
1.0,240,4,42842.894913024,42842.894958007,404.19,404.195
-1.0,113,2,42847.19958118,42847.19958118,404.185,404.18
1.0,145,6,42848.411517368,42848.692127519,404.175,404.195
-1.0,948,17,42850.465755172,42853.946375897,404.185,404.09
1.0,50,1,42853.946567139,42853.946567139,404.08,404.085
-1.0,236,4,42853.946652863,42854.100985342,404.09,404.085
1.0,101,2,42855.360569746,42857.395608679,404.08,404.105
-1.0,3,1,42862.852236027,42862.852236027,404.08,404.075
1.0,68,4,42862.875052884,42862.88599405,404.08,404.09
-1.0,660,20,42869.431013764,42874.70376902,404.075,403.945
1.0,1,1,42874.739669548,42874.739669548,403.945,403.95
-1.0,1017,21,42874.753073676,42883.627087616,403.965,403.86
1.0,437,6,42885.062874438,42885.444311604,403.865,403.87
-1.0,1,1,42885.667536894,42885.667536894,403.895,403.895
1.0,1114,20,42890.154435044,42901.220979428,403.89,404.05
-1.0,5,1,42902.468849379,42902.468849379,404.01,403.995
1.0,159,2,42902.468958014,42902.468958014,404.0,404.0
-1.0,101,3,42902.469325311,42902.469910653,404.0,403.975
1.0,160,3,42902.482606941,42902.482606941,403.96,403.965
-1.0,1255,7,42902.482640577,42902.483193648,403.985,403.975
1.0,224,3,42904.196926882,42904.391034459,403.975,404.03
-1.0,352,8,42907.276551258,42910.361638647,404.045,403.935
1.0,104,2,42910.727002021,42913.810866078,403.92,403.92
-1.0,5,1,42913.812324897,42913.812324897,403.95,403.945
1.0,172,5,42923.056151644,42924.249909803,403.945,404.01
-1.0,379,10,42928.070822327,42928.083783087,404.035,403.99
1.0,210,5,42930.222292,42934.537091554,403.985,404.045
-1.0,508,4,42940.374566417,42942.249960242,404.04,404.02
1.0,63,2,42942.250747247,42942.894213353,403.98,403.975
-1.0,19,4,42945.715169083,42945.716412312,403.975,403.95
1.0,288,8,42945.716859723,42954.336141393,403.945,404.045
-1.0,1956,23,42956.551285365,42969.037483444,404.03,403.905
1.0,594,7,42972.194163983,42978.182762221,403.85,403.925
-1.0,419,17,42979.581182428,42987.648380746,403.94,403.805
1.0,112,3,42987.954095512,42990.27858521,403.8,403.84
-1.0,432,3,42998.662639223,42998.662662545,403.88,403.865
1.0,150,4,43002.785461678,43007.32251594,403.825,403.89
-1.0,4,2,43009.574580433,43014.996296353,403.89,403.88
1.0,12,1,43020.674016068,43020.674016068,403.86,403.87
-1.0,219,6,43021.930054017,43025.198119445,403.895,403.875
1.0,1,1,43026.244153975,43026.244153975,403.88,403.885
-1.0,102,8,43027.541514546,43030.507143279,403.905,403.815
1.0,162,2,43030.980815564,43030.980815564,403.825,403.84
-1.0,15,3,43038.072431626,43038.072457799,403.9,403.89
1.0,154,6,43039.538841014,43039.816841761,403.885,403.925
-1.0,4,3,43041.881906706,43041.894977058,403.935,403.91
1.0,11,3,43045.718624002,43051.796829222,403.885,403.94
-1.0,1167,18,43052.032122301,43066.347393286,403.96,403.845
1.0,200,2,43071.496970332,43071.497335249,403.835,403.87
-1.0,92,1,43071.497540187,43071.497540187,403.87,403.87
1.0,243,7,43076.10706976,43080.639444113,403.84,403.88
-1.0,1341,42,43086.257152468,43097.440557124,403.91,403.65
1.0,350,6,43097.440602916,43098.566731862,403.65,403.685
-1.0,50,1,43098.568841574,43098.568841574,403.715,403.705
1.0,9,2,43107.271321297,43107.277989668,403.73,403.745
-1.0,1134,14,43107.515787448,43127.400445398,403.745,403.62
1.0,303,5,43130.071536099,43135.121794241,403.62,403.645
-1.0,140,2,43135.135134355,43135.914205733,403.65,403.62
1.0,100,2,43135.914266938,43135.914304697,403.605,403.615
-1.0,90,3,43135.914453866,43136.578628568,403.615,403.625
1.0,10,1,43139.81485835,43139.81485835,403.62,403.625
-1.0,263,6,43143.631223172,43143.631223172,403.635,403.625
1.0,241,8,43144.055329504,43145.270157173,403.62,403.695
-1.0,100,1,43145.270485532,43145.270485532,403.71,403.695
1.0,16,1,43145.270555192,43145.270555192,403.69,403.69
-1.0,10,1,43145.270933372,43145.270933372,403.705,403.705
1.0,450,10,43148.106281748,43148.107620335,403.7,403.745
-1.0,358,6,43148.108497719,43158.593942388,403.765,403.685
1.0,364,7,43158.968961076,43170.146433134,403.675,403.755
-1.0,102,2,43170.165899019,43170.174387686,403.75,403.75
1.0,106,6,43170.928179394,43175.570908973,403.76,403.83
-1.0,579,11,43176.785975529,43184.575925438,403.855,403.795
1.0,10,2,43187.294414065,43187.294794273,403.77,403.785
-1.0,363,9,43189.170126401,43195.218529556,403.795,403.76
1.0,341,7,43195.2266057,43200.286497945,403.755,403.82
-1.0,900,8,43205.841971199,43209.978981195,403.795,403.745
1.0,290,4,43210.09817855,43210.09817855,403.74,403.76
-1.0,2,1,43210.098198158,43210.098198158,403.765,403.76
1.0,500,7,43210.098419724,43210.101749614,403.74,403.77
-1.0,8,3,43212.232534898,43217.223276751,403.77,403.76
1.0,100,2,43218.000666427,43219.598212236,403.77,403.79
-1.0,100,1,43222.145356544,43222.145356544,403.805,403.8
1.0,2,2,43224.828357369,43224.828357369,403.8,403.82
-1.0,72,2,43228.484505793,43228.484505793,403.85,403.835
1.0,108,4,43231.042787652,43232.317927388,403.855,403.92
-1.0,79,1,43234.978318168,43234.978318168,403.95,403.95
1.0,367,10,43236.607322274,43238.237440642,403.955,404.005
-1.0,150,3,43238.338904108,43238.33893165,404.015,404.01
1.0,32,3,43241.008981726,43241.008981726,404.005,404.015
-1.0,88,1,43243.417431174,43243.417431174,403.99,403.99
1.0,614,14,43247.222465527,43247.352138356,404.025,404.02
-1.0,1,1,43248.30155546,43248.30155546,404.02,404.01
1.0,100,2,43248.390788758,43248.390788758,403.975,403.975
-1.0,529,8,43249.69896587,43249.699260097,403.97,403.955
1.0,450,6,43249.699354925,43249.713545699,403.955,403.95
-1.0,1,1,43249.78950681,43249.78950681,403.975,403.97
1.0,200,3,43250.293462028,43250.293600861,403.965,403.97
-1.0,100,1,43250.293732586,43250.293732586,403.995,403.985
1.0,120,2,43250.295287796,43250.933087524,403.975,404.0
-1.0,168,3,43254.736666212,43262.628707966,404.02,403.9
1.0,100,2,43262.628976672,43262.62900582,403.885,403.895
-1.0,34,4,43262.629208207,43262.62923663,403.895,403.89
1.0,2,1,43262.630388729,43262.630388729,403.875,403.885
-1.0,3,1,43262.632031697,43262.632031697,403.92,403.905
1.0,200,2,43262.634810731,43262.648376052,403.895,403.9
-1.0,67,1,43263.041155013,43263.041155013,403.895,403.895
1.0,87,1,43263.086040066,43263.086040066,403.855,403.855
-1.0,100,1,43264.923920941,43264.923920941,403.855,403.85
1.0,100,3,43264.923958505,43264.924019697,403.84,403.85
-1.0,100,1,43264.924110135,43264.924110135,403.855,403.85
1.0,330,5,43269.42703404,43269.427519816,403.87,403.89
-1.0,65,3,43271.06240932,43277.805998577,403.915,403.91
1.0,100,1,43280.553038748,43280.553038748,403.91,403.925
-1.0,60,3,43280.553210596,43280.553309011,403.95,403.935
1.0,100,1,43280.554193392,43280.554193392,403.92,403.925
-1.0,100,1,43282.196159043,43282.196159043,403.965,403.96
1.0,22,2,43282.196231037,43282.196260347,403.95,403.95
-1.0,109,5,43282.46934357,43285.003504082,403.925,403.91
1.0,140,3,43285.059350412,43285.059399773,403.875,403.885
-1.0,251,6,43285.277349442,43289.170634854,403.905,403.955
1.0,404,10,43293.285759647,43296.156958262,403.96,404.015
-1.0,200,1,43299.550167989,43299.550167989,404.02,404.01
1.0,1,1,43299.55022126,43299.55022126,403.995,403.995
-1.0,673,18,43299.766537852,43300.912107663,403.985,403.895
1.0,22,1,43301.336320716,43301.336320716,403.9,403.91
-1.0,107,3,43303.555315469,43303.558211845,403.99,403.99
1.0,58,5,43305.056865419,43305.058188892,404.005,404.02
-1.0,602,4,43306.00286488,43306.551974887,404.03,404.0
1.0,146,2,43306.929695082,43306.930512037,403.92,403.94
-1.0,1019,18,43313.776800785,43317.162112312,403.94,403.845
1.0,250,8,43317.1694564,43317.195238769,403.835,403.84
-1.0,15,1,43317.957102686,43317.957102686,403.845,403.84
1.0,462,5,43321.233841719,43322.065374923,403.86,403.89
-1.0,1686,32,43322.661671783,43333.050539072,403.895,403.76
1.0,50,2,43333.051055924,43333.051235238,403.75,403.76
-1.0,204,6,43333.074567433,43337.672466897,403.75,403.74
1.0,300,3,43337.700569224,43337.700608072,403.735,403.74
-1.0,1361,23,43339.022265425,43339.086406727,403.74,403.675
1.0,206,4,43340.358378393,43344.140651128,403.675,403.73
-1.0,8,3,43347.097280049,43347.472231739,403.74,403.705
1.0,2,1,43351.320868084,43351.320868084,403.715,403.72
-1.0,53,2,43351.698653039,43353.020256855,403.73,403.71
1.0,800,14,43355.96039167,43364.940527422,403.7,403.765
-1.0,1,1,43364.991677771,43364.991677771,403.75,403.735
1.0,445,4,43367.511012213,43368.831058857,403.745,403.765
-1.0,2,1,43369.005374411,43369.005374411,403.75,403.74
1.0,568,8,43372.710524278,43372.711692668,403.72,403.76
-1.0,115,4,43372.721234157,43373.639241816,403.78,403.735
1.0,236,3,43373.962820279,43376.112209765,403.73,403.745
-1.0,186,5,43376.175192772,43376.272313637,403.75,403.72
1.0,124,5,43376.373551193,43377.674485876,403.7,403.715
-1.0,1202,17,43377.869142852,43380.800433852,403.72,403.66
1.0,267,6,43380.936298792,43381.404077634,403.655,403.7
-1.0,102,3,43381.556361975,43381.600363696,403.705,403.695
1.0,500,5,43381.8949612,43383.236501691,403.695,403.725
-1.0,3,1,43385.277550049,43385.277550049,403.71,403.705
1.0,206,4,43385.630087579,43387.312954716,403.7,403.715
-1.0,617,7,43389.474555274,43392.927289181,403.755,403.685
1.0,250,2,43393.618297486,43394.134478193,403.675,403.69
-1.0,173,6,43395.612655962,43395.622540847,403.67,403.635
1.0,332,7,43400.267314786,43405.797403034,403.64,403.66
-1.0,2,1,43407.853008837,43407.853008837,403.675,403.66
1.0,14,1,43408.79902388,43408.79902388,403.66,403.66
-1.0,1354,23,43409.791092016,43409.972969658,403.645,403.545
1.0,101,2,43412.136010287,43412.136010287,403.595,403.6
-1.0,401,3,43414.370310293,43414.376778906,403.615,403.58
1.0,246,3,43415.934262163,43415.934282754,403.575,403.58
-1.0,8,2,43416.205257334,43416.205479068,403.605,403.595
1.0,463,5,43417.130908567,43417.131494001,403.605,403.61
-1.0,95,1,43422.009705417,43422.009705417,403.645,403.635
1.0,1229,27,43423.610553309,43431.53906057,403.635,403.81
-1.0,100,1,43431.542335236,43431.542335236,403.815,403.81
1.0,303,5,43431.562852097,43431.597145036,403.8,403.835
-1.0,25,2,43432.038554123,43432.047879665,403.825,403.81
1.0,585,8,43434.192502524,43437.373823725,403.815,403.955
-1.0,60,3,43437.376478636,43437.376502343,403.965,403.96
1.0,200,1,43437.563392094,43437.563392094,403.95,403.96
-1.0,200,2,43438.802577393,43439.074608746,403.92,403.885
1.0,151,3,43440.296903318,43442.885800155,403.875,403.925
-1.0,102,2,43443.750025716,43443.755345059,403.94,403.92
1.0,201,4,43443.952372676,43451.3150407,403.905,403.97
-1.0,5,1,43451.492395892,43451.492395892,403.97,403.96
1.0,100,1,43451.594926405,43451.594926405,403.97,403.98
-1.0,600,3,43456.162770616,43456.415406477,403.98,403.94
1.0,765,10,43458.608822356,43462.509364176,403.905,404.07
-1.0,50,1,43462.90535595,43462.90535595,404.085,404.08
1.0,324,6,43463.007737047,43464.330273789,404.06,404.145
-1.0,50,1,43464.331693232,43464.331693232,404.155,404.15
1.0,443,6,43464.334428704,43465.567332991,404.135,404.215
-1.0,1311,15,43465.723046239,43475.632400964,404.21,404.1
1.0,1240,24,43476.516975607,43479.192371054,404.065,404.14
-1.0,51,2,43479.678046641,43479.678046641,404.145,404.14
1.0,312,4,43479.678067055,43480.336590834,404.13,404.17
-1.0,52,2,43480.864955793,43480.864955793,404.185,404.18
1.0,55,2,43480.865004152,43480.942187831,404.165,404.195
-1.0,150,2,43481.586356858,43481.586356858,404.185,404.18
1.0,200,2,43481.587296086,43481.58736057,404.16,404.175
-1.0,602,7,43482.829794884,43485.950900265,404.185,404.135
1.0,200,6,43491.616322069,43492.017014918,404.085,404.12
-1.0,102,3,43492.19593663,43493.233543019,404.13,404.085
1.0,77,3,43493.593125205,43493.863093822,404.08,404.105
-1.0,289,3,43497.705834866,43497.706053661,404.075,404.075
1.0,58,4,43497.706170107,43498.274329998,404.075,404.11
-1.0,60,2,43500.737855681,43500.737855681,404.115,404.11
1.0,454,9,43501.626178784,43501.626252329,404.115,404.125
-1.0,1063,14,43501.626547112,43507.705207961,404.135,404.1
1.0,1045,26,43509.010442176,43527.081186813,404.105,404.165
-1.0,258,10,43527.095975967,43532.206211079,404.205,404.125
1.0,86,1,43533.587823589,43533.587823589,404.11,404.125
-1.0,441,13,43534.61490311,43538.586125843,404.115,404.02
1.0,622,7,43540.53490837,43545.772224941,404.02,404.05
-1.0,620,4,43549.508981068,43549.508983662,404.015,404.005
1.0,634,11,43549.509528815,43549.509538651,403.99,404.015
-1.0,14,1,43549.509589645,43549.509589645,404.015,404.015
1.0,193,2,43549.509634236,43549.509769976,404.015,404.015
-1.0,153,4,43549.515456758,43549.530703199,404.025,404.015
1.0,50,1,43550.524782518,43550.524782518,404.005,404.015
-1.0,270,7,43551.409331545,43551.421896754,404.02,403.99
1.0,906,12,43553.869529329,43555.550697252,403.965,404.085
-1.0,300,3,43559.073891058,43560.250963132,404.145,404.11
1.0,525,11,43560.636359519,43560.677852835,404.125,404.205
-1.0,238,4,43561.420418474,43561.479486556,404.225,404.2
1.0,210,4,43562.609242072,43562.612333295,404.195,404.225
-1.0,99,1,43562.856347005,43562.856347005,404.205,404.205
1.0,200,5,43563.173030049,43563.173064324,404.205,404.22
-1.0,100,1,43563.242718748,43563.242718748,404.24,404.235
1.0,2,1,43563.250018294,43563.250018294,404.24,404.245
-1.0,196,5,43563.335590109,43563.358177315,404.25,404.23
1.0,278,5,43563.735120649,43564.010700967,404.225,404.26
-1.0,500,6,43564.549041008,43564.549297485,404.275,404.255
1.0,660,11,43565.03480512,43568.058569307,404.28,404.335
-1.0,100,1,43568.058685291,43568.058685291,404.34,404.335
1.0,413,15,43568.63575097,43569.489864293,404.33,404.455
-1.0,969,11,43569.497206494,43572.011491423,404.465,404.4
1.0,100,1,43572.248535863,43572.248535863,404.395,404.41
-1.0,160,3,43572.730676002,43572.730676002,404.4,404.395
1.0,9,2,43572.730681317,43572.730738352,404.395,404.39
-1.0,200,3,43572.730850333,43572.730948313,404.395,404.39
1.0,100,1,43572.741601724,43572.741601724,404.385,404.395
-1.0,101,3,43573.631992678,43578.590747058,404.475,404.415
1.0,405,9,43581.079732917,43581.079752534,404.415,404.425
-1.0,4,1,43581.080569693,43581.080569693,404.45,404.44
1.0,100,1,43581.21642596,43581.21642596,404.42,404.43
-1.0,102,2,43581.733991418,43581.733991418,404.44,404.435
1.0,100,1,43582.227214846,43582.227214846,404.41,404.425
-1.0,123,5,43583.796086008,43584.735809028,404.405,404.39
1.0,155,2,43587.809430163,43587.809476145,404.415,404.425
-1.0,730,6,43587.918030399,43592.666697328,404.45,404.38
1.0,275,9,43593.827399926,43600.303089214,404.375,404.41
-1.0,149,4,43603.490451607,43608.518678783,404.41,404.355
1.0,243,9,43609.885125772,43614.750106741,404.345,404.36
-1.0,100,1,43614.957422157,43614.957422157,404.355,404.335
1.0,173,3,43617.102967987,43617.258007032,404.32,404.34
-1.0,639,6,43619.340437305,43619.3409404,404.34,404.32
1.0,50,1,43619.341441604,43619.341441604,404.31,404.315
-1.0,5,2,43619.353844482,43619.353844482,404.315,404.315
1.0,50,1,43619.440184101,43619.440184101,404.3,404.305
-1.0,350,5,43620.346258897,43622.853942859,404.325,404.26
1.0,61,3,43623.210920323,43624.382673238,404.235,404.305
-1.0,50,1,43628.351744835,43628.351744835,404.28,404.275
1.0,166,2,43629.14531653,43629.14531653,404.235,404.25
-1.0,183,3,43630.366215627,43630.866550111,404.27,404.27
1.0,10,2,43630.895415726,43630.895447515,404.255,404.26
-1.0,811,9,43631.616960433,43634.838320966,404.23,404.195
1.0,400,10,43634.952401786,43634.952802663,404.2,404.235
-1.0,157,3,43635.609247926,43636.120639116,404.245,404.24
1.0,334,6,43637.728455341,43637.728805665,404.24,404.27
-1.0,4,1,43637.728857363,43637.728857363,404.295,404.275
1.0,7,1,43637.728913218,43637.728913218,404.275,404.275
-1.0,107,4,43637.72896023,43639.784359113,404.295,404.255
1.0,309,4,43640.35907524,43640.991354854,404.24,404.315
-1.0,111,5,43643.585620939,43643.809451703,404.325,404.255
1.0,11,1,43644.19032896,43644.19032896,404.26,404.27
-1.0,48,4,43644.884915435,43647.604976528,404.305,404.25
1.0,3,3,43648.252494428,43648.252516955,404.24,404.25
-1.0,410,5,43648.50948216,43650.679727545,404.245,404.17
1.0,52,2,43650.680587314,43650.680844275,404.15,404.165
-1.0,34,2,43653.18498336,43653.185003632,404.25,404.25
1.0,100,1,43653.720235782,43653.720235782,404.255,404.265
-1.0,3,2,43655.186083363,43655.186083363,404.285,404.27
1.0,149,7,43660.29578199,43664.495079604,404.275,404.32
-1.0,101,2,43665.362694917,43665.363033881,404.33,404.305
1.0,210,4,43665.363093994,43665.886911886,404.305,404.33
-1.0,435,4,43665.997781184,43668.621771949,404.345,404.305
1.0,540,9,43676.152418459,43681.465660694,404.345,404.38
-1.0,443,12,43681.478793505,43684.447308498,404.385,404.295
1.0,1,1,43687.011012575,43687.011012575,404.275,404.275
-1.0,5,1,43687.139551996,43687.139551996,404.28,404.275
1.0,102,3,43687.141317068,43690.081589852,404.27,404.285
-1.0,540,8,43690.338047893,43691.572314985,404.27,404.225
1.0,100,2,43691.940166374,43691.940195734,404.215,404.22
-1.0,639,6,43693.091355666,43697.094951987,404.245,404.175
1.0,101,2,43697.529836715,43697.530381557,404.165,404.195
-1.0,1,1,43701.713149502,43701.713149502,404.175,404.17
1.0,1000,1,43702.85105763,43702.85105763,404.16,404.165
-1.0,245,7,43705.999511227,43712.497198505,404.18,404.115
1.0,166,2,43717.185596036,43717.185596036,404.11,404.12
-1.0,279,6,43719.690362556,43719.691170965,404.11,404.09
1.0,1819,16,43720.692315897,43722.826411267,404.09,404.18
-1.0,100,1,43722.826508844,43722.826508844,404.19,404.185
1.0,200,3,43722.827078749,43722.827114181,404.19,404.195
-1.0,11,2,43723.08144017,43723.081448318,404.2,404.19
1.0,107,4,43726.379765048,43726.612908445,404.17,404.23
-1.0,20,2,43728.771695311,43729.128594257,404.17,404.145
1.0,101,7,43738.889545351,43740.265679899,404.165,404.24
-1.0,100,1,43740.26571534,43740.26571534,404.245,404.24
1.0,6,1,43743.072967705,43743.072967705,404.25,404.265
-1.0,4,1,43745.862469228,43745.862469228,404.27,404.27
1.0,119,4,43748.506799664,43752.00626939,404.255,404.3
-1.0,239,4,43755.109455456,43755.214781545,404.27,404.24
1.0,350,4,43756.901525979,43756.954581466,404.19,404.215
-1.0,103,3,43763.514813254,43763.514837562,404.21,404.2
1.0,867,10,43769.794678555,43770.303341323,404.19,404.275
-1.0,7,1,43772.537119866,43772.537119866,404.27,404.27
1.0,14,2,43773.458140725,43773.458140725,404.255,404.255
-1.0,7,1,43778.490649865,43778.490649865,404.28,404.275
1.0,465,13,43783.240882772,43784.816659139,404.29,404.34
-1.0,517,11,43785.016155748,43789.302665712,404.345,404.315
1.0,100,1,43789.302724766,43789.302724766,404.315,404.315
-1.0,196,2,43789.30274945,43789.30274945,404.315,404.31
1.0,92,3,43789.303284586,43789.303284586,404.305,404.315
-1.0,916,15,43795.934425538,43796.959232743,404.345,404.26
1.0,100,1,43801.833211151,43801.833211151,404.27,404.28
-1.0,102,5,43805.437726753,43806.828446142,404.27,404.22
1.0,201,7,43810.229874648,43811.503948,404.28,404.345
-1.0,125,3,43811.952550309,43815.692750906,404.34,404.255
1.0,104,3,43815.693709164,43815.694547802,404.23,404.25
-1.0,3,1,43818.205954819,43818.205954819,404.275,404.26
1.0,372,7,43822.249570253,43827.329973157,404.275,404.305
-1.0,178,4,43827.683884131,43828.819210812,404.305,404.275
1.0,381,9,43833.969377075,43835.372117066,404.275,404.335
-1.0,97,1,43835.430193061,43835.430193061,404.33,404.33
1.0,124,9,43843.00725127,43848.999327488,404.29,404.335
-1.0,3,2,43849.11577793,43849.11577793,404.34,404.34
1.0,552,10,43851.188658292,43851.195057263,404.315,404.355
-1.0,50,1,43853.135987599,43853.135987599,404.36,404.36
1.0,576,12,43854.697140741,43860.178787746,404.355,404.375
-1.0,8,1,43860.573587759,43860.573587759,404.385,404.38
1.0,364,6,43861.171492939,43861.172105214,404.39,404.405
-1.0,1124,14,43861.172477795,43865.866490089,404.415,404.35
1.0,100,2,43866.051880444,43866.051880444,404.36,404.36
-1.0,100,1,43866.060764379,43866.060764379,404.375,404.375
1.0,100,2,43866.917060459,43866.917124757,404.38,404.39
-1.0,102,2,43867.655187968,43867.655187968,404.395,404.38
1.0,348,6,43868.389430292,43871.092715258,404.37,404.42
-1.0,195,7,43871.337452583,43875.161950165,404.415,404.3
1.0,37,6,43877.342857937,43885.915110046,404.31,404.41
-1.0,557,7,43886.81179784,43887.090347124,404.42,404.38
1.0,200,7,43887.09106764,43887.091119601,404.365,404.38
-1.0,100,1,43887.106302061,43887.106302061,404.365,404.36
1.0,513,12,43890.469530924,43892.663348085,404.35,404.4
-1.0,51,2,43892.664844517,43892.664844517,404.42,404.41
1.0,100,2,43896.29017856,43896.290201388,404.38,404.385
-1.0,205,4,43896.891936889,43896.89198814,404.37,404.365
1.0,274,4,43900.997463281,43901.266275019,404.365,404.395
-1.0,101,2,43908.341594772,43908.342895709,404.405,404.385
1.0,13,2,43910.635002995,43910.635002995,404.385,404.385
-1.0,800,6,43911.219361866,43911.448440748,404.395,404.355
1.0,411,8,43911.461938006,43913.174011046,404.335,404.415
-1.0,100,2,43914.215051348,43914.215051348,404.43,404.43
1.0,1044,32,43915.515990591,43925.044007936,404.41,404.505
-1.0,802,10,43925.047388962,43926.21242904,404.525,404.435
1.0,167,3,43927.266653987,43927.267409625,404.43,404.45
-1.0,3045,59,43928.324916971,43928.344671944,404.46,404.275
1.0,128,2,43928.347224406,43928.347224406,404.295,404.355
-1.0,802,31,43928.347303322,43928.391612369,404.355,404.295
1.0,50,1,43928.396200214,43928.396200214,404.295,404.31
-1.0,76,4,43928.401384452,43928.409286005,404.315,404.26
1.0,183,4,43928.424327507,43928.436368392,404.29,404.35
-1.0,48,2,43928.459690023,43928.459690023,404.365,404.355
1.0,50,1,43928.463718743,43928.463718743,404.325,404.355
-1.0,47,2,43928.47327496,43928.47327496,404.365,404.35
1.0,23,1,43928.481212646,43928.481212646,404.325,404.35
-1.0,138,2,43928.49240949,43928.49240949,404.365,404.36
1.0,193,2,43928.493142393,43928.500769636,404.335,404.375
-1.0,100,2,43928.500824536,43928.500842998,404.38,404.375
1.0,102,2,43928.500981804,43928.500981804,404.365,404.38
-1.0,38,1,43928.501008442,43928.501008442,404.38,404.375
1.0,102,2,43928.501372953,43928.501928473,404.365,404.38
-1.0,100,1,43928.501979751,43928.501979751,404.385,404.38
1.0,2,1,43928.502672394,43928.502672394,404.375,404.38
-1.0,40,2,43928.502722251,43928.506230437,404.385,404.375
1.0,399,7,43928.511487858,43928.519183638,404.375,404.39
-1.0,48,2,43928.527066806,43928.527066806,404.39,404.385
1.0,100,2,43928.642112513,43928.642112513,404.4,404.405
-1.0,1196,6,43928.646175898,43928.646175898,404.405,404.4
1.0,150,2,43928.667399338,43928.667399338,404.395,404.4
-1.0,1,1,43928.763584645,43928.763584645,404.4,404.4
1.0,450,5,43928.838730009,43928.83888022,404.4,404.42
-1.0,464,11,43928.949450915,43929.77911547,404.435,404.34
1.0,155,4,43930.365414041,43930.514460542,404.335,404.35
-1.0,100,2,43930.941048828,43930.941087471,404.36,404.36
1.0,122,8,43931.926382768,43931.926518566,404.355,404.37
-1.0,761,9,43932.016377651,43932.026914877,404.365,404.335
1.0,21,1,43932.041656572,43932.041656572,404.34,404.345
-1.0,305,5,43932.061686552,43933.494030289,404.345,404.255
1.0,50,3,43933.495802858,43933.495802858,404.25,404.255
-1.0,10,1,43933.495856842,43933.495856842,404.27,404.255
1.0,682,11,43933.496873531,43940.590470389,404.255,404.325
-1.0,879,9,43940.75014251,43941.247126425,404.33,404.265
1.0,150,2,43941.254366221,43941.283435303,404.255,404.265
-1.0,2,1,43942.61409541,43942.61409541,404.275,404.275
1.0,102,4,43943.861089548,43945.333767349,404.245,404.24
-1.0,400,2,43945.968879784,43945.968901246,404.265,404.25
1.0,101,3,43949.649836775,43950.03720966,404.27,404.3
-1.0,500,5,43951.175557816,43951.211346299,404.29,404.245
1.0,12,2,43951.214796929,43951.226072801,404.22,404.235
-1.0,601,4,43951.702624387,43957.311728493,404.265,404.22
1.0,186,12,43957.659433456,43963.656112002,404.21,404.26
-1.0,124,4,43965.590930984,43975.299972604,404.27,404.275
1.0,194,4,43978.595346708,43978.595372453,404.26,404.27
-1.0,711,9,43979.81293352,43979.813557617,404.27,404.225
1.0,6,1,43980.604078666,43980.604078666,404.22,404.22
-1.0,10,1,43980.821243769,43980.821243769,404.21,404.205
1.0,200,2,43980.825852711,43980.825852711,404.2,404.205
-1.0,122,5,43981.018938817,43982.01895204,404.2,404.16
1.0,1,1,43984.577863782,43984.577863782,404.185,404.19
-1.0,1,1,43986.369965102,43986.369965102,404.185,404.185
1.0,15,1,43986.981048781,43986.981048781,404.185,404.19
-1.0,849,7,43987.312975391,43989.726398186,404.185,404.155
1.0,110,4,43990.876266991,43990.876744614,404.155,404.18
-1.0,1,1,43992.638375942,43992.638375942,404.195,404.195
1.0,370,7,43993.69481883,43993.695756963,404.195,404.255
-1.0,200,3,43994.871579226,43994.871579226,404.255,404.24
1.0,400,5,43995.287661008,43996.125267508,404.215,404.24
-1.0,6,1,43997.44681009,43997.44681009,404.245,404.245
1.0,639,10,43997.448529544,44003.206455668,404.24,404.305
-1.0,157,3,44003.206720433,44003.208820904,404.31,404.295
1.0,5,1,44003.209160707,44003.209160707,404.285,404.29
-1.0,842,10,44004.04011585,44004.3103337,404.29,404.255
1.0,499,15,44006.581339749,44020.54226178,404.26,404.34
-1.0,323,4,44023.224895504,44025.082178118,404.375,404.37
1.0,3800,21,44025.400884035,44036.920384285,404.365,404.415
-1.0,50,1,44036.929514365,44036.929514365,404.425,404.42
1.0,332,7,44040.150122295,44045.482585678,404.405,404.425
-1.0,656,9,44046.044410491,44046.987733873,404.43,404.415
1.0,528,13,44050.500169901,44055.970523716,404.41,404.47
-1.0,75,2,44056.065506216,44057.445530431,404.47,404.425
1.0,168,4,44060.565847945,44060.565897977,404.44,404.45
-1.0,101,2,44061.380043644,44061.57960596,404.44,404.425
1.0,50,1,44061.793427626,44061.793427626,404.415,404.425
-1.0,2,1,44062.975377508,44062.975377508,404.425,404.425
1.0,56,1,44065.29833593,44065.29833593,404.425,404.425
-1.0,639,6,44065.878878417,44065.87900648,404.42,404.395
1.0,200,6,44070.048164545,44070.752248131,404.395,404.435
-1.0,103,2,44071.177460263,44071.177460263,404.445,404.435
1.0,1,1,44071.178599147,44071.178599147,404.42,404.42
-1.0,199,2,44071.958889968,44071.958889968,404.435,404.43
1.0,54,2,44074.377713701,44076.019268506,404.39,404.425
-1.0,101,3,44076.484385043,44077.517308138,404.435,404.425
1.0,1,1,44083.477901042,44083.477901042,404.42,404.425
-1.0,104,2,44084.568500547,44086.395232539,404.425,404.405
1.0,100,2,44087.009750725,44087.009787199,404.405,404.41
-1.0,100,1,44091.557992359,44091.557992359,404.41,404.405
1.0,1,1,44093.348171464,44093.348171464,404.41,404.41
-1.0,325,5,44099.444649433,44100.009984407,404.405,404.395
1.0,887,11,44100.394594927,44102.309480213,404.39,404.43
-1.0,108,2,44104.437587433,44105.183635929,404.435,404.43
1.0,135,3,44105.232547483,44105.232569228,404.43,404.435
-1.0,798,12,44109.379445076,44121.319420452,404.43,404.32
1.0,378,7,44126.274133529,44127.96268804,404.28,404.3
-1.0,481,6,44127.964364503,44129.02457986,404.315,404.28
1.0,135,3,44131.050462516,44133.129206776,404.285,404.315
-1.0,55,2,44133.524808765,44133.524808765,404.325,404.31
1.0,1061,15,44134.292280196,44155.550871953,404.285,404.41
-1.0,300,3,44156.084560618,44156.084560618,404.41,404.405
1.0,103,2,44156.084975139,44156.084975139,404.4,404.405
-1.0,475,7,44156.570220895,44166.432088672,404.41,404.395
1.0,50,1,44166.432102353,44166.432102353,404.395,404.4
-1.0,118,1,44166.432124185,44166.432124185,404.4,404.395
1.0,265,4,44166.432610755,44167.213359656,404.39,404.385
-1.0,314,6,44168.16482104,44168.166249196,404.385,404.365
1.0,43,1,44168.557252952,44168.557252952,404.345,404.345
-1.0,100,1,44173.690923018,44173.690923018,404.375,404.365
1.0,100,1,44176.592560197,44176.592560197,404.36,404.365
-1.0,493,4,44177.808064417,44177.892864268,404.355,404.325
1.0,203,4,44177.906498042,44178.122987471,404.32,404.33
-1.0,283,6,44178.817421789,44181.255152674,404.325,404.285
1.0,10,1,44181.316375719,44181.316375719,404.26,404.265
-1.0,155,4,44182.254737266,44186.686948206,404.265,404.255
1.0,194,5,44187.854458236,44189.45766916,404.25,404.275
-1.0,50,1,44194.588479922,44194.588479922,404.29,404.285
1.0,3,1,44195.063821445,44195.063821445,404.285,404.285
-1.0,16,2,44196.297862676,44196.297862676,404.285,404.275
1.0,37,4,44197.616791484,44198.046815923,404.25,404.31
-1.0,100,1,44199.898625061,44199.898625061,404.27,404.265
1.0,1,1,44200.338902026,44200.338902026,404.26,404.26
-1.0,101,2,44201.230970391,44202.490201664,404.29,404.25
1.0,52,3,44203.11950492,44203.203037477,404.245,404.24
-1.0,258,4,44203.652931346,44205.775091132,404.26,404.27
1.0,50,2,44205.776132088,44205.776153945,404.265,404.27
-1.0,1,1,44206.068130934,44206.068130934,404.295,404.295
1.0,350,4,44207.385971967,44207.386025855,404.305,404.325
-1.0,275,5,44207.800795675,44208.82420279,404.33,404.31
1.0,50,1,44209.090030954,44209.090030954,404.305,404.315
-1.0,50,1,44210.059810701,44210.059810701,404.32,404.315
1.0,29,1,44210.603878214,44210.603878214,404.315,404.315
-1.0,548,7,44214.970761229,44214.974523694,404.31,404.285
1.0,273,4,44219.198944924,44219.199412724,404.32,404.35
-1.0,284,5,44224.068908019,44224.081354202,404.355,404.31
1.0,50,2,44224.178370931,44224.178410636,404.3,404.305
-1.0,16,2,44224.179448847,44224.179448847,404.325,404.325
1.0,350,5,44226.17970276,44226.181172933,404.295,404.32
-1.0,101,2,44226.181489764,44228.945267113,404.325,404.29
1.0,159,9,44230.377481825,44239.281907604,404.28,404.365
-1.0,203,3,44239.468412966,44239.8243026,404.365,404.345
1.0,2,1,44239.857258651,44239.857258651,404.34,404.35
-1.0,207,5,44240.624846017,44242.25472463,404.35,404.315
1.0,59,2,44242.520729377,44243.546772448,404.305,404.31
-1.0,10,1,44249.21365493,44249.21365493,404.32,404.31
1.0,1,1,44251.702062092,44251.702062092,404.29,404.29
-1.0,694,13,44259.153740679,44259.506611403,404.29,404.24
1.0,201,4,44260.361883939,44262.871183,404.225,404.25
-1.0,1,1,44263.660262038,44263.660262038,404.265,404.26
1.0,100,2,44265.372475199,44265.372501005,404.26,404.27
-1.0,583,12,44266.199509692,44274.612493535,404.27,404.185
1.0,162,3,44276.532423967,44276.532423967,404.2,404.21
-1.0,209,4,44278.27354853,44278.800090705,404.23,404.215
1.0,1,1,44281.206828112,44281.206828112,404.205,404.215
-1.0,150,2,44283.697360551,44283.697360551,404.24,404.235
1.0,508,11,44286.689515284,44292.029496087,404.235,404.31
-1.0,238,6,44292.630788463,44295.335279517,404.31,404.285
1.0,12,1,44297.889687465,44297.889687465,404.275,404.275
-1.0,28,2,44298.426471933,44298.426471933,404.275,404.27
1.0,7,1,44299.263170639,44299.263170639,404.27,404.28
-1.0,1504,19,44302.556426219,44309.226656085,404.31,404.225
1.0,211,4,44311.480282992,44311.73087823,404.24,404.255
-1.0,40,1,44311.73090852,44311.73090852,404.26,404.26
1.0,200,3,44313.467045162,44314.172816902,404.26,404.29
-1.0,1,1,44314.227809245,44314.227809245,404.295,404.295
1.0,159,3,44317.465388507,44317.465417025,404.3,404.31
-1.0,1,1,44317.823066362,44317.823066362,404.325,404.315
1.0,35,2,44318.130477771,44318.130506134,404.315,404.32
-1.0,728,9,44318.400250453,44325.028113265,404.34,404.25
1.0,301,6,44329.74933745,44329.759883808,404.24,404.26
-1.0,28,1,44329.761027691,44329.761027691,404.275,404.265
1.0,67,1,44331.702781688,44331.702781688,404.255,404.265
-1.0,30,2,44332.247450873,44332.247471818,404.265,404.255
1.0,305,6,44333.870998273,44336.349232894,404.265,404.305
-1.0,40,1,44340.105082064,44340.105082064,404.315,404.31
1.0,108,4,44340.82166396,44340.822457693,404.315,404.315
-1.0,136,5,44344.428519499,44348.521117413,404.34,404.295
1.0,200,2,44353.556467663,44353.556467663,404.3,404.31
-1.0,1,1,44354.431827601,44354.431827601,404.32,404.31
1.0,14,1,44356.439001419,44356.439001419,404.315,404.32
-1.0,356,8,44357.175084407,44363.688157468,404.33,404.265
1.0,200,2,44366.492221775,44366.492259209,404.285,404.29
-1.0,629,5,44368.432683727,44373.418603011,404.305,404.28
1.0,351,8,44373.418945107,44373.419112356,404.265,404.285
-1.0,150,2,44373.419395431,44373.484843532,404.285,404.28
1.0,371,7,44374.35103504,44375.619038883,404.285,404.335
-1.0,600,4,44377.670821549,44378.327439419,404.325,404.255
1.0,12,2,44378.328224379,44378.328511305,404.24,404.255
-1.0,100,2,44380.001988821,44380.001998393,404.26,404.255
1.0,100,1,44384.071123427,44384.071123427,404.22,404.23
-1.0,32,10,44387.442299872,44396.121556869,404.21,404.16
1.0,130,6,44399.505528599,44404.891359725,404.16,404.21
-1.0,206,4,44408.349236557,44408.750640273,404.215,404.155
1.0,256,3,44417.822351463,44417.822388735,404.17,404.185
-1.0,1,1,44419.623063497,44419.623063497,404.2,404.2
1.0,214,3,44421.495212598,44421.495249317,404.21,404.225
-1.0,274,8,44424.008167275,44425.520466732,404.23,404.205
1.0,11,3,44430.139227968,44435.100675508,404.25,404.29
-1.0,100,2,44435.981069306,44435.981095386,404.28,404.27
1.0,11,2,44437.10065938,44438.100671402,404.25,404.255
-1.0,50,2,44439.007058964,44439.007087188,404.27,404.26
1.0,27,5,44439.100685783,44445.101141331,404.25,404.26
-1.0,600,3,44445.351447514,44445.497368108,404.28,404.245
1.0,18,1,44445.497783283,44445.497783283,404.24,404.24
-1.0,207,4,44447.958946815,44449.005301558,404.255,404.235
1.0,465,9,44449.038732592,44452.100672611,404.225,404.255
-1.0,111,4,44452.379085351,44454.715948344,404.26,404.25
1.0,181,8,44455.100681074,44458.138006688,404.225,404.26
-1.0,150,3,44458.139018003,44458.663642124,404.275,404.285
1.0,108,3,44459.100677534,44461.100657853,404.27,404.27
-1.0,100,1,44463.173709304,44463.173709304,404.26,404.25
1.0,79,6,44464.100686551,44473.100679733,404.225,404.25
-1.0,228,4,44473.856271542,44473.862868615,404.245,404.23
1.0,24,3,44474.85286368,44475.10066889,404.21,404.205
-1.0,10,1,44476.929419811,44476.929419811,404.2,404.195
1.0,229,9,44476.95797595,44484.100663824,404.19,404.195
-1.0,218,8,44484.612805381,44484.703997518,404.19,404.155
1.0,144,6,44488.100680057,44492.100724611,404.165,404.18
-1.0,21,4,44493.97862224,44493.97862224,404.19,404.185
1.0,19,5,44494.10067636,44497.100676202,404.18,404.225
-1.0,6,1,44497.203912601,44497.203912601,404.225,404.22
1.0,196,15,44498.100677953,44508.100716852,404.21,404.305
-1.0,40,2,44508.33951791,44508.348515105,404.305,404.285
1.0,3,1,44510.100681713,44510.100681713,404.285,404.285
-1.0,45,1,44514.924944959,44514.924944959,404.29,404.285
1.0,3,1,44515.100680197,44515.100680197,404.29,404.29
-1.0,454,6,44515.456655448,44515.466224403,404.29,404.27
1.0,8,2,44516.100669648,44517.1006524,404.26,404.26
-1.0,756,6,44517.187413411,44517.220230301,404.265,404.235
1.0,106,5,44519.100678583,44521.861329476,404.245,404.225
-1.0,55,3,44523.69404175,44524.763072917,404.245,404.225
1.0,6,1,44526.100676558,44526.100676558,404.24,404.24
-1.0,529,12,44527.592674657,44532.535614127,404.24,404.115
1.0,24,1,44532.53941538,44532.53941538,404.105,404.105
-1.0,506,15,44532.540958542,44532.546940503,404.11,404.06
1.0,144,5,44532.547311797,44532.549258244,404.05,404.07
-1.0,1968,39,44533.095737978,44534.005788918,404.055,403.99
1.0,51,2,44534.005929346,44534.00606279,403.985,403.995
-1.0,1053,27,44534.01131025,44554.123873909,404.01,403.895
1.0,100,1,44554.124000063,44554.124000063,403.895,403.895
-1.0,263,12,44555.278861439,44557.147299007,403.895,403.835
1.0,39,1,44557.152115229,44557.152115229,403.825,403.825
-1.0,264,9,44557.343614225,44559.736074353,403.825,403.795
1.0,100,1,44559.85420777,44559.85420777,403.805,403.81
-1.0,200,11,44559.856995432,44564.685515929,403.815,403.76
1.0,2,1,44565.214762477,44565.214762477,403.755,403.76
-1.0,69,6,44565.346864156,44565.347471367,403.76,403.755
1.0,202,2,44565.347590404,44565.347611444,403.75,403.755
-1.0,455,10,44565.34810951,44565.476591367,403.76,403.74
1.0,341,5,44566.71371382,44567.280969554,403.755,403.78
-1.0,1,1,44567.29619533,44567.29619533,403.76,403.755
1.0,1,1,44567.296245374,44567.296245374,403.745,403.755
-1.0,1,1,44567.296343463,44567.296343463,403.75,403.745
1.0,100,2,44567.296422923,44567.296449378,403.735,403.745
-1.0,6,2,44568.081457106,44568.081457106,403.74,403.735
1.0,383,8,44569.990168693,44573.100671207,403.76,403.775
-1.0,509,5,44575.030750257,44575.142623317,403.78,403.745
1.0,199,3,44579.264369199,44579.26439158,403.765,403.77
-1.0,491,12,44579.542093407,44586.587111255,403.76,403.71
1.0,4,1,44588.466028962,44588.466028962,403.705,403.705
-1.0,321,12,44590.689609766,44590.692071885,403.725,403.68
1.0,165,1,44593.206513278,44593.206513278,403.67,403.68
-1.0,33,3,44599.004441657,44599.004806106,403.69,403.685
1.0,440,7,44600.550580012,44600.560408581,403.685,403.71
-1.0,88,4,44600.649903893,44602.441654131,403.725,403.73
1.0,136,10,44602.514877065,44607.155743922,403.73,403.79
-1.0,829,17,44608.23437801,44615.798821705,403.785,403.665
1.0,106,3,44624.706103262,44624.706109452,403.685,403.695
-1.0,1,1,44626.857574496,44626.857574496,403.67,403.665
1.0,30,1,44627.952156786,44627.952156786,403.665,403.67
-1.0,10,1,44628.984916114,44628.984916114,403.67,403.665
1.0,105,3,44630.362224437,44630.616647912,403.665,403.675
-1.0,4,2,44633.740535114,44633.740535114,403.685,403.68
1.0,240,3,44634.89120071,44634.89120071,403.665,403.67
-1.0,101,2,44639.475660827,44641.482909525,403.675,403.665
1.0,5,1,44642.67274634,44642.67274634,403.67,403.68
-1.0,209,8,44646.598497285,44648.128569045,403.68,403.645
1.0,854,20,44648.190181327,44661.760405922,403.64,403.735
-1.0,29,2,44661.874429551,44661.874429551,403.745,403.745
1.0,603,12,44665.267887833,44678.087345112,403.755,403.815
-1.0,904,8,44680.697202318,44680.697235233,403.815,403.81
1.0,55,3,44684.926914306,44686.482850836,403.81,403.84
-1.0,5695,21,44696.81170666,44697.828828074,403.82,403.74
1.0,163,3,44697.972645793,44697.972668823,403.77,403.775
-1.0,157,8,44698.283749709,44707.074022389,403.79,403.715
1.0,126,3,44709.125244459,44709.966091986,403.72,403.745
-1.0,4,3,44714.784455168,44714.992892932,403.765,403.74
1.0,56,2,44718.352505246,44720.938966753,403.775,403.785
-1.0,202,5,44726.390596843,44726.576252197,403.795,403.75
1.0,767,17,44727.772202658,44737.23451812,403.745,403.885
-1.0,667,14,44738.699869972,44747.896552295,403.875,403.725
1.0,417,11,44751.592668671,44754.777284323,403.725,403.75
-1.0,307,6,44755.669552843,44759.772956462,403.77,403.76
1.0,20,4,44760.142106555,44763.685333974,403.745,403.765
-1.0,100,1,44764.396383028,44764.396383028,403.78,403.775
1.0,100,1,44770.065017131,44770.065017131,403.745,403.76
-1.0,782,10,44772.418665387,44772.491287471,403.765,403.7
1.0,52,1,44772.97849399,44772.97849399,403.7,403.7
-1.0,36,1,44775.139414394,44775.139414394,403.7,403.69
1.0,155,6,44780.116512337,44780.68377346,403.695,403.72
-1.0,1,1,44783.266249693,44783.266249693,403.735,403.72
1.0,400,2,44783.266312852,44783.266334284,403.725,403.73
-1.0,332,5,44783.279592247,44783.299975528,403.74,403.725
1.0,41,2,44785.701587224,44785.701639536,403.705,403.705
-1.0,1,1,44786.094110252,44786.094110252,403.705,403.7
1.0,466,10,44786.31142699,44789.053611655,403.685,403.735
-1.0,712,10,44789.057439459,44789.487890934,403.74,403.73
1.0,150,4,44789.886139566,44789.886169462,403.725,403.73
-1.0,100,2,44789.890184778,44789.891348731,403.74,403.725
1.0,316,12,44789.891504667,44789.922630624,403.715,403.745
-1.0,66,3,44789.932522372,44789.933113953,403.73,403.725
1.0,443,5,44789.93312755,44789.933581052,403.725,403.76
-1.0,61,1,44789.936083388,44789.936083388,403.77,403.765
1.0,61,3,44789.939289425,44790.310102463,403.725,403.775
-1.0,7,2,44791.059152136,44791.335595804,403.78,403.765
1.0,50,1,44791.447494617,44791.447494617,403.75,403.755
-1.0,20,1,44793.429660584,44793.429660584,403.78,403.78
1.0,224,6,44797.787760158,44799.259776049,403.76,403.83
-1.0,500,2,44803.770772191,44803.770772191,403.825,403.805
1.0,11,3,44809.62896634,44813.771916698,403.82,403.84
-1.0,604,7,44816.36897166,44818.560352965,403.855,403.8
1.0,5,1,44820.001510365,44820.001510365,403.815,403.82
-1.0,96,4,44822.502748385,44822.502748385,403.79,403.77
1.0,52,1,44825.075147601,44825.075147601,403.725,403.725
-1.0,1,1,44826.052216142,44826.052216142,403.74,403.73
1.0,2,1,44826.05375555,44826.05375555,403.72,403.73
-1.0,100,1,44826.065596477,44826.065596477,403.73,403.73
1.0,106,3,44829.262976706,44831.098865866,403.73,403.725
-1.0,925,9,44831.101717545,44832.756641545,403.735,403.685
1.0,50,1,44832.822141955,44832.822141955,403.66,403.665
-1.0,14,4,44834.86640909,44834.866667829,403.66,403.64
1.0,150,3,44834.867494009,44834.867599858,403.635,403.65
-1.0,62,3,44834.87307422,44834.87307422,403.66,403.655
1.0,2,2,44835.043771534,44835.043792336,403.64,403.65
-1.0,629,17,44835.980968839,44847.0218687,403.65,403.565
1.0,452,7,44849.820666009,44852.174900816,403.6,403.605
-1.0,73,1,44853.029926906,44853.029926906,403.605,403.605
1.0,157,5,44857.557986952,44859.41374731,403.62,403.65
-1.0,590,5,44861.71566662,44861.716678146,403.655,403.61
1.0,172,3,44862.964217309,44866.068352465,403.605,403.635
-1.0,662,6,44866.095314512,44868.652845438,403.65,403.57
1.0,51,2,44870.298959708,44870.298959708,403.57,403.58
-1.0,6,3,44870.584710042,44871.069151031,403.575,403.535
1.0,26,2,44871.558206598,44871.642001791,403.53,403.535
-1.0,867,46,44874.633593279,44881.940033811,403.585,403.505
1.0,5,1,44881.941182826,44881.941182826,403.495,403.495
-1.0,677,20,44881.94417189,44882.219376707,403.5,403.46
1.0,414,6,44882.219731378,44886.769016702,403.45,403.49
-1.0,608,6,44890.85827867,44891.469745335,403.49,403.445
1.0,25,1,44891.470130085,44891.470130085,403.44,403.44
-1.0,221,5,44891.470220752,44891.471747361,403.44,403.44
1.0,206,3,44893.356812851,44897.932498008,403.435,403.435
-1.0,50,2,44899.276376212,44899.276401979,403.47,403.47
1.0,3,1,44900.017904705,44900.017904705,403.46,403.475
-1.0,9,2,44905.47045293,44905.47045293,403.455,403.45
1.0,68,4,44907.916569946,44916.458932325,403.42,403.455
-1.0,1369,13,44916.995058363,44917.017134252,403.455,403.405
1.0,340,5,44917.017661939,44917.018258941,403.395,403.41
-1.0,4,1,44921.039796158,44921.039796158,403.405,403.4
1.0,100,1,44921.169812297,44921.169812297,403.395,403.4
-1.0,465,3,44921.650737364,44921.650758591,403.39,403.385
1.0,100,1,44921.650826297,44921.650826297,403.38,403.385
-1.0,202,4,44921.651366118,44921.654918948,403.38,403.375
1.0,150,2,44921.655174861,44925.629297403,403.385,403.375
-1.0,396,11,44926.408705411,44929.879608862,403.38,403.335
1.0,140,2,44933.91285909,44933.91285909,403.325,403.33
-1.0,394,22,44935.3332741,44939.293197781,403.325,403.225
1.0,358,5,44940.910825135,44940.911838982,403.21,403.24
-1.0,560,7,44941.164725713,44944.44826097,403.24,403.23
1.0,46,3,44944.47930807,44947.064199566,403.215,403.22
-1.0,241,17,44953.588588492,44963.259656512,403.215,403.17
1.0,337,6,44963.893848371,44963.905222976,403.17,403.185
-1.0,5,1,44963.914508295,44963.914508295,403.21,403.205
1.0,100,1,44963.9253981,44963.9253981,403.18,403.185
-1.0,794,14,44968.476665424,44968.482851784,403.185,403.15
1.0,450,5,44969.603082151,44969.603103816,403.135,403.145
-1.0,4,1,44969.917739857,44969.917739857,403.175,403.17
1.0,15,2,44970.573056717,44970.573315037,403.18,403.195
-1.0,7,4,44972.068737122,44972.292019536,403.225,403.2
1.0,112,4,44974.118284183,44974.801519647,403.2,403.215
-1.0,315,10,44974.802106307,44978.728757336,403.21,403.19
1.0,167,2,44979.867179753,44979.867278143,403.19,403.195
-1.0,432,6,44981.063764822,44986.279378973,403.185,403.12
1.0,140,2,44986.931127939,44986.931127939,403.105,403.12
-1.0,5,2,44987.980542689,44987.980542689,403.11,403.105
1.0,250,3,44987.981333067,44988.384796472,403.1,403.115
-1.0,1,1,44990.271154864,44990.271154864,403.1,403.1
1.0,221,5,44993.481507759,44993.787447005,403.1,403.15
-1.0,10,1,44993.789041784,44993.789041784,403.16,403.16
1.0,112,4,44993.798570743,44993.921343714,403.16,403.195
-1.0,381,10,44994.138626485,44999.511773925,403.215,403.16
1.0,100,3,45000.505809658,45000.505842881,403.15,403.16
-1.0,14,3,45001.475291428,45001.793261525,403.17,403.14
1.0,4,1,45003.134861981,45003.134861981,403.14,403.155
-1.0,389,8,45004.203837073,45007.949139239,403.16,403.13
1.0,167,4,45010.007982521,45010.008057404,403.185,403.2
-1.0,153,7,45010.112485245,45011.417398853,403.2,403.155
1.0,1,1,45011.462505631,45011.462505631,403.145,403.145
-1.0,854,19,45012.389683567,45024.285112481,403.14,403.085
1.0,201,4,45026.168044609,45026.16856981,403.08,403.095
-1.0,12,3,45026.786759882,45027.454901461,403.085,403.07
1.0,50,2,45030.087282865,45030.087308461,403.06,403.065
-1.0,497,9,45030.961644903,45031.133595535,403.075,403.045
1.0,50,1,45031.611510067,45031.611510067,403.04,403.045
-1.0,1053,80,45032.704239111,45039.983626368,403.075,402.985
1.0,56,3,45039.984313876,45039.989226868,402.985,402.985
-1.0,50,3,45042.044512882,45042.044616249,403.01,403.0
1.0,515,10,45042.289092478,45044.192684912,403.005,403.05
-1.0,54,2,45044.194227606,45044.194227606,403.065,403.05
1.0,3,1,45045.458365829,45045.458365829,403.06,403.07
-1.0,765,10,45045.668234222,45048.659149961,403.085,403.02
1.0,250,3,45048.787810232,45048.787866149,403.01,403.03
-1.0,100,2,45050.337053727,45050.337053727,403.045,403.045
1.0,92,2,45052.275911081,45052.276867542,403.05,403.07
-1.0,144,14,45052.431924908,45062.812268233,403.095,402.99
1.0,163,1,45066.250823916,45066.250823916,402.99,402.995
-1.0,63,3,45066.888300354,45066.888300354,403.015,403.0
1.0,151,5,45067.270912705,45070.10068201,402.99,402.995
-1.0,263,9,45070.249774041,45071.800846165,402.985,402.97
1.0,116,6,45074.105931349,45076.100670222,402.97,402.965
-1.0,54,3,45076.621218231,45076.621218231,402.96,402.955
1.0,93,1,45076.62132112,45076.62132112,402.945,402.95
-1.0,87,7,45077.258849297,45080.175028251,402.96,402.95
1.0,260,5,45081.668772545,45081.668934759,402.955,402.97
-1.0,60,2,45082.443299857,45082.443299857,402.985,402.965
1.0,318,7,45082.443949559,45088.485118125,402.93,402.975
-1.0,102,3,45088.485552473,45090.944784407,402.99,402.95
1.0,508,18,45094.100673789,45102.10071144,402.94,403.05
-1.0,783,10,45102.101106683,45106.844617226,403.06,402.95
1.0,155,4,45107.485076508,45107.487515563,402.965,402.965
-1.0,128,8,45107.757768231,45113.916134154,402.955,402.925
1.0,198,8,45114.194383963,45116.02305661,402.92,402.97
-1.0,1315,21,45119.296059888,45121.238116743,402.94,402.88
1.0,361,1,45121.238140613,45121.238140613,402.88,402.89
-1.0,465,14,45121.241165202,45121.270156501,402.895,402.85
1.0,12,1,45121.272694126,45121.272694126,402.835,402.855
-1.0,100,1,45121.279217362,45121.279217362,402.88,402.86
1.0,930,2,45121.491459738,45121.491481306,402.825,402.835
-1.0,28,2,45121.538651518,45121.538651518,402.84,402.84
1.0,110,3,45121.81953291,45124.074260119,402.83,402.875
-1.0,287,5,45124.826908862,45128.696117756,402.865,402.825
1.0,918,13,45129.302223663,45142.428748099,402.825,402.995
-1.0,125,2,45143.095876732,45144.86534243,403.02,402.985
1.0,26,2,45145.678884338,45145.679328005,402.98,402.98
-1.0,717,15,45145.982771188,45155.546288785,402.98,402.865
1.0,350,4,45155.97888815,45156.551587517,402.86,402.895
-1.0,1,1,45159.259296463,45159.259296463,402.905,402.895
1.0,57,2,45159.465423363,45159.564879286,402.88,402.865
-1.0,100,1,45159.564984633,45159.564984633,402.87,402.865
1.0,43,1,45159.565199217,45159.565199217,402.865,402.88
-1.0,7,3,45163.187271103,45165.316818267,402.86,402.845
1.0,50,1,45165.317342698,45165.317342698,402.825,402.83
-1.0,231,13,45166.930411723,45166.994986581,402.83,402.81
1.0,246,4,45166.995067275,45171.797716355,402.805,402.84
-1.0,936,19,45173.693573613,45182.836142678,402.875,402.81
1.0,25,1,45182.836256232,45182.836256232,402.81,402.81
-1.0,176,4,45182.836585127,45182.837017827,402.81,402.8
1.0,469,15,45182.866829706,45194.755032058,402.79,402.865
-1.0,100,1,45194.977379002,45194.977379002,402.87,402.865
1.0,2,1,45195.10067606,45195.10067606,402.84,402.84
-1.0,1,1,45195.41650629,45195.41650629,402.835,402.83
1.0,37,3,45196.038873377,45197.100708113,402.82,402.825
-1.0,909,28,45197.189448098,45202.407102007,402.835,402.74
1.0,100,1,45203.628746364,45203.628746364,402.74,402.755
-1.0,1174,18,45205.189764931,45207.402205317,402.75,402.69
1.0,523,9,45207.408273627,45210.590377117,402.685,402.76
-1.0,200,1,45212.262508158,45212.262508158,402.755,402.75
1.0,262,8,45212.262785971,45218.100674683,402.725,402.78
-1.0,563,5,45231.529980987,45231.530931357,402.82,402.78
1.0,50,1,45231.532718731,45231.532718731,402.78,402.785
-1.0,109,5,45241.601011857,45241.602744722,402.78,402.765
1.0,100,1,45241.602921873,45241.602921873,402.755,402.765
-1.0,107,5,45242.393197768,45246.391804617,402.76,402.725
1.0,42,1,45246.392407763,45246.392407763,402.715,402.725
-1.0,3,1,45246.392694111,45246.392694111,402.73,402.725
1.0,101,3,45246.392791462,45246.392795673,402.73,402.745
-1.0,10,2,45248.664748545,45248.697191893,402.735,402.725
1.0,403,7,45250.555959722,45250.556052529,402.73,402.745
-1.0,100,2,45250.556126009,45250.55625217,402.76,402.76
1.0,1,1,45250.567126717,45250.567126717,402.77,402.785
-1.0,200,2,45251.091514758,45251.66482675,402.795,402.785
1.0,1,1,45254.53159766,45254.53159766,402.79,402.805
-1.0,20,2,45255.386499243,45255.720309123,402.81,402.81
1.0,313,9,45258.030008695,45260.288454823,402.815,402.875
-1.0,450,11,45261.372867314,45262.814687057,402.875,402.825
1.0,1,1,45263.190013589,45263.190013589,402.82,402.825
-1.0,4,1,45263.190099341,45263.190099341,402.845,402.825
1.0,165,3,45264.949523255,45266.082967555,402.83,402.85
-1.0,500,4,45268.629411778,45268.629450735,402.84,402.83
1.0,167,7,45270.320443621,45272.765278245,402.82,402.845
-1.0,31,1,45273.691602336,45273.691602336,402.845,402.845
1.0,516,20,45275.588067224,45286.99696954,402.845,402.99
-1.0,306,4,45293.672432766,45293.672451064,402.99,402.985
1.0,299,8,45294.731691118,45296.74672065,402.98,403.0
-1.0,60,2,45296.747625367,45296.747625367,403.01,403.005
1.0,3,1,45296.747684431,45296.747684431,402.995,403.005
-1.0,42,2,45296.747796387,45296.750209132,403.005,403.005
1.0,5,1,45299.783490881,45299.783490881,403.015,403.015
-1.0,855,12,45299.784331029,45300.777651789,403.025,402.975
1.0,100,2,45300.779029417,45300.779262312,402.97,402.975
-1.0,626,16,45303.097693685,45309.466258291,402.99,402.91
1.0,854,15,45310.219172399,45325.712203746,402.89,403.04
-1.0,50,1,45325.867311284,45325.867311284,403.055,403.05
1.0,240,4,45326.651891735,45326.679071576,403.04,403.05
-1.0,3617,11,45326.680072648,45326.689107693,403.05,403.04
1.0,207,4,45326.758630438,45326.762611266,403.04,403.07
-1.0,246,6,45328.970999919,45330.087157511,403.075,403.045
1.0,300,3,45332.091883492,45332.091890935,403.065,403.07
-1.0,1401,11,45332.092937424,45332.591543509,403.08,403.04
1.0,299,5,45332.591938971,45335.763495783,403.03,403.07
-1.0,1042,21,45337.784976562,45339.861971326,403.075,402.98
1.0,890,15,45340.056638736,45344.724772423,402.98,403.025
-1.0,706,14,45345.487350779,45361.612105707,403.015,402.91
1.0,333,6,45364.221907242,45365.04316972,402.91,402.96
-1.0,360,7,45367.428447391,45375.659405406,402.985,402.97
1.0,150,4,45375.989018633,45375.98903986,402.975,402.98
-1.0,1,1,45376.99523351,45376.99523351,402.985,402.98
1.0,256,4,45377.535529244,45379.378087543,402.975,402.995
-1.0,1241,24,45381.838512453,45391.37688674,403.025,402.975
1.0,100,2,45391.376973888,45391.376973888,402.965,402.97
-1.0,120,5,45393.95937718,45393.983544931,402.975,402.96
1.0,5,1,45394.005093343,45394.005093343,402.915,402.915
-1.0,48,1,45396.437991827,45396.437991827,402.94,402.935
1.0,923,30,45396.44464386,45414.129543453,402.91,403.135
-1.0,500,5,45416.315685645,45417.30470428,403.13,403.11
1.0,685,17,45419.41577351,45429.068921007,403.105,403.265
-1.0,901,25,45432.241400902,45436.881324239,403.27,403.195
1.0,252,6,45439.178525171,45439.178628864,403.175,403.195
-1.0,3,1,45440.802383901,45440.802383901,403.195,403.185
1.0,105,6,45441.465349295,45447.490886546,403.19,403.205
-1.0,755,11,45450.250710315,45450.451775939,403.185,403.145
1.0,713,9,45451.643261783,45471.057206979,403.155,403.21
-1.0,622,8,45472.223401517,45477.455370625,403.22,403.15
1.0,60,2,45477.458366285,45480.062385303,403.145,403.15
-1.0,396,7,45480.062443269,45480.075457232,403.15,403.13
1.0,49,3,45480.078101811,45480.226796153,403.115,403.115
-1.0,540,5,45483.629007744,45483.634292725,403.105,403.075
1.0,415,9,45488.145941136,45492.615523428,403.08,403.16
-1.0,214,8,45495.628272823,45501.481362104,403.165,403.125
1.0,140,3,45501.49476194,45501.494793698,403.105,403.11
-1.0,1096,25,45507.924865459,45514.827682822,403.155,403.015
1.0,162,2,45516.394546469,45516.394569269,403.02,403.03
-1.0,527,16,45516.682742656,45516.683302365,403.025,403.0
1.0,72,4,45516.683321413,45516.683321413,403.0,403.01
-1.0,148,4,45517.546663283,45518.954080328,403.02,402.99
1.0,420,12,45525.141078385,45536.674370117,402.99,403.13
-1.0,658,7,45540.431475365,45540.508083993,403.14,403.125
1.0,256,6,45540.508137384,45547.670520944,403.115,403.17
-1.0,217,6,45549.150130096,45549.150165531,403.155,403.145
1.0,165,4,45549.160486358,45549.845891832,403.13,403.17
-1.0,58,2,45550.794736938,45552.174300091,403.18,403.165
1.0,725,11,45554.052070649,45557.74322967,403.15,403.25
-1.0,48,6,45559.410671138,45559.446273258,403.255,403.225
1.0,572,5,45559.649285353,45563.253627481,403.215,403.3
-1.0,228,6,45564.632099326,45567.095159721,403.325,403.295
1.0,410,6,45567.140028667,45569.444034457,403.255,403.3
-1.0,686,15,45569.719317535,45572.933065248,403.315,403.27
1.0,1,1,45573.53358544,45573.53358544,403.26,403.265
-1.0,27,5,45576.532977744,45578.846865199,403.26,403.205
1.0,100,1,45578.84691918,45578.84691918,403.2,403.205
-1.0,58,5,45582.612104236,45582.612669529,403.175,403.145
1.0,740,7,45585.262858269,45585.263699395,403.15,403.185
-1.0,24,1,45585.263945056,45585.263945056,403.21,403.21
1.0,250,3,45585.264876284,45585.267872174,403.185,403.215
-1.0,158,3,45585.269584767,45586.371986689,403.215,403.18
1.0,25,4,45587.416128704,45587.617551516,403.175,403.2
-1.0,29,1,45588.545892925,45588.545892925,403.195,403.185
1.0,300,3,45591.350201583,45591.350201583,403.165,403.18
-1.0,500,3,45593.354420141,45593.354603653,403.175,403.165
1.0,122,5,45598.079665349,45603.367559801,403.17,403.235
-1.0,287,19,45605.037363879,45612.210215146,403.235,403.075
1.0,621,9,45613.539121866,45620.991013522,403.08,403.085
-1.0,242,12,45620.992139644,45625.083282272,403.1,403.025
1.0,250,3,45625.445242034,45628.7169786,403.015,403.035
-1.0,737,23,45633.585785431,45636.203752426,403.045,403.0
1.0,671,10,45638.714747202,45643.182651605,402.995,403.06
-1.0,100,1,45643.182866192,45643.182866192,403.08,403.075
1.0,111,3,45646.646030199,45652.275889424,403.02,403.095
-1.0,26,1,45655.034113535,45655.034113535,403.1,403.09
1.0,14,5,45657.290695534,45661.102049964,403.085,403.14
-1.0,122,2,45663.98012635,45663.98012635,403.165,403.155
1.0,444,6,45664.076935677,45664.076935677,403.115,403.125
-1.0,866,14,45671.151853031,45673.103875724,403.19,403.15
1.0,100,1,45673.104794352,45673.104794352,403.145,403.15
-1.0,104,5,45673.207133011,45675.272549334,403.16,403.14
1.0,405,6,45677.87716291,45677.877201501,403.16,403.17
-1.0,303,13,45678.344873602,45686.031985839,403.18,403.14
1.0,100,3,45686.290422223,45686.817445078,403.145,403.155
-1.0,174,6,45687.173466257,45688.122320832,403.165,403.13
1.0,525,15,45690.035375277,45698.478243065,403.12,403.205
-1.0,50,2,45698.484722268,45698.484744472,403.23,403.225
1.0,190,9,45698.933150342,45708.101389203,403.225,403.3
-1.0,591,8,45709.212418743,45715.82671546,403.305,403.22
1.0,191,7,45718.137812665,45718.916113443,403.22,403.27
-1.0,523,4,45721.0458569,45721.046143063,403.295,403.275
1.0,190,3,45723.624060858,45724.733245568,403.27,403.27
-1.0,27,4,45725.281236727,45725.284726112,403.275,403.24
1.0,109,4,45731.526821326,45731.526870963,403.23,403.245
-1.0,1401,9,45734.642636086,45742.053968387,403.26,403.2
1.0,658,11,45742.055316391,45744.050059323,403.195,403.23
-1.0,968,23,45744.692344637,45758.814240566,403.235,403.105
1.0,140,2,45759.087643296,45759.087643296,403.1,403.105
-1.0,1535,32,45760.207702193,45760.22061955,403.11,403.025
1.0,28,1,45760.222161173,45760.222161173,403.01,403.025
-1.0,293,12,45760.222867286,45760.222867286,403.01,403.0
1.0,204,4,45760.223175181,45760.235550761,403.0,403.02
-1.0,350,7,45760.239192148,45761.276308687,403.015,403.025
1.0,376,4,45763.342185268,45763.342401572,403.02,403.045
-1.0,318,10,45763.50890757,45764.676975939,403.045,403.01
1.0,50,1,45767.846982525,45767.846982525,403.01,403.015
-1.0,352,14,45770.441284113,45780.504820995,403.015,402.945
1.0,20,2,45781.251220615,45781.265354718,402.94,402.955
-1.0,1199,17,45782.339699583,45783.667541608,402.94,402.87
1.0,255,7,45783.667592812,45784.079967211,402.86,402.9
-1.0,21,2,45786.409585862,45786.625542852,402.91,402.91
1.0,374,14,45787.777091764,45791.939721044,402.905,402.99
-1.0,374,14,45792.068834476,45798.805688615,402.99,402.865
1.0,469,8,45801.398961523,45807.165693786,402.855,402.91
-1.0,129,6,45809.711786248,45809.712410301,402.925,402.895
1.0,154,5,45815.095203782,45816.388456078,402.89,402.92
-1.0,126,5,45817.630897421,45817.630957888,402.92,402.915
1.0,118,4,45819.021324188,45819.75816129,402.925,402.94
-1.0,659,8,45825.690032508,45826.721475838,402.945,402.91
1.0,302,5,45831.269753495,45831.269895065,402.895,402.91
-1.0,37,4,45831.887838361,45831.887887431,402.91,402.905
1.0,104,2,45832.848552692,45832.848552692,402.885,402.895
-1.0,1,1,45834.324420317,45834.324420317,402.905,402.905
1.0,415,7,45836.135498242,45839.256208846,402.9,402.93
-1.0,184,9,45839.98411573,45842.48706207,402.93,402.89
1.0,150,3,45844.355941043,45844.35608401,402.89,402.905
-1.0,1,1,45846.282687121,45846.282687121,402.915,402.91
1.0,52,3,45847.055344014,45847.057494635,402.905,402.91
-1.0,2,1,45847.798905184,45847.798905184,402.915,402.915
1.0,100,1,45848.06474866,45848.06474866,402.915,402.925
-1.0,139,6,45852.030080985,45860.174542025,402.935,402.895
1.0,1070,21,45862.497896666,45867.496447124,402.91,403.015
-1.0,824,8,45867.501203941,45869.288236803,403.02,402.965
1.0,326,9,45870.376323635,45871.791943899,402.96,403.0
-1.0,129,2,45872.135179373,45872.135179373,402.99,402.985
1.0,335,6,45872.792386978,45875.297311973,402.96,402.985
-1.0,100,1,45876.964644751,45876.964644751,402.995,402.985
1.0,539,7,45877.934774949,45877.937508903,402.975,403.0
-1.0,67,1,45878.312719433,45878.312719433,402.995,402.99
1.0,200,4,45878.592769116,45878.592933164,402.985,403.005
-1.0,28,2,45879.042704708,45879.042732358,402.995,402.99
1.0,173,4,45891.523737082,45891.523737082,402.98,402.985
-1.0,783,17,45892.287415897,45896.271668688,402.97,402.895
1.0,533,13,45896.273285928,45898.911224252,402.915,402.92
-1.0,15,3,45898.923041118,45900.033001513,402.915,402.88
1.0,268,6,45900.106721198,45900.320150707,402.875,402.89
-1.0,88,1,45900.533743253,45900.533743253,402.89,402.885
1.0,1,1,45901.671143821,45901.671143821,402.885,402.89
-1.0,27,1,45903.225792905,45903.225792905,402.9,402.89
1.0,7,1,45904.160541571,45904.160541571,402.9,402.9
-1.0,50,1,45904.161204801,45904.161204801,402.895,402.89
1.0,200,4,45906.093891672,45906.094712977,402.88,402.895
-1.0,27,1,45909.637852355,45909.637852355,402.895,402.885
1.0,836,26,45910.242293932,45913.046003385,402.88,402.98
-1.0,26,1,45915.062402708,45915.062402708,402.965,402.955
1.0,560,9,45921.805556701,45923.101940505,402.975,403.0
-1.0,159,6,45923.108133403,45928.039949021,403.015,402.95
1.0,211,5,45928.728014722,45929.282852956,402.945,402.98
-1.0,724,9,45929.935270811,45931.032434324,402.985,402.965
1.0,50,1,45931.032467869,45931.032467869,402.96,402.96
-1.0,13,2,45931.489806066,45931.489822784,402.955,402.955
1.0,1077,26,45931.489921922,45944.024166882,402.95,403.165
-1.0,18,1,45945.218651941,45945.218651941,403.21,403.21
1.0,50,1,45946.285768991,45946.285768991,403.2,403.205
-1.0,344,7,45946.582888313,45946.6305271,403.215,403.185
1.0,585,10,45948.516777887,45951.306424421,403.18,403.235
-1.0,90,3,45952.934226866,45953.436199733,403.29,403.245
1.0,185,4,45953.995288743,45956.267657878,403.225,403.24
-1.0,71,6,45958.014850946,45959.522511469,403.24,403.19
1.0,200,3,45961.244130464,45961.244154136,403.2,403.21
-1.0,1,1,45961.47954901,45961.47954901,403.235,403.235
1.0,100,1,45961.631717787,45961.631717787,403.235,403.24
-1.0,50,1,45962.406485677,45962.406485677,403.255,403.25
1.0,300,4,45963.138892174,45963.189198332,403.215,403.235
-1.0,32,2,45963.9908182,45963.990891258,403.235,403.22
1.0,650,12,45965.838695284,45968.45464384,403.205,403.255
-1.0,837,8,45968.825738413,45971.080146979,403.265,403.17
1.0,341,5,45971.531774977,45971.533274351,403.15,403.16
-1.0,1,1,45974.982081419,45974.982081419,403.21,403.2
1.0,368,10,45976.042829753,45978.436116295,403.2,403.3
-1.0,33,2,45981.370744365,45981.370775766,403.325,403.315
1.0,107,4,45983.648180116,45984.825450033,403.315,403.32
-1.0,50,1,45987.097524666,45987.097524666,403.325,403.32
1.0,200,5,45987.098147401,45987.098239467,403.305,403.32
-1.0,200,2,45987.099227705,45987.099227705,403.325,403.32
1.0,200,2,45987.105844615,45987.106785552,403.305,403.315
-1.0,906,10,45987.209368672,45989.821167937,403.305,403.26
1.0,416,8,45990.430380516,45990.576292012,403.26,403.285
-1.0,91,3,45991.412891756,45991.412891756,403.29,403.28
1.0,107,14,46001.805593733,46005.960875106,403.27,403.405
-1.0,29,1,46008.391998121,46008.391998121,403.395,403.385
1.0,35,4,46008.462469098,46008.473749977,403.375,403.4
-1.0,37,4,46010.342090764,46012.206570446,403.405,403.395
1.0,9,5,46012.810548707,46017.356411165,403.375,403.42
-1.0,81,2,46017.364658239,46017.364678908,403.42,403.405
1.0,89,2,46018.41333585,46018.413431354,403.385,403.41
-1.0,235,4,46022.359031199,46022.359309026,403.405,403.385
1.0,2306,11,46027.429600057,46031.044152804,403.375,403.42
-1.0,1064,17,46035.334885595,46038.769782453,403.425,403.305
1.0,42,2,46045.813116329,46051.68725215,403.32,403.38
-1.0,265,5,46058.089899868,46059.032254938,403.405,403.345
1.0,56,1,46060.174888216,46060.174888216,403.345,403.345
-1.0,105,5,46061.555844791,46062.379849902,403.34,403.27
1.0,4,1,46062.386970452,46062.386970452,403.26,403.27
-1.0,373,12,46063.125817912,46068.086289836,403.26,403.18
1.0,19,3,46068.189245841,46068.507708507,403.185,403.19
-1.0,191,7,46069.148391937,46074.134761118,403.18,403.165
1.0,503,8,46075.392239067,46077.775963444,403.175,403.255
-1.0,139,7,46078.249674644,46086.900089784,403.25,403.26
1.0,286,5,46093.817703674,46093.817723929,403.25,403.265
-1.0,68,3,46095.817049592,46095.81707686,403.27,403.26
1.0,100,3,46098.419515219,46098.419522569,403.26,403.265
-1.0,150,3,46101.338299572,46101.338422667,403.29,403.27
1.0,35,2,46101.531286957,46101.531316292,403.25,403.265
-1.0,86,3,46102.947125862,46102.947293043,403.29,403.28
1.0,110,7,46107.198785495,46118.449320898,403.295,403.41
-1.0,234,4,46118.50620267,46124.782024037,403.445,403.44
1.0,210,6,46124.782806114,46124.782868849,403.415,403.43
-1.0,665,8,46127.192128708,46127.192475225,403.43,403.395
1.0,187,6,46127.433774856,46139.080983861,403.39,403.46
-1.0,240,8,46140.825490225,46140.826381314,403.455,403.435
1.0,55,3,46141.805676127,46141.805779026,403.445,403.455
-1.0,1,1,46142.625463059,46142.625463059,403.47,403.46
1.0,362,10,46144.692789564,46144.884575875,403.47,403.515
-1.0,438,10,46146.830746707,46150.214565238,403.555,403.53
1.0,254,5,46152.159920387,46153.170486356,403.535,403.575
-1.0,132,2,46153.274404563,46153.274404563,403.58,403.57
1.0,1010,15,46153.27509846,46153.848597094,403.555,403.57
-1.0,7,1,46156.035957656,46156.035957656,403.575,403.575
1.0,280,6,46156.173847427,46157.550124765,403.55,403.615
-1.0,55,4,46157.953993396,46160.87845313,403.635,403.625
1.0,1,1,46161.884059301,46161.884059301,403.615,403.62
-1.0,913,9,46166.986779326,46170.404127908,403.67,403.635
1.0,409,7,46175.340880917,46180.660938102,403.63,403.695
-1.0,31,4,46180.889088536,46182.316365693,403.71,403.69
1.0,33,2,46187.667723124,46191.156485464,403.69,403.715
-1.0,644,22,46191.183082832,46195.285525114,403.73,403.655
1.0,13,2,46195.835798706,46195.836158376,403.665,403.68
-1.0,35,2,46199.342949832,46199.342949832,403.705,403.69
1.0,152,5,46202.547962828,46202.548504397,403.685,403.69
-1.0,232,4,46202.555260629,46202.555439602,403.69,403.665
1.0,857,23,46202.961868863,46212.08429898,403.655,403.85
-1.0,127,2,46212.515383742,46212.515383742,403.86,403.86
1.0,516,12,46213.297498732,46213.756936295,403.855,403.91
-1.0,131,3,46213.852555024,46213.852637794,403.915,403.905
1.0,250,3,46214.217956029,46214.844163155,403.91,403.935
-1.0,81,3,46215.011713001,46215.011752461,403.95,403.945
1.0,180,4,46215.236274608,46215.236401089,403.945,403.955
-1.0,1243,15,46215.429068592,46225.810598551,403.95,403.85
1.0,459,11,46226.31273819,46234.946587187,403.85,403.93
-1.0,957,13,46237.070512437,46239.57031169,403.94,403.9
1.0,205,4,46239.570739112,46240.345168875,403.895,403.92
-1.0,294,8,46245.425144104,46245.689689088,403.93,403.87
1.0,1,1,46246.144644476,46246.144644476,403.845,403.85
-1.0,31,3,46247.35583602,46247.361959568,403.87,403.845
1.0,60,2,46247.363077594,46247.363104251,403.83,403.835
-1.0,161,4,46251.505262125,46255.016565656,403.855,403.8
1.0,191,7,46258.173946779,46259.184468852,403.78,403.805
-1.0,267,5,46260.596013984,46267.825499446,403.81,403.77
1.0,466,9,46270.144637761,46274.060865176,403.76,403.825
-1.0,32,3,46277.127371308,46278.020945416,403.845,403.805
1.0,261,5,46278.585976837,46285.690027413,403.8,403.84
-1.0,131,5,46286.003965057,46289.200425778,403.85,403.84
1.0,12,1,46289.222266257,46289.222266257,403.84,403.845
-1.0,152,3,46290.835789956,46290.835789956,403.84,403.835
1.0,367,7,46292.484353017,46294.30855821,403.835,403.885
-1.0,228,4,46294.487155023,46294.487155023,403.905,403.9
1.0,2,1,46294.487410051,46294.487410051,403.87,403.87
-1.0,200,3,46294.487787886,46294.488138155,403.865,403.84
1.0,787,18,46294.488201109,46305.002463993,403.835,404.02
-1.0,234,6,46305.936512456,46307.683764878,404.01,403.97
1.0,259,5,46307.701431118,46307.702128614,403.95,403.97
-1.0,47,3,46310.952605694,46310.952683816,404.04,404.025
1.0,34,2,46312.009909637,46312.977555681,404.035,404.035
-1.0,769,13,46317.930179199,46318.744426845,404.045,404.005
1.0,276,4,46320.193256031,46321.235714307,404.02,404.085
-1.0,19,2,46321.505282799,46321.505321539,404.095,404.08
1.0,10,1,46322.04463764,46322.04463764,404.075,404.08
-1.0,576,21,46322.287178408,46329.565662662,404.085,404.035
1.0,658,17,46330.976489833,46335.229838783,404.02,404.165
-1.0,33,1,46337.443187422,46337.443187422,404.155,404.145
1.0,2,1,46337.936326223,46337.936326223,404.155,404.155
-1.0,33,1,46340.586777204,46340.586777204,404.155,404.15
1.0,912,26,46341.977074297,46347.507429402,404.15,404.285
-1.0,688,7,46347.547205238,46348.557643514,404.295,404.22
1.0,85,1,46349.425522795,46349.425522795,404.235,404.24
-1.0,68,2,46351.396726118,46351.396726118,404.275,404.265
1.0,109,5,46354.147576983,46360.792933268,404.26,404.33
-1.0,356,8,46361.285320089,46364.185282496,404.325,404.25
1.0,352,7,46364.287662785,46365.609281981,404.235,404.265
-1.0,71,5,46367.484054088,46369.514781918,404.26,404.215
1.0,140,3,46373.654271233,46374.230086693,404.26,404.285
-1.0,66,2,46374.519597241,46374.519597241,404.29,404.28
1.0,517,9,46377.860772408,46378.609615142,404.27,404.3
-1.0,33,1,46380.0194414,46380.0194414,404.305,404.295
1.0,50,4,46380.114728001,46380.843462421,404.295,404.315
-1.0,925,15,46382.091905629,46389.278932423,404.36,404.315
1.0,1,1,46392.425778475,46392.425778475,404.305,404.305
-1.0,127,5,46392.477477394,46392.489622041,404.305,404.28
1.0,1143,26,46395.713642937,46397.358063273,404.28,404.355
-1.0,262,6,46398.268246126,46398.268915444,404.36,404.345
1.0,201,3,46398.602051568,46398.602092222,404.32,404.33
-1.0,65,5,46400.404671578,46402.571398649,404.355,404.305
1.0,1129,16,46405.192697189,46405.194064376,404.295,404.355
-1.0,50,1,46405.196338893,46405.196338893,404.365,404.36
1.0,200,3,46405.19693228,46405.208945143,404.345,404.355
-1.0,62,2,46405.571271132,46405.571271132,404.38,404.37
1.0,53,2,46406.226354908,46406.226354908,404.36,404.36
-1.0,1012,12,46408.636261986,46409.141220761,404.355,404.275
1.0,603,10,46409.141548949,46409.426898911,404.265,404.315
-1.0,69,2,46413.471918255,46413.472008044,404.33,404.31
1.0,105,2,46413.472168126,46417.357722385,404.31,404.32
-1.0,165,7,46419.829079835,46419.829115292,404.325,404.32
1.0,494,12,46420.112142485,46420.112212074,404.315,404.345
-1.0,100,1,46420.112231653,46420.112231653,404.345,404.33
1.0,331,5,46420.1122624,46420.11264258,404.345,404.355
-1.0,50,1,46420.112934849,46420.112934849,404.36,404.36
1.0,100,3,46420.114054663,46422.365584253,404.345,404.34
-1.0,103,4,46422.888871517,46427.588932806,404.35,404.335
1.0,978,14,46427.589032397,46436.655587954,404.32,404.365
-1.0,336,8,46436.925653007,46436.925657963,404.365,404.345
1.0,306,4,46436.925722131,46438.683378538,404.325,404.375
-1.0,197,6,46438.847559757,46439.626270539,404.385,404.355
1.0,1733,17,46440.575532749,46441.407604915,404.365,404.395
-1.0,483,7,46441.41027365,46442.447385136,404.395,404.375
1.0,600,4,46446.575262631,46446.575288181,404.39,404.395
-1.0,66,3,46447.032440102,46447.0324677,404.395,404.385
1.0,34,2,46447.103810019,46447.103839022,404.39,404.39
-1.0,70,6,46447.26080622,46448.690250071,404.395,404.39
1.0,1189,16,46450.17183952,46457.934818817,404.39,404.47
-1.0,142,7,46458.012632668,46458.628608307,404.465,404.455
1.0,366,13,46459.751119054,46460.627817174,404.47,404.535
-1.0,122,3,46460.643268052,46460.643268052,404.555,404.545
1.0,303,5,46460.654185777,46460.655363985,404.55,404.585
-1.0,371,9,46462.050314935,46467.796293588,404.575,404.53
1.0,192,3,46467.962345349,46468.714959428,404.525,404.59
-1.0,648,7,46469.381509172,46470.764102229,404.59,404.515
1.0,141,4,46470.764680436,46474.960029681,404.51,404.53
-1.0,33,1,46478.03152631,46478.03152631,404.54,404.53
1.0,344,5,46478.300963834,46478.301688385,404.53,404.56
-1.0,150,2,46478.314027127,46478.314027127,404.565,404.56
1.0,197,7,46482.071870173,46485.23434995,404.55,404.59
-1.0,57,1,46486.253872164,46486.253872164,404.605,404.605
1.0,13,2,46486.541572093,46489.168776826,404.6,404.625
-1.0,237,7,46489.981829672,46490.975063332,404.625,404.615
1.0,190,3,46491.051773718,46491.05179277,404.605,404.615
-1.0,68,2,46495.061003717,46495.061003717,404.62,404.615
1.0,230,4,46497.954277506,46498.065983933,404.62,404.64
-1.0,68,2,46499.880951884,46499.880951884,404.64,404.635
1.0,10,2,46501.115218689,46501.1152509,404.64,404.65
-1.0,183,4,46501.73831145,46502.63074359,404.64,404.65
1.0,9,1,46502.63167233,46502.63167233,404.63,404.64
-1.0,1,1,46502.649541183,46502.649541183,404.645,404.645
1.0,9,2,46506.005139347,46506.962412053,404.635,404.66
-1.0,1,1,46507.364976573,46507.364976573,404.67,404.67
1.0,2,1,46511.100694219,46511.100694219,404.68,404.68
-1.0,6,1,46512.248867898,46512.248867898,404.68,404.68
1.0,3367,18,46512.815219372,46514.570581122,404.68,404.72
-1.0,668,5,46515.469286465,46515.469302929,404.72,404.71
1.0,100,1,46515.469373244,46515.469373244,404.695,404.705
-1.0,220,3,46515.670755815,46515.673015596,404.7,404.685
1.0,6,1,46515.704938896,46515.704938896,404.68,404.68
-1.0,129,2,46515.765905665,46515.765905665,404.685,404.68
1.0,1383,21,46516.069195426,46517.469319461,404.68,404.765
-1.0,133,2,46517.469854811,46517.47259805,404.785,404.775
1.0,1,1,46519.108590361,46519.108590361,404.785,404.785
-1.0,85,2,46519.207403125,46519.20953323,404.785,404.775
1.0,99,2,46519.412027899,46519.412693631,404.775,404.8
-1.0,4,1,46519.420882498,46519.420882498,404.815,404.805
1.0,25,1,46522.168894259,46522.168894259,404.805,404.805
-1.0,66,2,46522.798220562,46522.798220562,404.81,404.805
1.0,33,4,46523.100669679,46525.100695163,404.81,404.82
-1.0,790,15,46525.389152499,46525.935513745,404.82,404.785
1.0,14,2,46526.170146594,46527.146226978,404.8,404.825
-1.0,148,5,46527.531983732,46527.956680595,404.82,404.815
1.0,290,5,46528.1006804,46529.279096824,404.83,404.845
-1.0,100,1,46529.288908913,46529.288908913,404.86,404.855
1.0,3,2,46530.100681732,46531.655694276,404.86,404.885
-1.0,32,3,46532.342809056,46532.343537839,404.88,404.86
1.0,23,5,46532.894412171,46538.100696767,404.85,404.88
-1.0,701,7,46538.794474861,46538.79496624,404.88,404.855
1.0,1,1,46539.100695575,46539.100695575,404.87,404.875
-1.0,47,2,46539.665867423,46539.667360883,404.865,404.85
1.0,676,21,46540.100711017,46540.29629925,404.855,404.895
-1.0,50,1,46541.30348426,46541.30348426,404.91,404.91
1.0,27,2,46541.560705749,46541.875508595,404.91,404.925
-1.0,1826,13,46541.87911281,46545.904080465,404.945,404.905
1.0,49,3,46545.994593,46545.994593,404.905,404.91
-1.0,82,2,46546.8508305,46546.8508305,404.91,404.905
1.0,145,8,46547.686983452,46554.429856644,404.9,404.96
-1.0,68,3,46554.821173431,46554.821250938,404.97,404.965
1.0,2814,86,46556.050286839,46560.508978424,404.955,405.02
-1.0,1183,24,46560.544462369,46568.800498372,405.04,405.02
1.0,108,3,46571.091714707,46571.091773528,405.02,405.03
-1.0,326,4,46572.182711323,46572.182711323,405.04,405.03
1.0,5,1,46572.190898688,46572.190898688,405.025,405.025
-1.0,233,11,46572.467595984,46572.4789022,405.025,404.995
1.0,12,1,46573.73316198,46573.73316198,405.015,405.015
-1.0,100,2,46575.079874717,46575.079895131,405.025,405.02
1.0,200,2,46575.0801844,46575.0801844,405.015,405.02
-1.0,119,5,46576.863690364,46578.925236565,405.025,405.005
1.0,1,1,46581.20295881,46581.20295881,405.0,405.005
-1.0,33,1,46581.453907623,46581.453907623,405.035,405.03
1.0,700,15,46582.116794277,46584.073783549,405.025,405.095
-1.0,31,1,46585.581745683,46585.581745683,405.105,405.09
1.0,3,1,46585.865250485,46585.865250485,405.085,405.095
-1.0,628,4,46587.062198805,46587.799405755,405.085,405.01
1.0,6,2,46590.177369223,46591.306813322,405.025,405.045
-1.0,767,8,46591.543136194,46597.231677737,405.055,404.985
1.0,100,1,46597.231729466,46597.231729466,404.98,404.985
-1.0,979,16,46599.064782135,46599.066415241,404.985,404.95
1.0,17,2,46599.070137242,46599.071128844,404.935,404.945
-1.0,100,2,46599.07183667,46599.071859907,404.945,404.94
1.0,2,1,46599.072355398,46599.072355398,404.94,404.95
-1.0,34,2,46600.413054947,46600.413054947,404.975,404.97
1.0,274,9,46600.852616112,46604.474566323,404.96,404.99
-1.0,100,1,46604.474980793,46604.474980793,405.005,404.99
1.0,4,1,46604.475546895,46604.475546895,404.99,404.99
-1.0,36,1,46605.616741629,46605.616741629,404.98,404.975
1.0,6,2,46607.457863122,46607.460360753,404.965,404.97
-1.0,437,6,46609.087615879,46609.087716618,404.99,404.95
1.0,132,2,46609.087798795,46609.088623781,404.945,404.95
-1.0,246,8,46609.136614669,46609.82358266,404.95,404.885
1.0,304,5,46612.632385939,46613.513846154,404.89,404.905
-1.0,498,13,46613.676443661,46619.712682914,404.925,404.785
1.0,3,1,46619.712682914,46619.712682914,404.785,404.8
-1.0,282,8,46619.712701544,46619.715743481,404.8,404.775
1.0,20,2,46619.715817063,46619.715906271,404.76,404.765
-1.0,1,1,46619.716129113,46619.716129113,404.775,404.765
1.0,16,1,46619.716567188,46619.716567188,404.765,404.765
-1.0,545,9,46619.717993965,46619.719909523,404.765,404.76
1.0,3,1,46619.769588204,46619.769588204,404.76,404.76
-1.0,813,8,46624.270502201,46626.194915082,404.805,404.705
1.0,1,1,46629.246584074,46629.246584074,404.745,404.75
-1.0,1282,17,46633.942827345,46640.391745853,404.76,404.65
1.0,287,4,46640.778443953,46640.778555031,404.655,404.67
-1.0,1602,29,46641.016312712,46650.843735724,404.675,404.55
1.0,1018,9,46651.813824642,46653.428294567,404.58,404.65
-1.0,472,13,46655.344805816,46661.84696141,404.655,404.57
1.0,100,2,46661.84711752,46661.847227494,404.535,404.535
-1.0,7020,90,46661.847297629,46672.417110122,404.535,404.39
1.0,17,1,46672.417713209,46672.417713209,404.37,404.375
-1.0,1064,30,46672.418229033,46672.504308348,404.375,404.39
1.0,21,1,46672.555130464,46672.555130464,404.37,404.405
-1.0,242,9,46672.913634188,46673.286285216,404.415,404.375
1.0,4,1,46673.286348016,46673.286348016,404.33,404.375
-1.0,1132,30,46673.698142373,46678.662817814,404.35,404.24
1.0,272,8,46680.441610649,46680.441640278,404.24,404.25
-1.0,33,1,46680.44599607,46680.44599607,404.28,404.265
1.0,495,10,46681.058716552,46681.657018194,404.26,404.325
-1.0,33,1,46681.782648078,46681.782648078,404.31,404.275
1.0,50,3,46681.78372631,46681.783762081,404.265,404.27
-1.0,1785,37,46682.368755162,46692.302790346,404.315,404.16
1.0,54,2,46692.302942358,46692.303127965,404.13,404.155
-1.0,1881,39,46694.836082207,46696.409294709,404.185,404.045
1.0,550,7,46696.51972965,46696.519746924,404.065,404.08
-1.0,15,1,46696.519757455,46696.519757455,404.085,404.085
1.0,483,9,46696.519812395,46696.520212195,404.085,404.1
-1.0,303,16,46696.579228842,46697.018506139,404.095,404.005
1.0,150,2,46697.018774155,46697.018863541,404.0,404.015
-1.0,139,4,46697.294841975,46697.295239348,404.015,404.005
1.0,586,9,46700.578004782,46706.101653208,404.015,404.115
-1.0,1,1,46706.102191164,46706.102191164,404.115,404.11
1.0,100,1,46706.102246241,46706.102246241,404.1,404.105
-1.0,290,6,46706.102415868,46706.21932253,404.11,404.085
1.0,100,2,46706.675008468,46706.675029558,404.08,404.09
-1.0,1264,17,46707.832158024,46713.070322125,404.115,404.015
1.0,1,1,46713.075816022,46713.075816022,403.99,403.99
-1.0,37,4,46713.494989148,46713.495020972,403.995,403.99
1.0,445,7,46713.659978951,46716.864818183,403.965,404.015
-1.0,2592,56,46720.517200857,46722.298074234,404.03,403.74
1.0,129,3,46722.327033839,46724.015869864,403.715,403.85
-1.0,331,8,46725.865482053,46726.009533052,403.86,403.835
1.0,111,6,46726.189271056,46727.332101456,403.85,403.875
-1.0,33,1,46730.990661422,46730.990661422,403.875,403.835
1.0,100,1,46732.627896835,46732.627896835,403.865,403.87
-1.0,28,2,46732.627996494,46732.628099725,403.91,403.91
1.0,40,2,46732.628388022,46732.62845754,403.91,403.91
-1.0,100,1,46739.991846133,46739.991846133,403.95,403.935
1.0,160,4,46740.6954061,46740.696432008,403.935,403.975
-1.0,5,1,46740.917405654,46740.917405654,403.97,403.96
1.0,10,2,46741.792050783,46741.792050783,403.96,403.965
-1.0,651,17,46746.006120529,46749.593985657,403.995,403.94
1.0,100,1,46749.594037153,46749.594037153,403.905,403.94
-1.0,9,2,46751.622041048,46751.791398617,403.92,403.885
1.0,111,2,46752.952812387,46752.952812387,403.9,403.905
-1.0,113,8,46752.968346532,46759.063545661,403.95,403.89
1.0,1604,14,46760.114497769,46768.151937515,403.855,403.975
-1.0,113,3,46769.355338717,46769.355338717,403.98,403.975
1.0,34,1,46769.355418211,46769.355418211,403.965,403.965
-1.0,979,12,46773.864095478,46777.634915606,404.015,403.96
1.0,213,3,46779.321874039,46780.584293217,403.955,404.0
-1.0,670,9,46783.030167187,46783.207982215,403.995,403.955
1.0,469,11,46789.30022471,46791.915301614,403.965,404.015
-1.0,37,2,46794.141668821,46794.141668821,404.02,404.015
1.0,359,9,46795.11307265,46797.783623923,404.015,404.07
-1.0,88,4,46798.60646078,46798.606519422,404.06,404.025
1.0,101,2,46798.60655517,46798.894627751,404.025,404.05
-1.0,835,9,46799.374286143,46803.000975149,404.06,404.02
1.0,4,2,46803.002402988,46805.982018572,404.015,404.0
-1.0,465,15,46807.355452399,46813.762561069,404.015,403.92
1.0,290,11,46817.214060394,46821.918891358,403.94,404.055
-1.0,65,2,46824.058279287,46824.058279287,404.05,404.03
1.0,392,2,46824.058301824,46824.058301824,403.995,404.03
-1.0,755,11,46824.416628621,46829.538845529,404.035,404.005
1.0,18,3,46829.538943637,46829.538981958,403.99,403.99
-1.0,209,15,46829.539094773,46849.131811625,403.99,403.855
1.0,606,18,46857.770237404,46860.88540913,403.87,403.925
-1.0,10,1,46861.398483969,46861.398483969,403.93,403.925
1.0,155,3,46864.725352147,46864.725352147,403.93,403.94
-1.0,1357,21,46867.594013009,46871.554600348,403.965,403.91
1.0,267,2,46875.523086181,46875.526643458,403.9,403.93
-1.0,101,6,46879.066585753,46880.911102098,403.94,403.88
1.0,1,1,46881.757086106,46881.757086106,403.885,403.895
-1.0,249,8,46884.168095163,46884.507237105,403.9,403.855
1.0,151,3,46884.782162683,46886.414415108,403.845,403.855
-1.0,137,4,46887.874909377,46887.899844793,403.86,403.82
1.0,83,1,46889.848408308,46889.848408308,403.805,403.82
-1.0,247,9,46889.848836117,46891.187435006,403.815,403.805
1.0,100,2,46893.860518087,46893.860539543,403.825,403.835
-1.0,56,3,46895.593482549,46895.844123612,403.845,403.81
1.0,265,4,46900.046839819,46900.593469876,403.82,403.82
-1.0,8,4,46900.747127732,46900.747989284,403.82,403.805
1.0,102,2,46900.74804971,46900.74804971,403.805,403.81
-1.0,372,12,46906.870064034,46912.80181408,403.85,403.805
1.0,100,1,46912.801963485,46912.801963485,403.795,403.8
-1.0,267,8,46912.802747491,46914.715789267,403.8,403.755
1.0,905,19,46917.083608543,46927.245473225,403.76,403.97
-1.0,264,5,46930.047039116,46930.963070356,404.005,403.98
1.0,209,3,46930.963105121,46932.085982734,403.975,404.025
-1.0,1697,16,46933.273839635,46936.508178881,404.02,403.975
1.0,52,2,46936.508714427,46936.508730878,403.97,403.98
-1.0,101,4,46936.737019599,46938.496213408,403.995,403.97
1.0,559,11,46940.956083665,46943.479216425,403.925,404.005
-1.0,903,21,46943.491242704,46946.100715598,404.0,403.915
1.0,351,8,46946.126641378,46951.318306044,403.905,403.945
-1.0,343,8,46954.941544372,46955.498235838,404.04,404.0
1.0,397,4,46957.156961084,46960.562502403,403.985,404.01
-1.0,839,8,46960.574719954,46960.948447642,404.005,403.93
1.0,150,2,46963.132369462,46963.133515713,403.945,403.96
-1.0,100,1,46965.358370412,46965.358370412,403.97,403.955
1.0,1,1,46968.458956921,46968.458956921,403.915,403.925
-1.0,3430,41,46969.262366337,46989.208547826,403.94,403.665
1.0,51,2,46989.378445091,46989.545102272,403.645,403.67
-1.0,231,4,46989.966811389,46990.022617057,403.675,403.655
1.0,151,3,46990.536784137,46990.536784137,403.655,403.665
-1.0,302,7,46990.644423377,46996.884389378,403.67,403.65
1.0,153,4,46999.001086897,46999.001109201,403.64,403.65
-1.0,51,2,47002.35406903,47002.35406903,403.65,403.645
1.0,312,5,47003.0560296,47003.080910134,403.635,403.665
-1.0,296,10,47004.19319724,47006.414076213,403.655,403.565
1.0,28,1,47006.415506721,47006.415506721,403.55,403.565
-1.0,89,4,47010.418193494,47010.459292224,403.57,403.545
1.0,49,1,47011.293915419,47011.293915419,403.545,403.555
-1.0,46,2,47012.414458926,47012.704269587,403.555,403.535
1.0,351,6,47014.116339086,47015.62843243,403.55,403.585
-1.0,262,9,47016.4423335,47016.46724223,403.62,403.565
1.0,123,2,47017.170028936,47019.445248499,403.575,403.585
-1.0,1184,33,47021.776522183,47033.437241318,403.585,403.51
1.0,1,1,47033.441656666,47033.441656666,403.495,403.505
-1.0,117,8,47033.706391646,47033.953943179,403.505,403.455
1.0,467,3,47033.95396296,47033.954089214,403.425,403.455
-1.0,61,1,47034.205568222,47034.205568222,403.455,403.45
1.0,165,5,47037.390068487,47037.390091179,403.465,403.475
-1.0,88,4,47037.874621297,47039.415727324,403.48,403.455
1.0,5,1,47041.358890839,47041.358890839,403.445,403.45
-1.0,73,3,47042.384183189,47042.384183189,403.47,403.455
1.0,5,1,47045.76432819,47045.76432819,403.465,403.475
-1.0,60,2,47045.803380286,47047.278707457,403.47,403.465
1.0,232,4,47049.981954437,47049.982088461,403.46,403.465
-1.0,1,1,47052.247055432,47052.247055432,403.49,403.48
1.0,93,3,47053.666483867,47053.666732487,403.455,403.465
-1.0,1160,33,47055.212509942,47062.330314494,403.465,403.32
1.0,115,4,47062.79647888,47069.556446325,403.315,403.345
-1.0,395,19,47071.919229069,47073.613883132,403.35,403.305
1.0,1,1,47073.951529805,47073.951529805,403.295,403.3
-1.0,552,18,47076.577274637,47080.606942571,403.305,403.225
1.0,385,4,47081.277048137,47081.287923204,403.22,403.25
-1.0,345,8,47082.3949021,47084.817861829,403.26,403.17
1.0,150,2,47084.819196158,47084.829463277,403.165,403.2
-1.0,694,15,47085.122560169,47085.623799573,403.2,403.14
1.0,31,1,47085.822859593,47085.822859593,403.145,403.15
-1.0,50,1,47086.360383006,47086.360383006,403.15,403.145
1.0,1050,23,47086.92564361,47092.182068052,403.155,403.33
-1.0,96,5,47092.264691701,47093.715399804,403.325,403.29
1.0,50,2,47094.169071497,47094.169090431,403.275,403.28
-1.0,63,3,47095.542907189,47095.688926496,403.285,403.26
1.0,100,2,47098.993238484,47098.993271158,403.275,403.28
-1.0,141,6,47101.261948441,47101.5335509,403.315,403.27
1.0,260,3,47101.542458703,47103.788615045,403.255,403.285
-1.0,89,3,47104.087101837,47104.087101837,403.295,403.29
1.0,213,4,47106.245225158,47106.245560498,403.23,403.245
-1.0,36,4,47107.262860887,47107.262974431,403.25,403.245
1.0,300,3,47108.286030029,47108.286070897,403.245,403.26
-1.0,49,4,47108.713614042,47109.516842667,403.26,403.26
1.0,100,3,47110.82693002,47110.861379639,403.26,403.265
-1.0,129,3,47111.114108167,47111.505329826,403.26,403.235
1.0,1,1,47112.314591215,47112.314591215,403.245,403.25
-1.0,35,2,47112.799527249,47113.755885908,403.25,403.225
1.0,320,5,47115.438727343,47115.997969576,403.225,403.255
-1.0,169,9,47117.500704308,47120.71663305,403.285,403.255
1.0,200,4,47121.148797758,47121.149023237,403.25,403.265
-1.0,1588,26,47121.641093751,47138.459354529,403.28,403.125
1.0,250,5,47139.957969401,47142.482414785,403.125,403.14
-1.0,5,1,47144.005048467,47144.005048467,403.18,403.17
1.0,100,1,47145.754635949,47145.754635949,403.16,403.175
-1.0,242,3,47146.921538537,47146.922766788,403.17,403.13
1.0,728,14,47148.515435205,47156.847897119,403.15,403.185
-1.0,448,11,47157.366573448,47162.528508941,403.195,403.145
1.0,200,3,47164.306006897,47165.101053118,403.135,403.17
-1.0,1117,11,47166.850679325,47167.987995531,403.18,403.14
1.0,3,1,47168.100690178,47168.100690178,403.15,403.15
-1.0,1,1,47168.124019285,47168.124019285,403.15,403.15
1.0,767,15,47168.150737992,47173.100675418,403.145,403.2
-1.0,1,1,47173.599514359,47173.599514359,403.2,403.2
1.0,5,1,47174.10068005,47174.10068005,403.2,403.2
-1.0,30,1,47174.696777508,47174.696777508,403.2,403.19
1.0,4,1,47175.100657531,47175.100657531,403.17,403.17
-1.0,183,5,47176.408277217,47176.490187205,403.17,403.145
1.0,350,5,47176.806249129,47178.653769401,403.13,403.15
-1.0,23,1,47178.653810251,47178.653810251,403.155,403.155
1.0,100,1,47179.400415135,47179.400415135,403.15,403.16
-1.0,442,12,47180.988549893,47183.593187654,403.16,403.12
1.0,508,7,47186.533940984,47192.928344442,403.115,403.205
-1.0,66,4,47194.196266851,47195.121243111,403.2,403.185
1.0,240,8,47195.927511617,47202.428377024,403.185,403.25
-1.0,286,7,47202.428438905,47203.744446201,403.26,403.22
1.0,100,1,47204.769796812,47204.769796812,403.215,403.22
-1.0,4129,19,47204.787605577,47207.58475266,403.25,403.195
1.0,3,1,47208.395791873,47208.395791873,403.19,403.19
-1.0,232,10,47210.878290016,47212.063074713,403.19,403.145
1.0,250,5,47212.137437618,47215.030089689,403.115,403.14
-1.0,121,6,47215.731124718,47216.486598387,403.15,403.085
1.0,16,1,47217.258731845,47217.258731845,403.08,403.08
-1.0,86,2,47217.781516176,47217.786029193,403.085,403.06
1.0,154,1,47220.335345973,47220.335345973,403.065,403.075
-1.0,191,6,47220.558546907,47223.199854006,403.08,403.055
1.0,301,8,47224.143073754,47226.861947071,403.06,403.115
-1.0,437,11,47230.094526163,47230.746075569,403.12,403.095
1.0,62,2,47231.829696223,47231.829763693,403.075,403.08
-1.0,143,5,47232.404625478,47232.956866244,403.095,403.06
1.0,441,11,47234.390917655,47245.682620628,403.075,403.205
-1.0,1189,30,47247.320193964,47254.24517593,403.215,403.065
1.0,1,1,47255.522598565,47255.522598565,403.06,403.065
-1.0,95,1,47256.59916261,47256.59916261,403.05,403.05
1.0,415,6,47257.272669965,47258.518789414,403.07,403.125
-1.0,148,7,47259.165950174,47267.122817298,403.135,403.085
1.0,16,1,47270.020800151,47270.020800151,403.07,403.07
-1.0,760,30,47270.74221077,47272.857447431,403.05,403.005
1.0,261,5,47273.764580955,47275.663216165,403.005,403.035
-1.0,133,6,47277.15533437,47281.596681059,403.035,403.04
1.0,116,5,47282.394244012,47283.805064076,403.045,403.11
-1.0,35,2,47285.221354598,47285.221375568,403.11,403.1
1.0,100,2,47285.265010959,47285.265031807,403.07,403.085
-1.0,30,2,47285.391195027,47286.086553286,403.09,403.055
1.0,222,5,47286.695978482,47290.722790544,403.055,403.105
-1.0,34,1,47291.492466999,47291.492466999,403.1,403.085
1.0,252,4,47291.757432774,47291.760105124,403.08,403.13
-1.0,40,6,47291.760252307,47298.937527318,403.13,403.085
1.0,265,3,47299.713258981,47299.713258981,403.1,403.115
-1.0,61,2,47301.110236732,47301.110236732,403.15,403.14
1.0,100,1,47305.346027775,47305.346027775,403.13,403.14
-1.0,125,4,47305.822831522,47306.844529741,403.145,403.125
1.0,59,3,47308.215073077,47309.317210548,403.13,403.15
-1.0,62,3,47311.126816266,47311.126840289,403.15,403.145
1.0,321,6,47312.08037897,47313.068028228,403.14,403.195
-1.0,31,2,47313.081530104,47313.081569201,403.2,403.185
1.0,2,1,47313.387703791,47313.387703791,403.18,403.185
-1.0,36,3,47313.519030169,47313.772088428,403.2,403.18
1.0,2,1,47315.254498649,47315.254498649,403.2,403.205
-1.0,34,2,47316.080501518,47318.184728351,403.2,403.185
1.0,207,4,47319.210074517,47321.120821648,403.2,403.24
-1.0,42,2,47321.799256962,47321.799256962,403.24,403.225
1.0,106,2,47323.47648512,47323.47648512,403.235,403.245
-1.0,13,1,47323.538476346,47323.538476346,403.255,403.255
1.0,106,2,47323.541864762,47323.541864762,403.255,403.27
-1.0,5866,15,47325.253684244,47328.531036845,403.28,403.25
1.0,1,1,47329.011383029,47329.011383029,403.24,403.25
-1.0,50,1,47329.466642961,47329.466642961,403.26,403.255
1.0,361,5,47329.829733423,47329.829752006,403.26,403.265
-1.0,20,3,47330.423790604,47330.423790604,403.265,403.265
1.0,3,2,47330.432103561,47330.920897748,403.26,403.26
-1.0,3,1,47332.085019325,47332.085019325,403.285,403.285
1.0,200,2,47332.877706374,47332.877706374,403.275,403.285
-1.0,1029,10,47333.411378213,47334.320165078,403.28,403.24
1.0,258,6,47338.482252013,47338.904198953,403.235,403.275
-1.0,1185,17,47340.004062732,47342.746816969,403.29,403.205
1.0,76,2,47343.899949048,47343.899949048,403.22,403.22
-1.0,38,3,47345.712770398,47347.378691431,403.205,403.22
1.0,225,3,47348.42061268,47353.774079718,403.23,403.31
-1.0,778,20,47354.224249414,47364.456103226,403.305,403.26
1.0,340,8,47364.781093094,47367.295799574,403.26,403.325
-1.0,228,2,47368.383159694,47368.383159694,403.345,403.33
1.0,50,1,47369.478764349,47369.478764349,403.335,403.345
-1.0,129,5,47372.017695682,47372.100736964,403.35,403.325
1.0,193,2,47372.793905639,47375.363824934,403.295,403.325
-1.0,4,2,47377.585801779,47378.760097504,403.34,403.345
1.0,100,1,47383.623402399,47383.623402399,403.34,403.35
-1.0,33,1,47384.363856153,47384.363856153,403.36,403.355
1.0,107,3,47385.162172941,47385.16219266,403.36,403.37
-1.0,551,15,47390.209656814,47393.802170472,403.405,403.39
1.0,262,2,47394.321517834,47394.321639868,403.39,403.395
-1.0,500,8,47394.547249717,47394.548598364,403.41,403.385
1.0,50,2,47394.939547729,47394.939578513,403.385,403.39
-1.0,178,5,47396.304934268,47397.306017991,403.395,403.405
1.0,103,3,47398.323004834,47398.741155785,403.415,403.44
-1.0,129,4,47399.307292439,47401.404955916,403.445,403.395
1.0,20,2,47401.837221233,47401.83725085,403.39,403.395
-1.0,800,22,47402.110767586,47409.82039883,403.415,403.375
1.0,29,1,47410.321047151,47410.321047151,403.365,403.37
-1.0,204,9,47410.604807774,47411.952643208,403.365,403.35
1.0,150,2,47411.953083868,47411.95338116,403.33,403.355
-1.0,205,7,47412.962162461,47415.464846172,403.37,403.36
1.0,300,8,47415.613908414,47419.040942239,403.35,403.455
-1.0,3,1,47419.044962668,47419.044962668,403.485,403.465
1.0,58,7,47419.264461339,47419.265138107,403.48,403.505
-1.0,214,6,47419.55853959,47420.55906328,403.51,403.505
1.0,57,2,47420.925401828,47420.925401828,403.51,403.52
-1.0,280,10,47425.019609138,47428.044869274,403.53,403.49
1.0,20,2,47431.019582119,47431.170005541,403.535,403.575
-1.0,263,8,47431.945036491,47437.32420469,403.58,403.565
1.0,400,5,47438.868530266,47438.869188296,403.56,403.575
-1.0,34,1,47442.331496131,47442.331496131,403.58,403.57
1.0,367,7,47444.526415306,47445.140227856,403.57,403.6
-1.0,29,1,47446.839161838,47446.839161838,403.65,403.645
1.0,204,5,47452.096866071,47452.860840862,403.665,403.72
-1.0,115,6,47458.636206668,47458.63648367,403.79,403.775
1.0,100,1,47458.636507215,47458.636507215,403.77,403.77
-1.0,375,9,47458.636821232,47459.763055233,403.775,403.75
1.0,68,1,47461.315882827,47461.315882827,403.75,403.765
-1.0,1,1,47465.817707136,47465.817707136,403.78,403.765
1.0,320,5,47468.151674118,47469.733658507,403.765,403.88
-1.0,107,7,47471.452504908,47474.386205725,403.915,403.885
1.0,650,13,47477.00558473,47486.905044478,403.895,403.985
-1.0,208,7,47490.253179018,47491.835156323,404.005,403.965
1.0,1,1,47492.282964115,47492.282964115,403.955,403.965
-1.0,4,1,47492.283042516,47492.283042516,403.97,403.96
1.0,171,6,47492.283150243,47492.283381148,403.955,403.965
-1.0,29,1,47492.434396971,47492.434396971,403.99,403.985
1.0,301,5,47496.5180414,47496.518056437,403.985,403.99
-1.0,129,3,47499.362175633,47499.362453681,404.025,404.015
1.0,171,4,47500.655182519,47500.65520922,403.995,404.0
-1.0,92,3,47500.908939262,47501.834022821,404.015,404.0
1.0,10,1,47502.062721688,47502.062721688,404.0,404.0
-1.0,712,8,47502.222896791,47505.190203543,404.01,403.965
1.0,268,6,47509.646617104,47510.018569962,403.955,403.985
-1.0,455,12,47513.074072647,47517.685226543,404.01,403.935
1.0,146,3,47518.006243282,47518.006505511,403.94,403.96
-1.0,1237,13,47518.00788224,47519.539227308,403.955,403.91
1.0,161,4,47519.798618782,47519.80280938,403.92,403.935
-1.0,1025,6,47520.895452575,47524.692304136,403.955,403.9
1.0,231,7,47528.833594779,47532.017931779,403.91,403.95
-1.0,163,4,47532.533759367,47533.425577712,403.95,403.91
1.0,317,5,47535.558067861,47535.645160474,403.91,403.94
-1.0,28,1,47538.830415613,47538.830415613,403.955,403.955
1.0,18,2,47539.092051282,47539.82016907,403.95,403.98
-1.0,935,10,47541.94053625,47552.731938482,403.985,403.925
1.0,21,3,47556.833788825,47556.833788825,403.925,403.935
-1.0,911,10,47562.670385173,47572.203113888,403.96,403.935
1.0,883,12,47574.508739946,47580.026119909,403.95,404.0
-1.0,245,12,47580.02660391,47580.066710643,404.005,403.96
1.0,143,4,47580.383448349,47580.389559419,403.96,403.98
-1.0,237,5,47581.034034328,47583.274574883,403.99,403.945
1.0,93,1,47583.557366297,47583.557366297,403.94,403.94
-1.0,70,4,47585.319430618,47587.443828675,403.98,403.935
1.0,611,16,47588.839926912,47595.808246651,403.925,403.995
-1.0,59,3,47595.815849105,47595.818494065,403.995,403.98
1.0,713,14,47595.826758444,47596.374789651,403.985,404.0
-1.0,155,3,47596.387481885,47596.387515179,403.995,403.995
1.0,122,5,47596.572389617,47597.400811828,404.005,404.045
-1.0,1283,14,47598.569884394,47603.317333454,404.055,404.005
1.0,300,3,47610.390642596,47610.390877793,404.0,404.01
-1.0,261,6,47610.390987751,47610.391205029,404.005,403.99
1.0,100,1,47610.39167936,47610.39167936,403.99,403.995
-1.0,301,11,47610.397907057,47615.268974505,403.995,403.96
1.0,52,2,47615.433728098,47615.433728098,403.96,403.97
-1.0,30,2,47615.503181529,47615.503181529,403.97,403.965
1.0,126,5,47621.583509083,47623.697895756,403.99,404.04
-1.0,880,25,47624.260909457,47634.535944388,404.045,403.955
1.0,169,5,47636.521509308,47637.911205952,403.955,403.985
-1.0,35,3,47640.063586005,47640.063586005,404.015,404.01
1.0,211,6,47642.336037691,47642.336114593,404.015,404.035
-1.0,53,2,47642.628729317,47644.947393964,404.055,404.035
1.0,428,8,47646.052722279,47650.813895814,404.025,404.165
-1.0,499,10,47651.214153906,47655.401363696,404.16,404.11
1.0,13,1,47657.815881297,47657.815881297,404.075,404.085
-1.0,243,5,47659.188819172,47659.188849155,404.09,404.075
1.0,15,1,47659.612996418,47659.612996418,404.055,404.065
-1.0,143,8,47661.705561074,47666.796372436,404.07,404.035
1.0,18,1,47671.318036499,47671.318036499,404.02,404.025
-1.0,1143,16,47672.540342097,47680.295462438,404.035,403.955
1.0,26,2,47680.299591797,47680.299591797,403.965,403.97
-1.0,1258,6,47681.538288473,47681.538303497,403.985,403.97
1.0,160,5,47681.538494546,47683.880067662,403.96,403.97
-1.0,131,2,47686.126278915,47686.126278915,403.975,403.97
1.0,356,5,47686.908415152,47686.908436299,403.975,403.98
-1.0,4,1,47686.913607288,47686.913607288,404.01,404.005
1.0,28,2,47687.200427234,47687.446772589,404.01,404.05
-1.0,149,16,47689.911918252,47706.93279849,404.04,403.945
1.0,139,3,47709.903275424,47710.506258942,403.955,404.005
-1.0,50,1,47711.599028091,47711.599028091,404.015,404.005
1.0,13,2,47712.653204904,47713.662214334,403.995,404.02
-1.0,43,4,47714.25556156,47714.362105414,404.015,403.985
1.0,4,1,47715.352356273,47715.352356273,403.98,403.98
-1.0,160,6,47717.022797233,47717.120889668,403.98,403.96
1.0,23,1,47717.749134122,47717.749134122,403.96,403.97
-1.0,65,4,47719.170626957,47720.137299273,403.975,403.94
1.0,507,12,47722.758087316,47730.784097275,403.94,403.99
-1.0,55,2,47730.784733051,47730.910025005,404.015,403.995
1.0,564,8,47734.562003981,47739.754836153,403.98,404.015
-1.0,40,2,47740.339300564,47740.339300564,404.025,404.01
1.0,107,2,47740.864920687,47740.864920687,404.02,404.025
-1.0,459,14,47742.81777207,47748.911853287,404.02,403.935
1.0,26,3,47750.939693267,47755.656522098,403.94,403.97
-1.0,94,5,47756.671868087,47758.280374702,403.975,403.93
1.0,100,1,47763.388721315,47763.388721315,403.95,403.96
-1.0,94,8,47765.653486154,47771.017356779,403.96,403.935
1.0,165,6,47775.417801224,47775.417827304,403.935,403.945
-1.0,28,1,47777.429672926,47777.429672926,403.945,403.935
1.0,147,8,47781.390729611,47784.572104646,403.935,403.995
-1.0,32,2,47792.971915464,47792.971950726,404.03,404.015
1.0,10,1,47797.483544876,47797.483544876,404.01,404.015
-1.0,1206,23,47798.046122028,47812.34680394,404.015,403.95
1.0,2,1,47814.725414053,47814.725414053,403.94,403.945
-1.0,509,23,47815.249360122,47818.604532042,403.94,403.875
1.0,227,5,47819.501991781,47822.76722761,403.865,403.93
-1.0,60,4,47823.099658294,47833.939191771,403.94,403.885
1.0,50,4,47839.60991817,47839.610194874,403.88,403.89
-1.0,159,4,47839.908214602,47839.909219044,403.88,403.86
1.0,42,4,47840.732485696,47842.021413066,403.875,403.89
-1.0,240,7,47843.432041619,47850.680035811,403.895,403.855
1.0,34,1,47851.401125536,47851.401125536,403.845,403.845
-1.0,170,13,47851.433631011,47862.392404238,403.845,403.82
1.0,1,1,47868.021474782,47868.021474782,403.83,403.835
-1.0,31,1,47869.063263051,47869.063263051,403.84,403.825
1.0,308,11,47870.891326754,47872.927818429,403.83,403.9
-1.0,60,2,47875.764151844,47875.764151844,403.92,403.91
1.0,104,2,47879.516106775,47883.349173874,403.86,403.915
-1.0,193,9,47883.766435705,47885.219010679,403.92,403.835
1.0,1,1,47885.219703521,47885.219703521,403.825,403.825
-1.0,393,19,47888.44629894,47898.289281125,403.83,403.745
1.0,100,1,47900.493899692,47900.493899692,403.74,403.745
-1.0,59,3,47903.012645395,47903.012645395,403.755,403.75
1.0,5,1,47903.012683499,47903.012683499,403.735,403.75
-1.0,684,32,47904.168043979,47919.210777221,403.75,403.59
1.0,22,1,47919.818449682,47919.818449682,403.58,403.585
-1.0,407,13,47920.548452361,47924.734190628,403.625,403.53
1.0,100,2,47928.298239663,47928.298263586,403.535,403.54
-1.0,72,3,47929.686222072,47933.709652279,403.555,403.52
1.0,100,1,47934.882823459,47934.882823459,403.525,403.53
-1.0,850,5,47937.022140467,47938.923475279,403.54,403.515
1.0,202,3,47938.924238306,47938.924384121,403.51,403.525
-1.0,61,6,47938.924457461,47938.924774432,403.525,403.515
1.0,159,3,47939.534174082,47939.534225249,403.525,403.54
-1.0,59,2,47944.072835953,47944.072835953,403.56,403.545
1.0,225,7,47946.381665371,47947.867798826,403.545,403.61
-1.0,135,6,47953.560791442,47954.852283148,403.665,403.605
1.0,100,1,47954.852479661,47954.852479661,403.6,403.605
-1.0,11,1,47955.065269809,47955.065269809,403.625,403.625
1.0,100,2,47955.070718969,47955.070799045,403.595,403.62
-1.0,34,2,47955.700902107,47955.853262128,403.6,403.58
1.0,117,5,47960.620837137,47971.420833352,403.605,403.71
-1.0,61,3,47972.662330534,47972.662472116,403.72,403.715
1.0,13,4,47976.955928853,47978.749478212,403.705,403.78
-1.0,1,1,47983.215950199,47983.215950199,403.785,403.785
1.0,119,4,47985.073998176,47987.800923419,403.8,403.845
-1.0,30,1,47990.026992022,47990.026992022,403.845,403.84
1.0,99,3,47994.889767968,47994.895494349,403.85,403.865
-1.0,539,20,47998.643199228,48010.090744264,403.895,403.81
1.0,69,1,48010.09076402,48010.09076402,403.795,403.81
-1.0,58,7,48010.314740153,48010.320566227,403.81,403.79
1.0,217,8,48013.408118614,48013.409711828,403.81,403.835
-1.0,141,4,48015.48536492,48020.027464125,403.855,403.83
1.0,47,7,48022.567505831,48023.779512614,403.835,403.87
-1.0,893,29,48024.093752411,48032.890769476,403.86,403.695
1.0,332,7,48034.411635244,48035.017930152,403.67,403.695
-1.0,535,21,48035.435192005,48043.584592189,403.695,403.565
1.0,100,1,48047.963143696,48047.963143696,403.575,403.58
-1.0,8,1,48049.139745256,48049.139745256,403.6,403.6
1.0,166,3,48050.909187741,48050.909212508,403.605,403.615
-1.0,231,11,48053.294818205,48055.539890448,403.645,403.6
1.0,1,1,48059.648293002,48059.648293002,403.62,403.63
-1.0,42,3,48059.902914285,48059.902914285,403.635,403.63
1.0,25,3,48060.980019408,48062.077187437,403.645,403.675
-1.0,206,9,48065.22416099,48066.40660992,403.67,403.59
1.0,169,4,48067.186306081,48079.273637778,403.57,403.685
-1.0,295,13,48083.380806636,48094.618019237,403.71,403.625
1.0,212,4,48095.361175037,48096.206907166,403.62,403.66
-1.0,5,2,48097.280041643,48097.280075359,403.68,403.675
1.0,1,1,48097.609958427,48097.609958427,403.675,403.68
-1.0,3,2,48097.61245544,48097.61245544,403.695,403.685
1.0,57,2,48098.205814006,48099.346771959,403.685,403.745
-1.0,1032,11,48107.540070754,48108.043677465,403.76,403.72
1.0,2,1,48108.207256091,48108.207256091,403.71,403.715
-1.0,34,2,48111.306271853,48111.306271853,403.735,403.73
1.0,20,2,48114.48643081,48114.488169291,403.735,403.74
-1.0,7,1,48117.329898135,48117.329898135,403.745,403.745
1.0,1,1,48119.518625311,48119.518625311,403.745,403.76
-1.0,22,2,48120.684076847,48120.86117303,403.77,403.775
1.0,82,4,48121.093385222,48122.053943566,403.775,403.805
-1.0,26,1,48122.190826035,48122.190826035,403.805,403.8
1.0,228,7,48125.377036258,48131.074261002,403.8,403.855
-1.0,803,18,48134.39797653,48138.523792885,403.875,403.84
1.0,150,3,48138.524003582,48138.524053914,403.835,403.84
-1.0,99,4,48139.980417196,48140.060404842,403.825,403.805
1.0,1,1,48140.394671655,48140.394671655,403.795,403.8
-1.0,28,1,48144.763504693,48144.763504693,403.805,403.8
1.0,138,5,48145.745364236,48146.645620726,403.8,403.825
-1.0,674,24,48146.646782997,48158.717684819,403.825,403.675
1.0,224,5,48163.304035351,48164.865845801,403.635,403.67
-1.0,188,12,48167.265904144,48169.367861484,403.66,403.625
1.0,138,3,48170.356816969,48170.357405064,403.615,403.64
-1.0,260,8,48173.422871308,48173.42743742,403.63,403.59
1.0,5,1,48173.463257586,48173.463257586,403.59,403.59
-1.0,50,3,48174.027251508,48174.027251508,403.605,403.605
1.0,50,3,48174.027772235,48174.027854114,403.59,403.595
-1.0,97,1,48174.028613569,48174.028613569,403.6,403.6
1.0,204,7,48177.637458019,48177.884089112,403.605,403.625
-1.0,350,8,48178.252220162,48178.42581622,403.635,403.62
1.0,21,2,48179.516409246,48179.516814929,403.61,403.615
-1.0,156,5,48182.409881903,48182.40992284,403.63,403.625
1.0,2,1,48183.12052201,48183.12052201,403.615,403.62
-1.0,38,2,48183.162826599,48183.162826599,403.63,403.625
1.0,366,6,48183.952958176,48184.234904437,403.615,403.655
-1.0,335,9,48184.416363638,48189.561452028,403.66,403.605
1.0,1,1,48190.435973082,48190.435973082,403.605,403.61
-1.0,29,3,48191.57139291,48191.57146348,403.61,403.605
1.0,308,6,48191.601313012,48193.126237705,403.6,403.615
-1.0,166,7,48195.23962303,48195.289244482,403.6,403.57
1.0,106,4,48200.640288489,48200.641587427,403.565,403.57
-1.0,336,14,48201.106491626,48208.522664417,403.575,403.515
1.0,100,1,48209.027184595,48209.027184595,403.505,403.515
-1.0,375,9,48209.519925015,48209.520353918,403.51,403.505
1.0,50,2,48209.520627004,48209.520931142,403.5,403.505
-1.0,110,3,48209.526566931,48209.530568932,403.51,403.505
1.0,475,14,48210.225316395,48212.54517068,403.51,403.585
-1.0,157,3,48215.09205432,48215.09205432,403.6,403.58
1.0,406,6,48215.093140958,48217.772764721,403.57,403.61
-1.0,62,2,48218.253116045,48218.253116045,403.62,403.615
1.0,20,2,48219.140180011,48219.580297946,403.615,403.66
-1.0,377,9,48219.971103367,48226.64608157,403.655,403.595
1.0,103,3,48226.695780414,48226.695843099,403.595,403.6
-1.0,1218,13,48229.563899336,48230.315135339,403.61,403.56
1.0,233,7,48231.594505287,48234.124109277,403.555,403.635
-1.0,161,4,48234.124130317,48234.386181527,403.645,403.63
1.0,1,1,48235.017960686,48235.017960686,403.61,403.615
-1.0,151,3,48237.993231454,48237.993268618,403.64,403.62
1.0,222,5,48239.498192113,48243.514030395,403.64,403.675
-1.0,164,6,48249.897249327,48250.637595956,403.67,403.625
1.0,101,3,48250.823886423,48251.442510537,403.6,403.635
-1.0,346,9,48253.297287786,48254.069748383,403.6,403.565
1.0,100,1,48254.341647299,48254.341647299,403.57,403.575
-1.0,136,4,48254.534083686,48255.02933492,403.585,403.545
1.0,100,2,48257.566529655,48257.566554084,403.57,403.57
-1.0,150,6,48258.588255953,48258.606510227,403.565,403.545
1.0,10,1,48258.785402324,48258.785402324,403.535,403.54
-1.0,59,2,48261.814224205,48261.814224205,403.545,403.54
1.0,100,2,48262.87920431,48262.879224398,403.525,403.53
-1.0,111,4,48266.105993761,48266.106027574,403.535,403.525
1.0,182,6,48269.242963104,48269.243624572,403.54,403.555
-1.0,136,7,48269.269133587,48272.520854757,403.55,403.525
1.0,33,2,48275.304577828,48275.305397963,403.525,403.55
-1.0,126,2,48276.59361482,48276.59361482,403.54,403.54
1.0,66,5,48277.850414758,48277.85458399,403.54,403.56
-1.0,55,2,48279.176762659,48279.176762659,403.61,403.605
1.0,50,1,48281.740214596,48281.740214596,403.59,403.595
-1.0,26,2,48281.740239913,48281.740305316,403.61,403.595
1.0,52,1,48281.740355586,48281.740355586,403.605,403.605
-1.0,80,1,48281.740364727,48281.740364727,403.605,403.605
1.0,148,2,48281.740380177,48281.740380177,403.605,403.61
-1.0,20,1,48281.740385182,48281.740385182,403.605,403.6
1.0,105,2,48281.740805201,48283.836522215,403.6,403.625
-1.0,30,1,48283.836994136,48283.836994136,403.635,403.635
1.0,200,2,48284.157854904,48284.157854904,403.625,403.63
-1.0,100,2,48285.812825785,48285.812859356,403.65,403.64
1.0,101,2,48289.044181963,48289.044218013,403.645,403.665
-1.0,102,2,48289.573760492,48289.603560382,403.685,403.665
1.0,217,4,48291.494960049,48291.495888407,403.67,403.695
-1.0,5,2,48291.496169596,48291.496228678,403.7,403.695
1.0,2,1,48291.496276556,48291.496276556,403.695,403.7
-1.0,252,8,48291.496355996,48291.496427345,403.705,403.695
1.0,1,1,48291.496571044,48291.496571044,403.685,403.695
-1.0,117,8,48291.496634567,48295.781104908,403.685,403.685
1.0,899,1,48295.78112486,48295.78112486,403.665,403.685
-1.0,223,9,48295.781607737,48298.187498218,403.67,403.64
1.0,173,3,48299.526195086,48300.015467215,403.645,403.675
-1.0,44,2,48303.859819841,48303.860065231,403.71,403.695
1.0,100,2,48305.32013823,48305.320159658,403.7,403.71
-1.0,235,8,48305.420001384,48313.095247916,403.725,403.7
1.0,36,4,48317.735824665,48323.93534051,403.71,403.75
-1.0,88,3,48325.891975821,48325.891975821,403.77,403.76
1.0,1,1,48330.554884071,48330.554884071,403.81,403.815
-1.0,197,8,48335.301972994,48335.793379579,403.805,403.785
1.0,274,7,48336.254130106,48340.65652074,403.785,403.85
-1.0,68,5,48340.754499306,48340.754808722,403.855,403.85
1.0,677,18,48343.100686449,48349.547852619,403.85,403.97
-1.0,567,4,48349.619157676,48349.619157676,403.97,403.96
1.0,276,4,48349.825312258,48350.014378248,403.945,403.95
-1.0,1195,5,48350.848735525,48350.84877011,403.94,403.925
1.0,4,2,48355.100682456,48358.100676505,403.93,403.93
-1.0,264,8,48358.335252813,48358.347490202,403.93,403.9
1.0,277,9,48360.668327763,48362.646074008,403.895,403.97
-1.0,130,3,48363.976083102,48366.132895015,403.965,403.94
1.0,50,1,48366.133711107,48366.133711107,403.915,403.92
-1.0,122,3,48368.597316626,48368.597316626,403.945,403.92
1.0,150,2,48368.600282433,48368.600282433,403.915,403.925
-1.0,32,1,48368.949540764,48368.949540764,403.945,403.93
1.0,10,1,48368.988592807,48368.988592807,403.93,403.935
-1.0,60,3,48372.272683543,48372.272714364,403.92,403.915
1.0,20,1,48374.404910829,48374.404910829,403.91,403.915
-1.0,262,12,48376.622802906,48384.619716016,403.91,403.895
1.0,7,1,48388.735020415,48388.735020415,403.9,403.91
-1.0,31,4,48392.698630151,48392.715107254,403.92,403.895
1.0,46,2,48393.696480814,48395.134663938,403.885,403.915
-1.0,135,5,48396.369004325,48396.654727851,403.92,403.89
1.0,16,3,48400.563320356,48400.563645764,403.88,403.88
-1.0,131,4,48401.031889918,48401.054440274,403.885,403.855
1.0,105,2,48403.851827979,48403.851827979,403.87,403.88
-1.0,229,11,48404.616013748,48410.071636112,403.88,403.825
1.0,300,3,48411.353344951,48411.353566033,403.815,403.82
-1.0,10,1,48412.39937152,48412.39937152,403.84,403.835
1.0,200,2,48417.426005535,48417.527472395,403.84,403.86
-1.0,64,8,48420.798501346,48432.262449693,403.86,403.775
1.0,17,1,48432.891863572,48432.891863572,403.78,403.785
-1.0,160,6,48435.024371005,48436.298182933,403.795,403.76
1.0,262,3,48439.582532291,48439.582543468,403.77,403.775
-1.0,28,3,48440.73683489,48441.044631979,403.79,403.74
1.0,1,1,48441.725633504,48441.725633504,403.73,403.735
-1.0,207,7,48447.271084025,48447.591925147,403.73,403.71
1.0,152,4,48447.875571052,48449.71303464,403.71,403.735
-1.0,2,1,48449.716471504,48449.716471504,403.735,403.73
1.0,35,1,48452.161424447,48452.161424447,403.745,403.75
-1.0,974,43,48452.36453727,48461.039141052,403.76,403.625
1.0,100,2,48461.476835058,48461.476859602,403.62,403.63
-1.0,627,12,48462.929255501,48472.185056896,403.64,403.595
1.0,155,9,48474.383113354,48478.778601245,403.595,403.69
-1.0,47,2,48479.385606895,48482.466200333,403.69,403.65
1.0,227,8,48485.19227905,48492.446241556,403.665,403.76
-1.0,184,4,48492.83855482,48492.910505729,403.78,403.75
1.0,241,8,48502.506839483,48506.518708719,403.765,403.85
-1.0,27,1,48506.68990753,48506.68990753,403.86,403.855
1.0,165,3,48514.013701534,48515.264364682,403.845,403.855
-1.0,410,14,48517.427518029,48523.42813686,403.86,403.815
1.0,100,3,48525.852709265,48525.852755865,403.8,403.81
-1.0,164,9,48526.762712395,48529.339483105,403.815,403.83
1.0,79,1,48531.897508926,48531.897508926,403.81,403.81
-1.0,22,2,48532.704403962,48532.704434501,403.81,403.8
1.0,86,3,48535.386211927,48541.042945354,403.735,403.785
-1.0,1428,7,48542.517235011,48545.133871921,403.8,403.705
1.0,200,3,48547.463328168,48556.048055897,403.73,403.785
-1.0,200,2,48557.509804616,48557.510391549,403.795,403.775
1.0,434,7,48557.513635097,48561.868437887,403.755,403.83
-1.0,137,2,48562.372549848,48562.372549848,403.84,403.82
1.0,8,2,48568.916762037,48570.228201644,403.825,403.85
-1.0,52,2,48572.050481603,48572.546263976,403.86,403.855
1.0,47,5,48575.354344809,48576.232206089,403.845,403.88
-1.0,146,6,48581.962996574,48584.24926161,403.89,403.855
1.0,100,1,48585.974485238,48585.974485238,403.83,403.84
-1.0,126,4,48589.909585428,48589.912310633,403.835,403.81
1.0,6,2,48592.693753077,48598.829035162,403.805,403.875
-1.0,310,7,48599.643454923,48600.658024425,403.89,403.855
1.0,248,7,48602.310962272,48609.211758994,403.83,403.885
-1.0,10,1,48610.388907028,48610.388907028,403.88,403.88
1.0,305,9,48613.053525676,48614.885752501,403.87,403.905
-1.0,30,3,48616.124925857,48616.184396199,403.915,403.905
1.0,100,1,48617.592044123,48617.592044123,403.905,403.91
-1.0,18,3,48620.726710734,48623.134896547,403.945,403.91
1.0,88,1,48625.369816677,48625.369816677,403.91,403.91
-1.0,20,2,48625.963929605,48625.963929605,403.93,403.93
1.0,34,1,48630.42613304,48630.42613304,403.915,403.915
-1.0,174,7,48630.737276093,48632.140362594,403.915,403.87
1.0,116,4,48633.071388819,48635.227522574,403.865,403.9
-1.0,135,5,48635.716646269,48640.254381896,403.9,403.875
1.0,6,1,48641.706692268,48641.706692268,403.88,403.885
-1.0,295,7,48641.986736239,48646.004204345,403.905,403.87
1.0,12,3,48649.116484474,48656.051094694,403.855,403.905
-1.0,98,7,48657.709436427,48657.709834545,403.905,403.885
1.0,113,2,48661.125275573,48663.315606846,403.895,403.955
-1.0,121,3,48663.323998901,48663.647302227,403.96,403.945
1.0,917,30,48666.706805084,48670.114113568,403.935,404.095
-1.0,218,10,48671.311003335,48672.053047148,404.085,404.07
1.0,100,2,48672.413781005,48672.712537096,404.055,404.07
-1.0,298,11,48673.327234184,48676.897627632,404.06,404.015
1.0,7,1,48677.281239198,48677.281239198,404.005,404.015
-1.0,543,11,48678.05686888,48679.649901443,404.025,403.97
1.0,14,1,48679.65308637,48679.65308637,403.975,403.985
-1.0,70,4,48681.405678704,48686.952807855,404.015,404.0
1.0,453,7,48687.107175369,48687.107790386,404.0,404.01
-1.0,15,1,48687.162422391,48687.162422391,404.02,404.02
1.0,261,4,48689.441863427,48689.543534546,404.015,404.05
-1.0,104,2,48690.068715758,48690.068715758,404.09,404.09
1.0,11,2,48690.891216303,48691.1163097,404.095,404.12
-1.0,26,2,48691.395242584,48693.016370333,404.13,404.12
1.0,125,5,48694.693429677,48697.077396194,404.145,404.19
-1.0,253,2,48697.077892579,48697.078629395,404.215,404.2
1.0,318,8,48697.080224633,48697.088744775,404.195,404.225
-1.0,1607,17,48697.146721515,48707.719796667,404.215,404.15
1.0,518,8,48708.011155801,48718.352171675,404.15,404.275
-1.0,694,13,48718.352355609,48719.218830941,404.28,404.22
1.0,99,4,48719.418892144,48719.859274542,404.215,404.225
-1.0,54,2,48722.234497231,48722.234497231,404.24,404.225
1.0,210,9,48722.23798526,48729.925475068,404.215,404.315
-1.0,131,3,48731.976729957,48734.748821343,404.325,404.32
1.0,107,4,48736.100278651,48736.100303056,404.335,404.345
-1.0,100,1,48736.936652898,48736.936652898,404.34,404.325
1.0,202,4,48738.10218719,48738.102623427,404.335,404.345
-1.0,31,1,48745.416585865,48745.416585865,404.39,404.385
1.0,383,16,48745.466273324,48753.495609674,404.37,404.525
-1.0,135,5,48753.996456341,48753.996648908,404.52,404.505
1.0,633,10,48754.024367438,48754.227509245,404.51,404.55
-1.0,131,5,48754.643862203,48762.647511915,404.56,404.485
1.0,226,6,48769.448910354,48772.183802748,404.45,404.49
-1.0,142,7,48772.981813734,48772.982021288,404.5,404.48
1.0,4,1,48778.417265425,48778.417265425,404.465,404.47
-1.0,163,8,48781.245148483,48785.826050963,404.485,404.435
1.0,758,35,48788.103835394,48804.141100863,404.455,404.57
-1.0,1488,13,48807.94461939,48809.940974612,404.55,404.505
1.0,411,7,48812.093776022,48814.582808259,404.515,404.6
-1.0,50,2,48814.583868829,48814.583898183,404.625,404.62
1.0,167,3,48815.451459145,48815.464415232,404.595,404.62
-1.0,131,4,48817.872637557,48822.643198257,404.615,404.57
1.0,10,5,48824.533222845,48827.590121033,404.575,404.61
-1.0,52,2,48828.818495716,48828.818529668,404.585,404.575
1.0,2,2,48828.818599021,48828.820060086,404.575,404.57
-1.0,277,10,48829.055268801,48837.710825074,404.56,404.55
1.0,38,2,48840.591863657,48842.476709489,404.595,404.605
-1.0,44,5,48846.556379762,48850.806586203,404.6,404.55
1.0,3,2,48850.893289323,48850.893952876,404.55,404.565
-1.0,100,1,48850.897450513,48850.897450513,404.565,404.56
1.0,50,1,48850.897512487,48850.897512487,404.545,404.56
-1.0,118,4,48851.119882768,48851.215996568,404.57,404.54
1.0,114,4,48857.402764255,48858.79462304,404.565,404.64
-1.0,22,1,48863.366805222,48863.366805222,404.655,404.655
1.0,170,3,48866.628327164,48866.730363608,404.655,404.67
-1.0,40,4,48867.628804807,48867.628804807,404.67,404.67
1.0,101,2,48868.525822498,48868.526325416,404.675,404.7
-1.0,4,1,48868.526363042,48868.526363042,404.705,404.7
1.0,46,1,48868.52640477,48868.52640477,404.695,404.705
-1.0,14,2,48868.577354563,48868.577354563,404.685,404.68
1.0,1,1,48869.278742758,48869.278742758,404.655,404.67
-1.0,939,30,48869.541415116,48883.126834609,404.66,404.505
1.0,83,2,48883.127339989,48883.127375055,404.5,404.5
-1.0,1056,27,48884.163024679,48886.669618082,404.52,404.395
1.0,518,5,48887.724136705,48888.477307363,404.37,404.38
-1.0,356,15,48890.415422145,48897.2602313,404.38,404.29
1.0,288,4,48899.267581726,48900.709738347,404.29,404.31
-1.0,224,9,48903.617394316,48910.196197446,404.31,404.265
1.0,431,8,48913.541168256,48921.058153417,404.26,404.4
-1.0,84,5,48922.370253018,48924.186752836,404.415,404.345
1.0,100,4,48924.430189561,48924.430204349,404.35,404.36
-1.0,105,2,48926.60590388,48926.60590388,404.325,404.32
1.0,243,5,48930.834203133,48931.534632541,404.32,404.38
-1.0,201,6,48932.156154462,48932.268794909,404.38,404.32
1.0,58,2,48932.342736731,48936.840758984,404.28,404.355
-1.0,1022,26,48940.225458224,48945.46128286,404.31,404.175
1.0,62,2,48945.462636544,48945.462803771,404.145,404.165
-1.0,241,9,48946.355000036,48947.625919003,404.165,404.135
1.0,4,2,48947.627333801,48947.627608876,404.115,404.125
-1.0,96,6,48947.627907546,48947.636550027,404.125,404.12
1.0,31,2,48947.692139392,48949.806561648,404.12,404.17
-1.0,292,7,48951.521257108,48957.202045166,404.175,404.115
1.0,313,10,48960.059889559,48962.870391711,404.12,404.275
-1.0,29,3,48963.527603965,48963.639626396,404.285,404.275
1.0,3,2,48966.96595632,48968.569514726,404.27,404.29
-1.0,125,4,48970.11112949,48970.111648332,404.33,404.3
1.0,5,1,48971.386535202,48971.386535202,404.295,404.3
-1.0,1700,17,48974.663118106,48979.370360253,404.325,404.21
1.0,275,5,48980.810834526,48985.411667366,404.2,404.245
-1.0,128,2,48989.142039773,48990.515730202,404.265,404.2
1.0,260,4,48992.419636677,48992.419636677,404.2,404.21
-1.0,1,1,48992.419999848,48992.419999848,404.235,404.225
1.0,464,6,48992.420088228,48992.42098409,404.215,404.265
-1.0,191,9,48995.853981408,48996.419711894,404.295,404.23
1.0,112,2,48996.42025777,48996.525719792,404.25,404.265
-1.0,200,1,48998.639341709,48998.639341709,404.285,404.265
1.0,150,4,48998.639725377,48998.639781434,404.27,404.265
-1.0,627,15,48999.102513548,49004.306002815,404.295,404.155
1.0,100,1,49004.313368981,49004.313368981,404.165,404.17
-1.0,41,2,49007.65119728,49007.655305096,404.24,404.19
1.0,1,1,49008.76286444,49008.76286444,404.185,404.195
-1.0,348,6,49010.694583722,49013.20069757,404.185,404.14
1.0,4,1,49013.200801073,49013.200801073,404.12,404.135
-1.0,151,10,49014.607237729,49016.353207649,404.17,404.135
1.0,327,6,49016.759820342,49019.521496047,404.125,404.175
-1.0,325,8,49020.508931917,49021.572998289,404.185,404.15
1.0,3,1,49022.11600321,49022.11600321,404.155,404.165
-1.0,701,15,49023.176409129,49025.711224861,404.19,404.085
1.0,159,3,49025.791271011,49025.791710965,404.07,404.085
-1.0,1053,41,49025.800230619,49032.570403514,404.085,403.95
1.0,200,2,49034.523690924,49034.523690924,403.985,404.0
-1.0,39,3,49036.079592788,49036.079592788,404.0,403.995
1.0,50,1,49036.102250276,49036.102250276,403.975,403.98
-1.0,101,2,49036.102415664,49036.1024641,404.005,404.0
1.0,25,1,49036.102581433,49036.102581433,404.0,404.0
-1.0,50,1,49036.102586807,49036.102586807,404.0,403.995
1.0,200,4,49036.102612456,49036.102821326,403.995,403.995
-1.0,1,1,49036.406627484,49036.406627484,403.975,403.97
1.0,255,4,49038.034263852,49038.034263852,403.995,404.01
-1.0,8,2,49038.296188761,49038.296772225,403.995,403.99
1.0,90,2,49038.31118477,49038.31118477,403.98,403.98
-1.0,166,5,49038.69091808,49038.691993863,403.965,403.955
1.0,100,2,49039.719510933,49039.719533804,403.97,403.985
-1.0,100,1,49039.719590845,49039.719590845,403.975,403.97
1.0,100,2,49039.82357491,49039.823612861,403.97,403.985
-1.0,131,3,49039.82460392,49039.825854934,403.975,403.96
1.0,9,2,49040.309950973,49040.311265413,403.96,403.97
-1.0,540,23,49042.122435736,49046.335244494,403.95,403.895
1.0,660,11,49046.966705035,49047.158820485,403.89,403.91
-1.0,276,11,49047.834344577,49047.895929086,403.89,403.86
1.0,1000,16,49049.162892993,49050.090412666,403.89,403.905
-1.0,1920,54,49050.350095746,49053.130373181,403.895,403.61
1.0,50,1,49053.231435119,49053.231435119,403.575,403.58
-1.0,502,8,49053.231472987,49053.25968356,403.595,403.545
1.0,107,2,49053.611272752,49053.611328481,403.55,403.59
-1.0,2937,41,49053.611883438,49056.603051838,403.595,403.44
1.0,28,1,49056.604346432,49056.604346432,403.42,403.435
-1.0,273,5,49057.134604877,49057.134633654,403.435,403.4
1.0,4254,4,49057.134654186,49057.134744291,403.4,403.425
-1.0,385,15,49057.145163955,49058.591565357,403.425,403.35
1.0,304,10,49060.315450558,49061.543076974,403.36,403.46
-1.0,39,6,49064.111846023,49064.50601061,403.49,403.44
1.0,800,8,49066.657512665,49066.658294843,403.43,403.445
-1.0,51,1,49066.658597373,49066.658597373,403.435,403.435
1.0,60,1,49066.659191806,49066.659191806,403.425,403.435
-1.0,40,1,49066.659707862,49066.659707862,403.455,403.445
1.0,216,2,49067.591507438,49067.591507438,403.43,403.435
-1.0,5,2,49067.593910012,49067.595246914,403.465,403.44
1.0,41,3,49070.292449918,49070.292517319,403.495,403.515
-1.0,28,1,49071.789064665,49071.789064665,403.525,403.52
1.0,92,2,49071.982971098,49071.982971098,403.465,403.465
-1.0,205,8,49075.027476293,49075.51332847,403.48,403.415
1.0,10,1,49077.604340901,49077.604340901,403.425,403.45
-1.0,338,13,49080.897127659,49087.310377368,403.48,403.325
1.0,4,1,49087.310472115,49087.310472115,403.31,403.33
-1.0,350,11,49088.511748297,49089.843560052,403.34,403.265
1.0,16,2,49090.529993054,49090.530013961,403.265,403.275
-1.0,230,7,49091.372921822,49091.90183686,403.27,403.24
1.0,403,8,49093.212033927,49098.039983208,403.24,403.43
-1.0,5,1,49098.354952414,49098.354952414,403.45,403.43
1.0,30,2,49100.013488459,49100.109773676,403.445,403.46
-1.0,101,8,49102.626724363,49110.389160721,403.47,403.31
1.0,24,1,49113.351087147,49113.351087147,403.395,403.405
-1.0,131,5,49115.129857475,49120.016010034,403.48,403.42
1.0,121,6,49125.195499434,49127.053623163,403.43,403.48
-1.0,50,1,49128.05075446,49128.05075446,403.515,403.515
1.0,2,1,49131.368119353,49131.368119353,403.53,403.545
-1.0,128,4,49134.141949337,49134.141978408,403.595,403.57
1.0,32,3,49142.103333046,49152.015983509,403.625,403.755
-1.0,28,1,49153.233097503,49153.233097503,403.75,403.725
1.0,1,1,49154.420709646,49154.420709646,403.745,403.76
-1.0,400,15,49154.591862828,49171.034067399,403.755,403.58
1.0,250,3,49173.415610773,49173.415610773,403.545,403.55
-1.0,441,17,49179.115126145,49184.943752896,403.55,403.435
1.0,181,3,49186.185180566,49186.185872278,403.435,403.46
-1.0,30,2,49190.219873155,49191.966275546,403.475,403.43
1.0,6,2,49194.351790026,49194.351790026,403.445,403.45
-1.0,386,6,49197.897011299,49198.673673815,403.47,403.455
1.0,439,8,49201.421926778,49215.076766538,403.48,403.66
-1.0,57,2,49220.198005824,49220.198005824,403.665,403.665
1.0,111,3,49221.023239595,49221.023634312,403.67,403.69
-1.0,367,11,49221.609689295,49221.619519174,403.7,403.635
1.0,28,1,49222.771247573,49222.771247573,403.605,403.605
-1.0,29,3,49223.190021705,49223.190137617,403.62,403.575
1.0,5,2,49223.19015113,49224.993687629,403.575,403.595
-1.0,2208,37,49226.559131783,49252.940991733,403.64,403.445
1.0,167,5,49256.745095332,49260.325639928,403.44,403.515
-1.0,186,5,49262.361867842,49263.967107807,403.515,403.47
1.0,121,3,49267.451587259,49269.006909231,403.505,403.545
-1.0,434,15,49273.663852667,49285.276063508,403.555,403.365
1.0,801,10,49285.749869774,49285.800247952,403.385,403.485
-1.0,466,10,49285.991065319,49289.828922899,403.49,403.38
1.0,159,3,49291.494389115,49291.494465829,403.4,403.41
-1.0,26,1,49293.507261985,49293.507261985,403.44,403.43
1.0,6,1,49300.664956653,49300.664956653,403.445,403.445
-1.0,951,25,49300.972239402,49318.403214721,403.445,403.305
1.0,7,1,49319.558218643,49319.558218643,403.31,403.315
-1.0,17,3,49320.194359068,49323.09394037,403.425,403.38
1.0,25,2,49324.014783645,49324.014783645,403.365,403.37
-1.0,101,3,49325.73717144,49328.033747864,403.36,403.3
1.0,361,4,49328.353439075,49329.486709688,403.28,403.345
-1.0,141,4,49329.578951261,49329.74417144,403.355,403.35
1.0,113,3,49330.515153038,49330.51550631,403.345,403.37
-1.0,87,4,49330.785420029,49333.003040621,403.37,403.34
1.0,50,1,49333.174624915,49333.174624915,403.335,403.34
-1.0,233,4,49333.444376859,49339.95703081,403.34,403.275
1.0,105,3,49341.705509575,49341.705509575,403.295,403.305
-1.0,325,6,49343.085482192,49344.48849542,403.3,403.32
1.0,7,1,49345.389566191,49345.389566191,403.32,403.33
-1.0,350,4,49345.605028614,49345.605028614,403.355,403.35
1.0,101,2,49345.963184026,49345.986223403,403.345,403.38
-1.0,123,2,49346.337329124,49346.337329124,403.405,403.4
1.0,7,1,49347.920191858,49347.920191858,403.41,403.425
-1.0,293,10,49348.217979397,49356.369607577,403.42,403.435
1.0,7,2,49358.733304276,49359.552058498,403.44,403.495
-1.0,1710,45,49359.621438661,49387.10425748,403.505,403.275
1.0,322,6,49389.107029873,49389.272534481,403.29,403.32
-1.0,96,2,49389.780852487,49389.780852487,403.335,403.33
1.0,100,1,49392.475498764,49392.475498764,403.325,403.34
-1.0,322,16,49392.925737513,49397.380974419,403.335,403.23
1.0,77,2,49402.200835233,49402.200835233,403.225,403.235
-1.0,575,14,49402.201688129,49402.438826564,403.26,403.22
1.0,100,3,49402.439930426,49407.513943769,403.195,403.205
-1.0,124,2,49409.611420695,49410.195197729,403.27,403.25
1.0,25,1,49412.393381559,49412.393381559,403.22,403.22
-1.0,330,8,49414.248101435,49414.383683347,403.22,403.18
1.0,100,1,49416.025055942,49416.025055942,403.17,403.175
-1.0,228,4,49420.162699363,49424.482802134,403.22,403.205
1.0,49,3,49425.243031962,49425.310700378,403.205,403.23
-1.0,159,7,49428.609941022,49434.770484673,403.235,403.215
1.0,288,6,49435.550447827,49437.116994422,403.215,403.24
-1.0,22,1,49439.681833388,49439.681833388,403.315,403.315
1.0,81,4,49444.778192329,49446.34303849,403.34,403.42
-1.0,2568,22,49448.864867249,49469.96673917,403.45,403.385
1.0,1,1,49470.474405773,49470.474405773,403.36,403.37
-1.0,3,2,49474.170543848,49479.425738483,403.405,403.34
1.0,150,2,49482.43707535,49484.325465731,403.335,403.355
-1.0,48,4,49488.815654975,49489.741980262,403.335,403.325
1.0,25,1,49490.208222876,49490.208222876,403.315,403.315
-1.0,79,4,49493.382978054,49493.464045024,403.325,403.275
1.0,164,4,49494.880866499,49502.697596716,403.27,403.365
-1.0,10,2,49506.993760142,49507.600619648,403.395,403.385
1.0,139,3,49510.003039591,49510.003077434,403.375,403.385
-1.0,155,4,49510.718991403,49511.10166029,403.39,403.375
1.0,18,4,49513.109046067,49513.21965563,403.385,403.42
-1.0,100,1,49514.090292503,49514.090292503,403.43,403.425
1.0,2,2,49514.823224045,49514.823224045,403.435,403.45
-1.0,709,2,49515.519024367,49515.951326361,403.455,403.44
1.0,863,13,49516.791980668,49527.112002282,403.44,403.57
-1.0,223,10,49528.514005425,49531.915872246,403.57,403.525
1.0,195,3,49532.356771521,49532.418363682,403.52,403.525
-1.0,333,8,49532.777265682,49537.525364769,403.53,403.49
1.0,100,2,49537.582407936,49537.582407936,403.49,403.49
-1.0,215,7,49539.88502328,49539.885090899,403.505,403.485
1.0,175,3,49541.000046692,49541.000076831,403.46,403.47
-1.0,46,1,49545.149496505,49545.149496505,403.455,403.445
1.0,251,4,49547.702581246,49548.584164922,403.435,403.49
-1.0,128,4,49548.584192336,49549.938227882,403.52,403.495
1.0,207,5,49557.635351292,49565.555438163,403.485,403.515
-1.0,3,1,49566.191526958,49566.191526958,403.525,403.52
1.0,548,11,49566.191548818,49567.788305365,403.495,403.585
-1.0,4,1,49567.7992767,49567.7992767,403.585,403.585
1.0,301,3,49569.448335819,49569.467343133,403.585,403.625
-1.0,2033,3,49569.467580453,49569.472388437,403.64,403.63
1.0,205,3,49570.474912234,49576.240566125,403.62,403.65
-1.0,34,1,49579.222180079,49579.222180079,403.67,403.66
1.0,1,1,49582.63483151,49582.63483151,403.65,403.655
-1.0,2,1,49584.950676261,49584.950676261,403.665,403.665
1.0,156,3,49585.079977808,49585.080519075,403.665,403.67
-1.0,1043,13,49585.438113807,49589.755103333,403.705,403.6
1.0,328,12,49590.285362597,49595.624222183,403.6,403.675
-1.0,488,17,49596.752405196,49610.126844938,403.66,403.59
1.0,156,4,49613.481933982,49613.481933982,403.615,403.625
-1.0,147,4,49613.989723812,49618.883060998,403.625,403.595
1.0,1,1,49619.026838066,49619.026838066,403.59,403.59
-1.0,50,1,49619.776771868,49619.776771868,403.605,403.6
1.0,301,8,49621.431551405,49625.112036474,403.605,403.64
-1.0,497,7,49626.677841832,49634.508361603,403.675,403.65
1.0,207,4,49638.025124448,49638.027277133,403.67,403.69
-1.0,68,3,49638.358201515,49642.072018107,403.7,403.675
1.0,158,2,49646.193572727,49647.7345113,403.675,403.705
-1.0,905,18,49649.221584034,49662.003935799,403.71,403.63
1.0,100,3,49666.131010575,49666.131046571,403.655,403.665
-1.0,23,1,49669.536727256,49669.536727256,403.675,403.67
1.0,7,1,49671.472589892,49671.472589892,403.67,403.685
-1.0,432,7,49671.473383243,49671.474288205,403.715,403.67
1.0,50,1,49671.480773573,49671.480773573,403.66,403.665
-1.0,432,9,49673.205702653,49679.628009477,403.675,403.63
1.0,204,4,49686.617034666,49686.617123651,403.625,403.635
-1.0,428,5,49687.806168547,49687.806245887,403.625,403.615
1.0,2,1,49692.263051855,49692.263051855,403.595,403.605
-1.0,874,15,49692.929475728,49700.507590272,403.61,403.555
1.0,2,2,49701.771851477,49701.771904658,403.545,403.555
-1.0,653,13,49711.092779388,49714.279580932,403.575,403.52
1.0,50,1,49714.280729345,49714.280729345,403.51,403.52
-1.0,31,3,49715.529374282,49715.715880649,403.51,403.49
1.0,100,1,49716.632643669,49716.632643669,403.485,403.495
-1.0,54,4,49722.93864608,49724.611330016,403.49,403.48
1.0,50,1,49724.959767949,49724.959767949,403.47,403.475
-1.0,132,6,49725.231822165,49725.233131291,403.485,403.47
1.0,13,2,49725.24439469,49725.24439469,403.47,403.47
-1.0,10,1,49726.456603916,49726.456603916,403.47,403.465
1.0,310,8,49727.538440866,49736.788150225,403.465,403.52
-1.0,487,5,49740.967111097,49740.967111097,403.525,403.52
1.0,150,4,49745.846817276,49745.847068653,403.525,403.535
-1.0,211,12,49746.080182098,49748.940106985,403.53,403.475
1.0,400,5,49750.452877521,49751.391357019,403.465,403.49
-1.0,226,11,49753.672994468,49753.920409348,403.48,403.435
1.0,47,3,49754.204649064,49754.205068406,403.425,403.425
-1.0,45,3,49754.294943813,49754.294943813,403.425,403.425
1.0,154,3,49756.057859044,49763.032563426,403.425,403.5
-1.0,1,1,49769.885642844,49769.885642844,403.505,403.5
1.0,50,1,49772.973820646,49772.973820646,403.495,403.5
-1.0,28,3,49773.634330716,49774.919057012,403.505,403.495
1.0,150,3,49788.694419216,49788.694537834,403.51,403.525
-1.0,2,1,49788.700240383,49788.700240383,403.54,403.535
1.0,2,1,49789.188546056,49789.188546056,403.52,403.525
-1.0,119,4,49789.209755885,49789.228104104,403.53,403.505
1.0,50,1,49790.172560159,49790.172560159,403.495,403.5
-1.0,26,1,49791.666218083,49791.666218083,403.53,403.51
1.0,1588,29,49794.026223235,49807.929568636,403.535,403.74
-1.0,199,4,49809.115496107,49809.416706932,403.73,403.675
1.0,107,2,49812.069253775,49812.069253775,403.695,403.705
-1.0,22,1,49813.809548478,49813.809548478,403.74,403.73
1.0,391,12,49815.952727384,49822.3105887,403.755,403.815
-1.0,25,1,49822.357263652,49822.357263652,403.815,403.805
1.0,38,4,49823.685058507,49823.685083448,403.815,403.82
-1.0,839,17,49829.868807935,49847.416883514,403.845,403.855
1.0,30,2,49854.817129085,49854.817211368,403.85,403.85
-1.0,759,22,49855.037794435,49864.92482185,403.845,403.73
1.0,70,1,49871.672455599,49871.672455599,403.73,403.74
-1.0,1,1,49872.398131332,49872.398131332,403.735,403.73
1.0,349,8,49872.399129121,49876.178723206,403.72,403.78
-1.0,22,1,49876.182677736,49876.182677736,403.795,403.795
1.0,1,1,49876.910676774,49876.910676774,403.8,403.805
-1.0,827,15,49879.030329167,49898.487213659,403.86,403.73
1.0,10,1,49907.085580733,49907.085580733,403.735,403.735
-1.0,734,26,49908.327830379,49914.644036605,403.735,403.635
1.0,329,8,49916.255912663,49927.565836861,403.635,403.775
-1.0,469,8,49931.033172192,49934.235931857,403.765,403.685
1.0,56,9,49941.084696997,49955.11283479,403.7,403.83
-1.0,9,3,49958.240892431,49958.240892431,403.83,403.825
1.0,119,2,49960.263248044,49960.263248044,403.8,403.815
-1.0,7,1,49961.467562455,49961.467562455,403.815,403.805
1.0,371,7,49971.785791316,49972.760112321,403.83,403.865
-1.0,54,6,49973.011581272,49974.824903298,403.865,403.81
1.0,617,9,49974.901791421,49981.867279893,403.82,403.885
-1.0,85,11,49984.924145904,49984.929427037,403.87,403.82
1.0,78,1,49989.440135073,49989.440135073,403.815,403.815
-1.0,158,8,49990.719312613,49999.904937359,403.815,403.78
1.0,496,8,50003.133244337,50003.840646961,403.775,403.815
-1.0,1027,20,50008.636654457,50023.66256519,403.825,403.8
1.0,101,3,50028.631070685,50028.631578786,403.825,403.835
-1.0,342,10,50029.200963157,50038.589417356,403.85,403.82
1.0,2,2,50042.056449848,50042.17538145,403.86,403.875
-1.0,24,2,50043.737193434,50044.200168724,403.89,403.875
1.0,1,1,50048.747743712,50048.747743712,403.89,403.905
-1.0,148,3,50051.335507272,50051.335507272,403.905,403.905
1.0,112,6,50054.043599857,50055.188434263,403.895,403.97
-1.0,6351,26,50055.211279785,50076.106786872,403.965,403.855
1.0,623,13,50081.608741061,50086.927911798,403.88,403.945
-1.0,335,12,50088.334391268,50089.977664713,403.95,403.87
1.0,10,1,50097.300197251,50097.300197251,403.86,403.86
-1.0,581,16,50100.083404178,50106.661137119,403.875,403.795
1.0,120,4,50108.900221457,50108.900423183,403.795,403.81
-1.0,806,12,50108.957017761,50110.624128373,403.82,403.76
1.0,3391,14,50110.624518911,50110.640370803,403.76,403.765
-1.0,123,4,50112.905184943,50112.905221181,403.78,403.765
1.0,409,9,50114.557461845,50119.014671438,403.755,403.81
-1.0,648,24,50120.205259567,50131.459836668,403.82,403.775
1.0,628,6,50134.177834773,50135.692421727,403.75,403.795
-1.0,1434,16,50146.671434711,50154.056031098,403.845,403.75
1.0,105,6,50154.557882617,50157.043542987,403.75,403.75
-1.0,15,2,50157.567963395,50157.56832272,403.75,403.745
1.0,335,10,50160.560753136,50167.908621837,403.74,403.88
-1.0,132,6,50171.900077287,50174.992505336,403.925,403.895
1.0,1,1,50182.102958594,50182.102958594,403.915,403.925
-1.0,25,1,50188.937225658,50188.937225658,403.975,403.965
1.0,50,2,50189.296180047,50189.296203011,403.955,403.96
-1.0,125,5,50189.296415709,50189.299564578,403.97,403.94
1.0,100,4,50189.396967226,50189.964636983,403.925,403.93
-1.0,8,2,50194.006906989,50194.006906989,403.96,403.955
1.0,150,3,50195.09668516,50195.096705924,403.94,403.945
-1.0,891,15,50195.600223424,50199.355646357,403.95,403.88
1.0,304,7,50204.515325367,50204.853234682,403.895,403.95
-1.0,28,2,50209.606606529,50209.606606529,403.97,403.965
1.0,50,1,50209.60767798,50209.60767798,403.955,403.96
-1.0,122,5,50209.751943082,50215.250572119,403.965,403.905
1.0,3,1,50215.804426336,50215.804426336,403.9,403.905
-1.0,27,1,50218.462070781,50218.462070781,403.885,403.885
1.0,100,1,50220.487229905,50220.487229905,403.855,403.86
-1.0,2,2,50222.638611993,50222.77723572,403.9,403.885
1.0,150,3,50225.191803961,50225.191828906,403.885,403.89
-1.0,22,2,50225.523450494,50225.524107167,403.915,403.91
1.0,1,1,50227.74213443,50227.74213443,403.885,403.895
-1.0,203,8,50228.862671635,50234.934115168,403.895,403.92
1.0,107,5,50237.87801374,50237.878612945,403.915,403.93
-1.0,121,2,50237.927357918,50237.927357918,403.94,403.935
1.0,1047,22,50242.101067954,50247.276516139,403.935,404.005
-1.0,3256,3,50247.28741463,50248.768907831,404.02,404.005
1.0,24,5,50250.96954437,50252.086347156,404.025,404.07
-1.0,24,1,50252.282885024,50252.282885024,404.07,404.065
1.0,2,1,50253.660777403,50253.660777403,404.07,404.08
-1.0,110,3,50254.470071434,50254.470071434,404.07,404.06
1.0,14,1,50254.473345605,50254.473345605,404.055,404.06
-1.0,24,2,50255.920642301,50257.318971997,404.07,404.05
1.0,8,2,50258.052381372,50259.432796985,404.04,404.05
-1.0,712,7,50260.339754599,50261.223835034,404.04,403.985
1.0,16,3,50261.966517499,50262.442167712,403.975,403.99
-1.0,201,5,50263.604078724,50266.316596345,403.975,403.96
1.0,10,2,50274.895964994,50274.895995036,403.905,403.915
-1.0,2,2,50276.019888742,50276.039347943,403.91,403.89
1.0,261,3,50278.083993806,50278.084016352,403.89,403.895
-1.0,74,6,50278.533066286,50280.60781876,403.905,403.84
1.0,100,1,50281.111290157,50281.111290157,403.83,403.84
-1.0,942,29,50283.612818724,50299.639012208,403.84,403.655
1.0,100,2,50299.650927656,50299.650953792,403.645,403.65
-1.0,27,2,50299.748535977,50299.748535977,403.67,403.665
1.0,67,3,50300.181954035,50300.181981629,403.655,403.665
-1.0,123,2,50300.27468232,50300.27468232,403.675,403.67
1.0,110,4,50300.322820672,50300.322849309,403.65,403.655
-1.0,583,5,50304.74531346,50305.968992842,403.645,403.62
1.0,206,6,50306.345549907,50312.773283026,403.625,403.665
-1.0,146,4,50315.028195777,50323.916755852,403.67,403.65
1.0,12,2,50325.877319459,50325.882550163,403.665,403.685
-1.0,50,1,50325.99380795,50325.99380795,403.685,403.68
1.0,208,9,50329.418176048,50342.864312062,403.67,403.76
-1.0,121,3,50343.762634896,50344.239108908,403.785,403.765
1.0,280,5,50350.302348653,50355.024105679,403.76,403.81
-1.0,905,29,50356.774826315,50371.823084444,403.805,403.62
1.0,461,6,50374.032518931,50374.467409204,403.615,403.655
-1.0,8,3,50381.337104046,50381.342469263,403.675,403.665
1.0,263,4,50381.495545953,50381.753582697,403.665,403.74
-1.0,214,8,50381.753996997,50397.51797296,403.75,403.68
1.0,2,2,50398.123129009,50398.123151102,403.67,403.675
-1.0,1,1,50398.272534531,50398.272534531,403.69,403.685
1.0,270,3,50400.039749795,50400.105970688,403.685,403.73
-1.0,1081,21,50401.219911957,50417.390761428,403.815,403.7
1.0,589,11,50419.315419461,50432.609125918,403.695,403.865
-1.0,147,5,50433.404513323,50434.353147686,403.875,403.87
1.0,3,1,50435.12831087,50435.12831087,403.86,403.86
-1.0,17,3,50436.032534917,50436.123377787,403.865,403.84
1.0,1,1,50437.128326144,50437.128326144,403.835,403.835
-1.0,5,2,50439.089063188,50439.546329702,403.83,403.775
1.0,6,1,50440.440010959,50440.440010959,403.81,403.81
-1.0,22,3,50442.737163999,50443.91778401,403.8,403.74
1.0,795,13,50445.110110061,50452.009412037,403.745,403.83
-1.0,144,5,50453.731427977,50460.016735591,403.835,403.775
1.0,368,4,50461.273485672,50461.273591255,403.78,403.805
-1.0,334,8,50463.72781464,50465.283168869,403.825,403.73
1.0,551,11,50466.892358118,50476.24977156,403.735,403.795
-1.0,25,2,50479.163807508,50479.164764156,403.78,403.765
1.0,272,4,50483.673958633,50487.024096066,403.77,403.79
-1.0,2,2,50487.749117921,50488.840620733,403.795,403.775
1.0,938,30,50492.140637464,50502.512554191,403.78,403.91
-1.0,18,1,50502.614562824,50502.614562824,403.915,403.915
1.0,102,2,50503.067674108,50504.522124811,403.92,403.935
-1.0,24,1,50504.607613905,50504.607613905,403.96,403.955
1.0,333,4,50510.694189827,50510.694258084,403.955,403.96
-1.0,21,1,50514.006560602,50514.006560602,403.96,403.955
1.0,100,1,50514.430337055,50514.430337055,403.96,403.96
-1.0,5363,19,50514.844357706,50515.538310905,403.965,403.875
1.0,195,4,50515.541278652,50519.681120662,403.86,403.895
-1.0,24,3,50520.037222572,50520.037226982,403.905,403.9
1.0,322,7,50521.626276589,50522.12541422,403.895,403.935
-1.0,103,3,50525.011059954,50525.014502247,403.925,403.895
1.0,10,1,50527.090246649,50527.090246649,403.915,403.925
-1.0,885,18,50527.756942592,50540.895207473,403.94,403.84
1.0,179,2,50540.914650521,50541.32487132,403.835,403.845
-1.0,469,7,50541.566929391,50542.986899954,403.845,403.83
1.0,118,4,50543.957337621,50544.092780539,403.83,403.855
-1.0,246,8,50545.71098725,50551.191341994,403.855,403.845
1.0,305,4,50551.758833806,50553.471989896,403.83,403.855
-1.0,100,1,50554.800124625,50554.800124625,403.885,403.86
1.0,20,2,50557.979264964,50558.567974118,403.86,403.875
-1.0,3,1,50559.426196681,50559.426196681,403.92,403.915
1.0,1,1,50560.886718396,50560.886718396,403.92,403.93
-1.0,520,6,50563.73656801,50564.005652169,403.94,403.905
1.0,200,2,50564.220174031,50564.220195075,403.905,403.91
-1.0,101,2,50565.503496884,50565.503803556,403.91,403.895
1.0,13,3,50567.228069631,50569.990469155,403.885,403.955
-1.0,140,10,50572.732493391,50580.011218529,403.965,403.865
1.0,11,2,50580.285305495,50580.285305495,403.87,403.875
-1.0,3,1,50586.271327996,50586.271327996,403.85,403.85
1.0,262,4,50586.67888066,50589.788807113,403.85,403.87
-1.0,22,1,50590.804810505,50590.804810505,403.91,403.9
1.0,112,4,50591.844951173,50598.644282871,403.87,403.885
-1.0,72,2,50602.710808886,50602.710808886,403.94,403.935
1.0,246,7,50608.549383388,50612.364309963,403.965,404.035
-1.0,425,6,50614.301678695,50617.842576852,404.05,404.01
1.0,1,1,50619.169870322,50619.169870322,404.005,404.005
-1.0,379,11,50619.649965173,50620.28854459,404.0,403.99
1.0,213,5,50621.23669229,50623.470756085,403.985,403.995
-1.0,101,3,50625.9461674,50629.770048453,404.045,404.025
1.0,201,4,50634.693750044,50634.693773396,404.03,404.04
-1.0,4,2,50635.495092406,50636.009229364,404.045,404.045
1.0,9,2,50638.705554815,50638.705554815,404.06,404.07
-1.0,228,6,50640.016427623,50640.017564494,404.06,404.04
1.0,199,3,50641.263610438,50642.401381277,404.04,404.055
-1.0,327,17,50645.25067025,50652.016694725,404.06,403.945
1.0,3,2,50653.347392798,50655.158240815,403.95,403.955
-1.0,290,6,50656.812791364,50661.836792032,403.955,403.92
1.0,204,6,50667.368535042,50671.022969727,403.925,403.97
-1.0,100,3,50671.450842583,50671.450842583,403.975,403.975
1.0,55,2,50672.66227226,50672.66227226,403.975,403.98
-1.0,100,4,50675.677668788,50678.134261254,404.015,404.045
1.0,192,2,50686.886327697,50686.88701369,404.05,404.07
-1.0,123,4,50687.574727494,50687.575843333,404.085,404.065
1.0,198,3,50688.20588874,50689.667958444,404.08,404.095
-1.0,287,8,50690.857798529,50700.648556411,404.095,404.05
1.0,113,4,50705.924514468,50706.853669425,404.055,404.065
-1.0,60,2,50707.375810069,50710.824626806,404.06,404.065
1.0,100,3,50711.837425805,50711.837455431,404.07,404.075
-1.0,203,9,50712.18554572,50716.842516232,404.085,404.04
1.0,150,2,50719.57323482,50719.574017099,404.06,404.065
-1.0,1,1,50720.519805903,50720.519805903,404.055,404.045
1.0,101,2,50721.951143172,50722.796658047,404.05,404.065
-1.0,950,19,50723.162306484,50740.207512594,404.075,403.995
1.0,2,1,50743.619463988,50743.619463988,404.005,404.01
-1.0,158,4,50745.316147105,50745.470414866,404.01,403.985
1.0,201,4,50745.9479507,50749.024277998,403.985,404.03
-1.0,100,1,50749.025836541,50749.025836541,404.025,404.02
1.0,16,2,50750.121923806,50750.133108383,404.02,404.035
-1.0,2833,11,50753.412928209,50757.641064257,404.085,404.035
1.0,158,2,50760.291298414,50760.291318307,404.03,404.04
-1.0,251,4,50760.291606728,50761.276886034,404.045,404.025
1.0,408,9,50762.838634738,50767.349971811,404.02,404.085
-1.0,97,4,50770.573050517,50771.310900789,404.105,404.1
1.0,108,4,50772.163529106,50775.658415061,404.09,404.115
-1.0,100,1,50775.670110766,50775.670110766,404.145,404.14
1.0,176,6,50778.392015795,50780.469799847,404.145,404.18
-1.0,370,7,50780.569750532,50781.013436592,404.185,404.125
1.0,17,1,50781.014139947,50781.014139947,404.115,404.115
-1.0,156,10,50781.042555283,50802.804588573,404.145,404.13
1.0,286,8,50807.512159048,50815.22620877,404.12,404.16
-1.0,174,4,50815.239504969,50815.239532328,404.16,404.15
1.0,40,4,50817.059434916,50817.321174126,404.185,404.22
-1.0,10,1,50817.808990839,50817.808990839,404.225,404.22
1.0,37,3,50819.742718456,50821.171499128,404.22,404.235
-1.0,252,5,50823.018874363,50826.035957677,404.23,404.22
1.0,1,1,50828.236322749,50828.236322749,404.21,404.215
-1.0,283,6,50829.015068724,50829.346014569,404.215,404.195
1.0,300,5,50835.506723728,50838.289011621,404.195,404.195
-1.0,12,3,50838.71121506,50838.755596752,404.205,404.185
1.0,4,1,50838.987361013,50838.987361013,404.17,404.17
-1.0,15,2,50839.424831072,50839.425155511,404.175,404.165
1.0,2,1,50839.425337947,50839.425337947,404.165,404.17
-1.0,129,4,50841.573798664,50841.729354899,404.165,404.14
1.0,178,3,50842.578240116,50842.578961154,404.15,404.175
-1.0,235,6,50843.452729068,50843.906354119,404.2,404.135
1.0,155,3,50848.358656466,50849.429347312,404.155,404.165
-1.0,126,3,50850.829964275,50850.844816251,404.17,404.155
1.0,200,3,50851.486047184,50851.486100244,404.13,404.14
-1.0,2,1,50855.795734521,50855.795734521,404.155,404.14
1.0,384,9,50855.796178705,50856.364740341,404.13,404.16
-1.0,223,4,50857.118469592,50857.133457142,404.175,404.145
1.0,40,1,50859.012701298,50859.012701298,404.15,404.15
-1.0,11,4,50863.819349226,50864.33723932,404.19,404.145
1.0,200,2,50864.338555098,50864.338899477,404.135,404.15
-1.0,535,7,50868.599851195,50868.606188429,404.175,404.165
1.0,5,1,50869.248696126,50869.248696126,404.165,404.17
-1.0,282,15,50869.802923496,50878.821189435,404.16,404.105
1.0,183,8,50880.301792744,50884.622886982,404.1,404.225
-1.0,23,2,50885.890240333,50885.890309562,404.24,404.225
1.0,46,1,50885.891075092,50885.891075092,404.215,404.215
-1.0,1,1,50889.817591732,50889.817591732,404.225,404.225
1.0,420,5,50891.186460656,50893.490061188,404.225,404.26
-1.0,173,5,50893.668355228,50893.66838654,404.26,404.255
1.0,109,4,50898.895946201,50899.81637855,404.255,404.29
-1.0,1,1,50900.150392031,50900.150392031,404.295,404.285
1.0,258,5,50900.407234534,50905.607249259,404.29,404.335
-1.0,21,2,50906.311476697,50906.311630207,404.33,404.315
1.0,212,5,50907.006788459,50910.296873721,404.32,404.4
-1.0,222,4,50911.31181981,50911.447227674,404.4,404.37
1.0,157,3,50911.448265189,50913.922416525,404.36,404.415
-1.0,22,1,50917.860172411,50917.860172411,404.465,404.45
1.0,200,2,50918.693915795,50918.694810009,404.49,404.495
-1.0,247,3,50919.011295094,50919.011295094,404.495,404.495
1.0,23,1,50919.195417875,50919.195417875,404.495,404.51
-1.0,1645,19,50919.289288941,50926.667763902,404.515,404.515
1.0,51,2,50926.668314252,50926.668314252,404.5,404.505
-1.0,23,2,50928.900534616,50928.900534616,404.52,404.51
1.0,5,1,50936.251928496,50936.251928496,404.535,404.535
-1.0,18,1,50937.554486235,50937.554486235,404.53,404.52
1.0,910,13,50941.790798749,50944.539116488,404.51,404.6
-1.0,144,7,50944.648027403,50946.676677905,404.615,404.585
1.0,6,2,50947.005289394,50947.204131785,404.58,404.59
-1.0,200,9,50949.477292926,50957.280143156,404.59,404.58
1.0,17,5,50959.774873029,50963.455479931,404.585,404.61
-1.0,738,17,50964.974216735,50974.353156709,404.62,404.54
1.0,202,4,50974.603802822,50977.744170317,404.535,404.595
-1.0,10,1,50980.134042902,50980.134042902,404.63,404.63
1.0,392,16,50980.88792672,50985.973784704,404.63,404.725
-1.0,22,2,50986.773307062,50986.773307062,404.72,404.715
1.0,2,1,50987.715612954,50987.715612954,404.705,404.715
-1.0,76,4,50988.885004071,50988.885004071,404.71,404.7
1.0,372,8,50990.892802675,50993.559087614,404.72,404.765
-1.0,137,5,50993.985262951,50993.985283687,404.775,404.765
1.0,31,4,50994.535913941,50996.556996902,404.76,404.795
-1.0,143,4,50997.344560421,50999.082077362,404.8,404.795
1.0,1,1,51000.333979351,51000.333979351,404.825,404.835
-1.0,213,8,51000.338284263,51000.820435206,404.845,404.79
1.0,137,4,51000.953894619,51002.092143206,404.785,404.84
-1.0,571,19,51002.444192017,51004.396996959,404.84,404.765
1.0,101,3,51007.210093625,51008.486275768,404.8,404.82
-1.0,105,5,51009.179302899,51009.274262516,404.825,404.805
1.0,100,1,51009.943040066,51009.943040066,404.79,404.795
-1.0,55,3,51009.953528459,51009.953563811,404.805,404.785
1.0,116,5,51012.121807829,51013.619406413,404.775,404.855
-1.0,3,1,51015.54647238,51015.54647238,404.865,404.855
1.0,72,1,51015.553439435,51015.553439435,404.855,404.855
-1.0,115,6,51015.86944276,51019.014319869,404.87,404.865
1.0,20,2,51019.458620819,51020.254492818,404.88,404.89
-1.0,88,2,51020.337502629,51020.570741145,404.89,404.89
1.0,217,5,51020.806420855,51020.818275286,404.895,404.9
-1.0,26,1,51021.123789739,51021.123789739,404.9,404.9
1.0,1,1,51021.152969413,51021.152969413,404.9,404.905
-1.0,238,4,51021.153909939,51021.153909939,404.905,404.9
1.0,55,5,51022.090384455,51022.268298331,404.91,404.94
-1.0,170,7,51022.357699586,51022.96483719,404.935,404.915
1.0,300,3,51022.965090654,51022.965090654,404.905,404.91
-1.0,50,1,51022.965540619,51022.965540619,404.915,404.91
1.0,513,5,51022.965694349,51022.965694349,404.905,404.915
-1.0,596,10,51022.992287488,51024.209166318,404.935,404.93
1.0,380,9,51024.357256759,51025.211939636,404.93,404.965
-1.0,4,1,51025.211991076,51025.211991076,404.985,404.965
1.0,25,1,51025.216814657,51025.216814657,404.975,404.98
-1.0,836,13,51025.429206852,51027.789057582,404.98,404.95
1.0,20,1,51028.566195839,51028.566195839,404.955,404.96
-1.0,94,2,51029.532499272,51029.819645294,404.97,404.96
1.0,12,2,51029.84163279,51029.909487319,404.95,404.96
-1.0,242,11,51035.670708313,51037.175798716,404.98,404.92
1.0,1,1,51037.717130824,51037.717130824,404.92,404.93
-1.0,816,13,51040.070746193,51048.415310729,404.945,404.935
1.0,57,2,51048.818276148,51048.828020312,404.93,404.935
-1.0,923,13,51049.483101359,51052.71284202,404.93,404.875
1.0,1,1,51053.157571555,51053.157571555,404.885,404.895
-1.0,1625,26,51057.121266932,51062.200182755,404.89,404.815
1.0,253,3,51064.005731504,51064.00575202,404.81,404.815
-1.0,581,30,51064.159570708,51073.271195424,404.825,404.685
1.0,10,1,51073.286662621,51073.286662621,404.68,404.685
-1.0,54,2,51073.705001163,51073.705036099,404.69,404.69
1.0,101,2,51074.864005243,51074.864005243,404.69,404.705
-1.0,3883,70,51075.318838861,51078.679082655,404.7,404.51
1.0,50,1,51078.67955256,51078.67955256,404.51,404.51
-1.0,600,10,51078.680992358,51078.681232135,404.51,404.49
1.0,116,2,51078.681311656,51078.681556761,404.49,404.51
-1.0,300,6,51078.682317019,51078.68232648,404.49,404.475
1.0,54,1,51078.682472627,51078.682472627,404.475,404.475
-1.0,312,11,51078.684106524,51078.706006831,404.55,404.49
1.0,6,1,51078.711959299,51078.711959299,404.54,404.55
-1.0,147,8,51078.712526128,51078.7187872,404.55,404.5
1.0,110,3,51078.730636796,51078.737405992,404.5,404.51
-1.0,49,1,51078.755142345,51078.755142345,404.51,404.51
1.0,515,10,51078.75847108,51078.947409128,404.485,404.57
-1.0,403,3,51078.947558647,51078.947558647,404.575,404.565
1.0,1,1,51078.968432952,51078.968432952,404.55,404.565
-1.0,41,1,51078.989303605,51078.989303605,404.57,404.57
1.0,4,1,51079.092008903,51079.092008903,404.56,404.585
-1.0,254,4,51079.092022782,51079.092022782,404.585,404.585
1.0,300,2,51079.092410357,51079.092429098,404.565,404.57
-1.0,673,11,51079.097971685,51080.119677014,404.59,404.495
1.0,57,4,51080.120155371,51080.128598551,404.49,404.51
-1.0,217,5,51080.302082313,51081.866682382,404.51,404.47
1.0,78,3,51081.868633521,51081.868661338,404.455,404.47
-1.0,156,4,51081.946132695,51081.946132695,404.495,404.48
1.0,113,5,51084.382214851,51084.475710246,404.465,404.48
-1.0,5,1,51085.049077591,51085.049077591,404.495,404.485
1.0,172,5,51085.281796477,51085.361234687,404.485,404.525
-1.0,818,33,51087.158837796,51090.867106177,404.535,404.355
1.0,19,3,51091.052732155,51093.112086111,404.355,404.41
-1.0,350,15,51095.155356222,51097.270970863,404.44,404.305
1.0,100,1,51098.638500109,51098.638500109,404.3,404.31
-1.0,1980,37,51103.188763417,51115.080351852,404.375,404.19
1.0,166,2,51117.410213017,51117.410213017,404.175,404.185
-1.0,833,11,51117.583443456,51119.130233251,404.185,404.15
1.0,163,2,51120.442136162,51120.442136162,404.145,404.16
-1.0,298,7,51121.000942854,51121.000975142,404.15,404.145
1.0,132,6,51121.684666891,51122.502776975,404.135,404.165
-1.0,121,4,51124.06135778,51124.061534388,404.165,404.15
1.0,254,4,51127.697130416,51128.051479296,404.14,404.18
-1.0,764,10,51130.283352475,51131.581650138,404.19,404.14
1.0,106,3,51139.3127863,51143.298610541,404.19,404.215
-1.0,736,22,51143.700836516,51150.09296913,404.21,404.125
1.0,356,4,51152.612989293,51154.997028895,404.115,404.14
-1.0,26,3,51156.801308276,51156.801308276,404.17,404.16
1.0,29,2,51158.609201313,51163.959520409,404.155,404.175
-1.0,22,1,51166.220754074,51166.220754074,404.165,404.16
1.0,302,5,51167.386347889,51168.106415826,404.16,404.16
-1.0,26,2,51169.932151125,51169.932151125,404.17,404.165
1.0,7,1,51170.100675395,51170.100675395,404.155,404.155
-1.0,22,4,51170.741947451,51172.388773288,404.155,404.13
1.0,7,1,51173.100680211,51173.100680211,404.125,404.125
-1.0,280,15,51173.261704228,51175.943219265,404.13,404.085
1.0,100,2,51175.94910279,51175.949114634,404.075,404.09
-1.0,1,1,51177.247027137,51177.247027137,404.08,404.075
1.0,50,1,51177.701629407,51177.701629407,404.065,404.07
-1.0,124,7,51177.702124534,51177.702124534,404.07,404.065
1.0,2,1,51177.709482969,51177.709482969,404.065,404.07
-1.0,1860,30,51177.844994383,51179.930171366,404.07,403.98
1.0,67,1,51179.949838187,51179.949838187,403.98,403.98
-1.0,14,3,51179.956520007,51180.006268994,403.985,403.96
1.0,263,4,51180.148491922,51181.16797532,403.96,404.0
-1.0,135,8,51182.365660829,51183.695224979,404.04,403.99
1.0,600,7,51186.476548576,51192.014643951,404.005,404.045
-1.0,66,6,51192.895820089,51197.546885396,404.04,403.985
1.0,4,1,51198.100670345,51198.100670345,403.98,403.98
-1.0,100,1,51198.584170872,51198.584170872,403.98,403.965
1.0,226,4,51204.101026893,51205.697130805,404.02,404.055
-1.0,6,1,51205.713423719,51205.713423719,404.06,404.055
1.0,100,1,51205.714103997,51205.714103997,404.035,404.05
-1.0,234,16,51205.722483091,51214.596545046,404.055,404.015
1.0,100,2,51218.260931664,51218.260952012,404.005,404.02
-1.0,273,13,51219.552688068,51226.745361124,404.02,403.975
1.0,7,1,51228.100674198,51228.100674198,403.97,403.97
-1.0,81,3,51228.213426147,51228.213426147,403.97,403.965
1.0,278,8,51229.100676916,51236.130735764,403.97,404.025
-1.0,729,12,51236.366799308,51246.184959576,404.02,403.98
1.0,61,1,51246.254096365,51246.254096365,403.98,403.98
-1.0,1,1,51246.598558723,51246.598558723,403.985,403.98
1.0,651,11,51247.453630225,51248.042914636,403.98,404.025
-1.0,18,1,51251.469405857,51251.469405857,404.04,404.035
1.0,155,5,51253.300445551,51256.182096787,404.035,404.09
-1.0,37,2,51258.921352344,51258.921352344,404.09,404.065
1.0,920,8,51261.629302153,51265.926441875,404.07,404.155
-1.0,172,4,51267.648642141,51270.149528704,404.165,404.135
1.0,200,4,51270.874894083,51270.874915276,404.135,404.155
-1.0,327,21,51273.801398743,51285.287655072,404.18,404.065
1.0,422,9,51288.353967977,51292.868688848,404.08,404.145
-1.0,849,21,51294.417699611,51305.168263416,404.155,404.045
1.0,100,1,51306.015577045,51306.015577045,404.05,404.06
-1.0,312,9,51306.949307961,51309.95661205,404.08,404.005
1.0,100,1,51310.313027854,51310.313027854,404.01,404.015
-1.0,490,19,51310.870988883,51315.637915285,404.025,403.945
1.0,8,1,51318.190101849,51318.190101849,403.965,403.965
-1.0,259,11,51320.31224171,51323.452521676,403.965,403.93
1.0,406,14,51324.258341535,51325.609024284,403.935,404.005
-1.0,99,1,51325.609046243,51325.609046243,404.03,404.005
1.0,101,4,51327.240591285,51331.486553579,404.005,404.055
-1.0,893,16,51333.286897079,51343.570048113,404.09,404.035
1.0,1,1,51345.534874751,51345.534874751,404.02,404.02
-1.0,183,14,51350.022495389,51360.954995499,404.015,404.065
1.0,304,4,51361.519862865,51364.087588422,404.065,404.135
-1.0,1,1,51364.17317748,51364.17317748,404.125,404.125
1.0,300,4,51366.292532114,51366.292600964,404.12,404.14
-1.0,5114,9,51369.29169898,51369.302215984,404.15,404.11
1.0,163,2,51371.191487412,51371.191514138,404.115,404.13
-1.0,166,8,51375.450562256,51375.562353046,404.125,404.095
1.0,171,8,51376.753125743,51381.326149054,404.12,404.155
-1.0,23,1,51382.733825881,51382.733825881,404.16,404.155
1.0,188,1,51382.733881032,51382.733881032,404.145,404.15
-1.0,1055,21,51384.423103531,51392.803684473,404.175,404.045
1.0,1,1,51402.110895375,51402.110895375,404.08,404.085
-1.0,91,3,51402.354495868,51405.543782503,404.095,404.09
1.0,101,2,51409.355882074,51409.356618133,404.125,404.15
-1.0,167,1,51414.104420384,51414.104420384,404.12,404.12
1.0,370,10,51418.307195163,51421.78472994,404.12,404.165
-1.0,28,2,51422.700196758,51422.700196758,404.16,404.155
1.0,4,2,51423.09505081,51424.063045695,404.145,404.175
-1.0,19,1,51425.574456812,51425.574456812,404.165,404.165
1.0,756,6,51426.006645297,51426.007413856,404.18,404.2
-1.0,130,11,51426.018992277,51429.562469229,404.185,404.085
1.0,456,3,51434.352678871,51436.162140125,404.075,404.13
-1.0,94,1,51436.162188416,51436.162188416,404.135,404.135
1.0,293,4,51436.162899034,51436.282817615,404.115,404.14
-1.0,23,1,51436.285808009,51436.285808009,404.145,404.135
1.0,100,1,51438.530154241,51438.530154241,404.13,404.135
-1.0,19,1,51438.577066356,51438.577066356,404.14,404.135
1.0,741,17,51443.63629683,51444.862218408,404.13,404.2
-1.0,23,1,51444.871864595,51444.871864595,404.195,404.19
1.0,2,1,51444.872825652,51444.872825652,404.165,404.165
-1.0,22,1,51445.693628659,51445.693628659,404.165,404.155
1.0,529,8,51451.427224173,51459.740333448,404.165,404.21
-1.0,83,3,51459.747954583,51459.750863489,404.225,404.22
1.0,400,5,51459.752291046,51459.752371672,404.195,404.2
-1.0,119,3,51460.292969566,51460.324811723,404.185,404.175
1.0,1442,19,51461.877311693,51470.066729589,404.185,404.335
-1.0,756,15,51471.963874,51487.448197088,404.36,404.42
1.0,10,1,51487.598146524,51487.598146524,404.43,404.435
-1.0,103,3,51487.609982202,51487.675097604,404.46,404.46
1.0,257,8,51487.885175486,51488.278139603,404.46,404.505
-1.0,635,8,51494.938426601,51494.939034612,404.525,404.5
1.0,5,1,51497.852294268,51497.852294268,404.515,404.52
-1.0,5301,17,51499.925563643,51501.799644069,404.52,404.445
1.0,1,1,51501.82445985,51501.82445985,404.435,404.44
-1.0,202,5,51508.896160612,51511.583619604,404.45,404.415
1.0,75,2,51512.483069695,51514.196752243,404.405,404.405
-1.0,34,2,51516.110726559,51516.11150439,404.415,404.395
1.0,26,2,51517.104341011,51517.48133623,404.405,404.435
-1.0,10,2,51518.793885446,51518.793885446,404.435,404.43
1.0,1,1,51518.841960295,51518.841960295,404.4,404.4
-1.0,21,1,51523.83114471,51523.83114471,404.43,404.43
1.0,1286,21,51527.272976461,51545.922937977,404.42,404.555
-1.0,981,12,51545.959901478,51551.178515085,404.545,404.5
1.0,464,11,51552.210550643,51559.854400797,404.495,404.575
-1.0,487,15,51561.749307048,51565.385536395,404.6,404.535
1.0,6,2,51567.255489171,51567.255489171,404.535,404.54
-1.0,373,5,51571.818299859,51575.564550373,404.615,404.585
1.0,256,6,51576.307328617,51587.869831439,404.585,404.645
-1.0,494,15,51591.025379807,51594.413914793,404.645,404.585
1.0,1061,10,51600.344466476,51602.888914736,404.595,404.665
-1.0,44,2,51602.910234333,51603.269119138,404.68,404.655
1.0,100,1,51605.398077024,51605.398077024,404.64,404.66
-1.0,367,11,51611.52778629,51617.837726433,404.685,404.67
1.0,1001,3,51621.798407959,51622.519764227,404.69,404.71
-1.0,1761,36,51622.535671517,51641.940761594,404.745,404.625
1.0,1,1,51643.924611078,51643.924611078,404.64,404.65
-1.0,566,8,51644.13731367,51649.377984653,404.675,404.615
1.0,34,1,51649.40469236,51649.40469236,404.605,404.605
-1.0,269,3,51652.198820014,51653.311957564,404.61,404.59
1.0,207,5,51656.148306285,51656.148494144,404.605,404.62
-1.0,388,17,51659.84704249,51670.503525514,404.635,404.55
1.0,50,1,51670.504745617,51670.504745617,404.545,404.55
-1.0,204,5,51670.517593861,51670.886840032,404.545,404.525
1.0,156,8,51673.215233766,51678.702502727,404.545,404.605
-1.0,3,1,51678.956514813,51678.956514813,404.605,404.605
1.0,106,3,51679.067362095,51679.543106983,404.605,404.645
-1.0,130,5,51684.914156992,51690.35504665,404.655,404.625
1.0,10,1,51696.058801884,51696.058801884,404.645,404.655
-1.0,237,6,51699.38351066,51699.617883141,404.64,404.62
1.0,57,6,51700.481718476,51713.796438523,404.615,404.68
-1.0,1370,31,51714.516852859,51724.642036204,404.68,404.58
1.0,96,3,51725.319454929,51727.58001855,404.57,404.615
-1.0,32,2,51727.796879615,51727.796879615,404.635,404.63
1.0,398,8,51728.718096596,51732.149638125,404.615,404.66
-1.0,244,10,51732.632920903,51737.800266094,404.715,404.67
1.0,15,1,51741.193901438,51741.193901438,404.665,404.665
-1.0,19,1,51741.260729998,51741.260729998,404.67,404.665
1.0,10,1,51752.004053465,51752.004053465,404.63,404.63
-1.0,41,8,51752.004808958,51757.208587332,404.63,404.605
1.0,50,2,51757.514432725,51757.514432725,404.605,404.61
-1.0,120,2,51760.270561512,51760.272637304,404.635,404.62
1.0,1,1,51765.543555782,51765.543555782,404.665,404.67
-1.0,19,1,51767.536175303,51767.536175303,404.69,404.685
1.0,140,2,51773.462689018,51773.462689018,404.67,404.68
-1.0,44,7,51774.964798013,51777.723422575,404.67,404.655
1.0,20,1,51777.724820974,51777.724820974,404.62,404.62
-1.0,227,7,51777.801825611,51784.687315515,404.635,404.625
1.0,90,2,51785.779710973,51785.996734431,404.625,404.63
-1.0,312,10,51789.969205469,51791.290821299,404.64,404.605
1.0,163,9,51792.390283389,51793.359664168,404.625,404.68
-1.0,848,9,51794.08063873,51797.97361133,404.68,404.665
1.0,50,1,51797.974240037,51797.974240037,404.655,404.66
-1.0,1043,33,51799.722129179,51813.661487317,404.685,404.52
1.0,106,5,51816.121022105,51818.276378528,404.54,404.585
-1.0,25,2,51820.964646213,51820.999174884,404.59,404.555
1.0,40,6,51822.208896632,51829.375764779,404.545,404.645
-1.0,67,4,51833.467257709,51843.102072874,404.66,404.68
1.0,141,5,51843.518779976,51845.335974537,404.685,404.7
-1.0,415,16,51853.590958248,51864.16107983,404.75,404.635
1.0,245,4,51870.495319855,51870.495352761,404.635,404.645
-1.0,175,7,51871.360439615,51878.476100311,404.66,404.62
1.0,15,1,51878.476323406,51878.476323406,404.61,404.61
-1.0,27,3,51879.058332742,51879.072492554,404.62,404.595
1.0,11,2,51881.972500444,51885.486793094,404.585,404.595
-1.0,419,14,51896.643855078,51903.087908173,404.585,404.515
1.0,2,1,51903.095389184,51903.095389184,404.51,404.515
-1.0,164,7,51903.299646819,51904.364317859,404.52,404.515
1.0,11,2,51907.345846077,51908.890836814,404.565,404.575
-1.0,888,13,51909.896677526,51926.486274224,404.585,404.52
1.0,4,1,51926.561097003,51926.561097003,404.52,404.52
-1.0,5,1,51926.979413215,51926.979413215,404.52,404.515
1.0,50,2,51927.394812419,51927.394870304,404.5,404.505
-1.0,23,1,51927.979477352,51927.979477352,404.505,404.5
1.0,148,6,51927.979545352,51934.431610538,404.485,404.575
-1.0,317,16,51937.590256396,51942.3472644,404.595,404.475
1.0,100,2,51942.347342848,51942.347348368,404.47,404.475
-1.0,1702,55,51944.069047671,51961.523713742,404.485,404.32
1.0,20,1,51962.912567126,51962.912567126,404.325,404.33
-1.0,99,8,51962.912798348,51965.258042555,404.33,404.295
1.0,95,1,51965.258056223,51965.258056223,404.295,404.305
-1.0,1154,26,51965.258076088,51970.777039847,404.295,404.21
1.0,1575,3,51970.777404938,51970.779927387,404.19,404.19
-1.0,162,3,51970.791407125,51970.791407125,404.185,404.175
1.0,2300,9,51970.792136723,51970.792196771,404.165,404.17
-1.0,1240,19,51970.792221439,51979.452491657,404.18,404.15
1.0,1250,16,51982.420041632,51982.428866869,404.155,404.205
-1.0,20,1,51982.498959154,51982.498959154,404.22,404.215
1.0,417,8,51982.498997969,51984.293580781,404.215,404.295
-1.0,168,14,51984.6457076,51997.028516853,404.315,404.28
1.0,253,4,51997.029254572,52000.601582023,404.27,404.32
-1.0,64,3,52000.601757915,52000.602004856,404.32,404.305
1.0,7,4,52000.602258292,52004.590804041,404.295,404.345
-1.0,777,23,52006.23244065,52018.469898472,404.37,404.265
1.0,240,6,52020.8471488,52023.108690137,404.255,404.295
-1.0,6,2,52023.918080054,52027.596777382,404.31,404.27
1.0,100,1,52027.596853937,52027.596853937,404.255,404.265
-1.0,309,11,52028.109346238,52030.893618763,404.285,404.15
1.0,100,1,52030.893653394,52030.893653394,404.145,404.15
-1.0,155,4,52031.127805104,52031.12861293,404.14,404.135
1.0,242,5,52032.21699909,52032.278502683,404.13,404.165
-1.0,21,2,52040.151734402,52040.152052838,404.175,404.155
1.0,368,8,52041.665845458,52046.166680139,404.17,404.26
-1.0,2029,31,52051.437948273,52059.046783584,404.26,404.105
1.0,201,3,52059.047965065,52059.048949819,404.055,404.055
-1.0,1064,42,52059.051296795,52059.104063124,404.055,404.03
1.0,78,1,52059.128450969,52059.128450969,404.01,404.01
-1.0,4,2,52059.149505814,52059.150051404,404.03,404.025
1.0,61,1,52059.229296487,52059.229296487,404.025,404.04
-1.0,31,2,52059.599838165,52063.986031025,404.055,404.04
1.0,50,2,52065.497565079,52065.497585974,404.03,404.035
-1.0,24,2,52066.178477501,52066.178477501,404.035,404.03
1.0,406,4,52069.040610526,52069.040674359,404.025,404.04
-1.0,21,2,52070.679716026,52070.679716026,404.035,404.025
1.0,193,2,52070.679772583,52070.680059359,404.025,404.03
-1.0,119,3,52071.196565822,52071.196829876,404.025,404.02
1.0,200,4,52072.856723382,52080.824381566,404.02,404.045
-1.0,1,1,52082.329312561,52082.329312561,404.095,404.085
1.0,300,5,52082.40395453,52089.17258322,404.08,404.09
-1.0,51,3,52089.85416735,52089.85416735,404.115,404.11
1.0,100,1,52092.898795057,52092.898795057,404.07,404.075
-1.0,991,12,52096.610369546,52097.235216141,404.085,404.01
1.0,68,1,52097.235769044,52097.235769044,403.99,404.01
-1.0,122,3,52098.235142773,52098.235142773,404.01,404.0
1.0,813,12,52101.303284988,52111.587642757,404.0,404.1
-1.0,230,5,52112.899448179,52118.341773724,404.09,404.175
1.0,106,2,52121.380635342,52123.370957124,404.205,404.215
-1.0,767,16,52127.074461918,52134.503646885,404.215,404.14
1.0,170,5,52137.028889909,52138.571521934,404.14,404.145
-1.0,47,7,52141.477823703,52143.347984612,404.17,404.14
1.0,150,3,52144.404134401,52144.897268241,404.135,404.155
-1.0,17,1,52149.252491074,52149.252491074,404.185,404.18
1.0,204,5,52153.970771404,52156.15192344,404.155,404.165
-1.0,22,6,52157.001913561,52158.456439362,404.18,404.16
1.0,7,1,52159.367659308,52159.367659308,404.155,404.16
-1.0,154,2,52162.898245691,52162.898245691,404.18,404.175
1.0,106,4,52166.969528079,52175.217470618,404.195,404.25
-1.0,953,10,52175.750911917,52176.102890846,404.255,404.21
1.0,142,3,52176.102943115,52176.103002706,404.21,404.215
-1.0,6,2,52176.103178613,52179.98182924,404.22,404.21
1.0,159,2,52181.012450806,52181.012473553,404.21,404.22
-1.0,142,3,52183.634086879,52183.877695819,404.24,404.215
1.0,20,2,52184.829947675,52185.044605633,404.21,404.215
-1.0,419,9,52188.447610187,52188.69017336,404.22,404.205
1.0,72,1,52190.669059025,52190.669059025,404.205,404.205
-1.0,51,6,52194.6353421,52198.445893043,404.21,404.165
1.0,389,13,52200.43853773,52216.650531735,404.16,404.19
-1.0,56,5,52218.240742296,52218.25096187,404.205,404.135
1.0,205,5,52219.01426567,52219.330088694,404.14,404.165
-1.0,55,4,52219.508862418,52222.823491552,404.18,404.125
1.0,51,3,52223.410358752,52223.410612911,404.105,404.11
-1.0,105,2,52226.64204147,52226.64204147,404.125,404.115
1.0,13,2,52226.642072353,52226.642101089,404.09,404.09
-1.0,100,1,52226.642597104,52226.642597104,404.1,404.095
1.0,100,1,52226.645726671,52226.645726671,404.085,404.095
-1.0,69,4,52226.670747734,52227.432747384,404.085,404.06
1.0,184,4,52230.817413426,52231.6851728,404.04,404.045
-1.0,532,16,52233.437157324,52237.516982341,404.04,403.955
1.0,16,1,52239.308317287,52239.308317287,403.95,403.95
-1.0,273,8,52241.280566004,52243.83096516,403.96,403.965
1.0,197,4,52246.408668513,52246.408699381,403.97,403.975
-1.0,1,1,52246.408724924,52246.408724924,403.98,403.98
1.0,4,2,52246.409223037,52246.433807868,403.98,403.995
-1.0,122,4,52246.43623992,52246.436379843,404.0,403.98
1.0,236,8,52246.577803002,52260.143039965,403.97,404.06
-1.0,142,4,52261.376176747,52261.429919059,404.045,404.03
1.0,4,1,52261.519891293,52261.519891293,404.03,404.03
-1.0,140,7,52263.807507326,52265.003032907,404.03,403.985
1.0,304,6,52265.003621317,52268.670461976,403.98,404.01
-1.0,5,1,52269.285084148,52269.285084148,404.015,404.015
1.0,251,6,52269.88721956,52272.995609152,404.0,403.995
-1.0,21,1,52273.182883206,52273.182883206,403.99,403.985
1.0,369,9,52275.19464034,52279.496856366,403.985,404.035
-1.0,190,2,52280.416590385,52280.416590385,404.05,404.045
1.0,614,14,52285.244045824,52292.870033335,404.055,404.145
-1.0,462,11,52293.738261257,52308.685868345,404.155,404.175
1.0,139,5,52308.686543441,52308.686767486,404.155,404.155
-1.0,1151,10,52309.102037781,52309.350214832,404.145,404.105
1.0,233,4,52318.813460101,52320.040209466,404.12,404.145
-1.0,49,3,52324.460450822,52324.891038917,404.18,404.15
1.0,96,1,52328.272044923,52328.272044923,404.12,404.12
-1.0,148,4,52338.377501886,52340.538913303,404.17,404.13
1.0,1,1,52341.999074018,52341.999074018,404.11,404.12
-1.0,19,1,52343.611736265,52343.611736265,404.14,404.135
1.0,175,6,52344.687252544,52356.4811548,404.135,404.14
-1.0,27,3,52357.180835024,52357.346438312,404.15,404.15
1.0,15,1,52357.719596103,52357.719596103,404.15,404.16
-1.0,355,7,52359.904563327,52363.417906401,404.18,404.15
1.0,140,3,52363.802286654,52363.802286654,404.13,404.145
-1.0,878,17,52363.81022713,52367.857959657,404.135,404.07
1.0,368,5,52368.972818251,52369.007163384,404.07,404.14
-1.0,83,5,52369.04358611,52369.48576983,404.145,404.125
1.0,340,6,52369.492740661,52369.784018249,404.12,404.145
-1.0,309,3,52369.784046634,52370.372319752,404.165,404.165
1.0,110,5,52379.596139475,52382.804209505,404.145,404.165
-1.0,1324,10,52382.804683976,52385.523021806,404.165,404.11
1.0,172,8,52386.225073698,52388.006847193,404.11,404.13
-1.0,455,9,52389.222142226,52393.974999982,404.14,404.1
1.0,60,1,52394.303004752,52394.303004752,404.09,404.09
-1.0,113,7,52396.497550448,52398.218275338,404.085,404.05
1.0,1,1,52399.874002762,52399.874002762,404.035,404.045
-1.0,319,5,52407.227815043,52407.228405191,404.075,404.045
1.0,19,1,52407.48908038,52407.48908038,404.06,404.06
-1.0,18,2,52412.259818333,52412.259818333,404.07,404.06
1.0,219,6,52412.646887791,52415.057746305,404.07,404.095
-1.0,76,2,52415.333528341,52416.92765396,404.105,404.03
1.0,12,2,52418.52160298,52426.079579755,404.04,404.075
-1.0,150,2,52426.212812169,52426.212812169,404.09,404.085
1.0,110,2,52428.302900313,52431.640134303,404.075,404.085
-1.0,21,3,52432.463160596,52432.46394632,404.085,404.065
1.0,60,2,52432.464839067,52432.465527291,404.06,404.08
-1.0,667,16,52432.621273086,52434.587427242,404.055,403.995
1.0,100,1,52434.587864851,52434.587864851,403.985,403.995
-1.0,118,2,52435.742867275,52435.742867275,403.99,403.985
1.0,240,3,52441.360081039,52441.360108124,404.015,404.03
-1.0,421,8,52444.622852221,52445.82905706,404.005,403.965
1.0,271,6,52446.243625902,52452.061658261,403.955,403.995
-1.0,50,1,52453.690649326,52453.690649326,404.0,403.995
1.0,165,1,52455.563072605,52455.563072605,404.005,404.01
-1.0,228,11,52458.249467668,52460.659383622,404.0,403.93
1.0,600,3,52462.55535633,52462.555380893,403.945,403.955
-1.0,202,8,52462.573820843,52466.435285838,403.97,403.915
1.0,140,2,52469.706294021,52469.706294021,403.915,403.925
-1.0,1488,24,52473.241260854,52486.121753751,403.94,403.895
1.0,100,2,52488.224777097,52488.224815635,403.885,403.89
-1.0,222,9,52488.879835909,52495.293233897,403.89,403.875
1.0,351,7,52495.847003011,52496.002192667,403.865,403.91
-1.0,5,1,52496.003583322,52496.003583322,403.915,403.91
1.0,105,7,52498.468769961,52505.41671802,403.895,404.025
-1.0,11,4,52507.280075663,52507.281823744,404.035,404.005
1.0,251,5,52507.350987667,52507.351020498,404.015,404.02
-1.0,5,1,52507.629930166,52507.629930166,404.005,403.995
1.0,300,5,52507.960142317,52509.880925236,403.985,403.975
-1.0,5,1,52510.229836959,52510.229836959,403.985,403.985
1.0,338,7,52512.436704956,52518.399866549,403.96,403.985
-1.0,459,17,52518.461376486,52522.256263435,403.995,403.9
1.0,263,8,52528.638244837,52530.579078038,403.91,403.955
-1.0,101,2,52530.580067319,52531.292571599,403.98,403.965
1.0,142,4,52536.234698082,52540.068907546,403.955,403.975
-1.0,250,3,52545.224814303,52545.224814303,403.98,403.975
1.0,100,1,52545.960963343,52545.960963343,403.95,403.955
-1.0,5401,17,52547.17782147,52558.926959377,403.935,403.87
1.0,100,2,52558.927114166,52558.92714136,403.865,403.875
-1.0,346,8,52559.158660475,52559.170209456,403.865,403.84
1.0,50,1,52559.594737358,52559.594737358,403.865,403.87
-1.0,157,4,52561.631017769,52563.801549241,403.875,403.855
1.0,408,9,52564.778531781,52565.251237048,403.855,403.885
-1.0,62,2,52565.391836494,52565.392496349,403.905,403.89
1.0,494,14,52569.681960324,52574.048346154,403.87,403.955
-1.0,225,5,52574.972759542,52575.279255613,403.975,403.935
1.0,211,6,52575.330887915,52575.332172303,403.945,403.975
-1.0,1155,4,52576.859218531,52578.247362451,403.965,403.935
1.0,151,3,52579.249330824,52585.649598602,403.9,403.945
-1.0,850,2,52585.650353067,52585.848369783,403.96,403.945
1.0,116,4,52585.84849662,52588.238978987,403.925,404.01
-1.0,1623,13,52590.013951472,52594.325832532,403.98,403.925
1.0,100,1,52594.466840718,52594.466840718,403.925,403.93
-1.0,40,1,52594.466937557,52594.466937557,403.925,403.925
1.0,224,3,52594.467132559,52594.467397622,403.925,403.925
-1.0,5025,9,52594.467526715,52594.470699272,403.925,403.895
1.0,181,5,52599.230008837,52599.824676392,403.955,404.005
-1.0,349,5,52602.563330258,52604.974784698,403.97,403.9
1.0,822,22,52605.036846534,52625.210241104,403.895,404.175
-1.0,50,1,52626.822860936,52626.822860936,404.185,404.18
1.0,20,1,52627.421309903,52627.421309903,404.185,404.19
-1.0,62,3,52628.4923154,52628.492339724,404.185,404.18
1.0,336,13,52630.734902711,52635.252828166,404.175,404.265
-1.0,750,12,52635.271193914,52642.699780922,404.24,404.13
1.0,102,3,52643.159372843,52643.720620537,404.115,404.15
-1.0,400,2,52645.968207323,52645.968228119,404.175,404.17
1.0,61,4,52647.165272453,52647.165310305,404.14,404.15
-1.0,10,1,52647.551661344,52647.551661344,404.14,404.13
1.0,676,13,52647.970553462,52657.598977213,404.125,404.14
-1.0,1315,9,52659.674009617,52665.443606029,404.16,404.08
1.0,208,7,52669.188459018,52670.796337681,404.06,404.1
-1.0,266,6,52671.061721463,52673.725180402,404.085,404.025
1.0,143,4,52676.272769957,52676.272938368,404.01,404.015
-1.0,182,8,52677.737074338,52681.049373443,404.015,403.94
1.0,3890,21,52681.062851272,52681.152408706,403.925,403.945
-1.0,150,2,52681.504747425,52681.504747425,403.97,403.96
1.0,379,5,52682.265627753,52682.32783927,403.95,403.98
-1.0,205,4,52683.673096358,52683.694964483,403.955,403.91
1.0,195,4,52685.326152809,52695.007208808,403.905,403.98
-1.0,100,1,52695.41589293,52695.41589293,404.025,404.02
1.0,140,3,52701.249673575,52701.249709861,404.0,404.01
-1.0,564,8,52701.249762728,52717.903999513,404.025,404.035
1.0,130,5,52718.67781819,52720.521079789,404.03,404.025
-1.0,880,10,52724.258213954,52724.737270539,404.015,403.99
1.0,369,12,52724.737340528,52737.524419775,403.965,404.085
-1.0,2,2,52741.706780882,52741.838071789,404.1,404.095
1.0,27,4,52743.177612042,52745.763826744,404.11,404.155
-1.0,171,6,52749.190112539,52751.000290256,404.175,404.15
1.0,235,9,52751.590909756,52764.273728715,404.175,404.3
-1.0,689,8,52764.386376398,52765.39800427,404.305,404.235
1.0,608,10,52769.373720825,52771.459469209,404.245,404.27
-1.0,150,2,52771.492921019,52771.494861518,404.3,404.28
1.0,100,2,52772.588775718,52772.624439768,404.26,404.275
-1.0,516,4,52774.604767083,52779.204794241,404.24,404.215
1.0,453,10,52781.768931595,52793.706716337,404.22,404.245
-1.0,200,2,52795.168279456,52795.168279456,404.245,404.24
1.0,4,2,52798.080513803,52798.746707071,404.225,404.245
-1.0,75,2,52800.897906324,52800.897906324,404.25,404.245
1.0,160,2,52802.24234675,52802.242367797,404.21,404.215
-1.0,155,4,52809.232264719,52809.232519956,404.225,404.205
1.0,16,1,52809.275762086,52809.275762086,404.2,404.2
-1.0,117,6,52809.75021104,52809.751259806,404.195,404.17
1.0,622,17,52809.984400069,52816.189870125,404.175,404.25
-1.0,1,1,52818.005902413,52818.005902413,404.265,404.26
1.0,845,7,52818.910584318,52821.099509634,404.26,404.275
-1.0,4,2,52821.39219173,52821.39219173,404.255,404.245
1.0,229,10,52824.498917201,52830.281331389,404.24,404.305
-1.0,137,2,52831.141365172,52831.141365172,404.31,404.31
1.0,550,9,52834.723419176,52841.587741413,404.305,404.375
-1.0,100,1,52842.249888137,52842.249888137,404.38,404.375
1.0,140,6,52842.769454177,52842.769508177,404.38,404.385
-1.0,84,3,52843.73069918,52843.732554299,404.385,404.355
1.0,399,7,52844.294596262,52851.956154404,404.355,404.38
-1.0,1099,13,52854.093650405,52856.578336366,404.375,404.275
1.0,161,4,52859.229848628,52861.493623522,404.28,404.325
-1.0,390,2,52861.494261454,52861.494298925,404.325,404.325
1.0,2,1,52862.753084678,52862.753084678,404.325,404.33
-1.0,4610,7,52865.298331343,52865.29854661,404.33,404.32
1.0,220,4,52868.212233381,52874.165612564,404.295,404.335
-1.0,25,1,52875.587646335,52875.587646335,404.335,404.325
1.0,99,4,52877.981495597,52878.597312254,404.34,404.34
-1.0,5,1,52880.014069686,52880.014069686,404.34,404.335
1.0,82,1,52880.842353037,52880.842353037,404.335,404.335
-1.0,110,2,52885.202188137,52885.202224255,404.335,404.315
1.0,1,1,52885.202383391,52885.202383391,404.3,404.3
-1.0,1,1,52885.203016359,52885.203016359,404.295,404.28
1.0,13,1,52885.554304486,52885.554304486,404.285,404.285
-1.0,100,1,52886.016093652,52886.016093652,404.305,404.3
1.0,274,4,52886.282269235,52895.268824547,404.285,404.3
-1.0,1004,12,52897.818873697,52898.879633734,404.305,404.2
1.0,122,5,52899.925805482,52905.735508165,404.19,404.25
-1.0,9,2,52907.798432485,52911.237512969,404.26,404.245
1.0,107,5,52914.750035106,52920.697206022,404.245,404.285
-1.0,510,4,52923.536449928,52923.546820568,404.285,404.24
1.0,3,1,52923.54699763,52923.54699763,404.235,404.235
-1.0,704,21,52923.548418981,52942.204199645,404.235,404.17
1.0,8,1,52942.210629253,52942.210629253,404.165,404.165
-1.0,819,15,52946.682004713,52951.56898344,404.165,404.105
1.0,271,6,52952.835589362,52953.758770921,404.105,404.125
-1.0,1,1,52955.346867797,52955.346867797,404.135,404.135
1.0,469,12,52957.322961154,52959.878201445,404.13,404.17
-1.0,66,1,52967.023006321,52967.023006321,404.225,404.225
1.0,458,11,52971.575632172,52984.575012181,404.225,404.3
-1.0,5685,18,52990.612597341,52993.972338131,404.32,404.27
1.0,597,20,52995.786357063,53007.102494341,404.27,404.37
-1.0,92,1,53011.192483558,53011.192483558,404.38,404.38
1.0,200,4,53011.218406398,53011.218856592,404.365,404.375
-1.0,21,2,53019.379457897,53022.142968037,404.38,404.37
1.0,132,6,53024.162144985,53025.111530765,404.37,404.385
-1.0,572,6,53030.321382887,53033.143031189,404.39,404.35
1.0,140,2,53035.134943825,53035.134943825,404.345,404.355
-1.0,1,1,53035.135726716,53035.135726716,404.375,404.365
1.0,6,1,53037.002270896,53037.002270896,404.36,404.37
-1.0,10,1,53037.766423404,53037.766423404,404.385,404.375
1.0,111,8,53038.748826912,53045.88665533,404.36,404.38
-1.0,919,16,53048.691255014,53058.600187581,404.385,404.24
1.0,401,18,53059.851660387,53082.773315125,404.245,404.315
-1.0,95,2,53084.210786053,53084.220575238,404.305,404.305
1.0,10,1,53089.531016843,53089.531016843,404.305,404.31
-1.0,575,7,53095.946370366,53104.147944758,404.31,404.265
1.0,85,5,53106.063416396,53110.639546543,404.275,404.35
-1.0,554,9,53112.506926145,53112.636469951,404.36,404.31
1.0,75,4,53114.609133553,53122.512787911,404.325,404.365
-1.0,561,11,53122.870069547,53122.87026072,404.36,404.35
1.0,297,10,53126.787656311,53130.9024425,404.35,404.405
-1.0,128,3,53132.254873785,53132.254873785,404.405,404.4
1.0,1106,24,53133.435486467,53134.518186146,404.395,404.5
-1.0,106,2,53134.656779863,53134.656782472,404.495,404.485
1.0,1047,19,53136.134998157,53137.662944265,404.47,404.565
-1.0,75,2,53137.669623689,53138.474366236,404.56,404.545
1.0,159,7,53139.102877175,53140.226858559,404.56,404.58
-1.0,12,1,53140.26153618,53140.26153618,404.595,404.59
1.0,271,5,53142.597463583,53143.206611463,404.54,404.565
-1.0,50,1,53143.208321437,53143.208321437,404.57,404.565
1.0,547,12,53143.216522955,53145.968562034,404.55,404.625
-1.0,731,7,53148.693916614,53151.863732573,404.62,404.56
1.0,276,9,53161.529626764,53174.010841679,404.53,404.59
-1.0,2,1,53174.669021547,53174.669021547,404.6,404.59
1.0,159,3,53176.392173425,53177.274493552,404.61,404.615
-1.0,568,10,53178.470210476,53178.4780644,404.625,404.57
1.0,100,3,53178.495656784,53178.499042541,404.575,404.58
-1.0,54,2,53178.49921291,53178.49971146,404.595,404.575
1.0,292,11,53178.764005496,53183.802162579,404.595,404.655
-1.0,260,3,53185.944315253,53185.944964756,404.625,404.585
1.0,215,5,53188.764599685,53188.765539856,404.61,404.625
-1.0,210,3,53189.563678792,53189.563705843,404.63,404.62
1.0,245,14,53191.355128292,53195.071575803,404.64,404.67
-1.0,8,1,53195.605933461,53195.605933461,404.675,404.66
1.0,33,3,53196.600361684,53198.929227384,404.67,404.68
-1.0,500,1,53199.710662915,53199.710662915,404.675,404.665
1.0,513,18,53199.718472042,53208.552303134,404.655,404.73
-1.0,100,1,53209.716211944,53209.716211944,404.74,404.735
1.0,560,19,53212.142230806,53216.093832466,404.74,404.815
-1.0,100,1,53219.42839803,53219.42839803,404.825,404.815
1.0,2,1,53220.237834332,53220.237834332,404.835,404.84
-1.0,100,1,53222.353028586,53222.353028586,404.84,404.835
1.0,846,16,53222.463833786,53226.659052222,404.84,404.9
-1.0,200,2,53226.77388527,53226.77388527,404.905,404.9
1.0,1250,20,53227.497712442,53227.509695965,404.91,404.98
-1.0,27,1,53227.510456844,53227.510456844,404.98,404.98
1.0,137,8,53227.512085206,53227.535796308,404.965,404.975
-1.0,100,2,53227.563814583,53227.563845754,404.975,404.965
1.0,494,7,53227.574603119,53227.587743598,404.955,404.955
-1.0,162,2,53227.602610452,53227.602610452,404.955,404.94
1.0,297,7,53227.638179035,53227.741524811,404.945,404.96
-1.0,341,7,53227.741531786,53228.07233995,404.96,404.93
1.0,1138,40,53228.143632705,53228.901118627,404.945,405.01
-1.0,145,3,53229.520624033,53229.520650038,405.01,405.005
1.0,90,7,53229.695510107,53231.077873988,405.01,405.065
-1.0,109,3,53234.020181648,53234.020212351,405.05,405.04
1.0,261,4,53234.99095877,53234.991772864,405.045,405.07
-1.0,824,8,53235.546212995,53237.962892695,405.08,405.04
1.0,497,11,53242.366447903,53243.389553142,405.06,405.095
-1.0,772,14,53244.11233695,53252.056654185,405.09,405.03
1.0,8,1,53252.057551386,53252.057551386,405.015,405.015
-1.0,51,2,53252.184167099,53252.184325896,405.015,404.995
1.0,696,13,53252.202560665,53260.123982372,404.99,405.02
-1.0,503,3,53260.126253094,53260.819341792,405.03,405.02
1.0,488,13,53261.321479814,53273.014291941,405.015,405.095
-1.0,1874,14,53274.462752219,53280.056887597,405.095,405.03
1.0,193,4,53280.410606185,53282.32962051,405.055,405.09
-1.0,476,9,53287.103235752,53290.305931649,405.105,405.05
1.0,16,3,53291.006032339,53299.540718684,405.065,405.025
-1.0,1,1,53299.659713253,53299.659713253,405.025,405.02
1.0,11,3,53299.789254268,53300.083270854,405.02,405.02
-1.0,3,1,53300.661126589,53300.661126589,405.02,405.015
1.0,4,1,53300.661274712,53300.661274712,405.005,405.01
-1.0,148,5,53301.055110359,53301.874833886,405.01,405.0
1.0,100,1,53301.894466353,53301.894466353,404.98,404.985
-1.0,21,1,53302.21908737,53302.21908737,404.975,404.97
1.0,286,8,53304.819763565,53304.820919993,404.975,405.0
-1.0,500,2,53305.94077652,53305.94079901,405.005,405.0
1.0,65,1,53308.287546888,53308.287546888,405.0,405.005
-1.0,105,6,53308.287858987,53308.287954901,405.01,405.005
1.0,7,1,53308.288069117,53308.288069117,405.0,405.0
-1.0,104,2,53308.288079992,53308.296591952,405.0,405.0
1.0,296,7,53309.133146052,53311.114580678,405.0,405.03
-1.0,29,1,53316.042878327,53316.042878327,405.005,405.005
1.0,100,1,53318.621772716,53318.621772716,404.98,404.99
-1.0,2951,46,53319.250285333,53339.74719186,404.995,404.855
1.0,100,2,53340.285613111,53340.285634245,404.86,404.865
-1.0,50,1,53342.04395007,53342.04395007,404.84,404.83
1.0,155,3,53346.212791074,53346.525394286,404.845,404.86
-1.0,2509,48,53347.656364098,53347.674057144,404.85,404.72
1.0,4,1,53347.674962775,53347.674962775,404.72,404.76
-1.0,365,7,53347.675583312,53347.678562126,404.795,404.755
1.0,39,2,53347.688113559,53347.688113559,404.73,404.755
-1.0,225,4,53347.69387892,53347.702936536,404.73,404.735
1.0,10,1,53347.721916478,53347.721916478,404.715,404.735
-1.0,1643,48,53347.76297924,53354.385784158,404.735,404.53
1.0,10,1,53355.270318277,53355.270318277,404.515,404.53
-1.0,332,13,53355.40347571,53356.152967885,404.53,404.42
1.0,603,12,53356.387110253,53358.928739266,404.445,404.48
-1.0,10,2,53361.422031516,53362.14558059,404.5,404.45
1.0,10,1,53362.637045904,53362.637045904,404.45,404.455
-1.0,255,11,53364.198083231,53364.879016944,404.465,404.43
1.0,18,1,53364.879398977,53364.879398977,404.395,404.43
-1.0,189,6,53364.895865092,53365.572189105,404.415,404.395
1.0,1,1,53370.988805923,53370.988805923,404.42,404.435
-1.0,162,3,53375.395226846,53375.395226846,404.47,404.46
1.0,6,1,53383.558085095,53383.558085095,404.475,404.49
-1.0,2,1,53385.091460036,53385.091460036,404.485,404.485
1.0,280,4,53387.363703424,53389.526754802,404.49,404.525
-1.0,356,12,53389.991529744,53400.438132896,404.54,404.475
1.0,198,4,53400.467297891,53400.477900843,404.48,404.52
-1.0,7,1,53400.927467703,53400.927467703,404.52,404.495
1.0,71,3,53403.065258584,53405.969957582,404.47,404.515
-1.0,6,2,53407.537070316,53407.53713099,404.51,404.49
1.0,208,9,53408.018088685,53412.740736432,404.475,404.495
-1.0,937,10,53415.949710976,53416.624481734,404.515,404.46
1.0,465,7,53417.640476992,53420.564610745,404.45,404.485
-1.0,200,6,53422.595450623,53422.595506361,404.485,404.465
1.0,71,3,53422.602427824,53422.602427824,404.465,404.47
-1.0,161,2,53422.832186141,53422.832186141,404.465,404.455
1.0,421,6,53423.511544252,53423.759148376,404.44,404.48
-1.0,834,10,53425.814960173,53425.925021975,404.45,404.415
1.0,247,11,53427.275036916,53439.618140448,404.43,404.475
-1.0,201,4,53443.159891284,53443.15992047,404.44,404.43
1.0,248,6,53443.201485493,53444.605345024,404.43,404.435
-1.0,100,1,53444.60538377,53444.60538377,404.44,404.435
1.0,48,2,53444.791479816,53444.791637589,404.435,404.45
-1.0,2,2,53446.167369636,53446.16836045,404.435,404.42
1.0,550,31,53446.959238475,53467.135853552,404.42,404.665
-1.0,54,5,53472.245026438,53472.245055546,404.645,404.63
1.0,236,12,53476.495608289,53494.888883365,404.615,404.715
-1.0,358,7,53498.890338539,53498.890495981,404.71,404.66
1.0,374,10,53507.474780044,53520.613263889,404.675,404.78
-1.0,670,13,53522.806575076,53524.894103579,404.795,404.705
1.0,164,2,53526.503194557,53526.503238662,404.67,404.675
-1.0,8,1,53527.738645226,53527.738645226,404.7,404.7
1.0,100,2,53534.203897641,53534.203913863,404.7,404.705
-1.0,45,3,53535.027687541,53538.474714372,404.71,404.67
1.0,111,3,53541.029080006,53541.029103393,404.67,404.675
-1.0,1,1,53544.667238356,53544.667238356,404.675,404.67
1.0,102,4,53546.001369309,53549.65898399,404.675,404.72
-1.0,359,12,53558.72532102,53567.826536333,404.72,404.675
1.0,59,5,53572.126889979,53574.284147051,404.675,404.73
-1.0,657,6,53583.111646886,53583.113025877,404.73,404.685
1.0,447,10,53583.11324726,53585.447443851,404.665,404.7
-1.0,120,3,53585.990821137,53585.990821137,404.69,404.68
1.0,200,2,53585.991149564,53585.991894938,404.655,404.66
-1.0,104,2,53585.992084277,53585.992116122,404.665,404.66
1.0,200,2,53586.39368614,53586.459013993,404.655,404.665
-1.0,100,1,53586.459170948,53586.459170948,404.67,404.665
1.0,100,1,53586.519093274,53586.519093274,404.655,404.665
-1.0,69,6,53587.004732366,53587.004738262,404.655,404.65
1.0,110,4,53587.132120433,53587.132177418,404.655,404.665
-1.0,409,10,53588.075795566,53593.629106927,404.655,404.575
1.0,329,7,53593.63030315,53600.680271211,404.57,404.615
-1.0,683,6,53608.710374895,53608.710658377,404.58,404.565
1.0,25,1,53608.710740108,53608.710740108,404.555,404.555
-1.0,438,17,53608.711930413,53615.781641443,404.555,404.485
1.0,89,2,53616.154660833,53616.154689308,404.49,404.5
-1.0,1,1,53621.598112319,53621.598112319,404.48,404.475
1.0,578,21,53623.097652863,53631.915893295,404.465,404.545
-1.0,3,3,53631.929416739,53631.929591532,404.56,404.555
1.0,38,4,53632.556000914,53632.576805776,404.555,404.555
-1.0,2,1,53632.578220252,53632.578220252,404.555,404.54
1.0,2007,33,53633.632224836,53634.674805522,404.535,404.64
-1.0,25,1,53634.674985866,53634.674985866,404.645,404.63
1.0,86,2,53634.6799026,53634.68186776,404.63,404.65
-1.0,5,2,53639.155028218,53643.554862251,404.585,404.57
1.0,289,8,53643.745761458,53643.74712266,404.57,404.615
-1.0,237,3,53651.43558173,53652.931773907,404.66,404.635
1.0,5,1,53660.592351912,53660.592351912,404.625,404.63
-1.0,863,7,53664.396060766,53665.61026645,404.715,404.635
1.0,100,1,53667.401753528,53667.401753528,404.61,404.62
-1.0,100,1,53667.402110095,53667.402110095,404.615,404.61
1.0,102,2,53667.402136997,53667.402177024,404.61,404.61
-1.0,5,1,53667.891065628,53667.891065628,404.61,404.605
1.0,100,1,53669.893005312,53669.893005312,404.595,404.6
-1.0,5110,5,53670.500121262,53670.500156436,404.595,404.585
1.0,6,1,53670.503219272,53670.503219272,404.545,404.545
-1.0,128,3,53671.05239861,53671.663224131,404.545,404.545
1.0,20,1,53675.334396464,53675.334396464,404.55,404.555
-1.0,210,7,53677.101487714,53677.263036076,404.55,404.525
1.0,110,4,53679.648609434,53679.648959278,404.52,404.53
-1.0,550,11,53682.412658738,53685.589216657,404.51,404.48
1.0,1505,30,53685.58966782,53720.859753107,404.47,404.645
-1.0,200,3,53724.502991172,53724.503284838,404.655,404.635
1.0,320,5,53727.425198564,53730.014703227,404.65,404.675
-1.0,200,2,53734.932066951,53734.932147654,404.665,404.655
1.0,216,7,53737.893700163,53743.605740639,404.655,404.675
-1.0,18,1,53746.086043311,53746.086043311,404.66,404.655
1.0,157,7,53746.089116882,53750.055375639,404.66,404.675
-1.0,84,1,53754.853545799,53754.853545799,404.665,404.665
1.0,910,21,53755.815944106,53761.208064225,404.665,404.685
-1.0,660,8,53764.654387664,53764.688890267,404.68,404.655
1.0,412,8,53765.655745522,53767.284830271,404.65,404.67
-1.0,562,16,53774.214079921,53777.058610161,404.68,404.565
1.0,267,7,53778.83478133,53778.834985051,404.545,404.565
-1.0,970,13,53782.154863328,53789.471578944,404.565,404.505
1.0,39,2,53790.827827028,53790.827827028,404.515,404.52
-1.0,100,3,53793.959843517,53793.959843517,404.505,404.5
1.0,145,2,53794.808765398,53794.808765398,404.495,404.5
-1.0,100,1,53794.80906201,53794.80906201,404.505,404.5
1.0,20,2,53794.971977049,53796.52280799,404.495,404.495
-1.0,26,3,53796.939082298,53796.944522012,404.505,404.475
1.0,31,2,53797.761176618,53797.761176618,404.495,404.495
-1.0,19,1,53799.79609391,53799.79609391,404.48,404.475
1.0,100,1,53800.686067622,53800.686067622,404.47,404.475
-1.0,506,21,53801.879733485,53810.795302538,404.485,404.42
1.0,150,3,53810.801894383,53810.801918781,404.425,404.43
-1.0,50,1,53811.488305497,53811.488305497,404.445,404.44
1.0,576,8,53811.488565328,53811.511718478,404.435,404.45
-1.0,136,6,53815.782321047,53815.783339209,404.455,404.43
1.0,23,2,53815.795350629,53815.818984525,404.42,404.46
-1.0,98,2,53815.8193141,53815.8193141,404.47,404.47
1.0,37,1,53815.824208785,53815.824208785,404.47,404.475
-1.0,103,2,53816.919331974,53816.919331974,404.475,404.47
1.0,100,1,53816.919362569,53816.919362569,404.455,404.47
-1.0,50,1,53816.919981626,53816.919981626,404.475,404.475
1.0,2,1,53817.961066023,53817.961066023,404.455,404.465
-1.0,241,4,53817.964290683,53818.020469559,404.475,404.465
1.0,402,10,53819.303793195,53821.266604352,404.42,404.485
-1.0,67,1,53821.280446188,53821.280446188,404.485,404.485
1.0,300,5,53821.654272573,53821.654461611,404.485,404.5
-1.0,217,6,53823.436628143,53826.931392957,404.56,404.535
1.0,674,17,53827.778114004,53840.160955206,404.525,404.595
-1.0,129,2,53840.169287805,53841.042878817,404.63,404.61
1.0,1149,24,53841.042938467,53844.785157665,404.585,404.63
-1.0,12,2,53845.90768261,53845.907769215,404.63,404.615
1.0,405,9,53846.410734821,53850.067760666,404.605,404.655
-1.0,32,2,53854.053294989,53854.053300142,404.67,404.66
1.0,100,1,53854.8669347,53854.8669347,404.65,404.66
-1.0,397,15,53858.431911377,53858.732784761,404.64,404.55
1.0,300,4,53860.159608186,53861.69435832,404.54,404.555
-1.0,651,5,53863.761327842,53863.761450609,404.54,404.515
1.0,1271,29,53865.09622982,53880.914610598,404.515,404.69
-1.0,67,2,53880.917413478,53881.213306083,404.715,404.66
1.0,651,13,53881.214933166,53885.058991132,404.64,404.665
-1.0,100,1,53885.953134694,53885.953134694,404.66,404.655
1.0,115,3,53886.449313688,53890.378883204,404.65,404.66
-1.0,1184,14,53891.475659052,53892.266808114,404.66,404.545
1.0,300,4,53892.278462057,53892.375086533,404.525,404.54
-1.0,3,1,53893.012010161,53893.012010161,404.53,404.52
1.0,259,5,53895.746418113,53898.154028798,404.525,404.555
-1.0,10,1,53898.337313876,53898.337313876,404.555,404.55
1.0,1544,20,53898.61998415,53907.856266444,404.535,404.635
-1.0,205,5,53908.438590105,53908.438694595,404.64,404.6
1.0,100,2,53909.779895118,53909.780181339,404.595,404.605
-1.0,1,1,53914.637333556,53914.637333556,404.63,404.62
1.0,4,3,53914.95636523,53918.791650648,404.62,404.615
-1.0,225,3,53920.313532903,53920.313532903,404.605,404.6
1.0,198,2,53920.703581526,53920.9691559,404.59,404.61
-1.0,77,5,53922.194944074,53923.801343588,404.615,404.57
1.0,18,1,53924.732018752,53924.732018752,404.565,404.57
-1.0,382,10,53928.65483092,53935.501205173,404.575,404.53
1.0,416,6,53935.501584451,53936.391584801,404.53,404.555
-1.0,150,2,53936.39217821,53936.39217821,404.56,404.555
1.0,100,1,53940.730836666,53940.730836666,404.555,404.565
-1.0,694,27,53940.730924404,53947.419469252,404.565,404.41
1.0,254,6,53947.516169042,53947.738340494,404.415,404.445
-1.0,67,3,53948.486438127,53948.486438127,404.44,404.435
1.0,183,5,53949.49621325,53950.445442232,404.425,404.455
-1.0,10,1,53950.938676935,53950.938676935,404.47,404.45
1.0,566,11,53951.605046622,53966.611942643,404.455,404.63
-1.0,123,7,53972.654781024,53972.901239634,404.67,404.64
1.0,566,6,53974.898943246,53975.529370361,404.62,404.64
-1.0,201,3,53981.375534988,53981.375663091,404.66,404.635
1.0,1,1,53982.046352244,53982.046352244,404.635,404.635
-1.0,1,1,53983.24047563,53983.24047563,404.635,404.625
1.0,299,4,53983.240926073,53983.244120884,404.625,404.63
-1.0,45,1,53983.273709291,53983.273709291,404.635,404.635
1.0,100,2,53986.653467856,53986.653488847,404.63,404.64
-1.0,10,1,53990.024741267,53990.024741267,404.65,404.645
1.0,100,4,53990.091341031,53990.408293142,404.64,404.66
-1.0,715,4,53996.229112829,53996.77458258,404.65,404.645
1.0,200,2,54000.181066676,54000.181066676,404.6,404.61
-1.0,7,3,54001.129462943,54001.256834968,404.605,404.595
1.0,200,4,54001.699429711,54006.122029333,404.595,404.63
-1.0,16,1,54007.287878553,54007.287878553,404.625,404.625
1.0,116,3,54007.965221935,54007.97664545,404.61,404.62
-1.0,8,2,54011.526648747,54014.561962402,404.64,404.605
1.0,1,1,54014.562034067,54014.562034067,404.595,404.6
-1.0,1,1,54014.65018769,54014.65018769,404.6,404.595
1.0,228,6,54017.100962182,54020.031826817,404.585,404.6
-1.0,2,2,54020.272287268,54020.576084381,404.625,404.605
1.0,200,2,54021.738305132,54021.738305132,404.59,404.595
-1.0,800,4,54023.632674165,54023.632872077,404.59,404.585
1.0,264,4,54023.633166636,54023.633826485,404.58,404.58
-1.0,731,13,54025.028680645,54025.499215414,404.585,404.535
1.0,606,11,54025.516425704,54029.990047092,404.535,404.575
-1.0,60,3,54031.327203257,54031.725133018,404.575,404.56
1.0,100,3,54033.318638161,54033.318678074,404.55,404.555
-1.0,206,6,54034.902418211,54040.953489331,404.57,404.535
1.0,517,13,54041.366097569,54051.885613427,404.54,404.61
-1.0,2,1,54054.281159557,54054.281159557,404.61,404.605
1.0,263,7,54055.293070616,54058.161230825,404.6,404.615
-1.0,410,5,54059.462600169,54059.485774193,404.62,404.6
1.0,100,4,54059.502005901,54059.564540247,404.605,404.615
-1.0,700,14,54060.842659242,54061.412614384,404.605,404.6
1.0,150,2,54061.412834631,54061.412834631,404.595,404.6
-1.0,400,6,54061.899957153,54061.900853905,404.605,404.6
1.0,601,9,54062.540410049,54067.893117706,404.605,404.64
-1.0,112,3,54067.904796708,54067.923565456,404.66,404.61
1.0,5,1,54068.686346065,54068.686346065,404.61,404.61
-1.0,175,6,54070.167963003,54070.168097774,404.605,404.605
1.0,435,10,54070.433244144,54075.797365735,404.605,404.68
-1.0,101,3,54075.797627735,54078.652444095,404.685,404.67
1.0,103,5,54078.994884318,54080.674650724,404.67,404.69
-1.0,244,6,54083.365618912,54083.527529187,404.685,404.65
1.0,4,1,54084.781295446,54084.781295446,404.625,404.625
-1.0,1,1,54085.50221581,54085.50221581,404.625,404.61
1.0,738,5,54086.480416845,54091.670083809,404.6,404.59
-1.0,901,5,54092.929934138,54092.931142143,404.585,404.57
1.0,43,2,54093.774375856,54093.774464034,404.555,404.555
-1.0,5,2,54094.263958736,54094.264237452,404.545,404.54
1.0,65,2,54096.148027082,54096.148051157,404.54,404.55
-1.0,466,12,54099.209705459,54099.373477434,404.555,404.51
1.0,821,6,54101.494436993,54105.114670023,404.515,404.59
-1.0,150,3,54107.045331008,54107.047333015,404.565,404.535
1.0,2,1,54107.050605902,54107.050605902,404.52,404.525
-1.0,365,9,54107.050957526,54110.955177927,404.53,404.46
1.0,200,2,54112.323738531,54112.323767769,404.44,404.455
-1.0,257,17,54112.924567755,54117.107645,404.45,404.37
1.0,737,17,54117.658767408,54124.161320024,404.365,404.435
-1.0,50,1,54124.162222278,54124.162222278,404.445,404.44
1.0,110,2,54124.691138393,54126.506039897,404.41,404.43
-1.0,811,9,54141.189281505,54141.30801051,404.46,404.415
1.0,100,4,54141.893128112,54141.893180641,404.415,404.43
-1.0,150,2,54142.977943657,54142.977943657,404.405,404.385
1.0,302,6,54143.098696357,54153.666964796,404.385,404.445
-1.0,22,1,54154.916235024,54154.916235024,404.445,404.435
1.0,399,5,54155.852131692,54155.852894401,404.445,404.465
-1.0,4925,6,54156.921586138,54156.931317655,404.46,404.425
1.0,150,3,54157.563761324,54157.563798437,404.415,404.42
-1.0,100,1,54157.653288082,54157.653288082,404.42,404.415
1.0,219,5,54160.941764744,54160.941840027,404.41,404.415
-1.0,12,1,54161.355344539,54161.355344539,404.41,404.41
1.0,100,2,54163.51724453,54163.517251289,404.41,404.415
-1.0,403,7,54164.876816356,54165.441785243,404.425,404.39
1.0,600,9,54166.313465182,54167.634375376,404.37,404.4
-1.0,420,5,54168.795711206,54177.127611658,404.39,404.375
1.0,111,4,54177.135523083,54177.276862143,404.365,404.385
-1.0,105,2,54178.068438108,54178.068438108,404.37,404.36
1.0,200,2,54178.069486084,54178.069505492,404.345,404.35
-1.0,200,2,54178.069662853,54178.069662853,404.355,404.35
1.0,400,3,54178.070011706,54178.070165983,404.345,404.345
-1.0,51,2,54178.30158956,54178.30158956,404.345,404.335
1.0,100,2,54178.381993669,54178.382014347,404.325,404.33
-1.0,748,19,54178.990284239,54180.665246249,404.33,404.26
1.0,1096,21,54181.083531366,54189.306133375,404.25,404.265
-1.0,713,4,54190.158699963,54195.367936441,404.285,404.255
1.0,100,2,54196.080003751,54196.080026082,404.25,404.265
-1.0,88,4,54196.096376102,54196.096376102,404.27,404.27
1.0,984,22,54196.175419895,54212.455766085,404.255,404.355
-1.0,1,1,54216.453972449,54216.453972449,404.365,404.36
1.0,799,21,54216.63454373,54221.780385802,404.355,404.41
-1.0,100,1,54221.780437267,54221.780437267,404.415,404.41
1.0,159,2,54222.575581513,54222.575628351,404.41,404.415
-1.0,2416,15,54223.007214714,54223.007516478,404.415,404.395
1.0,106,2,54223.007938947,54223.403759282,404.39,404.405
-1.0,61,3,54223.421249905,54223.421249905,404.415,404.41
1.0,106,2,54223.681812168,54223.683279713,404.405,404.42
-1.0,47,1,54223.692593246,54223.692593246,404.43,404.43
1.0,804,15,54224.587798316,54237.368158467,404.41,404.53
-1.0,50,2,54238.200156533,54238.200535987,404.53,404.52
1.0,469,11,54239.070714826,54241.131711425,404.515,404.58
-1.0,2,1,54243.713158048,54243.713158048,404.565,404.56
1.0,100,2,54244.658718838,54244.77572557,404.55,404.555
-1.0,4,1,54245.507362415,54245.507362415,404.55,404.55
1.0,1086,23,54245.588558554,54249.475752374,404.545,404.61
-1.0,50,1,54253.560041781,54253.560041781,404.645,404.64
1.0,310,6,54254.677316269,54255.26270064,404.63,404.645
-1.0,1192,11,54257.499896153,54257.551348195,404.65,404.63
1.0,100,2,54257.993122071,54257.993145892,404.625,404.635
-1.0,280,4,54259.106432142,54259.106432142,404.635,404.63
1.0,202,7,54259.107237728,54259.107379428,404.615,404.625
-1.0,104,1,54261.775411619,54261.775411619,404.635,404.63
1.0,201,4,54264.041176566,54265.328599783,404.625,404.63
-1.0,1,1,54266.527595603,54266.527595603,404.63,404.625
1.0,2152,35,54268.64441762,54270.033054485,404.62,404.72
-1.0,100,1,54270.033368155,54270.033368155,404.725,404.72
1.0,400,6,54270.035293676,54270.043853008,404.73,404.73
-1.0,100,1,54270.04389827,54270.04389827,404.725,404.725
1.0,652,6,54270.048221106,54270.053755257,404.715,404.745
-1.0,127,2,54270.055021729,54270.056524151,404.725,404.715
1.0,100,1,54270.063114233,54270.063114233,404.715,404.745
-1.0,395,6,54270.064414009,54270.091010693,404.75,404.69
1.0,544,7,54270.135324848,54270.137882012,404.675,404.67
-1.0,150,2,54270.138365944,54270.138972515,404.675,404.675
1.0,25,2,54270.187926128,54270.200234817,404.67,404.675
-1.0,5,1,54270.200836989,54270.200836989,404.675,404.675
1.0,459,5,54270.219329679,54270.491645826,404.675,404.72
-1.0,232,6,54270.559019402,54271.19403761,404.715,404.685
1.0,16,1,54271.194573452,54271.194573452,404.675,404.68
-1.0,241,9,54271.70125886,54271.702877835,404.685,404.675
1.0,370,3,54271.883505992,54271.883505992,404.675,404.675
-1.0,100,4,54271.960376817,54271.960376817,404.675,404.675
1.0,504,10,54274.031060305,54274.714386455,404.67,404.7
-1.0,61,1,54274.740785323,54274.740785323,404.69,404.685
1.0,250,3,54274.898481243,54274.898481243,404.685,404.69
-1.0,100,2,54275.624955953,54282.07779133,404.715,404.715
1.0,679,8,54282.372399135,54283.245683265,404.69,404.71
-1.0,1203,10,54285.489188639,54287.563866104,404.705,404.645
1.0,657,11,54287.644044498,54294.808089837,404.645,404.695
-1.0,940,7,54298.672026594,54298.673782029,404.705,404.685
1.0,100,1,54299.237280491,54299.237280491,404.685,404.69
-1.0,6,2,54300.953163559,54300.953197288,404.675,404.67
1.0,651,8,54301.056592123,54306.436537975,404.665,404.73
-1.0,140,2,54306.97733234,54306.97733234,404.735,404.73
1.0,670,9,54309.89409946,54312.178885957,404.725,404.785
-1.0,150,2,54312.564734079,54312.56480212,404.785,404.765
1.0,301,3,54314.204165198,54314.882942268,404.765,404.795
-1.0,340,4,54315.275719345,54315.275719345,404.78,404.775
1.0,89,2,54315.275767728,54315.275790768,404.77,404.77
-1.0,872,15,54316.257547209,54321.854018201,404.78,404.665
1.0,300,3,54322.968627672,54322.968671808,404.7,404.705
-1.0,390,5,54326.121074104,54328.733614122,404.725,404.71
1.0,25,1,54329.860344759,54329.860344759,404.69,404.695
-1.0,250,4,54331.480742673,54335.477064407,404.71,404.665
1.0,364,5,54336.11849233,54338.460108081,404.655,404.705
-1.0,1337,17,54338.561916006,54354.533520262,404.72,404.665
1.0,200,2,54360.942440083,54360.9424574,404.685,404.695
-1.0,202,7,54361.779690282,54363.697755938,404.71,404.66
1.0,368,7,54366.343580238,54371.707402659,404.645,404.695
-1.0,433,10,54375.88265341,54385.493758172,404.695,404.66
1.0,366,5,54385.493810065,54389.122766191,404.66,404.7
-1.0,1543,35,54391.677081271,54410.93249753,404.705,404.53
1.0,3280,19,54410.932529087,54410.93282925,404.5,404.52
-1.0,154,7,54411.115242842,54411.240023071,404.52,404.495
1.0,33,2,54412.012737732,54412.627267495,404.495,404.51
-1.0,357,9,54416.995098966,54417.066597569,404.505,404.455
1.0,11,1,54417.067611922,54417.067611922,404.45,404.45
-1.0,5,1,54420.451398428,54420.451398428,404.465,404.46
1.0,321,5,54421.251024123,54421.375422045,404.46,404.48
-1.0,41,1,54422.454382337,54422.454382337,404.495,404.495
1.0,16,2,54424.057850616,54424.057850616,404.495,404.5
-1.0,917,10,54424.123703456,54429.202907689,404.52,404.445
1.0,50,1,54430.085559596,54430.085559596,404.435,404.44
-1.0,41,3,54430.288852839,54433.268870406,404.435,404.455
1.0,281,7,54433.901956714,54434.69492071,404.445,404.455
-1.0,201,11,54437.254278226,54440.720042662,404.445,404.38
1.0,266,3,54443.238422734,54449.831923259,404.375,404.405
-1.0,76,3,54451.370862247,54451.464085805,404.405,404.385
1.0,68,2,54452.7136484,54452.7136484,404.38,404.38
-1.0,87,5,54453.251649482,54455.433312319,404.39,404.365
1.0,427,11,54458.391607472,54460.734440872,404.365,404.43
-1.0,344,18,54461.109621085,54470.281803361,404.43,404.4
1.0,103,2,54470.30764387,54474.300949056,404.395,404.41
-1.0,70,6,54476.260786059,54476.433681861,404.375,404.35
1.0,473,14,54476.435279721,54481.167476321,404.35,404.375
-1.0,10,1,54481.468388231,54481.468388231,404.395,404.39
1.0,99,2,54481.567652316,54481.567652316,404.375,404.375
-1.0,20,2,54482.468400173,54483.879594196,404.405,404.39
1.0,321,7,54483.965822934,54483.972233949,404.385,404.415
-1.0,56,6,54484.121755427,54487.598601041,404.415,404.34
1.0,163,2,54489.062525063,54489.062547453,404.35,404.355
-1.0,281,13,54489.580864221,54491.964146373,404.375,404.305
1.0,121,4,54492.125292657,54498.008007959,404.3,404.32
-1.0,63,4,54499.997810116,54501.101336299,404.325,404.31
1.0,643,17,54505.383770547,54505.44128097,404.335,404.345
-1.0,4,1,54505.611260203,54505.611260203,404.345,404.34
1.0,41,4,54506.397897221,54507.640805977,404.34,404.36
-1.0,151,4,54508.137037253,54508.137071099,404.375,404.37
1.0,445,6,54509.512232194,54517.262144173,404.355,404.405
-1.0,5100,6,54519.389830347,54519.390181658,404.435,404.405
1.0,71,3,54519.394427998,54521.857346826,404.405,404.41
-1.0,1278,7,54525.296540048,54525.296659078,404.4,404.385
1.0,659,11,54528.753280726,54533.28470157,404.375,404.435
-1.0,5,1,54534.803514928,54534.803514928,404.43,404.425
1.0,227,6,54538.542179673,54540.601063934,404.445,404.455
-1.0,1,1,54541.611466902,54541.611466902,404.45,404.445
1.0,200,3,54542.930249687,54542.934091391,404.455,404.48
-1.0,50,2,54543.252230171,54543.252273224,404.5,404.49
1.0,168,4,54543.479859425,54543.479859425,404.475,404.48
-1.0,784,26,54543.490032634,54553.255710776,404.49,404.385
1.0,16,1,54558.077013427,54558.077013427,404.38,404.38
-1.0,650,27,54558.724951879,54568.087787284,404.375,404.25
1.0,484,7,54568.947154088,54568.948516245,404.25,404.29
-1.0,200,2,54569.157503696,54569.37924171,404.295,404.285
1.0,312,7,54573.996076808,54574.408007995,404.29,404.335
-1.0,24,1,54578.121300394,54578.121300394,404.305,404.3
1.0,150,2,54578.554655899,54578.576310705,404.29,404.31
-1.0,10,1,54580.018259116,54580.018259116,404.295,404.29
1.0,147,3,54580.608891576,54584.637518778,404.26,404.335
-1.0,75,2,54586.386324441,54587.212763598,404.33,404.325
1.0,102,2,54589.046471543,54589.046471543,404.315,404.325
-1.0,264,8,54589.216976485,54592.147847728,404.345,404.28
1.0,300,7,54595.027703749,54596.303271559,404.29,404.35
-1.0,128,3,54596.341004847,54597.826045021,404.355,404.34
1.0,200,2,54600.013247257,54600.013578619,404.345,404.355
-1.0,1122,14,54601.893719152,54602.580287398,404.36,404.34
1.0,100,1,54602.584621227,54602.584621227,404.335,404.34
-1.0,322,10,54603.416740056,54605.860033971,404.34,404.28
1.0,100,2,54606.753091341,54606.753136808,404.26,404.265
-1.0,14,3,54607.327462789,54607.330995366,404.26,404.245
1.0,2,2,54608.830497121,54608.831873583,404.245,404.25
-1.0,347,24,54609.270654311,54613.045215716,404.245,404.175
1.0,10,2,54613.421006443,54613.421049859,404.175,404.18
-1.0,214,5,54613.653018271,54613.655863586,404.2,404.17
1.0,318,7,54613.665471166,54615.612851326,404.16,404.175
-1.0,302,7,54615.773789027,54621.793532698,404.185,404.14
1.0,54,2,54625.087947455,54625.087947455,404.14,404.145
-1.0,295,11,54625.348431442,54629.268787034,404.155,404.115
1.0,55,1,54630.880768268,54630.880768268,404.12,404.125
-1.0,63,3,54630.883302567,54630.883302567,404.145,404.135
1.0,232,6,54630.883462258,54632.42314895,404.105,404.125
-1.0,44,3,54633.435800854,54633.437308286,404.125,404.11
1.0,50,1,54633.437529051,54633.437529051,404.105,404.11
-1.0,608,19,54633.438544204,54637.997329314,404.12,404.085
1.0,8,1,54639.584635484,54639.584635484,404.085,404.095
-1.0,50,4,54639.958210147,54639.959981143,404.085,404.07
1.0,156,2,54641.042303129,54641.045963816,404.06,404.08
-1.0,1566,36,54641.150037509,54643.177260772,404.085,404.0
1.0,129,7,54643.17762739,54643.177808929,404.0,404.015
-1.0,617,17,54643.177815904,54643.666610119,404.015,403.955
1.0,111,4,54643.667209346,54643.669403082,403.94,403.965
-1.0,300,5,54643.712058056,54644.87745081,403.97,403.985
1.0,354,3,54645.757406818,54646.66308081,404.005,404.005
-1.0,15,1,54647.166697753,54647.166697753,404.005,404.0
1.0,205,3,54647.530906776,54647.736545758,403.99,404.0
-1.0,4805,90,54648.955691181,54649.02780395,404.05,403.815
1.0,83,2,54649.100042918,54649.100042918,403.84,403.845
-1.0,20,1,54649.194544438,54649.194544438,403.895,403.895
1.0,111,3,54649.447763028,54649.447792782,403.905,403.91
-1.0,193,2,54649.465016978,54649.465050992,403.945,403.915
1.0,83,3,54649.670673008,54649.670759039,403.9,403.91
-1.0,189,8,54650.554400466,54651.765728866,403.885,403.865
1.0,590,15,54654.16032333,54659.968677035,403.875,403.98
-1.0,433,12,54660.49641489,54663.316973391,403.99,403.955
1.0,100,1,54665.857595449,54665.857595449,403.935,403.945
-1.0,239,8,54665.937901622,54667.944155537,403.955,403.885
1.0,300,2,54670.900105279,54670.900128851,403.9,403.915
-1.0,66,3,54674.625286935,54676.976058337,403.965,403.96
1.0,15,1,54677.09512151,54677.09512151,403.93,403.94
-1.0,1131,10,54684.284301546,54686.066887695,403.93,403.89
1.0,132,3,54687.171592569,54690.007348965,403.875,403.895
-1.0,1,1,54695.845736196,54695.845736196,403.905,403.895
1.0,229,6,54697.399003054,54705.381535018,403.895,403.93
-1.0,421,15,54713.703460245,54718.528044123,403.915,403.89
1.0,901,12,54718.536739372,54721.464879189,403.89,403.935
-1.0,1,1,54722.137123531,54722.137123531,403.915,403.91
1.0,252,7,54722.428029509,54727.036259065,403.91,403.955
-1.0,10,1,54727.727312562,54727.727312562,403.97,403.965
1.0,101,2,54728.532797399,54728.532797399,403.95,403.96
-1.0,151,3,54728.541121571,54728.541121571,403.985,403.98
1.0,135,2,54729.608802501,54729.608802501,403.96,403.965
-1.0,2889,3,54730.185535183,54730.730844717,403.985,403.94
1.0,565,9,54731.113716222,54737.221797385,403.925,403.96
-1.0,54,1,54737.731872059,54737.731872059,403.955,403.945
1.0,963,14,54740.839560526,54743.439643658,403.945,404.06
-1.0,100,1,54744.523569916,54744.523569916,404.05,404.04
1.0,796,11,54746.667017399,54756.935779688,404.02,404.08
-1.0,1198,5,54760.508667616,54760.511443711,404.08,404.065
1.0,183,2,54760.942027462,54760.942027462,404.06,404.075
-1.0,2,1,54761.669365941,54761.669365941,404.07,404.065
1.0,622,7,54761.669968612,54771.272818421,404.06,404.075
-1.0,347,14,54771.870028673,54771.870521706,404.07,404.05
1.0,1197,21,54772.796283462,54778.666347424,404.06,404.135
-1.0,499,12,54778.834096114,54781.821668267,404.13,404.09
1.0,930,12,54783.013187363,54790.53639701,404.07,404.135
-1.0,700,13,54791.774827688,54791.776658585,404.13,404.1
1.0,50,2,54791.77686419,54791.777207455,404.115,404.125
-1.0,32,1,54791.783296529,54791.783296529,404.135,404.135
1.0,100,1,54791.784408847,54791.784408847,404.135,404.14
-1.0,763,8,54791.789834452,54793.577868597,404.145,404.1
1.0,561,8,54793.578891424,54793.580958372,404.1,404.12
-1.0,293,1,54793.580982243,54793.580982243,404.13,404.115
1.0,200,2,54793.62434808,54793.62434808,404.115,404.12
-1.0,151,2,54794.179263405,54794.179263405,404.125,404.115
1.0,180,2,54794.923554726,54795.046656311,404.1,404.115
-1.0,1,1,54798.29206505,54798.29206505,404.12,404.12
1.0,591,15,54798.90914581,54805.085641232,404.11,404.195
-1.0,118,3,54805.092172741,54805.09224955,404.245,404.23
1.0,177,3,54809.541327145,54809.541395859,404.235,404.245
-1.0,323,5,54810.628895557,54810.628895557,404.235,404.235
1.0,425,9,54811.197713127,54822.009690592,404.23,404.32
-1.0,1403,25,54823.998463636,54839.248184108,404.31,404.24
1.0,319,4,54839.741810981,54839.743043201,404.23,404.24
-1.0,481,9,54840.153645568,54841.407937922,404.24,404.205
1.0,1031,10,54841.988704602,54842.750671201,404.21,404.255
-1.0,5,1,54843.759282641,54843.759282641,404.27,404.27
1.0,520,4,54844.827398666,54844.827428765,404.27,404.28
-1.0,5,1,54846.095470769,54846.095470769,404.295,404.295
1.0,464,9,54848.21314676,54851.225542001,404.3,404.325
-1.0,381,7,54851.675292696,54851.675292696,404.335,404.33
1.0,78,1,54852.39853124,54852.39853124,404.31,404.315
-1.0,1,1,54853.747997276,54853.747997276,404.325,404.315
1.0,15,1,54854.908464401,54854.908464401,404.31,404.31
-1.0,49,5,54855.861914282,54856.479981363,404.31,404.285
1.0,76,3,54857.351235933,54857.622550145,404.28,404.29
-1.0,18,2,54862.546652951,54862.546652951,404.28,404.275
1.0,145,2,54863.089726203,54863.450293961,404.27,404.31
-1.0,322,9,54864.9940682,54865.442958886,404.29,404.26
1.0,74,1,54865.791334048,54865.791334048,404.26,404.275
-1.0,37,6,54869.633106656,54869.89157063,404.285,404.235
1.0,77,2,54870.50089114,54870.501061446,404.225,404.23
-1.0,204,5,54872.278599343,54873.403059508,404.24,404.225
1.0,102,4,54873.67326422,54874.026179726,404.21,404.215
-1.0,720,13,54876.308980921,54880.80929005,404.24,404.185
1.0,1155,12,54884.040556986,54887.29654221,404.185,404.23
-1.0,153,5,54889.871135883,54890.140841532,404.215,404.205
1.0,905,15,54893.892521162,54900.921298658,404.195,404.305
-1.0,215,6,54901.171276236,54902.216045893,404.31,404.275
1.0,76,1,54904.020581023,54904.020581023,404.25,404.26
-1.0,101,2,54905.800557708,54907.008065999,404.27,404.275
1.0,105,3,54908.318340726,54912.6300622,404.29,404.28
-1.0,112,9,54913.040478141,54919.566922747,404.295,404.245
1.0,79,2,54921.158617697,54921.158685546,404.245,404.26
-1.0,50,1,54923.709224308,54923.709224308,404.27,404.265
1.0,642,7,54924.685437516,54924.688655695,404.245,404.275
-1.0,77,3,54924.688757439,54924.688757439,404.275,404.27
1.0,74,1,54924.689056062,54924.689056062,404.27,404.27
-1.0,73,3,54924.974311586,54928.87976296,404.27,404.23
1.0,97,5,54929.311992764,54929.312216313,404.225,404.23
-1.0,1352,8,54929.93524406,54929.935315684,404.23,404.215
1.0,180,5,54929.936417846,54930.993761106,404.21,404.215
-1.0,260,9,54932.196170143,54936.247512537,404.21,404.195
1.0,152,3,54936.385876381,54936.385876381,404.185,404.185
-1.0,104,3,54936.830105104,54936.885826665,404.195,404.18
1.0,40,1,54936.886151555,54936.886151555,404.175,404.175
-1.0,518,9,54936.894655149,54937.243133957,404.18,404.11
1.0,883,7,54937.243166857,54937.243570273,404.095,404.095
-1.0,155,5,54937.2522131,54937.252371367,404.095,404.08
1.0,1643,5,54937.252505422,54937.252597736,404.065,404.075
-1.0,130,3,54937.253281614,54937.25375513,404.085,404.085
1.0,108,4,54937.255501958,54938.62813336,404.075,404.115
-1.0,300,4,54939.200340286,54939.224635571,404.14,404.115
1.0,536,6,54940.704682665,54941.206438819,404.11,404.13
-1.0,18,1,54941.272505221,54941.272505221,404.115,404.115
1.0,200,2,54941.446981744,54941.447566539,404.115,404.135
-1.0,22,1,54943.090785888,54943.090785888,404.155,404.135
1.0,128,4,54943.595252796,54943.595481294,404.145,404.165
-1.0,162,6,54943.800590749,54946.45502986,404.165,404.135
1.0,705,8,54949.883356624,54952.946000152,404.135,404.17
-1.0,100,1,54954.269571182,54954.269571182,404.175,404.175
1.0,211,3,54960.150925969,54960.150925969,404.15,404.155
-1.0,82,8,54962.554231421,54969.204851065,404.15,404.13
1.0,150,2,54974.598852687,54975.165092781,404.12,404.13
-1.0,224,8,54977.044800173,54977.888582452,404.12,404.09
1.0,211,4,54979.395527447,54981.106928431,404.13,404.165
-1.0,20,2,54984.748583733,54984.758552998,404.145,404.125
1.0,348,7,54986.233729028,54993.918593024,404.09,404.17
-1.0,258,6,54994.960917492,54998.898223088,404.19,404.15
1.0,390,5,54998.898252324,54999.071366091,404.145,404.155
-1.0,196,6,55000.310047413,55002.356819458,404.16,404.1
1.0,100,2,55005.574862551,55005.574862551,404.11,404.11
-1.0,92,3,55005.57831082,55007.34508289,404.135,404.085
1.0,40,1,55007.762950758,55007.762950758,404.08,404.08
-1.0,230,14,55011.756349562,55016.335280606,404.09,404.035
1.0,10,1,55016.626670869,55016.626670869,404.045,404.055
-1.0,71,6,55017.776326818,55021.701135212,404.05,404.04
1.0,792,14,55026.283337904,55031.617987139,404.055,404.055
-1.0,210,3,55032.063855165,55032.076372023,404.05,404.035
1.0,321,5,55032.452256245,55032.45346474,404.05,404.065
-1.0,1,1,55032.582921176,55032.582921176,404.05,404.045
1.0,516,15,55035.294264341,55037.817890139,404.05,404.09
-1.0,345,6,55040.693040007,55040.860623279,404.09,404.065
1.0,125,6,55040.870317487,55041.623236511,404.075,404.085
-1.0,13,2,55047.705215157,55047.705706412,404.105,404.095
1.0,492,16,55050.003638387,55056.046454218,404.09,404.145
-1.0,125,5,55056.561842804,55056.572835012,404.155,404.13
1.0,100,1,55057.466056472,55057.466056472,404.125,404.13
-1.0,77,3,55057.48874937,55057.488777271,404.13,404.13
1.0,53,1,55058.847392942,55058.847392942,404.12,404.12
-1.0,431,8,55059.948771949,55060.058369099,404.115,404.105
1.0,101,3,55060.970973743,55060.970994653,404.11,404.115
-1.0,28,3,55061.218265332,55061.845623123,404.12,404.105
1.0,180,2,55062.16306225,55062.163497901,404.1,404.105
-1.0,23,3,55065.024879027,55065.032663401,404.115,404.105
1.0,236,5,55066.022100143,55068.695150247,404.1,404.12
-1.0,1838,18,55069.361525744,55072.027921625,404.12,404.065
1.0,24,2,55072.029583736,55072.029583736,404.06,404.06
-1.0,100,2,55072.035909444,55072.061006695,404.06,404.05
1.0,275,6,55072.129093422,55072.129668421,404.04,404.06
-1.0,409,14,55074.176181988,55079.074876479,404.06,404.015
1.0,300,3,55079.686166756,55080.387112714,404.01,404.025
-1.0,1004,29,55080.387165895,55083.446083326,404.03,403.98
1.0,150,2,55083.46612243,55083.46612243,403.975,403.98
-1.0,200,3,55084.029288259,55084.029288259,403.985,403.985
1.0,100,1,55084.193862701,55084.193862701,403.985,403.99
-1.0,81,3,55086.372290095,55086.372290095,403.99,403.985
1.0,210,5,55086.743546685,55086.749774838,403.98,403.995
-1.0,245,7,55087.278641916,55090.500789743,403.995,403.975
1.0,57,1,55090.518728387,55090.518728387,403.965,403.98
-1.0,100,1,55090.524239343,55090.524239343,403.98,403.98
1.0,380,9,55091.113441009,55092.077353416,403.975,404.035
-1.0,39,1,55092.168237831,55092.168237831,404.035,404.035
1.0,957,10,55094.170607866,55094.432733553,404.04,404.08
-1.0,156,5,55097.058379555,55097.058379555,404.07,404.06
1.0,445,6,55100.429571145,55104.711195761,404.065,404.1
-1.0,100,2,55105.34418184,55105.344233621,404.105,404.1
1.0,225,9,55106.045276023,55115.438807796,404.08,404.09
-1.0,184,5,55117.183513947,55117.942567538,404.09,404.065
1.0,3,1,55117.94265967,55117.94265967,404.065,404.065
-1.0,60,3,55117.942687087,55118.198969957,404.065,404.04
1.0,390,5,55118.199925658,55119.94292654,404.035,404.06
-1.0,190,6,55120.441047587,55121.157178854,404.06,404.025
1.0,100,2,55122.382126247,55122.388175558,404.005,404.02
-1.0,400,2,55123.073581435,55123.073581435,404.02,404.02
1.0,350,7,55123.453175222,55124.628672743,404.01,404.04
-1.0,340,5,55124.922982107,55125.079138316,404.055,404.04
1.0,100,9,55126.168144818,55126.168297686,404.035,404.05
-1.0,321,7,55132.907248421,55132.909592198,404.06,404.035
1.0,100,1,55133.160893548,55133.160893548,404.035,404.04
-1.0,10,1,55133.38477629,55133.38477629,404.06,404.055
1.0,372,4,55133.38479883,55133.977339073,404.045,404.07
-1.0,10,1,55134.422558286,55134.422558286,404.065,404.06
1.0,24,2,55134.509350092,55134.785344675,404.055,404.06
-1.0,78,4,55136.447781126,55140.403718174,404.06,404.025
1.0,70,6,55140.655573888,55143.036276975,404.03,404.1
-1.0,19,1,55144.164159312,55144.164159312,404.085,404.085
1.0,100,1,55146.054864228,55146.054864228,404.075,404.085
-1.0,92,3,55146.399759325,55149.428760206,404.085,404.08
1.0,217,7,55150.604449991,55156.422959684,404.095,404.145
-1.0,337,7,55157.886493462,55160.246065734,404.18,404.17
1.0,300,2,55172.10219924,55173.624275963,404.17,404.19
-1.0,100,2,55173.651987679,55173.652008943,404.185,404.18
1.0,123,4,55174.730134383,55176.578625273,404.18,404.185
-1.0,846,14,55178.212768216,55181.239537442,404.19,404.16
1.0,182,4,55181.929971459,55182.10760196,404.17,404.21
-1.0,180,4,55184.419880354,55184.419880354,404.225,404.215
1.0,95,5,55184.421479049,55187.790038373,404.205,404.235
-1.0,409,13,55187.949662815,55188.754845444,404.24,404.185
1.0,5,1,55191.680982445,55191.680982445,404.19,404.2
-1.0,339,14,55191.824235263,55200.25472822,404.21,404.15
1.0,10,2,55200.688631153,55201.228126842,404.135,404.15
-1.0,125,2,55204.045684474,55204.055807079,404.16,404.145
1.0,17,4,55205.274323349,55206.951039562,404.135,404.14
-1.0,105,2,55206.962444219,55206.962520032,404.14,404.135
1.0,149,2,55208.176101106,55208.176101106,404.14,404.145
-1.0,351,12,55208.396872284,55209.298584478,404.155,404.095
1.0,21,2,55210.150743057,55210.150743057,404.1,404.105
-1.0,74,5,55210.319720573,55210.321343393,404.115,404.09
1.0,7,1,55210.321827108,55210.321827108,404.08,404.08
-1.0,161,7,55210.321923379,55210.324431765,404.08,404.065
1.0,13,1,55210.462695807,55210.462695807,404.08,404.08
-1.0,135,2,55210.809321184,55210.809321184,404.11,404.11
1.0,354,3,55212.582042893,55212.73447114,404.12,404.135
-1.0,2012,11,55213.824158525,55218.409156488,404.14,404.12
1.0,60,2,55218.510659924,55219.041648666,404.1,404.11
-1.0,20,1,55220.655766062,55220.655766062,404.1,404.09
1.0,100,1,55220.89447716,55220.89447716,404.085,404.09
-1.0,236,9,55221.241842879,55222.341582971,404.1,404.07
1.0,12,4,55223.91310764,55224.795819405,404.08,404.095
-1.0,138,5,55230.044550864,55235.584263209,404.165,404.125
1.0,350,8,55238.506071901,55240.725364055,404.135,404.15
-1.0,5,1,55245.918833644,55245.918833644,404.185,404.18
1.0,100,1,55246.429074263,55246.429074263,404.17,404.175
-1.0,200,3,55247.233756114,55247.236390403,404.2,404.185
1.0,261,3,55247.275680889,55247.495325076,404.185,404.21
-1.0,1,1,55252.164859219,55252.164859219,404.22,404.21
1.0,200,4,55254.189828648,55254.557594785,404.2,404.205
-1.0,135,5,55255.746918809,55255.747040523,404.205,404.19
1.0,50,1,55255.74805455,55255.74805455,404.175,404.185
-1.0,5,3,55255.756429405,55255.757722975,404.19,404.17
1.0,22,1,55255.77683705,55255.77683705,404.155,404.155
-1.0,48,1,55256.058806307,55256.058806307,404.165,404.165
1.0,5,1,55256.293174634,55256.293174634,404.15,404.15
-1.0,269,5,55257.533288229,55257.533600828,404.155,404.135
1.0,1,1,55258.084533833,55258.084533833,404.13,404.13
-1.0,26,1,55259.054518184,55259.054518184,404.13,404.125
1.0,133,5,55261.679073591,55262.597821347,404.135,404.175
-1.0,137,3,55263.414178493,55263.528294959,404.16,404.135
1.0,51,2,55263.528609681,55263.528861522,404.12,404.135
-1.0,100,1,55263.529756356,55263.529756356,404.145,404.135
1.0,50,2,55266.332709825,55266.440634508,404.115,404.12
-1.0,135,3,55267.584540592,55267.584540592,404.12,404.115
1.0,113,3,55268.328872408,55268.330896154,404.13,404.145
-1.0,259,5,55268.719708973,55269.587115675,404.145,404.155
1.0,50,1,55271.440106995,55271.440106995,404.125,404.13
-1.0,91,1,55271.897866702,55271.897866702,404.14,404.14
1.0,100,1,55272.714683975,55272.714683975,404.14,404.145
-1.0,18,2,55274.527513714,55274.903787341,404.14,404.125
1.0,100,1,55276.641881372,55276.641881372,404.14,404.145
-1.0,51,2,55276.642548776,55277.981641761,404.155,404.145
1.0,20,1,55278.43317435,55278.43317435,404.155,404.16
-1.0,6,1,55281.902273797,55281.902273797,404.16,404.16
1.0,10,1,55282.154462517,55282.154462517,404.165,404.17
-1.0,94,3,55283.371781373,55283.371781373,404.18,404.17
1.0,542,8,55285.029819594,55291.09357329,404.145,404.185
-1.0,101,4,55291.836860812,55293.552977304,404.205,404.185
1.0,3,1,55296.400764548,55296.400764548,404.185,404.185
-1.0,805,13,55297.068553737,55299.768194566,404.19,404.145
1.0,50,1,55299.79781803,55299.79781803,404.145,404.15
-1.0,50,2,55299.798788218,55299.90393101,404.17,404.165
1.0,283,6,55304.091827145,55304.09541762,404.165,404.19
-1.0,250,5,55305.018720727,55309.026112359,404.2,404.21
1.0,200,2,55309.032619925,55309.061547013,404.195,404.205
-1.0,337,8,55309.360771558,55314.297902955,404.195,404.175
1.0,100,1,55314.859646214,55314.859646214,404.165,404.18
-1.0,174,4,55317.542737885,55317.542737885,404.185,404.18
1.0,11,2,55322.981434729,55322.981461972,404.18,404.185
-1.0,596,25,55325.023953688,55328.660628915,404.195,404.08
1.0,160,4,55328.664533369,55328.77285883,404.07,404.085
-1.0,102,2,55328.780182407,55329.045686857,404.1,404.065
1.0,50,1,55329.050617623,55329.050617623,404.055,404.06
-1.0,108,3,55329.200057113,55329.200116841,404.055,404.05
1.0,267,9,55330.542956485,55331.918865425,404.06,404.08
-1.0,83,2,55332.52888917,55332.52888917,404.095,404.095
1.0,53,2,55334.337410003,55334.337410003,404.105,404.11
-1.0,15,1,55336.785929618,55336.785929618,404.11,404.105
1.0,613,17,55337.504929792,55342.729118216,404.095,404.07
-1.0,1,1,55343.195272267,55343.195272267,404.08,404.08
1.0,333,6,55343.220002349,55343.225647497,404.08,404.105
-1.0,842,14,55343.295869015,55348.989421871,404.105,404.06
1.0,50,1,55348.989841322,55348.989841322,404.055,404.06
-1.0,282,8,55348.99000405,55352.19337825,404.065,404.04
1.0,10,1,55353.34074317,55353.34074317,404.05,404.055
-1.0,303,5,55354.689904824,55355.258825334,404.07,404.07
1.0,200,3,55355.400550514,55355.400571427,404.07,404.08
-1.0,310,10,55357.199639623,55365.106900119,404.09,404.04
1.0,2,1,55365.106922758,55365.106922758,404.03,404.04
-1.0,2315,12,55365.209162647,55365.210044484,404.04,404.015
1.0,50,1,55365.212124005,55365.212124005,404.005,404.01
-1.0,291,12,55365.212950066,55365.819352369,404.01,403.995
1.0,612,9,55365.905272341,55366.964960835,403.995,404.015
-1.0,823,31,55373.004660958,55383.794728365,404.025,403.94
1.0,143,2,55385.31856596,55385.665100548,403.95,403.97
-1.0,8,1,55385.746843107,55385.746843107,403.975,403.97
1.0,203,5,55386.188713784,55386.331481883,403.97,403.99
-1.0,42,1,55386.353580888,55386.353580888,403.99,403.99
1.0,430,4,55388.423724819,55389.799372165,403.985,403.995
-1.0,680,11,55390.003149898,55390.003254109,404.0,403.975
1.0,200,4,55391.075669864,55391.076263902,403.985,403.995
-1.0,3,1,55393.286315012,55393.286315012,404.0,403.995
1.0,813,12,55394.416483966,55403.371115602,403.975,404.04
-1.0,40,1,55404.590487438,55404.590487438,404.065,404.055
1.0,300,3,55413.108847844,55413.109376474,404.07,404.085
-1.0,37,5,55413.835774796,55414.155808055,404.1,404.085
1.0,61,3,55415.777670039,55415.778612586,404.09,404.105
-1.0,4,2,55415.897292746,55415.897292746,404.105,404.105
1.0,63,4,55416.86843141,55423.57855838,404.105,404.11
-1.0,500,17,55424.377982172,55425.54866136,404.11,404.085
1.0,100,1,55427.045756044,55427.045756044,404.07,404.075
-1.0,544,18,55429.892755657,55434.802408989,404.075,404.03
1.0,50,1,55436.231076405,55436.231076405,404.03,404.035
-1.0,74,1,55439.52579877,55439.52579877,404.045,404.045
1.0,361,6,55440.325564346,55440.328689997,404.045,404.075
-1.0,160,6,55440.331449098,55441.838882906,404.09,404.095
1.0,100,2,55443.501004895,55443.501059798,404.07,404.075
-1.0,114,2,55443.531086205,55443.531086205,404.065,404.065
1.0,335,7,55450.718776043,55450.720657987,404.07,404.095
-1.0,1151,24,55453.641189224,55454.917650166,404.1,404.035
1.0,259,2,55457.308853487,55457.795953292,404.03,404.08
-1.0,58,1,55460.755387939,55460.755387939,404.12,404.12
1.0,425,2,55461.662584154,55461.662584154,404.12,404.125
-1.0,51,2,55462.889726117,55462.906686991,404.125,404.125
1.0,66,2,55463.869750171,55463.869750171,404.125,404.13
-1.0,511,13,55464.809546167,55468.068317053,404.135,404.105
1.0,100,2,55468.810763862,55468.810763862,404.1,404.1
-1.0,559,11,55469.061314297,55473.752682284,404.12,404.1
1.0,70,2,55473.812974636,55473.813767742,404.09,404.105
-1.0,25,2,55474.929174196,55475.641530457,404.105,404.105
1.0,105,5,55475.64271816,55476.28493284,404.11,404.12
-1.0,405,7,55478.209099066,55479.071431696,404.12,404.085
1.0,200,2,55479.571035019,55482.236062716,404.08,404.105
-1.0,126,3,55482.238453166,55482.240453895,404.115,404.105
1.0,100,1,55482.795807785,55482.795807785,404.11,404.115
-1.0,565,14,55483.370155043,55485.440526788,404.13,404.1
1.0,180,3,55485.440563604,55486.879226446,404.085,404.105
-1.0,55,2,55486.880046268,55486.892923057,404.115,404.11
1.0,135,5,55488.662483141,55488.681908907,404.115,404.14
-1.0,18,1,55489.079837882,55489.079837882,404.14,404.14
1.0,1716,8,55491.158534948,55491.662509918,404.15,404.185
-1.0,9,1,55491.663568419,55491.663568419,404.2,404.195
1.0,164,2,55492.554939727,55492.555950968,404.185,404.2
-1.0,118,2,55492.691668273,55492.693186146,404.205,404.205
1.0,929,11,55492.698072919,55492.705792847,404.195,404.24
-1.0,57,3,55492.705957918,55492.705957918,404.245,404.235
1.0,200,3,55492.706474739,55492.706611403,404.23,404.235
-1.0,250,3,55493.323020648,55493.323020648,404.235,404.225
1.0,74,2,55493.430104127,55493.430104127,404.22,404.22
-1.0,411,6,55493.430680803,55494.114995049,404.235,404.19
1.0,400,4,55500.948274552,55501.750549562,404.235,404.255
-1.0,655,23,55503.917391069,55508.1365159,404.28,404.205
1.0,359,6,55509.331576512,55512.184964409,404.2,404.265
-1.0,50,1,55513.179863812,55513.179863812,404.28,404.275
1.0,65,5,55514.1760761,55516.718077333,404.26,404.295
-1.0,240,5,55517.832570462,55517.833512461,404.325,404.3
1.0,150,3,55518.67689567,55518.677831116,404.3,404.32
-1.0,27,1,55518.725429687,55518.725429687,404.33,404.33
1.0,10,2,55521.029686687,55521.030535105,404.33,404.335
-1.0,9,1,55521.030721234,55521.030721234,404.345,404.345
1.0,164,3,55521.506980986,55521.507042371,404.34,404.36
-1.0,471,12,55521.512573546,55528.929395528,404.36,404.29
1.0,150,4,55530.699436138,55530.853792072,404.285,404.3
-1.0,3,1,55532.309335131,55532.309335131,404.31,404.31
1.0,100,1,55533.115310782,55533.115310782,404.31,404.32
-1.0,150,5,55533.115615689,55533.780061273,404.33,404.315
1.0,1,1,55534.208017126,55534.208017126,404.315,404.325
-1.0,102,2,55534.208653032,55534.208653032,404.325,404.32
1.0,2,1,55535.504645067,55535.504645067,404.315,404.325
-1.0,400,10,55538.136319007,55541.009440296,404.33,404.305
1.0,304,7,55541.096263821,55541.097301933,404.305,404.32
-1.0,883,23,55541.108304397,55544.589729396,404.33,404.265
1.0,5,2,55545.453868928,55547.199763599,404.28,404.29
-1.0,241,4,55547.558216589,55548.862002329,404.29,404.27
1.0,95,2,55549.722825154,55549.722855696,404.285,404.3
-1.0,111,3,55550.795553136,55554.717206106,404.295,404.25
1.0,250,5,55559.003397302,55560.812755828,404.275,404.34
-1.0,603,11,55564.801986633,55565.198171964,404.345,404.29
1.0,25,4,55566.005348099,55566.530809852,404.285,404.295
-1.0,8,2,55571.234236893,55571.488867189,404.31,404.28
1.0,510,12,55571.526760539,55577.402862939,404.29,404.385
-1.0,101,3,55577.403636624,55577.411934847,404.39,404.375
1.0,50,1,55578.081060244,55578.081060244,404.37,404.375
-1.0,1582,51,55578.923024379,55622.712720706,404.37,404.14
1.0,453,6,55623.261916556,55625.965797028,404.135,404.155
-1.0,930,25,55625.992756702,55633.291535125,404.16,404.095
1.0,99,2,55633.29189783,55633.990487056,404.09,404.11
-1.0,1506,40,55635.473911943,55640.963299671,404.12,404.0
1.0,83,2,55640.965922762,55640.965922762,404.0,404.0
-1.0,92,5,55640.966786254,55640.969370431,404.01,404.015
1.0,604,11,55641.142940516,55650.380213813,404.01,404.075
-1.0,189,8,55653.097090246,55656.414066591,404.085,404.03
1.0,310,5,55657.96971222,55660.093394444,404.03,404.04
-1.0,510,15,55664.263479613,55672.859034735,404.065,404.02
1.0,1,1,55673.582355509,55673.582355509,404.015,404.02
-1.0,134,2,55673.982320676,55673.982935173,404.02,404.005
1.0,211,9,55674.032116871,55678.303844237,404.005,404.07
-1.0,162,5,55683.34940229,55683.391221145,404.08,404.045
1.0,1,1,55683.715894953,55683.715894953,404.035,404.04
-1.0,51,2,55686.813060303,55691.278001388,404.07,404.035
1.0,76,1,55691.994406776,55691.994406776,404.015,404.015
-1.0,519,23,55692.432753472,55700.930287189,404.01,403.99
1.0,503,9,55703.067594909,55703.313492601,403.99,404.01
-1.0,218,4,55703.654308107,55705.842185142,404.015,404.01
1.0,446,1,55705.842207064,55705.842207064,403.995,404.01
-1.0,387,17,55706.695402936,55710.182287769,404.015,403.99
1.0,101,2,55710.497297545,55710.497297545,403.98,403.98
-1.0,287,15,55710.70274823,55713.086594859,403.99,403.955
1.0,18,1,55713.088141059,55713.088141059,403.95,403.955
-1.0,55,4,55713.091694445,55713.468964821,403.95,403.935
1.0,110,2,55715.769491413,55715.769491413,403.935,403.94
-1.0,34,3,55717.197087,55717.684061312,403.96,403.95
1.0,101,3,55718.212685118,55718.965537927,403.95,403.96
-1.0,368,22,55719.857416208,55722.632935758,403.96,403.9
1.0,103,2,55722.632966161,55722.632966161,403.9,403.905
-1.0,35,3,55722.632987924,55722.632987924,403.9,403.895
1.0,328,7,55722.646583366,55723.959645844,403.885,403.93
-1.0,102,3,55725.322723551,55729.469511295,403.975,403.915
1.0,100,1,55730.43767556,55730.43767556,403.915,403.92
-1.0,2,1,55731.03105658,55731.03105658,403.92,403.915
1.0,20,1,55731.455430888,55731.455430888,403.905,403.915
-1.0,182,6,55732.735338443,55735.045858556,403.92,403.895
1.0,93,2,55735.045879265,55735.497385661,403.885,403.895
-1.0,105,2,55736.035564284,55736.036719185,403.905,403.885
1.0,2,1,55736.146310446,55736.146310446,403.88,403.88
-1.0,203,14,55736.21400342,55744.431552619,403.88,403.865
1.0,1,1,55744.597263027,55744.597263027,403.87,403.87
-1.0,7,2,55746.594157639,55746.594157639,403.88,403.875
1.0,2,1,55746.621897785,55746.621897785,403.87,403.875
-1.0,1204,26,55747.326443879,55763.370857115,403.89,403.845
1.0,12,3,55765.20743163,55765.850796295,403.84,403.85
-1.0,50,1,55765.851738293,55765.851738293,403.855,403.855
1.0,841,13,55767.534747674,55767.535161233,403.85,403.865
-1.0,2,1,55768.171296777,55768.171296777,403.885,403.885
1.0,100,1,55771.219076909,55771.219076909,403.91,403.915
-1.0,15,1,55771.98247264,55771.98247264,403.9,403.895
1.0,10,3,55773.342422704,55779.736141881,403.895,403.93
-1.0,437,11,55783.015114216,55789.031870666,403.925,403.86
1.0,150,3,55789.126886835,55789.126908484,403.86,403.865
-1.0,56,5,55789.841737917,55789.844233613,403.86,403.845
1.0,221,6,55789.86198115,55791.981966146,403.84,403.895
-1.0,100,1,55791.982116563,55791.982116563,403.9,403.895
1.0,100,2,55793.857467752,55793.857489631,403.875,403.88
-1.0,5,2,55794.033722009,55794.033751307,403.885,403.88
1.0,68,1,55795.01700452,55795.01700452,403.875,403.875
-1.0,165,4,55797.973004594,55798.233292559,403.88,403.86
1.0,421,8,55800.443836994,55803.422771281,403.865,403.925
-1.0,634,8,55803.42397295,55804.578095217,403.94,403.905
1.0,8,2,55804.578109723,55804.578109723,403.905,403.915
-1.0,50,2,55805.987872545,55805.987923327,403.905,403.895
1.0,122,4,55806.483888736,55808.282174781,403.895,403.92
-1.0,10,1,55809.589704862,55809.589704862,403.94,403.935
1.0,5,2,55809.790324386,55809.790324386,403.93,403.93
-1.0,245,5,55813.471882118,55813.476691719,403.93,403.915
1.0,5,2,55813.720898392,55813.744666898,403.905,403.92
-1.0,559,12,55813.918358638,55813.919163963,403.92,403.89
1.0,52,2,55813.919533497,55813.919533497,403.885,403.89
-1.0,42,2,55813.920020055,55813.920020055,403.89,403.88
1.0,4,2,55813.920633124,55813.921639545,403.875,403.885
-1.0,52,2,55814.532890796,55814.532890796,403.88,403.875
1.0,5,2,55815.906044175,55816.372103563,403.855,403.895
-1.0,50,1,55817.023570137,55817.023570137,403.915,403.91
1.0,9,2,55818.015612746,55818.015612746,403.915,403.925
-1.0,188,5,55818.517259218,55821.509638013,403.94,403.905
1.0,271,7,55821.635017451,55822.20025426,403.9,403.93
-1.0,23,3,55823.07826516,55823.078374711,403.925,403.905
1.0,19,8,55823.568998223,55826.002353041,403.895,403.975
-1.0,2,1,55826.005949443,55826.005949443,403.98,403.975
1.0,18,4,55826.008226408,55826.031433017,403.96,403.985
-1.0,108,4,55826.600876263,55828.555307254,403.985,403.95
1.0,101,2,55829.653099907,55829.653099907,403.945,403.95
-1.0,151,4,55830.84482574,55830.845412835,403.975,403.965
1.0,201,4,55830.84756591,55830.848860971,403.965,403.97
-1.0,200,3,55831.058367376,55831.058609986,403.98,403.97
1.0,278,9,55831.075511447,55832.084653947,403.97,403.995
-1.0,97,6,55832.091379671,55832.091678295,404.045,404.04
1.0,7,2,55832.15745001,55832.476066091,404.015,404.025
-1.0,672,11,55833.887894668,55837.150369346,404.035,403.955
1.0,7,3,55838.150856594,55841.715979766,403.94,403.975
-1.0,226,4,55842.001849137,55842.465235139,403.97,403.97
1.0,2,1,55842.51300711,55842.51300711,403.97,403.975
-1.0,100,1,55843.375017423,55843.375017423,403.98,403.975
1.0,263,6,55844.245982849,55844.247896883,403.98,404.005
-1.0,50,2,55844.251296132,55844.251296132,404.02,404.02
1.0,4,2,55845.412966407,55846.392157583,404.005,404.025
-1.0,50,1,55846.392560406,55846.392560406,404.03,404.025
1.0,267,13,55847.96872842,55853.896379597,404.03,404.085
-1.0,355,9,55862.667714836,55862.668822837,404.09,404.055
1.0,5,3,55862.676959076,55866.587658975,404.045,404.055
-1.0,815,10,55866.952181851,55869.394418037,404.05,403.99
1.0,4,2,55869.398606411,55869.399668517,403.985,403.995
-1.0,400,1,55869.403523779,55869.403523779,404.005,403.995
1.0,139,2,55869.406930764,55869.4079837,403.985,403.995
-1.0,202,1,55869.416077957,55869.416077957,404.005,404.005
1.0,105,4,55869.416212673,55872.013280716,404.005,404.025
-1.0,48,1,55873.072973483,55873.072973483,404.03,404.03
1.0,265,5,55876.900388963,55876.900797601,404.03,404.05
-1.0,26,4,55878.986184863,55880.066588744,404.055,404.045
1.0,108,4,55881.705700824,55881.705735806,404.045,404.05
-1.0,1727,15,55882.418877119,55883.161936972,404.055,403.965
1.0,50,1,55883.162912339,55883.162912339,403.96,403.965
-1.0,104,4,55883.163054539,55883.168771215,403.965,403.94
1.0,415,8,55883.178114141,55883.200519798,403.94,403.975
-1.0,8,1,55884.38749458,55884.38749458,403.98,403.97
1.0,102,2,55886.317822018,55889.097617459,403.94,403.98
-1.0,260,4,55889.884913771,55889.884983803,403.98,403.97
1.0,55,7,55890.174833069,55895.751244553,403.965,404.03
-1.0,4,1,55896.698518472,55896.698518472,404.035,404.025
1.0,103,4,55898.463112547,55898.463150536,404.025,404.04
-1.0,4,1,55899.558237169,55899.558237169,404.04,404.035
1.0,509,8,55899.727563097,55899.728736846,404.02,404.045
-1.0,82,1,55899.729096532,55899.729096532,404.045,404.045
1.0,372,7,55899.729299865,55905.851217981,404.045,404.095
-1.0,140,2,55906.12971728,55906.12971728,404.1,404.095
1.0,71,6,55906.229278564,55912.039735981,404.08,404.1
-1.0,852,24,55912.218284607,55915.965102644,404.1,404.03
1.0,895,11,55917.214224707,55920.435744177,404.035,404.07
-1.0,231,6,55920.435787633,55922.862508808,404.075,404.045
1.0,67,2,55922.995124404,55922.995124404,404.045,404.045
-1.0,198,7,55924.413603298,55932.920374697,404.05,404.005
1.0,92,3,55932.92050465,55932.92050465,404.0,404.0
-1.0,49,2,55933.001148103,55933.001855566,404.0,403.98
1.0,100,1,55933.185057171,55933.185057171,403.985,403.99
-1.0,40,2,55935.125798532,55935.125798532,404.005,404.0
1.0,169,5,55936.122722509,55936.126327661,403.985,404.005
-1.0,12,1,55936.618598989,55936.618598989,404.015,404.01
1.0,1,1,55939.41407563,55939.41407563,404.015,404.03
-1.0,530,13,55942.43056507,55946.040202913,404.03,403.975
1.0,200,3,55951.046206555,55951.046245376,403.985,403.99
-1.0,90,2,55957.37910985,55957.37910985,403.985,403.985
1.0,190,4,55957.715720867,55958.890800573,403.985,403.99
-1.0,140,3,55959.789033673,55959.789056157,404.0,403.995
1.0,200,2,55963.296422781,55963.298593645,404.01,404.035
-1.0,343,12,55964.644215538,55970.328738113,404.045,404.015
1.0,1,1,55970.559859084,55970.559859084,404.01,404.015
-1.0,291,13,55976.993546591,55980.939504083,404.01,403.975
1.0,14,2,55981.73946854,55981.73946854,403.97,403.97
-1.0,16,3,55982.628947519,55982.634096016,403.975,403.955
1.0,377,10,55982.634931563,55984.2309924,403.96,404.0
-1.0,65,3,55984.232298594,55984.233058123,404.02,404.0
1.0,13,2,55984.233725521,55984.236907253,403.995,404.02
-1.0,50,2,55986.072975821,55986.07300783,404.01,404.005
1.0,100,2,55987.506233538,55987.506263869,404.01,404.015
-1.0,12,1,55988.102414011,55988.102414011,404.005,404.0
1.0,250,3,55988.440359509,55988.443462362,404.005,404.025
-1.0,2,1,55991.757817164,55991.757817164,404.02,404.015
1.0,51,2,55994.741960243,55994.743076622,404.015,404.025
-1.0,244,5,55994.837389639,55995.240276217,404.01,403.995
1.0,100,1,55998.60034664,55998.60034664,403.99,403.995
-1.0,100,1,55998.600400481,55998.600400481,404.005,403.995
1.0,157,5,55998.601990664,56000.695640419,403.99,403.995
-1.0,105,2,56001.77204295,56001.772046915,404.01,404.005
1.0,307,8,56001.793197115,56002.747341988,403.99,404.04
-1.0,247,4,56005.048255636,56005.048263945,404.01,404.005
1.0,306,7,56006.479935299,56011.432963755,403.99,404.0
-1.0,10,1,56011.433128516,56011.433128516,404.005,404.005
1.0,258,7,56011.812713566,56012.805417994,404.0,404.025
-1.0,315,8,56019.738247403,56020.425677599,404.04,404.01
1.0,37,4,56024.766358836,56025.773481312,404.01,404.01
-1.0,634,18,56026.65634195,56027.233149181,404.01,403.97
1.0,210,6,56029.592176408,56029.592176408,403.97,403.975
-1.0,50,1,56032.763798346,56032.763798346,403.99,403.985
1.0,4,1,56032.832475302,56032.832475302,403.975,403.975
-1.0,2884,11,56032.846336498,56033.923723339,403.975,403.93
1.0,1,1,56034.614997626,56034.614997626,403.93,403.93
-1.0,171,7,56034.773494429,56035.920307327,403.93,403.905
1.0,180,6,56037.113454678,56039.231894493,403.895,403.915
-1.0,132,5,56041.220381886,56041.33627381,403.93,403.89
1.0,106,3,56041.464824981,56041.464824981,403.89,403.895
-1.0,52,2,56041.566636372,56042.305069298,403.905,403.9
1.0,223,7,56042.429366458,56042.433775288,403.9,403.925
-1.0,32,2,56043.344179609,56045.908673474,403.92,403.92
1.0,204,6,56047.05650086,56049.66033976,403.915,403.965
-1.0,10,1,56050.17948381,56050.17948381,403.975,403.97
1.0,201,4,56051.357643108,56051.923963266,403.99,404.01
-1.0,377,9,56051.937836872,56062.776551256,404.02,403.995
1.0,18,2,56062.907101322,56067.444620128,403.985,403.995
-1.0,100,2,56068.353106499,56068.353129826,403.995,403.99
1.0,100,1,56070.685801224,56070.685801224,403.99,404.0
-1.0,26,1,56070.686157977,56070.686157977,404.01,404.01
1.0,11,2,56071.480310418,56071.480310418,404.025,404.03
-1.0,140,2,56073.189015775,56073.189015775,404.055,404.05
1.0,23,1,56073.190225881,56073.190225881,404.035,404.035
-1.0,262,5,56073.431169612,56073.43126206,404.025,404.02
1.0,100,1,56073.642505326,56073.642505326,404.03,404.035
-1.0,267,7,56073.880910058,56075.184782478,404.05,404.02
1.0,100,1,56075.216349043,56075.216349043,404.015,404.02
-1.0,114,4,56076.776840066,56077.209336253,404.015,404.035
1.0,233,5,56079.560495524,56081.698856779,404.03,404.04
-1.0,147,4,56086.225875182,56086.225875182,404.04,404.035
1.0,150,2,56086.299900966,56086.299900966,404.03,404.035
-1.0,50,1,56086.693432685,56086.693432685,404.045,404.04
1.0,714,13,56088.101826149,56088.145590164,404.04,404.055
-1.0,100,1,56088.185260766,56088.185260766,404.06,404.055
1.0,10,1,56088.74066932,56088.74066932,404.045,404.05
-1.0,9,1,56090.88239121,56090.88239121,404.06,404.06
1.0,200,2,56091.942409505,56091.954665873,404.055,404.07
-1.0,140,3,56091.96528802,56091.965330865,404.09,404.07
1.0,100,1,56091.965601857,56091.965601857,404.065,404.07
-1.0,101,2,56091.969884892,56092.471908852,404.09,404.06
1.0,100,1,56092.540043844,56092.540043844,404.06,404.07
-1.0,216,4,56092.546365971,56092.691848278,404.065,404.06
1.0,624,15,56093.091206374,56094.265136568,404.06,404.155
-1.0,100,3,56094.268099564,56094.270157654,404.145,404.135
1.0,13,2,56094.705780458,56094.722061634,404.145,404.16
-1.0,3,1,56095.013897802,56095.013897802,404.16,404.15
1.0,2,1,56095.040573017,56095.040573017,404.145,404.15
-1.0,2,1,56095.187858705,56095.187858705,404.16,404.15
1.0,103,5,56098.308733269,56102.221968471,404.16,404.26
-1.0,455,11,56102.296684996,56105.47361726,404.25,404.2
1.0,256,4,56110.418414031,56110.418457816,404.22,404.23
-1.0,109,3,56110.418506765,56111.610461659,404.24,404.235
1.0,300,5,56111.741355398,56113.235760468,404.235,404.265
-1.0,292,7,56114.546490561,56120.28213275,404.255,404.24
1.0,200,2,56120.409151037,56122.041832826,404.225,404.23
-1.0,604,13,56122.133356604,56124.687739229,404.225,404.2
1.0,2,1,56124.987520918,56124.987520918,404.195,404.2
-1.0,223,5,56125.656271255,56125.660934352,404.2,404.18
1.0,2,1,56125.661352441,56125.661352441,404.175,404.18
-1.0,110,2,56129.180571931,56129.180571931,404.16,404.155
1.0,1,1,56130.034970205,56130.034970205,404.155,404.155
-1.0,108,3,56131.352262901,56131.353974353,404.19,404.175
1.0,100,1,56133.477270353,56133.477270353,404.185,404.19
-1.0,140,2,56134.575015134,56134.575015134,404.19,404.185
1.0,201,4,56135.848404894,56136.757499813,404.175,404.225
-1.0,160,6,56146.56845751,56149.436853682,404.225,404.19
1.0,644,13,56150.485796783,56156.378181432,404.195,404.225
-1.0,11,2,56157.918367726,56157.918367726,404.22,404.215
1.0,100,1,56157.91867421,56157.91867421,404.205,404.21
-1.0,264,5,56157.920551101,56157.920551101,404.215,404.21
1.0,210,5,56157.920866829,56158.996497038,404.2,404.22
-1.0,586,12,56159.315122461,56161.486699637,404.22,404.18
1.0,114,3,56161.954441633,56161.954760165,404.185,404.2
-1.0,206,3,56162.26871579,56165.774679542,404.19,404.235
1.0,10,2,56166.849552365,56166.849554668,404.225,404.23
-1.0,165,2,56167.522433611,56167.522433611,404.24,404.235
1.0,182,5,56168.995167857,56170.887883146,404.245,404.255
-1.0,49,2,56170.892803455,56170.901660086,404.275,404.265
1.0,188,6,56172.436025308,56172.80671173,404.285,404.295
-1.0,412,9,56173.610648808,56175.438167214,404.295,404.27
1.0,10,3,56180.436607786,56181.347194186,404.27,404.28
-1.0,100,2,56182.493740485,56182.493740485,404.29,404.29
1.0,190,3,56183.751912901,56183.751912901,404.29,404.295
-1.0,100,1,56183.752214563,56183.752214563,404.305,404.295
1.0,317,4,56183.752528421,56187.2791562,404.29,404.315
-1.0,375,8,56188.309705034,56188.583796827,404.3,404.28
1.0,5,1,56190.933697201,56190.933697201,404.28,404.285
-1.0,370,18,56192.506194199,56193.764363751,404.285,404.21
1.0,22,1,56193.769363615,56193.769363615,404.215,404.215
-1.0,356,12,56195.640256197,56199.672741084,404.225,404.175
1.0,53,2,56199.743446136,56199.743446136,404.18,404.185
-1.0,14,1,56200.771001165,56200.771001165,404.195,404.19
1.0,263,5,56203.501961022,56203.605520788,404.17,404.19
-1.0,420,3,56206.066730674,56206.112025079,404.22,404.19
1.0,166,3,56208.785189208,56208.818057202,404.155,404.17
-1.0,240,3,56209.031056655,56209.031578468,404.17,404.155
1.0,322,6,56210.054287596,56210.205858472,404.14,404.205
-1.0,50,1,56210.206874412,56210.206874412,404.21,404.21
1.0,3,1,56213.757176612,56213.757176612,404.195,404.195
-1.0,169,4,56214.064426191,56218.204505477,404.195,404.155
1.0,30,5,56218.699996377,56221.318461159,404.16,404.19
-1.0,852,21,56221.896936821,56225.584370211,404.18,404.115
1.0,90,1,56225.586026117,56225.586026117,404.11,404.11
-1.0,110,4,56226.238135153,56226.347859858,404.115,404.105
1.0,354,4,56227.507684617,56228.103412827,404.1,404.12
-1.0,299,8,56231.443533145,56231.701186312,404.12,404.105
1.0,10,1,56233.084471837,56233.084471837,404.085,404.09
-1.0,238,7,56235.380774949,56236.507977598,404.1,404.05
1.0,41,3,56236.508729293,56236.687620204,404.05,404.055
-1.0,836,13,56236.688273443,56238.531825628,404.055,403.995
1.0,203,3,56240.050776226,56243.05755303,403.98,404.01
-1.0,100,1,56243.057952634,56243.057952634,404.025,404.015
1.0,406,6,56245.284954048,56245.285231619,404.015,404.03
-1.0,1,1,56245.285999768,56245.285999768,404.045,404.035
1.0,100,1,56245.783984313,56245.783984313,404.035,404.04
-1.0,10,1,56249.017057119,56249.017057119,404.055,404.05
1.0,100,3,56249.173284059,56249.173284059,404.035,404.035
-1.0,94,1,56250.267952788,56250.267952788,404.055,404.055
1.0,2,2,56252.035451833,56252.257070725,404.03,404.03
-1.0,105,4,56252.258132478,56253.609723769,404.04,404.035
1.0,208,6,56255.359327611,56258.257239588,404.045,404.08
-1.0,295,8,56258.2583965,56262.076830469,404.105,404.05
1.0,261,4,56262.51187029,56262.512064021,404.035,404.05
-1.0,263,6,56262.718097426,56264.445981885,404.055,404.04
1.0,211,6,56264.581869986,56264.582466197,404.04,404.05
-1.0,100,1,56264.58275599,56264.58275599,404.06,404.055
1.0,104,2,56265.871462359,56265.872468007,404.06,404.065
-1.0,100,1,56266.798562785,56266.798562785,404.08,404.075
1.0,251,6,56270.835240545,56273.07889559,404.07,404.105
-1.0,248,5,56273.079209881,56277.86577582,404.115,404.095
1.0,100,1,56279.554200526,56279.554200526,404.09,404.1
-1.0,113,5,56280.454357725,56281.434007486,404.11,404.09
1.0,100,2,56282.029676276,56282.029711733,404.09,404.095
-1.0,3586,16,56282.949694343,56285.270216624,404.105,404.035
1.0,212,8,56286.259724945,56286.259786435,404.025,404.03
-1.0,200,3,56286.26005313,56286.686839419,404.035,404.02
1.0,1,1,56286.701376615,56286.701376615,404.02,404.02
-1.0,361,10,56286.734261317,56287.879611941,404.02,403.94
1.0,110,2,56288.259743677,56288.259743677,403.94,403.945
-1.0,35,5,56289.35002498,56289.351360651,403.94,403.935
1.0,392,9,56291.084999926,56297.088495704,403.94,403.975
-1.0,20,1,56297.822030848,56297.822030848,403.97,403.965
1.0,102,3,56298.018832671,56298.02355607,403.96,403.985
-1.0,244,4,56299.226127422,56299.226778352,403.985,403.975
1.0,88,2,56300.462038439,56300.471046032,403.98,403.985
-1.0,341,6,56302.83269219,56302.833274518,403.98,403.965
1.0,74,3,56306.857749854,56306.861986066,403.955,403.98
-1.0,502,6,56309.253876104,56309.466101609,403.985,403.95
1.0,187,7,56310.62000279,56311.749724633,403.97,404.01
-1.0,3,1,56312.033769481,56312.033769481,404.025,404.015
1.0,18,2,56312.325355001,56312.37071859,404.015,404.02
-1.0,101,3,56312.90706675,56312.907339968,404.05,404.045
1.0,2,1,56312.908316673,56312.908316673,404.04,404.04
-1.0,162,3,56313.534227529,56313.534227529,404.055,404.05
1.0,100,1,56314.500327106,56314.500327106,404.04,404.045
-1.0,455,7,56314.781503035,56314.792536119,404.04,404.015
1.0,10,3,56314.845875058,56315.011058296,403.995,404.01
-1.0,79,1,56315.637793757,56315.637793757,404.005,404.005
1.0,10,1,56317.570153774,56317.570153774,404.015,404.015
-1.0,10,1,56319.518488714,56319.518488714,404.015,404.01
1.0,102,3,56320.533308245,56323.381907756,403.99,404.0
-1.0,28,1,56323.381951718,56323.381951718,404.01,404.01
1.0,412,8,56324.663087248,56327.67833252,404.015,404.06
-1.0,240,3,56328.243080494,56328.252791618,404.06,404.02
1.0,84,2,56328.253206489,56328.253412978,404.005,404.005
-1.0,2510,7,56328.26032934,56328.260457998,404.015,403.995
1.0,220,6,56328.379574742,56329.073096124,403.995,404.01
-1.0,100,1,56331.113912217,56331.113912217,404.01,404.0
1.0,104,3,56332.454839954,56340.807017439,404.0,404.01
-1.0,100,2,56342.330728327,56342.330755552,404.025,404.02
1.0,196,3,56342.797333453,56342.810407286,404.02,404.04
-1.0,195,7,56343.318618206,56345.00398424,404.06,404.045
1.0,7,2,56346.846755949,56346.912791206,404.05,404.075
-1.0,2,1,56347.677191442,56347.677191442,404.085,404.085
1.0,200,1,56347.686401795,56347.686401795,404.085,404.09
-1.0,440,8,56348.904874177,56348.905035426,404.085,404.07
1.0,406,5,56349.185786252,56349.18936049,404.065,404.095
-1.0,495,7,56349.833712983,56354.336296035,404.08,404.065
1.0,401,15,56357.247581049,56359.906879836,404.065,404.08
-1.0,1092,22,56359.97827382,56368.130253554,404.105,404.025
1.0,318,5,56369.109118557,56369.19566399,404.025,404.065
-1.0,117,1,56369.195695276,56369.195695276,404.085,404.075
1.0,100,1,56369.208387975,56369.208387975,404.065,404.07
-1.0,374,9,56369.290802476,56373.506678628,404.08,404.1
1.0,159,7,56379.143711226,56379.152320158,404.11,404.145
-1.0,20,1,56379.166448151,56379.166448151,404.15,404.14
1.0,189,7,56379.181463516,56391.570620231,404.12,404.195
-1.0,50,1,56391.57102176,56391.57102176,404.21,404.205
1.0,30,2,56394.882442958,56394.882487329,404.19,404.195
-1.0,592,15,56395.693457688,56403.672639617,404.2,404.145
1.0,50,1,56405.044932647,56405.044932647,404.17,404.175
-1.0,6,2,56406.699220309,56406.860007665,404.195,404.185
1.0,60,3,56406.875077053,56406.89414747,404.17,404.18
-1.0,100,1,56407.182553717,56407.182553717,404.18,404.175
1.0,185,7,56409.255982605,56411.622743458,404.16,404.175
-1.0,11,1,56411.657369725,56411.657369725,404.18,404.18
1.0,25,2,56412.287467727,56412.96946336,404.18,404.2
-1.0,240,4,56413.027774395,56413.276084456,404.195,404.18
1.0,34,1,56413.343877173,56413.343877173,404.175,404.175
-1.0,12,2,56413.365067281,56413.455738934,404.2,404.195
1.0,132,5,56415.77748438,56415.778266833,404.2,404.215
-1.0,101,2,56415.975703826,56415.975703826,404.215,404.21
1.0,100,1,56417.25415199,56417.25415199,404.22,404.225
-1.0,355,8,56417.268310148,56419.074744416,404.225,404.185
1.0,105,3,56419.339678051,56419.339980349,404.195,404.21
-1.0,101,3,56421.904020342,56425.330716851,404.215,404.205
1.0,100,1,56426.319614115,56426.319614115,404.205,404.21
-1.0,724,15,56426.319821591,56427.139041723,404.225,404.18
1.0,2,1,56427.139303795,56427.139303795,404.18,404.18
-1.0,329,6,56428.702745233,56428.713120172,404.18,404.16
1.0,1,1,56433.843259784,56433.843259784,404.17,404.17
-1.0,230,4,56434.869971983,56435.444345237,404.225,404.215
1.0,3,1,56436.323470262,56436.323470262,404.22,404.22
-1.0,242,4,56436.761315445,56439.461912291,404.225,404.205
1.0,254,6,56439.529007499,56442.570352777,404.195,404.23
-1.0,98,3,56442.581931622,56443.103196244,404.235,404.23
1.0,2396,10,56444.659545533,56444.66018578,404.23,404.25
-1.0,150,2,56444.666245616,56444.669511008,404.27,404.24
1.0,97,1,56447.697616611,56447.697616611,404.24,404.24
-1.0,14,1,56448.070279386,56448.070279386,404.245,404.245
1.0,59,1,56448.559309504,56448.559309504,404.245,404.245
-1.0,100,2,56448.559953959,56448.559953959,404.245,404.245
1.0,998,4,56448.998304197,56448.998319392,404.245,404.255
-1.0,736,12,56449.00458044,56449.533088613,404.27,404.215
1.0,505,5,56452.086285182,56453.021147013,404.225,404.25
-1.0,109,3,56453.046723566,56456.213056422,404.27,404.255
1.0,100,2,56456.351273112,56456.351293458,404.25,404.255
-1.0,261,6,56459.206075895,56459.207396749,404.26,404.24
1.0,242,8,56459.2284556,56463.190462366,404.225,404.26
-1.0,414,9,56464.283949156,56464.959283427,404.26,404.225
1.0,174,7,56464.992398735,56465.430342018,404.22,404.25
-1.0,13,3,56465.432219999,56467.842476686,404.26,404.25
1.0,95,3,56470.502231435,56470.502231435,404.25,404.255
-1.0,3829,18,56471.069753653,56474.680081485,404.26,404.21
1.0,85,2,56474.680768443,56474.680768443,404.21,404.21
-1.0,150,2,56475.585887059,56475.585887059,404.22,404.215
1.0,450,10,56475.587074978,56476.617227659,404.195,404.2
-1.0,584,11,56476.617395787,56478.129076639,404.21,404.165
1.0,100,2,56479.765073698,56479.765102512,404.17,404.185
-1.0,328,6,56480.226852941,56481.540969797,404.185,404.175
1.0,269,7,56483.02707749,56486.368827017,404.155,404.195
-1.0,1,1,56487.177260504,56487.177260504,404.205,404.205
1.0,51,4,56488.336733114,56491.858729064,404.2,404.22
-1.0,201,6,56492.109070993,56492.295653107,404.215,404.195
1.0,8,3,56492.308080019,56492.405334543,404.19,404.195
-1.0,765,18,56492.532471845,56496.431958699,404.195,404.105
1.0,271,7,56497.121278503,56501.053249526,404.1,404.125
-1.0,160,3,56501.053364753,56501.054596058,404.13,404.125
1.0,100,1,56502.294687635,56502.294687635,404.095,404.105
-1.0,288,12,56504.87174738,56507.547819775,404.13,404.07
1.0,6,1,56510.680319224,56510.680319224,404.07,404.08
-1.0,585,17,56515.674424875,56519.138667538,404.08,404.04
1.0,2,2,56520.393906754,56520.393906754,404.035,404.04
-1.0,512,15,56521.589092649,56525.906812302,404.065,404.01
1.0,2,1,56525.906856022,56525.906856022,404.005,404.005
-1.0,1102,16,56525.908236176,56526.63897951,404.02,404.015
1.0,20,2,56526.939149671,56526.939170547,404.015,404.02
-1.0,1109,32,56530.841919966,56534.078526335,404.03,403.995
1.0,2,1,56535.200859066,56535.200859066,404.0,404.005
-1.0,996,25,56535.826254463,56545.677753475,404.03,403.94
1.0,70,1,56546.291635678,56546.291635678,403.925,403.93
-1.0,100,1,56547.113041249,56547.113041249,403.935,403.93
1.0,165,3,56547.226595679,56547.817029515,403.93,403.935
-1.0,105,2,56548.06105766,56548.06105766,403.94,403.935
1.0,100,2,56548.061095863,56548.061117525,403.925,403.935
-1.0,881,19,56548.06160478,56556.501527314,403.94,403.88
1.0,14,3,56556.960468823,56556.960496098,403.88,403.885
-1.0,370,8,56557.684294649,56558.60247421,403.885,403.88
1.0,100,1,56559.175845592,56559.175845592,403.885,403.89
-1.0,693,15,56559.176153893,56560.930150073,403.9,403.875
1.0,140,2,56561.270278599,56561.270278599,403.875,403.88
-1.0,1291,18,56561.42924908,56565.34349272,403.875,403.87
1.0,176,4,56565.82470598,56565.824737298,403.875,403.88
-1.0,540,6,56566.897927243,56568.110612148,403.88,403.875
1.0,166,2,56568.156412926,56569.057376403,403.89,403.895
-1.0,148,2,56570.546808982,56573.140447714,403.875,403.875
1.0,175,4,56573.645274103,56573.645887364,403.875,403.885
-1.0,314,5,56574.24090658,56575.698123795,403.875,403.885
1.0,39,2,56577.082925492,56577.091189998,403.875,403.885
-1.0,1134,24,56581.180261777,56581.894512682,403.88,403.87
1.0,100,2,56581.894818526,56581.894839526,403.865,403.87
-1.0,150,8,56581.895217334,56582.181084725,403.88,403.855
1.0,1,1,56582.285979378,56582.285979378,403.85,403.85
-1.0,391,8,56582.994227266,56584.279141008,403.85,403.825
1.0,155,5,56584.38534764,56585.08735329,403.82,403.825
-1.0,25,1,56585.385688335,56585.385688335,403.83,403.825
1.0,1086,6,56587.145325413,56590.739455525,403.815,403.89
-1.0,264,6,56592.120688117,56592.312062245,403.9,403.865
1.0,100,2,56592.312245698,56592.312270893,403.84,403.845
-1.0,202,7,56592.829435457,56594.943352714,403.87,403.825
1.0,172,5,56597.932069572,56600.820000561,403.805,403.845
-1.0,981,17,56602.521885695,56620.787076109,403.88,403.865
1.0,29,1,56621.921677855,56621.921677855,403.87,403.87
-1.0,261,8,56622.233779353,56622.234171411,403.87,403.86
1.0,101,2,56622.334800165,56622.339900129,403.855,403.865
-1.0,500,5,56622.339978124,56622.88561046,403.87,403.845
1.0,193,4,56623.248194913,56625.409312935,403.845,403.86
-1.0,300,6,56628.905975951,56634.555615816,403.86,403.83
1.0,451,13,56635.830439332,56641.452664776,403.83,403.89
-1.0,242,10,56642.239356369,56645.311955234,403.895,403.85
1.0,121,2,56647.904464828,56652.202578211,403.87,403.895
-1.0,5,2,56653.410118995,56653.410118995,403.905,403.9
1.0,51,2,56655.991751802,56656.618492475,403.89,403.895
-1.0,10,2,56656.627450751,56656.630263882,403.9,403.885
1.0,50,1,56656.630354506,56656.630354506,403.885,403.89
-1.0,583,16,56656.630519447,56657.555605137,403.89,403.835
1.0,62,3,56657.55739686,56658.929984319,403.83,403.875
-1.0,91,3,56659.008050988,56659.877033693,403.89,403.89
1.0,404,5,56663.479823556,56663.480211336,403.89,403.905
-1.0,4873,13,56663.486349991,56665.37666342,403.915,403.865
1.0,45,2,56666.050117239,56666.050117239,403.87,403.875
-1.0,13,1,56666.957322531,56666.957322531,403.88,403.88
1.0,212,5,56667.721339882,56668.677618939,403.88,403.89
-1.0,303,14,56668.706638221,56676.035024312,403.905,403.85
1.0,51,3,56681.341569291,56681.475250324,403.855,403.865
-1.0,125,4,56681.886627016,56682.174664044,403.87,403.85
1.0,107,4,56682.218421921,56684.00848647,403.85,403.875
-1.0,62,4,56684.046425217,56686.929667837,403.885,403.88
1.0,50,1,56686.930216198,56686.930216198,403.875,403.88
-1.0,437,11,56687.300117763,56690.549921906,403.88,403.87
1.0,209,3,56690.689542148,56691.093476751,403.875,403.885
-1.0,17,2,56691.122725276,56692.064335853,403.905,403.9
1.0,230,3,56693.407720125,56693.446857717,403.905,403.925
-1.0,332,9,56694.151840024,56696.185976948,403.94,403.93
1.0,160,3,56697.875801813,56697.875801813,403.93,403.935
-1.0,17,1,56697.876221671,56697.876221671,403.945,403.945
1.0,200,2,56697.877007528,56697.877007528,403.935,403.94
-1.0,462,12,56699.397411227,56700.578867247,403.935,403.86
1.0,7,1,56700.588372636,56700.588372636,403.86,403.86
-1.0,35,2,56701.422979167,56701.422979167,403.855,403.85
1.0,82,2,56701.46897141,56703.040010974,403.855,403.895
-1.0,157,4,56703.142785131,56703.179541805,403.91,403.89
1.0,171,5,56703.508206784,56704.94754886,403.89,403.955
-1.0,704,12,56704.954725527,56709.669231056,403.96,403.9
1.0,409,5,56710.409246953,56712.4697813,403.865,403.92
-1.0,108,2,56712.470496328,56712.470496328,403.91,403.9
1.0,2,1,56712.478541297,56712.478541297,403.89,403.89
-1.0,156,6,56717.883932247,56717.884306448,403.895,403.885
1.0,2,1,56717.892076623,56717.892076623,403.88,403.88
-1.0,501,8,56718.60688595,56722.767057758,403.88,403.85
1.0,97,2,56722.770346119,56722.770512996,403.835,403.85
-1.0,312,5,56722.773455275,56722.783614658,403.845,403.86
1.0,20,2,56723.21938645,56723.683738375,403.86,403.865
-1.0,101,3,56723.686760494,56725.87533541,403.875,403.85
1.0,184,7,56728.763501814,56729.244787782,403.84,403.895
-1.0,15,1,56729.258266962,56729.258266962,403.905,403.905
1.0,45,1,56729.507483654,56729.507483654,403.9,403.9
-1.0,259,7,56729.821526111,56731.235992331,403.895,403.86
1.0,311,7,56731.235992943,56731.252935547,403.86,403.9
-1.0,7,1,56731.252960892,56731.252960892,403.905,403.905
1.0,69,3,56731.253011888,56731.253011888,403.905,403.91
-1.0,71,1,56731.36230316,56731.36230316,403.9,403.895
1.0,100,1,56732.164760042,56732.164760042,403.88,403.885
-1.0,583,13,56733.703549047,56736.956879939,403.9,403.835
1.0,157,3,56737.01046593,56738.883912241,403.83,403.855
-1.0,37,1,56740.32214726,56740.32214726,403.865,403.855
1.0,5,3,56741.235361797,56741.235361797,403.89,403.895
-1.0,50,2,56741.360382431,56741.360403251,403.915,403.91
1.0,31,1,56741.531603369,56741.531603369,403.89,403.89
-1.0,298,5,56742.203478773,56743.490212613,403.895,403.87
1.0,11,1,56745.240285394,56745.240285394,403.87,403.87
-1.0,75,1,56745.445197764,56745.445197764,403.865,403.855
1.0,107,3,56748.502253619,56748.502253619,403.88,403.89
-1.0,100,1,56748.502628984,56748.502628984,403.905,403.895
1.0,300,3,56748.503672159,56748.503672159,403.895,403.9
-1.0,50,1,56748.504338055,56748.504338055,403.905,403.895
1.0,166,4,56748.505636767,56748.505636767,403.895,403.905
-1.0,2,1,56748.505853642,56748.505853642,403.905,403.895
1.0,210,6,56748.506555582,56748.50868887,403.895,403.92
-1.0,100,2,56749.474896635,56749.474896635,403.935,403.935
1.0,250,3,56749.541583951,56749.75258599,403.93,403.95
-1.0,237,6,56749.851404708,56751.444546925,403.95,403.93
1.0,100,1,56754.645996397,56754.645996397,403.93,403.935
-1.0,290,6,56754.742144332,56755.096031594,403.955,403.945
1.0,38,2,56756.31645752,56756.330268523,403.945,403.945
-1.0,200,2,56758.840832117,56758.840832117,403.94,403.935
1.0,56,2,56760.251289001,56760.251542133,403.92,403.935
-1.0,326,5,56761.490200824,56762.386598018,403.96,403.955
1.0,2,1,56762.387912636,56762.387912636,403.94,403.94
-1.0,100,1,56762.438017497,56762.438017497,403.94,403.94
1.0,206,6,56762.553095549,56762.875703777,403.935,403.96
-1.0,200,2,56762.999104751,56764.562949627,403.97,403.965
1.0,1,1,56769.105751125,56769.105751125,403.965,403.97
-1.0,50,1,56769.106175881,56769.106175881,403.97,403.97
1.0,926,5,56769.114827528,56769.114851932,403.97,403.975
-1.0,100,1,56769.115325538,56769.115325538,403.985,403.98
1.0,497,12,56769.117475709,56769.135721941,403.985,404.0
-1.0,208,5,56774.674825008,56775.29250985,404.03,404.02
1.0,167,1,56775.623866128,56775.623866128,404.025,404.03
-1.0,379,7,56776.58429901,56776.584325145,404.02,404.015
1.0,19,1,56776.58435798,56776.58435798,404.01,404.01
-1.0,8,1,56776.584395271,56776.584395271,404.01,404.01
1.0,347,7,56777.873894528,56781.485175468,404.015,404.065
-1.0,2,1,56783.041595602,56783.041595602,404.07,404.065
1.0,50,1,56783.042972516,56783.042972516,404.055,404.06
-1.0,231,4,56783.341787135,56784.299646172,404.055,404.065
1.0,10,1,56786.028989488,56786.028989488,404.07,404.08
-1.0,69,2,56786.204385984,56788.203877751,404.09,404.09
1.0,13,1,56789.832342059,56789.832342059,404.09,404.09
-1.0,63,4,56790.511721729,56791.02454071,404.09,404.085
1.0,217,6,56791.057862336,56791.057862336,404.09,404.1
-1.0,511,10,56791.058180865,56791.061814107,404.105,404.075
1.0,100,1,56791.555942893,56791.555942893,404.075,404.08
-1.0,1154,28,56792.385698906,56794.706546939,404.075,403.965
1.0,60,1,56794.848050021,56794.848050021,403.945,403.945
-1.0,22,3,56797.023887758,56797.025285773,403.94,403.92
1.0,100,2,56797.025850833,56797.025855575,403.915,403.92
-1.0,171,6,56797.977836536,56798.287907262,403.93,403.905
1.0,1,1,56798.288257223,56798.288257223,403.895,403.895
-1.0,11,1,56798.288657293,56798.288657293,403.905,403.9
1.0,1325,15,56798.924279801,56803.570867933,403.9,403.985
-1.0,961,4,56805.041571166,56805.330977694,403.995,403.95
1.0,100,1,56806.725194334,56806.725194334,403.945,403.95
-1.0,628,13,56807.864545435,56810.795194865,403.985,403.975
1.0,179,3,56810.79523735,56812.435877454,403.97,403.965
-1.0,3,2,56813.069063538,56813.07116126,403.98,403.98
1.0,421,20,56816.75126826,56819.209616565,403.975,404.01
-1.0,694,12,56820.855663938,56822.764672371,404.02,403.95
1.0,12,2,56823.51086963,56824.805996781,403.965,403.99
-1.0,217,6,56826.671708842,56827.652465294,403.98,403.95
1.0,255,1,56828.632523742,56828.632523742,403.955,403.955
-1.0,413,9,56829.193799535,56833.721200942,403.955,403.93
1.0,718,14,56834.447619135,56834.452505021,403.95,403.99
-1.0,150,2,56834.453753122,56834.453777523,403.995,403.985
1.0,122,3,56834.469800537,56836.835040047,403.975,403.975
-1.0,11,2,56838.310063258,56838.310078341,403.96,403.955
1.0,135,4,56838.310485104,56838.312604438,403.94,403.955
-1.0,161,6,56839.337322991,56842.26030444,403.975,403.95
1.0,15,1,56842.260330656,56842.260330656,403.95,403.95
-1.0,115,4,56842.261657149,56842.261657149,403.945,403.94
1.0,200,3,56842.262253747,56843.046475024,403.94,403.945
-1.0,109,3,56843.994971124,56843.995172987,403.955,403.945
1.0,273,6,56843.997375091,56846.58244206,403.94,403.935
-1.0,91,1,56846.619943231,56846.619943231,403.945,403.935
1.0,200,2,56847.104799564,56849.07152656,403.93,403.94
-1.0,150,2,56849.07157557,56849.071706888,403.955,403.94
1.0,608,11,56849.072729361,56850.828334959,403.935,403.975
-1.0,524,8,56851.393658973,56852.812836799,403.975,403.93
1.0,167,4,56852.815463499,56854.061086856,403.925,403.93
-1.0,421,9,56854.999939132,56855.188587759,403.93,403.915
1.0,19,1,56857.395161402,56857.395161402,403.92,403.925
-1.0,101,2,56861.593119784,56861.593119784,403.92,403.915
1.0,10,1,56861.675362467,56861.675362467,403.91,403.91
-1.0,11,2,56862.25001608,56863.58484258,403.925,403.91
1.0,39,1,56863.727264687,56863.727264687,403.915,403.92
-1.0,252,11,56864.321385632,56866.074756711,403.925,403.9
1.0,150,2,56866.076242985,56866.076242985,403.9,403.905
-1.0,1020,21,56866.077319001,56867.525529671,403.905,403.87
1.0,78,2,56867.573539703,56867.573539703,403.865,403.87
-1.0,300,6,56868.064898334,56868.066169113,403.875,403.86
1.0,100,1,56868.297775529,56868.297775529,403.865,403.875
-1.0,404,6,56868.510485579,56868.836042208,403.875,403.845
1.0,195,3,56869.320172492,56869.320202404,403.85,403.855
-1.0,10,2,56872.110595412,56872.110623322,403.855,403.85
1.0,408,4,56872.692407843,56872.692407843,403.85,403.86
-1.0,136,5,56874.902083168,56876.960714147,403.87,403.855
1.0,17,1,56877.223888731,56877.223888731,403.845,403.845
-1.0,666,9,56877.269441919,56877.272150561,403.845,403.83
1.0,68,1,56878.435939,56878.435939,403.825,403.83
-1.0,294,15,56879.003176546,56879.003194927,403.81,403.81
1.0,53,2,56879.003258127,56879.007182473,403.805,403.81
-1.0,263,11,56879.013909604,56879.811180266,403.805,403.78
1.0,163,2,56879.826659364,56879.826683818,403.775,403.78
-1.0,765,33,56880.097744605,56883.735186613,403.78,403.695
1.0,182,2,56883.829188646,56883.829188646,403.685,403.69
-1.0,62,3,56883.936786147,56883.936786147,403.69,403.685
1.0,421,11,56884.66731888,56885.921257561,403.68,403.725
-1.0,50,1,56887.025404084,56887.025404084,403.72,403.715
1.0,3,1,56887.047237642,56887.047237642,403.71,403.71
-1.0,30,1,56887.126989715,56887.126989715,403.71,403.705
1.0,2,1,56887.170036651,56887.170036651,403.695,403.695
-1.0,4401,113,56889.006531597,56891.547537801,403.71,403.57
1.0,107,3,56891.567122471,56891.581630451,403.565,403.565
-1.0,1850,11,56891.649294642,56891.780171893,403.575,403.56
1.0,262,7,56892.270933611,56892.632399911,403.565,403.575
-1.0,300,3,56892.894454026,56893.350679848,403.555,403.51
1.0,188,8,56893.637156416,56893.921362948,403.51,403.55
-1.0,322,3,56894.032042912,56894.271945952,403.56,403.54
1.0,91,2,56894.275163998,56894.275163998,403.53,403.54
-1.0,150,3,56894.276732318,56895.010581462,403.545,403.545
1.0,445,19,56895.254560792,56895.258332013,403.55,403.6
-1.0,78,3,56895.258515789,56895.259009902,403.6,403.6
1.0,200,1,56895.361082741,56895.361082741,403.595,403.6
-1.0,8,2,56895.361105935,56895.361137622,403.61,403.605
1.0,87,1,56895.361156463,56895.361156463,403.605,403.61
-1.0,2,1,56895.361169176,56895.361169176,403.61,403.61
1.0,222,5,56895.361380145,56895.499076607,403.61,403.62
-1.0,7,1,56895.508844654,56895.508844654,403.615,403.6
1.0,243,5,56895.538782649,56896.38500687,403.595,403.63
-1.0,50,1,56896.577820189,56896.577820189,403.635,403.63
1.0,160,7,56897.076319118,56897.076450082,403.62,403.635
-1.0,5423,13,56897.081049992,56899.004495735,403.665,403.62
1.0,374,4,56899.91758462,56899.975163581,403.595,403.615
-1.0,372,5,56899.975280421,56900.679265994,403.62,403.595
1.0,667,11,56901.922333414,56909.434486217,403.555,403.635
-1.0,531,8,56909.441983413,56910.425501981,403.645,403.605
1.0,60,2,56911.742343981,56914.594519001,403.605,403.615
-1.0,300,3,56914.657264691,56914.707797364,403.615,403.595
1.0,100,1,56918.903371779,56918.903371779,403.575,403.585
-1.0,9,1,56919.854666459,56919.854666459,403.575,403.57
1.0,209,5,56919.956800418,56922.026041999,403.57,403.6
-1.0,162,5,56922.836400224,56922.966704741,403.6,403.59
1.0,481,16,56927.722106582,56930.861417455,403.61,403.64
-1.0,211,9,56931.279144761,56933.68016994,403.635,403.595
1.0,248,3,56933.947442468,56933.948668175,403.595,403.615
-1.0,35,2,56933.951657878,56933.957191855,403.64,403.625
1.0,45,1,56934.230624682,56934.230624682,403.615,403.615
-1.0,10,1,56934.413963712,56934.413963712,403.61,403.605
1.0,219,6,56936.144304809,56940.249723071,403.62,403.65
-1.0,137,6,56940.255867765,56941.013633603,403.665,403.635
1.0,30,3,56942.665944139,56942.684310461,403.62,403.635
-1.0,1154,18,56944.197363841,56946.298891288,403.655,403.58
1.0,1196,28,56948.11990482,56951.051336835,403.57,403.63
-1.0,500,3,56951.880321308,56955.664298651,403.625,403.585
1.0,314,2,56956.785969309,56957.160753835,403.58,403.605
-1.0,421,5,56957.17212917,56957.799904081,403.61,403.585
1.0,315,5,56960.09579713,56960.226385782,403.59,403.595
-1.0,5,1,56961.80282377,56961.80282377,403.6,403.595
1.0,18,1,56962.597166339,56962.597166339,403.59,403.59
-1.0,126,3,56962.766071933,56962.766071933,403.595,403.59
1.0,2,1,56964.224626807,56964.224626807,403.585,403.585
-1.0,1,1,56964.939753529,56964.939753529,403.585,403.585
1.0,218,4,56965.764489511,56965.764554762,403.59,403.605
-1.0,2,1,56965.772677459,56965.772677459,403.605,403.605
1.0,308,6,56966.061341334,56966.061393199,403.605,403.615
-1.0,228,9,56966.857267182,56972.218396739,403.62,403.585
1.0,508,4,56972.893939125,56973.070837291,403.58,403.6
-1.0,561,18,56973.247989455,56978.193364076,403.605,403.555
1.0,194,5,56979.497673653,56980.606722594,403.555,403.585
-1.0,92,3,56980.710579649,56980.711927647,403.585,403.58
1.0,136,3,56980.965792436,56980.965792436,403.58,403.58
-1.0,10,2,56981.426606847,56981.426606847,403.575,403.57
1.0,402,8,56982.459908597,56983.084255972,403.56,403.61
-1.0,14,2,56984.651447161,56984.651912657,403.605,403.595
1.0,1,1,56987.029043931,56987.029043931,403.59,403.595
-1.0,223,5,56988.193057213,56988.194100937,403.585,403.57
1.0,50,1,56988.194504762,56988.194504762,403.565,403.57
-1.0,1884,30,56988.196847565,56991.476290794,403.57,403.465
1.0,146,9,56991.540215398,56997.05079472,403.465,403.48
-1.0,518,11,56998.037681914,56998.196321643,403.485,403.45
1.0,55,2,56998.839087637,56999.094552482,403.475,403.48
-1.0,48,2,56999.723835717,56999.723835717,403.48,403.48
1.0,400,11,57000.02059378,57000.025485818,403.47,403.515
-1.0,714,12,57000.031345938,57000.032444162,403.515,403.46
1.0,133,5,57000.042845106,57000.044096424,403.47,403.47
-1.0,310,4,57000.046626645,57000.047657024,403.495,403.485
1.0,97,2,57000.04782876,57000.04782876,403.48,403.48
-1.0,27,4,57000.047877802,57000.049259039,403.5,403.48
1.0,2,1,57000.055390344,57000.055390344,403.465,403.47
-1.0,21,1,57000.055554727,57000.055554727,403.48,403.47
1.0,100,1,57000.055625349,57000.055625349,403.465,403.47
-1.0,30,2,57000.056147006,57000.056581841,403.48,403.47
1.0,210,4,57000.058545422,57000.07567351,403.47,403.51
-1.0,500,4,57000.087631787,57000.097572293,403.525,403.485
1.0,445,9,57000.112730827,57000.272537073,403.455,403.53
-1.0,400,14,57000.472956164,57001.246592213,403.53,403.49
1.0,110,3,57001.247207364,57001.49911568,403.455,403.44
-1.0,400,15,57001.79787254,57001.798975335,403.435,403.395
1.0,409,6,57001.802020667,57001.803134117,403.39,403.415
-1.0,6,1,57001.810523729,57001.810523729,403.4,403.395
1.0,100,1,57001.824091045,57001.824091045,403.39,403.395
-1.0,173,6,57002.284605042,57002.682722066,403.41,403.38
1.0,50,1,57002.683051092,57002.683051092,403.37,403.375
-1.0,2,1,57002.690569264,57002.690569264,403.38,403.375
1.0,921,12,57002.690626479,57002.691193113,403.37,403.385
-1.0,112,4,57002.737111202,57002.739941538,403.375,403.335
1.0,137,4,57002.742105406,57002.742250293,403.315,403.33
-1.0,978,28,57002.742544107,57004.296380965,403.33,403.26
1.0,292,6,57005.598692702,57005.59876809,403.245,403.27
-1.0,104,2,57005.598781587,57005.598781587,403.27,403.255
1.0,75,1,57005.598921457,57005.598921457,403.275,403.28
-1.0,62,3,57005.601150293,57005.792748284,403.29,403.255
1.0,5,1,57005.793130906,57005.793130906,403.26,403.265
-1.0,102,2,57006.255628278,57006.25592837,403.29,403.29
1.0,309,4,57006.531377045,57006.607489804,403.285,403.35
-1.0,2,1,57006.607620946,57006.607620946,403.35,403.345
1.0,2,1,57006.689913196,57006.689913196,403.335,403.34
-1.0,50,1,57007.166461054,57007.166461054,403.35,403.345
1.0,100,1,57007.49475927,57007.49475927,403.345,403.35
-1.0,442,8,57007.690232395,57008.835678478,403.35,403.285
1.0,17,2,57010.017915621,57011.132789199,403.285,403.315
-1.0,200,2,57011.132853801,57011.138459937,403.32,403.315
1.0,2006,5,57011.206596132,57011.206694618,403.315,403.32
-1.0,427,10,57011.207025099,57011.696579815,403.335,403.32
1.0,324,5,57012.166097943,57013.180920813,403.31,403.34
-1.0,16,2,57013.252908855,57013.253719365,403.35,403.34
1.0,21,1,57013.254018907,57013.254018907,403.335,403.335
-1.0,186,2,57013.254197228,57013.254197228,403.335,403.33
1.0,112,4,57013.254253081,57013.256206627,403.33,403.345
-1.0,250,3,57013.257166998,57013.390353263,403.355,403.325
1.0,5,1,57013.86062199,57013.86062199,403.325,403.335
-1.0,104,3,57013.860839157,57013.861198867,403.345,403.33
1.0,144,5,57013.862455519,57013.862782817,403.325,403.33
-1.0,252,4,57013.863035682,57014.056373483,403.34,403.335
1.0,150,3,57014.056550355,57014.056887358,403.33,403.335
-1.0,400,4,57014.057652818,57014.064007249,403.34,403.325
1.0,204,4,57014.064063061,57014.064402861,403.315,403.345
-1.0,203,3,57014.065579405,57014.142245969,403.35,403.35
1.0,242,7,57014.188354184,57014.282033398,403.35,403.34
-1.0,690,11,57014.450496325,57014.926336895,403.345,403.32
1.0,20,1,57015.458657538,57015.458657538,403.32,403.325
-1.0,369,7,57015.467295556,57017.712735428,403.355,403.32
1.0,10,1,57017.759192783,57017.759192783,403.32,403.32
-1.0,501,6,57018.393073897,57018.394321591,403.32,403.3
1.0,100,1,57018.394451264,57018.394451264,403.3,403.305
-1.0,200,2,57018.496652494,57018.605222046,403.305,403.305
1.0,20,1,57018.748664378,57018.748664378,403.31,403.315
-1.0,5,1,57018.854720074,57018.854720074,403.32,403.315
1.0,155,6,57019.453542485,57019.655313141,403.31,403.34
-1.0,310,6,57020.037701709,57021.332784643,403.335,403.31
1.0,105,3,57021.346684482,57021.347354555,403.31,403.315
-1.0,1128,14,57021.348890282,57022.86242326,403.32,403.275
1.0,365,7,57023.2465228,57023.391347697,403.26,403.28
-1.0,769,17,57024.317904335,57024.639645208,403.275,403.25
1.0,35,3,57025.121073377,57025.133886906,403.245,403.245
-1.0,833,13,57025.141703223,57025.536832893,403.25,403.215
1.0,2,1,57025.687251304,57025.687251304,403.21,403.21
-1.0,217,10,57025.742151885,57025.742162084,403.21,403.205
1.0,106,2,57026.490008758,57026.600508505,403.2,403.22
-1.0,100,1,57026.600595048,57026.600595048,403.225,403.215
1.0,53,3,57026.600635364,57026.600674156,403.21,403.225
-1.0,100,2,57027.076603923,57027.384134164,403.23,403.225
1.0,375,7,57027.478418359,57028.058702483,403.22,403.255
-1.0,118,4,57028.094914538,57029.079742285,403.26,403.23
1.0,1,1,57029.151688542,57029.151688542,403.23,403.23
-1.0,151,4,57029.504947253,57029.664457262,403.235,403.23
1.0,159,3,57030.694122562,57030.695355713,403.23,403.245
-1.0,127,2,57031.121947729,57031.123828031,403.265,403.255
1.0,100,2,57031.422257336,57031.422305878,403.26,403.265
-1.0,100,1,57031.422546366,57031.422546366,403.275,403.265
1.0,880,24,57031.429000038,57033.492630276,403.255,403.325
-1.0,403,6,57033.697239887,57033.809167636,403.31,403.275
1.0,210,5,57034.239691356,57034.239731278,403.28,403.29
-1.0,53,1,57034.388045575,57034.388045575,403.305,403.295
1.0,152,6,57034.703661139,57035.875419016,403.29,403.325
-1.0,94,2,57037.018333858,57037.249768654,403.33,403.325
1.0,568,7,57037.251009038,57037.251620133,403.325,403.34
-1.0,100,3,57037.251652469,57037.251688274,403.355,403.345
1.0,100,1,57037.251939289,57037.251939289,403.335,403.335
-1.0,3,1,57037.252908693,57037.252908693,403.35,403.345
1.0,150,2,57037.252913508,57037.252913508,403.345,403.35
-1.0,189,8,57037.253001454,57037.410264497,403.355,403.32
1.0,31,2,57037.674393933,57037.934238273,403.32,403.325
-1.0,50,1,57037.934487904,57037.934487904,403.325,403.32
1.0,29,1,57037.9345566,57037.9345566,403.32,403.33
-1.0,105,3,57038.148781473,57038.148783887,403.325,403.32
1.0,100,1,57038.14906281,57038.14906281,403.305,403.305
-1.0,79,5,57038.149414485,57039.728485809,403.305,403.33
1.0,160,1,57040.533051712,57040.533051712,403.34,403.35
-1.0,110,3,57040.53462585,57041.985013256,403.365,403.325
1.0,100,1,57041.985143097,57041.985143097,403.31,403.32
-1.0,200,2,57041.985423435,57041.985709055,403.315,403.315
1.0,14,2,57042.156792809,57043.694347333,403.305,403.33
-1.0,175,6,57043.797159543,57045.912586381,403.345,403.355
1.0,140,6,57047.5415452,57047.871613973,403.36,403.395
-1.0,244,9,57047.936529563,57050.045846292,403.415,403.39
1.0,100,2,57050.046462091,57050.047466487,403.375,403.38
-1.0,100,1,57051.071483629,57051.071483629,403.385,403.38
1.0,16,1,57051.105031049,57051.105031049,403.38,403.38
-1.0,200,2,57051.105111535,57051.183050332,403.385,403.38
1.0,14,1,57051.183055799,57051.183055799,403.38,403.39
-1.0,745,11,57052.13760193,57055.055665156,403.405,403.365
1.0,1,1,57055.854803523,57055.854803523,403.395,403.4
-1.0,2,1,57056.144212157,57056.144212157,403.4,403.395
1.0,2,1,57056.160229385,57056.160229385,403.385,403.39
-1.0,238,3,57056.160252217,57056.406512101,403.405,403.385
1.0,158,6,57056.406738728,57057.530436915,403.385,403.405
-1.0,150,4,57057.540324363,57057.542396356,403.4,403.395
1.0,100,2,57058.046229287,57058.046257914,403.41,403.415
-1.0,924,5,57058.179925468,57059.754418484,403.415,403.4
1.0,4,1,57059.922944005,57059.922944005,403.4,403.4
-1.0,630,19,57059.923629925,57060.024935149,403.405,403.365
1.0,119,3,57060.10253432,57060.931765758,403.355,403.4
-1.0,250,3,57060.932201403,57061.074449167,403.415,403.4
1.0,77,1,57061.074977741,57061.074977741,403.385,403.385
-1.0,354,5,57061.390788874,57061.69218529,403.395,403.375
1.0,424,7,57061.692478487,57068.382353205,403.36,403.42
-1.0,201,5,57068.51470058,57068.51511991,403.415,403.405
1.0,350,4,57068.554157953,57068.733295808,403.405,403.415
-1.0,23,1,57068.733910133,57068.733910133,403.425,403.425
1.0,47,2,57068.734443412,57068.734443412,403.415,403.415
-1.0,200,3,57069.338888096,57070.354926198,403.42,403.435
1.0,10,1,57070.742605773,57070.742605773,403.43,403.435
-1.0,519,15,57071.136677965,57072.718105298,403.43,403.37
1.0,99,1,57075.386271462,57075.386271462,403.37,403.37
-1.0,169,6,57076.713343006,57076.972139509,403.39,403.34
1.0,100,1,57077.752137502,57077.752137502,403.335,403.34
-1.0,100,1,57077.752479299,57077.752479299,403.355,403.35
1.0,156,4,57077.753453081,57077.75457107,403.35,403.37
-1.0,355,8,57077.754578111,57077.755095325,403.37,403.35
1.0,142,4,57077.755854222,57077.756514545,403.34,403.355
-1.0,167,3,57078.305056513,57078.847132933,403.37,403.345
1.0,150,3,57078.955716115,57081.157831756,403.34,403.345
-1.0,361,7,57081.411310953,57083.233009586,403.355,403.34
1.0,150,4,57083.233040991,57084.069290024,403.34,403.34
-1.0,15,1,57084.37698395,57084.37698395,403.335,403.335
1.0,50,1,57084.376988073,57084.376988073,403.335,403.34
-1.0,125,2,57084.377009446,57084.377009446,403.34,403.335
1.0,250,3,57084.377154156,57084.92293498,403.325,403.34
-1.0,100,1,57084.923011818,57084.923011818,403.355,403.345
1.0,364,4,57084.92406639,57084.92406639,403.345,403.35
-1.0,100,1,57084.924495261,57084.924495261,403.365,403.355
1.0,51,2,57084.925178779,57084.925178779,403.355,403.36
-1.0,208,6,57084.925327852,57085.481248308,403.37,403.355
1.0,100,1,57085.481320311,57085.481320311,403.35,403.355
-1.0,111,4,57086.224209699,57086.228692017,403.335,403.32
1.0,83,8,57086.868635578,57088.289674353,403.345,403.37
-1.0,150,3,57088.341235212,57088.362678377,403.37,403.36
1.0,105,3,57088.362705388,57088.520242623,403.36,403.39
-1.0,122,2,57088.847666824,57089.099015314,403.39,403.385
1.0,10,1,57090.080064386,57090.080064386,403.38,403.385
-1.0,5,2,57091.03201468,57091.03201468,403.39,403.385
1.0,11,1,57091.751142783,57091.751142783,403.385,403.39
-1.0,141,7,57092.351644153,57092.842033503,403.39,403.375
1.0,262,6,57092.903638818,57094.306938631,403.375,403.405
-1.0,172,4,57094.307660777,57094.323137867,403.415,403.38
1.0,112,4,57094.752360651,57094.753896378,403.38,403.385
-1.0,5,1,57098.333253982,57098.333253982,403.37,403.365
1.0,50,1,57098.335766141,57098.335766141,403.355,403.36
-1.0,381,11,57098.336072205,57098.83908974,403.355,403.325
1.0,100,1,57098.839184478,57098.839184478,403.315,403.325
-1.0,757,15,57099.094806428,57099.103696958,403.32,403.29
1.0,150,2,57099.113869525,57099.113869525,403.29,403.295
-1.0,243,7,57099.498452176,57099.721880983,403.28,403.255
1.0,50,1,57099.722449153,57099.722449153,403.255,403.26
-1.0,100,1,57099.722689408,57099.722689408,403.255,403.25
1.0,4,2,57099.722721492,57099.722721492,403.25,403.25
-1.0,100,1,57100.026069768,57100.026069768,403.27,403.265
1.0,83,2,57100.035682251,57100.035925454,403.245,403.25
-1.0,410,6,57100.035931424,57100.220008017,403.25,403.22
1.0,90,2,57100.222043269,57100.49281993,403.205,403.23
-1.0,350,4,57100.843135259,57101.544016686,403.22,403.225
1.0,133,6,57101.843959433,57101.979602295,403.22,403.23
-1.0,236,3,57102.226957107,57102.58317869,403.235,403.24
1.0,150,2,57102.583275122,57102.583365773,403.225,403.24
-1.0,449,7,57102.58356525,57103.370825545,403.24,403.21
1.0,210,9,57103.370844506,57106.737004077,403.21,403.265
-1.0,306,6,57106.773251136,57111.234304909,403.27,403.23
1.0,544,16,57112.603156855,57113.309371034,403.23,403.305
-1.0,120,2,57113.313164714,57113.313203954,403.315,403.31
1.0,20,4,57113.488226119,57113.604766737,403.315,403.335
-1.0,214,5,57113.734066227,57114.273455795,403.355,403.3
1.0,17,2,57115.005530269,57115.017340331,403.32,403.335
-1.0,137,3,57115.412686329,57116.626771345,403.36,403.345
1.0,50,2,57116.631496239,57116.639602613,403.335,403.345
-1.0,31,4,57117.813188642,57117.927438169,403.35,403.34
1.0,312,6,57118.562916619,57119.276868414,403.34,403.38
-1.0,200,2,57120.038406927,57120.038587907,403.38,403.35
1.0,100,1,57120.038832254,57120.038832254,403.35,403.35
-1.0,480,9,57120.057631343,57120.05763776,403.36,403.345
1.0,100,1,57120.058110885,57120.058110885,403.32,403.325
-1.0,100,1,57120.058192792,57120.058192792,403.33,403.325
1.0,100,2,57120.058372702,57120.058372702,403.325,403.325
-1.0,300,3,57120.059077139,57120.060220948,403.34,403.315
1.0,100,2,57120.06060007,57120.06060007,403.315,403.315
-1.0,173,3,57120.062258868,57120.062258868,403.305,403.3
1.0,20,2,57120.062303268,57120.062303268,403.3,403.315
-1.0,1650,26,57120.064718725,57125.008252808,403.315,403.29
1.0,2,1,57125.042290286,57125.042290286,403.28,403.29
-1.0,2,1,57125.052064204,57125.052064204,403.3,403.295
1.0,13,1,57125.710886922,57125.710886922,403.275,403.275
-1.0,529,10,57126.405576096,57130.048061942,403.285,403.305
1.0,50,1,57132.678092519,57132.678092519,403.33,403.335
-1.0,4,1,57132.678134666,57132.678134666,403.34,403.335
1.0,144,5,57132.679608593,57132.681109958,403.345,403.355
-1.0,24,2,57132.682154071,57132.682154071,403.355,403.355
1.0,127,4,57132.68227083,57132.68227083,403.355,403.365
-1.0,7,2,57132.682285389,57132.683775107,403.365,403.36
1.0,236,4,57132.683927441,57132.683937339,403.365,403.375
-1.0,22,2,57132.684512301,57132.884231299,403.38,403.36
1.0,502,15,57133.390945863,57137.056890817,403.355,403.42
-1.0,5,1,57137.238075215,57137.238075215,403.415,403.41
1.0,13,1,57138.211235299,57138.211235299,403.41,403.41
-1.0,1218,10,57138.672658644,57139.095440217,403.41,403.36
1.0,251,5,57139.097356038,57139.616098873,403.35,403.385
-1.0,247,8,57139.768947607,57140.633632131,403.395,403.345
1.0,50,2,57140.634339993,57140.634366682,403.33,403.335
-1.0,43,2,57140.859155871,57143.197153677,403.355,403.375
1.0,179,5,57143.19838545,57146.329403168,403.36,403.41
-1.0,412,6,57146.469698098,57146.474102676,403.42,403.39
1.0,1,1,57146.561563956,57146.561563956,403.37,403.38
-1.0,351,8,57146.595103104,57146.702651444,403.375,403.345
1.0,50,1,57146.703312729,57146.703312729,403.34,403.345
-1.0,165,9,57148.330086474,57149.56003039,403.34,403.345
1.0,100,1,57149.560963019,57149.560963019,403.33,403.34
-1.0,99,2,57149.562135864,57150.249013374,403.345,403.345
1.0,50,1,57150.249362172,57150.249362172,403.335,403.34
-1.0,1370,23,57151.392602475,57153.276588524,403.33,403.235
1.0,102,4,57153.720145526,57155.267917929,403.24,403.245
-1.0,167,5,57155.791617522,57155.815597224,403.24,403.235
1.0,150,3,57157.168967611,57157.168994523,403.235,403.245
-1.0,47,2,57157.169168754,57157.169197835,403.245,403.245
1.0,223,6,57157.227658181,57157.249799462,403.24,403.245
-1.0,1012,31,57157.276335514,57159.204503883,403.245,403.16
1.0,214,6,57159.422312972,57159.901620193,403.165,403.185
-1.0,1272,17,57160.002247364,57160.15103644,403.195,403.145
1.0,100,1,57160.2624223,57160.2624223,403.135,403.14
-1.0,136,9,57160.267526211,57161.277481738,403.155,403.095
1.0,196,4,57163.108696707,57164.502666191,403.105,403.135
-1.0,2,1,57164.510563652,57164.510563652,403.14,403.135
1.0,2,1,57165.216165356,57165.216165356,403.125,403.135
-1.0,380,11,57166.511262218,57167.266891785,403.13,403.08
1.0,101,2,57168.98990184,57168.98990184,403.075,403.08
-1.0,229,6,57169.002897561,57169.632749796,403.1,403.055
1.0,1,1,57169.641807111,57169.641807111,403.055,403.055
-1.0,100,1,57169.786693483,57169.786693483,403.065,403.06
1.0,100,1,57170.617390959,57170.617390959,403.065,403.07
-1.0,100,3,57170.760286927,57170.770456756,403.075,403.07
1.0,465,10,57170.995011684,57171.669935514,403.085,403.11
-1.0,7,2,57172.236156145,57173.948498306,403.12,403.1
1.0,372,8,57173.958147683,57175.305108324,403.1,403.125
-1.0,342,3,57177.013740467,57177.013740467,403.125,403.11
1.0,448,12,57177.435277348,57178.692254795,403.115,403.15
-1.0,961,19,57179.424438866,57181.843610102,403.15,403.07
1.0,100,2,57182.785677636,57182.785862141,403.08,403.085
-1.0,100,1,57182.901250134,57182.901250134,403.095,403.09
1.0,100,1,57182.901310396,57182.901310396,403.075,403.085
-1.0,115,4,57182.904087118,57184.999802909,403.085,403.075
1.0,100,1,57185.969198803,57185.969198803,403.065,403.075
-1.0,100,1,57185.969258506,57185.969258506,403.08,403.075
1.0,317,13,57187.511850139,57187.534330895,403.09,403.105
-1.0,986,29,57188.262161105,57190.350595734,403.1,403.015
1.0,1,1,57190.351135484,57190.351135484,403.005,403.01
-1.0,199,2,57190.351193015,57190.35124035,403.015,403.01
1.0,100,1,57190.351461404,57190.351461404,403.005,403.01
-1.0,5808,128,57190.36369306,57190.364746015,403.01,402.99
1.0,66,3,57190.365803523,57190.366297301,402.995,403.005
-1.0,100,1,57190.366970563,57190.366970563,403.005,403.0
1.0,103,3,57190.366977976,57190.368047697,403.0,403.005
-1.0,265,7,57190.369028631,57190.689471029,403.0,402.975
1.0,100,1,57190.689757449,57190.689757449,402.96,402.97
-1.0,134,3,57190.691369933,57190.699194037,402.985,402.975
1.0,143,3,57190.699738306,57190.700161827,402.955,402.965
-1.0,537,9,57190.799726496,57191.004734709,402.98,402.955
1.0,473,7,57191.013567761,57191.015428478,402.95,402.995
-1.0,100,1,57191.015480427,57191.015480427,403.005,402.995
1.0,50,2,57191.339636934,57191.339670675,402.99,402.995
-1.0,17,1,57191.837442348,57191.837442348,402.995,402.995
1.0,371,7,57191.838598417,57191.838657819,402.99,403.005
-1.0,450,14,57192.788218631,57193.285437904,403.005,403.01
1.0,100,2,57193.285464987,57193.285498513,403.0,403.005
-1.0,721,18,57193.392257751,57194.620567242,403.02,403.005
1.0,596,13,57195.083952691,57195.837530789,403.02,403.07
-1.0,32,3,57195.849605311,57196.51032169,403.085,403.065
1.0,350,8,57196.605256286,57197.269307475,403.05,403.085
-1.0,162,5,57198.022512162,57199.881961666,403.065,403.045
1.0,160,3,57199.882088425,57199.882245439,403.045,403.055
-1.0,73,2,57199.884177172,57199.884177172,403.07,403.07
1.0,179,8,57200.295548779,57202.477852282,403.07,403.11
-1.0,346,6,57204.454127276,57204.557580738,403.15,403.11
1.0,303,9,57206.387189393,57209.663138327,403.165,403.25
-1.0,608,13,57210.07922719,57215.300399332,403.3,403.2
1.0,132,1,57217.584169051,57217.584169051,403.2,403.21
-1.0,190,3,57217.599710405,57218.261523349,403.225,403.205
1.0,100,2,57218.612886704,57218.612915555,403.21,403.215
-1.0,1412,35,57219.749395924,57220.026978587,403.21,403.205
1.0,370,7,57220.027100779,57221.510987005,403.205,403.225
-1.0,200,2,57221.51146426,57221.51146426,403.23,403.225
1.0,113,9,57221.760753422,57222.105676336,403.23,403.24
-1.0,12,2,57222.302167975,57222.737995694,403.245,403.225
1.0,2,1,57222.825043531,57222.825043531,403.22,403.23
-1.0,201,4,57223.742676724,57224.432861693,403.23,403.24
1.0,532,19,57224.917585539,57229.794060481,403.245,403.305
-1.0,740,18,57229.951666476,57230.277592701,403.305,403.225
1.0,544,3,57231.223743706,57231.223743706,403.24,403.25
-1.0,186,7,57231.231806207,57232.629715271,403.275,403.245
1.0,1,1,57234.177012996,57234.177012996,403.235,403.245
-1.0,908,8,57235.147339501,57235.33926851,403.25,403.215
1.0,394,6,57236.532700785,57236.810869296,403.21,403.24
-1.0,1359,25,57236.970445965,57240.038825912,403.25,403.23
1.0,18,2,57240.126528687,57240.126528687,403.24,403.245
-1.0,103,3,57240.254854203,57241.177515457,403.245,403.24
1.0,483,12,57241.193271584,57241.631724951,403.245,403.29
-1.0,2,1,57241.722706081,57241.722706081,403.315,403.315
1.0,67,1,57241.903899986,57241.903899986,403.3,403.31
-1.0,2,1,57243.036887033,57243.036887033,403.32,403.315
1.0,7,3,57245.236900017,57245.236900017,403.32,403.325
-1.0,7,1,57247.359869531,57247.359869531,403.33,403.325
1.0,670,19,57248.771254475,57250.686569434,403.32,403.39
-1.0,737,21,57250.762963649,57252.550445293,403.425,403.345
1.0,418,10,57252.911751967,57253.888355552,403.345,403.445
-1.0,194,4,57253.888646158,57253.888735103,403.455,403.435
1.0,556,8,57253.889551939,57253.890210532,403.42,403.45
-1.0,310,4,57253.892150608,57255.10526865,403.44,403.38
1.0,422,11,57255.105747322,57260.150416048,403.375,403.445
-1.0,100,1,57260.150562084,57260.150562084,403.445,403.44
1.0,8,1,57260.287995903,57260.287995903,403.44,403.445
-1.0,320,8,57260.290857067,57262.926609153,403.465,403.415
1.0,111,3,57262.926730921,57265.239894898,403.41,403.44
-1.0,712,21,57267.421164015,57270.017969106,403.45,403.43
1.0,887,13,57270.055695252,57270.055907447,403.45,403.475
-1.0,100,1,57270.056088921,57270.056088921,403.48,403.48
1.0,2002,19,57270.056118795,57270.057794594,403.48,403.535
-1.0,109,2,57270.058034939,57270.058034939,403.53,403.53
1.0,700,7,57270.058281676,57270.059627701,403.535,403.54
-1.0,443,9,57270.062573352,57270.077670822,403.545,403.5
1.0,413,10,57270.216434789,57272.542631645,403.485,403.56
-1.0,21,1,57272.557874888,57272.557874888,403.57,403.56
1.0,227,4,57273.048989729,57273.051272223,403.55,403.575
-1.0,440,7,57273.900798785,57274.27235741,403.57,403.555
1.0,100,1,57274.272755612,57274.272755612,403.54,403.54
-1.0,366,10,57275.812598583,57276.771113145,403.565,403.52
1.0,100,1,57276.771630275,57276.771630275,403.515,403.52
-1.0,200,3,57277.817387599,57278.248053863,403.545,403.53
1.0,5,1,57278.921195099,57278.921195099,403.52,403.53
-1.0,595,9,57279.804815891,57279.805694547,403.555,403.53
1.0,700,11,57279.806092132,57279.809310422,403.525,403.56
-1.0,910,13,57279.809780634,57280.033825463,403.57,403.52
1.0,735,10,57280.048223431,57280.048256709,403.53,403.55
-1.0,100,1,57280.048556469,57280.048556469,403.55,403.55
1.0,200,3,57280.049071135,57280.056353658,403.535,403.57
-1.0,2,1,57280.060615745,57280.060615745,403.58,403.565
1.0,102,2,57280.060686264,57280.060686264,403.535,403.56
-1.0,710,11,57280.378407535,57281.001468681,403.54,403.53
1.0,600,7,57281.250626899,57281.254277706,403.54,403.57
-1.0,141,3,57281.254430816,57281.254430816,403.575,403.57
1.0,72,1,57281.254595736,57281.254595736,403.565,403.565
-1.0,93,2,57281.254894437,57281.254901781,403.565,403.56
1.0,815,11,57281.255360087,57281.258348774,403.55,403.58
-1.0,17,1,57281.258855337,57281.258855337,403.585,403.585
1.0,157,3,57281.259000159,57281.259000159,403.585,403.59
-1.0,176,3,57281.259058093,57281.259058093,403.595,403.595
1.0,126,2,57281.260175039,57281.260435529,403.58,403.59
-1.0,260,5,57281.391878143,57281.80898949,403.595,403.58
1.0,601,9,57282.151375961,57282.155161798,403.56,403.605
-1.0,10,1,57282.261307105,57282.261307105,403.615,403.61
1.0,2,1,57282.875072609,57282.875072609,403.6,403.6
-1.0,100,1,57283.038458519,57283.038458519,403.605,403.6
1.0,203,5,57284.963565731,57285.248880312,403.595,403.58
-1.0,3,1,57285.249016818,57285.249016818,403.595,403.58
1.0,200,2,57285.250640333,57285.250640333,403.58,403.585
-1.0,3035,45,57286.626115798,57287.930452718,403.575,403.56
1.0,100,1,57288.007859223,57288.007859223,403.56,403.56
-1.0,413,14,57289.246907919,57289.49716066,403.56,403.535
1.0,279,6,57289.876902137,57290.027105554,403.535,403.58
-1.0,50,1,57290.028400474,57290.028400474,403.59,403.59
1.0,100,1,57290.044023696,57290.044023696,403.59,403.6
-1.0,2496,60,57290.084146533,57290.095696957,403.59,403.47
1.0,63,2,57290.129136276,57290.129207382,403.49,403.535
-1.0,200,2,57290.130539172,57290.16249444,403.54,403.53
1.0,11,1,57290.180163223,57290.180163223,403.515,403.515
-1.0,250,3,57290.180312081,57290.282834869,403.525,403.515
1.0,467,12,57290.30763857,57290.308610068,403.515,403.55
-1.0,300,4,57290.317373893,57290.317485489,403.545,403.52
1.0,50,3,57290.408000152,57290.408044583,403.51,403.52
-1.0,753,14,57290.677821597,57291.002030678,403.54,403.49
1.0,100,2,57291.002718728,57291.002832639,403.495,403.51
-1.0,300,3,57291.002906842,57291.002906842,403.515,403.505
1.0,150,2,57291.002921571,57291.002921571,403.505,403.51
-1.0,220,4,57291.002943289,57291.127718931,403.515,403.485
1.0,100,2,57291.127971203,57291.128021542,403.475,403.485
-1.0,2053,23,57292.046065863,57292.195199478,403.45,403.405
1.0,2,1,57292.747774257,57292.747774257,403.395,403.4
-1.0,310,4,57293.141508912,57293.143005626,403.405,403.39
1.0,14,1,57293.148070252,57293.148070252,403.385,403.385
-1.0,45,1,57293.506257869,57293.506257869,403.415,403.41
1.0,100,2,57293.773136666,57293.773180268,403.41,403.415
-1.0,1464,20,57293.939115058,57297.287100859,403.425,403.375
1.0,377,5,57297.400278417,57297.428967421,403.4,403.415
-1.0,559,12,57298.203678255,57299.421372574,403.41,403.385
1.0,300,3,57299.421396616,57299.426713892,403.37,403.385
-1.0,607,13,57299.451104568,57299.463229275,403.4,403.355
1.0,18,1,57299.463289751,57299.463289751,403.345,403.36
-1.0,3,1,57299.463719326,57299.463719326,403.355,403.355
1.0,50,1,57299.46409157,57299.46409157,403.35,403.355
-1.0,537,11,57299.464271902,57299.469915097,403.365,403.345
1.0,82,2,57299.470004967,57299.470030671,403.33,403.345
-1.0,200,2,57299.470117208,57299.470117208,403.34,403.335
1.0,12,2,57299.470325295,57299.470325295,403.335,403.335
-1.0,322,5,57299.471221361,57299.664303897,403.35,403.34
1.0,3021,50,57299.739037771,57300.074781139,403.33,403.66
-1.0,48,1,57300.076607252,57300.076607252,403.705,403.705
1.0,350,6,57300.078701484,57300.086134635,403.71,403.75
-1.0,230,3,57300.086467915,57300.086467915,403.73,403.705
1.0,47,2,57300.0865011,57300.0865011,403.695,403.73
-1.0,120,1,57300.086527469,57300.086527469,403.73,403.705
1.0,256,4,57300.086530631,57300.086555376,403.67,403.73
-1.0,153,2,57300.086595779,57300.086917619,403.73,403.71
1.0,129,2,57300.087154259,57300.087154259,403.71,403.72
-1.0,275,4,57300.087765594,57300.087765594,403.725,403.705
1.0,120,2,57300.088163737,57300.089268291,403.72,403.725
-1.0,581,9,57300.08942631,57300.090103196,403.725,403.695
1.0,200,7,57300.090288508,57300.100931641,403.69,403.805
-1.0,200,3,57300.104038277,57300.107155056,403.805,403.8
1.0,33,1,57300.107197442,57300.107197442,403.8,403.8
-1.0,270,4,57300.107475844,57300.107875501,403.8,403.77
1.0,429,10,57300.108246261,57300.194876787,403.77,403.79
-1.0,150,4,57300.195063271,57300.195446384,403.79,403.78
1.0,26,3,57300.19547556,57300.195492052,403.735,403.76
-1.0,150,2,57300.195502649,57300.195502649,403.76,403.755
1.0,650,5,57300.198112922,57300.21904806,403.76,403.77
-1.0,100,2,57300.26291038,57300.262945322,403.77,403.75
1.0,102,2,57300.268021239,57300.274673799,403.74,403.745
-1.0,2,1,57300.288016808,57300.288016808,403.77,403.75
1.0,100,1,57300.310738844,57300.310738844,403.745,403.75
-1.0,116,3,57300.449168955,57300.449316775,403.77,403.745
1.0,200,3,57300.449320529,57300.449343109,403.745,403.755
-1.0,114,3,57300.44940463,57300.44940952,403.76,403.745
1.0,2,1,57300.449484136,57300.449484136,403.745,403.75
-1.0,14,1,57300.449520179,57300.449520179,403.75,403.75
1.0,50,1,57300.44956945,57300.44956945,403.74,403.75
-1.0,2,1,57300.449586907,57300.449586907,403.75,403.735
1.0,570,7,57300.450329269,57300.648063792,403.74,403.805
-1.0,528,9,57300.648651842,57300.648996004,403.81,403.785
1.0,314,4,57300.649073313,57300.649073313,403.785,403.8
-1.0,271,8,57300.649083456,57300.649207476,403.8,403.795
1.0,9,2,57300.649364012,57300.649379781,403.795,403.795
-1.0,115,2,57300.693453143,57300.693453143,403.78,403.775
1.0,100,1,57300.693508256,57300.693508256,403.755,403.775
-1.0,25,2,57300.693530492,57300.693530492,403.775,403.77
1.0,100,2,57300.693580942,57300.693596503,403.755,403.775
-1.0,214,3,57300.693596503,57300.694291812,403.775,403.765
1.0,91,1,57300.696117714,57300.696117714,403.77,403.775
-1.0,296,8,57300.76601778,57300.76782998,403.78,403.745
1.0,286,10,57300.768270992,57301.020677429,403.725,403.76
-1.0,67,2,57301.046722192,57301.046722192,403.745,403.735
1.0,116,5,57301.047612565,57301.047663778,403.725,403.725
-1.0,180,2,57301.065935187,57301.065935187,403.725,403.715
1.0,320,9,57301.065979525,57301.066169683,403.69,403.715
-1.0,213,3,57301.066464695,57301.066728395,403.72,403.705
1.0,150,2,57301.0670297,57301.0670297,403.705,403.71
-1.0,281,7,57301.07097045,57301.190139687,403.72,403.705
1.0,100,1,57301.231491393,57301.231491393,403.68,403.685
-1.0,300,5,57301.235527294,57301.357911461,403.71,403.695
1.0,50,1,57301.418626771,57301.418626771,403.695,403.7
-1.0,566,11,57301.42093327,57301.43887496,403.705,403.655
1.0,50,1,57301.439614008,57301.439614008,403.645,403.65
-1.0,51,1,57301.440026924,57301.440026924,403.67,403.67
1.0,110,4,57301.441189216,57301.44146576,403.665,403.67
-1.0,351,4,57301.442072282,57301.447067411,403.67,403.66
1.0,202,2,57301.451200181,57301.451200181,403.655,403.675
-1.0,45,1,57301.454092952,57301.454092952,403.685,403.675
1.0,55,1,57301.454114908,57301.454114908,403.65,403.675
-1.0,290,5,57301.529661264,57301.561964297,403.695,403.675
1.0,10,1,57301.649876681,57301.649876681,403.66,403.665
-1.0,53,2,57301.767188746,57301.815972652,403.68,403.645
1.0,5,2,57301.816312336,57301.816312336,403.635,403.64
-1.0,324,6,57302.071001501,57302.072815333,403.69,403.62
1.0,132,2,57302.072901479,57302.072989822,403.615,403.615
-1.0,600,11,57302.133379165,57303.13749498,403.63,403.62
1.0,60,3,57303.13784311,57303.137864353,403.605,403.615
-1.0,136,3,57303.144493507,57303.144518389,403.62,403.61
1.0,100,1,57303.275978148,57303.275978148,403.605,403.61
-1.0,1212,19,57303.279620665,57303.516506603,403.605,403.57
1.0,159,4,57303.698197642,57303.720610738,403.57,403.585
-1.0,1953,27,57303.722010686,57304.595403223,403.585,403.475
1.0,160,3,57304.609382671,57304.609413179,403.47,403.495
-1.0,16,1,57304.60989003,57304.60989003,403.52,403.52
1.0,400,5,57304.612070603,57304.61346657,403.525,403.535
-1.0,345,6,57304.708110093,57304.837522717,403.575,403.535
1.0,160,3,57304.878324734,57304.970600215,403.525,403.535
-1.0,1263,11,57304.970634869,57305.036949872,403.555,403.51
1.0,10,1,57305.037058663,57305.037058663,403.495,403.505
-1.0,384,6,57305.037109466,57305.089266334,403.515,403.47
1.0,100,1,57305.156029876,57305.156029876,403.485,403.49
-1.0,100,1,57305.15609604,57305.15609604,403.515,403.495
1.0,100,1,57305.157029009,57305.157029009,403.495,403.495
-1.0,404,8,57305.398321659,57306.004221674,403.53,403.47
1.0,160,3,57306.045060066,57306.045800602,403.44,403.455
-1.0,4,1,57306.045860606,57306.045860606,403.48,403.47
1.0,14,1,57306.29893997,57306.29893997,403.46,403.46
-1.0,257,7,57306.401765687,57306.625874377,403.475,403.435
1.0,200,2,57306.841293472,57306.850394323,403.435,403.44
-1.0,113,2,57306.852867962,57306.852867962,403.445,403.44
1.0,445,1,57306.853101034,57306.853101034,403.42,403.42
-1.0,1845,36,57307.006642035,57308.042668893,403.43,403.32
1.0,250,3,57308.084630458,57308.084639313,403.34,403.345
-1.0,14,1,57308.100561428,57308.100561428,403.375,403.375
1.0,50,2,57308.846358102,57308.846378892,403.38,403.385
-1.0,1346,26,57308.899787914,57309.75486832,403.39,403.28
1.0,54,2,57309.755192223,57309.755291926,403.255,403.27
-1.0,75,1,57309.755293049,57309.755293049,403.27,403.27
1.0,50,1,57309.755393791,57309.755393791,403.27,403.285
-1.0,20,1,57309.755990334,57309.755990334,403.285,403.285
1.0,425,9,57309.760411534,57311.092604932,403.275,403.325
-1.0,129,3,57311.310850142,57311.310850142,403.32,403.32
1.0,140,3,57311.31090843,57312.149516141,403.305,403.345
-1.0,62,2,57312.225404236,57312.225404236,403.355,403.355
1.0,372,13,57312.528503039,57312.537035184,403.365,403.39
-1.0,5,1,57312.731810232,57312.731810232,403.385,403.365
1.0,2014,23,57313.011504061,57314.252428378,403.375,403.495
-1.0,566,11,57314.563798937,57314.563909482,403.505,403.465
1.0,100,1,57314.563920475,57314.563920475,403.465,403.465
-1.0,893,18,57314.563941454,57316.468338441,403.465,403.38
1.0,25,1,57316.545976308,57316.545976308,403.385,403.385
-1.0,230,13,57316.581218553,57316.58154151,403.4,403.36
1.0,14,1,57316.581608923,57316.581608923,403.355,403.355
-1.0,95,4,57317.016926688,57317.292150378,403.395,403.375
1.0,98,5,57317.944877783,57318.055422053,403.355,403.385
-1.0,40,2,57318.071326528,57318.072675175,403.395,403.385
1.0,5,1,57318.595785035,57318.595785035,403.365,403.385
-1.0,42,3,57318.685127055,57318.716097017,403.39,403.385
1.0,30,3,57318.818661621,57319.026991361,403.375,403.385
-1.0,820,11,57319.127665296,57319.800966926,403.395,403.36
1.0,149,5,57320.020359059,57320.31046128,403.37,403.41
-1.0,308,6,57320.771108571,57321.053598919,403.42,403.395
1.0,4,1,57321.220420569,57321.220420569,403.4,403.4
-1.0,76,1,57321.422874639,57321.422874639,403.415,403.405
1.0,794,6,57321.674388935,57321.692457377,403.395,403.435
-1.0,40,1,57321.693082578,57321.693082578,403.425,403.41
1.0,160,2,57321.69350282,57321.69350282,403.4,403.405
-1.0,650,3,57321.694188994,57321.694311689,403.41,403.395
1.0,110,2,57321.694510424,57321.694510424,403.39,403.395
-1.0,11,2,57321.695929656,57321.721470929,403.42,403.41
1.0,1745,11,57322.031188967,57322.324958677,403.405,403.48
-1.0,122,6,57322.428036962,57322.428104723,403.495,403.46
1.0,850,6,57322.619645523,57322.768474451,403.45,403.455
-1.0,134,5,57323.983393057,57324.283375853,403.455,403.425
1.0,100,1,57324.283455886,57324.283455886,403.41,403.41
-1.0,13,2,57324.636021547,57324.636021547,403.425,403.415
1.0,150,2,57324.640293192,57324.640293192,403.4,403.41
-1.0,39,4,57325.459362083,57325.459362083,403.41,403.405
1.0,10,1,57325.46075516,57325.46075516,403.395,403.395
-1.0,22,2,57326.30564603,57326.30564603,403.43,403.42
1.0,101,2,57326.645238218,57326.645238218,403.435,403.44
-1.0,428,8,57327.909774208,57328.432468462,403.465,403.45
1.0,204,4,57328.432482323,57328.433579129,403.45,403.46
-1.0,120,1,57328.43416932,57328.43416932,403.465,403.465
1.0,964,14,57329.217817411,57329.234558603,403.465,403.505
-1.0,636,19,57330.703505891,57331.166169223,403.51,403.47
1.0,5,1,57331.83724274,57331.83724274,403.475,403.485
-1.0,342,6,57331.837527242,57331.838313581,403.485,403.47
1.0,2,1,57332.194179313,57332.194179313,403.47,403.48
-1.0,750,12,57332.275229556,57333.21134241,403.49,403.465
1.0,10,1,57333.940617344,57333.940617344,403.45,403.45
-1.0,812,23,57333.972996736,57336.29908151,403.455,403.415
1.0,481,7,57337.122045376,57337.132434302,403.43,403.46
-1.0,749,11,57337.423645593,57338.355078186,403.465,403.435
1.0,333,5,57338.870646082,57338.871296435,403.445,403.47
-1.0,160,4,57339.269256624,57339.269281652,403.465,403.46
1.0,28,1,57339.269308412,57339.269308412,403.455,403.455
-1.0,100,1,57339.269338913,57339.269338913,403.455,403.455
1.0,172,2,57339.269341333,57339.269341333,403.455,403.46
-1.0,1126,32,57339.295561926,57342.276364224,403.46,403.37
1.0,60,1,57342.284895062,57342.284895062,403.37,403.37
-1.0,24,1,57342.950436313,57342.950436313,403.38,403.375
1.0,156,4,57343.022535272,57343.023568159,403.375,403.4
-1.0,382,5,57343.0242615,57343.030063167,403.405,403.395
1.0,2,1,57343.032313196,57343.032313196,403.395,403.405
-1.0,534,9,57343.701814147,57343.703573042,403.405,403.395
1.0,150,3,57344.077327057,57344.077364577,403.395,403.405
-1.0,160,2,57344.078253377,57344.247433533,403.415,403.385
1.0,1,1,57345.989327869,57345.989327869,403.375,403.385
-1.0,597,15,57346.352541768,57348.452794218,403.39,403.39
1.0,1274,24,57348.529887058,57349.500038297,403.39,403.415
-1.0,707,13,57349.50109474,57349.605160232,403.415,403.39
1.0,853,12,57349.715149615,57349.913571317,403.395,403.415
-1.0,4,1,57349.914721878,57349.914721878,403.415,403.415
1.0,871,8,57350.018892698,57350.045817369,403.415,403.42
-1.0,774,13,57350.07020968,57350.070430577,403.415,403.405
1.0,527,8,57351.077245984,57351.190623862,403.41,403.42
-1.0,220,4,57351.414743669,57351.452258816,403.425,403.4
1.0,25,1,57352.875829441,57352.875829441,403.395,403.4
-1.0,436,10,57353.034662053,57353.035821748,403.4,403.37
1.0,255,6,57353.036548964,57353.036587275,403.37,403.375
-1.0,300,4,57353.224503782,57353.224580966,403.37,403.36
1.0,2,1,57353.224659712,57353.224659712,403.355,403.36
-1.0,321,6,57353.224901572,57353.550430717,403.365,403.375
1.0,2,1,57353.684333036,57353.684333036,403.37,403.375
-1.0,1670,27,57353.686771684,57354.853139861,403.38,403.365
1.0,319,4,57355.953705612,57355.953714263,403.37,403.38
-1.0,1055,22,57356.804264686,57357.273051904,403.4,403.365
1.0,50,2,57357.711702949,57357.711702949,403.37,403.37
-1.0,550,7,57357.946318701,57358.241241769,403.37,403.36
1.0,62,2,57358.25224778,57358.252317775,403.365,403.37
-1.0,317,6,57358.365320977,57358.405553385,403.37,403.36
1.0,1040,9,57359.638038773,57359.936922319,403.37,403.41
-1.0,443,5,57359.937131259,57359.937755964,403.415,403.41
1.0,678,8,57360.001544243,57360.00280433,403.405,403.405
-1.0,978,8,57360.039557128,57360.039944321,403.405,403.39
1.0,586,4,57360.677732382,57360.677741458,403.405,403.41
-1.0,929,14,57360.678691825,57361.490196347,403.415,403.4
1.0,451,12,57361.502639192,57361.950680006,403.39,403.45
-1.0,637,14,57362.029668307,57362.363563063,403.465,403.42
1.0,17,1,57362.363589922,57362.363589922,403.41,403.41
-1.0,161,5,57362.36410018,57362.376137125,403.405,403.385
1.0,100,2,57362.636085881,57362.636085881,403.37,403.37
-1.0,42,2,57362.800477773,57362.802784234,403.39,403.375
1.0,93,5,57363.039541792,57363.039546546,403.37,403.37
-1.0,221,5,57363.079634662,57364.256985701,403.4,403.365
1.0,52,4,57364.305247247,57364.779121002,403.36,403.37
-1.0,17,1,57365.100559698,57365.100559698,403.375,403.37
1.0,848,9,57365.24901094,57366.258202323,403.36,403.385
-1.0,333,8,57366.698111068,57367.554990881,403.405,403.365
1.0,184,3,57367.602152586,57367.687955448,403.36,403.37
-1.0,479,9,57367.692626575,57367.899915504,403.37,403.35
1.0,16,1,57368.17778535,57368.17778535,403.355,403.365
-1.0,200,2,57368.255494315,57368.255932473,403.36,403.35
1.0,36,1,57368.259258466,57368.259258466,403.36,403.36
-1.0,700,8,57368.270498801,57368.361927395,403.37,403.35
1.0,100,1,57368.399353325,57368.399353325,403.36,403.365
-1.0,557,10,57369.475453384,57369.861511043,403.38,403.35
1.0,585,4,57369.971815708,57369.97234187,403.355,403.37
-1.0,104,2,57369.97288693,57369.972928344,403.375,403.37
1.0,100,1,57369.973054953,57369.973054953,403.37,403.37
-1.0,783,12,57370.312656672,57371.34573576,403.365,403.355
1.0,32,1,57371.345767612,57371.345767612,403.355,403.355
-1.0,1623,27,57371.345793021,57372.598414909,403.355,403.365
1.0,200,3,57372.602399994,57372.737745022,403.36,403.37
-1.0,578,9,57372.870554669,57373.34431457,403.37,403.365
1.0,100,1,57373.466912161,57373.466912161,403.36,403.365
-1.0,100,1,57373.46829032,57373.46829032,403.375,403.375
1.0,341,7,57373.57225895,57373.760465414,403.375,403.395
-1.0,1986,34,57374.006404806,57375.47935363,403.4,403.355
1.0,300,3,57375.479839623,57375.480212303,403.355,403.36
-1.0,313,6,57375.480821963,57375.502998984,403.355,403.35
1.0,10,1,57375.504351147,57375.504351147,403.355,403.355
-1.0,3622,53,57375.565533523,57379.300512415,403.355,403.25
1.0,29,2,57379.99994438,57380.000004077,403.245,403.255
-1.0,206,5,57380.002744715,57380.100559098,403.26,403.235
1.0,1,1,57380.166602885,57380.166602885,403.225,403.225
-1.0,2,1,57380.565917709,57380.565917709,403.225,403.215
1.0,19,1,57380.877646431,57380.877646431,403.22,403.225
-1.0,424,4,57381.08084659,57382.305033374,403.24,403.23
1.0,35,2,57382.890997935,57382.891019364,403.235,403.24
-1.0,117,3,57383.100562845,57383.101964471,403.245,403.235
1.0,606,13,57384.017247721,57384.601009499,403.24,403.33
-1.0,363,6,57384.667386761,57384.80115967,403.335,403.3
1.0,132,2,57384.801454414,57384.801454414,403.3,403.305
-1.0,271,4,57384.802601916,57385.134233768,403.32,403.305
1.0,264,5,57385.928203749,57385.928261103,403.315,403.32
-1.0,62,2,57386.575965579,57386.575965579,403.34,403.34
1.0,34,3,57386.6993461,57389.013425865,403.34,403.38
-1.0,774,13,57389.276430119,57389.828240672,403.385,403.375
1.0,705,10,57389.828317007,57391.06503014,403.365,403.395
-1.0,743,13,57391.073958774,57392.015019274,403.395,403.38
1.0,90,1,57392.015961915,57392.015961915,403.375,403.375
-1.0,825,14,57392.016020991,57394.78853996,403.375,403.36
1.0,566,4,57394.794096125,57395.416172819,403.36,403.39
-1.0,200,2,57395.416305776,57395.416333267,403.395,403.39
1.0,100,1,57395.416461812,57395.416461812,403.385,403.385
-1.0,8,2,57395.416642147,57395.416934813,403.385,403.375
1.0,1532,13,57396.011605877,57396.273772145,403.38,403.4
-1.0,63,2,57396.966655066,57396.966655066,403.4,403.395
1.0,1682,23,57398.033774235,57401.336832817,403.4,403.54
-1.0,670,11,57401.369165614,57401.377238554,403.555,403.525
1.0,101,2,57401.377241883,57401.37744458,403.525,403.535
-1.0,120,1,57401.377567331,57401.377567331,403.54,403.525
1.0,150,2,57401.377635545,57401.377635545,403.52,403.525
-1.0,641,8,57401.377960491,57402.907273284,403.54,403.515
1.0,100,1,57402.907285808,57402.907285808,403.515,403.515
-1.0,335,5,57402.90733224,57402.912026303,403.515,403.51
1.0,50,1,57402.91242318,57402.91242318,403.515,403.52
-1.0,1418,14,57403.884605796,57409.585867279,403.52,403.53
1.0,50,1,57409.586488335,57409.586488335,403.53,403.53
-1.0,593,12,57409.588962716,57409.74197849,403.53,403.515
1.0,100,1,57409.743713735,57409.743713735,403.515,403.525
-1.0,20,1,57409.96205093,57409.96205093,403.515,403.51
1.0,1483,15,57410.023376463,57410.524695054,403.505,403.54
-1.0,489,9,57410.524695054,57411.593968853,403.54,403.51
1.0,19,2,57412.224108299,57412.686015234,403.52,403.525
-1.0,673,10,57412.956238283,57413.808531971,403.525,403.5
1.0,19,1,57413.844286174,57413.844286174,403.505,403.51
-1.0,418,2,57413.85436871,57413.877267735,403.515,403.505
1.0,19,1,57413.937299885,57413.937299885,403.505,403.51
-1.0,1066,11,57414.054796198,57414.910363447,403.515,403.48
1.0,18,3,57415.111971372,57415.137548544,403.485,403.49
-1.0,712,15,57415.138753734,57417.41836986,403.495,403.47
1.0,226,3,57417.640924045,57417.640924045,403.47,403.475
-1.0,500,5,57417.642361499,57417.75461195,403.49,403.475
1.0,511,9,57418.707722722,57418.719526008,403.475,403.5
-1.0,142,3,57418.930735353,57418.930735353,403.505,403.5
1.0,878,10,57419.054863141,57419.066962057,403.5,403.51
-1.0,1170,5,57419.135228847,57419.135538449,403.52,403.505
1.0,419,3,57419.905195614,57419.905223683,403.525,403.535
-1.0,243,4,57419.906652727,57419.908062988,403.525,403.515
1.0,2111,28,57420.064452679,57420.067624481,403.515,403.62
-1.0,1291,17,57420.067629626,57420.068207629,403.62,403.6
1.0,254,6,57420.068207629,57420.068523136,403.6,403.595
-1.0,710,13,57420.068633633,57420.069484999,403.595,403.575
1.0,20,1,57420.069541472,57420.069541472,403.585,403.585
-1.0,274,3,57420.06955218,57420.069654244,403.585,403.575
1.0,775,6,57420.069796326,57420.076184539,403.57,403.58
-1.0,50,1,57420.078097601,57420.078097601,403.58,403.58
1.0,101,2,57420.082471665,57420.08248254,403.575,403.585
-1.0,209,7,57420.082517411,57421.017374137,403.605,403.555
1.0,326,6,57421.069957626,57421.112299963,403.545,403.56
-1.0,1826,32,57421.328787113,57423.008254146,403.565,403.495
1.0,4,2,57423.065121614,57423.065121614,403.485,403.495
-1.0,743,8,57423.127690224,57423.907472802,403.505,403.48
1.0,58,4,57424.010702742,57424.060433552,403.485,403.49
-1.0,292,6,57424.061683582,57424.375377963,403.49,403.485
1.0,321,9,57425.09351642,57425.094779563,403.485,403.495
-1.0,25,1,57425.755258686,57425.755258686,403.5,403.495
1.0,18,1,57426.046084902,57426.046084902,403.49,403.495
-1.0,510,6,57426.048881489,57426.049360369,403.495,403.48
1.0,849,23,57427.086644304,57427.232803196,403.49,403.525
-1.0,34,1,57427.242112768,57427.242112768,403.525,403.52
1.0,19,1,57427.309655096,57427.309655096,403.525,403.53
-1.0,695,14,57427.380109148,57430.385214878,403.54,403.5
1.0,163,8,57431.026953547,57431.79430484,403.495,403.53
-1.0,370,6,57432.700374231,57434.031493664,403.535,403.505
1.0,17,1,57434.635674054,57434.635674054,403.505,403.51
-1.0,936,14,57434.713633108,57435.563623349,403.515,403.5
1.0,282,6,57435.773876567,57435.773876567,403.5,403.51
-1.0,264,6,57435.79859503,57435.895862146,403.53,403.515
1.0,207,2,57436.162659,57436.40904034,403.515,403.52
-1.0,449,6,57437.153596352,57437.153807356,403.53,403.52
1.0,400,6,57437.216877289,57437.216952516,403.525,403.535
-1.0,1333,18,57437.400576925,57438.46337991,403.535,403.5
1.0,97,2,57438.463985066,57438.463985066,403.495,403.495
-1.0,2043,28,57438.571243141,57438.763501982,403.495,403.48
1.0,60,2,57438.763872217,57438.763872217,403.475,403.48
-1.0,100,1,57438.764540202,57438.764540202,403.485,403.48
1.0,100,1,57438.765847667,57438.765847667,403.475,403.48
-1.0,1491,27,57438.776640775,57439.691729783,403.485,403.425
1.0,502,8,57440.23321192,57440.233677129,403.43,403.445
-1.0,110,2,57440.234568588,57440.234568588,403.45,403.445
1.0,9,3,57440.539807817,57440.540204945,403.43,403.435
-1.0,29,2,57441.571872228,57441.571875226,403.455,403.445
1.0,60,5,57441.897896798,57442.140041881,403.45,403.48
-1.0,696,12,57442.311378168,57442.797306219,403.465,403.415
1.0,5,1,57442.801211952,57442.801211952,403.415,403.425
-1.0,260,4,57442.80261311,57442.975493343,403.435,403.415
1.0,1178,25,57443.08035487,57443.083039008,403.41,403.445
-1.0,626,10,57443.085012376,57444.006175825,403.445,403.425
1.0,100,1,57444.00620345,57444.00620345,403.41,403.415
-1.0,200,2,57444.006225527,57444.006267615,403.42,403.415
1.0,62,1,57444.007303477,57444.007303477,403.41,403.415
-1.0,1219,21,57444.00753577,57445.077885485,403.425,403.385
1.0,40,3,57446.043619337,57446.043619337,403.38,403.385
-1.0,530,7,57446.30473471,57446.422625635,403.39,403.36
1.0,112,2,57446.423114597,57446.654622539,403.355,403.36
-1.0,300,7,57446.657735029,57446.95825596,403.365,403.355
1.0,82,5,57447.028828935,57447.043269297,403.35,403.37
-1.0,300,4,57447.075228506,57447.802178704,403.38,403.365
1.0,393,5,57448.042183972,57448.043672234,403.365,403.38
-1.0,41,1,57448.043930067,57448.043930067,403.395,403.395
1.0,15,1,57448.168938801,57448.168938801,403.38,403.38
-1.0,125,2,57448.713688146,57448.713688146,403.385,403.38
1.0,375,7,57448.775811188,57449.003078279,403.375,403.395
-1.0,573,5,57449.00322415,57449.543902135,403.395,403.37
1.0,17,1,57449.975379641,57449.975379641,403.37,403.375
-1.0,892,10,57449.976969123,57450.518454291,403.39,403.37
1.0,118,3,57450.519041041,57450.51923722,403.355,403.36
-1.0,235,4,57450.519722123,57450.730056353,403.365,403.36
1.0,30,3,57450.791649999,57450.791649999,403.36,403.365
-1.0,124,4,57450.900568889,57450.931089671,403.375,403.375
1.0,40,1,57451.085817199,57451.085817199,403.365,403.365
-1.0,167,2,57451.630240837,57451.630240837,403.375,403.37
1.0,616,14,57452.070208683,57452.08064407,403.36,403.39
-1.0,190,3,57452.900632873,57452.900632873,403.39,403.385
1.0,149,5,57452.900669642,57453.045401212,403.38,403.39
-1.0,413,6,57453.180962785,57453.716930892,403.395,403.385
1.0,80,5,57454.008951031,57454.009712722,403.38,403.39
-1.0,1638,18,57454.02437621,57454.246719135,403.39,403.36
1.0,202,3,57454.247081455,57454.247081455,403.355,403.355
-1.0,240,2,57454.260874062,57454.495507894,403.36,403.355
1.0,826,8,57454.823630626,57455.007275859,403.355,403.37
-1.0,440,4,57455.007443829,57455.007509291,403.375,403.37
1.0,200,3,57455.007671744,57455.012908797,403.365,403.365
-1.0,120,1,57455.013283855,57455.013283855,403.365,403.36
1.0,2514,24,57455.033685697,57455.871305225,403.355,403.4
-1.0,281,4,57456.10745498,57456.10745498,403.4,403.395
1.0,544,14,57456.272948428,57456.52254088,403.405,403.43
-1.0,160,3,57457.053679618,57457.053679618,403.43,403.425
1.0,153,5,57457.053715258,57459.950085371,403.42,403.45
-1.0,716,14,57460.56889684,57461.197274426,403.455,403.4
1.0,888,15,57462.070315317,57462.072817885,403.4,403.455
-1.0,150,3,57462.072834632,57462.072921212,403.455,403.45
1.0,33,1,57462.362348233,57462.362348233,403.45,403.45
-1.0,84,1,57462.407832952,57462.407832952,403.45,403.445
1.0,580,7,57462.772512353,57463.289767009,403.435,403.465
-1.0,110,2,57463.289930999,57463.289930999,403.465,403.46
1.0,19,1,57463.290150256,57463.290150256,403.455,403.455
-1.0,200,2,57463.379230439,57463.410869653,403.445,403.43
1.0,300,6,57464.002102981,57464.002102981,403.425,403.43
-1.0,250,3,57464.266430826,57464.266430826,403.45,403.44
1.0,129,3,57464.266710767,57464.398833317,403.43,403.435
-1.0,100,4,57464.538624179,57464.556543213,403.45,403.44
1.0,36,2,57465.015633907,57465.030593576,403.435,403.445
-1.0,175,2,57465.390834087,57465.390834087,403.45,403.445
1.0,649,7,57465.492166234,57465.493328573,403.445,403.455
-1.0,416,5,57466.023159438,57466.422293793,403.45,403.435
1.0,18,1,57466.853663824,57466.853663824,403.435,403.44
-1.0,1178,16,57467.357460648,57467.635822847,403.44,403.4
1.0,263,9,57468.040939357,57468.041184651,403.4,403.425
-1.0,50,1,57468.04134481,57468.04134481,403.425,403.425
1.0,453,5,57468.041853119,57468.041874966,403.43,403.43
-1.0,100,1,57468.04447369,57468.04447369,403.43,403.425
1.0,116,2,57468.106163322,57468.106163322,403.415,403.425
-1.0,3517,31,57468.890388695,57469.086986107,403.43,403.355
1.0,250,3,57469.087358812,57469.087435969,403.34,403.355
-1.0,50,1,57469.247837516,57469.247837516,403.38,403.37
1.0,445,14,57470.047154645,57470.048841574,403.365,403.41
-1.0,192,6,57470.049212372,57470.799880516,403.41,403.38
1.0,36,3,57471.069723672,57471.138324131,403.38,403.395
-1.0,152,4,57471.147173302,57471.154130513,403.4,403.4
1.0,259,3,57471.273252515,57471.278615028,403.405,403.41
-1.0,2754,27,57471.690880975,57473.431212249,403.415,403.395
1.0,24,2,57473.447167885,57473.447167885,403.395,403.4
-1.0,196,3,57473.475968088,57473.68951351,403.405,403.4
1.0,888,19,57473.739030167,57474.768738747,403.4,403.425
-1.0,2783,23,57475.208519385,57476.357003327,403.43,403.41
1.0,543,9,57476.707683507,57477.488940409,403.405,403.42
-1.0,551,5,57477.770880275,57477.770880275,403.415,403.41
1.0,1872,21,57478.051335232,57478.052214949,403.4,403.455
-1.0,52,2,57478.053233745,57478.053238148,403.465,403.46
1.0,107,2,57478.053896352,57478.053896352,403.455,403.46
-1.0,77,2,57478.505679737,57478.505736886,403.47,403.47
1.0,53,2,57478.506246778,57478.506246778,403.465,403.475
-1.0,302,8,57478.540310374,57479.050103789,403.485,403.475
1.0,607,5,57479.052934787,57479.0535225,403.475,403.49
-1.0,300,1,57479.433212957,57479.433212957,403.48,403.475
1.0,119,3,57479.433245997,57479.674767291,403.465,403.475
-1.0,38,1,57479.674909041,57479.674909041,403.48,403.48
1.0,666,8,57480.089135916,57480.201974738,403.465,403.485
-1.0,2,1,57480.223736508,57480.223736508,403.49,403.485
1.0,50,2,57480.247841383,57480.247871791,403.475,403.485
-1.0,2,1,57480.247928419,57480.247928419,403.49,403.485
1.0,1504,10,57480.333314637,57480.553547379,403.475,403.485
-1.0,471,10,57480.590280581,57481.076950188,403.485,403.445
1.0,345,5,57481.669495708,57481.669523296,403.425,403.435
-1.0,41,1,57481.669578323,57481.669578323,403.44,403.435
1.0,23,2,57481.68976676,57481.68976676,403.43,403.43
-1.0,250,5,57482.0069374,57482.007322617,403.43,403.42
1.0,47,1,57482.00735821,57482.00735821,403.42,403.42
-1.0,172,2,57482.007444576,57482.007671216,403.42,403.415
1.0,50,1,57482.007873882,57482.007873882,403.41,403.41
-1.0,100,1,57482.008807752,57482.008807752,403.415,403.405
1.0,100,1,57482.010212961,57482.010212961,403.4,403.405
-1.0,102,2,57482.011023307,57482.011023307,403.415,403.41
1.0,2,1,57482.019957082,57482.019957082,403.4,403.405
-1.0,551,12,57482.923708151,57483.001411391,403.415,403.405
1.0,121,3,57483.019652294,57483.01965743,403.4,403.41
-1.0,45,1,57483.019725327,57483.019725327,403.415,403.415
1.0,382,7,57483.020391165,57483.022334713,403.415,403.425
-1.0,202,3,57483.034344743,57483.038366473,403.42,403.4
1.0,110,3,57483.038434597,57483.038485547,403.39,403.395
-1.0,802,13,57483.040263161,57483.380808341,403.405,403.365
1.0,636,5,57484.641527586,57484.641556701,403.4,403.4
-1.0,140,3,57484.796237847,57484.796241496,403.405,403.4
1.0,955,4,57485.014657509,57485.01479036,403.4,403.43
-1.0,150,3,57485.149027823,57485.149178134,403.42,403.405
1.0,30,1,57485.149240431,57485.149240431,403.4,403.4
-1.0,200,3,57485.149896476,57485.221107609,403.4,403.385
1.0,20,1,57485.541680255,57485.541680255,403.39,403.395
-1.0,375,7,57485.609101857,57485.943459049,403.405,403.395
1.0,706,12,57486.061754673,57487.005608896,403.385,403.415
-1.0,354,8,57487.017532773,57487.035207694,403.42,403.405
1.0,75,4,57487.071376029,57487.581604075,403.405,403.42
-1.0,2365,30,57488.075943873,57488.077483302,403.425,403.4
1.0,50,1,57488.077649698,57488.077649698,403.405,403.405
-1.0,888,13,57488.085649515,57488.237444283,403.41,403.405
1.0,449,10,57488.337085983,57489.002453007,403.405,403.425
-1.0,30,1,57489.002628017,57489.002628017,403.435,403.435
1.0,336,7,57489.003188535,57489.003452456,403.435,403.435
-1.0,2506,35,57489.045455894,57490.231404616,403.44,403.41
1.0,100,2,57490.234898087,57490.234898087,403.41,403.41
-1.0,1336,19,57490.353240355,57490.375177595,403.41,403.405
1.0,130,8,57490.418856478,57490.419043719,403.405,403.41
-1.0,3597,57,57490.580245507,57491.04106904,403.42,403.38
1.0,101,2,57491.048153977,57491.048153977,403.365,403.38
-1.0,299,1,57491.050263341,57491.050263341,403.385,403.375
1.0,343,6,57491.09579114,57491.097023624,403.37,403.4
-1.0,61,2,57491.251017512,57491.365573966,403.395,403.37
1.0,16,1,57491.365765151,57491.365765151,403.365,403.365
-1.0,41,1,57491.366219699,57491.366219699,403.365,403.36
1.0,32,2,57491.366600227,57491.600180319,403.36,403.36
-1.0,265,6,57491.617998179,57491.618205862,403.36,403.35
1.0,16,1,57491.618422827,57491.618422827,403.35,403.35
-1.0,10,1,57491.67566011,57491.67566011,403.365,403.365
1.0,179,8,57491.675865848,57492.005544357,403.365,403.38
-1.0,138,2,57492.006345778,57492.015100646,403.385,403.38
1.0,1067,8,57493.053287544,57493.054186475,403.38,403.39
-1.0,360,7,57493.054357541,57493.315856013,403.395,403.37
1.0,959,11,57493.316025454,57493.69983411,403.36,403.39
-1.0,100,1,57493.699994943,57493.699994943,403.395,403.39
1.0,733,14,57493.742452384,57493.742456368,403.385,403.4
-1.0,854,5,57493.742956178,57494.028403753,403.41,403.4
1.0,470,8,57494.228718043,57494.24969231,403.385,403.425
-1.0,370,7,57494.414439671,57496.394217622,403.44,403.425
1.0,268,9,57496.41684435,57496.419099399,403.415,403.445
-1.0,794,14,57496.709269442,57497.891330343,403.43,403.38
1.0,1111,12,57498.012353234,57498.075816741,403.375,403.425
-1.0,115,5,57499.050027966,57499.050396575,403.41,403.39
1.0,90,1,57499.050456858,57499.050456858,403.39,403.39
-1.0,10,2,57499.480382022,57499.480429046,403.385,403.38
1.0,18,9,57499.485008203,57499.518002691,403.375,403.385
-1.0,7,2,57499.580214279,57499.580346714,403.39,403.39
1.0,889,32,57499.876716397,57500.311072484,403.385,403.445
-1.0,90,2,57500.311406143,57500.311464853,403.45,403.445
1.0,160,3,57500.4819099,57500.4819099,403.425,403.43
-1.0,1552,10,57500.521995775,57501.07055043,403.44,403.42
1.0,204,4,57501.070585537,57502.015375825,403.42,403.43
-1.0,100,2,57502.471773098,57502.471773098,403.44,403.44
1.0,920,13,57504.475307385,57505.181336798,403.43,403.44
-1.0,64,3,57505.182282642,57505.189217345,403.445,403.43
1.0,22,1,57505.189477493,57505.189477493,403.425,403.43
-1.0,534,13,57505.723266804,57505.735513073,403.425,403.405
1.0,68,1,57505.870366169,57505.870366169,403.395,403.4
-1.0,21,1,57505.870420448,57505.870420448,403.405,403.405
1.0,721,14,57506.045125523,57506.285047341,403.405,403.43
-1.0,200,2,57506.631613041,57506.632472164,403.43,403.415
1.0,132,4,57506.645072288,57506.64590404,403.41,403.42
-1.0,640,16,57507.005284919,57507.033703255,403.425,403.415
1.0,150,2,57507.063358961,57507.063358961,403.405,403.41
-1.0,1335,4,57507.080869248,57507.123322076,403.415,403.41
1.0,324,8,57509.096112267,57509.479320766,403.415,403.42
-1.0,30,1,57509.553348965,57509.553348965,403.425,403.425
1.0,419,6,57509.904251713,57509.9042768,403.425,403.43
-1.0,161,2,57509.905199185,57509.905199185,403.435,403.435
1.0,525,9,57510.063831467,57510.156979036,403.435,403.455
-1.0,575,7,57510.166431832,57510.167350766,403.46,403.455
1.0,5,1,57510.456272809,57510.456272809,403.46,403.46
-1.0,441,9,57511.139004469,57511.476922891,403.465,403.46
1.0,21,1,57511.561938523,57511.561938523,403.455,403.46
-1.0,1503,20,57511.801795777,57513.8043342,403.46,403.44
1.0,202,5,57513.834916408,57513.834916408,403.435,403.445
-1.0,1907,24,57514.030510102,57514.132256328,403.45,403.41
1.0,33,3,57514.867358895,57515.010781109,403.42,403.43
-1.0,520,8,57515.583258036,57515.743860297,403.435,403.42
1.0,110,2,57515.744161998,57515.744161998,403.415,403.42
-1.0,300,4,57515.746823059,57516.118418985,403.425,403.42
1.0,121,2,57516.151714226,57516.151714226,403.425,403.43
-1.0,2425,29,57516.484637947,57519.124050543,403.45,403.43
1.0,1196,4,57520.120630359,57520.120630359,403.43,403.435
-1.0,287,3,57520.132979018,57520.350156092,403.445,403.435
1.0,150,2,57520.35020087,57520.35020087,403.43,403.435
-1.0,936,24,57520.35117683,57522.288018064,403.435,403.405
1.0,136,3,57522.946458044,57522.946458044,403.405,403.41
-1.0,152,4,57523.695530259,57523.695530259,403.415,403.41
1.0,769,8,57524.864599899,57524.86463665,403.415,403.415
-1.0,260,4,57524.928873399,57524.928873399,403.415,403.415
1.0,500,6,57525.401910742,57525.402044679,403.415,403.42
-1.0,22,1,57525.402078134,57525.402078134,403.415,403.415
1.0,239,5,57525.40255076,57525.413721163,403.415,403.435
-1.0,3670,41,57526.100040959,57528.299430714,403.445,403.395
1.0,330,7,57528.376541435,57529.404641737,403.39,403.42
-1.0,2307,43,57529.481261004,57529.636332252,403.43,403.395
1.0,63,3,57529.644677766,57529.694942967,403.375,403.385
-1.0,120,1,57529.80259844,57529.80259844,403.385,403.38
1.0,60,2,57529.835895928,57529.835895928,403.38,403.385
-1.0,112,3,57529.969104276,57529.970717254,403.39,403.385
1.0,120,7,57530.009172196,57530.062554474,403.385,403.405
-1.0,523,8,57530.074614498,57530.529854321,403.415,403.41
1.0,916,20,57530.725110081,57531.060107702,403.405,403.465
-1.0,179,3,57531.060524429,57531.060569577,403.48,403.47
1.0,200,2,57531.060643845,57531.060752446,403.465,403.475
-1.0,492,8,57531.060805003,57531.061198619,403.48,403.465
1.0,103,3,57531.061235513,57531.061235513,403.47,403.475
-1.0,242,4,57531.061356824,57531.061455937,403.48,403.465
1.0,101,2,57531.061617893,57531.061617893,403.47,403.475
-1.0,576,8,57531.061715175,57531.061903224,403.475,403.465
1.0,48,2,57531.065551773,57531.065551773,403.455,403.455
-1.0,139,2,57531.065764018,57531.068481806,403.46,403.45
1.0,836,6,57531.191958792,57531.401359571,403.43,403.45
-1.0,300,3,57531.401722943,57532.053115519,403.455,403.445
1.0,64,5,57532.060129818,57532.212281534,403.435,403.45
-1.0,460,7,57532.316391644,57532.749169531,403.455,403.44
1.0,159,3,57532.74965324,57532.781793629,403.435,403.44
-1.0,100,1,57532.795279741,57532.795279741,403.445,403.445
1.0,464,4,57532.815007996,57532.823372662,403.44,403.455
-1.0,817,8,57532.965098599,57534.430308547,403.46,403.46
1.0,1253,18,57534.430376075,57534.859542227,403.455,403.485
-1.0,12,3,57534.885302923,57534.885302923,403.49,403.49
1.0,291,12,57534.935577354,57534.94460655,403.485,403.515
-1.0,100,1,57534.944922239,57534.944922239,403.52,403.515
1.0,50,1,57535.002636994,57535.002636994,403.495,403.5
-1.0,126,2,57535.050675648,57535.050675648,403.52,403.52
1.0,3038,21,57535.228452326,57536.122334838,403.51,403.545
-1.0,51,2,57537.008880126,57537.008938321,403.56,403.55
1.0,221,4,57537.008966381,57537.390709434,403.55,403.575
-1.0,56,4,57537.561614338,57537.561618695,403.575,403.57
1.0,42,1,57537.56243637,57537.56243637,403.565,403.565
-1.0,393,7,57538.653424529,57538.671102813,403.55,403.53
1.0,331,7,57538.876208408,57538.964156247,403.53,403.545
-1.0,118,3,57539.272926973,57539.27443636,403.545,403.54
1.0,50,2,57539.834520707,57539.834520707,403.54,403.54
-1.0,7,1,57540.000732508,57540.000732508,403.545,403.54
1.0,22,1,57540.000758634,57540.000758634,403.53,403.535
-1.0,100,1,57540.001596589,57540.001596589,403.54,403.54
1.0,32,3,57540.154331734,57540.222386717,403.555,403.555
-1.0,709,4,57540.28854071,57540.507200752,403.555,403.55
1.0,431,9,57540.972390072,57541.011656966,403.535,403.55
-1.0,12,1,57541.028022716,57541.028022716,403.55,403.545
1.0,100,1,57541.364677476,57541.364677476,403.545,403.55
-1.0,350,2,57541.399562185,57541.399562185,403.55,403.545
1.0,369,5,57541.901735827,57541.902151421,403.545,403.56
-1.0,806,10,57541.913670289,57542.02483544,403.565,403.555
1.0,56,2,57542.262556741,57542.262556741,403.565,403.565
-1.0,267,5,57542.307367423,57542.307367423,403.56,403.555
1.0,2368,7,57542.396323059,57543.087882437,403.55,403.58
-1.0,546,11,57543.08808906,57543.93904547,403.585,403.58
1.0,1246,8,57544.10397622,57544.104061196,403.585,403.6
-1.0,3,1,57544.114801383,57544.114801383,403.63,403.63
1.0,137,1,57544.431026066,57544.431026066,403.635,403.635
-1.0,100,1,57544.542260529,57544.542260529,403.635,403.63
1.0,23,1,57544.542283413,57544.542283413,403.63,403.635
-1.0,200,3,57544.54239086,57544.542526802,403.635,403.63
1.0,175,4,57544.542835541,57544.542875941,403.625,403.63
-1.0,57,2,57544.543063989,57544.660889638,403.635,403.63
1.0,225,3,57544.66183321,57544.665079184,403.63,403.635
-1.0,212,4,57544.675144192,57544.675144192,403.64,403.635
1.0,2,1,57544.6752338,57544.6752338,403.63,403.635
-1.0,198,3,57544.677622358,57544.677622358,403.63,403.625
1.0,252,6,57544.680546795,57544.905803663,403.625,403.63
-1.0,128,1,57544.906373679,57544.906373679,403.63,403.63
1.0,24,1,57544.965076103,57544.965076103,403.635,403.64
-1.0,1598,9,57545.017719864,57545.01845206,403.635,403.61
1.0,110,3,57545.019422813,57545.020331664,403.585,403.595
-1.0,648,7,57545.101982765,57545.75503382,403.62,403.6
1.0,199,6,57546.416592255,57546.416840438,403.59,403.605
-1.0,1560,11,57546.786884891,57547.330076673,403.62,403.595
1.0,66,3,57547.330318281,57547.397395669,403.595,403.61
-1.0,520,11,57547.5160362,57547.957183608,403.61,403.595
1.0,51,4,57547.990948119,57548.025026153,403.595,403.605
-1.0,658,11,57548.045572319,57548.068163368,403.605,403.595
1.0,57,6,57548.088848801,57548.506895583,403.595,403.61
-1.0,939,16,57548.67117152,57548.936501629,403.615,403.58
1.0,105,2,57549.025850183,57549.025963852,403.575,403.59
-1.0,240,3,57549.028201422,57549.061469831,403.6,403.585
1.0,1274,18,57549.107260506,57549.748783206,403.575,403.63
-1.0,275,4,57549.751063063,57549.751706823,403.625,403.6
1.0,496,11,57549.752571463,57549.757592133,403.595,403.615
-1.0,265,5,57549.826961094,57550.051184158,403.615,403.605
1.0,317,7,57550.05163326,57550.239581723,403.6,403.625
-1.0,52,3,57550.246393461,57550.246692038,403.625,403.62
1.0,250,5,57550.448036987,57550.493446702,403.62,403.63
-1.0,150,2,57550.494408674,57550.494408674,403.635,403.63
1.0,4067,29,57550.496564313,57550.632722973,403.62,403.655
-1.0,313,9,57550.750156793,57551.220441155,403.655,403.65
1.0,150,2,57551.277412767,57551.277412767,403.65,403.655
-1.0,893,13,57551.327489347,57551.84341731,403.655,403.605
1.0,8,1,57551.878037469,57551.878037469,403.605,403.605
-1.0,1,1,57551.900288247,57551.900288247,403.605,403.605
1.0,13,3,57551.901591073,57551.911659954,403.605,403.6
-1.0,84,3,57552.067992417,57552.386976094,403.615,403.625
1.0,75,2,57552.547780305,57552.547780305,403.625,403.63
-1.0,1519,27,57552.735005323,57553.977038036,403.63,403.575
1.0,50,1,57553.977802958,57553.977802958,403.575,403.58
-1.0,100,2,57553.983290159,57553.983290159,403.58,403.58
1.0,935,12,57554.042257209,57554.539085743,403.585,403.595
-1.0,796,13,57554.573577853,57554.963400357,403.595,403.57
1.0,101,2,57554.967916264,57555.025717571,403.575,403.58
-1.0,433,8,57555.761127045,57555.919150129,403.585,403.58
1.0,1007,20,57556.220291293,57556.853601379,403.585,403.595
-1.0,884,17,57556.872159611,57557.563439938,403.595,403.56
1.0,235,4,57557.56346998,57557.919492403,403.555,403.58
-1.0,101,3,57557.949520621,57558.158490665,403.59,403.59
1.0,25,1,57558.701181614,57558.701181614,403.575,403.58
-1.0,594,7,57558.92464174,57558.92817788,403.58,403.565
1.0,1,1,57559.000702376,57559.000702376,403.57,403.57
-1.0,22,1,57559.16607105,57559.16607105,403.575,403.575
1.0,29,2,57559.201962329,57559.201962329,403.575,403.575
-1.0,35,2,57559.226217209,57559.226217209,403.585,403.58
1.0,40,3,57559.243890998,57559.302020355,403.575,403.58
-1.0,532,9,57559.474171463,57560.079105417,403.58,403.57
1.0,7,2,57560.087185391,57560.296779762,403.565,403.575
-1.0,31,2,57560.304328069,57560.304505111,403.575,403.565
1.0,2,1,57560.389981324,57560.389981324,403.57,403.57
-1.0,1516,11,57560.550081348,57560.552013835,403.57,403.56
1.0,85,2,57560.56870195,57560.568852215,403.555,403.555
-1.0,112,5,57560.619523087,57560.865041995,403.555,403.555
1.0,32,3,57561.08884991,57561.099788525,403.555,403.57
-1.0,1,1,57561.116030742,57561.116030742,403.57,403.57
1.0,4,4,57561.125267308,57561.143747384,403.565,403.57
-1.0,493,8,57561.317824634,57561.31787752,403.575,403.56
1.0,2,2,57561.409674963,57561.433943379,403.565,403.57
-1.0,1,1,57561.500011526,57561.500011526,403.575,403.57
1.0,36,5,57562.054098473,57562.26129287,403.56,403.57
-1.0,26,1,57562.452910894,57562.452910894,403.575,403.57
1.0,28,2,57562.659847822,57562.659847822,403.57,403.575
-1.0,61,3,57563.419180889,57563.420563764,403.585,403.58
1.0,187,5,57563.420998581,57563.97179505,403.575,403.58
-1.0,100,1,57563.973191891,57563.973191891,403.585,403.58
1.0,2509,35,57564.383455644,57564.680102702,403.58,403.61
-1.0,100,1,57564.681019617,57564.681019617,403.615,403.61
1.0,100,1,57564.681048114,57564.681048114,403.605,403.61
-1.0,103,3,57564.681052021,57564.681542609,403.61,403.61
1.0,1,1,57564.794377792,57564.794377792,403.605,403.605
-1.0,339,9,57564.925269982,57565.338165634,403.605,403.595
1.0,2,1,57565.424753585,57565.424753585,403.595,403.595
-1.0,59,4,57565.544099375,57565.647454252,403.595,403.595
1.0,126,2,57565.938195729,57565.938195729,403.595,403.6
-1.0,50,1,57566.1914547,57566.1914547,403.605,403.605
1.0,626,5,57566.296128198,57566.296128198,403.605,403.61
-1.0,282,4,57566.297121919,57566.297121919,403.615,403.61
1.0,1416,23,57566.297159548,57568.377328955,403.605,403.64
-1.0,1137,24,57568.45245886,57570.007045104,403.635,403.62
1.0,70,8,57570.027165587,57570.173135367,403.62,403.635
-1.0,100,1,57570.182139134,57570.182139134,403.635,403.635
1.0,67,4,57570.444944762,57570.613876442,403.635,403.635
-1.0,18,1,57570.661985837,57570.661985837,403.635,403.635
1.0,2,1,57570.785096616,57570.785096616,403.635,403.635
-1.0,1597,25,57570.837929009,57571.083300824,403.635,403.62
1.0,28,2,57571.174029243,57571.494391939,403.62,403.63
-1.0,1732,30,57571.699296958,57572.006230302,403.625,403.6
1.0,27,2,57572.006414391,57572.065717297,403.6,403.62
-1.0,225,5,57572.08778113,57572.254605391,403.615,403.625
1.0,365,8,57572.255899831,57572.425639349,403.62,403.63
-1.0,50,1,57572.594255029,57572.594255029,403.625,403.62
1.0,1205,16,57573.001118874,57573.657548146,403.62,403.64
-1.0,793,9,57573.814112909,57573.825300607,403.645,403.62
1.0,132,10,57573.825781797,57573.931957565,403.625,403.64
-1.0,25,1,57574.004347009,57574.004347009,403.64,403.64
1.0,1031,24,57574.04100946,57574.487696364,403.64,403.65
-1.0,1,1,57574.856770404,57574.856770404,403.655,403.65
1.0,755,12,57575.24439166,57575.611059743,403.65,403.655
-1.0,124,5,57575.825821222,57575.972178493,403.655,403.65
1.0,965,16,57576.002872426,57576.738925529,403.65,403.66
-1.0,475,5,57576.811134512,57576.812082372,403.665,403.655
1.0,38,2,57576.817977676,57576.817977676,403.655,403.66
-1.0,2208,42,57577.953241524,57578.118382737,403.66,403.61
1.0,28,1,57578.194330795,57578.194330795,403.615,403.625
-1.0,50,1,57578.228417034,57578.228417034,403.635,403.63
1.0,10,2,57578.416824253,57578.416824253,403.63,403.635
-1.0,60,2,57578.418906744,57578.418906744,403.645,403.64
1.0,2964,58,57578.5123494,57580.972045463,403.63,403.69
-1.0,19,1,57581.116439139,57581.116439139,403.695,403.695
1.0,314,8,57581.250675616,57581.340870709,403.695,403.7
-1.0,402,11,57581.346218412,57582.185949116,403.7,403.695
1.0,171,3,57582.186740559,57582.186740559,403.695,403.695
-1.0,98,1,57582.187192841,57582.187192841,403.695,403.69
1.0,382,11,57582.24376,57582.795572793,403.69,403.7
-1.0,2322,23,57582.817278607,57583.319878758,403.705,403.685
1.0,256,5,57583.32353799,57583.339118761,403.685,403.69
-1.0,1904,17,57583.924494156,57583.926191387,403.69,403.68
1.0,138,3,57584.021117248,57584.039782054,403.675,403.69
-1.0,242,5,57584.043973503,57584.116591912,403.69,403.68
1.0,19,1,57584.1171049,57584.1171049,403.675,403.675
-1.0,907,17,57584.119776254,57584.126403772,403.68,403.67
1.0,537,7,57584.140301697,57584.165229036,403.67,403.68
-1.0,45,4,57584.195045297,57584.195475456,403.685,403.685
1.0,652,7,57584.202811005,57584.208816288,403.685,403.7
-1.0,463,12,57584.208886492,57584.264774371,403.705,403.7
1.0,521,11,57584.362901217,57584.373504502,403.705,403.715
-1.0,221,5,57584.419596067,57584.496600113,403.72,403.715
1.0,1332,20,57584.534432248,57584.546529576,403.715,403.735
-1.0,250,3,57584.546541032,57584.546541032,403.735,403.73
1.0,82,1,57584.546773988,57584.546773988,403.735,403.735
-1.0,100,1,57584.54683698,57584.54683698,403.735,403.73
1.0,12533,41,57584.551400608,57584.553146089,403.72,403.775
-1.0,470,6,57584.556776823,57584.556911961,403.79,403.775
1.0,639,7,57584.55893469,57584.55894438,403.78,403.795
-1.0,617,13,57584.559372166,57584.572873652,403.805,403.78
1.0,105,3,57584.573240213,57584.580459564,403.775,403.775
-1.0,5,1,57584.593921783,57584.593921783,403.78,403.78
1.0,18,2,57584.604220418,57584.695044416,403.78,403.78
-1.0,674,15,57584.704799012,57584.707594318,403.775,403.75
1.0,223,7,57584.708269846,57584.868247917,403.745,403.775
-1.0,1370,32,57584.91388857,57585.035192542,403.775,403.755
1.0,8,1,57585.061851304,57585.061851304,403.75,403.75
-1.0,100,1,57585.12445113,57585.12445113,403.76,403.755
1.0,110,2,57585.169641956,57585.169641956,403.75,403.755
-1.0,796,20,57585.17785591,57585.203514805,403.77,403.74
1.0,110,2,57585.207487881,57585.207487881,403.735,403.74
-1.0,447,10,57585.423190388,57585.425375004,403.76,403.74
1.0,50,1,57585.426866775,57585.426866775,403.74,403.745
-1.0,100,1,57585.42714953,57585.42714953,403.75,403.745
1.0,140,4,57585.471888393,57585.480885057,403.755,403.77
-1.0,104,6,57585.49084479,57585.600553274,403.78,403.765
1.0,100,2,57585.638741012,57585.638741012,403.765,403.765
-1.0,1432,25,57585.7831979,57585.909250489,403.775,403.75
1.0,141,4,57585.911856328,57585.970334164,403.74,403.745
-1.0,230,8,57586.01982328,57586.024252017,403.755,403.745
1.0,100,1,57586.099819969,57586.099819969,403.76,403.765
-1.0,59,1,57586.206403536,57586.206403536,403.77,403.77
1.0,215,6,57586.277016787,57586.406647567,403.77,403.775
-1.0,3,1,57586.470294319,57586.470294319,403.78,403.78
1.0,562,13,57586.540368793,57586.957107532,403.775,403.8
-1.0,351,15,57587.060146574,57587.068045689,403.8,403.77
1.0,523,17,57587.190761486,57587.633276976,403.77,403.82
-1.0,14,1,57587.648405319,57587.648405319,403.82,403.815
1.0,69,2,57587.739074353,57587.739074353,403.81,403.815
-1.0,200,2,57587.773616468,57587.774068303,403.82,403.805
1.0,286,6,57587.959862074,57587.959884021,403.8,403.81
-1.0,152,3,57587.985856281,57587.985856281,403.815,403.81
1.0,150,2,57588.006516953,57588.006516953,403.805,403.81
-1.0,1063,33,57588.055043456,57588.055064469,403.8,403.78
1.0,110,3,57588.055748958,57588.055748958,403.76,403.77
-1.0,631,1,57588.055848325,57588.055848325,403.785,403.785
1.0,751,15,57588.426774612,57588.808879228,403.795,403.81
-1.0,150,2,57588.819998162,57588.819998162,403.815,403.81
1.0,13,2,57588.873589718,57589.013795924,403.8,403.805
-1.0,123,6,57589.093181892,57589.093181892,403.79,403.785
1.0,300,12,57589.279035459,57589.844694513,403.775,403.79
-1.0,15,2,57589.844749615,57589.844868788,403.795,403.795
1.0,239,7,57589.87240584,57590.055556131,403.79,403.795
-1.0,1262,11,57590.108328123,57590.115351572,403.795,403.765
1.0,113,3,57590.130171422,57590.130171422,403.765,403.765
-1.0,827,19,57590.320693705,57590.532349599,403.775,403.755
1.0,4,1,57590.57565352,57590.57565352,403.75,403.75
-1.0,1497,18,57590.634693152,57590.724383979,403.75,403.7
1.0,100,2,57590.725040333,57590.725069072,403.695,403.7
-1.0,1313,14,57590.733110929,57590.827919344,403.7,403.665
1.0,50,3,57590.828501875,57590.828536265,403.655,403.66
-1.0,450,7,57590.829315879,57590.832078014,403.665,403.645
1.0,32,1,57590.832378003,57590.832378003,403.63,403.64
-1.0,58,2,57590.835057753,57590.835057753,403.635,403.635
1.0,101,2,57590.836788113,57590.837897194,403.63,403.64
-1.0,7,1,57590.838886645,57590.838886645,403.64,403.635
1.0,100,1,57590.839220822,57590.839220822,403.625,403.63
-1.0,1110,14,57590.841517391,57590.951462465,403.645,403.625
1.0,31,1,57590.96984033,57590.96984033,403.615,403.615
-1.0,251,7,57590.991917439,57591.052153609,403.64,403.61
1.0,156,2,57591.107150294,57591.107830618,403.625,403.645
-1.0,960,6,57591.150331298,57591.154471497,403.645,403.635
1.0,40,2,57591.308618374,57591.309459997,403.64,403.655
-1.0,420,8,57591.323158307,57591.351768896,403.66,403.645
1.0,33,1,57591.423667274,57591.423667274,403.655,403.655
-1.0,1020,18,57591.430935298,57591.673565674,403.67,403.615
1.0,330,7,57591.674342691,57591.798812371,403.61,403.63
-1.0,1203,16,57591.815164664,57592.055398765,403.635,403.585
1.0,265,5,57592.068123898,57592.069544905,403.595,403.615
-1.0,2163,1,57592.069554313,57592.069554313,403.615,403.615
1.0,55,1,57592.069753634,57592.069753634,403.62,403.62
-1.0,373,8,57592.073799172,57592.213137036,403.625,403.61
1.0,28,2,57592.254301651,57592.276997046,403.605,403.61
-1.0,150,2,57592.60958218,57592.60958218,403.63,403.625
1.0,908,16,57592.650810448,57593.026890598,403.61,403.64
-1.0,234,4,57593.029742658,57593.044977729,403.645,403.64
1.0,315,9,57593.046632959,57593.333596665,403.64,403.64
-1.0,70,2,57593.333673853,57593.33389491,403.645,403.64
1.0,242,4,57593.334832584,57593.360529545,403.64,403.65
-1.0,27,1,57593.360568707,57593.360568707,403.655,403.655
1.0,428,5,57593.402905921,57593.40293525,403.655,403.66
-1.0,210,3,57593.407583667,57593.407583667,403.67,403.665
1.0,318,9,57593.424556652,57593.599012035,403.65,403.66
-1.0,56,1,57593.671657044,57593.671657044,403.655,403.655
1.0,542,8,57593.721470023,57593.798650198,403.655,403.67
-1.0,60,2,57593.80018103,57593.80018103,403.675,403.67
1.0,249,5,57593.801087175,57593.893527352,403.665,403.67
-1.0,769,5,57593.899378717,57593.91833557,403.705,403.69
1.0,13,1,57593.973148221,57593.973148221,403.695,403.695
-1.0,10764,24,57594.101242271,57594.101893875,403.705,403.695
1.0,47,1,57594.102147426,57594.102147426,403.685,403.685
-1.0,512,3,57594.158222794,57594.194571114,403.68,403.66
1.0,150,2,57594.202004885,57594.202004885,403.66,403.665
-1.0,170,4,57594.297910651,57594.301987302,403.66,403.635
1.0,200,3,57594.306947902,57594.33977635,403.63,403.645
-1.0,1181,17,57594.340133004,57595.022830515,403.655,403.595
1.0,303,8,57595.126907358,57595.127228214,403.595,403.63
-1.0,400,4,57595.129173618,57595.130596815,403.635,403.625
1.0,488,7,57595.154145401,57595.15415175,403.62,403.63
-1.0,231,8,57595.15572752,57595.177815515,403.645,403.625
1.0,200,2,57595.211019769,57595.211019769,403.625,403.63
-1.0,124,2,57595.213103091,57595.292310076,403.64,403.64
1.0,100,2,57595.400827199,57595.400827199,403.635,403.64
-1.0,2,1,57595.421005846,57595.421005846,403.645,403.645
1.0,510,9,57595.599085022,57595.801215839,403.645,403.66
-1.0,100,2,57595.80203395,57595.802225657,403.665,403.66
1.0,268,6,57595.897353424,57596.00296615,403.66,403.69
-1.0,400,3,57596.028894443,57596.030644867,403.7,403.69
1.0,248,6,57596.20775702,57596.401317808,403.705,403.715
-1.0,1212,6,57596.401797141,57596.455627613,403.72,403.665
1.0,36,2,57596.489888552,57596.489918567,403.65,403.655
-1.0,200,2,57596.492824882,57596.492824882,403.665,403.66
1.0,210,6,57596.599623814,57596.803165816,403.655,403.665
-1.0,100,1,57596.803199349,57596.803199349,403.67,403.665
1.0,150,2,57597.00307535,57597.00307535,403.645,403.65
-1.0,1009,12,57597.003733818,57597.049104836,403.655,403.595
1.0,310,16,57597.061270421,57597.068095222,403.605,403.61
-1.0,8,1,57597.068130421,57597.068130421,403.615,403.615
1.0,247,3,57597.068157106,57597.068384078,403.615,403.625
-1.0,5,2,57597.071016716,57597.074618297,403.63,403.63
1.0,1,1,57597.077467537,57597.077467537,403.63,403.63
-1.0,459,9,57597.078224996,57597.170638879,403.635,403.625
1.0,315,6,57597.20219323,57597.248380157,403.63,403.64
-1.0,100,2,57597.260644213,57597.260644213,403.64,403.64
1.0,578,10,57597.305112223,57597.311551566,403.63,403.63
-1.0,59,1,57597.312161917,57597.312161917,403.63,403.63
1.0,4,2,57597.312631681,57597.315149894,403.63,403.63
-1.0,10,1,57597.333030912,57597.333030912,403.625,403.615
1.0,200,3,57597.401570839,57597.401570839,403.59,403.6
-1.0,300,1,57597.407849213,57597.407849213,403.605,403.6
1.0,738,8,57597.602833726,57597.654134048,403.585,403.605
-1.0,439,4,57597.662787869,57597.743562754,403.61,403.6
1.0,284,4,57597.802594856,57597.803864676,403.59,403.61
-1.0,600,6,57598.003402322,57598.005169201,403.62,403.61
1.0,200,2,57598.006761038,57598.006761038,403.6,403.605
-1.0,346,8,57598.008807495,57598.038843308,403.605,403.57
1.0,316,7,57598.056786744,57598.400782712,403.56,403.6
-1.0,162,3,57598.409659382,57598.409659382,403.605,403.605
1.0,250,3,57598.59968203,57598.599690476,403.59,403.595
-1.0,364,4,57598.687933408,57598.84235573,403.59,403.575
1.0,656,8,57599.003315571,57599.005010503,403.575,403.61
-1.0,150,3,57599.008648946,57599.021572844,403.615,403.585
1.0,400,2,57599.2093171,57599.2093171,403.58,403.59
-1.0,776,10,57599.27580573,57599.323017509,403.625,403.595
1.0,1100,2,57599.400841792,57599.40145864,403.595,403.615
-1.0,150,3,57599.405688968,57599.418430036,403.625,403.61
1.0,13020,22,57599.441413409,57599.546846522,403.62,403.69
-1.0,72,3,57599.550481958,57599.551497806,403.695,403.695
1.0,3330,19,57599.593593766,57599.605137826,403.695,403.765
-1.0,81,2,57599.605188444,57599.606183918,403.78,403.795
1.0,352,6,57599.624624767,57599.825409521,403.795,403.815
-1.0,459,7,57599.833998122,57599.880385184,403.815,403.785
1.0,723,8,57599.917648253,57599.940758317,403.785,403.805
-1.0,2371,32,57599.940801324,57600.285000546,403.84,403.71
1.0,967,10,57600.285024804,57600.572264022,403.565,403.545
-1.0,2700,38,57601.303814868,57615.115255075,403.545,402.625
1.0,2116,8,57618.161333415,57632.763657351,402.625,403.3
-1.0,2460,20,57632.766971673,57655.999966869,403.44,403.09
1.0,744,8,57657.0981265,57657.104179944,403.17,403.555
-1.0,30,1,57663.511765863,57663.511765863,403.565,403.39
1.0,60,1,57663.515192756,57663.515192756,403.185,403.185
-1.0,5,1,57677.094368241,57677.094368241,403.565,403.385
1.0,789,6,57677.09440111,57698.479811218,403.105,403.665
-1.0,400,3,57700.283786456,57700.283786456,403.665,403.44
1.0,1045,17,57702.624628425,57725.209406906,403.385,403.505
-1.0,200,5,57730.000922287,57730.533409304,403.815,403.505
1.0,498,18,57751.951155131,57772.6235331,403.76,403.405
-1.0,398,10,57810.822365521,57835.553708128,403.93,403.375
1.0,1078,12,57849.752845363,57880.284500244,403.205,403.385
-1.0,365,6,57904.901864,57952.998227783,403.825,403.115
1.0,326,3,57952.998252814,57953.239508121,403.06,403.39
-1.0,541,9,57954.999970368,57955.999953979,403.195,402.755
1.0,157,2,57957.534230019,57957.534230019,402.755,402.755
-1.0,250,1,57962.14223561,57962.14223561,403.425,403.18
1.0,630,4,57962.67104773,57977.451869828,402.755,403.26
-1.0,1,1,57991.428241446,57991.428241446,403.48,403.435
1.0,400,1,58023.300518911,58023.300518911,403.295,403.46
-1.0,2024,16,58023.300551169,58059.499971638,403.575,403.615
1.0,35,1,58059.712762682,58059.712762682,403.615,403.615
-1.0,1153,5,58060.499955126,58062.847144302,403.615,403.5
1.0,1205,8,58086.415941991,58102.671756682,403.695,403.69
-1.0,5,1,58104.499968022,58104.499968022,403.84,403.69
1.0,153,3,58112.741235687,58112.741235687,403.7,403.755
-1.0,147,4,58112.741572899,58112.742085176,404.05,403.755
1.0,110,5,58121.680905377,58133.363375236,403.755,403.89
-1.0,2,1,58133.499966162,58133.499966162,403.89,403.655
1.0,6,2,58139.391156996,58139.613399062,403.64,403.64
-1.0,3,1,58150.999966847,58150.999966847,403.985,403.755
1.0,44,2,58152.838535225,58153.35289459,403.67,403.67
-1.0,50,1,58153.633724671,58153.633724671,403.915,403.67
1.0,645,8,58154.86376082,58156.753158008,403.565,403.67
-1.0,100,1,58162.355708453,58162.355708453,403.455,403.35
1.0,86,2,58163.197339035,58164.721347759,403.225,403.305
-1.0,100,2,58164.785997085,58164.789496576,403.305,403.545
1.0,452,2,58164.791011167,58164.791023066,403.18,403.545
-1.0,67,1,58166.288592382,58166.288592382,403.545,403.545
1.0,200,2,58178.868830476,58178.868830476,403.545,403.695
-1.0,129,2,58178.868986701,58178.869067842,404.08,403.775
1.0,100,2,58188.398556484,58188.398570465,403.385,403.5
-1.0,1,1,58207.423038442,58207.423038442,403.92,403.875
1.0,187,3,58269.919603315,58273.490444727,403.67,403.88
-1.0,141,4,58273.491998234,58273.826881465,403.99,403.88
1.0,14,1,58282.805840497,58282.805840497,403.72,403.905
-1.0,35,1,58294.360866858,58294.360866858,404.095,403.905
1.0,195,3,58327.435909993,58342.187479551,403.855,403.97
-1.0,386,8,58342.187900501,58356.661425077,404.215,404.215
1.0,22,2,58357.342867651,58357.342867651,403.97,404.075
-1.0,101,7,58363.156563849,58382.954405928,404.345,404.345
1.0,2,1,58386.59859415,58386.59859415,404.27,404.27
-1.0,13,1,58387.147801316,58387.147801316,404.27,404.27
1.0,50,1,58387.966165592,58387.966165592,404.27,404.27
-1.0,24,4,58399.947672854,58408.692184068,404.27,404.095
1.0,198,1,58411.623935783,58411.623935783,404.005,404.22
-1.0,12,1,58414.76905811,58414.76905811,404.22,404.17
1.0,362,7,58414.771327634,58415.625301747,403.95,404.17
-1.0,3,2,58442.836461484,58442.982938922,404.32,404.32
1.0,100,1,58452.979431477,58452.979431477,404.245,404.32
-1.0,71,6,58458.390867697,58493.404980394,404.365,404.355
1.0,456,11,58504.07360128,58557.241969747,404.355,404.675
-1.0,144,1,58557.242200522,58557.242200522,404.81,404.695
1.0,308,6,58564.495136231,58566.299034653,404.73,404.745
-1.0,4,1,58566.300194637,58566.300194637,404.85,404.845
1.0,41,3,58566.300510668,58566.300510668,404.73,404.745
-1.0,2,1,58566.301104555,58566.301104555,404.85,404.745
1.0,12,1,58566.845076778,58566.845076778,404.745,404.745
-1.0,6,4,58567.903160428,58567.906437366,404.85,404.845
1.0,78,1,58567.906453892,58567.906453892,404.845,404.875
-1.0,26,7,58577.692061715,58580.300592009,404.84,404.71
1.0,6,2,58580.806069972,58580.806069972,404.71,404.77
-1.0,228,6,58580.806745477,58585.68416302,404.84,404.695
1.0,100,1,58588.928677037,58588.928677037,404.565,404.695
-1.0,343,11,58607.492438037,58619.788702113,404.845,404.825
1.0,181,5,58620.011930348,58622.024258462,404.825,404.825
-1.0,39,1,58622.455251597,58622.455251597,404.825,404.825
1.0,123,4,58623.493386929,58626.256906159,404.825,404.9
-1.0,37,1,58627.86051773,58627.86051773,404.96,404.9
1.0,38,5,58629.368621416,58653.074054614,404.9,404.9
-1.0,112,4,58658.82106759,58673.940477738,404.865,404.65
1.0,15,2,58674.321779635,58676.814879362,404.645,404.645
-1.0,11,2,58682.943956047,58688.029463455,404.83,404.82
1.0,33,1,58695.410908486,58695.410908486,404.82,404.85
-1.0,50,1,58699.387833524,58699.387833524,404.875,404.85
1.0,23,4,58705.943989428,58714.762053607,404.85,404.875
-1.0,80,2,58715.308035475,58715.308035475,404.915,404.89
1.0,113,1,58720.058182806,58720.058182806,404.915,404.915
-1.0,1,1,58729.369701546,58729.369701546,404.945,404.915
1.0,202,3,58742.244628441,58757.927566547,404.855,404.915
-1.0,105,4,58773.838894328,58778.678754304,404.915,404.915
1.0,6,1,58779.872670305,58779.872670305,404.915,404.915
-1.0,1,1,58784.393106896,58784.393106896,404.95,404.94
1.0,96,1,58786.423988732,58786.423988732,404.915,404.915
-1.0,50,3,58795.012056256,58796.456665245,404.94,404.915
1.0,97,3,58812.295400878,58812.308186128,404.935,404.95
-1.0,268,2,58814.357339908,58814.601157394,404.985,404.95
1.0,30,3,58818.451060176,58822.887200569,404.905,404.95
-1.0,407,9,58824.352007204,58865.195483231,404.95,404.915
1.0,61,2,58868.901757061,58873.728724732,404.875,404.885
-1.0,196,5,58874.74232726,58928.768037014,404.915,404.675
1.0,400,17,58930.476330726,59009.772785826,404.675,404.915
-1.0,11,2,59023.140408243,59025.639299725,404.94,404.925
1.0,10,1,59034.647844811,59034.647844811,404.96,404.965
-1.0,6,1,59035.994173403,59035.994173403,404.965,404.915
1.0,475,10,59039.075972206,59045.30859439,404.915,405.0
-1.0,2,2,59096.809132902,59100.101617359,405.11,405.075
1.0,3,2,59108.925737606,59108.925737606,405.075,405.1
-1.0,84,5,59130.457095729,59132.520399812,405.05,404.8
1.0,124,4,59133.261423671,59134.867600124,404.965,405.065
-1.0,90,1,59137.184843875,59137.184843875,405.065,405.065
1.0,50,2,59140.803789161,59140.803806935,404.855,405.065
-1.0,251,3,59153.703163445,59171.368026219,405.14,404.75
1.0,210,5,59172.670209261,59293.850099209,404.925,405.215
-1.0,2,1,59300.459679603,59300.459679603,405.23,405.215
1.0,52,7,59326.797759469,59352.173866995,405.215,405.31
-1.0,30,2,59354.383988104,59354.383988104,405.4,405.375
1.0,99,1,59354.492371116,59354.492371116,405.275,405.375
-1.0,115,5,59355.489735974,59367.633499007,405.45,405.345
1.0,55,3,59400.044964923,59400.045091962,405.345,405.375
-1.0,199,7,59404.704658777,59407.95363343,405.43,405.33
1.0,441,9,59421.302583745,59426.651132413,405.325,405.4
-1.0,100,1,59430.18237891,59430.18237891,405.475,405.475
1.0,786,12,59434.407430629,59434.422197466,405.475,405.69
-1.0,115,3,59434.781495569,59445.45158131,405.78,405.465
1.0,1,1,59454.428277938,59454.428277938,405.47,405.615
-1.0,10,1,59485.877398041,59485.877398041,405.8,405.65
1.0,1,1,59495.06168427,59495.06168427,405.48,405.65
-1.0,959,20,59506.810206157,59599.359112392,405.815,405.445
1.0,2,1,59607.971489074,59607.971489074,405.445,405.445
-1.0,70,3,59610.541181578,59610.541181578,405.445,405.445
1.0,149,7,59613.885290479,59636.690345299,405.445,405.505
-1.0,292,3,59638.472829942,59638.472829942,405.505,405.425
1.0,145,4,59665.648011685,59666.712584175,405.55,405.705
-1.0,184,3,59666.712738828,59713.339129036,405.79,405.68
1.0,518,9,59713.9401903,59737.539085507,405.68,405.89
-1.0,500,8,59745.982823358,59790.599027982,405.915,405.73
1.0,109,2,59800.991242258,59811.906415993,405.63,405.72
-1.0,2,1,59814.809111245,59814.809111245,405.73,405.72
1.0,531,10,59821.975519962,59843.89405176,405.725,405.95
-1.0,6,1,59843.894194739,59843.894194739,405.94,405.94
1.0,135,2,59843.894498743,59851.879755352,405.94,405.955
-1.0,5,1,59853.97957269,59853.97957269,405.955,405.955
1.0,2,1,59861.82739417,59861.82739417,405.96,405.96
-1.0,387,10,59867.761990502,59886.592519845,405.92,405.84
1.0,181,2,59899.396381875,59903.598131266,405.87,405.9
-1.0,10,1,59906.027996666,59906.027996666,405.93,405.9
1.0,298,11,59911.341075679,59938.342543994,405.87,405.95
-1.0,105,3,59943.879227306,59949.28736573,405.95,405.885
1.0,544,16,59964.180328846,60015.004915731,405.9,405.955
-1.0,1,1,60026.894910479,60026.894910479,405.955,405.955
1.0,1300,33,60039.343170881,60055.779823251,405.955,406.655
-1.0,24,1,60056.537736811,60056.537736811,406.655,406.655
1.0,151,7,60063.737808132,60073.435888411,406.655,406.735
-1.0,379,7,60077.323560827,60077.625770648,406.71,406.315
1.0,50,1,60086.135978563,60086.135978563,406.575,406.575
-1.0,1,1,60087.356661462,60087.356661462,406.575,406.575
1.0,50,2,60089.140969993,60093.810383209,406.58,406.69
-1.0,2,2,60102.671146193,60114.190929368,406.695,406.585
1.0,534,9,60149.913036342,60165.633265754,406.15,406.49
-1.0,110,2,60165.971253669,60165.97132516,406.49,406.395
1.0,200,2,60166.056419841,60166.056419841,406.39,406.445
-1.0,111,3,60166.519332555,60169.956829145,406.45,406.455
1.0,114,3,60172.203546678,60172.714919433,406.405,406.4
-1.0,70,1,60177.287282522,60177.287282522,406.4,406.4
1.0,71,3,60181.55126068,60198.874954764,406.355,406.405
-1.0,14,3,60235.309028005,60278.189893324,406.54,406.575
1.0,1,1,60290.974185429,60290.974185429,406.53,406.55
-1.0,984,22,60296.768067997,60449.717657543,406.525,406.105
1.0,2,1,60449.960824182,60449.960824182,406.055,406.055
-1.0,2,1,60464.221957415,60464.221957415,406.055,406.055
1.0,370,5,60465.622271949,60467.12148559,406.055,406.17
-1.0,642,17,60467.578070053,60492.358831861,406.17,406.06
1.0,200,4,60493.452449725,60493.452490177,406.02,406.045
-1.0,65,1,60494.073660546,60494.073660546,406.045,406.045
1.0,810,13,60498.961346352,60514.419690288,406.045,406.295
-1.0,225,6,60538.236649965,60544.208391813,406.3,406.255
1.0,200,2,60553.67647885,60553.67647885,406.255,406.285
-1.0,575,8,60554.240124974,60559.275411045,406.33,406.33
1.0,326,9,60569.652662856,60576.828680829,406.375,406.52
-1.0,12,1,60585.869188971,60585.869188971,406.545,406.545
1.0,100,1,60588.935996187,60588.935996187,406.56,406.57
-1.0,75,1,60588.937396044,60588.937396044,406.59,406.59
1.0,6,2,60596.086717514,60596.086717514,406.595,406.67
-1.0,23,2,60599.788566466,60601.554022335,406.67,406.67
1.0,104,2,60602.280941201,60611.806991779,406.655,406.735
-1.0,442,6,60614.863508319,60625.33922628,406.74,406.725
1.0,404,7,60625.832388634,60637.540570629,406.675,406.785
-1.0,28,1,60661.731298546,60661.731298546,406.79,406.79
1.0,30,1,60670.953285321,60670.953285321,406.815,406.815
-1.0,102,2,60683.949862968,60683.949906853,406.815,406.755
1.0,300,1,60684.335845462,60684.335845462,406.725,406.725
-1.0,156,7,60684.335885282,60686.890952478,406.725,406.445
1.0,200,1,60692.890411146,60692.890411146,406.515,406.515
-1.0,100,1,60692.890484536,60692.890484536,406.635,406.515
1.0,9180,13,60694.56077278,60733.525109172,406.475,406.6
-1.0,10,1,60734.446619441,60734.446619441,406.6,406.515
1.0,50,1,60774.128929493,60774.128929493,406.435,406.515
-1.0,47,1,60792.471258691,60792.471258691,406.615,406.605
1.0,32,2,60792.57166298,60795.006541838,406.605,406.605
-1.0,110,5,60812.87417751,60820.322814013,406.6,406.525
1.0,9,1,60820.452817018,60820.452817018,406.525,406.525
-1.0,95,2,60821.898403715,60822.21536822,406.465,406.45
1.0,19,1,60822.215622506,60822.215622506,406.45,406.45
-1.0,340,6,60824.057931699,60827.065264623,406.46,406.355
1.0,2,1,60827.640607057,60827.640607057,406.305,406.35
-1.0,1524,5,60828.084697881,60845.819834761,406.335,406.17
1.0,400,5,60845.820261311,60849.400216255,406.105,406.08
-1.0,6,2,60856.296793199,60856.296815552,406.085,406.085
1.0,89,1,60859.80358771,60859.80358771,406.085,406.085
-1.0,20,1,60863.013033375,60863.013033375,406.115,406.115
1.0,1270,11,60875.51970173,60887.115975829,406.115,406.14
-1.0,973,6,60890.49662784,60896.404084299,406.14,406.075
1.0,380,5,60899.219104837,60917.180685268,406.075,406.485
-1.0,101,2,60945.574049981,60945.574049981,406.225,406.22
1.0,79,1,60945.574302368,60945.574302368,406.155,406.22
-1.0,100,1,60945.57504557,60945.57504557,406.23,406.22
1.0,80,2,60946.943556146,60959.277007423,406.23,406.23
-1.0,308,9,60962.470401477,61061.637296181,406.365,406.265
1.0,475,11,61081.501936066,61109.986106982,406.275,406.465
-1.0,220,4,61119.452697097,61121.195546595,406.555,406.375
1.0,350,7,61124.511702824,61134.12275368,406.375,406.675
-1.0,752,13,61143.14901358,61175.034166689,406.585,406.43
1.0,100,1,61175.62595795,61175.62595795,406.365,406.37
-1.0,100,1,61175.626024163,61175.626024163,406.435,406.425
1.0,476,3,61175.627803158,61175.630133192,406.405,406.445
-1.0,141,2,61180.777448894,61180.777525737,406.505,406.465
1.0,1199,10,61180.778877295,61202.943751167,406.375,406.54
-1.0,292,7,61205.541846448,61224.414546321,406.585,406.465
1.0,276,5,61235.281899615,61249.431393276,406.47,406.585
-1.0,50,1,61249.663236473,61249.663236473,406.585,406.585
1.0,105,2,61259.312861789,61259.312861789,406.595,406.69
-1.0,1,1,61274.93388048,61274.93388048,406.64,406.615
1.0,511,12,61282.189387557,61345.592994335,406.59,406.805
-1.0,22,2,61350.005931704,61350.525528837,406.8,406.8
1.0,200,2,61351.791534766,61351.793510684,406.8,406.805
-1.0,1976,19,61356.500727856,61383.671371777,406.845,406.845
1.0,2717,36,61384.3807678,61384.763511567,406.845,406.995
-1.0,186,7,61395.467714283,61403.275373221,407.215,407.185
1.0,42,1,61410.688602377,61410.688602377,407.185,407.185
-1.0,26,3,61413.226907052,61430.266825966,407.215,407.185
1.0,100,1,61435.364159644,61435.364159644,407.18,407.21
-1.0,6,3,61435.916055929,61437.201473056,407.21,407.13
1.0,1,1,61438.432063659,61438.432063659,407.065,407.13
-1.0,30,2,61446.468734433,61446.47183072,407.13,407.13
1.0,20,1,61448.297387683,61448.297387683,407.055,407.13
-1.0,10,1,61460.936914257,61460.936914257,407.175,407.13
1.0,3,1,61463.885102741,61463.885102741,407.055,407.13
-1.0,517,8,61464.569930757,61525.544797985,407.13,407.145
1.0,100,1,61539.988352868,61539.988352868,407.135,407.145
-1.0,599,5,61539.992265415,61572.238131669,407.15,407.145
1.0,107,6,61573.619379874,61580.335287281,407.145,407.175
-1.0,651,9,61581.093593515,61581.093609874,407.18,407.14
1.0,97,1,61581.093717709,61581.093717709,407.14,407.14
-1.0,100,1,61583.81455356,61583.81455356,407.18,407.175
1.0,95,3,61584.090355585,61594.941667008,407.14,407.2
-1.0,472,5,61595.290044556,61601.678112988,407.19,407.16
1.0,970,7,61609.088768108,61609.952315428,407.185,407.3
-1.0,125,2,61610.599806466,61610.599809538,407.43,407.36
1.0,147,4,61610.600656411,61616.000941284,407.365,407.37
-1.0,36,3,61641.889439327,61646.183645472,407.43,407.425
1.0,156,8,61658.484967071,61658.484972266,407.39,407.41
-1.0,75,1,61658.487291164,61658.487291164,407.505,407.505
1.0,2,2,61658.487769877,61664.802899498,407.505,407.535
-1.0,100,2,61665.027314283,61668.903474786,407.535,407.44
1.0,50,2,61675.448181106,61675.448181106,407.44,407.44
-1.0,27,2,61680.264934436,61680.714263315,407.535,407.44
1.0,25,1,61683.365264792,61683.365264792,407.44,407.44
-1.0,5,2,61683.81592575,61684.458294394,407.525,407.44
1.0,3,1,61689.206641603,61689.206641603,407.445,407.47
-1.0,4,2,61704.679266057,61704.680012328,407.475,407.45
1.0,10,1,61708.632196735,61708.632196735,407.45,407.46
-1.0,328,10,61708.632254964,61753.239895321,407.485,407.24
1.0,200,3,61762.375167792,61782.794589841,407.245,407.29
-1.0,1513,20,61782.794797586,61848.536373719,407.335,407.395
1.0,31,3,61870.433746943,61872.869249488,407.35,407.395
-1.0,352,19,61874.442266721,61898.596432596,407.445,407.185
1.0,5,2,61929.135935898,61965.02165448,407.35,407.43
-1.0,302,13,61987.804350724,62026.555297149,407.43,407.4
1.0,857,14,62028.239007427,62117.504071836,407.35,407.34
-1.0,284,4,62133.230883077,62184.285157882,407.695,407.64
1.0,100,3,62200.822442621,62211.522163848,407.64,407.69
-1.0,282,10,62216.519643137,62229.407615815,407.72,407.69
1.0,6,2,62229.408390861,62229.40840749,407.605,407.605
-1.0,46,5,62243.047082996,62308.344686048,407.6,407.25
1.0,100,1,62311.797591249,62311.797591249,407.25,407.25
-1.0,117,5,62336.525378442,62378.323700781,407.615,407.25
1.0,7,3,62395.519509703,62440.435807345,407.305,407.51
-1.0,42,5,62453.867179947,62494.746068692,407.55,407.575
1.0,151,3,62496.782869693,62496.782869693,407.575,407.585
-1.0,183,8,62507.312527055,62725.914624883,407.585,407.105
1.0,100,1,62776.216086898,62776.216086898,407.03,407.11
-1.0,326,6,62800.013885965,62802.943493971,407.065,406.98
1.0,14,3,62802.994544576,62809.363602966,406.94,406.925
-1.0,3,1,62822.963426104,62822.963426104,406.98,406.845
1.0,335,2,62829.839533934,62839.287483685,406.745,406.845
-1.0,24,2,62839.309379175,62839.326585598,406.98,406.98
1.0,51,2,62860.956227022,62870.280229423,406.98,407.15
-1.0,123,3,62870.334697329,62871.350049045,407.15,407.15
1.0,10,1,62871.59697818,62871.59697818,407.15,407.175
-1.0,73,3,62871.695366701,62874.723967185,407.175,407.175
1.0,5,1,62876.217626686,62876.217626686,407.15,407.175
-1.0,32,7,62903.518003053,62979.481742855,407.52,407.04
1.0,59,3,63007.812481469,63022.582479434,407.03,407.04
-1.0,270,3,63042.361930734,63043.162120432,407.05,406.99
1.0,4,4,63046.811113312,63049.055300288,406.935,406.935
-1.0,1273,7,63049.254116727,63057.632144093,406.935,406.8
1.0,98,4,63058.443095091,63059.543774899,406.745,406.745
-1.0,50,1,63062.932728872,63062.932728872,406.935,406.935
1.0,16,1,63070.480590546,63070.480590546,406.89,406.945
-1.0,20,1,63076.347316929,63076.347316929,407.05,407.05
1.0,10,3,63081.171967703,63081.238826887,407.05,407.1
-1.0,3,2,63095.845878464,63099.063180915,407.105,407.105
1.0,12,1,63143.272637873,63143.272637873,407.105,407.4
-1.0,409,13,63152.418805421,63432.755802925,407.495,406.66
1.0,500,16,63440.641789107,63448.883879138,406.545,406.89
-1.0,661,8,63459.471895612,63519.345895381,406.78,406.69
1.0,100,3,63521.06925897,63525.271237942,406.525,406.69
-1.0,119,5,63526.735692999,63556.340592162,406.715,406.765
1.0,100,1,63566.060241238,63566.060241238,406.765,406.825
-1.0,400,8,63566.06084,63567.707567164,406.94,406.825
1.0,4,1,63571.93853536,63571.93853536,406.94,406.94
-1.0,393,18,63573.925185721,63587.849973957,406.94,406.95
1.0,25,1,63599.538411087,63599.538411087,406.93,406.955
-1.0,176,5,63616.676750009,63623.043876069,406.955,406.955
1.0,10,1,63624.854014308,63624.854014308,406.955,406.955
-1.0,99,2,63626.343029613,63626.343029613,406.955,406.955
1.0,55,1,63630.09254743,63630.09254743,406.97,406.97
-1.0,35,4,63630.956797755,63632.28889131,406.975,406.98
1.0,131,1,63636.692009588,63636.692009588,406.94,407.055
-1.0,130,7,63636.745078368,63640.119686855,407.115,407.12
1.0,5,1,63675.999520105,63675.999520105,407.19,407.325
-1.0,11,3,63687.686299328,63720.312952612,407.325,407.125
1.0,1,1,63865.658342427,63865.658342427,406.75,406.95
-1.0,147,4,63886.41275519,63985.459017003,406.97,407.035
1.0,451,12,64053.152389434,64118.984740732,406.775,406.85
-1.0,19,3,64168.135312157,64168.135312157,406.85,406.775
1.0,175,4,64172.209215392,64198.924183851,406.775,406.8
-1.0,183,2,64218.534838264,64222.618576197,406.895,406.8
1.0,158,7,64233.908253665,64329.1922636,406.8,406.995
-1.0,503,5,64434.951802418,64496.757636084,407.04,406.75
1.0,25,1,64502.318077268,64502.318077268,406.58,406.755
-1.0,434,10,64690.793659071,64945.825255704,406.825,406.8
1.0,11,1,64955.541393984,64955.541393984,406.64,406.64
-1.0,5,1,64975.643025168,64975.643025168,406.64,406.59
1.0,264,2,65063.998896809,65065.874321946,406.55,406.53
-1.0,2,2,65123.089177032,65128.488082007,406.605,406.59
1.0,37,2,65188.621912967,65188.621912967,406.55,406.75
-1.0,544,7,65188.65705049,65267.374937311,406.875,406.75
1.0,130,5,65320.531920114,65358.806582216,406.64,406.75
-1.0,55,4,65394.589540199,65396.417650912,406.825,406.75
1.0,20,1,65465.813594992,65465.813594992,406.66,406.81
-1.0,11,2,65525.705636814,65617.945979907,406.855,406.8
1.0,519,22,65791.101319495,66542.587586239,406.7,407.025
-1.0,20,1,66607.524729609,66607.524729609,407.125,407.025
1.0,81,1,66613.579849845,66613.579849845,406.805,407.025
-1.0,50,4,66829.232970696,66845.665556868,407.1,407.0
1.0,139,5,67101.042122115,67112.822210273,407.06,407.105
-1.0,101,2,67119.368025819,67158.934681401,407.105,407.0
1.0,101,4,67260.468710021,67379.532024431,406.855,407.035
-1.0,81,4,67556.418185294,67600.14395348,407.2,407.125
1.0,4,2,67673.936788699,67676.18616301,407.07,407.07
-1.0,9,1,67716.055383807,67716.055383807,407.07,407.07
1.0,16,4,67930.403340073,68157.051524685,407.05,407.12
-1.0,275,4,68230.039573798,68312.642677239,407.13,407.13
